property_id,source_name,region_norm,anomaly_score,is_anomaly,fraud_score,fraud_flags,regional_context,model_version
tunisieannonce_bf62490bab22,tunisieannonce,tunis,0.168,False,3.36,[],"{""model_used"": ""tunis""}",isolation_forest_v2
mubawab_8309582,mubawab,tunis,0.0706,False,19.6,"[""no_images_high_price"", ""description_too_short""]","{""model_used"": ""tunis""}",isolation_forest_v2
affare_254124,affare,tunis,0.1234,False,7.81,[],"{""model_used"": ""tunis""}",isolation_forest_v2
tunisieannonce_afe994372718,tunisieannonce,tunis,0.0791,False,17.06,[],"{""model_used"": ""tunis""}",isolation_forest_v2
tunisieannonce_a77853c45490,tunisieannonce,tunis,0.1622,False,3.75,[],"{""model_used"": ""tunis""}",isolation_forest_v2
affare_259199,affare,tunis,0.0481,False,27.66,[],"{""model_used"": ""tunis""}",isolation_forest_v2
tunisieannonce_a594db9e20d5,tunisieannonce,tunis,0.1356,False,6.23,[],"{""model_used"": ""tunis""}",isolation_forest_v2
affare_258672,affare,tunis,0.0856,False,15.29,[],"{""model_used"": ""tunis""}",isolation_forest_v2
century21_a1a09a825273,century21,tunis,0.0066,False,46.72,"[""no_images_high_price""]","{""model_used"": ""tunis""}",isolation_forest_v2
affare_259200,affare,tunis,0.0947,False,13.07,[],"{""model_used"": ""tunis""}",isolation_forest_v2
tunisieannonce_0ff7ae1b5e1e,tunisieannonce,tunis,0.1235,False,7.8,[],"{""model_used"": ""tunis""}",isolation_forest_v2
affare_259194,affare,tunis,0.159,False,3.99,[],"{""model_used"": ""tunis""}",isolation_forest_v2
affare_259193,affare,tunis,0.0407,False,30.7,[],"{""model_used"": ""tunis""}",isolation_forest_v2
tunisieannonce_0f72d51de091,tunisieannonce,tunis,0.1132,False,9.42,[],"{""model_used"": ""tunis""}",isolation_forest_v2
tunisieannonce_0f34ccae32a6,tunisieannonce,tunis,0.1828,False,2.52,[],"{""model_used"": ""tunis""}",isolation_forest_v2
affare_259299,affare,tunis,0.0772,False,17.6,[],"{""model_used"": ""tunis""}",isolation_forest_v2
mubawab_8323438,mubawab,tunis,0.0644,False,21.61,"[""no_images_high_price"", ""description_too_short""]","{""model_used"": ""tunis""}",isolation_forest_v2
affare_259307,affare,tunis,0.1285,False,7.11,[],"{""model_used"": ""tunis""}",isolation_forest_v2
affare_259425,affare,tunis,0.1105,False,9.89,[],"{""model_used"": ""tunis""}",isolation_forest_v2
affare_259419,affare,tunis,0.0614,False,22.66,[],"{""model_used"": ""tunis""}",isolation_forest_v2
tunisieannonce_43e4d8cddfd7,tunisieannonce,tunis,0.0646,False,21.54,"[""no_images_high_price""]","{""model_used"": ""tunis""}",isolation_forest_v2
tunisieannonce_b8abb6a805e1,tunisieannonce,tunis,0.0498,False,26.96,"[""no_images_high_price""]","{""model_used"": ""tunis""}",isolation_forest_v2
tunisieannonce_b81b9d8c8ba6,tunisieannonce,tunis,0.1823,False,2.54,[],"{""model_used"": ""tunis""}",isolation_forest_v2
tunisieannonce_b84cb4c3f4fb,tunisieannonce,tunis,0.157,False,4.15,[],"{""model_used"": ""tunis""}",isolation_forest_v2
tunisieannonce_b88c8bf9ce17,tunisieannonce,tunis,0.1654,False,3.53,[],"{""model_used"": ""tunis""}",isolation_forest_v2
tunisieannonce_b893c2e92139,tunisieannonce,tunis,0.116,False,8.95,[],"{""model_used"": ""tunis""}",isolation_forest_v2
tunisieannonce_b84e2934cda6,tunisieannonce,tunis,0.1186,False,8.53,[],"{""model_used"": ""tunis""}",isolation_forest_v2
tunisieannonce_b9a30b7d42b1,tunisieannonce,tunis,-0.0717,True,80.75,"[""no_images_high_price""]","{""model_used"": ""tunis""}",isolation_forest_v2
tunisieannonce_b91ee3b67881,tunisieannonce,tunis,0.1739,False,3.0,[],"{""model_used"": ""tunis""}",isolation_forest_v2
tunisieannonce_b93550753cf2,tunisieannonce,tunis,0.1705,False,3.2,[],"{""model_used"": ""tunis""}",isolation_forest_v2
tunisieannonce_b949cbb58cb0,tunisieannonce,tunis,0.1147,False,9.16,"[""no_images_high_price""]","{""model_used"": ""tunis""}",isolation_forest_v2
tunisieannonce_b96792813927,tunisieannonce,tunis,0.1755,False,2.9,[],"{""model_used"": ""tunis""}",isolation_forest_v2
tunisieannonce_b9a3bab8143d,tunisieannonce,tunis,0.179,False,2.71,[],"{""model_used"": ""tunis""}",isolation_forest_v2
tunisieannonce_b92e362ba16f,tunisieannonce,tunis,0.1014,False,11.64,[],"{""model_used"": ""tunis""}",isolation_forest_v2
tunisieannonce_b91e0636dc89,tunisieannonce,tunis,-0.0682,True,79.63,"[""rooms_surface_inconsistent""]","{""model_used"": ""tunis""}",isolation_forest_v2
tunisieannonce_ba1b6ac3f7a7,tunisieannonce,tunis,0.1177,False,8.67,[],"{""model_used"": ""tunis""}",isolation_forest_v2
tunisieannonce_b9daf9c3a84c,tunisieannonce,tunis,0.1346,False,6.34,[],"{""model_used"": ""tunis""}",isolation_forest_v2
tunisieannonce_ba2326f25f90,tunisieannonce,tunis,0.097,False,12.55,"[""no_images_high_price""]","{""model_used"": ""tunis""}",isolation_forest_v2
tunisieannonce_b9ad3aed4f63,tunisieannonce,tunis,0.0978,False,12.39,"[""no_images_high_price""]","{""model_used"": ""tunis""}",isolation_forest_v2
tunisieannonce_b9b93dbde4fb,tunisieannonce,tunis,0.16,False,3.92,[],"{""model_used"": ""tunis""}",isolation_forest_v2
tunisieannonce_b9a69916262b,tunisieannonce,tunis,0.1751,False,2.92,[],"{""model_used"": ""tunis""}",isolation_forest_v2
tunisieannonce_b9c0cca6a6d0,tunisieannonce,tunis,0.1738,False,3.0,"[""no_images_high_price""]","{""model_used"": ""tunis""}",isolation_forest_v2
tunisieannonce_bae8f9e80dc3,tunisieannonce,tunis,0.1617,False,3.79,[],"{""model_used"": ""tunis""}",isolation_forest_v2
tunisieannonce_ba2ed486b646,tunisieannonce,tunis,0.0947,False,13.08,"[""no_images_high_price""]","{""model_used"": ""tunis""}",isolation_forest_v2
tunisieannonce_baf74652c7a0,tunisieannonce,tunis,0.1734,False,3.02,[],"{""model_used"": ""tunis""}",isolation_forest_v2
tunisieannonce_be647a409cd8,tunisieannonce,tunis,0.0397,False,31.14,[],"{""model_used"": ""tunis""}",isolation_forest_v2
tunisieannonce_ba24549afa8f,tunisieannonce,tunis,0.1569,False,4.16,[],"{""model_used"": ""tunis""}",isolation_forest_v2
tunisieannonce_bb08906b6e5f,tunisieannonce,tunis,0.1152,False,9.08,"[""no_images_high_price""]","{""model_used"": ""tunis""}",isolation_forest_v2
tunisieannonce_baede9316909,tunisieannonce,tunis,0.1737,False,3.01,[],"{""model_used"": ""tunis""}",isolation_forest_v2
tunisieannonce_bae4cc19facb,tunisieannonce,tunis,0.1645,False,3.59,[],"{""model_used"": ""tunis""}",isolation_forest_v2
tunisieannonce_bfdb8c005f69,tunisieannonce,tunis,0.0426,False,29.91,[],"{""model_used"": ""tunis""}",isolation_forest_v2
tunisieannonce_bb86f131a14c,tunisieannonce,tunis,0.184,False,2.46,[],"{""model_used"": ""tunis""}",isolation_forest_v2
tunisieannonce_bb37955c6db6,tunisieannonce,tunis,0.1656,False,3.52,[],"{""model_used"": ""tunis""}",isolation_forest_v2
tunisieannonce_bb7774a57fb9,tunisieannonce,tunis,0.1819,False,2.56,[],"{""model_used"": ""tunis""}",isolation_forest_v2
tunisieannonce_bb94af359273,tunisieannonce,tunis,0.1706,False,3.19,[],"{""model_used"": ""tunis""}",isolation_forest_v2
tunisieannonce_bb0a01144f78,tunisieannonce,tunis,0.0812,False,16.47,[],"{""model_used"": ""tunis""}",isolation_forest_v2
tunisieannonce_bb60ae92cc53,tunisieannonce,tunis,0.0839,False,15.74,"[""no_images_high_price""]","{""model_used"": ""tunis""}",isolation_forest_v2
tunisieannonce_bb4f5c97bedb,tunisieannonce,tunis,0.1595,False,3.95,[],"{""model_used"": ""tunis""}",isolation_forest_v2
tunisieannonce_bb7cbf02a8c4,tunisieannonce,tunis,0.1442,False,5.3,"[""no_images_high_price""]","{""model_used"": ""tunis""}",isolation_forest_v2
tunisieannonce_bc685c9fdb76,tunisieannonce,tunis,-0.0324,True,65.66,"[""no_images_high_price""]","{""model_used"": ""tunis""}",isolation_forest_v2
tunisieannonce_bccf783b8b4f,tunisieannonce,tunis,0.1689,False,3.3,[],"{""model_used"": ""tunis""}",isolation_forest_v2
tunisieannonce_bbd3f3d62188,tunisieannonce,tunis,0.1569,False,4.15,[],"{""model_used"": ""tunis""}",isolation_forest_v2
tunisieannonce_bbfaf4480f90,tunisieannonce,tunis,0.0943,False,13.17,[],"{""model_used"": ""tunis""}",isolation_forest_v2
tunisieannonce_bc2240795d60,tunisieannonce,tunis,0.1649,False,3.57,[],"{""model_used"": ""tunis""}",isolation_forest_v2
tunisieannonce_bbc24f0ba468,tunisieannonce,tunis,0.1272,False,7.28,"[""no_images_high_price""]","{""model_used"": ""tunis""}",isolation_forest_v2
tunisieannonce_bc9fa0218254,tunisieannonce,tunis,0.1689,False,3.3,[],"{""model_used"": ""tunis""}",isolation_forest_v2
tunisieannonce_bc176c1143ae,tunisieannonce,tunis,0.147,False,5.02,[],"{""model_used"": ""tunis""}",isolation_forest_v2
tunisieannonce_bd6fced40db5,tunisieannonce,tunis,0.1514,False,4.62,"[""no_images_high_price""]","{""model_used"": ""tunis""}",isolation_forest_v2
tunisieannonce_bd880a7b7baa,tunisieannonce,tunis,0.0857,False,15.25,[],"{""model_used"": ""tunis""}",isolation_forest_v2
tunisieannonce_bdabf3d1438b,tunisieannonce,tunis,0.1035,False,11.21,"[""no_images_high_price""]","{""model_used"": ""tunis""}",isolation_forest_v2
tunisieannonce_bdb0ae4322f3,tunisieannonce,tunis,0.1181,False,8.61,[],"{""model_used"": ""tunis""}",isolation_forest_v2
tunisieannonce_bdc26f44286d,tunisieannonce,tunis,0.0275,False,36.58,[],"{""model_used"": ""tunis""}",isolation_forest_v2
tunisieannonce_bd7082879374,tunisieannonce,tunis,0.1332,False,6.52,"[""no_images_high_price""]","{""model_used"": ""tunis""}",isolation_forest_v2
tunisieannonce_be4ec2cd6195,tunisieannonce,tunis,0.0559,False,24.63,"[""no_images_high_price""]","{""model_used"": ""tunis""}",isolation_forest_v2
tunisieannonce_bde39a53b63d,tunisieannonce,tunis,0.0969,False,12.59,"[""no_images_high_price""]","{""model_used"": ""tunis""}",isolation_forest_v2
tunisieannonce_be6409751c52,tunisieannonce,tunis,0.1697,False,3.25,[],"{""model_used"": ""tunis""}",isolation_forest_v2
tunisieannonce_be5f2a5504e4,tunisieannonce,tunis,0.0543,False,25.22,"[""no_images_high_price""]","{""model_used"": ""tunis""}",isolation_forest_v2
tunisieannonce_bdc5bfd2276b,tunisieannonce,tunis,0.1502,False,4.72,"[""no_images_high_price""]","{""model_used"": ""tunis""}",isolation_forest_v2
tunisieannonce_c249e4c94009,tunisieannonce,tunis,0.1479,False,4.94,"[""no_images_high_price""]","{""model_used"": ""tunis""}",isolation_forest_v2
tunisieannonce_bdf1b4af19ba,tunisieannonce,tunis,0.1598,False,3.93,[],"{""model_used"": ""tunis""}",isolation_forest_v2
tunisieannonce_bde64b05195c,tunisieannonce,tunis,0.1751,False,2.93,[],"{""model_used"": ""tunis""}",isolation_forest_v2
tunisieannonce_be26e4cf7851,tunisieannonce,tunis,-0.0315,True,65.27,"[""no_images_high_price""]","{""model_used"": ""tunis""}",isolation_forest_v2
tunisieannonce_bee433ebe4cf,tunisieannonce,tunis,0.175,False,2.93,[],"{""model_used"": ""tunis""}",isolation_forest_v2
tunisieannonce_bea57c3e182a,tunisieannonce,tunis,0.1428,False,5.44,"[""no_images_high_price""]","{""model_used"": ""tunis""}",isolation_forest_v2
tunisieannonce_ca089202e44a,tunisieannonce,tunis,0.1463,False,5.09,[],"{""model_used"": ""tunis""}",isolation_forest_v2
tunisieannonce_bec7f1d31bb9,tunisieannonce,tunis,0.1605,False,3.88,[],"{""model_used"": ""tunis""}",isolation_forest_v2
tunisieannonce_be666b43701b,tunisieannonce,tunis,0.1859,False,2.37,[],"{""model_used"": ""tunis""}",isolation_forest_v2
tunisieannonce_beb1bc493c7c,tunisieannonce,tunis,0.1253,False,7.54,"[""no_images_high_price""]","{""model_used"": ""tunis""}",isolation_forest_v2
tunisieannonce_bf53f6998370,tunisieannonce,tunis,0.1602,False,3.91,[],"{""model_used"": ""tunis""}",isolation_forest_v2
tunisieannonce_bf6d96f96ddd,tunisieannonce,tunis,0.1265,False,7.37,[],"{""model_used"": ""tunis""}",isolation_forest_v2
tunisieannonce_bfdc853f3822,tunisieannonce,tunis,0.1454,False,5.18,[],"{""model_used"": ""tunis""}",isolation_forest_v2
tunisieannonce_bf6e4f628475,tunisieannonce,tunis,0.1214,False,8.11,[],"{""model_used"": ""tunis""}",isolation_forest_v2
tunisieannonce_bfd06f1a9049,tunisieannonce,tunis,0.1568,False,4.17,"[""no_images_high_price""]","{""model_used"": ""tunis""}",isolation_forest_v2
tunisieannonce_c002191db237,tunisieannonce,tunis,0.077,False,17.65,[],"{""model_used"": ""tunis""}",isolation_forest_v2
tunisieannonce_71038cd51427,tunisieannonce,tunis,0.1814,False,2.59,[],"{""model_used"": ""tunis""}",isolation_forest_v2
century21_02e0b379ff2b,century21,tunis,0.129,False,7.05,[],"{""model_used"": ""tunis""}",isolation_forest_v2
century21_00449ec77402,century21,tunis,0.1468,False,5.04,[],"{""model_used"": ""tunis""}",isolation_forest_v2
century21_031b69100d7d,century21,tunis,0.1072,False,10.49,[],"{""model_used"": ""tunis""}",isolation_forest_v2
century21_02d29ba7dc54,century21,tunis,0.0998,False,11.96,[],"{""model_used"": ""tunis""}",isolation_forest_v2
century21_084a6d73e689,century21,tunis,-0.035,True,66.8,"[""no_images_high_price""]","{""model_used"": ""tunis""}",isolation_forest_v2
century21_06bd1bf41367,century21,tunis,0.1277,False,7.22,[],"{""model_used"": ""tunis""}",isolation_forest_v2
century21_077f2decb003,century21,tunis,0.1257,False,7.49,[],"{""model_used"": ""tunis""}",isolation_forest_v2
century21_07c08a212998,century21,tunis,0.079,False,17.09,"[""no_images_high_price""]","{""model_used"": ""tunis""}",isolation_forest_v2
century21_0dd2bb14d722,century21,tunis,0.0598,False,23.22,[],"{""model_used"": ""tunis""}",isolation_forest_v2
century21_1aba80c46649,century21,tunis,-0.0647,True,78.48,"[""no_images_high_price"", ""price_too_high_for_region""]","{""model_used"": ""tunis""}",isolation_forest_v2
century21_0e6407551a27,century21,tunis,0.1148,False,9.14,[],"{""model_used"": ""tunis""}",isolation_forest_v2
century21_0e7abc0bd304,century21,tunis,0.0721,False,19.11,[],"{""model_used"": ""tunis""}",isolation_forest_v2
century21_0f8abe645aaa,century21,tunis,0.0703,False,19.67,[],"{""model_used"": ""tunis""}",isolation_forest_v2
tunisieannonce_435589163746,tunisieannonce,tunis,0.158,False,4.07,[],"{""model_used"": ""tunis""}",isolation_forest_v2
century21_121d339799e8,century21,tunis,0.1044,False,11.02,[],"{""model_used"": ""tunis""}",isolation_forest_v2
century21_11d02ac0f672,century21,tunis,0.1079,False,10.35,[],"{""model_used"": ""tunis""}",isolation_forest_v2
century21_11cb0fbf6950,century21,tunis,0.119,False,8.47,[],"{""model_used"": ""tunis""}",isolation_forest_v2
century21_1474ca3bef5d,century21,tunis,0.0789,False,17.1,[],"{""model_used"": ""tunis""}",isolation_forest_v2
tunisieannonce_505d29472b2a,tunisieannonce,tunis,0.1197,False,8.37,"[""no_images_high_price""]","{""model_used"": ""tunis""}",isolation_forest_v2
century21_196ff1aa5dc3,century21,tunis,0.0674,False,20.62,[],"{""model_used"": ""tunis""}",isolation_forest_v2
tunisieannonce_43ecf99ff26a,tunisieannonce,tunis,0.1573,False,4.13,[],"{""model_used"": ""tunis""}",isolation_forest_v2
century21_191f35598ac0,century21,tunis,0.0431,False,29.67,[],"{""model_used"": ""tunis""}",isolation_forest_v2
tunisieannonce_f32b70a1c306,tunisieannonce,tunis,0.0341,False,33.58,[],"{""model_used"": ""tunis""}",isolation_forest_v2
century21_2150,century21,tunis,0.0034,False,48.29,"[""price_too_high_for_region""]","{""model_used"": ""tunis""}",isolation_forest_v2
century21_21015be21ea9,century21,tunis,0.144,False,5.31,[],"{""model_used"": ""tunis""}",isolation_forest_v2
century21_2307025f158c,century21,tunis,0.1237,False,7.77,[],"{""model_used"": ""tunis""}",isolation_forest_v2
mubawab_8105627,mubawab,tunis,0.0639,False,21.79,"[""description_too_short""]","{""model_used"": ""tunis""}",isolation_forest_v2
century21_26627c5819bc,century21,tunis,0.0884,False,14.58,[],"{""model_used"": ""tunis""}",isolation_forest_v2
century21_2294f82184d4,century21,tunis,0.1124,False,9.55,[],"{""model_used"": ""tunis""}",isolation_forest_v2
century21_2843b00e4c7d,century21,tunis,0.0915,False,13.81,[],"{""model_used"": ""tunis""}",isolation_forest_v2
century21_2d4b5571ad61,century21,tunis,0.084,False,15.72,[],"{""model_used"": ""tunis""}",isolation_forest_v2
century21_2b58507c48ad,century21,tunis,0.1242,False,7.69,[],"{""model_used"": ""tunis""}",isolation_forest_v2
century21_a23998b12c08,century21,tunis,0.1302,False,6.89,[],"{""model_used"": ""tunis""}",isolation_forest_v2
century21_3114d82eed86,century21,tunis,0.0556,False,24.75,[],"{""model_used"": ""tunis""}",isolation_forest_v2
century21_32dce02693df,century21,tunis,-0.0149,True,57.41,"[""no_images_high_price""]","{""model_used"": ""tunis""}",isolation_forest_v2
century21_3572353f854b,century21,tunis,0.1422,False,5.49,[],"{""model_used"": ""tunis""}",isolation_forest_v2
century21_347f54f1f121,century21,tunis,0.1371,False,6.05,[],"{""model_used"": ""tunis""}",isolation_forest_v2
century21_3452f4daaec0,century21,tunis,-0.0239,True,61.72,"[""no_images_high_price""]","{""model_used"": ""tunis""}",isolation_forest_v2
century21_356e73a2bfcf,century21,tunis,0.0911,False,13.92,[],"{""model_used"": ""tunis""}",isolation_forest_v2
century21_32e1a28a66b5,century21,tunis,0.0791,False,17.05,[],"{""model_used"": ""tunis""}",isolation_forest_v2
tunisieannonce_10099aacf90d,tunisieannonce,tunis,0.1714,False,3.14,[],"{""model_used"": ""tunis""}",isolation_forest_v2
century21_39b0e3338d5c,century21,tunis,0.0783,False,17.27,"[""price_too_high_for_region""]","{""model_used"": ""tunis""}",isolation_forest_v2
century21_361caf169058,century21,tunis,0.1318,False,6.68,[],"{""model_used"": ""tunis""}",isolation_forest_v2
tunisieannonce_43f0ba794abc,tunisieannonce,tunis,0.1758,False,2.89,[],"{""model_used"": ""tunis""}",isolation_forest_v2
century21_366a8e518bcc,century21,tunis,0.1215,False,8.09,[],"{""model_used"": ""tunis""}",isolation_forest_v2
century21_3c8ed2535105,century21,tunis,0.0982,False,12.3,[],"{""model_used"": ""tunis""}",isolation_forest_v2
tunisieannonce_15a312582d6d,tunisieannonce,tunis,0.1575,False,4.11,[],"{""model_used"": ""tunis""}",isolation_forest_v2
century21_3f9be412ebe8,century21,tunis,0.1045,False,11.0,[],"{""model_used"": ""tunis""}",isolation_forest_v2
century21_4000,century21,tunis,0.0139,False,43.11,"[""price_too_high_for_region""]","{""model_used"": ""tunis""}",isolation_forest_v2
century21_3eeb298bd730,century21,tunis,0.1055,False,10.82,[],"{""model_used"": ""tunis""}",isolation_forest_v2
tunisieannonce_5866975d79f2,tunisieannonce,tunis,0.1317,False,6.69,[],"{""model_used"": ""tunis""}",isolation_forest_v2
century21_441acd868ad7,century21,tunis,0.0823,False,16.16,[],"{""model_used"": ""tunis""}",isolation_forest_v2
century21_4469dfee02b5,century21,tunis,0.135,False,6.3,[],"{""model_used"": ""tunis""}",isolation_forest_v2
tunisieannonce_a59de41e91d3,tunisieannonce,tunis,0.1022,False,11.46,"[""no_images_high_price""]","{""model_used"": ""tunis""}",isolation_forest_v2
century21_462ff2b648c9,century21,tunis,0.1049,False,10.94,[],"{""model_used"": ""tunis""}",isolation_forest_v2
century21_470ba187fcfe,century21,tunis,0.1181,False,8.61,[],"{""model_used"": ""tunis""}",isolation_forest_v2
century21_48d7fd5f468a,century21,tunis,-0.0736,True,81.35,"[""no_images_high_price"", ""price_too_high_for_region""]","{""model_used"": ""tunis""}",isolation_forest_v2
century21_55f3b1f1fcf3,century21,tunis,0.0863,False,15.12,[],"{""model_used"": ""tunis""}",isolation_forest_v2
century21_4c5e7fbb0f02,century21,tunis,0.0839,False,15.75,[],"{""model_used"": ""tunis""}",isolation_forest_v2
mubawab_8134835,mubawab,tunis,0.1271,False,7.3,"[""description_too_short""]","{""model_used"": ""tunis""}",isolation_forest_v2
century21_4c7b3f4d179d,century21,tunis,0.0916,False,13.8,"[""description_too_short""]","{""model_used"": ""tunis""}",isolation_forest_v2
tunisieannonce_1c07a2a40006,tunisieannonce,tunis,0.1714,False,3.14,[],"{""model_used"": ""tunis""}",isolation_forest_v2
tunisieannonce_1c52da4a4f70,tunisieannonce,tunis,0.0603,False,23.03,"[""no_images_high_price""]","{""model_used"": ""tunis""}",isolation_forest_v2
century21_501b93b327b8,century21,tunis,0.1164,False,8.88,[],"{""model_used"": ""tunis""}",isolation_forest_v2
century21_50636c9a39c7,century21,tunis,-0.0089,True,54.45,"[""no_images_high_price""]","{""model_used"": ""tunis""}",isolation_forest_v2
century21_5076adb84682,century21,tunis,0.1293,False,7.0,[],"{""model_used"": ""tunis""}",isolation_forest_v2
century21_51be6fa113ce,century21,tunis,0.1176,False,8.69,[],"{""model_used"": ""tunis""}",isolation_forest_v2
tunisieannonce_6da1fdfb4561,tunisieannonce,tunis,0.0824,False,16.14,"[""no_images_high_price""]","{""model_used"": ""tunis""}",isolation_forest_v2
century21_550ea00e206f,century21,tunis,0.1089,False,10.18,[],"{""model_used"": ""tunis""}",isolation_forest_v2
century21_592c386e050b,century21,tunis,0.1164,False,8.89,[],"{""model_used"": ""tunis""}",isolation_forest_v2
century21_58c425a613bd,century21,tunis,0.134,False,6.42,[],"{""model_used"": ""tunis""}",isolation_forest_v2
century21_58d5e550d7ab,century21,tunis,0.1346,False,6.35,[],"{""model_used"": ""tunis""}",isolation_forest_v2
century21_59cde04c053e,century21,tunis,0.0549,False,25.02,"[""no_images_high_price""]","{""model_used"": ""tunis""}",isolation_forest_v2
tunisieannonce_78fa608ad33c,tunisieannonce,tunis,0.1285,False,7.11,"[""no_images_high_price""]","{""model_used"": ""tunis""}",isolation_forest_v2
century21_5b6afc354884,century21,tunis,0.0835,False,15.83,"[""price_too_high_for_region""]","{""model_used"": ""tunis""}",isolation_forest_v2
century21_605a11c9849c,century21,tunis,0.0976,False,12.44,[],"{""model_used"": ""tunis""}",isolation_forest_v2
century21_627a3854a9b4,century21,tunis,-0.1056,True,89.21,"[""no_images_high_price""]","{""model_used"": ""tunis""}",isolation_forest_v2
century21_6265d73de2d9,century21,tunis,0.1394,False,5.8,[],"{""model_used"": ""tunis""}",isolation_forest_v2
century21_640f193bf6cb,century21,tunis,0.0919,False,13.72,[],"{""model_used"": ""tunis""}",isolation_forest_v2
century21_692ec1ce27af,century21,tunis,0.1293,False,7.0,[],"{""model_used"": ""tunis""}",isolation_forest_v2
century21_a374c68a9bde,century21,tunis,0.1057,False,10.77,[],"{""model_used"": ""tunis""}",isolation_forest_v2
century21_6c682d1ed2b3,century21,tunis,0.0973,False,12.51,[],"{""model_used"": ""tunis""}",isolation_forest_v2
century21_72da86bac748,century21,tunis,0.1328,False,6.57,[],"{""model_used"": ""tunis""}",isolation_forest_v2
century21_7142a9e06b2b,century21,tunis,-0.0372,True,67.79,[],"{""model_used"": ""tunis""}",isolation_forest_v2
century21_754ff3689da4,century21,tunis,0.1267,False,7.35,[],"{""model_used"": ""tunis""}",isolation_forest_v2
century21_76c858e7fd9f,century21,tunis,0.1339,False,6.43,[],"{""model_used"": ""tunis""}",isolation_forest_v2
tunisieannonce_02d567d77144,tunisieannonce,tunis,0.1729,False,3.05,[],"{""model_used"": ""tunis""}",isolation_forest_v2
century21_757cc4888649,century21,tunis,0.1221,False,8.0,[],"{""model_used"": ""tunis""}",isolation_forest_v2
century21_7950adacbbdc,century21,tunis,0.1445,False,5.27,[],"{""model_used"": ""tunis""}",isolation_forest_v2
tunisieannonce_06916d8a19c1,tunisieannonce,tunis,0.1462,False,5.1,[],"{""model_used"": ""tunis""}",isolation_forest_v2
century21_7cbe93a685ef,century21,tunis,0.0535,False,25.56,[],"{""model_used"": ""tunis""}",isolation_forest_v2
century21_7a688ba5a493,century21,tunis,0.1143,False,9.23,[],"{""model_used"": ""tunis""}",isolation_forest_v2
century21_7d9fd3df44af,century21,tunis,0.126,False,7.45,[],"{""model_used"": ""tunis""}",isolation_forest_v2
century21_80abfd0d2296,century21,tunis,0.0461,False,28.45,[],"{""model_used"": ""tunis""}",isolation_forest_v2
century21_839d3b3c6d14,century21,tunis,0.0891,False,14.39,[],"{""model_used"": ""tunis""}",isolation_forest_v2
century21_8031726f1280,century21,tunis,0.1054,False,10.84,[],"{""model_used"": ""tunis""}",isolation_forest_v2
century21_815677f09b1d,century21,tunis,0.1414,False,5.58,[],"{""model_used"": ""tunis""}",isolation_forest_v2
century21_83af5afe2ea1,century21,tunis,0.0864,False,15.08,[],"{""model_used"": ""tunis""}",isolation_forest_v2
century21_86396b55ebe2,century21,tunis,0.1387,False,5.88,[],"{""model_used"": ""tunis""}",isolation_forest_v2
century21_8717e34abd61,century21,tunis,0.0492,False,27.22,[],"{""model_used"": ""tunis""}",isolation_forest_v2
century21_ce386f5348f2,century21,tunis,0.1092,False,10.12,[],"{""model_used"": ""tunis""}",isolation_forest_v2
century21_8b99df5e2408,century21,tunis,0.0576,False,24.01,"[""price_too_high_for_region""]","{""model_used"": ""tunis""}",isolation_forest_v2
tunisieannonce_cb156f1e4869,tunisieannonce,tunis,0.0344,False,33.45,[],"{""model_used"": ""tunis""}",isolation_forest_v2
tunisieannonce_075a905d57da,tunisieannonce,tunis,0.1208,False,8.2,[],"{""model_used"": ""tunis""}",isolation_forest_v2
century21_94da036c3ec1,century21,tunis,0.1009,False,11.73,[],"{""model_used"": ""tunis""}",isolation_forest_v2
century21_91da7da468e0,century21,tunis,0.1284,False,7.12,[],"{""model_used"": ""tunis""}",isolation_forest_v2
century21_99717a3e0ca6,century21,tunis,0.0818,False,16.3,[],"{""model_used"": ""tunis""}",isolation_forest_v2
century21_963d778f6aac,century21,tunis,0.1406,False,5.66,[],"{""model_used"": ""tunis""}",isolation_forest_v2
century21_9af68797b295,century21,tunis,0.1426,False,5.46,[],"{""model_used"": ""tunis""}",isolation_forest_v2
century21_99958910d407,century21,tunis,0.1067,False,10.59,[],"{""model_used"": ""tunis""}",isolation_forest_v2
century21_9bd71bf6fbb7,century21,tunis,0.1321,False,6.65,[],"{""model_used"": ""tunis""}",isolation_forest_v2
century21_99beb569ad38,century21,tunis,0.0197,False,40.29,[],"{""model_used"": ""tunis""}",isolation_forest_v2
century21_9dae1ef4f96e,century21,tunis,0.1189,False,8.48,[],"{""model_used"": ""tunis""}",isolation_forest_v2
century21_a5b93b9d14bf,century21,tunis,-0.0078,True,53.88,"[""no_images_high_price""]","{""model_used"": ""tunis""}",isolation_forest_v2
century21_a980f894b5a4,century21,tunis,0.0287,False,36.02,"[""price_too_high_for_region""]","{""model_used"": ""tunis""}",isolation_forest_v2
century21_a8b0eb51e79f,century21,tunis,0.0837,False,15.78,[],"{""model_used"": ""tunis""}",isolation_forest_v2
century21_addf8c287b09,century21,tunis,0.0925,False,13.6,[],"{""model_used"": ""tunis""}",isolation_forest_v2
century21_ae954f4eb4cc,century21,tunis,0.0862,False,15.13,[],"{""model_used"": ""tunis""}",isolation_forest_v2
century21_af1b7b12d9fc,century21,tunis,0.1077,False,10.39,[],"{""model_used"": ""tunis""}",isolation_forest_v2
century21_ae1bc8fb8a13,century21,tunis,0.0569,False,24.26,[],"{""model_used"": ""tunis""}",isolation_forest_v2
century21_b193ec1b84d6,century21,tunis,0.0277,False,36.49,"[""no_images_high_price""]","{""model_used"": ""tunis""}",isolation_forest_v2
century21_b03de67292c5,century21,tunis,0.1348,False,6.33,[],"{""model_used"": ""tunis""}",isolation_forest_v2
century21_b15db367220b,century21,tunis,0.0879,False,14.72,[],"{""model_used"": ""tunis""}",isolation_forest_v2
century21_b09359734e9a,century21,tunis,0.0874,False,14.84,"[""no_images_high_price""]","{""model_used"": ""tunis""}",isolation_forest_v2
century21_b4960182fc3f,century21,tunis,0.1418,False,5.54,[],"{""model_used"": ""tunis""}",isolation_forest_v2
century21_b6babd94baa1,century21,tunis,0.138,False,5.96,[],"{""model_used"": ""tunis""}",isolation_forest_v2
century21_b71bfd12715b,century21,tunis,0.1342,False,6.39,[],"{""model_used"": ""tunis""}",isolation_forest_v2
century21_b45fd5a9d3f4,century21,tunis,0.0721,False,19.12,[],"{""model_used"": ""tunis""}",isolation_forest_v2
century21_bb1421336558,century21,tunis,0.0596,False,23.28,[],"{""model_used"": ""tunis""}",isolation_forest_v2
century21_ba2192d89882,century21,tunis,0.1364,False,6.14,[],"{""model_used"": ""tunis""}",isolation_forest_v2
century21_958abcf541a6,century21,tunis,0.0776,False,17.47,[],"{""model_used"": ""tunis""}",isolation_forest_v2
century21_b9546f8655f7,century21,tunis,0.1153,False,9.06,[],"{""model_used"": ""tunis""}",isolation_forest_v2
century21_bc69bf86fbce,century21,tunis,0.1221,False,8.0,[],"{""model_used"": ""tunis""}",isolation_forest_v2
century21_c1e96ebf30af,century21,tunis,0.1358,False,6.2,[],"{""model_used"": ""tunis""}",isolation_forest_v2
tunisieannonce_0773a2e5a552,tunisieannonce,tunis,0.1605,False,3.88,[],"{""model_used"": ""tunis""}",isolation_forest_v2
century21_c9eb00e242d1,century21,tunis,0.1068,False,10.57,"[""price_too_high_for_region""]","{""model_used"": ""tunis""}",isolation_forest_v2
century21_c84363db80db,century21,tunis,0.1264,False,7.39,[],"{""model_used"": ""tunis""}",isolation_forest_v2
century21_ca5fa10c92e9,century21,tunis,0.0069,False,46.55,"[""no_images_high_price""]","{""model_used"": ""tunis""}",isolation_forest_v2
century21_ce3abdba551e,century21,tunis,0.0326,False,34.26,[],"{""model_used"": ""tunis""}",isolation_forest_v2
century21_de98fd3409e0,century21,tunis,0.0868,False,14.99,[],"{""model_used"": ""tunis""}",isolation_forest_v2
century21_d0e37f7227e3,century21,tunis,0.0986,False,12.22,[],"{""model_used"": ""tunis""}",isolation_forest_v2
century21_d3ff95e77da6,century21,tunis,0.0146,False,42.76,[],"{""model_used"": ""tunis""}",isolation_forest_v2
century21_d25c29886d12,century21,tunis,0.1271,False,7.3,[],"{""model_used"": ""tunis""}",isolation_forest_v2
century21_d0f8c36f15ec,century21,tunis,0.0994,False,12.05,[],"{""model_used"": ""tunis""}",isolation_forest_v2
century21_d635b16cce35,century21,tunis,0.0713,False,19.37,"[""no_images_high_price""]","{""model_used"": ""tunis""}",isolation_forest_v2
tunisieannonce_244cb47f2aa7,tunisieannonce,tunis,0.1504,False,4.71,[],"{""model_used"": ""tunis""}",isolation_forest_v2
tunisieannonce_28376d78bfd5,tunisieannonce,tunis,0.0839,False,15.73,"[""no_images_high_price""]","{""model_used"": ""tunis""}",isolation_forest_v2
century21_d85f9e931995,century21,tunis,0.1106,False,9.87,[],"{""model_used"": ""tunis""}",isolation_forest_v2
century21_d7b2cb858f73,century21,tunis,0.1216,False,8.08,[],"{""model_used"": ""tunis""}",isolation_forest_v2
century21_d8c647b5d0ad,century21,tunis,0.0852,False,15.39,[],"{""model_used"": ""tunis""}",isolation_forest_v2
tunisieannonce_15a707cce854,tunisieannonce,tunis,0.1541,False,4.38,[],"{""model_used"": ""tunis""}",isolation_forest_v2
tunisieannonce_a726b255639b,tunisieannonce,tunis,0.1588,False,4.01,[],"{""model_used"": ""tunis""}",isolation_forest_v2
century21_e06d150dc5b6,century21,tunis,0.1209,False,8.18,[],"{""model_used"": ""tunis""}",isolation_forest_v2
century21_e04ebbd76d06,century21,tunis,0.0881,False,14.65,[],"{""model_used"": ""tunis""}",isolation_forest_v2
century21_e42d589dc7a6,century21,tunis,0.0209,False,39.69,[],"{""model_used"": ""tunis""}",isolation_forest_v2
century21_e4ad7c239f0a,century21,tunis,0.0354,False,33.02,[],"{""model_used"": ""tunis""}",isolation_forest_v2
tunisieannonce_a6872469f2d2,tunisieannonce,tunis,0.0959,False,12.82,[],"{""model_used"": ""tunis""}",isolation_forest_v2
century21_e50add041b7b,century21,tunis,0.0773,False,17.56,[],"{""model_used"": ""tunis""}",isolation_forest_v2
century21_e31d794eae2c,century21,tunis,0.0519,False,26.17,[],"{""model_used"": ""tunis""}",isolation_forest_v2
century21_e7e617b55788,century21,tunis,0.1109,False,9.81,[],"{""model_used"": ""tunis""}",isolation_forest_v2
century21_e54a56853009,century21,tunis,0.1259,False,7.46,[],"{""model_used"": ""tunis""}",isolation_forest_v2
century21_ee14e1d53036,century21,tunis,0.1538,False,4.41,[],"{""model_used"": ""tunis""}",isolation_forest_v2
century21_eb1a6a4ded2c,century21,tunis,0.1416,False,5.56,[],"{""model_used"": ""tunis""}",isolation_forest_v2
century21_ee655936e47d,century21,tunis,0.0324,False,34.35,[],"{""model_used"": ""tunis""}",isolation_forest_v2
century21_f26c77d6cb87,century21,tunis,-0.09,True,85.81,"[""no_images_high_price""]","{""model_used"": ""tunis""}",isolation_forest_v2
century21_ee6fba88ebb9,century21,tunis,0.1417,False,5.55,[],"{""model_used"": ""tunis""}",isolation_forest_v2
century21_f0b56f9b6e22,century21,tunis,0.1256,False,7.51,[],"{""model_used"": ""tunis""}",isolation_forest_v2
century21_f43cdccfad46,century21,tunis,0.0568,False,24.32,[],"{""model_used"": ""tunis""}",isolation_forest_v2
century21_f592300fa491,century21,tunis,0.093,False,13.48,"[""price_too_high_for_region""]","{""model_used"": ""tunis""}",isolation_forest_v2
century21_f57f4f3d961a,century21,tunis,0.0888,False,14.47,[],"{""model_used"": ""tunis""}",isolation_forest_v2
tunisieannonce_8bc9ae9e2261,tunisieannonce,tunis,0.1528,False,4.5,[],"{""model_used"": ""tunis""}",isolation_forest_v2
century21_f6410663afd1,century21,tunis,0.1054,False,10.84,[],"{""model_used"": ""tunis""}",isolation_forest_v2
century21_f89731b27d03,century21,tunis,0.1293,False,7.01,[],"{""model_used"": ""tunis""}",isolation_forest_v2
century21_f9b3765f720c,century21,tunis,0.0781,False,17.32,[],"{""model_used"": ""tunis""}",isolation_forest_v2
century21_fdae97213e1a,century21,tunis,0.1219,False,8.03,[],"{""model_used"": ""tunis""}",isolation_forest_v2
century21_febfa21d0547,century21,tunis,0.13,False,6.92,[],"{""model_used"": ""tunis""}",isolation_forest_v2
darcom_130422,darcom,tunis,0.0183,False,40.97,"[""no_images_high_price""]","{""model_used"": ""tunis""}",isolation_forest_v2
darcom_130423,darcom,tunis,0.0127,False,43.68,[],"{""model_used"": ""tunis""}",isolation_forest_v2
mubawab_7477759,mubawab,tunis,0.0964,False,12.7,"[""description_too_short""]","{""model_used"": ""tunis""}",isolation_forest_v2
century21_ffd642e8de7d,century21,tunis,-0.1579,True,95.92,"[""no_images_high_price"", ""extreme_price_per_m2"", ""price_too_high_for_region""]","{""model_used"": ""tunis""}",isolation_forest_v2
mubawab_7531072,mubawab,tunis,0.0711,False,19.42,"[""description_too_short""]","{""model_used"": ""tunis""}",isolation_forest_v2
mubawab_7451290,mubawab,tunis,0.1129,False,9.46,"[""description_too_short""]","{""model_used"": ""tunis""}",isolation_forest_v2
mubawab_7731750,mubawab,tunis,0.082,False,16.24,"[""no_images_high_price"", ""description_too_short""]","{""model_used"": ""tunis""}",isolation_forest_v2
mubawab_7594008,mubawab,tunis,0.1384,False,5.91,"[""description_too_short""]","{""model_used"": ""tunis""}",isolation_forest_v2
mubawab_7691984,mubawab,tunis,0.0877,False,14.76,"[""description_too_short""]","{""model_used"": ""tunis""}",isolation_forest_v2
mubawab_7660108,mubawab,tunis,0.0802,False,16.74,"[""description_too_short""]","{""model_used"": ""tunis""}",isolation_forest_v2
mubawab_7851012,mubawab,tunis,0.1114,False,9.73,"[""description_too_short""]","{""model_used"": ""tunis""}",isolation_forest_v2
mubawab_8078124,mubawab,tunis,0.0295,False,35.67,"[""no_images_high_price"", ""description_too_short""]","{""model_used"": ""tunis""}",isolation_forest_v2
mubawab_7922102,mubawab,tunis,0.1181,False,8.61,"[""description_too_short""]","{""model_used"": ""tunis""}",isolation_forest_v2
mubawab_7901634,mubawab,tunis,0.0844,False,15.59,"[""no_images_high_price"", ""description_too_short""]","{""model_used"": ""tunis""}",isolation_forest_v2
mubawab_7901519,mubawab,tunis,-0.0257,True,62.59,"[""no_images_high_price"", ""description_too_short""]","{""model_used"": ""tunis""}",isolation_forest_v2
mubawab_7925509,mubawab,tunis,0.0936,False,13.34,"[""description_too_short""]","{""model_used"": ""tunis""}",isolation_forest_v2
mubawab_8198766,mubawab,tunis,0.0667,False,20.85,"[""no_images_high_price"", ""description_too_short""]","{""model_used"": ""tunis""}",isolation_forest_v2
mubawab_8016259,mubawab,tunis,0.0926,False,13.57,"[""description_too_short""]","{""model_used"": ""tunis""}",isolation_forest_v2
mubawab_8078453,mubawab,tunis,0.0868,False,14.98,"[""no_images_high_price"", ""description_too_short""]","{""model_used"": ""tunis""}",isolation_forest_v2
mubawab_8130938,mubawab,tunis,0.0306,False,35.15,"[""no_images_high_price"", ""description_too_short""]","{""model_used"": ""tunis""}",isolation_forest_v2
mubawab_8130939,mubawab,tunis,0.024,False,38.22,"[""no_images_high_price"", ""description_too_short""]","{""model_used"": ""tunis""}",isolation_forest_v2
mubawab_8140632,mubawab,tunis,0.0416,False,30.34,"[""description_too_short""]","{""model_used"": ""tunis""}",isolation_forest_v2
mubawab_8142188,mubawab,tunis,0.0759,False,17.97,"[""description_too_short""]","{""model_used"": ""tunis""}",isolation_forest_v2
mubawab_8147187,mubawab,tunis,0.111,False,9.8,"[""description_too_short""]","{""model_used"": ""tunis""}",isolation_forest_v2
mubawab_8168321,mubawab,tunis,0.1172,False,8.76,"[""description_too_short""]","{""model_used"": ""tunis""}",isolation_forest_v2
mubawab_8164513,mubawab,tunis,0.0827,False,16.07,"[""description_too_short""]","{""model_used"": ""tunis""}",isolation_forest_v2
mubawab_8164228,mubawab,tunis,0.0783,False,17.27,"[""no_images_high_price"", ""description_too_short""]","{""model_used"": ""tunis""}",isolation_forest_v2
mubawab_8176158,mubawab,tunis,0.0055,False,47.23,"[""no_images_high_price"", ""description_too_short""]","{""model_used"": ""tunis""}",isolation_forest_v2
tunisieannonce_4417efe7fe6a,tunisieannonce,tunis,0.1758,False,2.89,[],"{""model_used"": ""tunis""}",isolation_forest_v2
mubawab_8177919,mubawab,tunis,0.0838,False,15.77,"[""description_too_short""]","{""model_used"": ""tunis""}",isolation_forest_v2
mubawab_8210272,mubawab,tunis,0.0017,False,49.15,"[""no_images_high_price"", ""description_too_short""]","{""model_used"": ""tunis""}",isolation_forest_v2
tunisieannonce_0f5c4f2ab6c4,tunisieannonce,tunis,0.1446,False,5.26,"[""no_images_high_price""]","{""model_used"": ""tunis""}",isolation_forest_v2
mubawab_8219101,mubawab,tunis,0.0493,False,27.15,"[""no_images_high_price"", ""description_too_short""]","{""model_used"": ""tunis""}",isolation_forest_v2
mubawab_8234718,mubawab,tunis,0.1123,False,9.58,"[""description_too_short""]","{""model_used"": ""tunis""}",isolation_forest_v2
mubawab_8223097,mubawab,tunis,0.0032,False,48.42,"[""no_images_high_price"", ""description_too_short""]","{""model_used"": ""tunis""}",isolation_forest_v2
mubawab_8227631,mubawab,tunis,0.0772,False,17.58,"[""no_images_high_price"", ""description_too_short""]","{""model_used"": ""tunis""}",isolation_forest_v2
mubawab_8230344,mubawab,tunis,0.0766,False,17.78,"[""description_too_short""]","{""model_used"": ""tunis""}",isolation_forest_v2
mubawab_8234976,mubawab,tunis,0.1251,False,7.58,"[""description_too_short""]","{""model_used"": ""tunis""}",isolation_forest_v2
mubawab_8240024,mubawab,tunis,0.0754,False,18.13,"[""description_too_short""]","{""model_used"": ""tunis""}",isolation_forest_v2
tunisieannonce_0f947c03a4fb,tunisieannonce,tunis,0.1691,False,3.29,[],"{""model_used"": ""tunis""}",isolation_forest_v2
mubawab_8242327,mubawab,tunis,0.1,False,11.92,"[""description_too_short""]","{""model_used"": ""tunis""}",isolation_forest_v2
mubawab_8259445,mubawab,tunis,0.117,False,8.79,"[""description_too_short""]","{""model_used"": ""tunis""}",isolation_forest_v2
mubawab_8248301,mubawab,tunis,0.1112,False,9.75,"[""description_too_short""]","{""model_used"": ""tunis""}",isolation_forest_v2
mubawab_8246532,mubawab,tunis,0.0828,False,16.03,"[""no_images_high_price"", ""description_too_short""]","{""model_used"": ""tunis""}",isolation_forest_v2
mubawab_8244666,mubawab,tunis,0.1235,False,7.8,"[""description_too_short""]","{""model_used"": ""tunis""}",isolation_forest_v2
mubawab_8246599,mubawab,tunis,0.0962,False,12.74,"[""no_images_high_price"", ""description_too_short""]","{""model_used"": ""tunis""}",isolation_forest_v2
mubawab_8251203,mubawab,tunis,0.1292,False,7.02,"[""description_too_short""]","{""model_used"": ""tunis""}",isolation_forest_v2
mubawab_8252989,mubawab,tunis,0.0967,False,12.62,"[""no_images_high_price"", ""description_too_short""]","{""model_used"": ""tunis""}",isolation_forest_v2
mubawab_8254026,mubawab,tunis,0.0971,False,12.53,"[""no_images_high_price"", ""description_too_short""]","{""model_used"": ""tunis""}",isolation_forest_v2
mubawab_8267884,mubawab,tunis,0.1119,False,9.64,"[""description_too_short""]","{""model_used"": ""tunis""}",isolation_forest_v2
tunisieannonce_0f6ea9ea0ffa,tunisieannonce,tunis,0.121,False,8.16,"[""no_images_high_price""]","{""model_used"": ""tunis""}",isolation_forest_v2
mubawab_8296374,mubawab,tunis,0.121,False,8.16,"[""description_too_short""]","{""model_used"": ""tunis""}",isolation_forest_v2
mubawab_8266388,mubawab,tunis,0.0772,False,17.58,"[""description_too_short""]","{""model_used"": ""tunis""}",isolation_forest_v2
tunisieannonce_1089b6168c79,tunisieannonce,tunis,0.1842,False,2.45,[],"{""model_used"": ""tunis""}",isolation_forest_v2
mubawab_8269526,mubawab,tunis,0.0032,False,48.42,"[""no_images_high_price"", ""description_too_short""]","{""model_used"": ""tunis""}",isolation_forest_v2
mubawab_8271033,mubawab,tunis,0.0837,False,15.8,"[""description_too_short""]","{""model_used"": ""tunis""}",isolation_forest_v2
mubawab_8293337,mubawab,tunis,0.1056,False,10.79,"[""no_images_high_price"", ""description_too_short""]","{""model_used"": ""tunis""}",isolation_forest_v2
mubawab_8280515,mubawab,tunis,0.1009,False,11.73,"[""no_images_high_price"", ""description_too_short""]","{""model_used"": ""tunis""}",isolation_forest_v2
tunisieannonce_1057803f323a,tunisieannonce,tunis,0.0962,False,12.73,"[""no_images_high_price""]","{""model_used"": ""tunis""}",isolation_forest_v2
mubawab_8286234,mubawab,tunis,0.0282,False,36.24,"[""description_too_short""]","{""model_used"": ""tunis""}",isolation_forest_v2
mubawab_8287385,mubawab,tunis,-0.0354,True,66.99,"[""no_images_high_price"", ""description_too_short""]","{""model_used"": ""tunis""}",isolation_forest_v2
mubawab_8291059,mubawab,tunis,0.0501,False,26.87,"[""description_too_short""]","{""model_used"": ""tunis""}",isolation_forest_v2
mubawab_8291063,mubawab,tunis,0.09,False,14.18,"[""no_images_high_price"", ""description_too_short""]","{""model_used"": ""tunis""}",isolation_forest_v2
mubawab_8297021,mubawab,tunis,0.0673,False,20.66,"[""no_images_high_price"", ""description_too_short""]","{""model_used"": ""tunis""}",isolation_forest_v2
mubawab_8296565,mubawab,tunis,0.0639,False,21.8,"[""description_too_short""]","{""model_used"": ""tunis""}",isolation_forest_v2
mubawab_8297701,mubawab,tunis,0.1015,False,11.6,"[""description_too_short""]","{""model_used"": ""tunis""}",isolation_forest_v2
mubawab_8298903,mubawab,tunis,0.0804,False,16.68,"[""description_too_short""]","{""model_used"": ""tunis""}",isolation_forest_v2
mubawab_8300185,mubawab,tunis,0.112,False,9.62,"[""no_images_high_price"", ""description_too_short""]","{""model_used"": ""tunis""}",isolation_forest_v2
mubawab_8298590,mubawab,tunis,0.0181,False,41.04,"[""no_images_high_price"", ""description_too_short""]","{""model_used"": ""tunis""}",isolation_forest_v2
mubawab_8300844,mubawab,tunis,0.1054,False,10.84,"[""description_too_short""]","{""model_used"": ""tunis""}",isolation_forest_v2
mubawab_8300418,mubawab,tunis,0.0767,False,17.75,"[""no_images_high_price"", ""description_too_short""]","{""model_used"": ""tunis""}",isolation_forest_v2
mubawab_8301345,mubawab,tunis,0.032,False,34.52,"[""no_images_high_price"", ""description_too_short""]","{""model_used"": ""tunis""}",isolation_forest_v2
mubawab_8301141,mubawab,tunis,0.1234,False,7.82,"[""description_too_short""]","{""model_used"": ""tunis""}",isolation_forest_v2
mubawab_8300448,mubawab,tunis,0.0863,False,15.11,"[""description_too_short""]","{""model_used"": ""tunis""}",isolation_forest_v2
tunisieannonce_104b143e6900,tunisieannonce,tunis,0.1778,False,2.78,[],"{""model_used"": ""tunis""}",isolation_forest_v2
mubawab_8301780,mubawab,tunis,0.07,False,19.78,"[""description_too_short""]","{""model_used"": ""tunis""}",isolation_forest_v2
mubawab_8304873,mubawab,tunis,0.0357,False,32.86,"[""description_too_short""]","{""model_used"": ""tunis""}",isolation_forest_v2
mubawab_8306292,mubawab,tunis,0.0918,False,13.75,"[""description_too_short""]","{""model_used"": ""tunis""}",isolation_forest_v2
mubawab_8307439,mubawab,tunis,0.098,False,12.36,"[""description_too_short""]","{""model_used"": ""tunis""}",isolation_forest_v2
mubawab_8307853,mubawab,tunis,0.1249,False,7.6,"[""description_too_short""]","{""model_used"": ""tunis""}",isolation_forest_v2
mubawab_8308249,mubawab,tunis,0.1057,False,10.78,"[""description_too_short""]","{""model_used"": ""tunis""}",isolation_forest_v2
mubawab_8309594,mubawab,tunis,0.081,False,16.53,"[""no_images_high_price"", ""description_too_short""]","{""model_used"": ""tunis""}",isolation_forest_v2
tunisieannonce_105c1d87f56d,tunisieannonce,tunis,0.1433,False,5.39,"[""no_images_high_price""]","{""model_used"": ""tunis""}",isolation_forest_v2
mubawab_8311658,mubawab,tunis,0.112,False,9.62,"[""description_too_short""]","{""model_used"": ""tunis""}",isolation_forest_v2
mubawab_8311862,mubawab,tunis,0.0422,False,30.05,"[""no_images_high_price"", ""description_too_short""]","{""model_used"": ""tunis""}",isolation_forest_v2
mubawab_8311825,mubawab,tunis,0.0523,False,25.99,"[""no_images_high_price"", ""description_too_short""]","{""model_used"": ""tunis""}",isolation_forest_v2
tunisieannonce_1025f07c4d95,tunisieannonce,tunis,0.0505,False,26.68,[],"{""model_used"": ""tunis""}",isolation_forest_v2
mubawab_8312659,mubawab,tunis,0.0279,False,36.39,"[""no_images_high_price"", ""description_too_short""]","{""model_used"": ""tunis""}",isolation_forest_v2
tunisieannonce_8ce4efbdcfc0,tunisieannonce,tunis,0.0417,False,30.28,"[""no_images_high_price""]","{""model_used"": ""tunis""}",isolation_forest_v2
tunisieannonce_10caa8390bb7,tunisieannonce,tunis,0.1537,False,4.42,[],"{""model_used"": ""tunis""}",isolation_forest_v2
mubawab_8316549,mubawab,tunis,0.1047,False,10.96,"[""no_images_high_price"", ""description_too_short""]","{""model_used"": ""tunis""}",isolation_forest_v2
tunisieannonce_10ca50d82497,tunisieannonce,tunis,0.1818,False,2.57,[],"{""model_used"": ""tunis""}",isolation_forest_v2
mubawab_8320769,mubawab,tunis,0.0916,False,13.81,"[""no_images_high_price"", ""description_too_short""]","{""model_used"": ""tunis""}",isolation_forest_v2
mubawab_8320973,mubawab,tunis,0.1053,False,10.84,"[""description_too_short""]","{""model_used"": ""tunis""}",isolation_forest_v2
tunisieannonce_3986f5f63996,tunisieannonce,tunis,0.1401,False,5.72,[],"{""model_used"": ""tunis""}",isolation_forest_v2
mubawab_8321173,mubawab,tunis,0.0937,False,13.3,"[""description_too_short""]","{""model_used"": ""tunis""}",isolation_forest_v2
mubawab_8321730,mubawab,tunis,0.102,False,11.51,"[""description_too_short""]","{""model_used"": ""tunis""}",isolation_forest_v2
mubawab_8321732,mubawab,tunis,0.1049,False,10.93,"[""description_too_short""]","{""model_used"": ""tunis""}",isolation_forest_v2
tunisieannonce_10da5f231851,tunisieannonce,tunis,0.113,False,9.44,[],"{""model_used"": ""tunis""}",isolation_forest_v2
tunisieannonce_2f26015b23e6,tunisieannonce,tunis,0.1346,False,6.34,[],"{""model_used"": ""tunis""}",isolation_forest_v2
mubawab_8322178,mubawab,tunis,0.0544,False,25.21,"[""description_too_short""]","{""model_used"": ""tunis""}",isolation_forest_v2
mubawab_8322130,mubawab,tunis,0.1172,False,8.76,"[""no_images_high_price"", ""description_too_short""]","{""model_used"": ""tunis""}",isolation_forest_v2
tunisieannonce_3628475c999a,tunisieannonce,tunis,0.1644,False,3.6,"[""no_images_high_price""]","{""model_used"": ""tunis""}",isolation_forest_v2
mubawab_8323844,mubawab,tunis,0.1332,False,6.51,"[""description_too_short""]","{""model_used"": ""tunis""}",isolation_forest_v2
mubawab_8322557,mubawab,tunis,0.0609,False,22.81,"[""no_images_high_price"", ""description_too_short""]","{""model_used"": ""tunis""}",isolation_forest_v2
tunisieannonce_10a924a36ad8,tunisieannonce,tunis,0.1727,False,3.07,[],"{""model_used"": ""tunis""}",isolation_forest_v2
mubawab_8324974,mubawab,tunis,0.1146,False,9.17,"[""description_too_short""]","{""model_used"": ""tunis""}",isolation_forest_v2
mubawab_8325044,mubawab,tunis,0.1165,False,8.87,"[""description_too_short""]","{""model_used"": ""tunis""}",isolation_forest_v2
mubawab_8325105,mubawab,tunis,0.1178,False,8.65,"[""description_too_short""]","{""model_used"": ""tunis""}",isolation_forest_v2
mubawab_8327297,mubawab,tunis,0.0724,False,19.02,"[""no_images_high_price"", ""description_too_short""]","{""model_used"": ""tunis""}",isolation_forest_v2
tunisieannonce_36c54e2dccdd,tunisieannonce,tunis,0.1599,False,3.92,[],"{""model_used"": ""tunis""}",isolation_forest_v2
mubawab_8326669,mubawab,tunis,0.1016,False,11.58,"[""description_too_short""]","{""model_used"": ""tunis""}",isolation_forest_v2
tunisieannonce_44332b065e9e,tunisieannonce,tunis,0.1677,False,3.37,"[""no_images_high_price""]","{""model_used"": ""tunis""}",isolation_forest_v2
tunisieannonce_3c3a09a2341b,tunisieannonce,tunis,0.1247,False,7.63,"[""no_images_high_price""]","{""model_used"": ""tunis""}",isolation_forest_v2
newkey_122831,newkey,tunis,0.1436,False,5.36,[],"{""model_used"": ""tunis""}",isolation_forest_v2
tunisieannonce_0b22a3129925,tunisieannonce,tunis,0.1724,False,3.08,[],"{""model_used"": ""tunis""}",isolation_forest_v2
tunisieannonce_07d21c505e6e,tunisieannonce,tunis,0.1684,False,3.33,"[""no_images_high_price""]","{""model_used"": ""tunis""}",isolation_forest_v2
newkey_125025,newkey,tunis,0.0355,False,32.98,[],"{""model_used"": ""tunis""}",isolation_forest_v2
tunisieannonce_10df09937a99,tunisieannonce,tunis,0.1248,False,7.61,[],"{""model_used"": ""tunis""}",isolation_forest_v2
tunisieannonce_0b2f19989bcf,tunisieannonce,tunis,0.1158,False,8.98,[],"{""model_used"": ""tunis""}",isolation_forest_v2
tunisieannonce_0b5ceabe48b0,tunisieannonce,tunis,0.1049,False,10.93,"[""no_images_high_price""]","{""model_used"": ""tunis""}",isolation_forest_v2
tunisieannonce_8cb4c774edbf,tunisieannonce,tunis,0.045,False,28.92,"[""no_images_high_price""]","{""model_used"": ""tunis""}",isolation_forest_v2
tunisieannonce_0b120cd33729,tunisieannonce,tunis,0.1186,False,8.53,[],"{""model_used"": ""tunis""}",isolation_forest_v2
tunisieannonce_446935f3cf13,tunisieannonce,tunis,0.0955,False,12.91,"[""no_images_high_price""]","{""model_used"": ""tunis""}",isolation_forest_v2
tunisieannonce_8ca413ec8108,tunisieannonce,tunis,0.1562,False,4.21,[],"{""model_used"": ""tunis""}",isolation_forest_v2
tunisieannonce_448a1d77b44d,tunisieannonce,tunis,0.1729,False,3.05,[],"{""model_used"": ""tunis""}",isolation_forest_v2
tunisieannonce_0102efdce75b,tunisieannonce,tunis,0.1502,False,4.72,[],"{""model_used"": ""tunis""}",isolation_forest_v2
tunisieannonce_00a2cd419a10,tunisieannonce,tunis,0.1697,False,3.25,[],"{""model_used"": ""tunis""}",isolation_forest_v2
tunisieannonce_00b5d39933da,tunisieannonce,tunis,0.1436,False,5.36,[],"{""model_used"": ""tunis""}",isolation_forest_v2
tunisieannonce_40a08d801f42,tunisieannonce,tunis,0.16,False,3.92,[],"{""model_used"": ""tunis""}",isolation_forest_v2
tunisieannonce_00ba1cecdaee,tunisieannonce,tunis,0.1398,False,5.76,"[""no_images_high_price""]","{""model_used"": ""tunis""}",isolation_forest_v2
tunisieannonce_01a591b48bc9,tunisieannonce,tunis,0.1693,False,3.28,[],"{""model_used"": ""tunis""}",isolation_forest_v2
tunisieannonce_01649ca226e2,tunisieannonce,tunis,0.1105,False,9.88,[],"{""model_used"": ""tunis""}",isolation_forest_v2
tunisieannonce_00f2852cdaa4,tunisieannonce,tunis,0.1702,False,3.22,[],"{""model_used"": ""tunis""}",isolation_forest_v2
tunisieannonce_01454f26106a,tunisieannonce,tunis,0.1748,False,2.94,[],"{""model_used"": ""tunis""}",isolation_forest_v2
tunisieannonce_00f93567485c,tunisieannonce,tunis,0.1625,False,3.73,[],"{""model_used"": ""tunis""}",isolation_forest_v2
tunisieannonce_014944fc82c3,tunisieannonce,tunis,0.1675,False,3.39,[],"{""model_used"": ""tunis""}",isolation_forest_v2
tunisieannonce_00fd1abfa402,tunisieannonce,tunis,0.0292,False,35.8,"[""no_images_high_price""]","{""model_used"": ""tunis""}",isolation_forest_v2
tunisieannonce_0259675a899d,tunisieannonce,tunis,0.1038,False,11.15,[],"{""model_used"": ""tunis""}",isolation_forest_v2
tunisieannonce_01a68d2cfaff,tunisieannonce,tunis,0.1419,False,5.53,[],"{""model_used"": ""tunis""}",isolation_forest_v2
tunisieannonce_020b8df56b3a,tunisieannonce,tunis,0.1675,False,3.39,"[""no_images_high_price""]","{""model_used"": ""tunis""}",isolation_forest_v2
tunisieannonce_0290cbea1104,tunisieannonce,tunis,0.0745,False,18.39,"[""no_images_high_price""]","{""model_used"": ""tunis""}",isolation_forest_v2
tunisieannonce_0287d2e9090c,tunisieannonce,tunis,0.1556,False,4.26,[],"{""model_used"": ""tunis""}",isolation_forest_v2
tunisieannonce_01bbd5782b56,tunisieannonce,tunis,0.087,False,14.92,[],"{""model_used"": ""tunis""}",isolation_forest_v2
tunisieannonce_01cf564d2b12,tunisieannonce,tunis,0.1675,False,3.39,"[""no_images_high_price""]","{""model_used"": ""tunis""}",isolation_forest_v2
tunisieannonce_02869ae2f422,tunisieannonce,tunis,0.1769,False,2.83,[],"{""model_used"": ""tunis""}",isolation_forest_v2
tunisieannonce_02a3ab07da20,tunisieannonce,tunis,0.1539,False,4.41,[],"{""model_used"": ""tunis""}",isolation_forest_v2
tunisieannonce_03156a384774,tunisieannonce,tunis,0.1599,False,3.92,[],"{""model_used"": ""tunis""}",isolation_forest_v2
tunisieannonce_033135da23fa,tunisieannonce,tunis,0.1751,False,2.93,[],"{""model_used"": ""tunis""}",isolation_forest_v2
tunisieannonce_508c2ba97cd5,tunisieannonce,tunis,0.0774,False,17.53,[],"{""model_used"": ""tunis""}",isolation_forest_v2
tunisieannonce_02fc987a8abb,tunisieannonce,tunis,0.0505,False,26.71,"[""extreme_price_per_m2""]","{""model_used"": ""tunis""}",isolation_forest_v2
tunisieannonce_0307b3044753,tunisieannonce,tunis,0.1258,False,7.48,"[""no_images_high_price""]","{""model_used"": ""tunis""}",isolation_forest_v2
tunisieannonce_0368c14fdbf0,tunisieannonce,tunis,0.186,False,2.37,[],"{""model_used"": ""tunis""}",isolation_forest_v2
tunisieannonce_037880e6e507,tunisieannonce,tunis,0.1079,False,10.36,[],"{""model_used"": ""tunis""}",isolation_forest_v2
tunisieannonce_03b6a0a40864,tunisieannonce,tunis,0.0296,False,35.63,"[""no_images_high_price""]","{""model_used"": ""tunis""}",isolation_forest_v2
tunisieannonce_04267a454063,tunisieannonce,tunis,0.1719,False,3.11,[],"{""model_used"": ""tunis""}",isolation_forest_v2
tunisieannonce_03749bb94200,tunisieannonce,tunis,0.1709,False,3.17,[],"{""model_used"": ""tunis""}",isolation_forest_v2
tunisieannonce_03f04c96da22,tunisieannonce,tunis,0.1702,False,3.22,[],"{""model_used"": ""tunis""}",isolation_forest_v2
tunisieannonce_0406fb6ac205,tunisieannonce,tunis,0.1589,False,4.0,[],"{""model_used"": ""tunis""}",isolation_forest_v2
tunisieannonce_03cbbfc39e22,tunisieannonce,tunis,0.1859,False,2.37,"[""price_too_high_for_region""]","{""model_used"": ""tunis""}",isolation_forest_v2
tunisieannonce_03da0f1df399,tunisieannonce,tunis,0.1713,False,3.15,[],"{""model_used"": ""tunis""}",isolation_forest_v2
tunisieannonce_045bde8a30f5,tunisieannonce,tunis,0.0943,False,13.17,[],"{""model_used"": ""tunis""}",isolation_forest_v2
tunisieannonce_0468be769d64,tunisieannonce,tunis,0.1516,False,4.6,[],"{""model_used"": ""tunis""}",isolation_forest_v2
tunisieannonce_04693ec5cfbd,tunisieannonce,tunis,0.1581,False,4.06,"[""no_images_high_price""]","{""model_used"": ""tunis""}",isolation_forest_v2
tunisieannonce_0464164d707f,tunisieannonce,tunis,0.1393,False,5.81,[],"{""model_used"": ""tunis""}",isolation_forest_v2
tunisieannonce_0430a4509366,tunisieannonce,tunis,0.1566,False,4.18,[],"{""model_used"": ""tunis""}",isolation_forest_v2
tunisieannonce_049bf41cd95f,tunisieannonce,tunis,0.1503,False,4.71,[],"{""model_used"": ""tunis""}",isolation_forest_v2
tunisieannonce_06847063124b,tunisieannonce,tunis,-0.0029,True,51.47,[],"{""model_used"": ""tunis""}",isolation_forest_v2
tunisieannonce_05abb1207076,tunisieannonce,tunis,0.1626,False,3.73,[],"{""model_used"": ""tunis""}",isolation_forest_v2
tunisieannonce_05c72801126e,tunisieannonce,tunis,0.0856,False,15.3,"[""no_images_high_price""]","{""model_used"": ""tunis""}",isolation_forest_v2
tunisieannonce_053c84536e7c,tunisieannonce,tunis,0.0069,False,46.58,"[""no_images_high_price""]","{""model_used"": ""tunis""}",isolation_forest_v2
tunisieannonce_0551a4c56a15,tunisieannonce,tunis,0.1028,False,11.34,[],"{""model_used"": ""tunis""}",isolation_forest_v2
tunisieannonce_053de6813d3b,tunisieannonce,tunis,0.1214,False,8.1,[],"{""model_used"": ""tunis""}",isolation_forest_v2
tunisieannonce_05f3c0431ce2,tunisieannonce,tunis,0.1728,False,3.06,[],"{""model_used"": ""tunis""}",isolation_forest_v2
tunisieannonce_05590d78d04b,tunisieannonce,tunis,0.1378,False,5.98,[],"{""model_used"": ""tunis""}",isolation_forest_v2
tunisieannonce_061503a8a58b,tunisieannonce,tunis,0.0597,False,23.26,"[""no_images_high_price""]","{""model_used"": ""tunis""}",isolation_forest_v2
tunisieannonce_0727e65110e8,tunisieannonce,tunis,0.0538,False,25.44,"[""no_images_high_price""]","{""model_used"": ""tunis""}",isolation_forest_v2
tunisieannonce_072385f98195,tunisieannonce,tunis,0.1638,False,3.64,[],"{""model_used"": ""tunis""}",isolation_forest_v2
tunisieannonce_075fed7f87a6,tunisieannonce,tunis,0.082,False,16.25,[],"{""model_used"": ""tunis""}",isolation_forest_v2
tunisieannonce_06afe10695cb,tunisieannonce,tunis,0.0923,False,13.62,"[""no_images_high_price""]","{""model_used"": ""tunis""}",isolation_forest_v2
tunisieannonce_0720e717e71d,tunisieannonce,tunis,0.1605,False,3.88,"[""no_images_high_price""]","{""model_used"": ""tunis""}",isolation_forest_v2
tunisieannonce_073b0c8b8dc5,tunisieannonce,tunis,0.096,False,12.79,[],"{""model_used"": ""tunis""}",isolation_forest_v2
tunisieannonce_088e727d9b40,tunisieannonce,tunis,0.0613,False,22.68,"[""no_images_high_price"", ""price_too_high_for_region""]","{""model_used"": ""tunis""}",isolation_forest_v2
tunisieannonce_085b1b09cab7,tunisieannonce,tunis,0.1725,False,3.08,[],"{""model_used"": ""tunis""}",isolation_forest_v2
tunisieannonce_077490ff5aa3,tunisieannonce,tunis,0.1186,False,8.53,"[""no_images_high_price""]","{""model_used"": ""tunis""}",isolation_forest_v2
tunisieannonce_076d584afc2e,tunisieannonce,tunis,0.1467,False,5.05,[],"{""model_used"": ""tunis""}",isolation_forest_v2
tunisieannonce_07e5d0bd45ff,tunisieannonce,tunis,0.1746,False,2.96,"[""no_images_high_price""]","{""model_used"": ""tunis""}",isolation_forest_v2
tunisieannonce_0935bc5caeae,tunisieannonce,tunis,0.1693,False,3.27,[],"{""model_used"": ""tunis""}",isolation_forest_v2
tunisieannonce_0914a8decb29,tunisieannonce,tunis,0.1824,False,2.54,[],"{""model_used"": ""tunis""}",isolation_forest_v2
tunisieannonce_094a54878c8b,tunisieannonce,tunis,0.0922,False,13.66,[],"{""model_used"": ""tunis""}",isolation_forest_v2
tunisieannonce_08c69987e354,tunisieannonce,tunis,0.1775,False,2.79,[],"{""model_used"": ""tunis""}",isolation_forest_v2
tunisieannonce_08a41cd2fa7c,tunisieannonce,tunis,0.1621,False,3.76,[],"{""model_used"": ""tunis""}",isolation_forest_v2
tunisieannonce_08e78c2214de,tunisieannonce,tunis,0.1574,False,4.12,[],"{""model_used"": ""tunis""}",isolation_forest_v2
tunisieannonce_08fa04fdd058,tunisieannonce,tunis,0.1677,False,3.37,[],"{""model_used"": ""tunis""}",isolation_forest_v2
tunisieannonce_09628e12a6c0,tunisieannonce,tunis,0.0655,False,21.26,"[""no_images_high_price""]","{""model_used"": ""tunis""}",isolation_forest_v2
tunisieannonce_094c6596b3bd,tunisieannonce,tunis,0.1446,False,5.25,"[""no_images_high_price""]","{""model_used"": ""tunis""}",isolation_forest_v2
tunisieannonce_099577accd09,tunisieannonce,tunis,0.096,False,12.78,"[""no_images_high_price""]","{""model_used"": ""tunis""}",isolation_forest_v2
tunisieannonce_09ac64171363,tunisieannonce,tunis,0.1724,False,3.08,[],"{""model_used"": ""tunis""}",isolation_forest_v2
tunisieannonce_09a96ed88562,tunisieannonce,tunis,0.1782,False,2.76,[],"{""model_used"": ""tunis""}",isolation_forest_v2
tunisieannonce_09848afcdda0,tunisieannonce,tunis,0.0113,False,44.35,"[""no_images_high_price""]","{""model_used"": ""tunis""}",isolation_forest_v2
tunisieannonce_0bd0d4593dbf,tunisieannonce,tunis,-0.031,True,65.02,"[""no_images_high_price"", ""extreme_price_per_m2""]","{""model_used"": ""tunis""}",isolation_forest_v2
tunisieannonce_0a38957d113e,tunisieannonce,tunis,0.1644,False,3.6,[],"{""model_used"": ""tunis""}",isolation_forest_v2
tunisieannonce_0acde6a2ca42,tunisieannonce,tunis,0.1505,False,4.7,[],"{""model_used"": ""tunis""}",isolation_forest_v2
tunisieannonce_0ac6c48c3159,tunisieannonce,tunis,0.1835,False,2.49,[],"{""model_used"": ""tunis""}",isolation_forest_v2
tunisieannonce_0a57727d2877,tunisieannonce,tunis,0.1645,False,3.59,[],"{""model_used"": ""tunis""}",isolation_forest_v2
tunisieannonce_0b29a922f73c,tunisieannonce,tunis,0.142,False,5.53,"[""no_images_high_price""]","{""model_used"": ""tunis""}",isolation_forest_v2
tunisieannonce_0a75553baa42,tunisieannonce,tunis,0.1757,False,2.89,[],"{""model_used"": ""tunis""}",isolation_forest_v2
tunisieannonce_0aa186455012,tunisieannonce,tunis,0.1785,False,2.74,[],"{""model_used"": ""tunis""}",isolation_forest_v2
tunisieannonce_0a939fa08934,tunisieannonce,tunis,0.1247,False,7.62,"[""no_images_high_price""]","{""model_used"": ""tunis""}",isolation_forest_v2
tunisieannonce_0ae8847b67f5,tunisieannonce,tunis,0.0666,False,20.89,[],"{""model_used"": ""tunis""}",isolation_forest_v2
tunisieannonce_0b3c2fe64281,tunisieannonce,tunis,0.1607,False,3.87,[],"{""model_used"": ""tunis""}",isolation_forest_v2
tunisieannonce_0ae246cd60e4,tunisieannonce,tunis,0.1874,False,2.3,[],"{""model_used"": ""tunis""}",isolation_forest_v2
tunisieannonce_0aec81343423,tunisieannonce,tunis,0.1276,False,7.23,"[""no_images_high_price""]","{""model_used"": ""tunis""}",isolation_forest_v2
tunisieannonce_10e04a58eaa3,tunisieannonce,tunis,0.1333,False,6.5,"[""no_images_high_price""]","{""model_used"": ""tunis""}",isolation_forest_v2
tunisieannonce_0b901f8d21f3,tunisieannonce,tunis,0.0503,False,26.8,[],"{""model_used"": ""tunis""}",isolation_forest_v2
tunisieannonce_0b97934ec6c4,tunisieannonce,tunis,0.1615,False,3.81,[],"{""model_used"": ""tunis""}",isolation_forest_v2
tunisieannonce_0bbb5b8bee3a,tunisieannonce,tunis,0.1878,False,2.28,[],"{""model_used"": ""tunis""}",isolation_forest_v2
tunisieannonce_0bc260983e98,tunisieannonce,tunis,0.1301,False,6.9,[],"{""model_used"": ""tunis""}",isolation_forest_v2
tunisieannonce_0be4bb434987,tunisieannonce,tunis,0.1127,False,9.5,[],"{""model_used"": ""tunis""}",isolation_forest_v2
tunisieannonce_637358fa89a7,tunisieannonce,tunis,0.1389,False,5.85,"[""no_images_high_price""]","{""model_used"": ""tunis""}",isolation_forest_v2
tunisieannonce_0ba75e2afce2,tunisieannonce,tunis,0.0984,False,12.26,[],"{""model_used"": ""tunis""}",isolation_forest_v2
tunisieannonce_0c3e1beb1853,tunisieannonce,tunis,0.1605,False,3.88,[],"{""model_used"": ""tunis""}",isolation_forest_v2
tunisieannonce_0c9aeddd5593,tunisieannonce,tunis,0.1182,False,8.6,[],"{""model_used"": ""tunis""}",isolation_forest_v2
tunisieannonce_0ce10763a4f8,tunisieannonce,tunis,0.1552,False,4.3,[],"{""model_used"": ""tunis""}",isolation_forest_v2
tunisieannonce_0c4ddb8a49d7,tunisieannonce,tunis,0.1391,False,5.83,"[""no_images_high_price""]","{""model_used"": ""tunis""}",isolation_forest_v2
tunisieannonce_0d2a534e8c8f,tunisieannonce,tunis,0.1495,False,4.79,[],"{""model_used"": ""tunis""}",isolation_forest_v2
tunisieannonce_0d109c555e9d,tunisieannonce,tunis,0.1491,False,4.82,[],"{""model_used"": ""tunis""}",isolation_forest_v2
tunisieannonce_0c7abdcdf32c,tunisieannonce,tunis,0.1616,False,3.79,[],"{""model_used"": ""tunis""}",isolation_forest_v2
tunisieannonce_0c3d2ae1d817,tunisieannonce,tunis,0.1382,False,5.93,[],"{""model_used"": ""tunis""}",isolation_forest_v2
tunisieannonce_0cb5f0564ed4,tunisieannonce,tunis,0.1679,False,3.37,[],"{""model_used"": ""tunis""}",isolation_forest_v2
tunisieannonce_0dbc92d27a1e,tunisieannonce,tunis,0.0667,False,20.85,[],"{""model_used"": ""tunis""}",isolation_forest_v2
tunisieannonce_0d9eb160d7ca,tunisieannonce,tunis,0.1609,False,3.85,[],"{""model_used"": ""tunis""}",isolation_forest_v2
tunisieannonce_0d34a1ef0e60,tunisieannonce,tunis,0.0727,False,18.95,[],"{""model_used"": ""tunis""}",isolation_forest_v2
tunisieannonce_0d3023a540db,tunisieannonce,tunis,0.1254,False,7.54,"[""no_images_high_price""]","{""model_used"": ""tunis""}",isolation_forest_v2
tunisieannonce_0d242aa4306f,tunisieannonce,tunis,0.0877,False,14.76,"[""no_images_high_price""]","{""model_used"": ""tunis""}",isolation_forest_v2
tunisieannonce_0de6d4dfd3fe,tunisieannonce,tunis,0.1532,False,4.46,"[""no_images_high_price""]","{""model_used"": ""tunis""}",isolation_forest_v2
tunisieannonce_0dd925d98dfa,tunisieannonce,tunis,0.1686,False,3.32,"[""no_images_high_price""]","{""model_used"": ""tunis""}",isolation_forest_v2
tunisieannonce_0e4481dad55d,tunisieannonce,tunis,0.1389,False,5.85,[],"{""model_used"": ""tunis""}",isolation_forest_v2
tunisieannonce_0de93a11a9d4,tunisieannonce,tunis,0.0586,False,23.64,"[""no_images_high_price""]","{""model_used"": ""tunis""}",isolation_forest_v2
tunisieannonce_0e87dba4f25d,tunisieannonce,tunis,0.1034,False,11.23,"[""no_images_high_price""]","{""model_used"": ""tunis""}",isolation_forest_v2
tunisieannonce_0e4757926032,tunisieannonce,tunis,0.1112,False,9.77,"[""no_images_high_price""]","{""model_used"": ""tunis""}",isolation_forest_v2
tunisieannonce_0eaa52929d43,tunisieannonce,tunis,0.0943,False,13.16,[],"{""model_used"": ""tunis""}",isolation_forest_v2
tunisieannonce_0e022635418c,tunisieannonce,tunis,0.1049,False,10.92,"[""no_images_high_price""]","{""model_used"": ""tunis""}",isolation_forest_v2
tunisieannonce_0df52d78b889,tunisieannonce,tunis,0.1732,False,3.04,[],"{""model_used"": ""tunis""}",isolation_forest_v2
tunisieannonce_0df019faa686,tunisieannonce,tunis,0.1341,False,6.41,"[""no_images_high_price""]","{""model_used"": ""tunis""}",isolation_forest_v2
tunisieannonce_0ee16d0d2595,tunisieannonce,tunis,0.1718,False,3.12,[],"{""model_used"": ""tunis""}",isolation_forest_v2
tunisieannonce_db1d2a04b66a,tunisieannonce,tunis,0.1428,False,5.43,[],"{""model_used"": ""tunis""}",isolation_forest_v2
tunisieannonce_0edfe060db84,tunisieannonce,tunis,0.158,False,4.07,[],"{""model_used"": ""tunis""}",isolation_forest_v2
tunisieannonce_0ef318211d40,tunisieannonce,tunis,0.0907,False,14.02,[],"{""model_used"": ""tunis""}",isolation_forest_v2
tunisieannonce_0e90bb491bab,tunisieannonce,tunis,0.1463,False,5.09,[],"{""model_used"": ""tunis""}",isolation_forest_v2
tunisieannonce_0eaf86ad1fa5,tunisieannonce,tunis,0.1669,False,3.43,[],"{""model_used"": ""tunis""}",isolation_forest_v2
tunisieannonce_0ee5e6352934,tunisieannonce,tunis,0.1718,False,3.12,[],"{""model_used"": ""tunis""}",isolation_forest_v2
tunisieannonce_0ff72381b8cd,tunisieannonce,tunis,0.1676,False,3.39,[],"{""model_used"": ""tunis""}",isolation_forest_v2
tunisieannonce_0f264139420f,tunisieannonce,tunis,0.0907,False,14.01,[],"{""model_used"": ""tunis""}",isolation_forest_v2
tunisieannonce_109da333cf6b,tunisieannonce,tunis,0.1243,False,7.69,"[""no_images_high_price""]","{""model_used"": ""tunis""}",isolation_forest_v2
tunisieannonce_10cfca54a849,tunisieannonce,tunis,0.029,False,35.88,"[""no_images_high_price""]","{""model_used"": ""tunis""}",isolation_forest_v2
tunisieannonce_11c447a1074a,tunisieannonce,tunis,0.1449,False,5.22,[],"{""model_used"": ""tunis""}",isolation_forest_v2
tunisieannonce_1129d908500e,tunisieannonce,tunis,0.1641,False,3.62,[],"{""model_used"": ""tunis""}",isolation_forest_v2
tunisieannonce_648527a93d9c,tunisieannonce,tunis,0.1685,False,3.33,[],"{""model_used"": ""tunis""}",isolation_forest_v2
tunisieannonce_1107c586a7ac,tunisieannonce,tunis,0.1643,False,3.61,[],"{""model_used"": ""tunis""}",isolation_forest_v2
tunisieannonce_110f7f440743,tunisieannonce,tunis,0.0105,False,44.78,"[""extreme_price_per_m2""]","{""model_used"": ""tunis""}",isolation_forest_v2
tunisieannonce_1194d95765ea,tunisieannonce,tunis,0.1322,False,6.64,[],"{""model_used"": ""tunis""}",isolation_forest_v2
tunisieannonce_1117f5038cd1,tunisieannonce,tunis,0.0688,False,20.15,[],"{""model_used"": ""tunis""}",isolation_forest_v2
tunisieannonce_11c03bef8b23,tunisieannonce,tunis,0.1308,False,6.81,[],"{""model_used"": ""tunis""}",isolation_forest_v2
tunisieannonce_1205996060f2,tunisieannonce,tunis,0.1633,False,3.68,"[""no_images_high_price""]","{""model_used"": ""tunis""}",isolation_forest_v2
tunisieannonce_128ed2c9c37f,tunisieannonce,tunis,0.0828,False,16.04,[],"{""model_used"": ""tunis""}",isolation_forest_v2
tunisieannonce_12cb38d0f798,tunisieannonce,tunis,0.1182,False,8.59,[],"{""model_used"": ""tunis""}",isolation_forest_v2
tunisieannonce_126eb8547b09,tunisieannonce,tunis,0.1142,False,9.24,[],"{""model_used"": ""tunis""}",isolation_forest_v2
tunisieannonce_12d6de481375,tunisieannonce,tunis,0.1589,False,4.0,[],"{""model_used"": ""tunis""}",isolation_forest_v2
tunisieannonce_652de7231c61,tunisieannonce,tunis,0.1499,False,4.75,[],"{""model_used"": ""tunis""}",isolation_forest_v2
tunisieannonce_12a9fc7a542b,tunisieannonce,tunis,0.1221,False,8.01,[],"{""model_used"": ""tunis""}",isolation_forest_v2
tunisieannonce_122dd65aae5e,tunisieannonce,tunis,0.1574,False,4.12,[],"{""model_used"": ""tunis""}",isolation_forest_v2
tunisieannonce_1316acbb0b98,tunisieannonce,tunis,0.117,False,8.79,[],"{""model_used"": ""tunis""}",isolation_forest_v2
tunisieannonce_139042b721fa,tunisieannonce,tunis,0.1848,False,2.42,[],"{""model_used"": ""tunis""}",isolation_forest_v2
tunisieannonce_12eb0752259c,tunisieannonce,tunis,0.1437,False,5.35,"[""no_images_high_price""]","{""model_used"": ""tunis""}",isolation_forest_v2
tunisieannonce_145178a3ccfa,tunisieannonce,tunis,0.0305,False,35.2,"[""no_images_high_price""]","{""model_used"": ""tunis""}",isolation_forest_v2
tunisieannonce_13211e33b977,tunisieannonce,tunis,0.1354,False,6.25,[],"{""model_used"": ""tunis""}",isolation_forest_v2
tunisieannonce_13f838802223,tunisieannonce,tunis,0.0779,False,17.38,"[""no_images_high_price""]","{""model_used"": ""tunis""}",isolation_forest_v2
tunisieannonce_1422707687ca,tunisieannonce,tunis,0.1157,False,9.0,"[""no_images_high_price""]","{""model_used"": ""tunis""}",isolation_forest_v2
tunisieannonce_130b5f496613,tunisieannonce,tunis,0.1473,False,4.99,"[""no_images_high_price""]","{""model_used"": ""tunis""}",isolation_forest_v2
tunisieannonce_13a25a9d7183,tunisieannonce,tunis,0.1526,False,4.51,[],"{""model_used"": ""tunis""}",isolation_forest_v2
tunisieannonce_14d3d6c34813,tunisieannonce,tunis,0.1839,False,2.46,[],"{""model_used"": ""tunis""}",isolation_forest_v2
tunisieannonce_151ea568d922,tunisieannonce,tunis,0.0488,False,27.37,"[""no_images_high_price""]","{""model_used"": ""tunis""}",isolation_forest_v2
tunisieannonce_15177a34f2e2,tunisieannonce,tunis,0.0949,False,13.02,"[""no_images_high_price""]","{""model_used"": ""tunis""}",isolation_forest_v2
tunisieannonce_14f241a5ffda,tunisieannonce,tunis,0.1411,False,5.61,"[""no_images_high_price""]","{""model_used"": ""tunis""}",isolation_forest_v2
tunisieannonce_15166db1e935,tunisieannonce,tunis,0.1055,False,10.81,[],"{""model_used"": ""tunis""}",isolation_forest_v2
tunisieannonce_14c2014cf693,tunisieannonce,tunis,0.096,False,12.79,"[""no_images_high_price""]","{""model_used"": ""tunis""}",isolation_forest_v2
tunisieannonce_1484c3f3a0b2,tunisieannonce,tunis,0.1376,False,6.0,[],"{""model_used"": ""tunis""}",isolation_forest_v2
tunisieannonce_153feb2a0744,tunisieannonce,tunis,0.1462,False,5.1,[],"{""model_used"": ""tunis""}",isolation_forest_v2
tunisieannonce_1563ad69b76c,tunisieannonce,tunis,0.1596,False,3.95,[],"{""model_used"": ""tunis""}",isolation_forest_v2
tunisieannonce_1540ef867535,tunisieannonce,tunis,0.1105,False,9.88,[],"{""model_used"": ""tunis""}",isolation_forest_v2
tunisieannonce_15a51926da91,tunisieannonce,tunis,0.1717,False,3.12,[],"{""model_used"": ""tunis""}",isolation_forest_v2
tunisieannonce_153563eb13f9,tunisieannonce,tunis,0.1726,False,3.07,[],"{""model_used"": ""tunis""}",isolation_forest_v2
tunisieannonce_16332bc2660b,tunisieannonce,tunis,0.1703,False,3.21,[],"{""model_used"": ""tunis""}",isolation_forest_v2
tunisieannonce_162f78214c71,tunisieannonce,tunis,0.1597,False,3.94,[],"{""model_used"": ""tunis""}",isolation_forest_v2
tunisieannonce_1603b46f7c94,tunisieannonce,tunis,0.1644,False,3.6,[],"{""model_used"": ""tunis""}",isolation_forest_v2
tunisieannonce_166425aeeabb,tunisieannonce,tunis,0.1289,False,7.06,[],"{""model_used"": ""tunis""}",isolation_forest_v2
tunisieannonce_16456a8ce2f4,tunisieannonce,tunis,0.0957,False,12.86,"[""no_images_high_price""]","{""model_used"": ""tunis""}",isolation_forest_v2
tunisieannonce_15d2458ccf03,tunisieannonce,tunis,0.1104,False,9.9,"[""no_images_high_price""]","{""model_used"": ""tunis""}",isolation_forest_v2
tunisieannonce_16fd3d5fd8d2,tunisieannonce,tunis,0.1744,False,2.96,[],"{""model_used"": ""tunis""}",isolation_forest_v2
tunisieannonce_169a10994f45,tunisieannonce,tunis,0.1509,False,4.66,[],"{""model_used"": ""tunis""}",isolation_forest_v2
tunisieannonce_167c7d7cc654,tunisieannonce,tunis,0.1684,False,3.33,[],"{""model_used"": ""tunis""}",isolation_forest_v2
tunisieannonce_166ad0db3c18,tunisieannonce,tunis,0.172,False,3.11,[],"{""model_used"": ""tunis""}",isolation_forest_v2
tunisieannonce_1692bf567567,tunisieannonce,tunis,0.1222,False,7.99,[],"{""model_used"": ""tunis""}",isolation_forest_v2
tunisieannonce_16839c856c97,tunisieannonce,tunis,0.1594,False,3.96,[],"{""model_used"": ""tunis""}",isolation_forest_v2
tunisieannonce_652f062cc334,tunisieannonce,tunis,0.0203,False,40.0,[],"{""model_used"": ""tunis""}",isolation_forest_v2
tunisieannonce_1723ac816f4d,tunisieannonce,tunis,0.1647,False,3.58,[],"{""model_used"": ""tunis""}",isolation_forest_v2
tunisieannonce_16d3a4eb710a,tunisieannonce,tunis,0.109,False,10.16,[],"{""model_used"": ""tunis""}",isolation_forest_v2
tunisieannonce_18147f746ed5,tunisieannonce,tunis,0.1701,False,3.23,[],"{""model_used"": ""tunis""}",isolation_forest_v2
tunisieannonce_1745ab6fe193,tunisieannonce,tunis,0.1526,False,4.51,[],"{""model_used"": ""tunis""}",isolation_forest_v2
tunisieannonce_17ba8a3cd592,tunisieannonce,tunis,0.1603,False,3.89,[],"{""model_used"": ""tunis""}",isolation_forest_v2
tunisieannonce_1724d18a05d8,tunisieannonce,tunis,0.1384,False,5.91,"[""no_images_high_price""]","{""model_used"": ""tunis""}",isolation_forest_v2
tunisieannonce_182df7f13060,tunisieannonce,tunis,0.1583,False,4.05,[],"{""model_used"": ""tunis""}",isolation_forest_v2
tunisieannonce_179d9ae759f3,tunisieannonce,tunis,0.1071,False,10.5,"[""no_images_high_price""]","{""model_used"": ""tunis""}",isolation_forest_v2
tunisieannonce_17a8a68ade94,tunisieannonce,tunis,0.1379,False,5.96,[],"{""model_used"": ""tunis""}",isolation_forest_v2
tunisieannonce_186619cca042,tunisieannonce,tunis,0.1314,False,6.74,"[""no_images_high_price""]","{""model_used"": ""tunis""}",isolation_forest_v2
tunisieannonce_187bf62b6cd6,tunisieannonce,tunis,0.1612,False,3.83,[],"{""model_used"": ""tunis""}",isolation_forest_v2
tunisieannonce_186c5471b7e0,tunisieannonce,tunis,0.0825,False,16.1,[],"{""model_used"": ""tunis""}",isolation_forest_v2
tunisieannonce_18feefc312a9,tunisieannonce,tunis,0.16,False,3.92,[],"{""model_used"": ""tunis""}",isolation_forest_v2
tunisieannonce_183b4e37c833,tunisieannonce,tunis,0.1508,False,4.67,[],"{""model_used"": ""tunis""}",isolation_forest_v2
tunisieannonce_18bb84f107a6,tunisieannonce,tunis,0.1427,False,5.44,[],"{""model_used"": ""tunis""}",isolation_forest_v2
tunisieannonce_187aa99c9ddb,tunisieannonce,tunis,0.1087,False,10.2,"[""no_images_high_price""]","{""model_used"": ""tunis""}",isolation_forest_v2
tunisieannonce_19d4182318c6,tunisieannonce,tunis,0.1373,False,6.04,[],"{""model_used"": ""tunis""}",isolation_forest_v2
tunisieannonce_18f90e379b8b,tunisieannonce,tunis,0.1128,False,9.49,[],"{""model_used"": ""tunis""}",isolation_forest_v2
tunisieannonce_1903b90db69f,tunisieannonce,tunis,0.1646,False,3.59,[],"{""model_used"": ""tunis""}",isolation_forest_v2
tunisieannonce_19024dc4ec3d,tunisieannonce,tunis,0.1668,False,3.44,[],"{""model_used"": ""tunis""}",isolation_forest_v2
tunisieannonce_18e266a3c2be,tunisieannonce,tunis,0.1521,False,4.56,[],"{""model_used"": ""tunis""}",isolation_forest_v2
tunisieannonce_1915bc7428c9,tunisieannonce,tunis,0.1352,False,6.27,[],"{""model_used"": ""tunis""}",isolation_forest_v2
tunisieannonce_18d9d0ad9b91,tunisieannonce,tunis,0.1566,False,4.18,"[""no_images_high_price""]","{""model_used"": ""tunis""}",isolation_forest_v2
tunisieannonce_1a2e69c32212,tunisieannonce,tunis,0.1621,False,3.76,[],"{""model_used"": ""tunis""}",isolation_forest_v2
tunisieannonce_1a57134492b6,tunisieannonce,tunis,0.1558,False,4.24,"[""no_images_high_price""]","{""model_used"": ""tunis""}",isolation_forest_v2
tunisieannonce_19be7fb7db0b,tunisieannonce,tunis,0.131,False,6.79,[],"{""model_used"": ""tunis""}",isolation_forest_v2
tunisieannonce_19f81fe03c1d,tunisieannonce,tunis,0.118,False,8.62,"[""suspected_test_price""]","{""model_used"": ""tunis""}",isolation_forest_v2
tunisieannonce_1a56a16d264a,tunisieannonce,tunis,0.1767,False,2.84,[],"{""model_used"": ""tunis""}",isolation_forest_v2
tunisieannonce_196bd89b912e,tunisieannonce,tunis,0.1596,False,3.95,[],"{""model_used"": ""tunis""}",isolation_forest_v2
tunisieannonce_44c06c1651d9,tunisieannonce,tunis,0.1343,False,6.38,[],"{""model_used"": ""tunis""}",isolation_forest_v2
tunisieannonce_1a5007b6454a,tunisieannonce,tunis,0.1299,False,6.92,"[""no_images_high_price""]","{""model_used"": ""tunis""}",isolation_forest_v2
tunisieannonce_1c235342b7aa,tunisieannonce,tunis,0.1579,False,4.08,[],"{""model_used"": ""tunis""}",isolation_forest_v2
tunisieannonce_1ae68320546e,tunisieannonce,tunis,0.1685,False,3.33,[],"{""model_used"": ""tunis""}",isolation_forest_v2
tunisieannonce_1ae4b6cc5c8c,tunisieannonce,tunis,0.1673,False,3.4,[],"{""model_used"": ""tunis""}",isolation_forest_v2
tunisieannonce_1a591338b79a,tunisieannonce,tunis,0.1224,False,7.96,"[""no_images_high_price""]","{""model_used"": ""tunis""}",isolation_forest_v2
tunisieannonce_1a5745f075e1,tunisieannonce,tunis,0.1161,False,8.94,[],"{""model_used"": ""tunis""}",isolation_forest_v2
tunisieannonce_1a7bfdd83711,tunisieannonce,tunis,0.0782,False,17.32,[],"{""model_used"": ""tunis""}",isolation_forest_v2
tunisieannonce_1a5a46681781,tunisieannonce,tunis,0.1659,False,3.49,[],"{""model_used"": ""tunis""}",isolation_forest_v2
tunisieannonce_1a7b6aa919fa,tunisieannonce,tunis,0.1666,False,3.45,[],"{""model_used"": ""tunis""}",isolation_forest_v2
tunisieannonce_1aa9070ed366,tunisieannonce,tunis,0.1605,False,3.88,[],"{""model_used"": ""tunis""}",isolation_forest_v2
tunisieannonce_1b1065d27ddd,tunisieannonce,tunis,0.1656,False,3.52,[],"{""model_used"": ""tunis""}",isolation_forest_v2
tunisieannonce_1b95ef6efcad,tunisieannonce,tunis,0.1575,False,4.11,[],"{""model_used"": ""tunis""}",isolation_forest_v2
tunisieannonce_1b06447354ae,tunisieannonce,tunis,0.1496,False,4.78,[],"{""model_used"": ""tunis""}",isolation_forest_v2
tunisieannonce_1bcad1fbed6f,tunisieannonce,tunis,0.0909,False,13.98,[],"{""model_used"": ""tunis""}",isolation_forest_v2
tunisieannonce_1b59765b0764,tunisieannonce,tunis,0.1837,False,2.48,[],"{""model_used"": ""tunis""}",isolation_forest_v2
tunisieannonce_1b6f5aa489a0,tunisieannonce,tunis,0.1419,False,5.53,"[""no_images_high_price""]","{""model_used"": ""tunis""}",isolation_forest_v2
tunisieannonce_1c89ac8a7304,tunisieannonce,tunis,0.1624,False,3.74,[],"{""model_used"": ""tunis""}",isolation_forest_v2
tunisieannonce_1c04e4cd0494,tunisieannonce,tunis,0.1543,False,4.36,"[""no_images_high_price""]","{""model_used"": ""tunis""}",isolation_forest_v2
tunisieannonce_1cd9763991ec,tunisieannonce,tunis,0.048,False,27.7,"[""suspected_test_price"", ""extreme_price_per_m2"", ""price_too_high_for_region""]","{""model_used"": ""tunis""}",isolation_forest_v2
tunisieannonce_1c6ea13c1edc,tunisieannonce,tunis,0.0151,False,42.49,"[""no_images_high_price""]","{""model_used"": ""tunis""}",isolation_forest_v2
tunisieannonce_4446da4e426f,tunisieannonce,tunis,0.1689,False,3.3,"[""suspected_test_price""]","{""model_used"": ""tunis""}",isolation_forest_v2
tunisieannonce_1ce28a9b2797,tunisieannonce,tunis,0.1766,False,2.84,[],"{""model_used"": ""tunis""}",isolation_forest_v2
tunisieannonce_1c10a52cfba0,tunisieannonce,tunis,0.1677,False,3.38,[],"{""model_used"": ""tunis""}",isolation_forest_v2
tunisieannonce_1d332ed78a3a,tunisieannonce,tunis,0.1498,False,4.76,[],"{""model_used"": ""tunis""}",isolation_forest_v2
tunisieannonce_1d1c108e8b99,tunisieannonce,tunis,0.1514,False,4.62,[],"{""model_used"": ""tunis""}",isolation_forest_v2
tunisieannonce_1d2f5bc45ddf,tunisieannonce,tunis,0.0665,False,20.91,"[""no_images_high_price""]","{""model_used"": ""tunis""}",isolation_forest_v2
tunisieannonce_1d2cba7f8d0c,tunisieannonce,tunis,0.1816,False,2.58,[],"{""model_used"": ""tunis""}",isolation_forest_v2
tunisieannonce_1d34c13c32f8,tunisieannonce,tunis,0.1645,False,3.59,[],"{""model_used"": ""tunis""}",isolation_forest_v2
tunisieannonce_c5654b64ed75,tunisieannonce,tunis,0.1713,False,3.15,[],"{""model_used"": ""tunis""}",isolation_forest_v2
tunisieannonce_1d47ccb22dde,tunisieannonce,tunis,0.1457,False,5.15,[],"{""model_used"": ""tunis""}",isolation_forest_v2
tunisieannonce_1d3b8d5467a6,tunisieannonce,tunis,0.1057,False,10.78,[],"{""model_used"": ""tunis""}",isolation_forest_v2
tunisieannonce_1d224a1f6aca,tunisieannonce,tunis,0.1729,False,3.05,[],"{""model_used"": ""tunis""}",isolation_forest_v2
tunisieannonce_1d5e0645adbf,tunisieannonce,tunis,0.1155,False,9.02,[],"{""model_used"": ""tunis""}",isolation_forest_v2
tunisieannonce_1df66c27c00e,tunisieannonce,tunis,0.05,False,26.91,[],"{""model_used"": ""tunis""}",isolation_forest_v2
tunisieannonce_1d537d2bbebf,tunisieannonce,tunis,0.1563,False,4.2,"[""no_images_high_price""]","{""model_used"": ""tunis""}",isolation_forest_v2
tunisieannonce_1d844da68565,tunisieannonce,tunis,0.1329,False,6.55,[],"{""model_used"": ""tunis""}",isolation_forest_v2
tunisieannonce_1db89dbf3a61,tunisieannonce,tunis,0.1169,False,8.81,[],"{""model_used"": ""tunis""}",isolation_forest_v2
tunisieannonce_1de5f54fc5f2,tunisieannonce,tunis,0.0161,False,42.03,[],"{""model_used"": ""tunis""}",isolation_forest_v2
tunisieannonce_1e315a1ede3f,tunisieannonce,tunis,0.157,False,4.15,"[""no_images_high_price""]","{""model_used"": ""tunis""}",isolation_forest_v2
tunisieannonce_1ebef9329f55,tunisieannonce,tunis,0.1587,False,4.02,[],"{""model_used"": ""tunis""}",isolation_forest_v2
tunisieannonce_1ec739739319,tunisieannonce,tunis,0.0099,False,45.07,"[""no_images_high_price"", ""extreme_price_per_m2"", ""price_too_high_for_region""]","{""model_used"": ""tunis""}",isolation_forest_v2
tunisieannonce_1ebcf166d6d9,tunisieannonce,tunis,0.1544,False,4.36,"[""no_images_high_price""]","{""model_used"": ""tunis""}",isolation_forest_v2
tunisieannonce_1e49ff1c6b53,tunisieannonce,tunis,0.0736,False,18.66,"[""no_images_high_price"", ""price_too_high_for_region""]","{""model_used"": ""tunis""}",isolation_forest_v2
tunisieannonce_1e5bf7fc9559,tunisieannonce,tunis,0.1145,False,9.19,[],"{""model_used"": ""tunis""}",isolation_forest_v2
tunisieannonce_1e18206c3c16,tunisieannonce,tunis,0.1634,False,3.67,[],"{""model_used"": ""tunis""}",isolation_forest_v2
tunisieannonce_1f627bb0f4c0,tunisieannonce,tunis,0.1693,False,3.27,"[""no_images_high_price""]","{""model_used"": ""tunis""}",isolation_forest_v2
tunisieannonce_1fdf4710fc27,tunisieannonce,tunis,0.1326,False,6.59,[],"{""model_used"": ""tunis""}",isolation_forest_v2
tunisieannonce_1ecc552551c3,tunisieannonce,tunis,0.1404,False,5.68,[],"{""model_used"": ""tunis""}",isolation_forest_v2
tunisieannonce_1f87239c449f,tunisieannonce,tunis,0.006,False,46.99,[],"{""model_used"": ""tunis""}",isolation_forest_v2
tunisieannonce_1fda1700362b,tunisieannonce,tunis,0.1231,False,7.85,[],"{""model_used"": ""tunis""}",isolation_forest_v2
tunisieannonce_1fef47a75618,tunisieannonce,tunis,0.1494,False,4.79,[],"{""model_used"": ""tunis""}",isolation_forest_v2
tunisieannonce_1effb02fa507,tunisieannonce,tunis,0.1586,False,4.02,[],"{""model_used"": ""tunis""}",isolation_forest_v2
tunisieannonce_1f6687c3a8e0,tunisieannonce,tunis,0.1698,False,3.24,[],"{""model_used"": ""tunis""}",isolation_forest_v2
tunisieannonce_202f43d784ea,tunisieannonce,tunis,0.1699,False,3.23,[],"{""model_used"": ""tunis""}",isolation_forest_v2
tunisieannonce_201f06a6c722,tunisieannonce,tunis,0.1597,False,3.94,[],"{""model_used"": ""tunis""}",isolation_forest_v2
tunisieannonce_1ffa4eeb121d,tunisieannonce,tunis,0.1803,False,2.64,[],"{""model_used"": ""tunis""}",isolation_forest_v2
tunisieannonce_204f1325be7c,tunisieannonce,tunis,0.1422,False,5.5,[],"{""model_used"": ""tunis""}",isolation_forest_v2
tunisieannonce_2003bc1c5d34,tunisieannonce,tunis,0.1146,False,9.17,[],"{""model_used"": ""tunis""}",isolation_forest_v2
tunisieannonce_1ff37ccbab86,tunisieannonce,tunis,0.1348,False,6.33,[],"{""model_used"": ""tunis""}",isolation_forest_v2
tunisieannonce_20455b704dfb,tunisieannonce,tunis,0.1648,False,3.57,"[""no_images_high_price""]","{""model_used"": ""tunis""}",isolation_forest_v2
tunisieannonce_205474692b7f,tunisieannonce,tunis,0.1114,False,9.73,"[""no_images_high_price""]","{""model_used"": ""tunis""}",isolation_forest_v2
tunisieannonce_209a8cf64789,tunisieannonce,tunis,0.1822,False,2.55,[],"{""model_used"": ""tunis""}",isolation_forest_v2
tunisieannonce_20ac74ff6bb6,tunisieannonce,tunis,0.1263,False,7.41,[],"{""model_used"": ""tunis""}",isolation_forest_v2
tunisieannonce_20b9dd39bfaf,tunisieannonce,tunis,0.1681,False,3.35,[],"{""model_used"": ""tunis""}",isolation_forest_v2
tunisieannonce_2064e0d11027,tunisieannonce,tunis,0.1673,False,3.4,[],"{""model_used"": ""tunis""}",isolation_forest_v2
tunisieannonce_2091e416c9b6,tunisieannonce,tunis,0.1709,False,3.17,[],"{""model_used"": ""tunis""}",isolation_forest_v2
tunisieannonce_20a33d20e091,tunisieannonce,tunis,0.1702,False,3.21,[],"{""model_used"": ""tunis""}",isolation_forest_v2
tunisieannonce_205bfc0f493b,tunisieannonce,tunis,0.1704,False,3.21,[],"{""model_used"": ""tunis""}",isolation_forest_v2
tunisieannonce_218ef1f51dad,tunisieannonce,tunis,0.1262,False,7.42,[],"{""model_used"": ""tunis""}",isolation_forest_v2
tunisieannonce_211d1037152f,tunisieannonce,tunis,0.0943,False,13.16,[],"{""model_used"": ""tunis""}",isolation_forest_v2
tunisieannonce_20ffd424a5f8,tunisieannonce,tunis,0.1172,False,8.75,[],"{""model_used"": ""tunis""}",isolation_forest_v2
tunisieannonce_219618f44562,tunisieannonce,tunis,0.1538,False,4.41,[],"{""model_used"": ""tunis""}",isolation_forest_v2
tunisieannonce_213e0501ee0f,tunisieannonce,tunis,0.1845,False,2.44,[],"{""model_used"": ""tunis""}",isolation_forest_v2
tunisieannonce_219f48bfcfe8,tunisieannonce,tunis,0.041,False,30.57,[],"{""model_used"": ""tunis""}",isolation_forest_v2
tunisieannonce_22132d25a9ef,tunisieannonce,tunis,0.1136,False,9.35,"[""no_images_high_price""]","{""model_used"": ""tunis""}",isolation_forest_v2
tunisieannonce_21ca4adade13,tunisieannonce,tunis,0.1508,False,4.67,[],"{""model_used"": ""tunis""}",isolation_forest_v2
tunisieannonce_225687ad3f48,tunisieannonce,tunis,0.1071,False,10.51,"[""no_images_high_price""]","{""model_used"": ""tunis""}",isolation_forest_v2
tunisieannonce_2202608feaa6,tunisieannonce,tunis,0.1621,False,3.76,[],"{""model_used"": ""tunis""}",isolation_forest_v2
tunisieannonce_233dbc2d1cce,tunisieannonce,tunis,0.1473,False,4.99,[],"{""model_used"": ""tunis""}",isolation_forest_v2
tunisieannonce_21f132bb3b93,tunisieannonce,tunis,0.1656,False,3.52,[],"{""model_used"": ""tunis""}",isolation_forest_v2
tunisieannonce_2266ec683b77,tunisieannonce,tunis,0.1755,False,2.9,[],"{""model_used"": ""tunis""}",isolation_forest_v2
tunisieannonce_21b91bbc4782,tunisieannonce,tunis,0.1619,False,3.78,"[""no_images_high_price""]","{""model_used"": ""tunis""}",isolation_forest_v2
tunisieannonce_226eb217d1e7,tunisieannonce,tunis,0.1725,False,3.08,[],"{""model_used"": ""tunis""}",isolation_forest_v2
tunisieannonce_22920bd6fc77,tunisieannonce,tunis,0.121,False,8.17,"[""no_images_high_price""]","{""model_used"": ""tunis""}",isolation_forest_v2
tunisieannonce_2333a4f3da14,tunisieannonce,tunis,0.1676,False,3.38,[],"{""model_used"": ""tunis""}",isolation_forest_v2
tunisieannonce_22911a35b148,tunisieannonce,tunis,0.1759,False,2.88,[],"{""model_used"": ""tunis""}",isolation_forest_v2
tunisieannonce_22fd0c6117fd,tunisieannonce,tunis,0.1216,False,8.08,[],"{""model_used"": ""tunis""}",isolation_forest_v2
tunisieannonce_234dbc7019b5,tunisieannonce,tunis,0.144,False,5.32,[],"{""model_used"": ""tunis""}",isolation_forest_v2
tunisieannonce_234642c767e4,tunisieannonce,tunis,0.0422,False,30.05,"[""no_images_high_price""]","{""model_used"": ""tunis""}",isolation_forest_v2
tunisieannonce_239a4b9bbb5d,tunisieannonce,tunis,0.157,False,4.15,"[""no_images_high_price""]","{""model_used"": ""tunis""}",isolation_forest_v2
tunisieannonce_23ec3ed60bb6,tunisieannonce,tunis,0.1442,False,5.29,"[""no_images_high_price""]","{""model_used"": ""tunis""}",isolation_forest_v2
tunisieannonce_23a791f1d38f,tunisieannonce,tunis,0.1765,False,2.85,[],"{""model_used"": ""tunis""}",isolation_forest_v2
tunisieannonce_23b17e6d24f0,tunisieannonce,tunis,0.1312,False,6.76,"[""suspected_test_price""]","{""model_used"": ""tunis""}",isolation_forest_v2
tunisieannonce_23cb610ae33c,tunisieannonce,tunis,0.16,False,3.92,[],"{""model_used"": ""tunis""}",isolation_forest_v2
tunisieannonce_25119f836bbd,tunisieannonce,tunis,0.0885,False,14.56,"[""no_images_high_price""]","{""model_used"": ""tunis""}",isolation_forest_v2
tunisieannonce_24e1fa8bb351,tunisieannonce,tunis,0.0709,False,19.5,[],"{""model_used"": ""tunis""}",isolation_forest_v2
tunisieannonce_23a69b74d64c,tunisieannonce,tunis,0.104,False,11.11,"[""no_images_high_price""]","{""model_used"": ""tunis""}",isolation_forest_v2
tunisieannonce_23cdcdcd0781,tunisieannonce,tunis,0.129,False,7.05,[],"{""model_used"": ""tunis""}",isolation_forest_v2
tunisieannonce_2457931bf6db,tunisieannonce,tunis,0.1614,False,3.81,[],"{""model_used"": ""tunis""}",isolation_forest_v2
tunisieannonce_24566b6d4d65,tunisieannonce,tunis,0.1651,False,3.55,[],"{""model_used"": ""tunis""}",isolation_forest_v2
tunisieannonce_24e6961d6bbd,tunisieannonce,tunis,0.1249,False,7.6,[],"{""model_used"": ""tunis""}",isolation_forest_v2
tunisieannonce_25bef0412b0d,tunisieannonce,tunis,0.1604,False,3.89,[],"{""model_used"": ""tunis""}",isolation_forest_v2
tunisieannonce_25a8914c5bc1,tunisieannonce,tunis,0.1711,False,3.16,[],"{""model_used"": ""tunis""}",isolation_forest_v2
tunisieannonce_254c4a889414,tunisieannonce,tunis,0.1671,False,3.42,[],"{""model_used"": ""tunis""}",isolation_forest_v2
tunisieannonce_c8f2fe0903cc,tunisieannonce,tunis,0.0175,False,41.32,"[""no_images_high_price""]","{""model_used"": ""tunis""}",isolation_forest_v2
tunisieannonce_2592ac8b6838,tunisieannonce,tunis,0.1728,False,3.06,[],"{""model_used"": ""tunis""}",isolation_forest_v2
tunisieannonce_2592917e3776,tunisieannonce,tunis,0.185,False,2.41,[],"{""model_used"": ""tunis""}",isolation_forest_v2
tunisieannonce_25cec9e29f28,tunisieannonce,tunis,0.1414,False,5.58,[],"{""model_used"": ""tunis""}",isolation_forest_v2
tunisieannonce_2b134503ad3b,tunisieannonce,tunis,0.1307,False,6.83,[],"{""model_used"": ""tunis""}",isolation_forest_v2
tunisieannonce_25f29899dcdb,tunisieannonce,tunis,0.1115,False,9.71,"[""no_images_high_price""]","{""model_used"": ""tunis""}",isolation_forest_v2
tunisieannonce_26e7547cc7ff,tunisieannonce,tunis,0.0291,False,35.85,"[""no_images_high_price""]","{""model_used"": ""tunis""}",isolation_forest_v2
tunisieannonce_26ac0a6b9e4d,tunisieannonce,tunis,0.1631,False,3.69,[],"{""model_used"": ""tunis""}",isolation_forest_v2
tunisieannonce_26d2b20ece46,tunisieannonce,tunis,0.173,False,3.05,[],"{""model_used"": ""tunis""}",isolation_forest_v2
tunisieannonce_25d97fdc9ec6,tunisieannonce,tunis,0.1166,False,8.86,"[""price_too_high_for_region""]","{""model_used"": ""tunis""}",isolation_forest_v2
tunisieannonce_2685ef7abe7d,tunisieannonce,tunis,0.1598,False,3.93,[],"{""model_used"": ""tunis""}",isolation_forest_v2
tunisieannonce_25e967c08624,tunisieannonce,tunis,0.1787,False,2.73,[],"{""model_used"": ""tunis""}",isolation_forest_v2
tunisieannonce_26d7b8c2d99e,tunisieannonce,tunis,0.1331,False,6.53,[],"{""model_used"": ""tunis""}",isolation_forest_v2
tunisieannonce_27d80ca716fe,tunisieannonce,tunis,0.1737,False,3.01,[],"{""model_used"": ""tunis""}",isolation_forest_v2
tunisieannonce_27a63288ee51,tunisieannonce,tunis,0.1631,False,3.69,[],"{""model_used"": ""tunis""}",isolation_forest_v2
tunisieannonce_2746f71fce56,tunisieannonce,tunis,0.1333,False,6.5,[],"{""model_used"": ""tunis""}",isolation_forest_v2
tunisieannonce_2787eb36396b,tunisieannonce,tunis,0.14,False,5.73,[],"{""model_used"": ""tunis""}",isolation_forest_v2
tunisieannonce_2768007c2e90,tunisieannonce,tunis,0.1358,False,6.2,[],"{""model_used"": ""tunis""}",isolation_forest_v2
tunisieannonce_27646b9bca13,tunisieannonce,tunis,0.1011,False,11.69,[],"{""model_used"": ""tunis""}",isolation_forest_v2
tunisieannonce_279a906eae74,tunisieannonce,tunis,0.1556,False,4.26,[],"{""model_used"": ""tunis""}",isolation_forest_v2
tunisieannonce_285af69f2076,tunisieannonce,tunis,0.1033,False,11.25,[],"{""model_used"": ""tunis""}",isolation_forest_v2
tunisieannonce_2811f064217e,tunisieannonce,tunis,0.0517,False,26.22,[],"{""model_used"": ""tunis""}",isolation_forest_v2
tunisieannonce_27ec8c04fb30,tunisieannonce,tunis,0.0946,False,13.09,[],"{""model_used"": ""tunis""}",isolation_forest_v2
tunisieannonce_280e4af72865,tunisieannonce,tunis,0.1811,False,2.61,[],"{""model_used"": ""tunis""}",isolation_forest_v2
tunisieannonce_288b30af0dd1,tunisieannonce,tunis,0.09,False,14.19,"[""no_images_high_price""]","{""model_used"": ""tunis""}",isolation_forest_v2
tunisieannonce_28c8ef73a11a,tunisieannonce,tunis,0.1476,False,4.97,"[""no_images_high_price""]","{""model_used"": ""tunis""}",isolation_forest_v2
tunisieannonce_2825a5075b52,tunisieannonce,tunis,0.0658,False,21.16,"[""no_images_high_price""]","{""model_used"": ""tunis""}",isolation_forest_v2
tunisieannonce_27f38440a64b,tunisieannonce,tunis,0.1368,False,6.09,[],"{""model_used"": ""tunis""}",isolation_forest_v2
tunisieannonce_28ab2626be83,tunisieannonce,tunis,0.0272,False,36.71,"[""no_images_high_price""]","{""model_used"": ""tunis""}",isolation_forest_v2
tunisieannonce_2899313f6200,tunisieannonce,tunis,0.1605,False,3.88,[],"{""model_used"": ""tunis""}",isolation_forest_v2
tunisieannonce_28eafb8c801b,tunisieannonce,tunis,0.1628,False,3.71,[],"{""model_used"": ""tunis""}",isolation_forest_v2
tunisieannonce_2985f18af07c,tunisieannonce,tunis,0.1675,False,3.39,[],"{""model_used"": ""tunis""}",isolation_forest_v2
tunisieannonce_289396c5a2d9,tunisieannonce,tunis,0.1043,False,11.05,[],"{""model_used"": ""tunis""}",isolation_forest_v2
tunisieannonce_28bfe44070ca,tunisieannonce,tunis,0.1533,False,4.45,[],"{""model_used"": ""tunis""}",isolation_forest_v2
tunisieannonce_28b9e383da44,tunisieannonce,tunis,0.1627,False,3.72,"[""no_images_high_price""]","{""model_used"": ""tunis""}",isolation_forest_v2
tunisieannonce_28bf682bfd5f,tunisieannonce,tunis,0.1569,False,4.16,[],"{""model_used"": ""tunis""}",isolation_forest_v2
tunisieannonce_29bd0ce5368c,tunisieannonce,tunis,0.176,False,2.87,[],"{""model_used"": ""tunis""}",isolation_forest_v2
tunisieannonce_299ddbf31fdc,tunisieannonce,tunis,0.082,False,16.23,[],"{""model_used"": ""tunis""}",isolation_forest_v2
tunisieannonce_299133f48ee8,tunisieannonce,tunis,0.1485,False,4.88,[],"{""model_used"": ""tunis""}",isolation_forest_v2
tunisieannonce_295b6df824e2,tunisieannonce,tunis,0.1886,False,2.25,[],"{""model_used"": ""tunis""}",isolation_forest_v2
tunisieannonce_2953ab95139c,tunisieannonce,tunis,0.1774,False,2.8,[],"{""model_used"": ""tunis""}",isolation_forest_v2
tunisieannonce_29b86daaa44d,tunisieannonce,tunis,0.1563,False,4.2,[],"{""model_used"": ""tunis""}",isolation_forest_v2
tunisieannonce_2a043ebc423a,tunisieannonce,tunis,-0.0022,True,51.08,"[""extreme_price_per_m2""]","{""model_used"": ""tunis""}",isolation_forest_v2
tunisieannonce_296c03b9e55d,tunisieannonce,tunis,0.1378,False,5.97,[],"{""model_used"": ""tunis""}",isolation_forest_v2
tunisieannonce_2a7a3e99f07e,tunisieannonce,tunis,0.1864,False,2.35,[],"{""model_used"": ""tunis""}",isolation_forest_v2
tunisieannonce_2a6bd6f563a7,tunisieannonce,tunis,0.1758,False,2.88,[],"{""model_used"": ""tunis""}",isolation_forest_v2
tunisieannonce_2a2c2895ebbd,tunisieannonce,tunis,0.1219,False,8.04,[],"{""model_used"": ""tunis""}",isolation_forest_v2
tunisieannonce_29ee88df00c8,tunisieannonce,tunis,0.1495,False,4.79,[],"{""model_used"": ""tunis""}",isolation_forest_v2
tunisieannonce_2a7d825c835b,tunisieannonce,tunis,0.1846,False,2.43,[],"{""model_used"": ""tunis""}",isolation_forest_v2
tunisieannonce_29bebb7c34c2,tunisieannonce,tunis,0.1112,False,9.76,[],"{""model_used"": ""tunis""}",isolation_forest_v2
tunisieannonce_2ac46e0683e6,tunisieannonce,tunis,0.1553,False,4.28,[],"{""model_used"": ""tunis""}",isolation_forest_v2
tunisieannonce_2abffe744fb3,tunisieannonce,tunis,0.1473,False,4.99,[],"{""model_used"": ""tunis""}",isolation_forest_v2
tunisieannonce_2ab3cdce6860,tunisieannonce,tunis,0.1186,False,8.53,"[""no_images_high_price""]","{""model_used"": ""tunis""}",isolation_forest_v2
tunisieannonce_2aa275ee265e,tunisieannonce,tunis,0.0921,False,13.67,[],"{""model_used"": ""tunis""}",isolation_forest_v2
tunisieannonce_2aa9b549c42c,tunisieannonce,tunis,0.1511,False,4.64,[],"{""model_used"": ""tunis""}",isolation_forest_v2
tunisieannonce_2ac22186d716,tunisieannonce,tunis,0.1322,False,6.64,"[""no_images_high_price""]","{""model_used"": ""tunis""}",isolation_forest_v2
tunisieannonce_2af11613c4e7,tunisieannonce,tunis,0.1457,False,5.14,[],"{""model_used"": ""tunis""}",isolation_forest_v2
tunisieannonce_2af68d2f30ff,tunisieannonce,tunis,0.1537,False,4.42,[],"{""model_used"": ""tunis""}",isolation_forest_v2
tunisieannonce_2ba0f59cff79,tunisieannonce,tunis,0.1546,False,4.35,[],"{""model_used"": ""tunis""}",isolation_forest_v2
tunisieannonce_2b240f97fa50,tunisieannonce,tunis,0.1678,False,3.37,[],"{""model_used"": ""tunis""}",isolation_forest_v2
tunisieannonce_2b3527ebdd0f,tunisieannonce,tunis,0.1152,False,9.07,[],"{""model_used"": ""tunis""}",isolation_forest_v2
tunisieannonce_2b4be0228e1d,tunisieannonce,tunis,0.1476,False,4.96,[],"{""model_used"": ""tunis""}",isolation_forest_v2
tunisieannonce_2b2bcb8277dd,tunisieannonce,tunis,0.1579,False,4.08,[],"{""model_used"": ""tunis""}",isolation_forest_v2
tunisieannonce_2b2c082e79b7,tunisieannonce,tunis,0.1134,False,9.38,"[""no_images_high_price""]","{""model_used"": ""tunis""}",isolation_forest_v2
tunisieannonce_2c3955746c45,tunisieannonce,tunis,0.1599,False,3.93,[],"{""model_used"": ""tunis""}",isolation_forest_v2
tunisieannonce_2be4ea76d55c,tunisieannonce,tunis,0.1776,False,2.79,[],"{""model_used"": ""tunis""}",isolation_forest_v2
tunisieannonce_2c48776a456c,tunisieannonce,tunis,0.1706,False,3.19,"[""no_images_high_price""]","{""model_used"": ""tunis""}",isolation_forest_v2
tunisieannonce_2bf33c9c3ca1,tunisieannonce,tunis,0.1148,False,9.14,[],"{""model_used"": ""tunis""}",isolation_forest_v2
tunisieannonce_2c4291705f3e,tunisieannonce,tunis,0.1599,False,3.93,[],"{""model_used"": ""tunis""}",isolation_forest_v2
tunisieannonce_2c2a7588a1e9,tunisieannonce,tunis,0.0655,False,21.26,"[""no_images_high_price""]","{""model_used"": ""tunis""}",isolation_forest_v2
tunisieannonce_2c49fbcbc845,tunisieannonce,tunis,0.1222,False,7.99,"[""no_images_high_price""]","{""model_used"": ""tunis""}",isolation_forest_v2
tunisieannonce_2dbdbed11011,tunisieannonce,tunis,0.1628,False,3.71,"[""no_images_high_price""]","{""model_used"": ""tunis""}",isolation_forest_v2
tunisieannonce_2cf1fd9dc485,tunisieannonce,tunis,0.1001,False,11.91,[],"{""model_used"": ""tunis""}",isolation_forest_v2
tunisieannonce_2c93a34a2c86,tunisieannonce,tunis,0.1223,False,7.98,"[""no_images_high_price""]","{""model_used"": ""tunis""}",isolation_forest_v2
tunisieannonce_2f3b3d5bc278,tunisieannonce,tunis,0.1581,False,4.07,[],"{""model_used"": ""tunis""}",isolation_forest_v2
tunisieannonce_2ce57115435c,tunisieannonce,tunis,0.132,False,6.66,[],"{""model_used"": ""tunis""}",isolation_forest_v2
tunisieannonce_2cdcec61d586,tunisieannonce,tunis,0.1356,False,6.22,[],"{""model_used"": ""tunis""}",isolation_forest_v2
tunisieannonce_2caa6e036de6,tunisieannonce,tunis,0.1615,False,3.8,[],"{""model_used"": ""tunis""}",isolation_forest_v2
tunisieannonce_2c6e42e55188,tunisieannonce,tunis,0.175,False,2.93,[],"{""model_used"": ""tunis""}",isolation_forest_v2
tunisieannonce_2e3bc8ce8ebb,tunisieannonce,tunis,0.1698,False,3.24,[],"{""model_used"": ""tunis""}",isolation_forest_v2
tunisieannonce_2e14c2ee40c3,tunisieannonce,tunis,0.1566,False,4.18,"[""no_images_high_price""]","{""model_used"": ""tunis""}",isolation_forest_v2
tunisieannonce_2ec88ce3f168,tunisieannonce,tunis,0.0308,False,35.09,"[""no_images_high_price""]","{""model_used"": ""tunis""}",isolation_forest_v2
tunisieannonce_2ea4acb7a101,tunisieannonce,tunis,0.1569,False,4.16,"[""no_images_high_price""]","{""model_used"": ""tunis""}",isolation_forest_v2
tunisieannonce_2e1c52dbeeaf,tunisieannonce,tunis,0.131,False,6.79,[],"{""model_used"": ""tunis""}",isolation_forest_v2
tunisieannonce_2f734aa7a7e5,tunisieannonce,tunis,0.1657,False,3.51,[],"{""model_used"": ""tunis""}",isolation_forest_v2
tunisieannonce_2ed67fd520a3,tunisieannonce,tunis,0.0338,False,33.7,"[""no_images_high_price""]","{""model_used"": ""tunis""}",isolation_forest_v2
tunisieannonce_2f78eeabe70e,tunisieannonce,tunis,0.1826,False,2.53,[],"{""model_used"": ""tunis""}",isolation_forest_v2
tunisieannonce_2f48e42708d9,tunisieannonce,tunis,0.1241,False,7.71,[],"{""model_used"": ""tunis""}",isolation_forest_v2
tunisieannonce_2f57b0ccb302,tunisieannonce,tunis,0.0811,False,16.49,[],"{""model_used"": ""tunis""}",isolation_forest_v2
tunisieannonce_2f4de7295a5a,tunisieannonce,tunis,0.1561,False,4.22,[],"{""model_used"": ""tunis""}",isolation_forest_v2
tunisieannonce_2fb781415683,tunisieannonce,tunis,0.1552,False,4.29,[],"{""model_used"": ""tunis""}",isolation_forest_v2
tunisieannonce_3024b54c8646,tunisieannonce,tunis,0.1222,False,7.99,[],"{""model_used"": ""tunis""}",isolation_forest_v2
tunisieannonce_2fcf9bec8c25,tunisieannonce,tunis,0.1277,False,7.21,[],"{""model_used"": ""tunis""}",isolation_forest_v2
tunisieannonce_2fbb272e7eeb,tunisieannonce,tunis,0.0314,False,34.81,"[""no_images_high_price""]","{""model_used"": ""tunis""}",isolation_forest_v2
tunisieannonce_2fadf3e06544,tunisieannonce,tunis,0.087,False,14.93,[],"{""model_used"": ""tunis""}",isolation_forest_v2
tunisieannonce_2fa470c21bf3,tunisieannonce,tunis,0.1447,False,5.24,[],"{""model_used"": ""tunis""}",isolation_forest_v2
tunisieannonce_31f1737f5415,tunisieannonce,tunis,0.1796,False,2.68,[],"{""model_used"": ""tunis""}",isolation_forest_v2
tunisieannonce_30ea16790b42,tunisieannonce,tunis,0.0769,False,17.67,"[""no_images_high_price""]","{""model_used"": ""tunis""}",isolation_forest_v2
tunisieannonce_30ba0e46a952,tunisieannonce,tunis,0.1168,False,8.82,[],"{""model_used"": ""tunis""}",isolation_forest_v2
tunisieannonce_30ad2e2320ec,tunisieannonce,tunis,0.0781,False,17.34,[],"{""model_used"": ""tunis""}",isolation_forest_v2
tunisieannonce_3038f28f5a0c,tunisieannonce,tunis,0.1577,False,4.09,[],"{""model_used"": ""tunis""}",isolation_forest_v2
tunisieannonce_3511b9f00dac,tunisieannonce,tunis,0.1389,False,5.85,"[""no_images_high_price""]","{""model_used"": ""tunis""}",isolation_forest_v2
tunisieannonce_30407dcd9318,tunisieannonce,tunis,0.1871,False,2.31,[],"{""model_used"": ""tunis""}",isolation_forest_v2
tunisieannonce_305e2eb89baf,tunisieannonce,tunis,0.1391,False,5.83,[],"{""model_used"": ""tunis""}",isolation_forest_v2
tunisieannonce_310e9320ded0,tunisieannonce,tunis,0.0886,False,14.53,"[""no_images_high_price""]","{""model_used"": ""tunis""}",isolation_forest_v2
tunisieannonce_323d87f1f9a7,tunisieannonce,tunis,0.1606,False,3.87,[],"{""model_used"": ""tunis""}",isolation_forest_v2
tunisieannonce_325ab4eb2eff,tunisieannonce,tunis,0.1766,False,2.84,[],"{""model_used"": ""tunis""}",isolation_forest_v2
tunisieannonce_328e00ee69b7,tunisieannonce,tunis,0.137,False,6.06,[],"{""model_used"": ""tunis""}",isolation_forest_v2
tunisieannonce_31bca9b4fba6,tunisieannonce,tunis,0.173,False,3.05,[],"{""model_used"": ""tunis""}",isolation_forest_v2
tunisieannonce_3412a1258c0b,tunisieannonce,tunis,0.1762,False,2.86,[],"{""model_used"": ""tunis""}",isolation_forest_v2
tunisieannonce_31595d929680,tunisieannonce,tunis,0.0934,False,13.39,"[""no_images_high_price""]","{""model_used"": ""tunis""}",isolation_forest_v2
tunisieannonce_33c44ec763a8,tunisieannonce,tunis,0.165,False,3.56,[],"{""model_used"": ""tunis""}",isolation_forest_v2
tunisieannonce_3324c774bc68,tunisieannonce,tunis,0.1802,False,2.65,[],"{""model_used"": ""tunis""}",isolation_forest_v2
tunisieannonce_330806f58127,tunisieannonce,tunis,0.1768,False,2.83,[],"{""model_used"": ""tunis""}",isolation_forest_v2
tunisieannonce_32c9f04fe454,tunisieannonce,tunis,0.0828,False,16.03,[],"{""model_used"": ""tunis""}",isolation_forest_v2
tunisieannonce_33b824baf06c,tunisieannonce,tunis,0.0772,False,17.61,[],"{""model_used"": ""tunis""}",isolation_forest_v2
tunisieannonce_32c4a2e84b86,tunisieannonce,tunis,0.1469,False,5.03,[],"{""model_used"": ""tunis""}",isolation_forest_v2
tunisieannonce_33f05c669ec4,tunisieannonce,tunis,0.1339,False,6.43,"[""no_images_high_price""]","{""model_used"": ""tunis""}",isolation_forest_v2
tunisieannonce_35056cd3ee2e,tunisieannonce,tunis,0.1618,False,3.78,[],"{""model_used"": ""tunis""}",isolation_forest_v2
tunisieannonce_34f5967623f6,tunisieannonce,tunis,0.1543,False,4.37,[],"{""model_used"": ""tunis""}",isolation_forest_v2
tunisieannonce_445431929246,tunisieannonce,tunis,0.1827,False,2.52,[],"{""model_used"": ""tunis""}",isolation_forest_v2
tunisieannonce_3451ecdb5a16,tunisieannonce,tunis,0.1412,False,5.6,[],"{""model_used"": ""tunis""}",isolation_forest_v2
tunisieannonce_34e136333672,tunisieannonce,tunis,0.1244,False,7.67,[],"{""model_used"": ""tunis""}",isolation_forest_v2
tunisieannonce_34a773a6c668,tunisieannonce,tunis,0.1726,False,3.07,[],"{""model_used"": ""tunis""}",isolation_forest_v2
tunisieannonce_3460372b56ef,tunisieannonce,tunis,0.1439,False,5.33,[],"{""model_used"": ""tunis""}",isolation_forest_v2
tunisieannonce_ab20b6858e59,tunisieannonce,tunis,0.0998,False,11.97,[],"{""model_used"": ""tunis""}",isolation_forest_v2
tunisieannonce_34b5103319c5,tunisieannonce,tunis,0.1741,False,2.98,[],"{""model_used"": ""tunis""}",isolation_forest_v2
tunisieannonce_35462656addd,tunisieannonce,tunis,0.0189,False,40.65,"[""no_images_high_price""]","{""model_used"": ""tunis""}",isolation_forest_v2
tunisieannonce_357d9d2c733c,tunisieannonce,tunis,0.1816,False,2.58,[],"{""model_used"": ""tunis""}",isolation_forest_v2
tunisieannonce_35fcac4a6215,tunisieannonce,tunis,0.1216,False,8.07,[],"{""model_used"": ""tunis""}",isolation_forest_v2
tunisieannonce_351aeaf65d09,tunisieannonce,tunis,0.169,False,3.29,[],"{""model_used"": ""tunis""}",isolation_forest_v2
tunisieannonce_353900532643,tunisieannonce,tunis,0.0941,False,13.22,"[""no_images_high_price""]","{""model_used"": ""tunis""}",isolation_forest_v2
tunisieannonce_351dbe69fad1,tunisieannonce,tunis,0.0664,False,20.96,"[""no_images_high_price""]","{""model_used"": ""tunis""}",isolation_forest_v2
tunisieannonce_352ffd48c84c,tunisieannonce,tunis,0.0529,False,25.77,[],"{""model_used"": ""tunis""}",isolation_forest_v2
tunisieannonce_359464efac1e,tunisieannonce,tunis,0.0948,False,13.07,"[""price_too_high_for_region""]","{""model_used"": ""tunis""}",isolation_forest_v2
tunisieannonce_355ea5dc9b5b,tunisieannonce,tunis,0.1631,False,3.69,"[""suspected_test_price""]","{""model_used"": ""tunis""}",isolation_forest_v2
tunisieannonce_364fdf328ffa,tunisieannonce,tunis,-0.0177,True,58.78,"[""no_images_high_price""]","{""model_used"": ""tunis""}",isolation_forest_v2
tunisieannonce_362761486af8,tunisieannonce,tunis,0.1254,False,7.53,[],"{""model_used"": ""tunis""}",isolation_forest_v2
tunisieannonce_36aa7f083ed6,tunisieannonce,tunis,0.181,False,2.61,[],"{""model_used"": ""tunis""}",isolation_forest_v2
tunisieannonce_3648f1b67ee8,tunisieannonce,tunis,0.1236,False,7.78,[],"{""model_used"": ""tunis""}",isolation_forest_v2
tunisieannonce_36145fbed1ac,tunisieannonce,tunis,0.1601,False,3.91,"[""no_images_high_price""]","{""model_used"": ""tunis""}",isolation_forest_v2
tunisieannonce_36a9a39871b1,tunisieannonce,tunis,0.1874,False,2.3,[],"{""model_used"": ""tunis""}",isolation_forest_v2
tunisieannonce_3787fa89424f,tunisieannonce,tunis,0.1733,False,3.03,[],"{""model_used"": ""tunis""}",isolation_forest_v2
tunisieannonce_373eb5068f00,tunisieannonce,tunis,0.1055,False,10.82,[],"{""model_used"": ""tunis""}",isolation_forest_v2
tunisieannonce_370e89d38223,tunisieannonce,tunis,0.1619,False,3.78,[],"{""model_used"": ""tunis""}",isolation_forest_v2
tunisieannonce_36e3954244b5,tunisieannonce,tunis,0.1642,False,3.61,[],"{""model_used"": ""tunis""}",isolation_forest_v2
tunisieannonce_36edf357b72f,tunisieannonce,tunis,0.1496,False,4.78,[],"{""model_used"": ""tunis""}",isolation_forest_v2
tunisieannonce_372e502b5423,tunisieannonce,tunis,0.0667,False,20.84,[],"{""model_used"": ""tunis""}",isolation_forest_v2
tunisieannonce_37cf5e34568f,tunisieannonce,tunis,0.168,False,3.36,[],"{""model_used"": ""tunis""}",isolation_forest_v2
tunisieannonce_37d4ceb50547,tunisieannonce,tunis,0.0563,False,24.47,[],"{""model_used"": ""tunis""}",isolation_forest_v2
tunisieannonce_384160d4f8e9,tunisieannonce,tunis,0.1741,False,2.98,[],"{""model_used"": ""tunis""}",isolation_forest_v2
tunisieannonce_37d990ac1b09,tunisieannonce,tunis,0.1286,False,7.1,"[""no_images_high_price""]","{""model_used"": ""tunis""}",isolation_forest_v2
tunisieannonce_37f5d734cc8f,tunisieannonce,tunis,0.0507,False,26.63,[],"{""model_used"": ""tunis""}",isolation_forest_v2
tunisieannonce_37db4b8ee7b2,tunisieannonce,tunis,0.0768,False,17.71,[],"{""model_used"": ""tunis""}",isolation_forest_v2
tunisieannonce_38a97fb01111,tunisieannonce,tunis,0.1319,False,6.67,[],"{""model_used"": ""tunis""}",isolation_forest_v2
tunisieannonce_3914bcc606bf,tunisieannonce,tunis,0.1495,False,4.78,[],"{""model_used"": ""tunis""}",isolation_forest_v2
tunisieannonce_39fccdb6b2fd,tunisieannonce,tunis,0.1476,False,4.96,[],"{""model_used"": ""tunis""}",isolation_forest_v2
tunisieannonce_3947d02e31c5,tunisieannonce,tunis,0.1749,False,2.94,[],"{""model_used"": ""tunis""}",isolation_forest_v2
tunisieannonce_39208223e449,tunisieannonce,tunis,0.1856,False,2.39,[],"{""model_used"": ""tunis""}",isolation_forest_v2
tunisieannonce_38ff3225010d,tunisieannonce,tunis,0.0555,False,24.79,"[""no_images_high_price""]","{""model_used"": ""tunis""}",isolation_forest_v2
tunisieannonce_397b762133fe,tunisieannonce,tunis,0.0901,False,14.17,"[""no_images_high_price""]","{""model_used"": ""tunis""}",isolation_forest_v2
tunisieannonce_394a652f8db6,tunisieannonce,tunis,0.1673,False,3.4,[],"{""model_used"": ""tunis""}",isolation_forest_v2
tunisieannonce_ca56f17f4b55,tunisieannonce,tunis,0.1564,False,4.19,[],"{""model_used"": ""tunis""}",isolation_forest_v2
tunisieannonce_39c8ffbfbff8,tunisieannonce,tunis,0.1751,False,2.92,[],"{""model_used"": ""tunis""}",isolation_forest_v2
tunisieannonce_3a2aef5b7c0f,tunisieannonce,tunis,0.1267,False,7.35,"[""no_images_high_price""]","{""model_used"": ""tunis""}",isolation_forest_v2
tunisieannonce_39eb24d0cb91,tunisieannonce,tunis,0.1789,False,2.72,[],"{""model_used"": ""tunis""}",isolation_forest_v2
tunisieannonce_39f994465fe1,tunisieannonce,tunis,0.0647,False,21.51,"[""no_images_high_price""]","{""model_used"": ""tunis""}",isolation_forest_v2
tunisieannonce_39ad5a5484f2,tunisieannonce,tunis,0.1805,False,2.64,[],"{""model_used"": ""tunis""}",isolation_forest_v2
tunisieannonce_3ab6cf5178b7,tunisieannonce,tunis,0.1633,False,3.68,[],"{""model_used"": ""tunis""}",isolation_forest_v2
tunisieannonce_3b4e7c45598f,tunisieannonce,tunis,0.1572,False,4.13,[],"{""model_used"": ""tunis""}",isolation_forest_v2
tunisieannonce_3ae74b6e3cce,tunisieannonce,tunis,0.1027,False,11.36,[],"{""model_used"": ""tunis""}",isolation_forest_v2
tunisieannonce_3ab7872ce32a,tunisieannonce,tunis,0.1387,False,5.88,[],"{""model_used"": ""tunis""}",isolation_forest_v2
tunisieannonce_3af71ada6b3d,tunisieannonce,tunis,0.1229,False,7.89,"[""no_images_high_price""]","{""model_used"": ""tunis""}",isolation_forest_v2
tunisieannonce_3a9f4f094009,tunisieannonce,tunis,0.1532,False,4.46,"[""no_images_high_price""]","{""model_used"": ""tunis""}",isolation_forest_v2
tunisieannonce_3b14bc9cd72a,tunisieannonce,tunis,0.1378,False,5.97,[],"{""model_used"": ""tunis""}",isolation_forest_v2
tunisieannonce_3b084eff09ba,tunisieannonce,tunis,0.0921,False,13.68,"[""no_images_high_price""]","{""model_used"": ""tunis""}",isolation_forest_v2
tunisieannonce_3c372976aced,tunisieannonce,tunis,0.1725,False,3.08,[],"{""model_used"": ""tunis""}",isolation_forest_v2
tunisieannonce_3c21581f909f,tunisieannonce,tunis,0.1484,False,4.89,[],"{""model_used"": ""tunis""}",isolation_forest_v2
tunisieannonce_3b7f0e9a0e4b,tunisieannonce,tunis,0.1247,False,7.63,[],"{""model_used"": ""tunis""}",isolation_forest_v2
tunisieannonce_3bb8f2950b00,tunisieannonce,tunis,0.1723,False,3.09,[],"{""model_used"": ""tunis""}",isolation_forest_v2
tunisieannonce_3c2692a82cf8,tunisieannonce,tunis,0.1475,False,4.97,[],"{""model_used"": ""tunis""}",isolation_forest_v2
tunisieannonce_3bcc8d26ccf9,tunisieannonce,tunis,0.1019,False,11.52,[],"{""model_used"": ""tunis""}",isolation_forest_v2
tunisieannonce_ef7697c9101f,tunisieannonce,tunis,0.0784,False,17.26,[],"{""model_used"": ""tunis""}",isolation_forest_v2
tunisieannonce_3c76d2e866ea,tunisieannonce,tunis,0.1755,False,2.9,[],"{""model_used"": ""tunis""}",isolation_forest_v2
tunisieannonce_3c6ad23b4193,tunisieannonce,tunis,0.1875,False,2.3,[],"{""model_used"": ""tunis""}",isolation_forest_v2
tunisieannonce_3cc185a692e7,tunisieannonce,tunis,0.1514,False,4.62,"[""no_images_high_price""]","{""model_used"": ""tunis""}",isolation_forest_v2
tunisieannonce_3d148c7a29da,tunisieannonce,tunis,0.1598,False,3.93,[],"{""model_used"": ""tunis""}",isolation_forest_v2
tunisieannonce_3cd9263973b9,tunisieannonce,tunis,0.1543,False,4.37,"[""no_images_high_price""]","{""model_used"": ""tunis""}",isolation_forest_v2
tunisieannonce_3cd8f1b429cd,tunisieannonce,tunis,0.1447,False,5.25,[],"{""model_used"": ""tunis""}",isolation_forest_v2
tunisieannonce_3c6dd4490686,tunisieannonce,tunis,0.0606,False,22.95,[],"{""model_used"": ""tunis""}",isolation_forest_v2
tunisieannonce_3dc00a81d9f0,tunisieannonce,tunis,0.1328,False,6.57,[],"{""model_used"": ""tunis""}",isolation_forest_v2
tunisieannonce_3d4752c24e53,tunisieannonce,tunis,0.0507,False,26.64,"[""no_images_high_price""]","{""model_used"": ""tunis""}",isolation_forest_v2
tunisieannonce_acb53faca082,tunisieannonce,tunis,0.1754,False,2.91,[],"{""model_used"": ""tunis""}",isolation_forest_v2
tunisieannonce_3dfa7ff36410,tunisieannonce,tunis,0.1651,False,3.55,[],"{""model_used"": ""tunis""}",isolation_forest_v2
tunisieannonce_3d48b7ac3756,tunisieannonce,tunis,0.1622,False,3.75,[],"{""model_used"": ""tunis""}",isolation_forest_v2
tunisieannonce_3e07726b1f39,tunisieannonce,tunis,0.1285,False,7.11,[],"{""model_used"": ""tunis""}",isolation_forest_v2
tunisieannonce_3e0c80de0ea8,tunisieannonce,tunis,0.1176,False,8.69,"[""no_images_high_price""]","{""model_used"": ""tunis""}",isolation_forest_v2
tunisieannonce_3e52fec83fd8,tunisieannonce,tunis,0.0771,False,17.63,"[""no_images_high_price""]","{""model_used"": ""tunis""}",isolation_forest_v2
tunisieannonce_3e6c885e145e,tunisieannonce,tunis,0.1395,False,5.79,[],"{""model_used"": ""tunis""}",isolation_forest_v2
tunisieannonce_3e209c670b48,tunisieannonce,tunis,0.1705,False,3.2,[],"{""model_used"": ""tunis""}",isolation_forest_v2
tunisieannonce_3e0dd355f64a,tunisieannonce,tunis,0.1524,False,4.53,"[""no_images_high_price""]","{""model_used"": ""tunis""}",isolation_forest_v2
tunisieannonce_3e3fe08a6079,tunisieannonce,tunis,0.1689,False,3.3,[],"{""model_used"": ""tunis""}",isolation_forest_v2
tunisieannonce_3e351e9017c6,tunisieannonce,tunis,0.062,False,22.44,"[""no_images_high_price""]","{""model_used"": ""tunis""}",isolation_forest_v2
tunisieannonce_40df5cc5b776,tunisieannonce,tunis,0.1446,False,5.26,"[""no_images_high_price""]","{""model_used"": ""tunis""}",isolation_forest_v2
tunisieannonce_3e314a411cc5,tunisieannonce,tunis,0.1764,False,2.85,[],"{""model_used"": ""tunis""}",isolation_forest_v2
tunisieannonce_3e4165c83f86,tunisieannonce,tunis,0.1214,False,8.1,[],"{""model_used"": ""tunis""}",isolation_forest_v2
tunisieannonce_3e1c50ff0464,tunisieannonce,tunis,0.0173,False,41.45,"[""extreme_price_per_m2""]","{""model_used"": ""tunis""}",isolation_forest_v2
tunisieannonce_3f0e3508c949,tunisieannonce,tunis,0.1775,False,2.79,[],"{""model_used"": ""tunis""}",isolation_forest_v2
tunisieannonce_4072d5bb68bc,tunisieannonce,tunis,0.1342,False,6.39,[],"{""model_used"": ""tunis""}",isolation_forest_v2
tunisieannonce_3eb06934c530,tunisieannonce,tunis,0.129,False,7.04,"[""no_images_high_price""]","{""model_used"": ""tunis""}",isolation_forest_v2
tunisieannonce_3f768c3d7534,tunisieannonce,tunis,0.0909,False,13.96,[],"{""model_used"": ""tunis""}",isolation_forest_v2
tunisieannonce_3e7abf575811,tunisieannonce,tunis,0.1656,False,3.52,[],"{""model_used"": ""tunis""}",isolation_forest_v2
tunisieannonce_3f4d43ae4f92,tunisieannonce,tunis,0.162,False,3.77,[],"{""model_used"": ""tunis""}",isolation_forest_v2
tunisieannonce_3f5bc29c51e3,tunisieannonce,tunis,0.1376,False,6.0,[],"{""model_used"": ""tunis""}",isolation_forest_v2
tunisieannonce_3fc151489f3d,tunisieannonce,tunis,0.1478,False,4.94,[],"{""model_used"": ""tunis""}",isolation_forest_v2
tunisieannonce_400ec7d5c687,tunisieannonce,tunis,-0.0259,True,62.66,"[""no_images_high_price"", ""price_too_high_for_region""]","{""model_used"": ""tunis""}",isolation_forest_v2
tunisieannonce_3f78cdbd8e30,tunisieannonce,tunis,0.1771,False,2.81,[],"{""model_used"": ""tunis""}",isolation_forest_v2
tunisieannonce_3f9984df6e1e,tunisieannonce,tunis,0.1636,False,3.66,[],"{""model_used"": ""tunis""}",isolation_forest_v2
tunisieannonce_404de3e2560f,tunisieannonce,tunis,0.0731,False,18.82,[],"{""model_used"": ""tunis""}",isolation_forest_v2
tunisieannonce_4032ada95e7c,tunisieannonce,tunis,0.1348,False,6.32,"[""no_images_high_price""]","{""model_used"": ""tunis""}",isolation_forest_v2
tunisieannonce_405d0fa2c7b8,tunisieannonce,tunis,0.1568,False,4.17,[],"{""model_used"": ""tunis""}",isolation_forest_v2
tunisieannonce_41095e7ba91a,tunisieannonce,tunis,0.1835,False,2.49,[],"{""model_used"": ""tunis""}",isolation_forest_v2
tunisieannonce_405e734d0681,tunisieannonce,tunis,0.152,False,4.57,[],"{""model_used"": ""tunis""}",isolation_forest_v2
tunisieannonce_41061e733d81,tunisieannonce,tunis,0.1145,False,9.19,[],"{""model_used"": ""tunis""}",isolation_forest_v2
tunisieannonce_407d75362a9a,tunisieannonce,tunis,0.1718,False,3.12,[],"{""model_used"": ""tunis""}",isolation_forest_v2
tunisieannonce_40fd169a12d5,tunisieannonce,tunis,0.1426,False,5.46,[],"{""model_used"": ""tunis""}",isolation_forest_v2
tunisieannonce_41d850a026b5,tunisieannonce,tunis,0.1818,False,2.57,[],"{""model_used"": ""tunis""}",isolation_forest_v2
tunisieannonce_ac3d9dc6c510,tunisieannonce,tunis,0.0778,False,17.43,[],"{""model_used"": ""tunis""}",isolation_forest_v2
tunisieannonce_41fa3f6ac913,tunisieannonce,tunis,0.1689,False,3.3,[],"{""model_used"": ""tunis""}",isolation_forest_v2
tunisieannonce_41f46228cad0,tunisieannonce,tunis,0.1533,False,4.45,[],"{""model_used"": ""tunis""}",isolation_forest_v2
tunisieannonce_412fdf2445ef,tunisieannonce,tunis,0.0788,False,17.13,[],"{""model_used"": ""tunis""}",isolation_forest_v2
tunisieannonce_411fd40bf3ee,tunisieannonce,tunis,0.1193,False,8.43,[],"{""model_used"": ""tunis""}",isolation_forest_v2
tunisieannonce_4272da4e662b,tunisieannonce,tunis,0.135,False,6.29,[],"{""model_used"": ""tunis""}",isolation_forest_v2
tunisieannonce_42140cc3ca8d,tunisieannonce,tunis,0.075,False,18.23,"[""no_images_high_price""]","{""model_used"": ""tunis""}",isolation_forest_v2
tunisieannonce_428def87d6fd,tunisieannonce,tunis,0.1301,False,6.9,[],"{""model_used"": ""tunis""}",isolation_forest_v2
tunisieannonce_42e314f998d7,tunisieannonce,tunis,0.1699,False,3.24,[],"{""model_used"": ""tunis""}",isolation_forest_v2
tunisieannonce_4233082bee5b,tunisieannonce,tunis,0.1468,False,5.04,[],"{""model_used"": ""tunis""}",isolation_forest_v2
tunisieannonce_421fdb7b6a0c,tunisieannonce,tunis,0.1449,False,5.23,[],"{""model_used"": ""tunis""}",isolation_forest_v2
tunisieannonce_42b8bccf0a2c,tunisieannonce,tunis,-0.0506,True,73.34,[],"{""model_used"": ""tunis""}",isolation_forest_v2
tunisieannonce_4203e87eda94,tunisieannonce,tunis,0.0736,False,18.65,[],"{""model_used"": ""tunis""}",isolation_forest_v2
tunisieannonce_425031fbca4a,tunisieannonce,tunis,0.1286,False,7.1,[],"{""model_used"": ""tunis""}",isolation_forest_v2
tunisieannonce_4330117f5b20,tunisieannonce,tunis,0.122,False,8.02,[],"{""model_used"": ""tunis""}",isolation_forest_v2
tunisieannonce_430d62475abb,tunisieannonce,tunis,0.1254,False,7.54,[],"{""model_used"": ""tunis""}",isolation_forest_v2
tunisieannonce_431ec0b30e06,tunisieannonce,tunis,0.1526,False,4.51,"[""no_images_high_price""]","{""model_used"": ""tunis""}",isolation_forest_v2
tunisieannonce_43316239f019,tunisieannonce,tunis,0.1815,False,2.58,[],"{""model_used"": ""tunis""}",isolation_forest_v2
tunisieannonce_430b226dd4be,tunisieannonce,tunis,0.0519,False,26.15,"[""no_images_high_price""]","{""model_used"": ""tunis""}",isolation_forest_v2
tunisieannonce_43359b97e9c9,tunisieannonce,tunis,0.1175,False,8.71,"[""no_images_high_price""]","{""model_used"": ""tunis""}",isolation_forest_v2
tunisieannonce_442e522606f3,tunisieannonce,tunis,0.182,False,2.56,[],"{""model_used"": ""tunis""}",isolation_forest_v2
tunisieannonce_439514783af4,tunisieannonce,tunis,0.1344,False,6.37,"[""no_images_high_price""]","{""model_used"": ""tunis""}",isolation_forest_v2
tunisieannonce_438cb74e4f5a,tunisieannonce,tunis,0.1614,False,3.81,[],"{""model_used"": ""tunis""}",isolation_forest_v2
tunisieannonce_44d5963c25a2,tunisieannonce,tunis,0.1399,False,5.74,"[""no_images_high_price""]","{""model_used"": ""tunis""}",isolation_forest_v2
tunisieannonce_44cc78f07353,tunisieannonce,tunis,0.1865,False,2.34,[],"{""model_used"": ""tunis""}",isolation_forest_v2
tunisieannonce_4550d80a1b71,tunisieannonce,tunis,0.1308,False,6.81,[],"{""model_used"": ""tunis""}",isolation_forest_v2
tunisieannonce_451517acfa75,tunisieannonce,tunis,0.1636,False,3.65,[],"{""model_used"": ""tunis""}",isolation_forest_v2
tunisieannonce_47139cbc172a,tunisieannonce,tunis,0.1229,False,7.89,"[""no_images_high_price""]","{""model_used"": ""tunis""}",isolation_forest_v2
tunisieannonce_44d0c051b305,tunisieannonce,tunis,0.1736,False,3.01,[],"{""model_used"": ""tunis""}",isolation_forest_v2
tunisieannonce_44c77263872c,tunisieannonce,tunis,0.135,False,6.3,[],"{""model_used"": ""tunis""}",isolation_forest_v2
tunisieannonce_44ce64e8e633,tunisieannonce,tunis,0.0397,False,31.12,"[""no_images_high_price""]","{""model_used"": ""tunis""}",isolation_forest_v2
tunisieannonce_453c4a29a3bd,tunisieannonce,tunis,0.1258,False,7.48,[],"{""model_used"": ""tunis""}",isolation_forest_v2
tunisieannonce_462d48929e57,tunisieannonce,tunis,0.1561,False,4.22,[],"{""model_used"": ""tunis""}",isolation_forest_v2
tunisieannonce_45d4cd751bb9,tunisieannonce,tunis,0.1299,False,6.92,"[""no_images_high_price""]","{""model_used"": ""tunis""}",isolation_forest_v2
tunisieannonce_45ec628b0bbe,tunisieannonce,tunis,0.1643,False,3.6,[],"{""model_used"": ""tunis""}",isolation_forest_v2
tunisieannonce_45d96702556c,tunisieannonce,tunis,0.1389,False,5.85,[],"{""model_used"": ""tunis""}",isolation_forest_v2
tunisieannonce_477acc5ca8b0,tunisieannonce,tunis,0.1496,False,4.78,[],"{""model_used"": ""tunis""}",isolation_forest_v2
tunisieannonce_45f397ba1938,tunisieannonce,tunis,0.1854,False,2.4,[],"{""model_used"": ""tunis""}",isolation_forest_v2
tunisieannonce_46c67c05bb5e,tunisieannonce,tunis,0.1182,False,8.6,[],"{""model_used"": ""tunis""}",isolation_forest_v2
tunisieannonce_46a15f55b03d,tunisieannonce,tunis,0.0545,False,25.17,"[""no_images_high_price""]","{""model_used"": ""tunis""}",isolation_forest_v2
tunisieannonce_4693673e5466,tunisieannonce,tunis,0.0589,False,23.54,"[""no_images_high_price""]","{""model_used"": ""tunis""}",isolation_forest_v2
tunisieannonce_4696fc8bc3a7,tunisieannonce,tunis,0.0859,False,15.21,"[""no_images_high_price""]","{""model_used"": ""tunis""}",isolation_forest_v2
tunisieannonce_46439113e909,tunisieannonce,tunis,0.1608,False,3.86,"[""no_images_high_price""]","{""model_used"": ""tunis""}",isolation_forest_v2
tunisieannonce_46dbb3404304,tunisieannonce,tunis,0.1683,False,3.33,[],"{""model_used"": ""tunis""}",isolation_forest_v2
tunisieannonce_4678076f3ab6,tunisieannonce,tunis,0.1084,False,10.26,[],"{""model_used"": ""tunis""}",isolation_forest_v2
tunisieannonce_4663cb15acf6,tunisieannonce,tunis,0.1477,False,4.95,[],"{""model_used"": ""tunis""}",isolation_forest_v2
tunisieannonce_475d44c6d8db,tunisieannonce,tunis,0.1508,False,4.67,[],"{""model_used"": ""tunis""}",isolation_forest_v2
tunisieannonce_4751752e932b,tunisieannonce,tunis,0.1531,False,4.47,"[""no_images_high_price""]","{""model_used"": ""tunis""}",isolation_forest_v2
tunisieannonce_4770d9d9daf7,tunisieannonce,tunis,0.1501,False,4.73,[],"{""model_used"": ""tunis""}",isolation_forest_v2
tunisieannonce_46df34f9a422,tunisieannonce,tunis,0.1663,False,3.47,[],"{""model_used"": ""tunis""}",isolation_forest_v2
tunisieannonce_4775ac6dfd79,tunisieannonce,tunis,0.0644,False,21.62,"[""no_images_high_price""]","{""model_used"": ""tunis""}",isolation_forest_v2
tunisieannonce_46f60057a6e7,tunisieannonce,tunis,0.1639,False,3.63,[],"{""model_used"": ""tunis""}",isolation_forest_v2
tunisieannonce_acbd0ecb3990,tunisieannonce,tunis,0.1558,False,4.25,[],"{""model_used"": ""tunis""}",isolation_forest_v2
tunisieannonce_48020958fb75,tunisieannonce,tunis,0.1278,False,7.21,"[""no_images_high_price""]","{""model_used"": ""tunis""}",isolation_forest_v2
tunisieannonce_47cc07d163fc,tunisieannonce,tunis,0.0446,False,29.07,[],"{""model_used"": ""tunis""}",isolation_forest_v2
tunisieannonce_47af029cd8cc,tunisieannonce,tunis,0.159,False,3.99,[],"{""model_used"": ""tunis""}",isolation_forest_v2
tunisieannonce_48139e6aa5f3,tunisieannonce,tunis,0.1565,False,4.19,[],"{""model_used"": ""tunis""}",isolation_forest_v2
tunisieannonce_495c99c1b892,tunisieannonce,tunis,0.1292,False,7.01,[],"{""model_used"": ""tunis""}",isolation_forest_v2
tunisieannonce_47d3eb785d83,tunisieannonce,tunis,0.1826,False,2.53,[],"{""model_used"": ""tunis""}",isolation_forest_v2
tunisieannonce_47b7c4ed7f79,tunisieannonce,tunis,0.167,False,3.42,[],"{""model_used"": ""tunis""}",isolation_forest_v2
tunisieannonce_48dc982d6bbc,tunisieannonce,tunis,0.1463,False,5.09,[],"{""model_used"": ""tunis""}",isolation_forest_v2
tunisieannonce_496a39dfdbce,tunisieannonce,tunis,0.1467,False,5.05,"[""no_images_high_price""]","{""model_used"": ""tunis""}",isolation_forest_v2
tunisieannonce_481986253bdd,tunisieannonce,tunis,0.1335,False,6.47,"[""no_images_high_price""]","{""model_used"": ""tunis""}",isolation_forest_v2
tunisieannonce_482ae3b9f843,tunisieannonce,tunis,0.1509,False,4.66,[],"{""model_used"": ""tunis""}",isolation_forest_v2
tunisieannonce_483e5fb3877c,tunisieannonce,tunis,0.0813,False,16.44,"[""no_images_high_price""]","{""model_used"": ""tunis""}",isolation_forest_v2
tunisieannonce_496a6bc4560a,tunisieannonce,tunis,0.1626,False,3.72,[],"{""model_used"": ""tunis""}",isolation_forest_v2
tunisieannonce_48a858817e94,tunisieannonce,tunis,0.1361,False,6.17,[],"{""model_used"": ""tunis""}",isolation_forest_v2
tunisieannonce_496ce2192c3a,tunisieannonce,tunis,0.0879,False,14.7,[],"{""model_used"": ""tunis""}",isolation_forest_v2
tunisieannonce_498683e0bb79,tunisieannonce,tunis,0.0645,False,21.59,"[""no_images_high_price""]","{""model_used"": ""tunis""}",isolation_forest_v2
tunisieannonce_4995e9817213,tunisieannonce,tunis,0.1783,False,2.75,[],"{""model_used"": ""tunis""}",isolation_forest_v2
tunisieannonce_49cfeb388e4a,tunisieannonce,tunis,0.1236,False,7.78,[],"{""model_used"": ""tunis""}",isolation_forest_v2
tunisieannonce_4974eed63a03,tunisieannonce,tunis,0.1311,False,6.77,[],"{""model_used"": ""tunis""}",isolation_forest_v2
tunisieannonce_49c1bb8888ff,tunisieannonce,tunis,0.0628,False,22.17,"[""no_images_high_price""]","{""model_used"": ""tunis""}",isolation_forest_v2
tunisieannonce_49ce4adfde98,tunisieannonce,tunis,0.1582,False,4.06,[],"{""model_used"": ""tunis""}",isolation_forest_v2
tunisieannonce_4a61d055d8dc,tunisieannonce,tunis,0.0981,False,12.33,[],"{""model_used"": ""tunis""}",isolation_forest_v2
tunisieannonce_4a7e622f4b20,tunisieannonce,tunis,0.1044,False,11.03,"[""no_images_high_price""]","{""model_used"": ""tunis""}",isolation_forest_v2
tunisieannonce_4a5ab8ac2c44,tunisieannonce,tunis,0.1044,False,11.02,[],"{""model_used"": ""tunis""}",isolation_forest_v2
tunisieannonce_49f6812c26ce,tunisieannonce,tunis,0.1449,False,5.23,[],"{""model_used"": ""tunis""}",isolation_forest_v2
tunisieannonce_4a1013d6939b,tunisieannonce,tunis,0.1681,False,3.35,[],"{""model_used"": ""tunis""}",isolation_forest_v2
tunisieannonce_4a5048a817fa,tunisieannonce,tunis,0.1664,False,3.46,[],"{""model_used"": ""tunis""}",isolation_forest_v2
tunisieannonce_4a20ecbf958e,tunisieannonce,tunis,0.1543,False,4.37,[],"{""model_used"": ""tunis""}",isolation_forest_v2
tunisieannonce_4a28e57506f7,tunisieannonce,tunis,0.171,False,3.16,[],"{""model_used"": ""tunis""}",isolation_forest_v2
tunisieannonce_4aafb8643b54,tunisieannonce,tunis,0.1199,False,8.33,"[""no_images_high_price""]","{""model_used"": ""tunis""}",isolation_forest_v2
tunisieannonce_4cea5f3a1927,tunisieannonce,tunis,0.0833,False,15.9,[],"{""model_used"": ""tunis""}",isolation_forest_v2
tunisieannonce_4b2f4e5affa2,tunisieannonce,tunis,0.1706,False,3.19,[],"{""model_used"": ""tunis""}",isolation_forest_v2
tunisieannonce_4ad81e76324b,tunisieannonce,tunis,0.1344,False,6.36,"[""no_images_high_price""]","{""model_used"": ""tunis""}",isolation_forest_v2
tunisieannonce_4a98ea345a99,tunisieannonce,tunis,0.0708,False,19.52,"[""no_images_high_price""]","{""model_used"": ""tunis""}",isolation_forest_v2
tunisieannonce_4b046b39f92e,tunisieannonce,tunis,0.0805,False,16.66,[],"{""model_used"": ""tunis""}",isolation_forest_v2
tunisieannonce_4b17f5b305b5,tunisieannonce,tunis,0.0241,False,38.2,"[""no_images_high_price""]","{""model_used"": ""tunis""}",isolation_forest_v2
tunisieannonce_4aa9f70866d5,tunisieannonce,tunis,0.1539,False,4.4,[],"{""model_used"": ""tunis""}",isolation_forest_v2
tunisieannonce_4a9528b81049,tunisieannonce,tunis,0.1764,False,2.85,[],"{""model_used"": ""tunis""}",isolation_forest_v2
tunisieannonce_4b486182d298,tunisieannonce,tunis,0.1832,False,2.5,[],"{""model_used"": ""tunis""}",isolation_forest_v2
tunisieannonce_4ba5788d720f,tunisieannonce,tunis,0.182,False,2.56,[],"{""model_used"": ""tunis""}",isolation_forest_v2
tunisieannonce_4b65e116d566,tunisieannonce,tunis,0.1604,False,3.89,[],"{""model_used"": ""tunis""}",isolation_forest_v2
tunisieannonce_4d6ba6ac8abf,tunisieannonce,tunis,-0.0093,True,54.64,"[""no_images_high_price"", ""extreme_price_per_m2""]","{""model_used"": ""tunis""}",isolation_forest_v2
tunisieannonce_4b4e08c1d365,tunisieannonce,tunis,0.1704,False,3.21,"[""no_images_high_price""]","{""model_used"": ""tunis""}",isolation_forest_v2
tunisieannonce_4b9669f7873e,tunisieannonce,tunis,0.1216,False,8.07,"[""no_images_high_price""]","{""model_used"": ""tunis""}",isolation_forest_v2
tunisieannonce_4b7deb7bbe1d,tunisieannonce,tunis,0.0741,False,18.53,[],"{""model_used"": ""tunis""}",isolation_forest_v2
tunisieannonce_4b410a4f2bd8,tunisieannonce,tunis,0.159,False,3.99,[],"{""model_used"": ""tunis""}",isolation_forest_v2
tunisieannonce_4ba5b6e90ac1,tunisieannonce,tunis,0.0835,False,15.85,"[""no_images_high_price""]","{""model_used"": ""tunis""}",isolation_forest_v2
tunisieannonce_4bb4a40a63fc,tunisieannonce,tunis,0.1576,False,4.1,[],"{""model_used"": ""tunis""}",isolation_forest_v2
tunisieannonce_4c111753c0d7,tunisieannonce,tunis,0.1277,False,7.21,[],"{""model_used"": ""tunis""}",isolation_forest_v2
tunisieannonce_4c6f04ae6982,tunisieannonce,tunis,0.1584,False,4.04,[],"{""model_used"": ""tunis""}",isolation_forest_v2
tunisieannonce_4c801f7e601a,tunisieannonce,tunis,0.1755,False,2.9,[],"{""model_used"": ""tunis""}",isolation_forest_v2
tunisieannonce_4bd7b4952bc9,tunisieannonce,tunis,0.0439,False,29.36,"[""no_images_high_price""]","{""model_used"": ""tunis""}",isolation_forest_v2
tunisieannonce_4bdfd519e8b0,tunisieannonce,tunis,0.1267,False,7.35,"[""no_images_high_price""]","{""model_used"": ""tunis""}",isolation_forest_v2
tunisieannonce_4c3b2c7a13ce,tunisieannonce,tunis,0.1771,False,2.81,[],"{""model_used"": ""tunis""}",isolation_forest_v2
tunisieannonce_4cc0a1ea7dfb,tunisieannonce,tunis,0.0998,False,11.97,"[""no_images_high_price""]","{""model_used"": ""tunis""}",isolation_forest_v2
tunisieannonce_4daa6005a586,tunisieannonce,tunis,0.1714,False,3.14,[],"{""model_used"": ""tunis""}",isolation_forest_v2
tunisieannonce_4c9e88880152,tunisieannonce,tunis,0.1445,False,5.27,"[""no_images_high_price""]","{""model_used"": ""tunis""}",isolation_forest_v2
tunisieannonce_4d287749044b,tunisieannonce,tunis,0.1038,False,11.15,[],"{""model_used"": ""tunis""}",isolation_forest_v2
tunisieannonce_4d060837db01,tunisieannonce,tunis,0.1083,False,10.28,"[""no_images_high_price""]","{""model_used"": ""tunis""}",isolation_forest_v2
tunisieannonce_4d617a4c7315,tunisieannonce,tunis,0.1309,False,6.8,[],"{""model_used"": ""tunis""}",isolation_forest_v2
tunisieannonce_4ca380371056,tunisieannonce,tunis,0.1616,False,3.8,[],"{""model_used"": ""tunis""}",isolation_forest_v2
tunisieannonce_4e02ec455b18,tunisieannonce,tunis,0.1752,False,2.92,[],"{""model_used"": ""tunis""}",isolation_forest_v2
tunisieannonce_4e1400f292f9,tunisieannonce,tunis,0.1695,False,3.26,[],"{""model_used"": ""tunis""}",isolation_forest_v2
tunisieannonce_4e013835e8ff,tunisieannonce,tunis,0.0998,False,11.97,"[""no_images_high_price""]","{""model_used"": ""tunis""}",isolation_forest_v2
tunisieannonce_4d6e3b2d689d,tunisieannonce,tunis,0.1299,False,6.93,"[""no_images_high_price""]","{""model_used"": ""tunis""}",isolation_forest_v2
tunisieannonce_4e0fc993f6d4,tunisieannonce,tunis,0.1773,False,2.8,[],"{""model_used"": ""tunis""}",isolation_forest_v2
tunisieannonce_4dd0db8567e5,tunisieannonce,tunis,0.0872,False,14.87,[],"{""model_used"": ""tunis""}",isolation_forest_v2
tunisieannonce_4e3897a7add8,tunisieannonce,tunis,0.0984,False,12.26,[],"{""model_used"": ""tunis""}",isolation_forest_v2
tunisieannonce_4e7fb6286b92,tunisieannonce,tunis,0.091,False,13.94,"[""no_images_high_price""]","{""model_used"": ""tunis""}",isolation_forest_v2
tunisieannonce_4f944b8718ce,tunisieannonce,tunis,0.172,False,3.11,[],"{""model_used"": ""tunis""}",isolation_forest_v2
tunisieannonce_4e512e0ef131,tunisieannonce,tunis,0.1568,False,4.16,[],"{""model_used"": ""tunis""}",isolation_forest_v2
tunisieannonce_4e7b32de1597,tunisieannonce,tunis,0.1568,False,4.17,"[""no_images_high_price""]","{""model_used"": ""tunis""}",isolation_forest_v2
tunisieannonce_4e296666ad75,tunisieannonce,tunis,0.1384,False,5.91,[],"{""model_used"": ""tunis""}",isolation_forest_v2
tunisieannonce_4e4097eafd8d,tunisieannonce,tunis,0.0679,False,20.46,"[""no_images_high_price""]","{""model_used"": ""tunis""}",isolation_forest_v2
tunisieannonce_4fbd5dfc3931,tunisieannonce,tunis,0.1253,False,7.55,"[""no_images_high_price""]","{""model_used"": ""tunis""}",isolation_forest_v2
tunisieannonce_4eb698aecec2,tunisieannonce,tunis,0.1359,False,6.2,[],"{""model_used"": ""tunis""}",isolation_forest_v2
tunisieannonce_4f48c892c061,tunisieannonce,tunis,0.1772,False,2.81,[],"{""model_used"": ""tunis""}",isolation_forest_v2
tunisieannonce_4efd6cf929c7,tunisieannonce,tunis,0.1737,False,3.01,[],"{""model_used"": ""tunis""}",isolation_forest_v2
tunisieannonce_4ebf363ab32a,tunisieannonce,tunis,0.1243,False,7.68,[],"{""model_used"": ""tunis""}",isolation_forest_v2
tunisieannonce_4f2d21232197,tunisieannonce,tunis,0.1748,False,2.94,[],"{""model_used"": ""tunis""}",isolation_forest_v2
tunisieannonce_4f304f484185,tunisieannonce,tunis,0.143,False,5.42,[],"{""model_used"": ""tunis""}",isolation_forest_v2
tunisieannonce_4ebe09e5354f,tunisieannonce,tunis,0.1756,False,2.89,[],"{""model_used"": ""tunis""}",isolation_forest_v2
tunisieannonce_4f12fc91c1d9,tunisieannonce,tunis,0.0497,False,27.03,"[""no_images_high_price""]","{""model_used"": ""tunis""}",isolation_forest_v2
tunisieannonce_4ff45d140a5f,tunisieannonce,tunis,0.1789,False,2.72,[],"{""model_used"": ""tunis""}",isolation_forest_v2
tunisieannonce_4fe0bc0cefdd,tunisieannonce,tunis,0.1679,False,3.36,"[""no_images_high_price""]","{""model_used"": ""tunis""}",isolation_forest_v2
tunisieannonce_4fe78cfa75e7,tunisieannonce,tunis,0.1662,False,3.47,[],"{""model_used"": ""tunis""}",isolation_forest_v2
tunisieannonce_50225084d665,tunisieannonce,tunis,0.1455,False,5.16,[],"{""model_used"": ""tunis""}",isolation_forest_v2
tunisieannonce_5071422f36de,tunisieannonce,tunis,0.1398,False,5.75,[],"{""model_used"": ""tunis""}",isolation_forest_v2
tunisieannonce_50df4d91a336,tunisieannonce,tunis,0.1243,False,7.69,[],"{""model_used"": ""tunis""}",isolation_forest_v2
tunisieannonce_50e1ce0c7857,tunisieannonce,tunis,0.1664,False,3.47,"[""price_too_high_for_region""]","{""model_used"": ""tunis""}",isolation_forest_v2
tunisieannonce_51daf570db18,tunisieannonce,tunis,0.176,False,2.88,[],"{""model_used"": ""tunis""}",isolation_forest_v2
tunisieannonce_52624a874cf2,tunisieannonce,tunis,0.161,False,3.84,"[""no_images_high_price""]","{""model_used"": ""tunis""}",isolation_forest_v2
tunisieannonce_50f6507b9477,tunisieannonce,tunis,0.1862,False,2.36,[],"{""model_used"": ""tunis""}",isolation_forest_v2
tunisieannonce_5090be80d8f4,tunisieannonce,tunis,0.1131,False,9.43,"[""no_images_high_price""]","{""model_used"": ""tunis""}",isolation_forest_v2
tunisieannonce_51326fdd3c13,tunisieannonce,tunis,0.0213,False,39.53,"[""no_images_high_price""]","{""model_used"": ""tunis""}",isolation_forest_v2
tunisieannonce_5158fc05d3ec,tunisieannonce,tunis,0.1077,False,10.4,[],"{""model_used"": ""tunis""}",isolation_forest_v2
tunisieannonce_516bdd96995b,tunisieannonce,tunis,0.1387,False,5.87,"[""no_images_high_price""]","{""model_used"": ""tunis""}",isolation_forest_v2
tunisieannonce_51e98d48a7df,tunisieannonce,tunis,0.1748,False,2.94,[],"{""model_used"": ""tunis""}",isolation_forest_v2
tunisieannonce_51d98e2852e2,tunisieannonce,tunis,0.152,False,4.56,[],"{""model_used"": ""tunis""}",isolation_forest_v2
tunisieannonce_515483f8ea84,tunisieannonce,tunis,0.1532,False,4.46,"[""no_images_high_price""]","{""model_used"": ""tunis""}",isolation_forest_v2
tunisieannonce_51fec7e3a164,tunisieannonce,tunis,0.1584,False,4.04,[],"{""model_used"": ""tunis""}",isolation_forest_v2
tunisieannonce_52624283208d,tunisieannonce,tunis,0.1564,False,4.2,[],"{""model_used"": ""tunis""}",isolation_forest_v2
tunisieannonce_521ed5e019b5,tunisieannonce,tunis,0.1511,False,4.65,[],"{""model_used"": ""tunis""}",isolation_forest_v2
tunisieannonce_520a61996c59,tunisieannonce,tunis,0.113,False,9.45,"[""no_images_high_price""]","{""model_used"": ""tunis""}",isolation_forest_v2
tunisieannonce_523a5950ac30,tunisieannonce,tunis,0.1866,False,2.34,[],"{""model_used"": ""tunis""}",isolation_forest_v2
tunisieannonce_527c30d5da6c,tunisieannonce,tunis,0.1194,False,8.41,[],"{""model_used"": ""tunis""}",isolation_forest_v2
tunisieannonce_526ad3c5f0cb,tunisieannonce,tunis,0.1706,False,3.19,[],"{""model_used"": ""tunis""}",isolation_forest_v2
tunisieannonce_521375910b7b,tunisieannonce,tunis,0.1588,False,4.01,[],"{""model_used"": ""tunis""}",isolation_forest_v2
tunisieannonce_5328b2ba2ba5,tunisieannonce,tunis,-0.0036,True,51.82,"[""no_images_high_price"", ""price_too_high_for_region""]","{""model_used"": ""tunis""}",isolation_forest_v2
tunisieannonce_534840dc3aea,tunisieannonce,tunis,0.1286,False,7.09,[],"{""model_used"": ""tunis""}",isolation_forest_v2
tunisieannonce_530ef15a269e,tunisieannonce,tunis,0.051,False,26.49,"[""no_images_high_price""]","{""model_used"": ""tunis""}",isolation_forest_v2
tunisieannonce_52cecde36365,tunisieannonce,tunis,0.1737,False,3.01,[],"{""model_used"": ""tunis""}",isolation_forest_v2
tunisieannonce_5390a23ee838,tunisieannonce,tunis,0.1216,False,8.08,[],"{""model_used"": ""tunis""}",isolation_forest_v2
tunisieannonce_52f135bea356,tunisieannonce,tunis,0.0713,False,19.38,"[""no_images_high_price""]","{""model_used"": ""tunis""}",isolation_forest_v2
tunisieannonce_52d767c04d43,tunisieannonce,tunis,0.181,False,2.61,[],"{""model_used"": ""tunis""}",isolation_forest_v2
tunisieannonce_53b9c72eaf50,tunisieannonce,tunis,0.1551,False,4.3,[],"{""model_used"": ""tunis""}",isolation_forest_v2
tunisieannonce_53be4ead104e,tunisieannonce,tunis,0.134,False,6.42,"[""no_images_high_price""]","{""model_used"": ""tunis""}",isolation_forest_v2
tunisieannonce_53ee41576ff9,tunisieannonce,tunis,0.1638,False,3.64,[],"{""model_used"": ""tunis""}",isolation_forest_v2
tunisieannonce_53573f16af08,tunisieannonce,tunis,0.0792,False,17.03,"[""no_images_high_price""]","{""model_used"": ""tunis""}",isolation_forest_v2
tunisieannonce_538611def430,tunisieannonce,tunis,0.1659,False,3.5,[],"{""model_used"": ""tunis""}",isolation_forest_v2
tunisieannonce_54097741deae,tunisieannonce,tunis,0.1321,False,6.65,[],"{""model_used"": ""tunis""}",isolation_forest_v2
tunisieannonce_556f4df44690,tunisieannonce,tunis,0.0886,False,14.53,"[""no_images_high_price""]","{""model_used"": ""tunis""}",isolation_forest_v2
tunisieannonce_544deda4a052,tunisieannonce,tunis,0.1564,False,4.2,[],"{""model_used"": ""tunis""}",isolation_forest_v2
tunisieannonce_54814fac5dd7,tunisieannonce,tunis,0.0746,False,18.36,"[""no_images_high_price""]","{""model_used"": ""tunis""}",isolation_forest_v2
tunisieannonce_5464eef70801,tunisieannonce,tunis,0.1321,False,6.65,"[""no_images_high_price""]","{""model_used"": ""tunis""}",isolation_forest_v2
tunisieannonce_5464e1f30426,tunisieannonce,tunis,0.1636,False,3.65,[],"{""model_used"": ""tunis""}",isolation_forest_v2
tunisieannonce_5471924b4943,tunisieannonce,tunis,0.1609,False,3.85,[],"{""model_used"": ""tunis""}",isolation_forest_v2
tunisieannonce_542b23859f52,tunisieannonce,tunis,0.1627,False,3.72,[],"{""model_used"": ""tunis""}",isolation_forest_v2
tunisieannonce_5488c6d40650,tunisieannonce,tunis,0.1616,False,3.8,[],"{""model_used"": ""tunis""}",isolation_forest_v2
tunisieannonce_54d37a846ce8,tunisieannonce,tunis,0.1733,False,3.03,[],"{""model_used"": ""tunis""}",isolation_forest_v2
tunisieannonce_54cb4a9d55b9,tunisieannonce,tunis,0.0773,False,17.57,[],"{""model_used"": ""tunis""}",isolation_forest_v2
tunisieannonce_551533a16425,tunisieannonce,tunis,0.125,False,7.59,[],"{""model_used"": ""tunis""}",isolation_forest_v2
tunisieannonce_54aec977472e,tunisieannonce,tunis,0.1367,False,6.1,[],"{""model_used"": ""tunis""}",isolation_forest_v2
tunisieannonce_55180a40e0bd,tunisieannonce,tunis,0.1203,False,8.28,[],"{""model_used"": ""tunis""}",isolation_forest_v2
tunisieannonce_54ae05d89e78,tunisieannonce,tunis,0.1587,False,4.02,[],"{""model_used"": ""tunis""}",isolation_forest_v2
tunisieannonce_54d678079b4e,tunisieannonce,tunis,0.173,False,3.05,[],"{""model_used"": ""tunis""}",isolation_forest_v2
tunisieannonce_5502ceb816f1,tunisieannonce,tunis,0.1197,False,8.36,[],"{""model_used"": ""tunis""}",isolation_forest_v2
tunisieannonce_5504e7a4fcbe,tunisieannonce,tunis,0.1277,False,7.21,[],"{""model_used"": ""tunis""}",isolation_forest_v2
tunisieannonce_55e0d3b92416,tunisieannonce,tunis,0.0384,False,31.7,[],"{""model_used"": ""tunis""}",isolation_forest_v2
tunisieannonce_554a063eaab6,tunisieannonce,tunis,0.1445,False,5.27,"[""no_images_high_price""]","{""model_used"": ""tunis""}",isolation_forest_v2
tunisieannonce_55ce3994a836,tunisieannonce,tunis,0.0603,False,23.03,"[""no_images_high_price""]","{""model_used"": ""tunis""}",isolation_forest_v2
tunisieannonce_55337763f80b,tunisieannonce,tunis,0.1585,False,4.03,[],"{""model_used"": ""tunis""}",isolation_forest_v2
tunisieannonce_562f9d4bbf81,tunisieannonce,tunis,0.0657,False,21.17,"[""no_images_high_price"", ""price_too_high_for_region""]","{""model_used"": ""tunis""}",isolation_forest_v2
tunisieannonce_55e17dc82f18,tunisieannonce,tunis,0.0978,False,12.38,"[""no_images_high_price""]","{""model_used"": ""tunis""}",isolation_forest_v2
tunisieannonce_567e0907bc20,tunisieannonce,tunis,0.1751,False,2.92,[],"{""model_used"": ""tunis""}",isolation_forest_v2
tunisieannonce_561565786eef,tunisieannonce,tunis,0.1474,False,4.98,[],"{""model_used"": ""tunis""}",isolation_forest_v2
tunisieannonce_5660467f774f,tunisieannonce,tunis,0.1513,False,4.63,[],"{""model_used"": ""tunis""}",isolation_forest_v2
tunisieannonce_f9ae64495239,tunisieannonce,tunis,0.1634,False,3.67,[],"{""model_used"": ""tunis""}",isolation_forest_v2
tunisieannonce_561641cca499,tunisieannonce,tunis,0.1615,False,3.8,[],"{""model_used"": ""tunis""}",isolation_forest_v2
tunisieannonce_5621efb3408b,tunisieannonce,tunis,0.1459,False,5.12,"[""no_images_high_price""]","{""model_used"": ""tunis""}",isolation_forest_v2
tunisieannonce_565726eff083,tunisieannonce,tunis,0.1637,False,3.64,[],"{""model_used"": ""tunis""}",isolation_forest_v2
tunisieannonce_5630049a3963,tunisieannonce,tunis,0.1731,False,3.04,[],"{""model_used"": ""tunis""}",isolation_forest_v2
tunisieannonce_576e6e7bc307,tunisieannonce,tunis,0.1623,False,3.74,"[""no_images_high_price""]","{""model_used"": ""tunis""}",isolation_forest_v2
tunisieannonce_57a2b2c721bc,tunisieannonce,tunis,0.1354,False,6.25,[],"{""model_used"": ""tunis""}",isolation_forest_v2
tunisieannonce_57677c4c8a99,tunisieannonce,tunis,0.1216,False,8.08,[],"{""model_used"": ""tunis""}",isolation_forest_v2
tunisieannonce_56e3db2a6407,tunisieannonce,tunis,0.1633,False,3.68,"[""no_images_high_price""]","{""model_used"": ""tunis""}",isolation_forest_v2
tunisieannonce_571e1a9b86e1,tunisieannonce,tunis,0.0664,False,20.93,[],"{""model_used"": ""tunis""}",isolation_forest_v2
tunisieannonce_569dbccd3e54,tunisieannonce,tunis,0.1344,False,6.37,"[""no_images_high_price""]","{""model_used"": ""tunis""}",isolation_forest_v2
tunisieannonce_56fda5e89195,tunisieannonce,tunis,-0.1335,True,93.52,"[""no_images_high_price"", ""extreme_price_per_m2""]","{""model_used"": ""tunis""}",isolation_forest_v2
tunisieannonce_57b377fe3dca,tunisieannonce,tunis,0.0929,False,13.5,[],"{""model_used"": ""tunis""}",isolation_forest_v2
tunisieannonce_57d9ff225b4e,tunisieannonce,tunis,0.1609,False,3.85,[],"{""model_used"": ""tunis""}",isolation_forest_v2
tunisieannonce_57a4e4ac4950,tunisieannonce,tunis,-0.0074,True,53.71,"[""no_images_high_price""]","{""model_used"": ""tunis""}",isolation_forest_v2
tunisieannonce_581bc214a6c4,tunisieannonce,tunis,0.1575,False,4.11,[],"{""model_used"": ""tunis""}",isolation_forest_v2
tunisieannonce_57bc1c175471,tunisieannonce,tunis,0.1718,False,3.12,[],"{""model_used"": ""tunis""}",isolation_forest_v2
tunisieannonce_75c69583caea,tunisieannonce,tunis,0.1331,False,6.53,[],"{""model_used"": ""tunis""}",isolation_forest_v2
tunisieannonce_580331a4c8af,tunisieannonce,tunis,0.1574,False,4.12,[],"{""model_used"": ""tunis""}",isolation_forest_v2
tunisieannonce_5805f5c12bd5,tunisieannonce,tunis,0.1772,False,2.81,[],"{""model_used"": ""tunis""}",isolation_forest_v2
tunisieannonce_591c5dcda566,tunisieannonce,tunis,0.1573,False,4.12,[],"{""model_used"": ""tunis""}",isolation_forest_v2
tunisieannonce_58894e6e0a4a,tunisieannonce,tunis,0.1804,False,2.64,[],"{""model_used"": ""tunis""}",isolation_forest_v2
tunisieannonce_592391f89f1e,tunisieannonce,tunis,0.1828,False,2.52,[],"{""model_used"": ""tunis""}",isolation_forest_v2
tunisieannonce_5938f5830b3b,tunisieannonce,tunis,0.1498,False,4.76,"[""no_images_high_price""]","{""model_used"": ""tunis""}",isolation_forest_v2
tunisieannonce_5917f71dfded,tunisieannonce,tunis,0.0588,False,23.59,[],"{""model_used"": ""tunis""}",isolation_forest_v2
tunisieannonce_58e67753af03,tunisieannonce,tunis,0.1033,False,11.25,[],"{""model_used"": ""tunis""}",isolation_forest_v2
tunisieannonce_59e32351de9e,tunisieannonce,tunis,0.1677,False,3.37,[],"{""model_used"": ""tunis""}",isolation_forest_v2
tunisieannonce_59a1f9f344db,tunisieannonce,tunis,0.129,False,7.04,"[""no_images_high_price""]","{""model_used"": ""tunis""}",isolation_forest_v2
tunisieannonce_59671fea113f,tunisieannonce,tunis,0.04,False,31.0,"[""no_images_high_price""]","{""model_used"": ""tunis""}",isolation_forest_v2
tunisieannonce_59510db33c91,tunisieannonce,tunis,0.1871,False,2.32,[],"{""model_used"": ""tunis""}",isolation_forest_v2
tunisieannonce_593f3b99ccaa,tunisieannonce,tunis,0.1618,False,3.78,[],"{""model_used"": ""tunis""}",isolation_forest_v2
tunisieannonce_5a00742213d1,tunisieannonce,tunis,0.1757,False,2.89,[],"{""model_used"": ""tunis""}",isolation_forest_v2
tunisieannonce_5a4e43e40982,tunisieannonce,tunis,0.0772,False,17.6,[],"{""model_used"": ""tunis""}",isolation_forest_v2
tunisieannonce_5b1f9dc148aa,tunisieannonce,tunis,0.172,False,3.11,[],"{""model_used"": ""tunis""}",isolation_forest_v2
tunisieannonce_5a7020f9b898,tunisieannonce,tunis,0.1558,False,4.24,[],"{""model_used"": ""tunis""}",isolation_forest_v2
tunisieannonce_5a7302b0fbf0,tunisieannonce,tunis,0.0985,False,12.24,[],"{""model_used"": ""tunis""}",isolation_forest_v2
tunisieannonce_613543899e83,tunisieannonce,tunis,0.1679,False,3.36,[],"{""model_used"": ""tunis""}",isolation_forest_v2
tunisieannonce_5aa1e65b855d,tunisieannonce,tunis,0.1575,False,4.11,[],"{""model_used"": ""tunis""}",isolation_forest_v2
tunisieannonce_7647a4849805,tunisieannonce,tunis,0.1599,False,3.93,"[""no_images_high_price""]","{""model_used"": ""tunis""}",isolation_forest_v2
tunisieannonce_5b0dd0c68676,tunisieannonce,tunis,0.157,False,4.15,[],"{""model_used"": ""tunis""}",isolation_forest_v2
tunisieannonce_5af4e3e82f53,tunisieannonce,tunis,0.1498,False,4.76,"[""no_images_high_price""]","{""model_used"": ""tunis""}",isolation_forest_v2
tunisieannonce_5a95fdfda2b5,tunisieannonce,tunis,0.1789,False,2.72,[],"{""model_used"": ""tunis""}",isolation_forest_v2
tunisieannonce_5b4c78981f30,tunisieannonce,tunis,0.1808,False,2.62,[],"{""model_used"": ""tunis""}",isolation_forest_v2
tunisieannonce_5c199cba4d0e,tunisieannonce,tunis,0.1283,False,7.13,"[""no_images_high_price""]","{""model_used"": ""tunis""}",isolation_forest_v2
tunisieannonce_5b8954aee4e7,tunisieannonce,tunis,0.0876,False,14.78,"[""no_images_high_price""]","{""model_used"": ""tunis""}",isolation_forest_v2
tunisieannonce_5b675fd0170b,tunisieannonce,tunis,0.1217,False,8.06,"[""no_images_high_price""]","{""model_used"": ""tunis""}",isolation_forest_v2
tunisieannonce_5b58fa15edd1,tunisieannonce,tunis,0.1299,False,6.93,[],"{""model_used"": ""tunis""}",isolation_forest_v2
tunisieannonce_5c1df78124cf,tunisieannonce,tunis,0.1552,False,4.3,[],"{""model_used"": ""tunis""}",isolation_forest_v2
tunisieannonce_5b6822b854d2,tunisieannonce,tunis,0.1426,False,5.45,[],"{""model_used"": ""tunis""}",isolation_forest_v2
tunisieannonce_5b336a1e3d70,tunisieannonce,tunis,0.1674,False,3.4,[],"{""model_used"": ""tunis""}",isolation_forest_v2
tunisieannonce_5c1dd1f96980,tunisieannonce,tunis,0.1438,False,5.34,"[""no_images_high_price""]","{""model_used"": ""tunis""}",isolation_forest_v2
tunisieannonce_5c5ae00c88fa,tunisieannonce,tunis,0.1849,False,2.42,[],"{""model_used"": ""tunis""}",isolation_forest_v2
tunisieannonce_5ef13d394259,tunisieannonce,tunis,0.1672,False,3.41,[],"{""model_used"": ""tunis""}",isolation_forest_v2
tunisieannonce_5bf834a40145,tunisieannonce,tunis,0.1122,False,9.59,"[""no_images_high_price""]","{""model_used"": ""tunis""}",isolation_forest_v2
tunisieannonce_5c7fc7c7e024,tunisieannonce,tunis,0.1147,False,9.17,[],"{""model_used"": ""tunis""}",isolation_forest_v2
tunisieannonce_5c4608708085,tunisieannonce,tunis,0.1763,False,2.86,[],"{""model_used"": ""tunis""}",isolation_forest_v2
tunisieannonce_5c0d1b784fec,tunisieannonce,tunis,0.1288,False,7.07,[],"{""model_used"": ""tunis""}",isolation_forest_v2
tunisieannonce_5c6e70ce8ada,tunisieannonce,tunis,0.1199,False,8.33,[],"{""model_used"": ""tunis""}",isolation_forest_v2
tunisieannonce_5ced761bfb5d,tunisieannonce,tunis,0.1,False,11.91,[],"{""model_used"": ""tunis""}",isolation_forest_v2
tunisieannonce_5ca41dc6bbe0,tunisieannonce,tunis,0.1402,False,5.72,"[""no_images_high_price""]","{""model_used"": ""tunis""}",isolation_forest_v2
tunisieannonce_5d47bd4710d8,tunisieannonce,tunis,0.0871,False,14.91,"[""no_images_high_price""]","{""model_used"": ""tunis""}",isolation_forest_v2
tunisieannonce_5ceb2e601b87,tunisieannonce,tunis,0.0746,False,18.37,"[""suspected_test_price""]","{""model_used"": ""tunis""}",isolation_forest_v2
tunisieannonce_5cf4eeb88d30,tunisieannonce,tunis,0.1637,False,3.65,[],"{""model_used"": ""tunis""}",isolation_forest_v2
tunisieannonce_5d972ecb60c1,tunisieannonce,tunis,0.1535,False,4.44,[],"{""model_used"": ""tunis""}",isolation_forest_v2
tunisieannonce_d5f7bba52ebb,tunisieannonce,tunis,0.1689,False,3.3,[],"{""model_used"": ""tunis""}",isolation_forest_v2
tunisieannonce_5d67bf66c895,tunisieannonce,tunis,0.1449,False,5.22,[],"{""model_used"": ""tunis""}",isolation_forest_v2
tunisieannonce_5dc9962ca673,tunisieannonce,tunis,0.1584,False,4.04,[],"{""model_used"": ""tunis""}",isolation_forest_v2
tunisieannonce_5d862408d9d3,tunisieannonce,tunis,0.1325,False,6.6,[],"{""model_used"": ""tunis""}",isolation_forest_v2
tunisieannonce_5da78bc089ce,tunisieannonce,tunis,0.1663,False,3.47,[],"{""model_used"": ""tunis""}",isolation_forest_v2
tunisieannonce_5d62c3f96fe3,tunisieannonce,tunis,0.1524,False,4.53,[],"{""model_used"": ""tunis""}",isolation_forest_v2
tunisieannonce_5dce420d4d5a,tunisieannonce,tunis,0.147,False,5.02,"[""no_images_high_price""]","{""model_used"": ""tunis""}",isolation_forest_v2
tunisieannonce_5d7fcf2a91b7,tunisieannonce,tunis,0.1284,False,7.12,"[""no_images_high_price""]","{""model_used"": ""tunis""}",isolation_forest_v2
tunisieannonce_5d7ec9790685,tunisieannonce,tunis,0.1871,False,2.32,[],"{""model_used"": ""tunis""}",isolation_forest_v2
tunisieannonce_5eb02283623f,tunisieannonce,tunis,0.0766,False,17.78,"[""no_images_high_price""]","{""model_used"": ""tunis""}",isolation_forest_v2
tunisieannonce_5e9d0a56c7cf,tunisieannonce,tunis,0.1813,False,2.59,[],"{""model_used"": ""tunis""}",isolation_forest_v2
tunisieannonce_5ee2f7b51653,tunisieannonce,tunis,0.018,False,41.08,"[""extreme_price_per_m2""]","{""model_used"": ""tunis""}",isolation_forest_v2
tunisieannonce_5ddf5ef268c1,tunisieannonce,tunis,0.1208,False,8.19,"[""price_too_high_for_region""]","{""model_used"": ""tunis""}",isolation_forest_v2
tunisieannonce_5f146e619bfc,tunisieannonce,tunis,0.1806,False,2.63,[],"{""model_used"": ""tunis""}",isolation_forest_v2
tunisieannonce_5ec9fc20bb53,tunisieannonce,tunis,0.1828,False,2.52,[],"{""model_used"": ""tunis""}",isolation_forest_v2
tunisieannonce_5e4573a2d95a,tunisieannonce,tunis,0.1754,False,2.91,[],"{""model_used"": ""tunis""}",isolation_forest_v2
tunisieannonce_5f3ce9f78a25,tunisieannonce,tunis,0.1614,False,3.81,[],"{""model_used"": ""tunis""}",isolation_forest_v2
tunisieannonce_6006dd2640e9,tunisieannonce,tunis,0.152,False,4.56,[],"{""model_used"": ""tunis""}",isolation_forest_v2
tunisieannonce_5f440b7f897f,tunisieannonce,tunis,0.1813,False,2.59,[],"{""model_used"": ""tunis""}",isolation_forest_v2
tunisieannonce_5f9133b9f807,tunisieannonce,tunis,0.1646,False,3.59,[],"{""model_used"": ""tunis""}",isolation_forest_v2
tunisieannonce_5fd454342f74,tunisieannonce,tunis,0.1416,False,5.56,"[""no_images_high_price""]","{""model_used"": ""tunis""}",isolation_forest_v2
tunisieannonce_60080a95f6dd,tunisieannonce,tunis,0.1594,False,3.96,[],"{""model_used"": ""tunis""}",isolation_forest_v2
tunisieannonce_60b6c99d6e32,tunisieannonce,tunis,0.1771,False,2.82,[],"{""model_used"": ""tunis""}",isolation_forest_v2
tunisieannonce_60a832cc2035,tunisieannonce,tunis,0.1016,False,11.58,[],"{""model_used"": ""tunis""}",isolation_forest_v2
tunisieannonce_60691cd45381,tunisieannonce,tunis,0.1411,False,5.61,[],"{""model_used"": ""tunis""}",isolation_forest_v2
tunisieannonce_601b5f58c701,tunisieannonce,tunis,0.1704,False,3.2,[],"{""model_used"": ""tunis""}",isolation_forest_v2
tunisieannonce_60ef0648c0ee,tunisieannonce,tunis,0.0975,False,12.46,"[""no_images_high_price""]","{""model_used"": ""tunis""}",isolation_forest_v2
tunisieannonce_618309e073a3,tunisieannonce,tunis,0.1776,False,2.78,[],"{""model_used"": ""tunis""}",isolation_forest_v2
tunisieannonce_60a0ef251ef4,tunisieannonce,tunis,0.1839,False,2.47,[],"{""model_used"": ""tunis""}",isolation_forest_v2
tunisieannonce_60548cf803e9,tunisieannonce,tunis,0.1855,False,2.39,[],"{""model_used"": ""tunis""}",isolation_forest_v2
tunisieannonce_6102956dae70,tunisieannonce,tunis,0.0981,False,12.32,[],"{""model_used"": ""tunis""}",isolation_forest_v2
tunisieannonce_6141794b26f7,tunisieannonce,tunis,0.1441,False,5.31,"[""no_images_high_price""]","{""model_used"": ""tunis""}",isolation_forest_v2
tunisieannonce_616c1aba1369,tunisieannonce,tunis,0.1052,False,10.87,[],"{""model_used"": ""tunis""}",isolation_forest_v2
tunisieannonce_616e41100a90,tunisieannonce,tunis,0.1562,False,4.21,[],"{""model_used"": ""tunis""}",isolation_forest_v2
tunisieannonce_617ced251bef,tunisieannonce,tunis,0.1724,False,3.08,"[""no_images_high_price""]","{""model_used"": ""tunis""}",isolation_forest_v2
tunisieannonce_60f3686d9a7a,tunisieannonce,tunis,0.134,False,6.42,[],"{""model_used"": ""tunis""}",isolation_forest_v2
tunisieannonce_6253c76b7e92,tunisieannonce,tunis,0.0628,False,22.17,[],"{""model_used"": ""tunis""}",isolation_forest_v2
tunisieannonce_62a15b2b41f6,tunisieannonce,tunis,0.0385,False,31.63,"[""no_images_high_price""]","{""model_used"": ""tunis""}",isolation_forest_v2
tunisieannonce_61992ac1f893,tunisieannonce,tunis,0.1014,False,11.63,"[""no_images_high_price""]","{""model_used"": ""tunis""}",isolation_forest_v2
tunisieannonce_61d77e3cbd40,tunisieannonce,tunis,0.158,False,4.07,[],"{""model_used"": ""tunis""}",isolation_forest_v2
tunisieannonce_623b7e4859f4,tunisieannonce,tunis,0.1546,False,4.34,[],"{""model_used"": ""tunis""}",isolation_forest_v2
tunisieannonce_620967e772a1,tunisieannonce,tunis,0.1031,False,11.29,[],"{""model_used"": ""tunis""}",isolation_forest_v2
tunisieannonce_61c896d2d0cc,tunisieannonce,tunis,0.1604,False,3.89,"[""no_images_high_price""]","{""model_used"": ""tunis""}",isolation_forest_v2
tunisieannonce_6233a4e093c7,tunisieannonce,tunis,0.1036,False,11.18,[],"{""model_used"": ""tunis""}",isolation_forest_v2
tunisieannonce_631aafe5ff8d,tunisieannonce,tunis,0.1731,False,3.04,[],"{""model_used"": ""tunis""}",isolation_forest_v2
tunisieannonce_62f78d758d7c,tunisieannonce,tunis,0.0276,False,36.54,"[""no_images_high_price""]","{""model_used"": ""tunis""}",isolation_forest_v2
tunisieannonce_633dff6c169d,tunisieannonce,tunis,0.0644,False,21.61,[],"{""model_used"": ""tunis""}",isolation_forest_v2
tunisieannonce_62f9cd4a351f,tunisieannonce,tunis,0.0281,False,36.32,[],"{""model_used"": ""tunis""}",isolation_forest_v2
tunisieannonce_62c90b699023,tunisieannonce,tunis,0.1557,False,4.26,[],"{""model_used"": ""tunis""}",isolation_forest_v2
tunisieannonce_6336ae21c5b2,tunisieannonce,tunis,0.1597,False,3.94,[],"{""model_used"": ""tunis""}",isolation_forest_v2
tunisieannonce_63a085c50b29,tunisieannonce,tunis,0.118,False,8.62,"[""no_images_high_price""]","{""model_used"": ""tunis""}",isolation_forest_v2
tunisieannonce_6377e54d21aa,tunisieannonce,tunis,0.0898,False,14.24,[],"{""model_used"": ""tunis""}",isolation_forest_v2
tunisieannonce_63c9f7e63a26,tunisieannonce,tunis,0.1764,False,2.85,[],"{""model_used"": ""tunis""}",isolation_forest_v2
tunisieannonce_63ced28dc4df,tunisieannonce,tunis,0.1585,False,4.03,[],"{""model_used"": ""tunis""}",isolation_forest_v2
tunisieannonce_63a89046e15f,tunisieannonce,tunis,0.1064,False,10.64,[],"{""model_used"": ""tunis""}",isolation_forest_v2
tunisieannonce_6379f21abca3,tunisieannonce,tunis,0.1509,False,4.66,[],"{""model_used"": ""tunis""}",isolation_forest_v2
tunisieannonce_6438b1c4be18,tunisieannonce,tunis,0.1761,False,2.87,[],"{""model_used"": ""tunis""}",isolation_forest_v2
tunisieannonce_651c5a0b1a76,tunisieannonce,tunis,0.1577,False,4.1,[],"{""model_used"": ""tunis""}",isolation_forest_v2
tunisieannonce_65699e1f079c,tunisieannonce,tunis,0.1874,False,2.3,[],"{""model_used"": ""tunis""}",isolation_forest_v2
tunisieannonce_643bd90d2479,tunisieannonce,tunis,0.1799,False,2.67,[],"{""model_used"": ""tunis""}",isolation_forest_v2
tunisieannonce_649adb8b252a,tunisieannonce,tunis,0.1287,False,7.09,[],"{""model_used"": ""tunis""}",isolation_forest_v2
tunisieannonce_646bd6967684,tunisieannonce,tunis,0.1495,False,4.79,"[""no_images_high_price""]","{""model_used"": ""tunis""}",isolation_forest_v2
tunisieannonce_6458b5e402e0,tunisieannonce,tunis,0.1883,False,2.26,[],"{""model_used"": ""tunis""}",isolation_forest_v2
tunisieannonce_6508073142bd,tunisieannonce,tunis,-0.0314,True,65.21,[],"{""model_used"": ""tunis""}",isolation_forest_v2
tunisieannonce_65969b9b2b05,tunisieannonce,tunis,0.1514,False,4.61,"[""no_images_high_price""]","{""model_used"": ""tunis""}",isolation_forest_v2
tunisieannonce_65bea0abce4d,tunisieannonce,tunis,0.1675,False,3.39,[],"{""model_used"": ""tunis""}",isolation_forest_v2
tunisieannonce_656d089619e1,tunisieannonce,tunis,0.166,False,3.49,[],"{""model_used"": ""tunis""}",isolation_forest_v2
tunisieannonce_6578e39caf9e,tunisieannonce,tunis,0.1017,False,11.56,[],"{""model_used"": ""tunis""}",isolation_forest_v2
tunisieannonce_65d300141020,tunisieannonce,tunis,0.139,False,5.84,"[""no_images_high_price""]","{""model_used"": ""tunis""}",isolation_forest_v2
tunisieannonce_6623f0fd8289,tunisieannonce,tunis,0.142,False,5.52,[],"{""model_used"": ""tunis""}",isolation_forest_v2
tunisieannonce_66238c2adbeb,tunisieannonce,tunis,0.1695,False,3.26,"[""no_images_high_price""]","{""model_used"": ""tunis""}",isolation_forest_v2
tunisieannonce_65e0578513b2,tunisieannonce,tunis,0.1268,False,7.34,"[""no_images_high_price""]","{""model_used"": ""tunis""}",isolation_forest_v2
tunisieannonce_668d3c990f77,tunisieannonce,tunis,0.1676,False,3.39,[],"{""model_used"": ""tunis""}",isolation_forest_v2
tunisieannonce_665d74b730a6,tunisieannonce,tunis,0.1685,False,3.32,[],"{""model_used"": ""tunis""}",isolation_forest_v2
tunisieannonce_66e020c62c08,tunisieannonce,tunis,0.1257,False,7.49,[],"{""model_used"": ""tunis""}",isolation_forest_v2
tunisieannonce_67522c568828,tunisieannonce,tunis,0.1162,False,8.92,"[""no_images_high_price""]","{""model_used"": ""tunis""}",isolation_forest_v2
tunisieannonce_66f054c331ba,tunisieannonce,tunis,0.1081,False,10.33,[],"{""model_used"": ""tunis""}",isolation_forest_v2
tunisieannonce_674cf89e6934,tunisieannonce,tunis,0.1436,False,5.36,[],"{""model_used"": ""tunis""}",isolation_forest_v2
tunisieannonce_66ad08a1a2dd,tunisieannonce,tunis,0.1601,False,3.91,[],"{""model_used"": ""tunis""}",isolation_forest_v2
tunisieannonce_6747015d61f4,tunisieannonce,tunis,0.1313,False,6.74,[],"{""model_used"": ""tunis""}",isolation_forest_v2
tunisieannonce_66cfe12b6402,tunisieannonce,tunis,0.0713,False,19.39,"[""no_images_high_price""]","{""model_used"": ""tunis""}",isolation_forest_v2
tunisieannonce_6765406a6f62,tunisieannonce,tunis,0.148,False,4.93,"[""no_images_high_price""]","{""model_used"": ""tunis""}",isolation_forest_v2
tunisieannonce_677236f55e96,tunisieannonce,tunis,0.1131,False,9.43,[],"{""model_used"": ""tunis""}",isolation_forest_v2
tunisieannonce_67ebe1caa5b8,tunisieannonce,tunis,0.0596,False,23.29,[],"{""model_used"": ""tunis""}",isolation_forest_v2
tunisieannonce_679fa71cc4f4,tunisieannonce,tunis,0.1525,False,4.52,[],"{""model_used"": ""tunis""}",isolation_forest_v2
tunisieannonce_67c704980676,tunisieannonce,tunis,0.1777,False,2.78,[],"{""model_used"": ""tunis""}",isolation_forest_v2
tunisieannonce_678ff5712a76,tunisieannonce,tunis,0.1579,False,4.08,[],"{""model_used"": ""tunis""}",isolation_forest_v2
tunisieannonce_67d0d07d6287,tunisieannonce,tunis,0.1635,False,3.66,[],"{""model_used"": ""tunis""}",isolation_forest_v2
tunisieannonce_692824197c10,tunisieannonce,tunis,0.0846,False,15.55,"[""no_images_high_price""]","{""model_used"": ""tunis""}",isolation_forest_v2
tunisieannonce_68267cdf6998,tunisieannonce,tunis,0.1274,False,7.25,[],"{""model_used"": ""tunis""}",isolation_forest_v2
tunisieannonce_6935f9cc3ef1,tunisieannonce,tunis,0.1104,False,9.91,[],"{""model_used"": ""tunis""}",isolation_forest_v2
tunisieannonce_68576b2cc9a0,tunisieannonce,tunis,0.0935,False,13.34,[],"{""model_used"": ""tunis""}",isolation_forest_v2
tunisieannonce_680577eb789f,tunisieannonce,tunis,0.1206,False,8.23,[],"{""model_used"": ""tunis""}",isolation_forest_v2
tunisieannonce_6888ccbf6790,tunisieannonce,tunis,0.1322,False,6.63,[],"{""model_used"": ""tunis""}",isolation_forest_v2
tunisieannonce_6cb4c6475a5c,tunisieannonce,tunis,0.1732,False,3.04,"[""no_images_high_price""]","{""model_used"": ""tunis""}",isolation_forest_v2
tunisieannonce_693b0128fef3,tunisieannonce,tunis,0.1751,False,2.93,[],"{""model_used"": ""tunis""}",isolation_forest_v2
tunisieannonce_69bc4cf92933,tunisieannonce,tunis,0.082,False,16.26,[],"{""model_used"": ""tunis""}",isolation_forest_v2
tunisieannonce_6a219aa522a7,tunisieannonce,tunis,0.1011,False,11.7,[],"{""model_used"": ""tunis""}",isolation_forest_v2
tunisieannonce_69b900069876,tunisieannonce,tunis,0.1654,False,3.53,[],"{""model_used"": ""tunis""}",isolation_forest_v2
tunisieannonce_69ffe7759d4a,tunisieannonce,tunis,0.1689,False,3.3,[],"{""model_used"": ""tunis""}",isolation_forest_v2
tunisieannonce_6a6e4f5b75da,tunisieannonce,tunis,0.1115,False,9.71,"[""no_images_high_price""]","{""model_used"": ""tunis""}",isolation_forest_v2
tunisieannonce_69a9726ec148,tunisieannonce,tunis,0.1737,False,3.0,[],"{""model_used"": ""tunis""}",isolation_forest_v2
tunisieannonce_6a13a8d62860,tunisieannonce,tunis,0.0452,False,28.82,"[""no_images_high_price""]","{""model_used"": ""tunis""}",isolation_forest_v2
tunisieannonce_6b3fe491e4c0,tunisieannonce,tunis,0.1839,False,2.47,[],"{""model_used"": ""tunis""}",isolation_forest_v2
tunisieannonce_6b26f8a8f6b4,tunisieannonce,tunis,0.1527,False,4.51,[],"{""model_used"": ""tunis""}",isolation_forest_v2
tunisieannonce_6a7a97b07d62,tunisieannonce,tunis,0.16,False,3.91,[],"{""model_used"": ""tunis""}",isolation_forest_v2
tunisieannonce_6b54acf9dba6,tunisieannonce,tunis,0.1192,False,8.43,"[""no_images_high_price""]","{""model_used"": ""tunis""}",isolation_forest_v2
tunisieannonce_6c284c1af08e,tunisieannonce,tunis,0.1701,False,3.22,[],"{""model_used"": ""tunis""}",isolation_forest_v2
tunisieannonce_6baa4a29e926,tunisieannonce,tunis,0.166,False,3.49,"[""no_images_high_price""]","{""model_used"": ""tunis""}",isolation_forest_v2
tunisieannonce_6bb26a47790e,tunisieannonce,tunis,0.153,False,4.48,[],"{""model_used"": ""tunis""}",isolation_forest_v2
tunisieannonce_6b276eb98483,tunisieannonce,tunis,0.0835,False,15.84,[],"{""model_used"": ""tunis""}",isolation_forest_v2
tunisieannonce_6a7451578109,tunisieannonce,tunis,0.1735,False,3.02,[],"{""model_used"": ""tunis""}",isolation_forest_v2
tunisieannonce_6c268f0bcb99,tunisieannonce,tunis,0.1602,False,3.9,[],"{""model_used"": ""tunis""}",isolation_forest_v2
tunisieannonce_6b90e5f03002,tunisieannonce,tunis,0.1406,False,5.67,"[""no_images_high_price""]","{""model_used"": ""tunis""}",isolation_forest_v2
tunisieannonce_6b5e74df515b,tunisieannonce,tunis,0.1701,False,3.22,[],"{""model_used"": ""tunis""}",isolation_forest_v2
tunisieannonce_6bf167abc4f5,tunisieannonce,tunis,0.0515,False,26.31,"[""no_images_high_price"", ""price_too_high_for_region""]","{""model_used"": ""tunis""}",isolation_forest_v2
tunisieannonce_6cd5a6d9f327,tunisieannonce,tunis,-0.0182,True,59.01,"[""no_images_high_price""]","{""model_used"": ""tunis""}",isolation_forest_v2
tunisieannonce_6d6f0f7609ae,tunisieannonce,tunis,0.1054,False,10.83,"[""no_images_high_price""]","{""model_used"": ""tunis""}",isolation_forest_v2
tunisieannonce_6cd39d0393f1,tunisieannonce,tunis,0.1777,False,2.78,[],"{""model_used"": ""tunis""}",isolation_forest_v2
tunisieannonce_6cc98b8e1ed4,tunisieannonce,tunis,0.1439,False,5.32,"[""no_images_high_price""]","{""model_used"": ""tunis""}",isolation_forest_v2
tunisieannonce_6db5b083253c,tunisieannonce,tunis,0.1598,False,3.93,[],"{""model_used"": ""tunis""}",isolation_forest_v2
tunisieannonce_70722bbef1ab,tunisieannonce,tunis,-0.0191,True,59.45,"[""no_images_high_price""]","{""model_used"": ""tunis""}",isolation_forest_v2
tunisieannonce_6e402c52cecf,tunisieannonce,tunis,0.1395,False,5.78,"[""no_images_high_price""]","{""model_used"": ""tunis""}",isolation_forest_v2
tunisieannonce_6df068363682,tunisieannonce,tunis,0.1696,False,3.26,"[""no_images_high_price""]","{""model_used"": ""tunis""}",isolation_forest_v2
tunisieannonce_6e74ef504b06,tunisieannonce,tunis,0.1244,False,7.68,[],"{""model_used"": ""tunis""}",isolation_forest_v2
tunisieannonce_6e33243a359c,tunisieannonce,tunis,0.1673,False,3.4,[],"{""model_used"": ""tunis""}",isolation_forest_v2
tunisieannonce_849b836f1cc5,tunisieannonce,tunis,0.1338,False,6.44,"[""no_images_high_price""]","{""model_used"": ""tunis""}",isolation_forest_v2
tunisieannonce_6e7f4ea59028,tunisieannonce,tunis,0.1658,False,3.5,[],"{""model_used"": ""tunis""}",isolation_forest_v2
tunisieannonce_6e70b226fe99,tunisieannonce,tunis,0.1102,False,9.95,"[""no_images_high_price""]","{""model_used"": ""tunis""}",isolation_forest_v2
tunisieannonce_6e14100ae997,tunisieannonce,tunis,0.032,False,34.51,"[""no_images_high_price""]","{""model_used"": ""tunis""}",isolation_forest_v2
tunisieannonce_6f01fb0facc3,tunisieannonce,tunis,0.0863,False,15.11,"[""no_images_high_price""]","{""model_used"": ""tunis""}",isolation_forest_v2
tunisieannonce_6efab3b3e20e,tunisieannonce,tunis,0.1346,False,6.34,"[""no_images_high_price""]","{""model_used"": ""tunis""}",isolation_forest_v2
tunisieannonce_6e92a01a52b3,tunisieannonce,tunis,0.1685,False,3.32,[],"{""model_used"": ""tunis""}",isolation_forest_v2
tunisieannonce_6e912f3a29b3,tunisieannonce,tunis,0.0673,False,20.65,[],"{""model_used"": ""tunis""}",isolation_forest_v2
tunisieannonce_6ecbe65f8512,tunisieannonce,tunis,0.1557,False,4.26,"[""no_images_high_price""]","{""model_used"": ""tunis""}",isolation_forest_v2
tunisieannonce_6eb7877c122f,tunisieannonce,tunis,0.1763,False,2.86,[],"{""model_used"": ""tunis""}",isolation_forest_v2
tunisieannonce_6edbaaafbd21,tunisieannonce,tunis,0.1479,False,4.94,"[""no_images_high_price""]","{""model_used"": ""tunis""}",isolation_forest_v2
tunisieannonce_6ee80a364e37,tunisieannonce,tunis,0.1797,False,2.68,[],"{""model_used"": ""tunis""}",isolation_forest_v2
tunisieannonce_6fca8072cc72,tunisieannonce,tunis,0.1236,False,7.78,"[""no_images_high_price""]","{""model_used"": ""tunis""}",isolation_forest_v2
tunisieannonce_7008da957198,tunisieannonce,tunis,0.1776,False,2.79,[],"{""model_used"": ""tunis""}",isolation_forest_v2
tunisieannonce_6fd03e0ec019,tunisieannonce,tunis,0.154,False,4.4,[],"{""model_used"": ""tunis""}",isolation_forest_v2
tunisieannonce_6f898db3583d,tunisieannonce,tunis,0.1612,False,3.83,[],"{""model_used"": ""tunis""}",isolation_forest_v2
tunisieannonce_6f65f492a732,tunisieannonce,tunis,0.1048,False,10.95,[],"{""model_used"": ""tunis""}",isolation_forest_v2
tunisieannonce_6fd9e6ad0c6e,tunisieannonce,tunis,0.1233,False,7.82,[],"{""model_used"": ""tunis""}",isolation_forest_v2
tunisieannonce_6f8c9ac88dc5,tunisieannonce,tunis,0.0581,False,23.83,[],"{""model_used"": ""tunis""}",isolation_forest_v2
tunisieannonce_6ff89170966a,tunisieannonce,tunis,0.1823,False,2.54,[],"{""model_used"": ""tunis""}",isolation_forest_v2
tunisieannonce_6fac1f769c30,tunisieannonce,tunis,0.077,False,17.65,"[""no_images_high_price""]","{""model_used"": ""tunis""}",isolation_forest_v2
tunisieannonce_70cad5f767ee,tunisieannonce,tunis,0.0825,False,16.11,[],"{""model_used"": ""tunis""}",isolation_forest_v2
tunisieannonce_70d254671d91,tunisieannonce,tunis,-0.0297,True,64.44,"[""no_images_high_price"", ""extreme_price_per_m2""]","{""model_used"": ""tunis""}",isolation_forest_v2
tunisieannonce_704a9aa99e44,tunisieannonce,tunis,0.0975,False,12.44,"[""no_images_high_price""]","{""model_used"": ""tunis""}",isolation_forest_v2
tunisieannonce_70c41828b2b0,tunisieannonce,tunis,0.0927,False,13.54,[],"{""model_used"": ""tunis""}",isolation_forest_v2
tunisieannonce_705617c18b31,tunisieannonce,tunis,0.1778,False,2.77,[],"{""model_used"": ""tunis""}",isolation_forest_v2
tunisieannonce_7088ab0702f9,tunisieannonce,tunis,0.1754,False,2.91,[],"{""model_used"": ""tunis""}",isolation_forest_v2
tunisieannonce_709de1179081,tunisieannonce,tunis,0.0898,False,14.24,"[""no_images_high_price""]","{""model_used"": ""tunis""}",isolation_forest_v2
tunisieannonce_717dc5223ebd,tunisieannonce,tunis,0.1796,False,2.68,[],"{""model_used"": ""tunis""}",isolation_forest_v2
tunisieannonce_71d0b889f599,tunisieannonce,tunis,0.1522,False,4.55,[],"{""model_used"": ""tunis""}",isolation_forest_v2
tunisieannonce_71ba59ef471a,tunisieannonce,tunis,0.1333,False,6.5,[],"{""model_used"": ""tunis""}",isolation_forest_v2
tunisieannonce_71a343c3b054,tunisieannonce,tunis,0.1792,False,2.7,[],"{""model_used"": ""tunis""}",isolation_forest_v2
tunisieannonce_70df6f20ac2d,tunisieannonce,tunis,0.1524,False,4.53,[],"{""model_used"": ""tunis""}",isolation_forest_v2
tunisieannonce_71af7678cfae,tunisieannonce,tunis,0.168,False,3.36,"[""no_images_high_price""]","{""model_used"": ""tunis""}",isolation_forest_v2
tunisieannonce_71e8006851c0,tunisieannonce,tunis,0.1459,False,5.12,"[""no_images_high_price""]","{""model_used"": ""tunis""}",isolation_forest_v2
tunisieannonce_71ea2303fc4e,tunisieannonce,tunis,0.131,False,6.78,"[""no_images_high_price""]","{""model_used"": ""tunis""}",isolation_forest_v2
tunisieannonce_721c5e93fdb8,tunisieannonce,tunis,0.0607,False,22.9,[],"{""model_used"": ""tunis""}",isolation_forest_v2
tunisieannonce_71f1326ded8d,tunisieannonce,tunis,0.1284,False,7.12,"[""price_too_high_for_region""]","{""model_used"": ""tunis""}",isolation_forest_v2
tunisieannonce_721d65dcfbfa,tunisieannonce,tunis,0.152,False,4.56,[],"{""model_used"": ""tunis""}",isolation_forest_v2
tunisieannonce_724a23c7f09e,tunisieannonce,tunis,0.1279,False,7.18,[],"{""model_used"": ""tunis""}",isolation_forest_v2
tunisieannonce_72795fd7594f,tunisieannonce,tunis,0.1462,False,5.1,[],"{""model_used"": ""tunis""}",isolation_forest_v2
tunisieannonce_723775c494f6,tunisieannonce,tunis,0.119,False,8.48,[],"{""model_used"": ""tunis""}",isolation_forest_v2
tunisieannonce_732c73bbb962,tunisieannonce,tunis,0.0798,False,16.87,[],"{""model_used"": ""tunis""}",isolation_forest_v2
tunisieannonce_73373a8583a6,tunisieannonce,tunis,0.1617,False,3.79,[],"{""model_used"": ""tunis""}",isolation_forest_v2
tunisieannonce_72d66eb44f21,tunisieannonce,tunis,0.1076,False,10.42,"[""no_images_high_price""]","{""model_used"": ""tunis""}",isolation_forest_v2
tunisieannonce_734d597c8381,tunisieannonce,tunis,0.038,False,31.86,[],"{""model_used"": ""tunis""}",isolation_forest_v2
tunisieannonce_734cea8dd245,tunisieannonce,tunis,0.1095,False,10.06,[],"{""model_used"": ""tunis""}",isolation_forest_v2
tunisieannonce_72f4f2a09c4f,tunisieannonce,tunis,0.1473,False,5.0,[],"{""model_used"": ""tunis""}",isolation_forest_v2
tunisieannonce_72e382cd0c3f,tunisieannonce,tunis,0.1301,False,6.9,[],"{""model_used"": ""tunis""}",isolation_forest_v2
tunisieannonce_7469e1fcaf0a,tunisieannonce,tunis,0.0708,False,19.53,[],"{""model_used"": ""tunis""}",isolation_forest_v2
tunisieannonce_73978a636162,tunisieannonce,tunis,0.0678,False,20.5,[],"{""model_used"": ""tunis""}",isolation_forest_v2
tunisieannonce_a530ad5f7a1d,tunisieannonce,tunis,0.1682,False,3.34,[],"{""model_used"": ""tunis""}",isolation_forest_v2
tunisieannonce_746e8ed4cfd0,tunisieannonce,tunis,0.1597,False,3.94,[],"{""model_used"": ""tunis""}",isolation_forest_v2
tunisieannonce_747f5c867050,tunisieannonce,tunis,0.1684,False,3.33,[],"{""model_used"": ""tunis""}",isolation_forest_v2
tunisieannonce_73624e6e4d89,tunisieannonce,tunis,0.1588,False,4.01,[],"{""model_used"": ""tunis""}",isolation_forest_v2
tunisieannonce_7451938a31f5,tunisieannonce,tunis,0.1347,False,6.33,"[""no_images_high_price""]","{""model_used"": ""tunis""}",isolation_forest_v2
tunisieannonce_75205b1f6b0e,tunisieannonce,tunis,0.1739,False,3.0,[],"{""model_used"": ""tunis""}",isolation_forest_v2
tunisieannonce_74eee9721bf2,tunisieannonce,tunis,0.126,False,7.44,"[""no_images_high_price""]","{""model_used"": ""tunis""}",isolation_forest_v2
tunisieannonce_7511fbd498a4,tunisieannonce,tunis,0.1677,False,3.38,[],"{""model_used"": ""tunis""}",isolation_forest_v2
tunisieannonce_74ec786c3cec,tunisieannonce,tunis,0.1809,False,2.61,[],"{""model_used"": ""tunis""}",isolation_forest_v2
tunisieannonce_7506900ddf07,tunisieannonce,tunis,0.1426,False,5.46,[],"{""model_used"": ""tunis""}",isolation_forest_v2
tunisieannonce_751e7a0e3bbe,tunisieannonce,tunis,0.149,False,4.84,"[""no_images_high_price""]","{""model_used"": ""tunis""}",isolation_forest_v2
tunisieannonce_752f673b30fc,tunisieannonce,tunis,0.1127,False,9.5,[],"{""model_used"": ""tunis""}",isolation_forest_v2
tunisieannonce_75a5db96ca2b,tunisieannonce,tunis,0.1026,False,11.39,[],"{""model_used"": ""tunis""}",isolation_forest_v2
tunisieannonce_75749c49a955,tunisieannonce,tunis,0.1584,False,4.04,[],"{""model_used"": ""tunis""}",isolation_forest_v2
tunisieannonce_a47a6df1f030,tunisieannonce,tunis,0.1684,False,3.33,"[""no_images_high_price""]","{""model_used"": ""tunis""}",isolation_forest_v2
tunisieannonce_75f4d021bc6e,tunisieannonce,tunis,0.1308,False,6.81,[],"{""model_used"": ""tunis""}",isolation_forest_v2
tunisieannonce_75cf896dcfe7,tunisieannonce,tunis,0.1752,False,2.92,[],"{""model_used"": ""tunis""}",isolation_forest_v2
tunisieannonce_7601bf5318e2,tunisieannonce,tunis,0.1651,False,3.55,"[""no_images_high_price""]","{""model_used"": ""tunis""}",isolation_forest_v2
tunisieannonce_7574c129aef7,tunisieannonce,tunis,0.1507,False,4.68,[],"{""model_used"": ""tunis""}",isolation_forest_v2
tunisieannonce_76fec8e4ed83,tunisieannonce,tunis,0.1058,False,10.75,[],"{""model_used"": ""tunis""}",isolation_forest_v2
tunisieannonce_76779bcb42ae,tunisieannonce,tunis,0.1608,False,3.86,[],"{""model_used"": ""tunis""}",isolation_forest_v2
tunisieannonce_7612f7fbfe5a,tunisieannonce,tunis,0.0816,False,16.35,[],"{""model_used"": ""tunis""}",isolation_forest_v2
tunisieannonce_7681c41f8106,tunisieannonce,tunis,0.1126,False,9.51,"[""price_too_high_for_region""]","{""model_used"": ""tunis""}",isolation_forest_v2
tunisieannonce_7610cb972a8e,tunisieannonce,tunis,0.1359,False,6.19,[],"{""model_used"": ""tunis""}",isolation_forest_v2
tunisieannonce_76352ff9d4a8,tunisieannonce,tunis,0.1131,False,9.42,"[""no_images_high_price""]","{""model_used"": ""tunis""}",isolation_forest_v2
tunisieannonce_7795c5f3eac1,tunisieannonce,tunis,0.1598,False,3.93,[],"{""model_used"": ""tunis""}",isolation_forest_v2
tunisieannonce_774439851962,tunisieannonce,tunis,0.1714,False,3.15,[],"{""model_used"": ""tunis""}",isolation_forest_v2
tunisieannonce_a50641300e48,tunisieannonce,tunis,0.1725,False,3.08,[],"{""model_used"": ""tunis""}",isolation_forest_v2
tunisieannonce_771c205639b7,tunisieannonce,tunis,0.0354,False,33.0,"[""no_images_high_price""]","{""model_used"": ""tunis""}",isolation_forest_v2
tunisieannonce_7780cb75c9e2,tunisieannonce,tunis,0.1678,False,3.37,[],"{""model_used"": ""tunis""}",isolation_forest_v2
tunisieannonce_7713978df36c,tunisieannonce,tunis,0.1482,False,4.91,[],"{""model_used"": ""tunis""}",isolation_forest_v2
tunisieannonce_770f87d38025,tunisieannonce,tunis,0.0066,False,46.72,"[""no_images_high_price""]","{""model_used"": ""tunis""}",isolation_forest_v2
tunisieannonce_781a1505120d,tunisieannonce,tunis,0.1725,False,3.08,[],"{""model_used"": ""tunis""}",isolation_forest_v2
tunisieannonce_788d450d1375,tunisieannonce,tunis,0.1602,False,3.9,[],"{""model_used"": ""tunis""}",isolation_forest_v2
tunisieannonce_788f2fdc68c1,tunisieannonce,tunis,-0.0074,True,53.7,"[""no_images_high_price""]","{""model_used"": ""tunis""}",isolation_forest_v2
tunisieannonce_780c217c7b38,tunisieannonce,tunis,0.1544,False,4.36,[],"{""model_used"": ""tunis""}",isolation_forest_v2
tunisieannonce_77f3e222bd16,tunisieannonce,tunis,0.1689,False,3.3,[],"{""model_used"": ""tunis""}",isolation_forest_v2
tunisieannonce_788c1a5538de,tunisieannonce,tunis,0.1526,False,4.51,[],"{""model_used"": ""tunis""}",isolation_forest_v2
tunisieannonce_77d6797dfecd,tunisieannonce,tunis,0.1593,False,3.97,[],"{""model_used"": ""tunis""}",isolation_forest_v2
tunisieannonce_77d3f8adda96,tunisieannonce,tunis,0.1692,False,3.28,"[""suspected_test_price""]","{""model_used"": ""tunis""}",isolation_forest_v2
tunisieannonce_791139101f69,tunisieannonce,tunis,0.1776,False,2.79,[],"{""model_used"": ""tunis""}",isolation_forest_v2
tunisieannonce_797fd6c9d053,tunisieannonce,tunis,0.1714,False,3.14,[],"{""model_used"": ""tunis""}",isolation_forest_v2
tunisieannonce_7893564b2e7b,tunisieannonce,tunis,0.1626,False,3.73,[],"{""model_used"": ""tunis""}",isolation_forest_v2
tunisieannonce_78f0e9cb237d,tunisieannonce,tunis,0.0943,False,13.18,"[""no_images_high_price""]","{""model_used"": ""tunis""}",isolation_forest_v2
tunisieannonce_78992835ae97,tunisieannonce,tunis,0.1601,False,3.91,[],"{""model_used"": ""tunis""}",isolation_forest_v2
tunisieannonce_78bc2bc50481,tunisieannonce,tunis,0.1854,False,2.39,[],"{""model_used"": ""tunis""}",isolation_forest_v2
tunisieannonce_7a06d1bd650a,tunisieannonce,tunis,0.1232,False,7.84,[],"{""model_used"": ""tunis""}",isolation_forest_v2
tunisieannonce_79fcebcbed5f,tunisieannonce,tunis,0.1728,False,3.06,[],"{""model_used"": ""tunis""}",isolation_forest_v2
tunisieannonce_79fb3130ad55,tunisieannonce,tunis,0.098,False,12.34,[],"{""model_used"": ""tunis""}",isolation_forest_v2
tunisieannonce_79e69a17c84d,tunisieannonce,tunis,0.1646,False,3.59,[],"{""model_used"": ""tunis""}",isolation_forest_v2
tunisieannonce_7a228c70aba6,tunisieannonce,tunis,0.1738,False,3.0,"[""no_images_high_price""]","{""model_used"": ""tunis""}",isolation_forest_v2
tunisieannonce_79ea68ea9d71,tunisieannonce,tunis,0.1486,False,4.87,"[""no_images_high_price""]","{""model_used"": ""tunis""}",isolation_forest_v2
tunisieannonce_7d51cf844b1f,tunisieannonce,tunis,0.0881,False,14.67,[],"{""model_used"": ""tunis""}",isolation_forest_v2
tunisieannonce_798c505047d2,tunisieannonce,tunis,0.186,False,2.37,[],"{""model_used"": ""tunis""}",isolation_forest_v2
tunisieannonce_79cc9ccd4519,tunisieannonce,tunis,0.1075,False,10.44,[],"{""model_used"": ""tunis""}",isolation_forest_v2
tunisieannonce_7a762aed8f6c,tunisieannonce,tunis,0.0937,False,13.3,[],"{""model_used"": ""tunis""}",isolation_forest_v2
tunisieannonce_7f4b9561e3f5,tunisieannonce,tunis,0.1452,False,5.2,[],"{""model_used"": ""tunis""}",isolation_forest_v2
tunisieannonce_7ab9396ade75,tunisieannonce,tunis,0.1682,False,3.35,[],"{""model_used"": ""tunis""}",isolation_forest_v2
tunisieannonce_7abfb2fb8f20,tunisieannonce,tunis,0.1611,False,3.84,[],"{""model_used"": ""tunis""}",isolation_forest_v2
tunisieannonce_7aa095e6319a,tunisieannonce,tunis,0.1327,False,6.57,[],"{""model_used"": ""tunis""}",isolation_forest_v2
tunisieannonce_7a8d02abe76b,tunisieannonce,tunis,0.11,False,9.97,[],"{""model_used"": ""tunis""}",isolation_forest_v2
tunisieannonce_84793424cd7f,tunisieannonce,tunis,0.1594,False,3.96,[],"{""model_used"": ""tunis""}",isolation_forest_v2
tunisieannonce_7a775a0c30b5,tunisieannonce,tunis,0.1146,False,9.18,[],"{""model_used"": ""tunis""}",isolation_forest_v2
tunisieannonce_7a538b426c54,tunisieannonce,tunis,0.0946,False,13.1,"[""no_images_high_price""]","{""model_used"": ""tunis""}",isolation_forest_v2
tunisieannonce_7b89280925ae,tunisieannonce,tunis,0.1817,False,2.57,[],"{""model_used"": ""tunis""}",isolation_forest_v2
tunisieannonce_7b84bd1ab71f,tunisieannonce,tunis,0.1853,False,2.4,[],"{""model_used"": ""tunis""}",isolation_forest_v2
tunisieannonce_7b3ca2e23885,tunisieannonce,tunis,0.1343,False,6.38,"[""no_images_high_price""]","{""model_used"": ""tunis""}",isolation_forest_v2
tunisieannonce_7beb81cb3304,tunisieannonce,tunis,0.1512,False,4.64,[],"{""model_used"": ""tunis""}",isolation_forest_v2
tunisieannonce_7bf6fe61a509,tunisieannonce,tunis,0.1863,False,2.35,[],"{""model_used"": ""tunis""}",isolation_forest_v2
tunisieannonce_8dcab4e101dc,tunisieannonce,tunis,0.1736,False,3.01,[],"{""model_used"": ""tunis""}",isolation_forest_v2
tunisieannonce_7b80f613901f,tunisieannonce,tunis,0.1389,False,5.85,"[""no_images_high_price""]","{""model_used"": ""tunis""}",isolation_forest_v2
tunisieannonce_7c4a902acb27,tunisieannonce,tunis,0.1028,False,11.34,[],"{""model_used"": ""tunis""}",isolation_forest_v2
tunisieannonce_7c5912db7d14,tunisieannonce,tunis,0.1379,False,5.96,"[""no_images_high_price""]","{""model_used"": ""tunis""}",isolation_forest_v2
tunisieannonce_7c0c47530a05,tunisieannonce,tunis,0.1683,False,3.34,[],"{""model_used"": ""tunis""}",isolation_forest_v2
tunisieannonce_7c11adaffe36,tunisieannonce,tunis,0.134,False,6.41,[],"{""model_used"": ""tunis""}",isolation_forest_v2
tunisieannonce_7c8da9611189,tunisieannonce,tunis,0.1387,False,5.88,[],"{""model_used"": ""tunis""}",isolation_forest_v2
tunisieannonce_7c2d70a3b0bf,tunisieannonce,tunis,0.1594,False,3.96,[],"{""model_used"": ""tunis""}",isolation_forest_v2
tunisieannonce_7c9ee6699fda,tunisieannonce,tunis,0.1773,False,2.8,[],"{""model_used"": ""tunis""}",isolation_forest_v2
tunisieannonce_7c2711b16493,tunisieannonce,tunis,0.1208,False,8.2,[],"{""model_used"": ""tunis""}",isolation_forest_v2
tunisieannonce_7bf989f82969,tunisieannonce,tunis,0.0815,False,16.37,[],"{""model_used"": ""tunis""}",isolation_forest_v2
tunisieannonce_7d0ebff84e0d,tunisieannonce,tunis,0.1085,False,10.25,[],"{""model_used"": ""tunis""}",isolation_forest_v2
tunisieannonce_7cd4df13678a,tunisieannonce,tunis,0.0728,False,18.92,"[""no_images_high_price""]","{""model_used"": ""tunis""}",isolation_forest_v2
tunisieannonce_7cb17619ce84,tunisieannonce,tunis,0.1455,False,5.17,[],"{""model_used"": ""tunis""}",isolation_forest_v2
tunisieannonce_7cf0ceca918f,tunisieannonce,tunis,0.1489,False,4.85,[],"{""model_used"": ""tunis""}",isolation_forest_v2
tunisieannonce_7cc16dde4f17,tunisieannonce,tunis,0.0637,False,21.87,"[""no_images_high_price""]","{""model_used"": ""tunis""}",isolation_forest_v2
tunisieannonce_7d7d0ed8a93e,tunisieannonce,tunis,0.1347,False,6.34,"[""no_images_high_price""]","{""model_used"": ""tunis""}",isolation_forest_v2
tunisieannonce_7d0c08c38ff6,tunisieannonce,tunis,0.1232,False,7.84,[],"{""model_used"": ""tunis""}",isolation_forest_v2
tunisieannonce_7dbd23376097,tunisieannonce,tunis,0.1649,False,3.56,[],"{""model_used"": ""tunis""}",isolation_forest_v2
tunisieannonce_7d6a1a2c4853,tunisieannonce,tunis,0.1179,False,8.64,[],"{""model_used"": ""tunis""}",isolation_forest_v2
tunisieannonce_7d79ddad196f,tunisieannonce,tunis,0.0886,False,14.52,[],"{""model_used"": ""tunis""}",isolation_forest_v2
tunisieannonce_7d7784d1a686,tunisieannonce,tunis,0.1662,False,3.48,[],"{""model_used"": ""tunis""}",isolation_forest_v2
tunisieannonce_7dae5e008bde,tunisieannonce,tunis,0.1838,False,2.47,[],"{""model_used"": ""tunis""}",isolation_forest_v2
tunisieannonce_a520b9c9eb33,tunisieannonce,tunis,0.1586,False,4.03,[],"{""model_used"": ""tunis""}",isolation_forest_v2
tunisieannonce_7dfbf73883be,tunisieannonce,tunis,0.0765,False,17.81,"[""no_images_high_price""]","{""model_used"": ""tunis""}",isolation_forest_v2
tunisieannonce_7decb3699308,tunisieannonce,tunis,0.1458,False,5.14,[],"{""model_used"": ""tunis""}",isolation_forest_v2
tunisieannonce_7e47adee27c8,tunisieannonce,tunis,0.1806,False,2.63,[],"{""model_used"": ""tunis""}",isolation_forest_v2
tunisieannonce_7e6879a856b4,tunisieannonce,tunis,0.0847,False,15.54,"[""no_images_high_price""]","{""model_used"": ""tunis""}",isolation_forest_v2
tunisieannonce_7de79e11ab6b,tunisieannonce,tunis,0.1508,False,4.67,[],"{""model_used"": ""tunis""}",isolation_forest_v2
tunisieannonce_7e09d5397342,tunisieannonce,tunis,0.1767,False,2.84,[],"{""model_used"": ""tunis""}",isolation_forest_v2
tunisieannonce_7ebaf3d69904,tunisieannonce,tunis,0.1529,False,4.49,[],"{""model_used"": ""tunis""}",isolation_forest_v2
tunisieannonce_7e9ca4440610,tunisieannonce,tunis,0.1568,False,4.17,"[""no_images_high_price""]","{""model_used"": ""tunis""}",isolation_forest_v2
tunisieannonce_7ec8ca7712bc,tunisieannonce,tunis,0.1727,False,3.06,[],"{""model_used"": ""tunis""}",isolation_forest_v2
tunisieannonce_7fb16a1d4ab8,tunisieannonce,tunis,0.0834,False,15.87,[],"{""model_used"": ""tunis""}",isolation_forest_v2
tunisieannonce_7ec2f003ab9b,tunisieannonce,tunis,0.1598,False,3.93,[],"{""model_used"": ""tunis""}",isolation_forest_v2
tunisieannonce_7e93d024fbe4,tunisieannonce,tunis,0.1866,False,2.34,[],"{""model_used"": ""tunis""}",isolation_forest_v2
tunisieannonce_7eeb99db1213,tunisieannonce,tunis,0.116,False,8.95,[],"{""model_used"": ""tunis""}",isolation_forest_v2
tunisieannonce_7ea4be7ff5a3,tunisieannonce,tunis,0.0964,False,12.7,"[""extreme_price_per_m2""]","{""model_used"": ""tunis""}",isolation_forest_v2
tunisieannonce_7eaf1e9c724c,tunisieannonce,tunis,0.1674,False,3.39,[],"{""model_used"": ""tunis""}",isolation_forest_v2
tunisieannonce_7fd2337dec78,tunisieannonce,tunis,0.1786,False,2.74,[],"{""model_used"": ""tunis""}",isolation_forest_v2
tunisieannonce_7f16b0f254bd,tunisieannonce,tunis,0.1037,False,11.16,"[""no_images_high_price""]","{""model_used"": ""tunis""}",isolation_forest_v2
tunisieannonce_7fa50165fa09,tunisieannonce,tunis,0.1783,False,2.75,[],"{""model_used"": ""tunis""}",isolation_forest_v2
tunisieannonce_7f2a3a50c5b7,tunisieannonce,tunis,0.1443,False,5.28,[],"{""model_used"": ""tunis""}",isolation_forest_v2
tunisieannonce_800c00dfef47,tunisieannonce,tunis,0.1525,False,4.52,"[""no_images_high_price""]","{""model_used"": ""tunis""}",isolation_forest_v2
tunisieannonce_7fe9ef5fde5a,tunisieannonce,tunis,0.1813,False,2.59,[],"{""model_used"": ""tunis""}",isolation_forest_v2
tunisieannonce_8048591bcb8e,tunisieannonce,tunis,0.1573,False,4.12,[],"{""model_used"": ""tunis""}",isolation_forest_v2
tunisieannonce_8037dc0bb4ee,tunisieannonce,tunis,0.0099,False,45.08,[],"{""model_used"": ""tunis""}",isolation_forest_v2
tunisieannonce_803f9990c073,tunisieannonce,tunis,0.14,False,5.73,"[""no_images_high_price""]","{""model_used"": ""tunis""}",isolation_forest_v2
tunisieannonce_80363653634f,tunisieannonce,tunis,0.059,False,23.5,[],"{""model_used"": ""tunis""}",isolation_forest_v2
tunisieannonce_8093ec5f19ec,tunisieannonce,tunis,0.1726,False,3.07,[],"{""model_used"": ""tunis""}",isolation_forest_v2
tunisieannonce_809daed0e783,tunisieannonce,tunis,0.0256,False,37.48,[],"{""model_used"": ""tunis""}",isolation_forest_v2
tunisieannonce_80432ccca63f,tunisieannonce,tunis,0.1404,False,5.69,[],"{""model_used"": ""tunis""}",isolation_forest_v2
tunisieannonce_948042d1340d,tunisieannonce,tunis,0.1086,False,10.24,"[""no_images_high_price""]","{""model_used"": ""tunis""}",isolation_forest_v2
tunisieannonce_8129b0d64191,tunisieannonce,tunis,0.1756,False,2.9,[],"{""model_used"": ""tunis""}",isolation_forest_v2
tunisieannonce_81116f7aa8cb,tunisieannonce,tunis,0.1587,False,4.02,"[""no_images_high_price""]","{""model_used"": ""tunis""}",isolation_forest_v2
tunisieannonce_815de63384c1,tunisieannonce,tunis,0.174,False,2.99,[],"{""model_used"": ""tunis""}",isolation_forest_v2
tunisieannonce_812b0109affa,tunisieannonce,tunis,0.1772,False,2.81,[],"{""model_used"": ""tunis""}",isolation_forest_v2
tunisieannonce_9a5fb26392f1,tunisieannonce,tunis,0.0795,False,16.95,[],"{""model_used"": ""tunis""}",isolation_forest_v2
tunisieannonce_80fea7b4c739,tunisieannonce,tunis,0.1607,False,3.86,[],"{""model_used"": ""tunis""}",isolation_forest_v2
tunisieannonce_81335960e149,tunisieannonce,tunis,0.152,False,4.56,"[""no_images_high_price""]","{""model_used"": ""tunis""}",isolation_forest_v2
tunisieannonce_81a8512d229c,tunisieannonce,tunis,0.1009,False,11.73,[],"{""model_used"": ""tunis""}",isolation_forest_v2
tunisieannonce_822a15f7a6c6,tunisieannonce,tunis,0.16,False,3.92,[],"{""model_used"": ""tunis""}",isolation_forest_v2
tunisieannonce_8229c53c7302,tunisieannonce,tunis,0.0859,False,15.22,[],"{""model_used"": ""tunis""}",isolation_forest_v2
tunisieannonce_819b33037b31,tunisieannonce,tunis,0.1186,False,8.53,"[""no_images_high_price""]","{""model_used"": ""tunis""}",isolation_forest_v2
tunisieannonce_81d279a00d73,tunisieannonce,tunis,0.1621,False,3.76,[],"{""model_used"": ""tunis""}",isolation_forest_v2
tunisieannonce_8223f049a047,tunisieannonce,tunis,0.1496,False,4.78,[],"{""model_used"": ""tunis""}",isolation_forest_v2
tunisieannonce_81ac39c222f9,tunisieannonce,tunis,0.1378,False,5.98,[],"{""model_used"": ""tunis""}",isolation_forest_v2
tunisieannonce_81b1504d787c,tunisieannonce,tunis,0.1346,False,6.34,[],"{""model_used"": ""tunis""}",isolation_forest_v2
tunisieannonce_9bf77edccea1,tunisieannonce,tunis,0.1587,False,4.01,[],"{""model_used"": ""tunis""}",isolation_forest_v2
tunisieannonce_82e40191ff9b,tunisieannonce,tunis,0.0604,False,22.99,"[""extreme_price_per_m2""]","{""model_used"": ""tunis""}",isolation_forest_v2
tunisieannonce_828618fc4ee0,tunisieannonce,tunis,0.1816,False,2.58,[],"{""model_used"": ""tunis""}",isolation_forest_v2
tunisieannonce_827cbe0e65a8,tunisieannonce,tunis,0.1426,False,5.46,"[""no_images_high_price""]","{""model_used"": ""tunis""}",isolation_forest_v2
tunisieannonce_8296d82b539b,tunisieannonce,tunis,0.1403,False,5.7,"[""suspected_test_price""]","{""model_used"": ""tunis""}",isolation_forest_v2
tunisieannonce_83257c9dd49c,tunisieannonce,tunis,0.1277,False,7.21,[],"{""model_used"": ""tunis""}",isolation_forest_v2
tunisieannonce_826db0a31866,tunisieannonce,tunis,0.1073,False,10.46,"[""no_images_high_price""]","{""model_used"": ""tunis""}",isolation_forest_v2
tunisieannonce_82a862572c4c,tunisieannonce,tunis,0.1587,False,4.02,"[""no_images_high_price""]","{""model_used"": ""tunis""}",isolation_forest_v2
tunisieannonce_82feae374ea3,tunisieannonce,tunis,0.1117,False,9.68,[],"{""model_used"": ""tunis""}",isolation_forest_v2
tunisieannonce_84211b99923c,tunisieannonce,tunis,0.1722,False,3.1,[],"{""model_used"": ""tunis""}",isolation_forest_v2
tunisieannonce_831c1aa086ef,tunisieannonce,tunis,0.1677,False,3.38,[],"{""model_used"": ""tunis""}",isolation_forest_v2
tunisieannonce_83db409cce41,tunisieannonce,tunis,0.1638,False,3.64,"[""suspected_test_price""]","{""model_used"": ""tunis""}",isolation_forest_v2
tunisieannonce_83b23204a682,tunisieannonce,tunis,0.0569,False,24.28,"[""no_images_high_price""]","{""model_used"": ""tunis""}",isolation_forest_v2
tunisieannonce_841fd55b3173,tunisieannonce,tunis,0.1547,False,4.33,[],"{""model_used"": ""tunis""}",isolation_forest_v2
tunisieannonce_83613355b3d4,tunisieannonce,tunis,0.1731,False,3.04,[],"{""model_used"": ""tunis""}",isolation_forest_v2
tunisieannonce_837057e4cd47,tunisieannonce,tunis,0.1558,False,4.25,"[""no_images_high_price""]","{""model_used"": ""tunis""}",isolation_forest_v2
tunisieannonce_8475bcb09134,tunisieannonce,tunis,0.1874,False,2.3,[],"{""model_used"": ""tunis""}",isolation_forest_v2
tunisieannonce_848847620f7b,tunisieannonce,tunis,0.0574,False,24.08,[],"{""model_used"": ""tunis""}",isolation_forest_v2
tunisieannonce_8481f6d5b02a,tunisieannonce,tunis,0.0774,False,17.53,"[""no_images_high_price""]","{""model_used"": ""tunis""}",isolation_forest_v2
tunisieannonce_8468ee84213e,tunisieannonce,tunis,0.0699,False,19.8,[],"{""model_used"": ""tunis""}",isolation_forest_v2
tunisieannonce_84cf412a14a4,tunisieannonce,tunis,0.1771,False,2.81,[],"{""model_used"": ""tunis""}",isolation_forest_v2
tunisieannonce_84d0d122bd71,tunisieannonce,tunis,0.094,False,13.24,"[""no_images_high_price""]","{""model_used"": ""tunis""}",isolation_forest_v2
tunisieannonce_85313dc902ee,tunisieannonce,tunis,-0.0542,True,74.72,"[""no_images_high_price"", ""extreme_price_per_m2""]","{""model_used"": ""tunis""}",isolation_forest_v2
tunisieannonce_853885c0452f,tunisieannonce,tunis,0.0606,False,22.95,[],"{""model_used"": ""tunis""}",isolation_forest_v2
tunisieannonce_85203899d2ba,tunisieannonce,tunis,0.1679,False,3.36,[],"{""model_used"": ""tunis""}",isolation_forest_v2
tunisieannonce_85d8baa246f9,tunisieannonce,tunis,0.1199,False,8.33,"[""no_images_high_price""]","{""model_used"": ""tunis""}",isolation_forest_v2
tunisieannonce_84e1f13b050d,tunisieannonce,tunis,0.1701,False,3.23,[],"{""model_used"": ""tunis""}",isolation_forest_v2
tunisieannonce_8546e79d524b,tunisieannonce,tunis,0.0682,False,20.36,"[""no_images_high_price""]","{""model_used"": ""tunis""}",isolation_forest_v2
tunisieannonce_8515bff1c3c4,tunisieannonce,tunis,0.1376,False,6.0,[],"{""model_used"": ""tunis""}",isolation_forest_v2
tunisieannonce_8609c17d67eb,tunisieannonce,tunis,0.1598,False,3.93,[],"{""model_used"": ""tunis""}",isolation_forest_v2
tunisieannonce_85a94198be85,tunisieannonce,tunis,0.1794,False,2.69,[],"{""model_used"": ""tunis""}",isolation_forest_v2
tunisieannonce_8564f181f131,tunisieannonce,tunis,0.1316,False,6.71,"[""no_images_high_price""]","{""model_used"": ""tunis""}",isolation_forest_v2
tunisieannonce_859dd19be4f3,tunisieannonce,tunis,0.1453,False,5.19,[],"{""model_used"": ""tunis""}",isolation_forest_v2
tunisieannonce_860b0b30da10,tunisieannonce,tunis,0.1627,False,3.72,[],"{""model_used"": ""tunis""}",isolation_forest_v2
tunisieannonce_85adb0e0516c,tunisieannonce,tunis,0.1577,False,4.09,"[""no_images_high_price""]","{""model_used"": ""tunis""}",isolation_forest_v2
tunisieannonce_85ec01a8ade0,tunisieannonce,tunis,0.1776,False,2.79,[],"{""model_used"": ""tunis""}",isolation_forest_v2
tunisieannonce_86013a22675c,tunisieannonce,tunis,0.1782,False,2.75,[],"{""model_used"": ""tunis""}",isolation_forest_v2
tunisieannonce_86bcea137980,tunisieannonce,tunis,-0.013,True,56.45,"[""no_images_high_price"", ""extreme_price_per_m2"", ""price_too_high_for_region""]","{""model_used"": ""tunis""}",isolation_forest_v2
tunisieannonce_868e60465a7f,tunisieannonce,tunis,0.1549,False,4.32,[],"{""model_used"": ""tunis""}",isolation_forest_v2
tunisieannonce_869be450ed80,tunisieannonce,tunis,0.1808,False,2.62,[],"{""model_used"": ""tunis""}",isolation_forest_v2
tunisieannonce_8637c6490098,tunisieannonce,tunis,0.1477,False,4.96,[],"{""model_used"": ""tunis""}",isolation_forest_v2
tunisieannonce_8880941cfe46,tunisieannonce,tunis,0.1644,False,3.6,[],"{""model_used"": ""tunis""}",isolation_forest_v2
tunisieannonce_86458a4f1c52,tunisieannonce,tunis,-0.0892,True,85.61,"[""no_images_high_price"", ""extreme_price_per_m2""]","{""model_used"": ""tunis""}",isolation_forest_v2
tunisieannonce_8629b28d0355,tunisieannonce,tunis,0.0982,False,12.3,[],"{""model_used"": ""tunis""}",isolation_forest_v2
tunisieannonce_861db9688a1f,tunisieannonce,tunis,0.1539,False,4.41,[],"{""model_used"": ""tunis""}",isolation_forest_v2
tunisieannonce_86bd92e2fc11,tunisieannonce,tunis,0.1817,False,2.57,[],"{""model_used"": ""tunis""}",isolation_forest_v2
tunisieannonce_871e0dbe9345,tunisieannonce,tunis,0.1149,False,9.12,"[""suspected_test_price""]","{""model_used"": ""tunis""}",isolation_forest_v2
tunisieannonce_87330f525e0a,tunisieannonce,tunis,0.1774,False,2.8,[],"{""model_used"": ""tunis""}",isolation_forest_v2
tunisieannonce_86c4041f4eaf,tunisieannonce,tunis,0.1712,False,3.15,[],"{""model_used"": ""tunis""}",isolation_forest_v2
tunisieannonce_86ea8c1cb641,tunisieannonce,tunis,0.1217,False,8.06,[],"{""model_used"": ""tunis""}",isolation_forest_v2
tunisieannonce_87ec946d8e04,tunisieannonce,tunis,0.1441,False,5.3,"[""no_images_high_price""]","{""model_used"": ""tunis""}",isolation_forest_v2
tunisieannonce_8757ed6fac95,tunisieannonce,tunis,0.1161,False,8.93,[],"{""model_used"": ""tunis""}",isolation_forest_v2
tunisieannonce_86f69a861aa0,tunisieannonce,tunis,0.1532,False,4.46,[],"{""model_used"": ""tunis""}",isolation_forest_v2
tunisieannonce_87d39534c936,tunisieannonce,tunis,0.1709,False,3.18,[],"{""model_used"": ""tunis""}",isolation_forest_v2
tunisieannonce_87ee5f5f7d46,tunisieannonce,tunis,0.1504,False,4.71,[],"{""model_used"": ""tunis""}",isolation_forest_v2
tunisieannonce_89c93c933e1b,tunisieannonce,tunis,0.092,False,13.7,[],"{""model_used"": ""tunis""}",isolation_forest_v2
tunisieannonce_87acbbb2c2e9,tunisieannonce,tunis,0.1522,False,4.55,"[""no_images_high_price""]","{""model_used"": ""tunis""}",isolation_forest_v2
tunisieannonce_877b557a870b,tunisieannonce,tunis,0.0241,False,38.18,[],"{""model_used"": ""tunis""}",isolation_forest_v2
tunisieannonce_87662a983eb3,tunisieannonce,tunis,0.035,False,33.16,"[""no_images_high_price""]","{""model_used"": ""tunis""}",isolation_forest_v2
tunisieannonce_87e4874badf0,tunisieannonce,tunis,0.0655,False,21.24,[],"{""model_used"": ""tunis""}",isolation_forest_v2
tunisieannonce_a5fc98869edc,tunisieannonce,tunis,0.1312,False,6.76,"[""no_images_high_price""]","{""model_used"": ""tunis""}",isolation_forest_v2
tunisieannonce_87ea4fe80ec3,tunisieannonce,tunis,0.0452,False,28.82,"[""no_images_high_price""]","{""model_used"": ""tunis""}",isolation_forest_v2
tunisieannonce_88ce9fb538cc,tunisieannonce,tunis,0.1276,False,7.22,"[""no_images_high_price""]","{""model_used"": ""tunis""}",isolation_forest_v2
tunisieannonce_881f1953cd75,tunisieannonce,tunis,0.0329,False,34.12,"[""extreme_price_per_m2""]","{""model_used"": ""tunis""}",isolation_forest_v2
tunisieannonce_883c1565cc68,tunisieannonce,tunis,0.1595,False,3.95,[],"{""model_used"": ""tunis""}",isolation_forest_v2
tunisieannonce_88093a67568f,tunisieannonce,tunis,0.1779,False,2.77,[],"{""model_used"": ""tunis""}",isolation_forest_v2
tunisieannonce_88193dcf4800,tunisieannonce,tunis,0.1865,False,2.34,[],"{""model_used"": ""tunis""}",isolation_forest_v2
tunisieannonce_89d6c97077d4,tunisieannonce,tunis,0.1345,False,6.35,[],"{""model_used"": ""tunis""}",isolation_forest_v2
tunisieannonce_88088d9994eb,tunisieannonce,tunis,0.1779,False,2.77,[],"{""model_used"": ""tunis""}",isolation_forest_v2
tunisieannonce_890ba8f5bb3b,tunisieannonce,tunis,0.0737,False,18.63,[],"{""model_used"": ""tunis""}",isolation_forest_v2
tunisieannonce_893db027f0c5,tunisieannonce,tunis,0.0603,False,23.05,[],"{""model_used"": ""tunis""}",isolation_forest_v2
tunisieannonce_892d42cceb5e,tunisieannonce,tunis,0.1489,False,4.84,"[""no_images_high_price""]","{""model_used"": ""tunis""}",isolation_forest_v2
tunisieannonce_89106cc7c06a,tunisieannonce,tunis,0.148,False,4.93,"[""no_images_high_price""]","{""model_used"": ""tunis""}",isolation_forest_v2
tunisieannonce_88d2a74e3671,tunisieannonce,tunis,0.1385,False,5.89,"[""no_images_high_price""]","{""model_used"": ""tunis""}",isolation_forest_v2
tunisieannonce_891fe49a143e,tunisieannonce,tunis,0.177,False,2.82,[],"{""model_used"": ""tunis""}",isolation_forest_v2
tunisieannonce_8937f5642c0c,tunisieannonce,tunis,0.1553,False,4.29,"[""no_images_high_price""]","{""model_used"": ""tunis""}",isolation_forest_v2
tunisieannonce_88ed4f59c425,tunisieannonce,tunis,0.175,False,2.93,[],"{""model_used"": ""tunis""}",isolation_forest_v2
tunisieannonce_89e1e9033938,tunisieannonce,tunis,0.1362,False,6.16,[],"{""model_used"": ""tunis""}",isolation_forest_v2
tunisieannonce_89cac1f25bd5,tunisieannonce,tunis,0.1244,False,7.68,[],"{""model_used"": ""tunis""}",isolation_forest_v2
tunisieannonce_89bf7c780375,tunisieannonce,tunis,0.1797,False,2.68,[],"{""model_used"": ""tunis""}",isolation_forest_v2
tunisieannonce_89e803673868,tunisieannonce,tunis,0.1187,False,8.51,[],"{""model_used"": ""tunis""}",isolation_forest_v2
tunisieannonce_89c4db936c72,tunisieannonce,tunis,0.1617,False,3.79,[],"{""model_used"": ""tunis""}",isolation_forest_v2
tunisieannonce_898c3c8189af,tunisieannonce,tunis,0.1736,False,3.01,"[""no_images_high_price""]","{""model_used"": ""tunis""}",isolation_forest_v2
tunisieannonce_89f0ddba6e21,tunisieannonce,tunis,0.1859,False,2.37,[],"{""model_used"": ""tunis""}",isolation_forest_v2
tunisieannonce_89f410a7a757,tunisieannonce,tunis,0.1588,False,4.01,[],"{""model_used"": ""tunis""}",isolation_forest_v2
tunisieannonce_8ae134bc6106,tunisieannonce,tunis,-0.0445,True,70.9,"[""no_images_high_price"", ""extreme_price_per_m2""]","{""model_used"": ""tunis""}",isolation_forest_v2
tunisieannonce_8a5ca8028c2c,tunisieannonce,tunis,0.0762,False,17.89,"[""no_images_high_price"", ""price_too_high_for_region""]","{""model_used"": ""tunis""}",isolation_forest_v2
tunisieannonce_a5954dca440b,tunisieannonce,tunis,0.1855,False,2.39,[],"{""model_used"": ""tunis""}",isolation_forest_v2
tunisieannonce_8a45f7645162,tunisieannonce,tunis,0.065,False,21.43,[],"{""model_used"": ""tunis""}",isolation_forest_v2
tunisieannonce_8a07ad8e0de4,tunisieannonce,tunis,0.0784,False,17.26,[],"{""model_used"": ""tunis""}",isolation_forest_v2
tunisieannonce_8c8226292ad2,tunisieannonce,tunis,0.1772,False,2.81,[],"{""model_used"": ""tunis""}",isolation_forest_v2
tunisieannonce_8a59981e3dbf,tunisieannonce,tunis,0.1538,False,4.41,"[""no_images_high_price""]","{""model_used"": ""tunis""}",isolation_forest_v2
tunisieannonce_8ba64f73bb87,tunisieannonce,tunis,0.0328,False,34.15,"[""no_images_high_price""]","{""model_used"": ""tunis""}",isolation_forest_v2
tunisieannonce_8b76362661dc,tunisieannonce,tunis,0.1066,False,10.61,[],"{""model_used"": ""tunis""}",isolation_forest_v2
tunisieannonce_8afde2712cd6,tunisieannonce,tunis,0.1814,False,2.59,[],"{""model_used"": ""tunis""}",isolation_forest_v2
tunisieannonce_8b47f89f4ad6,tunisieannonce,tunis,0.169,False,3.29,[],"{""model_used"": ""tunis""}",isolation_forest_v2
tunisieannonce_8b60994e8e5d,tunisieannonce,tunis,0.167,False,3.42,[],"{""model_used"": ""tunis""}",isolation_forest_v2
tunisieannonce_8ba2d8c8f7d3,tunisieannonce,tunis,0.1796,False,2.68,[],"{""model_used"": ""tunis""}",isolation_forest_v2
tunisieannonce_8b3ab9b7633e,tunisieannonce,tunis,0.1425,False,5.47,[],"{""model_used"": ""tunis""}",isolation_forest_v2
tunisieannonce_8ae77316d3e7,tunisieannonce,tunis,0.1693,False,3.27,"[""no_images_high_price""]","{""model_used"": ""tunis""}",isolation_forest_v2
tunisieannonce_8c76ec7e9c5b,tunisieannonce,tunis,0.181,False,2.61,[],"{""model_used"": ""tunis""}",isolation_forest_v2
tunisieannonce_8be318ae414f,tunisieannonce,tunis,0.0668,False,20.8,"[""no_images_high_price""]","{""model_used"": ""tunis""}",isolation_forest_v2
tunisieannonce_8c132be7aa2e,tunisieannonce,tunis,0.1642,False,3.61,[],"{""model_used"": ""tunis""}",isolation_forest_v2
tunisieannonce_8bd751145455,tunisieannonce,tunis,0.1817,False,2.58,[],"{""model_used"": ""tunis""}",isolation_forest_v2
tunisieannonce_8c20cf8eeb71,tunisieannonce,tunis,0.1675,False,3.39,[],"{""model_used"": ""tunis""}",isolation_forest_v2
tunisieannonce_8baad15ab910,tunisieannonce,tunis,0.1823,False,2.54,[],"{""model_used"": ""tunis""}",isolation_forest_v2
tunisieannonce_8cbb2a111668,tunisieannonce,tunis,0.0508,False,26.59,"[""no_images_high_price""]","{""model_used"": ""tunis""}",isolation_forest_v2
tunisieannonce_8ccfd5708583,tunisieannonce,tunis,0.1593,False,3.97,[],"{""model_used"": ""tunis""}",isolation_forest_v2
tunisieannonce_8cdfaedd158c,tunisieannonce,tunis,0.0561,False,24.55,[],"{""model_used"": ""tunis""}",isolation_forest_v2
tunisieannonce_8c8e7e1d9e79,tunisieannonce,tunis,0.1323,False,6.62,[],"{""model_used"": ""tunis""}",isolation_forest_v2
tunisieannonce_8d7c8d60f747,tunisieannonce,tunis,0.1303,False,6.87,[],"{""model_used"": ""tunis""}",isolation_forest_v2
tunisieannonce_8d9cbec39b84,tunisieannonce,tunis,0.1034,False,11.22,"[""no_images_high_price""]","{""model_used"": ""tunis""}",isolation_forest_v2
tunisieannonce_8d7bca4b6548,tunisieannonce,tunis,0.1776,False,2.78,[],"{""model_used"": ""tunis""}",isolation_forest_v2
tunisieannonce_8d7e1fc8e14b,tunisieannonce,tunis,0.1605,False,3.88,[],"{""model_used"": ""tunis""}",isolation_forest_v2
tunisieannonce_8d8cab88b6e1,tunisieannonce,tunis,0.175,False,2.93,[],"{""model_used"": ""tunis""}",isolation_forest_v2
tunisieannonce_8cf13bd34c9e,tunisieannonce,tunis,0.094,False,13.25,[],"{""model_used"": ""tunis""}",isolation_forest_v2
tunisieannonce_8ce9d73294cb,tunisieannonce,tunis,0.1485,False,4.88,[],"{""model_used"": ""tunis""}",isolation_forest_v2
tunisieannonce_8ea448746671,tunisieannonce,tunis,0.1738,False,3.0,[],"{""model_used"": ""tunis""}",isolation_forest_v2
tunisieannonce_8dd8c17c5a98,tunisieannonce,tunis,0.1147,False,9.16,[],"{""model_used"": ""tunis""}",isolation_forest_v2
tunisieannonce_8e700834de77,tunisieannonce,tunis,0.1593,False,3.97,[],"{""model_used"": ""tunis""}",isolation_forest_v2
tunisieannonce_8e3939fa0296,tunisieannonce,tunis,0.0679,False,20.47,"[""no_images_high_price""]","{""model_used"": ""tunis""}",isolation_forest_v2
tunisieannonce_8e5ae426d5b1,tunisieannonce,tunis,0.1482,False,4.9,[],"{""model_used"": ""tunis""}",isolation_forest_v2
tunisieannonce_8e3edd4a8576,tunisieannonce,tunis,0.1278,False,7.2,[],"{""model_used"": ""tunis""}",isolation_forest_v2
tunisieannonce_8dbe5220ae12,tunisieannonce,tunis,0.1577,False,4.09,[],"{""model_used"": ""tunis""}",isolation_forest_v2
tunisieannonce_8ecbefd5aded,tunisieannonce,tunis,0.0995,False,12.03,"[""no_images_high_price""]","{""model_used"": ""tunis""}",isolation_forest_v2
tunisieannonce_8fbb9cb55cfd,tunisieannonce,tunis,0.1832,False,2.5,[],"{""model_used"": ""tunis""}",isolation_forest_v2
tunisieannonce_8f0982a54795,tunisieannonce,tunis,0.1693,False,3.27,"[""no_images_high_price""]","{""model_used"": ""tunis""}",isolation_forest_v2
tunisieannonce_8ec99f8d132d,tunisieannonce,tunis,0.1364,False,6.14,"[""no_images_high_price""]","{""model_used"": ""tunis""}",isolation_forest_v2
tunisieannonce_8ecbfa533b2e,tunisieannonce,tunis,0.1742,False,2.98,"[""no_images_high_price""]","{""model_used"": ""tunis""}",isolation_forest_v2
tunisieannonce_8f43f19e07ed,tunisieannonce,tunis,0.1852,False,2.4,[],"{""model_used"": ""tunis""}",isolation_forest_v2
tunisieannonce_8ea808a8efa0,tunisieannonce,tunis,0.1224,False,7.96,[],"{""model_used"": ""tunis""}",isolation_forest_v2
tunisieannonce_8f1481905024,tunisieannonce,tunis,0.1083,False,10.28,[],"{""model_used"": ""tunis""}",isolation_forest_v2
tunisieannonce_8fd94d9d2bad,tunisieannonce,tunis,0.1664,False,3.46,[],"{""model_used"": ""tunis""}",isolation_forest_v2
tunisieannonce_908554ae27b5,tunisieannonce,tunis,0.1655,False,3.52,[],"{""model_used"": ""tunis""}",isolation_forest_v2
tunisieannonce_90bb7826d89b,tunisieannonce,tunis,0.1162,False,8.92,"[""no_images_high_price""]","{""model_used"": ""tunis""}",isolation_forest_v2
tunisieannonce_9011524dfd50,tunisieannonce,tunis,0.1865,False,2.34,[],"{""model_used"": ""tunis""}",isolation_forest_v2
tunisieannonce_9010e9829052,tunisieannonce,tunis,0.1753,False,2.92,[],"{""model_used"": ""tunis""}",isolation_forest_v2
tunisieannonce_913f955e6d72,tunisieannonce,tunis,0.1775,False,2.79,[],"{""model_used"": ""tunis""}",isolation_forest_v2
tunisieannonce_90f61c240531,tunisieannonce,tunis,0.0504,False,26.74,"[""no_images_high_price""]","{""model_used"": ""tunis""}",isolation_forest_v2
tunisieannonce_918f79289c5d,tunisieannonce,tunis,0.1613,False,3.82,"[""no_images_high_price""]","{""model_used"": ""tunis""}",isolation_forest_v2
tunisieannonce_91b6757e8d50,tunisieannonce,tunis,0.1482,False,4.91,[],"{""model_used"": ""tunis""}",isolation_forest_v2
tunisieannonce_9161b7fb8933,tunisieannonce,tunis,0.1726,False,3.07,[],"{""model_used"": ""tunis""}",isolation_forest_v2
tunisieannonce_91975d0559a8,tunisieannonce,tunis,0.0839,False,15.74,"[""no_images_high_price""]","{""model_used"": ""tunis""}",isolation_forest_v2
tunisieannonce_918c17c891ea,tunisieannonce,tunis,0.0356,False,32.89,"[""no_images_high_price""]","{""model_used"": ""tunis""}",isolation_forest_v2
tunisieannonce_91bd532fe109,tunisieannonce,tunis,0.1259,False,7.46,"[""no_images_high_price""]","{""model_used"": ""tunis""}",isolation_forest_v2
tunisieannonce_928c86653c41,tunisieannonce,tunis,0.0613,False,22.7,"[""extreme_price_per_m2""]","{""model_used"": ""tunis""}",isolation_forest_v2
tunisieannonce_929960d0e382,tunisieannonce,tunis,0.1693,False,3.27,[],"{""model_used"": ""tunis""}",isolation_forest_v2
tunisieannonce_926f1effc2ce,tunisieannonce,tunis,0.1512,False,4.64,[],"{""model_used"": ""tunis""}",isolation_forest_v2
tunisieannonce_91ccd4bbc38a,tunisieannonce,tunis,0.1165,False,8.87,"[""no_images_high_price""]","{""model_used"": ""tunis""}",isolation_forest_v2
tunisieannonce_91c91ac06a9f,tunisieannonce,tunis,0.132,False,6.66,"[""no_images_high_price""]","{""model_used"": ""tunis""}",isolation_forest_v2
tunisieannonce_91dde6132682,tunisieannonce,tunis,0.1085,False,10.25,"[""no_images_high_price""]","{""model_used"": ""tunis""}",isolation_forest_v2
tunisieannonce_a747b25778e9,tunisieannonce,tunis,0.156,False,4.23,[],"{""model_used"": ""tunis""}",isolation_forest_v2
tunisieannonce_93128ae2ece0,tunisieannonce,tunis,0.1337,False,6.45,[],"{""model_used"": ""tunis""}",isolation_forest_v2
tunisieannonce_9305d75c4883,tunisieannonce,tunis,0.1714,False,3.14,[],"{""model_used"": ""tunis""}",isolation_forest_v2
tunisieannonce_93281af11bc3,tunisieannonce,tunis,0.0835,False,15.85,[],"{""model_used"": ""tunis""}",isolation_forest_v2
tunisieannonce_933ce3074ea0,tunisieannonce,tunis,0.1335,False,6.47,[],"{""model_used"": ""tunis""}",isolation_forest_v2
tunisieannonce_930b6882da33,tunisieannonce,tunis,0.0485,False,27.49,"[""no_images_high_price""]","{""model_used"": ""tunis""}",isolation_forest_v2
tunisieannonce_932d2374ac34,tunisieannonce,tunis,0.1423,False,5.48,[],"{""model_used"": ""tunis""}",isolation_forest_v2
tunisieannonce_92bbb6754dd1,tunisieannonce,tunis,0.175,False,2.93,[],"{""model_used"": ""tunis""}",isolation_forest_v2
tunisieannonce_9511ef5bbe30,tunisieannonce,tunis,0.0618,False,22.51,[],"{""model_used"": ""tunis""}",isolation_forest_v2
tunisieannonce_935f124b51d8,tunisieannonce,tunis,0.171,False,3.17,[],"{""model_used"": ""tunis""}",isolation_forest_v2
tunisieannonce_941353d49dd2,tunisieannonce,tunis,0.1681,False,3.35,[],"{""model_used"": ""tunis""}",isolation_forest_v2
tunisieannonce_937d47d58866,tunisieannonce,tunis,0.1512,False,4.63,[],"{""model_used"": ""tunis""}",isolation_forest_v2
tunisieannonce_93492f3bc17e,tunisieannonce,tunis,0.1161,False,8.92,"[""no_images_high_price""]","{""model_used"": ""tunis""}",isolation_forest_v2
tunisieannonce_938eaf5b8b77,tunisieannonce,tunis,0.1462,False,5.1,[],"{""model_used"": ""tunis""}",isolation_forest_v2
tunisieannonce_941f91443ba9,tunisieannonce,tunis,0.1189,False,8.48,[],"{""model_used"": ""tunis""}",isolation_forest_v2
tunisieannonce_94f504e48f71,tunisieannonce,tunis,0.1283,False,7.13,"[""no_images_high_price""]","{""model_used"": ""tunis""}",isolation_forest_v2
tunisieannonce_9456b816f5ef,tunisieannonce,tunis,0.0907,False,14.0,"[""no_images_high_price""]","{""model_used"": ""tunis""}",isolation_forest_v2
tunisieannonce_944b9fcac884,tunisieannonce,tunis,0.1743,False,2.97,[],"{""model_used"": ""tunis""}",isolation_forest_v2
tunisieannonce_949690f8bc9a,tunisieannonce,tunis,0.1118,False,9.66,[],"{""model_used"": ""tunis""}",isolation_forest_v2
tunisieannonce_95690480fe5b,tunisieannonce,tunis,0.1302,False,6.89,[],"{""model_used"": ""tunis""}",isolation_forest_v2
tunisieannonce_95a66afec265,tunisieannonce,tunis,0.0489,False,27.32,"[""no_images_high_price""]","{""model_used"": ""tunis""}",isolation_forest_v2
tunisieannonce_956ee6e52f69,tunisieannonce,tunis,0.1608,False,3.86,[],"{""model_used"": ""tunis""}",isolation_forest_v2
tunisieannonce_95d97f5d7d8f,tunisieannonce,tunis,-0.1293,True,92.99,"[""no_images_high_price"", ""rooms_surface_inconsistent"", ""extreme_price_per_m2""]","{""model_used"": ""tunis""}",isolation_forest_v2
tunisieannonce_95a1fe1aadf1,tunisieannonce,tunis,0.1584,False,4.04,"[""no_images_high_price""]","{""model_used"": ""tunis""}",isolation_forest_v2
tunisieannonce_951b82a40c32,tunisieannonce,tunis,0.166,False,3.49,[],"{""model_used"": ""tunis""}",isolation_forest_v2
tunisieannonce_95e9c52af6fa,tunisieannonce,tunis,0.0718,False,19.22,[],"{""model_used"": ""tunis""}",isolation_forest_v2
tunisieannonce_96067e648b08,tunisieannonce,tunis,0.1205,False,8.24,"[""no_images_high_price""]","{""model_used"": ""tunis""}",isolation_forest_v2
tunisieannonce_967acf662a0a,tunisieannonce,tunis,0.0567,False,24.33,[],"{""model_used"": ""tunis""}",isolation_forest_v2
tunisieannonce_965766297491,tunisieannonce,tunis,0.1245,False,7.66,[],"{""model_used"": ""tunis""}",isolation_forest_v2
tunisieannonce_96c9a5b1f8de,tunisieannonce,tunis,0.1292,False,7.02,"[""no_images_high_price""]","{""model_used"": ""tunis""}",isolation_forest_v2
tunisieannonce_964306bf6327,tunisieannonce,tunis,0.1575,False,4.11,[],"{""model_used"": ""tunis""}",isolation_forest_v2
tunisieannonce_966d4ab15e12,tunisieannonce,tunis,0.1764,False,2.85,[],"{""model_used"": ""tunis""}",isolation_forest_v2
tunisieannonce_9671435fb249,tunisieannonce,tunis,0.0792,False,17.03,"[""no_images_high_price""]","{""model_used"": ""tunis""}",isolation_forest_v2
tunisieannonce_9684cbb6ab54,tunisieannonce,tunis,0.088,False,14.68,"[""no_images_high_price""]","{""model_used"": ""tunis""}",isolation_forest_v2
tunisieannonce_96aa7aafa167,tunisieannonce,tunis,0.1449,False,5.23,"[""no_images_high_price""]","{""model_used"": ""tunis""}",isolation_forest_v2
tunisieannonce_972ab2ab32ec,tunisieannonce,tunis,0.0475,False,27.89,"[""no_images_high_price""]","{""model_used"": ""tunis""}",isolation_forest_v2
tunisieannonce_96fbb5eb5ee4,tunisieannonce,tunis,0.0472,False,27.99,[],"{""model_used"": ""tunis""}",isolation_forest_v2
tunisieannonce_97626e7096a3,tunisieannonce,tunis,0.1323,False,6.62,[],"{""model_used"": ""tunis""}",isolation_forest_v2
tunisieannonce_96e7329a6c19,tunisieannonce,tunis,0.1627,False,3.72,[],"{""model_used"": ""tunis""}",isolation_forest_v2
tunisieannonce_96e5c4495c4c,tunisieannonce,tunis,0.0923,False,13.64,[],"{""model_used"": ""tunis""}",isolation_forest_v2
tunisieannonce_975951b88f64,tunisieannonce,tunis,0.169,False,3.29,[],"{""model_used"": ""tunis""}",isolation_forest_v2
tunisieannonce_999e0dc955eb,tunisieannonce,tunis,0.1247,False,7.62,[],"{""model_used"": ""tunis""}",isolation_forest_v2
tunisieannonce_972b12c29b09,tunisieannonce,tunis,0.1752,False,2.92,[],"{""model_used"": ""tunis""}",isolation_forest_v2
tunisieannonce_976de0d4b1d7,tunisieannonce,tunis,0.1255,False,7.52,"[""no_images_high_price""]","{""model_used"": ""tunis""}",isolation_forest_v2
tunisieannonce_96cff3fe0da5,tunisieannonce,tunis,0.1801,False,2.65,[],"{""model_used"": ""tunis""}",isolation_forest_v2
tunisieannonce_9866d99d803c,tunisieannonce,tunis,0.1263,False,7.4,[],"{""model_used"": ""tunis""}",isolation_forest_v2
tunisieannonce_9b64e12cd89a,tunisieannonce,tunis,0.1655,False,3.52,[],"{""model_used"": ""tunis""}",isolation_forest_v2
tunisieannonce_97e422c9eb87,tunisieannonce,tunis,0.1632,False,3.68,[],"{""model_used"": ""tunis""}",isolation_forest_v2
tunisieannonce_98251557e424,tunisieannonce,tunis,0.1846,False,2.43,[],"{""model_used"": ""tunis""}",isolation_forest_v2
tunisieannonce_97fb17c6c0f3,tunisieannonce,tunis,0.1678,False,3.37,[],"{""model_used"": ""tunis""}",isolation_forest_v2
tunisieannonce_986d0391606d,tunisieannonce,tunis,0.1594,False,3.96,[],"{""model_used"": ""tunis""}",isolation_forest_v2
tunisieannonce_99678ae517f3,tunisieannonce,tunis,0.1838,False,2.47,[],"{""model_used"": ""tunis""}",isolation_forest_v2
tunisieannonce_99553297ac15,tunisieannonce,tunis,0.149,False,4.83,[],"{""model_used"": ""tunis""}",isolation_forest_v2
tunisieannonce_98ded1559ae0,tunisieannonce,tunis,0.1636,False,3.66,[],"{""model_used"": ""tunis""}",isolation_forest_v2
tunisieannonce_998cd1ae88cb,tunisieannonce,tunis,0.1385,False,5.9,"[""no_images_high_price""]","{""model_used"": ""tunis""}",isolation_forest_v2
tunisieannonce_98d9c7283939,tunisieannonce,tunis,0.1599,False,3.92,[],"{""model_used"": ""tunis""}",isolation_forest_v2
tunisieannonce_a55cb3db0dfe,tunisieannonce,tunis,0.1548,False,4.33,[],"{""model_used"": ""tunis""}",isolation_forest_v2
tunisieannonce_98ee86b59df1,tunisieannonce,tunis,0.073,False,18.86,"[""no_images_high_price""]","{""model_used"": ""tunis""}",isolation_forest_v2
tunisieannonce_997b69288e6e,tunisieannonce,tunis,0.1613,False,3.82,[],"{""model_used"": ""tunis""}",isolation_forest_v2
tunisieannonce_98e4a46a88d7,tunisieannonce,tunis,0.1178,False,8.66,[],"{""model_used"": ""tunis""}",isolation_forest_v2
tunisieannonce_9a118a618cc5,tunisieannonce,tunis,0.1505,False,4.7,"[""no_images_high_price""]","{""model_used"": ""tunis""}",isolation_forest_v2
tunisieannonce_9a24a9db9bcd,tunisieannonce,tunis,0.1725,False,3.08,[],"{""model_used"": ""tunis""}",isolation_forest_v2
tunisieannonce_9a0e6767f5a8,tunisieannonce,tunis,0.1641,False,3.62,[],"{""model_used"": ""tunis""}",isolation_forest_v2
tunisieannonce_9a116859da77,tunisieannonce,tunis,-0.0135,True,56.69,"[""no_images_high_price""]","{""model_used"": ""tunis""}",isolation_forest_v2
tunisieannonce_9a36fc1af0ef,tunisieannonce,tunis,0.1628,False,3.71,"[""no_images_high_price""]","{""model_used"": ""tunis""}",isolation_forest_v2
tunisieannonce_99e1cb3a99f7,tunisieannonce,tunis,0.1707,False,3.19,[],"{""model_used"": ""tunis""}",isolation_forest_v2
tunisieannonce_9a1513cde85a,tunisieannonce,tunis,0.0014,False,49.28,"[""no_images_high_price"", ""price_too_high_for_region""]","{""model_used"": ""tunis""}",isolation_forest_v2
tunisieannonce_99b3b37fb907,tunisieannonce,tunis,0.0828,False,16.02,"[""no_images_high_price""]","{""model_used"": ""tunis""}",isolation_forest_v2
tunisieannonce_9a335748b0fb,tunisieannonce,tunis,0.1629,False,3.7,[],"{""model_used"": ""tunis""}",isolation_forest_v2
tunisieannonce_9ae4b8143502,tunisieannonce,tunis,0.1624,False,3.74,[],"{""model_used"": ""tunis""}",isolation_forest_v2
tunisieannonce_9ad177b82858,tunisieannonce,tunis,0.0316,False,34.72,"[""extreme_price_per_m2""]","{""model_used"": ""tunis""}",isolation_forest_v2
tunisieannonce_9aa1afbb096f,tunisieannonce,tunis,0.1055,False,10.82,[],"{""model_used"": ""tunis""}",isolation_forest_v2
tunisieannonce_9a7ad5646695,tunisieannonce,tunis,0.1611,False,3.83,[],"{""model_used"": ""tunis""}",isolation_forest_v2
tunisieannonce_9b3058140ca6,tunisieannonce,tunis,0.1327,False,6.58,[],"{""model_used"": ""tunis""}",isolation_forest_v2
tunisieannonce_9c42b3e56fb6,tunisieannonce,tunis,0.1551,False,4.3,[],"{""model_used"": ""tunis""}",isolation_forest_v2
tunisieannonce_9c6872bd438e,tunisieannonce,tunis,0.1738,False,3.0,[],"{""model_used"": ""tunis""}",isolation_forest_v2
tunisieannonce_9c52cb0186b0,tunisieannonce,tunis,0.1686,False,3.32,[],"{""model_used"": ""tunis""}",isolation_forest_v2
tunisieannonce_9c2deae1aed2,tunisieannonce,tunis,0.1732,False,3.04,[],"{""model_used"": ""tunis""}",isolation_forest_v2
tunisieannonce_9c6c79f666a9,tunisieannonce,tunis,0.1569,False,4.16,[],"{""model_used"": ""tunis""}",isolation_forest_v2
tunisieannonce_9be1f2c4a07d,tunisieannonce,tunis,0.1499,False,4.75,[],"{""model_used"": ""tunis""}",isolation_forest_v2
tunisieannonce_9c4c7ea49485,tunisieannonce,tunis,0.1658,False,3.5,[],"{""model_used"": ""tunis""}",isolation_forest_v2
tunisieannonce_9d6eb25426b4,tunisieannonce,tunis,0.1727,False,3.06,[],"{""model_used"": ""tunis""}",isolation_forest_v2
tunisieannonce_9d4432a0911f,tunisieannonce,tunis,0.1673,False,3.4,[],"{""model_used"": ""tunis""}",isolation_forest_v2
tunisieannonce_9d79bf024488,tunisieannonce,tunis,0.1799,False,2.66,[],"{""model_used"": ""tunis""}",isolation_forest_v2
tunisieannonce_9d397848ac6d,tunisieannonce,tunis,0.1006,False,11.8,[],"{""model_used"": ""tunis""}",isolation_forest_v2
tunisieannonce_9d4e9085dfa3,tunisieannonce,tunis,0.175,False,2.93,[],"{""model_used"": ""tunis""}",isolation_forest_v2
tunisieannonce_9e516aa30a30,tunisieannonce,tunis,0.1568,False,4.17,"[""no_images_high_price""]","{""model_used"": ""tunis""}",isolation_forest_v2
tunisieannonce_9db56089d6cd,tunisieannonce,tunis,0.1498,False,4.76,[],"{""model_used"": ""tunis""}",isolation_forest_v2
tunisieannonce_9d674a9d3691,tunisieannonce,tunis,0.0448,False,28.99,[],"{""model_used"": ""tunis""}",isolation_forest_v2
tunisieannonce_9d0decc4eb99,tunisieannonce,tunis,0.1403,False,5.7,[],"{""model_used"": ""tunis""}",isolation_forest_v2
tunisieannonce_9da11b04aae2,tunisieannonce,tunis,0.1596,False,3.94,[],"{""model_used"": ""tunis""}",isolation_forest_v2
tunisieannonce_9e990f2d3b36,tunisieannonce,tunis,0.0535,False,25.55,"[""no_images_high_price""]","{""model_used"": ""tunis""}",isolation_forest_v2
tunisieannonce_9df24712f1c5,tunisieannonce,tunis,0.1729,False,3.05,[],"{""model_used"": ""tunis""}",isolation_forest_v2
tunisieannonce_9df6a1cb6837,tunisieannonce,tunis,0.1675,False,3.39,"[""no_images_high_price""]","{""model_used"": ""tunis""}",isolation_forest_v2
tunisieannonce_9dd96d885459,tunisieannonce,tunis,0.1419,False,5.53,[],"{""model_used"": ""tunis""}",isolation_forest_v2
tunisieannonce_9e2024d7f64c,tunisieannonce,tunis,0.1718,False,3.12,[],"{""model_used"": ""tunis""}",isolation_forest_v2
tunisieannonce_9e99eda3b1be,tunisieannonce,tunis,0.1729,False,3.06,[],"{""model_used"": ""tunis""}",isolation_forest_v2
tunisieannonce_9f395802e784,tunisieannonce,tunis,0.1659,False,3.5,[],"{""model_used"": ""tunis""}",isolation_forest_v2
tunisieannonce_9ee51a7d7eae,tunisieannonce,tunis,0.0199,False,40.19,"[""no_images_high_price""]","{""model_used"": ""tunis""}",isolation_forest_v2
tunisieannonce_9ed2c6e82a31,tunisieannonce,tunis,0.187,False,2.32,[],"{""model_used"": ""tunis""}",isolation_forest_v2
tunisieannonce_9f286dc309ad,tunisieannonce,tunis,0.1305,False,6.85,"[""no_images_high_price""]","{""model_used"": ""tunis""}",isolation_forest_v2
tunisieannonce_9ee8385709cc,tunisieannonce,tunis,0.1205,False,8.24,"[""no_images_high_price""]","{""model_used"": ""tunis""}",isolation_forest_v2
tunisieannonce_9ed4eaea31ae,tunisieannonce,tunis,0.124,False,7.73,[],"{""model_used"": ""tunis""}",isolation_forest_v2
tunisieannonce_9fcc54f9406d,tunisieannonce,tunis,0.1675,False,3.39,[],"{""model_used"": ""tunis""}",isolation_forest_v2
tunisieannonce_9fc226a74f7f,tunisieannonce,tunis,0.1851,False,2.41,[],"{""model_used"": ""tunis""}",isolation_forest_v2
tunisieannonce_a13f5ae591b8,tunisieannonce,tunis,0.1515,False,4.61,"[""no_images_high_price""]","{""model_used"": ""tunis""}",isolation_forest_v2
tunisieannonce_9f911ed75b00,tunisieannonce,tunis,0.1522,False,4.55,[],"{""model_used"": ""tunis""}",isolation_forest_v2
tunisieannonce_9fda6f504e60,tunisieannonce,tunis,0.165,False,3.56,[],"{""model_used"": ""tunis""}",isolation_forest_v2
tunisieannonce_9f889b988d55,tunisieannonce,tunis,0.1453,False,5.18,[],"{""model_used"": ""tunis""}",isolation_forest_v2
tunisieannonce_9f9510d34d21,tunisieannonce,tunis,0.1739,False,2.99,[],"{""model_used"": ""tunis""}",isolation_forest_v2
tunisieannonce_9f612bab523f,tunisieannonce,tunis,0.0443,False,29.19,[],"{""model_used"": ""tunis""}",isolation_forest_v2
tunisieannonce_aa489ed457af,tunisieannonce,tunis,0.1643,False,3.6,[],"{""model_used"": ""tunis""}",isolation_forest_v2
tunisieannonce_a0c5706e3e71,tunisieannonce,tunis,0.1098,False,10.01,"[""no_images_high_price""]","{""model_used"": ""tunis""}",isolation_forest_v2
tunisieannonce_9fe74a37dea3,tunisieannonce,tunis,0.1455,False,5.16,[],"{""model_used"": ""tunis""}",isolation_forest_v2
tunisieannonce_a045bc36a251,tunisieannonce,tunis,0.0842,False,15.67,[],"{""model_used"": ""tunis""}",isolation_forest_v2
tunisieannonce_a038d6725d95,tunisieannonce,tunis,0.1807,False,2.63,[],"{""model_used"": ""tunis""}",isolation_forest_v2
tunisieannonce_a08bc3b9de9a,tunisieannonce,tunis,0.1182,False,8.6,[],"{""model_used"": ""tunis""}",isolation_forest_v2
tunisieannonce_a259059ade47,tunisieannonce,tunis,0.0376,False,32.06,[],"{""model_used"": ""tunis""}",isolation_forest_v2
tunisieannonce_a0b13beed0cd,tunisieannonce,tunis,0.1346,False,6.35,"[""no_images_high_price""]","{""model_used"": ""tunis""}",isolation_forest_v2
tunisieannonce_a0a7f300cf0c,tunisieannonce,tunis,0.1638,False,3.64,[],"{""model_used"": ""tunis""}",isolation_forest_v2
tunisieannonce_a5e5d5ca5c53,tunisieannonce,tunis,0.1811,False,2.6,[],"{""model_used"": ""tunis""}",isolation_forest_v2
tunisieannonce_a09269c0f956,tunisieannonce,tunis,0.1479,False,4.93,[],"{""model_used"": ""tunis""}",isolation_forest_v2
tunisieannonce_a0a35bba84f7,tunisieannonce,tunis,0.1297,False,6.96,"[""no_images_high_price""]","{""model_used"": ""tunis""}",isolation_forest_v2
tunisieannonce_a14e71dbfb12,tunisieannonce,tunis,0.0593,False,23.39,[],"{""model_used"": ""tunis""}",isolation_forest_v2
tunisieannonce_a152c7a31f67,tunisieannonce,tunis,0.0969,False,12.6,[],"{""model_used"": ""tunis""}",isolation_forest_v2
tunisieannonce_a2c2f61bcefc,tunisieannonce,tunis,0.0729,False,18.87,"[""no_images_high_price""]","{""model_used"": ""tunis""}",isolation_forest_v2
tunisieannonce_a1615617b877,tunisieannonce,tunis,0.1399,False,5.74,[],"{""model_used"": ""tunis""}",isolation_forest_v2
tunisieannonce_a0f40f4ab338,tunisieannonce,tunis,0.1806,False,2.63,[],"{""model_used"": ""tunis""}",isolation_forest_v2
tunisieannonce_a14bbafa4826,tunisieannonce,tunis,0.1681,False,3.35,[],"{""model_used"": ""tunis""}",isolation_forest_v2
tunisieannonce_a171db5307f3,tunisieannonce,tunis,0.1833,False,2.49,[],"{""model_used"": ""tunis""}",isolation_forest_v2
tunisieannonce_a101a28aff9d,tunisieannonce,tunis,0.162,False,3.77,[],"{""model_used"": ""tunis""}",isolation_forest_v2
tunisieannonce_a542327c004a,tunisieannonce,tunis,0.1463,False,5.09,[],"{""model_used"": ""tunis""}",isolation_forest_v2
tunisieannonce_a201987dd890,tunisieannonce,tunis,0.1618,False,3.78,[],"{""model_used"": ""tunis""}",isolation_forest_v2
tunisieannonce_a1ee30f7a7db,tunisieannonce,tunis,0.1558,False,4.25,[],"{""model_used"": ""tunis""}",isolation_forest_v2
tunisieannonce_a1a2d8f28267,tunisieannonce,tunis,0.0444,False,29.16,"[""no_images_high_price""]","{""model_used"": ""tunis""}",isolation_forest_v2
tunisieannonce_a65e2099ce06,tunisieannonce,tunis,0.1574,False,4.11,[],"{""model_used"": ""tunis""}",isolation_forest_v2
tunisieannonce_a1c5e555a24a,tunisieannonce,tunis,0.1685,False,3.32,[],"{""model_used"": ""tunis""}",isolation_forest_v2
tunisieannonce_a1e5bc01b10d,tunisieannonce,tunis,0.1353,False,6.26,"[""no_images_high_price""]","{""model_used"": ""tunis""}",isolation_forest_v2
tunisieannonce_a226264e52b5,tunisieannonce,tunis,0.0813,False,16.45,[],"{""model_used"": ""tunis""}",isolation_forest_v2
tunisieannonce_a17e9bc8aaab,tunisieannonce,tunis,0.121,False,8.17,[],"{""model_used"": ""tunis""}",isolation_forest_v2
tunisieannonce_a28e9dd150f0,tunisieannonce,tunis,0.0662,False,21.03,"[""no_images_high_price""]","{""model_used"": ""tunis""}",isolation_forest_v2
tunisieannonce_a285ce91302f,tunisieannonce,tunis,0.0972,False,12.52,[],"{""model_used"": ""tunis""}",isolation_forest_v2
tunisieannonce_a2bd6be7684d,tunisieannonce,tunis,0.174,False,2.99,[],"{""model_used"": ""tunis""}",isolation_forest_v2
tunisieannonce_a2dc7aae84e1,tunisieannonce,tunis,0.1201,False,8.3,"[""no_images_high_price""]","{""model_used"": ""tunis""}",isolation_forest_v2
tunisieannonce_a2e15b3bb831,tunisieannonce,tunis,0.1115,False,9.71,[],"{""model_used"": ""tunis""}",isolation_forest_v2
tunisieannonce_a2b7cd077e57,tunisieannonce,tunis,0.1693,False,3.27,[],"{""model_used"": ""tunis""}",isolation_forest_v2
tunisieannonce_a45e8d5bad6d,tunisieannonce,tunis,0.1626,False,3.73,[],"{""model_used"": ""tunis""}",isolation_forest_v2
tunisieannonce_a31247f8ce76,tunisieannonce,tunis,0.1716,False,3.13,[],"{""model_used"": ""tunis""}",isolation_forest_v2
tunisieannonce_a3677120afe9,tunisieannonce,tunis,0.1834,False,2.49,[],"{""model_used"": ""tunis""}",isolation_forest_v2
tunisieannonce_a576baf4fed6,tunisieannonce,tunis,0.1519,False,4.58,"[""no_images_high_price""]","{""model_used"": ""tunis""}",isolation_forest_v2
tunisieannonce_a3ab28ec4cfe,tunisieannonce,tunis,0.169,False,3.29,[],"{""model_used"": ""tunis""}",isolation_forest_v2
tunisieannonce_a3e40cb1e576,tunisieannonce,tunis,0.1398,False,5.75,[],"{""model_used"": ""tunis""}",isolation_forest_v2
tunisieannonce_a452ea233d98,tunisieannonce,tunis,0.1714,False,3.14,[],"{""model_used"": ""tunis""}",isolation_forest_v2
tunisieannonce_a4ef2c9d8c53,tunisieannonce,tunis,0.123,False,7.88,"[""no_images_high_price""]","{""model_used"": ""tunis""}",isolation_forest_v2
tunisieannonce_a4b07497a9cf,tunisieannonce,tunis,0.13,False,6.91,[],"{""model_used"": ""tunis""}",isolation_forest_v2
tunisieannonce_a50a1757a9d5,tunisieannonce,tunis,0.059,False,23.49,[],"{""model_used"": ""tunis""}",isolation_forest_v2
tunisieannonce_a6af27a16a00,tunisieannonce,tunis,0.1785,False,2.74,[],"{""model_used"": ""tunis""}",isolation_forest_v2
tunisieannonce_a65f66b70bb1,tunisieannonce,tunis,0.1224,False,7.95,[],"{""model_used"": ""tunis""}",isolation_forest_v2
tunisieannonce_a6dc6be93140,tunisieannonce,tunis,0.0672,False,20.68,[],"{""model_used"": ""tunis""}",isolation_forest_v2
tunisieannonce_a6b67244b115,tunisieannonce,tunis,0.1128,False,9.48,"[""no_images_high_price"", ""price_too_high_for_region""]","{""model_used"": ""tunis""}",isolation_forest_v2
tunisieannonce_a66e5b721abc,tunisieannonce,tunis,0.1076,False,10.41,"[""no_images_high_price""]","{""model_used"": ""tunis""}",isolation_forest_v2
tunisieannonce_a699ac96f0d0,tunisieannonce,tunis,0.1628,False,3.71,[],"{""model_used"": ""tunis""}",isolation_forest_v2
tunisieannonce_a77d7c8d748a,tunisieannonce,tunis,0.1396,False,5.78,"[""no_images_high_price""]","{""model_used"": ""tunis""}",isolation_forest_v2
tunisieannonce_a730ffb30323,tunisieannonce,tunis,0.0935,False,13.36,"[""price_too_high_for_region""]","{""model_used"": ""tunis""}",isolation_forest_v2
tunisieannonce_a739766d50e2,tunisieannonce,tunis,0.0142,False,42.95,"[""no_images_high_price""]","{""model_used"": ""tunis""}",isolation_forest_v2
tunisieannonce_a739c1f49732,tunisieannonce,tunis,0.1657,False,3.51,[],"{""model_used"": ""tunis""}",isolation_forest_v2
tunisieannonce_a7672321d98e,tunisieannonce,tunis,0.15,False,4.74,"[""no_images_high_price""]","{""model_used"": ""tunis""}",isolation_forest_v2
tunisieannonce_a7f91fe28a06,tunisieannonce,tunis,0.1573,False,4.12,[],"{""model_used"": ""tunis""}",isolation_forest_v2
tunisieannonce_a7e6bd050dc0,tunisieannonce,tunis,0.1289,False,7.05,[],"{""model_used"": ""tunis""}",isolation_forest_v2
tunisieannonce_a7e9b3fbcfbd,tunisieannonce,tunis,0.1716,False,3.13,[],"{""model_used"": ""tunis""}",isolation_forest_v2
tunisieannonce_a84136c0a519,tunisieannonce,tunis,0.1784,False,2.74,[],"{""model_used"": ""tunis""}",isolation_forest_v2
tunisieannonce_a7c027deeac9,tunisieannonce,tunis,0.1489,False,4.84,"[""no_images_high_price""]","{""model_used"": ""tunis""}",isolation_forest_v2
tunisieannonce_a7aaecb4e2c0,tunisieannonce,tunis,0.1186,False,8.53,"[""no_images_high_price""]","{""model_used"": ""tunis""}",isolation_forest_v2
tunisieannonce_a8a42effbd49,tunisieannonce,tunis,0.1261,False,7.43,"[""no_images_high_price""]","{""model_used"": ""tunis""}",isolation_forest_v2
tunisieannonce_a8f235fb76a9,tunisieannonce,tunis,0.1596,False,3.95,[],"{""model_used"": ""tunis""}",isolation_forest_v2
tunisieannonce_a858f4e89e3e,tunisieannonce,tunis,0.1824,False,2.54,[],"{""model_used"": ""tunis""}",isolation_forest_v2
tunisieannonce_a8effa05df7f,tunisieannonce,tunis,0.1373,False,6.03,"[""no_images_high_price""]","{""model_used"": ""tunis""}",isolation_forest_v2
tunisieannonce_a897ee4acfc1,tunisieannonce,tunis,0.1856,False,2.38,[],"{""model_used"": ""tunis""}",isolation_forest_v2
tunisieannonce_a85c3bc0d892,tunisieannonce,tunis,0.0181,False,41.03,"[""extreme_price_per_m2""]","{""model_used"": ""tunis""}",isolation_forest_v2
tunisieannonce_a8cab1c92337,tunisieannonce,tunis,0.117,False,8.79,[],"{""model_used"": ""tunis""}",isolation_forest_v2
tunisieannonce_a945ffcdd76c,tunisieannonce,tunis,0.0705,False,19.62,[],"{""model_used"": ""tunis""}",isolation_forest_v2
tunisieannonce_a9ab719cdcfb,tunisieannonce,tunis,0.1075,False,10.43,[],"{""model_used"": ""tunis""}",isolation_forest_v2
tunisieannonce_a9663fbbebfa,tunisieannonce,tunis,0.1216,False,8.08,"[""no_images_high_price""]","{""model_used"": ""tunis""}",isolation_forest_v2
tunisieannonce_a91a3298af52,tunisieannonce,tunis,0.15,False,4.75,[],"{""model_used"": ""tunis""}",isolation_forest_v2
tunisieannonce_a986774116b8,tunisieannonce,tunis,0.1523,False,4.54,[],"{""model_used"": ""tunis""}",isolation_forest_v2
tunisieannonce_a912eee8b5cd,tunisieannonce,tunis,0.1353,False,6.26,[],"{""model_used"": ""tunis""}",isolation_forest_v2
tunisieannonce_a907fa710f6c,tunisieannonce,tunis,0.187,False,2.32,[],"{""model_used"": ""tunis""}",isolation_forest_v2
tunisieannonce_a90ca4cd3525,tunisieannonce,tunis,0.1811,False,2.6,[],"{""model_used"": ""tunis""}",isolation_forest_v2
tunisieannonce_aa0cb2735f60,tunisieannonce,tunis,0.1017,False,11.56,"[""no_images_high_price""]","{""model_used"": ""tunis""}",isolation_forest_v2
tunisieannonce_aa50382e7fa0,tunisieannonce,tunis,0.1869,False,2.32,[],"{""model_used"": ""tunis""}",isolation_forest_v2
tunisieannonce_a9e3dc065c33,tunisieannonce,tunis,0.0725,False,18.99,"[""no_images_high_price""]","{""model_used"": ""tunis""}",isolation_forest_v2
tunisieannonce_a9d7b39d537e,tunisieannonce,tunis,0.0839,False,15.75,"[""no_images_high_price""]","{""model_used"": ""tunis""}",isolation_forest_v2
tunisieannonce_a9ec96c52fda,tunisieannonce,tunis,0.1272,False,7.29,"[""no_images_high_price""]","{""model_used"": ""tunis""}",isolation_forest_v2
tunisieannonce_aa4ba8ff6033,tunisieannonce,tunis,0.1297,False,6.95,"[""no_images_high_price""]","{""model_used"": ""tunis""}",isolation_forest_v2
tunisieannonce_aa73f1175e48,tunisieannonce,tunis,-0.0221,True,60.85,[],"{""model_used"": ""tunis""}",isolation_forest_v2
tunisieannonce_ad73f23b3b8e,tunisieannonce,tunis,0.0596,False,23.29,[],"{""model_used"": ""tunis""}",isolation_forest_v2
tunisieannonce_aae437c55f11,tunisieannonce,tunis,0.172,False,3.11,[],"{""model_used"": ""tunis""}",isolation_forest_v2
tunisieannonce_aaa30730fa00,tunisieannonce,tunis,0.1129,False,9.47,[],"{""model_used"": ""tunis""}",isolation_forest_v2
tunisieannonce_aab55fb84e34,tunisieannonce,tunis,0.1727,False,3.07,[],"{""model_used"": ""tunis""}",isolation_forest_v2
tunisieannonce_aaaea14b275b,tunisieannonce,tunis,0.0852,False,15.39,"[""no_images_high_price""]","{""model_used"": ""tunis""}",isolation_forest_v2
tunisieannonce_aab3822e8c1c,tunisieannonce,tunis,0.1749,False,2.94,[],"{""model_used"": ""tunis""}",isolation_forest_v2
tunisieannonce_aacb70db2f17,tunisieannonce,tunis,0.171,False,3.17,[],"{""model_used"": ""tunis""}",isolation_forest_v2
tunisieannonce_ab9d358ca651,tunisieannonce,tunis,0.1153,False,9.07,[],"{""model_used"": ""tunis""}",isolation_forest_v2
tunisieannonce_abbac6481942,tunisieannonce,tunis,0.1167,False,8.84,[],"{""model_used"": ""tunis""}",isolation_forest_v2
tunisieannonce_ab41d48fef4f,tunisieannonce,tunis,0.0639,False,21.79,[],"{""model_used"": ""tunis""}",isolation_forest_v2
tunisieannonce_ab86120c26fc,tunisieannonce,tunis,0.1808,False,2.62,[],"{""model_used"": ""tunis""}",isolation_forest_v2
tunisieannonce_abac8365b90f,tunisieannonce,tunis,0.0306,False,35.15,"[""no_images_high_price""]","{""model_used"": ""tunis""}",isolation_forest_v2
tunisieannonce_aae66fc88da9,tunisieannonce,tunis,0.1362,False,6.16,[],"{""model_used"": ""tunis""}",isolation_forest_v2
tunisieannonce_ac8f8fab5dc8,tunisieannonce,tunis,0.1332,False,6.51,[],"{""model_used"": ""tunis""}",isolation_forest_v2
tunisieannonce_ac22ebd138cb,tunisieannonce,tunis,0.1268,False,7.34,[],"{""model_used"": ""tunis""}",isolation_forest_v2
tunisieannonce_acc05b086bcd,tunisieannonce,tunis,0.1676,False,3.38,[],"{""model_used"": ""tunis""}",isolation_forest_v2
tunisieannonce_ace5a0a3796a,tunisieannonce,tunis,0.1654,False,3.53,[],"{""model_used"": ""tunis""}",isolation_forest_v2
tunisieannonce_acd42ac8ab18,tunisieannonce,tunis,0.1271,False,7.29,"[""no_images_high_price""]","{""model_used"": ""tunis""}",isolation_forest_v2
tunisieannonce_acf8977f777b,tunisieannonce,tunis,0.0875,False,14.82,[],"{""model_used"": ""tunis""}",isolation_forest_v2
tunisieannonce_ad16ea448b7b,tunisieannonce,tunis,0.1438,False,5.33,"[""no_images_high_price""]","{""model_used"": ""tunis""}",isolation_forest_v2
tunisieannonce_ae4c91996539,tunisieannonce,tunis,0.0974,False,12.47,[],"{""model_used"": ""tunis""}",isolation_forest_v2
tunisieannonce_acc9d9df19ed,tunisieannonce,tunis,0.1044,False,11.02,[],"{""model_used"": ""tunis""}",isolation_forest_v2
tunisieannonce_ad2a86adc9e2,tunisieannonce,tunis,0.1698,False,3.24,[],"{""model_used"": ""tunis""}",isolation_forest_v2
tunisieannonce_acc5e91a24d7,tunisieannonce,tunis,0.1577,False,4.09,[],"{""model_used"": ""tunis""}",isolation_forest_v2
tunisieannonce_adae9d2ca665,tunisieannonce,tunis,0.1335,False,6.47,"[""no_images_high_price""]","{""model_used"": ""tunis""}",isolation_forest_v2
tunisieannonce_adb18b5dfefb,tunisieannonce,tunis,0.1487,False,4.86,[],"{""model_used"": ""tunis""}",isolation_forest_v2
tunisieannonce_add5dcb7ee1c,tunisieannonce,tunis,0.1846,False,2.43,[],"{""model_used"": ""tunis""}",isolation_forest_v2
tunisieannonce_ad76a8db225c,tunisieannonce,tunis,0.1634,False,3.67,"[""no_images_high_price""]","{""model_used"": ""tunis""}",isolation_forest_v2
tunisieannonce_adf323152d28,tunisieannonce,tunis,0.1751,False,2.93,[],"{""model_used"": ""tunis""}",isolation_forest_v2
tunisieannonce_ad306a75fe58,tunisieannonce,tunis,0.0391,False,31.38,"[""extreme_price_per_m2"", ""price_too_high_for_region""]","{""model_used"": ""tunis""}",isolation_forest_v2
tunisieannonce_adf47ccc06c1,tunisieannonce,tunis,0.1576,False,4.1,[],"{""model_used"": ""tunis""}",isolation_forest_v2
tunisieannonce_ae5e74440619,tunisieannonce,tunis,0.1484,False,4.89,"[""no_images_high_price""]","{""model_used"": ""tunis""}",isolation_forest_v2
tunisieannonce_ae604b5e2997,tunisieannonce,tunis,0.1413,False,5.6,[],"{""model_used"": ""tunis""}",isolation_forest_v2
tunisieannonce_ae71712b4c56,tunisieannonce,tunis,0.1753,False,2.92,[],"{""model_used"": ""tunis""}",isolation_forest_v2
tunisieannonce_ae2edd28503b,tunisieannonce,tunis,0.1727,False,3.06,[],"{""model_used"": ""tunis""}",isolation_forest_v2
tunisieannonce_ae161fd127d2,tunisieannonce,tunis,0.0122,False,43.91,"[""no_images_high_price""]","{""model_used"": ""tunis""}",isolation_forest_v2
tunisieannonce_ae40235d83de,tunisieannonce,tunis,0.0894,False,14.34,[],"{""model_used"": ""tunis""}",isolation_forest_v2
tunisieannonce_af79ee3148f0,tunisieannonce,tunis,0.1759,False,2.88,[],"{""model_used"": ""tunis""}",isolation_forest_v2
tunisieannonce_aec090b5e31a,tunisieannonce,tunis,0.1803,False,2.65,[],"{""model_used"": ""tunis""}",isolation_forest_v2
tunisieannonce_af42611dc701,tunisieannonce,tunis,0.1344,False,6.37,[],"{""model_used"": ""tunis""}",isolation_forest_v2
tunisieannonce_ae827ad8524e,tunisieannonce,tunis,0.1607,False,3.86,"[""no_images_high_price""]","{""model_used"": ""tunis""}",isolation_forest_v2
tunisieannonce_af7a266d1b6a,tunisieannonce,tunis,0.1748,False,2.94,[],"{""model_used"": ""tunis""}",isolation_forest_v2
tunisieannonce_ae879996cd3f,tunisieannonce,tunis,0.1767,False,2.83,[],"{""model_used"": ""tunis""}",isolation_forest_v2
tunisieannonce_ae99b681ede0,tunisieannonce,tunis,0.1646,False,3.58,[],"{""model_used"": ""tunis""}",isolation_forest_v2
tunisieannonce_af8b0d586bfc,tunisieannonce,tunis,0.154,False,4.4,[],"{""model_used"": ""tunis""}",isolation_forest_v2
tunisieannonce_af013ac69614,tunisieannonce,tunis,0.155,False,4.31,[],"{""model_used"": ""tunis""}",isolation_forest_v2
tunisieannonce_afae778c298e,tunisieannonce,tunis,0.1012,False,11.67,"[""no_images_high_price""]","{""model_used"": ""tunis""}",isolation_forest_v2
tunisieannonce_afa99144d968,tunisieannonce,tunis,0.1661,False,3.48,[],"{""model_used"": ""tunis""}",isolation_forest_v2
tunisieannonce_afe797293ad7,tunisieannonce,tunis,0.0433,False,29.6,[],"{""model_used"": ""tunis""}",isolation_forest_v2
tunisieannonce_afb67cff80c0,tunisieannonce,tunis,0.018,False,41.08,"[""no_images_high_price""]","{""model_used"": ""tunis""}",isolation_forest_v2
tunisieannonce_afd6885873e4,tunisieannonce,tunis,0.1773,False,2.8,[],"{""model_used"": ""tunis""}",isolation_forest_v2
tunisieannonce_afbc3ccb856d,tunisieannonce,tunis,0.1148,False,9.15,[],"{""model_used"": ""tunis""}",isolation_forest_v2
tunisieannonce_b0672323c19f,tunisieannonce,tunis,0.0757,False,18.02,"[""no_images_high_price""]","{""model_used"": ""tunis""}",isolation_forest_v2
tunisieannonce_b08fa5f07f97,tunisieannonce,tunis,0.1389,False,5.86,[],"{""model_used"": ""tunis""}",isolation_forest_v2
tunisieannonce_b04b05227913,tunisieannonce,tunis,0.0867,False,15.01,[],"{""model_used"": ""tunis""}",isolation_forest_v2
tunisieannonce_b028112fdbd7,tunisieannonce,tunis,0.1332,False,6.51,"[""no_images_high_price""]","{""model_used"": ""tunis""}",isolation_forest_v2
tunisieannonce_b02fb3dcc63f,tunisieannonce,tunis,0.1356,False,6.22,[],"{""model_used"": ""tunis""}",isolation_forest_v2
tunisieannonce_b02b5f1808c8,tunisieannonce,tunis,0.1257,False,7.49,"[""no_images_high_price""]","{""model_used"": ""tunis""}",isolation_forest_v2
tunisieannonce_b04b2e214bd5,tunisieannonce,tunis,0.1805,False,2.64,[],"{""model_used"": ""tunis""}",isolation_forest_v2
tunisieannonce_b0ebe56a4687,tunisieannonce,tunis,0.1724,False,3.08,[],"{""model_used"": ""tunis""}",isolation_forest_v2
tunisieannonce_b0d9a56126b5,tunisieannonce,tunis,0.1827,False,2.52,[],"{""model_used"": ""tunis""}",isolation_forest_v2
tunisieannonce_b104314f1e43,tunisieannonce,tunis,0.1264,False,7.39,"[""no_images_high_price""]","{""model_used"": ""tunis""}",isolation_forest_v2
tunisieannonce_b0c6a43aa5b6,tunisieannonce,tunis,0.0934,False,13.38,[],"{""model_used"": ""tunis""}",isolation_forest_v2
tunisieannonce_b0fad9915891,tunisieannonce,tunis,0.0792,False,17.03,"[""no_images_high_price""]","{""model_used"": ""tunis""}",isolation_forest_v2
tunisieannonce_b0ff7d7d1e05,tunisieannonce,tunis,0.0633,False,22.01,[],"{""model_used"": ""tunis""}",isolation_forest_v2
tunisieannonce_b116de36f9a7,tunisieannonce,tunis,0.0514,False,26.36,[],"{""model_used"": ""tunis""}",isolation_forest_v2
tunisieannonce_b0c90398bcc8,tunisieannonce,tunis,0.1504,False,4.7,[],"{""model_used"": ""tunis""}",isolation_forest_v2
tunisieannonce_b1258897286b,tunisieannonce,tunis,0.1161,False,8.93,[],"{""model_used"": ""tunis""}",isolation_forest_v2
tunisieannonce_b1f0251e727d,tunisieannonce,tunis,0.1,False,11.92,[],"{""model_used"": ""tunis""}",isolation_forest_v2
tunisieannonce_b117ac1347b2,tunisieannonce,tunis,0.1735,False,3.02,[],"{""model_used"": ""tunis""}",isolation_forest_v2
tunisieannonce_b174f9c1b6ec,tunisieannonce,tunis,0.155,False,4.31,"[""no_images_high_price""]","{""model_used"": ""tunis""}",isolation_forest_v2
tunisieannonce_b18ab18132fb,tunisieannonce,tunis,0.1621,False,3.76,[],"{""model_used"": ""tunis""}",isolation_forest_v2
tunisieannonce_b1442df73b74,tunisieannonce,tunis,0.1562,False,4.22,[],"{""model_used"": ""tunis""}",isolation_forest_v2
tunisieannonce_b153bc8dd957,tunisieannonce,tunis,0.1226,False,7.94,"[""no_images_high_price""]","{""model_used"": ""tunis""}",isolation_forest_v2
tunisieannonce_b15d3b866a82,tunisieannonce,tunis,0.1654,False,3.53,[],"{""model_used"": ""tunis""}",isolation_forest_v2
tunisieannonce_b2307bb32ae6,tunisieannonce,tunis,0.1067,False,10.59,"[""no_images_high_price""]","{""model_used"": ""tunis""}",isolation_forest_v2
tunisieannonce_b2319bf8a90d,tunisieannonce,tunis,0.0737,False,18.64,"[""no_images_high_price""]","{""model_used"": ""tunis""}",isolation_forest_v2
tunisieannonce_b2c4d88b3d64,tunisieannonce,tunis,0.1721,False,3.1,[],"{""model_used"": ""tunis""}",isolation_forest_v2
tunisieannonce_b2c3ff67f368,tunisieannonce,tunis,0.1388,False,5.87,[],"{""model_used"": ""tunis""}",isolation_forest_v2
tunisieannonce_b27181019bda,tunisieannonce,tunis,0.181,False,2.61,[],"{""model_used"": ""tunis""}",isolation_forest_v2
tunisieannonce_b2c4a30d657e,tunisieannonce,tunis,0.1598,False,3.93,[],"{""model_used"": ""tunis""}",isolation_forest_v2
tunisieannonce_b449e3268dea,tunisieannonce,tunis,0.1658,False,3.5,[],"{""model_used"": ""tunis""}",isolation_forest_v2
tunisieannonce_b2611112ecb7,tunisieannonce,tunis,0.068,False,20.42,[],"{""model_used"": ""tunis""}",isolation_forest_v2
tunisieannonce_b377bf9a63f9,tunisieannonce,tunis,0.141,False,5.62,[],"{""model_used"": ""tunis""}",isolation_forest_v2
tunisieannonce_b3edb2e04319,tunisieannonce,tunis,0.1516,False,4.6,"[""no_images_high_price""]","{""model_used"": ""tunis""}",isolation_forest_v2
tunisieannonce_b3de11a60d0e,tunisieannonce,tunis,0.1002,False,11.88,[],"{""model_used"": ""tunis""}",isolation_forest_v2
tunisieannonce_b3e5f0028c52,tunisieannonce,tunis,0.0528,False,25.81,[],"{""model_used"": ""tunis""}",isolation_forest_v2
tunisieannonce_b38b463f8f1e,tunisieannonce,tunis,0.1408,False,5.65,[],"{""model_used"": ""tunis""}",isolation_forest_v2
tunisieannonce_b3d62b5e0c8e,tunisieannonce,tunis,0.116,False,8.94,[],"{""model_used"": ""tunis""}",isolation_forest_v2
tunisieannonce_b37c7228f4ad,tunisieannonce,tunis,0.165,False,3.56,[],"{""model_used"": ""tunis""}",isolation_forest_v2
tunisieannonce_b3254aedc9ac,tunisieannonce,tunis,0.182,False,2.56,[],"{""model_used"": ""tunis""}",isolation_forest_v2
tunisieannonce_b40d365cb299,tunisieannonce,tunis,0.1166,False,8.85,"[""no_images_high_price""]","{""model_used"": ""tunis""}",isolation_forest_v2
tunisieannonce_b404338cf2c6,tunisieannonce,tunis,0.0861,False,15.16,"[""no_images_high_price""]","{""model_used"": ""tunis""}",isolation_forest_v2
tunisieannonce_b4aeaf982187,tunisieannonce,tunis,0.1765,False,2.85,[],"{""model_used"": ""tunis""}",isolation_forest_v2
tunisieannonce_bcf2660d1d76,tunisieannonce,tunis,0.0999,False,11.94,[],"{""model_used"": ""tunis""}",isolation_forest_v2
tunisieannonce_b44866176e1c,tunisieannonce,tunis,0.1637,False,3.65,[],"{""model_used"": ""tunis""}",isolation_forest_v2
tunisieannonce_b4751c11f7d3,tunisieannonce,tunis,0.147,False,5.02,[],"{""model_used"": ""tunis""}",isolation_forest_v2
tunisieannonce_b449be6c5342,tunisieannonce,tunis,0.1675,False,3.39,[],"{""model_used"": ""tunis""}",isolation_forest_v2
tunisieannonce_b5315fe24c8b,tunisieannonce,tunis,0.1861,False,2.36,[],"{""model_used"": ""tunis""}",isolation_forest_v2
tunisieannonce_b595769e4fb6,tunisieannonce,tunis,0.1683,False,3.33,[],"{""model_used"": ""tunis""}",isolation_forest_v2
tunisieannonce_b55877236cab,tunisieannonce,tunis,0.1582,False,4.05,[],"{""model_used"": ""tunis""}",isolation_forest_v2
tunisieannonce_b51a4e2ccc0b,tunisieannonce,tunis,0.1476,False,4.97,[],"{""model_used"": ""tunis""}",isolation_forest_v2
tunisieannonce_b4b62617e354,tunisieannonce,tunis,0.1084,False,10.26,[],"{""model_used"": ""tunis""}",isolation_forest_v2
tunisieannonce_b4f89ae3032b,tunisieannonce,tunis,0.0653,False,21.32,"[""no_images_high_price""]","{""model_used"": ""tunis""}",isolation_forest_v2
tunisieannonce_b5a480e2cbd8,tunisieannonce,tunis,0.1636,False,3.65,"[""no_images_high_price""]","{""model_used"": ""tunis""}",isolation_forest_v2
tunisieannonce_b62139de86f2,tunisieannonce,tunis,0.143,False,5.42,[],"{""model_used"": ""tunis""}",isolation_forest_v2
tunisieannonce_b5eeb3561ff2,tunisieannonce,tunis,0.0265,False,37.07,"[""no_images_high_price""]","{""model_used"": ""tunis""}",isolation_forest_v2
tunisieannonce_b598452723ff,tunisieannonce,tunis,0.1418,False,5.54,[],"{""model_used"": ""tunis""}",isolation_forest_v2
tunisieannonce_b6254fdbedf9,tunisieannonce,tunis,0.1818,False,2.57,[],"{""model_used"": ""tunis""}",isolation_forest_v2
tunisieannonce_b64fec55d374,tunisieannonce,tunis,0.0259,False,37.35,"[""no_images_high_price""]","{""model_used"": ""tunis""}",isolation_forest_v2
tunisieannonce_b7450e2435b1,tunisieannonce,tunis,0.1494,False,4.79,"[""no_images_high_price""]","{""model_used"": ""tunis""}",isolation_forest_v2
tunisieannonce_b70f2718f1bd,tunisieannonce,tunis,0.1054,False,10.83,[],"{""model_used"": ""tunis""}",isolation_forest_v2
tunisieannonce_b7603e60767d,tunisieannonce,tunis,0.0764,False,17.83,[],"{""model_used"": ""tunis""}",isolation_forest_v2
tunisieannonce_b67b6478e819,tunisieannonce,tunis,0.1869,False,2.32,[],"{""model_used"": ""tunis""}",isolation_forest_v2
tunisieannonce_b6dc2129976f,tunisieannonce,tunis,0.0904,False,14.09,[],"{""model_used"": ""tunis""}",isolation_forest_v2
tunisieannonce_b67c00d538e4,tunisieannonce,tunis,0.1857,False,2.38,[],"{""model_used"": ""tunis""}",isolation_forest_v2
tunisieannonce_b6811306383f,tunisieannonce,tunis,0.1321,False,6.65,"[""no_images_high_price""]","{""model_used"": ""tunis""}",isolation_forest_v2
tunisieannonce_b7aeea25854e,tunisieannonce,tunis,0.1467,False,5.05,"[""no_images_high_price""]","{""model_used"": ""tunis""}",isolation_forest_v2
tunisieannonce_b77c81642685,tunisieannonce,tunis,0.1439,False,5.32,[],"{""model_used"": ""tunis""}",isolation_forest_v2
tunisieannonce_b7b67d236e75,tunisieannonce,tunis,0.1793,False,2.7,[],"{""model_used"": ""tunis""}",isolation_forest_v2
tunisieannonce_b80d1abbdfa9,tunisieannonce,tunis,-0.0062,True,53.08,"[""no_images_high_price""]","{""model_used"": ""tunis""}",isolation_forest_v2
tunisieannonce_b7b1e9f18179,tunisieannonce,tunis,0.1127,False,9.5,"[""no_images_high_price""]","{""model_used"": ""tunis""}",isolation_forest_v2
tunisieannonce_b7a5febb1362,tunisieannonce,tunis,0.157,False,4.15,[],"{""model_used"": ""tunis""}",isolation_forest_v2
tunisieannonce_b7d03b24d997,tunisieannonce,tunis,0.1567,False,4.17,[],"{""model_used"": ""tunis""}",isolation_forest_v2
tunisieannonce_b8cfde7bfc60,tunisieannonce,tunis,0.1008,False,11.75,[],"{""model_used"": ""tunis""}",isolation_forest_v2
tunisieannonce_b9063ad23687,tunisieannonce,tunis,0.1711,False,3.16,[],"{""model_used"": ""tunis""}",isolation_forest_v2
tunisieannonce_b875d916c176,tunisieannonce,tunis,0.0734,False,18.74,"[""no_images_high_price""]","{""model_used"": ""tunis""}",isolation_forest_v2
tunisieannonce_8a121017c312,tunisieannonce,tunis,0.0881,False,14.65,[],"{""model_used"": ""tunis""}",isolation_forest_v2
tunisieannonce_c00963c34ca5,tunisieannonce,tunis,0.172,False,3.11,[],"{""model_used"": ""tunis""}",isolation_forest_v2
tunisieannonce_c08195746e5c,tunisieannonce,tunis,0.1184,False,8.57,[],"{""model_used"": ""tunis""}",isolation_forest_v2
tunisieannonce_c0be8ccfa51c,tunisieannonce,tunis,0.0455,False,28.71,"[""no_images_high_price""]","{""model_used"": ""tunis""}",isolation_forest_v2
tunisieannonce_c038767f0ac7,tunisieannonce,tunis,0.1605,False,3.88,[],"{""model_used"": ""tunis""}",isolation_forest_v2
tunisieannonce_cc2d3ed92ee7,tunisieannonce,tunis,0.165,False,3.56,[],"{""model_used"": ""tunis""}",isolation_forest_v2
tunisieannonce_c04e07755fdd,tunisieannonce,tunis,0.1394,False,5.8,"[""no_images_high_price""]","{""model_used"": ""tunis""}",isolation_forest_v2
tunisieannonce_c08b1815a59c,tunisieannonce,tunis,0.1618,False,3.78,[],"{""model_used"": ""tunis""}",isolation_forest_v2
tunisieannonce_c19ddfc90149,tunisieannonce,tunis,0.1299,False,6.93,[],"{""model_used"": ""tunis""}",isolation_forest_v2
tunisieannonce_c197cb104034,tunisieannonce,tunis,0.1257,False,7.49,[],"{""model_used"": ""tunis""}",isolation_forest_v2
tunisieannonce_c1751ae81b28,tunisieannonce,tunis,0.14,False,5.73,[],"{""model_used"": ""tunis""}",isolation_forest_v2
tunisieannonce_c14688eb54e4,tunisieannonce,tunis,0.1758,False,2.88,[],"{""model_used"": ""tunis""}",isolation_forest_v2
tunisieannonce_c137504f574e,tunisieannonce,tunis,0.1303,False,6.87,[],"{""model_used"": ""tunis""}",isolation_forest_v2
tunisieannonce_c163b33fca04,tunisieannonce,tunis,0.1376,False,6.0,"[""no_images_high_price""]","{""model_used"": ""tunis""}",isolation_forest_v2
tunisieannonce_c15fa88161e2,tunisieannonce,tunis,0.1426,False,5.46,[],"{""model_used"": ""tunis""}",isolation_forest_v2
tunisieannonce_c25f2d2052cd,tunisieannonce,tunis,0.1603,False,3.89,"[""no_images_high_price""]","{""model_used"": ""tunis""}",isolation_forest_v2
tunisieannonce_c1d01f244f0e,tunisieannonce,tunis,0.0499,False,26.92,"[""no_images_high_price""]","{""model_used"": ""tunis""}",isolation_forest_v2
tunisieannonce_c1f9dae2f848,tunisieannonce,tunis,0.1188,False,8.5,[],"{""model_used"": ""tunis""}",isolation_forest_v2
tunisieannonce_c1ee2a76764c,tunisieannonce,tunis,0.1749,False,2.94,[],"{""model_used"": ""tunis""}",isolation_forest_v2
tunisieannonce_c1b4cec19f80,tunisieannonce,tunis,0.1758,False,2.89,[],"{""model_used"": ""tunis""}",isolation_forest_v2
tunisieannonce_c1feafe38471,tunisieannonce,tunis,0.1219,False,8.03,[],"{""model_used"": ""tunis""}",isolation_forest_v2
tunisieannonce_c32e7d59f818,tunisieannonce,tunis,0.1804,False,2.64,[],"{""model_used"": ""tunis""}",isolation_forest_v2
tunisieannonce_c2975a45b8f0,tunisieannonce,tunis,0.0948,False,13.06,[],"{""model_used"": ""tunis""}",isolation_forest_v2
tunisieannonce_c32addb218b6,tunisieannonce,tunis,0.113,False,9.45,[],"{""model_used"": ""tunis""}",isolation_forest_v2
tunisieannonce_c3254b84a17d,tunisieannonce,tunis,0.1861,False,2.36,[],"{""model_used"": ""tunis""}",isolation_forest_v2
tunisieannonce_c291e19f598e,tunisieannonce,tunis,0.1653,False,3.53,[],"{""model_used"": ""tunis""}",isolation_forest_v2
tunisieannonce_c2eaf56c260a,tunisieannonce,tunis,0.1651,False,3.55,[],"{""model_used"": ""tunis""}",isolation_forest_v2
tunisieannonce_c3d1f62674e7,tunisieannonce,tunis,0.1816,False,2.58,[],"{""model_used"": ""tunis""}",isolation_forest_v2
tunisieannonce_c3ca9a82d430,tunisieannonce,tunis,0.1489,False,4.84,[],"{""model_used"": ""tunis""}",isolation_forest_v2
tunisieannonce_c3cfa392e2e2,tunisieannonce,tunis,0.1304,False,6.87,[],"{""model_used"": ""tunis""}",isolation_forest_v2
tunisieannonce_c385995c38c0,tunisieannonce,tunis,0.1142,False,9.24,"[""no_images_high_price""]","{""model_used"": ""tunis""}",isolation_forest_v2
tunisieannonce_c494584a7b6a,tunisieannonce,tunis,0.0868,False,14.97,[],"{""model_used"": ""tunis""}",isolation_forest_v2
tunisieannonce_c38325ce8c41,tunisieannonce,tunis,0.1672,False,3.41,[],"{""model_used"": ""tunis""}",isolation_forest_v2
tunisieannonce_c3ff2df16712,tunisieannonce,tunis,0.0891,False,14.4,[],"{""model_used"": ""tunis""}",isolation_forest_v2
tunisieannonce_c38eff4e107f,tunisieannonce,tunis,0.1675,False,3.39,[],"{""model_used"": ""tunis""}",isolation_forest_v2
tunisieannonce_c4b78e56bcda,tunisieannonce,tunis,0.0669,False,20.77,"[""no_images_high_price""]","{""model_used"": ""tunis""}",isolation_forest_v2
tunisieannonce_c48a90847bda,tunisieannonce,tunis,0.088,False,14.68,[],"{""model_used"": ""tunis""}",isolation_forest_v2
tunisieannonce_c46def614d2f,tunisieannonce,tunis,0.1426,False,5.46,[],"{""model_used"": ""tunis""}",isolation_forest_v2
tunisieannonce_c4c72e60befd,tunisieannonce,tunis,0.1547,False,4.34,"[""no_images_high_price""]","{""model_used"": ""tunis""}",isolation_forest_v2
tunisieannonce_c3ff2e0ecb8c,tunisieannonce,tunis,0.1509,False,4.66,[],"{""model_used"": ""tunis""}",isolation_forest_v2
tunisieannonce_c402cdc93f98,tunisieannonce,tunis,0.1532,False,4.46,[],"{""model_used"": ""tunis""}",isolation_forest_v2
tunisieannonce_c5baf517a92b,tunisieannonce,tunis,0.1578,False,4.09,[],"{""model_used"": ""tunis""}",isolation_forest_v2
tunisieannonce_c5676ea2d586,tunisieannonce,tunis,0.1398,False,5.75,"[""suspected_test_price""]","{""model_used"": ""tunis""}",isolation_forest_v2
tunisieannonce_c524df88b6b0,tunisieannonce,tunis,0.1141,False,9.27,[],"{""model_used"": ""tunis""}",isolation_forest_v2
tunisieannonce_c51f09e4e6fc,tunisieannonce,tunis,0.182,False,2.56,[],"{""model_used"": ""tunis""}",isolation_forest_v2
tunisieannonce_c4dde0f704c2,tunisieannonce,tunis,0.1717,False,3.13,[],"{""model_used"": ""tunis""}",isolation_forest_v2
tunisieannonce_c51618c988c3,tunisieannonce,tunis,0.1278,False,7.21,[],"{""model_used"": ""tunis""}",isolation_forest_v2
tunisieannonce_c6158b92b889,tunisieannonce,tunis,0.0569,False,24.28,[],"{""model_used"": ""tunis""}",isolation_forest_v2
tunisieannonce_c65f566e263a,tunisieannonce,tunis,0.1087,False,10.21,"[""no_images_high_price""]","{""model_used"": ""tunis""}",isolation_forest_v2
tunisieannonce_c62914893ead,tunisieannonce,tunis,0.1853,False,2.4,[],"{""model_used"": ""tunis""}",isolation_forest_v2
tunisieannonce_c5cd980e85af,tunisieannonce,tunis,0.1584,False,4.04,[],"{""model_used"": ""tunis""}",isolation_forest_v2
tunisieannonce_c5c57264984e,tunisieannonce,tunis,0.149,False,4.83,[],"{""model_used"": ""tunis""}",isolation_forest_v2
tunisieannonce_c667def3eb46,tunisieannonce,tunis,0.1536,False,4.43,[],"{""model_used"": ""tunis""}",isolation_forest_v2
tunisieannonce_c6564e44fd71,tunisieannonce,tunis,0.0979,False,12.36,"[""no_images_high_price""]","{""model_used"": ""tunis""}",isolation_forest_v2
tunisieannonce_c70691ebe7f0,tunisieannonce,tunis,0.1437,False,5.34,[],"{""model_used"": ""tunis""}",isolation_forest_v2
tunisieannonce_c67de2d12a40,tunisieannonce,tunis,0.1165,False,8.87,"[""price_too_high_for_region""]","{""model_used"": ""tunis""}",isolation_forest_v2
tunisieannonce_c6c4a612ad06,tunisieannonce,tunis,0.0886,False,14.52,"[""no_images_high_price""]","{""model_used"": ""tunis""}",isolation_forest_v2
tunisieannonce_c69e13f270d4,tunisieannonce,tunis,0.1233,False,7.82,[],"{""model_used"": ""tunis""}",isolation_forest_v2
tunisieannonce_c70d943ec3d5,tunisieannonce,tunis,0.1127,False,9.5,[],"{""model_used"": ""tunis""}",isolation_forest_v2
tunisieannonce_c704b4986809,tunisieannonce,tunis,0.1542,False,4.38,[],"{""model_used"": ""tunis""}",isolation_forest_v2
tunisieannonce_c687ab7ccb24,tunisieannonce,tunis,0.1575,False,4.11,[],"{""model_used"": ""tunis""}",isolation_forest_v2
tunisieannonce_c7466d13a606,tunisieannonce,tunis,0.0765,False,17.8,"[""no_images_high_price""]","{""model_used"": ""tunis""}",isolation_forest_v2
tunisieannonce_c79a3c410892,tunisieannonce,tunis,0.1508,False,4.67,[],"{""model_used"": ""tunis""}",isolation_forest_v2
tunisieannonce_c7af7d438b73,tunisieannonce,tunis,0.1387,False,5.87,[],"{""model_used"": ""tunis""}",isolation_forest_v2
tunisieannonce_c7e1bd9319d4,tunisieannonce,tunis,0.1069,False,10.55,[],"{""model_used"": ""tunis""}",isolation_forest_v2
tunisieannonce_c7c2e37cc652,tunisieannonce,tunis,0.1662,False,3.48,[],"{""model_used"": ""tunis""}",isolation_forest_v2
tunisieannonce_c7e06ee51130,tunisieannonce,tunis,0.1459,False,5.13,[],"{""model_used"": ""tunis""}",isolation_forest_v2
tunisieannonce_c7c15f866d62,tunisieannonce,tunis,0.1402,False,5.71,"[""price_too_high_for_region""]","{""model_used"": ""tunis""}",isolation_forest_v2
tunisieannonce_c75298b85d9e,tunisieannonce,tunis,0.0957,False,12.85,[],"{""model_used"": ""tunis""}",isolation_forest_v2
tunisieannonce_c8b1831c4afe,tunisieannonce,tunis,0.1847,False,2.42,[],"{""model_used"": ""tunis""}",isolation_forest_v2
tunisieannonce_c886afdadfab,tunisieannonce,tunis,0.166,False,3.49,[],"{""model_used"": ""tunis""}",isolation_forest_v2
tunisieannonce_c8b4c86a8214,tunisieannonce,tunis,0.1084,False,10.26,[],"{""model_used"": ""tunis""}",isolation_forest_v2
tunisieannonce_cf56e6e49700,tunisieannonce,tunis,0.1454,False,5.18,"[""no_images_high_price""]","{""model_used"": ""tunis""}",isolation_forest_v2
tunisieannonce_c7f2e2a33326,tunisieannonce,tunis,0.1471,False,5.01,[],"{""model_used"": ""tunis""}",isolation_forest_v2
tunisieannonce_c85ae82eacce,tunisieannonce,tunis,-0.0407,True,69.31,"[""no_images_high_price""]","{""model_used"": ""tunis""}",isolation_forest_v2
tunisieannonce_c896b75ba739,tunisieannonce,tunis,0.1271,False,7.29,[],"{""model_used"": ""tunis""}",isolation_forest_v2
tunisieannonce_c875be591ac6,tunisieannonce,tunis,0.1073,False,10.46,"[""no_images_high_price""]","{""model_used"": ""tunis""}",isolation_forest_v2
tunisieannonce_c84adc4aafef,tunisieannonce,tunis,0.182,False,2.56,[],"{""model_used"": ""tunis""}",isolation_forest_v2
tunisieannonce_c8f87bc50092,tunisieannonce,tunis,0.1564,False,4.2,[],"{""model_used"": ""tunis""}",isolation_forest_v2
tunisieannonce_c8e14a401452,tunisieannonce,tunis,0.0982,False,12.29,[],"{""model_used"": ""tunis""}",isolation_forest_v2
tunisieannonce_c8f5ce0aad1f,tunisieannonce,tunis,0.153,False,4.48,[],"{""model_used"": ""tunis""}",isolation_forest_v2
tunisieannonce_c8da6d26e7f0,tunisieannonce,tunis,0.1574,False,4.12,[],"{""model_used"": ""tunis""}",isolation_forest_v2
tunisieannonce_c8e54a86f8c9,tunisieannonce,tunis,0.1483,False,4.9,"[""no_images_high_price""]","{""model_used"": ""tunis""}",isolation_forest_v2
tunisieannonce_c8c34db22f52,tunisieannonce,tunis,0.1741,False,2.98,[],"{""model_used"": ""tunis""}",isolation_forest_v2
tunisieannonce_c8bc3901a02b,tunisieannonce,tunis,0.1532,False,4.46,"[""no_images_high_price""]","{""model_used"": ""tunis""}",isolation_forest_v2
tunisieannonce_c93ce59804d3,tunisieannonce,tunis,0.1378,False,5.98,"[""no_images_high_price""]","{""model_used"": ""tunis""}",isolation_forest_v2
tunisieannonce_c92b0df59597,tunisieannonce,tunis,0.1252,False,7.56,[],"{""model_used"": ""tunis""}",isolation_forest_v2
tunisieannonce_c948ca368b03,tunisieannonce,tunis,0.1497,False,4.77,[],"{""model_used"": ""tunis""}",isolation_forest_v2
tunisieannonce_c90f17cc1517,tunisieannonce,tunis,0.0555,False,24.78,[],"{""model_used"": ""tunis""}",isolation_forest_v2
tunisieannonce_c96e0e302a5a,tunisieannonce,tunis,0.1119,False,9.63,[],"{""model_used"": ""tunis""}",isolation_forest_v2
tunisieannonce_c9212afed157,tunisieannonce,tunis,0.1657,False,3.51,[],"{""model_used"": ""tunis""}",isolation_forest_v2
tunisieannonce_c9299471c5e0,tunisieannonce,tunis,0.1684,False,3.33,[],"{""model_used"": ""tunis""}",isolation_forest_v2
tunisieannonce_ca4b458fe306,tunisieannonce,tunis,0.1165,False,8.87,[],"{""model_used"": ""tunis""}",isolation_forest_v2
tunisieannonce_c9c8d9abc72f,tunisieannonce,tunis,0.1851,False,2.41,[],"{""model_used"": ""tunis""}",isolation_forest_v2
tunisieannonce_ca5842042a5b,tunisieannonce,tunis,0.0633,False,22.01,[],"{""model_used"": ""tunis""}",isolation_forest_v2
tunisieannonce_c9a47cb156ad,tunisieannonce,tunis,0.1446,False,5.26,[],"{""model_used"": ""tunis""}",isolation_forest_v2
tunisieannonce_ca41d418ad4a,tunisieannonce,tunis,0.1477,False,4.95,[],"{""model_used"": ""tunis""}",isolation_forest_v2
tunisieannonce_cabf21a075b6,tunisieannonce,tunis,0.1155,False,9.03,[],"{""model_used"": ""tunis""}",isolation_forest_v2
tunisieannonce_ca6a84cbdd2e,tunisieannonce,tunis,0.1563,False,4.2,[],"{""model_used"": ""tunis""}",isolation_forest_v2
tunisieannonce_cae4fb0e8a1e,tunisieannonce,tunis,0.1345,False,6.35,[],"{""model_used"": ""tunis""}",isolation_forest_v2
tunisieannonce_cb61c13e97ec,tunisieannonce,tunis,0.1598,False,3.93,[],"{""model_used"": ""tunis""}",isolation_forest_v2
tunisieannonce_caaffe1a6f8d,tunisieannonce,tunis,0.1763,False,2.86,[],"{""model_used"": ""tunis""}",isolation_forest_v2
tunisieannonce_caaa5937bf81,tunisieannonce,tunis,0.1364,False,6.14,[],"{""model_used"": ""tunis""}",isolation_forest_v2
tunisieannonce_cb4e743d784f,tunisieannonce,tunis,0.1339,False,6.43,[],"{""model_used"": ""tunis""}",isolation_forest_v2
tunisieannonce_ca68e5119aab,tunisieannonce,tunis,0.1623,False,3.75,[],"{""model_used"": ""tunis""}",isolation_forest_v2
tunisieannonce_ca66e7516eee,tunisieannonce,tunis,0.1519,False,4.57,[],"{""model_used"": ""tunis""}",isolation_forest_v2
tunisieannonce_cba130ad6cc9,tunisieannonce,tunis,0.1408,False,5.65,"[""no_images_high_price""]","{""model_used"": ""tunis""}",isolation_forest_v2
tunisieannonce_cb7717bfc45d,tunisieannonce,tunis,0.1796,False,2.68,[],"{""model_used"": ""tunis""}",isolation_forest_v2
tunisieannonce_cb63d2cb41d6,tunisieannonce,tunis,0.16,False,3.92,[],"{""model_used"": ""tunis""}",isolation_forest_v2
tunisieannonce_cbf4319fcfbd,tunisieannonce,tunis,0.1166,False,8.84,[],"{""model_used"": ""tunis""}",isolation_forest_v2
tunisieannonce_cba37ec37944,tunisieannonce,tunis,0.1645,False,3.59,[],"{""model_used"": ""tunis""}",isolation_forest_v2
tunisieannonce_cc5b9822c8c7,tunisieannonce,tunis,0.157,False,4.15,[],"{""model_used"": ""tunis""}",isolation_forest_v2
tunisieannonce_cc294ef4374e,tunisieannonce,tunis,0.1439,False,5.32,[],"{""model_used"": ""tunis""}",isolation_forest_v2
tunisieannonce_cd1381c3e291,tunisieannonce,tunis,0.1737,False,3.01,[],"{""model_used"": ""tunis""}",isolation_forest_v2
tunisieannonce_cca84071882d,tunisieannonce,tunis,0.0234,False,38.51,[],"{""model_used"": ""tunis""}",isolation_forest_v2
tunisieannonce_cc4579f3bd79,tunisieannonce,tunis,0.1729,False,3.05,[],"{""model_used"": ""tunis""}",isolation_forest_v2
tunisieannonce_cc5316314755,tunisieannonce,tunis,0.1757,False,2.89,[],"{""model_used"": ""tunis""}",isolation_forest_v2
tunisieannonce_ccee8068d3a5,tunisieannonce,tunis,0.1113,False,9.75,[],"{""model_used"": ""tunis""}",isolation_forest_v2
tunisieannonce_ce4b5f1a3199,tunisieannonce,tunis,0.1888,False,2.24,[],"{""model_used"": ""tunis""}",isolation_forest_v2
tunisieannonce_d6ebc778c5e1,tunisieannonce,tunis,0.1291,False,7.04,"[""no_images_high_price""]","{""model_used"": ""tunis""}",isolation_forest_v2
tunisieannonce_cd1dedc2c148,tunisieannonce,tunis,0.1815,False,2.58,[],"{""model_used"": ""tunis""}",isolation_forest_v2
tunisieannonce_ce4347710539,tunisieannonce,tunis,0.0693,False,20.02,"[""no_images_high_price""]","{""model_used"": ""tunis""}",isolation_forest_v2
tunisieannonce_ce5e17b5c70c,tunisieannonce,tunis,0.1472,False,5.0,"[""no_images_high_price""]","{""model_used"": ""tunis""}",isolation_forest_v2
tunisieannonce_cde49c11b916,tunisieannonce,tunis,0.1742,False,2.98,[],"{""model_used"": ""tunis""}",isolation_forest_v2
tunisieannonce_cd811699453f,tunisieannonce,tunis,0.1702,False,3.22,[],"{""model_used"": ""tunis""}",isolation_forest_v2
tunisieannonce_cd3d1164d787,tunisieannonce,tunis,0.1665,False,3.45,[],"{""model_used"": ""tunis""}",isolation_forest_v2
tunisieannonce_ceb718bca8e8,tunisieannonce,tunis,0.1581,False,4.06,[],"{""model_used"": ""tunis""}",isolation_forest_v2
tunisieannonce_cee9b6baebf6,tunisieannonce,tunis,0.1422,False,5.49,[],"{""model_used"": ""tunis""}",isolation_forest_v2
tunisieannonce_cef2ba1fe9d1,tunisieannonce,tunis,0.1548,False,4.33,[],"{""model_used"": ""tunis""}",isolation_forest_v2
tunisieannonce_cfc8bce5fa5b,tunisieannonce,tunis,0.1143,False,9.24,[],"{""model_used"": ""tunis""}",isolation_forest_v2
tunisieannonce_cf2d70233d5d,tunisieannonce,tunis,0.1519,False,4.57,[],"{""model_used"": ""tunis""}",isolation_forest_v2
tunisieannonce_cf1ca85c26d7,tunisieannonce,tunis,0.0986,False,12.22,"[""no_images_high_price""]","{""model_used"": ""tunis""}",isolation_forest_v2
tunisieannonce_cf104f053646,tunisieannonce,tunis,0.1748,False,2.95,"[""no_images_high_price""]","{""model_used"": ""tunis""}",isolation_forest_v2
tunisieannonce_cf55eededf0c,tunisieannonce,tunis,0.1256,False,7.5,"[""price_too_high_for_region""]","{""model_used"": ""tunis""}",isolation_forest_v2
tunisieannonce_cf3741bf77f2,tunisieannonce,tunis,0.1756,False,2.9,[],"{""model_used"": ""tunis""}",isolation_forest_v2
tunisieannonce_cfa89707e361,tunisieannonce,tunis,0.1382,False,5.93,"[""no_images_high_price""]","{""model_used"": ""tunis""}",isolation_forest_v2
tunisieannonce_cf584c21a69e,tunisieannonce,tunis,0.0583,False,23.76,"[""no_images_high_price""]","{""model_used"": ""tunis""}",isolation_forest_v2
tunisieannonce_cf9455c75a33,tunisieannonce,tunis,0.1398,False,5.75,"[""no_images_high_price""]","{""model_used"": ""tunis""}",isolation_forest_v2
tunisieannonce_cf7f8185fc2d,tunisieannonce,tunis,0.1069,False,10.54,"[""no_images_high_price""]","{""model_used"": ""tunis""}",isolation_forest_v2
tunisieannonce_f1b07c331fc1,tunisieannonce,tunis,0.1295,False,6.97,[],"{""model_used"": ""tunis""}",isolation_forest_v2
tunisieannonce_d038a14a2360,tunisieannonce,tunis,0.0897,False,14.27,[],"{""model_used"": ""tunis""}",isolation_forest_v2
tunisieannonce_805d6f2b8515,tunisieannonce,tunis,0.0026,False,48.68,[],"{""model_used"": ""tunis""}",isolation_forest_v2
tunisieannonce_80a729254ea2,tunisieannonce,tunis,0.0447,False,29.04,[],"{""model_used"": ""tunis""}",isolation_forest_v2
tunisieannonce_80c799c735fd,tunisieannonce,tunis,0.1605,False,3.88,[],"{""model_used"": ""tunis""}",isolation_forest_v2
tunisieannonce_817dfcfbc2d7,tunisieannonce,tunis,0.1124,False,9.56,"[""no_images_high_price""]","{""model_used"": ""tunis""}",isolation_forest_v2
tunisieannonce_80cd418b6825,tunisieannonce,tunis,0.1663,False,3.47,[],"{""model_used"": ""tunis""}",isolation_forest_v2
tunisieannonce_8169c45ca872,tunisieannonce,tunis,0.1674,False,3.39,"[""price_too_high_for_region""]","{""model_used"": ""tunis""}",isolation_forest_v2
tunisieannonce_816be171d360,tunisieannonce,tunis,0.1844,False,2.44,[],"{""model_used"": ""tunis""}",isolation_forest_v2
tunisieannonce_8223a6539294,tunisieannonce,tunis,0.1789,False,2.72,[],"{""model_used"": ""tunis""}",isolation_forest_v2
tunisieannonce_81c43847aa3a,tunisieannonce,tunis,0.1775,False,2.79,[],"{""model_used"": ""tunis""}",isolation_forest_v2
tunisieannonce_82d192a2c02c,tunisieannonce,tunis,0.1526,False,4.51,[],"{""model_used"": ""tunis""}",isolation_forest_v2
tunisieannonce_824afcef2e1e,tunisieannonce,tunis,0.1772,False,2.81,[],"{""model_used"": ""tunis""}",isolation_forest_v2
tunisieannonce_823a11ebee81,tunisieannonce,tunis,0.0594,False,23.36,[],"{""model_used"": ""tunis""}",isolation_forest_v2
tunisieannonce_842040c9ad68,tunisieannonce,tunis,0.1688,False,3.3,[],"{""model_used"": ""tunis""}",isolation_forest_v2
tunisieannonce_83450115053d,tunisieannonce,tunis,0.1738,False,3.0,[],"{""model_used"": ""tunis""}",isolation_forest_v2
tunisieannonce_84a748d7cdc2,tunisieannonce,tunis,0.1466,False,5.05,[],"{""model_used"": ""tunis""}",isolation_forest_v2
tunisieannonce_84922976c493,tunisieannonce,tunis,0.1633,False,3.68,[],"{""model_used"": ""tunis""}",isolation_forest_v2
tunisieannonce_8459381bd3a2,tunisieannonce,tunis,0.1064,False,10.64,"[""no_images_high_price""]","{""model_used"": ""tunis""}",isolation_forest_v2
tunisieannonce_85319bd7d697,tunisieannonce,tunis,0.1368,False,6.09,"[""no_images_high_price""]","{""model_used"": ""tunis""}",isolation_forest_v2
tunisieannonce_84d6f28ea298,tunisieannonce,tunis,0.1175,False,8.71,"[""no_images_high_price""]","{""model_used"": ""tunis""}",isolation_forest_v2
tunisieannonce_85495587462c,tunisieannonce,tunis,-0.0284,True,63.83,"[""no_images_high_price""]","{""model_used"": ""tunis""}",isolation_forest_v2
tunisieannonce_8569ed483c9e,tunisieannonce,tunis,0.155,False,4.31,[],"{""model_used"": ""tunis""}",isolation_forest_v2
tunisieannonce_a13de41c6a12,tunisieannonce,tunis,0.182,False,2.56,[],"{""model_used"": ""tunis""}",isolation_forest_v2
tunisieannonce_86392d0502e8,tunisieannonce,tunis,0.0701,False,19.76,[],"{""model_used"": ""tunis""}",isolation_forest_v2
tunisieannonce_864fe7ac01c0,tunisieannonce,tunis,0.1356,False,6.23,[],"{""model_used"": ""tunis""}",isolation_forest_v2
tunisieannonce_861772258b9e,tunisieannonce,tunis,0.0728,False,18.92,[],"{""model_used"": ""tunis""}",isolation_forest_v2
tunisieannonce_86e510028915,tunisieannonce,tunis,0.1606,False,3.87,[],"{""model_used"": ""tunis""}",isolation_forest_v2
tunisieannonce_8716f14162d6,tunisieannonce,tunis,0.0787,False,17.15,[],"{""model_used"": ""tunis""}",isolation_forest_v2
tunisieannonce_86e3cb5ddd19,tunisieannonce,tunis,0.0273,False,36.68,[],"{""model_used"": ""tunis""}",isolation_forest_v2
tunisieannonce_877f06003777,tunisieannonce,tunis,0.0965,False,12.67,"[""no_images_high_price""]","{""model_used"": ""tunis""}",isolation_forest_v2
tunisieannonce_8788f40efe29,tunisieannonce,tunis,0.0674,False,20.63,"[""no_images_high_price""]","{""model_used"": ""tunis""}",isolation_forest_v2
tunisieannonce_88565c3fcfcc,tunisieannonce,tunis,0.1672,False,3.41,[],"{""model_used"": ""tunis""}",isolation_forest_v2
tunisieannonce_8a0db430c52f,tunisieannonce,tunis,0.0245,False,38.01,[],"{""model_used"": ""tunis""}",isolation_forest_v2
tunisieannonce_884f571e59e7,tunisieannonce,tunis,0.0966,False,12.64,[],"{""model_used"": ""tunis""}",isolation_forest_v2
tunisieannonce_88bf6579e464,tunisieannonce,tunis,0.1057,False,10.77,[],"{""model_used"": ""tunis""}",isolation_forest_v2
tunisieannonce_88e516c4a18b,tunisieannonce,tunis,0.1637,False,3.65,[],"{""model_used"": ""tunis""}",isolation_forest_v2
tunisieannonce_8904093ee250,tunisieannonce,tunis,0.13,False,6.92,"[""no_images_high_price""]","{""model_used"": ""tunis""}",isolation_forest_v2
tunisieannonce_89d01f10e845,tunisieannonce,tunis,0.0814,False,16.42,"[""no_images_high_price""]","{""model_used"": ""tunis""}",isolation_forest_v2
tunisieannonce_8aa7f094c458,tunisieannonce,tunis,0.0754,False,18.11,[],"{""model_used"": ""tunis""}",isolation_forest_v2
tunisieannonce_8a79dcecdfc2,tunisieannonce,tunis,0.1467,False,5.05,"[""no_images_high_price""]","{""model_used"": ""tunis""}",isolation_forest_v2
tunisieannonce_c0c7f505ab80,tunisieannonce,tunis,0.1531,False,4.47,"[""price_too_high_for_region""]","{""model_used"": ""tunis""}",isolation_forest_v2
tunisieannonce_8b7cc2f6f8e2,tunisieannonce,tunis,0.1778,False,2.77,[],"{""model_used"": ""tunis""}",isolation_forest_v2
tunisieannonce_8b168c85598c,tunisieannonce,tunis,0.1641,False,3.62,[],"{""model_used"": ""tunis""}",isolation_forest_v2
tunisieannonce_8bbaaa3a3f4e,tunisieannonce,tunis,0.1521,False,4.55,[],"{""model_used"": ""tunis""}",isolation_forest_v2
tunisieannonce_8c247d43e0cb,tunisieannonce,tunis,0.1834,False,2.49,[],"{""model_used"": ""tunis""}",isolation_forest_v2
tunisieannonce_8ce056272e95,tunisieannonce,tunis,0.1568,False,4.16,[],"{""model_used"": ""tunis""}",isolation_forest_v2
tunisieannonce_8cc7cd94e0ea,tunisieannonce,tunis,0.0775,False,17.49,[],"{""model_used"": ""tunis""}",isolation_forest_v2
tunisieannonce_8cb1891a2309,tunisieannonce,tunis,0.061,False,22.79,"[""no_images_high_price""]","{""model_used"": ""tunis""}",isolation_forest_v2
tunisieannonce_8d31f9bfd885,tunisieannonce,tunis,0.1418,False,5.54,[],"{""model_used"": ""tunis""}",isolation_forest_v2
tunisieannonce_8d07f2dd30fc,tunisieannonce,tunis,0.1796,False,2.68,[],"{""model_used"": ""tunis""}",isolation_forest_v2
tunisieannonce_8d8a88d6777c,tunisieannonce,tunis,0.156,False,4.23,[],"{""model_used"": ""tunis""}",isolation_forest_v2
tunisieannonce_8e0e394ea5d0,tunisieannonce,tunis,0.1413,False,5.59,"[""no_images_high_price""]","{""model_used"": ""tunis""}",isolation_forest_v2
tunisieannonce_8ea0c356781a,tunisieannonce,tunis,0.1378,False,5.98,[],"{""model_used"": ""tunis""}",isolation_forest_v2
tunisieannonce_8f0aeabc6001,tunisieannonce,tunis,0.1494,False,4.8,[],"{""model_used"": ""tunis""}",isolation_forest_v2
tunisieannonce_9143024237e6,tunisieannonce,tunis,0.0567,False,24.34,[],"{""model_used"": ""tunis""}",isolation_forest_v2
tunisieannonce_910fbfbaa7c9,tunisieannonce,tunis,0.0734,False,18.73,[],"{""model_used"": ""tunis""}",isolation_forest_v2
tunisieannonce_8fdd4ccb710a,tunisieannonce,tunis,0.1723,False,3.09,[],"{""model_used"": ""tunis""}",isolation_forest_v2
tunisieannonce_914475bca569,tunisieannonce,tunis,0.1803,False,2.65,[],"{""model_used"": ""tunis""}",isolation_forest_v2
tunisieannonce_9177503ea620,tunisieannonce,tunis,0.1424,False,5.47,[],"{""model_used"": ""tunis""}",isolation_forest_v2
tunisieannonce_91a2b2a2bc0d,tunisieannonce,tunis,0.0507,False,26.62,"[""no_images_high_price""]","{""model_used"": ""tunis""}",isolation_forest_v2
tunisieannonce_917fd52d7f1b,tunisieannonce,tunis,0.0621,False,22.4,"[""no_images_high_price""]","{""model_used"": ""tunis""}",isolation_forest_v2
tunisieannonce_91787b327f3c,tunisieannonce,tunis,0.1767,False,2.84,[],"{""model_used"": ""tunis""}",isolation_forest_v2
tunisieannonce_91ea892e9eb0,tunisieannonce,tunis,0.0488,False,27.36,"[""no_images_high_price""]","{""model_used"": ""tunis""}",isolation_forest_v2
tunisieannonce_930ee5285e41,tunisieannonce,tunis,0.1784,False,2.74,[],"{""model_used"": ""tunis""}",isolation_forest_v2
tunisieannonce_9298561954e2,tunisieannonce,tunis,0.1001,False,11.9,"[""no_images_high_price""]","{""model_used"": ""tunis""}",isolation_forest_v2
tunisieannonce_920097b0c386,tunisieannonce,tunis,0.1568,False,4.16,[],"{""model_used"": ""tunis""}",isolation_forest_v2
tunisieannonce_926b62ae3e42,tunisieannonce,tunis,-0.0343,True,66.53,"[""no_images_high_price""]","{""model_used"": ""tunis""}",isolation_forest_v2
tunisieannonce_9341566120c5,tunisieannonce,tunis,0.1806,False,2.63,[],"{""model_used"": ""tunis""}",isolation_forest_v2
tunisieannonce_92c971ee2d2f,tunisieannonce,tunis,0.1038,False,11.15,[],"{""model_used"": ""tunis""}",isolation_forest_v2
tunisieannonce_a6ee7d8c3e9f,tunisieannonce,tunis,0.1246,False,7.64,[],"{""model_used"": ""tunis""}",isolation_forest_v2
tunisieannonce_942462b0a25b,tunisieannonce,tunis,0.1215,False,8.08,"[""no_images_high_price""]","{""model_used"": ""tunis""}",isolation_forest_v2
tunisieannonce_943ec82b6f1b,tunisieannonce,tunis,0.0852,False,15.38,[],"{""model_used"": ""tunis""}",isolation_forest_v2
tunisieannonce_93f79628b803,tunisieannonce,tunis,0.1068,False,10.56,[],"{""model_used"": ""tunis""}",isolation_forest_v2
tunisieannonce_93e4cc665ddb,tunisieannonce,tunis,0.1768,False,2.83,[],"{""model_used"": ""tunis""}",isolation_forest_v2
tunisieannonce_94c9a4ce7722,tunisieannonce,tunis,0.0482,False,27.63,"[""extreme_price_per_m2"", ""price_too_high_for_region""]","{""model_used"": ""tunis""}",isolation_forest_v2
tunisieannonce_94eaf40c9c4c,tunisieannonce,tunis,0.1266,False,7.37,[],"{""model_used"": ""tunis""}",isolation_forest_v2
tunisieannonce_94c742af6d30,tunisieannonce,tunis,0.1491,False,4.82,[],"{""model_used"": ""tunis""}",isolation_forest_v2
tunisieannonce_94b6932130e8,tunisieannonce,tunis,0.1812,False,2.6,[],"{""model_used"": ""tunis""}",isolation_forest_v2
tunisieannonce_957cc89bd7b7,tunisieannonce,tunis,0.1686,False,3.32,[],"{""model_used"": ""tunis""}",isolation_forest_v2
tunisieannonce_95525d2f452e,tunisieannonce,tunis,0.1355,False,6.23,[],"{""model_used"": ""tunis""}",isolation_forest_v2
tunisieannonce_98a05e04e781,tunisieannonce,tunis,0.0503,False,26.76,[],"{""model_used"": ""tunis""}",isolation_forest_v2
tunisieannonce_967614d9a485,tunisieannonce,tunis,0.0913,False,13.87,[],"{""model_used"": ""tunis""}",isolation_forest_v2
tunisieannonce_962fcf8ba4b3,tunisieannonce,tunis,0.0982,False,12.3,[],"{""model_used"": ""tunis""}",isolation_forest_v2
tunisieannonce_97d9795d50ca,tunisieannonce,tunis,0.1714,False,3.14,[],"{""model_used"": ""tunis""}",isolation_forest_v2
tunisieannonce_98c32f824d4d,tunisieannonce,tunis,0.1264,False,7.39,[],"{""model_used"": ""tunis""}",isolation_forest_v2
tunisieannonce_98c11558e072,tunisieannonce,tunis,0.0607,False,22.91,"[""no_images_high_price""]","{""model_used"": ""tunis""}",isolation_forest_v2
tunisieannonce_99d8041b9ce2,tunisieannonce,tunis,0.1048,False,10.95,"[""no_images_high_price""]","{""model_used"": ""tunis""}",isolation_forest_v2
tunisieannonce_99b3a885a5e7,tunisieannonce,tunis,0.1104,False,9.91,[],"{""model_used"": ""tunis""}",isolation_forest_v2
tunisieannonce_9ba3760e13ee,tunisieannonce,tunis,0.1634,False,3.67,[],"{""model_used"": ""tunis""}",isolation_forest_v2
tunisieannonce_9ad67b998427,tunisieannonce,tunis,0.1207,False,8.22,[],"{""model_used"": ""tunis""}",isolation_forest_v2
tunisieannonce_9c2107573054,tunisieannonce,tunis,0.1061,False,10.71,"[""no_images_high_price""]","{""model_used"": ""tunis""}",isolation_forest_v2
tunisieannonce_a7cab14c012b,tunisieannonce,tunis,0.1859,False,2.37,[],"{""model_used"": ""tunis""}",isolation_forest_v2
tunisieannonce_9c674a2196a5,tunisieannonce,tunis,0.1816,False,2.58,[],"{""model_used"": ""tunis""}",isolation_forest_v2
tunisieannonce_9d7b5144de6f,tunisieannonce,tunis,0.1608,False,3.85,[],"{""model_used"": ""tunis""}",isolation_forest_v2
tunisieannonce_9db87f6a4784,tunisieannonce,tunis,0.1491,False,4.83,"[""no_images_high_price""]","{""model_used"": ""tunis""}",isolation_forest_v2
tunisieannonce_9e0bd18a13f4,tunisieannonce,tunis,0.1026,False,11.38,[],"{""model_used"": ""tunis""}",isolation_forest_v2
tunisieannonce_9e35c5041d19,tunisieannonce,tunis,0.1875,False,2.3,[],"{""model_used"": ""tunis""}",isolation_forest_v2
tunisieannonce_9df58d9d9bb8,tunisieannonce,tunis,0.0596,False,23.29,[],"{""model_used"": ""tunis""}",isolation_forest_v2
tunisieannonce_9f3a2819d99d,tunisieannonce,tunis,0.1227,False,7.91,[],"{""model_used"": ""tunis""}",isolation_forest_v2
tunisieannonce_9f56bc6336b5,tunisieannonce,tunis,0.1801,False,2.66,[],"{""model_used"": ""tunis""}",isolation_forest_v2
tunisieannonce_9f190783b36c,tunisieannonce,tunis,0.1292,False,7.02,[],"{""model_used"": ""tunis""}",isolation_forest_v2
tunisieannonce_9f630403a889,tunisieannonce,tunis,0.1345,False,6.35,[],"{""model_used"": ""tunis""}",isolation_forest_v2
tunisieannonce_9f596c59f6f7,tunisieannonce,tunis,0.1528,False,4.5,[],"{""model_used"": ""tunis""}",isolation_forest_v2
tunisieannonce_9ff6561e7ea2,tunisieannonce,tunis,0.1195,False,8.39,[],"{""model_used"": ""tunis""}",isolation_forest_v2
tunisieannonce_a14d2a9ef8c4,tunisieannonce,tunis,0.1253,False,7.54,[],"{""model_used"": ""tunis""}",isolation_forest_v2
tunisieannonce_a1b01372793d,tunisieannonce,tunis,0.1462,False,5.1,[],"{""model_used"": ""tunis""}",isolation_forest_v2
tunisieannonce_a1f2a494b77b,tunisieannonce,tunis,0.1103,False,9.93,[],"{""model_used"": ""tunis""}",isolation_forest_v2
tunisieannonce_a1e595c29df2,tunisieannonce,tunis,0.1505,False,4.7,[],"{""model_used"": ""tunis""}",isolation_forest_v2
tunisieannonce_a2d9a97c93e7,tunisieannonce,tunis,0.1296,False,6.97,[],"{""model_used"": ""tunis""}",isolation_forest_v2
tunisieannonce_a290ac09c90c,tunisieannonce,tunis,0.1174,False,8.72,"[""no_images_high_price""]","{""model_used"": ""tunis""}",isolation_forest_v2
tunisieannonce_a4231a25a745,tunisieannonce,tunis,0.1772,False,2.81,[],"{""model_used"": ""tunis""}",isolation_forest_v2
tunisieannonce_a3b50604b73c,tunisieannonce,tunis,0.1391,False,5.84,"[""no_images_high_price""]","{""model_used"": ""tunis""}",isolation_forest_v2
tunisieannonce_a452a0d2bbd0,tunisieannonce,tunis,0.1418,False,5.54,"[""no_images_high_price""]","{""model_used"": ""tunis""}",isolation_forest_v2
tunisieannonce_a330797fc8d3,tunisieannonce,tunis,0.0805,False,16.66,"[""no_images_high_price""]","{""model_used"": ""tunis""}",isolation_forest_v2
tunisieannonce_a4a16ff32a71,tunisieannonce,tunis,0.0982,False,12.31,[],"{""model_used"": ""tunis""}",isolation_forest_v2
tunisieannonce_a4d717482c57,tunisieannonce,tunis,0.0599,False,23.19,[],"{""model_used"": ""tunis""}",isolation_forest_v2
tunisieannonce_a5b4dcf41ba8,tunisieannonce,tunis,0.1736,False,3.01,[],"{""model_used"": ""tunis""}",isolation_forest_v2
tunisieannonce_a63768a6519c,tunisieannonce,tunis,0.0516,False,26.28,"[""no_images_high_price""]","{""model_used"": ""tunis""}",isolation_forest_v2
tunisieannonce_a6945f0c8c82,tunisieannonce,tunis,0.085,False,15.44,"[""no_images_high_price""]","{""model_used"": ""tunis""}",isolation_forest_v2
tunisieannonce_a747feb952a1,tunisieannonce,tunis,0.1293,False,7.0,[],"{""model_used"": ""tunis""}",isolation_forest_v2
tunisieannonce_a787788c24c8,tunisieannonce,tunis,0.1011,False,11.68,[],"{""model_used"": ""tunis""}",isolation_forest_v2
tunisieannonce_a74a875bc533,tunisieannonce,tunis,0.1201,False,8.31,[],"{""model_used"": ""tunis""}",isolation_forest_v2
tunisieannonce_a82caf022500,tunisieannonce,tunis,0.164,False,3.63,[],"{""model_used"": ""tunis""}",isolation_forest_v2
tunisieannonce_a7e7521df88c,tunisieannonce,tunis,0.0411,False,30.54,[],"{""model_used"": ""tunis""}",isolation_forest_v2
tunisieannonce_a82e0f47bb2a,tunisieannonce,tunis,0.0614,False,22.67,[],"{""model_used"": ""tunis""}",isolation_forest_v2
tunisieannonce_a88830aa21c1,tunisieannonce,tunis,0.1495,False,4.79,[],"{""model_used"": ""tunis""}",isolation_forest_v2
tunisieannonce_a87d6a7d133d,tunisieannonce,tunis,0.0869,False,14.96,[],"{""model_used"": ""tunis""}",isolation_forest_v2
tunisieannonce_a8fd79ad8a0f,tunisieannonce,tunis,0.0824,False,16.13,[],"{""model_used"": ""tunis""}",isolation_forest_v2
tunisieannonce_a9688acef7d3,tunisieannonce,tunis,0.0102,False,44.94,"[""price_too_high_for_region""]","{""model_used"": ""tunis""}",isolation_forest_v2
tunisieannonce_a93300d95374,tunisieannonce,tunis,0.1582,False,4.06,[],"{""model_used"": ""tunis""}",isolation_forest_v2
tunisieannonce_a9eae3f5f183,tunisieannonce,tunis,0.1794,False,2.69,[],"{""model_used"": ""tunis""}",isolation_forest_v2
tunisieannonce_aa1a8762bf7c,tunisieannonce,tunis,0.1627,False,3.72,[],"{""model_used"": ""tunis""}",isolation_forest_v2
tunisieannonce_aaa2b1d126e5,tunisieannonce,tunis,0.1206,False,8.23,"[""no_images_high_price""]","{""model_used"": ""tunis""}",isolation_forest_v2
tunisieannonce_aaa33171b956,tunisieannonce,tunis,0.1021,False,11.49,[],"{""model_used"": ""tunis""}",isolation_forest_v2
tunisieannonce_ac35ac5fafe3,tunisieannonce,tunis,0.1232,False,7.85,"[""no_images_high_price""]","{""model_used"": ""tunis""}",isolation_forest_v2
tunisieannonce_aa781fc4dfae,tunisieannonce,tunis,0.0924,False,13.6,[],"{""model_used"": ""tunis""}",isolation_forest_v2
tunisieannonce_aa8a14214fb3,tunisieannonce,tunis,0.143,False,5.42,[],"{""model_used"": ""tunis""}",isolation_forest_v2
tunisieannonce_abc073fc113f,tunisieannonce,tunis,0.0663,False,20.97,"[""no_images_high_price""]","{""model_used"": ""tunis""}",isolation_forest_v2
tunisieannonce_abb491fb0cc5,tunisieannonce,tunis,0.1037,False,11.16,[],"{""model_used"": ""tunis""}",isolation_forest_v2
tunisieannonce_ab70814c8177,tunisieannonce,tunis,0.1168,False,8.82,[],"{""model_used"": ""tunis""}",isolation_forest_v2
tunisieannonce_ac2cf4a18f1d,tunisieannonce,tunis,0.163,False,3.69,[],"{""model_used"": ""tunis""}",isolation_forest_v2
tunisieannonce_ac859983a318,tunisieannonce,tunis,0.1508,False,4.67,[],"{""model_used"": ""tunis""}",isolation_forest_v2
tunisieannonce_abe6a9fafcd1,tunisieannonce,tunis,0.1599,False,3.93,[],"{""model_used"": ""tunis""}",isolation_forest_v2
tunisieannonce_ad0c61f6a93c,tunisieannonce,tunis,0.0266,False,37.02,"[""no_images_high_price""]","{""model_used"": ""tunis""}",isolation_forest_v2
tunisieannonce_ad28bf220b34,tunisieannonce,tunis,0.023,False,38.71,[],"{""model_used"": ""tunis""}",isolation_forest_v2
tunisieannonce_ad13997d98ce,tunisieannonce,tunis,0.15,False,4.75,[],"{""model_used"": ""tunis""}",isolation_forest_v2
tunisieannonce_ad34b2762cd9,tunisieannonce,tunis,0.1777,False,2.78,[],"{""model_used"": ""tunis""}",isolation_forest_v2
tunisieannonce_ad5710dfd2cb,tunisieannonce,tunis,0.1118,False,9.65,[],"{""model_used"": ""tunis""}",isolation_forest_v2
tunisieannonce_ad7578c18454,tunisieannonce,tunis,0.151,False,4.65,[],"{""model_used"": ""tunis""}",isolation_forest_v2
tunisieannonce_ae2c6f8a950c,tunisieannonce,tunis,0.1561,False,4.22,[],"{""model_used"": ""tunis""}",isolation_forest_v2
tunisieannonce_d2f31688a329,tunisieannonce,tunis,0.161,False,3.84,[],"{""model_used"": ""tunis""}",isolation_forest_v2
tunisieannonce_ae0f81f4a8b5,tunisieannonce,tunis,0.1441,False,5.31,"[""no_images_high_price""]","{""model_used"": ""tunis""}",isolation_forest_v2
tunisieannonce_af806344657f,tunisieannonce,tunis,0.1478,False,4.95,[],"{""model_used"": ""tunis""}",isolation_forest_v2
tunisieannonce_af966db0bf46,tunisieannonce,tunis,0.13,False,6.91,"[""no_images_high_price""]","{""model_used"": ""tunis""}",isolation_forest_v2
tunisieannonce_affa7b785fae,tunisieannonce,tunis,0.1449,False,5.23,[],"{""model_used"": ""tunis""}",isolation_forest_v2
tunisieannonce_b0015c8bcdc5,tunisieannonce,tunis,0.1618,False,3.78,[],"{""model_used"": ""tunis""}",isolation_forest_v2
tunisieannonce_b0279b58752d,tunisieannonce,tunis,0.1691,False,3.28,[],"{""model_used"": ""tunis""}",isolation_forest_v2
tunisieannonce_b022d79232d3,tunisieannonce,tunis,0.0681,False,20.4,"[""no_images_high_price""]","{""model_used"": ""tunis""}",isolation_forest_v2
tunisieannonce_b0119fac7cfe,tunisieannonce,tunis,0.1226,False,7.93,[],"{""model_used"": ""tunis""}",isolation_forest_v2
tunisieannonce_b0c5eaa17aa3,tunisieannonce,tunis,0.1846,False,2.43,[],"{""model_used"": ""tunis""}",isolation_forest_v2
tunisieannonce_b0b8f3a38ff7,tunisieannonce,tunis,0.0765,False,17.8,[],"{""model_used"": ""tunis""}",isolation_forest_v2
tunisieannonce_b22981c607cc,tunisieannonce,tunis,0.149,False,4.83,"[""no_images_high_price""]","{""model_used"": ""tunis""}",isolation_forest_v2
tunisieannonce_b18508697e46,tunisieannonce,tunis,0.0239,False,38.29,[],"{""model_used"": ""tunis""}",isolation_forest_v2
tunisieannonce_b23237e555f4,tunisieannonce,tunis,0.1061,False,10.7,"[""no_images_high_price""]","{""model_used"": ""tunis""}",isolation_forest_v2
tunisieannonce_b25fb5308912,tunisieannonce,tunis,0.1452,False,5.19,[],"{""model_used"": ""tunis""}",isolation_forest_v2
tunisieannonce_b2406f6c4f2e,tunisieannonce,tunis,0.1735,False,3.02,[],"{""model_used"": ""tunis""}",isolation_forest_v2
tunisieannonce_b33291abb6fd,tunisieannonce,tunis,0.0943,False,13.17,"[""no_images_high_price""]","{""model_used"": ""tunis""}",isolation_forest_v2
tunisieannonce_b34ffb604913,tunisieannonce,tunis,0.1525,False,4.52,[],"{""model_used"": ""tunis""}",isolation_forest_v2
tunisieannonce_b4a812131e46,tunisieannonce,tunis,0.085,False,15.46,"[""no_images_high_price""]","{""model_used"": ""tunis""}",isolation_forest_v2
tunisieannonce_b4838e34110b,tunisieannonce,tunis,0.1296,False,6.96,[],"{""model_used"": ""tunis""}",isolation_forest_v2
tunisieannonce_b486612efec4,tunisieannonce,tunis,0.0834,False,15.87,[],"{""model_used"": ""tunis""}",isolation_forest_v2
tunisieannonce_b4ec04f7c9c7,tunisieannonce,tunis,0.158,False,4.07,[],"{""model_used"": ""tunis""}",isolation_forest_v2
tunisieannonce_b533c076d978,tunisieannonce,tunis,0.1827,False,2.52,[],"{""model_used"": ""tunis""}",isolation_forest_v2
tunisieannonce_b56921a7a22f,tunisieannonce,tunis,0.1837,False,2.48,[],"{""model_used"": ""tunis""}",isolation_forest_v2
tunisieannonce_d7f1b500cdae,tunisieannonce,tunis,0.1432,False,5.39,[],"{""model_used"": ""tunis""}",isolation_forest_v2
tunisieannonce_b57fb4317295,tunisieannonce,tunis,0.1033,False,11.25,"[""no_images_high_price""]","{""model_used"": ""tunis""}",isolation_forest_v2
tunisieannonce_b6128969994a,tunisieannonce,tunis,0.1284,False,7.12,[],"{""model_used"": ""tunis""}",isolation_forest_v2
tunisieannonce_b642204fae10,tunisieannonce,tunis,0.1539,False,4.41,[],"{""model_used"": ""tunis""}",isolation_forest_v2
tunisieannonce_b65a971be8d4,tunisieannonce,tunis,-0.0173,True,58.58,[],"{""model_used"": ""tunis""}",isolation_forest_v2
tunisieannonce_b6329a1a87e8,tunisieannonce,tunis,0.1517,False,4.59,[],"{""model_used"": ""tunis""}",isolation_forest_v2
tunisieannonce_b69206f8f799,tunisieannonce,tunis,0.101,False,11.71,"[""no_images_high_price"", ""price_too_high_for_region""]","{""model_used"": ""tunis""}",isolation_forest_v2
tunisieannonce_b706d42e085c,tunisieannonce,tunis,0.0565,False,24.41,[],"{""model_used"": ""tunis""}",isolation_forest_v2
tunisieannonce_b67c2d9dde59,tunisieannonce,tunis,0.1729,False,3.05,[],"{""model_used"": ""tunis""}",isolation_forest_v2
tunisieannonce_b7c8627a88fc,tunisieannonce,tunis,0.1548,False,4.32,[],"{""model_used"": ""tunis""}",isolation_forest_v2
tunisieannonce_b7e51664b0a4,tunisieannonce,tunis,0.0698,False,19.84,[],"{""model_used"": ""tunis""}",isolation_forest_v2
tunisieannonce_b7ead478b019,tunisieannonce,tunis,0.1803,False,2.64,[],"{""model_used"": ""tunis""}",isolation_forest_v2
tunisieannonce_b8145b1758a4,tunisieannonce,tunis,0.0436,False,29.5,"[""no_images_high_price""]","{""model_used"": ""tunis""}",isolation_forest_v2
tunisieannonce_b964213632ec,tunisieannonce,tunis,0.1726,False,3.07,[],"{""model_used"": ""tunis""}",isolation_forest_v2
tunisieannonce_b9a535693b32,tunisieannonce,tunis,0.0128,False,43.63,"[""no_images_high_price""]","{""model_used"": ""tunis""}",isolation_forest_v2
tunisieannonce_ba009db074ff,tunisieannonce,tunis,0.1155,False,9.03,[],"{""model_used"": ""tunis""}",isolation_forest_v2
tunisieannonce_ba15f36dd97d,tunisieannonce,tunis,0.1202,False,8.29,[],"{""model_used"": ""tunis""}",isolation_forest_v2
tunisieannonce_b9dbfc8ba171,tunisieannonce,tunis,0.1666,False,3.45,[],"{""model_used"": ""tunis""}",isolation_forest_v2
tunisieannonce_bab963606a82,tunisieannonce,tunis,0.1776,False,2.79,[],"{""model_used"": ""tunis""}",isolation_forest_v2
tunisieannonce_bad1ed80c9d5,tunisieannonce,tunis,0.1474,False,4.99,"[""no_images_high_price""]","{""model_used"": ""tunis""}",isolation_forest_v2
tunisieannonce_ba526f92afa9,tunisieannonce,tunis,0.1512,False,4.64,[],"{""model_used"": ""tunis""}",isolation_forest_v2
tunisieannonce_bb36b6f1feef,tunisieannonce,tunis,0.1175,False,8.7,[],"{""model_used"": ""tunis""}",isolation_forest_v2
tunisieannonce_bb9613b25b67,tunisieannonce,tunis,0.0479,False,27.73,"[""no_images_high_price""]","{""model_used"": ""tunis""}",isolation_forest_v2
tunisieannonce_bcb8642adfb8,tunisieannonce,tunis,0.0114,False,44.32,[],"{""model_used"": ""tunis""}",isolation_forest_v2
tunisieannonce_bc13d3852208,tunisieannonce,tunis,0.1601,False,3.91,[],"{""model_used"": ""tunis""}",isolation_forest_v2
tunisieannonce_bda595972c5c,tunisieannonce,tunis,0.1239,False,7.74,"[""no_images_high_price""]","{""model_used"": ""tunis""}",isolation_forest_v2
tunisieannonce_bdafb92047ef,tunisieannonce,tunis,0.1619,False,3.77,"[""no_images_high_price""]","{""model_used"": ""tunis""}",isolation_forest_v2
tunisieannonce_bcfae60dcdc2,tunisieannonce,tunis,0.1688,False,3.31,[],"{""model_used"": ""tunis""}",isolation_forest_v2
tunisieannonce_be5540b47f5b,tunisieannonce,tunis,0.0865,False,15.05,"[""no_images_high_price""]","{""model_used"": ""tunis""}",isolation_forest_v2
tunisieannonce_be53e3c4ff68,tunisieannonce,tunis,0.0557,False,24.73,[],"{""model_used"": ""tunis""}",isolation_forest_v2
tunisieannonce_be96d32f74ef,tunisieannonce,tunis,0.0866,False,15.04,[],"{""model_used"": ""tunis""}",isolation_forest_v2
tunisieannonce_d812e8a03d1d,tunisieannonce,tunis,0.1673,False,3.4,"[""no_images_high_price""]","{""model_used"": ""tunis""}",isolation_forest_v2
tunisieannonce_bed97384fc98,tunisieannonce,tunis,0.176,False,2.87,[],"{""model_used"": ""tunis""}",isolation_forest_v2
tunisieannonce_bf40234cdae0,tunisieannonce,tunis,0.1851,False,2.41,[],"{""model_used"": ""tunis""}",isolation_forest_v2
tunisieannonce_bf51024c6ad3,tunisieannonce,tunis,0.1461,False,5.11,[],"{""model_used"": ""tunis""}",isolation_forest_v2
tunisieannonce_c0278887cb61,tunisieannonce,tunis,0.1138,False,9.31,"[""no_images_high_price""]","{""model_used"": ""tunis""}",isolation_forest_v2
tunisieannonce_c0431e9fbefe,tunisieannonce,tunis,0.149,False,4.84,[],"{""model_used"": ""tunis""}",isolation_forest_v2
tunisieannonce_c0d2ecee14a0,tunisieannonce,tunis,0.0711,False,19.45,[],"{""model_used"": ""tunis""}",isolation_forest_v2
tunisieannonce_c120cedfd17a,tunisieannonce,tunis,0.1314,False,6.73,[],"{""model_used"": ""tunis""}",isolation_forest_v2
tunisieannonce_c18a6b03510c,tunisieannonce,tunis,0.042,False,30.15,[],"{""model_used"": ""tunis""}",isolation_forest_v2
tunisieannonce_c17c381a103f,tunisieannonce,tunis,0.1468,False,5.04,[],"{""model_used"": ""tunis""}",isolation_forest_v2
tunisieannonce_c19f24f3cd53,tunisieannonce,tunis,0.0309,False,35.04,"[""no_images_high_price""]","{""model_used"": ""tunis""}",isolation_forest_v2
tunisieannonce_c1c0354dbc00,tunisieannonce,tunis,0.0849,False,15.47,"[""no_images_high_price""]","{""model_used"": ""tunis""}",isolation_forest_v2
tunisieannonce_c1e705a70abf,tunisieannonce,tunis,0.1709,False,3.18,[],"{""model_used"": ""tunis""}",isolation_forest_v2
tunisieannonce_c2d800afa96c,tunisieannonce,tunis,0.1209,False,8.18,"[""no_images_high_price""]","{""model_used"": ""tunis""}",isolation_forest_v2
tunisieannonce_c32234da694e,tunisieannonce,tunis,0.1326,False,6.59,[],"{""model_used"": ""tunis""}",isolation_forest_v2
tunisieannonce_c2d9e0bc09bb,tunisieannonce,tunis,0.1048,False,10.94,"[""price_too_high_for_region""]","{""model_used"": ""tunis""}",isolation_forest_v2
tunisieannonce_c2dde2ab88e7,tunisieannonce,tunis,0.1237,False,7.77,[],"{""model_used"": ""tunis""}",isolation_forest_v2
tunisieannonce_c3734a31cd52,tunisieannonce,tunis,0.1706,False,3.19,[],"{""model_used"": ""tunis""}",isolation_forest_v2
tunisieannonce_c3f9603cfb1b,tunisieannonce,tunis,0.1589,False,4.0,[],"{""model_used"": ""tunis""}",isolation_forest_v2
tunisieannonce_c3a3d24eec4d,tunisieannonce,tunis,0.1675,False,3.39,[],"{""model_used"": ""tunis""}",isolation_forest_v2
tunisieannonce_c48836fad02e,tunisieannonce,tunis,0.1409,False,5.64,[],"{""model_used"": ""tunis""}",isolation_forest_v2
tunisieannonce_c434c1b7fee8,tunisieannonce,tunis,0.1592,False,3.98,[],"{""model_used"": ""tunis""}",isolation_forest_v2
tunisieannonce_c5f63bff8db3,tunisieannonce,tunis,0.1717,False,3.13,[],"{""model_used"": ""tunis""}",isolation_forest_v2
tunisieannonce_c46c59dae716,tunisieannonce,tunis,0.0631,False,22.06,[],"{""model_used"": ""tunis""}",isolation_forest_v2
tunisieannonce_c4f4bb2e6b03,tunisieannonce,tunis,0.1611,False,3.84,[],"{""model_used"": ""tunis""}",isolation_forest_v2
tunisieannonce_c4da413bfd7d,tunisieannonce,tunis,0.0636,False,21.9,[],"{""model_used"": ""tunis""}",isolation_forest_v2
tunisieannonce_c584d1dd4cd5,tunisieannonce,tunis,0.1207,False,8.22,"[""no_images_high_price""]","{""model_used"": ""tunis""}",isolation_forest_v2
tunisieannonce_c64f78463188,tunisieannonce,tunis,0.0933,False,13.41,"[""price_too_high_for_region""]","{""model_used"": ""tunis""}",isolation_forest_v2
tunisieannonce_c62c652d0976,tunisieannonce,tunis,0.0506,False,26.67,[],"{""model_used"": ""tunis""}",isolation_forest_v2
tunisieannonce_c6c568dbb6d4,tunisieannonce,tunis,0.1526,False,4.52,"[""no_images_high_price""]","{""model_used"": ""tunis""}",isolation_forest_v2
tunisieannonce_c729d370c670,tunisieannonce,tunis,0.1788,False,2.72,[],"{""model_used"": ""tunis""}",isolation_forest_v2
tunisieannonce_c786d9b20328,tunisieannonce,tunis,0.1461,False,5.11,[],"{""model_used"": ""tunis""}",isolation_forest_v2
tunisieannonce_c796fe40bf98,tunisieannonce,tunis,0.1689,False,3.3,[],"{""model_used"": ""tunis""}",isolation_forest_v2
tunisieannonce_c9982fea1b30,tunisieannonce,tunis,0.1599,False,3.93,[],"{""model_used"": ""tunis""}",isolation_forest_v2
tunisieannonce_c7571d8e7be3,tunisieannonce,tunis,0.1385,False,5.89,[],"{""model_used"": ""tunis""}",isolation_forest_v2
tunisieannonce_c8764eea5d99,tunisieannonce,tunis,0.1024,False,11.42,[],"{""model_used"": ""tunis""}",isolation_forest_v2
tunisieannonce_c80df33751c3,tunisieannonce,tunis,0.0841,False,15.68,[],"{""model_used"": ""tunis""}",isolation_forest_v2
tunisieannonce_c8b6d20fdb6e,tunisieannonce,tunis,0.1743,False,2.97,[],"{""model_used"": ""tunis""}",isolation_forest_v2
tunisieannonce_c90638612ae4,tunisieannonce,tunis,0.07,False,19.78,[],"{""model_used"": ""tunis""}",isolation_forest_v2
tunisieannonce_c96308696bfe,tunisieannonce,tunis,-0.0032,True,51.62,"[""no_images_high_price""]","{""model_used"": ""tunis""}",isolation_forest_v2
tunisieannonce_c9ebb6f7e2d9,tunisieannonce,tunis,0.1478,False,4.94,[],"{""model_used"": ""tunis""}",isolation_forest_v2
tunisieannonce_c98857297873,tunisieannonce,tunis,0.0562,False,24.51,[],"{""model_used"": ""tunis""}",isolation_forest_v2
tunisieannonce_c9ad145e05e6,tunisieannonce,tunis,0.1476,False,4.96,"[""no_images_high_price""]","{""model_used"": ""tunis""}",isolation_forest_v2
tunisieannonce_ca597a4f2e87,tunisieannonce,tunis,0.0572,False,24.16,[],"{""model_used"": ""tunis""}",isolation_forest_v2
tunisieannonce_cacced1be0e8,tunisieannonce,tunis,0.1227,False,7.92,[],"{""model_used"": ""tunis""}",isolation_forest_v2
tunisieannonce_cbb3a3a15424,tunisieannonce,tunis,0.1548,False,4.33,[],"{""model_used"": ""tunis""}",isolation_forest_v2
tunisieannonce_cbee5feea895,tunisieannonce,tunis,0.1322,False,6.63,[],"{""model_used"": ""tunis""}",isolation_forest_v2
tunisieannonce_cb9a5043af52,tunisieannonce,tunis,0.1176,False,8.69,[],"{""model_used"": ""tunis""}",isolation_forest_v2
tunisieannonce_cbf251aa77a0,tunisieannonce,tunis,0.127,False,7.31,[],"{""model_used"": ""tunis""}",isolation_forest_v2
tunisieannonce_cce26098f218,tunisieannonce,tunis,0.1188,False,8.5,[],"{""model_used"": ""tunis""}",isolation_forest_v2
tunisieannonce_cc52ad1147ba,tunisieannonce,tunis,0.1489,False,4.84,[],"{""model_used"": ""tunis""}",isolation_forest_v2
tunisieannonce_ce69745f4c8d,tunisieannonce,tunis,0.1665,False,3.46,[],"{""model_used"": ""tunis""}",isolation_forest_v2
tunisieannonce_cd38b5a8dfe1,tunisieannonce,tunis,0.0501,False,26.86,"[""no_images_high_price""]","{""model_used"": ""tunis""}",isolation_forest_v2
tunisieannonce_ce70805a17dd,tunisieannonce,tunis,0.1818,False,2.57,[],"{""model_used"": ""tunis""}",isolation_forest_v2
tunisieannonce_ce80579c8d98,tunisieannonce,tunis,0.17,False,3.23,[],"{""model_used"": ""tunis""}",isolation_forest_v2
tunisieannonce_cee19a119575,tunisieannonce,tunis,0.08,False,16.78,"[""no_images_high_price""]","{""model_used"": ""tunis""}",isolation_forest_v2
tunisieannonce_cee2df0ea2de,tunisieannonce,tunis,0.0396,False,31.18,"[""no_images_high_price""]","{""model_used"": ""tunis""}",isolation_forest_v2
tunisieannonce_cf30dfb96af1,tunisieannonce,tunis,0.0742,False,18.49,"[""no_images_high_price""]","{""model_used"": ""tunis""}",isolation_forest_v2
tunisieannonce_cf3b344010cf,tunisieannonce,tunis,0.1428,False,5.44,"[""no_images_high_price""]","{""model_used"": ""tunis""}",isolation_forest_v2
tunisieannonce_cf5c1d3a77bb,tunisieannonce,tunis,0.1493,False,4.81,[],"{""model_used"": ""tunis""}",isolation_forest_v2
tunisieannonce_d072354bc8d2,tunisieannonce,tunis,0.1703,False,3.21,[],"{""model_used"": ""tunis""}",isolation_forest_v2
tunisieannonce_d02ba1045133,tunisieannonce,tunis,0.1658,False,3.5,[],"{""model_used"": ""tunis""}",isolation_forest_v2
tunisieannonce_cffb93775ca9,tunisieannonce,tunis,0.0573,False,24.13,"[""no_images_high_price""]","{""model_used"": ""tunis""}",isolation_forest_v2
tunisieannonce_d0ebe66a1b58,tunisieannonce,tunis,0.1695,False,3.26,[],"{""model_used"": ""tunis""}",isolation_forest_v2
tunisieannonce_d1297cf1a24c,tunisieannonce,tunis,0.1101,False,9.96,[],"{""model_used"": ""tunis""}",isolation_forest_v2
tunisieannonce_d1987d53c08b,tunisieannonce,tunis,0.1763,False,2.86,[],"{""model_used"": ""tunis""}",isolation_forest_v2
tunisieannonce_d225bdf0c130,tunisieannonce,tunis,0.1509,False,4.66,[],"{""model_used"": ""tunis""}",isolation_forest_v2
tunisieannonce_d14dc9623bd9,tunisieannonce,tunis,0.1003,False,11.85,[],"{""model_used"": ""tunis""}",isolation_forest_v2
tunisieannonce_d2ed16290867,tunisieannonce,tunis,0.1505,False,4.7,[],"{""model_used"": ""tunis""}",isolation_forest_v2
tunisieannonce_d293424f2d34,tunisieannonce,tunis,0.1077,False,10.39,"[""no_images_high_price""]","{""model_used"": ""tunis""}",isolation_forest_v2
tunisieannonce_d2725f40e2bc,tunisieannonce,tunis,0.0936,False,13.33,[],"{""model_used"": ""tunis""}",isolation_forest_v2
tunisieannonce_d353cf441dd1,tunisieannonce,tunis,0.0433,False,29.6,"[""extreme_price_per_m2"", ""price_too_high_for_region""]","{""model_used"": ""tunis""}",isolation_forest_v2
tunisieannonce_d39793b33a2d,tunisieannonce,tunis,0.156,False,4.23,[],"{""model_used"": ""tunis""}",isolation_forest_v2
tunisieannonce_d5062918e147,tunisieannonce,tunis,0.0696,False,19.91,"[""no_images_high_price""]","{""model_used"": ""tunis""}",isolation_forest_v2
tunisieannonce_d43b669b41a8,tunisieannonce,tunis,0.162,False,3.77,"[""no_images_high_price""]","{""model_used"": ""tunis""}",isolation_forest_v2
tunisieannonce_da3a9a7b80b9,tunisieannonce,tunis,0.1687,False,3.31,[],"{""model_used"": ""tunis""}",isolation_forest_v2
tunisieannonce_d41a262f02a2,tunisieannonce,tunis,0.03,False,35.44,"[""no_images_high_price""]","{""model_used"": ""tunis""}",isolation_forest_v2
tunisieannonce_d506fad0fc56,tunisieannonce,tunis,0.0995,False,12.03,"[""no_images_high_price""]","{""model_used"": ""tunis""}",isolation_forest_v2
tunisieannonce_d5324447ff0e,tunisieannonce,tunis,0.1395,False,5.79,[],"{""model_used"": ""tunis""}",isolation_forest_v2
tunisieannonce_d5cf927c3a14,tunisieannonce,tunis,0.1518,False,4.58,[],"{""model_used"": ""tunis""}",isolation_forest_v2
tunisieannonce_d60634c5ef5d,tunisieannonce,tunis,0.1149,False,9.13,"[""no_images_high_price""]","{""model_used"": ""tunis""}",isolation_forest_v2
tunisieannonce_dc213a1c06b1,tunisieannonce,tunis,0.1764,False,2.85,[],"{""model_used"": ""tunis""}",isolation_forest_v2
tunisieannonce_d63e28d0f029,tunisieannonce,tunis,0.1144,False,9.21,"[""no_images_high_price""]","{""model_used"": ""tunis""}",isolation_forest_v2
tunisieannonce_d70f7f1e15ca,tunisieannonce,tunis,0.1301,False,6.9,[],"{""model_used"": ""tunis""}",isolation_forest_v2
tunisieannonce_d77376259aa8,tunisieannonce,tunis,0.1128,False,9.48,[],"{""model_used"": ""tunis""}",isolation_forest_v2
tunisieannonce_d71c7dc2083c,tunisieannonce,tunis,0.1709,False,3.17,[],"{""model_used"": ""tunis""}",isolation_forest_v2
tunisieannonce_d7ae28d32e89,tunisieannonce,tunis,0.115,False,9.11,[],"{""model_used"": ""tunis""}",isolation_forest_v2
tunisieannonce_d7ed8783ecbe,tunisieannonce,tunis,0.1003,False,11.85,[],"{""model_used"": ""tunis""}",isolation_forest_v2
tunisieannonce_d83ea51c8d09,tunisieannonce,tunis,0.1751,False,2.93,[],"{""model_used"": ""tunis""}",isolation_forest_v2
tunisieannonce_d8cb02881935,tunisieannonce,tunis,0.1085,False,10.24,[],"{""model_used"": ""tunis""}",isolation_forest_v2
tunisieannonce_d89cd5b5007d,tunisieannonce,tunis,0.1346,False,6.34,[],"{""model_used"": ""tunis""}",isolation_forest_v2
tunisieannonce_d847ed510f0d,tunisieannonce,tunis,0.028,False,36.37,"[""no_images_high_price""]","{""model_used"": ""tunis""}",isolation_forest_v2
tunisieannonce_dd3ecd383596,tunisieannonce,tunis,0.1853,False,2.4,[],"{""model_used"": ""tunis""}",isolation_forest_v2
tunisieannonce_d82f1a97da72,tunisieannonce,tunis,0.0039,False,48.04,"[""no_images_high_price""]","{""model_used"": ""tunis""}",isolation_forest_v2
tunisieannonce_d9192c45c09c,tunisieannonce,tunis,0.1129,False,9.47,[],"{""model_used"": ""tunis""}",isolation_forest_v2
tunisieannonce_d90b8ef2cdc8,tunisieannonce,tunis,0.1348,False,6.32,[],"{""model_used"": ""tunis""}",isolation_forest_v2
tunisieannonce_d9111200f681,tunisieannonce,tunis,0.1493,False,4.81,[],"{""model_used"": ""tunis""}",isolation_forest_v2
tunisieannonce_da2745dc2f0a,tunisieannonce,tunis,0.16,False,3.91,[],"{""model_used"": ""tunis""}",isolation_forest_v2
tunisieannonce_da94e139395d,tunisieannonce,tunis,0.0694,False,19.97,"[""no_images_high_price""]","{""model_used"": ""tunis""}",isolation_forest_v2
tunisieannonce_db5f4652e111,tunisieannonce,tunis,0.1601,False,3.91,[],"{""model_used"": ""tunis""}",isolation_forest_v2
tunisieannonce_dc0ca9717a3a,tunisieannonce,tunis,0.1189,False,8.48,"[""no_images_high_price""]","{""model_used"": ""tunis""}",isolation_forest_v2
tunisieannonce_dad3cf08a511,tunisieannonce,tunis,0.0506,False,26.68,"[""no_images_high_price""]","{""model_used"": ""tunis""}",isolation_forest_v2
tunisieannonce_dc7056ed1195,tunisieannonce,tunis,0.1673,False,3.4,[],"{""model_used"": ""tunis""}",isolation_forest_v2
tunisieannonce_dc4d1b378189,tunisieannonce,tunis,0.1727,False,3.07,[],"{""model_used"": ""tunis""}",isolation_forest_v2
tunisieannonce_dcf63aaba4b4,tunisieannonce,tunis,0.1087,False,10.22,[],"{""model_used"": ""tunis""}",isolation_forest_v2
tunisieannonce_dda2ad61515f,tunisieannonce,tunis,-0.0289,True,64.04,"[""no_images_high_price""]","{""model_used"": ""tunis""}",isolation_forest_v2
tunisieannonce_dd80263a4d56,tunisieannonce,tunis,0.1415,False,5.57,[],"{""model_used"": ""tunis""}",isolation_forest_v2
tunisieannonce_de0fc46e0895,tunisieannonce,tunis,0.1164,False,8.88,[],"{""model_used"": ""tunis""}",isolation_forest_v2
tunisieannonce_de201c7178b0,tunisieannonce,tunis,0.1528,False,4.5,[],"{""model_used"": ""tunis""}",isolation_forest_v2
tunisieannonce_df6153f5ffbe,tunisieannonce,tunis,0.1355,False,6.24,[],"{""model_used"": ""tunis""}",isolation_forest_v2
tunisieannonce_dee741a67962,tunisieannonce,tunis,0.1662,False,3.47,[],"{""model_used"": ""tunis""}",isolation_forest_v2
tunisieannonce_df62c79d6569,tunisieannonce,tunis,0.0909,False,13.96,[],"{""model_used"": ""tunis""}",isolation_forest_v2
tunisieannonce_e0fb69e107ca,tunisieannonce,tunis,0.1263,False,7.41,[],"{""model_used"": ""tunis""}",isolation_forest_v2
tunisieannonce_e0538f77fe3c,tunisieannonce,tunis,0.1653,False,3.54,[],"{""model_used"": ""tunis""}",isolation_forest_v2
tunisieannonce_e15a63fc850f,tunisieannonce,tunis,0.1478,False,4.95,"[""no_images_high_price""]","{""model_used"": ""tunis""}",isolation_forest_v2
tunisieannonce_e162b8600fa8,tunisieannonce,tunis,0.0683,False,20.32,[],"{""model_used"": ""tunis""}",isolation_forest_v2
tunisieannonce_e1a2c34f4968,tunisieannonce,tunis,0.1868,False,2.33,[],"{""model_used"": ""tunis""}",isolation_forest_v2
tunisieannonce_e1674e039c5c,tunisieannonce,tunis,0.134,False,6.42,[],"{""model_used"": ""tunis""}",isolation_forest_v2
tunisieannonce_e15bc3b8ade9,tunisieannonce,tunis,0.0622,False,22.37,"[""no_images_high_price""]","{""model_used"": ""tunis""}",isolation_forest_v2
tunisieannonce_e251eb00a43c,tunisieannonce,tunis,0.0341,False,33.57,"[""no_images_high_price""]","{""model_used"": ""tunis""}",isolation_forest_v2
tunisieannonce_e24a38ad6539,tunisieannonce,tunis,0.0839,False,15.74,[],"{""model_used"": ""tunis""}",isolation_forest_v2
tunisieannonce_e24c775a4e42,tunisieannonce,tunis,0.1091,False,10.14,[],"{""model_used"": ""tunis""}",isolation_forest_v2
tunisieannonce_e2edd43f3c8d,tunisieannonce,tunis,0.069,False,20.09,"[""no_images_high_price""]","{""model_used"": ""tunis""}",isolation_forest_v2
tunisieannonce_e8fdd15fd04e,tunisieannonce,tunis,0.1622,False,3.76,[],"{""model_used"": ""tunis""}",isolation_forest_v2
tunisieannonce_e43816d9935c,tunisieannonce,tunis,0.099,False,12.12,"[""no_images_high_price""]","{""model_used"": ""tunis""}",isolation_forest_v2
tunisieannonce_e435486a26a2,tunisieannonce,tunis,0.0536,False,25.48,"[""no_images_high_price""]","{""model_used"": ""tunis""}",isolation_forest_v2
tunisieannonce_e463bc0c3ede,tunisieannonce,tunis,0.1313,False,6.74,[],"{""model_used"": ""tunis""}",isolation_forest_v2
tunisieannonce_e4cd69214cb2,tunisieannonce,tunis,0.0788,False,17.14,"[""no_images_high_price""]","{""model_used"": ""tunis""}",isolation_forest_v2
tunisieannonce_e509a468ab82,tunisieannonce,tunis,0.1672,False,3.41,[],"{""model_used"": ""tunis""}",isolation_forest_v2
tunisieannonce_e520c053a7f9,tunisieannonce,tunis,0.1228,False,7.9,"[""no_images_high_price""]","{""model_used"": ""tunis""}",isolation_forest_v2
tunisieannonce_e5896d727484,tunisieannonce,tunis,0.0771,False,17.63,[],"{""model_used"": ""tunis""}",isolation_forest_v2
tunisieannonce_e52afc362e98,tunisieannonce,tunis,0.1869,False,2.32,[],"{""model_used"": ""tunis""}",isolation_forest_v2
tunisieannonce_e5be8124bba9,tunisieannonce,tunis,0.1326,False,6.59,"[""no_images_high_price""]","{""model_used"": ""tunis""}",isolation_forest_v2
tunisieannonce_e6c5fe83727e,tunisieannonce,tunis,0.1289,False,7.06,[],"{""model_used"": ""tunis""}",isolation_forest_v2
tunisieannonce_e6e40ad60c38,tunisieannonce,tunis,0.1052,False,10.87,"[""no_images_high_price""]","{""model_used"": ""tunis""}",isolation_forest_v2
tunisieannonce_e75cd1d34069,tunisieannonce,tunis,0.1751,False,2.93,[],"{""model_used"": ""tunis""}",isolation_forest_v2
tunisieannonce_e7a3e60bfc3d,tunisieannonce,tunis,0.0643,False,21.64,"[""no_images_high_price""]","{""model_used"": ""tunis""}",isolation_forest_v2
tunisieannonce_e7e59dbe18d9,tunisieannonce,tunis,0.0609,False,22.84,"[""no_images_high_price""]","{""model_used"": ""tunis""}",isolation_forest_v2
tunisieannonce_e7bc47deafb9,tunisieannonce,tunis,0.1497,False,4.77,[],"{""model_used"": ""tunis""}",isolation_forest_v2
tunisieannonce_e823ceb05f62,tunisieannonce,tunis,0.1402,False,5.71,"[""no_images_high_price""]","{""model_used"": ""tunis""}",isolation_forest_v2
tunisieannonce_e863a63ba0f5,tunisieannonce,tunis,0.0147,False,42.72,"[""no_images_high_price""]","{""model_used"": ""tunis""}",isolation_forest_v2
tunisieannonce_e86e9a70251f,tunisieannonce,tunis,0.1815,False,2.58,[],"{""model_used"": ""tunis""}",isolation_forest_v2
tunisieannonce_e8e6c9757d83,tunisieannonce,tunis,0.1239,False,7.74,"[""no_images_high_price""]","{""model_used"": ""tunis""}",isolation_forest_v2
tunisieannonce_e86814e2785e,tunisieannonce,tunis,0.0855,False,15.31,"[""no_images_high_price""]","{""model_used"": ""tunis""}",isolation_forest_v2
tunisieannonce_e96d6bf3cde0,tunisieannonce,tunis,0.0256,False,37.46,[],"{""model_used"": ""tunis""}",isolation_forest_v2
tunisieannonce_e9f173c6a21c,tunisieannonce,tunis,0.0472,False,27.99,[],"{""model_used"": ""tunis""}",isolation_forest_v2
tunisieannonce_eaf4c2dfe8f9,tunisieannonce,tunis,0.1068,False,10.56,[],"{""model_used"": ""tunis""}",isolation_forest_v2
tunisieannonce_eb4a1e362773,tunisieannonce,tunis,0.1038,False,11.14,[],"{""model_used"": ""tunis""}",isolation_forest_v2
tunisieannonce_eae1dff35db6,tunisieannonce,tunis,0.1426,False,5.46,[],"{""model_used"": ""tunis""}",isolation_forest_v2
tunisieannonce_ead846eb49ca,tunisieannonce,tunis,0.1305,False,6.85,[],"{""model_used"": ""tunis""}",isolation_forest_v2
tunisieannonce_ea6be3bd6a5a,tunisieannonce,tunis,0.1155,False,9.03,[],"{""model_used"": ""tunis""}",isolation_forest_v2
tunisieannonce_ebf1a2781425,tunisieannonce,tunis,0.1703,False,3.21,[],"{""model_used"": ""tunis""}",isolation_forest_v2
tunisieannonce_eb60ac9017c1,tunisieannonce,tunis,0.1444,False,5.28,[],"{""model_used"": ""tunis""}",isolation_forest_v2
tunisieannonce_eb4e4fe154c7,tunisieannonce,tunis,0.1761,False,2.87,[],"{""model_used"": ""tunis""}",isolation_forest_v2
tunisieannonce_ed6c74c651af,tunisieannonce,tunis,0.1652,False,3.54,[],"{""model_used"": ""tunis""}",isolation_forest_v2
tunisieannonce_edbbcda9cf7b,tunisieannonce,tunis,0.0853,False,15.37,[],"{""model_used"": ""tunis""}",isolation_forest_v2
tunisieannonce_edcd8730922a,tunisieannonce,tunis,0.1796,False,2.68,[],"{""model_used"": ""tunis""}",isolation_forest_v2
tunisieannonce_ee112ace7485,tunisieannonce,tunis,0.1463,False,5.09,[],"{""model_used"": ""tunis""}",isolation_forest_v2
tunisieannonce_ee7ce7755fa6,tunisieannonce,tunis,0.1353,False,6.26,[],"{""model_used"": ""tunis""}",isolation_forest_v2
tunisieannonce_ee2531eeb12c,tunisieannonce,tunis,0.1598,False,3.93,[],"{""model_used"": ""tunis""}",isolation_forest_v2
tunisieannonce_ee8aa9960716,tunisieannonce,tunis,0.1408,False,5.64,"[""no_images_high_price""]","{""model_used"": ""tunis""}",isolation_forest_v2
tunisieannonce_eec1f544795c,tunisieannonce,tunis,0.1062,False,10.68,[],"{""model_used"": ""tunis""}",isolation_forest_v2
tunisieannonce_ef3117b1baf9,tunisieannonce,tunis,0.1249,False,7.6,[],"{""model_used"": ""tunis""}",isolation_forest_v2
tunisieannonce_ef245867a363,tunisieannonce,tunis,0.0501,False,26.86,"[""no_images_high_price""]","{""model_used"": ""tunis""}",isolation_forest_v2
tunisieannonce_efb8484d8329,tunisieannonce,tunis,0.1332,False,6.51,"[""no_images_high_price""]","{""model_used"": ""tunis""}",isolation_forest_v2
tunisieannonce_f0060b2bd2d5,tunisieannonce,tunis,0.0151,False,42.5,[],"{""model_used"": ""tunis""}",isolation_forest_v2
tunisieannonce_ef7ae81cb8f7,tunisieannonce,tunis,0.1654,False,3.53,"[""suspected_test_price""]","{""model_used"": ""tunis""}",isolation_forest_v2
tunisieannonce_f06f7df4498c,tunisieannonce,tunis,0.1009,False,11.74,[],"{""model_used"": ""tunis""}",isolation_forest_v2
tunisieannonce_f05f2939bba9,tunisieannonce,tunis,0.1445,False,5.26,[],"{""model_used"": ""tunis""}",isolation_forest_v2
tunisieannonce_f027154ab45a,tunisieannonce,tunis,0.1407,False,5.65,[],"{""model_used"": ""tunis""}",isolation_forest_v2
tunisieannonce_f0dd6205dc59,tunisieannonce,tunis,0.1514,False,4.62,[],"{""model_used"": ""tunis""}",isolation_forest_v2
tunisieannonce_f102e7831f5e,tunisieannonce,tunis,0.1136,False,9.35,"[""no_images_high_price""]","{""model_used"": ""tunis""}",isolation_forest_v2
tunisieannonce_f093a48d7b31,tunisieannonce,tunis,0.1638,False,3.64,[],"{""model_used"": ""tunis""}",isolation_forest_v2
tunisieannonce_f10715cdc6b9,tunisieannonce,tunis,0.139,False,5.84,[],"{""model_used"": ""tunis""}",isolation_forest_v2
tunisieannonce_f2316dd1e4c9,tunisieannonce,tunis,0.0096,False,45.19,"[""no_images_high_price""]","{""model_used"": ""tunis""}",isolation_forest_v2
tunisieannonce_f236f6880fa8,tunisieannonce,tunis,0.1369,False,6.08,[],"{""model_used"": ""tunis""}",isolation_forest_v2
tunisieannonce_f1b453f7a6a8,tunisieannonce,tunis,0.0607,False,22.92,[],"{""model_used"": ""tunis""}",isolation_forest_v2
tunisieannonce_f23bf7a61676,tunisieannonce,tunis,0.1628,False,3.71,"[""no_images_high_price""]","{""model_used"": ""tunis""}",isolation_forest_v2
tunisieannonce_f2d516c5cb62,tunisieannonce,tunis,0.1361,False,6.17,[],"{""model_used"": ""tunis""}",isolation_forest_v2
tunisieannonce_f38d12183bda,tunisieannonce,tunis,0.1616,False,3.8,[],"{""model_used"": ""tunis""}",isolation_forest_v2
tunisieannonce_f32e4d912c4c,tunisieannonce,tunis,0.0502,False,26.81,[],"{""model_used"": ""tunis""}",isolation_forest_v2
tunisieannonce_f495bcd23ec4,tunisieannonce,tunis,0.0623,False,22.34,"[""no_images_high_price""]","{""model_used"": ""tunis""}",isolation_forest_v2
tunisieannonce_f3e80d950386,tunisieannonce,tunis,0.1589,False,4.0,[],"{""model_used"": ""tunis""}",isolation_forest_v2
tunisieannonce_f44d75b4d2a7,tunisieannonce,tunis,0.083,False,15.97,[],"{""model_used"": ""tunis""}",isolation_forest_v2
tunisieannonce_f4443b088c7a,tunisieannonce,tunis,0.1776,False,2.79,[],"{""model_used"": ""tunis""}",isolation_forest_v2
tunisieannonce_f4f1189de9e9,tunisieannonce,tunis,0.1175,False,8.71,[],"{""model_used"": ""tunis""}",isolation_forest_v2
tunisieannonce_f51e47af7462,tunisieannonce,tunis,0.0772,False,17.61,[],"{""model_used"": ""tunis""}",isolation_forest_v2
tunisieannonce_f520b793092c,tunisieannonce,tunis,0.1511,False,4.64,[],"{""model_used"": ""tunis""}",isolation_forest_v2
tunisieannonce_f55dd760ec92,tunisieannonce,tunis,0.1145,False,9.19,"[""price_too_high_for_region""]","{""model_used"": ""tunis""}",isolation_forest_v2
tunisieannonce_f559e089d0e4,tunisieannonce,tunis,0.1491,False,4.82,"[""no_images_high_price""]","{""model_used"": ""tunis""}",isolation_forest_v2
tunisieannonce_f56aa1594451,tunisieannonce,tunis,0.0772,False,17.6,"[""no_images_high_price""]","{""model_used"": ""tunis""}",isolation_forest_v2
tunisieannonce_f654f18dd65b,tunisieannonce,tunis,0.0639,False,21.81,[],"{""model_used"": ""tunis""}",isolation_forest_v2
tunisieannonce_f62dbb95e1c1,tunisieannonce,tunis,0.1726,False,3.07,[],"{""model_used"": ""tunis""}",isolation_forest_v2
tunisieannonce_f705ce4fd65d,tunisieannonce,tunis,0.0913,False,13.87,"[""no_images_high_price""]","{""model_used"": ""tunis""}",isolation_forest_v2
tunisieannonce_f6e47b617f4e,tunisieannonce,tunis,0.155,False,4.31,[],"{""model_used"": ""tunis""}",isolation_forest_v2
tunisieannonce_f85054e263e3,tunisieannonce,tunis,0.0594,False,23.38,[],"{""model_used"": ""tunis""}",isolation_forest_v2
tunisieannonce_f886a7622052,tunisieannonce,tunis,-0.0319,True,65.42,[],"{""model_used"": ""tunis""}",isolation_forest_v2
tunisieannonce_f8753e837204,tunisieannonce,tunis,0.1605,False,3.88,[],"{""model_used"": ""tunis""}",isolation_forest_v2
tunisieannonce_fa1a7d5eacaa,tunisieannonce,tunis,0.0227,False,38.83,[],"{""model_used"": ""tunis""}",isolation_forest_v2
tunisieannonce_fa311696db20,tunisieannonce,tunis,0.0767,False,17.75,"[""no_images_high_price""]","{""model_used"": ""tunis""}",isolation_forest_v2
tunisieannonce_fa5ebd3e1f9b,tunisieannonce,tunis,0.1441,False,5.3,"[""no_images_high_price""]","{""model_used"": ""tunis""}",isolation_forest_v2
tunisieannonce_fb98ee861dd3,tunisieannonce,tunis,0.1635,False,3.66,[],"{""model_used"": ""tunis""}",isolation_forest_v2
tunisieannonce_fb72ccbe0b92,tunisieannonce,tunis,0.1322,False,6.63,[],"{""model_used"": ""tunis""}",isolation_forest_v2
tunisieannonce_fc00e23bbc90,tunisieannonce,tunis,0.093,False,13.48,"[""no_images_high_price""]","{""model_used"": ""tunis""}",isolation_forest_v2
tunisieannonce_fb514d268c86,tunisieannonce,tunis,0.1202,False,8.28,[],"{""model_used"": ""tunis""}",isolation_forest_v2
tunisieannonce_fc42ac955de3,tunisieannonce,tunis,0.0636,False,21.88,"[""no_images_high_price""]","{""model_used"": ""tunis""}",isolation_forest_v2
tunisieannonce_fca723f4431d,tunisieannonce,tunis,0.1581,False,4.06,[],"{""model_used"": ""tunis""}",isolation_forest_v2
tunisieannonce_fc2bcfb04129,tunisieannonce,tunis,0.1143,False,9.23,[],"{""model_used"": ""tunis""}",isolation_forest_v2
tunisieannonce_fdc3dfac9ac7,tunisieannonce,tunis,0.1022,False,11.47,"[""no_images_high_price""]","{""model_used"": ""tunis""}",isolation_forest_v2
tunisieannonce_fcc381bc8951,tunisieannonce,tunis,0.0512,False,26.42,"[""extreme_price_per_m2"", ""price_too_high_for_region""]","{""model_used"": ""tunis""}",isolation_forest_v2
tunisieannonce_fce4319dfbdc,tunisieannonce,tunis,0.1122,False,9.58,[],"{""model_used"": ""tunis""}",isolation_forest_v2
tunisieannonce_fe88d51390d9,tunisieannonce,tunis,0.163,False,3.69,[],"{""model_used"": ""tunis""}",isolation_forest_v2
tunisieannonce_feb90d3e6137,tunisieannonce,tunis,0.1792,False,2.7,[],"{""model_used"": ""tunis""}",isolation_forest_v2
tunisieannonce_ff91b0a4a576,tunisieannonce,tunis,0.1444,False,5.27,"[""no_images_high_price""]","{""model_used"": ""tunis""}",isolation_forest_v2
tunisieannonce_ff97cdf117d8,tunisieannonce,tunis,0.1592,False,3.97,[],"{""model_used"": ""tunis""}",isolation_forest_v2
zitouna_immo_3316,zitouna_immo,tunis,0.1535,False,4.44,[],"{""model_used"": ""tunis""}",isolation_forest_v2
zitouna_immo_6458,zitouna_immo,tunis,0.1489,False,4.85,[],"{""model_used"": ""tunis""}",isolation_forest_v2
zitouna_immo_5518,zitouna_immo,tunis,0.1388,False,5.86,[],"{""model_used"": ""tunis""}",isolation_forest_v2
zitouna_immo_6548,zitouna_immo,tunis,0.1034,False,11.22,[],"{""model_used"": ""tunis""}",isolation_forest_v2
zitouna_immo_6538,zitouna_immo,tunis,0.0093,False,45.37,"[""no_images_high_price""]","{""model_used"": ""tunis""}",isolation_forest_v2
tunisieannonce_d027ed840a4a,tunisieannonce,tunis,0.1292,False,7.02,[],"{""model_used"": ""tunis""}",isolation_forest_v2
tunisieannonce_d08332be323b,tunisieannonce,tunis,0.1469,False,5.03,"[""no_images_high_price""]","{""model_used"": ""tunis""}",isolation_forest_v2
tunisieannonce_d56ff8fc3ecc,tunisieannonce,tunis,0.0899,False,14.2,"[""no_images_high_price""]","{""model_used"": ""tunis""}",isolation_forest_v2
tunisieannonce_d0b6abc66c02,tunisieannonce,tunis,0.1727,False,3.07,[],"{""model_used"": ""tunis""}",isolation_forest_v2
tunisieannonce_d05031f6d9dd,tunisieannonce,tunis,0.185,False,2.41,[],"{""model_used"": ""tunis""}",isolation_forest_v2
tunisieannonce_d0bb58c8ae4b,tunisieannonce,tunis,0.1869,False,2.33,[],"{""model_used"": ""tunis""}",isolation_forest_v2
tunisieannonce_d00b0538fade,tunisieannonce,tunis,0.162,False,3.77,[],"{""model_used"": ""tunis""}",isolation_forest_v2
tunisieannonce_d1ae283d6ea3,tunisieannonce,tunis,0.1828,False,2.52,[],"{""model_used"": ""tunis""}",isolation_forest_v2
tunisieannonce_d1808b51bf08,tunisieannonce,tunis,0.1378,False,5.98,[],"{""model_used"": ""tunis""}",isolation_forest_v2
tunisieannonce_d169429fab3e,tunisieannonce,tunis,0.123,False,7.87,"[""no_images_high_price""]","{""model_used"": ""tunis""}",isolation_forest_v2
tunisieannonce_d0fd8086fdeb,tunisieannonce,tunis,0.1554,False,4.27,[],"{""model_used"": ""tunis""}",isolation_forest_v2
tunisieannonce_d17d710bdd39,tunisieannonce,tunis,0.0619,False,22.47,"[""no_images_high_price""]","{""model_used"": ""tunis""}",isolation_forest_v2
tunisieannonce_d26120a0b294,tunisieannonce,tunis,0.1804,False,2.64,[],"{""model_used"": ""tunis""}",isolation_forest_v2
tunisieannonce_d22f8d99482a,tunisieannonce,tunis,0.1865,False,2.34,[],"{""model_used"": ""tunis""}",isolation_forest_v2
tunisieannonce_d2ae34950763,tunisieannonce,tunis,0.1689,False,3.3,[],"{""model_used"": ""tunis""}",isolation_forest_v2
tunisieannonce_d23b38f36e34,tunisieannonce,tunis,0.0109,False,44.56,"[""no_images_high_price""]","{""model_used"": ""tunis""}",isolation_forest_v2
tunisieannonce_d2c0829fd5ee,tunisieannonce,tunis,0.0792,False,17.02,"[""no_images_high_price""]","{""model_used"": ""tunis""}",isolation_forest_v2
tunisieannonce_e307d451eeb5,tunisieannonce,tunis,0.0452,False,28.81,"[""no_images_high_price""]","{""model_used"": ""tunis""}",isolation_forest_v2
tunisieannonce_d2424087c9f7,tunisieannonce,tunis,0.1165,False,8.87,"[""price_too_high_for_region""]","{""model_used"": ""tunis""}",isolation_forest_v2
tunisieannonce_d3b769365efa,tunisieannonce,tunis,0.1722,False,3.09,[],"{""model_used"": ""tunis""}",isolation_forest_v2
tunisieannonce_d3c19b04635d,tunisieannonce,tunis,0.0739,False,18.56,"[""no_images_high_price""]","{""model_used"": ""tunis""}",isolation_forest_v2
tunisieannonce_d31d8ce95a85,tunisieannonce,tunis,0.1633,False,3.67,[],"{""model_used"": ""tunis""}",isolation_forest_v2
tunisieannonce_d38daa049260,tunisieannonce,tunis,0.1154,False,9.05,[],"{""model_used"": ""tunis""}",isolation_forest_v2
tunisieannonce_d309dc69cec0,tunisieannonce,tunis,0.1742,False,2.98,[],"{""model_used"": ""tunis""}",isolation_forest_v2
tunisieannonce_d3b54964c1cb,tunisieannonce,tunis,0.0732,False,18.79,[],"{""model_used"": ""tunis""}",isolation_forest_v2
tunisieannonce_d31fb8f5bb01,tunisieannonce,tunis,0.1682,False,3.34,[],"{""model_used"": ""tunis""}",isolation_forest_v2
tunisieannonce_d307a3e2c840,tunisieannonce,tunis,0.1599,False,3.93,[],"{""model_used"": ""tunis""}",isolation_forest_v2
tunisieannonce_d40d7d7f1e00,tunisieannonce,tunis,0.1407,False,5.66,[],"{""model_used"": ""tunis""}",isolation_forest_v2
tunisieannonce_d46da00ddae0,tunisieannonce,tunis,-0.0347,True,66.69,"[""extreme_price_per_m2"", ""price_too_high_for_region""]","{""model_used"": ""tunis""}",isolation_forest_v2
tunisieannonce_d4666176a974,tunisieannonce,tunis,0.1797,False,2.67,[],"{""model_used"": ""tunis""}",isolation_forest_v2
tunisieannonce_d3d1a35487fe,tunisieannonce,tunis,0.1591,False,3.98,[],"{""model_used"": ""tunis""}",isolation_forest_v2
tunisieannonce_d3ceaad8328e,tunisieannonce,tunis,0.1541,False,4.39,"[""no_images_high_price""]","{""model_used"": ""tunis""}",isolation_forest_v2
tunisieannonce_d3e62cd12fc2,tunisieannonce,tunis,0.1767,False,2.84,[],"{""model_used"": ""tunis""}",isolation_forest_v2
tunisieannonce_d4130b77c452,tunisieannonce,tunis,0.1748,False,2.94,[],"{""model_used"": ""tunis""}",isolation_forest_v2
tunisieannonce_d5904fde4f46,tunisieannonce,tunis,0.1439,False,5.32,"[""no_images_high_price""]","{""model_used"": ""tunis""}",isolation_forest_v2
tunisieannonce_d5e99cbfe737,tunisieannonce,tunis,0.0768,False,17.7,[],"{""model_used"": ""tunis""}",isolation_forest_v2
tunisieannonce_d57ef64a9b76,tunisieannonce,tunis,0.1714,False,3.14,[],"{""model_used"": ""tunis""}",isolation_forest_v2
tunisieannonce_d5f5f14b3389,tunisieannonce,tunis,0.1806,False,2.63,[],"{""model_used"": ""tunis""}",isolation_forest_v2
tunisieannonce_d5d784a4024e,tunisieannonce,tunis,0.0743,False,18.45,[],"{""model_used"": ""tunis""}",isolation_forest_v2
tunisieannonce_d643c7701da2,tunisieannonce,tunis,0.1789,False,2.72,[],"{""model_used"": ""tunis""}",isolation_forest_v2
tunisieannonce_d5f8cc2ce1b8,tunisieannonce,tunis,0.1311,False,6.77,[],"{""model_used"": ""tunis""}",isolation_forest_v2
tunisieannonce_d67684422ae9,tunisieannonce,tunis,0.1285,False,7.11,"[""no_images_high_price""]","{""model_used"": ""tunis""}",isolation_forest_v2
tunisieannonce_d66152602b4c,tunisieannonce,tunis,0.1753,False,2.92,[],"{""model_used"": ""tunis""}",isolation_forest_v2
tunisieannonce_d641804f6def,tunisieannonce,tunis,0.1629,False,3.7,[],"{""model_used"": ""tunis""}",isolation_forest_v2
tunisieannonce_d61fd05d7195,tunisieannonce,tunis,0.172,False,3.1,[],"{""model_used"": ""tunis""}",isolation_forest_v2
tunisieannonce_d67ac8436b5a,tunisieannonce,tunis,0.1435,False,5.36,"[""no_images_high_price""]","{""model_used"": ""tunis""}",isolation_forest_v2
tunisieannonce_d7786fa23358,tunisieannonce,tunis,0.1733,False,3.03,[],"{""model_used"": ""tunis""}",isolation_forest_v2
tunisieannonce_d7068e9d57ed,tunisieannonce,tunis,0.1768,False,2.83,[],"{""model_used"": ""tunis""}",isolation_forest_v2
tunisieannonce_d773249bfd01,tunisieannonce,tunis,0.021,False,39.66,[],"{""model_used"": ""tunis""}",isolation_forest_v2
tunisieannonce_d6f96933e8e4,tunisieannonce,tunis,0.1574,False,4.11,[],"{""model_used"": ""tunis""}",isolation_forest_v2
tunisieannonce_d7cbb482f5ea,tunisieannonce,tunis,0.0901,False,14.17,[],"{""model_used"": ""tunis""}",isolation_forest_v2
tunisieannonce_d775feac8da7,tunisieannonce,tunis,0.0937,False,13.31,[],"{""model_used"": ""tunis""}",isolation_forest_v2
tunisieannonce_d742b35978bc,tunisieannonce,tunis,0.1652,False,3.54,[],"{""model_used"": ""tunis""}",isolation_forest_v2
tunisieannonce_d7333a5f57cb,tunisieannonce,tunis,0.1684,False,3.33,"[""no_images_high_price""]","{""model_used"": ""tunis""}",isolation_forest_v2
tunisieannonce_d7c07dc3a6cd,tunisieannonce,tunis,0.1743,False,2.97,[],"{""model_used"": ""tunis""}",isolation_forest_v2
tunisieannonce_d7dcf13a2f6a,tunisieannonce,tunis,0.1318,False,6.69,[],"{""model_used"": ""tunis""}",isolation_forest_v2
tunisieannonce_d791f5dbc32e,tunisieannonce,tunis,0.1133,False,9.4,[],"{""model_used"": ""tunis""}",isolation_forest_v2
tunisieannonce_d7cbb4968424,tunisieannonce,tunis,0.1564,False,4.2,[],"{""model_used"": ""tunis""}",isolation_forest_v2
tunisieannonce_d81cd9dfdf75,tunisieannonce,tunis,0.1454,False,5.17,"[""no_images_high_price""]","{""model_used"": ""tunis""}",isolation_forest_v2
tunisieannonce_d8d3f2b412ab,tunisieannonce,tunis,0.0723,False,19.07,"[""no_images_high_price""]","{""model_used"": ""tunis""}",isolation_forest_v2
tunisieannonce_d8443be2bbe3,tunisieannonce,tunis,0.115,False,9.11,[],"{""model_used"": ""tunis""}",isolation_forest_v2
tunisieannonce_d87639cb1be8,tunisieannonce,tunis,0.1549,False,4.32,[],"{""model_used"": ""tunis""}",isolation_forest_v2
tunisieannonce_d8cbc646dc3c,tunisieannonce,tunis,-0.0731,True,81.2,"[""rooms_surface_inconsistent"", ""extreme_price_per_m2""]","{""model_used"": ""tunis""}",isolation_forest_v2
tunisieannonce_d83938bf9429,tunisieannonce,tunis,0.1737,False,3.01,[],"{""model_used"": ""tunis""}",isolation_forest_v2
tunisieannonce_d93fe0030d86,tunisieannonce,tunis,0.1355,False,6.23,[],"{""model_used"": ""tunis""}",isolation_forest_v2
tunisieannonce_d8f60d8a881c,tunisieannonce,tunis,0.0886,False,14.52,[],"{""model_used"": ""tunis""}",isolation_forest_v2
tunisieannonce_d9190797412f,tunisieannonce,tunis,0.1674,False,3.4,[],"{""model_used"": ""tunis""}",isolation_forest_v2
tunisieannonce_d92329ab20f0,tunisieannonce,tunis,0.1592,False,3.97,"[""no_images_high_price""]","{""model_used"": ""tunis""}",isolation_forest_v2
tunisieannonce_d9161954dd61,tunisieannonce,tunis,0.1581,False,4.06,[],"{""model_used"": ""tunis""}",isolation_forest_v2
tunisieannonce_d8ea40350ec5,tunisieannonce,tunis,0.1489,False,4.85,"[""no_images_high_price""]","{""model_used"": ""tunis""}",isolation_forest_v2
tunisieannonce_d98b113d42b4,tunisieannonce,tunis,0.1785,False,2.74,[],"{""model_used"": ""tunis""}",isolation_forest_v2
tunisieannonce_da4a06fe9b76,tunisieannonce,tunis,0.1153,False,9.06,[],"{""model_used"": ""tunis""}",isolation_forest_v2
tunisieannonce_d9b68400c595,tunisieannonce,tunis,0.1788,False,2.72,[],"{""model_used"": ""tunis""}",isolation_forest_v2
tunisieannonce_da2cb99e600d,tunisieannonce,tunis,0.0462,False,28.43,"[""price_too_high_for_region""]","{""model_used"": ""tunis""}",isolation_forest_v2
tunisieannonce_d9e5f908e148,tunisieannonce,tunis,0.1553,False,4.29,[],"{""model_used"": ""tunis""}",isolation_forest_v2
tunisieannonce_da2b07839c8c,tunisieannonce,tunis,0.1617,False,3.79,[],"{""model_used"": ""tunis""}",isolation_forest_v2
tunisieannonce_da5288e146f7,tunisieannonce,tunis,0.1803,False,2.65,[],"{""model_used"": ""tunis""}",isolation_forest_v2
tunisieannonce_da03e7286e64,tunisieannonce,tunis,0.1714,False,3.14,[],"{""model_used"": ""tunis""}",isolation_forest_v2
tunisieannonce_dbc4d9a65414,tunisieannonce,tunis,0.1623,False,3.75,[],"{""model_used"": ""tunis""}",isolation_forest_v2
tunisieannonce_db359af98363,tunisieannonce,tunis,0.0658,False,21.14,"[""no_images_high_price""]","{""model_used"": ""tunis""}",isolation_forest_v2
tunisieannonce_dbbe6933dcb4,tunisieannonce,tunis,0.1541,False,4.39,[],"{""model_used"": ""tunis""}",isolation_forest_v2
tunisieannonce_dabc1eb2d660,tunisieannonce,tunis,0.0551,False,24.93,"[""no_images_high_price""]","{""model_used"": ""tunis""}",isolation_forest_v2
tunisieannonce_dbe7f384c87a,tunisieannonce,tunis,0.1827,False,2.52,[],"{""model_used"": ""tunis""}",isolation_forest_v2
tunisieannonce_db2bae061fae,tunisieannonce,tunis,0.1769,False,2.83,[],"{""model_used"": ""tunis""}",isolation_forest_v2
tunisieannonce_dc1e390cc57e,tunisieannonce,tunis,0.1203,False,8.27,"[""no_images_high_price""]","{""model_used"": ""tunis""}",isolation_forest_v2
tunisieannonce_dc0f123ebfed,tunisieannonce,tunis,0.165,False,3.56,[],"{""model_used"": ""tunis""}",isolation_forest_v2
tunisieannonce_dc789e1e9e7d,tunisieannonce,tunis,0.1584,False,4.04,[],"{""model_used"": ""tunis""}",isolation_forest_v2
tunisieannonce_dc4fd21dd5f6,tunisieannonce,tunis,0.1522,False,4.55,[],"{""model_used"": ""tunis""}",isolation_forest_v2
tunisieannonce_dc9ea37d008e,tunisieannonce,tunis,0.0368,False,32.38,"[""no_images_high_price"", ""price_too_high_for_region""]","{""model_used"": ""tunis""}",isolation_forest_v2
tunisieannonce_dc73964beb79,tunisieannonce,tunis,0.1328,False,6.57,[],"{""model_used"": ""tunis""}",isolation_forest_v2
tunisieannonce_dc5009485d76,tunisieannonce,tunis,0.1204,False,8.26,[],"{""model_used"": ""tunis""}",isolation_forest_v2
tunisieannonce_dcf9cd7dea90,tunisieannonce,tunis,0.1672,False,3.41,[],"{""model_used"": ""tunis""}",isolation_forest_v2
tunisieannonce_dcb8638c32c6,tunisieannonce,tunis,0.1791,False,2.71,[],"{""model_used"": ""tunis""}",isolation_forest_v2
tunisieannonce_de7b89f31f6f,tunisieannonce,tunis,0.1283,False,7.14,[],"{""model_used"": ""tunis""}",isolation_forest_v2
tunisieannonce_dcc4a7a67cba,tunisieannonce,tunis,0.1416,False,5.56,"[""price_too_high_for_region""]","{""model_used"": ""tunis""}",isolation_forest_v2
tunisieannonce_dd4c0ef97e62,tunisieannonce,tunis,0.1872,False,2.31,[],"{""model_used"": ""tunis""}",isolation_forest_v2
tunisieannonce_dd073c31419d,tunisieannonce,tunis,0.1331,False,6.52,"[""no_images_high_price""]","{""model_used"": ""tunis""}",isolation_forest_v2
tunisieannonce_dd485185e789,tunisieannonce,tunis,0.0591,False,23.48,"[""no_images_high_price""]","{""model_used"": ""tunis""}",isolation_forest_v2
tunisieannonce_dd65c2b82a0b,tunisieannonce,tunis,0.0904,False,14.09,[],"{""model_used"": ""tunis""}",isolation_forest_v2
tunisieannonce_dd0145ba7850,tunisieannonce,tunis,0.1183,False,8.58,[],"{""model_used"": ""tunis""}",isolation_forest_v2
tunisieannonce_e3e6f8ce6a68,tunisieannonce,tunis,0.1691,False,3.28,[],"{""model_used"": ""tunis""}",isolation_forest_v2
tunisieannonce_ddd95273f93e,tunisieannonce,tunis,0.1479,False,4.94,[],"{""model_used"": ""tunis""}",isolation_forest_v2
tunisieannonce_de00dc07a4fe,tunisieannonce,tunis,0.1273,False,7.27,[],"{""model_used"": ""tunis""}",isolation_forest_v2
tunisieannonce_de0b20b93a19,tunisieannonce,tunis,0.026,False,37.27,"[""no_images_high_price""]","{""model_used"": ""tunis""}",isolation_forest_v2
tunisieannonce_dde374b82344,tunisieannonce,tunis,0.1601,False,3.91,[],"{""model_used"": ""tunis""}",isolation_forest_v2
tunisieannonce_dd85b97b9214,tunisieannonce,tunis,0.1501,False,4.74,"[""no_images_high_price""]","{""model_used"": ""tunis""}",isolation_forest_v2
tunisieannonce_dde91a616e46,tunisieannonce,tunis,0.0441,False,29.27,"[""no_images_high_price""]","{""model_used"": ""tunis""}",isolation_forest_v2
tunisieannonce_de0b414db052,tunisieannonce,tunis,0.0658,False,21.15,"[""no_images_high_price""]","{""model_used"": ""tunis""}",isolation_forest_v2
tunisieannonce_de747a3f5382,tunisieannonce,tunis,0.1635,False,3.66,[],"{""model_used"": ""tunis""}",isolation_forest_v2
tunisieannonce_de928394dda1,tunisieannonce,tunis,0.1216,False,8.08,[],"{""model_used"": ""tunis""}",isolation_forest_v2
tunisieannonce_de0fd9f6879f,tunisieannonce,tunis,0.1793,False,2.7,[],"{""model_used"": ""tunis""}",isolation_forest_v2
tunisieannonce_e46c9ed31853,tunisieannonce,tunis,0.1753,False,2.91,[],"{""model_used"": ""tunis""}",isolation_forest_v2
tunisieannonce_de25cf25f347,tunisieannonce,tunis,0.1707,False,3.19,[],"{""model_used"": ""tunis""}",isolation_forest_v2
tunisieannonce_de48fa944175,tunisieannonce,tunis,0.1007,False,11.78,"[""no_images_high_price""]","{""model_used"": ""tunis""}",isolation_forest_v2
tunisieannonce_de61e4d077e3,tunisieannonce,tunis,0.0254,False,37.57,[],"{""model_used"": ""tunis""}",isolation_forest_v2
tunisieannonce_debdac03fcb0,tunisieannonce,tunis,0.1854,False,2.39,[],"{""model_used"": ""tunis""}",isolation_forest_v2
tunisieannonce_de29fa30e289,tunisieannonce,tunis,0.1764,False,2.85,[],"{""model_used"": ""tunis""}",isolation_forest_v2
tunisieannonce_e5827ccfddd3,tunisieannonce,tunis,0.1776,False,2.79,[],"{""model_used"": ""tunis""}",isolation_forest_v2
tunisieannonce_dfad4edd7316,tunisieannonce,tunis,0.1541,False,4.38,"[""no_images_high_price""]","{""model_used"": ""tunis""}",isolation_forest_v2
tunisieannonce_df13b744c84f,tunisieannonce,tunis,0.1673,False,3.4,[],"{""model_used"": ""tunis""}",isolation_forest_v2
tunisieannonce_df29b5c0b146,tunisieannonce,tunis,0.1753,False,2.92,[],"{""model_used"": ""tunis""}",isolation_forest_v2
tunisieannonce_dfb1cbcca9d9,tunisieannonce,tunis,0.111,False,9.8,[],"{""model_used"": ""tunis""}",isolation_forest_v2
tunisieannonce_ded729bc311d,tunisieannonce,tunis,0.1753,False,2.92,[],"{""model_used"": ""tunis""}",isolation_forest_v2
tunisieannonce_defd3b4e739b,tunisieannonce,tunis,0.1131,False,9.43,[],"{""model_used"": ""tunis""}",isolation_forest_v2
tunisieannonce_deec0506b07b,tunisieannonce,tunis,0.1546,False,4.35,[],"{""model_used"": ""tunis""}",isolation_forest_v2
tunisieannonce_dffdbd36eee9,tunisieannonce,tunis,0.1724,False,3.08,[],"{""model_used"": ""tunis""}",isolation_forest_v2
tunisieannonce_e105ffc41498,tunisieannonce,tunis,0.1134,False,9.39,[],"{""model_used"": ""tunis""}",isolation_forest_v2
tunisieannonce_e052768ca911,tunisieannonce,tunis,0.0165,False,41.81,"[""extreme_price_per_m2""]","{""model_used"": ""tunis""}",isolation_forest_v2
tunisieannonce_dfd83c3518ff,tunisieannonce,tunis,0.1445,False,5.27,[],"{""model_used"": ""tunis""}",isolation_forest_v2
tunisieannonce_e05518a34705,tunisieannonce,tunis,0.0736,False,18.66,"[""no_images_high_price""]","{""model_used"": ""tunis""}",isolation_forest_v2
tunisieannonce_e02be31bd499,tunisieannonce,tunis,0.025,False,37.73,[],"{""model_used"": ""tunis""}",isolation_forest_v2
tunisieannonce_e0eeeb56bbfd,tunisieannonce,tunis,0.1573,False,4.13,[],"{""model_used"": ""tunis""}",isolation_forest_v2
tunisieannonce_dfb5d74718a3,tunisieannonce,tunis,0.0915,False,13.83,[],"{""model_used"": ""tunis""}",isolation_forest_v2
tunisieannonce_e20b876cc3e7,tunisieannonce,tunis,0.1691,False,3.29,[],"{""model_used"": ""tunis""}",isolation_forest_v2
tunisieannonce_e1ca89dec6b8,tunisieannonce,tunis,0.1342,False,6.39,"[""no_images_high_price""]","{""model_used"": ""tunis""}",isolation_forest_v2
tunisieannonce_e1f187c9bab9,tunisieannonce,tunis,0.1742,False,2.97,[],"{""model_used"": ""tunis""}",isolation_forest_v2
tunisieannonce_e11b8f9cc8d0,tunisieannonce,tunis,0.1253,False,7.54,[],"{""model_used"": ""tunis""}",isolation_forest_v2
tunisieannonce_e18f9e150e22,tunisieannonce,tunis,0.0888,False,14.48,[],"{""model_used"": ""tunis""}",isolation_forest_v2
tunisieannonce_e4d8ddd03710,tunisieannonce,tunis,0.1489,False,4.84,"[""no_images_high_price""]","{""model_used"": ""tunis""}",isolation_forest_v2
tunisieannonce_e2e186d39c86,tunisieannonce,tunis,0.1624,False,3.74,[],"{""model_used"": ""tunis""}",isolation_forest_v2
tunisieannonce_e2b0dcdf9dd0,tunisieannonce,tunis,0.0694,False,19.98,"[""no_images_high_price""]","{""model_used"": ""tunis""}",isolation_forest_v2
tunisieannonce_e2748c688636,tunisieannonce,tunis,0.1425,False,5.47,[],"{""model_used"": ""tunis""}",isolation_forest_v2
tunisieannonce_e2d4bb6364c1,tunisieannonce,tunis,0.1554,False,4.28,"[""no_images_high_price""]","{""model_used"": ""tunis""}",isolation_forest_v2
tunisieannonce_e592d2a68928,tunisieannonce,tunis,0.1606,False,3.87,[],"{""model_used"": ""tunis""}",isolation_forest_v2
tunisieannonce_e2969e723cdc,tunisieannonce,tunis,0.1597,False,3.94,[],"{""model_used"": ""tunis""}",isolation_forest_v2
tunisieannonce_e2548228f2b5,tunisieannonce,tunis,0.1027,False,11.36,[],"{""model_used"": ""tunis""}",isolation_forest_v2
tunisieannonce_e29f963afe37,tunisieannonce,tunis,0.0552,False,24.91,[],"{""model_used"": ""tunis""}",isolation_forest_v2
tunisieannonce_e32d2b29a308,tunisieannonce,tunis,0.0955,False,12.9,[],"{""model_used"": ""tunis""}",isolation_forest_v2
tunisieannonce_e37f46c82ad4,tunisieannonce,tunis,0.1293,False,7.01,[],"{""model_used"": ""tunis""}",isolation_forest_v2
tunisieannonce_e30f4d75a162,tunisieannonce,tunis,0.149,False,4.83,"[""no_images_high_price""]","{""model_used"": ""tunis""}",isolation_forest_v2
tunisieannonce_e307d7b03cdc,tunisieannonce,tunis,0.1593,False,3.97,[],"{""model_used"": ""tunis""}",isolation_forest_v2
tunisieannonce_e3d278e74558,tunisieannonce,tunis,0.1207,False,8.22,[],"{""model_used"": ""tunis""}",isolation_forest_v2
tunisieannonce_e30603668937,tunisieannonce,tunis,0.0878,False,14.73,[],"{""model_used"": ""tunis""}",isolation_forest_v2
tunisieannonce_e3154f7cb07e,tunisieannonce,tunis,0.1214,False,8.1,"[""no_images_high_price""]","{""model_used"": ""tunis""}",isolation_forest_v2
tunisieannonce_e3b4e621074e,tunisieannonce,tunis,0.1725,False,3.08,"[""no_images_high_price""]","{""model_used"": ""tunis""}",isolation_forest_v2
tunisieannonce_e422ecd46b86,tunisieannonce,tunis,0.1516,False,4.6,[],"{""model_used"": ""tunis""}",isolation_forest_v2
tunisieannonce_e40a5ba8a325,tunisieannonce,tunis,0.1424,False,5.48,[],"{""model_used"": ""tunis""}",isolation_forest_v2
tunisieannonce_e40c70e05642,tunisieannonce,tunis,0.1369,False,6.08,"[""no_images_high_price""]","{""model_used"": ""tunis""}",isolation_forest_v2
tunisieannonce_e449b764b070,tunisieannonce,tunis,0.1873,False,2.31,[],"{""model_used"": ""tunis""}",isolation_forest_v2
tunisieannonce_e45ae7a2b7a3,tunisieannonce,tunis,0.1684,False,3.33,[],"{""model_used"": ""tunis""}",isolation_forest_v2
tunisieannonce_e400817e88bf,tunisieannonce,tunis,0.1188,False,8.51,[],"{""model_used"": ""tunis""}",isolation_forest_v2
tunisieannonce_712254797322,tunisieannonce,tunis,0.1774,False,2.8,[],"{""model_used"": ""tunis""}",isolation_forest_v2
tunisieannonce_e43b069a084a,tunisieannonce,tunis,0.1513,False,4.63,"[""no_images_high_price""]","{""model_used"": ""tunis""}",isolation_forest_v2
tunisieannonce_e49805507a61,tunisieannonce,tunis,0.134,False,6.42,[],"{""model_used"": ""tunis""}",isolation_forest_v2
tunisieannonce_e485529ed3bb,tunisieannonce,tunis,0.1814,False,2.59,[],"{""model_used"": ""tunis""}",isolation_forest_v2
tunisieannonce_e4d7665c42bd,tunisieannonce,tunis,0.1725,False,3.07,[],"{""model_used"": ""tunis""}",isolation_forest_v2
tunisieannonce_e520f9dd8766,tunisieannonce,tunis,0.1533,False,4.45,[],"{""model_used"": ""tunis""}",isolation_forest_v2
tunisieannonce_e5600eb695dd,tunisieannonce,tunis,0.1589,False,4.0,"[""no_images_high_price""]","{""model_used"": ""tunis""}",isolation_forest_v2
tunisieannonce_e59391f11f17,tunisieannonce,tunis,0.1429,False,5.42,[],"{""model_used"": ""tunis""}",isolation_forest_v2
tunisieannonce_e53fafc6c333,tunisieannonce,tunis,0.1586,False,4.02,[],"{""model_used"": ""tunis""}",isolation_forest_v2
tunisieannonce_e553314d3395,tunisieannonce,tunis,0.1164,False,8.88,"[""no_images_high_price""]","{""model_used"": ""tunis""}",isolation_forest_v2
tunisieannonce_e59203957fd6,tunisieannonce,tunis,-0.0271,True,63.23,"[""rooms_surface_inconsistent""]","{""model_used"": ""tunis""}",isolation_forest_v2
tunisieannonce_e5272ca1fbc2,tunisieannonce,tunis,0.1777,False,2.78,[],"{""model_used"": ""tunis""}",isolation_forest_v2
tunisieannonce_e6b76bb87f50,tunisieannonce,tunis,0.0881,False,14.64,[],"{""model_used"": ""tunis""}",isolation_forest_v2
tunisieannonce_e608e29ec9ea,tunisieannonce,tunis,0.0575,False,24.05,[],"{""model_used"": ""tunis""}",isolation_forest_v2
tunisieannonce_e6f8e001c994,tunisieannonce,tunis,0.1606,False,3.87,[],"{""model_used"": ""tunis""}",isolation_forest_v2
tunisieannonce_e65e4edcfc9f,tunisieannonce,tunis,0.0249,False,37.79,"[""no_images_high_price""]","{""model_used"": ""tunis""}",isolation_forest_v2
tunisieannonce_e66e81621225,tunisieannonce,tunis,0.1784,False,2.74,[],"{""model_used"": ""tunis""}",isolation_forest_v2
tunisieannonce_e62945d40c8e,tunisieannonce,tunis,0.0924,False,13.61,[],"{""model_used"": ""tunis""}",isolation_forest_v2
tunisieannonce_e6dcd3315615,tunisieannonce,tunis,0.1712,False,3.15,[],"{""model_used"": ""tunis""}",isolation_forest_v2
tunisieannonce_e78196ee21b7,tunisieannonce,tunis,0.063,False,22.11,[],"{""model_used"": ""tunis""}",isolation_forest_v2
tunisieannonce_e716f877cb88,tunisieannonce,tunis,0.1399,False,5.75,[],"{""model_used"": ""tunis""}",isolation_forest_v2
tunisieannonce_ea58ff2ab777,tunisieannonce,tunis,0.07,False,19.77,[],"{""model_used"": ""tunis""}",isolation_forest_v2
tunisieannonce_e79300cf035c,tunisieannonce,tunis,0.1105,False,9.88,[],"{""model_used"": ""tunis""}",isolation_forest_v2
tunisieannonce_e7b5ca9c6858,tunisieannonce,tunis,0.1231,False,7.85,"[""no_images_high_price""]","{""model_used"": ""tunis""}",isolation_forest_v2
tunisieannonce_e73d83b82d24,tunisieannonce,tunis,0.068,False,20.42,[],"{""model_used"": ""tunis""}",isolation_forest_v2
tunisieannonce_e7aa2189ef88,tunisieannonce,tunis,0.1775,False,2.79,[],"{""model_used"": ""tunis""}",isolation_forest_v2
tunisieannonce_e70b86171d25,tunisieannonce,tunis,0.1746,False,2.95,[],"{""model_used"": ""tunis""}",isolation_forest_v2
tunisieannonce_e71d57abe04d,tunisieannonce,tunis,0.1106,False,9.88,"[""no_images_high_price""]","{""model_used"": ""tunis""}",isolation_forest_v2
tunisieannonce_e810298f3d7c,tunisieannonce,tunis,0.1718,False,3.12,[],"{""model_used"": ""tunis""}",isolation_forest_v2
tunisieannonce_e849ba4d9e35,tunisieannonce,tunis,0.0685,False,20.27,[],"{""model_used"": ""tunis""}",isolation_forest_v2
tunisieannonce_e819ebaf9bf3,tunisieannonce,tunis,0.0801,False,16.78,[],"{""model_used"": ""tunis""}",isolation_forest_v2
tunisieannonce_e84c61bee54d,tunisieannonce,tunis,0.1524,False,4.53,"[""no_images_high_price""]","{""model_used"": ""tunis""}",isolation_forest_v2
tunisieannonce_e8096311e0e5,tunisieannonce,tunis,0.1882,False,2.27,[],"{""model_used"": ""tunis""}",isolation_forest_v2
tunisieannonce_e818b9747621,tunisieannonce,tunis,0.1731,False,3.04,[],"{""model_used"": ""tunis""}",isolation_forest_v2
tunisieannonce_e83856777643,tunisieannonce,tunis,0.1673,False,3.4,[],"{""model_used"": ""tunis""}",isolation_forest_v2
tunisieannonce_e8924c3c4efa,tunisieannonce,tunis,0.1652,False,3.55,[],"{""model_used"": ""tunis""}",isolation_forest_v2
tunisieannonce_e8789bc0530d,tunisieannonce,tunis,0.1508,False,4.67,[],"{""model_used"": ""tunis""}",isolation_forest_v2
tunisieannonce_e886728330ae,tunisieannonce,tunis,0.1484,False,4.89,[],"{""model_used"": ""tunis""}",isolation_forest_v2
tunisieannonce_e8be24594462,tunisieannonce,tunis,0.1626,False,3.73,[],"{""model_used"": ""tunis""}",isolation_forest_v2
tunisieannonce_e8ea844c656c,tunisieannonce,tunis,0.1409,False,5.64,"[""no_images_high_price""]","{""model_used"": ""tunis""}",isolation_forest_v2
tunisieannonce_e89946323c5f,tunisieannonce,tunis,0.1559,False,4.23,[],"{""model_used"": ""tunis""}",isolation_forest_v2
tunisieannonce_ea3e129377bf,tunisieannonce,tunis,0.1609,False,3.85,"[""no_images_high_price""]","{""model_used"": ""tunis""}",isolation_forest_v2
tunisieannonce_e9361eb18ef5,tunisieannonce,tunis,0.0692,False,20.03,[],"{""model_used"": ""tunis""}",isolation_forest_v2
tunisieannonce_e95e031c9316,tunisieannonce,tunis,0.1096,False,10.04,"[""no_images_high_price""]","{""model_used"": ""tunis""}",isolation_forest_v2
tunisieannonce_e993c2e71992,tunisieannonce,tunis,0.0935,False,13.35,"[""no_images_high_price""]","{""model_used"": ""tunis""}",isolation_forest_v2
tunisieannonce_e996ee11f842,tunisieannonce,tunis,0.1695,False,3.26,[],"{""model_used"": ""tunis""}",isolation_forest_v2
tunisieannonce_ea1d4ab322bd,tunisieannonce,tunis,0.1032,False,11.26,[],"{""model_used"": ""tunis""}",isolation_forest_v2
tunisieannonce_eaaf95715eb6,tunisieannonce,tunis,0.0744,False,18.41,[],"{""model_used"": ""tunis""}",isolation_forest_v2
tunisieannonce_ebefe1bf8f05,tunisieannonce,tunis,0.1417,False,5.55,[],"{""model_used"": ""tunis""}",isolation_forest_v2
tunisieannonce_ea5a68a423c0,tunisieannonce,tunis,0.1305,False,6.85,[],"{""model_used"": ""tunis""}",isolation_forest_v2
tunisieannonce_eaed88dc36ca,tunisieannonce,tunis,0.1321,False,6.65,[],"{""model_used"": ""tunis""}",isolation_forest_v2
tunisieannonce_eaf6ccec4db6,tunisieannonce,tunis,0.1244,False,7.67,"[""no_images_high_price""]","{""model_used"": ""tunis""}",isolation_forest_v2
tunisieannonce_ec5f69207939,tunisieannonce,tunis,0.1678,False,3.37,[],"{""model_used"": ""tunis""}",isolation_forest_v2
tunisieannonce_eaac0ad2cfa5,tunisieannonce,tunis,0.1254,False,7.53,[],"{""model_used"": ""tunis""}",isolation_forest_v2
tunisieannonce_ecc1901bbbe4,tunisieannonce,tunis,0.0757,False,18.05,"[""no_images_high_price""]","{""model_used"": ""tunis""}",isolation_forest_v2
tunisieannonce_ec09939ebcf0,tunisieannonce,tunis,0.0583,False,23.77,"[""no_images_high_price""]","{""model_used"": ""tunis""}",isolation_forest_v2
tunisieannonce_ed0487b1e26c,tunisieannonce,tunis,0.1759,False,2.88,[],"{""model_used"": ""tunis""}",isolation_forest_v2
tunisieannonce_ecb76998f479,tunisieannonce,tunis,0.089,False,14.42,"[""no_images_high_price""]","{""model_used"": ""tunis""}",isolation_forest_v2
tunisieannonce_ebaea63a490b,tunisieannonce,tunis,0.1786,False,2.73,[],"{""model_used"": ""tunis""}",isolation_forest_v2
tunisieannonce_ed4aa773981e,tunisieannonce,tunis,0.154,False,4.39,[],"{""model_used"": ""tunis""}",isolation_forest_v2
tunisieannonce_ed992e1b8d24,tunisieannonce,tunis,0.1663,False,3.47,[],"{""model_used"": ""tunis""}",isolation_forest_v2
tunisieannonce_edc46e693ac5,tunisieannonce,tunis,0.1633,False,3.67,[],"{""model_used"": ""tunis""}",isolation_forest_v2
tunisieannonce_edb1fabc5462,tunisieannonce,tunis,0.1658,False,3.5,[],"{""model_used"": ""tunis""}",isolation_forest_v2
tunisieannonce_eda577b02d2d,tunisieannonce,tunis,0.1271,False,7.3,"[""no_images_high_price""]","{""model_used"": ""tunis""}",isolation_forest_v2
tunisieannonce_edf59f2be237,tunisieannonce,tunis,0.1658,False,3.5,[],"{""model_used"": ""tunis""}",isolation_forest_v2
tunisieannonce_ed77801afb3e,tunisieannonce,tunis,0.1692,False,3.28,[],"{""model_used"": ""tunis""}",isolation_forest_v2
tunisieannonce_ee746b3e455d,tunisieannonce,tunis,0.1401,False,5.72,[],"{""model_used"": ""tunis""}",isolation_forest_v2
tunisieannonce_ef33373b1809,tunisieannonce,tunis,0.1578,False,4.08,[],"{""model_used"": ""tunis""}",isolation_forest_v2
tunisieannonce_edf94b8f7a4c,tunisieannonce,tunis,0.1749,False,2.94,[],"{""model_used"": ""tunis""}",isolation_forest_v2
tunisieannonce_ee2ba601707b,tunisieannonce,tunis,0.1825,False,2.53,[],"{""model_used"": ""tunis""}",isolation_forest_v2
tunisieannonce_ee675ac3d1ff,tunisieannonce,tunis,0.1566,False,4.18,"[""no_images_high_price""]","{""model_used"": ""tunis""}",isolation_forest_v2
tunisieannonce_ee32c25e4380,tunisieannonce,tunis,0.1216,False,8.08,"[""no_images_high_price""]","{""model_used"": ""tunis""}",isolation_forest_v2
tunisieannonce_edfe2b386555,tunisieannonce,tunis,0.1647,False,3.58,[],"{""model_used"": ""tunis""}",isolation_forest_v2
tunisieannonce_ef6459fc02d7,tunisieannonce,tunis,0.177,False,2.82,[],"{""model_used"": ""tunis""}",isolation_forest_v2
tunisieannonce_ee896a0f72fe,tunisieannonce,tunis,0.154,False,4.4,"[""no_images_high_price""]","{""model_used"": ""tunis""}",isolation_forest_v2
tunisieannonce_eeb3637fe705,tunisieannonce,tunis,0.14,False,5.73,"[""price_too_high_for_region""]","{""model_used"": ""tunis""}",isolation_forest_v2
tunisieannonce_eed2f2c8148b,tunisieannonce,tunis,0.0606,False,22.93,[],"{""model_used"": ""tunis""}",isolation_forest_v2
tunisieannonce_eeac308d78b6,tunisieannonce,tunis,0.166,False,3.49,[],"{""model_used"": ""tunis""}",isolation_forest_v2
tunisieannonce_eedf6fbb3c75,tunisieannonce,tunis,0.155,False,4.31,[],"{""model_used"": ""tunis""}",isolation_forest_v2
tunisieannonce_ee9382b8bd65,tunisieannonce,tunis,0.1721,False,3.1,[],"{""model_used"": ""tunis""}",isolation_forest_v2
tunisieannonce_ef01d0b781d3,tunisieannonce,tunis,0.1315,False,6.73,"[""no_images_high_price""]","{""model_used"": ""tunis""}",isolation_forest_v2
tunisieannonce_eeb5c1af37e1,tunisieannonce,tunis,0.1622,False,3.75,[],"{""model_used"": ""tunis""}",isolation_forest_v2
tunisieannonce_eed126aba97f,tunisieannonce,tunis,0.0755,False,18.09,[],"{""model_used"": ""tunis""}",isolation_forest_v2
tunisieannonce_ef21bb23683c,tunisieannonce,tunis,0.1789,False,2.72,[],"{""model_used"": ""tunis""}",isolation_forest_v2
tunisieannonce_ef2279ad76c8,tunisieannonce,tunis,0.1325,False,6.59,"[""no_images_high_price""]","{""model_used"": ""tunis""}",isolation_forest_v2
tunisieannonce_ef4832b7076c,tunisieannonce,tunis,0.1873,False,2.31,[],"{""model_used"": ""tunis""}",isolation_forest_v2
tunisieannonce_ef28b458322a,tunisieannonce,tunis,0.0785,False,17.23,"[""no_images_high_price""]","{""model_used"": ""tunis""}",isolation_forest_v2
tunisieannonce_ef4ca97853b5,tunisieannonce,tunis,0.1492,False,4.81,"[""no_images_high_price""]","{""model_used"": ""tunis""}",isolation_forest_v2
tunisieannonce_efe28348bbe8,tunisieannonce,tunis,0.0715,False,19.3,[],"{""model_used"": ""tunis""}",isolation_forest_v2
tunisieannonce_efa827dd20a9,tunisieannonce,tunis,0.1596,False,3.94,[],"{""model_used"": ""tunis""}",isolation_forest_v2
tunisieannonce_f007d810dc3d,tunisieannonce,tunis,0.0684,False,20.29,"[""no_images_high_price""]","{""model_used"": ""tunis""}",isolation_forest_v2
tunisieannonce_f00a0a5a03c9,tunisieannonce,tunis,0.105,False,10.91,[],"{""model_used"": ""tunis""}",isolation_forest_v2
tunisieannonce_f2f4b7f76ff1,tunisieannonce,tunis,0.1576,False,4.11,[],"{""model_used"": ""tunis""}",isolation_forest_v2
tunisieannonce_efe9ef91f6dc,tunisieannonce,tunis,0.1715,False,3.13,[],"{""model_used"": ""tunis""}",isolation_forest_v2
tunisieannonce_efca12570f55,tunisieannonce,tunis,0.1851,False,2.41,[],"{""model_used"": ""tunis""}",isolation_forest_v2
tunisieannonce_ef905fb69fe1,tunisieannonce,tunis,0.17,False,3.23,[],"{""model_used"": ""tunis""}",isolation_forest_v2
tunisieannonce_f0428dd133c9,tunisieannonce,tunis,0.1737,False,3.0,[],"{""model_used"": ""tunis""}",isolation_forest_v2
tunisieannonce_f03739bba189,tunisieannonce,tunis,0.1184,False,8.57,[],"{""model_used"": ""tunis""}",isolation_forest_v2
tunisieannonce_f2500fa81d42,tunisieannonce,tunis,0.1541,False,4.39,[],"{""model_used"": ""tunis""}",isolation_forest_v2
tunisieannonce_f0329e503e7d,tunisieannonce,tunis,0.0116,False,44.21,"[""no_images_high_price""]","{""model_used"": ""tunis""}",isolation_forest_v2
tunisieannonce_f06e43dc2230,tunisieannonce,tunis,0.066,False,21.08,[],"{""model_used"": ""tunis""}",isolation_forest_v2
tunisieannonce_f05b2ce18084,tunisieannonce,tunis,0.1768,False,2.83,[],"{""model_used"": ""tunis""}",isolation_forest_v2
tunisieannonce_f05e67cfbe5a,tunisieannonce,tunis,0.0931,False,13.44,"[""no_images_high_price""]","{""model_used"": ""tunis""}",isolation_forest_v2
tunisieannonce_f02ad6311155,tunisieannonce,tunis,0.188,False,2.28,[],"{""model_used"": ""tunis""}",isolation_forest_v2
tunisieannonce_f089d4b5782c,tunisieannonce,tunis,0.1621,False,3.76,[],"{""model_used"": ""tunis""}",isolation_forest_v2
tunisieannonce_f0b47ba8aea4,tunisieannonce,tunis,0.1493,False,4.8,[],"{""model_used"": ""tunis""}",isolation_forest_v2
tunisieannonce_f0c344bc7fa7,tunisieannonce,tunis,0.1733,False,3.03,[],"{""model_used"": ""tunis""}",isolation_forest_v2
tunisieannonce_f0fe6de79eef,tunisieannonce,tunis,0.1744,False,2.97,[],"{""model_used"": ""tunis""}",isolation_forest_v2
tunisieannonce_f0e74a3a157c,tunisieannonce,tunis,0.0923,False,13.64,[],"{""model_used"": ""tunis""}",isolation_forest_v2
tunisieannonce_f11f0a049d1a,tunisieannonce,tunis,0.1859,False,2.37,[],"{""model_used"": ""tunis""}",isolation_forest_v2
tunisieannonce_f1507b456e30,tunisieannonce,tunis,0.1294,False,6.99,[],"{""model_used"": ""tunis""}",isolation_forest_v2
tunisieannonce_f20450df4095,tunisieannonce,tunis,0.139,False,5.84,[],"{""model_used"": ""tunis""}",isolation_forest_v2
tunisieannonce_f1ba5d16910c,tunisieannonce,tunis,0.1592,False,3.97,[],"{""model_used"": ""tunis""}",isolation_forest_v2
tunisieannonce_f1730039d570,tunisieannonce,tunis,0.1688,False,3.31,[],"{""model_used"": ""tunis""}",isolation_forest_v2
tunisieannonce_f14d01e5cd35,tunisieannonce,tunis,0.1497,False,4.77,[],"{""model_used"": ""tunis""}",isolation_forest_v2
tunisieannonce_f26a9eb45525,tunisieannonce,tunis,0.1772,False,2.81,[],"{""model_used"": ""tunis""}",isolation_forest_v2
tunisieannonce_f18abc632ff8,tunisieannonce,tunis,0.1609,False,3.85,[],"{""model_used"": ""tunis""}",isolation_forest_v2
tunisieannonce_f292dc7e465a,tunisieannonce,tunis,0.1497,False,4.77,[],"{""model_used"": ""tunis""}",isolation_forest_v2
tunisieannonce_f28bc81d55e0,tunisieannonce,tunis,0.0169,False,41.64,"[""no_images_high_price""]","{""model_used"": ""tunis""}",isolation_forest_v2
tunisieannonce_f2af9a2da096,tunisieannonce,tunis,0.1025,False,11.4,[],"{""model_used"": ""tunis""}",isolation_forest_v2
tunisieannonce_f27be118202f,tunisieannonce,tunis,0.0648,False,21.48,"[""no_images_high_price""]","{""model_used"": ""tunis""}",isolation_forest_v2
tunisieannonce_f306d842aab4,tunisieannonce,tunis,0.1389,False,5.85,[],"{""model_used"": ""tunis""}",isolation_forest_v2
tunisieannonce_f3d77a4f7e05,tunisieannonce,tunis,0.1472,False,5.0,[],"{""model_used"": ""tunis""}",isolation_forest_v2
tunisieannonce_f3b1952e652c,tunisieannonce,tunis,0.1729,False,3.06,[],"{""model_used"": ""tunis""}",isolation_forest_v2
tunisieannonce_f32d33736980,tunisieannonce,tunis,0.1789,False,2.72,[],"{""model_used"": ""tunis""}",isolation_forest_v2
tunisieannonce_f33897979d9a,tunisieannonce,tunis,0.1527,False,4.51,[],"{""model_used"": ""tunis""}",isolation_forest_v2
tunisieannonce_f3b6e57d5ac8,tunisieannonce,tunis,0.1395,False,5.79,[],"{""model_used"": ""tunis""}",isolation_forest_v2
tunisieannonce_f383ad3e8647,tunisieannonce,tunis,0.1535,False,4.44,"[""no_images_high_price""]","{""model_used"": ""tunis""}",isolation_forest_v2
tunisieannonce_f3cae25d67b5,tunisieannonce,tunis,0.0733,False,18.76,"[""no_images_high_price""]","{""model_used"": ""tunis""}",isolation_forest_v2
tunisieannonce_f439df6765e0,tunisieannonce,tunis,0.0809,False,16.55,"[""price_too_high_for_region""]","{""model_used"": ""tunis""}",isolation_forest_v2
tunisieannonce_f4314256fc42,tunisieannonce,tunis,0.1725,False,3.08,[],"{""model_used"": ""tunis""}",isolation_forest_v2
tunisieannonce_f462739e3843,tunisieannonce,tunis,0.1554,False,4.28,[],"{""model_used"": ""tunis""}",isolation_forest_v2
tunisieannonce_f425e46a1df6,tunisieannonce,tunis,0.1588,False,4.01,[],"{""model_used"": ""tunis""}",isolation_forest_v2
tunisieannonce_f49634729007,tunisieannonce,tunis,0.145,False,5.22,[],"{""model_used"": ""tunis""}",isolation_forest_v2
tunisieannonce_f400bd16c156,tunisieannonce,tunis,0.1497,False,4.77,"[""no_images_high_price""]","{""model_used"": ""tunis""}",isolation_forest_v2
tunisieannonce_f53f2182cf6c,tunisieannonce,tunis,0.1705,False,3.2,[],"{""model_used"": ""tunis""}",isolation_forest_v2
tunisieannonce_f515245144ea,tunisieannonce,tunis,0.1826,False,2.53,[],"{""model_used"": ""tunis""}",isolation_forest_v2
tunisieannonce_f53d5ebc4439,tunisieannonce,tunis,0.1648,False,3.57,[],"{""model_used"": ""tunis""}",isolation_forest_v2
tunisieannonce_f50cf29bcfe6,tunisieannonce,tunis,0.1867,False,2.33,"[""price_too_high_for_region""]","{""model_used"": ""tunis""}",isolation_forest_v2
tunisieannonce_f49905c6737c,tunisieannonce,tunis,0.1666,False,3.45,[],"{""model_used"": ""tunis""}",isolation_forest_v2
tunisieannonce_f4aa1189224c,tunisieannonce,tunis,0.1175,False,8.71,"[""price_too_high_for_region""]","{""model_used"": ""tunis""}",isolation_forest_v2
tunisieannonce_f511a11da1ea,tunisieannonce,tunis,0.182,False,2.56,[],"{""model_used"": ""tunis""}",isolation_forest_v2
tunisieannonce_f588707c2758,tunisieannonce,tunis,0.0786,False,17.19,"[""no_images_high_price""]","{""model_used"": ""tunis""}",isolation_forest_v2
tunisieannonce_f5b0961887d5,tunisieannonce,tunis,0.1436,False,5.35,[],"{""model_used"": ""tunis""}",isolation_forest_v2
tunisieannonce_f5a8a59d21bd,tunisieannonce,tunis,0.1597,False,3.94,[],"{""model_used"": ""tunis""}",isolation_forest_v2
tunisieannonce_f550d5671ac3,tunisieannonce,tunis,0.1118,False,9.66,"[""no_images_high_price""]","{""model_used"": ""tunis""}",isolation_forest_v2
tunisieannonce_f558305251fd,tunisieannonce,tunis,0.1323,False,6.62,[],"{""model_used"": ""tunis""}",isolation_forest_v2
tunisieannonce_f56db4a192b6,tunisieannonce,tunis,0.1847,False,2.43,[],"{""model_used"": ""tunis""}",isolation_forest_v2
tunisieannonce_f541e96b4c9b,tunisieannonce,tunis,0.0838,False,15.77,[],"{""model_used"": ""tunis""}",isolation_forest_v2
tunisieannonce_f5a4ca1a78c0,tunisieannonce,tunis,0.1466,False,5.06,[],"{""model_used"": ""tunis""}",isolation_forest_v2
tunisieannonce_f5ae73edd696,tunisieannonce,tunis,0.1806,False,2.63,[],"{""model_used"": ""tunis""}",isolation_forest_v2
tunisieannonce_f68f2b674750,tunisieannonce,tunis,0.1559,False,4.24,"[""no_images_high_price""]","{""model_used"": ""tunis""}",isolation_forest_v2
tunisieannonce_f6bea70ecb92,tunisieannonce,tunis,0.1199,False,8.34,"[""no_images_high_price""]","{""model_used"": ""tunis""}",isolation_forest_v2
tunisieannonce_f6235bcded80,tunisieannonce,tunis,0.1751,False,2.93,[],"{""model_used"": ""tunis""}",isolation_forest_v2
tunisieannonce_f6510b18e137,tunisieannonce,tunis,0.1159,False,8.97,[],"{""model_used"": ""tunis""}",isolation_forest_v2
tunisieannonce_f68e2cbe9c6e,tunisieannonce,tunis,0.179,False,2.71,[],"{""model_used"": ""tunis""}",isolation_forest_v2
tunisieannonce_f5e99260feef,tunisieannonce,tunis,0.1504,False,4.7,[],"{""model_used"": ""tunis""}",isolation_forest_v2
tunisieannonce_f7313e0710b1,tunisieannonce,tunis,0.1666,False,3.45,[],"{""model_used"": ""tunis""}",isolation_forest_v2
tunisieannonce_f77e32a9f2ad,tunisieannonce,tunis,0.1649,False,3.56,[],"{""model_used"": ""tunis""}",isolation_forest_v2
tunisieannonce_f758f038ec33,tunisieannonce,tunis,0.1891,False,2.23,[],"{""model_used"": ""tunis""}",isolation_forest_v2
tunisieannonce_f867f4a1d70b,tunisieannonce,tunis,0.1544,False,4.36,[],"{""model_used"": ""tunis""}",isolation_forest_v2
tunisieannonce_f71cc7c96823,tunisieannonce,tunis,0.1497,False,4.77,[],"{""model_used"": ""tunis""}",isolation_forest_v2
tunisieannonce_f76a2d4aaf1b,tunisieannonce,tunis,0.1475,False,4.97,[],"{""model_used"": ""tunis""}",isolation_forest_v2
tunisieannonce_f7037af8ccbb,tunisieannonce,tunis,0.1714,False,3.14,[],"{""model_used"": ""tunis""}",isolation_forest_v2
tunisieannonce_f7b1492787a9,tunisieannonce,tunis,0.1566,False,4.18,"[""no_images_high_price""]","{""model_used"": ""tunis""}",isolation_forest_v2
tunisieannonce_f70733d5ca8a,tunisieannonce,tunis,0.1558,False,4.25,[],"{""model_used"": ""tunis""}",isolation_forest_v2
tunisieannonce_f7c5a2c38288,tunisieannonce,tunis,0.1835,False,2.49,[],"{""model_used"": ""tunis""}",isolation_forest_v2
tunisieannonce_f7b4beeaa00f,tunisieannonce,tunis,0.1068,False,10.56,"[""no_images_high_price""]","{""model_used"": ""tunis""}",isolation_forest_v2
tunisieannonce_f7bef9551ab6,tunisieannonce,tunis,0.1562,False,4.21,[],"{""model_used"": ""tunis""}",isolation_forest_v2
tunisieannonce_f841d3f8a8f0,tunisieannonce,tunis,0.1626,False,3.72,"[""no_images_high_price""]","{""model_used"": ""tunis""}",isolation_forest_v2
tunisieannonce_f8012fcb13a0,tunisieannonce,tunis,0.1578,False,4.08,"[""no_images_high_price""]","{""model_used"": ""tunis""}",isolation_forest_v2
tunisieannonce_f81c0240673f,tunisieannonce,tunis,0.1113,False,9.75,[],"{""model_used"": ""tunis""}",isolation_forest_v2
tunisieannonce_f91511d7b3df,tunisieannonce,tunis,0.0606,False,22.95,[],"{""model_used"": ""tunis""}",isolation_forest_v2
tunisieannonce_f92c05bbac3e,tunisieannonce,tunis,0.1613,False,3.82,[],"{""model_used"": ""tunis""}",isolation_forest_v2
tunisieannonce_f95ca3532983,tunisieannonce,tunis,0.0999,False,11.93,[],"{""model_used"": ""tunis""}",isolation_forest_v2
tunisieannonce_f95ffd43fe4e,tunisieannonce,tunis,0.0972,False,12.52,[],"{""model_used"": ""tunis""}",isolation_forest_v2
tunisieannonce_f9408f0e54a6,tunisieannonce,tunis,0.1105,False,9.89,[],"{""model_used"": ""tunis""}",isolation_forest_v2
tunisieannonce_f8d191fbcb77,tunisieannonce,tunis,0.1653,False,3.53,[],"{""model_used"": ""tunis""}",isolation_forest_v2
tunisieannonce_f8dfae0723d6,tunisieannonce,tunis,0.0233,False,38.56,[],"{""model_used"": ""tunis""}",isolation_forest_v2
tunisieannonce_f8f88ba7dffe,tunisieannonce,tunis,0.0664,False,20.95,"[""no_images_high_price""]","{""model_used"": ""tunis""}",isolation_forest_v2
tunisieannonce_fa398caa86e9,tunisieannonce,tunis,0.0828,False,16.02,[],"{""model_used"": ""tunis""}",isolation_forest_v2
tunisieannonce_fa2c6e26efce,tunisieannonce,tunis,0.1537,False,4.42,"[""no_images_high_price""]","{""model_used"": ""tunis""}",isolation_forest_v2
tunisieannonce_fa5143a2fc20,tunisieannonce,tunis,0.1786,False,2.73,[],"{""model_used"": ""tunis""}",isolation_forest_v2
tunisieannonce_fa61059878f5,tunisieannonce,tunis,0.1828,False,2.52,[],"{""model_used"": ""tunis""}",isolation_forest_v2
tunisieannonce_fa8661d90e0a,tunisieannonce,tunis,0.1736,False,3.01,[],"{""model_used"": ""tunis""}",isolation_forest_v2
tunisieannonce_fa2abe49f6b4,tunisieannonce,tunis,0.0529,False,25.77,"[""no_images_high_price""]","{""model_used"": ""tunis""}",isolation_forest_v2
tunisieannonce_fa457f6c9b3c,tunisieannonce,tunis,0.1251,False,7.57,[],"{""model_used"": ""tunis""}",isolation_forest_v2
tunisieannonce_fa462d4cca04,tunisieannonce,tunis,0.1793,False,2.7,[],"{""model_used"": ""tunis""}",isolation_forest_v2
tunisieannonce_fb10781018c7,tunisieannonce,tunis,0.1405,False,5.68,[],"{""model_used"": ""tunis""}",isolation_forest_v2
tunisieannonce_fc0e79d69c78,tunisieannonce,tunis,0.1131,False,9.44,[],"{""model_used"": ""tunis""}",isolation_forest_v2
tunisieannonce_fba4854ee68e,tunisieannonce,tunis,0.1256,False,7.51,[],"{""model_used"": ""tunis""}",isolation_forest_v2
tunisieannonce_fc16c9b5817c,tunisieannonce,tunis,0.1487,False,4.87,"[""no_images_high_price""]","{""model_used"": ""tunis""}",isolation_forest_v2
tunisieannonce_fbca2c33df75,tunisieannonce,tunis,0.1643,False,3.61,[],"{""model_used"": ""tunis""}",isolation_forest_v2
tunisieannonce_fc0614781c35,tunisieannonce,tunis,0.0398,False,31.09,[],"{""model_used"": ""tunis""}",isolation_forest_v2
tunisieannonce_feb7a32ba646,tunisieannonce,tunis,0.15,False,4.74,"[""no_images_high_price""]","{""model_used"": ""tunis""}",isolation_forest_v2
tunisieannonce_fc8b1f1314dc,tunisieannonce,tunis,0.1817,False,2.57,[],"{""model_used"": ""tunis""}",isolation_forest_v2
tunisieannonce_fca7fd99f9f4,tunisieannonce,tunis,0.1564,False,4.2,[],"{""model_used"": ""tunis""}",isolation_forest_v2
tunisieannonce_fc21e19086f8,tunisieannonce,tunis,0.0624,False,22.29,[],"{""model_used"": ""tunis""}",isolation_forest_v2
tunisieannonce_fcb00a92fa5b,tunisieannonce,tunis,0.1533,False,4.45,[],"{""model_used"": ""tunis""}",isolation_forest_v2
tunisieannonce_fc4e1e43cc06,tunisieannonce,tunis,0.1803,False,2.64,[],"{""model_used"": ""tunis""}",isolation_forest_v2
tunisieannonce_fc5cfc21d25c,tunisieannonce,tunis,0.0747,False,18.33,[],"{""model_used"": ""tunis""}",isolation_forest_v2
tunisieannonce_fc99568983af,tunisieannonce,tunis,0.1126,False,9.52,[],"{""model_used"": ""tunis""}",isolation_forest_v2
tunisieannonce_fd9ac8135b58,tunisieannonce,tunis,0.1684,False,3.33,[],"{""model_used"": ""tunis""}",isolation_forest_v2
tunisieannonce_fdcc67e74fca,tunisieannonce,tunis,0.1805,False,2.63,[],"{""model_used"": ""tunis""}",isolation_forest_v2
tunisieannonce_fe61949c4712,tunisieannonce,tunis,0.1655,False,3.52,[],"{""model_used"": ""tunis""}",isolation_forest_v2
tunisieannonce_fccc87a8b4a4,tunisieannonce,tunis,0.1236,False,7.78,"[""suspected_test_price""]","{""model_used"": ""tunis""}",isolation_forest_v2
tunisieannonce_fd375e9c4bfe,tunisieannonce,tunis,0.1547,False,4.34,[],"{""model_used"": ""tunis""}",isolation_forest_v2
tunisieannonce_fd55b0425d7d,tunisieannonce,tunis,0.1276,False,7.23,"[""no_images_high_price""]","{""model_used"": ""tunis""}",isolation_forest_v2
tunisieannonce_fd4dc52eaf72,tunisieannonce,tunis,0.1562,False,4.21,[],"{""model_used"": ""tunis""}",isolation_forest_v2
tunisieannonce_fed169b110cd,tunisieannonce,tunis,0.0955,False,12.91,[],"{""model_used"": ""tunis""}",isolation_forest_v2
tunisieannonce_fe6681195043,tunisieannonce,tunis,0.147,False,5.02,[],"{""model_used"": ""tunis""}",isolation_forest_v2
tunisieannonce_fec88f005da2,tunisieannonce,tunis,0.1747,False,2.95,[],"{""model_used"": ""tunis""}",isolation_forest_v2
tunisieannonce_feceeb068418,tunisieannonce,tunis,0.1721,False,3.1,[],"{""model_used"": ""tunis""}",isolation_forest_v2
tunisieannonce_fe6dbe96201a,tunisieannonce,tunis,0.1806,False,2.63,[],"{""model_used"": ""tunis""}",isolation_forest_v2
tunisieannonce_fe641bcc05bb,tunisieannonce,tunis,0.1549,False,4.32,[],"{""model_used"": ""tunis""}",isolation_forest_v2
tunisieannonce_feb77d950a39,tunisieannonce,tunis,0.1683,False,3.34,[],"{""model_used"": ""tunis""}",isolation_forest_v2
tunisieannonce_ff229d9cfb03,tunisieannonce,tunis,0.1631,False,3.69,[],"{""model_used"": ""tunis""}",isolation_forest_v2
tunisieannonce_feff2669533b,tunisieannonce,tunis,0.0787,False,17.16,"[""no_images_high_price""]","{""model_used"": ""tunis""}",isolation_forest_v2
tunisieannonce_ffa581a3f0e1,tunisieannonce,tunis,0.0386,False,31.61,"[""no_images_high_price""]","{""model_used"": ""tunis""}",isolation_forest_v2
tunisieannonce_fef3bcb11d26,tunisieannonce,tunis,0.1452,False,5.19,[],"{""model_used"": ""tunis""}",isolation_forest_v2
tunisieannonce_ff132a23305a,tunisieannonce,tunis,0.1377,False,5.99,[],"{""model_used"": ""tunis""}",isolation_forest_v2
tunisieannonce_ffc2540309b2,tunisieannonce,tunis,0.0858,False,15.23,[],"{""model_used"": ""tunis""}",isolation_forest_v2
tunisieannonce_ff4626f2eba0,tunisieannonce,tunis,0.1867,False,2.33,[],"{""model_used"": ""tunis""}",isolation_forest_v2
tunisieannonce_ff749665e943,tunisieannonce,tunis,0.1548,False,4.32,[],"{""model_used"": ""tunis""}",isolation_forest_v2
tunisieannonce_ffd74fab3458,tunisieannonce,tunis,0.1808,False,2.62,[],"{""model_used"": ""tunis""}",isolation_forest_v2
zitouna_immo_5320,zitouna_immo,tunis,0.1042,False,11.06,[],"{""model_used"": ""tunis""}",isolation_forest_v2
zitouna_immo_5707,zitouna_immo,tunis,-0.0186,True,59.21,"[""price_too_high_for_region""]","{""model_used"": ""tunis""}",isolation_forest_v2
zitouna_immo_5557,zitouna_immo,tunis,0.1311,False,6.77,[],"{""model_used"": ""tunis""}",isolation_forest_v2
zitouna_immo_5775,zitouna_immo,tunis,0.1083,False,10.29,[],"{""model_used"": ""tunis""}",isolation_forest_v2
zitouna_immo_5442,zitouna_immo,tunis,0.1319,False,6.67,[],"{""model_used"": ""tunis""}",isolation_forest_v2
zitouna_immo_6543,zitouna_immo,tunis,0.0334,False,33.88,[],"{""model_used"": ""tunis""}",isolation_forest_v2
zitouna_immo_6536,zitouna_immo,tunis,0.1212,False,8.14,"[""no_images_high_price"", ""price_too_high_for_region""]","{""model_used"": ""tunis""}",isolation_forest_v2
zitouna_immo_6546,zitouna_immo,tunis,0.0765,False,17.8,[],"{""model_used"": ""tunis""}",isolation_forest_v2
zitouna_immo_6549,zitouna_immo,tunis,0.0486,False,27.43,[],"{""model_used"": ""tunis""}",isolation_forest_v2
zitouna_immo_6535,zitouna_immo,tunis,0.0931,False,13.45,[],"{""model_used"": ""tunis""}",isolation_forest_v2
zitouna_immo_6545,zitouna_immo,tunis,0.0671,False,20.72,[],"{""model_used"": ""tunis""}",isolation_forest_v2
tunisieannonce_52a568671688,tunisieannonce,tunis,0.078,False,17.37,"[""no_images_high_price""]","{""model_used"": ""tunis""}",isolation_forest_v2
tunisieannonce_1cc51d6d4dbe,tunisieannonce,tunis,0.1833,False,2.5,[],"{""model_used"": ""tunis""}",isolation_forest_v2
tunisieannonce_1d249a67951f,tunisieannonce,tunis,0.1551,False,4.3,[],"{""model_used"": ""tunis""}",isolation_forest_v2
tunisieannonce_1d10d87d86c8,tunisieannonce,tunis,0.1253,False,7.54,[],"{""model_used"": ""tunis""}",isolation_forest_v2
tunisieannonce_24778fd25bad,tunisieannonce,tunis,0.1801,False,2.66,[],"{""model_used"": ""tunis""}",isolation_forest_v2
tunisieannonce_726c41a65c2a,tunisieannonce,tunis,0.1546,False,4.34,[],"{""model_used"": ""tunis""}",isolation_forest_v2
tunisieannonce_7212aa40c6e8,tunisieannonce,tunis,0.1166,False,8.86,"[""no_images_high_price""]","{""model_used"": ""tunis""}",isolation_forest_v2
tunisieannonce_72a0c47361ce,tunisieannonce,tunis,0.1146,False,9.18,"[""no_images_high_price""]","{""model_used"": ""tunis""}",isolation_forest_v2
tunisieannonce_72e7c5196b07,tunisieannonce,tunis,0.1849,False,2.42,[],"{""model_used"": ""tunis""}",isolation_forest_v2
tunisieannonce_bf3fd0cd97af,tunisieannonce,tunis,0.183,False,2.51,[],"{""model_used"": ""tunis""}",isolation_forest_v2
tunisieannonce_be6bde8cb453,tunisieannonce,tunis,0.1865,False,2.34,[],"{""model_used"": ""tunis""}",isolation_forest_v2
tunisieannonce_7322cf3ffb6e,tunisieannonce,tunis,0.1484,False,4.89,[],"{""model_used"": ""tunis""}",isolation_forest_v2
tunisieannonce_7320f937cdc7,tunisieannonce,tunis,0.1498,False,4.76,"[""no_images_high_price""]","{""model_used"": ""tunis""}",isolation_forest_v2
tunisieannonce_0451ce3c3af2,tunisieannonce,tunis,0.1562,False,4.21,[],"{""model_used"": ""tunis""}",isolation_forest_v2
tunisieannonce_11839c09fd25,tunisieannonce,tunis,0.1865,False,2.34,[],"{""model_used"": ""tunis""}",isolation_forest_v2
tunisieannonce_75259710c0a3,tunisieannonce,tunis,0.1758,False,2.89,[],"{""model_used"": ""tunis""}",isolation_forest_v2
tunisieannonce_250b89ec7525,tunisieannonce,tunis,0.1859,False,2.37,[],"{""model_used"": ""tunis""}",isolation_forest_v2
affare_246809,affare,tunis,0.091,False,13.95,[],"{""model_used"": ""tunis""}",isolation_forest_v2
affare_254506,affare,tunis,0.0836,False,15.83,[],"{""model_used"": ""tunis""}",isolation_forest_v2
tunisieannonce_251de01c5c48,tunisieannonce,tunis,0.1658,False,3.5,[],"{""model_used"": ""tunis""}",isolation_forest_v2
affare_256888,affare,tunis,0.0802,False,16.73,[],"{""model_used"": ""tunis""}",isolation_forest_v2
affare_258248,affare,tunis,0.0381,False,31.82,[],"{""model_used"": ""tunis""}",isolation_forest_v2
affare_259411,affare,tunis,0.1454,False,5.17,[],"{""model_used"": ""tunis""}",isolation_forest_v2
tunisieannonce_6ab79e61127f,tunisieannonce,tunis,0.1726,False,3.07,"[""suspected_test_price"", ""price_too_high_for_region""]","{""model_used"": ""tunis""}",isolation_forest_v2
tunisieannonce_6c71b2e3caf6,tunisieannonce,tunis,0.1336,False,6.47,[],"{""model_used"": ""tunis""}",isolation_forest_v2
tunisieannonce_6c87cde9e2fa,tunisieannonce,tunis,0.1514,False,4.61,[],"{""model_used"": ""tunis""}",isolation_forest_v2
tunisieannonce_6b5b235edee9,tunisieannonce,tunis,0.1577,False,4.1,[],"{""model_used"": ""tunis""}",isolation_forest_v2
tunisieannonce_6cc8819cfa02,tunisieannonce,tunis,0.1735,False,3.02,[],"{""model_used"": ""tunis""}",isolation_forest_v2
tunisieannonce_6d9aae4d211a,tunisieannonce,tunis,0.0516,False,26.26,"[""no_images_high_price""]","{""model_used"": ""tunis""}",isolation_forest_v2
tunisieannonce_6dd02084dcad,tunisieannonce,tunis,0.1727,False,3.06,[],"{""model_used"": ""tunis""}",isolation_forest_v2
tunisieannonce_6e7d256193ee,tunisieannonce,tunis,0.1505,False,4.7,[],"{""model_used"": ""tunis""}",isolation_forest_v2
tunisieannonce_6e62789d5800,tunisieannonce,tunis,0.1623,False,3.75,[],"{""model_used"": ""tunis""}",isolation_forest_v2
tunisieannonce_6e7d924fc2b0,tunisieannonce,tunis,0.1847,False,2.43,[],"{""model_used"": ""tunis""}",isolation_forest_v2
tunisieannonce_6ead0b19cddc,tunisieannonce,tunis,0.1672,False,3.41,[],"{""model_used"": ""tunis""}",isolation_forest_v2
tunisieannonce_6edaf827b784,tunisieannonce,tunis,0.0911,False,13.91,"[""no_images_high_price""]","{""model_used"": ""tunis""}",isolation_forest_v2
tunisieannonce_6f872d90d533,tunisieannonce,tunis,0.1869,False,2.32,[],"{""model_used"": ""tunis""}",isolation_forest_v2
tunisieannonce_707d89c2e283,tunisieannonce,tunis,0.1699,False,3.24,[],"{""model_used"": ""tunis""}",isolation_forest_v2
tunisieannonce_70265f0f9cb7,tunisieannonce,tunis,0.0548,False,25.06,"[""no_images_high_price""]","{""model_used"": ""tunis""}",isolation_forest_v2
tunisieannonce_719ebf6433a5,tunisieannonce,tunis,0.0821,False,16.22,"[""no_images_high_price""]","{""model_used"": ""tunis""}",isolation_forest_v2
tunisieannonce_734874d3caa5,tunisieannonce,tunis,0.1383,False,5.92,[],"{""model_used"": ""tunis""}",isolation_forest_v2
tunisieannonce_74606f928dcb,tunisieannonce,tunis,0.0449,False,28.95,"[""no_images_high_price""]","{""model_used"": ""tunis""}",isolation_forest_v2
tunisieannonce_7470bdeb24c5,tunisieannonce,tunis,0.1646,False,3.59,[],"{""model_used"": ""tunis""}",isolation_forest_v2
tunisieannonce_7424f3276e72,tunisieannonce,tunis,0.0772,False,17.59,"[""no_images_high_price""]","{""model_used"": ""tunis""}",isolation_forest_v2
tunisieannonce_751dc868c870,tunisieannonce,tunis,0.1444,False,5.28,[],"{""model_used"": ""tunis""}",isolation_forest_v2
tunisieannonce_74d090929fc4,tunisieannonce,tunis,0.0819,False,16.27,"[""price_too_high_for_region""]","{""model_used"": ""tunis""}",isolation_forest_v2
affare_2600,affare,tunis,0.0489,False,27.34,[],"{""model_used"": ""tunis""}",isolation_forest_v2
century21_0ad72d4b28d6,century21,tunis,0.1086,False,10.23,[],"{""model_used"": ""tunis""}",isolation_forest_v2
century21_13a378e74370,century21,tunis,0.0837,False,15.8,[],"{""model_used"": ""tunis""}",isolation_forest_v2
century21_224386c48ec5,century21,tunis,0.0336,False,33.81,[],"{""model_used"": ""tunis""}",isolation_forest_v2
century21_3239d5ef5c92,century21,tunis,0.0918,False,13.76,[],"{""model_used"": ""tunis""}",isolation_forest_v2
century21_43c73f15dc02,century21,tunis,0.0416,False,30.33,[],"{""model_used"": ""tunis""}",isolation_forest_v2
century21_4cba290f2698,century21,tunis,0.0915,False,13.83,[],"{""model_used"": ""tunis""}",isolation_forest_v2
century21_50f64f9a56ed,century21,tunis,0.1425,False,5.47,[],"{""model_used"": ""tunis""}",isolation_forest_v2
century21_54aaa0e8825a,century21,tunis,0.1434,False,5.37,[],"{""model_used"": ""tunis""}",isolation_forest_v2
century21_60e51c18fffa,century21,tunis,-0.021,True,60.34,"[""no_images_high_price""]","{""model_used"": ""tunis""}",isolation_forest_v2
century21_6b303403443a,century21,tunis,0.0979,False,12.36,"[""price_too_high_for_region""]","{""model_used"": ""tunis""}",isolation_forest_v2
century21_755a4e572bd1,century21,tunis,0.003,False,48.5,[],"{""model_used"": ""tunis""}",isolation_forest_v2
century21_7c7f2091cc8a,century21,tunis,-0.0367,True,67.57,"[""no_images_high_price""]","{""model_used"": ""tunis""}",isolation_forest_v2
century21_7cd1268382a3,century21,tunis,0.1401,False,5.72,[],"{""model_used"": ""tunis""}",isolation_forest_v2
century21_85675cfd030e,century21,tunis,0.1212,False,8.14,[],"{""model_used"": ""tunis""}",isolation_forest_v2
century21_817792fa4c7e,century21,tunis,0.0699,False,19.81,[],"{""model_used"": ""tunis""}",isolation_forest_v2
century21_863cb3c3f707,century21,tunis,0.1045,False,11.0,[],"{""model_used"": ""tunis""}",isolation_forest_v2
century21_be5ecde39864,century21,tunis,0.104,False,11.1,"[""price_too_high_for_region""]","{""model_used"": ""tunis""}",isolation_forest_v2
century21_c440acfc52c4,century21,tunis,0.09,False,14.18,[],"{""model_used"": ""tunis""}",isolation_forest_v2
century21_e285bce4335a,century21,tunis,0.0127,False,43.67,[],"{""model_used"": ""tunis""}",isolation_forest_v2
century21_efcf24789982,century21,tunis,0.0831,False,15.96,[],"{""model_used"": ""tunis""}",isolation_forest_v2
century21_f50ed763a489,century21,tunis,0.1102,False,9.94,"[""no_images_high_price""]","{""model_used"": ""tunis""}",isolation_forest_v2
century21_fad542b26bd9,century21,tunis,0.1013,False,11.65,[],"{""model_used"": ""tunis""}",isolation_forest_v2
tunisieannonce_75e4f1b73c61,tunisieannonce,tunis,0.1822,False,2.55,[],"{""model_used"": ""tunis""}",isolation_forest_v2
mubawab_7905866,mubawab,tunis,0.1129,False,9.47,"[""description_too_short""]","{""model_used"": ""tunis""}",isolation_forest_v2
mubawab_7981263,mubawab,tunis,0.0944,False,13.14,"[""no_images_high_price"", ""description_too_short""]","{""model_used"": ""tunis""}",isolation_forest_v2
mubawab_8175380,mubawab,tunis,0.1244,False,7.68,"[""description_too_short""]","{""model_used"": ""tunis""}",isolation_forest_v2
mubawab_7983456,mubawab,tunis,0.1049,False,10.93,"[""description_too_short""]","{""model_used"": ""tunis""}",isolation_forest_v2
mubawab_7976802,mubawab,tunis,0.0586,False,23.64,"[""no_images_high_price"", ""description_too_short""]","{""model_used"": ""tunis""}",isolation_forest_v2
mubawab_8025531,mubawab,tunis,0.0864,False,15.1,"[""no_images_high_price"", ""description_too_short""]","{""model_used"": ""tunis""}",isolation_forest_v2
mubawab_8029899,mubawab,tunis,0.0154,False,42.38,"[""no_images_high_price"", ""description_too_short""]","{""model_used"": ""tunis""}",isolation_forest_v2
tunisieannonce_296d7dd924a2,tunisieannonce,tunis,0.105,False,10.91,[],"{""model_used"": ""tunis""}",isolation_forest_v2
mubawab_8040538,mubawab,tunis,0.055,False,24.98,"[""description_too_short""]","{""model_used"": ""tunis""}",isolation_forest_v2
mubawab_8047864,mubawab,tunis,0.0646,False,21.53,"[""description_too_short""]","{""model_used"": ""tunis""}",isolation_forest_v2
mubawab_8035208,mubawab,tunis,0.0535,False,25.54,"[""no_images_high_price"", ""description_too_short""]","{""model_used"": ""tunis""}",isolation_forest_v2
mubawab_8035205,mubawab,tunis,0.0675,False,20.59,"[""no_images_high_price"", ""description_too_short""]","{""model_used"": ""tunis""}",isolation_forest_v2
mubawab_8043789,mubawab,tunis,0.0955,False,12.9,"[""no_images_high_price"", ""description_too_short""]","{""model_used"": ""tunis""}",isolation_forest_v2
mubawab_8077321,mubawab,tunis,0.0985,False,12.24,"[""description_too_short""]","{""model_used"": ""tunis""}",isolation_forest_v2
mubawab_8080990,mubawab,tunis,-0.0297,True,64.44,"[""description_too_short""]","{""model_used"": ""tunis""}",isolation_forest_v2
mubawab_8103162,mubawab,tunis,0.1054,False,10.83,"[""description_too_short""]","{""model_used"": ""tunis""}",isolation_forest_v2
tunisieannonce_2c30b584efa7,tunisieannonce,tunis,0.1505,False,4.7,"[""no_images_high_price""]","{""model_used"": ""tunis""}",isolation_forest_v2
mubawab_8253811,mubawab,tunis,0.0736,False,18.66,"[""no_images_high_price"", ""description_too_short""]","{""model_used"": ""tunis""}",isolation_forest_v2
tunisieannonce_7717eb2ec0c3,tunisieannonce,tunis,0.1197,False,8.36,"[""no_images_high_price""]","{""model_used"": ""tunis""}",isolation_forest_v2
mubawab_8316039,mubawab,tunis,0.0929,False,13.49,"[""no_images_high_price"", ""description_too_short""]","{""model_used"": ""tunis""}",isolation_forest_v2
mubawab_8321936,mubawab,tunis,0.0339,False,33.66,"[""no_images_high_price"", ""description_too_short""]","{""model_used"": ""tunis""}",isolation_forest_v2
mubawab_8321802,mubawab,tunis,0.0004,False,49.8,"[""no_images_high_price"", ""description_too_short""]","{""model_used"": ""tunis""}",isolation_forest_v2
newkey_112425,newkey,tunis,-0.0134,True,56.67,[],"{""model_used"": ""tunis""}",isolation_forest_v2
newkey_119230,newkey,tunis,-0.0318,True,65.38,"[""no_images_high_price""]","{""model_used"": ""tunis""}",isolation_forest_v2
newkey_129223,newkey,tunis,0.1138,False,9.31,[],"{""model_used"": ""tunis""}",isolation_forest_v2
tunisieannonce_2e7a078000ea,tunisieannonce,tunis,0.1432,False,5.39,[],"{""model_used"": ""tunis""}",isolation_forest_v2
tunisieannonce_008b23cb6a21,tunisieannonce,tunis,0.1391,False,5.83,[],"{""model_used"": ""tunis""}",isolation_forest_v2
tunisieannonce_01872a2d0cba,tunisieannonce,tunis,0.1463,False,5.09,"[""price_too_high_for_region""]","{""model_used"": ""tunis""}",isolation_forest_v2
tunisieannonce_018a3fc4f286,tunisieannonce,tunis,0.1696,False,3.26,[],"{""model_used"": ""tunis""}",isolation_forest_v2
tunisieannonce_0288217ea7e8,tunisieannonce,tunis,0.1634,False,3.67,[],"{""model_used"": ""tunis""}",isolation_forest_v2
tunisieannonce_024ee790f4dd,tunisieannonce,tunis,0.1575,False,4.11,[],"{""model_used"": ""tunis""}",isolation_forest_v2
tunisieannonce_0317e5929a3e,tunisieannonce,tunis,0.0026,False,48.71,"[""no_images_high_price""]","{""model_used"": ""tunis""}",isolation_forest_v2
tunisieannonce_03262d41acb4,tunisieannonce,tunis,0.1161,False,8.93,"[""no_images_high_price""]","{""model_used"": ""tunis""}",isolation_forest_v2
tunisieannonce_031253e6609c,tunisieannonce,tunis,0.1442,False,5.3,[],"{""model_used"": ""tunis""}",isolation_forest_v2
tunisieannonce_03d85d888e67,tunisieannonce,tunis,0.089,False,14.43,"[""no_images_high_price""]","{""model_used"": ""tunis""}",isolation_forest_v2
tunisieannonce_03fb719ffd85,tunisieannonce,tunis,0.1014,False,11.64,[],"{""model_used"": ""tunis""}",isolation_forest_v2
tunisieannonce_04d647055e17,tunisieannonce,tunis,0.1358,False,6.21,[],"{""model_used"": ""tunis""}",isolation_forest_v2
tunisieannonce_052f1660b10b,tunisieannonce,tunis,0.1418,False,5.54,[],"{""model_used"": ""tunis""}",isolation_forest_v2
tunisieannonce_050aa74957c5,tunisieannonce,tunis,0.1584,False,4.04,[],"{""model_used"": ""tunis""}",isolation_forest_v2
tunisieannonce_067e0d0fa300,tunisieannonce,tunis,0.0913,False,13.87,"[""no_images_high_price""]","{""model_used"": ""tunis""}",isolation_forest_v2
tunisieannonce_06dc53b94980,tunisieannonce,tunis,0.0784,False,17.24,"[""no_images_high_price""]","{""model_used"": ""tunis""}",isolation_forest_v2
tunisieannonce_069b832aa66d,tunisieannonce,tunis,0.1827,False,2.52,[],"{""model_used"": ""tunis""}",isolation_forest_v2
tunisieannonce_303785b68428,tunisieannonce,tunis,0.1163,False,8.9,[],"{""model_used"": ""tunis""}",isolation_forest_v2
tunisieannonce_078d6b6f1d1a,tunisieannonce,tunis,0.1105,False,9.88,"[""no_images_high_price""]","{""model_used"": ""tunis""}",isolation_forest_v2
tunisieannonce_0832fb265089,tunisieannonce,tunis,0.1796,False,2.68,[],"{""model_used"": ""tunis""}",isolation_forest_v2
tunisieannonce_08a0f3a06940,tunisieannonce,tunis,0.0686,False,20.24,[],"{""model_used"": ""tunis""}",isolation_forest_v2
tunisieannonce_08ec64f3f2e1,tunisieannonce,tunis,0.165,False,3.56,[],"{""model_used"": ""tunis""}",isolation_forest_v2
tunisieannonce_0938c485f8d2,tunisieannonce,tunis,0.1044,False,11.02,"[""no_images_high_price""]","{""model_used"": ""tunis""}",isolation_forest_v2
tunisieannonce_0aa1dd089128,tunisieannonce,tunis,0.1302,False,6.88,[],"{""model_used"": ""tunis""}",isolation_forest_v2
tunisieannonce_08e2b11e60a7,tunisieannonce,tunis,0.0797,False,16.89,"[""price_too_high_for_region""]","{""model_used"": ""tunis""}",isolation_forest_v2
tunisieannonce_096bdeceadb3,tunisieannonce,tunis,0.1751,False,2.93,[],"{""model_used"": ""tunis""}",isolation_forest_v2
tunisieannonce_0a1ce4665261,tunisieannonce,tunis,0.1485,False,4.88,[],"{""model_used"": ""tunis""}",isolation_forest_v2
tunisieannonce_09fd514f05cb,tunisieannonce,tunis,0.1719,False,3.11,[],"{""model_used"": ""tunis""}",isolation_forest_v2
tunisieannonce_09b1bae71919,tunisieannonce,tunis,0.1497,False,4.77,[],"{""model_used"": ""tunis""}",isolation_forest_v2
tunisieannonce_383fbcf28efb,tunisieannonce,tunis,0.1437,False,5.35,[],"{""model_used"": ""tunis""}",isolation_forest_v2
tunisieannonce_0a9a62902297,tunisieannonce,tunis,0.1239,False,7.74,[],"{""model_used"": ""tunis""}",isolation_forest_v2
tunisieannonce_0a325feecb2c,tunisieannonce,tunis,0.1373,False,6.04,[],"{""model_used"": ""tunis""}",isolation_forest_v2
tunisieannonce_0b8304ef4963,tunisieannonce,tunis,0.1796,False,2.68,[],"{""model_used"": ""tunis""}",isolation_forest_v2
tunisieannonce_0c070504db86,tunisieannonce,tunis,0.0484,False,27.51,[],"{""model_used"": ""tunis""}",isolation_forest_v2
tunisieannonce_0d701ea516e2,tunisieannonce,tunis,0.1725,False,3.08,[],"{""model_used"": ""tunis""}",isolation_forest_v2
tunisieannonce_0c226ed4006a,tunisieannonce,tunis,-0.1388,True,94.14,"[""extreme_price_per_m2"", ""price_too_high_for_region""]","{""model_used"": ""tunis""}",isolation_forest_v2
tunisieannonce_0c0c6db28f6c,tunisieannonce,tunis,0.1254,False,7.54,"[""no_images_high_price""]","{""model_used"": ""tunis""}",isolation_forest_v2
tunisieannonce_0cac0f203518,tunisieannonce,tunis,0.1556,False,4.26,[],"{""model_used"": ""tunis""}",isolation_forest_v2
tunisieannonce_0cf2492edd95,tunisieannonce,tunis,0.0725,False,18.99,[],"{""model_used"": ""tunis""}",isolation_forest_v2
tunisieannonce_0d4c5de07bf8,tunisieannonce,tunis,0.0969,False,12.6,"[""no_images_high_price""]","{""model_used"": ""tunis""}",isolation_forest_v2
tunisieannonce_0e4dd3b183be,tunisieannonce,tunis,0.0176,False,41.28,[],"{""model_used"": ""tunis""}",isolation_forest_v2
tunisieannonce_0df7b61c664f,tunisieannonce,tunis,0.0935,False,13.34,[],"{""model_used"": ""tunis""}",isolation_forest_v2
tunisieannonce_0e00fd23a870,tunisieannonce,tunis,0.0793,False,16.99,[],"{""model_used"": ""tunis""}",isolation_forest_v2
tunisieannonce_0e99f9eab281,tunisieannonce,tunis,0.1446,False,5.25,[],"{""model_used"": ""tunis""}",isolation_forest_v2
tunisieannonce_0ec6330c6548,tunisieannonce,tunis,0.1385,False,5.89,"[""no_images_high_price""]","{""model_used"": ""tunis""}",isolation_forest_v2
tunisieannonce_0e897ded0f62,tunisieannonce,tunis,0.1028,False,11.35,[],"{""model_used"": ""tunis""}",isolation_forest_v2
tunisieannonce_0f1b30afce1d,tunisieannonce,tunis,0.1022,False,11.47,[],"{""model_used"": ""tunis""}",isolation_forest_v2
tunisieannonce_0f4aea7aa51e,tunisieannonce,tunis,0.1214,False,8.11,"[""no_images_high_price""]","{""model_used"": ""tunis""}",isolation_forest_v2
tunisieannonce_10117993de70,tunisieannonce,tunis,0.1761,False,2.87,[],"{""model_used"": ""tunis""}",isolation_forest_v2
tunisieannonce_1003dc04cad5,tunisieannonce,tunis,0.1704,False,3.2,[],"{""model_used"": ""tunis""}",isolation_forest_v2
tunisieannonce_10834ecd53ad,tunisieannonce,tunis,0.1303,False,6.88,[],"{""model_used"": ""tunis""}",isolation_forest_v2
tunisieannonce_0ff9a830ac93,tunisieannonce,tunis,0.1529,False,4.49,"[""no_images_high_price""]","{""model_used"": ""tunis""}",isolation_forest_v2
tunisieannonce_10b0ed26f13b,tunisieannonce,tunis,0.1403,False,5.7,[],"{""model_used"": ""tunis""}",isolation_forest_v2
tunisieannonce_10d7dc8f26ea,tunisieannonce,tunis,0.0309,False,35.01,"[""no_images_high_price""]","{""model_used"": ""tunis""}",isolation_forest_v2
tunisieannonce_10ec510df311,tunisieannonce,tunis,0.1275,False,7.24,"[""no_images_high_price""]","{""model_used"": ""tunis""}",isolation_forest_v2
tunisieannonce_1169b2a65e52,tunisieannonce,tunis,0.132,False,6.66,[],"{""model_used"": ""tunis""}",isolation_forest_v2
tunisieannonce_1291aae5fc9f,tunisieannonce,tunis,0.1316,False,6.71,"[""no_images_high_price""]","{""model_used"": ""tunis""}",isolation_forest_v2
tunisieannonce_12944bc25951,tunisieannonce,tunis,0.1508,False,4.67,[],"{""model_used"": ""tunis""}",isolation_forest_v2
tunisieannonce_128547791feb,tunisieannonce,tunis,0.0707,False,19.56,[],"{""model_used"": ""tunis""}",isolation_forest_v2
tunisieannonce_141f8daddc30,tunisieannonce,tunis,0.1692,False,3.28,[],"{""model_used"": ""tunis""}",isolation_forest_v2
tunisieannonce_53f15882bb3b,tunisieannonce,tunis,0.1079,False,10.36,"[""no_images_high_price""]","{""model_used"": ""tunis""}",isolation_forest_v2
tunisieannonce_1335b659aa60,tunisieannonce,tunis,0.1706,False,3.19,[],"{""model_used"": ""tunis""}",isolation_forest_v2
tunisieannonce_14c17f2dd17e,tunisieannonce,tunis,0.1235,False,7.8,"[""no_images_high_price""]","{""model_used"": ""tunis""}",isolation_forest_v2
tunisieannonce_146df09152c4,tunisieannonce,tunis,0.1425,False,5.47,[],"{""model_used"": ""tunis""}",isolation_forest_v2
tunisieannonce_14b5bfb71690,tunisieannonce,tunis,0.1174,False,8.72,[],"{""model_used"": ""tunis""}",isolation_forest_v2
tunisieannonce_1537155e73d2,tunisieannonce,tunis,-0.059,True,76.51,[],"{""model_used"": ""tunis""}",isolation_forest_v2
tunisieannonce_15873f382255,tunisieannonce,tunis,0.1649,False,3.56,[],"{""model_used"": ""tunis""}",isolation_forest_v2
tunisieannonce_158cc6dcf625,tunisieannonce,tunis,0.0986,False,12.21,[],"{""model_used"": ""tunis""}",isolation_forest_v2
tunisieannonce_1629b9730ca9,tunisieannonce,tunis,0.0467,False,28.23,[],"{""model_used"": ""tunis""}",isolation_forest_v2
tunisieannonce_1612e325c5b7,tunisieannonce,tunis,0.1721,False,3.1,[],"{""model_used"": ""tunis""}",isolation_forest_v2
tunisieannonce_174019a4d537,tunisieannonce,tunis,0.1559,False,4.23,[],"{""model_used"": ""tunis""}",isolation_forest_v2
tunisieannonce_16489211cab2,tunisieannonce,tunis,0.1077,False,10.4,[],"{""model_used"": ""tunis""}",isolation_forest_v2
tunisieannonce_17090bdc8a12,tunisieannonce,tunis,-0.0218,True,60.71,"[""no_images_high_price""]","{""model_used"": ""tunis""}",isolation_forest_v2
tunisieannonce_16fe2d9b12ad,tunisieannonce,tunis,0.0904,False,14.1,[],"{""model_used"": ""tunis""}",isolation_forest_v2
tunisieannonce_1766a8636cdc,tunisieannonce,tunis,0.1046,False,10.98,"[""no_images_high_price""]","{""model_used"": ""tunis""}",isolation_forest_v2
tunisieannonce_1742ab409998,tunisieannonce,tunis,0.1165,False,8.87,[],"{""model_used"": ""tunis""}",isolation_forest_v2
tunisieannonce_18a225d64af2,tunisieannonce,tunis,0.0662,False,21.01,"[""no_images_high_price""]","{""model_used"": ""tunis""}",isolation_forest_v2
tunisieannonce_18a8fef8c13b,tunisieannonce,tunis,0.1031,False,11.28,"[""no_images_high_price""]","{""model_used"": ""tunis""}",isolation_forest_v2
tunisieannonce_182ffa9a5ef8,tunisieannonce,tunis,0.1695,False,3.26,[],"{""model_used"": ""tunis""}",isolation_forest_v2
tunisieannonce_18893e6d4628,tunisieannonce,tunis,0.178,False,2.77,[],"{""model_used"": ""tunis""}",isolation_forest_v2
tunisieannonce_193d31aa695e,tunisieannonce,tunis,0.1389,False,5.85,[],"{""model_used"": ""tunis""}",isolation_forest_v2
tunisieannonce_19404c7572ab,tunisieannonce,tunis,0.1359,False,6.2,"[""no_images_high_price""]","{""model_used"": ""tunis""}",isolation_forest_v2
tunisieannonce_1965bab2dcc8,tunisieannonce,tunis,0.0093,False,45.38,"[""no_images_high_price""]","{""model_used"": ""tunis""}",isolation_forest_v2
tunisieannonce_19fac143e823,tunisieannonce,tunis,0.1833,False,2.49,[],"{""model_used"": ""tunis""}",isolation_forest_v2
tunisieannonce_199d93586d12,tunisieannonce,tunis,0.1269,False,7.32,[],"{""model_used"": ""tunis""}",isolation_forest_v2
tunisieannonce_1a8dd39a27ee,tunisieannonce,tunis,0.1885,False,2.25,[],"{""model_used"": ""tunis""}",isolation_forest_v2
tunisieannonce_1a5c96024997,tunisieannonce,tunis,0.126,False,7.45,[],"{""model_used"": ""tunis""}",isolation_forest_v2
tunisieannonce_1b487054cc67,tunisieannonce,tunis,0.1237,False,7.77,[],"{""model_used"": ""tunis""}",isolation_forest_v2
tunisieannonce_1b944dc7ab05,tunisieannonce,tunis,0.1066,False,10.6,"[""no_images_high_price""]","{""model_used"": ""tunis""}",isolation_forest_v2
tunisieannonce_1b4105b95f75,tunisieannonce,tunis,0.0711,False,19.43,"[""no_images_high_price""]","{""model_used"": ""tunis""}",isolation_forest_v2
tunisieannonce_1b9a59418cd2,tunisieannonce,tunis,0.1802,False,2.65,[],"{""model_used"": ""tunis""}",isolation_forest_v2
tunisieannonce_1d9c6d635652,tunisieannonce,tunis,0.1808,False,2.62,[],"{""model_used"": ""tunis""}",isolation_forest_v2
tunisieannonce_1e133d6f7688,tunisieannonce,tunis,0.149,False,4.84,[],"{""model_used"": ""tunis""}",isolation_forest_v2
tunisieannonce_1dacda7de231,tunisieannonce,tunis,0.1736,False,3.01,"[""no_images_high_price""]","{""model_used"": ""tunis""}",isolation_forest_v2
tunisieannonce_1d87c0451393,tunisieannonce,tunis,0.1703,False,3.21,[],"{""model_used"": ""tunis""}",isolation_forest_v2
tunisieannonce_1ecc16626706,tunisieannonce,tunis,0.0699,False,19.8,"[""no_images_high_price""]","{""model_used"": ""tunis""}",isolation_forest_v2
tunisieannonce_1e70f780bee1,tunisieannonce,tunis,0.1341,False,6.41,"[""no_images_high_price""]","{""model_used"": ""tunis""}",isolation_forest_v2
tunisieannonce_1e4e76a0db3a,tunisieannonce,tunis,0.1367,False,6.1,[],"{""model_used"": ""tunis""}",isolation_forest_v2
tunisieannonce_1f37519a89e6,tunisieannonce,tunis,0.1275,False,7.24,[],"{""model_used"": ""tunis""}",isolation_forest_v2
tunisieannonce_1f17a17e3366,tunisieannonce,tunis,0.1626,False,3.73,[],"{""model_used"": ""tunis""}",isolation_forest_v2
tunisieannonce_204c53062245,tunisieannonce,tunis,0.1107,False,9.85,[],"{""model_used"": ""tunis""}",isolation_forest_v2
tunisieannonce_2010f499a828,tunisieannonce,tunis,0.1288,False,7.08,[],"{""model_used"": ""tunis""}",isolation_forest_v2
tunisieannonce_2093df6a1351,tunisieannonce,tunis,0.1192,False,8.45,[],"{""model_used"": ""tunis""}",isolation_forest_v2
tunisieannonce_206a0f6d3c38,tunisieannonce,tunis,0.1408,False,5.65,[],"{""model_used"": ""tunis""}",isolation_forest_v2
tunisieannonce_20e4f49fe5f9,tunisieannonce,tunis,0.1598,False,3.93,[],"{""model_used"": ""tunis""}",isolation_forest_v2
tunisieannonce_21240771d2e1,tunisieannonce,tunis,0.1671,False,3.42,[],"{""model_used"": ""tunis""}",isolation_forest_v2
tunisieannonce_21a24afa28c7,tunisieannonce,tunis,0.1047,False,10.97,"[""no_images_high_price""]","{""model_used"": ""tunis""}",isolation_forest_v2
tunisieannonce_212e0a512ddd,tunisieannonce,tunis,0.1794,False,2.69,[],"{""model_used"": ""tunis""}",isolation_forest_v2
tunisieannonce_21151b08bf87,tunisieannonce,tunis,0.1757,False,2.89,[],"{""model_used"": ""tunis""}",isolation_forest_v2
tunisieannonce_224fdd8b6e77,tunisieannonce,tunis,0.1639,False,3.64,[],"{""model_used"": ""tunis""}",isolation_forest_v2
tunisieannonce_22443521e2c1,tunisieannonce,tunis,0.159,False,3.99,[],"{""model_used"": ""tunis""}",isolation_forest_v2
tunisieannonce_230119f58d4e,tunisieannonce,tunis,0.1383,False,5.92,[],"{""model_used"": ""tunis""}",isolation_forest_v2
tunisieannonce_22ceaded67eb,tunisieannonce,tunis,0.129,False,7.05,[],"{""model_used"": ""tunis""}",isolation_forest_v2
tunisieannonce_2594aa9a5098,tunisieannonce,tunis,0.1639,False,3.63,[],"{""model_used"": ""tunis""}",isolation_forest_v2
tunisieannonce_237015c5442e,tunisieannonce,tunis,0.1287,False,7.08,"[""price_too_high_for_region""]","{""model_used"": ""tunis""}",isolation_forest_v2
tunisieannonce_238cf3377752,tunisieannonce,tunis,0.1552,False,4.3,"[""no_images_high_price""]","{""model_used"": ""tunis""}",isolation_forest_v2
tunisieannonce_23bb32ae5379,tunisieannonce,tunis,0.0534,False,25.59,"[""no_images_high_price""]","{""model_used"": ""tunis""}",isolation_forest_v2
tunisieannonce_239e571fcdc5,tunisieannonce,tunis,0.1454,False,5.18,[],"{""model_used"": ""tunis""}",isolation_forest_v2
tunisieannonce_24dbe2fbb920,tunisieannonce,tunis,0.1504,False,4.71,[],"{""model_used"": ""tunis""}",isolation_forest_v2
tunisieannonce_250e60b9098e,tunisieannonce,tunis,0.0505,False,26.69,[],"{""model_used"": ""tunis""}",isolation_forest_v2
tunisieannonce_254e683e6a6f,tunisieannonce,tunis,0.0789,False,17.12,[],"{""model_used"": ""tunis""}",isolation_forest_v2
tunisieannonce_25d411608b25,tunisieannonce,tunis,0.13,False,6.91,[],"{""model_used"": ""tunis""}",isolation_forest_v2
tunisieannonce_26fbfd4252b3,tunisieannonce,tunis,0.0059,False,47.07,[],"{""model_used"": ""tunis""}",isolation_forest_v2
tunisieannonce_261cd45aceee,tunisieannonce,tunis,0.0966,False,12.65,"[""no_images_high_price""]","{""model_used"": ""tunis""}",isolation_forest_v2
tunisieannonce_2782799597be,tunisieannonce,tunis,0.1314,False,6.74,"[""no_images_high_price""]","{""model_used"": ""tunis""}",isolation_forest_v2
tunisieannonce_271148340112,tunisieannonce,tunis,0.1519,False,4.57,[],"{""model_used"": ""tunis""}",isolation_forest_v2
tunisieannonce_2765b150f5b7,tunisieannonce,tunis,0.1575,False,4.11,[],"{""model_used"": ""tunis""}",isolation_forest_v2
tunisieannonce_27ddc7b28d62,tunisieannonce,tunis,0.0949,False,13.04,[],"{""model_used"": ""tunis""}",isolation_forest_v2
tunisieannonce_27f2fefff5d1,tunisieannonce,tunis,0.01,False,45.02,"[""no_images_high_price""]","{""model_used"": ""tunis""}",isolation_forest_v2
tunisieannonce_28d636c7fa4b,tunisieannonce,tunis,0.1094,False,10.08,[],"{""model_used"": ""tunis""}",isolation_forest_v2
tunisieannonce_293ac0f53432,tunisieannonce,tunis,0.142,False,5.52,"[""no_images_high_price"", ""price_too_high_for_region""]","{""model_used"": ""tunis""}",isolation_forest_v2
tunisieannonce_295bb01c8a62,tunisieannonce,tunis,0.18,False,2.66,[],"{""model_used"": ""tunis""}",isolation_forest_v2
tunisieannonce_29ee014c17d1,tunisieannonce,tunis,0.1224,False,7.96,"[""no_images_high_price""]","{""model_used"": ""tunis""}",isolation_forest_v2
tunisieannonce_2a016b563e80,tunisieannonce,tunis,0.0512,False,26.42,"[""no_images_high_price""]","{""model_used"": ""tunis""}",isolation_forest_v2
tunisieannonce_2a8a9b13d0e8,tunisieannonce,tunis,-0.0175,True,58.65,[],"{""model_used"": ""tunis""}",isolation_forest_v2
tunisieannonce_2bbdafd0cd98,tunisieannonce,tunis,0.0842,False,15.66,[],"{""model_used"": ""tunis""}",isolation_forest_v2
tunisieannonce_2affe687a9c1,tunisieannonce,tunis,-0.0617,True,77.43,[],"{""model_used"": ""tunis""}",isolation_forest_v2
tunisieannonce_2ae0f5c06ae6,tunisieannonce,tunis,0.137,False,6.07,[],"{""model_used"": ""tunis""}",isolation_forest_v2
tunisieannonce_2b28d9e49cf2,tunisieannonce,tunis,0.1213,False,8.12,[],"{""model_used"": ""tunis""}",isolation_forest_v2
tunisieannonce_2b18598b7101,tunisieannonce,tunis,0.1492,False,4.82,[],"{""model_used"": ""tunis""}",isolation_forest_v2
tunisieannonce_2b94c86c6496,tunisieannonce,tunis,0.0517,False,26.23,"[""no_images_high_price""]","{""model_used"": ""tunis""}",isolation_forest_v2
tunisieannonce_2bf3296e2ff5,tunisieannonce,tunis,0.0998,False,11.96,[],"{""model_used"": ""tunis""}",isolation_forest_v2
tunisieannonce_2cdc19527eb1,tunisieannonce,tunis,0.0271,False,36.79,[],"{""model_used"": ""tunis""}",isolation_forest_v2
tunisieannonce_2c8c50023f98,tunisieannonce,tunis,0.1801,False,2.65,[],"{""model_used"": ""tunis""}",isolation_forest_v2
tunisieannonce_2cd9f4474d25,tunisieannonce,tunis,-0.0093,True,54.65,"[""no_images_high_price""]","{""model_used"": ""tunis""}",isolation_forest_v2
tunisieannonce_2e593fd4ba10,tunisieannonce,tunis,0.0809,False,16.54,[],"{""model_used"": ""tunis""}",isolation_forest_v2
tunisieannonce_2dd5388b8409,tunisieannonce,tunis,0.1106,False,9.86,"[""no_images_high_price""]","{""model_used"": ""tunis""}",isolation_forest_v2
tunisieannonce_2ec705d24e88,tunisieannonce,tunis,0.0947,False,13.09,"[""no_images_high_price""]","{""model_used"": ""tunis""}",isolation_forest_v2
tunisieannonce_2e9e1f846fb8,tunisieannonce,tunis,0.0434,False,29.57,[],"{""model_used"": ""tunis""}",isolation_forest_v2
tunisieannonce_2ecafbf607c0,tunisieannonce,tunis,0.1622,False,3.75,[],"{""model_used"": ""tunis""}",isolation_forest_v2
tunisieannonce_2f30e2f5bafd,tunisieannonce,tunis,0.1515,False,4.61,"[""no_images_high_price""]","{""model_used"": ""tunis""}",isolation_forest_v2
tunisieannonce_2fda92328987,tunisieannonce,tunis,0.0297,False,35.59,"[""no_images_high_price""]","{""model_used"": ""tunis""}",isolation_forest_v2
tunisieannonce_302bf775ffd6,tunisieannonce,tunis,0.087,False,14.92,"[""no_images_high_price""]","{""model_used"": ""tunis""}",isolation_forest_v2
tunisieannonce_2fb6014ed9fe,tunisieannonce,tunis,0.1754,False,2.91,[],"{""model_used"": ""tunis""}",isolation_forest_v2
tunisieannonce_308e5098a710,tunisieannonce,tunis,0.075,False,18.23,[],"{""model_used"": ""tunis""}",isolation_forest_v2
tunisieannonce_312923c4d7dd,tunisieannonce,tunis,0.1089,False,10.18,[],"{""model_used"": ""tunis""}",isolation_forest_v2
tunisieannonce_3097699b393e,tunisieannonce,tunis,0.0619,False,22.49,"[""no_images_high_price""]","{""model_used"": ""tunis""}",isolation_forest_v2
tunisieannonce_323d39bd4f90,tunisieannonce,tunis,0.1673,False,3.4,[],"{""model_used"": ""tunis""}",isolation_forest_v2
tunisieannonce_31ae222e9443,tunisieannonce,tunis,0.102,False,11.51,[],"{""model_used"": ""tunis""}",isolation_forest_v2
tunisieannonce_32395bd4ca56,tunisieannonce,tunis,0.1517,False,4.59,[],"{""model_used"": ""tunis""}",isolation_forest_v2
tunisieannonce_323d9a4c0f3a,tunisieannonce,tunis,0.1306,False,6.84,[],"{""model_used"": ""tunis""}",isolation_forest_v2
tunisieannonce_339854e8e4b6,tunisieannonce,tunis,0.0731,False,18.82,"[""no_images_high_price""]","{""model_used"": ""tunis""}",isolation_forest_v2
tunisieannonce_332e4a5a67cc,tunisieannonce,tunis,0.0808,False,16.57,[],"{""model_used"": ""tunis""}",isolation_forest_v2
tunisieannonce_33757df96ed8,tunisieannonce,tunis,0.1037,False,11.17,[],"{""model_used"": ""tunis""}",isolation_forest_v2
tunisieannonce_34c118147160,tunisieannonce,tunis,0.1157,False,9.0,"[""price_too_high_for_region""]","{""model_used"": ""tunis""}",isolation_forest_v2
tunisieannonce_3584b3df6961,tunisieannonce,tunis,0.0325,False,34.31,[],"{""model_used"": ""tunis""}",isolation_forest_v2
tunisieannonce_362b9c7463d6,tunisieannonce,tunis,0.1355,False,6.24,[],"{""model_used"": ""tunis""}",isolation_forest_v2
tunisieannonce_36a82c80a74a,tunisieannonce,tunis,0.1113,False,9.75,"[""price_too_high_for_region""]","{""model_used"": ""tunis""}",isolation_forest_v2
tunisieannonce_363f88529048,tunisieannonce,tunis,0.1573,False,4.13,[],"{""model_used"": ""tunis""}",isolation_forest_v2
tunisieannonce_37c1329b46e3,tunisieannonce,tunis,0.1229,False,7.88,"[""no_images_high_price""]","{""model_used"": ""tunis""}",isolation_forest_v2
tunisieannonce_370e89f168f0,tunisieannonce,tunis,0.1143,False,9.23,[],"{""model_used"": ""tunis""}",isolation_forest_v2
tunisieannonce_36df1f2893bf,tunisieannonce,tunis,0.1191,False,8.45,[],"{""model_used"": ""tunis""}",isolation_forest_v2
tunisieannonce_38164cf26e2f,tunisieannonce,tunis,0.0771,False,17.61,"[""no_images_high_price""]","{""model_used"": ""tunis""}",isolation_forest_v2
tunisieannonce_387c6cb1abef,tunisieannonce,tunis,0.1672,False,3.41,[],"{""model_used"": ""tunis""}",isolation_forest_v2
tunisieannonce_3924c1fce5bb,tunisieannonce,tunis,0.1242,False,7.71,[],"{""model_used"": ""tunis""}",isolation_forest_v2
tunisieannonce_391e60776983,tunisieannonce,tunis,0.1606,False,3.88,[],"{""model_used"": ""tunis""}",isolation_forest_v2
tunisieannonce_392d2ee885be,tunisieannonce,tunis,0.1675,False,3.39,[],"{""model_used"": ""tunis""}",isolation_forest_v2
tunisieannonce_38eaa3af3806,tunisieannonce,tunis,0.1591,False,3.99,[],"{""model_used"": ""tunis""}",isolation_forest_v2
tunisieannonce_3a0ff469cd96,tunisieannonce,tunis,0.1832,False,2.5,[],"{""model_used"": ""tunis""}",isolation_forest_v2
tunisieannonce_39dfa06f8ae7,tunisieannonce,tunis,0.1763,False,2.86,[],"{""model_used"": ""tunis""}",isolation_forest_v2
tunisieannonce_3a0a1defc5dc,tunisieannonce,tunis,0.1255,False,7.52,"[""no_images_high_price""]","{""model_used"": ""tunis""}",isolation_forest_v2
tunisieannonce_3b3b6bb8b2a2,tunisieannonce,tunis,0.1692,False,3.28,[],"{""model_used"": ""tunis""}",isolation_forest_v2
tunisieannonce_3ac5a76ce7ea,tunisieannonce,tunis,0.1241,False,7.71,[],"{""model_used"": ""tunis""}",isolation_forest_v2
tunisieannonce_3bdb70651d9b,tunisieannonce,tunis,0.1468,False,5.04,[],"{""model_used"": ""tunis""}",isolation_forest_v2
tunisieannonce_3ba876696f85,tunisieannonce,tunis,0.0984,False,12.25,"[""no_images_high_price""]","{""model_used"": ""tunis""}",isolation_forest_v2
tunisieannonce_3c23f05a1e88,tunisieannonce,tunis,0.1744,False,2.97,[],"{""model_used"": ""tunis""}",isolation_forest_v2
tunisieannonce_3c4d57a231ad,tunisieannonce,tunis,0.0085,False,45.74,"[""no_images_high_price""]","{""model_used"": ""tunis""}",isolation_forest_v2
tunisieannonce_3cd14d625969,tunisieannonce,tunis,0.1469,False,5.03,[],"{""model_used"": ""tunis""}",isolation_forest_v2
tunisieannonce_3c99b5c8d35e,tunisieannonce,tunis,0.1166,False,8.84,[],"{""model_used"": ""tunis""}",isolation_forest_v2
tunisieannonce_3d5c267c61a1,tunisieannonce,tunis,0.1828,False,2.52,[],"{""model_used"": ""tunis""}",isolation_forest_v2
tunisieannonce_3d6802865453,tunisieannonce,tunis,0.1383,False,5.92,[],"{""model_used"": ""tunis""}",isolation_forest_v2
tunisieannonce_59e38df76aad,tunisieannonce,tunis,0.1731,False,3.04,[],"{""model_used"": ""tunis""}",isolation_forest_v2
tunisieannonce_3d89f38da69e,tunisieannonce,tunis,0.1744,False,2.97,[],"{""model_used"": ""tunis""}",isolation_forest_v2
tunisieannonce_3d3f501765cb,tunisieannonce,tunis,0.1418,False,5.54,[],"{""model_used"": ""tunis""}",isolation_forest_v2
tunisieannonce_3e11a80c6c37,tunisieannonce,tunis,0.1799,False,2.66,[],"{""model_used"": ""tunis""}",isolation_forest_v2
tunisieannonce_3e6f3ed004c0,tunisieannonce,tunis,0.112,False,9.62,"[""no_images_high_price""]","{""model_used"": ""tunis""}",isolation_forest_v2
tunisieannonce_3f6c7b56050c,tunisieannonce,tunis,0.1561,False,4.22,[],"{""model_used"": ""tunis""}",isolation_forest_v2
tunisieannonce_9862880b5324,tunisieannonce,tunis,0.1834,False,2.49,[],"{""model_used"": ""tunis""}",isolation_forest_v2
tunisieannonce_3ed93a216620,tunisieannonce,tunis,0.1877,False,2.29,[],"{""model_used"": ""tunis""}",isolation_forest_v2
tunisieannonce_3f61b1f153d9,tunisieannonce,tunis,0.0267,False,36.98,[],"{""model_used"": ""tunis""}",isolation_forest_v2
tunisieannonce_402db9dca218,tunisieannonce,tunis,0.1516,False,4.6,[],"{""model_used"": ""tunis""}",isolation_forest_v2
tunisieannonce_405abd530100,tunisieannonce,tunis,0.1704,False,3.2,[],"{""model_used"": ""tunis""}",isolation_forest_v2
tunisieannonce_3fde87e84d4c,tunisieannonce,tunis,-0.0097,True,54.84,"[""no_images_high_price""]","{""model_used"": ""tunis""}",isolation_forest_v2
tunisieannonce_40e57f9a8ec9,tunisieannonce,tunis,0.1606,False,3.87,[],"{""model_used"": ""tunis""}",isolation_forest_v2
tunisieannonce_40906099fe3b,tunisieannonce,tunis,0.1093,False,10.1,[],"{""model_used"": ""tunis""}",isolation_forest_v2
tunisieannonce_414aceef600b,tunisieannonce,tunis,0.1169,False,8.8,"[""no_images_high_price""]","{""model_used"": ""tunis""}",isolation_forest_v2
tunisieannonce_41ce4d3d2fd6,tunisieannonce,tunis,0.1748,False,2.94,[],"{""model_used"": ""tunis""}",isolation_forest_v2
tunisieannonce_4132e8c81af4,tunisieannonce,tunis,0.1188,False,8.5,[],"{""model_used"": ""tunis""}",isolation_forest_v2
tunisieannonce_41b99a3a8101,tunisieannonce,tunis,0.1849,False,2.42,[],"{""model_used"": ""tunis""}",isolation_forest_v2
tunisieannonce_41bf23ada899,tunisieannonce,tunis,0.1841,False,2.46,[],"{""model_used"": ""tunis""}",isolation_forest_v2
tunisieannonce_429b6294f997,tunisieannonce,tunis,0.0308,False,35.06,"[""no_images_high_price"", ""price_too_high_for_region""]","{""model_used"": ""tunis""}",isolation_forest_v2
tunisieannonce_41fb6b468054,tunisieannonce,tunis,-0.0497,True,73.0,[],"{""model_used"": ""tunis""}",isolation_forest_v2
tunisieannonce_42e61e94c0e9,tunisieannonce,tunis,0.0356,False,32.93,"[""no_images_high_price""]","{""model_used"": ""tunis""}",isolation_forest_v2
tunisieannonce_434f7ebe8537,tunisieannonce,tunis,0.1198,False,8.35,[],"{""model_used"": ""tunis""}",isolation_forest_v2
tunisieannonce_433caab68a02,tunisieannonce,tunis,0.1458,False,5.14,"[""no_images_high_price""]","{""model_used"": ""tunis""}",isolation_forest_v2
tunisieannonce_43b4e2f32df4,tunisieannonce,tunis,0.1598,False,3.93,"[""no_images_high_price""]","{""model_used"": ""tunis""}",isolation_forest_v2
tunisieannonce_43592128fa7a,tunisieannonce,tunis,0.1237,False,7.78,[],"{""model_used"": ""tunis""}",isolation_forest_v2
tunisieannonce_449e4fff3127,tunisieannonce,tunis,0.1713,False,3.15,[],"{""model_used"": ""tunis""}",isolation_forest_v2
tunisieannonce_449711d5a332,tunisieannonce,tunis,0.1715,False,3.14,[],"{""model_used"": ""tunis""}",isolation_forest_v2
tunisieannonce_4494b8bdaca9,tunisieannonce,tunis,0.1292,False,7.01,"[""no_images_high_price""]","{""model_used"": ""tunis""}",isolation_forest_v2
tunisieannonce_4498a9608f1c,tunisieannonce,tunis,0.0561,False,24.57,"[""no_images_high_price""]","{""model_used"": ""tunis""}",isolation_forest_v2
tunisieannonce_4522eeea31dc,tunisieannonce,tunis,0.1625,False,3.74,[],"{""model_used"": ""tunis""}",isolation_forest_v2
tunisieannonce_45357056027a,tunisieannonce,tunis,0.0251,False,37.7,"[""price_too_high_for_region""]","{""model_used"": ""tunis""}",isolation_forest_v2
tunisieannonce_45865d7ead9b,tunisieannonce,tunis,0.0708,False,19.52,[],"{""model_used"": ""tunis""}",isolation_forest_v2
tunisieannonce_45bcf539cafb,tunisieannonce,tunis,0.1169,False,8.8,"[""price_too_high_for_region""]","{""model_used"": ""tunis""}",isolation_forest_v2
tunisieannonce_45d35c32842c,tunisieannonce,tunis,0.071,False,19.46,"[""no_images_high_price""]","{""model_used"": ""tunis""}",isolation_forest_v2
tunisieannonce_460dbad7b5a9,tunisieannonce,tunis,0.1705,False,3.2,[],"{""model_used"": ""tunis""}",isolation_forest_v2
tunisieannonce_4619c2a0144f,tunisieannonce,tunis,0.1604,False,3.88,[],"{""model_used"": ""tunis""}",isolation_forest_v2
tunisieannonce_46bf20a98f20,tunisieannonce,tunis,0.1486,False,4.87,"[""no_images_high_price""]","{""model_used"": ""tunis""}",isolation_forest_v2
tunisieannonce_46d75b2b6d92,tunisieannonce,tunis,0.1386,False,5.88,[],"{""model_used"": ""tunis""}",isolation_forest_v2
tunisieannonce_476e56b5f158,tunisieannonce,tunis,0.1874,False,2.3,[],"{""model_used"": ""tunis""}",isolation_forest_v2
tunisieannonce_4a4e4225abce,tunisieannonce,tunis,0.0905,False,14.07,[],"{""model_used"": ""tunis""}",isolation_forest_v2
tunisieannonce_476d15418301,tunisieannonce,tunis,0.0851,False,15.42,"[""no_images_high_price"", ""price_too_high_for_region""]","{""model_used"": ""tunis""}",isolation_forest_v2
tunisieannonce_47b827820da7,tunisieannonce,tunis,0.1617,False,3.79,[],"{""model_used"": ""tunis""}",isolation_forest_v2
tunisieannonce_47d0e9f832d4,tunisieannonce,tunis,0.1578,False,4.09,[],"{""model_used"": ""tunis""}",isolation_forest_v2
tunisieannonce_48166e7a952f,tunisieannonce,tunis,0.0988,False,12.18,"[""no_images_high_price""]","{""model_used"": ""tunis""}",isolation_forest_v2
tunisieannonce_4817fbcdff69,tunisieannonce,tunis,0.1846,False,2.43,[],"{""model_used"": ""tunis""}",isolation_forest_v2
tunisieannonce_49360c23f013,tunisieannonce,tunis,0.1612,False,3.83,[],"{""model_used"": ""tunis""}",isolation_forest_v2
tunisieannonce_48e747c683a2,tunisieannonce,tunis,0.1237,False,7.76,[],"{""model_used"": ""tunis""}",isolation_forest_v2
tunisieannonce_4976ed62cab5,tunisieannonce,tunis,0.1328,False,6.56,"[""no_images_high_price""]","{""model_used"": ""tunis""}",isolation_forest_v2
tunisieannonce_499e85b9a277,tunisieannonce,tunis,0.144,False,5.31,"[""no_images_high_price""]","{""model_used"": ""tunis""}",isolation_forest_v2
tunisieannonce_49e469f46e87,tunisieannonce,tunis,-0.0584,True,76.28,"[""rooms_surface_inconsistent"", ""extreme_price_per_m2""]","{""model_used"": ""tunis""}",isolation_forest_v2
tunisieannonce_4a38c6c391f5,tunisieannonce,tunis,0.0824,False,16.14,[],"{""model_used"": ""tunis""}",isolation_forest_v2
tunisieannonce_50b3c92f9f06,tunisieannonce,tunis,0.1503,False,4.71,"[""no_images_high_price""]","{""model_used"": ""tunis""}",isolation_forest_v2
tunisieannonce_4b0d137fe835,tunisieannonce,tunis,0.1498,False,4.76,[],"{""model_used"": ""tunis""}",isolation_forest_v2
tunisieannonce_4b2b2a20a5c7,tunisieannonce,tunis,0.1231,False,7.85,[],"{""model_used"": ""tunis""}",isolation_forest_v2
tunisieannonce_4b47e800a887,tunisieannonce,tunis,0.116,False,8.95,[],"{""model_used"": ""tunis""}",isolation_forest_v2
tunisieannonce_4b3e1a31f1ec,tunisieannonce,tunis,0.1778,False,2.78,[],"{""model_used"": ""tunis""}",isolation_forest_v2
tunisieannonce_4c35a8220b9f,tunisieannonce,tunis,0.106,False,10.71,[],"{""model_used"": ""tunis""}",isolation_forest_v2
tunisieannonce_5116dfcf32a1,tunisieannonce,tunis,0.1518,False,4.59,[],"{""model_used"": ""tunis""}",isolation_forest_v2
tunisieannonce_4bf364c460b9,tunisieannonce,tunis,0.1202,False,8.29,[],"{""model_used"": ""tunis""}",isolation_forest_v2
tunisieannonce_4c9be0ee6fd7,tunisieannonce,tunis,0.159,False,3.99,[],"{""model_used"": ""tunis""}",isolation_forest_v2
tunisieannonce_4ca2cd696555,tunisieannonce,tunis,0.1654,False,3.53,[],"{""model_used"": ""tunis""}",isolation_forest_v2
tunisieannonce_4cc79b77ed18,tunisieannonce,tunis,0.1729,False,3.05,[],"{""model_used"": ""tunis""}",isolation_forest_v2
tunisieannonce_4de473512b1b,tunisieannonce,tunis,0.103,False,11.3,[],"{""model_used"": ""tunis""}",isolation_forest_v2
tunisieannonce_5286c327deed,tunisieannonce,tunis,0.1768,False,2.83,[],"{""model_used"": ""tunis""}",isolation_forest_v2
tunisieannonce_4da69fa9b53c,tunisieannonce,tunis,0.1306,False,6.84,[],"{""model_used"": ""tunis""}",isolation_forest_v2
tunisieannonce_4dc3468cd72b,tunisieannonce,tunis,0.169,False,3.29,[],"{""model_used"": ""tunis""}",isolation_forest_v2
tunisieannonce_4ebc8e1bfb77,tunisieannonce,tunis,0.1388,False,5.86,[],"{""model_used"": ""tunis""}",isolation_forest_v2
tunisieannonce_4e8018f9c6d5,tunisieannonce,tunis,0.116,False,8.95,"[""no_images_high_price""]","{""model_used"": ""tunis""}",isolation_forest_v2
tunisieannonce_4e3ad9b9a55e,tunisieannonce,tunis,-0.0521,True,73.91,[],"{""model_used"": ""tunis""}",isolation_forest_v2
tunisieannonce_4f3b1ed901d9,tunisieannonce,tunis,0.0452,False,28.81,"[""no_images_high_price""]","{""model_used"": ""tunis""}",isolation_forest_v2
tunisieannonce_4ebd8ecc70d1,tunisieannonce,tunis,0.0809,False,16.54,[],"{""model_used"": ""tunis""}",isolation_forest_v2
tunisieannonce_4f4b82644743,tunisieannonce,tunis,0.1772,False,2.81,[],"{""model_used"": ""tunis""}",isolation_forest_v2
tunisieannonce_4fc6022a38d1,tunisieannonce,tunis,0.1579,False,4.08,[],"{""model_used"": ""tunis""}",isolation_forest_v2
tunisieannonce_4fe500f36765,tunisieannonce,tunis,0.1617,False,3.79,"[""no_images_high_price""]","{""model_used"": ""tunis""}",isolation_forest_v2
tunisieannonce_50df99e5a1fd,tunisieannonce,tunis,0.1642,False,3.61,[],"{""model_used"": ""tunis""}",isolation_forest_v2
tunisieannonce_507c64f0fb06,tunisieannonce,tunis,0.1219,False,8.03,[],"{""model_used"": ""tunis""}",isolation_forest_v2
tunisieannonce_51c1cbc37ccc,tunisieannonce,tunis,0.1651,False,3.55,"[""no_images_high_price""]","{""model_used"": ""tunis""}",isolation_forest_v2
tunisieannonce_51ffe3ee4a22,tunisieannonce,tunis,0.1122,False,9.58,"[""no_images_high_price""]","{""model_used"": ""tunis""}",isolation_forest_v2
tunisieannonce_51bb1234d987,tunisieannonce,tunis,0.1694,False,3.27,[],"{""model_used"": ""tunis""}",isolation_forest_v2
tunisieannonce_5278300c0edf,tunisieannonce,tunis,0.1053,False,10.85,[],"{""model_used"": ""tunis""}",isolation_forest_v2
tunisieannonce_524dc859bb7c,tunisieannonce,tunis,0.1692,False,3.28,[],"{""model_used"": ""tunis""}",isolation_forest_v2
tunisieannonce_5352ce839203,tunisieannonce,tunis,0.1575,False,4.11,[],"{""model_used"": ""tunis""}",isolation_forest_v2
tunisieannonce_533ad629ffc6,tunisieannonce,tunis,0.1278,False,7.2,[],"{""model_used"": ""tunis""}",isolation_forest_v2
tunisieannonce_54283de97970,tunisieannonce,tunis,0.0223,False,39.05,"[""no_images_high_price""]","{""model_used"": ""tunis""}",isolation_forest_v2
tunisieannonce_53d23b47f885,tunisieannonce,tunis,0.1213,False,8.12,[],"{""model_used"": ""tunis""}",isolation_forest_v2
tunisieannonce_548fcda38c55,tunisieannonce,tunis,0.1529,False,4.48,"[""no_images_high_price""]","{""model_used"": ""tunis""}",isolation_forest_v2
tunisieannonce_54895dc31081,tunisieannonce,tunis,0.1666,False,3.45,[],"{""model_used"": ""tunis""}",isolation_forest_v2
tunisieannonce_54a65ff069a0,tunisieannonce,tunis,0.1084,False,10.27,[],"{""model_used"": ""tunis""}",isolation_forest_v2
tunisieannonce_980a5264c7ed,tunisieannonce,tunis,0.171,False,3.17,[],"{""model_used"": ""tunis""}",isolation_forest_v2
tunisieannonce_550f5d5d54b9,tunisieannonce,tunis,0.1185,False,8.55,[],"{""model_used"": ""tunis""}",isolation_forest_v2
tunisieannonce_55558e23e3b3,tunisieannonce,tunis,0.1207,False,8.2,"[""no_images_high_price""]","{""model_used"": ""tunis""}",isolation_forest_v2
tunisieannonce_5590226144e3,tunisieannonce,tunis,0.14,False,5.74,[],"{""model_used"": ""tunis""}",isolation_forest_v2
tunisieannonce_55da4f6366d4,tunisieannonce,tunis,0.154,False,4.4,[],"{""model_used"": ""tunis""}",isolation_forest_v2
tunisieannonce_551b4408ae44,tunisieannonce,tunis,0.0969,False,12.58,"[""no_images_high_price""]","{""model_used"": ""tunis""}",isolation_forest_v2
tunisieannonce_564d0dbfa6ed,tunisieannonce,tunis,0.0992,False,12.09,"[""no_images_high_price""]","{""model_used"": ""tunis""}",isolation_forest_v2
tunisieannonce_56169ddc5600,tunisieannonce,tunis,0.1502,False,4.73,[],"{""model_used"": ""tunis""}",isolation_forest_v2
tunisieannonce_56a660f30695,tunisieannonce,tunis,0.1627,False,3.72,[],"{""model_used"": ""tunis""}",isolation_forest_v2
tunisieannonce_570e8481e166,tunisieannonce,tunis,0.1653,False,3.54,[],"{""model_used"": ""tunis""}",isolation_forest_v2
tunisieannonce_5687cbdc6279,tunisieannonce,tunis,0.1386,False,5.88,"[""no_images_high_price""]","{""model_used"": ""tunis""}",isolation_forest_v2
tunisieannonce_57d92016df48,tunisieannonce,tunis,0.1057,False,10.78,[],"{""model_used"": ""tunis""}",isolation_forest_v2
tunisieannonce_57c755d50dde,tunisieannonce,tunis,0.0793,False,17.01,[],"{""model_used"": ""tunis""}",isolation_forest_v2
tunisieannonce_57c480b17be8,tunisieannonce,tunis,0.1208,False,8.2,"[""no_images_high_price""]","{""model_used"": ""tunis""}",isolation_forest_v2
tunisieannonce_57ea86679c29,tunisieannonce,tunis,0.1365,False,6.13,[],"{""model_used"": ""tunis""}",isolation_forest_v2
tunisieannonce_590f4f5090b8,tunisieannonce,tunis,0.1599,False,3.93,[],"{""model_used"": ""tunis""}",isolation_forest_v2
tunisieannonce_58b59e0a41e2,tunisieannonce,tunis,0.0881,False,14.64,"[""no_images_high_price""]","{""model_used"": ""tunis""}",isolation_forest_v2
tunisieannonce_5a0f10861994,tunisieannonce,tunis,0.0873,False,14.85,[],"{""model_used"": ""tunis""}",isolation_forest_v2
tunisieannonce_5a1ff94e77da,tunisieannonce,tunis,0.1871,False,2.31,[],"{""model_used"": ""tunis""}",isolation_forest_v2
tunisieannonce_597248aa25a4,tunisieannonce,tunis,0.1285,False,7.1,"[""no_images_high_price""]","{""model_used"": ""tunis""}",isolation_forest_v2
tunisieannonce_5afc91fb99e2,tunisieannonce,tunis,0.0255,False,37.52,"[""rooms_surface_inconsistent"", ""extreme_price_per_m2""]","{""model_used"": ""tunis""}",isolation_forest_v2
tunisieannonce_5af98a86e181,tunisieannonce,tunis,0.1848,False,2.42,[],"{""model_used"": ""tunis""}",isolation_forest_v2
tunisieannonce_5b73e503aab2,tunisieannonce,tunis,0.0291,False,35.86,"[""extreme_price_per_m2"", ""price_too_high_for_region""]","{""model_used"": ""tunis""}",isolation_forest_v2
tunisieannonce_5b5dda85f4c2,tunisieannonce,tunis,0.1023,False,11.45,[],"{""model_used"": ""tunis""}",isolation_forest_v2
tunisieannonce_5ba9589a2fe0,tunisieannonce,tunis,0.0196,False,40.33,"[""extreme_price_per_m2"", ""price_too_high_for_region""]","{""model_used"": ""tunis""}",isolation_forest_v2
tunisieannonce_5b99edd27ee8,tunisieannonce,tunis,0.0797,False,16.9,"[""no_images_high_price""]","{""model_used"": ""tunis""}",isolation_forest_v2
tunisieannonce_5c81e4469cb8,tunisieannonce,tunis,0.1495,False,4.79,"[""no_images_high_price""]","{""model_used"": ""tunis""}",isolation_forest_v2
tunisieannonce_5cac3b0bb5c7,tunisieannonce,tunis,0.1687,False,3.31,[],"{""model_used"": ""tunis""}",isolation_forest_v2
tunisieannonce_5d1a9a42d30b,tunisieannonce,tunis,0.1001,False,11.9,[],"{""model_used"": ""tunis""}",isolation_forest_v2
tunisieannonce_5cce8a35bfac,tunisieannonce,tunis,0.0632,False,22.02,"[""no_images_high_price""]","{""model_used"": ""tunis""}",isolation_forest_v2
tunisieannonce_5ca23e25b75a,tunisieannonce,tunis,0.1235,False,7.8,"[""no_images_high_price""]","{""model_used"": ""tunis""}",isolation_forest_v2
tunisieannonce_5d2cd6279e32,tunisieannonce,tunis,0.0267,False,36.94,"[""no_images_high_price"", ""price_too_high_for_region""]","{""model_used"": ""tunis""}",isolation_forest_v2
tunisieannonce_5d668495d9c8,tunisieannonce,tunis,0.1061,False,10.7,"[""no_images_high_price""]","{""model_used"": ""tunis""}",isolation_forest_v2
tunisieannonce_5e2dbe3ec2d1,tunisieannonce,tunis,0.1562,False,4.21,"[""no_images_high_price""]","{""model_used"": ""tunis""}",isolation_forest_v2
tunisieannonce_5e3df743fed7,tunisieannonce,tunis,-0.0083,True,54.15,"[""no_images_high_price""]","{""model_used"": ""tunis""}",isolation_forest_v2
tunisieannonce_5ddf8d26b61e,tunisieannonce,tunis,0.1564,False,4.19,[],"{""model_used"": ""tunis""}",isolation_forest_v2
tunisieannonce_5ff88f282fe9,tunisieannonce,tunis,0.1268,False,7.33,[],"{""model_used"": ""tunis""}",isolation_forest_v2
tunisieannonce_5f30655797c7,tunisieannonce,tunis,0.1389,False,5.85,[],"{""model_used"": ""tunis""}",isolation_forest_v2
tunisieannonce_5fa710492df4,tunisieannonce,tunis,0.1768,False,2.83,[],"{""model_used"": ""tunis""}",isolation_forest_v2
tunisieannonce_609b606a6129,tunisieannonce,tunis,0.0855,False,15.31,[],"{""model_used"": ""tunis""}",isolation_forest_v2
tunisieannonce_6020520c5a5e,tunisieannonce,tunis,0.1035,False,11.21,[],"{""model_used"": ""tunis""}",isolation_forest_v2
tunisieannonce_60c7476f7d62,tunisieannonce,tunis,0.1453,False,5.19,[],"{""model_used"": ""tunis""}",isolation_forest_v2
tunisieannonce_61032c320014,tunisieannonce,tunis,0.1623,False,3.75,[],"{""model_used"": ""tunis""}",isolation_forest_v2
tunisieannonce_616623a7aac3,tunisieannonce,tunis,0.0212,False,39.58,[],"{""model_used"": ""tunis""}",isolation_forest_v2
tunisieannonce_6224b1781179,tunisieannonce,tunis,0.1687,False,3.31,[],"{""model_used"": ""tunis""}",isolation_forest_v2
tunisieannonce_62457a68e532,tunisieannonce,tunis,0.0936,False,13.32,"[""no_images_high_price""]","{""model_used"": ""tunis""}",isolation_forest_v2
tunisieannonce_62dcd39d88bf,tunisieannonce,tunis,0.1744,False,2.97,[],"{""model_used"": ""tunis""}",isolation_forest_v2
tunisieannonce_62ccafc798c3,tunisieannonce,tunis,0.1132,False,9.41,"[""no_images_high_price""]","{""model_used"": ""tunis""}",isolation_forest_v2
tunisieannonce_62c8ff8a21bc,tunisieannonce,tunis,0.1204,False,8.26,"[""no_images_high_price""]","{""model_used"": ""tunis""}",isolation_forest_v2
tunisieannonce_6589be389409,tunisieannonce,tunis,0.1152,False,9.07,[],"{""model_used"": ""tunis""}",isolation_forest_v2
tunisieannonce_64037c77de14,tunisieannonce,tunis,0.089,False,14.42,"[""no_images_high_price""]","{""model_used"": ""tunis""}",isolation_forest_v2
tunisieannonce_63ac110ddb25,tunisieannonce,tunis,0.1383,False,5.91,"[""no_images_high_price""]","{""model_used"": ""tunis""}",isolation_forest_v2
tunisieannonce_6396ac5ec633,tunisieannonce,tunis,0.0849,False,15.46,[],"{""model_used"": ""tunis""}",isolation_forest_v2
tunisieannonce_644131056625,tunisieannonce,tunis,0.0921,False,13.69,[],"{""model_used"": ""tunis""}",isolation_forest_v2
tunisieannonce_64fb37638889,tunisieannonce,tunis,0.1669,False,3.43,[],"{""model_used"": ""tunis""}",isolation_forest_v2
tunisieannonce_64e56244c30c,tunisieannonce,tunis,0.0425,False,29.96,[],"{""model_used"": ""tunis""}",isolation_forest_v2
tunisieannonce_657ce3bd0021,tunisieannonce,tunis,0.1305,False,6.85,[],"{""model_used"": ""tunis""}",isolation_forest_v2
tunisieannonce_658d141a4e37,tunisieannonce,tunis,0.1501,False,4.74,[],"{""model_used"": ""tunis""}",isolation_forest_v2
tunisieannonce_665384643274,tunisieannonce,tunis,0.0792,False,17.03,"[""no_images_high_price""]","{""model_used"": ""tunis""}",isolation_forest_v2
tunisieannonce_6653a3479e9f,tunisieannonce,tunis,0.1644,False,3.6,[],"{""model_used"": ""tunis""}",isolation_forest_v2
tunisieannonce_6604a5fa2e49,tunisieannonce,tunis,0.1713,False,3.15,"[""no_images_high_price""]","{""model_used"": ""tunis""}",isolation_forest_v2
tunisieannonce_9f75e90b9eb4,tunisieannonce,tunis,0.1725,False,3.08,[],"{""model_used"": ""tunis""}",isolation_forest_v2
tunisieannonce_6676a89468f7,tunisieannonce,tunis,0.094,False,13.24,[],"{""model_used"": ""tunis""}",isolation_forest_v2
tunisieannonce_67122044b7ff,tunisieannonce,tunis,0.1009,False,11.73,[],"{""model_used"": ""tunis""}",isolation_forest_v2
tunisieannonce_669fddac78bd,tunisieannonce,tunis,0.1149,False,9.13,[],"{""model_used"": ""tunis""}",isolation_forest_v2
tunisieannonce_66f1fed5cf02,tunisieannonce,tunis,0.1366,False,6.11,[],"{""model_used"": ""tunis""}",isolation_forest_v2
tunisieannonce_679d184cab87,tunisieannonce,tunis,0.1494,False,4.79,"[""no_images_high_price""]","{""model_used"": ""tunis""}",isolation_forest_v2
tunisieannonce_679f7f12873d,tunisieannonce,tunis,0.1777,False,2.78,[],"{""model_used"": ""tunis""}",isolation_forest_v2
tunisieannonce_6795ca027198,tunisieannonce,tunis,0.124,False,7.73,[],"{""model_used"": ""tunis""}",isolation_forest_v2
tunisieannonce_6854fffb3956,tunisieannonce,tunis,0.0377,False,31.98,"[""no_images_high_price""]","{""model_used"": ""tunis""}",isolation_forest_v2
tunisieannonce_6889ded8a8bc,tunisieannonce,tunis,0.15,False,4.74,[],"{""model_used"": ""tunis""}",isolation_forest_v2
tunisieannonce_68ebc52c6746,tunisieannonce,tunis,0.1273,False,7.27,[],"{""model_used"": ""tunis""}",isolation_forest_v2
tunisieannonce_6a4f988da241,tunisieannonce,tunis,0.1162,False,8.92,[],"{""model_used"": ""tunis""}",isolation_forest_v2
tunisieannonce_69fd8d95d749,tunisieannonce,tunis,0.1031,False,11.28,[],"{""model_used"": ""tunis""}",isolation_forest_v2
tunisieannonce_69a3507e2f9e,tunisieannonce,tunis,0.1511,False,4.64,"[""no_images_high_price""]","{""model_used"": ""tunis""}",isolation_forest_v2
tunisieannonce_6a7913068938,tunisieannonce,tunis,0.1542,False,4.37,[],"{""model_used"": ""tunis""}",isolation_forest_v2
tunisieannonce_6aa75085bdb1,tunisieannonce,tunis,0.1264,False,7.39,[],"{""model_used"": ""tunis""}",isolation_forest_v2
tunisieannonce_6b3a9766048c,tunisieannonce,tunis,0.1216,False,8.08,[],"{""model_used"": ""tunis""}",isolation_forest_v2
tunisieannonce_752f9c889aa9,tunisieannonce,tunis,0.1364,False,6.14,"[""no_images_high_price""]","{""model_used"": ""tunis""}",isolation_forest_v2
tunisieannonce_75d5311f5a49,tunisieannonce,tunis,0.0605,False,22.97,[],"{""model_used"": ""tunis""}",isolation_forest_v2
tunisieannonce_7695291b4dfc,tunisieannonce,tunis,0.0799,False,16.83,"[""price_too_high_for_region""]","{""model_used"": ""tunis""}",isolation_forest_v2
tunisieannonce_762661a4a3a3,tunisieannonce,tunis,0.1378,False,5.97,[],"{""model_used"": ""tunis""}",isolation_forest_v2
tunisieannonce_760b08a8d412,tunisieannonce,tunis,0.154,False,4.4,[],"{""model_used"": ""tunis""}",isolation_forest_v2
tunisieannonce_77761a1ead59,tunisieannonce,tunis,0.1393,False,5.81,[],"{""model_used"": ""tunis""}",isolation_forest_v2
tunisieannonce_771745d19615,tunisieannonce,tunis,0.1499,False,4.75,[],"{""model_used"": ""tunis""}",isolation_forest_v2
tunisieannonce_77a0d605d3de,tunisieannonce,tunis,0.1814,False,2.59,[],"{""model_used"": ""tunis""}",isolation_forest_v2
tunisieannonce_77f985ac0a54,tunisieannonce,tunis,0.1594,False,3.96,[],"{""model_used"": ""tunis""}",isolation_forest_v2
tunisieannonce_77e7c57b43fa,tunisieannonce,tunis,0.1106,False,9.88,"[""no_images_high_price""]","{""model_used"": ""tunis""}",isolation_forest_v2
tunisieannonce_7a66cd9fc5a3,tunisieannonce,tunis,0.1392,False,5.82,[],"{""model_used"": ""tunis""}",isolation_forest_v2
tunisieannonce_78cd5b4c1d31,tunisieannonce,tunis,0.0807,False,16.59,[],"{""model_used"": ""tunis""}",isolation_forest_v2
tunisieannonce_7980e59739b9,tunisieannonce,tunis,0.1653,False,3.54,[],"{""model_used"": ""tunis""}",isolation_forest_v2
tunisieannonce_78d80a1e4abe,tunisieannonce,tunis,0.1556,False,4.26,[],"{""model_used"": ""tunis""}",isolation_forest_v2
tunisieannonce_79ef314bece1,tunisieannonce,tunis,0.1224,False,7.97,[],"{""model_used"": ""tunis""}",isolation_forest_v2
tunisieannonce_7a3dde8d885a,tunisieannonce,tunis,0.1285,False,7.1,[],"{""model_used"": ""tunis""}",isolation_forest_v2
tunisieannonce_7a78f2f1a0ac,tunisieannonce,tunis,-0.0355,True,67.03,"[""no_images_high_price""]","{""model_used"": ""tunis""}",isolation_forest_v2
tunisieannonce_7abccc02c846,tunisieannonce,tunis,0.1043,False,11.04,[],"{""model_used"": ""tunis""}",isolation_forest_v2
tunisieannonce_7adcdeffb9a8,tunisieannonce,tunis,0.1634,False,3.67,[],"{""model_used"": ""tunis""}",isolation_forest_v2
tunisieannonce_7ae6427a91da,tunisieannonce,tunis,0.1206,False,8.22,[],"{""model_used"": ""tunis""}",isolation_forest_v2
tunisieannonce_7adda5861dd2,tunisieannonce,tunis,0.0996,False,12.0,[],"{""model_used"": ""tunis""}",isolation_forest_v2
tunisieannonce_7b0ca0c9c254,tunisieannonce,tunis,0.1787,False,2.73,[],"{""model_used"": ""tunis""}",isolation_forest_v2
tunisieannonce_7c09f06428df,tunisieannonce,tunis,0.1794,False,2.69,[],"{""model_used"": ""tunis""}",isolation_forest_v2
tunisieannonce_7d4456811678,tunisieannonce,tunis,0.1416,False,5.57,[],"{""model_used"": ""tunis""}",isolation_forest_v2
tunisieannonce_7d421bf4e2e0,tunisieannonce,tunis,0.1606,False,3.87,[],"{""model_used"": ""tunis""}",isolation_forest_v2
tunisieannonce_7d246cc1a881,tunisieannonce,tunis,0.1557,False,4.26,[],"{""model_used"": ""tunis""}",isolation_forest_v2
tunisieannonce_7cd1e27c14e9,tunisieannonce,tunis,0.0879,False,14.69,[],"{""model_used"": ""tunis""}",isolation_forest_v2
tunisieannonce_7d9f14caf0df,tunisieannonce,tunis,0.1459,False,5.13,[],"{""model_used"": ""tunis""}",isolation_forest_v2
tunisieannonce_7d7f9ab4f738,tunisieannonce,tunis,0.0539,False,25.4,"[""no_images_high_price""]","{""model_used"": ""tunis""}",isolation_forest_v2
tunisieannonce_7d8c0ebd1fe8,tunisieannonce,tunis,0.0836,False,15.82,"[""no_images_high_price""]","{""model_used"": ""tunis""}",isolation_forest_v2
tunisieannonce_7de1c174bf45,tunisieannonce,tunis,0.1741,False,2.98,[],"{""model_used"": ""tunis""}",isolation_forest_v2
tunisieannonce_7e0c304d26f5,tunisieannonce,tunis,0.1687,False,3.31,[],"{""model_used"": ""tunis""}",isolation_forest_v2
tunisieannonce_7e3b8550b946,tunisieannonce,tunis,0.1126,False,9.52,[],"{""model_used"": ""tunis""}",isolation_forest_v2
tunisieannonce_7dc4205032dd,tunisieannonce,tunis,0.0856,False,15.28,"[""no_images_high_price""]","{""model_used"": ""tunis""}",isolation_forest_v2
tunisieannonce_7e694f8fbc52,tunisieannonce,tunis,0.0579,False,23.89,"[""no_images_high_price""]","{""model_used"": ""tunis""}",isolation_forest_v2
tunisieannonce_7eb36f18e808,tunisieannonce,tunis,0.0844,False,15.59,"[""no_images_high_price""]","{""model_used"": ""tunis""}",isolation_forest_v2
tunisieannonce_7f34ad91b134,tunisieannonce,tunis,0.1686,False,3.32,[],"{""model_used"": ""tunis""}",isolation_forest_v2
tunisieannonce_98e0b6b6a43c,tunisieannonce,tunis,0.1859,False,2.37,[],"{""model_used"": ""tunis""}",isolation_forest_v2
tunisieannonce_7f5e9ee8a7ed,tunisieannonce,tunis,0.1606,False,3.87,[],"{""model_used"": ""tunis""}",isolation_forest_v2
century21_d49b75e2cdea,century21,tunis,0.0119,False,44.08,[],"{""model_used"": ""tunis""}",isolation_forest_v2
century21_92fd3ecfc4f3,century21,tunis,0.0349,False,33.22,[],"{""model_used"": ""tunis""}",isolation_forest_v2
century21_5b4b94141d15,century21,tunis,0.0021,False,48.93,[],"{""model_used"": ""tunis""}",isolation_forest_v2
century21_41362ad9c8bf,century21,tunis,-0.0285,True,63.88,[],"{""model_used"": ""tunis""}",isolation_forest_v2
century21_1c6168d6577f,century21,tunis,-0.1277,True,92.78,"[""price_too_high_for_region""]","{""model_used"": ""tunis""}",isolation_forest_v2
century21_d9f20e028159,century21,tunis,0.0043,False,47.84,[],"{""model_used"": ""tunis""}",isolation_forest_v2
century21_123204,century21,tunis,-0.0122,True,56.09,"[""price_too_high_for_region""]","{""model_used"": ""tunis""}",isolation_forest_v2
century21_037cf7b28811,century21,tunis,-0.0558,True,75.34,[],"{""model_used"": ""tunis""}",isolation_forest_v2
century21_915ad19ef558,century21,tunis,-0.1572,True,95.87,"[""price_too_high_for_region""]","{""model_used"": ""tunis""}",isolation_forest_v2
century21_adce1546722c,century21,tunis,-0.0989,True,87.84,"[""extreme_price_per_m2"", ""price_too_high_for_region""]","{""model_used"": ""tunis""}",isolation_forest_v2
century21_98a67292a7cd,century21,tunis,0.0183,False,40.93,[],"{""model_used"": ""tunis""}",isolation_forest_v2
century21_5a23d63ad818,century21,tunis,-0.0309,True,64.96,[],"{""model_used"": ""tunis""}",isolation_forest_v2
century21_0f4cd89ce29f,century21,tunis,-0.1267,True,92.65,"[""price_too_high_for_region""]","{""model_used"": ""tunis""}",isolation_forest_v2
century21_2a406efcab42,century21,tunis,-0.113,True,90.55,[],"{""model_used"": ""tunis""}",isolation_forest_v2
century21_f5dc1e34017e,century21,tunis,-0.0021,True,51.06,"[""price_too_high_for_region""]","{""model_used"": ""tunis""}",isolation_forest_v2
century21_18f970fcc192,century21,tunis,0.0322,False,34.43,[],"{""model_used"": ""tunis""}",isolation_forest_v2
century21_8876bac772a4,century21,tunis,-0.0426,True,70.1,[],"{""model_used"": ""tunis""}",isolation_forest_v2
century21_8ca1d302691c,century21,tunis,0.062,False,22.45,[],"{""model_used"": ""tunis""}",isolation_forest_v2
century21_6d514e90d630,century21,tunis,0.0308,False,35.05,[],"{""model_used"": ""tunis""}",isolation_forest_v2
century21_4c06b43c068a,century21,tunis,0.0355,False,32.97,[],"{""model_used"": ""tunis""}",isolation_forest_v2
century21_c028c312677e,century21,tunis,0.0214,False,39.47,[],"{""model_used"": ""tunis""}",isolation_forest_v2
century21_cb78373dde1f,century21,tunis,0.0351,False,33.12,[],"{""model_used"": ""tunis""}",isolation_forest_v2
century21_32c6e6dff074,century21,tunis,-0.0127,True,56.32,[],"{""model_used"": ""tunis""}",isolation_forest_v2
century21_310f40b1eedd,century21,tunis,-0.0275,True,63.42,[],"{""model_used"": ""tunis""}",isolation_forest_v2
century21_063de3910602,century21,tunis,0.0597,False,23.26,[],"{""model_used"": ""tunis""}",isolation_forest_v2
century21_64c62b5c0537,century21,tunis,0.0052,False,47.39,[],"{""model_used"": ""tunis""}",isolation_forest_v2
century21_3659cd35b042,century21,tunis,0.088,False,14.67,[],"{""model_used"": ""tunis""}",isolation_forest_v2
century21_214eb3deba0a,century21,tunis,0.0574,False,24.09,[],"{""model_used"": ""tunis""}",isolation_forest_v2
century21_140e079cf58f,century21,tunis,-0.0885,True,85.45,[],"{""model_used"": ""tunis""}",isolation_forest_v2
century21_fb0f27a49c45,century21,tunis,-0.0111,True,55.5,[],"{""model_used"": ""tunis""}",isolation_forest_v2
century21_319b28be4741,century21,tunis,0.0458,False,28.59,[],"{""model_used"": ""tunis""}",isolation_forest_v2
century21_362465b3895d,century21,tunis,0.0286,False,36.06,[],"{""model_used"": ""tunis""}",isolation_forest_v2
century21_4e557c74b52b,century21,tunis,-0.0023,True,51.13,[],"{""model_used"": ""tunis""}",isolation_forest_v2
century21_78ae1edde1b1,century21,tunis,-0.0045,True,52.27,[],"{""model_used"": ""tunis""}",isolation_forest_v2
century21_55e26d9bdc16,century21,tunis,0.0437,False,29.45,[],"{""model_used"": ""tunis""}",isolation_forest_v2
century21_ea76f2296611,century21,tunis,0.0368,False,32.39,[],"{""model_used"": ""tunis""}",isolation_forest_v2
century21_a9d04213f7a8,century21,tunis,0.0189,False,40.65,[],"{""model_used"": ""tunis""}",isolation_forest_v2
century21_ebc7ed0ab918,century21,tunis,0.0325,False,34.29,[],"{""model_used"": ""tunis""}",isolation_forest_v2
century21_377e6962b7a4,century21,tunis,0.0334,False,33.88,[],"{""model_used"": ""tunis""}",isolation_forest_v2
century21_1194dd37f071,century21,tunis,0.0166,False,41.79,[],"{""model_used"": ""tunis""}",isolation_forest_v2
century21_5b3849c4f5b0,century21,tunis,0.0225,False,38.93,[],"{""model_used"": ""tunis""}",isolation_forest_v2
century21_e52f2140f570,century21,tunis,0.0384,False,31.69,[],"{""model_used"": ""tunis""}",isolation_forest_v2
century21_1756bf078e87,century21,tunis,-0.0289,True,64.08,"[""price_too_high_for_region""]","{""model_used"": ""tunis""}",isolation_forest_v2
century21_168b60e86574,century21,tunis,0.0389,False,31.48,[],"{""model_used"": ""tunis""}",isolation_forest_v2
century21_5636634e4b21,century21,tunis,0.0136,False,43.23,[],"{""model_used"": ""tunis""}",isolation_forest_v2
century21_4a0465f26015,century21,tunis,-0.0691,True,79.95,[],"{""model_used"": ""tunis""}",isolation_forest_v2
century21_2404060b7813,century21,tunis,0.0197,False,40.27,[],"{""model_used"": ""tunis""}",isolation_forest_v2
century21_4e35e4522601,century21,tunis,-0.0198,True,59.75,[],"{""model_used"": ""tunis""}",isolation_forest_v2
century21_4e520ff08ade,century21,tunis,0.0191,False,40.55,[],"{""model_used"": ""tunis""}",isolation_forest_v2
century21_982efa4d847c,century21,tunis,0.0364,False,32.58,[],"{""model_used"": ""tunis""}",isolation_forest_v2
century21_1b6b14760a20,century21,tunis,-0.0257,True,62.59,[],"{""model_used"": ""tunis""}",isolation_forest_v2
century21_87563288e275,century21,tunis,-0.0171,True,58.48,[],"{""model_used"": ""tunis""}",isolation_forest_v2
century21_0607f8069d8d,century21,tunis,-0.012,True,55.99,[],"{""model_used"": ""tunis""}",isolation_forest_v2
century21_13e835f2d465,century21,tunis,-0.0217,True,60.67,[],"{""model_used"": ""tunis""}",isolation_forest_v2
century21_07e70b8f7269,century21,tunis,0.0213,False,39.52,[],"{""model_used"": ""tunis""}",isolation_forest_v2
century21_fda2ab4a7a15,century21,tunis,0.0316,False,34.7,[],"{""model_used"": ""tunis""}",isolation_forest_v2
century21_25c2b58dd678,century21,tunis,0.0039,False,48.06,[],"{""model_used"": ""tunis""}",isolation_forest_v2
century21_6b9de478b7b1,century21,tunis,0.0014,False,49.31,[],"{""model_used"": ""tunis""}",isolation_forest_v2
century21_9ba44f991d99,century21,tunis,0.0395,False,31.21,[],"{""model_used"": ""tunis""}",isolation_forest_v2
century21_d27879a5b5fd,century21,tunis,0.0256,False,37.45,[],"{""model_used"": ""tunis""}",isolation_forest_v2
century21_e4079d4a97a2,century21,tunis,-0.0035,True,51.73,[],"{""model_used"": ""tunis""}",isolation_forest_v2
century21_954fd78ff3d7,century21,tunis,-0.0125,True,56.2,[],"{""model_used"": ""tunis""}",isolation_forest_v2
century21_1271e8f8b6ee,century21,tunis,0.0147,False,42.69,"[""price_too_high_for_region""]","{""model_used"": ""tunis""}",isolation_forest_v2
century21_78c134f96bdf,century21,tunis,0.035,False,33.16,"[""price_too_high_for_region""]","{""model_used"": ""tunis""}",isolation_forest_v2
century21_3495a010abe8,century21,tunis,0.0366,False,32.46,[],"{""model_used"": ""tunis""}",isolation_forest_v2
century21_7c90e5a6114e,century21,tunis,-0.0162,True,58.04,[],"{""model_used"": ""tunis""}",isolation_forest_v2
century21_797d3289a1bd,century21,tunis,0.0242,False,38.14,[],"{""model_used"": ""tunis""}",isolation_forest_v2
century21_89445e859653,century21,tunis,0.0305,False,35.22,[],"{""model_used"": ""tunis""}",isolation_forest_v2
century21_e0e492bfa475,century21,tunis,0.0879,False,14.69,[],"{""model_used"": ""tunis""}",isolation_forest_v2
century21_aa16342cd061,century21,tunis,0.0236,False,38.4,[],"{""model_used"": ""tunis""}",isolation_forest_v2
century21_7e1182994e06,century21,tunis,0.0744,False,18.43,[],"{""model_used"": ""tunis""}",isolation_forest_v2
century21_5c83f0549d96,century21,tunis,0.0228,False,38.81,[],"{""model_used"": ""tunis""}",isolation_forest_v2
century21_0d265a7d9772,century21,tunis,0.0354,False,33.0,[],"{""model_used"": ""tunis""}",isolation_forest_v2
century21_6b1862e17012,century21,tunis,-0.0027,True,51.35,"[""price_too_high_for_region""]","{""model_used"": ""tunis""}",isolation_forest_v2
century21_d25abe9c031d,century21,tunis,-0.0295,True,64.35,[],"{""model_used"": ""tunis""}",isolation_forest_v2
century21_606a84720887,century21,tunis,0.088,False,14.69,[],"{""model_used"": ""tunis""}",isolation_forest_v2
century21_cca8c541d68c,century21,tunis,0.0131,False,43.47,[],"{""model_used"": ""tunis""}",isolation_forest_v2
century21_18028b0069cf,century21,tunis,-0.0483,True,72.43,[],"{""model_used"": ""tunis""}",isolation_forest_v2
century21_4d1586b241c3,century21,tunis,0.044,False,29.33,[],"{""model_used"": ""tunis""}",isolation_forest_v2
century21_715f4f05e1a8,century21,tunis,-0.0526,True,74.11,[],"{""model_used"": ""tunis""}",isolation_forest_v2
century21_69433dc68bd9,century21,tunis,-0.0026,True,51.31,[],"{""model_used"": ""tunis""}",isolation_forest_v2
century21_e7c32a92a29e,century21,tunis,0.0473,False,27.97,[],"{""model_used"": ""tunis""}",isolation_forest_v2
century21_9369dff19f87,century21,tunis,0.0379,False,31.92,[],"{""model_used"": ""tunis""}",isolation_forest_v2
century21_9cf3fdfda16c,century21,tunis,0.0793,False,17.0,[],"{""model_used"": ""tunis""}",isolation_forest_v2
century21_56990915eb9c,century21,tunis,-0.0137,True,56.81,[],"{""model_used"": ""tunis""}",isolation_forest_v2
century21_4acfa28aca98,century21,tunis,0.038,False,31.85,[],"{""model_used"": ""tunis""}",isolation_forest_v2
century21_ccc4b9753bc8,century21,tunis,0.0388,False,31.54,[],"{""model_used"": ""tunis""}",isolation_forest_v2
century21_6f8a0f16ae24,century21,tunis,0.0374,False,32.15,[],"{""model_used"": ""tunis""}",isolation_forest_v2
century21_48a338069c96,century21,tunis,0.0335,False,33.83,[],"{""model_used"": ""tunis""}",isolation_forest_v2
century21_e733e70b6acc,century21,tunis,0.0269,False,36.85,[],"{""model_used"": ""tunis""}",isolation_forest_v2
century21_382b13c51da5,century21,tunis,-0.0236,True,61.59,[],"{""model_used"": ""tunis""}",isolation_forest_v2
century21_5175b1d86474,century21,tunis,-0.0309,True,64.97,[],"{""model_used"": ""tunis""}",isolation_forest_v2
century21_bd8d4e1f9c91,century21,tunis,0.0782,False,17.3,[],"{""model_used"": ""tunis""}",isolation_forest_v2
century21_441c2b67d518,century21,tunis,0.0847,False,15.52,[],"{""model_used"": ""tunis""}",isolation_forest_v2
century21_2d4299a3b59d,century21,tunis,-0.0428,True,70.18,[],"{""model_used"": ""tunis""}",isolation_forest_v2
century21_a93eda39ddee,century21,tunis,0.0142,False,42.95,[],"{""model_used"": ""tunis""}",isolation_forest_v2
century21_32ae573b2d5f,century21,tunis,0.0319,False,34.58,[],"{""model_used"": ""tunis""}",isolation_forest_v2
century21_5ce2cc2b2a07,century21,tunis,-0.033,True,65.93,[],"{""model_used"": ""tunis""}",isolation_forest_v2
century21_b36d9194b10a,century21,tunis,0.0358,False,32.81,[],"{""model_used"": ""tunis""}",isolation_forest_v2
century21_44254b91cccd,century21,tunis,0.0288,False,35.97,[],"{""model_used"": ""tunis""}",isolation_forest_v2
century21_9fe77edf4bfa,century21,tunis,0.0368,False,32.4,[],"{""model_used"": ""tunis""}",isolation_forest_v2
century21_e5ce5177865c,century21,tunis,0.0542,False,25.27,[],"{""model_used"": ""tunis""}",isolation_forest_v2
century21_1ad355021e8b,century21,tunis,0.0799,False,16.83,[],"{""model_used"": ""tunis""}",isolation_forest_v2
century21_d9ea7c81a744,century21,tunis,0.0318,False,34.62,[],"{""model_used"": ""tunis""}",isolation_forest_v2
century21_fe25be0676f0,century21,tunis,0.023,False,38.7,[],"{""model_used"": ""tunis""}",isolation_forest_v2
century21_15e1680a01d4,century21,tunis,0.0368,False,32.38,[],"{""model_used"": ""tunis""}",isolation_forest_v2
century21_a2369ff213af,century21,tunis,0.0379,False,31.9,[],"{""model_used"": ""tunis""}",isolation_forest_v2
century21_96f0f477874a,century21,tunis,-0.0167,True,58.25,[],"{""model_used"": ""tunis""}",isolation_forest_v2
century21_9ea34b5c74d4,century21,tunis,0.0421,False,30.11,[],"{""model_used"": ""tunis""}",isolation_forest_v2
century21_1f148f418fac,century21,tunis,0.0046,False,47.72,[],"{""model_used"": ""tunis""}",isolation_forest_v2
century21_74796a53e2b3,century21,tunis,-0.0184,True,59.09,[],"{""model_used"": ""tunis""}",isolation_forest_v2
century21_a7e8f40ae690,century21,tunis,0.0665,False,20.92,[],"{""model_used"": ""tunis""}",isolation_forest_v2
century21_863ff2255218,century21,tunis,0.0155,False,42.33,[],"{""model_used"": ""tunis""}",isolation_forest_v2
century21_655c978f14b7,century21,tunis,0.004,False,48.02,[],"{""model_used"": ""tunis""}",isolation_forest_v2
century21_c0ecaf174a23,century21,tunis,-0.0125,True,56.2,[],"{""model_used"": ""tunis""}",isolation_forest_v2
century21_9a1bc93ebfc2,century21,tunis,-0.0176,True,58.69,[],"{""model_used"": ""tunis""}",isolation_forest_v2
century21_037ddbc9a6b9,century21,tunis,-0.035,True,66.83,[],"{""model_used"": ""tunis""}",isolation_forest_v2
century21_96acb2681314,century21,tunis,-0.0677,True,79.47,[],"{""model_used"": ""tunis""}",isolation_forest_v2
century21_08cc17d22f20,century21,tunis,-0.1093,True,89.9,[],"{""model_used"": ""tunis""}",isolation_forest_v2
century21_10601fa24c71,century21,tunis,-0.0758,True,82.0,[],"{""model_used"": ""tunis""}",isolation_forest_v2
century21_07cdcbbbc116,century21,tunis,-0.0528,True,74.19,[],"{""model_used"": ""tunis""}",isolation_forest_v2
century21_3eb5b0e9318b,century21,tunis,0.0289,False,35.96,[],"{""model_used"": ""tunis""}",isolation_forest_v2
century21_2798f9b04a84,century21,tunis,-0.0324,True,65.65,[],"{""model_used"": ""tunis""}",isolation_forest_v2
century21_276c7ffa4642,century21,tunis,-0.092,True,86.29,[],"{""model_used"": ""tunis""}",isolation_forest_v2
century21_50d25f4fe096,century21,tunis,0.021,False,39.67,[],"{""model_used"": ""tunis""}",isolation_forest_v2
century21_ac31f05e19b3,century21,tunis,-0.0131,True,56.51,[],"{""model_used"": ""tunis""}",isolation_forest_v2
century21_e32244c8782b,century21,tunis,0.0111,False,44.47,[],"{""model_used"": ""tunis""}",isolation_forest_v2
century21_4a1a3f49ab4f,century21,tunis,-0.0534,True,74.4,[],"{""model_used"": ""tunis""}",isolation_forest_v2
century21_4a3c491f25fd,century21,tunis,-0.0564,True,75.56,[],"{""model_used"": ""tunis""}",isolation_forest_v2
century21_08a2bf3ea23a,century21,tunis,-0.019,True,59.39,[],"{""model_used"": ""tunis""}",isolation_forest_v2
century21_c7841bfe5cda,century21,tunis,-0.0211,True,60.41,[],"{""model_used"": ""tunis""}",isolation_forest_v2
century21_f3163877fa3b,century21,tunis,-0.1155,True,90.98,"[""price_too_high_for_region""]","{""model_used"": ""tunis""}",isolation_forest_v2
century21_f77de57bee4f,century21,tunis,-0.1898,True,97.8,"[""price_too_high_for_region""]","{""model_used"": ""tunis""}",isolation_forest_v2
century21_fc7f9af2fe34,century21,tunis,-0.1358,True,93.8,"[""price_too_high_for_region""]","{""model_used"": ""tunis""}",isolation_forest_v2
century21_67d2a22be7ae,century21,tunis,-0.0359,True,67.21,[],"{""model_used"": ""tunis""}",isolation_forest_v2
century21_ae400a4c8edd,century21,tunis,0.0128,False,43.65,[],"{""model_used"": ""tunis""}",isolation_forest_v2
century21_904e83b8948a,century21,tunis,-0.0307,True,64.89,[],"{""model_used"": ""tunis""}",isolation_forest_v2
century21_66561502f479,century21,tunis,-0.1357,True,93.78,[],"{""model_used"": ""tunis""}",isolation_forest_v2
century21_4b21ebbe8ee4,century21,tunis,-0.0119,True,55.9,[],"{""model_used"": ""tunis""}",isolation_forest_v2
century21_bd89dbaf14b8,century21,tunis,-0.1435,True,94.63,"[""price_too_high_for_region""]","{""model_used"": ""tunis""}",isolation_forest_v2
century21_82d0cde74c9a,century21,tunis,-0.095,True,86.99,[],"{""model_used"": ""tunis""}",isolation_forest_v2
century21_2000,century21,tunis,0.0164,False,41.89,[],"{""model_used"": ""tunis""}",isolation_forest_v2
century21_21453b0d564b,century21,tunis,0.026,False,37.29,[],"{""model_used"": ""tunis""}",isolation_forest_v2
century21_31aae087b601,century21,tunis,-0.014,True,56.93,[],"{""model_used"": ""tunis""}",isolation_forest_v2
century21_7f0a5399e2b4,century21,tunis,0.0082,False,45.92,[],"{""model_used"": ""tunis""}",isolation_forest_v2
century21_6ddd941d84b6,century21,tunis,-0.0715,True,80.7,[],"{""model_used"": ""tunis""}",isolation_forest_v2
century21_4f7ed59b0d73,century21,tunis,-0.096,True,87.22,[],"{""model_used"": ""tunis""}",isolation_forest_v2
century21_e5b823de522f,century21,tunis,-0.1719,True,96.88,"[""price_too_high_for_region""]","{""model_used"": ""tunis""}",isolation_forest_v2
century21_283146c5e295,century21,tunis,0.0554,False,24.84,[],"{""model_used"": ""tunis""}",isolation_forest_v2
century21_5633c68db875,century21,tunis,-0.0009,True,50.47,[],"{""model_used"": ""tunis""}",isolation_forest_v2
century21_de6f012cd678,century21,tunis,-0.0126,True,56.27,[],"{""model_used"": ""tunis""}",isolation_forest_v2
century21_45b1a02669b7,century21,tunis,-0.0795,True,83.06,[],"{""model_used"": ""tunis""}",isolation_forest_v2
century21_6e681489a461,century21,tunis,-0.0173,True,58.58,[],"{""model_used"": ""tunis""}",isolation_forest_v2
century21_afbba0d454ff,century21,tunis,-0.0763,True,82.15,[],"{""model_used"": ""tunis""}",isolation_forest_v2
century21_683bdd2cc312,century21,tunis,-0.0054,True,52.7,[],"{""model_used"": ""tunis""}",isolation_forest_v2
century21_f33bd8ade83f,century21,tunis,-0.0559,True,75.37,[],"{""model_used"": ""tunis""}",isolation_forest_v2
century21_a4cd98821e4d,century21,tunis,-0.0469,True,71.86,[],"{""model_used"": ""tunis""}",isolation_forest_v2
century21_fcfea98f929e,century21,tunis,-0.098,True,87.65,"[""extreme_price_per_m2"", ""price_too_high_for_region""]","{""model_used"": ""tunis""}",isolation_forest_v2
century21_79c05035778c,century21,tunis,0.0023,False,48.84,[],"{""model_used"": ""tunis""}",isolation_forest_v2
century21_d56a438d4c46,century21,tunis,0.0046,False,47.69,[],"{""model_used"": ""tunis""}",isolation_forest_v2
century21_4b02b4e15188,century21,tunis,0.0158,False,42.15,[],"{""model_used"": ""tunis""}",isolation_forest_v2
century21_bb9e7d54a5c5,century21,tunis,-0.0254,True,62.42,[],"{""model_used"": ""tunis""}",isolation_forest_v2
century21_301919c5622c,century21,tunis,-0.0337,True,66.25,[],"{""model_used"": ""tunis""}",isolation_forest_v2
century21_5bd2ca303bbf,century21,tunis,-0.06,True,76.84,[],"{""model_used"": ""tunis""}",isolation_forest_v2
century21_781d74614b9f,century21,tunis,-0.0741,True,81.49,"[""price_too_high_for_region""]","{""model_used"": ""tunis""}",isolation_forest_v2
century21_b72f877d814c,century21,tunis,0.005,False,47.51,[],"{""model_used"": ""tunis""}",isolation_forest_v2
century21_bd763bd2bef0,century21,tunis,-0.0132,True,56.54,[],"{""model_used"": ""tunis""}",isolation_forest_v2
century21_42260c34c5da,century21,tunis,0.0018,False,49.09,[],"{""model_used"": ""tunis""}",isolation_forest_v2
century21_f521ab4e9e21,century21,tunis,0.0144,False,42.86,[],"{""model_used"": ""tunis""}",isolation_forest_v2
century21_7c20e31eae96,century21,tunis,-0.0625,True,77.73,[],"{""model_used"": ""tunis""}",isolation_forest_v2
century21_5111d5dc5fea,century21,tunis,-0.02,True,59.85,[],"{""model_used"": ""tunis""}",isolation_forest_v2
century21_60a7a39355a7,century21,tunis,0.0252,False,37.66,[],"{""model_used"": ""tunis""}",isolation_forest_v2
century21_323a0986bf3a,century21,tunis,-0.1019,True,88.47,[],"{""model_used"": ""tunis""}",isolation_forest_v2
century21_26f19bea40c4,century21,tunis,-0.0071,True,53.53,[],"{""model_used"": ""tunis""}",isolation_forest_v2
century21_bfef1c49c331,century21,tunis,0.0112,False,44.4,[],"{""model_used"": ""tunis""}",isolation_forest_v2
century21_0bdd5100d556,century21,tunis,-0.0701,True,80.25,[],"{""model_used"": ""tunis""}",isolation_forest_v2
century21_03c93edcedb8,century21,tunis,-0.0114,True,55.7,[],"{""model_used"": ""tunis""}",isolation_forest_v2
century21_cdeb60875dd1,century21,tunis,0.0113,False,44.37,[],"{""model_used"": ""tunis""}",isolation_forest_v2
century21_d02abd4d8288,century21,tunis,-0.0065,True,53.23,[],"{""model_used"": ""tunis""}",isolation_forest_v2
century21_ce552746b95c,century21,tunis,-0.125,True,92.41,"[""price_too_high_for_region""]","{""model_used"": ""tunis""}",isolation_forest_v2
century21_0342fde358d5,century21,tunis,-0.0614,True,77.34,[],"{""model_used"": ""tunis""}",isolation_forest_v2
century21_96d230cd3f3a,century21,tunis,-0.1037,True,88.84,[],"{""model_used"": ""tunis""}",isolation_forest_v2
century21_d8c6b1b77dfd,century21,tunis,-0.0668,True,79.19,"[""price_too_high_for_region""]","{""model_used"": ""tunis""}",isolation_forest_v2
century21_e3276bb58790,century21,tunis,-0.0779,True,82.62,[],"{""model_used"": ""tunis""}",isolation_forest_v2
century21_454a67412dcd,century21,tunis,0.0161,False,42.03,[],"{""model_used"": ""tunis""}",isolation_forest_v2
century21_7b93cd6012fd,century21,tunis,0.0165,False,41.82,[],"{""model_used"": ""tunis""}",isolation_forest_v2
century21_05842bee20be,century21,tunis,-0.0234,True,61.51,[],"{""model_used"": ""tunis""}",isolation_forest_v2
century21_f3fcc5331e9d,century21,tunis,-0.0229,True,61.24,[],"{""model_used"": ""tunis""}",isolation_forest_v2
century21_71418f16d6b7,century21,tunis,-0.0405,True,69.2,[],"{""model_used"": ""tunis""}",isolation_forest_v2
century21_67a436262ac3,century21,tunis,-0.1478,True,95.06,"[""price_too_high_for_region""]","{""model_used"": ""tunis""}",isolation_forest_v2
century21_1f35a181ef40,century21,tunis,-0.0448,True,71.03,[],"{""model_used"": ""tunis""}",isolation_forest_v2
century21_32a517cc816c,century21,tunis,-0.0803,True,83.28,[],"{""model_used"": ""tunis""}",isolation_forest_v2
century21_8f8ad4aac843,century21,tunis,-0.0597,True,76.76,"[""price_too_high_for_region""]","{""model_used"": ""tunis""}",isolation_forest_v2
century21_6bcf54d6f21d,century21,tunis,-0.0034,True,51.71,[],"{""model_used"": ""tunis""}",isolation_forest_v2
century21_555940efb1b7,century21,tunis,-0.0686,True,79.78,[],"{""model_used"": ""tunis""}",isolation_forest_v2
century21_4c89b42fd0c2,century21,tunis,0.0226,False,38.91,[],"{""model_used"": ""tunis""}",isolation_forest_v2
century21_88a20d51f82b,century21,tunis,-0.0392,True,68.67,[],"{""model_used"": ""tunis""}",isolation_forest_v2
century21_b5c0f1ddb8d2,century21,tunis,-0.1444,True,94.72,"[""price_too_high_for_region""]","{""model_used"": ""tunis""}",isolation_forest_v2
century21_d189a1535ad2,century21,tunis,-0.1304,True,93.14,"[""price_too_high_for_region""]","{""model_used"": ""tunis""}",isolation_forest_v2
century21_430a2b3e3d56,century21,tunis,-0.0725,True,81.0,[],"{""model_used"": ""tunis""}",isolation_forest_v2
century21_90093f2b1bc6,century21,tunis,-0.0036,True,51.8,[],"{""model_used"": ""tunis""}",isolation_forest_v2
century21_77a87c9b22ca,century21,tunis,-0.0924,True,86.39,"[""price_too_high_for_region""]","{""model_used"": ""tunis""}",isolation_forest_v2
century21_129a726b0a24,century21,tunis,-0.0809,True,83.44,[],"{""model_used"": ""tunis""}",isolation_forest_v2
century21_fa23a476f621,century21,tunis,-0.1963,True,98.07,"[""rooms_surface_inconsistent"", ""extreme_price_per_m2""]","{""model_used"": ""tunis""}",isolation_forest_v2
century21_56323e22b752,century21,tunis,-0.1797,True,97.33,"[""price_too_high_for_region""]","{""model_used"": ""tunis""}",isolation_forest_v2
century21_d354ff33b994,century21,tunis,-0.0276,True,63.44,[],"{""model_used"": ""tunis""}",isolation_forest_v2
century21_c346b130c69d,century21,tunis,0.0109,False,44.6,[],"{""model_used"": ""tunis""}",isolation_forest_v2
century21_e5d94885825e,century21,tunis,-0.0237,True,61.63,[],"{""model_used"": ""tunis""}",isolation_forest_v2
century21_cca3d6a69383,century21,tunis,0.0145,False,42.81,[],"{""model_used"": ""tunis""}",isolation_forest_v2
century21_198a658d9ee7,century21,tunis,-0.0625,True,77.74,[],"{""model_used"": ""tunis""}",isolation_forest_v2
century21_394dc6c6335c,century21,tunis,0.0227,False,38.83,[],"{""model_used"": ""tunis""}",isolation_forest_v2
century21_06fe8c9d3a64,century21,tunis,-0.0359,True,67.24,[],"{""model_used"": ""tunis""}",isolation_forest_v2
century21_4a6df658f0a8,century21,tunis,-0.0558,True,75.34,[],"{""model_used"": ""tunis""}",isolation_forest_v2
affare_1700,affare,unknown,0.1093,False,10.11,[],"{""model_used"": ""unknown""}",isolation_forest_v2
affare_226855,affare,unknown,0.1439,False,5.32,[],"{""model_used"": ""unknown""}",isolation_forest_v2
affare_237007,affare,unknown,0.1354,False,6.25,[],"{""model_used"": ""unknown""}",isolation_forest_v2
affare_228981,affare,unknown,0.0248,False,37.86,"[""no_images_high_price""]","{""model_used"": ""unknown""}",isolation_forest_v2
affare_2300,affare,unknown,0.0888,False,14.48,[],"{""model_used"": ""unknown""}",isolation_forest_v2
affare_235663,affare,unknown,0.0426,False,29.91,"[""no_images_high_price""]","{""model_used"": ""unknown""}",isolation_forest_v2
affare_236234,affare,unknown,0.0654,False,21.27,"[""no_images_high_price""]","{""model_used"": ""unknown""}",isolation_forest_v2
affare_236238,affare,unknown,0.1354,False,6.25,[],"{""model_used"": ""unknown""}",isolation_forest_v2
affare_256718,affare,unknown,-0.0388,True,68.47,"[""no_images_high_price""]","{""model_used"": ""unknown""}",isolation_forest_v2
affare_246872,affare,unknown,0.1412,False,5.6,[],"{""model_used"": ""unknown""}",isolation_forest_v2
affare_245971,affare,unknown,0.0988,False,12.18,[],"{""model_used"": ""unknown""}",isolation_forest_v2
affare_243701,affare,unknown,0.1443,False,5.28,[],"{""model_used"": ""unknown""}",isolation_forest_v2
affare_257950,affare,unknown,0.1409,False,5.63,"[""no_images_high_price""]","{""model_used"": ""unknown""}",isolation_forest_v2
affare_246565,affare,unknown,0.1205,False,8.23,[],"{""model_used"": ""unknown""}",isolation_forest_v2
affare_248970,affare,unknown,0.0942,False,13.2,[],"{""model_used"": ""unknown""}",isolation_forest_v2
affare_252013,affare,unknown,0.0466,False,28.25,"[""no_images_high_price""]","{""model_used"": ""unknown""}",isolation_forest_v2
affare_248967,affare,unknown,0.0777,False,17.44,"[""extreme_price_per_m2""]","{""model_used"": ""unknown""}",isolation_forest_v2
affare_250596,affare,unknown,0.0815,False,16.39,"[""no_images_high_price""]","{""model_used"": ""unknown""}",isolation_forest_v2
affare_255365,affare,unknown,0.1266,False,7.36,[],"{""model_used"": ""unknown""}",isolation_forest_v2
affare_254550,affare,unknown,0.1111,False,9.78,"[""no_images_high_price""]","{""model_used"": ""unknown""}",isolation_forest_v2
affare_254771,affare,unknown,0.078,False,17.38,"[""no_images_high_price""]","{""model_used"": ""unknown""}",isolation_forest_v2
affare_253269,affare,unknown,0.0895,False,14.3,"[""no_images_high_price""]","{""model_used"": ""unknown""}",isolation_forest_v2
affare_256388,affare,unknown,0.1146,False,9.18,[],"{""model_used"": ""unknown""}",isolation_forest_v2
affare_255524,affare,unknown,0.1563,False,4.2,[],"{""model_used"": ""unknown""}",isolation_forest_v2
affare_255747,affare,unknown,-0.0547,True,74.91,"[""no_images_high_price"", ""extreme_price_per_m2""]","{""model_used"": ""unknown""}",isolation_forest_v2
affare_255449,affare,unknown,0.1223,False,7.97,"[""no_images_high_price""]","{""model_used"": ""unknown""}",isolation_forest_v2
affare_257892,affare,unknown,0.1116,False,9.7,[],"{""model_used"": ""unknown""}",isolation_forest_v2
affare_257450,affare,unknown,0.131,False,6.79,"[""no_images_high_price""]","{""model_used"": ""unknown""}",isolation_forest_v2
affare_257369,affare,unknown,0.095,False,13.01,[],"{""model_used"": ""unknown""}",isolation_forest_v2
affare_257399,affare,unknown,0.0946,False,13.11,[],"{""model_used"": ""unknown""}",isolation_forest_v2
affare_256795,affare,unknown,0.164,False,3.63,[],"{""model_used"": ""unknown""}",isolation_forest_v2
affare_257455,affare,unknown,0.1128,False,9.47,"[""no_images_high_price""]","{""model_used"": ""unknown""}",isolation_forest_v2
affare_257460,affare,unknown,0.0026,False,48.71,"[""no_images_high_price""]","{""model_used"": ""unknown""}",isolation_forest_v2
affare_257804,affare,unknown,-0.0006,True,50.3,"[""no_images_high_price""]","{""model_used"": ""unknown""}",isolation_forest_v2
affare_257453,affare,unknown,0.0193,False,40.49,"[""no_images_high_price""]","{""model_used"": ""unknown""}",isolation_forest_v2
affare_257799,affare,unknown,0.0416,False,30.33,"[""no_images_high_price""]","{""model_used"": ""unknown""}",isolation_forest_v2
affare_257683,affare,unknown,0.1247,False,7.63,[],"{""model_used"": ""unknown""}",isolation_forest_v2
affare_257940,affare,unknown,0.1012,False,11.67,[],"{""model_used"": ""unknown""}",isolation_forest_v2
affare_257805,affare,unknown,0.1121,False,9.6,[],"{""model_used"": ""unknown""}",isolation_forest_v2
affare_257808,affare,unknown,0.0106,False,44.73,"[""no_images_high_price""]","{""model_used"": ""unknown""}",isolation_forest_v2
affare_258568,affare,unknown,0.1228,False,7.9,[],"{""model_used"": ""unknown""}",isolation_forest_v2
affare_258985,affare,unknown,0.0642,False,21.69,"[""extreme_price_per_m2""]","{""model_used"": ""unknown""}",isolation_forest_v2
affare_258966,affare,unknown,0.1428,False,5.43,"[""no_images_high_price""]","{""model_used"": ""unknown""}",isolation_forest_v2
newkey_128424,newkey,unknown,0.1682,False,3.34,[],"{""model_used"": ""unknown""}",isolation_forest_v2
affare_259488,affare,unknown,0.1216,False,8.08,[],"{""model_used"": ""unknown""}",isolation_forest_v2
affare_259489,affare,unknown,0.0968,False,12.62,[],"{""model_used"": ""unknown""}",isolation_forest_v2
affare_259481,affare,unknown,0.0599,False,23.18,"[""extreme_price_per_m2""]","{""model_used"": ""unknown""}",isolation_forest_v2
affare_259483,affare,unknown,0.094,False,13.24,"[""no_images_high_price""]","{""model_used"": ""unknown""}",isolation_forest_v2
affare_259490,affare,unknown,0.0641,False,21.71,"[""no_images_high_price""]","{""model_used"": ""unknown""}",isolation_forest_v2
affare_259480,affare,unknown,0.033,False,34.07,[],"{""model_used"": ""unknown""}",isolation_forest_v2
affare_259501,affare,unknown,0.0073,False,46.36,"[""no_images_high_price""]","{""model_used"": ""unknown""}",isolation_forest_v2
affare_259496,affare,unknown,-0.0287,True,63.96,"[""no_images_high_price""]","{""model_used"": ""unknown""}",isolation_forest_v2
affare_259494,affare,unknown,0.1429,False,5.43,[],"{""model_used"": ""unknown""}",isolation_forest_v2
affare_259498,affare,unknown,-0.0223,True,60.98,"[""no_images_high_price""]","{""model_used"": ""unknown""}",isolation_forest_v2
affare_259560,affare,unknown,0.1389,False,5.86,[],"{""model_used"": ""unknown""}",isolation_forest_v2
affare_259491,affare,unknown,0.0341,False,33.58,"[""no_images_high_price""]","{""model_used"": ""unknown""}",isolation_forest_v2
affare_259502,affare,unknown,0.1089,False,10.18,[],"{""model_used"": ""unknown""}",isolation_forest_v2
affare_259507,affare,unknown,0.0434,False,29.59,[],"{""model_used"": ""unknown""}",isolation_forest_v2
affare_259506,affare,unknown,0.0983,False,12.29,"[""no_images_high_price""]","{""model_used"": ""unknown""}",isolation_forest_v2
affare_259512,affare,unknown,0.0998,False,11.97,[],"{""model_used"": ""unknown""}",isolation_forest_v2
affare_259510,affare,unknown,0.1166,False,8.85,[],"{""model_used"": ""unknown""}",isolation_forest_v2
affare_259508,affare,unknown,0.053,False,25.74,"[""no_images_high_price""]","{""model_used"": ""unknown""}",isolation_forest_v2
affare_259504,affare,unknown,0.1104,False,9.91,[],"{""model_used"": ""unknown""}",isolation_forest_v2
newkey_128206,newkey,unknown,0.1657,False,3.51,[],"{""model_used"": ""unknown""}",isolation_forest_v2
affare_259515,affare,unknown,0.05,False,26.89,[],"{""model_used"": ""unknown""}",isolation_forest_v2
affare_259551,affare,unknown,0.1148,False,9.15,"[""no_images_high_price""]","{""model_used"": ""unknown""}",isolation_forest_v2
affare_259554,affare,unknown,0.0828,False,16.04,"[""no_images_high_price""]","{""model_used"": ""unknown""}",isolation_forest_v2
affare_259555,affare,unknown,0.0489,False,27.34,"[""no_images_high_price""]","{""model_used"": ""unknown""}",isolation_forest_v2
affare_259553,affare,unknown,0.1233,False,7.82,[],"{""model_used"": ""unknown""}",isolation_forest_v2
affare_259547,affare,unknown,0.1036,False,11.18,"[""no_images_high_price""]","{""model_used"": ""unknown""}",isolation_forest_v2
affare_259567,affare,unknown,0.1409,False,5.63,[],"{""model_used"": ""unknown""}",isolation_forest_v2
affare_259566,affare,unknown,0.1473,False,4.99,[],"{""model_used"": ""unknown""}",isolation_forest_v2
affare_259563,affare,unknown,0.1251,False,7.57,[],"{""model_used"": ""unknown""}",isolation_forest_v2
affare_259564,affare,unknown,0.1383,False,5.92,[],"{""model_used"": ""unknown""}",isolation_forest_v2
affare_259562,affare,unknown,0.1449,False,5.22,[],"{""model_used"": ""unknown""}",isolation_forest_v2
affare_259558,affare,unknown,0.0464,False,28.34,"[""no_images_high_price""]","{""model_used"": ""unknown""}",isolation_forest_v2
affare_259559,affare,unknown,0.0564,False,24.45,"[""no_images_high_price""]","{""model_used"": ""unknown""}",isolation_forest_v2
affare_259565,affare,unknown,0.151,False,4.66,[],"{""model_used"": ""unknown""}",isolation_forest_v2
affare_259669,affare,unknown,0.0509,False,26.54,[],"{""model_used"": ""unknown""}",isolation_forest_v2
affare_259570,affare,unknown,0.1219,False,8.04,[],"{""model_used"": ""unknown""}",isolation_forest_v2
affare_259573,affare,unknown,0.0749,False,18.28,[],"{""model_used"": ""unknown""}",isolation_forest_v2
affare_259670,affare,unknown,0.1544,False,4.36,[],"{""model_used"": ""unknown""}",isolation_forest_v2
affare_259569,affare,unknown,0.1288,False,7.07,[],"{""model_used"": ""unknown""}",isolation_forest_v2
affare_259568,affare,unknown,0.1302,False,6.88,[],"{""model_used"": ""unknown""}",isolation_forest_v2
affare_259671,affare,unknown,0.0154,False,42.37,"[""no_images_high_price""]","{""model_used"": ""unknown""}",isolation_forest_v2
affare_4400,affare,unknown,0.0439,False,29.34,[],"{""model_used"": ""unknown""}",isolation_forest_v2
mubawab_8106603,mubawab,unknown,0.0683,False,20.33,"[""no_images_high_price"", ""description_too_short""]","{""model_used"": ""unknown""}",isolation_forest_v2
darcom_90062,darcom,unknown,0.1554,False,4.28,[],"{""model_used"": ""unknown""}",isolation_forest_v2
mubawab_7120194,mubawab,unknown,0.1214,False,8.1,"[""no_images_high_price"", ""description_too_short""]","{""model_used"": ""unknown""}",isolation_forest_v2
mubawab_7600872,mubawab,unknown,0.1291,False,7.04,"[""description_too_short""]","{""model_used"": ""unknown""}",isolation_forest_v2
mubawab_7711139,mubawab,unknown,0.1438,False,5.33,"[""description_too_short""]","{""model_used"": ""unknown""}",isolation_forest_v2
mubawab_7830273,mubawab,unknown,0.1249,False,7.6,"[""no_images_high_price"", ""description_too_short""]","{""model_used"": ""unknown""}",isolation_forest_v2
mubawab_7846820,mubawab,unknown,0.1374,False,6.02,"[""description_too_short""]","{""model_used"": ""unknown""}",isolation_forest_v2
mubawab_7851268,mubawab,unknown,0.1568,False,4.17,"[""description_too_short""]","{""model_used"": ""unknown""}",isolation_forest_v2
mubawab_7857008,mubawab,unknown,0.1636,False,3.66,"[""description_too_short""]","{""model_used"": ""unknown""}",isolation_forest_v2
mubawab_7901510,mubawab,unknown,0.1228,False,7.9,"[""no_images_high_price"", ""description_too_short""]","{""model_used"": ""unknown""}",isolation_forest_v2
mubawab_7886402,mubawab,unknown,0.0866,False,15.02,"[""description_too_short""]","{""model_used"": ""unknown""}",isolation_forest_v2
mubawab_7861550,mubawab,unknown,0.1568,False,4.16,"[""description_too_short""]","{""model_used"": ""unknown""}",isolation_forest_v2
mubawab_7904047,mubawab,unknown,0.0081,False,45.98,"[""description_too_short""]","{""model_used"": ""unknown""}",isolation_forest_v2
mubawab_8126691,mubawab,unknown,0.1537,False,4.42,"[""description_too_short""]","{""model_used"": ""unknown""}",isolation_forest_v2
mubawab_8130955,mubawab,unknown,0.1443,False,5.28,"[""no_images_high_price"", ""description_too_short""]","{""model_used"": ""unknown""}",isolation_forest_v2
mubawab_8134846,mubawab,unknown,0.1498,False,4.76,"[""no_images_high_price"", ""description_too_short""]","{""model_used"": ""unknown""}",isolation_forest_v2
mubawab_8127940,mubawab,unknown,0.156,False,4.23,"[""no_images_high_price"", ""description_too_short""]","{""model_used"": ""unknown""}",isolation_forest_v2
mubawab_8161889,mubawab,unknown,0.0504,False,26.73,"[""no_images_high_price"", ""description_too_short""]","{""model_used"": ""unknown""}",isolation_forest_v2
newkey_123800,newkey,unknown,0.1674,False,3.4,[],"{""model_used"": ""unknown""}",isolation_forest_v2
mubawab_8162885,mubawab,unknown,0.1404,False,5.69,"[""description_too_short""]","{""model_used"": ""unknown""}",isolation_forest_v2
mubawab_8163675,mubawab,unknown,0.1465,False,5.07,"[""no_images_high_price"", ""description_too_short""]","{""model_used"": ""unknown""}",isolation_forest_v2
mubawab_8165236,mubawab,unknown,0.1421,False,5.51,"[""description_too_short""]","{""model_used"": ""unknown""}",isolation_forest_v2
newkey_113194,newkey,unknown,0.041,False,30.56,"[""no_images_high_price""]","{""model_used"": ""unknown""}",isolation_forest_v2
mubawab_8167245,mubawab,unknown,0.011,False,44.5,"[""no_images_high_price"", ""description_too_short""]","{""model_used"": ""unknown""}",isolation_forest_v2
newkey_112712,newkey,unknown,0.1166,False,8.84,"[""no_images_high_price""]","{""model_used"": ""unknown""}",isolation_forest_v2
mubawab_8169406,mubawab,unknown,0.1402,False,5.71,"[""no_images_high_price"", ""description_too_short""]","{""model_used"": ""unknown""}",isolation_forest_v2
newkey_113248,newkey,unknown,0.1564,False,4.2,[],"{""model_used"": ""unknown""}",isolation_forest_v2
mubawab_8171622,mubawab,unknown,0.0543,False,25.24,"[""no_images_high_price"", ""description_too_short""]","{""model_used"": ""unknown""}",isolation_forest_v2
mubawab_8185172,mubawab,unknown,0.1489,False,4.84,"[""no_images_high_price"", ""description_too_short""]","{""model_used"": ""unknown""}",isolation_forest_v2
mubawab_8181524,mubawab,unknown,0.155,False,4.31,"[""description_too_short""]","{""model_used"": ""unknown""}",isolation_forest_v2
mubawab_8211968,mubawab,unknown,0.1581,False,4.06,"[""no_images_high_price"", ""description_too_short""]","{""model_used"": ""unknown""}",isolation_forest_v2
mubawab_8194985,mubawab,unknown,0.1562,False,4.21,"[""no_images_high_price"", ""description_too_short""]","{""model_used"": ""unknown""}",isolation_forest_v2
mubawab_8214838,mubawab,unknown,0.1636,False,3.65,"[""no_images_high_price"", ""description_too_short""]","{""model_used"": ""unknown""}",isolation_forest_v2
mubawab_8189475,mubawab,unknown,0.1633,False,3.67,"[""description_too_short""]","{""model_used"": ""unknown""}",isolation_forest_v2
mubawab_8189465,mubawab,unknown,0.1619,False,3.78,"[""description_too_short""]","{""model_used"": ""unknown""}",isolation_forest_v2
mubawab_8212588,mubawab,unknown,0.1439,False,5.32,"[""no_images_high_price"", ""description_too_short""]","{""model_used"": ""unknown""}",isolation_forest_v2
mubawab_8221236,mubawab,unknown,0.1448,False,5.23,"[""description_too_short""]","{""model_used"": ""unknown""}",isolation_forest_v2
newkey_113506,newkey,unknown,0.1188,False,8.5,"[""no_images_high_price""]","{""model_used"": ""unknown""}",isolation_forest_v2
mubawab_8234831,mubawab,unknown,0.0542,False,25.26,"[""no_images_high_price"", ""description_too_short""]","{""model_used"": ""unknown""}",isolation_forest_v2
mubawab_8234719,mubawab,unknown,0.022,False,39.16,"[""description_too_short""]","{""model_used"": ""unknown""}",isolation_forest_v2
mubawab_8239703,mubawab,unknown,0.1179,False,8.64,"[""no_images_high_price"", ""description_too_short""]","{""model_used"": ""unknown""}",isolation_forest_v2
mubawab_8240198,mubawab,unknown,0.1051,False,10.89,"[""no_images_high_price"", ""description_too_short""]","{""model_used"": ""unknown""}",isolation_forest_v2
mubawab_8236731,mubawab,unknown,0.1426,False,5.46,"[""description_too_short""]","{""model_used"": ""unknown""}",isolation_forest_v2
mubawab_8243638,mubawab,unknown,0.1571,False,4.14,"[""description_too_short""]","{""model_used"": ""unknown""}",isolation_forest_v2
mubawab_8242807,mubawab,unknown,0.1635,False,3.66,"[""no_images_high_price"", ""description_too_short""]","{""model_used"": ""unknown""}",isolation_forest_v2
mubawab_8241301,mubawab,unknown,0.1051,False,10.9,"[""no_images_high_price"", ""description_too_short""]","{""model_used"": ""unknown""}",isolation_forest_v2
mubawab_8240411,mubawab,unknown,0.1553,False,4.28,"[""description_too_short""]","{""model_used"": ""unknown""}",isolation_forest_v2
mubawab_8240199,mubawab,unknown,0.1533,False,4.45,"[""no_images_high_price"", ""description_too_short""]","{""model_used"": ""unknown""}",isolation_forest_v2
mubawab_8240435,mubawab,unknown,0.1489,False,4.84,"[""no_images_high_price"", ""description_too_short""]","{""model_used"": ""unknown""}",isolation_forest_v2
mubawab_8243905,mubawab,unknown,0.1296,False,6.96,"[""description_too_short""]","{""model_used"": ""unknown""}",isolation_forest_v2
mubawab_8245872,mubawab,unknown,0.1506,False,4.69,"[""no_images_high_price"", ""description_too_short""]","{""model_used"": ""unknown""}",isolation_forest_v2
newkey_123804,newkey,unknown,-0.0072,True,53.58,"[""no_images_high_price""]","{""model_used"": ""unknown""}",isolation_forest_v2
mubawab_8257777,mubawab,unknown,0.1276,False,7.23,"[""no_images_high_price"", ""description_too_short""]","{""model_used"": ""unknown""}",isolation_forest_v2
mubawab_8252918,mubawab,unknown,0.1402,False,5.71,"[""description_too_short""]","{""model_used"": ""unknown""}",isolation_forest_v2
mubawab_8293135,mubawab,unknown,0.1651,False,3.55,"[""no_images_high_price"", ""description_too_short""]","{""model_used"": ""unknown""}",isolation_forest_v2
mubawab_8253718,mubawab,unknown,0.1261,False,7.44,"[""description_too_short""]","{""model_used"": ""unknown""}",isolation_forest_v2
mubawab_8251845,mubawab,unknown,0.0777,False,17.44,"[""description_too_short""]","{""model_used"": ""unknown""}",isolation_forest_v2
mubawab_8266226,mubawab,unknown,0.0904,False,14.1,"[""no_images_high_price"", ""description_too_short""]","{""model_used"": ""unknown""}",isolation_forest_v2
mubawab_8268309,mubawab,unknown,0.1444,False,5.28,"[""no_images_high_price"", ""description_too_short""]","{""model_used"": ""unknown""}",isolation_forest_v2
mubawab_8267431,mubawab,unknown,0.1582,False,4.06,"[""no_images_high_price"", ""description_too_short""]","{""model_used"": ""unknown""}",isolation_forest_v2
mubawab_8266350,mubawab,unknown,0.1579,False,4.08,"[""no_images_high_price"", ""description_too_short""]","{""model_used"": ""unknown""}",isolation_forest_v2
mubawab_8274100,mubawab,unknown,0.1157,False,9.0,"[""no_images_high_price"", ""description_too_short""]","{""model_used"": ""unknown""}",isolation_forest_v2
mubawab_8273443,mubawab,unknown,0.1505,False,4.7,"[""description_too_short""]","{""model_used"": ""unknown""}",isolation_forest_v2
mubawab_8275424,mubawab,unknown,0.0917,False,13.79,"[""no_images_high_price"", ""description_too_short""]","{""model_used"": ""unknown""}",isolation_forest_v2
mubawab_8268954,mubawab,unknown,0.1477,False,4.95,"[""description_too_short""]","{""model_used"": ""unknown""}",isolation_forest_v2
mubawab_8276594,mubawab,unknown,0.1393,False,5.81,"[""no_images_high_price"", ""description_too_short""]","{""model_used"": ""unknown""}",isolation_forest_v2
mubawab_8278630,mubawab,unknown,0.1236,False,7.78,"[""no_images_high_price"", ""description_too_short""]","{""model_used"": ""unknown""}",isolation_forest_v2
mubawab_8276279,mubawab,unknown,0.146,False,5.12,"[""description_too_short""]","{""model_used"": ""unknown""}",isolation_forest_v2
mubawab_8281298,mubawab,unknown,0.0874,False,14.82,"[""description_too_short""]","{""model_used"": ""unknown""}",isolation_forest_v2
mubawab_8278425,mubawab,unknown,0.1421,False,5.51,"[""description_too_short""]","{""model_used"": ""unknown""}",isolation_forest_v2
mubawab_8276629,mubawab,unknown,0.1547,False,4.33,"[""no_images_high_price"", ""description_too_short""]","{""model_used"": ""unknown""}",isolation_forest_v2
mubawab_8285053,mubawab,unknown,0.1601,False,3.91,"[""description_too_short""]","{""model_used"": ""unknown""}",isolation_forest_v2
mubawab_8281300,mubawab,unknown,0.1363,False,6.14,"[""no_images_high_price"", ""description_too_short""]","{""model_used"": ""unknown""}",isolation_forest_v2
mubawab_8284291,mubawab,unknown,0.1385,False,5.9,"[""description_too_short""]","{""model_used"": ""unknown""}",isolation_forest_v2
newkey_124158,newkey,unknown,0.1032,False,11.27,[],"{""model_used"": ""unknown""}",isolation_forest_v2
mubawab_8283549,mubawab,unknown,0.1387,False,5.88,"[""no_images_high_price"", ""description_too_short""]","{""model_used"": ""unknown""}",isolation_forest_v2
mubawab_8283565,mubawab,unknown,0.1142,False,9.24,"[""no_images_high_price"", ""description_too_short""]","{""model_used"": ""unknown""}",isolation_forest_v2
newkey_114343,newkey,unknown,0.019,False,40.62,[],"{""model_used"": ""unknown""}",isolation_forest_v2
mubawab_8288452,mubawab,unknown,0.0975,False,12.46,"[""description_too_short""]","{""model_used"": ""unknown""}",isolation_forest_v2
mubawab_8287934,mubawab,unknown,0.1538,False,4.41,"[""no_images_high_price"", ""description_too_short""]","{""model_used"": ""unknown""}",isolation_forest_v2
mubawab_8287930,mubawab,unknown,0.1531,False,4.47,"[""no_images_high_price"", ""description_too_short""]","{""model_used"": ""unknown""}",isolation_forest_v2
newkey_124448,newkey,unknown,0.1236,False,7.78,[],"{""model_used"": ""unknown""}",isolation_forest_v2
mubawab_8289614,mubawab,unknown,0.1238,False,7.75,"[""no_images_high_price"", ""description_too_short""]","{""model_used"": ""unknown""}",isolation_forest_v2
mubawab_8287932,mubawab,unknown,0.1476,False,4.97,"[""no_images_high_price"", ""description_too_short""]","{""model_used"": ""unknown""}",isolation_forest_v2
mubawab_8296227,mubawab,unknown,0.1539,False,4.4,"[""description_too_short""]","{""model_used"": ""unknown""}",isolation_forest_v2
mubawab_8293385,mubawab,unknown,0.1318,False,6.69,"[""no_images_high_price"", ""description_too_short""]","{""model_used"": ""unknown""}",isolation_forest_v2
mubawab_8299021,mubawab,unknown,0.1631,False,3.69,"[""no_images_high_price"", ""description_too_short""]","{""model_used"": ""unknown""}",isolation_forest_v2
mubawab_8300153,mubawab,unknown,0.1585,False,4.03,"[""description_too_short""]","{""model_used"": ""unknown""}",isolation_forest_v2
newkey_114426,newkey,unknown,0.166,False,3.49,[],"{""model_used"": ""unknown""}",isolation_forest_v2
mubawab_8299323,mubawab,unknown,0.1575,False,4.11,"[""no_images_high_price"", ""description_too_short""]","{""model_used"": ""unknown""}",isolation_forest_v2
newkey_118549,newkey,unknown,0.1197,False,8.37,"[""no_images_high_price""]","{""model_used"": ""unknown""}",isolation_forest_v2
mubawab_8301707,mubawab,unknown,0.1587,False,4.01,"[""description_too_short""]","{""model_used"": ""unknown""}",isolation_forest_v2
newkey_115365,newkey,unknown,0.0591,False,23.47,"[""no_images_high_price""]","{""model_used"": ""unknown""}",isolation_forest_v2
mubawab_8304623,mubawab,unknown,0.1511,False,4.64,"[""description_too_short""]","{""model_used"": ""unknown""}",isolation_forest_v2
mubawab_8302707,mubawab,unknown,0.1119,False,9.65,"[""no_images_high_price"", ""description_too_short""]","{""model_used"": ""unknown""}",isolation_forest_v2
mubawab_8302394,mubawab,unknown,0.1228,False,7.9,"[""description_too_short""]","{""model_used"": ""unknown""}",isolation_forest_v2
mubawab_8304052,mubawab,unknown,0.1178,False,8.66,"[""description_too_short""]","{""model_used"": ""unknown""}",isolation_forest_v2
mubawab_8302514,mubawab,unknown,0.1454,False,5.17,"[""no_images_high_price"", ""description_too_short""]","{""model_used"": ""unknown""}",isolation_forest_v2
mubawab_8302433,mubawab,unknown,0.1408,False,5.64,"[""no_images_high_price"", ""description_too_short""]","{""model_used"": ""unknown""}",isolation_forest_v2
mubawab_8306211,mubawab,unknown,0.1657,False,3.51,"[""no_images_high_price"", ""description_too_short""]","{""model_used"": ""unknown""}",isolation_forest_v2
mubawab_8306166,mubawab,unknown,0.125,False,7.58,"[""description_too_short""]","{""model_used"": ""unknown""}",isolation_forest_v2
mubawab_8305946,mubawab,unknown,0.1609,False,3.85,"[""no_images_high_price"", ""description_too_short""]","{""model_used"": ""unknown""}",isolation_forest_v2
mubawab_8304928,mubawab,unknown,0.1438,False,5.33,"[""no_images_high_price"", ""description_too_short""]","{""model_used"": ""unknown""}",isolation_forest_v2
mubawab_8305633,mubawab,unknown,0.1296,False,6.96,"[""description_too_short""]","{""model_used"": ""unknown""}",isolation_forest_v2
newkey_118038,newkey,unknown,0.079,False,17.09,"[""no_images_high_price""]","{""model_used"": ""unknown""}",isolation_forest_v2
mubawab_8304959,mubawab,unknown,0.1628,False,3.71,"[""description_too_short""]","{""model_used"": ""unknown""}",isolation_forest_v2
mubawab_8305537,mubawab,unknown,0.1322,False,6.63,"[""description_too_short""]","{""model_used"": ""unknown""}",isolation_forest_v2
mubawab_8306337,mubawab,unknown,0.1347,False,6.33,"[""no_images_high_price"", ""description_too_short""]","{""model_used"": ""unknown""}",isolation_forest_v2
mubawab_8307885,mubawab,unknown,0.1421,False,5.51,"[""no_images_high_price"", ""description_too_short""]","{""model_used"": ""unknown""}",isolation_forest_v2
mubawab_8307443,mubawab,unknown,0.0651,False,21.39,"[""no_images_high_price"", ""description_too_short""]","{""model_used"": ""unknown""}",isolation_forest_v2
mubawab_8308827,mubawab,unknown,0.1425,False,5.46,"[""no_images_high_price"", ""description_too_short""]","{""model_used"": ""unknown""}",isolation_forest_v2
mubawab_8308831,mubawab,unknown,0.1374,False,6.02,"[""no_images_high_price"", ""description_too_short""]","{""model_used"": ""unknown""}",isolation_forest_v2
mubawab_8311350,mubawab,unknown,0.1326,False,6.59,"[""description_too_short""]","{""model_used"": ""unknown""}",isolation_forest_v2
mubawab_8312039,mubawab,unknown,0.0515,False,26.31,"[""description_too_short""]","{""model_used"": ""unknown""}",isolation_forest_v2
newkey_120905,newkey,unknown,0.074,False,18.55,"[""no_images_high_price""]","{""model_used"": ""unknown""}",isolation_forest_v2
mubawab_8311728,mubawab,unknown,0.0382,False,31.8,"[""no_images_high_price"", ""description_too_short""]","{""model_used"": ""unknown""}",isolation_forest_v2
mubawab_8311716,mubawab,unknown,0.0451,False,28.85,"[""description_too_short""]","{""model_used"": ""unknown""}",isolation_forest_v2
mubawab_8311356,mubawab,unknown,0.1525,False,4.52,"[""no_images_high_price"", ""description_too_short""]","{""model_used"": ""unknown""}",isolation_forest_v2
newkey_128921,newkey,unknown,0.1449,False,5.23,[],"{""model_used"": ""unknown""}",isolation_forest_v2
mubawab_8312759,mubawab,unknown,0.1548,False,4.32,"[""no_images_high_price"", ""description_too_short""]","{""model_used"": ""unknown""}",isolation_forest_v2
mubawab_8312698,mubawab,unknown,0.1582,False,4.06,"[""description_too_short""]","{""model_used"": ""unknown""}",isolation_forest_v2
mubawab_8312748,mubawab,unknown,0.1373,False,6.03,"[""description_too_short""]","{""model_used"": ""unknown""}",isolation_forest_v2
mubawab_8312666,mubawab,unknown,0.1391,False,5.83,"[""no_images_high_price"", ""description_too_short""]","{""model_used"": ""unknown""}",isolation_forest_v2
mubawab_8312162,mubawab,unknown,0.162,False,3.77,"[""no_images_high_price"", ""description_too_short""]","{""model_used"": ""unknown""}",isolation_forest_v2
newkey_120857,newkey,unknown,0.1039,False,11.13,[],"{""model_used"": ""unknown""}",isolation_forest_v2
mubawab_8312771,mubawab,unknown,0.146,False,5.12,"[""no_images_high_price"", ""description_too_short""]","{""model_used"": ""unknown""}",isolation_forest_v2
mubawab_8314566,mubawab,unknown,0.1616,False,3.8,"[""no_images_high_price"", ""description_too_short""]","{""model_used"": ""unknown""}",isolation_forest_v2
mubawab_8315352,mubawab,unknown,0.159,False,3.99,"[""description_too_short""]","{""model_used"": ""unknown""}",isolation_forest_v2
newkey_121593,newkey,unknown,0.0669,False,20.79,"[""no_images_high_price""]","{""model_used"": ""unknown""}",isolation_forest_v2
mubawab_8316021,mubawab,unknown,0.1495,False,4.79,"[""no_images_high_price"", ""description_too_short""]","{""model_used"": ""unknown""}",isolation_forest_v2
newkey_124890,newkey,unknown,0.0948,False,13.05,[],"{""model_used"": ""unknown""}",isolation_forest_v2
mubawab_8316018,mubawab,unknown,0.155,False,4.31,"[""description_too_short""]","{""model_used"": ""unknown""}",isolation_forest_v2
mubawab_8315694,mubawab,unknown,0.1288,False,7.07,"[""description_too_short""]","{""model_used"": ""unknown""}",isolation_forest_v2
mubawab_8316856,mubawab,unknown,0.1489,False,4.85,"[""no_images_high_price"", ""description_too_short""]","{""model_used"": ""unknown""}",isolation_forest_v2
mubawab_8317546,mubawab,unknown,0.161,False,3.84,"[""description_too_short""]","{""model_used"": ""unknown""}",isolation_forest_v2
newkey_124735,newkey,unknown,0.0727,False,18.94,[],"{""model_used"": ""unknown""}",isolation_forest_v2
mubawab_8317559,mubawab,unknown,0.0789,False,17.12,"[""description_too_short""]","{""model_used"": ""unknown""}",isolation_forest_v2
mubawab_8317905,mubawab,unknown,0.1509,False,4.66,"[""no_images_high_price"", ""description_too_short""]","{""model_used"": ""unknown""}",isolation_forest_v2
mubawab_8319823,mubawab,unknown,0.1569,False,4.16,"[""no_images_high_price"", ""description_too_short""]","{""model_used"": ""unknown""}",isolation_forest_v2
mubawab_8319826,mubawab,unknown,0.1236,False,7.78,"[""no_images_high_price"", ""description_too_short""]","{""model_used"": ""unknown""}",isolation_forest_v2
newkey_121769,newkey,unknown,0.0759,False,17.97,"[""no_images_high_price""]","{""model_used"": ""unknown""}",isolation_forest_v2
mubawab_8319917,mubawab,unknown,0.1521,False,4.55,"[""description_too_short""]","{""model_used"": ""unknown""}",isolation_forest_v2
mubawab_8319907,mubawab,unknown,0.16,False,3.91,"[""description_too_short""]","{""model_used"": ""unknown""}",isolation_forest_v2
mubawab_8320363,mubawab,unknown,0.1376,False,6.0,"[""description_too_short""]","{""model_used"": ""unknown""}",isolation_forest_v2
mubawab_8320379,mubawab,unknown,0.1461,False,5.11,"[""description_too_short""]","{""model_used"": ""unknown""}",isolation_forest_v2
mubawab_8320303,mubawab,unknown,0.1321,False,6.65,"[""description_too_short""]","{""model_used"": ""unknown""}",isolation_forest_v2
mubawab_8320365,mubawab,unknown,0.1207,False,8.22,"[""no_images_high_price"", ""description_too_short""]","{""model_used"": ""unknown""}",isolation_forest_v2
mubawab_8320359,mubawab,unknown,0.1381,False,5.94,"[""description_too_short""]","{""model_used"": ""unknown""}",isolation_forest_v2
newkey_121819,newkey,unknown,0.1204,False,8.25,"[""no_images_high_price""]","{""model_used"": ""unknown""}",isolation_forest_v2
mubawab_8320730,mubawab,unknown,0.079,False,17.07,"[""description_too_short""]","{""model_used"": ""unknown""}",isolation_forest_v2
mubawab_8320813,mubawab,unknown,0.1293,False,7.0,"[""description_too_short""]","{""model_used"": ""unknown""}",isolation_forest_v2
mubawab_8320921,mubawab,unknown,0.1434,False,5.38,"[""no_images_high_price"", ""description_too_short""]","{""model_used"": ""unknown""}",isolation_forest_v2
mubawab_8320871,mubawab,unknown,0.1577,False,4.09,"[""description_too_short""]","{""model_used"": ""unknown""}",isolation_forest_v2
mubawab_8320839,mubawab,unknown,0.1633,False,3.68,"[""description_too_short""]","{""model_used"": ""unknown""}",isolation_forest_v2
newkey_121438,newkey,unknown,0.1226,False,7.92,"[""no_images_high_price""]","{""model_used"": ""unknown""}",isolation_forest_v2
mubawab_8320966,mubawab,unknown,0.0932,False,13.42,"[""description_too_short""]","{""model_used"": ""unknown""}",isolation_forest_v2
mubawab_8321541,mubawab,unknown,0.1407,False,5.66,"[""description_too_short""]","{""model_used"": ""unknown""}",isolation_forest_v2
mubawab_8321344,mubawab,unknown,0.1645,False,3.59,"[""no_images_high_price"", ""description_too_short""]","{""model_used"": ""unknown""}",isolation_forest_v2
newkey_115396,newkey,unknown,0.0833,False,15.89,"[""no_images_high_price""]","{""model_used"": ""unknown""}",isolation_forest_v2
mubawab_8321040,mubawab,unknown,0.161,False,3.84,"[""description_too_short""]","{""model_used"": ""unknown""}",isolation_forest_v2
mubawab_8321666,mubawab,unknown,0.1138,False,9.32,"[""description_too_short""]","{""model_used"": ""unknown""}",isolation_forest_v2
mubawab_8321593,mubawab,unknown,0.1085,False,10.24,"[""no_images_high_price"", ""description_too_short""]","{""model_used"": ""unknown""}",isolation_forest_v2
mubawab_8321634,mubawab,unknown,0.1527,False,4.51,"[""description_too_short""]","{""model_used"": ""unknown""}",isolation_forest_v2
mubawab_8321735,mubawab,unknown,0.1596,False,3.95,"[""description_too_short""]","{""model_used"": ""unknown""}",isolation_forest_v2
mubawab_8321930,mubawab,unknown,0.1417,False,5.55,"[""description_too_short""]","{""model_used"": ""unknown""}",isolation_forest_v2
newkey_122217,newkey,unknown,0.1396,False,5.77,"[""no_images_high_price""]","{""model_used"": ""unknown""}",isolation_forest_v2
mubawab_8321787,mubawab,unknown,0.0999,False,11.94,"[""description_too_short""]","{""model_used"": ""unknown""}",isolation_forest_v2
mubawab_8321738,mubawab,unknown,0.0753,False,18.15,"[""description_too_short""]","{""model_used"": ""unknown""}",isolation_forest_v2
mubawab_8321747,mubawab,unknown,0.1566,False,4.18,"[""description_too_short""]","{""model_used"": ""unknown""}",isolation_forest_v2
mubawab_8321758,mubawab,unknown,0.1439,False,5.33,"[""description_too_short""]","{""model_used"": ""unknown""}",isolation_forest_v2
mubawab_8321871,mubawab,unknown,0.1566,False,4.18,"[""description_too_short""]","{""model_used"": ""unknown""}",isolation_forest_v2
newkey_124757,newkey,unknown,0.1478,False,4.95,[],"{""model_used"": ""unknown""}",isolation_forest_v2
mubawab_8322135,mubawab,unknown,0.1438,False,5.34,"[""description_too_short""]","{""model_used"": ""unknown""}",isolation_forest_v2
mubawab_8322193,mubawab,unknown,0.1626,False,3.72,"[""no_images_high_price"", ""description_too_short""]","{""model_used"": ""unknown""}",isolation_forest_v2
mubawab_8322134,mubawab,unknown,0.1587,False,4.01,"[""description_too_short""]","{""model_used"": ""unknown""}",isolation_forest_v2
mubawab_8322128,mubawab,unknown,0.099,False,12.14,"[""description_too_short""]","{""model_used"": ""unknown""}",isolation_forest_v2
mubawab_8322004,mubawab,unknown,0.1632,False,3.68,"[""no_images_high_price"", ""description_too_short""]","{""model_used"": ""unknown""}",isolation_forest_v2
newkey_124918,newkey,unknown,0.1399,False,5.74,[],"{""model_used"": ""unknown""}",isolation_forest_v2
mubawab_8322256,mubawab,unknown,0.1462,False,5.1,"[""description_too_short""]","{""model_used"": ""unknown""}",isolation_forest_v2
mubawab_8322544,mubawab,unknown,0.1482,False,4.91,"[""description_too_short""]","{""model_used"": ""unknown""}",isolation_forest_v2
mubawab_8322635,mubawab,unknown,0.1571,False,4.14,"[""no_images_high_price"", ""description_too_short""]","{""model_used"": ""unknown""}",isolation_forest_v2
mubawab_8322888,mubawab,unknown,0.1412,False,5.6,"[""no_images_high_price"", ""description_too_short""]","{""model_used"": ""unknown""}",isolation_forest_v2
mubawab_8323815,mubawab,unknown,0.1494,False,4.79,"[""description_too_short""]","{""model_used"": ""unknown""}",isolation_forest_v2
mubawab_8325117,mubawab,unknown,0.0125,False,43.78,"[""description_too_short""]","{""model_used"": ""unknown""}",isolation_forest_v2
newkey_122277,newkey,unknown,0.1373,False,6.03,"[""no_images_high_price""]","{""model_used"": ""unknown""}",isolation_forest_v2
mubawab_8325641,mubawab,unknown,0.0996,False,11.99,"[""description_too_short""]","{""model_used"": ""unknown""}",isolation_forest_v2
newkey_114592,newkey,unknown,0.1135,False,9.36,"[""no_images_high_price""]","{""model_used"": ""unknown""}",isolation_forest_v2
mubawab_8327402,mubawab,unknown,0.1469,False,5.03,"[""no_images_high_price"", ""description_too_short""]","{""model_used"": ""unknown""}",isolation_forest_v2
newkey_101421,newkey,unknown,0.0713,False,19.39,"[""no_images_high_price""]","{""model_used"": ""unknown""}",isolation_forest_v2
mubawab_8326245,mubawab,unknown,0.1594,False,3.96,"[""description_too_short""]","{""model_used"": ""unknown""}",isolation_forest_v2
mubawab_8327272,mubawab,unknown,0.1391,False,5.83,"[""no_images_high_price"", ""description_too_short""]","{""model_used"": ""unknown""}",isolation_forest_v2
newkey_112566,newkey,unknown,0.1082,False,10.31,"[""no_images_high_price""]","{""model_used"": ""unknown""}",isolation_forest_v2
newkey_112673,newkey,unknown,0.1259,False,7.46,"[""no_images_high_price""]","{""model_used"": ""unknown""}",isolation_forest_v2
newkey_106974,newkey,unknown,0.0615,False,22.6,"[""no_images_high_price""]","{""model_used"": ""unknown""}",isolation_forest_v2
newkey_103023,newkey,unknown,0.1374,False,6.02,[],"{""model_used"": ""unknown""}",isolation_forest_v2
newkey_104163,newkey,unknown,0.0082,False,45.91,[],"{""model_used"": ""unknown""}",isolation_forest_v2
newkey_112688,newkey,unknown,0.036,False,32.75,"[""no_images_high_price""]","{""model_used"": ""unknown""}",isolation_forest_v2
newkey_112596,newkey,unknown,0.0274,False,36.65,"[""no_images_high_price""]","{""model_used"": ""unknown""}",isolation_forest_v2
newkey_113637,newkey,unknown,0.051,False,26.51,[],"{""model_used"": ""unknown""}",isolation_forest_v2
newkey_113192,newkey,unknown,0.0412,False,30.51,"[""no_images_high_price""]","{""model_used"": ""unknown""}",isolation_forest_v2
newkey_112699,newkey,unknown,0.0352,False,33.07,"[""no_images_high_price""]","{""model_used"": ""unknown""}",isolation_forest_v2
newkey_112696,newkey,unknown,0.1363,False,6.15,[],"{""model_used"": ""unknown""}",isolation_forest_v2
newkey_115151,newkey,unknown,0.1144,False,9.21,"[""no_images_high_price""]","{""model_used"": ""unknown""}",isolation_forest_v2
newkey_114374,newkey,unknown,0.136,False,6.18,[],"{""model_used"": ""unknown""}",isolation_forest_v2
newkey_114284,newkey,unknown,0.1186,False,8.53,"[""no_images_high_price""]","{""model_used"": ""unknown""}",isolation_forest_v2
newkey_113642,newkey,unknown,0.1361,False,6.17,[],"{""model_used"": ""unknown""}",isolation_forest_v2
newkey_114164,newkey,unknown,0.1236,False,7.78,"[""no_images_high_price""]","{""model_used"": ""unknown""}",isolation_forest_v2
newkey_116282,newkey,unknown,0.1367,False,6.1,[],"{""model_used"": ""unknown""}",isolation_forest_v2
newkey_115067,newkey,unknown,0.0635,False,21.93,"[""no_images_high_price""]","{""model_used"": ""unknown""}",isolation_forest_v2
newkey_114754,newkey,unknown,0.1085,False,10.25,"[""no_images_high_price""]","{""model_used"": ""unknown""}",isolation_forest_v2
newkey_114586,newkey,unknown,0.1184,False,8.56,"[""no_images_high_price""]","{""model_used"": ""unknown""}",isolation_forest_v2
newkey_116350,newkey,unknown,0.0179,False,41.14,"[""no_images_high_price""]","{""model_used"": ""unknown""}",isolation_forest_v2
newkey_116449,newkey,unknown,0.0453,False,28.79,[],"{""model_used"": ""unknown""}",isolation_forest_v2
newkey_116436,newkey,unknown,0.1272,False,7.29,[],"{""model_used"": ""unknown""}",isolation_forest_v2
newkey_124851,newkey,unknown,0.0653,False,21.31,[],"{""model_used"": ""unknown""}",isolation_forest_v2
newkey_115928,newkey,unknown,0.1113,False,9.74,"[""no_images_high_price""]","{""model_used"": ""unknown""}",isolation_forest_v2
newkey_116356,newkey,unknown,0.1373,False,6.03,[],"{""model_used"": ""unknown""}",isolation_forest_v2
newkey_117484,newkey,unknown,0.0029,False,48.53,"[""no_images_high_price""]","{""model_used"": ""unknown""}",isolation_forest_v2
newkey_118531,newkey,unknown,0.1336,False,6.47,"[""no_images_high_price""]","{""model_used"": ""unknown""}",isolation_forest_v2
newkey_117418,newkey,unknown,0.1268,False,7.34,[],"{""model_used"": ""unknown""}",isolation_forest_v2
newkey_117970,newkey,unknown,0.1253,False,7.54,"[""no_images_high_price""]","{""model_used"": ""unknown""}",isolation_forest_v2
newkey_118534,newkey,unknown,0.1329,False,6.56,"[""no_images_high_price""]","{""model_used"": ""unknown""}",isolation_forest_v2
newkey_119629,newkey,unknown,0.1361,False,6.17,"[""no_images_high_price""]","{""model_used"": ""unknown""}",isolation_forest_v2
newkey_120186,newkey,unknown,-0.0129,True,56.41,"[""no_images_high_price""]","{""model_used"": ""unknown""}",isolation_forest_v2
newkey_120147,newkey,unknown,0.1308,False,6.81,"[""no_images_high_price""]","{""model_used"": ""unknown""}",isolation_forest_v2
newkey_119690,newkey,unknown,0.1238,False,7.75,"[""no_images_high_price""]","{""model_used"": ""unknown""}",isolation_forest_v2
newkey_119886,newkey,unknown,0.0676,False,20.57,[],"{""model_used"": ""unknown""}",isolation_forest_v2
newkey_119867,newkey,unknown,0.1259,False,7.46,"[""no_images_high_price""]","{""model_used"": ""unknown""}",isolation_forest_v2
newkey_120410,newkey,unknown,0.1473,False,4.99,"[""no_images_high_price""]","{""model_used"": ""unknown""}",isolation_forest_v2
newkey_120480,newkey,unknown,0.0534,False,25.59,"[""no_images_high_price""]","{""model_used"": ""unknown""}",isolation_forest_v2
newkey_120899,newkey,unknown,0.1563,False,4.21,"[""no_images_high_price""]","{""model_used"": ""unknown""}",isolation_forest_v2
newkey_120349,newkey,unknown,0.1685,False,3.32,[],"{""model_used"": ""unknown""}",isolation_forest_v2
newkey_121127,newkey,unknown,0.1684,False,3.33,[],"{""model_used"": ""unknown""}",isolation_forest_v2
newkey_120230,newkey,unknown,0.0999,False,11.93,"[""no_images_high_price""]","{""model_used"": ""unknown""}",isolation_forest_v2
newkey_121130,newkey,unknown,0.1688,False,3.3,[],"{""model_used"": ""unknown""}",isolation_forest_v2
newkey_121561,newkey,unknown,0.1363,False,6.14,"[""no_images_high_price""]","{""model_used"": ""unknown""}",isolation_forest_v2
newkey_121821,newkey,unknown,0.0915,False,13.82,"[""no_images_high_price""]","{""model_used"": ""unknown""}",isolation_forest_v2
newkey_121527,newkey,unknown,0.1377,False,5.99,[],"{""model_used"": ""unknown""}",isolation_forest_v2
newkey_121656,newkey,unknown,0.0705,False,19.62,"[""no_images_high_price""]","{""model_used"": ""unknown""}",isolation_forest_v2
newkey_122018,newkey,unknown,0.056,False,24.59,"[""no_images_high_price""]","{""model_used"": ""unknown""}",isolation_forest_v2
newkey_122229,newkey,unknown,0.144,False,5.31,[],"{""model_used"": ""unknown""}",isolation_forest_v2
newkey_122398,newkey,unknown,0.0844,False,15.61,"[""no_images_high_price""]","{""model_used"": ""unknown""}",isolation_forest_v2
newkey_122903,newkey,unknown,0.1454,False,5.17,[],"{""model_used"": ""unknown""}",isolation_forest_v2
newkey_122694,newkey,unknown,0.0873,False,14.86,"[""no_images_high_price""]","{""model_used"": ""unknown""}",isolation_forest_v2
newkey_122897,newkey,unknown,0.159,False,3.99,[],"{""model_used"": ""unknown""}",isolation_forest_v2
newkey_122799,newkey,unknown,0.1275,False,7.24,[],"{""model_used"": ""unknown""}",isolation_forest_v2
newkey_122835,newkey,unknown,0.109,False,10.16,"[""no_images_high_price""]","{""model_used"": ""unknown""}",isolation_forest_v2
newkey_122564,newkey,unknown,0.1194,False,8.41,"[""no_images_high_price""]","{""model_used"": ""unknown""}",isolation_forest_v2
newkey_123127,newkey,unknown,0.139,False,5.84,[],"{""model_used"": ""unknown""}",isolation_forest_v2
newkey_123100,newkey,unknown,0.0991,False,12.11,[],"{""model_used"": ""unknown""}",isolation_forest_v2
newkey_123111,newkey,unknown,0.1618,False,3.78,[],"{""model_used"": ""unknown""}",isolation_forest_v2
newkey_123092,newkey,unknown,0.0865,False,15.07,"[""no_images_high_price""]","{""model_used"": ""unknown""}",isolation_forest_v2
newkey_123113,newkey,unknown,0.1604,False,3.89,[],"{""model_used"": ""unknown""}",isolation_forest_v2
newkey_123269,newkey,unknown,0.1342,False,6.39,[],"{""model_used"": ""unknown""}",isolation_forest_v2
newkey_123115,newkey,unknown,0.1604,False,3.89,[],"{""model_used"": ""unknown""}",isolation_forest_v2
newkey_122978,newkey,unknown,0.1069,False,10.54,"[""no_images_high_price""]","{""model_used"": ""unknown""}",isolation_forest_v2
newkey_123220,newkey,unknown,0.1216,False,8.07,"[""no_images_high_price""]","{""model_used"": ""unknown""}",isolation_forest_v2
newkey_123403,newkey,unknown,0.0966,False,12.66,[],"{""model_used"": ""unknown""}",isolation_forest_v2
newkey_123398,newkey,unknown,0.1346,False,6.34,[],"{""model_used"": ""unknown""}",isolation_forest_v2
newkey_123191,newkey,unknown,0.0966,False,12.66,"[""no_images_high_price""]","{""model_used"": ""unknown""}",isolation_forest_v2
newkey_123423,newkey,unknown,0.1398,False,5.75,[],"{""model_used"": ""unknown""}",isolation_forest_v2
newkey_123529,newkey,unknown,0.0832,False,15.91,[],"{""model_used"": ""unknown""}",isolation_forest_v2
newkey_123564,newkey,unknown,0.1351,False,6.29,[],"{""model_used"": ""unknown""}",isolation_forest_v2
newkey_123566,newkey,unknown,0.1682,False,3.35,[],"{""model_used"": ""unknown""}",isolation_forest_v2
newkey_123524,newkey,unknown,0.1457,False,5.15,[],"{""model_used"": ""unknown""}",isolation_forest_v2
newkey_123445,newkey,unknown,0.0601,False,23.1,[],"{""model_used"": ""unknown""}",isolation_forest_v2
newkey_123408,newkey,unknown,0.0517,False,26.21,[],"{""model_used"": ""unknown""}",isolation_forest_v2
newkey_123567,newkey,unknown,0.1466,False,5.06,[],"{""model_used"": ""unknown""}",isolation_forest_v2
newkey_123626,newkey,unknown,0.0508,False,26.58,[],"{""model_used"": ""unknown""}",isolation_forest_v2
newkey_123794,newkey,unknown,0.1454,False,5.18,[],"{""model_used"": ""unknown""}",isolation_forest_v2
newkey_123621,newkey,unknown,0.1095,False,10.07,[],"{""model_used"": ""unknown""}",isolation_forest_v2
newkey_123639,newkey,unknown,0.0879,False,14.69,[],"{""model_used"": ""unknown""}",isolation_forest_v2
newkey_123862,newkey,unknown,0.1624,False,3.74,[],"{""model_used"": ""unknown""}",isolation_forest_v2
newkey_124029,newkey,unknown,0.0883,False,14.61,[],"{""model_used"": ""unknown""}",isolation_forest_v2
newkey_123992,newkey,unknown,0.1405,False,5.68,[],"{""model_used"": ""unknown""}",isolation_forest_v2
newkey_123960,newkey,unknown,0.1294,False,6.99,"[""no_images_high_price""]","{""model_used"": ""unknown""}",isolation_forest_v2
newkey_124047,newkey,unknown,0.0305,False,35.21,"[""no_images_high_price""]","{""model_used"": ""unknown""}",isolation_forest_v2
newkey_124027,newkey,unknown,0.1195,False,8.4,"[""no_images_high_price""]","{""model_used"": ""unknown""}",isolation_forest_v2
newkey_124048,newkey,unknown,0.0909,False,13.96,"[""no_images_high_price""]","{""model_used"": ""unknown""}",isolation_forest_v2
newkey_123954,newkey,unknown,0.0157,False,42.2,"[""no_images_high_price""]","{""model_used"": ""unknown""}",isolation_forest_v2
newkey_123953,newkey,unknown,0.1176,False,8.69,[],"{""model_used"": ""unknown""}",isolation_forest_v2
newkey_124138,newkey,unknown,0.0883,False,14.61,[],"{""model_used"": ""unknown""}",isolation_forest_v2
newkey_124117,newkey,unknown,0.1351,False,6.29,"[""no_images_high_price""]","{""model_used"": ""unknown""}",isolation_forest_v2
newkey_124051,newkey,unknown,0.1687,False,3.31,[],"{""model_used"": ""unknown""}",isolation_forest_v2
newkey_124112,newkey,unknown,0.1366,False,6.11,[],"{""model_used"": ""unknown""}",isolation_forest_v2
newkey_124149,newkey,unknown,0.1425,False,5.47,[],"{""model_used"": ""unknown""}",isolation_forest_v2
newkey_124108,newkey,unknown,0.1376,False,6.0,[],"{""model_used"": ""unknown""}",isolation_forest_v2
newkey_124059,newkey,unknown,0.1312,False,6.76,"[""no_images_high_price""]","{""model_used"": ""unknown""}",isolation_forest_v2
newkey_124049,newkey,unknown,0.1071,False,10.51,"[""no_images_high_price""]","{""model_used"": ""unknown""}",isolation_forest_v2
newkey_124542,newkey,unknown,0.1457,False,5.15,[],"{""model_used"": ""unknown""}",isolation_forest_v2
newkey_124172,newkey,unknown,0.1173,False,8.74,[],"{""model_used"": ""unknown""}",isolation_forest_v2
newkey_124359,newkey,unknown,0.0833,False,15.89,[],"{""model_used"": ""unknown""}",isolation_forest_v2
newkey_124545,newkey,unknown,0.1435,False,5.36,[],"{""model_used"": ""unknown""}",isolation_forest_v2
newkey_124373,newkey,unknown,0.0936,False,13.32,[],"{""model_used"": ""unknown""}",isolation_forest_v2
newkey_124562,newkey,unknown,0.0618,False,22.51,"[""no_images_high_price""]","{""model_used"": ""unknown""}",isolation_forest_v2
newkey_124730,newkey,unknown,0.1024,False,11.43,[],"{""model_used"": ""unknown""}",isolation_forest_v2
newkey_124683,newkey,unknown,0.1384,False,5.91,[],"{""model_used"": ""unknown""}",isolation_forest_v2
newkey_124623,newkey,unknown,0.0595,False,23.32,"[""no_images_high_price""]","{""model_used"": ""unknown""}",isolation_forest_v2
newkey_124587,newkey,unknown,0.0531,False,25.68,[],"{""model_used"": ""unknown""}",isolation_forest_v2
newkey_124905,newkey,unknown,0.1274,False,7.25,[],"{""model_used"": ""unknown""}",isolation_forest_v2
newkey_124657,newkey,unknown,0.1388,False,5.86,[],"{""model_used"": ""unknown""}",isolation_forest_v2
newkey_124559,newkey,unknown,0.0714,False,19.33,[],"{""model_used"": ""unknown""}",isolation_forest_v2
newkey_124665,newkey,unknown,0.0762,False,17.9,[],"{""model_used"": ""unknown""}",isolation_forest_v2
newkey_124741,newkey,unknown,0.1422,False,5.5,"[""no_images_high_price""]","{""model_used"": ""unknown""}",isolation_forest_v2
newkey_124863,newkey,unknown,0.0742,False,18.5,[],"{""model_used"": ""unknown""}",isolation_forest_v2
newkey_124766,newkey,unknown,0.1108,False,9.82,[],"{""model_used"": ""unknown""}",isolation_forest_v2
newkey_124768,newkey,unknown,0.065,False,21.42,"[""no_images_high_price""]","{""model_used"": ""unknown""}",isolation_forest_v2
newkey_124743,newkey,unknown,0.0486,False,27.43,"[""no_images_high_price""]","{""model_used"": ""unknown""}",isolation_forest_v2
newkey_124742,newkey,unknown,0.0834,False,15.88,[],"{""model_used"": ""unknown""}",isolation_forest_v2
newkey_124936,newkey,unknown,0.1183,False,8.58,"[""no_images_high_price""]","{""model_used"": ""unknown""}",isolation_forest_v2
newkey_124951,newkey,unknown,0.1514,False,4.62,[],"{""model_used"": ""unknown""}",isolation_forest_v2
newkey_124968,newkey,unknown,0.1245,False,7.66,[],"{""model_used"": ""unknown""}",isolation_forest_v2
newkey_125093,newkey,unknown,0.1493,False,4.81,[],"{""model_used"": ""unknown""}",isolation_forest_v2
newkey_125117,newkey,unknown,0.0598,False,23.22,[],"{""model_used"": ""unknown""}",isolation_forest_v2
newkey_125037,newkey,unknown,0.1079,False,10.37,"[""no_images_high_price""]","{""model_used"": ""unknown""}",isolation_forest_v2
newkey_127700,newkey,unknown,0.1481,False,4.92,[],"{""model_used"": ""unknown""}",isolation_forest_v2
newkey_127704,newkey,unknown,0.1062,False,10.68,"[""no_images_high_price""]","{""model_used"": ""unknown""}",isolation_forest_v2
newkey_127707,newkey,unknown,0.1629,False,3.71,[],"{""model_used"": ""unknown""}",isolation_forest_v2
newkey_127866,newkey,unknown,0.0628,False,22.15,"[""no_images_high_price""]","{""model_used"": ""unknown""}",isolation_forest_v2
newkey_127752,newkey,unknown,0.1435,False,5.36,[],"{""model_used"": ""unknown""}",isolation_forest_v2
newkey_127779,newkey,unknown,0.1281,False,7.16,[],"{""model_used"": ""unknown""}",isolation_forest_v2
newkey_127869,newkey,unknown,0.0562,False,24.52,"[""no_images_high_price""]","{""model_used"": ""unknown""}",isolation_forest_v2
newkey_127870,newkey,unknown,0.0665,False,20.93,[],"{""model_used"": ""unknown""}",isolation_forest_v2
newkey_127778,newkey,unknown,0.1034,False,11.23,[],"{""model_used"": ""unknown""}",isolation_forest_v2
newkey_128037,newkey,unknown,0.1299,False,6.93,"[""no_images_high_price""]","{""model_used"": ""unknown""}",isolation_forest_v2
newkey_127895,newkey,unknown,0.1023,False,11.46,[],"{""model_used"": ""unknown""}",isolation_forest_v2
newkey_127952,newkey,unknown,0.1591,False,3.99,[],"{""model_used"": ""unknown""}",isolation_forest_v2
newkey_127868,newkey,unknown,0.0587,False,23.61,"[""no_images_high_price""]","{""model_used"": ""unknown""}",isolation_forest_v2
newkey_128187,newkey,unknown,0.0701,False,19.76,[],"{""model_used"": ""unknown""}",isolation_forest_v2
newkey_128134,newkey,unknown,0.1514,False,4.62,[],"{""model_used"": ""unknown""}",isolation_forest_v2
newkey_128096,newkey,unknown,0.1626,False,3.73,[],"{""model_used"": ""unknown""}",isolation_forest_v2
newkey_128002,newkey,unknown,0.1687,False,3.31,[],"{""model_used"": ""unknown""}",isolation_forest_v2
newkey_128133,newkey,unknown,0.1609,False,3.85,[],"{""model_used"": ""unknown""}",isolation_forest_v2
newkey_128097,newkey,unknown,0.1684,False,3.33,[],"{""model_used"": ""unknown""}",isolation_forest_v2
newkey_127981,newkey,unknown,0.1169,False,8.81,[],"{""model_used"": ""unknown""}",isolation_forest_v2
newkey_128486,newkey,unknown,0.1491,False,4.82,[],"{""model_used"": ""unknown""}",isolation_forest_v2
newkey_128307,newkey,unknown,0.1703,False,3.21,[],"{""model_used"": ""unknown""}",isolation_forest_v2
newkey_128204,newkey,unknown,0.1672,False,3.41,[],"{""model_used"": ""unknown""}",isolation_forest_v2
newkey_128521,newkey,unknown,0.1283,False,7.13,[],"{""model_used"": ""unknown""}",isolation_forest_v2
newkey_128670,newkey,unknown,0.1347,False,6.33,[],"{""model_used"": ""unknown""}",isolation_forest_v2
newkey_128646,newkey,unknown,0.0971,False,12.54,"[""no_images_high_price""]","{""model_used"": ""unknown""}",isolation_forest_v2
newkey_128666,newkey,unknown,0.1408,False,5.64,[],"{""model_used"": ""unknown""}",isolation_forest_v2
newkey_128624,newkey,unknown,-0.0159,True,57.87,[],"{""model_used"": ""unknown""}",isolation_forest_v2
newkey_128545,newkey,unknown,0.1295,False,6.98,[],"{""model_used"": ""unknown""}",isolation_forest_v2
newkey_129123,newkey,unknown,0.1332,False,6.51,[],"{""model_used"": ""unknown""}",isolation_forest_v2
newkey_129011,newkey,unknown,0.1354,False,6.25,"[""no_images_high_price""]","{""model_used"": ""unknown""}",isolation_forest_v2
newkey_128919,newkey,unknown,0.0537,False,25.48,[],"{""model_used"": ""unknown""}",isolation_forest_v2
newkey_129055,newkey,unknown,0.1024,False,11.42,"[""no_images_high_price""]","{""model_used"": ""unknown""}",isolation_forest_v2
newkey_128906,newkey,unknown,0.1041,False,11.09,[],"{""model_used"": ""unknown""}",isolation_forest_v2
newkey_128977,newkey,unknown,0.0765,False,17.81,[],"{""model_used"": ""unknown""}",isolation_forest_v2
newkey_129173,newkey,unknown,0.1138,False,9.31,[],"{""model_used"": ""unknown""}",isolation_forest_v2
newkey_129152,newkey,unknown,0.0288,False,36.0,"[""no_images_high_price""]","{""model_used"": ""unknown""}",isolation_forest_v2
newkey_129231,newkey,unknown,0.1361,False,6.16,"[""no_images_high_price""]","{""model_used"": ""unknown""}",isolation_forest_v2
newkey_129182,newkey,unknown,0.1647,False,3.58,[],"{""model_used"": ""unknown""}",isolation_forest_v2
newkey_129211,newkey,unknown,0.1299,False,6.93,[],"{""model_used"": ""unknown""}",isolation_forest_v2
newkey_129221,newkey,unknown,0.144,False,5.32,[],"{""model_used"": ""unknown""}",isolation_forest_v2
newkey_129232,newkey,unknown,0.0728,False,18.9,"[""no_images_high_price""]","{""model_used"": ""unknown""}",isolation_forest_v2
newkey_129246,newkey,unknown,0.1407,False,5.66,[],"{""model_used"": ""unknown""}",isolation_forest_v2
newkey_129377,newkey,unknown,0.17,False,3.23,[],"{""model_used"": ""unknown""}",isolation_forest_v2
newkey_129301,newkey,unknown,0.1251,False,7.58,[],"{""model_used"": ""unknown""}",isolation_forest_v2
newkey_129349,newkey,unknown,0.0857,False,15.27,[],"{""model_used"": ""unknown""}",isolation_forest_v2
newkey_129408,newkey,unknown,0.137,False,6.07,[],"{""model_used"": ""unknown""}",isolation_forest_v2
newkey_129334,newkey,unknown,0.1316,False,6.71,"[""no_images_high_price""]","{""model_used"": ""unknown""}",isolation_forest_v2
newkey_129335,newkey,unknown,0.0236,False,38.41,"[""no_images_high_price""]","{""model_used"": ""unknown""}",isolation_forest_v2
newkey_129337,newkey,unknown,0.1443,False,5.28,[],"{""model_used"": ""unknown""}",isolation_forest_v2
newkey_129409,newkey,unknown,0.123,False,7.87,"[""no_images_high_price""]","{""model_used"": ""unknown""}",isolation_forest_v2
newkey_129576,newkey,unknown,0.1405,False,5.68,[],"{""model_used"": ""unknown""}",isolation_forest_v2
newkey_129686,newkey,unknown,0.1393,False,5.81,[],"{""model_used"": ""unknown""}",isolation_forest_v2
newkey_129704,newkey,unknown,0.1558,False,4.24,[],"{""model_used"": ""unknown""}",isolation_forest_v2
newkey_129653,newkey,unknown,0.1397,False,5.77,"[""no_images_high_price""]","{""model_used"": ""unknown""}",isolation_forest_v2
newkey_129656,newkey,unknown,0.1499,False,4.75,[],"{""model_used"": ""unknown""}",isolation_forest_v2
newkey_129608,newkey,unknown,0.1341,False,6.4,[],"{""model_used"": ""unknown""}",isolation_forest_v2
newkey_129726,newkey,unknown,0.0772,False,17.61,"[""no_images_high_price""]","{""model_used"": ""unknown""}",isolation_forest_v2
newkey_129730,newkey,unknown,0.1335,False,6.47,[],"{""model_used"": ""unknown""}",isolation_forest_v2
newkey_129917,newkey,unknown,0.1173,False,8.73,[],"{""model_used"": ""unknown""}",isolation_forest_v2
newkey_129734,newkey,unknown,0.1571,False,4.14,[],"{""model_used"": ""unknown""}",isolation_forest_v2
newkey_129729,newkey,unknown,0.1552,False,4.29,[],"{""model_used"": ""unknown""}",isolation_forest_v2
newkey_129741,newkey,unknown,0.142,False,5.52,[],"{""model_used"": ""unknown""}",isolation_forest_v2
newkey_130174,newkey,unknown,0.1466,False,5.06,[],"{""model_used"": ""unknown""}",isolation_forest_v2
newkey_129987,newkey,unknown,0.0881,False,14.66,[],"{""model_used"": ""unknown""}",isolation_forest_v2
newkey_129977,newkey,unknown,0.0928,False,13.51,"[""no_images_high_price""]","{""model_used"": ""unknown""}",isolation_forest_v2
newkey_130027,newkey,unknown,0.147,False,5.02,[],"{""model_used"": ""unknown""}",isolation_forest_v2
newkey_129872,newkey,unknown,0.1564,False,4.2,[],"{""model_used"": ""unknown""}",isolation_forest_v2
newkey_129926,newkey,unknown,0.1462,False,5.1,[],"{""model_used"": ""unknown""}",isolation_forest_v2
newkey_129869,newkey,unknown,0.0257,False,37.42,"[""no_images_high_price""]","{""model_used"": ""unknown""}",isolation_forest_v2
newkey_130157,newkey,unknown,0.1507,False,4.68,[],"{""model_used"": ""unknown""}",isolation_forest_v2
newkey_130153,newkey,unknown,0.0715,False,19.3,[],"{""model_used"": ""unknown""}",isolation_forest_v2
newkey_130159,newkey,unknown,0.0473,False,27.97,[],"{""model_used"": ""unknown""}",isolation_forest_v2
newkey_130160,newkey,unknown,0.1314,False,6.73,[],"{""model_used"": ""unknown""}",isolation_forest_v2
newkey_130077,newkey,unknown,0.1112,False,9.75,[],"{""model_used"": ""unknown""}",isolation_forest_v2
newkey_130136,newkey,unknown,0.0514,False,26.36,[],"{""model_used"": ""unknown""}",isolation_forest_v2
newkey_130156,newkey,unknown,0.1249,False,7.6,"[""no_images_high_price""]","{""model_used"": ""unknown""}",isolation_forest_v2
newkey_130181,newkey,unknown,0.1448,False,5.23,[],"{""model_used"": ""unknown""}",isolation_forest_v2
newkey_130395,newkey,unknown,0.1608,False,3.86,[],"{""model_used"": ""unknown""}",isolation_forest_v2
newkey_130322,newkey,unknown,0.1107,False,9.86,[],"{""model_used"": ""unknown""}",isolation_forest_v2
newkey_130171,newkey,unknown,0.0997,False,11.98,"[""no_images_high_price""]","{""model_used"": ""unknown""}",isolation_forest_v2
newkey_130399,newkey,unknown,0.1153,False,9.06,[],"{""model_used"": ""unknown""}",isolation_forest_v2
newkey_130191,newkey,unknown,0.1242,False,7.69,"[""no_images_high_price""]","{""model_used"": ""unknown""}",isolation_forest_v2
newkey_130466,newkey,unknown,0.1677,False,3.38,[],"{""model_used"": ""unknown""}",isolation_forest_v2
newkey_130467,newkey,unknown,0.1337,False,6.45,"[""no_images_high_price""]","{""model_used"": ""unknown""}",isolation_forest_v2
newkey_130447,newkey,unknown,0.1663,False,3.47,[],"{""model_used"": ""unknown""}",isolation_forest_v2
newkey_130454,newkey,unknown,0.1442,False,5.3,[],"{""model_used"": ""unknown""}",isolation_forest_v2
newkey_130442,newkey,unknown,0.1002,False,11.88,[],"{""model_used"": ""unknown""}",isolation_forest_v2
newkey_130433,newkey,unknown,0.0898,False,14.23,[],"{""model_used"": ""unknown""}",isolation_forest_v2
newkey_130439,newkey,unknown,0.1331,False,6.52,[],"{""model_used"": ""unknown""}",isolation_forest_v2
newkey_130526,newkey,unknown,0.1466,False,5.06,[],"{""model_used"": ""unknown""}",isolation_forest_v2
newkey_130600,newkey,unknown,0.0743,False,18.45,"[""no_images_high_price""]","{""model_used"": ""unknown""}",isolation_forest_v2
newkey_130603,newkey,unknown,0.0724,False,19.04,[],"{""model_used"": ""unknown""}",isolation_forest_v2
newkey_130515,newkey,unknown,0.139,False,5.84,[],"{""model_used"": ""unknown""}",isolation_forest_v2
newkey_130577,newkey,unknown,0.1262,False,7.42,[],"{""model_used"": ""unknown""}",isolation_forest_v2
newkey_130868,newkey,unknown,0.1346,False,6.34,"[""no_images_high_price""]","{""model_used"": ""unknown""}",isolation_forest_v2
newkey_95276,newkey,unknown,0.0251,False,37.7,"[""no_images_high_price""]","{""model_used"": ""unknown""}",isolation_forest_v2
newkey_131038,newkey,unknown,0.1321,False,6.65,[],"{""model_used"": ""unknown""}",isolation_forest_v2
newkey_131067,newkey,unknown,0.0591,False,23.47,"[""no_images_high_price""]","{""model_used"": ""unknown""}",isolation_forest_v2
newkey_131042,newkey,unknown,0.1569,False,4.16,[],"{""model_used"": ""unknown""}",isolation_forest_v2
newkey_130985,newkey,unknown,0.1331,False,6.52,[],"{""model_used"": ""unknown""}",isolation_forest_v2
newkey_130815,newkey,unknown,0.0632,False,22.04,"[""no_images_high_price""]","{""model_used"": ""unknown""}",isolation_forest_v2
newkey_78799,newkey,unknown,0.05,False,26.9,"[""no_images_high_price""]","{""model_used"": ""unknown""}",isolation_forest_v2
newkey_97511,newkey,unknown,0.1287,False,7.08,"[""no_images_high_price""]","{""model_used"": ""unknown""}",isolation_forest_v2
verdar_124576,verdar,unknown,0.0595,False,23.31,[],"{""model_used"": ""unknown""}",isolation_forest_v2
verdar_40687,verdar,unknown,0.0379,False,31.92,"[""no_images_high_price""]","{""model_used"": ""unknown""}",isolation_forest_v2
verdar_124713,verdar,unknown,0.037,False,32.32,[],"{""model_used"": ""unknown""}",isolation_forest_v2
verdar_124362,verdar,unknown,0.0455,False,28.68,[],"{""model_used"": ""unknown""}",isolation_forest_v2
verdar_124672,verdar,unknown,0.1403,False,5.7,[],"{""model_used"": ""unknown""}",isolation_forest_v2
verdar_107846,verdar,unknown,0.1329,False,6.55,[],"{""model_used"": ""unknown""}",isolation_forest_v2
verdar_113788,verdar,unknown,0.1494,False,4.8,[],"{""model_used"": ""unknown""}",isolation_forest_v2
verdar_129894,verdar,unknown,0.0406,False,30.74,"[""no_images_high_price""]","{""model_used"": ""unknown""}",isolation_forest_v2
verdar_127969,verdar,unknown,0.1625,False,3.73,[],"{""model_used"": ""unknown""}",isolation_forest_v2
verdar_124421,verdar,unknown,0.1658,False,3.51,[],"{""model_used"": ""unknown""}",isolation_forest_v2
verdar_130820,verdar,unknown,0.1683,False,3.34,[],"{""model_used"": ""unknown""}",isolation_forest_v2
verdar_131071,verdar,unknown,0.0847,False,15.53,"[""no_images_high_price""]","{""model_used"": ""unknown""}",isolation_forest_v2
verdar_130541,verdar,unknown,0.0996,False,12.01,"[""no_images_high_price""]","{""model_used"": ""unknown""}",isolation_forest_v2
verdar_129904,verdar,unknown,0.154,False,4.39,"[""no_images_high_price""]","{""model_used"": ""unknown""}",isolation_forest_v2
verdar_91041,verdar,unknown,-0.0084,True,54.2,"[""no_images_high_price"", ""description_too_short""]","{""model_used"": ""unknown""}",isolation_forest_v2
verdar_92821,verdar,unknown,0.1142,False,9.24,"[""no_images_high_price""]","{""model_used"": ""unknown""}",isolation_forest_v2
verdar_130764,verdar,unknown,0.1106,False,9.88,"[""no_images_high_price""]","{""model_used"": ""unknown""}",isolation_forest_v2
newkey_130362,newkey,unknown,0.1433,False,5.39,[],"{""model_used"": ""unknown""}",isolation_forest_v2
affare_195701,affare,unknown,0.14,False,5.73,[],"{""model_used"": ""unknown""}",isolation_forest_v2
affare_254877,affare,unknown,0.0482,False,27.62,"[""no_images_high_price""]","{""model_used"": ""unknown""}",isolation_forest_v2
affare_256532,affare,unknown,0.0337,False,33.76,[],"{""model_used"": ""unknown""}",isolation_forest_v2
affare_257667,affare,unknown,0.0522,False,26.04,[],"{""model_used"": ""unknown""}",isolation_forest_v2
affare_259503,affare,unknown,0.0173,False,41.44,"[""no_images_high_price""]","{""model_used"": ""unknown""}",isolation_forest_v2
affare_259485,affare,unknown,0.0326,False,34.25,"[""no_images_high_price""]","{""model_used"": ""unknown""}",isolation_forest_v2
affare_259482,affare,unknown,0.0627,False,22.19,[],"{""model_used"": ""unknown""}",isolation_forest_v2
affare_259497,affare,unknown,0.05,False,26.88,"[""no_images_high_price""]","{""model_used"": ""unknown""}",isolation_forest_v2
affare_259499,affare,unknown,0.0317,False,34.67,"[""no_images_high_price""]","{""model_used"": ""unknown""}",isolation_forest_v2
affare_259492,affare,unknown,0.1237,False,7.77,[],"{""model_used"": ""unknown""}",isolation_forest_v2
affare_259493,affare,unknown,0.0355,False,32.96,"[""no_images_high_price""]","{""model_used"": ""unknown""}",isolation_forest_v2
affare_259509,affare,unknown,0.0603,False,23.02,"[""no_images_high_price""]","{""model_used"": ""unknown""}",isolation_forest_v2
affare_259511,affare,unknown,0.0101,False,44.97,"[""no_images_high_price"", ""extreme_price_per_m2""]","{""model_used"": ""unknown""}",isolation_forest_v2
affare_259513,affare,unknown,0.0959,False,12.8,"[""no_images_high_price""]","{""model_used"": ""unknown""}",isolation_forest_v2
affare_259557,affare,unknown,-0.0679,True,79.55,"[""no_images_high_price"", ""extreme_price_per_m2""]","{""model_used"": ""unknown""}",isolation_forest_v2
affare_259552,affare,unknown,0.1135,False,9.36,"[""no_images_high_price""]","{""model_used"": ""unknown""}",isolation_forest_v2
affare_259514,affare,unknown,0.15,False,4.75,[],"{""model_used"": ""unknown""}",isolation_forest_v2
affare_259561,affare,unknown,0.1443,False,5.28,[],"{""model_used"": ""unknown""}",isolation_forest_v2
affare_259571,affare,unknown,0.127,False,7.31,[],"{""model_used"": ""unknown""}",isolation_forest_v2
affare_259572,affare,unknown,0.1278,False,7.2,[],"{""model_used"": ""unknown""}",isolation_forest_v2
mubawab_7296630,mubawab,unknown,0.1494,False,4.8,"[""description_too_short""]","{""model_used"": ""unknown""}",isolation_forest_v2
mubawab_7334380,mubawab,unknown,0.1088,False,10.19,"[""description_too_short""]","{""model_used"": ""unknown""}",isolation_forest_v2
mubawab_7333882,mubawab,unknown,0.1593,False,3.97,"[""description_too_short""]","{""model_used"": ""unknown""}",isolation_forest_v2
mubawab_7453632,mubawab,unknown,0.0454,False,28.76,"[""description_too_short""]","{""model_used"": ""unknown""}",isolation_forest_v2
mubawab_7811154,mubawab,unknown,0.1507,False,4.68,"[""no_images_high_price"", ""description_too_short""]","{""model_used"": ""unknown""}",isolation_forest_v2
mubawab_7828788,mubawab,unknown,0.1032,False,11.26,"[""no_images_high_price"", ""description_too_short""]","{""model_used"": ""unknown""}",isolation_forest_v2
mubawab_7793714,mubawab,unknown,0.032,False,34.54,"[""no_images_high_price"", ""description_too_short""]","{""model_used"": ""unknown""}",isolation_forest_v2
mubawab_7846475,mubawab,unknown,0.1379,False,5.96,"[""no_images_high_price"", ""description_too_short""]","{""model_used"": ""unknown""}",isolation_forest_v2
mubawab_7887859,mubawab,unknown,0.142,False,5.52,"[""description_too_short""]","{""model_used"": ""unknown""}",isolation_forest_v2
mubawab_7925569,mubawab,unknown,0.153,False,4.48,"[""no_images_high_price"", ""description_too_short""]","{""model_used"": ""unknown""}",isolation_forest_v2
mubawab_7925546,mubawab,unknown,0.1367,False,6.1,"[""description_too_short""]","{""model_used"": ""unknown""}",isolation_forest_v2
mubawab_7925557,mubawab,unknown,0.0793,False,16.99,"[""description_too_short""]","{""model_used"": ""unknown""}",isolation_forest_v2
mubawab_7916891,mubawab,unknown,0.1133,False,9.39,"[""description_too_short""]","{""model_used"": ""unknown""}",isolation_forest_v2
mubawab_7942062,mubawab,unknown,0.1489,False,4.84,"[""no_images_high_price"", ""description_too_short""]","{""model_used"": ""unknown""}",isolation_forest_v2
newkey_116112,newkey,unknown,0.1346,False,6.35,[],"{""model_used"": ""unknown""}",isolation_forest_v2
mubawab_7937182,mubawab,unknown,0.1565,False,4.19,"[""description_too_short""]","{""model_used"": ""unknown""}",isolation_forest_v2
mubawab_7966179,mubawab,unknown,0.1645,False,3.59,"[""no_images_high_price"", ""description_too_short""]","{""model_used"": ""unknown""}",isolation_forest_v2
mubawab_7996452,mubawab,unknown,0.123,False,7.87,"[""no_images_high_price"", ""description_too_short""]","{""model_used"": ""unknown""}",isolation_forest_v2
mubawab_7936878,mubawab,unknown,0.1497,False,4.77,"[""no_images_high_price"", ""description_too_short""]","{""model_used"": ""unknown""}",isolation_forest_v2
mubawab_7966175,mubawab,unknown,0.1378,False,5.98,"[""no_images_high_price"", ""description_too_short""]","{""model_used"": ""unknown""}",isolation_forest_v2
mubawab_8003051,mubawab,unknown,0.1285,False,7.12,"[""description_too_short""]","{""model_used"": ""unknown""}",isolation_forest_v2
mubawab_7999581,mubawab,unknown,0.0954,False,12.93,"[""description_too_short""]","{""model_used"": ""unknown""}",isolation_forest_v2
mubawab_8021942,mubawab,unknown,0.158,False,4.07,"[""no_images_high_price"", ""description_too_short""]","{""model_used"": ""unknown""}",isolation_forest_v2
mubawab_8011728,mubawab,unknown,0.0804,False,16.69,"[""no_images_high_price"", ""description_too_short""]","{""model_used"": ""unknown""}",isolation_forest_v2
mubawab_8013854,mubawab,unknown,0.0506,False,26.66,"[""description_too_short""]","{""model_used"": ""unknown""}",isolation_forest_v2
newkey_115599,newkey,unknown,0.0491,False,27.26,"[""no_images_high_price""]","{""model_used"": ""unknown""}",isolation_forest_v2
mubawab_8010030,mubawab,unknown,0.095,False,13.01,"[""description_too_short""]","{""model_used"": ""unknown""}",isolation_forest_v2
mubawab_8034639,mubawab,unknown,0.138,False,5.96,"[""no_images_high_price"", ""description_too_short""]","{""model_used"": ""unknown""}",isolation_forest_v2
mubawab_8034640,mubawab,unknown,0.138,False,5.96,"[""no_images_high_price"", ""description_too_short""]","{""model_used"": ""unknown""}",isolation_forest_v2
newkey_105144,newkey,unknown,0.0817,False,16.34,"[""no_images_high_price""]","{""model_used"": ""unknown""}",isolation_forest_v2
mubawab_8035209,mubawab,unknown,0.1385,False,5.89,"[""no_images_high_price"", ""description_too_short""]","{""model_used"": ""unknown""}",isolation_forest_v2
mubawab_8035987,mubawab,unknown,0.0239,False,38.26,"[""no_images_high_price"", ""description_too_short""]","{""model_used"": ""unknown""}",isolation_forest_v2
mubawab_8035210,mubawab,unknown,0.1387,False,5.87,"[""no_images_high_price"", ""description_too_short""]","{""model_used"": ""unknown""}",isolation_forest_v2
newkey_116510,newkey,unknown,0.1461,False,5.11,"[""no_images_high_price""]","{""model_used"": ""unknown""}",isolation_forest_v2
mubawab_8080232,mubawab,unknown,0.1548,False,4.33,"[""description_too_short""]","{""model_used"": ""unknown""}",isolation_forest_v2
mubawab_8042065,mubawab,unknown,0.1468,False,5.04,"[""no_images_high_price"", ""description_too_short""]","{""model_used"": ""unknown""}",isolation_forest_v2
mubawab_8047871,mubawab,unknown,0.1384,False,5.91,"[""no_images_high_price"", ""description_too_short""]","{""model_used"": ""unknown""}",isolation_forest_v2
mubawab_8052909,mubawab,unknown,0.1511,False,4.65,"[""description_too_short""]","{""model_used"": ""unknown""}",isolation_forest_v2
mubawab_8050040,mubawab,unknown,0.1512,False,4.64,"[""description_too_short""]","{""model_used"": ""unknown""}",isolation_forest_v2
mubawab_8070745,mubawab,unknown,0.1581,False,4.06,"[""description_too_short""]","{""model_used"": ""unknown""}",isolation_forest_v2
mubawab_8053642,mubawab,unknown,0.1555,False,4.27,"[""no_images_high_price"", ""description_too_short""]","{""model_used"": ""unknown""}",isolation_forest_v2
mubawab_8048872,mubawab,unknown,0.1519,False,4.58,"[""description_too_short""]","{""model_used"": ""unknown""}",isolation_forest_v2
mubawab_8077591,mubawab,unknown,0.1518,False,4.59,"[""description_too_short""]","{""model_used"": ""unknown""}",isolation_forest_v2
newkey_123342,newkey,unknown,0.1642,False,3.62,[],"{""model_used"": ""unknown""}",isolation_forest_v2
mubawab_8078082,mubawab,unknown,-0.0127,True,56.31,"[""description_too_short"", ""rooms_surface_inconsistent""]","{""model_used"": ""unknown""}",isolation_forest_v2
mubawab_8102030,mubawab,unknown,0.1623,False,3.74,"[""description_too_short""]","{""model_used"": ""unknown""}",isolation_forest_v2
mubawab_8100525,mubawab,unknown,0.1636,False,3.66,"[""no_images_high_price"", ""description_too_short""]","{""model_used"": ""unknown""}",isolation_forest_v2
mubawab_8097608,mubawab,unknown,0.051,False,26.5,"[""no_images_high_price"", ""description_too_short""]","{""model_used"": ""unknown""}",isolation_forest_v2
mubawab_8084600,mubawab,unknown,0.1619,False,3.78,"[""description_too_short""]","{""model_used"": ""unknown""}",isolation_forest_v2
mubawab_8092362,mubawab,unknown,0.1533,False,4.46,"[""description_too_short""]","{""model_used"": ""unknown""}",isolation_forest_v2
mubawab_8102336,mubawab,unknown,0.1571,False,4.14,"[""no_images_high_price"", ""description_too_short""]","{""model_used"": ""unknown""}",isolation_forest_v2
mubawab_8087122,mubawab,unknown,0.165,False,3.56,"[""no_images_high_price"", ""description_too_short""]","{""model_used"": ""unknown""}",isolation_forest_v2
mubawab_8124657,mubawab,unknown,0.1181,False,8.61,"[""no_images_high_price"", ""description_too_short""]","{""model_used"": ""unknown""}",isolation_forest_v2
newkey_103478,newkey,unknown,0.1148,False,9.15,[],"{""model_used"": ""unknown""}",isolation_forest_v2
mubawab_8114326,mubawab,unknown,0.1596,False,3.94,"[""no_images_high_price"", ""description_too_short""]","{""model_used"": ""unknown""}",isolation_forest_v2
mubawab_8102727,mubawab,unknown,0.1494,False,4.8,"[""description_too_short""]","{""model_used"": ""unknown""}",isolation_forest_v2
newkey_122278,newkey,unknown,0.1227,False,7.91,"[""no_images_high_price""]","{""model_used"": ""unknown""}",isolation_forest_v2
mubawab_8113870,mubawab,unknown,0.1441,False,5.31,"[""description_too_short""]","{""model_used"": ""unknown""}",isolation_forest_v2
mubawab_8114014,mubawab,unknown,0.1494,False,4.8,"[""no_images_high_price"", ""description_too_short""]","{""model_used"": ""unknown""}",isolation_forest_v2
newkey_123632,newkey,unknown,0.1318,False,6.68,[],"{""model_used"": ""unknown""}",isolation_forest_v2
mubawab_8120904,mubawab,unknown,0.1061,False,10.7,"[""no_images_high_price"", ""description_too_short""]","{""model_used"": ""unknown""}",isolation_forest_v2
newkey_119602,newkey,unknown,0.0987,False,12.21,"[""no_images_high_price""]","{""model_used"": ""unknown""}",isolation_forest_v2
mubawab_8113018,mubawab,unknown,0.1397,False,5.77,"[""description_too_short""]","{""model_used"": ""unknown""}",isolation_forest_v2
mubawab_8127986,mubawab,unknown,0.1437,False,5.34,"[""no_images_high_price"", ""description_too_short""]","{""model_used"": ""unknown""}",isolation_forest_v2
mubawab_8127680,mubawab,unknown,0.1629,False,3.71,"[""description_too_short""]","{""model_used"": ""unknown""}",isolation_forest_v2
mubawab_8127117,mubawab,unknown,0.0792,False,17.01,"[""description_too_short""]","{""model_used"": ""unknown""}",isolation_forest_v2
mubawab_8148309,mubawab,unknown,0.1438,False,5.34,"[""description_too_short""]","{""model_used"": ""unknown""}",isolation_forest_v2
mubawab_8149121,mubawab,unknown,0.1069,False,10.54,"[""no_images_high_price"", ""description_too_short""]","{""model_used"": ""unknown""}",isolation_forest_v2
mubawab_8162141,mubawab,unknown,0.1335,False,6.48,"[""description_too_short""]","{""model_used"": ""unknown""}",isolation_forest_v2
mubawab_8155025,mubawab,unknown,0.1537,False,4.42,"[""no_images_high_price"", ""description_too_short""]","{""model_used"": ""unknown""}",isolation_forest_v2
mubawab_8166867,mubawab,unknown,0.1392,False,5.82,"[""description_too_short""]","{""model_used"": ""unknown""}",isolation_forest_v2
mubawab_8164140,mubawab,unknown,0.102,False,11.52,"[""no_images_high_price"", ""description_too_short""]","{""model_used"": ""unknown""}",isolation_forest_v2
mubawab_8167149,mubawab,unknown,0.1266,False,7.37,"[""no_images_high_price"", ""description_too_short""]","{""model_used"": ""unknown""}",isolation_forest_v2
mubawab_8164224,mubawab,unknown,0.112,False,9.62,"[""no_images_high_price"", ""description_too_short""]","{""model_used"": ""unknown""}",isolation_forest_v2
mubawab_8189013,mubawab,unknown,0.0569,False,24.27,"[""no_images_high_price"", ""description_too_short""]","{""model_used"": ""unknown""}",isolation_forest_v2
mubawab_8179736,mubawab,unknown,-0.0417,True,69.73,"[""description_too_short"", ""rooms_surface_inconsistent""]","{""model_used"": ""unknown""}",isolation_forest_v2
mubawab_8183364,mubawab,unknown,0.1426,False,5.46,"[""no_images_high_price"", ""description_too_short""]","{""model_used"": ""unknown""}",isolation_forest_v2
mubawab_8217405,mubawab,unknown,0.1339,False,6.43,"[""no_images_high_price"", ""description_too_short""]","{""model_used"": ""unknown""}",isolation_forest_v2
mubawab_8189506,mubawab,unknown,0.1563,False,4.21,"[""no_images_high_price"", ""description_too_short""]","{""model_used"": ""unknown""}",isolation_forest_v2
mubawab_8226515,mubawab,unknown,0.157,False,4.15,"[""no_images_high_price"", ""description_too_short""]","{""model_used"": ""unknown""}",isolation_forest_v2
mubawab_8229849,mubawab,unknown,0.0019,False,49.04,"[""description_too_short"", ""rooms_surface_inconsistent""]","{""model_used"": ""unknown""}",isolation_forest_v2
mubawab_8228807,mubawab,unknown,0.0447,False,29.04,"[""description_too_short""]","{""model_used"": ""unknown""}",isolation_forest_v2
mubawab_8218911,mubawab,unknown,0.1324,False,6.62,"[""description_too_short""]","{""model_used"": ""unknown""}",isolation_forest_v2
mubawab_8240197,mubawab,unknown,0.0364,False,32.56,"[""no_images_high_price"", ""description_too_short""]","{""model_used"": ""unknown""}",isolation_forest_v2
mubawab_8238617,mubawab,unknown,0.087,False,14.94,"[""description_too_short""]","{""model_used"": ""unknown""}",isolation_forest_v2
mubawab_8240827,mubawab,unknown,0.1401,False,5.72,"[""no_images_high_price"", ""description_too_short""]","{""model_used"": ""unknown""}",isolation_forest_v2
mubawab_8242179,mubawab,unknown,0.1507,False,4.68,"[""no_images_high_price"", ""description_too_short""]","{""model_used"": ""unknown""}",isolation_forest_v2
mubawab_8251002,mubawab,unknown,0.1377,False,5.98,"[""description_too_short""]","{""model_used"": ""unknown""}",isolation_forest_v2
mubawab_8244846,mubawab,unknown,0.1382,False,5.93,"[""no_images_high_price"", ""description_too_short""]","{""model_used"": ""unknown""}",isolation_forest_v2
mubawab_8248661,mubawab,unknown,0.0953,False,12.94,"[""description_too_short""]","{""model_used"": ""unknown""}",isolation_forest_v2
mubawab_8248300,mubawab,unknown,0.1591,False,3.98,"[""description_too_short""]","{""model_used"": ""unknown""}",isolation_forest_v2
mubawab_8251237,mubawab,unknown,0.1546,False,4.34,"[""description_too_short""]","{""model_used"": ""unknown""}",isolation_forest_v2
mubawab_8255178,mubawab,unknown,0.1486,False,4.87,"[""no_images_high_price"", ""description_too_short""]","{""model_used"": ""unknown""}",isolation_forest_v2
mubawab_8267307,mubawab,unknown,0.1639,False,3.63,"[""no_images_high_price"", ""description_too_short""]","{""model_used"": ""unknown""}",isolation_forest_v2
mubawab_8260592,mubawab,unknown,0.1601,False,3.91,"[""no_images_high_price"", ""description_too_short""]","{""model_used"": ""unknown""}",isolation_forest_v2
mubawab_8261527,mubawab,unknown,0.1482,False,4.9,"[""no_images_high_price"", ""description_too_short""]","{""model_used"": ""unknown""}",isolation_forest_v2
mubawab_8263584,mubawab,unknown,0.1107,False,9.85,"[""no_images_high_price"", ""description_too_short""]","{""model_used"": ""unknown""}",isolation_forest_v2
mubawab_8269216,mubawab,unknown,0.1486,False,4.87,"[""no_images_high_price"", ""description_too_short""]","{""model_used"": ""unknown""}",isolation_forest_v2
mubawab_8268829,mubawab,unknown,0.1649,False,3.56,"[""no_images_high_price"", ""description_too_short""]","{""model_used"": ""unknown""}",isolation_forest_v2
mubawab_8270682,mubawab,unknown,0.1416,False,5.56,"[""no_images_high_price"", ""description_too_short""]","{""model_used"": ""unknown""}",isolation_forest_v2
mubawab_8276074,mubawab,unknown,0.1134,False,9.38,"[""no_images_high_price"", ""description_too_short""]","{""model_used"": ""unknown""}",isolation_forest_v2
mubawab_8278029,mubawab,unknown,0.148,False,4.93,"[""no_images_high_price"", ""description_too_short""]","{""model_used"": ""unknown""}",isolation_forest_v2
mubawab_8276869,mubawab,unknown,0.0133,False,43.39,"[""no_images_high_price"", ""description_too_short""]","{""model_used"": ""unknown""}",isolation_forest_v2
mubawab_8280475,mubawab,unknown,0.1482,False,4.91,"[""no_images_high_price"", ""description_too_short""]","{""model_used"": ""unknown""}",isolation_forest_v2
mubawab_8281539,mubawab,unknown,0.1386,False,5.89,"[""no_images_high_price"", ""description_too_short""]","{""model_used"": ""unknown""}",isolation_forest_v2
mubawab_8287747,mubawab,unknown,0.154,False,4.39,"[""no_images_high_price"", ""description_too_short""]","{""model_used"": ""unknown""}",isolation_forest_v2
mubawab_8282249,mubawab,unknown,0.137,False,6.06,"[""description_too_short""]","{""model_used"": ""unknown""}",isolation_forest_v2
mubawab_8292099,mubawab,unknown,0.145,False,5.22,"[""description_too_short""]","{""model_used"": ""unknown""}",isolation_forest_v2
mubawab_8292175,mubawab,unknown,0.1496,False,4.78,"[""no_images_high_price"", ""description_too_short""]","{""model_used"": ""unknown""}",isolation_forest_v2
newkey_114441,newkey,unknown,0.1216,False,8.08,[],"{""model_used"": ""unknown""}",isolation_forest_v2
mubawab_8292094,mubawab,unknown,0.1041,False,11.1,"[""description_too_short""]","{""model_used"": ""unknown""}",isolation_forest_v2
mubawab_8293014,mubawab,unknown,0.1279,False,7.18,"[""description_too_short""]","{""model_used"": ""unknown""}",isolation_forest_v2
newkey_122561,newkey,unknown,0.1189,False,8.49,"[""no_images_high_price""]","{""model_used"": ""unknown""}",isolation_forest_v2
mubawab_8295232,mubawab,unknown,0.1505,False,4.69,"[""no_images_high_price"", ""description_too_short""]","{""model_used"": ""unknown""}",isolation_forest_v2
mubawab_8296977,mubawab,unknown,0.147,False,5.02,"[""no_images_high_price"", ""description_too_short""]","{""model_used"": ""unknown""}",isolation_forest_v2
mubawab_8297277,mubawab,unknown,0.1587,False,4.01,"[""description_too_short""]","{""model_used"": ""unknown""}",isolation_forest_v2
mubawab_8298148,mubawab,unknown,0.1325,False,6.6,"[""description_too_short""]","{""model_used"": ""unknown""}",isolation_forest_v2
mubawab_8299140,mubawab,unknown,0.1276,False,7.23,"[""no_images_high_price"", ""description_too_short""]","{""model_used"": ""unknown""}",isolation_forest_v2
mubawab_8301610,mubawab,unknown,0.1599,False,3.92,"[""description_too_short""]","{""model_used"": ""unknown""}",isolation_forest_v2
mubawab_8301360,mubawab,unknown,0.1366,False,6.11,"[""no_images_high_price"", ""description_too_short""]","{""model_used"": ""unknown""}",isolation_forest_v2
mubawab_8301346,mubawab,unknown,0.1366,False,6.11,"[""no_images_high_price"", ""description_too_short""]","{""model_used"": ""unknown""}",isolation_forest_v2
mubawab_8301411,mubawab,unknown,0.1452,False,5.19,"[""description_too_short""]","{""model_used"": ""unknown""}",isolation_forest_v2
mubawab_8303273,mubawab,unknown,0.1255,False,7.51,"[""no_images_high_price"", ""description_too_short""]","{""model_used"": ""unknown""}",isolation_forest_v2
mubawab_8302491,mubawab,unknown,0.1455,False,5.17,"[""no_images_high_price"", ""description_too_short""]","{""model_used"": ""unknown""}",isolation_forest_v2
mubawab_8303025,mubawab,unknown,0.1444,False,5.28,"[""description_too_short""]","{""model_used"": ""unknown""}",isolation_forest_v2
mubawab_8305431,mubawab,unknown,0.0748,False,18.3,"[""description_too_short""]","{""model_used"": ""unknown""}",isolation_forest_v2
mubawab_8305342,mubawab,unknown,0.1597,False,3.94,"[""description_too_short""]","{""model_used"": ""unknown""}",isolation_forest_v2
mubawab_8306626,mubawab,unknown,0.1166,False,8.86,"[""description_too_short""]","{""model_used"": ""unknown""}",isolation_forest_v2
mubawab_8307736,mubawab,unknown,0.1108,False,9.83,"[""no_images_high_price"", ""description_too_short""]","{""model_used"": ""unknown""}",isolation_forest_v2
mubawab_8307944,mubawab,unknown,0.1558,False,4.25,"[""description_too_short""]","{""model_used"": ""unknown""}",isolation_forest_v2
mubawab_8308913,mubawab,unknown,0.0895,False,14.3,"[""description_too_short""]","{""model_used"": ""unknown""}",isolation_forest_v2
mubawab_8307794,mubawab,unknown,0.112,False,9.61,"[""no_images_high_price"", ""description_too_short""]","{""model_used"": ""unknown""}",isolation_forest_v2
mubawab_8308365,mubawab,unknown,0.132,False,6.66,"[""no_images_high_price"", ""description_too_short""]","{""model_used"": ""unknown""}",isolation_forest_v2
mubawab_8310540,mubawab,unknown,0.1578,False,4.08,"[""description_too_short""]","{""model_used"": ""unknown""}",isolation_forest_v2
mubawab_8311823,mubawab,unknown,0.1576,False,4.1,"[""no_images_high_price"", ""description_too_short""]","{""model_used"": ""unknown""}",isolation_forest_v2
mubawab_8311576,mubawab,unknown,0.1528,False,4.49,"[""no_images_high_price"", ""description_too_short""]","{""model_used"": ""unknown""}",isolation_forest_v2
mubawab_8311870,mubawab,unknown,0.1033,False,11.25,"[""description_too_short""]","{""model_used"": ""unknown""}",isolation_forest_v2
mubawab_8312841,mubawab,unknown,0.1475,False,4.98,"[""description_too_short""]","{""model_used"": ""unknown""}",isolation_forest_v2
mubawab_8312549,mubawab,unknown,0.1619,False,3.78,"[""description_too_short""]","{""model_used"": ""unknown""}",isolation_forest_v2
mubawab_8312682,mubawab,unknown,0.164,False,3.63,"[""description_too_short""]","{""model_used"": ""unknown""}",isolation_forest_v2
mubawab_8314567,mubawab,unknown,0.1547,False,4.33,"[""no_images_high_price"", ""description_too_short""]","{""model_used"": ""unknown""}",isolation_forest_v2
mubawab_8316525,mubawab,unknown,0.1525,False,4.52,"[""description_too_short""]","{""model_used"": ""unknown""}",isolation_forest_v2
mubawab_8316180,mubawab,unknown,0.1482,False,4.91,"[""no_images_high_price"", ""description_too_short""]","{""model_used"": ""unknown""}",isolation_forest_v2
mubawab_8317120,mubawab,unknown,0.1273,False,7.26,"[""description_too_short""]","{""model_used"": ""unknown""}",isolation_forest_v2
mubawab_8316877,mubawab,unknown,0.1554,False,4.28,"[""description_too_short""]","{""model_used"": ""unknown""}",isolation_forest_v2
mubawab_8318072,mubawab,unknown,0.1433,False,5.38,"[""description_too_short""]","{""model_used"": ""unknown""}",isolation_forest_v2
mubawab_8317100,mubawab,unknown,0.1287,False,7.08,"[""description_too_short""]","{""model_used"": ""unknown""}",isolation_forest_v2
mubawab_8317786,mubawab,unknown,0.1628,False,3.71,"[""description_too_short""]","{""model_used"": ""unknown""}",isolation_forest_v2
mubawab_8320004,mubawab,unknown,0.1404,False,5.69,"[""description_too_short""]","{""model_used"": ""unknown""}",isolation_forest_v2
mubawab_8319548,mubawab,unknown,0.1462,False,5.1,"[""no_images_high_price"", ""description_too_short""]","{""model_used"": ""unknown""}",isolation_forest_v2
mubawab_8318361,mubawab,unknown,0.1453,False,5.19,"[""description_too_short""]","{""model_used"": ""unknown""}",isolation_forest_v2
mubawab_8319924,mubawab,unknown,0.1183,False,8.58,"[""description_too_short""]","{""model_used"": ""unknown""}",isolation_forest_v2
mubawab_8320338,mubawab,unknown,0.1288,False,7.07,"[""description_too_short""]","{""model_used"": ""unknown""}",isolation_forest_v2
mubawab_8320349,mubawab,unknown,0.1557,False,4.25,"[""description_too_short""]","{""model_used"": ""unknown""}",isolation_forest_v2
mubawab_8320569,mubawab,unknown,0.0796,False,16.91,"[""description_too_short""]","{""model_used"": ""unknown""}",isolation_forest_v2
mubawab_8320358,mubawab,unknown,0.1549,False,4.32,"[""description_too_short""]","{""model_used"": ""unknown""}",isolation_forest_v2
mubawab_8320963,mubawab,unknown,0.151,False,4.65,"[""description_too_short""]","{""model_used"": ""unknown""}",isolation_forest_v2
mubawab_8320856,mubawab,unknown,0.1404,False,5.69,"[""description_too_short""]","{""model_used"": ""unknown""}",isolation_forest_v2
mubawab_8320802,mubawab,unknown,0.1535,False,4.43,"[""no_images_high_price"", ""description_too_short""]","{""model_used"": ""unknown""}",isolation_forest_v2
mubawab_8321523,mubawab,unknown,0.1607,False,3.86,"[""no_images_high_price"", ""description_too_short""]","{""model_used"": ""unknown""}",isolation_forest_v2
mubawab_8321473,mubawab,unknown,0.0869,False,14.96,"[""no_images_high_price"", ""description_too_short""]","{""model_used"": ""unknown""}",isolation_forest_v2
mubawab_8321192,mubawab,unknown,0.1536,False,4.43,"[""no_images_high_price"", ""description_too_short""]","{""model_used"": ""unknown""}",isolation_forest_v2
mubawab_8321011,mubawab,unknown,0.1339,False,6.43,"[""no_images_high_price"", ""description_too_short""]","{""model_used"": ""unknown""}",isolation_forest_v2
mubawab_8321375,mubawab,unknown,0.1552,False,4.3,"[""description_too_short""]","{""model_used"": ""unknown""}",isolation_forest_v2
mubawab_8321713,mubawab,unknown,0.1238,False,7.75,"[""description_too_short""]","{""model_used"": ""unknown""}",isolation_forest_v2
mubawab_8321620,mubawab,unknown,0.1484,False,4.89,"[""no_images_high_price"", ""description_too_short""]","{""model_used"": ""unknown""}",isolation_forest_v2
mubawab_8321682,mubawab,unknown,0.1606,False,3.87,"[""description_too_short""]","{""model_used"": ""unknown""}",isolation_forest_v2
mubawab_8321631,mubawab,unknown,0.1624,False,3.74,"[""description_too_short""]","{""model_used"": ""unknown""}",isolation_forest_v2
mubawab_8321845,mubawab,unknown,0.1548,False,4.32,"[""no_images_high_price"", ""description_too_short""]","{""model_used"": ""unknown""}",isolation_forest_v2
mubawab_8321821,mubawab,unknown,0.1628,False,3.71,"[""description_too_short""]","{""model_used"": ""unknown""}",isolation_forest_v2
mubawab_8322113,mubawab,unknown,0.1486,False,4.87,"[""description_too_short""]","{""model_used"": ""unknown""}",isolation_forest_v2
mubawab_8321993,mubawab,unknown,0.1608,False,3.86,"[""description_too_short""]","{""model_used"": ""unknown""}",isolation_forest_v2
mubawab_8324856,mubawab,unknown,0.0953,False,12.94,"[""description_too_short""]","{""model_used"": ""unknown""}",isolation_forest_v2
mubawab_8325464,mubawab,unknown,0.1511,False,4.65,"[""description_too_short""]","{""model_used"": ""unknown""}",isolation_forest_v2
mubawab_8326059,mubawab,unknown,0.1619,False,3.78,"[""description_too_short""]","{""model_used"": ""unknown""}",isolation_forest_v2
mubawab_8325135,mubawab,unknown,0.0756,False,18.08,"[""description_too_short""]","{""model_used"": ""unknown""}",isolation_forest_v2
mubawab_8325137,mubawab,unknown,0.1551,False,4.31,"[""description_too_short""]","{""model_used"": ""unknown""}",isolation_forest_v2
mubawab_8325449,mubawab,unknown,0.1535,False,4.43,"[""description_too_short""]","{""model_used"": ""unknown""}",isolation_forest_v2
mubawab_8325546,mubawab,unknown,0.1538,False,4.41,"[""no_images_high_price"", ""description_too_short""]","{""model_used"": ""unknown""}",isolation_forest_v2
mubawab_8326264,mubawab,unknown,0.1438,False,5.33,"[""description_too_short""]","{""model_used"": ""unknown""}",isolation_forest_v2
mubawab_8326574,mubawab,unknown,0.1431,False,5.41,"[""description_too_short""]","{""model_used"": ""unknown""}",isolation_forest_v2
mubawab_8326104,mubawab,unknown,0.157,False,4.15,"[""description_too_short""]","{""model_used"": ""unknown""}",isolation_forest_v2
mubawab_8327250,mubawab,unknown,0.1612,False,3.83,"[""description_too_short""]","{""model_used"": ""unknown""}",isolation_forest_v2
newkey_115146,newkey,unknown,0.1296,False,6.96,"[""no_images_high_price""]","{""model_used"": ""unknown""}",isolation_forest_v2
newkey_113083,newkey,unknown,0.042,False,30.17,[],"{""model_used"": ""unknown""}",isolation_forest_v2
newkey_113170,newkey,unknown,0.0412,False,30.51,"[""no_images_high_price""]","{""model_used"": ""unknown""}",isolation_forest_v2
newkey_114413,newkey,unknown,0.0274,False,36.62,"[""no_images_high_price""]","{""model_used"": ""unknown""}",isolation_forest_v2
newkey_114373,newkey,unknown,0.0871,False,14.92,"[""no_images_high_price""]","{""model_used"": ""unknown""}",isolation_forest_v2
newkey_114365,newkey,unknown,0.039,False,31.42,[],"{""model_used"": ""unknown""}",isolation_forest_v2
newkey_115184,newkey,unknown,0.1205,False,8.24,"[""no_images_high_price""]","{""model_used"": ""unknown""}",isolation_forest_v2
newkey_114452,newkey,unknown,0.1077,False,10.4,"[""no_images_high_price""]","{""model_used"": ""unknown""}",isolation_forest_v2
newkey_116335,newkey,unknown,0.0291,False,35.84,"[""no_images_high_price""]","{""model_used"": ""unknown""}",isolation_forest_v2
newkey_116679,newkey,unknown,0.0837,False,15.78,[],"{""model_used"": ""unknown""}",isolation_forest_v2
newkey_117917,newkey,unknown,0.0321,False,34.47,[],"{""model_used"": ""unknown""}",isolation_forest_v2
newkey_117480,newkey,unknown,-0.0271,True,63.22,"[""no_images_high_price""]","{""model_used"": ""unknown""}",isolation_forest_v2
newkey_120100,newkey,unknown,0.0449,False,28.95,"[""no_images_high_price""]","{""model_used"": ""unknown""}",isolation_forest_v2
newkey_118880,newkey,unknown,0.1158,False,8.99,[],"{""model_used"": ""unknown""}",isolation_forest_v2
newkey_120889,newkey,unknown,0.1238,False,7.75,[],"{""model_used"": ""unknown""}",isolation_forest_v2
newkey_120486,newkey,unknown,0.0568,False,24.29,[],"{""model_used"": ""unknown""}",isolation_forest_v2
newkey_121132,newkey,unknown,0.0265,False,37.07,"[""no_images_high_price""]","{""model_used"": ""unknown""}",isolation_forest_v2
newkey_122030,newkey,unknown,0.0722,False,19.09,"[""no_images_high_price""]","{""model_used"": ""unknown""}",isolation_forest_v2
newkey_122027,newkey,unknown,0.0782,False,17.32,"[""no_images_high_price""]","{""model_used"": ""unknown""}",isolation_forest_v2
newkey_122850,newkey,unknown,0.0161,False,42.03,"[""no_images_high_price""]","{""model_used"": ""unknown""}",isolation_forest_v2
newkey_122905,newkey,unknown,0.0623,False,22.35,[],"{""model_used"": ""unknown""}",isolation_forest_v2
newkey_123672,newkey,unknown,0.1403,False,5.7,[],"{""model_used"": ""unknown""}",isolation_forest_v2
newkey_122909,newkey,unknown,0.0727,False,18.94,"[""no_images_high_price""]","{""model_used"": ""unknown""}",isolation_forest_v2
newkey_122982,newkey,unknown,0.0476,False,27.84,"[""no_images_high_price""]","{""model_used"": ""unknown""}",isolation_forest_v2
newkey_123044,newkey,unknown,0.1482,False,4.91,[],"{""model_used"": ""unknown""}",isolation_forest_v2
newkey_123040,newkey,unknown,0.0661,False,21.04,[],"{""model_used"": ""unknown""}",isolation_forest_v2
newkey_123134,newkey,unknown,0.1501,False,4.73,[],"{""model_used"": ""unknown""}",isolation_forest_v2
newkey_123138,newkey,unknown,0.059,False,23.52,[],"{""model_used"": ""unknown""}",isolation_forest_v2
newkey_123384,newkey,unknown,0.1346,False,6.34,[],"{""model_used"": ""unknown""}",isolation_forest_v2
newkey_123208,newkey,unknown,0.0847,False,15.53,"[""no_images_high_price""]","{""model_used"": ""unknown""}",isolation_forest_v2
newkey_123530,newkey,unknown,0.09,False,14.19,[],"{""model_used"": ""unknown""}",isolation_forest_v2
newkey_123461,newkey,unknown,0.0671,False,20.72,[],"{""model_used"": ""unknown""}",isolation_forest_v2
newkey_123699,newkey,unknown,0.094,False,13.23,[],"{""model_used"": ""unknown""}",isolation_forest_v2
newkey_124015,newkey,unknown,0.0832,False,15.92,[],"{""model_used"": ""unknown""}",isolation_forest_v2
newkey_124031,newkey,unknown,0.0424,False,29.97,"[""no_images_high_price""]","{""model_used"": ""unknown""}",isolation_forest_v2
newkey_124071,newkey,unknown,0.1525,False,4.53,[],"{""model_used"": ""unknown""}",isolation_forest_v2
newkey_128253,newkey,unknown,0.1387,False,5.88,[],"{""model_used"": ""unknown""}",isolation_forest_v2
newkey_124109,newkey,unknown,0.1398,False,5.75,[],"{""model_used"": ""unknown""}",isolation_forest_v2
newkey_124355,newkey,unknown,0.0998,False,11.97,[],"{""model_used"": ""unknown""}",isolation_forest_v2
newkey_124523,newkey,unknown,0.0447,False,29.04,[],"{""model_used"": ""unknown""}",isolation_forest_v2
newkey_124544,newkey,unknown,0.1357,False,6.22,[],"{""model_used"": ""unknown""}",isolation_forest_v2
newkey_124570,newkey,unknown,0.0304,False,35.26,[],"{""model_used"": ""unknown""}",isolation_forest_v2
newkey_124702,newkey,unknown,0.0517,False,26.23,"[""no_images_high_price""]","{""model_used"": ""unknown""}",isolation_forest_v2
newkey_125012,newkey,unknown,0.0373,False,32.19,[],"{""model_used"": ""unknown""}",isolation_forest_v2
newkey_124907,newkey,unknown,0.0491,False,27.27,[],"{""model_used"": ""unknown""}",isolation_forest_v2
newkey_125024,newkey,unknown,0.0787,False,17.17,[],"{""model_used"": ""unknown""}",isolation_forest_v2
newkey_124970,newkey,unknown,0.1435,False,5.36,[],"{""model_used"": ""unknown""}",isolation_forest_v2
newkey_127781,newkey,unknown,0.1215,False,8.1,[],"{""model_used"": ""unknown""}",isolation_forest_v2
newkey_127728,newkey,unknown,0.0855,False,15.32,[],"{""model_used"": ""unknown""}",isolation_forest_v2
newkey_125026,newkey,unknown,0.0992,False,12.09,[],"{""model_used"": ""unknown""}",isolation_forest_v2
newkey_127722,newkey,unknown,0.0663,False,20.97,[],"{""model_used"": ""unknown""}",isolation_forest_v2
newkey_127771,newkey,unknown,0.0673,False,20.66,[],"{""model_used"": ""unknown""}",isolation_forest_v2
newkey_128203,newkey,unknown,0.0813,False,16.45,[],"{""model_used"": ""unknown""}",isolation_forest_v2
newkey_128098,newkey,unknown,0.1386,False,5.89,[],"{""model_used"": ""unknown""}",isolation_forest_v2
newkey_128324,newkey,unknown,0.1548,False,4.33,"[""description_too_short""]","{""model_used"": ""unknown""}",isolation_forest_v2
newkey_128377,newkey,unknown,0.1322,False,6.64,[],"{""model_used"": ""unknown""}",isolation_forest_v2
newkey_128479,newkey,unknown,0.076,False,17.95,[],"{""model_used"": ""unknown""}",isolation_forest_v2
newkey_128669,newkey,unknown,0.1234,False,7.81,[],"{""model_used"": ""unknown""}",isolation_forest_v2
newkey_128697,newkey,unknown,0.148,False,4.93,[],"{""model_used"": ""unknown""}",isolation_forest_v2
newkey_128542,newkey,unknown,0.092,False,13.71,"[""no_images_high_price""]","{""model_used"": ""unknown""}",isolation_forest_v2
newkey_128530,newkey,unknown,0.0537,False,25.48,[],"{""model_used"": ""unknown""}",isolation_forest_v2
newkey_128689,newkey,unknown,0.0621,False,22.39,[],"{""model_used"": ""unknown""}",isolation_forest_v2
newkey_128984,newkey,unknown,0.1341,False,6.41,[],"{""model_used"": ""unknown""}",isolation_forest_v2
newkey_128978,newkey,unknown,0.105,False,10.91,[],"{""model_used"": ""unknown""}",isolation_forest_v2
newkey_128925,newkey,unknown,0.1219,False,8.03,"[""no_images_high_price""]","{""model_used"": ""unknown""}",isolation_forest_v2
newkey_129207,newkey,unknown,0.131,False,6.78,[],"{""model_used"": ""unknown""}",isolation_forest_v2
newkey_129493,newkey,unknown,0.0805,False,16.65,"[""no_images_high_price""]","{""model_used"": ""unknown""}",isolation_forest_v2
newkey_129383,newkey,unknown,0.1316,False,6.72,"[""no_images_high_price""]","{""model_used"": ""unknown""}",isolation_forest_v2
newkey_129651,newkey,unknown,0.1455,False,5.16,[],"{""model_used"": ""unknown""}",isolation_forest_v2
newkey_129647,newkey,unknown,0.1179,False,8.65,"[""no_images_high_price""]","{""model_used"": ""unknown""}",isolation_forest_v2
newkey_129739,newkey,unknown,0.0934,False,13.38,"[""no_images_high_price""]","{""model_used"": ""unknown""}",isolation_forest_v2
newkey_130028,newkey,unknown,0.1166,False,8.85,"[""no_images_high_price""]","{""model_used"": ""unknown""}",isolation_forest_v2
newkey_129571,newkey,unknown,0.0927,False,13.53,"[""no_images_high_price""]","{""model_used"": ""unknown""}",isolation_forest_v2
newkey_129818,newkey,unknown,0.0561,False,24.57,"[""no_images_high_price""]","{""model_used"": ""unknown""}",isolation_forest_v2
newkey_129849,newkey,unknown,0.0764,False,17.84,"[""no_images_high_price""]","{""model_used"": ""unknown""}",isolation_forest_v2
newkey_129791,newkey,unknown,0.124,False,7.73,"[""no_images_high_price""]","{""model_used"": ""unknown""}",isolation_forest_v2
newkey_130161,newkey,unknown,0.1226,False,7.92,"[""no_images_high_price""]","{""model_used"": ""unknown""}",isolation_forest_v2
newkey_129767,newkey,unknown,0.0672,False,20.68,[],"{""model_used"": ""unknown""}",isolation_forest_v2
newkey_129766,newkey,unknown,0.0578,False,23.93,"[""no_images_high_price""]","{""model_used"": ""unknown""}",isolation_forest_v2
newkey_129864,newkey,unknown,0.1542,False,4.38,[],"{""model_used"": ""unknown""}",isolation_forest_v2
newkey_129924,newkey,unknown,0.1407,False,5.66,[],"{""model_used"": ""unknown""}",isolation_forest_v2
newkey_129867,newkey,unknown,0.1179,False,8.64,"[""no_images_high_price""]","{""model_used"": ""unknown""}",isolation_forest_v2
newkey_130222,newkey,unknown,0.1178,False,8.66,"[""no_images_high_price""]","{""model_used"": ""unknown""}",isolation_forest_v2
newkey_130380,newkey,unknown,0.1385,False,5.9,[],"{""model_used"": ""unknown""}",isolation_forest_v2
newkey_130189,newkey,unknown,0.1304,False,6.86,[],"{""model_used"": ""unknown""}",isolation_forest_v2
newkey_130430,newkey,unknown,0.1178,False,8.66,[],"{""model_used"": ""unknown""}",isolation_forest_v2
newkey_130435,newkey,unknown,0.0386,False,31.62,[],"{""model_used"": ""unknown""}",isolation_forest_v2
newkey_130604,newkey,unknown,0.0535,False,25.52,[],"{""model_used"": ""unknown""}",isolation_forest_v2
newkey_130525,newkey,unknown,0.0943,False,13.16,[],"{""model_used"": ""unknown""}",isolation_forest_v2
newkey_130627,newkey,unknown,0.09,False,14.19,[],"{""model_used"": ""unknown""}",isolation_forest_v2
newkey_130690,newkey,unknown,0.0894,False,14.33,[],"{""model_used"": ""unknown""}",isolation_forest_v2
newkey_70942,newkey,unknown,0.1182,False,8.6,"[""no_images_high_price""]","{""model_used"": ""unknown""}",isolation_forest_v2
newkey_130692,newkey,unknown,0.0887,False,14.5,[],"{""model_used"": ""unknown""}",isolation_forest_v2
affare_259822,affare,unknown,-0.028,True,63.63,"[""extreme_price_per_m2""]","{""model_used"": ""unknown""}",isolation_forest_v2
affare_259829,affare,unknown,0.0474,False,27.93,[],"{""model_used"": ""unknown""}",isolation_forest_v2
affare_259817,affare,unknown,0.0647,False,21.53,[],"{""model_used"": ""unknown""}",isolation_forest_v2
affare_259828,affare,unknown,0.1363,False,6.14,[],"{""model_used"": ""unknown""}",isolation_forest_v2
affare_259832,affare,unknown,-0.0574,True,75.91,[],"{""model_used"": ""unknown""}",isolation_forest_v2
affare_259831,affare,unknown,0.0823,False,16.17,[],"{""model_used"": ""unknown""}",isolation_forest_v2
affare_259821,affare,unknown,0.0729,False,18.88,[],"{""model_used"": ""unknown""}",isolation_forest_v2
affare_237154,affare,unknown,0.1129,False,9.47,[],"{""model_used"": ""unknown""}",isolation_forest_v2
affare_259824,affare,unknown,0.0281,False,36.31,[],"{""model_used"": ""unknown""}",isolation_forest_v2
affare_259827,affare,unknown,-0.0041,True,52.03,[],"{""model_used"": ""unknown""}",isolation_forest_v2
affare_259838,affare,unknown,0.0713,False,19.38,[],"{""model_used"": ""unknown""}",isolation_forest_v2
affare_259839,affare,unknown,0.0899,False,14.22,[],"{""model_used"": ""unknown""}",isolation_forest_v2
affare_253704,affare,unknown,0.0888,False,14.47,[],"{""model_used"": ""unknown""}",isolation_forest_v2
affare_253129,affare,unknown,0.0868,False,14.99,[],"{""model_used"": ""unknown""}",isolation_forest_v2
affare_186134,affare,unknown,-0.1373,True,93.96,"[""extreme_price_per_m2""]","{""model_used"": ""unknown""}",isolation_forest_v2
affare_252438,affare,unknown,0.0775,False,17.5,[],"{""model_used"": ""unknown""}",isolation_forest_v2
affare_249917,affare,unknown,0.0684,False,20.28,[],"{""model_used"": ""unknown""}",isolation_forest_v2
affare_225379,affare,unknown,-0.0411,True,69.45,"[""extreme_price_per_m2""]","{""model_used"": ""unknown""}",isolation_forest_v2
affare_259840,affare,unknown,0.0635,False,21.92,[],"{""model_used"": ""unknown""}",isolation_forest_v2
affare_259842,affare,unknown,-0.1658,True,96.5,[],"{""model_used"": ""unknown""}",isolation_forest_v2
affare_259841,affare,unknown,-0.0312,True,65.13,"[""extreme_price_per_m2""]","{""model_used"": ""unknown""}",isolation_forest_v2
affare_259843,affare,unknown,-0.0177,True,58.78,[],"{""model_used"": ""unknown""}",isolation_forest_v2
affare_259848,affare,unknown,-0.0473,True,72.03,[],"{""model_used"": ""unknown""}",isolation_forest_v2
affare_259846,affare,unknown,-0.1034,True,88.77,"[""extreme_price_per_m2""]","{""model_used"": ""unknown""}",isolation_forest_v2
affare_259847,affare,unknown,0.0018,False,49.11,[],"{""model_used"": ""unknown""}",isolation_forest_v2
affare_259845,affare,unknown,-0.0347,True,66.7,[],"{""model_used"": ""unknown""}",isolation_forest_v2
affare_259844,affare,unknown,0.0127,False,43.67,[],"{""model_used"": ""unknown""}",isolation_forest_v2
affare_259849,affare,unknown,-0.013,True,56.47,[],"{""model_used"": ""unknown""}",isolation_forest_v2
affare_259851,affare,unknown,-0.0819,True,83.72,[],"{""model_used"": ""unknown""}",isolation_forest_v2
affare_259852,affare,unknown,0.0315,False,34.74,[],"{""model_used"": ""unknown""}",isolation_forest_v2
affare_259703,affare,unknown,-0.0096,True,54.81,[],"{""model_used"": ""unknown""}",isolation_forest_v2
affare_259700,affare,unknown,0.0206,False,39.85,[],"{""model_used"": ""unknown""}",isolation_forest_v2
affare_259705,affare,unknown,0.0336,False,33.81,[],"{""model_used"": ""unknown""}",isolation_forest_v2
affare_259707,affare,unknown,-0.0037,True,51.84,[],"{""model_used"": ""unknown""}",isolation_forest_v2
affare_259708,affare,unknown,0.0888,False,14.47,[],"{""model_used"": ""unknown""}",isolation_forest_v2
affare_259713,affare,unknown,-0.0213,True,60.51,[],"{""model_used"": ""unknown""}",isolation_forest_v2
affare_259712,affare,unknown,-0.0354,True,67.01,[],"{""model_used"": ""unknown""}",isolation_forest_v2
affare_259709,affare,unknown,0.0445,False,29.13,[],"{""model_used"": ""unknown""}",isolation_forest_v2
affare_259711,affare,unknown,0.0542,False,25.29,[],"{""model_used"": ""unknown""}",isolation_forest_v2
affare_259719,affare,unknown,0.0402,False,30.92,[],"{""model_used"": ""unknown""}",isolation_forest_v2
affare_259699,affare,unknown,-0.0136,True,56.75,[],"{""model_used"": ""unknown""}",isolation_forest_v2
affare_259706,affare,unknown,0.0211,False,39.61,[],"{""model_used"": ""unknown""}",isolation_forest_v2
affare_259710,affare,unknown,-0.0074,True,53.7,[],"{""model_used"": ""unknown""}",isolation_forest_v2
affare_1000,affare,unknown,0.0659,False,21.11,[],"{""model_used"": ""unknown""}",isolation_forest_v2
affare_259715,affare,unknown,0.007,False,46.5,[],"{""model_used"": ""unknown""}",isolation_forest_v2
affare_259718,affare,unknown,0.0053,False,47.34,[],"{""model_used"": ""unknown""}",isolation_forest_v2
affare_259714,affare,unknown,0.0232,False,38.59,[],"{""model_used"": ""unknown""}",isolation_forest_v2
affare_259716,affare,unknown,0.04,False,30.99,[],"{""model_used"": ""unknown""}",isolation_forest_v2
affare_259717,affare,unknown,-0.0026,True,51.32,[],"{""model_used"": ""unknown""}",isolation_forest_v2
affare_259722,affare,unknown,-0.0022,True,51.09,[],"{""model_used"": ""unknown""}",isolation_forest_v2
affare_259721,affare,unknown,0.031,False,34.98,[],"{""model_used"": ""unknown""}",isolation_forest_v2
affare_259725,affare,unknown,0.0105,False,44.75,[],"{""model_used"": ""unknown""}",isolation_forest_v2
affare_259726,affare,unknown,0.0123,False,43.86,[],"{""model_used"": ""unknown""}",isolation_forest_v2
affare_259727,affare,unknown,0.0855,False,15.31,[],"{""model_used"": ""unknown""}",isolation_forest_v2
affare_259729,affare,unknown,0.1287,False,7.09,[],"{""model_used"": ""unknown""}",isolation_forest_v2
affare_259550,affare,unknown,0.0767,False,17.74,[],"{""model_used"": ""unknown""}",isolation_forest_v2
affare_259728,affare,unknown,0.102,False,11.5,[],"{""model_used"": ""unknown""}",isolation_forest_v2
affare_8200,affare,unknown,-0.1584,True,95.96,[],"{""model_used"": ""unknown""}",isolation_forest_v2
affare_259695,affare,unknown,-0.0111,True,55.55,[],"{""model_used"": ""unknown""}",isolation_forest_v2
affare_259694,affare,unknown,0.0117,False,44.19,[],"{""model_used"": ""unknown""}",isolation_forest_v2
affare_259698,affare,unknown,-0.1023,True,88.54,"[""extreme_price_per_m2""]","{""model_used"": ""unknown""}",isolation_forest_v2
affare_259293,affare,unknown,0.0668,False,20.81,[],"{""model_used"": ""unknown""}",isolation_forest_v2
affare_258515,affare,unknown,0.045,False,28.9,[],"{""model_used"": ""unknown""}",isolation_forest_v2
affare_259702,affare,unknown,0.0514,False,26.35,[],"{""model_used"": ""unknown""}",isolation_forest_v2
affare_259704,affare,unknown,0.0575,False,24.05,[],"{""model_used"": ""unknown""}",isolation_forest_v2
affare_259696,affare,unknown,-0.0172,True,58.54,[],"{""model_used"": ""unknown""}",isolation_forest_v2
affare_259697,affare,unknown,-0.0235,True,61.55,[],"{""model_used"": ""unknown""}",isolation_forest_v2
affare_257806,affare,unknown,-0.0738,True,81.4,"[""extreme_price_per_m2""]","{""model_used"": ""unknown""}",isolation_forest_v2
affare_256867,affare,unknown,-0.0462,True,71.57,[],"{""model_used"": ""unknown""}",isolation_forest_v2
affare_259678,affare,unknown,0.0243,False,38.1,[],"{""model_used"": ""unknown""}",isolation_forest_v2
affare_223096,affare,unknown,0.0757,False,18.03,[],"{""model_used"": ""unknown""}",isolation_forest_v2
affare_259679,affare,unknown,0.0243,False,38.07,[],"{""model_used"": ""unknown""}",isolation_forest_v2
affare_259681,affare,unknown,0.0027,False,48.65,[],"{""model_used"": ""unknown""}",isolation_forest_v2
affare_259682,affare,unknown,-0.0079,True,53.95,[],"{""model_used"": ""unknown""}",isolation_forest_v2
affare_259680,affare,unknown,0.0441,False,29.27,[],"{""model_used"": ""unknown""}",isolation_forest_v2
affare_259683,affare,unknown,0.0888,False,14.48,[],"{""model_used"": ""unknown""}",isolation_forest_v2
affare_259685,affare,unknown,0.0856,False,15.3,[],"{""model_used"": ""unknown""}",isolation_forest_v2
affare_259684,affare,unknown,0.0021,False,48.97,[],"{""model_used"": ""unknown""}",isolation_forest_v2
affare_259687,affare,unknown,0.0281,False,36.31,[],"{""model_used"": ""unknown""}",isolation_forest_v2
affare_259686,affare,unknown,0.0973,False,12.49,[],"{""model_used"": ""unknown""}",isolation_forest_v2
affare_259688,affare,unknown,-0.0035,True,51.76,[],"{""model_used"": ""unknown""}",isolation_forest_v2
affare_259689,affare,unknown,0.1085,False,10.25,[],"{""model_used"": ""unknown""}",isolation_forest_v2
affare_259690,affare,unknown,-0.0125,True,56.2,[],"{""model_used"": ""unknown""}",isolation_forest_v2
affare_259691,affare,unknown,0.016,False,42.05,[],"{""model_used"": ""unknown""}",isolation_forest_v2
affare_259628,affare,unknown,-0.0591,True,76.53,[],"{""model_used"": ""unknown""}",isolation_forest_v2
affare_259692,affare,unknown,0.039,False,31.45,[],"{""model_used"": ""unknown""}",isolation_forest_v2
affare_259693,affare,unknown,-0.0523,True,74.02,"[""extreme_price_per_m2""]","{""model_used"": ""unknown""}",isolation_forest_v2
affare_247788,affare,ariana,0.0895,False,14.31,"[""no_images_high_price""]","{""model_used"": ""ariana""}",isolation_forest_v2
mubawab_8320001,mubawab,ariana,0.0773,False,17.56,"[""description_too_short""]","{""model_used"": ""ariana""}",isolation_forest_v2
affare_250291,affare,ariana,0.1057,False,10.77,"[""no_images_high_price""]","{""model_used"": ""ariana""}",isolation_forest_v2
affare_254271,affare,ariana,0.12,False,8.32,[],"{""model_used"": ""ariana""}",isolation_forest_v2
affare_256520,affare,ariana,0.1217,False,8.06,[],"{""model_used"": ""ariana""}",isolation_forest_v2
affare_254459,affare,ariana,0.1119,False,9.63,[],"{""model_used"": ""ariana""}",isolation_forest_v2
affare_256408,affare,ariana,0.1184,False,8.57,[],"{""model_used"": ""ariana""}",isolation_forest_v2
affare_257357,affare,ariana,0.0763,False,17.87,[],"{""model_used"": ""ariana""}",isolation_forest_v2
affare_257444,affare,ariana,0.1153,False,9.07,[],"{""model_used"": ""ariana""}",isolation_forest_v2
affare_257791,affare,ariana,0.137,False,6.06,[],"{""model_used"": ""ariana""}",isolation_forest_v2
affare_257543,affare,ariana,0.115,False,9.11,"[""no_images_high_price""]","{""model_used"": ""ariana""}",isolation_forest_v2
affare_257942,affare,ariana,0.1151,False,9.09,[],"{""model_used"": ""ariana""}",isolation_forest_v2
affare_259236,affare,ariana,0.0834,False,15.87,[],"{""model_used"": ""ariana""}",isolation_forest_v2
affare_257932,affare,ariana,0.1244,False,7.68,[],"{""model_used"": ""ariana""}",isolation_forest_v2
affare_258727,affare,ariana,0.1366,False,6.11,[],"{""model_used"": ""ariana""}",isolation_forest_v2
affare_258751,affare,ariana,0.129,False,7.05,[],"{""model_used"": ""ariana""}",isolation_forest_v2
affare_258480,affare,ariana,0.0866,False,15.03,"[""no_images_high_price""]","{""model_used"": ""ariana""}",isolation_forest_v2
affare_258612,affare,ariana,0.0931,False,13.44,"[""no_images_high_price""]","{""model_used"": ""ariana""}",isolation_forest_v2
affare_258700,affare,ariana,0.114,False,9.27,[],"{""model_used"": ""ariana""}",isolation_forest_v2
affare_259234,affare,ariana,0.0809,False,16.55,[],"{""model_used"": ""ariana""}",isolation_forest_v2
affare_259237,affare,ariana,0.0941,False,13.2,[],"{""model_used"": ""ariana""}",isolation_forest_v2
affare_259235,affare,ariana,0.0552,False,24.88,[],"{""model_used"": ""ariana""}",isolation_forest_v2
century21_04dfaa09ef8f,century21,ariana,0.1323,False,6.63,[],"{""model_used"": ""ariana""}",isolation_forest_v2
century21_0918ae159c1c,century21,ariana,0.1258,False,7.48,"[""no_images_high_price""]","{""model_used"": ""ariana""}",isolation_forest_v2
century21_12aa21ee2ba3,century21,ariana,0.0642,False,21.69,[],"{""model_used"": ""ariana""}",isolation_forest_v2
century21_16b7287988e9,century21,ariana,0.1255,False,7.51,[],"{""model_used"": ""ariana""}",isolation_forest_v2
century21_2156c0f75904,century21,ariana,0.1266,False,7.36,[],"{""model_used"": ""ariana""}",isolation_forest_v2
century21_215c9ba276f7,century21,ariana,0.1355,False,6.24,[],"{""model_used"": ""ariana""}",isolation_forest_v2
century21_21f11a52cd51,century21,ariana,0.0203,False,39.97,"[""no_images_high_price""]","{""model_used"": ""ariana""}",isolation_forest_v2
century21_241d85dc368f,century21,ariana,0.0827,False,16.05,"[""no_images_high_price""]","{""model_used"": ""ariana""}",isolation_forest_v2
century21_2230fbcaa37d,century21,ariana,0.0268,False,36.89,"[""no_images_high_price""]","{""model_used"": ""ariana""}",isolation_forest_v2
century21_25e2d5914853,century21,ariana,0.0988,False,12.17,[],"{""model_used"": ""ariana""}",isolation_forest_v2
century21_3e63579bc109,century21,ariana,0.1023,False,11.45,"[""no_images_high_price""]","{""model_used"": ""ariana""}",isolation_forest_v2
century21_302c0dba16da,century21,ariana,0.0783,False,17.27,"[""no_images_high_price""]","{""model_used"": ""ariana""}",isolation_forest_v2
century21_353f1ebac7e7,century21,ariana,0.127,False,7.31,[],"{""model_used"": ""ariana""}",isolation_forest_v2
century21_3c1ae4d49e2c,century21,ariana,0.0725,False,19.0,"[""no_images_high_price""]","{""model_used"": ""ariana""}",isolation_forest_v2
century21_3d6c56be89e6,century21,ariana,0.0367,False,32.42,"[""no_images_high_price""]","{""model_used"": ""ariana""}",isolation_forest_v2
century21_a06a868f83c9,century21,ariana,0.1192,False,8.44,"[""no_images_high_price""]","{""model_used"": ""ariana""}",isolation_forest_v2
century21_4986433c866a,century21,ariana,0.1237,False,7.77,[],"{""model_used"": ""ariana""}",isolation_forest_v2
century21_508fb5edc35b,century21,ariana,0.0451,False,28.87,"[""description_too_short""]","{""model_used"": ""ariana""}",isolation_forest_v2
century21_50ffd55154a0,century21,ariana,0.1034,False,11.22,[],"{""model_used"": ""ariana""}",isolation_forest_v2
century21_539749d7e32e,century21,ariana,0.0917,False,13.76,"[""no_images_high_price""]","{""model_used"": ""ariana""}",isolation_forest_v2
century21_565a48977ba5,century21,ariana,0.0059,False,47.06,"[""no_images_high_price""]","{""model_used"": ""ariana""}",isolation_forest_v2
century21_5f9bfd649618,century21,ariana,0.1099,False,10.0,[],"{""model_used"": ""ariana""}",isolation_forest_v2
century21_616d0dc6d4f0,century21,ariana,-0.0437,True,70.55,"[""no_images_high_price""]","{""model_used"": ""ariana""}",isolation_forest_v2
century21_7147c15d2ec4,century21,ariana,0.131,False,6.78,[],"{""model_used"": ""ariana""}",isolation_forest_v2
century21_a52669764594,century21,ariana,0.1397,False,5.77,[],"{""model_used"": ""ariana""}",isolation_forest_v2
century21_738a55465c2e,century21,ariana,0.0376,False,32.05,[],"{""model_used"": ""ariana""}",isolation_forest_v2
century21_75ab39b53f3f,century21,ariana,0.0828,False,16.03,"[""no_images_high_price""]","{""model_used"": ""ariana""}",isolation_forest_v2
century21_7935bd52e199,century21,ariana,0.0875,False,14.81,[],"{""model_used"": ""ariana""}",isolation_forest_v2
century21_8631fc65b90e,century21,ariana,0.1366,False,6.11,[],"{""model_used"": ""ariana""}",isolation_forest_v2
century21_8489febc2177,century21,ariana,0.0754,False,18.11,"[""no_images_high_price""]","{""model_used"": ""ariana""}",isolation_forest_v2
century21_834d120ea15d,century21,ariana,0.0561,False,24.57,"[""no_images_high_price""]","{""model_used"": ""ariana""}",isolation_forest_v2
century21_8a292d382327,century21,ariana,0.1216,False,8.07,"[""no_images_high_price""]","{""model_used"": ""ariana""}",isolation_forest_v2
century21_972f52ed789f,century21,ariana,0.1285,False,7.11,[],"{""model_used"": ""ariana""}",isolation_forest_v2
century21_cfda44cb008d,century21,ariana,0.0748,False,18.29,"[""description_too_short""]","{""model_used"": ""ariana""}",isolation_forest_v2
century21_a57cf79f7989,century21,ariana,0.1279,False,7.18,[],"{""model_used"": ""ariana""}",isolation_forest_v2
century21_ab6cd2a478c7,century21,ariana,0.0417,False,30.28,"[""no_images_high_price""]","{""model_used"": ""ariana""}",isolation_forest_v2
century21_afb0b252cb12,century21,ariana,0.0208,False,39.76,"[""no_images_high_price""]","{""model_used"": ""ariana""}",isolation_forest_v2
century21_ad5a47137725,century21,ariana,0.1217,False,8.06,[],"{""model_used"": ""ariana""}",isolation_forest_v2
century21_b92f0a6641b9,century21,ariana,0.0795,False,16.94,"[""price_too_high_for_region""]","{""model_used"": ""ariana""}",isolation_forest_v2
century21_b37375d81cc4,century21,ariana,0.1315,False,6.73,[],"{""model_used"": ""ariana""}",isolation_forest_v2
century21_b9da3a56c371,century21,ariana,0.0379,False,31.89,[],"{""model_used"": ""ariana""}",isolation_forest_v2
century21_c1433851a314,century21,ariana,0.0534,False,25.59,"[""no_images_high_price"", ""price_too_high_for_region""]","{""model_used"": ""ariana""}",isolation_forest_v2
century21_c7f2e04b01c0,century21,ariana,0.1161,False,8.93,"[""no_images_high_price""]","{""model_used"": ""ariana""}",isolation_forest_v2
century21_cd93db8d518d,century21,ariana,0.0796,False,16.91,"[""no_images_high_price""]","{""model_used"": ""ariana""}",isolation_forest_v2
century21_ce6017c1d8e2,century21,ariana,0.0632,False,22.02,[],"{""model_used"": ""ariana""}",isolation_forest_v2
century21_cf3aeb00f20e,century21,ariana,0.1013,False,11.65,[],"{""model_used"": ""ariana""}",isolation_forest_v2
century21_d17f97134ee2,century21,ariana,0.1321,False,6.65,[],"{""model_used"": ""ariana""}",isolation_forest_v2
century21_d49cb8372f83,century21,ariana,0.1127,False,9.5,[],"{""model_used"": ""ariana""}",isolation_forest_v2
century21_d699f484a5b5,century21,ariana,0.0358,False,32.83,"[""no_images_high_price""]","{""model_used"": ""ariana""}",isolation_forest_v2
century21_d78d79099710,century21,ariana,0.1378,False,5.97,[],"{""model_used"": ""ariana""}",isolation_forest_v2
century21_d6fe38968a3a,century21,ariana,0.131,False,6.78,[],"{""model_used"": ""ariana""}",isolation_forest_v2
century21_d9d470de6c57,century21,ariana,0.1457,False,5.14,[],"{""model_used"": ""ariana""}",isolation_forest_v2
century21_dacec5400299,century21,ariana,0.1429,False,5.43,[],"{""model_used"": ""ariana""}",isolation_forest_v2
century21_e33875de7021,century21,ariana,0.035,False,33.18,[],"{""model_used"": ""ariana""}",isolation_forest_v2
century21_eefb363b8221,century21,ariana,0.1016,False,11.58,[],"{""model_used"": ""ariana""}",isolation_forest_v2
century21_eeb35d57da96,century21,ariana,0.0349,False,33.23,"[""no_images_high_price""]","{""model_used"": ""ariana""}",isolation_forest_v2
century21_f1b93aa37f70,century21,ariana,0.1075,False,10.43,[],"{""model_used"": ""ariana""}",isolation_forest_v2
century21_f2f9f55ada5f,century21,ariana,0.1131,False,9.43,"[""price_too_high_for_region""]","{""model_used"": ""ariana""}",isolation_forest_v2
century21_fa2f398d3d4a,century21,ariana,0.1392,False,5.82,[],"{""model_used"": ""ariana""}",isolation_forest_v2
century21_ff6dfb5d20ac,century21,ariana,0.1432,False,5.4,[],"{""model_used"": ""ariana""}",isolation_forest_v2
darcom_130681,darcom,ariana,0.0974,False,12.47,"[""no_images_high_price""]","{""model_used"": ""ariana""}",isolation_forest_v2
darcom_76700,darcom,ariana,0.0844,False,15.62,[],"{""model_used"": ""ariana""}",isolation_forest_v2
darcom_47067,darcom,ariana,0.1255,False,7.52,[],"{""model_used"": ""ariana""}",isolation_forest_v2
darcom_130676,darcom,ariana,0.1017,False,11.56,"[""no_images_high_price""]","{""model_used"": ""ariana""}",isolation_forest_v2
darcom_79359,darcom,ariana,0.0726,False,18.96,[],"{""model_used"": ""ariana""}",isolation_forest_v2
mubawab_8169129,mubawab,ariana,0.0738,False,18.59,"[""no_images_high_price"", ""description_too_short""]","{""model_used"": ""ariana""}",isolation_forest_v2
mubawab_8314868,mubawab,ariana,0.0976,False,12.44,"[""description_too_short""]","{""model_used"": ""ariana""}",isolation_forest_v2
mubawab_8318365,mubawab,ariana,0.0867,False,15.01,"[""description_too_short""]","{""model_used"": ""ariana""}",isolation_forest_v2
mubawab_8320235,mubawab,ariana,0.0006,False,49.72,"[""no_images_high_price"", ""description_too_short""]","{""model_used"": ""ariana""}",isolation_forest_v2
mubawab_8322156,mubawab,ariana,0.0377,False,32.01,"[""description_too_short""]","{""model_used"": ""ariana""}",isolation_forest_v2
zitouna_immo_6434,zitouna_immo,ariana,0.0743,False,18.45,"[""no_images_high_price""]","{""model_used"": ""ariana""}",isolation_forest_v2
zitouna_immo_5825,zitouna_immo,ariana,-0.0498,True,73.01,"[""no_images_high_price""]","{""model_used"": ""ariana""}",isolation_forest_v2
zitouna_immo_6349,zitouna_immo,ariana,-0.0598,True,76.78,[],"{""model_used"": ""ariana""}",isolation_forest_v2
zitouna_immo_6547,zitouna_immo,ariana,0.0558,False,24.69,[],"{""model_used"": ""ariana""}",isolation_forest_v2
zitouna_immo_6550,zitouna_immo,ariana,-0.0496,True,72.93,"[""no_images_high_price""]","{""model_used"": ""ariana""}",isolation_forest_v2
century21_14bad5d9b3c1,century21,ariana,0.1421,False,5.51,[],"{""model_used"": ""ariana""}",isolation_forest_v2
century21_1c856cc1789a,century21,ariana,0.1047,False,10.96,[],"{""model_used"": ""ariana""}",isolation_forest_v2
century21_8f3d937612a6,century21,ariana,0.1014,False,11.64,[],"{""model_used"": ""ariana""}",isolation_forest_v2
century21_4b4643733019,century21,ariana,0.1281,False,7.16,[],"{""model_used"": ""ariana""}",isolation_forest_v2
affare_247794,affare,ariana,0.0999,False,11.94,"[""no_images_high_price""]","{""model_used"": ""ariana""}",isolation_forest_v2
affare_253257,affare,ariana,0.0523,False,26.0,"[""no_images_high_price""]","{""model_used"": ""ariana""}",isolation_forest_v2
affare_255746,affare,ariana,0.0059,False,47.05,[],"{""model_used"": ""ariana""}",isolation_forest_v2
affare_256673,affare,ariana,0.1115,False,9.7,"[""no_images_high_price""]","{""model_used"": ""ariana""}",isolation_forest_v2
affare_256894,affare,ariana,0.0598,False,23.22,[],"{""model_used"": ""ariana""}",isolation_forest_v2
affare_257898,affare,ariana,0.0822,False,16.2,[],"{""model_used"": ""ariana""}",isolation_forest_v2
affare_258481,affare,ariana,0.1195,False,8.39,[],"{""model_used"": ""ariana""}",isolation_forest_v2
affare_258941,affare,ariana,0.1176,False,8.68,[],"{""model_used"": ""ariana""}",isolation_forest_v2
affare_258435,affare,ariana,-0.013,True,56.45,"[""no_images_high_price""]","{""model_used"": ""ariana""}",isolation_forest_v2
affare_259233,affare,ariana,0.0728,False,18.92,[],"{""model_used"": ""ariana""}",isolation_forest_v2
affare_259300,affare,ariana,0.0297,False,35.58,[],"{""model_used"": ""ariana""}",isolation_forest_v2
affare_259414,affare,ariana,0.0925,False,13.58,"[""no_images_high_price""]","{""model_used"": ""ariana""}",isolation_forest_v2
affare_259424,affare,ariana,0.0919,False,13.73,[],"{""model_used"": ""ariana""}",isolation_forest_v2
century21_3839f8e04965,century21,ariana,0.005,False,47.51,"[""no_images_high_price""]","{""model_used"": ""ariana""}",isolation_forest_v2
century21_3c6dd314328c,century21,ariana,0.1054,False,10.83,"[""no_images_high_price""]","{""model_used"": ""ariana""}",isolation_forest_v2
century21_8aa08f52aae1,century21,ariana,0.1154,False,9.05,[],"{""model_used"": ""ariana""}",isolation_forest_v2
century21_b1676b1d46e9,century21,ariana,0.1266,False,7.37,[],"{""model_used"": ""ariana""}",isolation_forest_v2
century21_b9e77cf616bb,century21,ariana,0.124,False,7.72,[],"{""model_used"": ""ariana""}",isolation_forest_v2
century21_c78c5c8758e5,century21,ariana,0.0591,False,23.48,[],"{""model_used"": ""ariana""}",isolation_forest_v2
century21_f409707d38d3,century21,ariana,0.0807,False,16.6,"[""no_images_high_price""]","{""model_used"": ""ariana""}",isolation_forest_v2
darcom_78287,darcom,ariana,0.0137,False,43.19,[],"{""model_used"": ""ariana""}",isolation_forest_v2
darcom_40201,darcom,ariana,0.098,False,12.34,"[""no_images_high_price""]","{""model_used"": ""ariana""}",isolation_forest_v2
darcom_66895,darcom,ariana,0.0042,False,47.92,[],"{""model_used"": ""ariana""}",isolation_forest_v2
mubawab_7951202,mubawab,ariana,0.0488,False,27.38,"[""no_images_high_price"", ""description_too_short""]","{""model_used"": ""ariana""}",isolation_forest_v2
century21_66f53893725b,century21,ariana,0.0986,False,12.21,[],"{""model_used"": ""ariana""}",isolation_forest_v2
century21_410a0b71600a,century21,ariana,0.1027,False,11.37,[],"{""model_used"": ""ariana""}",isolation_forest_v2
century21_8ed31680d972,century21,ariana,0.061,False,22.81,[],"{""model_used"": ""ariana""}",isolation_forest_v2
century21_c0decbcc04c4,century21,ariana,0.0852,False,15.39,[],"{""model_used"": ""ariana""}",isolation_forest_v2
century21_b20f401cc684,century21,ariana,-0.0084,True,54.17,[],"{""model_used"": ""ariana""}",isolation_forest_v2
century21_6b3c84fc87d5,century21,ariana,0.0595,False,23.32,[],"{""model_used"": ""ariana""}",isolation_forest_v2
century21_7ebcc1aefb02,century21,ariana,-0.0149,True,57.4,"[""price_too_high_for_region""]","{""model_used"": ""ariana""}",isolation_forest_v2
century21_ebbf44fa75da,century21,ariana,0.1085,False,10.25,[],"{""model_used"": ""ariana""}",isolation_forest_v2
century21_ecd48149e43a,century21,ariana,0.0909,False,13.97,[],"{""model_used"": ""ariana""}",isolation_forest_v2
century21_bac3293f441b,century21,ariana,0.0998,False,11.96,[],"{""model_used"": ""ariana""}",isolation_forest_v2
century21_4b5c78f2f511,century21,ariana,0.0817,False,16.34,[],"{""model_used"": ""ariana""}",isolation_forest_v2
century21_c950a51fcde5,century21,ariana,0.066,False,21.1,[],"{""model_used"": ""ariana""}",isolation_forest_v2
century21_0e64ecba232c,century21,ariana,0.0593,False,23.4,[],"{""model_used"": ""ariana""}",isolation_forest_v2
century21_1530c85db09d,century21,ariana,0.0435,False,29.52,[],"{""model_used"": ""ariana""}",isolation_forest_v2
century21_24051fa795f3,century21,ariana,0.0759,False,17.97,[],"{""model_used"": ""ariana""}",isolation_forest_v2
century21_b3643df3f7b0,century21,ariana,0.1148,False,9.15,[],"{""model_used"": ""ariana""}",isolation_forest_v2
century21_79562dda3aca,century21,ariana,0.1069,False,10.55,[],"{""model_used"": ""ariana""}",isolation_forest_v2
century21_d938af6345b7,century21,ariana,0.0903,False,14.11,[],"{""model_used"": ""ariana""}",isolation_forest_v2
century21_6e5906eef22c,century21,ariana,0.0632,False,22.04,[],"{""model_used"": ""ariana""}",isolation_forest_v2
century21_4aa9be163c13,century21,ariana,0.0745,False,18.39,[],"{""model_used"": ""ariana""}",isolation_forest_v2
century21_d56c9a65e2f8,century21,ariana,0.0929,False,13.49,[],"{""model_used"": ""ariana""}",isolation_forest_v2
century21_ce80a2267e67,century21,ariana,0.059,False,23.51,[],"{""model_used"": ""ariana""}",isolation_forest_v2
century21_a02b604995b4,century21,ariana,0.0542,False,25.27,"[""extreme_price_per_m2"", ""price_too_high_for_region""]","{""model_used"": ""ariana""}",isolation_forest_v2
century21_35ff7788ea39,century21,ariana,0.0129,False,43.6,[],"{""model_used"": ""ariana""}",isolation_forest_v2
century21_a07191c60838,century21,ariana,0.0996,False,12.0,[],"{""model_used"": ""ariana""}",isolation_forest_v2
century21_f6db4c744e5d,century21,ariana,0.0717,False,19.24,[],"{""model_used"": ""ariana""}",isolation_forest_v2
century21_eeb7228fc2bc,century21,ariana,0.0494,False,27.12,[],"{""model_used"": ""ariana""}",isolation_forest_v2
century21_ed6fd14140be,century21,ariana,0.0992,False,12.08,[],"{""model_used"": ""ariana""}",isolation_forest_v2
century21_319852d318ad,century21,ariana,0.1051,False,10.9,[],"{""model_used"": ""ariana""}",isolation_forest_v2
century21_e2a854890153,century21,ariana,0.0476,False,27.83,[],"{""model_used"": ""ariana""}",isolation_forest_v2
century21_5fc3eaf382f4,century21,ariana,0.0988,False,12.16,[],"{""model_used"": ""ariana""}",isolation_forest_v2
century21_9df234e5e3f8,century21,ariana,0.0778,False,17.41,[],"{""model_used"": ""ariana""}",isolation_forest_v2
century21_d15ec4cb4f10,century21,ariana,0.0817,False,16.32,[],"{""model_used"": ""ariana""}",isolation_forest_v2
century21_fa9375b0749a,century21,ariana,0.12,False,8.32,[],"{""model_used"": ""ariana""}",isolation_forest_v2
century21_9d3e71647225,century21,ariana,0.0356,False,32.9,[],"{""model_used"": ""ariana""}",isolation_forest_v2
century21_52e967d9c03b,century21,ariana,0.0686,False,20.21,[],"{""model_used"": ""ariana""}",isolation_forest_v2
century21_437f42836bb1,century21,ariana,0.1113,False,9.75,[],"{""model_used"": ""ariana""}",isolation_forest_v2
century21_202cb46368f5,century21,ariana,0.1116,False,9.69,[],"{""model_used"": ""ariana""}",isolation_forest_v2
century21_d6c48fc8e491,century21,ariana,0.0853,False,15.37,[],"{""model_used"": ""ariana""}",isolation_forest_v2
century21_f20c4c7342bc,century21,ariana,0.0638,False,21.82,[],"{""model_used"": ""ariana""}",isolation_forest_v2
century21_ab82ea90c784,century21,ariana,0.0052,False,47.39,[],"{""model_used"": ""ariana""}",isolation_forest_v2
century21_4d5476cf977d,century21,ariana,0.0126,False,43.71,[],"{""model_used"": ""ariana""}",isolation_forest_v2
century21_7ae50c871d49,century21,ariana,0.0061,False,46.97,[],"{""model_used"": ""ariana""}",isolation_forest_v2
century21_796a61586351,century21,ariana,0.0342,False,33.54,[],"{""model_used"": ""ariana""}",isolation_forest_v2
century21_d7dd31824e1a,century21,ariana,0.0459,False,28.52,[],"{""model_used"": ""ariana""}",isolation_forest_v2
century21_87de32be35fe,century21,ariana,0.1146,False,9.18,[],"{""model_used"": ""ariana""}",isolation_forest_v2
century21_5a375f842354,century21,ariana,-0.0167,True,58.27,[],"{""model_used"": ""ariana""}",isolation_forest_v2
century21_f755abe65a02,century21,ariana,0.0662,False,21.0,[],"{""model_used"": ""ariana""}",isolation_forest_v2
century21_61962845b5e5,century21,ariana,0.1181,False,8.61,[],"{""model_used"": ""ariana""}",isolation_forest_v2
century21_a31b48686fd2,century21,ariana,0.0285,False,36.13,[],"{""model_used"": ""ariana""}",isolation_forest_v2
century21_261a83aea510,century21,ariana,0.0465,False,28.3,[],"{""model_used"": ""ariana""}",isolation_forest_v2
century21_8f341ed5e892,century21,ariana,-0.107,True,89.46,[],"{""model_used"": ""ariana""}",isolation_forest_v2
century21_39fc5f9a7f3d,century21,ariana,0.0868,False,14.99,[],"{""model_used"": ""ariana""}",isolation_forest_v2
century21_d270a2e827e9,century21,ariana,0.0725,False,18.99,[],"{""model_used"": ""ariana""}",isolation_forest_v2
century21_fb379b24c81d,century21,ariana,0.084,False,15.7,[],"{""model_used"": ""ariana""}",isolation_forest_v2
century21_992cedccc482,century21,ariana,0.0602,False,23.07,[],"{""model_used"": ""ariana""}",isolation_forest_v2
century21_5f6930bea10f,century21,ariana,0.0569,False,24.28,[],"{""model_used"": ""ariana""}",isolation_forest_v2
century21_53e37616a1dc,century21,ariana,0.0188,False,40.69,[],"{""model_used"": ""ariana""}",isolation_forest_v2
century21_92e6ed659740,century21,ariana,0.102,False,11.51,[],"{""model_used"": ""ariana""}",isolation_forest_v2
century21_68c028a02771,century21,ariana,0.0731,False,18.8,[],"{""model_used"": ""ariana""}",isolation_forest_v2
century21_787c22963e1a,century21,ariana,0.0751,False,18.21,[],"{""model_used"": ""ariana""}",isolation_forest_v2
century21_3e30dfca147e,century21,ariana,0.0711,False,19.44,[],"{""model_used"": ""ariana""}",isolation_forest_v2
century21_f70dffb8e157,century21,ariana,0.0491,False,27.25,[],"{""model_used"": ""ariana""}",isolation_forest_v2
century21_9d34722db65a,century21,ariana,0.024,False,38.21,[],"{""model_used"": ""ariana""}",isolation_forest_v2
century21_3a705557f848,century21,ariana,0.086,False,15.18,[],"{""model_used"": ""ariana""}",isolation_forest_v2
century21_446a679ce31f,century21,ariana,0.0353,False,33.04,[],"{""model_used"": ""ariana""}",isolation_forest_v2
century21_bf926b86995c,century21,ariana,0.0042,False,47.92,[],"{""model_used"": ""ariana""}",isolation_forest_v2
century21_6c697f88f16a,century21,ariana,0.0538,False,25.44,[],"{""model_used"": ""ariana""}",isolation_forest_v2
century21_86942b73fbcf,century21,ariana,0.0976,False,12.44,[],"{""model_used"": ""ariana""}",isolation_forest_v2
century21_634063f0598a,century21,ariana,0.0914,False,13.85,[],"{""model_used"": ""ariana""}",isolation_forest_v2
century21_3d40f647ef38,century21,ariana,0.0513,False,26.39,[],"{""model_used"": ""ariana""}",isolation_forest_v2
century21_50a847604d7c,century21,ariana,0.1019,False,11.54,[],"{""model_used"": ""ariana""}",isolation_forest_v2
century21_6fd33c2263ab,century21,ariana,0.0644,False,21.6,[],"{""model_used"": ""ariana""}",isolation_forest_v2
century21_2b7128069939,century21,ariana,0.1117,False,9.68,[],"{""model_used"": ""ariana""}",isolation_forest_v2
century21_7a3cb91b277d,century21,ariana,0.1049,False,10.93,[],"{""model_used"": ""ariana""}",isolation_forest_v2
century21_8c94c982120f,century21,ariana,0.0751,False,18.21,[],"{""model_used"": ""ariana""}",isolation_forest_v2
century21_7ec361936ec1,century21,ariana,0.1162,False,8.92,[],"{""model_used"": ""ariana""}",isolation_forest_v2
century21_43de84c63f1a,century21,ariana,0.0079,False,46.07,[],"{""model_used"": ""ariana""}",isolation_forest_v2
century21_1034d26c3d2b,century21,ariana,0.0623,False,22.35,[],"{""model_used"": ""ariana""}",isolation_forest_v2
century21_1cc124869d3c,century21,ariana,0.1123,False,9.57,[],"{""model_used"": ""ariana""}",isolation_forest_v2
century21_6835a1029b1e,century21,ariana,0.0994,False,12.04,[],"{""model_used"": ""ariana""}",isolation_forest_v2
century21_6d854c28ccad,century21,ariana,0.0776,False,17.48,[],"{""model_used"": ""ariana""}",isolation_forest_v2
century21_399e190c1aab,century21,ariana,0.08,False,16.81,[],"{""model_used"": ""ariana""}",isolation_forest_v2
century21_b48f2079acdb,century21,ariana,0.0999,False,11.95,[],"{""model_used"": ""ariana""}",isolation_forest_v2
century21_29a98f100e00,century21,ariana,0.0179,False,41.13,[],"{""model_used"": ""ariana""}",isolation_forest_v2
century21_ec133e434570,century21,ariana,0.1118,False,9.65,[],"{""model_used"": ""ariana""}",isolation_forest_v2
century21_756e82d9bb3b,century21,ariana,0.0273,False,36.66,[],"{""model_used"": ""ariana""}",isolation_forest_v2
century21_de42e2c2f37f,century21,ariana,0.0602,False,23.08,[],"{""model_used"": ""ariana""}",isolation_forest_v2
century21_f9dee0ee3ac8,century21,ariana,0.0659,False,21.12,[],"{""model_used"": ""ariana""}",isolation_forest_v2
century21_348d3180e07b,century21,ariana,0.1214,False,8.11,[],"{""model_used"": ""ariana""}",isolation_forest_v2
century21_117d78a44d48,century21,ariana,0.105,False,10.91,[],"{""model_used"": ""ariana""}",isolation_forest_v2
century21_66ed816f387a,century21,ariana,0.035,False,33.16,[],"{""model_used"": ""ariana""}",isolation_forest_v2
century21_4cf331615c12,century21,ariana,0.0967,False,12.62,[],"{""model_used"": ""ariana""}",isolation_forest_v2
century21_a1c179145a7d,century21,ariana,0.0662,False,21.0,[],"{""model_used"": ""ariana""}",isolation_forest_v2
century21_55557437e201,century21,ariana,0.084,False,15.72,[],"{""model_used"": ""ariana""}",isolation_forest_v2
century21_3f205d16f592,century21,ariana,0.0898,False,14.23,[],"{""model_used"": ""ariana""}",isolation_forest_v2
century21_57d83ad63794,century21,ariana,0.1148,False,9.15,[],"{""model_used"": ""ariana""}",isolation_forest_v2
century21_95273a01f9ee,century21,ariana,0.0599,False,23.19,[],"{""model_used"": ""ariana""}",isolation_forest_v2
century21_554f6b93c12d,century21,ariana,0.0722,False,19.08,[],"{""model_used"": ""ariana""}",isolation_forest_v2
century21_4196db6434b8,century21,ariana,0.03,False,35.43,[],"{""model_used"": ""ariana""}",isolation_forest_v2
century21_d94b092f37ed,century21,ariana,0.0442,False,29.24,[],"{""model_used"": ""ariana""}",isolation_forest_v2
century21_b001da9cc091,century21,ariana,-0.0871,True,85.1,"[""extreme_price_per_m2""]","{""model_used"": ""ariana""}",isolation_forest_v2
century21_af15de6e5bca,century21,ariana,0.0732,False,18.78,[],"{""model_used"": ""ariana""}",isolation_forest_v2
century21_9d724b6fc2dc,century21,ariana,0.1052,False,10.86,[],"{""model_used"": ""ariana""}",isolation_forest_v2
century21_42fb7038d453,century21,ariana,-0.063,True,77.89,[],"{""model_used"": ""ariana""}",isolation_forest_v2
century21_3b3a0294fbe0,century21,ariana,0.0369,False,32.36,[],"{""model_used"": ""ariana""}",isolation_forest_v2
century21_2df47e285e43,century21,ariana,0.1028,False,11.35,[],"{""model_used"": ""ariana""}",isolation_forest_v2
century21_0bc0b9fb7922,century21,ariana,0.1051,False,10.9,[],"{""model_used"": ""ariana""}",isolation_forest_v2
century21_811e0372fb55,century21,ariana,0.0441,False,29.28,[],"{""model_used"": ""ariana""}",isolation_forest_v2
century21_81bf62316cc6,century21,ariana,-0.0022,True,51.1,[],"{""model_used"": ""ariana""}",isolation_forest_v2
century21_4932612e76ef,century21,ariana,0.0878,False,14.74,[],"{""model_used"": ""ariana""}",isolation_forest_v2
century21_7f852209cff0,century21,ariana,0.1195,False,8.39,[],"{""model_used"": ""ariana""}",isolation_forest_v2
affare_257282,affare,nabeul,0.0548,False,25.03,"[""no_images_high_price""]","{""model_used"": ""nabeul""}",isolation_forest_v2
affare_257803,affare,nabeul,0.0395,False,31.23,"[""no_images_high_price""]","{""model_used"": ""nabeul""}",isolation_forest_v2
affare_259181,affare,nabeul,-0.0353,True,66.93,[],"{""model_used"": ""nabeul""}",isolation_forest_v2
affare_259185,affare,nabeul,-0.0118,True,55.87,[],"{""model_used"": ""nabeul""}",isolation_forest_v2
affare_259184,affare,nabeul,0.0568,False,24.31,"[""no_images_high_price""]","{""model_used"": ""nabeul""}",isolation_forest_v2
affare_259192,affare,nabeul,0.0063,False,46.83,"[""no_images_high_price""]","{""model_used"": ""nabeul""}",isolation_forest_v2
affare_259296,affare,nabeul,0.0438,False,29.41,[],"{""model_used"": ""nabeul""}",isolation_forest_v2
affare_259415,affare,nabeul,0.1201,False,8.29,[],"{""model_used"": ""nabeul""}",isolation_forest_v2
affare_259405,affare,nabeul,0.0451,False,28.87,[],"{""model_used"": ""nabeul""}",isolation_forest_v2
affare_259423,affare,nabeul,0.1112,False,9.76,[],"{""model_used"": ""nabeul""}",isolation_forest_v2
affare_259418,affare,nabeul,0.1522,False,4.55,"[""no_images_high_price""]","{""model_used"": ""nabeul""}",isolation_forest_v2
affare_259426,affare,nabeul,0.1495,False,4.79,"[""no_images_high_price""]","{""model_used"": ""nabeul""}",isolation_forest_v2
century21_012583dc5e95,century21,nabeul,0.0849,False,15.47,"[""no_images_high_price""]","{""model_used"": ""nabeul""}",isolation_forest_v2
century21_3dd3d5649a08,century21,nabeul,0.0854,False,15.34,[],"{""model_used"": ""nabeul""}",isolation_forest_v2
century21_3cd545d39ca4,century21,nabeul,0.1454,False,5.18,[],"{""model_used"": ""nabeul""}",isolation_forest_v2
century21_7f914016776d,century21,nabeul,0.1101,False,9.96,[],"{""model_used"": ""nabeul""}",isolation_forest_v2
century21_8a90b246d2de,century21,nabeul,0.0933,False,13.41,[],"{""model_used"": ""nabeul""}",isolation_forest_v2
century21_9b8b71718aec,century21,nabeul,0.1112,False,9.76,[],"{""model_used"": ""nabeul""}",isolation_forest_v2
century21_bdc45546d4a9,century21,nabeul,-0.0312,True,65.09,"[""no_images_high_price""]","{""model_used"": ""nabeul""}",isolation_forest_v2
century21_c8192a5084e2,century21,nabeul,0.1072,False,10.49,[],"{""model_used"": ""nabeul""}",isolation_forest_v2
century21_d66e9462eb06,century21,nabeul,0.0126,False,43.71,"[""no_images_high_price""]","{""model_used"": ""nabeul""}",isolation_forest_v2
zitouna_immo_6534,zitouna_immo,nabeul,0.0701,False,19.76,"[""no_images_high_price"", ""description_too_short""]","{""model_used"": ""nabeul""}",isolation_forest_v2
affare_259301,affare,nabeul,0.0883,False,14.6,[],"{""model_used"": ""nabeul""}",isolation_forest_v2
affare_259182,affare,nabeul,0.0259,False,37.31,[],"{""model_used"": ""nabeul""}",isolation_forest_v2
affare_259240,affare,nabeul,0.0905,False,14.07,[],"{""model_used"": ""nabeul""}",isolation_forest_v2
affare_259422,affare,nabeul,0.1114,False,9.73,[],"{""model_used"": ""nabeul""}",isolation_forest_v2
affare_259409,affare,nabeul,0.0489,False,27.32,"[""no_images_high_price""]","{""model_used"": ""nabeul""}",isolation_forest_v2
affare_259416,affare,nabeul,0.1063,False,10.67,[],"{""model_used"": ""nabeul""}",isolation_forest_v2
affare_259420,affare,nabeul,0.0707,False,19.55,[],"{""model_used"": ""nabeul""}",isolation_forest_v2
century21_76f0d31fb910,century21,nabeul,0.1399,False,5.75,[],"{""model_used"": ""nabeul""}",isolation_forest_v2
century21_a009a6e3ead9,century21,nabeul,0.0657,False,21.17,"[""no_images_high_price""]","{""model_used"": ""nabeul""}",isolation_forest_v2
century21_cb8c891a2bca,century21,nabeul,0.117,False,8.79,[],"{""model_used"": ""nabeul""}",isolation_forest_v2
century21_d4d2b10ba32f,century21,nabeul,0.1253,False,7.55,[],"{""model_used"": ""nabeul""}",isolation_forest_v2
century21_ef697770a6d0,century21,nabeul,0.1219,False,8.04,[],"{""model_used"": ""nabeul""}",isolation_forest_v2
century21_2ea2ea0726f8,century21,nabeul,0.0692,False,20.02,[],"{""model_used"": ""nabeul""}",isolation_forest_v2
century21_c06ff58b0763,century21,nabeul,0.1251,False,7.57,[],"{""model_used"": ""nabeul""}",isolation_forest_v2
century21_0f408eea2767,century21,nabeul,0.1268,False,7.34,[],"{""model_used"": ""nabeul""}",isolation_forest_v2
century21_70af2643b56a,century21,nabeul,0.1284,False,7.12,[],"{""model_used"": ""nabeul""}",isolation_forest_v2
century21_4c185080ddfc,century21,nabeul,0.1151,False,9.09,[],"{""model_used"": ""nabeul""}",isolation_forest_v2
century21_368dafed3dce,century21,nabeul,0.1248,False,7.62,[],"{""model_used"": ""nabeul""}",isolation_forest_v2
century21_e3797541c1a6,century21,nabeul,0.106,False,10.72,[],"{""model_used"": ""nabeul""}",isolation_forest_v2
century21_eca19f1958e3,century21,nabeul,0.0388,False,31.5,[],"{""model_used"": ""nabeul""}",isolation_forest_v2
century21_160cca2e3501,century21,nabeul,0.0727,False,18.94,[],"{""model_used"": ""nabeul""}",isolation_forest_v2
century21_4b72034b97c7,century21,nabeul,0.1066,False,10.61,[],"{""model_used"": ""nabeul""}",isolation_forest_v2
century21_5cb5319c57d3,century21,nabeul,0.106,False,10.71,[],"{""model_used"": ""nabeul""}",isolation_forest_v2
century21_0a1b0e2764eb,century21,nabeul,0.1125,False,9.53,[],"{""model_used"": ""nabeul""}",isolation_forest_v2
century21_9c63963d046c,century21,nabeul,0.1329,False,6.55,[],"{""model_used"": ""nabeul""}",isolation_forest_v2
century21_7de5971479c9,century21,nabeul,0.1532,False,4.46,[],"{""model_used"": ""nabeul""}",isolation_forest_v2
century21_50eca2e7224c,century21,nabeul,0.1009,False,11.73,[],"{""model_used"": ""nabeul""}",isolation_forest_v2
century21_d7af84ba82b0,century21,nabeul,0.0722,False,19.09,[],"{""model_used"": ""nabeul""}",isolation_forest_v2
century21_e5d010f4154f,century21,nabeul,0.1445,False,5.26,[],"{""model_used"": ""nabeul""}",isolation_forest_v2
century21_ec2eaed7327d,century21,nabeul,0.1272,False,7.28,[],"{""model_used"": ""nabeul""}",isolation_forest_v2
century21_b6f8fced0fd5,century21,nabeul,0.0468,False,28.16,[],"{""model_used"": ""nabeul""}",isolation_forest_v2
century21_8b582faccb74,century21,nabeul,0.0861,False,15.16,[],"{""model_used"": ""nabeul""}",isolation_forest_v2
century21_162d10266d98,century21,nabeul,-0.1049,True,89.08,[],"{""model_used"": ""nabeul""}",isolation_forest_v2
century21_4ee525e2ee79,century21,nabeul,0.1269,False,7.33,[],"{""model_used"": ""nabeul""}",isolation_forest_v2
century21_c6474a5a2456,century21,nabeul,0.0915,False,13.83,[],"{""model_used"": ""nabeul""}",isolation_forest_v2
century21_4a4184c24202,century21,nabeul,0.0589,False,23.54,[],"{""model_used"": ""nabeul""}",isolation_forest_v2
century21_9b5af356af02,century21,nabeul,0.1496,False,4.78,[],"{""model_used"": ""nabeul""}",isolation_forest_v2
century21_b0eb189339f8,century21,nabeul,0.0934,False,13.38,[],"{""model_used"": ""nabeul""}",isolation_forest_v2
century21_9bbc7470bfb3,century21,nabeul,0.1578,False,4.08,[],"{""model_used"": ""nabeul""}",isolation_forest_v2
century21_789146430df3,century21,nabeul,0.1158,False,8.97,[],"{""model_used"": ""nabeul""}",isolation_forest_v2
century21_4a769158cac2,century21,nabeul,0.1191,False,8.46,[],"{""model_used"": ""nabeul""}",isolation_forest_v2
century21_3317a93cc234,century21,nabeul,0.0614,False,22.66,[],"{""model_used"": ""nabeul""}",isolation_forest_v2
century21_e6c219155011,century21,nabeul,0.0868,False,14.99,[],"{""model_used"": ""nabeul""}",isolation_forest_v2
century21_0027ce442d20,century21,nabeul,0.0641,False,21.73,[],"{""model_used"": ""nabeul""}",isolation_forest_v2
century21_06c58998e013,century21,nabeul,0.1434,False,5.37,[],"{""model_used"": ""nabeul""}",isolation_forest_v2
century21_d996c5e1e837,century21,nabeul,0.1439,False,5.33,[],"{""model_used"": ""nabeul""}",isolation_forest_v2
century21_9ea4d1e31d61,century21,nabeul,0.1246,False,7.64,[],"{""model_used"": ""nabeul""}",isolation_forest_v2
century21_48c58b99c641,century21,nabeul,0.1508,False,4.67,[],"{""model_used"": ""nabeul""}",isolation_forest_v2
century21_bbd80e1c67a8,century21,nabeul,0.0835,False,15.84,[],"{""model_used"": ""nabeul""}",isolation_forest_v2
century21_420cd5529767,century21,nabeul,0.0668,False,20.81,[],"{""model_used"": ""nabeul""}",isolation_forest_v2
century21_9cceaf175769,century21,nabeul,0.0754,False,18.13,[],"{""model_used"": ""nabeul""}",isolation_forest_v2
century21_253b51184d95,century21,nabeul,0.1454,False,5.18,[],"{""model_used"": ""nabeul""}",isolation_forest_v2
affare_2400,affare,sousse,0.1118,False,9.65,[],"{""model_used"": ""sousse""}",isolation_forest_v2
affare_259178,affare,sousse,0.0523,False,25.98,"[""no_images_high_price""]","{""model_used"": ""sousse""}",isolation_forest_v2
affare_259176,affare,sousse,0.0945,False,13.13,[],"{""model_used"": ""sousse""}",isolation_forest_v2
affare_259174,affare,sousse,0.1297,False,6.96,"[""no_images_high_price""]","{""model_used"": ""sousse""}",isolation_forest_v2
affare_259177,affare,sousse,0.1314,False,6.74,[],"{""model_used"": ""sousse""}",isolation_forest_v2
affare_259175,affare,sousse,0.1053,False,10.85,"[""no_images_high_price""]","{""model_used"": ""sousse""}",isolation_forest_v2
affare_259186,affare,sousse,0.0832,False,15.92,[],"{""model_used"": ""sousse""}",isolation_forest_v2
affare_259183,affare,sousse,0.1256,False,7.5,[],"{""model_used"": ""sousse""}",isolation_forest_v2
affare_259189,affare,sousse,0.1237,False,7.77,"[""no_images_high_price""]","{""model_used"": ""sousse""}",isolation_forest_v2
affare_259196,affare,sousse,0.1173,False,8.73,"[""no_images_high_price""]","{""model_used"": ""sousse""}",isolation_forest_v2
affare_259238,affare,sousse,0.1243,False,7.69,[],"{""model_used"": ""sousse""}",isolation_forest_v2
affare_259243,affare,sousse,0.1035,False,11.2,"[""no_images_high_price""]","{""model_used"": ""sousse""}",isolation_forest_v2
affare_259245,affare,sousse,-0.0351,True,66.87,"[""no_images_high_price""]","{""model_used"": ""sousse""}",isolation_forest_v2
affare_259247,affare,sousse,0.0907,False,14.0,[],"{""model_used"": ""sousse""}",isolation_forest_v2
affare_259239,affare,sousse,0.1157,False,9.0,"[""no_images_high_price""]","{""model_used"": ""sousse""}",isolation_forest_v2
affare_259241,affare,sousse,0.139,False,5.85,[],"{""model_used"": ""sousse""}",isolation_forest_v2
affare_259246,affare,sousse,0.1114,False,9.72,"[""no_images_high_price""]","{""model_used"": ""sousse""}",isolation_forest_v2
affare_259242,affare,sousse,0.0597,False,23.24,"[""no_images_high_price""]","{""model_used"": ""sousse""}",isolation_forest_v2
affare_259244,affare,sousse,0.1494,False,4.8,[],"{""model_used"": ""sousse""}",isolation_forest_v2
affare_259279,affare,sousse,0.0756,False,18.07,[],"{""model_used"": ""sousse""}",isolation_forest_v2
affare_259305,affare,sousse,0.1325,False,6.6,"[""no_images_high_price""]","{""model_used"": ""sousse""}",isolation_forest_v2
affare_259304,affare,sousse,0.0731,False,18.81,"[""no_images_high_price""]","{""model_used"": ""sousse""}",isolation_forest_v2
affare_259315,affare,sousse,0.0989,False,12.15,[],"{""model_used"": ""sousse""}",isolation_forest_v2
affare_259308,affare,sousse,0.0712,False,19.41,"[""no_images_high_price""]","{""model_used"": ""sousse""}",isolation_forest_v2
affare_259310,affare,sousse,0.1146,False,9.18,[],"{""model_used"": ""sousse""}",isolation_forest_v2
affare_259412,affare,sousse,0.0893,False,14.35,"[""no_images_high_price""]","{""model_used"": ""sousse""}",isolation_forest_v2
affare_259417,affare,sousse,0.0883,False,14.6,[],"{""model_used"": ""sousse""}",isolation_forest_v2
affare_259403,affare,sousse,0.1043,False,11.05,[],"{""model_used"": ""sousse""}",isolation_forest_v2
affare_259428,affare,sousse,0.1048,False,10.96,[],"{""model_used"": ""sousse""}",isolation_forest_v2
affare_259430,affare,sousse,0.071,False,19.46,"[""no_images_high_price""]","{""model_used"": ""sousse""}",isolation_forest_v2
affare_259429,affare,sousse,0.1154,False,9.05,"[""no_images_high_price""]","{""model_used"": ""sousse""}",isolation_forest_v2
affare_3770,affare,sousse,0.0619,False,22.48,"[""no_images_high_price""]","{""model_used"": ""sousse""}",isolation_forest_v2
affare_4000,affare,sousse,0.0871,False,14.91,[],"{""model_used"": ""sousse""}",isolation_forest_v2
affare_7000,affare,sousse,0.151,False,4.65,[],"{""model_used"": ""sousse""}",isolation_forest_v2
century21_087f12b34209,century21,sousse,0.1199,False,8.33,[],"{""model_used"": ""sousse""}",isolation_forest_v2
century21_a4fafc08c751,century21,sousse,0.1134,False,9.38,[],"{""model_used"": ""sousse""}",isolation_forest_v2
century21_89b010eb2368,century21,sousse,0.1182,False,8.6,[],"{""model_used"": ""sousse""}",isolation_forest_v2
mubawab_7670672,mubawab,sousse,0.1174,False,8.72,"[""description_too_short""]","{""model_used"": ""sousse""}",isolation_forest_v2
zitouna_immo_5804,zitouna_immo,sousse,-0.0849,True,84.52,[],"{""model_used"": ""sousse""}",isolation_forest_v2
affare_259179,affare,sousse,0.0875,False,14.8,"[""no_images_high_price""]","{""model_used"": ""sousse""}",isolation_forest_v2
affare_259180,affare,sousse,0.0379,False,31.92,"[""no_images_high_price""]","{""model_used"": ""sousse""}",isolation_forest_v2
affare_259187,affare,sousse,0.0513,False,26.37,[],"{""model_used"": ""sousse""}",isolation_forest_v2
affare_259302,affare,sousse,0.1338,False,6.44,"[""no_images_high_price""]","{""model_used"": ""sousse""}",isolation_forest_v2
affare_259314,affare,sousse,-0.0022,True,51.11,"[""no_images_high_price""]","{""model_used"": ""sousse""}",isolation_forest_v2
affare_259306,affare,sousse,0.124,False,7.73,[],"{""model_used"": ""sousse""}",isolation_forest_v2
affare_259311,affare,sousse,0.0521,False,26.08,[],"{""model_used"": ""sousse""}",isolation_forest_v2
affare_259309,affare,sousse,0.1089,False,10.18,[],"{""model_used"": ""sousse""}",isolation_forest_v2
affare_259427,affare,sousse,0.1105,False,9.88,[],"{""model_used"": ""sousse""}",isolation_forest_v2
mubawab_8235414,mubawab,sousse,0.0157,False,42.19,"[""description_too_short""]","{""model_used"": ""sousse""}",isolation_forest_v2
mubawab_8308446,mubawab,sousse,0.0012,False,49.4,"[""description_too_short""]","{""model_used"": ""sousse""}",isolation_forest_v2
century21_7a5662f7d123,century21,sousse,0.0069,False,46.57,[],"{""model_used"": ""sousse""}",isolation_forest_v2
century21_dc0c7c392e3c,century21,sousse,0.0777,False,17.45,[],"{""model_used"": ""sousse""}",isolation_forest_v2
century21_455946eedb91,century21,sousse,0.0661,False,21.05,[],"{""model_used"": ""sousse""}",isolation_forest_v2
century21_c82cde1ea907,century21,sousse,0.0327,False,34.2,[],"{""model_used"": ""sousse""}",isolation_forest_v2
45572,tecnocasa,cap bon,0.0708,False,19.52,"[""no_images_high_price""]","{""model_used"": ""cap bon""}",isolation_forest_v2
44766,tecnocasa,cap bon,0.0845,False,15.57,"[""no_images_high_price""]","{""model_used"": ""cap bon""}",isolation_forest_v2
52712,tecnocasa,cap bon,0.0594,False,23.38,"[""no_images_high_price""]","{""model_used"": ""cap bon""}",isolation_forest_v2
48225,tecnocasa,cap bon,0.0867,False,15.0,"[""no_images_high_price""]","{""model_used"": ""cap bon""}",isolation_forest_v2
57451,tecnocasa,cap bon,0.0031,False,48.45,"[""no_images_high_price""]","{""model_used"": ""cap bon""}",isolation_forest_v2
64891,tecnocasa,cap bon,0.1019,False,11.54,"[""no_images_high_price""]","{""model_used"": ""cap bon""}",isolation_forest_v2
44855,tecnocasa,cap bon,-0.1348,True,93.67,"[""price_too_high_for_region""]","{""model_used"": ""cap bon""}",isolation_forest_v2
51182,tecnocasa,cap bon,0.0375,False,32.07,[],"{""model_used"": ""cap bon""}",isolation_forest_v2
54655,tecnocasa,cap bon,0.0312,False,34.91,[],"{""model_used"": ""cap bon""}",isolation_forest_v2
47114,tecnocasa,cap bon,0.0047,False,47.63,[],"{""model_used"": ""cap bon""}",isolation_forest_v2
56075,tecnocasa,cap bon,0.0265,False,37.03,[],"{""model_used"": ""cap bon""}",isolation_forest_v2
50621,tecnocasa,cap bon,0.0754,False,18.13,[],"{""model_used"": ""cap bon""}",isolation_forest_v2
56466,tecnocasa,cap bon,0.0228,False,38.78,"[""extreme_price_per_m2""]","{""model_used"": ""cap bon""}",isolation_forest_v2
61923,tecnocasa,cap bon,0.1116,False,9.69,[],"{""model_used"": ""cap bon""}",isolation_forest_v2
62150,tecnocasa,cap bon,0.1243,False,7.68,[],"{""model_used"": ""cap bon""}",isolation_forest_v2
64615,tecnocasa,cap bon,0.0523,False,26.01,[],"{""model_used"": ""cap bon""}",isolation_forest_v2
62152,tecnocasa,cap bon,0.076,False,17.93,[],"{""model_used"": ""cap bon""}",isolation_forest_v2
60194,tecnocasa,cap bon,-0.0169,True,58.35,[],"{""model_used"": ""cap bon""}",isolation_forest_v2
48424,tecnocasa,cap bon,0.0671,False,20.71,[],"{""model_used"": ""cap bon""}",isolation_forest_v2
55512,tecnocasa,cap bon,0.0442,False,29.21,[],"{""model_used"": ""cap bon""}",isolation_forest_v2
51464,tecnocasa,cap bon,0.0397,False,31.14,[],"{""model_used"": ""cap bon""}",isolation_forest_v2
45473,tecnocasa,cap bon,0.0856,False,15.3,[],"{""model_used"": ""cap bon""}",isolation_forest_v2
39464,tecnocasa,cap bon,0.0996,False,12.0,[],"{""model_used"": ""cap bon""}",isolation_forest_v2
57915,tecnocasa,cap bon,0.0326,False,34.25,[],"{""model_used"": ""cap bon""}",isolation_forest_v2
55494,tecnocasa,cap bon,0.0548,False,25.04,[],"{""model_used"": ""cap bon""}",isolation_forest_v2
50956,tecnocasa,cap bon,-0.0017,True,50.84,[],"{""model_used"": ""cap bon""}",isolation_forest_v2
62463,tecnocasa,cap bon,0.0708,False,19.54,[],"{""model_used"": ""cap bon""}",isolation_forest_v2
64606,tecnocasa,cap bon,0.0398,False,31.1,[],"{""model_used"": ""cap bon""}",isolation_forest_v2
62625,tecnocasa,cap bon,0.0604,False,23.02,[],"{""model_used"": ""cap bon""}",isolation_forest_v2
41327,tecnocasa,cap bon,0.0709,False,19.49,[],"{""model_used"": ""cap bon""}",isolation_forest_v2
65283,tecnocasa,cap bon,0.0732,False,18.8,[],"{""model_used"": ""cap bon""}",isolation_forest_v2
65235,tecnocasa,cap bon,0.0162,False,41.96,[],"{""model_used"": ""cap bon""}",isolation_forest_v2
65237,tecnocasa,cap bon,0.0429,False,29.79,[],"{""model_used"": ""cap bon""}",isolation_forest_v2
61034,tecnocasa,cap bon,0.0541,False,25.3,[],"{""model_used"": ""cap bon""}",isolation_forest_v2
49149,tecnocasa,cap bon,0.0349,False,33.22,[],"{""model_used"": ""cap bon""}",isolation_forest_v2
44683,tecnocasa,cap bon,0.0737,False,18.64,[],"{""model_used"": ""cap bon""}",isolation_forest_v2
52899,tecnocasa,cap bon,0.0904,False,14.1,[],"{""model_used"": ""cap bon""}",isolation_forest_v2
53911,tecnocasa,cap bon,0.0847,False,15.52,[],"{""model_used"": ""cap bon""}",isolation_forest_v2
58265,tecnocasa,cap bon,0.0449,False,28.94,[],"{""model_used"": ""cap bon""}",isolation_forest_v2
62260,tecnocasa,cap bon,0.1114,False,9.73,[],"{""model_used"": ""cap bon""}",isolation_forest_v2
36522,tecnocasa,cap bon,0.067,False,20.74,[],"{""model_used"": ""cap bon""}",isolation_forest_v2
64090,tecnocasa,cap bon,0.1142,False,9.24,[],"{""model_used"": ""cap bon""}",isolation_forest_v2
64617,tecnocasa,cap bon,0.1106,False,9.87,[],"{""model_used"": ""cap bon""}",isolation_forest_v2
64726,tecnocasa,cap bon,0.0922,False,13.67,[],"{""model_used"": ""cap bon""}",isolation_forest_v2
62155,tecnocasa,cap bon,0.0617,False,22.53,[],"{""model_used"": ""cap bon""}",isolation_forest_v2
61496,tecnocasa,cap bon,0.0731,False,18.82,[],"{""model_used"": ""cap bon""}",isolation_forest_v2
63958,tecnocasa,cap bon,0.0641,False,21.73,[],"{""model_used"": ""cap bon""}",isolation_forest_v2
64421,tecnocasa,cap bon,0.0612,False,22.71,[],"{""model_used"": ""cap bon""}",isolation_forest_v2
affare_249009,affare,ben arous,0.0338,False,33.72,[],"{""model_used"": ""sparse""}",isolation_forest_v2
affare_259250,affare,ben arous,0.1474,False,4.99,[],"{""model_used"": ""sparse""}",isolation_forest_v2
century21_110268,century21,ben arous,0.0149,False,42.62,"[""no_images_high_price""]","{""model_used"": ""sparse""}",isolation_forest_v2
newkey_121980,newkey,ben arous,0.0921,False,13.67,[],"{""model_used"": ""sparse""}",isolation_forest_v2
newkey_130098,newkey,ben arous,0.1551,False,4.3,[],"{""model_used"": ""sparse""}",isolation_forest_v2
newkey_130640,newkey,ben arous,0.0701,False,19.75,[],"{""model_used"": ""sparse""}",isolation_forest_v2
century21_914c6d402ad3,century21,ben arous,0.0148,False,42.68,[],"{""model_used"": ""sparse""}",isolation_forest_v2
century21_9d6f9eaf4122,century21,ben arous,-0.0072,True,53.59,[],"{""model_used"": ""sparse""}",isolation_forest_v2
affare_164918,affare,zaghouan,0.0796,False,16.9,"[""rooms_surface_inconsistent""]","{""model_used"": ""sparse""}",isolation_forest_v2
affare_241651,affare,zaghouan,0.0788,False,17.14,"[""no_images_high_price"", ""rooms_surface_inconsistent""]","{""model_used"": ""sparse""}",isolation_forest_v2
affare_248366,affare,zaghouan,0.1373,False,6.04,"[""no_images_high_price"", ""rooms_surface_inconsistent""]","{""model_used"": ""sparse""}",isolation_forest_v2
affare_220450,affare,zaghouan,0.1603,False,3.9,"[""rooms_surface_inconsistent""]","{""model_used"": ""sparse""}",isolation_forest_v2
affare_241003,affare,zaghouan,0.1516,False,4.6,"[""rooms_surface_inconsistent""]","{""model_used"": ""sparse""}",isolation_forest_v2
affare_241022,affare,zaghouan,0.0892,False,14.37,"[""rooms_surface_inconsistent""]","{""model_used"": ""sparse""}",isolation_forest_v2
affare_226648,affare,monastir,0.1314,False,6.74,[],"{""model_used"": ""sparse""}",isolation_forest_v2
affare_239822,affare,monastir,0.0887,False,14.5,[],"{""model_used"": ""sparse""}",isolation_forest_v2
affare_241047,affare,monastir,0.1466,False,5.06,[],"{""model_used"": ""sparse""}",isolation_forest_v2
affare_253769,affare,monastir,0.1491,False,4.83,[],"{""model_used"": ""sparse""}",isolation_forest_v2
affare_259198,affare,monastir,0.1482,False,4.91,[],"{""model_used"": ""sparse""}",isolation_forest_v2
affare_243813,affare,monastir,0.1807,False,2.62,[],"{""model_used"": ""sparse""}",isolation_forest_v2
affare_136985,affare,sfax,0.0383,False,31.75,[],"{""model_used"": ""sparse""}",isolation_forest_v2
century21_2769d491c77a,century21,sfax,0.0379,False,31.91,[],"{""model_used"": ""sparse""}",isolation_forest_v2
affare_146110,affare,sfax,0.0072,False,46.41,[],"{""model_used"": ""sparse""}",isolation_forest_v2
century21_42bcdb78bfaf,century21,mannouba,0.0802,False,16.73,[],"{""model_used"": ""sparse""}",isolation_forest_v2
century21_12046e292fd8,century21,mannouba,0.0802,False,16.73,[],"{""model_used"": ""sparse""}",isolation_forest_v2
century21_778bb258cbd3,century21,mannouba,0.0588,False,23.58,[],"{""model_used"": ""sparse""}",isolation_forest_v2
affare_259298,affare,medenine,0.0474,False,27.92,"[""no_images_high_price""]","{""model_used"": ""sparse""}",isolation_forest_v2
affare_259406,affare,medenine,-0.0272,True,63.3,"[""no_images_high_price""]","{""model_used"": ""sparse""}",isolation_forest_v2
affare_249844,affare,bizerte,0.1011,False,11.68,[],"{""model_used"": ""sparse""}",isolation_forest_v2
affare_259295,affare,manouba,0.0556,False,24.76,"[""no_images_high_price""]","{""model_used"": ""sparse""}",isolation_forest_v2
affare_259249,affare,kasserine,0.1506,False,4.69,[],"{""model_used"": ""sparse""}",isolation_forest_v2
