property_id,source_name,price,surface,rooms,city,region,zone,municipalite,transaction_type,type,latitude,longitude,features,reliability_score,reliability_level,model_weight,is_outlier,suspected_duplicate,change_type,price_delta_pct,price_per_m2,scraped_at
affare_226648,affare,,90.0,2.0,Monastir,MONASTIR,east,Monastir,Rent,Apartment,35.7644,10.8,Ascenseur|Parking,80,GOOD,1.0,False,False,new,,,2026-03-27T11:13:31.652495
affare_235663,affare,950000.0,730.0,,Bizerte Nord,BIZERTE,north,Bizerte Nord,Sale,Land,37.2803,9.8205,Forêt|garage|petit studio|studio|toit|vue Mer|vue mer,90,HIGH,1.5,False,False,new,,1301.37,2026-03-27T11:15:29.676543
affare_146110,affare,2500.0,660.0,,Sfax Ville,SFAX,east,Sfax Ville,Sale,Land,34.7406,10.76,4 cotes|410 m2 de couvert|661 m2|centre ville|coin de 3 rues|jardin|project educatif|projet commercial|projet médical|terrain|villa,70,GOOD,1.0,True,False,new,,3.79,2026-03-27T11:14:40.395781
affare_241003,affare,165000.0,,,Bir Mchergua,ZAGHOUAN,north,Zaghouan,Sale,Land,36.4025,10.1431,documents juridiques|eau potable|nappe phréatique|puits profond|routes goudronnée|sol de bonne qualité|terrain agricole|électricité,50,LOW,0.5,False,False,unchanged,0.0,,2026-03-27T00:38:52.654623
affare_220450,affare,155000.0,,,Bir Mchergua,ZAGHOUAN,north,Zaghouan,Sale,Land,36.4025,10.1431,nu|plat|proximité de l'électricité|proximité du réseau d'eau|route goudronnée,50,LOW,0.5,False,False,unchanged,0.0,,2026-03-27T00:39:17.551397
affare_239822,affare,,,1.0,Monastir,MONASTIR,east,Monastir,Rent,Apartment,35.7644,10.8,piscine|pool,40,LOW,0.5,False,False,new,,,2026-03-27T11:15:17.439528
affare_223096,affare,78000.0,312.0,,Hammamet Sud,NABEUL,north,Hammamet,Sale,Land,36.4,10.6167,eau et électricité disponible|semi- clôturé|titre foncier,90,HIGH,1.5,False,False,unchanged,0.0,250.0,2026-03-27T11:13:37.617510
affare_1000,affare,550.0,1000.0,,Bizerte Nord,BIZERTE,north,Bizerte Nord,Sale,Land,37.2803,9.8205,plage|superficie|terrain|vue panoramique,75,GOOD,1.0,True,False,price_down,-99.92,,2026-03-27T11:16:21.832237
affare_136985,affare,2500.0,661.0,7.0,Sfax Ville,SFAX,east,Sfax Ville,Sale,Land,34.7406,10.76,3 rues|compteur Electricté force|jardin|jardin de ses 4 cotés|terrain de 661 m2,80,GOOD,1.0,True,False,new,,3.78,2026-03-27T11:14:57.776841
affare_164918,affare,1500.0,7.0,,Bir Mchergua,ZAGHOUAN,north,Zaghouan,Sale,Land,36.4025,10.1431,7 hectares|arbres variés|charrue|drop irrigation|farm|guard house|haut standing|high standing villa|irrigation|machines agricultural|motorized water well|oliviers|paper in order|pigeon coop|salinité 1.7g|shed|subventionned meter|terrace|terrasse|tractor|villa|water well,75,GOOD,1.0,True,False,unchanged,0.0,,2026-03-27T00:38:38.690187
affare_249844,affare,,254.0,,Bizerte Nord,BIZERTE,north,Bizerte Nord,Sale,Land,37.2803,9.8205,bord de la mer|construction d'une maison|proche de toutes commodités|quartier calme|terrain,45,LOW,0.5,False,False,new,,,2026-03-27T11:15:45.353837
affare_243813,affare,,,3.0,Monastir,MONASTIR,east,Monastir,Sale,Apartment,35.7644,10.8,2 climatiseurs|IPTV|chauffage central|climatisation|haut standing|meuble|wifi,40,LOW,0.5,False,False,new,,,2026-03-27T11:13:07.858269
affare_248366,affare,320000.0,800000.0,,Bir Mchergua,ZAGHOUAN,north,Zaghouan,Sale,Land,36.4025,10.1431,agriculture|excellente nappe phréatique|terrain plat,75,GOOD,1.0,True,False,unchanged,0.0,,2026-03-26T16:50:47.073392
affare_253257,affare,600000.0,865.0,2.0,Kalâat El Andalous,ARIANA,north,Ariana Ville,Sale,Land,36.866011,10.193923,196 m²|S+2|chambres à coucher|climatisation|cuisine équipée|dressing|jardin|jardin piscinable|parking|place de Parking pour 2 voitures|plain pied|salle d'eau avec douche à l'italienne|salon salle a manger|terrain|terrasse|villa,100,HIGH,1.5,False,False,unchanged,0.0,693.64,2026-03-27T11:12:26.107327
affare_241047,affare,,,1.0,Monastir,MONASTIR,east,Monastir,Sale,Apartment,35.7644,10.8,2 climatiseurs|IPTV|chauffage central|climatisation|wifi,40,LOW,0.5,False,False,new,,,2026-03-27T11:13:19.687510
affare_253769,affare,,,2.0,Monastir,MONASTIR,east,Monastir,Rent,Apartment,35.7644,10.8,haut standing|parking|place de parking au sous sol|s+2|surface totale : 100m²|vue de mer,40,LOW,0.5,False,False,new,,,2026-03-27T11:12:56.633123
affare_241651,affare,960000.0,,,Bir Mchergua,ZAGHOUAN,north,Zaghouan,Sale,Land,36.4025,10.1431,documents juridiques|eau potable|ensemble de bâtiments|environnement naturel|excellente nappe phréatique|ferme|possibilité de creuser un puits profond|surface|sécurité|terrain fertile|électricité,50,LOW,0.5,False,False,unchanged,0.0,,2026-03-27T00:39:05.119503
affare_254271,affare,1100.0,,1.0,Menzah,ARIANA,north,Ariana Ville,Rent,Apartment,36.866011,10.193923,Parking,55,LOW,0.5,False,True,unchanged,0.0,,2026-03-27T00:37:48.257345
affare_247794,affare,600000.0,212.0,3.0,Ennasr,ARIANA,north,Ariana Ville,Sale,Villa,36.866011,10.193923,Ascenseur,100,HIGH,1.5,False,False,new,,2830.19,2026-03-27T11:13:49.925649
affare_241022,affare,1500.0,13.0,,Bir Mchergua,ZAGHOUAN,north,Zaghouan,Sale,Land,36.4025,10.1431,13 hectares|arbres fruitier|bassin de stockage|climatisation|eau électricité climatisation|garage|gardien|grand garage de stockage céréales paille / foins|grands paddocks|habitation indépendante|meuble|oliviers|salon cuisine salle d'eau|silo de stockage grain|sonde et puit|super ferme|terrasse|villas|écuries,75,GOOD,1.0,True,False,unchanged,0.0,,2026-03-27T00:38:26.178137
affare_256673,affare,395000.0,155.0,3.0,Ennasr,ARIANA,north,Ariana Ville,Sale,Apartment,36.866011,10.193923,Ascenseur|Parking,100,HIGH,1.5,False,False,new,,2548.39,2026-03-27T11:14:18.755457
affare_255449,affare,,100.0,2.0,Zarzouna,BIZERTE,north,Menzel Jemil,Sale,Land,37.237,9.91,Appartement|Salon|Surface bâtie|Surface terrain|chambres à coucher|cuisine|four floors|salle de bain,80,GOOD,1.0,False,False,new,,,2026-03-27T11:15:57.280981
affare_258612,affare,,140.0,2.0,Ennasr,ARIANA,north,Ariana Ville,Sale,Apartment,36.866011,10.193923,Ascenseur,80,GOOD,1.0,False,False,unchanged,,,2026-03-27T00:38:04.623540
affare_256520,affare,80000.0,54.0,,Ghazela,ARIANA,north,Ariana Ville,Sale,Commercial,36.866011,10.193923,Local prêt à l’exploitation|Superficie,90,HIGH,1.5,False,False,new,,1481.48,2026-03-27T11:11:39.821843
affare_257444,affare,140000.0,96.0,,Ennasr,ARIANA,north,Ariana Ville,Sale,Commercial,36.866011,10.193923,aménagement moderne|café|clientèle fidèle|concept café / brunch|potentiel de développement important|terrasse,90,HIGH,1.5,False,False,new,,1458.33,2026-03-27T11:11:55.548159
affare_257543,affare,315000.0,122.0,2.0,Ennasr,ARIANA,north,Ariana Ville,Sale,Apartment,36.866011,10.193923,Ascenseur,100,HIGH,1.5,False,False,unchanged,0.0,2581.97,2026-03-27T00:38:09.443840
affare_256894,affare,1600.0,,1.0,Menzah,ARIANA,north,Ariana Ville,Rent,Apartment,36.866011,10.193923,2 clim|Chambre à coucher|S+1|Salle d'eau|abattoir pour l’Aïd el-Adha|aire de jeux pour enfants|atelier de bricolage|balcon|chauffage central|climatisation|douches|kitchen|meuble|piscine|piscine découverte|richly furnished|salle de jeux équipée|salle de lecture|salle de prière|salle de sport|salle de vapeur (sauna)|vestiaires,85,HIGH,1.5,False,False,unchanged,0.0,,2026-03-27T00:37:34.365652
affare_258248,affare,,2359.0,,Centre Ville - Lafayette,TUNIS,north,Jebel Jelloud,Rent,Commercial,36.7667,10.1833,2 350 m²-|20 points d’eau|55 bureaux modernes|Ascenseur|Climatisation centralisée chaud / froid|Parking sous sol|R+5|ascenseur|climatisation|meuble|parking,45,LOW,0.5,False,False,new,,,2026-03-27T11:12:08.667931
affare_257791,affare,,,4.0,Ennasr,ARIANA,north,Ariana Ville,Rent,Commercial,36.866011,10.193923,chauffage central|climatisation|climatisation Split-Système|garage|pelouse|système d’alarme,40,LOW,0.5,False,False,new,,,2026-03-27T11:13:55.203794
affare_257942,affare,1200.0,70.0,1.0,Ennasr,ARIANA,north,Ariana Ville,Rent,Apartment,36.866011,10.193923,Ascenseur|Parking,90,HIGH,1.5,False,False,new,,17.14,2026-03-27T11:11:15.063661
affare_258941,affare,1000.0,,1.0,Ennasr,ARIANA,north,Ariana Ville,Rent,Apartment,36.866011,10.193923,S+1|chambre à coucher|chauffage central|climatisation|climatiseurs|dressing|gardé|kitchenette équipée|résidence sécurisée|salle de douche|salon,85,HIGH,1.5,False,False,unchanged,0.0,,2026-03-27T00:38:14.908265
affare_259176,affare,69000.0,85.0,3.0,Sousse Riadh,SOUSSE,east,Sousse Riadh,Sale,Apartment,35.8269,10.63,balcony|bathroom|bathtub|bedrooms|gas natural|kitchen|living room|outdoor space,100,HIGH,1.5,False,False,unchanged,0.0,811.76,2026-03-27T00:36:43.139037
affare_258700,affare,550.0,,,Ennasr,ARIANA,north,Ariana Ville,Rent,Commercial,36.866011,10.193923,bureau|chaise de direction|chaises visiteurs|chauffage central|climatisation|climatiseur|contrat de domiciliation|eau|facture|fibre optique haut débit|grand rangement|meuble|ménage 1 fois/semaine|table basse|électricité,50,LOW,0.5,False,False,unchanged,0.0,,2026-03-27T00:37:53.696508
affare_258727,affare,1400.0,,2.0,Ennasr,ARIANA,north,Ariana Ville,Rent,Apartment,36.866011,10.193923,chambre enfant|chauffage central|climatisation|climatisation centrale|cuisine équipée|salle de bain commune|salon lumineux|sechoir|suite parentale,85,HIGH,1.5,False,False,new,,,2026-03-27T11:14:08.249280
affare_259175,affare,450000.0,150.0,4.0,Sahloul,SOUSSE,east,Sidi El Heni,Sale,Apartment,35.6756,10.3106,Ascenseur|Parking,100,HIGH,1.5,False,False,unchanged,0.0,3000.0,2026-03-27T00:37:02.236151
affare_258751,affare,2000.0,160.0,3.0,Ennasr,ARIANA,north,Ariana Ville,Rent,Apartment,36.866011,10.193923,Ascenseur|Parking,90,HIGH,1.5,False,False,new,,12.5,2026-03-27T11:12:21.357013
affare_258672,affare,,,,Mutuelleville,TUNIS,north,Jebel Jelloud,Rent,Land,36.7667,10.1833,espaces complémentaires|grands extérieurs|haut standing|stationnement|terrain|volume|événements internes,30,LOW,0.5,False,False,new,,,2026-03-27T11:14:23.044850
affare_259174,affare,366000.0,140.0,4.0,Sousse Jawhara,SOUSSE,east,Sidi El Heni,Sale,Apartment,35.6756,10.3106,Ascenseur,100,HIGH,1.5,False,False,unchanged,0.0,2614.29,2026-03-26T16:51:00.198133
affare_258966,affare,600.0,400.0,,Bizerte Nord,BIZERTE,north,Bizerte Nord,Sale,Land,37.2803,9.8205,Acte de vente|Titre bleu en cours|negotiable|plage|prix de vente|superficie|terrain|vue panoramique,75,GOOD,1.0,True,False,new,,,2026-03-27T11:16:09.196925
affare_259177,affare,174000.0,92.0,3.0,Sousse Riadh,SOUSSE,east,Sousse Riadh,Sale,Apartment,35.8269,10.63,Appartement (S+2)|Idéal pour investissement|Petite Résidence|Superficie : 92 m²|gardée et sécurisée|luminosite naturelle,100,HIGH,1.5,False,False,unchanged,0.0,1891.3,2026-03-27T00:37:09.158093
affare_259183,affare,1500.0,482.0,,Akouda,SOUSSE,east,Akouda,Sale,Land,35.8667,10.5667,482 m²|A coté Golden Café|Avendre|En face The Wave|Route touristique|Titre Bleu individuel|pré BelleVue|terrain,70,GOOD,1.0,True,False,unchanged,0.0,3.11,2026-03-27T00:35:43.593593
affare_259184,affare,250000.0,240.0,3.0,Béni Khiar,NABEUL,north,Beni Khiar,Sale,Land,36.45,10.7833,1er étage inachevé|2nd floor with sea view|S+3|beach|commodités|covered|kitchen|rooms|salles d'eau|terrace|terrain|terrasse|title foncier en règles|vue mer,100,HIGH,1.5,False,False,unchanged,0.0,1041.67,2026-03-27T00:35:56.482718
affare_259178,affare,298000.0,67.0,2.0,Kantaoui,SOUSSE,east,Sidi El Heni,Sale,Apartment,35.6756,10.3106,Ascenseur,100,HIGH,1.5,False,False,unchanged,0.0,4447.76,2026-03-27T00:36:56.548282
affare_259180,affare,420000.0,106.0,3.0,Hammam Sousse,SOUSSE,east,Hammam Sousse,Sale,Apartment,35.8592,10.59,Ascenseur|Parking,100,HIGH,1.5,False,False,unchanged,0.0,3962.26,2026-03-27T00:36:37.520691
affare_259179,affare,269000.0,85.0,3.0,Sousse Jawhara,SOUSSE,east,Sidi El Heni,Sale,Apartment,35.6756,10.3106,Abri de voiture|Attestation de Propriété Individuel|Quartier sélectif|balcons|bon voisinage|dressing|lugginess natural,100,HIGH,1.5,False,False,unchanged,0.0,3164.71,2026-03-27T00:37:22.186866
affare_259182,affare,5000.0,350.0,5.0,Nabeul,NABEUL,north,Nabeul,Rent,Villa,36.4561,10.7358,chambre_a_coucher|chauffage central|chauffage_central|climatisation|climatiseurs_en_split|cuisine|garden|haut standing|jardin|jardin_d_hiver|parking|place_parking|salle_a_Manger|salle_d'eau|salon|sejour|terrasse,80,GOOD,1.0,True,False,unchanged,0.0,14.29,2026-03-27T00:36:23.411130
affare_259186,affare,6.0,305.0,,Sousse Jawhara,SOUSSE,east,Sidi El Heni,Sale,Villa,35.6756,10.3106,R+3|ancienne|emplacement|investissement immobilier|panoramas|rendu|route touristique|sousse|superficie|tej marhab|titre bleu individuel|هدم,75,GOOD,1.0,True,False,unchanged,0.0,,2026-03-27T00:35:31.010073
affare_259187,affare,145000.0,35.0,1.0,Akouda,SOUSSE,east,Akouda,Sale,Apartment,35.8667,10.5667,Balcon|Idéal pour investissement avec rentabilité locatif|Piscine collective|Résidence gardée et sécurisée|meuble|piscine,100,HIGH,1.5,False,False,unchanged,0.0,4142.86,2026-03-27T00:35:20.328615
affare_259185,affare,2500.0,1200.0,4.0,Hammamet,NABEUL,north,Hammamet,Sale,Land,36.4,10.6167,alarm system|chambre de service|chauffage central|climatisation|debarras|garage|garden|heating central|hot water solar|jardin|logement gardien|patio|piscine|pool|shower outside|swimming pool|terrace|terrasse,80,GOOD,1.0,True,False,unchanged,0.0,2.08,2026-03-27T00:35:08.403357
affare_259181,affare,150000.0,5500.0,,Bou Argoub,NABEUL,north,Bou Argoub,Sale,Land,36.55,10.55,"60 almond trees well developed|Fertile land, ideal for agriculture or sustainable exploitation|Plantation of 60 olive trees in full production",60,GOOD,1.0,True,False,unchanged,0.0,27.27,2026-03-27T00:36:10.567285
affare_259199,affare,100.0,100.0,2.0,Centre Ville - Lafayette,TUNIS,north,Jebel Jelloud,Sale,Other,36.7667,10.1833,available for daily/weekly rental|furnished,80,GOOD,1.0,True,False,new,,1.0,2026-03-27T11:12:39.163915
affare_259192,affare,685000.0,200.0,4.0,Kélibia,NABEUL,north,Kelibia,Sale,Land,36.8472,11.0944,balcons|climatisation|cuisine équipée|espace de stationnement dédié|jardin|kitchen integrated|meuble|piscine|système d'alarme|terrasse|terrasses,100,HIGH,1.5,False,False,unchanged,0.0,3425.0,2026-03-27T00:34:42.662530
affare_3770,affare,603200.0,3770.0,,Akouda,SOUSSE,east,Akouda,Sale,Land,35.8667,10.5667,documents fournis : titre individuel|lot de coin|pit|studio|terrain,70,GOOD,1.0,True,False,unchanged,0.0,160.0,2026-03-27T00:34:32.615586
affare_259196,affare,480000.0,,4.0,Sousse Jawhara,SOUSSE,east,Sidi El Heni,Sale,Apartment,35.6756,10.3106,Ascenseur|Parking,85,HIGH,1.5,False,False,new,,,2026-03-27T11:14:34.308583
affare_259193,affare,3600.0,,6.0,Aïn Zaghouan,TUNIS,north,Zaghouan,Sale,Commercial,36.4025,10.1431,buanderie|bureau|chambre de service|chambre à coucher|chambres à coucher|chauffage central|climatisation|climatiseurs|cuisine aménagée et équipée|espace ouvert|garage|garage pour deux voitures|jardin|kitchenette|salle d'eau avec douche|salle d'eau invités|salle d’eau|salon-salle à manger|suite|terrasse|villa,65,GOOD,1.0,True,False,unchanged,0.0,,2026-03-27T11:16:56.630444
affare_259198,affare,,,3.0,Monastir,MONASTIR,east,Monastir,Rent,Villa,35.7644,10.8,Parking,40,LOW,0.5,False,False,new,,,2026-03-27T11:12:49.755255
affare_259200,affare,2500.0,,6.0,Mutuelleville,TUNIS,north,Jebel Jelloud,Sale,Commercial,36.7667,10.1833,1 salle d’eau individuelle|2 salles d’eau communes|5 pièces|Fibre optique|Hall d’accueil|Suite de direction|Étage : Premier étage,65,GOOD,1.0,True,False,new,,,2026-03-27T11:17:15.582830
affare_259194,affare,2300.0,,3.0,La Marsa,TUNIS,north,La Marsa,Rent,Villa,36.8775,10.3275,Abri pour voiture|Cuisine|Deux chambres supplémentaires|Espace nuit|Salle de bain commune|Salon|Suite parentale|Séchoir|haut standing,55,LOW,0.5,False,True,new,,,2026-03-27T11:16:43.933655
affare_4000,affare,450.0,4000.0,,Bizerte Nord,BIZERTE,north,Bizerte Nord,Sale,Land,37.2803,9.8205,plage|superficie|terrain|vue panoramique,75,GOOD,1.0,True,False,new,,,2026-03-27T11:16:32.858692
affare_259189,affare,248000.0,90.0,2.0,Akouda,SOUSSE,east,Akouda,Sale,Apartment,35.8667,10.5667,90m²|S+2|ascenseur|proche de tous les commodités|résidence sécurisée|vue mer,100,HIGH,1.5,False,False,unchanged,0.0,2755.56,2026-03-27T00:34:19.977748
century21_00449ec77402,century21,1800.0,120.0,2.0,Cite El Khadra,TUNIS,north,Centre urbain nord,Rent,Commercial,36.8491156,10.196942,climatisation|climatisation chaud froid|deux pièces|kitchenette|parking|place de parking sous-sol|salles d'eau|salon,90,HIGH,1.5,False,False,unchanged,,15.0,2026-03-26T20:31:54.285609
century21_0342fde358d5,century21,545000.0,92.0,2.0,Jardins De Carthage,TUNIS,north,Jardins de carthage,Sale,Apartment,36.8524621,10.2964735,balcon|chauffage central|climatisation|climatisation en Split système|cuisine aménagée et équipée|dressing|jardin|parking|place parking|remises des clés avril 2026|salle d'eau,100,HIGH,1.5,False,False,unchanged,,5923.91,2026-03-27T12:46:00.850102
century21_0027ce442d20,century21,720000.0,210.0,3.0,Hammamet,NABEUL,north,Hammamet Nord,Sale,Villa,36.4252308,10.6309169,3 chambres|cuisine équipée|jardin|piscine|terrasse|villa|vue imprenable,100,HIGH,1.5,False,False,unchanged,,3428.57,2026-03-27T11:30:33.377090
century21_037ddbc9a6b9,century21,300000.0,69.0,,Aouina,TUNIS,north,Cité Les Palmeraies,Sale,Commercial,36.8598675,10.2649198,chauffage central|climatisation|climatisation multi split|deux bureaux|kitchenette|salle d'eau|salle de réunion,90,HIGH,1.5,False,False,unchanged,,4347.83,2026-03-27T12:03:50.437442
century21_012583dc5e95,century21,444000.0,200.0,2.0,Hammamet,NABEUL,north,Hammamet Sud,Sale,Apartment,36.4040068,10.5689948,S+2|chambre à coucher|cuisine moderne|haut standing|plage|proximité de toutes les commodités|résidence gardée|salle d'eau|suite parentale|séchoir|terrasse|vue sur la mer,100,HIGH,1.5,False,False,unchanged,,2220.0,2026-03-27T12:05:44.454305
century21_02e0b379ff2b,century21,6500.0,234.0,,Jardins De Carthage,TUNIS,north,Jardins de carthage,Rent,Commercial,36.8472959,10.2744566,accueil|climatisation|climatisation centrale chaud/froid|kitchenette|open-space|parking|place de parking|quatre bureaux|salle d'eau (Homme et Femme)|superficie: 234m²,80,GOOD,1.0,False,False,unchanged,,27.78,2026-03-26T20:43:48.878941
century21_031b69100d7d,century21,2600.0,166.0,,Les Berges Du Lac,TUNIS,north,Les berges du Lac 2,Rent,Commercial,36.8472959,10.2744566,kitchenettes|open space|parking|place de parking,80,GOOD,1.0,False,False,unchanged,,15.66,2026-03-26T21:04:57.787374
century21_02d29ba7dc54,century21,5000.0,62.0,,La Marsa,TUNIS,north,Sidi Abdelaziz,Rent,Commercial,36.8899827,10.3224313,62 m²|Marsa|local commercial,70,GOOD,1.0,True,False,unchanged,,80.65,2026-03-26T20:45:53.684931
affare_8200,affare,700000.0,8200.0,,Hammamet Sud,NABEUL,north,Hammamet,Sale,Land,36.4,10.6167,eau SONEDE|façade|plage de Yasmine Hammamet|terrain clôturé|titre foncier en règles|zone calme|électricité STEG,60,GOOD,1.0,True,False,unchanged,0.0,85.37,2026-03-27T00:34:56.727641
century21_03c93edcedb8,century21,400000.0,146.0,4.0,Ain Zaghouan,TUNIS,north,Ain zaghouan sud,Sale,Apartment,36.86044,10.277262,4 Climatiseurs|chauffage central|climatisation|cuisine équipée avec séchoir|salle de bain|salon|suite parentale avec salle de bain|trois Chambres à coucher,100,HIGH,1.5,False,False,unchanged,,2739.73,2026-03-27T11:20:27.456229
century21_04dfaa09ef8f,century21,1300.0,90.0,2.0,Ennasr,ARIANA,north,Cite Ennasr 1,Rent,Apartment,36.862482,10.169195,S+2|chauffage central|climatisation|climatisation en splits|cuisine équipée|deux chambres à coucher|four|heating central|hotte|plaque|salle de bain|salon avec dressing|séchoir,90,HIGH,1.5,False,False,unchanged,,14.44,2026-03-26T20:39:23.480733
century21_07c08a212998,century21,230000.0,86.0,2.0,Aouina,TUNIS,north,Jardins d'El Aouina,Sale,Apartment,36.8535165,10.2558337,JARDINS D’EL AOUINA|cuisine aménagée|deux chambres à coucher|jardin|salle de bain|salon with terrasse|terrasse,100,HIGH,1.5,False,False,unchanged,,2674.42,2026-03-27T12:06:49.569056
century21_084a6d73e689,century21,930000.0,160.0,3.0,Jardins De Carthage,TUNIS,north,Jardins de carthage,Sale,Apartment,36.8524621,10.2964735,chambres à coucher|chauffage central|climatisation|cuisine|douche à l’italienne|dressing|dressings|jardin|parking|place de parking|salle d'eau|salle de bain commune|salle de bain équipée|split système|suite parentale|séchoir|terrasse,100,HIGH,1.5,False,False,unchanged,,5812.5,2026-03-27T12:06:14.765837
century21_06c58998e013,century21,450000.0,147.0,3.0,Nabeul,NABEUL,north,Cité El Wafa AFH 2,Sale,Apartment,36.4420874,10.6944554,chambre à coucher|cuisine|dressing|haut standing|salle d'eau|salle de douche|salon|suite parentale|terrasse,100,HIGH,1.5,False,False,unchanged,,3061.22,2026-03-27T11:27:49.934195
century21_063de3910602,century21,5000.0,170.0,170,Aouina,TUNIS,north,Aouina,Rent,Commercial,36.8556514,10.2557635,Open space|Point d'eau,85,HIGH,1.5,True,False,unchanged,,29.41,2026-03-26T20:12:33.990939
century21_08a2bf3ea23a,century21,280000.0,85.0,2.0,Gammarth,TUNIS,north,Gammarth Village,Sale,Villa,36.9173042,10.2852532,balcon|chambre parentale|chambre à coucher|chauffage central|climatisation|climatisation en système split|cuisine équipée et aménagée|haut standing|parking|place de parking|salle de bain|salle de douche|salon,100,HIGH,1.5,False,False,unchanged,,3294.12,2026-03-27T11:53:00.086952
century21_08cc17d22f20,century21,1400000.0,292.0,3.0,Jardins De Carthage,TUNIS,north,Jardins de carthage,Sale,Villa,36.8524621,10.2964735,S+3|balcon|cellier|chambre de service|chambres aménagées|chauffage central|climatisation|climatisation en Split système|cuisine aménagée|deux places de parking au sous-sol|dressing|garage|garage privatif|jardin|parking|salle de bain avec baignoire|salle de bain avec douche à l’italienne|salle à manger|salon|suite parentale|séchoir,100,HIGH,1.5,False,False,unchanged,,4794.52,2026-03-27T12:00:53.330800
century21_077f2decb003,century21,2800.0,160.0,3.0,La Marsa,TUNIS,north,Route de la Marsa,Rent,Apartment,36.8891165,10.3222671,chambres_a_coucher|chauffage central|chauffage_central|climatisation|climatisation_multi_split|cuisine|dressing|four|hotte|lave_linge|parking|place_parking|plaque|salle_a_Manger|salle_d'eau|salle_de_bain|salle_douche|salon|suite_parentale|séchoir|terrasse,90,HIGH,1.5,False,False,unchanged,,17.5,2026-03-26T20:51:29.361681
century21_06bd1bf41367,century21,,550.0,,Les Berges Du Lac,TUNIS,north,Les berges du Lac 2,Rent,Commercial,36.8472959,10.2744566,chauffage central|climatisation|climatisation multi split|kitchenette|open space|parking|places de parking sous sol|three sanitary facilities,45,LOW,0.5,False,False,unchanged,,,2026-03-26T20:24:08.953348
century21_07cdcbbbc116,century21,750000.0,188.0,3.0,Jardins De Carthage,TUNIS,north,Jardins de carthage,Sale,Apartment,36.8524621,10.2964735,S+3|air conditioning|bathroom|bedroom|chambre de service|climatisation|dressing room|heating|jardin|kitchen|parking|service room|shower|terrace|terrasse,100,HIGH,1.5,False,False,unchanged,,3989.36,2026-03-27T11:59:43.048382
century21_0ad72d4b28d6,century21,3000.0,200.0,3.0,La Marsa,TUNIS,north,Cité Les Pins,Rent,Villa,36.868209,10.319682,chambre parentale|chauffage central|climatisation|climatisation en système split|cuisine aménagée et équipée|deux chambres à coucher|entrée indépendante|garage|garage pour deux voitures|salle de bain|salon lumineux|séchoir|séjour indépendant|terrasse,90,HIGH,1.5,False,False,unchanged,,15.0,2026-03-26T20:56:58.580242
century21_0e7abc0bd304,century21,2850.0,170.0,3.0,Jardins De Carthage,TUNIS,north,Jardins de carthage,Rent,Apartment,36.8524621,10.2964735,S+3|cellier|chauffage central|climatisation|cuisine aménagée et équipée|deux chambres à coucher aménagées par leurs dressings|jardin|parking|place de parking|salle d'eau|salle de bain avec baignoire|suite parentale aménagée par un dressing et une salle bain avec baignoire|système alarme|terrasse,90,HIGH,1.5,False,False,unchanged,,16.76,2026-03-26T20:38:57.818605
century21_0d265a7d9772,century21,2700.0,180.0,3.0,La Marsa,TUNIS,north,Marsa Stade,Rent,Apartment,36.874035,10.318656,balcon|chambres à coucher|chauffage central|climatisation|climatisation en système Split|cuisine équipée et aménagée|dressing|salle d'eau pour les invités|salle de bain|salon|suite parentale|séchoir,90,HIGH,1.5,False,False,unchanged,,15.0,2026-03-26T20:06:17.076402
century21_0e64ecba232c,century21,1200.0,80.0,3.0,La Soukra,ARIANA,north,La Soukra,Rent,Commercial,36.8791039,10.2656209,ascenseur|bathroom|climatisation|climatisers|hall|meuble|parking|three large rooms,90,HIGH,1.5,False,False,unchanged,,15.0,2026-03-26T20:10:39.281680
century21_0918ae159c1c,century21,370000.0,168.0,3.0,Ennasr,ARIANA,north,Cite Ennasr 1,Sale,Apartment,36.862482,10.169195,balcon|chambres à coucher|cuisine équipée|dressing|salle d'eau|salle de bain|salon|suite parentale|séchoir,100,HIGH,1.5,False,False,unchanged,,2202.38,2026-03-27T12:08:46.567025
century21_0e6407551a27,century21,2800.0,110.0,2,Les Berges Du Lac,TUNIS,north,Les berges du Lac 2,Rent,Apartment,36.8472959,10.2744566,cuisine équipée|deux suites parentale|parking|place parking au sous sol|s+2|salle d’eau|salon,95,HIGH,1.5,False,False,unchanged,,25.45,2026-03-26T20:10:14.340818
century21_0f4cd89ce29f,century21,1500000.0,373.0,5.0,Jardins De Carthage,TUNIS,north,Jardins de carthage,Sale,Apartment,36.8524621,10.2964735,chambres à coucher|chauffage central|climatisation|climatisation centrale|cuisine équipée|dressing|jardin|parking|penthouse S+5|places de parking|salle d'eau|salle de bain avec baignoire|suite aménagée par un dressing et salle d'eau avec douche à l’italienne|séchoir|terrasse|vue panoramique,80,GOOD,1.0,True,False,unchanged,,4021.45,2026-03-27T11:58:57.708869
century21_0bdd5100d556,century21,430000.0,73.0,,Jardins De Carthage,TUNIS,north,Jardins de carthage,Sale,Apartment,36.8524621,10.2964735,chauffage central|climatisation|jardin|meuble|parking|piscine|salle de sport|swimming pool,90,HIGH,1.5,False,False,unchanged,0.0,5890.41,2026-03-27T11:20:39.152489
century21_0f8abe645aaa,century21,1050.0,50.0,1,La Marsa,TUNIS,north,Cité Bhar Lazreg,Rent,Apartment,36.8848913,10.2961334,chambre à coucher|chauffage central|climatisation|climatisation en système split|cuisine|salle de douche|salon|séchoir|terrasse,95,HIGH,1.5,False,False,unchanged,,21.0,2026-03-26T20:39:35.130998
century21_0dd2bb14d722,century21,2200.0,130.0,2.0,Jardins De Carthage,TUNIS,north,Jardins de carthage,Rent,Apartment,36.8524621,10.2964735,chambre à coucher|chauffage central|climatisation|climatisation Split Système|cuisine aménagée|dressing|dressing au couloir|jardin|parking|place de parking|salle de bain avec baignoire|suite parentale|terrasse,90,HIGH,1.5,False,False,unchanged,,16.92,2026-03-26T20:26:12.446105
century21_12046e292fd8,century21,280000.0,112.0,2.0,Mannouba,MANNOUBA,,La Mannouba,Sale,Apartment,36.8093284,10.0863269,S+2|chambres à coucher|chauffage central|climatisation|climatisation en Split système|cuisine|parking|place de parking|salle de bain commune|salon|séchoir|terrasse,100,HIGH,1.5,False,False,unchanged,,2500.0,2026-03-27T11:57:19.186573
century21_11d02ac0f672,century21,5000.0,62.0,,La Marsa,TUNIS,north,Sidi Abdelaziz,Rent,Commercial,36.8899827,10.3224313,open space|salle d'eau,70,GOOD,1.0,True,False,unchanged,,80.65,2026-03-26T20:24:51.376531
century21_1034d26c3d2b,century21,970000.0,230.0,3.0,La Soukra,ARIANA,north,La Soukra,Sale,Villa,36.8791039,10.2656209,230 m²|S+3|chauffage central|climatisation|climatisation multi split|cuisine équipée|four|hotte|jardin|parking|piscine|places de parking|plaque|salle d'eau|salle à manger|salon|suite parentale|villa,100,HIGH,1.5,False,False,unchanged,,4217.39,2026-03-27T11:33:45.633569
century21_11cb0fbf6950,century21,1350.0,84.0,2.0,Bab Bhar,TUNIS,north,Republique,Rent,Commercial,36.7969248,10.1766289,H+2|ascenseur|climatisation|climatisation en split système|deux bureaux|kitchenette|meuble|parking|pièce de rangement|place parking au sous-sol|salle d'eau|superficie: 84m²,90,HIGH,1.5,False,False,unchanged,,16.07,2026-03-26T20:57:12.421539
century21_117d78a44d48,century21,250000.0,77.0,,La Soukra,ARIANA,north,La Nouvelle Soukra,Sale,Apartment,36.8645031,10.2721983,balcon|cabine de douche|chambre à coucher|cuisine équipée|dressing|salle d'eau|salon,90,HIGH,1.5,False,False,unchanged,,3246.75,2026-03-27T11:23:56.107245
century21_121d339799e8,century21,5500.0,400.0,3.0,La Marsa,TUNIS,north,Cité El Khalil,Rent,Commercial,36.8900683,10.3032483,bathroom|chambre de service|garden|jardin|kitchen|parking|piscine|pool|room|terrace|terrasse,90,HIGH,1.5,False,False,unchanged,,13.75,2026-03-26T20:26:00.408358
century21_10601fa24c71,century21,870000.0,153.0,3.0,Jardins De Carthage,TUNIS,north,Jardins de carthage,Sale,Apartment,36.8524621,10.2964735,S+3|chauffage central|climatisation|climatisation en Split|cuisine équipée avec un séchoir|deux chambres à coucher avec leurs dressings|jardin|parking|place de parking au sous-sol|salle d'eau pour les invités|salle de bain avec baignoire|salon spacieux avec balcon|suite parentale avec son dressing et une salle de douche à l’italienne,100,HIGH,1.5,False,False,unchanged,,5686.27,2026-03-27T12:00:15.584860
century21_1194dd37f071,century21,,110.0,3.0,La Marsa,TUNIS,north,Cité des Juges 2,Rent,Villa,36.882768,10.3156812,chambres à coucher|chauffage central|climatisation|climatisation en système split|cuisine équipée et aménagée avec séchoir|jardin|salle de bain|salle de douche|salon|suite parentale,80,GOOD,1.0,False,False,unchanged,,,2026-03-26T20:03:11.721485
century21_129a726b0a24,century21,1300000.0,243.0,3.0,Les Berges Du Lac,TUNIS,north,Les berges du Lac 2,Sale,Villa,36.8472959,10.2744566,"Emplacement: Lac 2|Superficie: 243 m²|Triplex S+3|chauffage central|climatisation|climatisation multi split|cuisine équipée de plaque, hotte et four|deux chambres à coucher|parking|place de parking|salle d'eau|salle de bain|salle à manger|salon|suite parental|État: vide",100,HIGH,1.5,False,False,unchanged,,5349.79,2026-03-27T11:40:00.215937
century21_110268,century21,271000.0,301.0,,Bou Mhel El Bassatine,BEN AROUS,north,Cité Bou Mhel,Sale,Land,36.7177686,10.3133067,terrain,90,HIGH,1.5,False,False,unchanged,,900.33,2026-03-26T19:59:04.960252
century21_12aa21ee2ba3,century21,,250.0,4.0,El Menzah,ARIANA,north,El Menzah 9,Rent,Apartment,36.84708,10.151694,S+4|chambre à coucher|chauffage central|climatisation|climatisation multi-split|cuisine équipée|dressing|parking|place de parking|salle de bain supplémentaire|salle à manger|salles d'eau avec douche à l’italienne|salon|suite parentale avec salle de bain et balcon|suites parentales|séchoir|terrasse,80,GOOD,1.0,False,False,unchanged,,,2026-03-26T20:44:14.077900
century21_13a378e74370,century21,2100.0,90.0,,Jardins De Carthage,TUNIS,north,Jardins de carthage,Rent,Commercial,36.8524621,10.2964735,H+1|Salle d'eau/WC|accueil|alarme|chauffage central|climatisation|climatisation centrale|jardin|meuble|parking|place de parking|salle d'eau|surface: 90 m²,80,GOOD,1.0,False,False,unchanged,,23.33,2026-03-26T21:07:04.532578
century21_1530c85db09d,century21,950.0,80.0,3.0,La Soukra,ARIANA,north,La Soukra,Rent,Commercial,36.8791039,10.2656209,H+3|ascenseur|hall d'accueil|immeuble sans ascenseur|meuble|parking|salle d'eau|surface|trois grandes pièces,90,HIGH,1.5,False,False,unchanged,,11.88,2026-03-26T20:10:26.533221
century21_168b60e86574,century21,3000.0,80.0,,La Marsa,TUNIS,north,Cité Bhar Lazreg,Rent,Commercial,36.8848913,10.2961334,open space|point d’eau|terrasse,80,GOOD,1.0,False,False,new,,37.5,2026-03-26T20:01:32.312926
century21_16b7287988e9,century21,1350.0,70.0,,La Soukra,ARIANA,north,La Soukra,Rent,Apartment,36.8791039,10.2656209,balcon|chambres à coucher|chauffage central|climatisation|climatisation central|cuisine équipée|parking|place de parking au sous-sol|salle de bain,80,GOOD,1.0,False,False,unchanged,,19.29,2026-03-26T20:43:36.531144
century21_140e079cf58f,century21,3500.0,200.0,3.0,Gammarth,TUNIS,north,Marina de Gammarth,Rent,Apartment,36.9200621,10.3069939,S+3|cellier de 30 m²|chambre de service|chambres à coucher|chauffage|climatisation|climatisation centrale|cuisine équipée|dressing|hall avec dressing|parking|place de parking au sous-sol|places a l’extérieur|salle d'eau invités|salle de bain commune|salle à manger|salon|suite parentale|système d'alarme|séchoir|terrasse|vue dégagée,90,HIGH,1.5,False,False,unchanged,,17.5,2026-03-26T20:09:35.731360
century21_14bad5d9b3c1,century21,2100.0,140.0,3.0,La Soukra,ARIANA,north,La Nouvelle Soukra,Rent,Apartment,36.8645031,10.2721983,"S+3|chauffage central|climatisation|climatisation multi split|cuisine équipée de plaque, hotte et four|parking|place de parking|salle d'eau|salle de bain|salle à manger|salon|trois chambres à coucher",90,HIGH,1.5,False,False,unchanged,,15.0,2026-03-26T20:28:20.688726
century21_1474ca3bef5d,century21,1650.0,85.0,,Jardins De Carthage,TUNIS,north,Jardins de carthage,Rent,Apartment,36.8524621,10.2964735,S+1|balcon|cabine de douche à l’italienne|chauffage central|climatisation|climatisation en Split système|cuisine américaine|dressing|jardin|parking|place de parking au sous-sol|salle d'eau,80,GOOD,1.0,False,False,unchanged,,19.41,2026-03-26T20:48:46.344002
century21_162d10266d98,century21,960000.0,170.0,5.0,Hammamet,NABEUL,north,Hammamet Nord,Sale,Land,36.4252308,10.6309169,abri de voiture|garden|jardin|piscine|pool|terrasse,80,GOOD,1.0,True,False,unchanged,,5647.06,2026-03-27T11:45:31.104625
century21_160cca2e3501,century21,1050.0,150.0,3.0,Nabeul,NABEUL,north,Cité El Wafa AFH 2,Rent,Villa,36.4420874,10.6944554,abri de voiture|balcon|cuisine indépendante|dressing|salle d'eau|salle de bain,90,HIGH,1.5,False,False,unchanged,,7.0,2026-03-26T20:15:49.979809
century21_191f35598ac0,century21,4500.0,200.0,6.0,Cite El Khadra,TUNIS,north,Centre urbain nord,Rent,Commercial,36.8491156,10.196942,Climatisation et chauffage centrale|Deux points d’eaux|Hall d’accueil|Kitchenettes|Six Pièces|Une de place de parking|chauffage central|climatisation|parking,90,HIGH,1.5,False,False,unchanged,,22.5,2026-03-26T20:34:56.694048
century21_196ff1aa5dc3,century21,4500.0,240.0,3.0,Les Berges Du Lac,TUNIS,north,Les berges du Lac 2,Rent,Apartment,36.8472959,10.2744566,alarme|cellier|chambres à coucher|chauffage|climatisation|kitchen|parking|salle d'eau|salon|sechoir|suite de service|suite parentale|système domotique|terraces|terrasse|vidéophone|view,90,HIGH,1.5,False,False,unchanged,,18.75,2026-03-26T20:17:42.497954
century21_18f970fcc192,century21,3800.0,147.0,,Cite El Khadra,TUNIS,north,Centre urbain nord,Rent,Commercial,36.8491156,10.196942,4 pièces|chauffage central|climatisation|hall|kitchenette|parking|place de parking|points d’eau,80,GOOD,1.0,False,False,unchanged,,25.85,2026-03-26T20:15:37.977614
century21_1cc124869d3c,century21,430000.0,140.0,3.0,Ennasr,ARIANA,north,Cite Ennasr 1,Sale,Apartment,36.862482,10.169195,"chauffage central|climatisation|climatisation en splits|cuisine équipée (plaque, hotte et four) avec séchoir|salle d'eau|salle de bain|salon avec balcon|trois chambres à coucher avec dressing",100,HIGH,1.5,False,False,unchanged,,3071.43,2026-03-27T11:33:32.890641
century21_1c856cc1789a,century21,1400.0,181.0,,La Soukra,ARIANA,north,Cite De L'Aeroport,Rent,Commercial,36.885212,10.245301,Force avec compteur individuel|Stockage ou atelier|Superficie|Usage|Électricité,80,GOOD,1.0,False,False,unchanged,,7.73,2026-03-26T20:30:06.352556
century21_1b6b14760a20,century21,7500.0,600.0,3.0,Gammarth,TUNIS,north,Gammarth Touristique,Rent,Land,36.9173042,10.2852532,central heating|chauffage central|climatisation|climatisation by the floor|garage|garden|jardin|piscine|pool|terrasse,90,HIGH,1.5,False,False,unchanged,,12.5,2026-03-26T20:00:53.112225
century21_1ad355021e8b,century21,2300.0,200.0,4.0,Charguia,TUNIS,north,Charguia 2,Rent,Commercial,36.8549252,10.2067501,Bloc sanitaire|Chauffage centrale|Coin kitchenette|Hall d'entrée|Place parking|Quatre pièces|chauffage central|parking,90,HIGH,1.5,False,False,unchanged,,11.5,2026-03-26T20:59:05.878862
century21_198a658d9ee7,century21,775000.0,155.0,3.0,Jardins De Carthage,TUNIS,north,Jardins de carthage,Sale,Apartment,36.8524621,10.2964735,baignoire|balcon|chambres à coucher|chauffage central|climatisation|climatisation en Split|cuisine équipée|dressing|dressings|jardin|parking|place de parking|salle d'eau|salle de bains|salle de douche à l’italienne|suite parentale|séchoir,100,HIGH,1.5,False,False,unchanged,,5000.0,2026-03-27T11:54:50.480020
century21_1756bf078e87,century21,5500.0,260.0,3.0,Les Berges Du Lac,TUNIS,north,Les berges du Lac 1,Rent,Apartment,36.8396823,10.2466798,bedroom service with shower and independent entrance|central air conditioning|chambre de service|climatisation|common bathroom|fully equipped kitchen with dryer|heating system|parking|pleasant terrace|salle d'eau invités|spacious salon|suite parentale with lake view|terrasse|two comfortable bedrooms|two parking places in the basement,90,HIGH,1.5,False,False,unchanged,,21.15,2026-03-26T20:01:44.897837
century21_1aba80c46649,century21,5500000.0,1200.0,,La Marsa,TUNIS,north,Route de la Marsa,Sale,Other,36.8891165,10.3222671,1200m²|R+3|immobile inachevé|meuble|route de la Marsa,70,GOOD,1.0,True,False,unchanged,,4583.33,2026-03-26T19:58:11.435843
century21_21453b0d564b,century21,275000.0,121.0,2.0,El Menzah,TUNIS,north,El Manar 2,Sale,Apartment,36.8391789,10.1577208,Chambre à coucher|Place de parking extérieur|Salle d’eau avec douche|Salon avec balcon|Suite parentale|cuisine équipée|parking,100,HIGH,1.5,False,False,unchanged,,2272.73,2026-03-27T11:44:49.582690
century21_2156c0f75904,century21,1500.0,75.0,2.0,El Menzah,ARIANA,north,El Menzah 6,Rent,Commercial,36.8491088,10.1661239,2 rooms|Hall|Kitchenette|Point d’eau|Terrace|meuble|terrasse,90,HIGH,1.5,False,False,unchanged,,20.0,2026-03-26T20:51:18.086743
century21_21f11a52cd51,century21,1950000.0,800.0,5.0,La Soukra,ARIANA,north,La Soukra,Sale,Land,36.8791039,10.2656209,chauffage central|climatisation|climatisers in split|garage|garden|heating central|jardin|piscine|pool,100,HIGH,1.5,False,False,unchanged,,2437.5,2026-03-26T19:56:16.581662
century21_2000,century21,1600.0,2000.0,,La Marsa,TUNIS,north,Sidi Daoud,Sale,Land,36.8660009,10.3090981,R+2|promotion immobilière|terrain,70,GOOD,1.0,True,False,unchanged,,0.8,2026-03-27T11:46:13.310572
century21_2230fbcaa37d,century21,2100000.0,541.0,5.0,El Menzah,ARIANA,north,El Menzah 5,Sale,Villa,36.8483853,10.1745278,R+2|localisation premium|nearby Ben Yaghlane|potential of development,100,HIGH,1.5,False,False,unchanged,,3881.7,2026-03-27T12:46:12.691095
century21_215c9ba276f7,century21,1300.0,167.0,3.0,La Soukra,ARIANA,north,La Nouvelle Soukra,Rent,Apartment,36.8613497,10.2650951,"chauffage central|climatisation|climatisation multi split|cuisine équipée de plaque, hotte et four|deux chambres à coucher|parking|place de parking|salle de bain|salle à manger|salon|suite parentale",90,HIGH,1.5,False,False,unchanged,,7.78,2026-03-26T20:42:15.686049
century21_21015be21ea9,century21,2967.0,156.0,156,Les Berges Du Lac,TUNIS,north,Les berges du Lac 2,Rent,Commercial,36.8472959,10.2744566,bureau|chauffage central|climatisation|climatisation et chauffage centrale|kitchenette|open space|parking|place de parking|points d’eaux,85,HIGH,1.5,True,False,unchanged,,19.02,2026-03-26T21:04:22.465320
century21_214eb3deba0a,century21,3200.0,30.0,,Ain Zaghouan,TUNIS,north,Ain Zaghouan Nord,Rent,Commercial,36.8626346,10.2866556,30 m²|Facade: 5 M|Tout Commerce|artère principale|forte concentration commerciale|local commercial,70,GOOD,1.0,True,False,unchanged,,106.67,2026-03-26T20:09:50.442035
century21_1f148f418fac,century21,7500.0,300.0,4.0,Les Berges Du Lac,TUNIS,north,Les berges du Lac 2,Rent,Villa,36.8472959,10.2744566,balcony|bathroom|garden|jardin|kitchen|living room|never inhabited|parking|piscine|s+4|sechoir|suite parentale|swimming pool|villa,90,HIGH,1.5,False,False,unchanged,,25.0,2026-03-26T21:06:52.133939
century21_2150,century21,21000.0,2150.0,,Les Berges Du Lac,TUNIS,north,ZI. Khaiereddine,Rent,Commercial,36.834329,10.302165,loge Gardien|meuble|rez- de -chaussée|sous-sol|étage,70,GOOD,1.0,True,False,unchanged,,9.77,2026-03-26T20:17:05.749340
century21_25e2d5914853,century21,6000.0,500.0,7.0,El Menzah,ARIANA,north,El Menzah 8,Rent,Villa,36.856615,10.1717264,500m²|Salle de bain commune|chambre à coucher|cuisine|dressing|four voitures|garage|jardin|salle a manger|salle d'eau|salle d'eau pour les invités|salon|six chambres à coucher|studio|suite parentale|villa,90,HIGH,1.5,False,False,unchanged,,12.0,2026-03-26T20:37:22.582359
century21_224386c48ec5,century21,6000.0,420.0,5.0,Gammarth,TUNIS,north,Gammarth Sup,Rent,Land,36.8923669,10.3119038,air conditioning|chambre de service|chauffage central|climatisation|garage|garden|heating|jardin|piscine|pool|terrasse,90,HIGH,1.5,False,False,unchanged,,14.29,2026-03-26T20:43:09.883976
century21_241d85dc368f,century21,840000.0,286.0,3.0,La Soukra,ARIANA,north,Chotrana 1,Sale,Apartment,36.8862706,10.2185958,S+3|chauffage central|climatisation|climatisation multi split|cuisine équipée|deux celliers|deux places de parking|jardin|parking|salle d'eau|salle de bain|salle à manger|salon|trois chambres à coucher,100,HIGH,1.5,False,False,unchanged,,2937.06,2026-03-27T11:44:25.496611
century21_2294f82184d4,century21,1600.0,100.0,,La Marsa,TUNIS,north,Cité El Moustakbel (sidi Daoud),Rent,Apartment,36.8660009,10.3090981,air conditioning|bathroom|bedroom|chauffage central|climatisation|dressing room|garden|jardin|kitchen|loft S+1|parking|place of parking|salon|shower room,80,GOOD,1.0,False,False,unchanged,,16.0,2026-03-26T20:18:46.549311
century21_26f19bea40c4,century21,140000.0,32.0,,El Menzah,TUNIS,north,El Manar 2,Sale,Commercial,36.8391789,10.1577208,restaurant|superficie: 32 m²,90,HIGH,1.5,False,False,unchanged,0.0,4375.0,2026-03-27T11:21:44.273203
century21_2404060b7813,century21,1100.0,112.0,2.0,Ain Zaghouan,TUNIS,north,Ain Zaghouan Nord,Rent,Villa,36.8626346,10.2866556,balcon|chambres à coucher|cuisine|salle de bain|salon,90,HIGH,1.5,False,False,new,,9.82,2026-03-26T20:01:08.553016
century21_26627c5819bc,century21,1500.0,44.0,4,Les Berges Du Lac,TUNIS,north,Les berges du Lac 1,Rent,Apartment,36.8396823,10.2466798,S+1|balcon|chambre à coucher|cuisine indépendante|parking|place de parking au sous-sol|salle de bain,95,HIGH,1.5,False,False,unchanged,,34.09,2026-03-26T20:17:18.137639
century21_261a83aea510,century21,1276000.0,880.0,,El Menzah,ARIANA,north,El Menzah 9,Sale,Land,36.84708,10.151694,880 m²|habitation R2|terrain,90,HIGH,1.5,False,False,unchanged,,1450.0,2026-03-27T11:55:41.266070
century21_24051fa795f3,century21,650.0,50.0,,Ariana Ville,ARIANA,north,Ariana,Rent,Commercial,36.8650901,10.2123551,Open space|Bathroom,85,HIGH,1.5,False,False,unchanged,,13.0,2026-03-26T20:05:53.306337
century21_2307025f158c,century21,1350.0,100.0,,Ain Zaghouan,TUNIS,north,Ain Zaghouan Nord,Rent,Apartment,36.8626346,10.2866556,S+1|chambre à coucher aménagée par un dressing|chauffage central|climatisation|cuisine équipée|douche à l’italienne|parking|place de parking|salle de bain|salon|système d’alarme|terrasse|vidéophone,80,GOOD,1.0,False,False,unchanged,,13.5,2026-03-26T20:48:58.483700
century21_2b58507c48ad,century21,1900.0,140.0,3.0,La Marsa,TUNIS,north,Marsa Stade,Rent,Apartment,36.874035,10.318656,balcon|chambres à coucher|chauffage central|climatisation|climatisation en système Split|cuisine|parking|place de parking|salles de douche|salon|séchoir,90,HIGH,1.5,False,False,unchanged,,13.57,2026-03-26T20:47:30.127441
century21_301919c5622c,century21,600000.0,147.0,3.0,Gammarth,TUNIS,north,Gammarth Forêt,Sale,Apartment,36.898385,10.300732,chambre parentale|chambres à coucher|chauffage central|climatisation|climatisation en système split|cuisine équipée et aménagée|haut standing|salle de bain|salon|séchoir|terrasse,100,HIGH,1.5,False,False,unchanged,,4081.63,2026-03-27T11:29:46.461491
century21_2d4b5571ad61,century21,1600.0,100.0,2.0,Jardins De Carthage,TUNIS,north,Jardins de carthage,Rent,Commercial,36.8524621,10.2964735,jardin|parking,90,HIGH,1.5,False,False,unchanged,,16.0,2026-03-26T20:50:42.368050
century21_2769d491c77a,century21,1000.0,548.0,,Mahras,SFAX,east,Chaffar,Sale,Land,34.537523,10.5774363,548 m²|résidentiel|terrain|titre foncier individuel,70,GOOD,1.0,True,False,unchanged,,1.82,2026-03-27T12:08:13.111058
century21_2798f9b04a84,century21,290000.0,80.0,2.0,Aouina,TUNIS,north,Cité Les Palmeraies,Sale,Commercial,36.8598675,10.2649198,hall|kitchenette|point d’eau|two pieces,100,HIGH,1.5,False,False,unchanged,,3625.0,2026-03-27T11:58:12.587999
century21_276c7ffa4642,century21,941000.0,160.0,3.0,Jardins De Carthage,TUNIS,north,Jardins de carthage,Sale,Apartment,36.8524621,10.2964735,S+3|baignoire|chambres à coucher aménagées|chauffage central|climatisation|cuisine équipée|dressing|dressing-room|jardin|parking|place de parking|salle d'eau|salle de bain avec douche à l’italienne|salle de bain commune|sous-sol|suite parentale|terrasse,100,HIGH,1.5,False,False,unchanged,,5881.25,2026-03-27T11:56:55.306255
century21_283146c5e295,century21,120000.0,100.0,100,Les Berges Du Lac,TUNIS,north,Les berges du Lac 2,Sale,Commercial,36.8472959,10.2744566,RDC|berges du Lac|facade|loyer|mezzanin|surface|vocation,85,HIGH,1.5,True,False,unchanged,,1200.0,2026-03-27T11:40:58.534546
century21_29a98f100e00,century21,1550000.0,700.0,6.0,El Menzah,ARIANA,north,El Menzah 9,Sale,Villa,36.84708,10.151694,700 m²|9|El Menzah|S+5|chambre avec dressing|cuisine principale|cuisine secondaire|dressing|espace mini bar|espace service|four voitures|garage|grand salon|grande terrasse avec barbacue|jardin|quatre chambre à coucher|salle d'eau|salle d'eau pour les invités|salon|suite|suite parentale|terrasse|villa,100,HIGH,1.5,False,False,unchanged,,2214.29,2026-03-27T11:29:21.751104
century21_2b7128069939,century21,380000.0,124.0,2.0,La Soukra,ARIANA,north,La Soukra,Sale,Apartment,36.8791039,10.2656209,balcon|chambres à coucher|cuisine équipée|parking|place de parking|salle d'eau|salle de bain avec baignoire,100,HIGH,1.5,False,False,unchanged,,3064.52,2026-03-27T11:35:29.899476
century21_2843b00e4c7d,century21,4568.0,261.0,,Les Berges Du Lac,TUNIS,north,Les berges du Lac 3,Rent,Commercial,36.834329,10.302165,Chauffage central|Climatisation central|Deux Pace de Parking|Open Space|Quatre bureaux|Quatre sanitaire|chauffage central|climatisation|parking,80,GOOD,1.0,False,False,unchanged,,17.5,2026-03-26T21:03:42.555233
century21_323a0986bf3a,century21,480000.0,281.0,4.0,El Menzah,TUNIS,north,El Manar 1,Sale,Villa,36.8447375,10.1395169,Chambres à coucher|Chauffage central|Climatisation en système split|Cuisine équipée et aménagée avec séchoir|Deux places de parking au sous-sol|Salle d'eau invités|Salle de bain|Salon avec balcon|Suite parentale avec terrasse ( vue panoramique )|Terrasse|chauffage central|climatisation|parking|terrasse,100,HIGH,1.5,False,False,unchanged,,1708.19,2026-03-27T11:22:16.678705
century21_319b28be4741,century21,1500.0,150.0,2.0,El Kram,TUNIS,north,Le Kram,Rent,Apartment,36.83332,10.3175155,S+2|cuisine|deux chambres à coucher|rez-de-chaussée|salle de bain|salle de douche|salle à manger|salon|terrasse|terrasse avec vue sur mer|vue mer,90,HIGH,1.5,False,False,unchanged,,10.0,2026-03-26T20:08:55.157209
century21_3239d5ef5c92,century21,1700.0,90.0,90,Jardins De Carthage,TUNIS,north,Jardins de carthage,Rent,Commercial,36.8524621,10.2964735,H+1|air conditioning split system|bathroom|chauffage central|climatisation|heating central|jardin|kitchenette|reception,85,HIGH,1.5,True,False,unchanged,,18.89,2026-03-26T21:07:17.685120
century21_3114d82eed86,century21,2500.0,161.0,,Jardins De Carthage,TUNIS,north,Jardins de carthage,Rent,Apartment,36.8524621,10.2964735,balcon|cellier|chambres à coucher|chauffage central|climatisation|cuisine équipée et aménagée avec séchoir|jardin|parking|place de parking au sous-sol|salle d'eau pour les invités|salle de bain|suite parentale,80,GOOD,1.0,False,False,unchanged,,15.53,2026-03-26T20:33:58.871995
century21_310f40b1eedd,century21,3500.0,150.0,2.0,Jardins De Carthage,TUNIS,north,Jardins de carthage,Rent,Apartment,36.8524621,10.2964735,balcon|cellier|chambre à coucher avec dressing|chauffage central|climatisation|cuisine équipée|jardin|parking|place de parking au sous-sol|salle d'eau|salle de bain avec cabine de douche à l’Italienne|suite parentale avec son dressing et sa salle de douche à l’italienne,90,HIGH,1.5,False,False,unchanged,,23.33,2026-03-26T20:12:59.618975
century21_32c6e6dff074,century21,1600.0,70.0,,Jardins De Carthage,TUNIS,north,Jardins de carthage,Rent,Apartment,36.8524621,10.2964735,balcon|chauffage central|climatisation|climatisation en Split système|cuisine équipée à l’américaine|dressing|jardin|parking|place de parking ( abrit )|salle de douche à l’italienne,80,GOOD,1.0,False,False,unchanged,,22.86,2026-03-26T20:13:12.388025
century21_32dce02693df,century21,795000.0,228.0,3.0,Jardins De Carthage,TUNIS,north,Jardins de carthage,Sale,Apartment,36.8524621,10.2964735,chambres à coucher|chauffage central|climatisation|climatisation centrale|cuisine|jardin|parking|place de parking sous sol|salle d'eau d'invités|salle de bain|suite parentale|séchoir|terrasse,100,HIGH,1.5,False,False,unchanged,,3486.84,2026-03-26T19:54:40.930224
century21_302c0dba16da,century21,249000.0,81.0,,La Soukra,ARIANA,north,Chotrana 1,Sale,Apartment,36.8862706,10.2185958,"S+1|bathroom|bedrooms|central heating|chauffage central|climatisation|kitchen equipped with stove, hood and oven|living room|multi split air conditioning",90,HIGH,1.5,False,False,unchanged,,3074.07,2026-03-27T12:45:50.992106
century21_31aae087b601,century21,171000.0,57.0,,Bab Bhar,TUNIS,north,Montplaisir,Sale,Commercial,36.8304736,10.196942,meuble|open space|point d'eau,90,HIGH,1.5,False,False,unchanged,,3000.0,2026-03-27T11:43:36.166103
century21_32e1a28a66b5,century21,1500.0,70.0,,Jardins De Carthage,TUNIS,north,Jardins de carthage,Rent,Apartment,36.8524621,10.2964735,balcon|chauffage central|climatisation|cuisine équipée|douche à l’Italienne|dressing|jardin|salle de bain,80,GOOD,1.0,False,False,unchanged,,21.43,2026-03-26T20:41:15.631526
century21_3572353f854b,century21,1400.0,140.0,3.0,El Menzah,TUNIS,north,El Menzah 1,Rent,Apartment,36.8396719,10.1829325,114m²|S+3|cuisine équipée et aménagée avec séchoir|salle d'eau|salle de douche|salon|séjour|trois chambres à coucher,90,HIGH,1.5,False,False,unchanged,,10.0,2026-03-26T20:52:41.668893
century21_3317a93cc234,century21,185000.0,61.0,2.0,Nabeul,NABEUL,north,Nabeul centre,Sale,Villa,36.4512893,10.7356634,cuisine équipée|deux chambres à coucher|salle de douche|salon,100,HIGH,1.5,False,False,unchanged,,3032.79,2026-03-27T11:32:15.644846
century21_348d3180e07b,century21,395000.0,155.0,3.0,Ennasr,ARIANA,north,Cite Ennasr 1,Sale,Apartment,36.862482,10.169195,balcon|cuisine équipée|salle d'eau|salle de bain|salon|séchoir|trois chambres à coucher,70,GOOD,1.0,False,True,unchanged,,2548.39,2026-03-27T11:24:39.486440
century21_347f54f1f121,century21,1400.0,120.0,2.0,Ain Zaghouan,TUNIS,north,Ain Zaghouan,Rent,Apartment,36.859234,10.277161,S+2|chauffage central|cuisine|deux chambres à coucher|salle d'eau|salle de bain|salle à manger|salon,90,HIGH,1.5,False,False,unchanged,,11.67,2026-03-26T20:55:39.657847
century21_362465b3895d,century21,2500.0,100.0,2.0,Gammarth,TUNIS,north,Golden Tulipe,Rent,Villa,36.9173042,10.2852532,accès privé au toit|terrasse|vue mer|vue panoramique,90,HIGH,1.5,False,False,unchanged,,25.0,2026-03-26T20:08:43.562906
century21_356e73a2bfcf,century21,5000.0,220.0,3.0,El Kram,TUNIS,north,Le Kram Ouest,Rent,Commercial,36.8398699,10.303487,parking,90,HIGH,1.5,False,False,unchanged,,22.73,2026-03-26T20:48:07.883006
century21_361caf169058,century21,2300.0,150.0,3.0,El Menzah,TUNIS,north,El Menzah 4,Rent,Apartment,36.8401547,10.1773292,2 parking places|S+3|air conditioning|central heating|chauffage central|climatisation|dressing in each room|large salon|parking|spacious|suite parentale|two bathrooms|two bedrooms|well-equipped kitchen,90,HIGH,1.5,False,False,unchanged,,15.33,2026-03-26T20:20:21.213730
century21_3659cd35b042,century21,2200.0,100.0,,Les Berges Du Lac,TUNIS,north,Les berges du Lac 2,Rent,Commercial,36.8472959,10.2744566,Deux salles d'eau|H+1|Hall,80,GOOD,1.0,False,False,unchanged,,22.0,2026-03-26T20:10:02.858866
century21_353f1ebac7e7,century21,1100.0,85.0,3,El Menzah,ARIANA,north,El Menzah 9,Rent,Apartment,36.84708,10.151694,S+1|chambre à coucher|chauffage central|climatisation|cuisine ouverte et équipée|espaces de vie|haut standing|jardin|petit jardin privatif|piscine|salle de bain|salle de sport|salon|sauna,95,HIGH,1.5,False,False,unchanged,,12.94,2026-03-26T20:02:26.819487
century21_3452f4daaec0,century21,682000.0,117.0,2.0,Jardins De Carthage,TUNIS,north,Jardins de carthage,Sale,Apartment,36.8524621,10.2964735,balcon|chambre à coucher avec dressing|chauffage central|climatisation|climatisation en Split|cuisine équipée|dressing|jardin|parking|place de parking|salle de douche à l’italienne|suite parentale,100,HIGH,1.5,False,False,unchanged,,5829.06,2026-03-27T12:07:35.604687
century21_394dc6c6335c,century21,13000.0,120.0,,Jardins De Carthage,TUNIS,north,Jardins de carthage,Sale,Commercial,36.8524621,10.2964735,120m²|8m|artère principale|facade 8m|forte concentration commerciale|jardin|local commercial,90,HIGH,1.5,False,False,unchanged,,108.33,2026-03-27T11:56:10.574419
century21_399e190c1aab,century21,205000.0,54.0,2,La Soukra,ARIANA,north,La Nouvelle Soukra,Sale,Apartment,36.8645031,10.2721983,"54 m²|S+0|chauffage central|climatisation|climatisation multi split|cuisine équipée de plaque, hotte et four|meuble|parking|place de parking|salle de bain|salle à manger|salon",100,HIGH,1.5,False,False,unchanged,,3796.3,2026-03-27T11:30:21.941974
century21_3c6dd314328c,century21,215000.0,62.0,3,Ennasr,ARIANA,north,Cite Ennasr 1,Sale,Apartment,36.862482,10.169195,Chauffage central|Climatisation|chauffage central|climatisation,100,HIGH,1.5,False,False,unchanged,,3467.74,2026-03-27T11:44:38.582444
century21_3c1ae4d49e2c,century21,1200000.0,352.0,5.0,La Soukra,ARIANA,north,Dar Fadhal,Sale,Villa,36.8679869,10.2403858,cuisine équipée|deux chambres|jardin|jardin privatif|parking|place parking au sous-sol|salle d'eau|salon|suite|trois suites,100,HIGH,1.5,False,False,unchanged,,3409.09,2026-03-26T19:58:51.132254
century21_377e6962b7a4,century21,1500.0,85.0,2.0,La Marsa,TUNIS,north,Cité Les Pins,Rent,Apartment,36.868209,10.319682,S+2|chambres à coucher|cuisine aménagée et équipée|parking|places de parking en abri|salle de douche|salon|terrasse,90,HIGH,1.5,False,False,unchanged,,17.65,2026-03-26T20:03:25.147333
century21_3a705557f848,century21,89000.0,78.0,,La Soukra,ARIANA,north,La Nouvelle Soukra,Sale,Commercial,36.8645031,10.2721983,Loyer 3000 Dinars/Mois|Superfice : 78 m²|fonds de commerce,90,HIGH,1.5,False,False,unchanged,,1141.03,2026-03-27T11:41:55.780712
century21_39fc5f9a7f3d,century21,239000.0,78.0,,La Soukra,ARIANA,north,Chotrana 1,Sale,Apartment,36.8862706,10.2185958,78 m²|S+1|chambre à coucher|chauffage central|climatisation|climatisation en Split système|cuisine équipée|salle de bain|salon,90,HIGH,1.5,False,False,unchanged,,3064.1,2026-03-27T11:54:16.236257
century21_39b0e3338d5c,century21,36000.0,3200.0,,Bab Bhar,TUNIS,north,Lafayette,Rent,Commercial,36.811319,10.180595,9 étages|Av. de la liberté|Double ascenseur|Sous-sol|Superfice par étage : 360 m²|Superficie totale : 3 200 m²|ascenseur|capacité de stationnement pour 6-7 voitures|immeuble bureautique|meuble,70,GOOD,1.0,True,False,unchanged,,11.25,2026-03-26T20:36:48.935533
century21_3839f8e04965,century21,1800000.0,480.0,5.0,El Menzah,ARIANA,north,El Menzah 5,Sale,Land,36.8483853,10.1745278,480 m²|Premier étage|RDC|Rez-de-jardin|S+5|Troisième étage|beaux volumes|bureau|chambres|deux bureaux|deux grandes salles lumineuses|espace extérieur|fort potentiel d’aménagement|jardin|luminosite naturelle|open spaces|points d’eau|salle d'eau|salle à manger|salles de loisirs|salon|salons|terrain de 670m²|villa,100,HIGH,1.5,False,False,unchanged,,3750.0,2026-03-26T19:53:57.279438
century21_366a8e518bcc,century21,4200.0,200.0,3.0,Les Berges Du Lac,TUNIS,north,Les berges du Lac 2,Rent,Villa,36.8472959,10.2744566,Salle d’eau|cuisine équipée|deux chambres à coucher|débarras|parking|place parking au sous sol|salle de bain|salon|suite parentale,90,HIGH,1.5,False,False,unchanged,,21.0,2026-03-26T21:00:27.241069
century21_3e30dfca147e,century21,665600.0,832.0,,La Soukra,ARIANA,north,Sidi Frej,Sale,Land,36.8737239,10.2650253,emplacement_strategique|habitation|quartier_calme|surface_area|terrain,90,HIGH,1.5,False,False,unchanged,,800.0,2026-03-27T11:47:08.069928
century21_3d6c56be89e6,century21,950000.0,200.0,3.0,El Menzah,ARIANA,north,El Menzah 5,Sale,Land,36.8483853,10.1745278,R+2|démolir|quartier résidentiel|superficie Bati|superficie terrain|terrain,100,HIGH,1.5,False,False,unchanged,,4750.0,2026-03-27T12:09:29.122103
century21_3f205d16f592,century21,490000.0,174.0,4.0,Ariana Ville,ARIANA,north,Nouvelle Ariana,Sale,Villa,36.8549235,10.1836329,S+4|chauffage central|climatisation|climatisation en système split|cuisine équipée et aménagée|garage|jardin|quatre chambres à coucher|salle d'eau commune|salle d'eau pour les invités|séjour,100,HIGH,1.5,False,False,new,,2816.09,2026-03-27T11:20:03.086405
century21_3c8ed2535105,century21,5200.0,200.0,3.0,Les Berges Du Lac,TUNIS,north,Les berges du Lac 3,Rent,Commercial,36.834329,10.302165,Climatisation|Kitchenette|Open space|Salle d’eau Homme/ Femme|chauffage central|climatisation|deux places de parkings au sous-sol|meuble|parking,90,HIGH,1.5,False,False,unchanged,,26.0,2026-03-26T20:57:24.748721
century21_3eeb298bd730,century21,4000.0,180.0,,El Menzah,TUNIS,north,El Manar 2,Rent,Commercial,36.8391789,10.1577208,180 m²|Open space|local commercial|salle d'eau|two bureaux separated,80,GOOD,1.0,False,False,unchanged,,22.22,2026-03-26T20:46:15.332311
century21_3d40f647ef38,century21,365000.0,110.0,3.0,Ariana Ville,ARIANA,north,Borj El Baccouche,Sale,Commercial,36.854441,10.196942,ascenseur|chauffage central|climatisation|climatisation et chauffage central|deux points d’eaux|double ascenseurs|hall d'accueil|immeuble sécurisé par un gardien de sécurité et des caméras de surveillances|kitchenette|meuble|trois pièces,80,GOOD,1.0,True,False,unchanged,,3318.18,2026-03-27T11:38:18.074868
century21_3dd3d5649a08,century21,3500.0,118.0,,Nabeul,NABEUL,north,Nabeul centre,Rent,Commercial,36.4512893,10.7356634,118m2|boulevard touristique|centre ville de Nabeul|local commercial,80,GOOD,1.0,False,False,unchanged,,29.66,2026-03-26T20:20:59.392421
century21_3cd545d39ca4,century21,53000.0,307.0,,Menzel Temime,NABEUL,north,Lebna,Sale,Land,36.7822911,10.9863525,façade|habitation|mer|surface_area|terrain,90,HIGH,1.5,False,False,unchanged,,172.64,2026-03-26T19:59:28.291506
century21_3e63579bc109,century21,380000.0,400.0,,La Soukra,ARIANA,north,La Soukra,Sale,Commercial,36.8791039,10.2656209,400 m²|Façade :  20m|Hauteur: 3.80m,90,HIGH,1.5,False,False,unchanged,,950.0,2026-03-26T19:50:15.814135
century21_3eb5b0e9318b,century21,155000.0,52.0,45,Cite El Khadra,TUNIS,north,Centre urbain nord,Sale,Commercial,36.8491156,10.196942,bureau|centre urbain nord|rez-de-chaussée,85,HIGH,1.5,True,False,unchanged,,2980.77,2026-03-27T11:58:47.078087
century21_42260c34c5da,century21,220000.0,64.0,64,Aouina,TUNIS,north,Aouina,Sale,Apartment,36.8556514,10.2557635,Chambres à coucher avec dressing|S+1|chauffage et climatisation central|climatisation|cuisine équipée à l’américaine|haut standing|salle de bain avec douche a l’italienne|salon,85,HIGH,1.5,True,False,unchanged,,3437.5,2026-03-27T11:24:51.328092
century21_4000,century21,80000.0,4000.0,,Les Berges Du Lac,TUNIS,north,ZI. Khaiereddine,Rent,Commercial,36.834329,10.302165,R+3|meuble|office|open space|parking|refectoire,70,GOOD,1.0,True,False,unchanged,,20.0,2026-03-26T21:03:16.615092
century21_3f9be412ebe8,century21,3500.0,110.0,,Bab Bhar,TUNIS,north,Taieb El M'hiri,Rent,Commercial,36.8186044,10.1801308,Chauffage Central|Climatisation|chauffage central|climatisation,80,GOOD,1.0,False,False,unchanged,,31.82,2026-03-26T20:23:45.531171
century21_430a2b3e3d56,century21,390000.0,90.0,,Jardins De Carthage,TUNIS,north,Jardins de carthage,Sale,Apartment,36.8524621,10.2964735,chambre|chauffage central|climatisation|cuisine|dressing|interphone|jardin|meuble|salle de bain|salon|split système,90,HIGH,1.5,False,False,unchanged,,4333.33,2026-03-27T11:52:10.925359
century21_42bcdb78bfaf,century21,280000.0,112.0,2.0,Mannouba,MANNOUBA,,La Mannouba,Sale,Apartment,36.8093284,10.0863269,chambres à coucher|chauffage central|climatisation|climatisation en Split système|cuisine|parking|place de parking|salle de bain commune|séchoir|terrasse,100,HIGH,1.5,False,False,unchanged,,2500.0,2026-03-27T11:57:30.861468
century21_441acd868ad7,century21,1350.0,75.0,,Jardins De Carthage,TUNIS,north,Jardins de carthage,Rent,Apartment,36.8524621,10.2964735,balcon|chauffage central|climatisation|cuisine équipée|dressing|jardin|salle d'eau avec douche à l’italienne,80,GOOD,1.0,False,False,unchanged,,18.0,2026-03-26T21:05:47.333698
century21_43c73f15dc02,century21,8000.0,350.0,4.0,La Marsa,TUNIS,north,Cité Les Pins,Rent,Villa,36.868209,10.319682,S+4|chauffage central|climatisation|climatisation en Split Système|coin de lecture|cuisine à l’américaine|deux chambres à coucher avec leurs dressings|interphone|roof-top aménagé avec un coin séjour arabesque|salle d'eau pour les invités|salle de douche à l’italienne|salle à manger|salon spacieux/ séjour|suite parentale avec son dressing et une douche à l’italienne|suite parentale avec un dressing-room et une salle de douche à l’italienne qui donne accès à une terrasse de 15m²|terrasse|terrasse de 25m²|terrasse de 50 m²|vue entièrement dégagée,90,HIGH,1.5,False,False,unchanged,,22.86,2026-03-26T21:05:59.010921
century21_420cd5529767,century21,900000.0,238.0,3.0,Nabeul,NABEUL,north,AFH1,Sale,Land,36.4512893,10.7356634,cave|dépendance|garage|jardin,100,HIGH,1.5,False,False,unchanged,0.0,3781.51,2026-03-27T11:20:49.543395
century21_4469dfee02b5,century21,2800.0,180.0,,Les Berges Du Lac,TUNIS,north,Les berges du Lac 2,Rent,Commercial,36.8472959,10.2744566,bureau|chauffage central|climatisation|climatisation et chauffage centrale|kitchenettes|open space|parking|place de parking|points d’eaux,80,GOOD,1.0,False,False,unchanged,,15.56,2026-03-26T21:05:08.746644
century21_43de84c63f1a,century21,1700000.0,400.0,4.0,La Soukra,ARIANA,north,Chotrana 2,Sale,Land,36.8885571,10.2318816,dépot|garage|piscine|pool|studio,100,HIGH,1.5,False,False,unchanged,,4250.0,2026-03-27T11:34:09.349282
century21_45b1a02669b7,century21,610000.0,153.0,4.0,Jardins De Carthage,TUNIS,north,Jardins de carthage,Sale,Apartment,36.8524621,10.2964735,balcon|chambres à coucher|chauffage central|climatisation|climatisation en système split|cuisine équipée et aménagée|dressing|jardin|parking|place de parking au sous-sol|salle d'eau pour les invités|salle de bain|salon lumineux|séchoir|terrasse,100,HIGH,1.5,False,False,unchanged,,3986.93,2026-03-27T11:38:05.599345
century21_462ff2b648c9,century21,,200.0,4.0,Les Berges Du Lac,TUNIS,north,Les berges du Lac 2,Rent,Villa,36.8472959,10.2744566,S+4|Salle d’eau|chambre de service|chambre à coucher|cuisine équipée|duplex|débarras|parking|penthouse|places parking au sous sol|salle de bain|salon|trois suites,80,GOOD,1.0,False,False,unchanged,,,2026-03-26T20:24:20.308944
century21_4a1a3f49ab4f,century21,640000.0,129.0,2.0,Jardins De Carthage,TUNIS,north,Jardins de carthage,Sale,Apartment,36.8524621,10.2964735,S+2|balcon|chauffage central|climatisation|climatisation en Split|cuisine équipée avec séchoir|deux chambres à coucher avec leurs dressings|jardin|parking|place de parking|salle d'eau pour les invités|salle de bains avec baignoire,100,HIGH,1.5,False,False,unchanged,,4961.24,2026-03-27T11:54:40.010179
century21_470ba187fcfe,century21,1900.0,110.0,2.0,Les Berges Du Lac,TUNIS,north,Les berges du Lac 2,Rent,Apartment,36.8472959,10.2744566,cuisine équipée|deux chambres à coucher|parking|place parking au sous sol|s+2|salle de bain|salon,90,HIGH,1.5,False,False,unchanged,,17.27,2026-03-26T20:46:27.213870
century21_4986433c866a,century21,2000.0,80.0,2.0,El Menzah,ARIANA,north,El Menzah 5,Rent,Commercial,36.8483853,10.1745278,Deux points d’eaux|Hall d’accueil|Kitchenette|deux  Pièces,90,HIGH,1.5,False,False,unchanged,,25.0,2026-03-26T20:05:07.022708
century21_48d7fd5f468a,century21,2100000.0,285.0,4.0,Gammarth,TUNIS,north,Gammarth Sup,Sale,Villa,36.8923669,10.3119038,chauffage par le sol|domotique|jardin|piscine|piscine extérieure|robinetterie de premier choix|surface jardin et terrasse|terrasse|vue mer|vue sur mer|équipements de luxe,100,HIGH,1.5,False,False,unchanged,,7368.42,2026-03-27T11:35:40.850593
century21_48c58b99c641,century21,400000.0,97.0,2.0,Nabeul,NABEUL,north,Cité El Wafa AFH 2,Sale,Apartment,36.4420874,10.6944554,chauffage central|climatisation|climatisation en système split|cuisine équipée et aménagée|dressing|meuble|piscine|salle de bain|terrasse,100,HIGH,1.5,False,False,unchanged,,4123.71,2026-03-27T11:25:26.276720
century21_4a0465f26015,century21,11000.0,450.0,13.0,Les Berges Du Lac,TUNIS,north,Les berges du Lac 1,Rent,Commercial,36.8396823,10.2466798,H+13|central heating|chauffage central|climatisation|four parking places|kitchenette|meeting room|multi split air conditioning|parking|reception|three water points|twelve offices,90,HIGH,1.5,False,False,new,,24.44,2026-03-26T20:00:39.303202
century21_455946eedb91,century21,55.0,5000.0,,Kalaa Essghira,SOUSSE,east,Kalaa Essghira,Sale,Land,35.8217563,10.5605541,5000 m²|agricultural|terrain|titre foncier individuel,70,GOOD,1.0,True,False,unchanged,,0.01,2026-03-27T11:33:09.926072
century21_446a679ce31f,century21,350000.0,128.0,3.0,Jardins D'El Menzah,ARIANA,north,Jardins d'el Menzah 1,Sale,Apartment,36.8447375,10.1395169,S+3|balcon|chauffage central|climatisation|climatiseurs en Split|cuisine entièrement équipée|dressing|four|hotte|jardin|machine à vaisselle|plaque|salle d'eau invité|salle de bain|salon|trois chambres à coucher,100,HIGH,1.5,False,False,unchanged,,2734.38,2026-03-27T11:41:32.358082
century21_4b5c78f2f511,century21,1100.0,65.0,,Ariana Ville,ARIANA,north,Ariana,Rent,Commercial,36.8650901,10.2123551,adaptable environment for various activities|bathroom|haut standing|kitchenette|modern decor|spacious workspace|strategic location,80,GOOD,1.0,False,False,unchanged,,16.92,2026-03-26T20:14:48.112749
century21_4a6df658f0a8,century21,590000.0,300.0,3.0,Le Bardo,TUNIS,north,Ksar Said Bardo,Sale,Land,36.8125194,10.1269163,S+3|appartement indépendant|cellier|chambres|chambres à coucher|climatisation|climatiseurs|cuisine|cuisine équipée|jardin|local commercial|parking|petit jardin|salle d'eau|salle de bain|salle de douche|salon|terrain|terrasse|titre individuel|villa,100,HIGH,1.5,False,False,unchanged,,1966.67,2026-03-26T19:52:40.153525
century21_4a3c491f25fd,century21,650000.0,131.0,2.0,Jardins De Carthage,TUNIS,north,Jardins de carthage,Sale,Apartment,36.8524621,10.2964735,S+2|balcon|chauffage central|climatisation|climatisation en Split|cuisine équipée avec séchoir|deux chambres à coucher avec leurs dressings|jardin|parking|place de parking au sous-sol|salle d'eau pour les invités|salle de bains avec baignoire,100,HIGH,1.5,False,False,unchanged,,4961.83,2026-03-27T11:54:27.812551
century21_4b02b4e15188,century21,75000.0,33.0,,Aouina,TUNIS,north,Aouina,Sale,Commercial,36.8556514,10.2557635,WC|local,90,HIGH,1.5,False,False,unchanged,,2272.73,2026-03-27T11:30:44.323094
century21_4b4643733019,century21,1500.0,120.0,2.0,La Soukra,ARIANA,north,La Soukra,Rent,Apartment,36.8791039,10.2656209,cuisine équipée|deux chambres à coucher|dressing|jardin|parking|place de parking sous sol|salle d'eau|salle de bain commune|séchoir|terrasse,90,HIGH,1.5,False,False,unchanged,,12.5,2026-03-26T20:20:46.891577
century21_4c06b43c068a,century21,1010.0,103.0,3,Sidi El Bechir,TUNIS,north,Abou El Kacem Chebbi,Rent,Commercial,36.7926862,10.1794304,H+3|ascenseur|hall d'accueil|kitchenette|parking|place de parking au sous-sol|salle d'eau|trois pièces de bureau,95,HIGH,1.5,False,False,unchanged,,9.81,2026-03-26T20:14:16.505189
century21_4a4184c24202,century21,900000.0,1100.0,,Beni Khalled,NABEUL,north,Beni Khalled,Sale,Land,36.6478364,10.5915072,R+2|artère principale|bureautique|commercial|meuble|terrain titré,90,HIGH,1.5,False,False,unchanged,,818.18,2026-03-27T11:43:25.485487
century21_4c5e7fbb0f02,century21,8243.0,471.0,,Les Berges Du Lac,TUNIS,north,Les berges du Lac 3,Rent,Commercial,36.834329,10.302165,Chauffage central|Climatisation central|Deux Place de Parking|Open Space|Quatre sanitaire|Six bureaux|chauffage central|climatisation|parking,80,GOOD,1.0,False,False,unchanged,,17.5,2026-03-26T21:03:29.849729
century21_4b21ebbe8ee4,century21,490000.0,117.0,2.0,Ain Zaghouan,TUNIS,north,Ain Zaghouan Nord,Sale,Apartment,36.8626346,10.2866556,Emplacement|S+2|Superficie|cellier|chauffage central|climatisation|climatisation multi split|cuisine équipée|deux chambres à coucher|four|hotte|parking|place de parking|plaque|salle d'eau|salle de bain|salle à manger|salon|terrasse,100,HIGH,1.5,False,False,unchanged,,4188.03,2026-03-27T11:48:59.472828
century21_4a769158cac2,century21,650000.0,160.0,3.0,Nabeul,NABEUL,north,Cité jasmin,Sale,Apartment,36.4512893,10.7356634,balcon|chambre à coucher|chauffage central|climatisation|cuisine|dressing|salle d'eau|salle de douche|système de surveillance|séchoir|vue mer,100,HIGH,1.5,False,False,unchanged,,4062.5,2026-03-27T11:36:28.388706
century21_4d5476cf977d,century21,1100000.0,750.0,,La Soukra,ARIANA,north,Dar Fadhal,Sale,Land,36.8679869,10.2403858,R+2|WC|ascenseur|bloc sanitaire|bureau manager|espace coworking|espace pour ascenseur|garage|garages|kitchenette|logement de gardien|meuble|toiture aménageable|vestiaires,90,HIGH,1.5,False,False,unchanged,,1466.67,2026-03-27T12:03:07.018940
century21_4f7ed59b0d73,century21,920000.0,231.0,5.0,Gammarth,TUNIS,north,Gammarth Village,Sale,Land,36.9173042,10.2852532,air conditioning|ascenseur|chauffage central|climatisation|elevator|garden|jardin|parking|piscine|pool|terrasse,100,HIGH,1.5,False,False,unchanged,,3982.68,2026-03-27T11:42:37.866069
century21_4e557c74b52b,century21,5000.0,300.0,5.0,Charguia,TUNIS,north,Charguia 1,Rent,Commercial,36.8408244,10.2052613,5 bureaux|Deux bloc sanitaire|Kitchenette|Open space|Salle serveur,90,HIGH,1.5,False,False,unchanged,,16.67,2026-03-26T20:08:19.390305
century21_4e520ff08ade,century21,2500.0,200.0,4.0,El Menzah,TUNIS,north,Mutuelleville,Rent,Apartment,36.832405,10.174527,Chauffage central|Climatisation|Terrasse|chauffage central|climatisation|terrasse,90,HIGH,1.5,False,False,unchanged,,12.5,2026-03-26T20:05:41.668119
century21_4ee525e2ee79,century21,500000.0,192.0,2.0,Nabeul,NABEUL,north,Nabeul centre,Sale,Villa,36.4512893,10.7356634,chambres à coucher|kitchenette|meuble|mezzanine|patio|salle de bain|salon|sejour,100,HIGH,1.5,False,False,unchanged,,2604.17,2026-03-27T11:45:00.107414
century21_4c7b3f4d179d,century21,1850.0,135.0,3.0,Ain Zaghouan,TUNIS,north,Ain Zaghouan Nord,Rent,Apartment,36.8626346,10.2866556,135 m²|S+3,80,GOOD,1.0,False,False,unchanged,,13.7,2026-03-26T20:18:07.570812
century21_501b93b327b8,century21,1250.0,110.0,2.0,Cite El Khadra,TUNIS,north,Cité Olympique,Rent,Apartment,36.8366475,10.1948405,S+2|chauffage central|climatisation|climatisation en split système|cuisine aménagée|deux chambres à coucher|salle de bain|salon|séchoir,90,HIGH,1.5,False,False,unchanged,,11.36,2026-03-26T20:23:10.013226
century21_4cba290f2698,century21,5000.0,530.0,5.0,El Menzah,TUNIS,north,Mutuelleville,Rent,Villa,36.832405,10.174527,530 m²|chambre|cuisine|jardin|parking|place parking|salle d'eau|salon|studio|villa,90,HIGH,1.5,False,False,unchanged,,9.43,2026-03-26T20:46:38.475480
century21_5076adb84682,century21,3500.0,186.0,3.0,La Marsa,TUNIS,north,Cité Les Pins,Rent,Apartment,36.868209,10.319682,Climatisation multi split|chambres_a_coucher|chauffage central|climatisation|cuisine|parking|place_de_parking_sous_sol|salle_a_Manger|salle_d'eau_invites|salle_de_bain|salon|suite_parentale|séchoir|terrasse,90,HIGH,1.5,False,False,unchanged,,18.82,2026-03-26T20:41:39.439470
century21_50636c9a39c7,century21,670000.0,91.0,2.0,Gammarth,TUNIS,north,Gammarth Touristique,Sale,Apartment,36.9173042,10.2852532,S+2|chambre à coucher|chauffage central|climatisation|climatisation multi split|cuisine équipée|four|hotte|plaque|salle de douche|salon|suite parentale,100,HIGH,1.5,False,False,unchanged,,7362.64,2026-03-27T12:06:27.255120
century21_50ffd55154a0,century21,1800.0,100.0,2.0,La Soukra,ARIANA,north,La Soukra,Rent,Commercial,36.8791039,10.2656209,Chauffage central|Climatisation Split|H+2|Hall d’entrée|bureau avec terrasse et salle de bain|chauffage central|climatisation|deuxième bureau|kitchenette|salle de bain|terrasse,90,HIGH,1.5,False,False,unchanged,,18.0,2026-03-26T21:02:27.536635
century21_50eca2e7224c,century21,170000.0,51.0,,Nabeul,NABEUL,north,Nabeul centre,Sale,Apartment,36.4512893,10.7356634,S+1|balcon|chambre à coucher|chauffage central|climatisation|climatisation en système split|cuisine ouverte|dressing|salle de douche à l’italienne|salon,90,HIGH,1.5,False,False,unchanged,,3333.33,2026-03-27T12:01:06.638649
century21_5111d5dc5fea,century21,520000.0,120.0,2.0,Gammarth,TUNIS,north,Gammarth Forêt,Sale,Apartment,36.898385,10.300732,Chauffage central|Climatisation en split système|Cuisine|Douche à l'italienne|Dressing|Jardin|Salle de bain|Salon|Suite parentale|Terrasse|chauffage central|climatisation|jardin|terrasse,100,HIGH,1.5,False,False,unchanged,,4333.33,2026-03-27T11:23:45.378066
century21_50d25f4fe096,century21,8500.0,115.0,,Jardins De Carthage,TUNIS,north,Jardins de carthage,Sale,Commercial,36.8524621,10.2964735,115 m²|6m|8m|artère principale|jardin|local commercial,80,GOOD,1.0,False,False,unchanged,,73.91,2026-03-27T11:56:43.395656
century21_51be6fa113ce,century21,2500.0,141.0,3.0,Les Berges Du Lac,TUNIS,north,Les berges du Lac 2,Rent,Apartment,36.8472959,10.2744566,cuisine équipée|parking|place parking au sous sol|s+3|salle de bain|salle d’eau|salon|trois chambres à coucher,90,HIGH,1.5,False,False,unchanged,,17.73,2026-03-26T20:36:12.574907
century21_50a847604d7c,century21,320000.0,110.0,3.0,La Soukra,ARIANA,north,La Soukra,Sale,Apartment,36.8791039,10.2656209,balcon|cuisine équipée|salle d'eau|salle de bain|séchoir,100,HIGH,1.5,False,False,unchanged,,2909.09,2026-03-27T11:37:30.287278
century21_50f64f9a56ed,century21,2800.0,180.0,,Les Berges Du Lac,TUNIS,north,Les berges du Lac 2,Rent,Commercial,36.8472959,10.2744566,bureau|chauffage central|climatisation|climatisation et chauffage centrale|kitchenettes|open space|parking|place de parking|points d’eaux,80,GOOD,1.0,False,False,unchanged,,15.56,2026-03-26T21:04:44.247002
century21_539749d7e32e,century21,500000.0,144.0,3.0,La Soukra,ARIANA,north,Dar Fadhal,Sale,Apartment,36.8679869,10.2403858,chambres à coucher|cuisine équipée|salle d'eau|salon|suite parentale|terrasse,100,HIGH,1.5,False,False,unchanged,,3472.22,2026-03-26T19:56:31.124342
century21_5175b1d86474,century21,7000.0,250.0,4.0,Carthage,TUNIS,north,Carthage,Rent,Land,36.8551087,10.3320773,air conditioning|alarme|caméra de surveillance|chauffage central|climatisation|garden|jardin|logement gardien|parking|photovoltaïque|terrasse|villa,90,HIGH,1.5,False,False,unchanged,,28.0,2026-03-26T20:13:47.718151
century21_508fb5edc35b,century21,10000.0,800.0,5.0,La Soukra,ARIANA,north,La Soukra,Rent,Villa,36.8791039,10.2656209,800 m²|S+5|villa,80,GOOD,1.0,False,False,unchanged,,12.5,2026-03-26T20:21:22.943486
century21_5636634e4b21,century21,2800.0,130.0,4.0,Les Berges Du Lac,TUNIS,north,Les berges du Lac 1,Rent,Commercial,36.8396823,10.2466798,Hall +4|four rooms|kitchenette|parking|two parking places|two points of water,90,HIGH,1.5,False,False,unchanged,,21.54,2026-03-26T20:01:20.689027
century21_55e26d9bdc16,century21,1600.0,127.0,2.0,Ain Zaghouan,TUNIS,north,Ain Zaghouan Nord,Rent,Apartment,36.8626346,10.2866556,S+2|chauffage central|climatisation|climatisation multi split|cuisine équipée|deux chambres à coucher|four|hotte|meuble|parking|place de parking|plaque|salle de bain|salle à manger|salon,90,HIGH,1.5,False,False,unchanged,,12.6,2026-03-26T20:07:28.426596
century21_53e37616a1dc,century21,1300000.0,200.0,3.0,El Menzah,ARIANA,north,El Menzah 5,Sale,Land,36.8483853,10.1745278,cuisine équipée|garden|jardin|jardin d'hiver|jardin donnant sur une suite|parking|places de parking|salle d'eau|salon|suites|terrain|villa|îlot central,100,HIGH,1.5,False,False,unchanged,,6500.0,2026-03-27T11:50:10.553188
century21_58c425a613bd,century21,1700.0,173.0,3.0,La Marsa,TUNIS,north,Route du Relais,Rent,Apartment,36.8891165,10.3222671,chambres_a_coucher|chauffage central|chauffage_central|climatisation|climatisation_multi_split|cuisine|jardin|parking|place_parking|salle_a_Manger|salle_d'eau_invités|salon|terrasse,90,HIGH,1.5,False,False,unchanged,,9.83,2026-03-26T20:25:48.445861
century21_565a48977ba5,century21,420000.0,175.0,,La Soukra,ARIANA,north,Chotrana 1,Sale,Commercial,36.8862706,10.2185958,activité|climatisation|haut standing|potential|réprise immédiate|salon de thé|surface totale 175 m²|terrace couverte avec pergola|terrasse|terrasse extérieure|équipement de marques reconnues,90,HIGH,1.5,False,False,unchanged,,2400.0,2026-03-27T12:07:46.889044
century21_550ea00e206f,century21,4500.0,200.0,3.0,Les Berges Du Lac,TUNIS,north,Les berges du Lac 2,Rent,Apartment,36.8472959,10.2744566,chambre de service|chambre de service avec salle de douche|chambres à coucher avec dressings|cuisine équipée|dressing au couloir|meuble|parking|place de parking au sous-sol|salle d'eau d'invités|salle de bain|salon|suite parentale|séchoir|terrasse|vue partielle sur Lac,90,HIGH,1.5,False,False,unchanged,,22.5,2026-03-26T20:41:01.946778
century21_55f3b1f1fcf3,century21,1700.0,100.0,2.0,Jardins De Carthage,TUNIS,north,Jardins de carthage,Rent,Commercial,36.8524621,10.2964735,chauffage central|climatisation|climatisation en split|deux  bureaux|hall d'accueil|jardin|meuble|salles d’eau,90,HIGH,1.5,False,False,unchanged,,17.0,2026-03-26T20:35:59.428313
century21_54aaa0e8825a,century21,2757.0,168.0,168,Les Berges Du Lac,TUNIS,north,Les berges du Lac 2,Rent,Commercial,36.8472959,10.2744566,chauffage central|climatisation|climatisation and heating central|kitchenettes|open space|parking|place de parking|two points of water,85,HIGH,1.5,True,False,unchanged,,16.41,2026-03-26T21:04:32.885288
century21_58d5e550d7ab,century21,1450.0,75.0,1,La Marsa,TUNIS,north,Sidi Daoud,Rent,Apartment,36.8660009,10.3090981,S+1|cabine de douche à l’italienne|chambre à coucher|chauffage central|climatisation|climatisation en Split système|cuisine équipée|parking|place de parking au sous-sol|salle d'eau|salon|séchoir,95,HIGH,1.5,False,False,unchanged,,19.33,2026-03-26T20:56:46.065116
century21_5633c68db875,century21,360000.0,117.0,3.0,Ain Zaghouan,TUNIS,north,Ain Zaghouan,Sale,Apartment,36.859234,10.277161,S+3|cellier|chauffage central|climatisation|climatisation multi split|cuisine équipée|four|hotte|parking|place de parking|plaque|salle de bain|salle à manger|salon|trois chambres à coucher,100,HIGH,1.5,False,False,unchanged,,3076.92,2026-03-27T11:39:24.566494
century21_5b4b94141d15,century21,750000.0,397.0,4.0,El Menzah,TUNIS,north,Mutuelleville,Sale,Villa,36.832405,10.174527,197 m² bâtis|201 m² jardin et terrasse|cuisine|deux salles de bain|jardin|r RDC de villa|salon|sejour|surface totale de 390 m²|terrasse|terrasse arrière|trois chambres à coucher,100,HIGH,1.5,False,False,unchanged,,1889.17,2026-03-27T11:50:23.266441
century21_5a375f842354,century21,2400000.0,500.0,4.0,La Soukra,ARIANA,north,Chotrana 3,Sale,Villa,36.8844931,10.2554316,chauffage central|climatisation|garden|jardin|parking|piscine|place de parking|pool|studio indépendant pour gardien,100,HIGH,1.5,False,False,unchanged,,4800.0,2026-03-27T12:00:04.906069
century21_592c386e050b,century21,1100.0,55.0,1,Aouina,TUNIS,north,Cité Les Palmeraies,Rent,Apartment,36.8598675,10.2649198,"S+1|chambre à coucher|chauffage central|climatisation|climatisation multi split|cuisine équipée de plaque, hotte et four|salle d'eau|salle de bain|salle à manger|salon",95,HIGH,1.5,False,False,unchanged,,20.0,2026-03-26T20:42:03.835640
century21_5f6930bea10f,century21,1300000.0,500.0,6.0,La Soukra,ARIANA,north,La Soukra,Sale,Land,36.8791039,10.2656209,400m² terrain|500m² bâtisse|S+6 typologie|cuisine équipée et aménagée|deux séjours|garage|garage pour 3 voiture|salle de bain commune|salle de douche|salon spacieuse avec balcon|studio équipé par une cuisine et une salle de douche|suite parental avec jacuzzi|séchoir|trois chambres à coucher|villa,100,HIGH,1.5,False,False,unchanged,,2600.0,2026-03-27T11:51:12.513521
century21_5f9bfd649618,century21,1600.0,55.0,,La Soukra,ARIANA,north,La Soukra,Rent,Commercial,36.8791039,10.2656209,ascenseur|climatisation|fibre optique|gardien de sécurité|kitchenette|parking|places de parking|points d’eau,80,GOOD,1.0,False,False,unchanged,,29.09,2026-03-26T21:02:52.589860
century21_5bd2ca303bbf,century21,370000.0,79.0,,Jardins De Carthage,TUNIS,north,Jardins de carthage,Sale,Apartment,36.8524621,10.2964735,balcon|cuisine équipée|jardin|s+1|salle d'eau|suite parentale,90,HIGH,1.5,False,False,unchanged,,4683.54,2026-03-27T11:29:35.111473
century21_5ce2cc2b2a07,century21,2200.0,140.0,2.0,Jardins De Carthage,TUNIS,north,Jardins de carthage,Rent,Apartment,36.8524621,10.2964735,Salle de bain avec douche à l’italienne|chambre à coucher avec balcon|chauffage central|climatisation|climatisation en Split système|cuisine équipée|dressing|jardin|parking|place de parking|salle de bain avec baignoire|terrasse,90,HIGH,1.5,False,False,unchanged,,15.71,2026-03-26T20:15:00.139275
century21_5b6afc354884,century21,7000.0,285.0,4.0,La Marsa,TUNIS,north,Marsa Essaâda,Rent,Apartment,36.880117,10.331673,buanderie|chauffage central|climatisation|climatisation par système split|cuisine équipée et aménagée|penthouse S+4|piscine|salle d'eau pour les invités|salle de douche|salon lumineux|suite parentale avec sa propre salle de douche|terrasse|trois chambres à coucher|vue dégagée sur la mer,80,GOOD,1.0,True,False,unchanged,,24.56,2026-03-26T20:33:27.987346
century21_5b3849c4f5b0,century21,2200.0,120.0,2.0,La Marsa,TUNIS,north,Sidi Daoud,Rent,Apartment,36.8660009,10.3090981,S+2|balcon|chambres aménagées|chauffage central|climatisation|climatisation centrale|cuisine indépendante|dressing|meuble|meubles|parking|place de parking|salle d'eau|salle de douche|séchoir,90,HIGH,1.5,False,False,unchanged,,18.33,2026-03-26T20:02:42.771957
century21_59cde04c053e,century21,385000.0,88.0,2.0,Ain Zaghouan,TUNIS,north,Ain Zaghouan Nord,Sale,Apartment,36.8626346,10.2866556,balcon|chauffage et climatisation central|climatisation|cuisine équipée avec séchoir|deux chambres à coucher|parking|place de parking au sous-sol|salle de bain commune,100,HIGH,1.5,False,False,unchanged,,4375.0,2026-03-27T12:07:02.308998
century21_616d0dc6d4f0,century21,950000.0,500.0,9.0,El Menzah,ARIANA,north,El Menzah 8,Sale,Land,36.856615,10.1717264,3 niveaux|aménagement en appartements à usage d'habitation ou de bureaux|année de construction 1985|centre de radiologie ou laboratoire d'analyses|chambres à coucher|crèche ou jardin d'enfants|cuisine|démolir|groupement de médecins|habitation principale ou secondaire|investissement locatif|jardin|polyvalent|rez de chaussé et premier étage|rez de jardin construit en pierre|rénover|salle de bain|salle à manger|salon|surface bâtie|terrain|titre individuel disponible|villa,100,HIGH,1.5,False,False,unchanged,,1900.0,2026-03-26T19:55:40.754065
century21_61962845b5e5,century21,435000.0,151.0,3.0,El Menzah,ARIANA,north,El Menzah 7,Sale,Apartment,36.8524946,10.1577208,cuisine équipée avec séchoir|salle d'eau avec cabine de douche|salle de bain|salon et salle à manger avec balcon|trois chambres à coucher avec dressings,100,HIGH,1.5,False,False,unchanged,,2880.79,2026-03-27T11:59:21.382180
century21_640f193bf6cb,century21,3500.0,320.0,5.0,La Marsa,TUNIS,north,Route du Relais,Rent,Villa,36.8891165,10.3222671,chauffage central|climatisation|climatisation multi split|garden|jardin|piscine|pool,90,HIGH,1.5,False,False,unchanged,,10.94,2026-03-26T20:58:11.114962
century21_64c62b5c0537,century21,,140.0,2.0,Ain Zaghouan,TUNIS,north,Ain Zaghouan Nord,Rent,Villa,36.8626346,10.2866556,balcon|chambres à coucher|cuisine|salle de bain|salon,80,GOOD,1.0,False,False,unchanged,,,2026-03-26T20:11:04.444672
century21_60e51c18fffa,century21,1600000.0,320.0,3.0,El Menzah,TUNIS,north,Mutuelleville,Sale,Villa,36.832405,10.174527,586m²|PMF|retaper,100,HIGH,1.5,False,False,unchanged,,5000.0,2026-03-27T12:05:55.488465
century21_605a11c9849c,century21,1350.0,148.0,4.0,El Menzah,TUNIS,north,El Menzah 4,Rent,Apartment,36.8401547,10.1773292,balcon|cuisine|dressing|point d’eau|salle de bain|salon|suite parentale|séchoir|trois chambres à coucher,90,HIGH,1.5,False,False,unchanged,,9.12,2026-03-26T20:23:57.093098
century21_627a3854a9b4,century21,1050000.0,550.0,10.0,El Menzah,TUNIS,north,El Menzah 9,Sale,Land,36.84708,10.151694,balcony|bathroom|bedroom|central heating|chauffage central|climatisation|cuisine|dining room|garage|garden|jardin|kitchenette|patio|room|salon|split air conditioning|studio|suite parentale|terrace|terrasse|three bedrooms,100,HIGH,1.5,False,False,unchanged,,1909.09,2026-03-26T19:53:26.266137
century21_6265d73de2d9,century21,1450.0,85.0,,El Menzah,TUNIS,north,Cité jardin,Rent,Commercial,36.827095,10.18384,Bloc sanitaire|Climatisation|Coin kitchenette|Deux pièces|Hall d'entrée|climatisation|jardin|meuble,80,GOOD,1.0,False,False,unchanged,,17.06,2026-03-26T20:55:15.984873
century21_60a7a39355a7,century21,355000.0,130.0,3.0,Aouina,TUNIS,north,Cité Les Palmeraies,Sale,Apartment,36.8598675,10.2649198,balcon|chambres_a_coucher|chauffage central|chauffage_central|climatisation|climatisation_multi_split|cuisine|four|hotte|parking|place_parking|plaque|salle_a_Manger|salle_d'eau|salon,100,HIGH,1.5,False,False,unchanged,0.0,2730.77,2026-03-27T11:22:28.301144
century21_634063f0598a,century21,530000.0,162.0,4.0,El Menzah,ARIANA,north,El Menzah 6,Sale,Villa,36.8491088,10.1661239,S+4|cuisine|duplex|garage|quatre chambres à coucher|salle d'eau|salle de bain|salon|terrasse,100,HIGH,1.5,False,False,unchanged,,3271.6,2026-03-27T11:39:02.596142
century21_6b303403443a,century21,7000.0,290.0,3.0,Les Berges Du Lac,TUNIS,north,Les berges du Lac 2,Rent,Apartment,36.8472959,10.2744566,balcon|bathroom|bedroom|chambre de service|double jacuzzi|kitchen|parking|piscine|swimming pool|terrace|terrasse|îlot central,80,GOOD,1.0,True,False,unchanged,,24.14,2026-03-26T20:52:52.602526
century21_683bdd2cc312,century21,2800.0,586.0,,Jardins De Carthage,TUNIS,north,Jardins de carthage,Sale,Land,36.8524621,10.2964735,gardens|jardin|superficie|terrain,70,GOOD,1.0,True,False,unchanged,,4.78,2026-03-27T11:36:39.352938
century21_68c028a02771,century21,950000.0,293.0,5.0,La Soukra,ARIANA,north,La Soukra,Sale,Villa,36.8791039,10.2656209,S+5|accès de service|balcon|chambres spacieuses|double dressing|dressing|jardin|kitchens équipées|salle d'eau invités|salle de bain|salon|sejour|suite parentale|terrasse|triplex|villa,100,HIGH,1.5,False,False,unchanged,,3242.32,2026-03-27T11:48:34.773817
century21_6835a1029b1e,century21,320000.0,100.0,2.0,Ennasr,ARIANA,north,Cite Ennasr 1,Sale,Apartment,36.862482,10.169195,cuisine équipée avec séchoir|deux chambres à coucher|salle d'eau pour invités|salle de bain|salon et salle à manger avec balcon,100,HIGH,1.5,False,False,unchanged,,3200.0,2026-03-27T11:31:29.670443
century21_6c682d1ed2b3,century21,,40.0,,La Marsa,TUNIS,north,Marsa Stade,Rent,Commercial,36.874035,10.318656,open space|salle d'eau,45,LOW,0.5,False,False,unchanged,,,2026-03-26T20:26:56.872466
century21_67d2a22be7ae,century21,515000.0,151.0,4.0,Cite El Khadra,TUNIS,north,Centre urbain nord,Sale,Apartment,36.8491156,10.196942,152 m²|S+3|chauffage central|climatisation|climatiseurs en Split|cuisine entièrement équipée|deux salles de bain|four|hotte|machine à vaisselle|parking|place de parking privative|plaque de cuisson|réfrigérateur|salon|trois chambres à coucher,100,HIGH,1.5,False,False,unchanged,,3410.6,2026-03-27T11:50:47.592118
century21_66561502f479,century21,1600000.0,320.0,4.0,Les Berges Du Lac,TUNIS,north,Les berges du Lac 2,Sale,Villa,36.8472959,10.2744566,cellier|chambre de service|chauffage central|climatisation|climatisation centrale|cuisine bien équipée|duplex S+3|parking|places de parking au sous-sol|salle d'eau pour les invités|salle de douche|suite parentale avec dressings et salle de bain (baignoire et cabine de douche à l’italienne)|suites juniors avec leurs dressings et salles de bain|éléments de rangement,100,HIGH,1.5,False,False,unchanged,,5000.0,2026-03-27T11:49:10.670020
century21_692ec1ce27af,century21,1600.0,80.0,2.0,Aouina,TUNIS,north,Cité Les Palmeraies,Rent,Commercial,36.8598675,10.2649198,chauffage central|climatisation|climatisation multi split|hall|salle d'eau|two bureaux,90,HIGH,1.5,False,False,unchanged,,20.0,2026-03-26T20:57:37.660368
century21_6c697f88f16a,century21,420000.0,128.0,,La Soukra,ARIANA,north,Chotrana 1,Sale,Apartment,36.8862706,10.2185958,chambre à coucher|chauffage central|climatisation|climatisation en split système|cuisine équipée|dressing|four|hotte|neuf|parking|place de parking|plaque|s+2|salle d'eau|salle de bain avec baignoire|salon avec balcon|suite parentale,90,HIGH,1.5,False,False,unchanged,,3281.25,2026-03-27T11:39:47.846114
century21_66ed816f387a,century21,590000.0,125.0,2.0,La Soukra,ARIANA,north,Chotrana 1,Sale,Apartment,36.8862706,10.2185958,Chambre à coucher aménagée par un dressing|Chauffage central|Climatisation|Cuisine aménagée et équipée|Place de parking au sous-sol|S+2|Salle d'eau|Salon|Split système|Suite parentale munie de sa propre salle de bain et d’un grand dressing|Terrasse|Vidéophone|chauffage central|climatisation|parking|terrasse,100,HIGH,1.5,False,False,unchanged,,4720.0,2026-03-27T11:23:33.422613
century21_6e681489a461,century21,650000.0,200.0,3.0,El Kram,TUNIS,north,Le Kram Est,Sale,Land,36.83332,10.3175155,chambre aménagées avec dressing|chauffage central|climatisation|climatisation split|cuisine aménagée et équipée|grande chambre parentale|interphone|parking|salon|sdb commune|sdb invités|studio independent|système d’alarme|terrasse,100,HIGH,1.5,False,False,unchanged,,3250.0,2026-03-27T11:37:53.424462
century21_6e5906eef22c,century21,1500.0,65.0,2.0,Ennasr,ARIANA,north,Cite Ennasr 2,Rent,Apartment,36.864679,10.160655,Climatisation centrale chaud / froid|Kitchenette|Point d’eau|climatisation,90,HIGH,1.5,False,False,unchanged,,23.08,2026-03-26T20:00:12.744435
century21_6ddd941d84b6,century21,564000.0,97.0,2.0,Jardins De Carthage,TUNIS,north,Jardins de carthage,Sale,Apartment,36.8524621,10.2964735,S+2|balcon|chauffage central|climatisation|climatisation en Split|cuisine équipée|deux chambres à coucher|dressing|jardin|parking|place de parking|salle d'eau|salle de bains avec baignoire|sous-sol,100,HIGH,1.5,False,False,unchanged,,5814.43,2026-03-27T11:42:49.559139
century21_6f8a0f16ae24,century21,1450.0,100.0,,El Menzah,TUNIS,north,Cité jardin,Rent,Commercial,36.827095,10.18384,Bloc sanitaire|Climatisation|Coin kitchenette|Deux pièces|Hall d'entrée|climatisation|jardin|meuble,80,GOOD,1.0,False,False,unchanged,,14.5,2026-03-26T20:55:27.893385
century21_715f4f05e1a8,century21,15000.0,900.0,4.0,Bab Bhar,TUNIS,north,Bab Bhar,Rent,Commercial,36.7969248,10.1766289,4 étage|700m²|900m²|Open space|bloc sanitaire|climatisation|climatisation en split système|fibre optique|kitchenette|meuble|sécurité par caméras de surveillance,80,GOOD,1.0,True,False,unchanged,,16.67,2026-03-26T20:08:07.142437
century21_6d514e90d630,century21,1800.0,250.0,,El Menzah,TUNIS,north,Tunis Belvedere,Rent,Commercial,36.8219921,10.1717264,250 m²|activité bureautique|jardin|rez-de-jardin,80,GOOD,1.0,False,False,unchanged,,7.2,2026-03-26T20:14:36.922238
century21_6d854c28ccad,century21,279000.0,130.0,2.0,Mnihla,ARIANA,north,Jardins d'El Menzah 2,Sale,Apartment,36.8611961,10.1339164,S+2|WC|ascenseur|balcon|cuisine équipée|double ascenseur|jardin|salle de bain|séchoir,100,HIGH,1.5,False,False,unchanged,,2146.15,2026-03-27T11:31:18.157574
century21_7142a9e06b2b,century21,4500.0,420.0,6.0,Jardins De Carthage,TUNIS,north,Jardins de carthage,Rent,Commercial,36.8524621,10.2964735,chauffage central|chauffage central and climatisation|climatisation|jardin|open space|point of water|storage|terrace|terrasse|three pieces of bureau,90,HIGH,1.5,False,False,unchanged,,10.71,2026-03-26T20:53:05.412996
century21_6fd33c2263ab,century21,211000.0,67.0,,Jardins D'El Menzah,ARIANA,north,Jardins d'el Menzah 1,Sale,Apartment,36.8447375,10.1395169,S+1|ascenseur|chambre|chauffage central|climatisation|cuisine équipée et aménagée|jardin|lumineux|salle de bain,90,HIGH,1.5,False,False,unchanged,,3149.25,2026-03-27T11:35:52.169295
century21_7147c15d2ec4,century21,1200.0,90.0,2.0,El Menzah,ARIANA,north,El Menzah 7,Rent,Apartment,36.8524946,10.1577208,S+2|balcon|cuisine avec séchoir|deux chambres à coucher|salle de douche,90,HIGH,1.5,False,False,unchanged,,13.33,2026-03-26T20:27:53.696816
century21_757cc4888649,century21,3500.0,160.0,,Les Berges Du Lac,TUNIS,north,Les berges du Lac 2,Rent,Commercial,36.8472959,10.2744566,Climatisation en split|Deux places de parking au sous sol|Fibre optique|climatisation|parking,80,GOOD,1.0,False,False,unchanged,,21.88,2026-03-26T20:25:12.757397
century21_778bb258cbd3,century21,257500.0,144.0,3.0,Mannouba,MANNOUBA,,La Mannouba,Sale,Villa,36.8093284,10.0863269,balcon|chambres|cuisine|salon|suite parentale|terrasse,100,HIGH,1.5,False,False,unchanged,,1788.19,2026-03-27T11:55:02.896317
century21_755a4e572bd1,century21,8100.0,250.0,4.0,Gammarth,TUNIS,north,Marina de Gammarth,Rent,Villa,36.9200621,10.3069939,air conditioning|chambre de service|chauffage central|climatisation|garage|garden|heating central|jardin|piscine|swimming pool|terrace|terrasse,90,HIGH,1.5,False,False,unchanged,,32.4,2026-03-26T20:47:17.924358
century21_75ab39b53f3f,century21,830000.0,284.0,3.0,La Soukra,ARIANA,north,Cite Des Juges,Sale,Villa,36.882768,10.3156812,balcon|chambres à coucher|chauffage central|climatisation|climatisation en système Split|cuisine équipée|duplex S+3|garage|garage privé|jardin|salle d'eau|salle de bain|salle à manger|salon|suite parentale|superficie: 284 m²|terrasse|terrasse secondaire,100,HIGH,1.5,False,False,unchanged,,2922.54,2026-03-26T19:57:24.383290
century21_756e82d9bb3b,century21,330000.0,80.0,2.0,Raoued,ARIANA,north,Raoued,Sale,Apartment,36.9487824,10.1983431,WC|chambres à coucher|cuisine équipée et aménagée|salon|terrasse|vue mer,100,HIGH,1.5,False,False,unchanged,,4125.0,2026-03-27T11:27:00.594686
century21_76f0d31fb910,century21,69000.0,404.0,,Menzel Temime,NABEUL,north,Lebna,Sale,Land,36.7822911,10.9863525,entrée_privée|habitation|surface_area|terrain,90,HIGH,1.5,False,False,unchanged,,170.79,2026-03-26T19:59:42.324338
century21_738a55465c2e,century21,8000.0,620.0,9.0,La Soukra,ARIANA,north,La Soukra,Rent,Villa,36.8791039,10.2656209,S+10|chauffage central|climatisation|climatisation multi split|garage|garden|jardin|piscine|terrasse|villa,90,HIGH,1.5,False,False,unchanged,,12.9,2026-03-26T20:16:15.415465
century21_72da86bac748,century21,1500.0,81.0,3.0,Cite El Khadra,TUNIS,north,Kheireddine Pacha,Rent,Commercial,36.8213268,10.1892279,Ascenseur|Caméra de surveillance|Chauffage central|Climatisation centrale|Hall d'entrée|Kitchenette|Parking privé|Trois pièces|ascenseur|chauffage central|climatisation|parking|salle d’eau,90,HIGH,1.5,False,False,unchanged,,18.52,2026-03-26T20:39:47.535289
century21_754ff3689da4,century21,2500.0,160.0,3.0,La Marsa,TUNIS,north,Marsa Stade,Rent,Apartment,36.874035,10.318656,balcon|chambres à coucher|chauffage central|climatisation|climatisation en système Split|cuisine équipée et aménagée|dressing|parking|place de parking au sous-sol|salle d'eau pour les invités|salle de bain|salon|suite parentale|séchoir,90,HIGH,1.5,False,False,unchanged,,15.62,2026-03-26T20:25:35.678453
century21_76c858e7fd9f,century21,2500.0,103.0,2.0,Cite El Khadra,TUNIS,north,Cité El Khadra,Rent,Commercial,36.8304736,10.196942,Hall|kitchenette|parking|place of parking|two points of water|two rooms,90,HIGH,1.5,False,False,unchanged,,24.27,2026-03-26T20:37:12.024082
century21_789146430df3,century21,247000.0,67.0,,Nabeul,NABEUL,north,Cité El Wafa AFH 2,Sale,Apartment,36.4420874,10.6944554,chambre|cuisine|salle d'eau|salon,90,HIGH,1.5,False,False,unchanged,,3686.57,2026-03-27T11:37:42.237895
century21_78ae1edde1b1,century21,3500.0,419.0,4.0,El Menzah,TUNIS,north,El Manar 2,Rent,Commercial,36.8391789,10.1577208,Chauffage centrale|Climatisation|Garage|chauffage central|climatisation|garage,90,HIGH,1.5,False,False,unchanged,,8.35,2026-03-26T20:07:42.516973
century21_787c22963e1a,century21,370000.0,160.0,4.0,La Soukra,ARIANA,north,Dar Fadhal,Sale,Land,36.8679869,10.2403858,160 m²|80 m² apartment|construction|possibility of transformation|terrace|terrain|terrasse|two apartments|villa,100,HIGH,1.5,False,False,unchanged,,2312.5,2026-03-27T11:48:22.618071
century21_79c05035778c,century21,450000.0,150.0,3.0,Les Berges Du Lac,TUNIS,north,Les berges du Lac 1,Sale,Apartment,36.8396823,10.2466798,150m²|cuisine équipée|parking|place de parking|s+3|salle d'eau|salle de bain|salon|trois chambres à coucher,100,HIGH,1.5,False,False,unchanged,,3000.0,2026-03-27T11:32:27.030317
century21_796a61586351,century21,1500000.0,500.0,3.0,La Soukra,ARIANA,north,Dar Fadhal,Sale,Villa,36.8679869,10.2403858,cuisine|four|hotte|jardin|parking|piscine|place parking|plaque de cuisson|salon|terrasse,100,HIGH,1.5,False,False,unchanged,,3000.0,2026-03-27T12:02:04.946874
century21_7950adacbbdc,century21,1350.0,70.0,,Cite El Khadra,TUNIS,north,Centre urbain nord,Rent,Commercial,36.8491156,10.196942,ascenseur|ascenseurs|kitchenette|open space|salle d'eau,80,GOOD,1.0,False,False,unchanged,,19.29,2026-03-26T20:03:38.219617
century21_781d74614b9f,century21,850000.0,189.0,4.0,Les Berges Du Lac,TUNIS,north,Les berges du Lac 2,Sale,Commercial,36.8472959,10.2744566,central air conditioning|central heating|chauffage central|climatisation|kitchen|open space|parking|point d'eau|second point d'eau with shower|three offices|two parking places,80,GOOD,1.0,True,False,unchanged,,4497.35,2026-03-27T11:28:12.437800
century21_79562dda3aca,century21,1500.0,119.0,2.0,La Soukra,ARIANA,north,La Nouvelle Soukra,Rent,Apartment,36.8645031,10.2721983,"S+2|chambre à coucher|chauffage central|climatisation|climatisation multi split|cuisine équipée de plaque, hotte et four|parking|place de parking|salle d'eau|salle de bain|salle à manger|salon|suite parentale",90,HIGH,1.5,False,False,unchanged,,12.61,2026-03-26T20:03:50.725418
century21_7935bd52e199,century21,3000.0,70.0,,La Soukra,ARIANA,north,La Soukra,Rent,Commercial,36.8791039,10.2656209,70 m²|H+1|agence|bureau|cabinet|commerce de détail|local commercial|rez-de-chaussée|showroom|zone dynamique,70,GOOD,1.0,True,False,unchanged,,42.86,2026-03-26T20:26:23.649191
century21_797d3289a1bd,century21,1300.0,85.0,3.0,Bab Bhar,TUNIS,north,Lafayette,Rent,Commercial,36.811319,10.180595,Hall +3|kitchenette|point d’eau|three pieces,90,HIGH,1.5,False,False,unchanged,,15.29,2026-03-26T20:37:01.027685
century21_7de5971479c9,century21,335000.0,103.0,2.0,Nabeul,NABEUL,north,Cité El Mahrsi 2,Sale,Apartment,36.4371103,10.7069688,"chauffage central|climatisation|climatisation par split système|cuisine spacieuse et bien équipée|deux chambres à coucher avec des dressings|grand salon|revêtement, sanitaire et menuiserie de 1er choix|salle d'eau pour les invités|salle de douche à l’italienne|vue dégagée",100,HIGH,1.5,False,False,unchanged,,3252.43,2026-03-27T12:02:42.495024
century21_7a5662f7d123,century21,1500.0,167.0,3.0,Sousse Jaouhara,SOUSSE,east,Khezama Ouest,Rent,Apartment,35.8452346,10.6027605,cuisine équipée|parking|place parking|s+3|salle d'eau|salle de bain|salon salle à manger|terrace|terrasse|trois chambres à coucher,90,HIGH,1.5,False,False,unchanged,,8.98,2026-03-26T20:02:57.637364
century21_7d9fd3df44af,century21,10000.0,200.0,,Cite El Khadra,TUNIS,north,Cité El Khadra,Rent,Commercial,36.8304736,10.196942,chauffage central|climatisation|climatisation multi split|parking|places de parking,80,GOOD,1.0,False,False,unchanged,,50.0,2026-03-26T20:27:42.589303
century21_7c7f2091cc8a,century21,1550000.0,285.0,4.0,Gammarth,TUNIS,north,Gammarth Sup,Sale,Villa,36.8923669,10.3119038,chambre de service|chauffage central|climatisation|climatisation multi split|parking|piscine|place de parking|pool,100,HIGH,1.5,False,False,unchanged,,5438.6,2026-03-27T11:22:06.043085
century21_7a688ba5a493,century21,2000.0,135.0,2.0,La Marsa,TUNIS,north,Cité des Juges 2,Rent,Villa,36.882768,10.3156812,chauffage central|climatisation|climatisation en système split|cuisine ouverte équipée et aménagée|deux suites parentales équipées de dressings|entrée indépendante|garage|jardin|meuble|salle d'eau pour les invités|salon lumineux,90,HIGH,1.5,False,False,unchanged,,14.81,2026-03-26T20:50:18.680505
century21_7c20e31eae96,century21,610000.0,153.0,4.0,Jardins De Carthage,TUNIS,north,Jardins de carthage,Sale,Apartment,36.8524621,10.2964735,S+4|balcon|cuisine équipée avec séchoir|dressing|jardin|jardins de Carthage|parking|place de parking au sous-sol|quatre chambres à coucher|salle d'eau|salle de bain|salon,100,HIGH,1.5,False,False,unchanged,,3986.93,2026-03-27T11:24:06.903903
century21_7cbe93a685ef,century21,2900.0,200.0,4.0,Jardins De Carthage,TUNIS,north,Jardins de carthage,Rent,Villa,36.8524621,10.2964735,S+4|baignoire|chambres à coucher|chauffage central|climatisation|climatisation Split système|cuisine équipée|dressing|garage|jardin|parking|place de parking au garage|salle d'eau|salle de bain commune|salle de douche à l’italienne|suite parentale|terrasse,90,HIGH,1.5,False,False,unchanged,,14.5,2026-03-26T20:40:12.489615
century21_7a3cb91b277d,century21,750000.0,250.0,3.0,La Soukra,ARIANA,north,La Soukra,Sale,Land,36.8791039,10.2656209,garden|jardin|parking|patio|piscine|pool|terrasse,100,HIGH,1.5,False,False,unchanged,,3000.0,2026-03-27T11:35:06.230267
century21_7cd1268382a3,century21,2400.0,95.0,,Les Berges Du Lac,TUNIS,north,Les berges du Lac 2,Rent,Commercial,36.8472959,10.2744566,Place de parking|bureau|chauffage central|climatisation|climatisation en split système|meuble|open space|parking|salles d'eau|sous-sol,80,GOOD,1.0,False,False,unchanged,,25.26,2026-03-26T20:47:55.469575
century21_7ae50c871d49,century21,1150000.0,1100.0,9.0,El Menzah,ARIANA,north,El Menzah 7,Sale,Land,36.8524946,10.1577208,clinique|grands_volumes|habitation_de_prestige|restructuration_complète|siège_de_société|surface_bâtie|terrain|école_privée|édifiée_sur_trois_niveaux,100,HIGH,1.5,False,False,unchanged,,1045.45,2026-03-27T12:02:55.339202
century21_8031726f1280,century21,,200.0,4.0,El Menzah,TUNIS,north,El Menzah 1,Rent,Commercial,36.8396719,10.1829325,200m²|H+4|Hall|Kitchenette|Quatre pièces|Salle d'eau,80,GOOD,1.0,False,False,unchanged,,,2026-03-26T20:45:42.180164
century21_82d0cde74c9a,century21,900000.0,170.0,3.0,Jardins De Carthage,TUNIS,north,Jardins de carthage,Sale,Apartment,36.8524621,10.2964735,S+3|chambres a coucher|chauffage central|climatisation|cuisine|douche à l’italienne|dressing|jardin|parking|place de parking|salle d'eau|salle de bain|salon|suite parentale|terrasse,100,HIGH,1.5,False,False,unchanged,,5294.12,2026-03-27T11:47:35.539672
century21_80abfd0d2296,century21,,230.0,4.0,Carthage,TUNIS,north,Carthage Byrsa,Rent,Commercial,36.8606601,10.3245306,abris pour deux voitures|jardin|jardin gazonné|piscine|terrasse,80,GOOD,1.0,False,False,unchanged,,,2026-03-26T20:18:18.316421
century21_7ec361936ec1,century21,400000.0,137.0,3.0,Ariana Ville,ARIANA,north,Riadh Landlous,Sale,Apartment,36.8805752,10.1717264,balcon|cellier|chambres à coucher|cuisine équipée|parking|place de parking|salle d'eau|salle de bain|salon|séchoir,100,HIGH,1.5,False,False,unchanged,,2919.71,2026-03-27T11:34:20.348893
century21_815677f09b1d,century21,3500.0,170.0,2.0,La Marsa,TUNIS,north,Sidi Daoud,Rent,Apartment,36.8660009,10.3090981,chauffage central|climatisation|climatisation en Split système|cuisine équipée|dressing|parking|piscine|place de parking|pool|salle d'eau|salles de douche|suites parentales|séchoir,90,HIGH,1.5,False,False,unchanged,,20.59,2026-03-26T21:00:01.772962
century21_7f0a5399e2b4,century21,320000.0,101.0,2.0,Ain Zaghouan,TUNIS,north,Ain Zaghouan Nord,Sale,Villa,36.4025,10.1431,chambre de service|cuisine ouvert sur la terrasse|deux chambres à coucher avec dressings intégrés|garage|salle d'eau pour les invités|salon ouvert sur la terrasse|terrasse,100,HIGH,1.5,False,False,unchanged,,3168.32,2026-03-27T11:43:01.398470
century21_7f914016776d,century21,1000.0,987.0,,Korba,NABEUL,north,Korba Hached,Sale,Land,36.5806067,10.8620804,animation et loisirs|pieds dans l’eau,70,GOOD,1.0,True,False,unchanged,,1.01,2026-03-26T19:55:27.248938
century21_81bf62316cc6,century21,1900000.0,900.0,7.0,Sidi Thabet,ARIANA,north,Cebalet Ben Ammar,Sale,Land,36.8945542,10.0863269,chambre de service|garage|haut standing|jardin|piscine,100,HIGH,1.5,False,False,unchanged,,2111.11,2026-03-27T12:02:17.118517
century21_817792fa4c7e,century21,4000.0,330.0,4.0,Cité Mahrajène,TUNIS,north,Notre Dame,Rent,Villa,36.832989,10.16319,chauffage central|climatisation|climatisation split|fibre optique|haut standing|parking|places parking|terrasse,90,HIGH,1.5,False,False,unchanged,,12.12,2026-03-26T20:21:46.777983
century21_834d120ea15d,century21,675000.0,500.0,,La Soukra,ARIANA,north,Chotrana 3,Sale,Land,36.8844931,10.2554316,R+2|terrain,90,HIGH,1.5,False,False,unchanged,,1350.0,2026-03-26T19:59:15.274817
century21_863cb3c3f707,century21,3500.0,73.0,,Ain Zaghouan,TUNIS,north,Ain Zaghouan Nord,Rent,Commercial,36.8626346,10.2866556,emplacement stratégique|excellent visibility|façade|point d’eau,80,GOOD,1.0,False,False,unchanged,,47.95,2026-03-26T20:25:02.690276
century21_86942b73fbcf,century21,370000.0,166.0,3.0,Mnihla,ARIANA,north,Jardins d'El Menzah 2,Sale,Apartment,36.8611961,10.1339164,S+3|baignoire|chambres à coucher|chauffage central|climatisation|climatisation en Split système|cuisine|gardens|jardin|parking|place de parking|salle de bain|salon|terrasse,100,HIGH,1.5,False,False,unchanged,,2228.92,2026-03-27T11:39:35.958448
century21_86396b55ebe2,century21,1800.0,78.0,3,El Menzah,TUNIS,north,Cité jardin,Rent,Commercial,36.827095,10.18384,hall d'acceuil|jardin|kitchenette|pièce|point d’eau,95,HIGH,1.5,False,False,unchanged,,23.08,2026-03-26T20:22:12.521649
century21_8631fc65b90e,century21,1500.0,90.0,2.0,El Menzah,ARIANA,north,El Menzah 5,Rent,Apartment,36.8483853,10.1745278,balcon|cuisine ouverte avec séchoir|deux chambres à coucher|meuble|salle de douche,90,HIGH,1.5,False,False,unchanged,,16.67,2026-03-26T20:35:48.213363
century21_8717e34abd61,century21,2500.0,140.0,2.0,Jardins De Carthage,TUNIS,north,Jardins de carthage,Rent,Villa,36.8524621,10.2964735,cellier|jardin|parking|place de parking sous-sol,90,HIGH,1.5,False,False,unchanged,,17.86,2026-03-26T20:39:11.560582
century21_87563288e275,century21,3000.0,180.0,3.0,Jardins De Carthage,TUNIS,north,Jardins de carthage,Rent,Apartment,36.8524621,10.2964735,balcon|chambres à coucher|chauffage central|climatisation|cuisine équipée|dressing|dressings|jardin|parking|place de parking|salle d'eau|salle de douche à l’italienne|salon|suite parentale,90,HIGH,1.5,False,False,unchanged,,16.67,2026-03-26T20:17:30.481983
century21_839d3b3c6d14,century21,3000.0,180.0,5.0,La Marsa,TUNIS,north,Cité El Moustakbel (sidi Daoud),Rent,Commercial,36.8660009,10.3090981,Hall d’accueil|chauffage central|climatisation|climatisation et chauffage centralisés|deux bureaux indépendants|deux points d’eau|parking|place de parking au sous-sol|trois pièces séparées par une structure légère,90,HIGH,1.5,False,False,unchanged,,16.67,2026-03-26T20:36:34.879715
century21_8489febc2177,century21,970000.0,230.0,3.0,La Soukra,ARIANA,north,La Soukra,Sale,Land,36.8791039,10.2656209,180 m²|230 m²|S+3|chauffage central|climatisation|climatisation en split|cuisine entièrement équipée|four|garage|garage pour deux voitures avec porte motorisée|hall d'entrée en double hauteur|isolation thermique et phonique|jardin|piscine|plaque de cuisson|salle d'eau pour les invités|salon et salle à manger|suite principale avec dressing sur mesure et balcon|suites juniors avec dressings sur mesure|villa,100,HIGH,1.5,False,False,unchanged,,4217.39,2026-03-27T12:07:58.816217
century21_85675cfd030e,century21,2300.0,143.0,3.0,La Marsa,TUNIS,north,Marsa Stade,Rent,Villa,36.874035,10.318656,balcony|bathroom|bedroom|central heating|chambre de service|chauffage central|climatisation|dressing rooms|duplex S+3|kitchen|kitchenette|living room|sechoir|shower room|split system air conditioning|three bedrooms,90,HIGH,1.5,False,False,unchanged,,16.08,2026-03-26T20:31:30.783949
century21_83af5afe2ea1,century21,1350.0,85.0,3,Jardins De Carthage,TUNIS,north,Jardins de carthage,Rent,Apartment,36.8524621,10.2964735,balcon|chauffage central|climatisation|climatisation en Split système|cuisine à l’américaine|dressing|jardin|salle de douche à l’italienne,95,HIGH,1.5,False,False,unchanged,,15.88,2026-03-26T20:32:58.965315
century21_87de32be35fe,century21,310000.0,113.0,3.0,El Menzah,ARIANA,north,El Menzah 9,Sale,Apartment,36.84708,10.151694,113 m²|S+3|ascenseur|bathroom|kitchen|salle d'eau|salon|three bedrooms|totally renovated,100,HIGH,1.5,False,False,unchanged,,2743.36,2026-03-27T12:01:18.660043
century21_8aa08f52aae1,century21,1500.0,75.0,2.0,El Menzah,ARIANA,north,El Menzah 7,Rent,Commercial,36.8524946,10.1577208,2 pièces|hall|meuble|point d’eau,90,HIGH,1.5,False,False,unchanged,,20.0,2026-03-26T20:59:37.944043
century21_8b582faccb74,century21,535000.0,144.0,3.0,Nabeul,NABEUL,north,Cité El Wafa AFH 2,Sale,Apartment,36.4420874,10.6944554,balcon|bathroom|chauffage central|climatisation|dressing room|heating central|kitchen|parking|piscine|sechoir|split air conditioning|suite parentale|swimming pool|view mer|vue mer,100,HIGH,1.5,False,False,unchanged,,3715.28,2026-03-27T11:46:23.540396
century21_89b010eb2368,century21,1500.0,84.0,2.0,Sousse Ville,SOUSSE,east,Sousse Corniche,Rent,Commercial,35.8353904,10.6364493,great terrace|hall|kitchenette|point d'eau|terrasse|two rooms,90,HIGH,1.5,False,False,unchanged,,17.86,2026-03-26T20:54:29.131423
century21_8a90b246d2de,century21,1100.0,75.0,1,Nabeul,NABEUL,north,Cité El Wafa AFH 2,Rent,Villa,36.4420874,10.6944554,chauffage central|climatisation|heating central|parking|piscine|swimming pool|terrace|terrasse,95,HIGH,1.5,False,False,unchanged,,14.67,2026-03-26T20:45:30.228836
century21_8f341ed5e892,century21,3000000.0,800.0,5.0,La Soukra,ARIANA,north,La Soukra,Sale,Land,36.8791039,10.2656209,100m3|800m²|annexe|cars|cour|double salon|dressing|dressings|entirely renovated|fully equipped kitchen|garage|garage for 2 cars|grand jardin arboré et gazonné|hall d'entrée|jardin|kitchenette|large piscine|loge gardien|piscine|plain pied|sall d'eau|salle à manger|salles de bain|salon extérieur|suite parentale|suites juniors|swimming pool|séjour|two façades|two suites|villa,100,HIGH,1.5,False,False,unchanged,,3750.0,2026-03-27T11:55:15.489128
century21_8876bac772a4,century21,1800.0,70.0,,Jardins De Carthage,TUNIS,north,Jardins de carthage,Rent,Apartment,36.8524621,10.2964735,balcon|chauffage central|climatisation|cuisine équipée|douche à l’Italienne|dressing|jardin|parking|place de parking|salle de bain,80,GOOD,1.0,False,False,unchanged,,25.71,2026-03-26T20:15:24.134082
century21_8b99df5e2408,century21,15000.0,560.0,3.0,La Marsa,TUNIS,north,Cité Les Pins,Rent,Villa,36.868209,10.319682,bathroom|bedroom|chambre de service|garage|garden|haut standing|jardin|kitchen|laundry room|living room|loggia|piscine|storage space|swimming pool,80,GOOD,1.0,True,False,unchanged,,26.79,2026-03-26T21:02:39.946908
century21_8c94c982120f,century21,440000.0,110.0,2.0,La Soukra,ARIANA,north,La Nouvelle Soukra,Sale,Apartment,36.8645031,10.2721983,S+2|chauffage central|climatisation|climatisation multi split|cuisine équipée|deux chambres à coucher|four|hotte|parking|place de parking|plaque|salle d'eau|salle de bain|salle à manger|salon,100,HIGH,1.5,False,False,unchanged,,4000.0,2026-03-27T11:34:45.274151
century21_8ca1d302691c,century21,7500.0,80.0,,Les Berges Du Lac,TUNIS,north,Les berges du Lac 2,Rent,Commercial,36.8472959,10.2744566,double hauteur|superficie: 80 m²,70,GOOD,1.0,True,False,unchanged,,93.75,2026-03-26T20:15:12.677776
century21_904e83b8948a,century21,680000.0,197.0,3.0,Gammarth,TUNIS,north,Gammarth Forêt,Sale,Apartment,36.898385,10.300732,cellier|chambres_a_coucher|chauffage central|chauffage_central|climatisation|climatisation_multi_split|cuisine_equipée|four|hotte|jardin|micro-onde|parking|place_parking|plaque|salle_a_Manger|salle_d'eau|salle_de_bain|salon|sechoir|suite_parentale|terrace|terrasse,100,HIGH,1.5,False,False,unchanged,,3451.78,2026-03-27T11:49:23.626963
century21_958abcf541a6,century21,3500.0,160.0,2.0,Jardins De Carthage,TUNIS,north,Jardins de carthage,Rent,Apartment,36.8524621,10.2964735,S+2|chauffage central|climatisation|climatisation en Split système|cuisine équipée|dressing|jardin|meuble|parking|place de parking|salle d'eau|salles de douche à l’italienne|salon|suites|séchoir|terrasse,90,HIGH,1.5,False,False,unchanged,,21.88,2026-03-26T20:38:33.006913
century21_96acb2681314,century21,790000.0,183.0,3.0,Jardins De Carthage,TUNIS,north,Jardins de carthage,Sale,Apartment,36.8524621,10.2964735,balcon|cellier|chambres à coucher aménagées|chauffage central|climatisation|climatization|cuisine équipée|dressing|jardin|parking|places de parking|salle d'eau|salle de bain avec baignoire|suite parentale|séchoir,100,HIGH,1.5,False,False,unchanged,,4316.94,2026-03-27T12:02:29.390005
century21_91da7da468e0,century21,1700.0,120.0,3.0,Les Berges Du Lac,TUNIS,north,Les berges du Lac 1,Rent,Commercial,36.8396823,10.2466798,Deux salles d’eau|H+3|Hall|Trois bureau séparé|Une cuisine|parking|place de parking,90,HIGH,1.5,False,False,unchanged,,14.17,2026-03-26T20:53:28.425715
century21_954fd78ff3d7,century21,2100.0,130.0,2.0,Jardins De Carthage,TUNIS,north,Jardins de carthage,Rent,Apartment,36.8524621,10.2964735,chambre à coucher|chauffage|climatisation|climatisation centrale|cuisine équipée|dressing|jardin|parking|place de parking|salle de bain avec baignoire|salle de douche à l’italienne|suite parentale|terrasse,90,HIGH,1.5,False,False,unchanged,,16.15,2026-03-26T20:13:36.238995
century21_92e6ed659740,century21,195000.0,130.0,3.0,Ariana Ville,ARIANA,north,Cite Ennouzha,Sale,Apartment,36.866939,10.191911,S+3|WC|ascenseur|cuisine|salle de bain|salon|trois chambres a coucher,100,HIGH,1.5,False,False,unchanged,,1500.0,2026-03-27T11:48:48.367952
century21_94da036c3ec1,century21,3500.0,400.0,4.0,La Marsa,TUNIS,north,Cité Les Pins,Rent,Villa,36.868209,10.319682,abri pour deux voitures|cellier|cuisine équipée|deux Salle d’eau|deux salles de bain|quarts chambres|s+4|salon|sejour,90,HIGH,1.5,False,False,unchanged,,8.75,2026-03-26T20:23:33.519421
century21_8f3d937612a6,century21,3000.0,180.0,4.0,La Soukra,ARIANA,north,La Soukra,Rent,Villa,36.8791039,10.2656209,chauffage central|climatisation|climatisation multi split|garden|jardin|parking|piscine|place de parking|pool,90,HIGH,1.5,False,False,unchanged,,16.67,2026-03-26T21:07:28.269873
century21_95273a01f9ee,century21,1350000.0,295.0,4.0,La Soukra,ARIANA,north,Chotrana 1,Sale,Land,36.8862706,10.2185958,garden|jardin|parking|piscine|pool|swimming pool,100,HIGH,1.5,False,False,unchanged,,4576.27,2026-03-27T12:07:25.947903
century21_963d778f6aac,century21,2200.0,140.0,3.0,Cite El Khadra,TUNIS,north,Centre urbain nord,Rent,Commercial,36.8491156,10.196942,Chauffage central|Climatisation en split|Deux points d’eau|Entrée indépendante|Hall d'accueil|Place de parking|Quatre pièces|chauffage central|climatisation|jardin|parking,90,HIGH,1.5,False,False,unchanged,,15.71,2026-03-26T20:25:24.389778
century21_9a1bc93ebfc2,century21,635000.0,170.0,3.0,Ain Zaghouan,TUNIS,north,Ain Zaghouan Nord,Sale,Apartment,36.8626346,10.2866556,S+3|chambres à coucher|chauffage central|climatisation|climatisation central|cuisine équipée|four|hotte|parking|place de parking|plaque|salle d'eau|salle de bain|salle à manger|salon|suite parentale|terrasse,100,HIGH,1.5,False,False,unchanged,,3735.29,2026-03-27T12:04:13.640381
century21_9af68797b295,century21,1400.0,61.0,,El Menzah,TUNIS,north,Cité jardin,Rent,Commercial,36.827095,10.18384,Bloc sanitaire|Climatisation|Coin kitchenette|Hall d'entrée|Pièce|climatisation|jardin|meuble,80,GOOD,1.0,False,False,unchanged,,22.95,2026-03-26T20:56:01.180901
century21_99717a3e0ca6,century21,7200.0,220.0,5.0,Les Berges Du Lac,TUNIS,north,Les berges du Lac 2,Rent,Commercial,36.8472959,10.2744566,chauffage|climatisation|cuisine|local technique|parking|places de parkings|quatre bureaux|reception|salle de reunion|salles d'eau|sous-sol,90,HIGH,1.5,False,False,unchanged,,32.73,2026-03-26T20:41:27.511206
century21_972f52ed789f,century21,,92.0,,El Menzah,ARIANA,north,El Menzah 7,Rent,Commercial,36.8524946,10.1577208,activities interdites: restaurant and café|local commercial|surface area: 75 m²,45,LOW,0.5,False,False,unchanged,,,2026-03-26T20:59:26.971940
century21_98a67292a7cd,century21,235000.0,100.0,2.0,Aouina,TUNIS,north,Cité Les Palmeraies,Sale,Apartment,36.8598675,10.2649198,balcon|chambres à coucher|cuisine|hall|parking|parking collectif|placard|salle de bain|salon,70,GOOD,1.0,False,True,unchanged,,2350.0,2026-03-27T11:26:47.998338
century21_992cedccc482,century21,6000.0,157.0,,La Soukra,ARIANA,north,La Nouvelle Soukra,Sale,Commercial,36.8645031,10.2721983,157 m²|H+0|Toute activité|local commercial,70,GOOD,1.0,True,False,unchanged,,38.22,2026-03-27T11:52:24.100107
century21_99958910d407,century21,4300.0,220.0,4.0,La Marsa,TUNIS,north,Marsa Plage,Rent,Apartment,36.8866832,10.3316545,chambres aménagées|chauffage central|climatisation|climatisation en Split système|cuisine aménagée|dressing|parking|place de parking|salle d'eau|salle de bain avec baignoire commune|salle de douche|salon / salle à manger|suite parentale|séchoir|séjour|terrasse|vue mer|vue sur mer,90,HIGH,1.5,False,False,unchanged,,19.55,2026-03-26T20:29:53.941531
century21_9b5af356af02,century21,340000.0,94.0,2.0,Nabeul,NABEUL,north,Cité El Wafa AFH 2,Sale,Apartment,36.4420874,10.6944554,S+2|dressing|equipped|lumineux|salle d'eau|terrasse|vue,100,HIGH,1.5,False,False,unchanged,,3617.02,2026-03-27T11:41:20.052758
century21_96d230cd3f3a,century21,1300000.0,390.0,4.0,El Menzah,TUNIS,north,Cité jardin,Sale,Land,36.827095,10.18384,H+6|S+4|balcon|bureau|chambre avec dressing|chambre avec dressing donnant sur la terrasse|chambre donnant sur la terrasse|cuisine|jardin|parking|piece d'accueil|places de parking|salle d'eau|salle de bain|salon en open space|suite parentale|terrain|terrasse|villa,100,HIGH,1.5,False,False,unchanged,,3333.33,2026-03-27T11:34:32.435811
century21_99beb569ad38,century21,2100.0,90.0,2.0,Jardins De Carthage,TUNIS,north,Jardins de carthage,Rent,Apartment,36.8524621,10.2964735,S+2|balcon|chambres à coucher|cuisine aménagée et équipée|dressing|jardin|neuf|parking|place de parking au sous-sol|salle de bain|séchoir,90,HIGH,1.5,False,False,unchanged,,23.33,2026-03-26T20:58:00.225237
century21_9c63963d046c,century21,370000.0,91.0,2.0,Nabeul,NABEUL,north,Cité El Wafa AFH 2,Sale,Apartment,36.4420874,10.6944554,S+2|balcon|cellier|chambre à coucher|chauffage central|climatisation|climatisation en système split|cuisine ouverte|dressing|parking|place de parking|salle de douche à l’italienne|salon,100,HIGH,1.5,False,False,unchanged,,4065.93,2026-03-27T12:04:47.183320
century21_9ea4d1e31d61,century21,420000.0,180.0,2.0,Hammamet,NABEUL,north,Hammamet Sud,Sale,Villa,36.4040068,10.5689948,cellier|chambres|cuisine|jardin|parking|salle d'eau|salon|surface jardin|terrasse,100,HIGH,1.5,False,False,unchanged,,2333.33,2026-03-27T11:25:51.135066
century21_a06a868f83c9,century21,280000.0,151.0,3.0,El Menzah,ARIANA,north,El Menzah 8,Sale,Apartment,36.856615,10.1717264,balcon|chambre à coucher|cuisine aménagée|dressing|garage|salle d'eau|salle de bain|suite|séchoir,100,HIGH,1.5,False,False,unchanged,,1854.3,2026-03-26T19:51:54.423996
century21_9b8b71718aec,century21,1300.0,120.0,3.0,Hammamet,NABEUL,north,Mrezga,Rent,Villa,36.423701,10.6663318,car shelter|jardin|kitchen equipped with storage|meuble|small garden|spacious salon|three bedrooms with dressings|two bathrooms,90,HIGH,1.5,False,False,unchanged,,10.83,2026-03-26T20:32:16.706664
century21_9bd71bf6fbb7,century21,3000.0,126.0,,Bab Bhar,TUNIS,north,Montplaisir,Rent,Commercial,36.8154575,10.1857342,chauffage central|climatisation|climatisation and heating central|kitchenette|open space|parking|place parking au sous-sol|two points of water,80,GOOD,1.0,False,False,unchanged,,23.81,2026-03-26T20:33:11.868051
century21_9ba44f991d99,century21,1350.0,120.0,2.0,Ain Zaghouan,TUNIS,north,Ain Zaghouan Nord,Rent,Villa,36.8626346,10.2866556,balcon|chauffage central|climatisation|climatisation Split|cuisine aménagée|deux chambres à coucher|dressing au couloir|salle d'eau|salle de bain avec baignoire|séchoir,90,HIGH,1.5,False,False,unchanged,,11.25,2026-03-26T20:04:43.178662
century21_9bbc7470bfb3,century21,385000.0,107.0,2.0,Nabeul,NABEUL,north,Cité El Wafa AFH 2,Sale,Apartment,36.4420874,10.6944554,S+2|chauffage central|climatisation|climatiseur|cuisine moderne entièrement équipée|deux chambres à coucher confortables|salle d'eau avec cabine de douche|salon spacieux et lumineux|terrasse,100,HIGH,1.5,False,False,unchanged,,3598.13,2026-03-27T11:40:23.193820
century21_9d6f9eaf4122,century21,850000.0,240.0,2.0,Megrine,BEN AROUS,north,Sidi Rezig,Sale,Villa,36.7648258,10.2473948,chambres_a_coucher|chauffage central|chauffage_central|climatisation|climatisation_multi_split|cuisine|jardin|parking|place_parking|salle_a_Manger|salle_d'eau|salle_de_bain|salon,100,HIGH,1.5,False,False,unchanged,,3541.67,2026-03-27T11:45:52.474776
century21_9d34722db65a,century21,530000.0,274.0,2.0,Jardins D'El Menzah,ARIANA,north,Jardins d'El Menzah 2,Sale,Villa,36.8611961,10.1339164,S+2|bathroom|bedrooms|chauffage central|climatisation|climatisation Split|garage|garden|jardin|kitchen|recently built|salon|sechoir|villa,100,HIGH,1.5,False,False,unchanged,,1934.31,2026-03-27T11:43:13.432002
century21_a009a6e3ead9,century21,475000.0,104.0,2.0,Nabeul,NABEUL,north,Cité El Wafa AFH 2,Sale,Apartment,36.4420874,10.6944554,S+2|chambre à coucher avec dressing|haut standing|lumineux|moderne et équipée|piscine|salle d'eau|suite parentale avec une salle de douche|terrasse|vue sur la mer et la montagne|vue sur les piscines de la résidence,100,HIGH,1.5,False,False,unchanged,,4567.31,2026-03-27T12:08:35.172644
century21_a1c179145a7d,century21,380000.0,180.0,3.0,Mnihla,ARIANA,north,Jardins d'el Menzah 1,Sale,Apartment,36.8447375,10.1395169,S+3|ascenseur|baignoire|chambres|chauffage central|cuisine|gardens|jardin|parking|place de parking|salle de bain|salon lumineux,100,HIGH,1.5,False,False,unchanged,,2111.11,2026-03-27T11:28:45.511330
century21_a374c68a9bde,century21,3800.0,250.0,4.0,Les Berges Du Lac,TUNIS,north,Les berges du Lac 2,Rent,Apartment,36.8472959,10.2744566,S+4|chambre de service|chauffage central|climatisation|climatisation en Split système|cuisine équipée|dressing|jardin|parking|place de parking|salle d'eau|salle de bain|salon|suite parentale|superficie: 250 m²|séchoir,90,HIGH,1.5,False,False,unchanged,,15.2,2026-03-26T21:00:13.929500
century21_a4fafc08c751,century21,1100.0,100.0,2.0,Hammam Sousse,SOUSSE,east,Hammam Sousse,Rent,Apartment,35.8864,10.5915,S+2|cuisine équipée avec séchoir|deux chambres à coucher|salle d'eau invités|salle de bain commune|salon|terrasse,90,HIGH,1.5,False,False,unchanged,,11.0,2026-03-26T20:55:50.922474
century21_a23998b12c08,century21,2500.0,124.0,2.0,La Marsa,TUNIS,north,Marsa Safsaf,Rent,Apartment,36.882638,10.33051,balcon|chambres à coucher|cuisine ouverte équipée et aménagée|dressing|parking|place de parking au sous-sol|salle de douche|salon|séchoir,90,HIGH,1.5,False,False,unchanged,,20.16,2026-03-26T21:06:40.975639
century21_a52669764594,century21,1200.0,97.0,,Ariana Ville,ARIANA,north,Nouvelle Ariana,Rent,Commercial,36.8549235,10.1836329,Hall|Kitchenette|Salle d'eau|Two rooms,80,GOOD,1.0,False,False,unchanged,,12.37,2026-03-26T20:29:43.609817
century21_a1a09a825273,century21,350000.0,70.0,,Jardins De Carthage,TUNIS,north,Jardins de carthage,Sale,Apartment,36.8524621,10.2964735,balcon|chauffage central|climatisation|cuisine équipée|douche a l’italienne|dressing|jardin|parking|place de parking|salle de bain,90,HIGH,1.5,False,False,unchanged,,5000.0,2026-03-27T12:06:38.547083
century21_a57cf79f7989,century21,1500.0,80.0,2.0,Ennasr,ARIANA,north,Cite Ennasr 1,Rent,Commercial,36.862482,10.169195,80 m²|H+2|Salle d'eau|accueil|chauffage central|climatisation|climatisation Split système|deux pièces|kitchenette,90,HIGH,1.5,False,False,unchanged,,18.75,2026-03-26T21:05:33.833289
century21_a07191c60838,century21,900.0,51.0,3,El Menzah,ARIANA,north,El Menzah 7,Rent,Apartment,36.8524946,10.1577208,S+1|chambre à coucher|cuisine avec séchoir|salle de bain|salon,95,HIGH,1.5,False,False,unchanged,,17.65,2026-03-26T20:19:45.870215
century21_a4cd98821e4d,century21,750000.0,150.0,3.0,Ain Zaghouan,TUNIS,north,Ain Zaghouan,Sale,Villa,36.859234,10.277161,130 m²|S+3|chambre au RDC|chambre à coucher|chauffage central|climatisation|climatisation multi split|cuisine équipée|duplex|four|hotte|parking|plaque|salle de bain|salle à manger|salon|suite parentale|terrasse|trois places de parking,100,HIGH,1.5,False,False,unchanged,,5000.0,2026-03-27T11:35:16.282980
century21_a31b48686fd2,century21,1200000.0,599.0,8.0,El Menzah,ARIANA,north,El Menzah 9,Sale,Land,36.84708,10.151694,buanderie|chauffage central|climatisation|climatisation multi split|garage|jumelée|patio|piscine|terrasse|villa|étage indépendant,100,HIGH,1.5,False,False,unchanged,,2003.34,2026-03-27T11:58:01.487088
century21_a7e8f40ae690,century21,5200.0,75.0,,Ain Zaghouan,TUNIS,north,Ain Zaghouan Nord,Rent,Commercial,36.8626346,10.2866556,activity: all commerce|artère principale|commercial|double height|high traffic|surface area in double height,70,GOOD,1.0,True,False,unchanged,,69.33,2026-03-26T20:16:42.898842
century21_ad5a47137725,century21,1450.0,110.0,2.0,La Soukra,ARIANA,north,La Soukra,Rent,Apartment,36.8791039,10.2656209,S+2|balcon|cuisine ouverte équipée|deux chambres à coucher|parking|place de parking attitrée|salle de bain|séchoir,90,HIGH,1.5,False,False,unchanged,,13.18,2026-03-26T20:31:07.122856
century21_ab6cd2a478c7,century21,1400000.0,400.0,6.0,El Menzah,ARIANA,north,El Menzah 6,Sale,Land,36.8491088,10.1661239,garden|jardin|local_for_rent|piscine|possibility_of_swimming_pool|renovation,100,HIGH,1.5,False,False,unchanged,,3500.0,2026-03-26T19:58:24.933395
century21_a980f894b5a4,century21,6500.0,220.0,4.0,La Marsa,TUNIS,north,Sidi Abdelaziz,Rent,Apartment,36.8899827,10.3224313,S+3|chambre de service|chambres à coucher|chauffage central|climatisation|climatisation multi split|cuisine richement équipée|jardin|salle d'eau invités|salle de douche|salle à manger|suite parentale avec terrasse|terrasse,80,GOOD,1.0,True,False,unchanged,,29.55,2026-03-26T20:53:50.494979
century21_addf8c287b09,century21,1400.0,100.0,2.0,La Marsa,TUNIS,north,Route du Relais,Rent,Apartment,36.8891165,10.3222671,S+2|chambres à coucher|cuisine aménagée|dressing|salle de douche|salon|terrasse,90,HIGH,1.5,False,False,unchanged,,14.0,2026-03-26T20:28:55.057278
century21_a5b93b9d14bf,century21,838000.0,138.0,2.0,Ain Zaghouan,TUNIS,north,Ain Zaghouan,Sale,Apartment,36.859234,10.277161,S+2|balcon|chauffage par le sol|climatisation|climatisation en split système|cuisine séparée|dressing|ilot central|jardin|neuf|parking|place de parking au sous-sol|salle de douche à l’italienne|suite parentale|système domotique,100,HIGH,1.5,False,False,unchanged,,6072.46,2026-03-27T12:45:25.433748
century21_ab82ea90c784,century21,1450000.0,289.0,4.0,La Soukra,ARIANA,north,La Soukra,Sale,Villa,36.8654419,10.2603873,ascenseur|baignoire|chambre à coucher|chauffage central|climatisation|climatisation central|cuisine|dressing|parking|piscine|pool|salle d'eau|salon|suite|terrasse,100,HIGH,1.5,False,False,unchanged,,5017.3,2026-03-27T12:03:18.399998
century21_ac31f05e19b3,century21,260000.0,99.0,3.0,El Menzah,TUNIS,north,El Menzah 4,Sale,Commercial,36.8401547,10.1773292,S+3|balcon|cuisine équipée|deux chambres à coucher spacieuses|salle d'eau pour les invités|salle de bain commune,100,HIGH,1.5,False,False,unchanged,,2626.26,2026-03-27T11:56:33.189858
century21_a8b0eb51e79f,century21,6100.0,331.0,,Bab Bhar,TUNIS,north,Lafayette,Rent,Commercial,36.811319,10.180595,R+1|climatisation|climatisation en split système|meuble|open space|parking|terrace|terrasse,80,GOOD,1.0,False,False,unchanged,,18.43,2026-03-26T20:32:05.581250
century21_a9d04213f7a8,century21,,200.0,2.0,Gammarth,TUNIS,north,Golden Tulipe,Rent,Villa,36.9173042,10.2852532,chambre de service|chambre à coucher|chauffage central|climatisation|climatisation en système split|cuisine aménagée et équipée|duplex|débarras|garden|jardin|meuble|salle d'eau|salon,80,GOOD,1.0,False,False,unchanged,,,2026-03-26T20:05:29.647285
century21_ae954f4eb4cc,century21,1800.0,100.0,,Jardins De Carthage,TUNIS,north,Jardins de carthage,Rent,Apartment,36.8524621,10.2964735,bathroom with shower|bedroom with dressing|central heating|chauffage central|climatisation|jardin|kitchen equipped|parking|salon spacious luminous with garden|split system air conditioning,80,GOOD,1.0,False,False,unchanged,,18.0,2026-03-26T20:27:31.687483
century21_ae1bc8fb8a13,century21,2850.0,120.0,2.0,Jardins De Carthage,TUNIS,north,Jardins de carthage,Rent,Apartment,36.8524621,10.2964735,S+2|balcon|balcons|cabine de douche|chauffage central|climatisation|climatisation en Split système|cuisine|dressing|four|hotte|jardin|lave-vaisselle|micro onde|parking|place de parking|plaque|réfrigérateur|salle d'eau|salle de bain|salle de douche à l’italienne|suite,90,HIGH,1.5,False,False,unchanged,,23.75,2026-03-26T20:19:10.210701
century21_afb0b252cb12,century21,850000.0,226.0,3.0,La Soukra,ARIANA,north,Chotrana 2,Sale,Villa,36.8885571,10.2318816,238 m²|S+3|a létage|abri de voiture|chambre de service|chambres à coucher|chauffage central|climatisation|climatisation central|cuisine équipée|duplex|four|hotte|jardin|plaque|salle d'eau|salle de bain|salle à manger|salon|suite parentale,100,HIGH,1.5,False,False,unchanged,,3761.06,2026-03-27T12:45:37.795755
century21_b15db367220b,century21,1800.0,130.0,2.0,Jardins De Carthage,TUNIS,north,Jardins de carthage,Rent,Apartment,36.8524621,10.2964735,baignoire|balcon|chambres à coucher|chauffage central|climatisation|climatisation en Split|cuisine équipée|dressing|jardin|parking|place de parking|salle d'eau|salle de bains|séchoir,90,HIGH,1.5,False,False,unchanged,,13.85,2026-03-26T20:50:52.999767
century21_afbba0d454ff,century21,850000.0,130.0,3.0,La Marsa,TUNIS,north,Cité des Juges 2,Sale,Villa,36.882768,10.3156812,chauffage central|climatisation|climatisation (système split)|garage|garage privé|jardin|terrasse,100,HIGH,1.5,False,False,unchanged,,6538.46,2026-03-27T11:36:58.301226
century21_af1b7b12d9fc,century21,1500.0,50.0,,El Menzah,TUNIS,north,Mutuelleville,Rent,Commercial,36.832405,10.174527,kitchenette|local commercial|mezzanine|point d'eau,80,GOOD,1.0,False,False,unchanged,,30.0,2026-03-26T20:45:17.860882
century21_b0eb189339f8,century21,760000.0,180.0,3.0,Nabeul,NABEUL,north,Cité mora,Sale,Villa,36.4512893,10.7356634,balcony|bathroom|central heating|chauffage central|dressing room|kitchen|parking|piscine|place of parking|salon|shower|suite parentale|swimming pool,100,HIGH,1.5,False,False,unchanged,,4222.22,2026-03-27T11:40:47.613445
century21_b09359734e9a,century21,350000.0,104.0,3.0,El Menzah,TUNIS,north,El Manar 1,Sale,Apartment,36.8391789,10.1577208,balcon|chambres à coucher|cuisine aménagée avec séchoir|parking|place de parking|salle de bain commune|salon|suite parentale,100,HIGH,1.5,False,False,unchanged,,3365.38,2026-03-27T11:59:10.503041
century21_b03de67292c5,century21,1350.0,82.0,2.0,Bab Bhar,TUNIS,north,Montplaisir,Rent,Commercial,36.8154575,10.1857342,2 bureaux|ascenseur|ascenseurs|hall d'accueil|kitchenette|salle d’eau,90,HIGH,1.5,False,False,unchanged,,16.46,2026-03-26T20:42:56.324798
century21_ae400a4c8edd,century21,300000.0,128.0,2.0,Ain Zaghouan,TUNIS,north,Ain Zaghouan,Sale,Apartment,36.859234,10.277161,127m²|Hall avec dressing|S+2|Salle de bain|cuisine avec séchoir|deux chambres à coucher avec dressings|hall d’entrée avec dressing|parking|places de parking collectives|résidence sécurisée|salle d’eau pour les invités|salon et salle à manger avec balcon,100,HIGH,1.5,False,False,unchanged,,2343.75,2026-03-27T11:49:36.444139
century21_b3643df3f7b0,century21,,50.0,,El Menzah,ARIANA,north,El Menzah 5,Rent,Commercial,36.8483853,10.1745278,espaces fonctionnels|kitchenette|lumineux|parking|place de parking|salle d'eau,45,LOW,0.5,False,False,unchanged,,,2026-03-26T20:05:17.659680
century21_b37375d81cc4,century21,35000.0,35.0,,El Menzah,ARIANA,north,El Menzah 8,Sale,Commercial,36.856615,10.1717264,emplacement|fort passage piéton|forte visibilité|loyer|superficie,90,HIGH,1.5,False,False,unchanged,,1000.0,2026-03-26T19:57:12.059634
century21_b4960182fc3f,century21,1400.0,80.0,,Bab Bhar,TUNIS,north,Taieb El M'hiri,Rent,Commercial,36.8186044,10.1801308,80m²|Chauffage central|Deux points d’eaux|H+4|Hall|Kitchenette|Place de parking|Quatre pièces|chauffage central|jardin|parking,80,GOOD,1.0,False,False,unchanged,,17.5,2026-03-26T20:17:56.237132
century21_b193ec1b84d6,century21,1150000.0,320.0,3.0,La Marsa,TUNIS,north,Cité El Khalil,Sale,Villa,36.8900683,10.3032483,cellier|chauffage central|cuisine équipée avec séchoir|garage|garage privatif|jardin|jardin aménagé|piscine|salle d'eau pour invités|salle à manger|salon|suite parentale|suites juniors,100,HIGH,1.5,False,False,unchanged,,3593.75,2026-03-27T12:01:52.636150
century21_b36d9194b10a,century21,1850.0,100.0,2.0,Les Berges Du Lac,TUNIS,north,Les berges du Lac 2,Rent,Apartment,36.8472959,10.2744566,cuisine équipée|deux chambres à coucher|parking|place parking au sous sol|s+2|salle de bain|salon,90,HIGH,1.5,False,False,unchanged,,18.5,2026-03-26T20:42:28.418534
century21_b6babd94baa1,century21,5600.0,185.0,2.0,Cite El Khadra,TUNIS,north,Centre urbain nord,Rent,Commercial,36.8491156,10.196942,chauffage central|climatisation|climatisation et chauffage centrale|hall d'accueil|kitchenettes|open space|parking|place de parking,90,HIGH,1.5,False,False,unchanged,,30.27,2026-03-26T20:31:18.987561
century21_b48f2079acdb,century21,650000.0,198.0,3.0,Ennasr,ARIANA,north,Cite Ennasr 2,Sale,Apartment,36.864679,10.160655,S+3|cellier|chauffage central|climatisation|climatisation en système split|cuisine équipée et aménagée avec séchoir|deux chambres à coucher avec dressing|jardin|parking|places de parking au sous-sol|salle d'eau invités|salle de bain|salon avec balcon|suite parentale|terrasse,100,HIGH,1.5,False,False,unchanged,,3282.83,2026-03-27T11:30:10.276708
century21_b1676b1d46e9,century21,1300.0,60.0,,El Menzah,ARIANA,north,El Menzah 9,Rent,Apartment,36.84708,10.151694,balcon|chambre à coucher|chauffage central|climatisation|climatisation split|cuisine équipée|parking|place de parking en sous-sol|salle d'eau avec cabine de douche,80,GOOD,1.0,False,False,unchanged,,21.67,2026-03-26T21:07:53.437771
century21_b6f8fced0fd5,century21,446500.0,1786.0,,Menzel Temime,NABEUL,north,Lebna,Sale,Land,36.7822911,10.9863525,surface de 1786m2|terrain à bâtir|titre individuel|vocation d’habitation,90,HIGH,1.5,False,False,unchanged,,250.0,2026-03-27T11:47:47.719594
century21_b45fd5a9d3f4,century21,3600.0,320.0,3.0,Jardins De Carthage,TUNIS,north,Jardins de carthage,Rent,Apartment,36.8524621,10.2964735,160 m2|bathroom with bathtub|central air conditioning|central heating|chauffage central|climatisation|dressing rooms|guest bathroom|jardin|kitchen|living room|parking|penthouse S+3|sechoir|terrace|terrasse|three bedrooms,90,HIGH,1.5,False,False,unchanged,,11.25,2026-03-26T20:21:34.861877
century21_ba2192d89882,century21,1800.0,130.0,3.0,Charguia,TUNIS,north,Charguia 2,Rent,Commercial,36.8549252,10.2067501,Climatisation|ascenseur|caméras de surveillance|chauffage central|climatisation|double ascenseurs|gardien de sécurité|parking|place de parking au sous-sol,90,HIGH,1.5,False,False,unchanged,,13.85,2026-03-26T20:26:45.166359
century21_bac3293f441b,century21,1300.0,100.0,2.0,La Soukra,ARIANA,north,La Soukra,Rent,Apartment,36.8791039,10.2656209,Place de parking au sous-sol|Salle d'eau|Salle de Bain commune|balcon|chauffage central|climatisation|cuisine équipée|deux chambres à coucher|dressing|parking|séchoir,90,HIGH,1.5,False,False,unchanged,,13.0,2026-03-26T20:16:02.688764
century21_b71bfd12715b,century21,2700.0,185.0,3.0,Ain Zaghouan,TUNIS,north,Ain Zaghouan Nord,Rent,Apartment,36.8626346,10.2866556,chambres_a_coucher|chauffage central|chauffage_central|climatisation|cuisine|four|hotte|parking|place_parking|plaque|salle_a_Manger|salle_d'eau|salle_de_bain|salon,90,HIGH,1.5,False,False,unchanged,,14.59,2026-03-26T20:44:02.035084
century21_b9546f8655f7,century21,1300.0,63.0,,Aouina,TUNIS,north,Aouina,Rent,Apartment,36.8556514,10.2557635,S+1|balcon|chambre à coucher|chauffage central|climatisation|climatisation en système Split|cuisine équipée et aménagée|dressing|parking|place de parking au sous-sol|salle de douche|séchoir,80,GOOD,1.0,False,False,unchanged,,20.63,2026-03-26T20:41:52.051125
century21_b9da3a56c371,century21,1000.0,633.0,,La Soukra,ARIANA,north,Chotrana 2,Sale,Land,36.8885571,10.2318816,R+2|habitation|terrain,70,GOOD,1.0,True,False,unchanged,,1.58,2026-03-27T11:33:58.644701
century21_bb9e7d54a5c5,century21,620000.0,200.0,3.0,La Marsa,TUNIS,north,Route du Relais,Sale,Apartment,36.8891165,10.3222671,Chauffage central|Climatisation multi split|chauffage central|climatisation|jardin,100,HIGH,1.5,False,False,unchanged,,3100.0,2026-03-27T11:29:59.001632
century21_b72f877d814c,century21,480000.0,155.0,3.0,Gammarth,TUNIS,north,Gammarth Forêt,Sale,Apartment,36.898385,10.300732,S+3|cuisine équipée avec séchoir|deux chambres à coucher|salle de bain|salon|suite parentale avec dressing et salle de bain,100,HIGH,1.5,False,False,unchanged,,3096.77,2026-03-27T11:27:25.024747
century21_bb1421336558,century21,2600.0,180.0,3.0,Jardins De Carthage,TUNIS,north,Jardins de carthage,Rent,Apartment,36.8524621,10.2964735,balcon|cellier|chambres à coucher|chauffage central|climatisation|cuisine équipée et aménagée avec séchoir|jardin|parking|places de parking au sous-sol|salle d'eau pour les invités|salle de bain|suite parentale,90,HIGH,1.5,False,False,unchanged,,14.44,2026-03-26T20:39:59.654574
century21_b92f0a6641b9,century21,7000.0,157.0,,La Soukra,ARIANA,north,La Nouvelle Soukra,Rent,Commercial,36.8645031,10.2721983,157 m²|La Nouvelle Soukra|Toute activité|local commercial,70,GOOD,1.0,True,False,unchanged,,44.59,2026-03-26T20:34:43.422816
century21_b9e77cf616bb,century21,3500.0,400.0,4.0,El Menzah,ARIANA,north,El Menzah 9,Rent,Commercial,36.84708,10.151694,cuisine|garage|jardin|salle d'eau|salon|terrasse,90,HIGH,1.5,False,False,unchanged,,8.75,2026-03-26T20:19:23.483372
century21_bfef1c49c331,century21,280000.0,128.0,3.0,Aouina,TUNIS,north,Cité Les Palmeraies,Sale,Apartment,36.8598675,10.2649198,"chauffage central|climatisation|climatisation en split|cuisine équipée de plaque, hotte et four|salle d'eau|salle de bain|salon|trois chambres à coucher",100,HIGH,1.5,False,False,unchanged,0.0,2187.5,2026-03-27T11:21:12.456531
century21_c06ff58b0763,century21,380000.0,89.0,2.0,Hammamet,NABEUL,north,Hammamet Sud,Sale,Apartment,36.4040068,10.5689948,chambres à coucher|cuisine|dressing|salle de bain|salle de douche|salon,100,HIGH,1.5,False,False,unchanged,,4269.66,2026-03-27T11:23:13.823121
century21_bd89dbaf14b8,century21,1800000.0,223.0,3.0,Jardins De Carthage,TUNIS,north,Jardins de carthage,Sale,Villa,36.8524621,10.2964735,chauffage central|climatisation|climatisation en Split système|garden|jardin|parking|piscine|pool|suite de service|terrace|terrasse,100,HIGH,1.5,False,False,unchanged,,8071.75,2026-03-27T11:48:09.048995
century21_bbd80e1c67a8,century21,290000.0,63.0,1,Nabeul,NABEUL,north,Cité El Wafa AFH 2,Sale,Apartment,36.4420874,10.6944554,chambre|cuisine|parking|place parking|salle d'eau|salon|terrace|terrasse,100,HIGH,1.5,False,False,unchanged,0.0,4603.17,2026-03-27T11:21:55.115526
century21_be5ecde39864,century21,6000.0,200.0,3.0,La Marsa,TUNIS,north,Sidi Abdelaziz,Rent,Apartment,36.8899827,10.3224313,Vu dégagée sur mer|chambres avec dressings|chauffage central|climatisation|cuisine équipée|parking|places de parking au sous-sol|salle d'eau|salle de bain commune|suite parentale avec dressings|séchoir attenant|terrasse,80,GOOD,1.0,True,False,unchanged,,30.0,2026-03-26T20:34:29.631271
century21_bc69bf86fbce,century21,,188.0,,La Marsa,TUNIS,north,Marsa Ville,Rent,Commercial,36.8891165,10.3222671,open space|terrasse,45,LOW,0.5,False,False,unchanged,,,2026-03-26T20:53:18.532056
century21_bdc45546d4a9,century21,1200000.0,416.0,5.0,Korba,NABEUL,north,Korba Hached,Sale,Villa,36.5806067,10.8620804,chambres|cuisine|entrée|patio|potential d’investissement|salle de bain|salon|style arabesque,100,HIGH,1.5,False,False,unchanged,,2884.62,2026-03-27T12:05:33.877618
century21_c028c312677e,century21,2500.0,144.0,4.0,Les Berges Du Lac,TUNIS,north,Les berges du Lac 1,Rent,Commercial,36.8396823,10.2466798,Climatisation et chauffage centrale|Deux points d’eaux|Hall d’accueil|Kitchenette|Quatre Pièces|chauffage central|climatisation|parking|une de place de parking sous sol,90,HIGH,1.5,False,False,unchanged,,17.36,2026-03-26T20:14:04.039888
century21_bd763bd2bef0,century21,250000.0,70.0,1,Aouina,TUNIS,north,Cité Les Palmeraies,Sale,Apartment,36.8598675,10.2649198,balcon|chambre à coucher|cuisine équipée|salle de bain,75,GOOD,1.0,False,True,unchanged,,3571.43,2026-03-27T11:26:35.860939
century21_bf926b86995c,century21,507200.0,317.0,,Mnihla,ARIANA,north,Jardins d'El Menzah 2,Sale,Land,36.8611961,10.1339164,jardin|terrain|villas,90,HIGH,1.5,False,False,unchanged,,1600.0,2026-03-27T11:40:12.186183
century21_c7f2e04b01c0,century21,245000.0,131.0,3.0,El Menzah,ARIANA,north,El Menzah 5,Sale,Commercial,36.8483853,10.1745278,1er étage|3 chambres à coucher|Chauffage central|Climatisation|Cuisine moderne équipée avec séchoir|Grand salon lumineux|S+3|Salle de bain + salle d'eau|chauffage central|climatisation|spacious,100,HIGH,1.5,False,False,unchanged,,1870.23,2026-03-27T11:22:40.150865
century21_c78c5c8758e5,century21,,650.0,9.0,El Menzah,ARIANA,north,El Menzah 9,Rent,Land,36.84708,10.151694,chambres à coucher|cuisine|débarras|garage|grand salon|jardin|salles d'eau|salles de bain|terrain|villa,80,GOOD,1.0,False,False,unchanged,,,2026-03-26T21:07:40.940587
century21_c6474a5a2456,century21,310000.0,207.0,,Nabeul,NABEUL,north,Cité El Wafa AFH 2,Sale,Land,36.4420874,10.6944554,AFH2|rectangulaire|terrain|titre foncier individuel,90,HIGH,1.5,False,False,unchanged,,1497.58,2026-03-27T11:44:06.731238
century21_c0ecaf174a23,century21,385000.0,85.0,,Ain Zaghouan,TUNIS,north,Ain Zaghouan Nord,Sale,Apartment,36.8626346,10.2866556,S+1|chambre à coucher|chauffage central|climatisation|climatisation multi split|cuisine équipée|four|hotte|plaque|salle d'eau|salle de bain|salle à manger|salon,90,HIGH,1.5,False,False,unchanged,,4529.41,2026-03-27T12:04:24.463580
century21_c440acfc52c4,century21,1200.0,64.0,2.0,Ain Zaghouan,TUNIS,north,Ain Zaghouan Nord,Rent,Villa,36.8626346,10.2866556,cuisine ouverte aménagée et équipée|deux chambres à coucher|entrée indépendante|salle de douche|salon lumineux,90,HIGH,1.5,False,False,unchanged,,18.75,2026-03-26T20:28:43.601309
century21_c346b130c69d,century21,300000.0,114.0,2.0,Aouina,TUNIS,north,Cité Les Palmeraies,Sale,Apartment,36.8598675,10.2649198,balcon|chambres à coucher aménagées|chauffage central|climatisation|cuisine équipée|dressing|parking|place de parking|salle de bain,100,HIGH,1.5,False,False,unchanged,,2631.58,2026-03-27T11:21:00.795571
century21_c1433851a314,century21,1100000.0,406.0,4.0,La Soukra,ARIANA,north,Chotrana 1,Sale,Apartment,36.8862706,10.2185958,chambre de service|chambres à coucher|chauffage central|climatisation|climatisation en split|cuisine équipée|dressing|haut standing|jardin|parking|place de parking|salle d'eau|salle de bain|salon|sejour|suite parentale|séchoir,80,GOOD,1.0,True,False,unchanged,,2709.36,2026-03-26T19:53:09.787007
century21_c8192a5084e2,century21,1200.0,103.0,2.0,Nabeul,NABEUL,north,Nabeul Thameur,Rent,Commercial,36.4510947,10.7268767,deux salle de consultation|meuble|point d’eau|salle de réception,90,HIGH,1.5,False,False,unchanged,,11.65,2026-03-26T20:30:54.090077
century21_c7841bfe5cda,century21,620000.0,140.0,2.0,Ain Zaghouan,TUNIS,north,Ain Zaghouan Nord,Sale,Villa,36.8626346,10.2866556,140 m²|S+2|balcon|chambres avec dressing|cuisine équipée avec séchoir|duplex|neuf|parking|place de parking sous-sol|salle d'eau|salon|suite parentale (dressing + salle d'eau),100,HIGH,1.5,False,False,unchanged,,4428.57,2026-03-27T11:52:47.718471
century21_c1e96ebf30af,century21,1600.0,127.0,2.0,Ain Zaghouan,TUNIS,north,Ain Zaghouan Nord,Rent,Apartment,36.8626346,10.2866556,S+2|chauffage central|climatisation|climatisation multi split|cuisine équipée|deux chambres à coucher|four|hotte|parking|place de parking|plaque|salle de bain|salle à manger|salon,90,HIGH,1.5,False,False,unchanged,,12.6,2026-03-26T20:28:06.346875
century21_ca5fa10c92e9,century21,720000.0,200.0,3.0,Jardins De Carthage,TUNIS,north,Jardins de carthage,Sale,Apartment,36.8524621,10.2964735,balcon|chambres aménagées|chauffage central|climatisation|climatisation centrale|cuisine aménagée|dressing|jardin|parking|place de parking|salle d'eau|salle de bain avec baignoire|salle de douche|suite parentale|séchoir,100,HIGH,1.5,False,False,unchanged,,3600.0,2026-03-27T12:09:17.388799
century21_cb78373dde1f,century21,1500.0,110.0,3.0,Bab Bhar,TUNIS,north,Montplaisir,Rent,Commercial,36.8154575,10.1857342,3 bureaux|ascenseur|ascenseurs|hall d'accueil|kitchenette|salle d’eau,90,HIGH,1.5,False,False,unchanged,,13.64,2026-03-26T20:13:25.702268
century21_c84363db80db,century21,4000.0,200.0,,Les Berges Du Lac,TUNIS,north,Les berges du Lac 2,Rent,Commercial,36.8472959,10.2744566,kitchenette|open space|parking|place parking au sous sol|sanitaires,80,GOOD,1.0,False,False,unchanged,,20.0,2026-03-26T21:02:01.345600
century21_c950a51fcde5,century21,1900.0,32.0,,El Menzah,ARIANA,north,El Menzah 7,Rent,Commercial,36.8524946,10.1577208,32m²|local commercial|location simple,70,GOOD,1.0,True,False,unchanged,,59.38,2026-03-26T20:12:45.703835
century21_cdeb60875dd1,century21,450000.0,168.0,3.0,Cité Mahrajène,TUNIS,north,Notre Dame,Sale,Apartment,36.832989,10.16319,balcon|chambre_a_coucher|cuisine|débarras|placards|salle_a_manger|salle_d'eau|salle_d'eau_avec_cabine_de_douche|salle_de_bain|salon|séchoir|terrasse,100,HIGH,1.5,False,False,unchanged,0.0,2678.57,2026-03-27T11:20:15.678142
century21_cd93db8d518d,century21,550000.0,142.0,2.0,La Soukra,ARIANA,north,Dar Fadhal,Sale,Apartment,36.8679869,10.2403858,chambre à coucher|cuisine équipée|espace dressing|parking|place de parking|salle d'eau|salon|suite parentale|terrasse,100,HIGH,1.5,False,False,unchanged,,3873.24,2026-03-26T19:58:39.001873
century21_c82cde1ea907,century21,45.0,6800.0,,Kalaa Essghira,SOUSSE,east,Kalaa Essghira,Sale,Land,35.8217563,10.5605541,superficie du terrain : 6800 m2|terrain|titre foncier individuel|vocation : Terrain agricole,60,GOOD,1.0,True,False,unchanged,,0.01,2026-03-27T11:32:48.020000
century21_cca8c541d68c,century21,1600.0,165.0,3.0,La Marsa,TUNIS,north,Cité des Juges 2,Rent,Villa,36.882768,10.3156812,balcon|chauffage central|climatisation|climatisation système split|cuisine aménagée et équipée|entrée indépendante|salle d'eau pour les invités|salle de bain|salon lumineux|séchoir|terrasse|trois chambres à coucher,90,HIGH,1.5,False,False,unchanged,,9.7,2026-03-26T20:29:06.695542
century21_cb8c891a2bca,century21,1800.0,250.0,3.0,Nabeul,NABEUL,north,Cité El Mahrsi 1,Rent,Villa,36.4371103,10.7069688,chambre à coucher|chauffage central|climatisation|climatiseur|cuisine équipée|espace salle à manger|salle de bain|salle de douche|salon|séjour|terrasse,90,HIGH,1.5,False,False,unchanged,,7.2,2026-03-26T20:11:14.973676
century21_c9eb00e242d1,century21,15000.0,700.0,3.0,El Menzah,TUNIS,north,El Menzah 4,Rent,Other,36.8401547,10.1773292,R+2|bloc sanitaire|chauffage central|climatisation|climatisation et chauffage central|espace rooftop|jardin|kitchenette|meuble|open space,80,GOOD,1.0,True,False,unchanged,,21.43,2026-03-26T20:53:39.567643
century21_ce80a2267e67,century21,,400.0,5.0,La Soukra,ARIANA,north,Sidi Frej,Rent,Land,36.8737239,10.2650253,400 m²|cuisine aménagée et équipée|double salon|dressing|garage|jardin|piscine|salle d'eau pour les invités|salle de bain commune|suite parentale|séjour|terrain|trois chambres à coucher|villa|étage,80,GOOD,1.0,False,False,unchanged,,,2026-03-26T20:32:28.634489
century21_ce6017c1d8e2,century21,3800.0,280.0,4.0,La Soukra,ARIANA,north,Chotrana 3,Rent,Villa,36.8844931,10.2554316,S+4|chauffage central|climatisation|climatisation multi split|cuisine équipée|deux places de parking|deux salles d'eau|four|hotte|jardin|parking|piscine|plaque|salle de bain|salle à manger|salon|suite parentale|trois chambres à coucher|villa,90,HIGH,1.5,False,False,unchanged,,13.57,2026-03-26T20:07:54.512222
century21_ce386f5348f2,century21,80000.0,35.0,2,El Menzah,TUNIS,north,El Manar 2,Sale,Commercial,36.8391789,10.1577208,35m²|bureau|deux pièces,100,HIGH,1.5,False,False,unchanged,,2285.71,2026-03-27T11:42:06.386313
century21_ce552746b95c,century21,2000000.0,300.0,5.0,El Menzah,TUNIS,north,El Menzah 1,Sale,Villa,36.8396719,10.1829325,575 m²|El Menzah 1|S+5|chambres à coucher|chauffage central|climatisation|climatisation multi split|cuisine équipée|garage|jardin|salle d'eau invités|salle de bain|salon|suite parentale|terrasse|villa,100,HIGH,1.5,False,False,unchanged,,6666.67,2026-03-27T11:55:28.340683
century21_d0e37f7227e3,century21,6500.0,350.0,4.0,Carthage,TUNIS,north,Salambo,Rent,Villa,36.8384001,10.3203215,chambre de service|chambre parentale|cuisine équipée et aménagée|débarras|garage|grand espace de vie|jardin|local technique|piscine|salle d'eau|salle de bain|salle de douche|salle à manger|salon|sejour|sous-sol|suite parentale|terrasse|villa S+4,90,HIGH,1.5,False,False,unchanged,,18.57,2026-03-26T21:02:14.536645
century21_d02abd4d8288,century21,330000.0,100.0,2.0,Cite El Khadra,TUNIS,north,Centre urbain nord,Sale,Apartment,36.8491156,10.196942,ascenseur|balcon|chauffage central|climatisation|climatisation en split système|cuisine avec séchoir|deux chambres à coucher|dressing|gardien|immeuble avec ascenseur|meuble|s+2|salle de bain|salon,100,HIGH,1.5,False,False,unchanged,,3300.0,2026-03-27T11:46:44.213520
century21_d0f8c36f15ec,century21,,126.0,,Les Berges Du Lac,TUNIS,north,Les berges du Lac 2,Rent,Commercial,36.8472959,10.2744566,double hauteur|superficie : 126 m²,45,LOW,0.5,False,False,unchanged,,,2026-03-26T20:52:30.147588
century21_ce3abdba551e,century21,1700.0,75.0,,Jardins De Carthage,TUNIS,north,Jardins de carthage,Rent,Apartment,36.8524621,10.2964735,75 m²|S+1|chambre à coucher avec dressing|chauffage central|climatisation|climatisation en Split système|cuisine à l’américaine avec séchoir|jardin|parking|place de parking|salle de douche à l’italienne|salon,80,GOOD,1.0,False,False,unchanged,,22.67,2026-03-26T20:48:21.634222
century21_cf3aeb00f20e,century21,1800.0,120.0,2.0,La Soukra,ARIANA,north,Chotrana 1,Rent,Apartment,36.8862706,10.2185958,S+2|baignoire commune|cabine de douche à l’italienne|cuisine équipée|dressing|jardin|parking|place de parking sous sol|salle de bain|suite parentale|séchoir|terrasse,90,HIGH,1.5,False,False,unchanged,,15.0,2026-03-26T20:10:51.239731
century21_cfda44cb008d,century21,1300.0,65.0,,La Soukra,ARIANA,north,La Nouvelle Soukra,Rent,Apartment,36.8645031,10.2721983,65 m²|S+1|central city,70,GOOD,1.0,False,False,unchanged,,20.0,2026-03-26T20:33:47.013102
century21_d4d2b10ba32f,century21,1100.0,100.0,2.0,Nabeul,NABEUL,north,AFH1,Rent,Villa,36.4512893,10.7356634,cuisine équipée|deux chambre avec dressing|salle d'eau|salon,90,HIGH,1.5,False,False,unchanged,,11.0,2026-03-26T21:05:19.932505
century21_d27879a5b5fd,century21,10500.0,470.0,,El Kram,TUNIS,north,Le Kram Ouest,Rent,Commercial,36.8398699,10.303487,bureau|kitchenette|meuble|open space|salle d'eau Homme / femme|terrasse|vue,80,GOOD,1.0,False,False,unchanged,,22.34,2026-03-26T20:52:19.713890
century21_d17f97134ee2,century21,1100.0,55.0,,La Soukra,ARIANA,north,La Nouvelle Soukra,Rent,Apartment,36.8645031,10.2721983,S+1|balcon|calme|cellier au sous-sol|chambre à coucher avec Dressing|kitchenette équipée|parking|place de parking au sous-sol|salle de bain|salon|sécurisée,80,GOOD,1.0,False,False,unchanged,,20.0,2026-03-26T20:19:57.248250
century21_d25c29886d12,century21,1250.0,110.0,2.0,Cite El Khadra,TUNIS,north,Cité Olympique,Rent,Commercial,36.8366475,10.1948405,S+2|chauffage central|climatisation|climatisation en split système|cuisine aménagée|deux pièces|salle de bain|salon|séchoir,90,HIGH,1.5,False,False,unchanged,,11.36,2026-03-26T20:22:59.402233
century21_d56c9a65e2f8,century21,1100.0,100.0,,Ariana Ville,ARIANA,north,Borj El Baccouche,Rent,Apartment,36.854441,10.196942,S+1|chambre à coucher|chauffage central|climatisation|climatisation en split system|cuisine équipée|four|hotte|plaque de cuisson|salle de bain|salon|syndic inclus,80,GOOD,1.0,False,False,unchanged,,11.0,2026-03-26T20:04:55.884509
century21_d189a1535ad2,century21,1300000.0,185.0,3.0,Les Berges Du Lac,TUNIS,north,Les berges du Lac 2,Sale,Apartment,36.8472959,10.2744566,cellar|central heating|chauffage central|climatisation|common bathroom with bathtub|fully equipped kitchen|guest bathroom|master bedroom with dressing room and ensuite bathroom|panoramic view|parking|split system air conditioning|terrace|terrasse|two bedrooms with dressing rooms,100,HIGH,1.5,False,False,unchanged,,7027.03,2026-03-27T12:00:41.937508
century21_d3ff95e77da6,century21,4000.0,110.0,6.0,Bab Bhar,TUNIS,north,Lafayette,Rent,Commercial,36.811319,10.180595,Chauffage Central|Climatisation|chauffage central|climatisation,90,HIGH,1.5,False,False,unchanged,,36.36,2026-03-26T20:27:08.172535
century21_d270a2e827e9,century21,315000.0,700.0,,Ennasr,ARIANA,north,Cite Ennasr 2,Sale,Land,36.864679,10.160655,R2|habitation|terrain,90,HIGH,1.5,False,False,unchanged,,450.0,2026-03-27T11:53:12.336204
century21_d56a438d4c46,century21,100000.0,90.0,,Les Berges Du Lac,TUNIS,north,Les berges du Lac 2,Sale,Commercial,36.8472959,10.2744566,"elegant and refined|excellent visibility|high-end finishes|location|luxurious materials|modern and functional layout|nearby commerces|nearby residences|nearby restaurants|reception area|showroom|suitable for retail store, showroom, fashion accessories business|surface",90,HIGH,1.5,False,False,unchanged,,1111.11,2026-03-27T11:31:41.212769
century21_d49cb8372f83,century21,190000.0,140.0,,La Soukra,ARIANA,north,La Nouvelle Soukra,Sale,Commercial,36.8645031,10.2721983,Bureau|Dépôt|Espace commercial principal|Salle d’eau avec 2 cabines W.C|Système de caisse avec logiciel de gestion du stock|Système de sécurité avec 8 caméras de surveillance et une alarme|Épicerie fine,90,HIGH,1.5,False,False,unchanged,,1357.14,2026-03-27T12:09:40.714911
century21_d6fe38968a3a,century21,950.0,75.0,2.0,Ariana Ville,ARIANA,north,Borj El Baccouche,Rent,Commercial,36.854441,10.196942,Hall|ascenseur|climatisation|point d'eau|two offices,90,HIGH,1.5,False,False,unchanged,,12.67,2026-03-26T20:54:40.763362
century21_d8c647b5d0ad,century21,2200.0,180.0,5.0,Les Berges Du Lac,TUNIS,north,Les berges du Lac 1,Rent,Commercial,36.8396823,10.2466798,2200_Dinars_HT|H+5|chauffage central|chauffage_centrale|climatisation|hall|parking|parking_aérien|place_parking_sous_sol|rooms|salles_d'eau|surface_area,90,HIGH,1.5,False,False,unchanged,,12.22,2026-03-26T20:51:06.319053
century21_d6c48fc8e491,century21,315000.0,77.0,1,La Soukra,ARIANA,north,La Soukra,Sale,Apartment,36.8791039,10.2656209,S+1|bedroom|kitchen|new|parking|shower room|terrace|terrasse,100,HIGH,1.5,False,False,unchanged,,4090.91,2026-03-27T12:04:36.701751
century21_d699f484a5b5,century21,720000.0,178.0,3.0,La Soukra,ARIANA,north,Chotrana 2,Sale,Apartment,36.8885571,10.2318816,"S+3|chambres à coucher|chauffage central|climatisation|climatisation multi split|cuisine équipée de plaque, hotte et four|deux places de parking|parking|salle d'eau|salle de bain|salle à manger|salon|suite parentale",100,HIGH,1.5,False,False,unchanged,,4044.94,2026-03-26T19:53:42.424754
century21_d85f9e931995,century21,,350.0,4.0,El Menzah,TUNIS,north,Mutuelleville,Rent,Commercial,36.832405,10.174527,modulable|open space|points of water,80,GOOD,1.0,False,False,unchanged,,,2026-03-26T20:46:04.204619
century21_d7b2cb858f73,century21,1100.0,65.0,,Cité Mahrajène,TUNIS,north,Cité Mahrajène,Rent,Commercial,36.829708,10.178039,balcon|parking|place de parking,80,GOOD,1.0,False,False,unchanged,,16.92,2026-03-26T20:22:24.538128
century21_d66e9462eb06,century21,520000.0,330.0,5.0,Beni Khiar,NABEUL,north,Béni khiar plage,Sale,Villa,36.451221,10.7785374,S+5|chambre parentale|chambres enfant|climatisation|cuisine équipée avec cellier|entrée indépendante|panneaux photovoltaïques|premier étage|puits avec de l’eau douce|rez-de chaussée|salle de douche|salon|sejour|terrasse|véranda,100,HIGH,1.5,False,False,unchanged,,1575.76,2026-03-26T19:56:43.269407
century21_d7dd31824e1a,century21,1500000.0,350.0,3.0,La Soukra,ARIANA,north,La Soukra,Sale,Land,36.8791039,10.2656209,chambre de service|chambre_de_service|chambres_enfants|cuisine|cuisine_de_service|dressing|débarras|garage|jardin|piscine|salle_a_manger|salle_d'eau_invités|salle_de_bain|salle_de_bain_commune|salle_de_douche|salon|sejour|suite_parentale|villa,100,HIGH,1.5,False,False,unchanged,,4285.71,2026-03-27T12:01:40.776394
century21_d635b16cce35,century21,395000.0,140.0,2.0,Ain Zaghouan,TUNIS,north,Ain Zaghouan,Sale,Apartment,36.859234,10.277161,140m²|S+2|Salle de bain avec une baignoire|balcon|chambre à coucher aménagée par un dressing|chauffage central|climatisation|cuisine équipée|dressing|parking|place de parking au sous-sol|salle d'eau pour les invités|salle de douche à l’italienne|salon|suite parentale,100,HIGH,1.5,False,False,unchanged,,2821.43,2026-03-27T12:08:22.696907
century21_d7af84ba82b0,century21,680000.0,178.0,3.0,Nabeul,NABEUL,north,Cité El Wafa AFH 2,Sale,Apartment,36.4420874,10.6944554,S+3|chambres à coucher|chauffage en système split|climatisation|cuisine moderne|dressing|haut standing|parking|place de parking en sous-sol|salle d'eau supplémentaire|salle de douche|terrasse|vue mer|vue sur mer,100,HIGH,1.5,False,False,unchanged,,3820.22,2026-03-27T12:00:29.119359
century21_d938af6345b7,century21,1800.0,120.0,3.0,La Soukra,ARIANA,north,Chotrana 1,Rent,Apartment,36.8862706,10.2185958,balcon|chauffage central|climatisation|climatisation en split|cuisine équipée avec séchoir|s+3|salle de bain avec cabine de douche a l’italienne|salle d’eau pour les invités|trois chambres avec dressing,90,HIGH,1.5,False,False,new,,15.0,2026-03-26T20:00:24.451984
century21_dc0c7c392e3c,century21,45.0,3430.0,,Kalaa Essghira,SOUSSE,east,Kalaa Essghira,Sale,Land,35.8217563,10.5605541,superficie du terrain : 3430 m2|terrain|titre foncier individuel|vocation : Terrain agricole,70,GOOD,1.0,True,False,unchanged,,0.01,2026-03-27T11:33:21.476246
century21_de98fd3409e0,century21,6000.0,220.0,2.0,Les Berges Du Lac,TUNIS,north,Les berges du Lac 3,Rent,Commercial,36.834329,10.302165,Open Space|kitchenette|meuble|parking|spacious open space|two bathrooms|two offices|view,90,HIGH,1.5,False,False,unchanged,,27.27,2026-03-26T20:47:43.505004
century21_de6f012cd678,century21,265000.0,119.0,3.0,El Menzah,TUNIS,north,El Manar 1,Sale,Commercial,36.8321508,10.1465179,balcon|chambres à coucher|chauffage central|climatisation|climatisation en split|cuisine équipée|four|parking|place Parking commun|plaque|salle d'eau invités|salle de bain|salon|séchoir,100,HIGH,1.5,False,False,unchanged,,2226.89,2026-03-27T11:38:30.570994
century21_d996c5e1e837,century21,410000.0,100.0,2.0,Nabeul,NABEUL,north,Cité El Wafa AFH 2,Sale,Apartment,36.4420874,10.6944554,chambre à coucher|cuisine|dressing|salle d'eau|salle de douche|salon|suite parentale|terrasse,100,HIGH,1.5,False,False,unchanged,,4100.0,2026-03-27T11:26:25.600012
century21_d9f20e028159,century21,13000.0,294.0,,Jardins De Carthage,TUNIS,north,Jardins de carthage,Sale,Commercial,36.8524621,10.2964735,15m|290m²|façade|height: 6m|jardin|local commercial,70,GOOD,1.0,True,False,unchanged,,44.22,2026-03-27T11:23:01.874943
century21_d9d470de6c57,century21,1100.0,75.0,75,El Menzah,ARIANA,north,El Menzah 5,Rent,Commercial,36.8483853,10.1745278,75m²|Grand Hall|H+1|Salle d'eau|Un bureau|ascenseur|immeuble bureautique|meuble,85,HIGH,1.5,True,False,unchanged,,14.67,2026-03-26T20:48:33.404980
century21_de42e2c2f37f,century21,1250000.0,300.0,4.0,El Menzah,ARIANA,north,El Menzah 7,Sale,Land,36.8524946,10.1577208,300 m²|S+4|cuisine aménagée|garage|garage pour deux voitures|jardin|quatre chambres à coucher|salle d'eau|salle de bain commune|salon et salle à manger|terrain de 605 m²,100,HIGH,1.5,False,False,unchanged,,4166.67,2026-03-27T11:26:03.451756
century21_d9ea7c81a744,century21,,110.0,3.0,Les Berges Du Lac,TUNIS,north,Les berges du Lac 2,Rent,Commercial,36.8472959,10.2744566,Deux salles d’eau|H+3|Hall|Trois bureau séparé|Un cellier|Une kitchenette|parking|place de parking,80,GOOD,1.0,False,False,unchanged,,,2026-03-26T20:50:31.140837
century21_dacec5400299,century21,2800.0,135.0,,Ennasr,ARIANA,north,Cite Ennasr 2,Rent,Commercial,36.864679,10.160655,bureau|open space|piece de stockage|point d'eau|salle d'eau|terrasse,80,GOOD,1.0,False,False,unchanged,,20.74,2026-03-26T20:29:18.980037
century21_e32244c8782b,century21,13000.0,113.0,,Jardins De Carthage,TUNIS,north,Jardins de carthage,Sale,Commercial,36.8524621,10.2964735,112m²|8m|artère principale|facade 8m|forte concentration commerciale|jardin|local commercial,90,HIGH,1.5,False,False,unchanged,,115.04,2026-03-27T11:55:58.901527
century21_e06d150dc5b6,century21,1300.0,60.0,1,La Marsa,TUNIS,north,Marsa Stade,Rent,Apartment,36.874035,10.318656,chambre à coucher avec dressing|chauffage central|climatisation|climatisation en système Split|cuisine équipée et aménagée|parking|place de parking au sous-sol|salle de douche|salon|séchoir,95,HIGH,1.5,False,False,unchanged,,21.67,2026-03-26T20:56:32.098577
century21_e33875de7021,century21,,600.0,8.0,El Menzah,ARIANA,north,El Menzah 9,Rent,Commercial,36.84708,10.151694,balcony|chauffage central|chauffage centrale|climatisation|climatisation splits|garage|garage covered|jardin|parking|place parking for five cars|terrasse,80,GOOD,1.0,False,False,unchanged,,,2026-03-26T20:44:40.820996
century21_e3276bb58790,century21,630000.0,150.0,2.0,Jardins De Carthage,TUNIS,north,Jardins de carthage,Sale,Apartment,36.8524621,10.2964735,Climatisation split Système|Volets Roulants Electriques|ascenseur|c**uisines équipées|chauffage central|chauffage central avec des éléments en aluminium pour toutes les pièces|climatisation|double ascenseur|dressings aménagés en bois|fenêtres et portes fenêtres en aluminium avec double vitrage|haut standing|isolation thermique et phonique|jardin|parking|place de parking au sous sol|portes d’entrée blindées|portes intérieures en bois|remblissement sol en Marbre 1er choix|sanitaires et robinetterie 1er choix,100,HIGH,1.5,False,False,unchanged,,4200.0,2026-03-27T11:25:38.228155
century21_e285bce4335a,century21,,80.0,,Jardins De Carthage,TUNIS,north,Jardins de carthage,Rent,Other,36.8524621,10.2964735,80 m²|café|emplacement stratégique|espace fonctionnel|excellente visibilité|exploitation immédiate|gérance libre|jardin,45,LOW,0.5,False,False,unchanged,,,2026-03-26T20:29:30.787757
century21_e50add041b7b,century21,1700.0,130.0,2.0,Jardins De Carthage,TUNIS,north,Jardins de carthage,Rent,Apartment,36.8524621,10.2964735,balcon|chauffage central|climatisation|climatisation en Split système|cuisine équipée|deux chambres à coucher|dressing|jardin|parking|place de parking|salle d'eau|salle de bain|séchoir,90,HIGH,1.5,False,False,unchanged,,13.08,2026-03-26T21:08:05.999830
century21_e42d589dc7a6,century21,2700.0,160.0,2.0,Jardins De Carthage,TUNIS,north,Jardins de carthage,Rent,Apartment,36.8524621,10.2964735,chauffage central|climatisation|climatisation en Split système|cuisine équipée|dressing|jardin|parking|place de parking|salle d'eau|salles de douche à l’italienne|suites|séchoir|terrasse|vue dégagée,90,HIGH,1.5,False,False,unchanged,,16.88,2026-03-26T20:27:18.847537
century21_e31d794eae2c,century21,2400.0,130.0,2.0,Jardins De Carthage,TUNIS,north,Jardins de carthage,Rent,Apartment,36.8524621,10.2964735,Italian shower|S+2|balcon|balcony|bathroom|chauffage central|climatisation|climatisation en Split système|dressing|jardin|kitchen|new|parking|sechoir|suite parentale,90,HIGH,1.5,False,False,unchanged,,18.46,2026-03-26T20:19:34.027603
century21_e4ad7c239f0a,century21,5800.0,105.0,,Jardins De Carthage,TUNIS,north,Jardins de carthage,Rent,Commercial,36.8524621,10.2964735,105m²|Façade : 8m|Hauteur : 6m|Tout Commerce sauf restauration et salon de thé|artère principale|forte concentration commerciale|jardin|local commercial,80,GOOD,1.0,False,False,unchanged,,55.24,2026-03-26T20:36:23.604520
century21_e04ebbd76d06,century21,3000.0,125.0,,La Marsa,TUNIS,north,Route du Relais,Rent,Commercial,36.8891165,10.3222671,open space|piece modulable|two bathrooms,80,GOOD,1.0,False,False,unchanged,,24.0,2026-03-26T20:57:49.207284
century21_e5d010f4154f,century21,350000.0,104.0,2.0,Nabeul,NABEUL,north,Cité El Wafa AFH 2,Sale,Apartment,36.4420874,10.6944554,piscine|terrasse,100,HIGH,1.5,False,False,unchanged,,3365.38,2026-03-27T11:53:23.212962
century21_ebc7ed0ab918,century21,,200.0,3.0,La Marsa,TUNIS,north,Marsa Plage,Rent,Villa,36.8866832,10.3316545,dressing|piscine|salle de bain commune|suite parentale|terrasse|vue mer|vue sur mer,80,GOOD,1.0,False,False,unchanged,,,2026-03-26T20:04:15.228231
century21_e52f2140f570,century21,3500.0,140.0,3.0,Les Berges Du Lac,TUNIS,north,Les berges du Lac 2,Rent,Commercial,36.8472959,10.2744566,Deux salles d’eau|H+3|Hall|Trois bureau séparé|Une kitchenette,90,HIGH,1.5,False,False,unchanged,,25.0,2026-03-26T20:02:02.525217
century21_e54a56853009,century21,1500.0,80.0,1,Les Berges Du Lac,TUNIS,north,Les berges du Lac 2,Rent,Apartment,36.8472959,10.2744566,chambre à coucher|chauffage central|climatisation|climatisation multi split|cuisine équipée|parking|place de parking sous sol|salle de douche|salon,95,HIGH,1.5,False,False,unchanged,,18.75,2026-03-26T20:59:48.839415
century21_ea76f2296611,century21,2500.0,120.0,3.0,Bab Bhar,TUNIS,north,Montplaisir,Rent,Commercial,36.8154575,10.1857342,Hall +3|kitchenette|parking|place of parking au sous-sol|three rooms|two points of water,90,HIGH,1.5,False,False,unchanged,,20.83,2026-03-26T20:06:05.233261
century21_e6c219155011,century21,265000.0,64.0,,Nabeul,NABEUL,north,Cité El Wafa AFH 2,Sale,Apartment,36.4420874,10.6944554,parking|piscine|swimming pool,90,HIGH,1.5,False,False,unchanged,,4140.62,2026-03-27T11:31:54.521710
century21_e7e617b55788,century21,1000.0,52.0,,Ain Zaghouan,TUNIS,north,Ain Zaghouan Nord,Rent,Apartment,36.8626346,10.2866556,balcon|chambre a coucher|cuisine équipée|dressing|salle de douche a l'italienne,80,GOOD,1.0,False,False,unchanged,,19.23,2026-03-26T20:46:51.592987
century21_e733e70b6acc,century21,2000.0,90.0,3,Ain Zaghouan,TUNIS,north,Ain Zaghouan Nord,Rent,Apartment,36.8626346,10.2866556,Ascenseur|Chauffage central|Climatisation|Cuisine équipée|Système domotique|ascenseur|chauffage central|climatisation|haut standing,95,HIGH,1.5,False,False,unchanged,,22.22,2026-03-26T20:31:42.780345
century21_e5b823de522f,century21,2050000.0,450.0,7.0,La Marsa,TUNIS,north,Route du Relais,Sale,Land,36.8891165,10.3222671,"450 m²|600 m²|RDC: salon, salle à manger, chambre, salle d'eau invités, cuisine équipée|Route du relais|S+6|chambres à coucher|chauffage central|climatisation|climatisation multi split|cuisine d'été|cuisine équipée|jardin|parking|piscine|place de parking|salle d'eau|salle de bain|salon|sous-sol|studio de service|suite parentale|trois chambres a coucher|villa",80,GOOD,1.0,True,False,unchanged,,4555.56,2026-03-27T11:42:15.907360
century21_e5ce5177865c,century21,2300.0,200.0,5.0,Charguia,TUNIS,north,Charguia 1,Rent,Commercial,36.8408244,10.2052613,Bloc sanitaire|Chauffage centrale|Cinq pièces|Coin kitchenette|Hall d’entrée|Place parking|chauffage central|parking,90,HIGH,1.5,False,False,unchanged,,11.5,2026-03-26T20:59:16.164119
century21_ecd48149e43a,century21,85000.0,60.0,,El Menzah,ARIANA,north,El Menzah 5,Sale,Commercial,36.8483853,10.1745278,60 m²|El Menzah 5|H+1|two floors,90,HIGH,1.5,False,False,unchanged,0.0,1416.67,2026-03-27T11:21:23.811947
century21_eefb363b8221,century21,1400.0,123.0,2.0,La Soukra,ARIANA,north,Chotrana 1,Rent,Apartment,36.8862706,10.2185958,S+2|balcon|chauffage central|climatisation|climatisation multi split|cuisine équipée|deux chambres à coucher|parking|place de parking|salle d'eau|salle de bain,90,HIGH,1.5,False,False,unchanged,,11.38,2026-03-26T20:21:59.562760
century21_eeb35d57da96,century21,335000.0,394.0,,La Soukra,ARIANA,north,Chotrana 3,Sale,Land,36.8844931,10.2554316,394 m²|525 m²|terrain,90,HIGH,1.5,False,False,unchanged,,850.25,2026-03-27T12:05:10.297125
century21_ec2eaed7327d,century21,225000.0,86.0,2.0,Nabeul,NABEUL,north,AFH1,Sale,Villa,36.4512893,10.7356634,air conditioning|bathroom|climatisation|heating|modern kitchen|spacious salon|two bedrooms,100,HIGH,1.5,False,False,unchanged,,2616.28,2026-03-27T11:51:25.410230
century21_ee655936e47d,century21,,300.0,4.0,Carthage,TUNIS,north,Carthage,Rent,Villa,36.8551087,10.3320773,accès_au_jardin|balcon|chambre_a_coucher|cuisine|douche|dressing|espace_barbecue|jardin|parking|places_de_parking|s+4|salle_a_manger|salle_d'eau|salle_de_douche|salon|sejour|suites_parentales|terrasse|villa|vue,80,GOOD,1.0,False,False,unchanged,,,2026-03-26T21:08:18.676180
century21_eca19f1958e3,century21,375000.0,750.0,,Hammamet,NABEUL,north,Hammamet Nord,Sale,Land,36.4252308,10.6309169,entrée privée|terrain|titre foncier individuel|usage d’habitation,90,HIGH,1.5,False,False,unchanged,,500.0,2026-03-27T11:39:13.908409
century21_ee6fba88ebb9,century21,3800.0,320.0,,Bab Bhar,TUNIS,north,Lafayette,Rent,Commercial,36.811319,10.180595,chauffage central|climatisation|climatisation multi split|kitchenette|open space|parking|places de parking sous sol|sanitaires,80,GOOD,1.0,False,False,unchanged,,11.88,2026-03-26T20:38:46.846245
century21_ef697770a6d0,century21,3500.0,118.0,,Nabeul,NABEUL,north,Nabeul centre,Rent,Commercial,36.4512893,10.7356634,118m2|boulevard touristique|centre de la ville de Nabeul|local commercial,80,GOOD,1.0,False,False,unchanged,,29.66,2026-03-26T20:21:11.882911
century21_ee14e1d53036,century21,2400.0,170.0,4,El Kram,TUNIS,north,Le Kram,Rent,Commercial,36.83332,10.3175155,Bureau A+4 neuf|Kitchenette|Salle d’eau/WC|accueil|ascenseur|meuble|parking|place de parking|quatre pièces,95,HIGH,1.5,False,False,unchanged,,14.12,2026-03-26T20:18:58.684871
century21_ec133e434570,century21,60000.0,50.0,,El Menzah,ARIANA,north,El Menzah 5,Sale,Commercial,36.8483853,10.1745278,50 m²|Menzah 5|tout type d’activité,90,HIGH,1.5,False,False,unchanged,,1200.0,2026-03-27T11:28:35.651703
century21_efcf24789982,century21,5000.0,300.0,4.0,Les Berges Du Lac,TUNIS,north,Les berges du Lac 1,Rent,Land,36.8396823,10.2466798,baignoire|balcon|chambre à coucher|cuisine|garage|jardin|s+4|salle de bain|salon|sejour|villa,90,HIGH,1.5,False,False,unchanged,,16.67,2026-03-26T20:43:25.059356
century21_f43cdccfad46,century21,3500.0,180.0,5.0,La Marsa,TUNIS,north,Marsa Stade,Rent,Apartment,36.874035,10.318656,cellier|chambres_a_coucher|chauffage central|chauffage_central|climatisation|climatisation_multi_split|cuisine_equipée|jardin|parking|place_parking_sous_sol|salle_a_Manger|salle_d'eau_invités|salle_de_bain|salon|suite_parentale|terrace|terrasse,90,HIGH,1.5,False,False,unchanged,,19.44,2026-03-26T20:50:05.575407
century21_f50ed763a489,century21,250000.0,238.0,,La Marsa,TUNIS,north,Sidi Daoud,Sale,Commercial,36.8660009,10.3090981,activité commerciale envisageable|artère principale|façade : 17 m|forte concentration bureautique et commerciale|loyer mensuel : 2 400 TTC|meuble|superficie : 238 m²|vente de meubles et prêt-à-porter,90,HIGH,1.5,False,False,unchanged,,1050.42,2026-03-26T19:54:14.741287
century21_f1b93aa37f70,century21,3000.0,600.0,6.0,El Menzah,ARIANA,north,El Menzah 7,Rent,Villa,36.8524946,10.1577208,S+6|Salle de douche|cuisine|deux chambres|débarras|garage|garage privé|jardin|salle d'eau pour invités|salle de bains|salon lumineux|sous-sol,90,HIGH,1.5,False,False,unchanged,,5.0,2026-03-26T20:44:29.320896
century21_f33bd8ade83f,century21,325000.0,50.0,3,La Marsa,TUNIS,north,Marsa Stade,Sale,Apartment,36.874035,10.318656,chambre à coucher|chauffage central|climatisation|climatisation par système split|cuisine équipée et aménagée|dressing|parking|place de parking au sous-sol|salle de douche|salon|terrasse,100,HIGH,1.5,False,False,unchanged,,6500.0,2026-03-27T11:36:15.139144
century21_f2f9f55ada5f,century21,2800.0,150.0,3.0,La Soukra,ARIANA,north,La Soukra,Rent,Apartment,36.8791039,10.2656209,central heating|chauffage central|climatisation|parking|piscine|shower outside|split system air conditioning|swimming pool|terrace|terrasse,80,GOOD,1.0,True,False,unchanged,,18.67,2026-03-26T20:49:54.069504
century21_f20c4c7342bc,century21,1100000.0,300.0,3.0,La Soukra,ARIANA,north,Chotrana 3,Sale,Villa,36.8844931,10.2554316,chauffage central|climatisation|garden|jardin|parking|piscine|pool|studio independent for gardien,100,HIGH,1.5,False,False,unchanged,,3666.67,2026-03-27T12:04:01.702708
century21_f26c77d6cb87,century21,1580000.0,155.0,3.0,Gammarth,TUNIS,north,Golden Tulipe,Sale,Villa,36.9173042,10.2852532,cuisine|garden|jardin|piscine|pool|salle de douche à l’italienne|salle à manger|salles d'eau|salon|suite parentale|terrasse|vue sur la mer,100,HIGH,1.5,False,False,unchanged,,10193.55,2026-03-26T19:56:02.509363
century21_f0b56f9b6e22,century21,1800.0,110.0,2.0,Ain Zaghouan,TUNIS,north,Ain Zaghouan,Rent,Apartment,36.859234,10.277161,Salle d’eau|chambre à coucher|cuisine équipée|parking|place parking au sous sol|salle de bain|salon|suite parentale,90,HIGH,1.5,False,False,unchanged,,16.36,2026-03-26T20:20:08.343936
century21_f3163877fa3b,century21,1550000.0,400.0,6.0,El Menzah,TUNIS,north,El Manar 2,Sale,Land,36.8391789,10.1577208,"COS : 0,4|CUF : 1,2|R+2|artère commerciale|façade : 26 m|proche de la clinique Avicenne|stratégique|surface bâtie : environ 450 m²|terrain : 574 m²|villa commerciale",100,HIGH,1.5,False,False,unchanged,,3875.0,2026-03-27T11:51:48.201270
century21_f77de57bee4f,century21,2500000.0,320.0,4.0,Gammarth,TUNIS,north,Gammarth Sup,Sale,Villa,36.8923669,10.3119038,ascenseur|baignoire|chambre de service|chambres à coucher|chauffage central|climatisation|cuisine aménagée et équipée|dressing|garage|garage privatif|jardin|parking|rooftop|salle de bain avec baignoire|salle de bain commune|salle à manger|salon|suite parentale|terrasse|villa jumelée|vue mer,80,GOOD,1.0,True,False,unchanged,,7812.5,2026-03-27T11:51:35.796329
century21_f57f4f3d961a,century21,1300.0,100.0,2.0,La Marsa,TUNIS,north,Cité des Juges 2,Rent,Villa,36.882768,10.3156812,chambres à coucher|cuisine aménagée et équipée|salle de bain|salon,90,HIGH,1.5,False,False,unchanged,,13.0,2026-03-26T20:30:28.593022
century21_f521ab4e9e21,century21,230000.0,134.0,3.0,Cite El Khadra,TUNIS,north,Cité El Khadra,Sale,Apartment,36.8304736,10.196942,134 m²|S+3|chauffage central|climatisation|cuisine équipée avec séchoir|parking|quatre climatiseurs|salle de bain avec une salle d'eau|salon|trois chambres à coucher,100,HIGH,1.5,False,False,unchanged,,1716.42,2026-03-27T11:24:28.133063
century21_f6410663afd1,century21,5500.0,250.0,4.0,La Marsa,TUNIS,north,Marsa Stade,Rent,Villa,36.874035,10.318656,chauffage central|climatisation|climatisation en split system|garage|piscine|pool|terrasse,90,HIGH,1.5,False,False,unchanged,,22.0,2026-03-26T21:03:03.902714
century21_f70dffb8e157,century21,1500.0,419.0,,La Soukra,ARIANA,north,Chotrana 3,Sale,Land,36.8844931,10.2554316,419 m²|calme|proximité des commodités|quartier recherché|résidentielle|sécurité|terrain,70,GOOD,1.0,True,False,unchanged,,3.58,2026-03-27T11:46:55.467768
century21_f592300fa491,century21,6000.0,180.0,3.0,La Marsa,TUNIS,north,Sidi Abdelaziz,Rent,Apartment,36.8899827,10.3224313,Vu dégagée sur mer|chambres chacune dotées de ses dressings|chauffage central|climatisation|cuisine richement équipée|deux cuisines équipées|parking|places de parking au sous-sol|salle d'eau pour les invités|salle de bain commune|suite parentale avec dressings|séchoir attenant|terrasse,80,GOOD,1.0,True,False,unchanged,,33.33,2026-03-26T20:34:15.506915
century21_f89731b27d03,century21,1400.0,85.0,,Bab Bhar,TUNIS,north,Bab Bhar,Rent,Commercial,36.7969248,10.1766289,WC|ascenseur|climatisation|coin kitchenette|espaces de rangement|grandes pièces|hall d'accueil|meuble|parking|salle d'eau,80,GOOD,1.0,False,False,unchanged,,16.47,2026-03-26T20:23:21.914634
century21_f9b3765f720c,century21,2300.0,170.0,3.0,Jardins De Carthage,TUNIS,north,Jardins de carthage,Rent,Apartment,36.8524621,10.2964735,balcon|chambres à coucher|chauffage central|climatisation|cuisine équipée|dressing|jardin|parking|place de parking|salle d'eau|salle de douche à l’italienne|suite parentale,90,HIGH,1.5,False,False,unchanged,,13.53,2026-03-26T20:08:31.482173
century21_f755abe65a02,century21,1100000.0,450.0,4.0,La Soukra,ARIANA,north,Sidi Frej,Sale,Villa,36.8737239,10.2650253,chauffage central|climatisation|garden|jardin|piscine|pool,100,HIGH,1.5,False,False,unchanged,,2444.44,2026-03-27T11:59:54.439616
century21_f9dee0ee3ac8,century21,1400000.0,450.0,6.0,Ennasr,ARIANA,north,Cite Ennasr 2,Sale,Villa,36.864679,10.160655,Chauffage central|Climatisation|Parking pour 3 voitures|Terrasse|chauffage central|climatisation|parking|terrasse,100,HIGH,1.5,False,False,unchanged,,3111.11,2026-03-27T11:25:04.070080
century21_ffd642e8de7d,century21,4000000.0,100.0,2.0,Gammarth,TUNIS,north,Gammarth Touristique,Sale,Villa,36.9173042,10.2852532,deux chambres à coucher|kitchenette|salle de bain|salon salle à manger,80,GOOD,1.0,True,False,unchanged,,40000.0,2026-03-26T19:54:28.715016
century21_fa2f398d3d4a,century21,1150.0,85.0,2.0,Ariana Ville,ARIANA,north,Borj El Baccouche,Rent,Commercial,36.854441,10.196942,85m²|Hall + 2|ascenseur|climatisation|deux bureaux|point d’eau,90,HIGH,1.5,False,False,unchanged,,13.53,2026-03-26T20:54:52.188356
century21_fad542b26bd9,century21,3100.0,180.0,3.0,Les Berges Du Lac,TUNIS,north,Les berges du Lac 1,Rent,Apartment,36.8396823,10.2466798,cellier|chauffage central|climatisation|climatisation multi split|cuisine équipée avec séchoir|deux chambres à coucher avec dressing|parking|place de parking au sous sol|salle d'eau d'invités|salle de douche|salle à manger avec terrasse|salon|suite parentale avec terrasse|terrasse|vue partielle sur lac,90,HIGH,1.5,False,False,unchanged,,17.22,2026-03-26T20:58:52.248666
century21_ff6dfb5d20ac,century21,1200.0,90.0,2.0,Ariana Ville,ARIANA,north,Borj El Baccouche,Rent,Commercial,36.854441,10.196942,Hall|ascenseur|climatisation|point d'eau|two offices,90,HIGH,1.5,False,False,unchanged,,13.33,2026-03-26T20:55:04.828426
century21_fda2ab4a7a15,century21,1350.0,100.0,3,Ain Zaghouan,TUNIS,north,Ain Zaghouan Nord,Rent,Apartment,36.8626346,10.2866556,S+1|chambre à coucher aménagée par un dressing|chauffage central|climatisation|cuisine à l’américaine|douche à l’italienne|parking|place de parking au sous-sol|salle de bain|salon|système d’alarme|terrasse|vidéophone,95,HIGH,1.5,False,False,unchanged,,13.5,2026-03-26T20:22:46.480349
century21_fb0f27a49c45,century21,8000.0,190.0,,Jardins De Carthage,TUNIS,north,Jardins de carthage,Rent,Commercial,36.8524621,10.2964735,190m²|6.5 m|double hauteur|façade : 16m|jardin|local commercial,80,GOOD,1.0,False,False,unchanged,,42.11,2026-03-26T20:09:07.633611
century21_fb379b24c81d,century21,460000.0,128.0,2.0,La Soukra,ARIANA,north,Chotrana 1,Sale,Apartment,36.8862706,10.2185958,"S+2|chauffage central|climatisation|climatisation multi split|cuisine équipée de plaque, hotte et four|deux chambres à coucher|parking|place de parking|salle d'eau|salle de bain|salle à manger|salon",100,HIGH,1.5,False,False,unchanged,,3593.75,2026-03-27T11:52:34.626863
century21_fdae97213e1a,century21,4500.0,200.0,,Cité Mahrajène,TUNIS,north,Notre Dame,Rent,Commercial,36.832989,10.16319,Chauffage centrale|Climatisation centrale|H+6|Hall|Six pièces|chauffage central|climatisation|deux points d’eaux|superficie:220m²,80,GOOD,1.0,False,False,unchanged,,22.5,2026-03-26T20:04:03.208480
century21_fcfea98f929e,century21,410000.0,63.0,2.0,Les Berges Du Lac,TUNIS,north,Les berges du Lac 2,Sale,Commercial,36.8472959,10.2744566,H+2|accueil|berges du lac|deux pièces|kitchenette|parking|place de parking au sous-sol|salle d'eau/WC|superficie: 65 m²,100,HIGH,1.5,False,False,unchanged,,6507.94,2026-03-27T11:32:37.381042
century21_fc7f9af2fe34,century21,2100000.0,300.0,4.0,Les Berges Du Lac,TUNIS,north,Les berges du Lac 2,Sale,Apartment,36.8472959,10.2744566,bathroom|bedrooms|cellar|central air conditioning|central heating|chambre de service|chauffage central|climatisation|dressers|dressing|guest room|kitchen|parent suite|parking|penthouse|salon/séjour|service room|terrace|terrasse|view,80,GOOD,1.0,True,False,unchanged,,7000.0,2026-03-27T11:50:59.283571
darcom_40201,darcom,560000.0,808.0,,Ariana,ARIANA,north,Ariana Ville,Sale,Land,36.866011,10.193923,price per square meter|surface|terrain,85,HIGH,1.5,False,False,unchanged,0.0,693.07,2026-03-27T16:08:41.862562
darcom_78287,darcom,2500.0,2048.0,,Ariana,ARIANA,north,Ariana Ville,Rent,Land,36.866011,10.193923,Jardin|Piscine|Climatisation,75,GOOD,1.0,False,False,unchanged,0.0,1.22,2026-03-27T16:19:09.629156
darcom_130423,darcom,1100.0,270.0,,Le Kram,Tunis,,,Sale,Land,33.8439408,9.400138,R+2|cuisine|garage|salle de douche|salon|terrain|terrasse|villa,65,GOOD,1.0,True,False,unchanged,0.0,4.07,2026-03-27T13:44:50.835532
darcom_66895,darcom,1250.0,3697.0,,Ariana,ARIANA,north,Ariana Ville,Sale,Land,36.866011,10.193923,lotissement|lots distincts|negociable|superficies entre 586 m² et 630 m²|surface  3697 m²|terrain,65,GOOD,1.0,True,False,unchanged,0.0,0.34,2026-03-27T16:08:19.775881
darcom_47067,darcom,680.0,808.0,,Ariana,ARIANA,north,Ariana Ville,Sale,Land,36.866011,10.193923,Titre Foncier individuel|surface de 808 m²|terrain,65,GOOD,1.0,True,False,unchanged,0.0,0.84,2026-03-27T16:08:30.904694
darcom_79359,darcom,1080.0,1350.0,,Ariana,ARIANA,north,Ariana Ville,Rent,Land,36.866011,10.193923,bon voisinage|surface 1350 m²|terrain|zone résidentiel,65,GOOD,1.0,True,False,unchanged,0.0,0.8,2026-03-27T16:18:52.287131
darcom_130422,darcom,,1086.0,,GammarthTunis,Tunis,,,Sale,Land,33.8439408,9.400138,front of sea|high-end project|residential area|unique location,40,LOW,0.5,False,False,unchanged,,,2026-03-27T13:45:02.615130
darcom_130676,darcom,1200.0,776.0,,Ariana,ARIANA,north,Ariana Ville,Sale,Land,36.866011,10.193923,surface_area|terrain,70,GOOD,1.0,True,False,new,,,2026-03-27T16:09:04.365025
darcom_76700,darcom,720.0,1354.0,,Ariana,ARIANA,north,Ariana Ville,Sale,Land,36.866011,10.193923,division par 2|emplacement|surface|terrain,65,GOOD,1.0,True,False,unchanged,0.0,0.53,2026-03-27T16:08:08.878980
darcom_130681,darcom,1200.0,993.0,,Ariana,ARIANA,north,Ariana Ville,Sale,Land,36.866011,10.193923,façade|profondeur|surface_area|terrain|title_individual,70,GOOD,1.0,True,False,new,,,2026-03-27T16:08:51.781436
mubawab_7830273,mubawab,,241.0,3.0,Ain Zaghouan Nord,TUNIS,north,Jebel Jelloud,Sale,Villa,36.7667,10.1833,secured door|soundproofing,75,GOOD,1.0,False,False,new,,,2026-03-27T12:48:40.207601
mubawab_7296630,mubawab,,160.0,9.0,,,,,Rent,Commercial,33.8439408,9.400138,,15,DROP,0.0,False,False,new,,,2026-03-27T09:08:31.744818
mubawab_7828788,mubawab,,1631.0,,,,,,Sale,Land,33.8439408,9.400138,,5,DROP,0.0,False,False,unchanged,,,2026-03-27T12:50:26.421915
mubawab_7670672,mubawab,,,12.0,,,,,Sale,Apartment,33.8439408,9.400138,,0,DROP,0.0,False,False,unchanged,,,2026-03-27T05:38:47.254924
mubawab_7660108,mubawab,,260.0,4.0,la Marsa,TUNIS,north,Jebel Jelloud,Rent,Apartment,36.7667,10.1833,jardin,75,GOOD,1.0,False,False,unchanged,,,2026-03-27T12:57:42.603371
mubawab_7793714,mubawab,,909.0,20.0,,,,,Sale,Villa,33.8439408,9.400138,,15,DROP,0.0,False,False,new,,,2026-03-27T12:47:58.103238
mubawab_7691984,mubawab,,150.0,4.0,Marsa Plage,TUNIS,north,Jebel Jelloud,Rent,Apartment,36.7667,10.1833,S3,75,GOOD,1.0,False,False,new,,,2026-03-27T12:58:43.497867
mubawab_7531072,mubawab,,160.0,4.0,,TUNIS,north,Jebel Jelloud,Rent,Apartment,36.7667,10.1833,beach,35,LOW,0.5,False,False,new,,,2026-03-27T12:59:20.424549
mubawab_7594008,mubawab,,160.0,3.0,,TUNIS,north,Jebel Jelloud,Rent,Commercial,36.7667,10.1833,4 bureaux|Open Space|lac,35,LOW,0.5,False,False,new,,,2026-03-27T09:08:52.610604
darcom_90062,darcom,,,,,,,,Rent,Other,33.8439408,9.400138,"non planté|olivier|poirier williams rouge, alexandrie|pommiers golden, red one, gala|sondage débit|title foncier",0,DROP,0.0,False,False,unchanged,,,2026-03-27T16:18:24.663001
mubawab_7925569,mubawab,,500.0,3.0,,,,,Sale,Villa,33.8439408,9.400138,,15,DROP,0.0,False,False,new,,,2026-03-27T12:48:07.892995
mubawab_7846475,mubawab,,292.0,10.0,,,,,Sale,Villa,33.8439408,9.400138,,15,DROP,0.0,False,False,new,,,2026-03-27T08:14:00.065419
mubawab_7857008,mubawab,,240.0,4.0,,,,,Rent,Commercial,33.8439408,9.400138,,15,DROP,0.0,False,False,new,,,2026-03-27T09:07:40.506608
mubawab_7942062,mubawab,,159.0,,,,,,Sale,Land,33.8439408,9.400138,,5,DROP,0.0,False,False,unchanged,,,2026-03-27T12:50:31.577324
mubawab_7936878,mubawab,,117.0,,,,,,Sale,Land,33.8439408,9.400138,,5,DROP,0.0,False,False,unchanged,,,2026-03-27T12:52:00.805072
mubawab_7966179,mubawab,,189.0,,,,,,Sale,Villa,33.8439408,9.400138,,5,DROP,0.0,False,False,new,,,2026-03-27T12:47:25.294478
mubawab_7925546,mubawab,,140.0,10.0,,,,,Rent,Vacation,33.8439408,9.400138,,15,DROP,0.0,False,False,new,,,2026-03-26T21:20:43.158950
mubawab_7851012,mubawab,,130.0,10.0,,,,,Sale,Commercial,33.8439408,9.400138,,15,DROP,0.0,False,False,unchanged,,,2026-03-27T12:53:31.890189
mubawab_7846820,mubawab,,113.0,10.0,,,,,Rent,Villa,33.8439408,9.400138,,15,DROP,0.0,False,False,new,,,2026-03-27T09:04:34.944446
mubawab_7925557,mubawab,,140.0,13.0,,,,,Rent,Apartment,33.8439408,9.400138,,15,DROP,0.0,False,False,unchanged,,,2026-03-27T12:58:17.613211
mubawab_8021942,mubawab,,400.0,5.0,,,,,Sale,Villa,33.8439408,9.400138,,15,DROP,0.0,False,False,new,,,2026-03-27T12:48:02.913291
mubawab_8016259,mubawab,,62.0,4.0,,,,,Sale,Commercial,33.8439408,9.400138,,15,DROP,0.0,False,False,new,,,2026-03-27T12:53:53.390974
mubawab_8048872,mubawab,,180.0,8.0,,,,,Rent,Villa,33.8439408,9.400138,,15,DROP,0.0,False,False,new,,,2026-03-27T09:03:23.081273
mubawab_7983456,mubawab,,106.0,5.0,,,,,Sale,Commercial,33.8439408,9.400138,,15,DROP,0.0,False,False,new,,,2026-03-27T12:53:37.668188
mubawab_7981263,mubawab,,148.0,,,TUNIS,north,Jebel Jelloud,Sale,Land,36.7667,10.1833,terrain,25,LOW,0.5,False,False,unchanged,,,2026-03-27T12:50:47.167703
mubawab_7999581,mubawab,,2128.0,,,TUNIS,north,Jebel Jelloud,Sale,Commercial,36.7667,10.1833,meuble,25,LOW,0.5,False,False,new,,,2026-03-27T12:54:04.370907
mubawab_8042065,mubawab,,152.0,6.0,,,,,Sale,Apartment,33.8439408,9.400138,,15,DROP,0.0,False,False,new,,,2026-03-27T05:40:39.030913
mubawab_7976802,mubawab,,664.0,,,TUNIS,north,Jebel Jelloud,Sale,Land,36.7667,10.1833,terrain,25,LOW,0.5,False,False,unchanged,,,2026-03-27T12:52:07.408145
mubawab_7996452,mubawab,,200.0,12.0,,,,,Sale,Villa,33.8439408,9.400138,,15,DROP,0.0,False,False,new,,,2026-03-27T12:47:54.017595
mubawab_8003051,mubawab,,100.0,10.0,,,,,Rent,Villa,33.8439408,9.400138,,15,DROP,0.0,False,False,new,,,2026-03-27T09:02:57.981774
mubawab_8097608,mubawab,,4000.0,,,,,,Sale,Land,33.8439408,9.400138,,5,DROP,0.0,False,False,new,,,2026-03-27T12:51:32.193889
mubawab_8092362,mubawab,,,6.0,,,,,Rent,Commercial,33.8439408,9.400138,,0,DROP,0.0,False,False,new,,,2026-03-27T09:07:15.318127
mubawab_8078124,mubawab,,200.0,3.0,,TUNIS,north,Jebel Jelloud,Sale,Villa,36.7667,10.1833,garage|terrace|terrasse,35,LOW,0.5,False,False,new,,,2026-03-27T12:47:01.711250
mubawab_8077321,mubawab,,10.0,,,TUNIS,north,Jebel Jelloud,Rent,Commercial,36.7667,10.1833,,20,DROP,0.0,False,False,new,,,2026-03-27T09:08:06.750766
mubawab_8106603,mubawab,,2900.0,,,,,,Sale,Land,33.8439408,9.400138,,5,DROP,0.0,False,False,new,,,2026-03-27T12:52:49.654725
mubawab_8078082,mubawab,,10.0,6.0,,,,,Rent,Commercial,33.8439408,9.400138,,15,DROP,0.0,False,False,new,,,2026-03-27T09:07:06.394491
mubawab_8077591,mubawab,,550.0,4.0,,,,,Rent,Commercial,33.8439408,9.400138,,15,DROP,0.0,False,False,new,,,2026-03-27T09:06:20.502394
mubawab_8080990,mubawab,,2400.0,10.0,,TUNIS,north,Jebel Jelloud,Rent,Commercial,36.7667,10.1833,2400 m²|R9|meuble,35,LOW,0.5,False,False,new,,,2026-03-27T09:06:10.091383
mubawab_8100525,mubawab,,300.0,15.0,,TUNIS,north,Jebel Jelloud,Sale,Villa,36.7667,10.1833,lift|parking,35,LOW,0.5,False,False,new,,,2026-03-27T12:48:58.337706
mubawab_8105627,mubawab,,3840.0,6.0,,,,,Sale,Commercial,33.8439408,9.400138,,15,DROP,0.0,False,False,new,,,2026-03-27T12:56:20.675262
mubawab_8134835,mubawab,,90.0,,,TUNIS,north,Jebel Jelloud,Rent,Commercial,36.7667,10.1833,lake,25,LOW,0.5,False,False,new,,,2026-03-27T09:09:03.027842
mubawab_8126691,mubawab,,,7.0,,,,,Rent,Villa,33.8439408,9.400138,,0,DROP,0.0,False,False,new,,,2026-03-27T09:04:40.276082
mubawab_8120904,mubawab,,400.0,13.0,,,,,Sale,Villa,33.8439408,9.400138,,15,DROP,0.0,False,False,new,,,2026-03-27T12:47:35.577533
mubawab_8127986,mubawab,,500.0,,,,,,Sale,Land,33.8439408,9.400138,,5,DROP,0.0,False,False,new,,,2026-03-27T12:50:56.684016
mubawab_8114014,mubawab,,600.0,3.0,,,,,Sale,Villa,33.8439408,9.400138,,15,DROP,0.0,False,False,new,,,2026-03-27T12:49:06.611487
mubawab_8127680,mubawab,,250.0,,,,,,Rent,Commercial,33.8439408,9.400138,,5,DROP,0.0,False,False,new,,,2026-03-27T09:07:35.680723
mubawab_8134846,mubawab,,250.0,,,,,,Sale,Land,33.8439408,9.400138,,5,DROP,0.0,False,False,new,,,2026-03-27T12:51:40.916335
mubawab_8130955,mubawab,,360.0,9.0,,,,,Sale,Villa,33.8439408,9.400138,,15,DROP,0.0,False,False,new,,,2026-03-27T12:49:43.244991
mubawab_8127117,mubawab,,2500.0,3.0,,,,,Sale,Commercial,33.8439408,9.400138,,15,DROP,0.0,False,False,new,,,2026-03-27T12:56:15.775508
mubawab_8127940,mubawab,,,4.0,,,,,Sale,Apartment,33.8439408,9.400138,,0,DROP,0.0,False,False,new,,,2026-03-27T05:39:50.499674
mubawab_8164224,mubawab,,622.0,1.0,,,,,Sale,Land,33.8439408,9.400138,,25,LOW,0.5,False,False,unchanged,,,2026-03-26T16:37:53.372716
mubawab_8166867,mubawab,,123.0,9.0,,,,,Sale,Commercial,33.8439408,9.400138,,15,DROP,0.0,False,False,unchanged,,,2026-03-27T12:53:25.060631
mubawab_8161889,mubawab,,367.0,20.0,,,,,Sale,Villa,33.8439408,9.400138,,15,DROP,0.0,False,False,new,,,2026-03-27T12:46:45.784037
mubawab_8163675,mubawab,,300.0,9.0,,,,,Sale,Villa,33.8439408,9.400138,,15,DROP,0.0,False,False,new,,,2026-03-27T12:47:39.393456
mubawab_8164140,mubawab,,1004.0,1.0,,,,,Sale,Land,33.8439408,9.400138,,15,DROP,0.0,False,False,unchanged,,,2026-03-27T12:49:53.494567
mubawab_8140632,mubawab,,3150.0,,,,,,Sale,Commercial,33.8439408,9.400138,,5,DROP,0.0,False,False,new,,,2026-03-27T12:54:40.812620
mubawab_8155025,mubawab,,116.0,6.0,,,,,Sale,Villa,33.8439408,9.400138,,15,DROP,0.0,False,False,new,,,2026-03-27T08:56:51.969893
mubawab_8164228,mubawab,,900.0,,,TUNIS,north,Jebel Jelloud,Sale,Land,36.7667,10.1833,terrain,25,LOW,0.5,False,False,new,,,2026-03-27T12:50:37.537102
mubawab_8149121,mubawab,,1975.0,4.0,,,,,Sale,Villa,33.8439408,9.400138,,15,DROP,0.0,False,False,new,,,2026-03-27T08:14:12.296139
mubawab_8148309,mubawab,,,10.0,,,,,Rent,Villa,33.8439408,9.400138,,0,DROP,0.0,False,False,new,,,2026-03-27T09:04:19.995798
mubawab_8198766,mubawab,,156.0,4.0,,TUNIS,north,Jebel Jelloud,Sale,Apartment,36.7667,10.1833,,30,LOW,0.5,False,False,new,,,2026-03-27T05:38:56.268150
mubawab_8189465,mubawab,,80.0,,,,,,Sale,Commercial,33.8439408,9.400138,,5,DROP,0.0,False,False,new,,,2026-03-27T12:56:24.902384
mubawab_8189475,mubawab,,125.0,,,TUNIS,north,Jebel Jelloud,Sale,Commercial,36.7667,10.1833,Bureau,25,LOW,0.5,False,False,new,,,2026-03-27T12:56:30.398877
mubawab_8175380,mubawab,,,2.0,,TUNIS,north,Jebel Jelloud,Rent,Apartment,36.7667,10.1833,meuble|vue mer|vue sur mer,20,DROP,0.0,False,False,new,,,2026-03-27T12:58:08.764221
mubawab_8194985,mubawab,,105.0,4.0,,,,,Sale,Apartment,33.8439408,9.400138,,15,DROP,0.0,False,False,new,,,2026-03-27T05:40:48.499978
mubawab_8181524,mubawab,,,7.0,,,,,Rent,Apartment,33.8439408,9.400138,,0,DROP,0.0,False,False,new,,,2026-03-27T12:58:02.885832
mubawab_8189013,mubawab,,3634.0,,,,,,Sale,Land,33.8439408,9.400138,,5,DROP,0.0,False,False,new,,,2026-03-27T12:52:33.670190
mubawab_8189506,mubawab,,154.0,3.0,,,,,Sale,Apartment,33.8439408,9.400138,,15,DROP,0.0,False,False,new,,,2026-03-27T05:40:06.055775
mubawab_8177919,mubawab,,180.0,4.0,,TUNIS,north,Jebel Jelloud,Rent,Apartment,36.7667,10.1833,meuble|richly furnished,35,LOW,0.5,False,False,new,,,2026-03-27T13:00:17.624019
mubawab_8185172,mubawab,,120.0,2.0,,,,,Sale,Apartment,33.8439408,9.400138,,15,DROP,0.0,False,False,new,,,2026-03-27T05:38:51.535852
mubawab_8214838,mubawab,,214.0,,,,,,Sale,Villa,33.8439408,9.400138,,5,DROP,0.0,False,False,new,,,2026-03-27T08:57:53.365370
mubawab_8218911,mubawab,,24.0,1.0,,,,,Sale,Commercial,33.8439408,9.400138,,15,DROP,0.0,False,False,new,,,2026-03-27T12:56:39.389784
mubawab_8217405,mubawab,,145.0,9.0,,,,,Sale,Apartment,33.8439408,9.400138,,15,DROP,0.0,False,False,new,,,2026-03-27T05:41:29.409210
mubawab_8210272,mubawab,,400.0,4.0,,TUNIS,north,Jebel Jelloud,Sale,Villa,36.7667,10.1833,garden|jardin|parking,35,LOW,0.5,False,False,new,,,2026-03-27T12:46:51.567019
mubawab_8228807,mubawab,,200.0,20.0,,,,,Rent,Villa,33.8439408,9.400138,,15,DROP,0.0,False,False,new,,,2026-03-27T09:05:32.581193
mubawab_8226515,mubawab,,203.0,6.0,,,,,Sale,Villa,33.8439408,9.400138,,15,DROP,0.0,False,False,new,,,2026-03-27T08:56:01.819926
mubawab_8223097,mubawab,,320.0,4.0,,TUNIS,north,Jebel Jelloud,Sale,Villa,36.7667,10.1833,secured door|soundproofing,35,LOW,0.5,False,False,new,,,2026-03-27T12:48:30.265539
mubawab_8219101,mubawab,,156.0,3.0,,TUNIS,north,Jebel Jelloud,Sale,Villa,36.7667,10.1833,garden|jardin|parking|rooms,35,LOW,0.5,False,False,new,,,2026-03-27T08:58:40.826524
mubawab_8212588,mubawab,,245.0,9.0,,,,,Sale,Villa,33.8439408,9.400138,,15,DROP,0.0,False,False,new,,,2026-03-27T08:58:30.955600
mubawab_8211968,mubawab,,254.0,6.0,,,,,Sale,Villa,33.8439408,9.400138,,15,DROP,0.0,False,False,new,,,2026-03-27T08:14:17.155977
mubawab_8239703,mubawab,,1277.0,,,,,,Sale,Land,33.8439408,9.400138,,5,DROP,0.0,False,False,new,,,2026-03-27T12:50:09.020601
mubawab_8240197,mubawab,,117.0,15.0,,,,,Sale,Apartment,33.8439408,9.400138,,15,DROP,0.0,False,False,new,,,2026-03-27T05:41:19.541204
mubawab_8234831,mubawab,,500.0,19.0,,,,,Sale,Villa,33.8439408,9.400138,,15,DROP,0.0,False,False,new,,,2026-03-27T08:58:34.704456
mubawab_8230344,mubawab,,208.0,3.0,,TUNIS,north,Jebel Jelloud,Rent,Villa,36.7667,10.1833,Balcony|Green area,35,LOW,0.5,False,False,new,,,2026-03-27T09:02:49.255569
mubawab_8236731,mubawab,,160.0,3.0,,,,,Rent,Apartment,33.8439408,9.400138,,15,DROP,0.0,False,False,new,,,2026-03-27T12:58:38.734413
mubawab_8234718,mubawab,,66.0,,,TUNIS,north,Jebel Jelloud,Rent,Commercial,36.7667,10.1833,Surface de 66 m²,25,LOW,0.5,False,False,new,,,2026-03-27T09:06:50.786626
mubawab_8240198,mubawab,,100.0,10.0,,,,,Sale,Apartment,33.8439408,9.400138,,15,DROP,0.0,False,False,new,,,2026-03-27T05:41:24.038302
mubawab_8234719,mubawab,,66.0,13.0,,,,,Rent,Commercial,33.8439408,9.400138,,15,DROP,0.0,False,False,new,,,2026-03-27T09:07:01.446192
mubawab_8229849,mubawab,,15.0,7.0,,,,,Rent,Commercial,33.8439408,9.400138,,15,DROP,0.0,False,False,new,,,2026-03-27T09:08:00.752895
mubawab_8234976,mubawab,,102.0,,,TUNIS,north,Jebel Jelloud,Sale,Commercial,36.7667,10.1833,102m²|commercial,25,LOW,0.5,False,False,new,,,2026-03-27T12:56:43.939201
mubawab_8244666,mubawab,,550.0,,,,,,Rent,Commercial,33.8439408,9.400138,,5,DROP,0.0,False,False,new,,,2026-03-27T09:06:45.663026
mubawab_8243638,mubawab,,80.0,3.0,,,,,Sale,Commercial,33.8439408,9.400138,,15,DROP,0.0,False,False,new,,,2026-03-27T12:54:25.910847
mubawab_8240199,mubawab,,90.0,3.0,,,,,Sale,Apartment,33.8439408,9.400138,,15,DROP,0.0,False,False,new,,,2026-03-27T05:41:08.919466
mubawab_8242179,mubawab,,266.0,,,,,,Sale,Land,33.8439408,9.400138,,5,DROP,0.0,False,False,new,,,2026-03-27T12:51:21.539413
mubawab_8240827,mubawab,,902.0,5.0,,,,,Sale,Villa,33.8439408,9.400138,,15,DROP,0.0,False,False,new,,,2026-03-27T08:56:56.433965
mubawab_8240435,mubawab,,304.0,,,,,,Sale,Land,33.8439408,9.400138,,5,DROP,0.0,False,False,new,,,2026-03-27T12:51:36.246489
mubawab_8243905,mubawab,,120.0,7.0,,,,,Rent,Apartment,33.8439408,9.400138,,15,DROP,0.0,False,False,new,,,2026-03-27T12:59:14.107632
mubawab_8244846,mubawab,,300.0,10.0,,,,,Sale,Villa,33.8439408,9.400138,,15,DROP,0.0,False,False,new,,,2026-03-27T08:57:33.613114
mubawab_8242327,mubawab,,150.0,2.0,,TUNIS,north,Jebel Jelloud,Rent,Villa,36.7667,10.1833,furnishing|rooms,35,LOW,0.5,False,False,new,,,2026-03-27T09:03:59.572332
mubawab_8241301,mubawab,,150.0,12.0,,,,,Sale,Apartment,33.8439408,9.400138,,15,DROP,0.0,False,False,new,,,2026-03-27T05:41:14.652850
mubawab_8251237,mubawab,,,5.0,,TUNIS,north,Jebel Jelloud,Rent,Villa,36.7667,10.1833,air conditioning|caretaker service,20,DROP,0.0,False,False,new,,,2026-03-27T09:04:10.205597
mubawab_8251203,mubawab,,180.0,2.0,,TUNIS,north,Jebel Jelloud,Rent,Commercial,36.7667,10.1833,,30,LOW,0.5,False,False,new,,,2026-03-27T09:07:50.891936
mubawab_8246599,mubawab,,514.0,,,TUNIS,north,Jebel Jelloud,Sale,Land,36.7667,10.1833,terrain,25,LOW,0.5,False,False,new,,,2026-03-27T12:51:45.595694
mubawab_8245872,mubawab,,500.0,6.0,,,,,Sale,Villa,33.8439408,9.400138,,15,DROP,0.0,False,False,new,,,2026-03-27T12:47:43.434210
mubawab_8251002,mubawab,,150.0,5.0,,,,,Rent,Apartment,33.8439408,9.400138,,15,DROP,0.0,False,False,new,,,2026-03-27T12:57:03.390127
mubawab_8257777,mubawab,,158.0,10.0,,,,,Sale,Apartment,33.8439408,9.400138,,15,DROP,0.0,False,False,new,,,2026-03-27T05:40:00.745432
mubawab_8251845,mubawab,,2400.0,5.0,,,,,Rent,Commercial,33.8439408,9.400138,,15,DROP,0.0,False,False,new,,,2026-03-27T09:08:43.088256
mubawab_8253718,mubawab,,44.0,1.0,,,,,Rent,Apartment,33.8439408,9.400138,,15,DROP,0.0,False,False,unchanged,,,2026-03-27T12:57:35.822877
mubawab_8246532,mubawab,,113.0,11.0,,,,,Sale,Apartment,33.8439408,9.400138,,15,DROP,0.0,False,False,new,,,2026-03-27T05:40:44.815460
mubawab_8253811,mubawab,,129.0,4.0,,TUNIS,north,Jebel Jelloud,Sale,Apartment,36.7667,10.1833,,30,LOW,0.5,False,False,unchanged,,,2026-03-27T05:39:30.894095
mubawab_8263584,mubawab,,1000.0,2.0,,,,,Sale,Land,33.8439408,9.400138,,15,DROP,0.0,False,False,new,,,2026-03-27T12:52:27.471480
mubawab_8266226,mubawab,,262.0,15.0,,,,,Sale,Villa,33.8439408,9.400138,,15,DROP,0.0,False,False,new,,,2026-03-27T12:47:30.908348
mubawab_8269216,mubawab,,360.0,,,,,,Sale,Land,33.8439408,9.400138,,5,DROP,0.0,False,False,new,,,2026-03-27T12:51:16.337597
mubawab_8268954,mubawab,,47.0,3.0,,,,,Sale,Commercial,33.8439408,9.400138,,15,DROP,0.0,False,False,new,,,2026-03-27T12:56:10.306550
mubawab_8259445,mubawab,,160.0,,,TUNIS,north,Jebel Jelloud,Rent,Commercial,36.7667,10.1833,bureaux|surface_of_property,25,LOW,0.5,False,False,new,,,2026-03-27T09:06:35.527094
mubawab_8266388,mubawab,,900.0,,,,,,Sale,Commercial,33.8439408,9.400138,,5,DROP,0.0,False,False,new,,,2026-03-27T12:55:55.260975
mubawab_8267431,mubawab,,350.0,5.0,,,,,Sale,Villa,33.8439408,9.400138,,15,DROP,0.0,False,False,new,,,2026-03-27T12:49:28.631368
mubawab_8268309,mubawab,,117.0,1.0,,,,,Sale,Villa,33.8439408,9.400138,,15,DROP,0.0,False,False,new,,,2026-03-27T08:14:22.048984
mubawab_8266350,mubawab,,200.0,5.0,,,,,Sale,Villa,33.8439408,9.400138,,15,DROP,0.0,False,False,new,,,2026-03-27T12:47:48.821661
mubawab_8261527,mubawab,,607.0,5.0,,,,,Sale,Villa,33.8439408,9.400138,,15,DROP,0.0,False,False,new,,,2026-03-27T08:56:12.386592
mubawab_8278425,mubawab,,,1.0,,,,,Rent,Apartment,33.8439408,9.400138,,0,DROP,0.0,False,False,new,,,2026-03-27T12:59:29.763463
mubawab_8278630,mubawab,,1115.0,,,,,,Sale,Land,33.8439408,9.400138,,5,DROP,0.0,False,False,new,,,2026-03-27T12:50:03.685772
mubawab_8276279,mubawab,,418.0,2.0,,,,,Rent,Commercial,33.8439408,9.400138,,15,DROP,0.0,False,False,new,,,2026-03-27T09:09:27.406466
mubawab_8276869,mubawab,,201.5,20.0,,,,,Sale,Apartment,33.8439408,9.400138,,15,DROP,0.0,False,False,new,,,2026-03-27T05:39:55.318610
mubawab_8276629,mubawab,,440.0,5.0,,,,,Sale,Villa,33.8439408,9.400138,,15,DROP,0.0,False,False,new,,,2026-03-27T08:55:57.229406
mubawab_8274100,mubawab,,,12.0,,,,,Sale,Villa,33.8439408,9.400138,,0,DROP,0.0,False,False,new,,,2026-03-27T12:49:38.179708
mubawab_8276074,mubawab,,,2.0,,,,,Sale,Land,33.8439408,9.400138,,0,DROP,0.0,False,False,new,,,2026-03-27T12:52:22.571603
mubawab_8280475,mubawab,,382.0,,,,,,Sale,Land,33.8439408,9.400138,,5,DROP,0.0,False,False,new,,,2026-03-27T12:51:11.812296
mubawab_8280515,mubawab,,284.0,,,TUNIS,north,Jebel Jelloud,Sale,Land,36.7667,10.1833,terrain|villas,25,LOW,0.5,False,False,new,,,2026-03-27T12:51:02.308733
mubawab_8281300,mubawab,,840.0,,,,,,Sale,Land,33.8439408,9.400138,,5,DROP,0.0,False,False,new,,,2026-03-27T12:52:17.814935
mubawab_8285053,mubawab,,150.0,2.0,,TUNIS,north,Jebel Jelloud,Rent,Villa,36.7667,10.1833,garden|jardin|terrace|terrasse,35,LOW,0.5,False,False,new,,,2026-03-27T09:03:28.013578
mubawab_8287932,mubawab,,100.0,5.0,,,,,Sale,Apartment,33.8439408,9.400138,,15,DROP,0.0,False,False,new,,,2026-03-27T05:41:33.734329
mubawab_8287385,mubawab,,380.0,6.0,,TUNIS,north,Jebel Jelloud,Sale,Villa,36.7667,10.1833,large balcony,35,LOW,0.5,False,False,new,,,2026-03-27T08:56:31.759639
mubawab_8287934,mubawab,,95.0,4.0,,,,,Sale,Apartment,33.8439408,9.400138,,15,DROP,0.0,False,False,new,,,2026-03-27T05:41:04.180511
mubawab_8287747,mubawab,,130.0,2.0,,,,,Sale,Villa,33.8439408,9.400138,,15,DROP,0.0,False,False,new,,,2026-03-27T08:56:16.811696
mubawab_8284291,mubawab,,120.0,10.0,,,,,Rent,Villa,33.8439408,9.400138,,15,DROP,0.0,False,False,new,,,2026-03-27T09:05:05.100206
mubawab_8288452,mubawab,,50.0,7.0,,,,,Rent,Commercial,33.8439408,9.400138,,15,DROP,0.0,False,False,new,,,2026-03-27T09:07:10.274968
mubawab_8282249,mubawab,,145.0,11.0,,,,,Rent,Villa,33.8439408,9.400138,,15,DROP,0.0,False,False,new,,,2026-03-27T09:03:43.120745
mubawab_8281539,mubawab,,538.0,8.0,,,,,Sale,Villa,33.8439408,9.400138,,15,DROP,0.0,False,False,new,,,2026-03-27T08:57:57.572444
mubawab_8286234,mubawab,,360.0,4.0,,TUNIS,north,Jebel Jelloud,Rent,Villa,36.7667,10.1833,air conditioning|piscine|swimming pool,35,LOW,0.5,False,False,new,,,2026-03-27T09:05:48.230473
mubawab_8296227,mubawab,,535.0,,,,,,Rent,Commercial,33.8439408,9.400138,,5,DROP,0.0,False,False,new,,,2026-03-27T09:08:37.973802
mubawab_8296565,mubawab,,2750.0,,,TUNIS,north,Jebel Jelloud,Sale,Commercial,36.7667,10.1833,meuble,25,LOW,0.5,False,False,new,,,2026-03-27T12:55:42.172883
mubawab_8293385,mubawab,,750.0,8.0,,,,,Sale,Villa,33.8439408,9.400138,,15,DROP,0.0,False,False,new,,,2026-03-27T12:48:12.662583
mubawab_8293337,mubawab,,508.0,,,TUNIS,north,Jebel Jelloud,Sale,Land,36.7667,10.1833,viabilisé,25,LOW,0.5,False,False,new,,,2026-03-27T12:50:17.900567
mubawab_8293135,mubawab,,300.0,4.0,,TUNIS,north,Jebel Jelloud,Sale,Villa,36.7667,10.1833,,30,LOW,0.5,False,False,new,,,2026-03-27T12:48:26.073944
mubawab_8295232,mubawab,,490.0,6.0,,,,,Sale,Villa,33.8439408,9.400138,,15,DROP,0.0,False,False,new,,,2026-03-27T08:56:47.874095
mubawab_8297277,mubawab,,,5.0,,,,,Rent,Apartment,33.8439408,9.400138,,0,DROP,0.0,False,False,new,,,2026-03-27T12:58:58.524946
mubawab_8292175,mubawab,,550.0,6.0,,,,,Sale,Villa,33.8439408,9.400138,,15,DROP,0.0,False,False,new,,,2026-03-27T08:55:37.608028
mubawab_8293014,mubawab,,90.0,6.0,,,,,Rent,Apartment,33.8439408,9.400138,,15,DROP,0.0,False,False,new,,,2026-03-27T12:57:07.754726
mubawab_8296374,mubawab,,,3.0,,TUNIS,north,Jebel Jelloud,Rent,Apartment,36.7667,10.1833,meuble,20,DROP,0.0,False,False,new,,,2026-03-27T12:57:23.970064
mubawab_8298148,mubawab,,64.0,2.0,,,,,Rent,Apartment,33.8439408,9.400138,,15,DROP,0.0,False,False,new,,,2026-03-27T12:57:18.838589
mubawab_8299021,mubawab,,420.0,4.0,,,,,Sale,Villa,33.8439408,9.400138,,15,DROP,0.0,False,False,new,,,2026-03-27T12:47:20.796051
mubawab_8300185,mubawab,,616.0,,,TUNIS,north,Jebel Jelloud,Sale,Land,36.7667,10.1833,terrain,25,LOW,0.5,False,False,new,,,2026-03-27T12:53:09.184615
mubawab_8298590,mubawab,,275.0,5.0,,TUNIS,north,Jebel Jelloud,Sale,Villa,36.7667,10.1833,piscine,35,LOW,0.5,False,False,new,,,2026-03-27T12:49:18.659953
mubawab_8300418,mubawab,,116.0,2.0,,TUNIS,north,Jebel Jelloud,Sale,Apartment,36.7667,10.1833,terrasse,35,LOW,0.5,False,False,new,,,2026-03-27T05:39:17.346866
mubawab_8301360,mubawab,,73.0,1.0,,TUNIS,north,Jebel Jelloud,Sale,Apartment,36.7667,10.1833,terrasse,35,LOW,0.5,False,False,unchanged,,,2026-03-27T05:40:15.088595
mubawab_8301345,mubawab,,73.0,1.0,,TUNIS,north,Jebel Jelloud,Sale,Apartment,36.7667,10.1833,apartment|surface total,35,LOW,0.5,False,False,new,,,2026-03-27T05:39:40.021198
mubawab_8297701,mubawab,,43.0,,,TUNIS,north,Jebel Jelloud,Sale,Commercial,36.7667,10.1833,fond de commerce,25,LOW,0.5,False,False,new,,,2026-03-27T12:54:16.453332
mubawab_8300448,mubawab,,400.0,4.0,,TUNIS,north,Jebel Jelloud,Rent,Villa,36.7667,10.1833,,30,LOW,0.5,False,False,new,,,2026-03-27T09:02:11.488900
mubawab_8300844,mubawab,,141.0,8.0,,,,,Sale,Commercial,33.8439408,9.400138,,15,DROP,0.0,False,False,new,,,2026-03-27T12:53:58.551011
mubawab_8302491,mubawab,,68.0,3.0,,,,,Sale,Apartment,33.8439408,9.400138,,15,DROP,0.0,False,False,new,,,2026-03-27T05:39:07.100389
mubawab_8302394,mubawab,,700.0,1.0,,,,,Rent,Commercial,33.8439408,9.400138,,15,DROP,0.0,False,False,new,,,2026-03-27T09:09:22.748714
mubawab_8301411,mubawab,,225.0,8.0,,,,,Sale,Commercial,33.8439408,9.400138,,15,DROP,0.0,False,False,new,,,2026-03-27T12:55:19.714293
mubawab_8303273,mubawab,,900.0,8.0,,,,,Sale,Villa,33.8439408,9.400138,,15,DROP,0.0,False,False,new,,,2026-03-27T05:41:46.566917
mubawab_8302707,mubawab,,138.0,11.0,,,,,Sale,Apartment,33.8439408,9.400138,,15,DROP,0.0,False,False,new,,,2026-03-27T05:40:28.814693
mubawab_8304052,mubawab,,250.0,13.0,,,,,Rent,Villa,33.8439408,9.400138,,15,DROP,0.0,False,False,new,,,2026-03-27T09:03:48.189750
mubawab_8304873,mubawab,,140.0,3.0,,TUNIS,north,Jebel Jelloud,Rent,Apartment,36.7667,10.1833,2.2 bedrooms|meuble|terrace,35,LOW,0.5,False,False,new,,,2026-03-27T12:57:52.962370
mubawab_8302514,mubawab,,220.0,8.0,,,,,Sale,Villa,33.8439408,9.400138,,15,DROP,0.0,False,False,new,,,2026-03-27T12:47:15.177957
mubawab_8301707,mubawab,,,5.0,,,,,Rent,Apartment,33.8439408,9.400138,,0,DROP,0.0,False,False,new,,,2026-03-27T12:58:23.491147
mubawab_8301780,mubawab,,70.0,1.0,,TUNIS,north,Jebel Jelloud,Rent,Apartment,36.7667,10.1833,gardens|jardin,35,LOW,0.5,False,False,new,,,2026-03-27T12:58:28.716716
mubawab_8306211,mubawab,,300.0,4.0,,,,,Sale,Villa,33.8439408,9.400138,,15,DROP,0.0,False,False,new,,,2026-03-27T08:57:01.893734
mubawab_8305342,mubawab,,74.0,3.0,,TUNIS,north,Jebel Jelloud,Rent,Commercial,36.7667,10.1833,Lac|appartement neuf|usage bureautique,35,LOW,0.5,False,False,new,,,2026-03-27T09:06:01.472664
mubawab_8307443,mubawab,,320.0,18.0,,,,,Sale,Villa,33.8439408,9.400138,,15,DROP,0.0,False,False,new,,,2026-03-27T12:48:21.206634
mubawab_8304928,mubawab,,704.0,6.0,,,,,Sale,Villa,33.8439408,9.400138,,15,DROP,0.0,False,False,new,,,2026-03-27T08:57:38.047153
mubawab_8305633,mubawab,,119.0,7.0,,,,,Rent,Apartment,33.8439408,9.400138,,15,DROP,0.0,False,False,new,,,2026-03-27T12:59:40.863425
mubawab_8306166,mubawab,,1100.0,4.0,,,,,Sale,Commercial,33.8439408,9.400138,,15,DROP,0.0,False,False,new,,,2026-03-27T12:54:45.357798
mubawab_8306626,mubawab,,1450.0,,,,,,Rent,Commercial,33.8439408,9.400138,,5,DROP,0.0,False,False,new,,,2026-03-27T09:06:25.130391
mubawab_8304959,mubawab,,115.0,,,,,,Sale,Commercial,33.8439408,9.400138,,5,DROP,0.0,False,False,new,,,2026-03-27T12:55:02.845712
mubawab_8305537,mubawab,,60.0,2.0,,,,,Rent,Apartment,33.8439408,9.400138,,15,DROP,0.0,False,False,new,,,2026-03-27T12:59:03.539120
mubawab_8305946,mubawab,,121.0,3.0,,,,,Sale,Villa,33.8439408,9.400138,,15,DROP,0.0,False,False,new,,,2026-03-27T08:56:25.875999
mubawab_8308827,mubawab,,140.0,1.0,,,,,Sale,Villa,33.8439408,9.400138,,15,DROP,0.0,False,False,new,,,2026-03-27T12:48:17.726844
mubawab_8309594,mubawab,,270.0,3.0,,TUNIS,north,Jebel Jelloud,Sale,Villa,36.7667,10.1833,,30,LOW,0.5,False,False,new,,,2026-03-27T08:58:05.135131
mubawab_8307794,mubawab,,1369.0,,,,,,Sale,Land,33.8439408,9.400138,,5,DROP,0.0,False,False,new,,,2026-03-27T12:50:13.353525
mubawab_8308249,mubawab,,150.0,2.0,,TUNIS,north,Jebel Jelloud,Rent,Villa,36.7667,10.1833,terrace|terrasse,35,LOW,0.5,False,False,new,,,2026-03-27T09:04:45.093593
mubawab_8308831,mubawab,,125.0,1.0,,,,,Sale,Apartment,33.8439408,9.400138,,15,DROP,0.0,False,False,new,,,2026-03-27T05:39:35.692271
mubawab_8310540,mubawab,,,6.0,,,,,Rent,Apartment,33.8439408,9.400138,,0,DROP,0.0,False,False,new,,,2026-03-27T12:57:13.602015
mubawab_8308365,mubawab,,287.0,1.0,,,,,Sale,Apartment,33.8439408,9.400138,,15,DROP,0.0,False,False,new,,,2026-03-27T05:38:41.427480
mubawab_8307944,mubawab,,73.0,4.0,,,,,Sale,Commercial,33.8439408,9.400138,,15,DROP,0.0,False,False,new,,,2026-03-27T12:53:43.932993
mubawab_8307736,mubawab,,856.0,11.0,,,,,Sale,Villa,33.8439408,9.400138,,15,DROP,0.0,False,False,new,,,2026-03-27T12:49:32.364837
mubawab_8309582,mubawab,,350.0,4.0,,TUNIS,north,Jebel Jelloud,Sale,Villa,36.7667,10.1833,garden|piscine|pool,35,LOW,0.5,False,False,new,,,2026-03-27T08:58:16.513228
mubawab_8311870,mubawab,,300.0,15.0,,,,,Rent,Villa,33.8439408,9.400138,,15,DROP,0.0,False,False,new,,,2026-03-27T09:03:12.685378
mubawab_8311658,mubawab,,180.0,3.0,,TUNIS,north,Jebel Jelloud,Rent,Villa,36.7667,10.1833,garden|jardin,35,LOW,0.5,False,False,new,,,2026-03-27T09:04:54.910116
mubawab_8311576,mubawab,,117.0,2.0,,,,,Sale,Villa,33.8439408,9.400138,,15,DROP,0.0,False,False,new,,,2026-03-27T12:48:49.152135
mubawab_8312771,mubawab,,670.0,5.0,,,,,Sale,Villa,33.8439408,9.400138,,15,DROP,0.0,False,False,new,,,2026-03-27T08:57:47.715059
mubawab_8312748,mubawab,,150.0,11.0,,,,,Rent,Villa,33.8439408,9.400138,,15,DROP,0.0,False,False,new,,,2026-03-27T09:05:37.353764
mubawab_8314566,mubawab,,125.0,3.0,,,,,Sale,Villa,33.8439408,9.400138,,15,DROP,0.0,False,False,new,,,2026-03-27T08:58:26.132579
mubawab_8312698,mubawab,,300.0,6.0,,,,,Rent,Commercial,33.8439408,9.400138,,15,DROP,0.0,False,False,new,,,2026-03-27T09:06:30.460292
mubawab_8311823,mubawab,,128.0,4.0,,,,,Sale,Apartment,33.8439408,9.400138,,15,DROP,0.0,False,False,new,,,2026-03-27T05:40:10.292995
mubawab_8312162,mubawab,,400.0,3.0,,,,,Sale,Villa,33.8439408,9.400138,,15,DROP,0.0,False,False,new,,,2026-03-27T08:57:42.854403
mubawab_8311350,mubawab,,200.0,3.0,,TUNIS,north,Jebel Jelloud,Rent,Villa,36.7667,10.1833,suites|terrace|terrasse,35,LOW,0.5,False,False,new,,,2026-03-27T09:03:03.353523
mubawab_8316549,mubawab,,330.0,,,TUNIS,north,Jebel Jelloud,Sale,Land,36.7667,10.1833,terrain,25,LOW,0.5,False,False,new,,,2026-03-27T12:52:55.169922
mubawab_8316018,mubawab,,,7.0,,,,,Rent,Apartment,33.8439408,9.400138,,0,DROP,0.0,False,False,new,,,2026-03-27T12:56:58.328029
mubawab_8316039,mubawab,,74.0,2.0,,TUNIS,north,Jebel Jelloud,Sale,Apartment,36.7667,10.1833,,30,LOW,0.5,False,False,new,,,2026-03-27T05:40:34.637713
mubawab_8315352,mubawab,,45.0,,,TUNIS,north,Jebel Jelloud,Sale,Commercial,36.7667,10.1833,,20,DROP,0.0,False,False,new,,,2026-03-27T12:54:30.347746
mubawab_8317546,mubawab,,160.0,3.0,,,,,Rent,Villa,33.8439408,9.400138,,15,DROP,0.0,False,False,new,,,2026-03-27T09:03:37.606395
mubawab_8315694,mubawab,,300.0,3.0,,TUNIS,north,Jebel Jelloud,Rent,Villa,36.7667,10.1833,sea view,35,LOW,0.5,False,False,new,,,2026-03-27T09:02:39.192234
mubawab_8317120,mubawab,,70.0,1.0,,,,,Rent,Apartment,33.8439408,9.400138,,15,DROP,0.0,False,False,new,,,2026-03-27T13:00:12.025460
mubawab_8314567,mubawab,,446.0,5.0,,,,,Sale,Villa,33.8439408,9.400138,,15,DROP,0.0,False,False,new,,,2026-03-27T08:14:07.138208
mubawab_8316856,mubawab,,324.0,,,,,,Sale,Land,33.8439408,9.400138,,5,DROP,0.0,False,False,new,,,2026-03-27T12:49:58.020568
mubawab_8316525,mubawab,,270.0,2.0,,,,,Rent,Commercial,33.8439408,9.400138,,15,DROP,0.0,False,False,new,,,2026-03-27T09:07:46.034195
mubawab_8319823,mubawab,,150.0,5.0,,,,,Sale,Villa,33.8439408,9.400138,,15,DROP,0.0,False,False,new,,,2026-03-27T08:55:42.245418
mubawab_8318361,mubawab,,680.0,,,TUNIS,north,Jebel Jelloud,Sale,Commercial,36.7667,10.1833,meuble,25,LOW,0.5,False,False,new,,,2026-03-27T12:54:50.242021
mubawab_8318072,mubawab,,801.0,,,,,,Sale,Commercial,33.8439408,9.400138,,5,DROP,0.0,False,False,new,,,2026-03-27T09:01:58.690461
mubawab_8319917,mubawab,,164.0,7.0,,,,,Sale,Commercial,33.8439408,9.400138,,15,DROP,0.0,False,False,new,,,2026-03-27T12:56:04.912209
mubawab_8318365,mubawab,,180.0,3.0,,ARIANA,north,Ariana Ville,Rent,Villa,36.866011,10.193923,Menzah 6|duplex,35,LOW,0.5,False,False,new,,,2026-03-27T09:04:24.885475
mubawab_8319826,mubawab,,1086.0,,,,,,Sale,Land,33.8439408,9.400138,,5,DROP,0.0,False,False,new,,,2026-03-27T12:51:27.362752
mubawab_8319907,mubawab,,20.0,,,,,,Rent,Commercial,33.8439408,9.400138,,5,DROP,0.0,False,False,new,,,2026-03-27T09:07:31.740944
mubawab_8317786,mubawab,,117.0,,,,,,Sale,Commercial,33.8439408,9.400138,,5,DROP,0.0,False,False,new,,,2026-03-27T09:02:02.355229
mubawab_8317905,mubawab,,200.0,7.0,,,,,Sale,Villa,33.8439408,9.400138,,15,DROP,0.0,False,False,new,,,2026-03-27T12:47:10.715461
mubawab_8319548,mubawab,,400.0,8.0,,,,,Sale,Villa,33.8439408,9.400138,,15,DROP,0.0,False,False,new,,,2026-03-27T12:48:52.959644
mubawab_8320235,mubawab,,63.0,2.0,,,,,Sale,Apartment,33.8439408,9.400138,,15,DROP,0.0,False,False,new,,,2026-03-27T05:40:53.629506
mubawab_8320303,mubawab,,170.0,7.0,,,,,Rent,Apartment,33.8439408,9.400138,,15,DROP,0.0,False,False,new,,,2026-03-27T12:58:53.981099
mubawab_8320004,mubawab,,150.0,10.0,,,,,Rent,Villa,33.8439408,9.400138,,15,DROP,0.0,False,False,new,,,2026-03-27T09:03:53.740071
mubawab_8319924,mubawab,,145.0,,,TUNIS,north,Jebel Jelloud,Sale,Commercial,36.7667,10.1833,,20,DROP,0.0,False,False,new,,,2026-03-27T12:56:00.506723
mubawab_8320813,mubawab,,430.0,3.0,,TUNIS,north,Jebel Jelloud,Rent,Villa,36.7667,10.1833,,30,LOW,0.5,False,False,new,,,2026-03-27T09:03:17.984485
mubawab_8320001,mubawab,,50.0,,,ARIANA,north,Ariana Ville,Rent,Commercial,36.866011,10.193923,,20,DROP,0.0,False,False,new,,,2026-03-27T09:08:19.591738
mubawab_8320802,mubawab,,273.0,3.0,,,,,Sale,Apartment,33.8439408,9.400138,,15,DROP,0.0,False,False,new,,,2026-03-27T05:39:11.458753
mubawab_8320569,mubawab,,2670.0,,,,,,Sale,Commercial,33.8439408,9.400138,,5,DROP,0.0,False,False,new,,,2026-03-27T12:55:36.449785
mubawab_8320769,mubawab,,170.0,3.0,,TUNIS,north,Jebel Jelloud,Sale,Villa,36.7667,10.1833,2 garages|garage|garages,35,LOW,0.5,False,False,new,,,2026-03-27T08:57:17.562906
mubawab_8320365,mubawab,,160.0,12.0,,,,,Sale,Villa,33.8439408,9.400138,,15,DROP,0.0,False,False,new,,,2026-03-27T08:56:22.052585
mubawab_8321173,mubawab,,80.0,,,,,,Sale,Commercial,33.8439408,9.400138,,5,DROP,0.0,False,False,new,,,2026-03-27T12:55:13.426272
mubawab_8321040,mubawab,,300.0,,,,,,Sale,Commercial,33.8439408,9.400138,,5,DROP,0.0,False,False,new,,,2026-03-27T12:55:24.502652
mubawab_8320871,mubawab,,129.0,5.0,,,,,Sale,Commercial,33.8439408,9.400138,,15,DROP,0.0,False,False,new,,,2026-03-27T12:55:29.958067
mubawab_8320973,mubawab,,80.0,3.0,,TUNIS,north,Jebel Jelloud,Rent,Commercial,36.7667,10.1833,,30,LOW,0.5,False,False,new,,,2026-03-27T09:07:20.990074
mubawab_8321011,mubawab,,145.0,9.0,,,,,Sale,Apartment,33.8439408,9.400138,,15,DROP,0.0,False,False,new,,,2026-03-27T05:40:23.548569
mubawab_8320839,mubawab,,107.0,4.0,,,,,Rent,Commercial,33.8439408,9.400138,,15,DROP,0.0,False,False,new,,,2026-03-27T09:07:55.739399
mubawab_8321344,mubawab,,310.0,,,,,,Sale,Villa,33.8439408,9.400138,,5,DROP,0.0,False,False,new,,,2026-03-27T08:56:07.279573
mubawab_8321192,mubawab,,260.0,7.0,,,,,Sale,Villa,33.8439408,9.400138,,15,DROP,0.0,False,False,new,,,2026-03-27T08:57:28.090621
mubawab_8321375,mubawab,,91.0,,,TUNIS,north,Jebel Jelloud,Sale,Commercial,36.7667,10.1833,,20,DROP,0.0,False,False,new,,,2026-03-27T12:53:48.429075
mubawab_8320921,mubawab,,532.0,,,,,,Sale,Land,33.8439408,9.400138,,5,DROP,0.0,False,False,new,,,2026-03-27T12:53:03.631370
mubawab_8321735,mubawab,,300.0,3.0,,,,,Rent,Villa,33.8439408,9.400138,,15,DROP,0.0,False,False,new,,,2026-03-27T09:02:33.813740
mubawab_8321473,mubawab,,2200.0,,,,,,Sale,Land,33.8439408,9.400138,,5,DROP,0.0,False,False,new,,,2026-03-27T12:51:55.592377
mubawab_8321732,mubawab,,200.0,2.0,,TUNIS,north,Jebel Jelloud,Rent,Villa,36.7667,10.1833,furnished,35,LOW,0.5,False,False,new,,,2026-03-27T09:05:24.099798
mubawab_8321666,mubawab,,1150.0,6.0,,,,,Rent,Villa,33.8439408,9.400138,,15,DROP,0.0,False,False,new,,,2026-03-27T09:05:43.637640
mubawab_8321738,mubawab,,350.0,4.0,,TUNIS,north,Jebel Jelloud,Rent,Villa,36.7667,10.1833,garden|jardin|piscine|pool,35,LOW,0.5,False,False,new,,,2026-03-27T09:02:24.642018
mubawab_8321747,mubawab,,120.0,7.0,,,,,Rent,Villa,33.8439408,9.400138,,15,DROP,0.0,False,False,new,,,2026-03-27T09:05:19.908672
mubawab_8321593,mubawab,,193.0,13.0,,,,,Sale,Villa,33.8439408,9.400138,,15,DROP,0.0,False,False,new,,,2026-03-27T08:55:52.269559
mubawab_8321631,mubawab,,90.0,,,,,,Sale,Commercial,33.8439408,9.400138,,5,DROP,0.0,False,False,new,,,2026-03-27T12:55:07.465228
mubawab_8321523,mubawab,,439.0,,,,,,Sale,Villa,33.8439408,9.400138,,5,DROP,0.0,False,False,new,,,2026-03-27T08:55:47.016651
mubawab_8321713,mubawab,,100.0,7.0,,,,,Rent,Apartment,33.8439408,9.400138,,15,DROP,0.0,False,False,new,,,2026-03-27T12:59:35.582463
mubawab_8321802,mubawab,,159.0,6.0,,TUNIS,north,Jebel Jelloud,Sale,Apartment,36.7667,10.1833,,30,LOW,0.5,False,False,new,,,2026-03-27T05:39:26.080322
mubawab_8321936,mubawab,,500.0,5.0,,TUNIS,north,Jebel Jelloud,Sale,Villa,36.7667,10.1833,,30,LOW,0.5,False,False,new,,,2026-03-27T08:57:07.442298
mubawab_8321871,mubawab,,100.0,2.0,,,,,Rent,Commercial,33.8439408,9.400138,,15,DROP,0.0,False,False,new,,,2026-03-27T09:09:12.370317
mubawab_8321845,mubawab,,95.0,,,,,,Sale,Apartment,33.8439408,9.400138,,5,DROP,0.0,False,False,new,,,2026-03-27T05:40:58.998827
mubawab_8322004,mubawab,,240.0,4.0,,,,,Sale,Villa,33.8439408,9.400138,,15,DROP,0.0,False,False,new,,,2026-03-27T12:49:12.996017
mubawab_8321821,mubawab,,59.0,,,,,,Rent,Commercial,33.8439408,9.400138,,5,DROP,0.0,False,False,new,,,2026-03-27T09:09:18.358996
mubawab_8321930,mubawab,,500.0,7.0,,,,,Rent,Villa,33.8439408,9.400138,,15,DROP,0.0,False,False,new,,,2026-03-27T09:05:10.377252
mubawab_8321787,mubawab,,250.0,16.0,,,,,Rent,Villa,33.8439408,9.400138,,15,DROP,0.0,False,False,new,,,2026-03-27T09:05:15.322483
mubawab_8321758,mubawab,,119.0,,,,,,Rent,Apartment,33.8439408,9.400138,,5,DROP,0.0,False,False,new,,,2026-03-27T12:59:09.544073
mubawab_8321993,mubawab,,350.0,,,,,,Rent,Commercial,33.8439408,9.400138,,5,DROP,0.0,False,False,new,,,2026-03-27T09:08:47.662203
mubawab_8322128,mubawab,,100.0,10.0,,,,,Rent,Apartment,33.8439408,9.400138,,15,DROP,0.0,False,False,new,,,2026-03-27T13:00:06.383455
newkey_101421,newkey,540000.0,,,Appartement,,,,Sale,Apartment,36.40107,10.6124745,Général|Ascenseur|Placards|Dressing|Ensoleillé (e)|Parabole|Code d'accès|Gardien|Hall|Interphone|Lumineux|Proche commerces|Quartier calme|Sécurisé|Stores électriques|Titre foncier|Cuisine|Cuisine équipée|Four|Hotte|Plaque|parking|Sous-sol|chauffage|Central|climatisation|Split|proximite|École|Magasin|Salle de sport|Espace vert|Restaurant(s)|Café(s)|Bureau de Poste|Banque(s)|Municipalité|Station de bus|Aéroport|Lycée,30,LOW,0.5,False,False,unchanged,0.0,,2026-03-27T13:07:40.749473
newkey_103023,newkey,2350.0,,,Appartement,,,,Rent,Apartment,36.40107,10.6124745,Général|Terrasse|vue|Vue dégagée|parking|Sous-sol|Place de parking|chauffage|Central|climatisation|Split|proximite|Magasin|Salle de sport|Espace vert|Terrain de foot ou autre|Restaurant(s)|Café(s)|Banque(s)|Aéroport|Lycée,30,LOW,0.5,False,False,unchanged,0.0,,2026-03-27T14:00:00.625598
mubawab_8322130,mubawab,,210.0,,,TUNIS,north,Jebel Jelloud,Sale,Land,36.7667,10.1833,hamam|terrain|titre individuel,25,LOW,0.5,False,False,new,,,2026-03-27T12:52:38.746465
mubawab_8322156,mubawab,,100.0,3.0,La Soukra,ARIANA,north,Ariana Ville,Rent,Apartment,36.866011,10.193923,apartment|well-located,75,GOOD,1.0,False,False,new,,,2026-03-27T12:59:46.159910
newkey_103478,newkey,1400.0,,,Maison / Villa,Tunis,,الهوارية,Sale,Villa,37.0565576,11.0104527,Général|Suite parentale|Chambre service|Terrasse|Espace extérieur|Jardin|vue|Vue dégagée|parking|Garage|chauffage|Central|climatisation|Split|proximite|École|Magasin|Espace vert|Restaurant(s)|Café(s)|Lycée,30,LOW,0.5,True,False,unchanged,0.0,,2026-03-27T13:17:21.276622
mubawab_8322113,mubawab,,,8.0,,,,,Rent,Apartment,33.8439408,9.400138,,0,DROP,0.0,False,False,new,,,2026-03-27T13:00:26.245048
newkey_104163,newkey,3500.0,,,Maison / Villa,Tunis,,الهوارية,Rent,Villa,37.0565576,11.0104527,Général|Suite parentale|Cellier|Terrasse|Placards|Dressing|Balcon|Ensoleillé (e)|Chambres Spacieuses|Hall|Haut Standing|Jacuzzi|Lumineux|Quartier calme|Réfrigérateur|Sécurisé|Stores électriques|Espace extérieur|Jardin|Jardin arboré|Jardin clôturé|Cuisine|Cuisine équipée|Four|Hotte|Plaque|vue|Vue dégagée|parking|Abri de voiture|chauffage|Central|climatisation|Split|proximite|École|Magasin|Salle de sport|Espace vert|Restaurant(s)|Café(s)|Bureau de Poste|Banque(s)|Municipalité|Aéroport|Lycée,50,LOW,0.5,False,False,unchanged,0.0,,2026-03-27T13:38:40.924770
mubawab_8322135,mubawab,,100.0,3.0,,,,,Rent,Apartment,33.8439408,9.400138,,15,DROP,0.0,False,False,new,,,2026-03-27T12:59:56.978007
mubawab_8322134,mubawab,,,5.0,,,,,Rent,Apartment,33.8439408,9.400138,,0,DROP,0.0,False,False,new,,,2026-03-27T13:00:01.403919
newkey_112425,newkey,1300.0,,,Appartement,Tunis,,,Sale,Commercial,,,chambre|coin_repas|cuisine|dressing|meuble|parking|résidence_sécurisée|salle_a_Manger|salle_de_bain|salle_de_douche|salon|sechoir|suite_parentale|séjour|terrasse,15,DROP,0.0,True,False,unchanged,0.0,,2026-03-27T13:37:42.173919
newkey_112688,newkey,,,,Maison / Villa,Tunis,,الهوارية,Sale,Villa,37.0565576,11.0104527,Général|Suite parentale|Piscine|Terrasse|Placards|Dressing|Portail électrique|Alarme|Ensoleillé (e)|Parabole|Chambres Spacieuses|Lumineux|Proche commerces|Proche transport|Quartier calme|Rez-de-chaussée|Sécurisé|Stores électriques|Titre foncier|Très Haut Standing|Espace extérieur|Jardin|Jardin clôturé|Cuisine|Cuisine équipée|Four|Hotte|Plaque|vue|Jardin|parking|Abri de voiture|chauffage|Central|climatisation|Split|proximite|École|Magasin|Salle de sport|Espace vert|Restaurant(s)|Café(s)|Bureau de Poste|Banque(s)|Municipalité|Aéroport|Lycée,30,LOW,0.5,False,False,unchanged,,,2026-03-27T13:36:22.916081
newkey_112699,newkey,,512.0,,Terrain,Tunisia,,,Sale,Land,36.8326074,10.0984587,accessible|cadre de vie agréable|construire votre maison de rêve|emplacement calme|excellent voisinage|façades|lotissement|proche de toutes commodités du quotidien|terrain|titre foncier bleu individuel|viabilisé,40,LOW,0.5,False,False,unchanged,,,2026-03-27T13:37:08.279876
newkey_112673,newkey,325000.0,,,Appartement,Tunisia,,,Sale,Apartment,36.40107,10.6124745,cuisine équipée|deux chambres à coucher|grand salon|salle de bain|suite parentales|séchoir,45,LOW,0.5,False,False,unchanged,0.0,,2026-03-27T13:36:30.616642
newkey_112696,newkey,1700.0,64.0,,Bureau Et Local...,Tunisia,,,Sale,Commercial,,,Général|Ensoleillé (e)|Lumineux|Proche commerces|Réseau internet|Sécurisé|vue|Vue artère principale|parking|Collectif|chauffage|Central|climatisation|Split|proximite|École|Salle de sport|Espace vert|Restaurant(s)|Café(s)|Municipalité|Aéroport,55,LOW,0.5,True,False,unchanged,0.0,,2026-03-27T13:37:22.997569
newkey_106974,newkey,540000.0,,,Maison / Villa,Tunisia,,,Sale,Villa,,,Général|Suite parentale|Cellier|Piscine|Terrasse|Placards|Dressing|Portail électrique|Alarme|Ensoleillé (e)|Double vitrage|Alimentation d'eau|Chambres Spacieuses|Entièrement rénové|Haut Standing|Lumineux|Réfrigérateur|Réseau internet|Sécurisé|Espace extérieur|Jardin|Cuisine|Cuisine équipée|Four|Hotte|Plaque|vue|Vue dégagée|Jardin|parking|Garage|chauffage|Central|climatisation|Split|proximite|Espace vert|Restaurant(s)|Café(s)|Banque(s)|Municipalité|Aéroport|Bureau de Poste,35,LOW,0.5,False,False,unchanged,0.0,,2026-03-27T13:24:03.920685
newkey_112566,newkey,,,,Appartement,Tunisia,,,Sale,Apartment,36.40107,10.6124745,Général|Suite parentale|Piscine|Espace extérieur|Jardin|vue|Vue dégagée|parking|Sous-sol|chauffage|Central|climatisation|Centrale|proximite|École|Magasin|Salle de sport|Espace vert|Restaurant(s)|Café(s)|Bureau de Poste|Banque(s)|Aéroport|École maternelle|Lycée,25,LOW,0.5,False,False,unchanged,,,2026-03-27T13:37:36.304561
newkey_105144,newkey,,,,Appartement,Tunis,,,Sale,Apartment,36.40107,10.6124745,Espace extérieur|Jardin|vue|Vue dégagée|parking|Sous-sol|chauffage|Central|climatisation|Split|proximite|École|Magasin|Salle de sport|Restaurant(s)|Café(s)|Bureau de Poste|Municipalité|Aéroport|École maternelle|Lycée,25,LOW,0.5,False,False,unchanged,,,2026-03-27T13:25:21.154143
newkey_112712,newkey,620000.0,,,Appartement,Tunis,,,Sale,Apartment,36.40107,10.6124745,3 chambres à coucher|balcon|cuisine aménagée|jardin|parking|place parking|salle d'eau invités|suite parentale|séchoir,45,LOW,0.5,False,False,unchanged,0.0,,2026-03-27T13:36:43.241254
newkey_112596,newkey,,,,Maison / Villa,Tunis,,الهوارية,Sale,Land,37.0565576,11.0104527,Général|Suite parentale|Chambre service|Cellier|Piscine|Terrasse|Espace extérieur|Jardin|vue|Vue dégagée|parking|Sous-sol|Place de parking|chauffage|Sol|climatisation|Centrale|Split|proximite|Magasin|Salle de sport|Espace vert|Terrain de foot ou autre|Restaurant(s)|Café(s)|Banque(s)|Station de bus|Lycée,30,LOW,0.5,False,False,unchanged,,,2026-03-27T13:37:29.170960
newkey_113637,newkey,1000.0,775.0,,Terrain,Tunis,,,Sale,Land,36.8326074,10.0984587,divisible|documents juridiques en règle|terrain,65,GOOD,1.0,True,False,unchanged,0.0,,2026-03-27T13:35:03.161936
newkey_113642,newkey,2200.0,,,Maison / Villa,Tunis,,الهوارية,Sale,Villa,37.0565576,11.0104527,chambres à coucher|cuisine équipée|jardin|salle d'eau|salle de bain commune|salle à manger|salon|studio indépendant,30,LOW,0.5,True,False,unchanged,0.0,,2026-03-27T13:34:51.737454
newkey_113194,newkey,,608.0,,Terrain,Tunis,,,Sale,Land,36.8326074,10.0984587,accessibilité|cadre de vie agréable|construction de maison de rêve|emplacement calme|excellent voisinage|proche de toutes commodités du quotidien|terrain|titre foncier bleu individuel|viabilisé,40,LOW,0.5,False,False,unchanged,,,2026-03-27T13:35:58.542534
newkey_113192,newkey,,7774.0,,Terrain,Tunis,,,Sale,Land,36.8326074,10.0984587,accessible|calme|emplacement agréable|papiers en règle|proche de toutes les commodités du quotidien|proche du parc La Soukra|promotion immobilière|quartier calme et résidentiel|terrain|titre individuel,30,LOW,0.5,False,False,unchanged,,,2026-03-27T13:35:44.934915
newkey_114284,newkey,380000.0,,2,Appartement,Tunis,,,Sale,Apartment,36.40107,10.6124745,Général|Terrasse|vue|Vue dégagée|parking|Sous-sol|Place de parking|chauffage|Central|climatisation|Split|proximite|École|Magasin|Salle de sport|Espace vert|Terrain de foot ou autre|Restaurant(s)|Café(s)|Banque(s)|Station de métro|Station de bus|École maternelle|Lycée,80,GOOD,1.0,False,False,unchanged,0.0,,2026-03-27T13:34:37.652052
newkey_114343,newkey,1950.0,,5,Maison / Villa,Tunis,,الهوارية,Sale,Villa,37.0565576,11.0104527,Général|Suite parentale|Chambre service|Piscine|Terrasse|Placards|Dressing|Portail électrique|Alarme|Balcon|Ensoleillé (e)|Parabole|Buanderie|Chambres Spacieuses|Lumineux|Quartier calme|Rez-de-chaussée|Sécurisé|Stores électriques|Titre foncier|Très Haut Standing|Vidéosurveillance|Espace extérieur|Jardin|Jardin arboré|Jardin clôturé|Cuisine|Double cuisine|Cuisine équipée|Four|Hotte|Plaque|vue|Vue dégagée|Jardin|parking|Abri de voiture|Garage|chauffage|Central|climatisation|Split|proximite|École|Magasin|Espace vert|Restaurant(s)|Café(s)|Banque(s)|Municipalité|Aéroport|École maternelle|Lycée,65,GOOD,1.0,True,False,unchanged,0.0,,2026-03-27T13:34:23.777356
newkey_114164,newkey,533100.0,49.82,,Bureau Et Local...,Tunis,,,Sale,Commercial,,,proximite|École|Magasin|Salle de sport|Espace vert|Restaurant(s)|Café(s)|Bureau de Poste|Banque(s)|Municipalité|École maternelle|Lycée,55,LOW,0.5,True,False,unchanged,0.0,,2026-03-27T13:34:44.267187
newkey_113506,newkey,360000.0,,,Appartement,Tunisia,,,Sale,Apartment,36.40107,10.6124745,vue|Vue dégagée|chauffage|Central|climatisation|Split|proximite|École|Magasin|Salle de sport|Espace vert|Terrain de foot ou autre|Restaurant(s)|Café(s)|Salle de cinéma / Théâtre|Bureau de Poste|Banque(s)|Municipalité|Station de bus|Aéroport|École maternelle|Lycée,45,LOW,0.5,False,False,unchanged,0.0,,2026-03-27T13:35:16.429909
newkey_113248,newkey,,1000.0,,Bureau Et Local...,Tunisia,,,Sale,Commercial,,,Open Space|bloc sanitaire|bureaux,30,LOW,0.5,False,False,unchanged,,,2026-03-27T13:35:23.333550
newkey_113170,newkey,,3800.0,,Terrain,Tunisia,,,Sale,Land,36.8326074,10.0984587,accessible|calme|emplacement agréable|papiers en règle|proche de toutes les commodités du quotidien|proche du parc La Soukra|promotion immobilière|quartier calme et résidentiel|terrain|titre individuel,40,LOW,0.5,False,False,unchanged,,,2026-03-27T13:36:11.515231
newkey_114426,newkey,80000.0,125.0,,Bureau Et Local...,Tunisia,,,Sale,Commercial,,,1er étage: 90 m²|emplacement stratégique|excellente visibilité|loyer mensuel: 2800DT|rez-de-chaussée: 35 m²|superficie: 125m²,75,GOOD,1.0,False,False,unchanged,0.0,,2026-03-27T13:33:45.402459
newkey_114754,newkey,388800.0,,2,Appartement,Tunisia,,,Sale,Apartment,36.40107,10.6124745,Général|Suite parentale|Dressing|Chambres Spacieuses|Haut Standing|Sécurisé|Espace extérieur|Jardin|Cuisine|Hotte|Plaque|vue|Vue dégagée|parking|Sous-sol|Place de parking|chauffage|Central|climatisation|Split|proximite|Magasin|Espace vert|Café(s),80,GOOD,1.0,False,False,unchanged,0.0,,2026-03-27T13:33:09.581006
newkey_114373,newkey,290000.0,,,Appartement,Tunisia,,,Sale,Apartment,36.40107,10.6124745,Général|Ascenseur|Placards|Dressing|Balcon|Ensoleillé (e)|Double Ascenseur|Parabole|Code d'accès|Gardien|Hall|Interphone|Kitchenette|Lumineux|Quartier calme|Sécurisé|Stores électriques|Très Haut Standing|Video-phone|Cuisine|Cuisine équipée|Four|Hotte|Plaque|parking|Sous-sol|chauffage|Central|climatisation|Split|proximite|École|Magasin|Salle de sport|Espace vert|Restaurant(s)|Café(s)|Bureau de Poste|Banque(s)|Municipalité|Aéroport|Lycée,45,LOW,0.5,False,False,unchanged,0.0,,2026-03-27T13:34:15.863791
newkey_114452,newkey,720000.0,,,Appartement,Tunisia,,,Sale,Apartment,36.40107,10.6124745,2 bedrooms|dining room|guest bathroom|modern kitchen|parking|shared bathroom|spacious living room|suite parentale|terrace|terrasse,45,LOW,0.5,False,False,unchanged,0.0,,2026-03-27T13:09:45.021190
newkey_114441,newkey,1600.0,,,Appartement,Tunisia,,,Rent,Apartment,36.40107,10.6124745,Espace extérieur|Jardin|vue|Jardin|parking|Sous-sol|chauffage|Central|climatisation|Split|proximite|École|Magasin|Salle de sport|Espace vert|Restaurant(s)|Café(s)|Bureau de Poste|Banque(s)|Station de bus|Aéroport|École maternelle|Lycée,45,LOW,0.5,False,False,unchanged,0.0,,2026-03-27T13:50:19.527354
newkey_114413,newkey,583275.0,,,Appartement,Tunisia,,,Sale,Apartment,36.40107,10.6124745,Général|Suite parentale|Placards|Fibre optique|Dressing|Portail électrique|Alarme|Balcon|Double Ascenseur|Double vitrage|Parabole|Alarme incendie|Alimentation d'eau|Chambres Spacieuses|Code d'accès|Gardien|Gaz de ville|Hall|Haut Standing|Interphone|Isolation phonique|Isolation thermique|Lave vaisselle|Lumineux|Micro onde|Proche commerces|Proche transport|Quartier calme|Réfrigérateur|Réseau internet|Sécurisé|Stores électriques|Très Haut Standing|Video-phone|Vidéosurveillance|Cuisine|Cuisine équipée|Four|Hotte|Plaque|vue|Vue dégagée|chauffage|Central|climatisation|Split|proximite|École|Magasin|Salle de sport|Espace vert|Restaurant(s)|Café(s)|Bureau de Poste|Banque(s)|Municipalité|École maternelle|Lycée,45,LOW,0.5,False,False,unchanged,0.0,,2026-03-27T13:34:03.905327
newkey_114365,newkey,1850.0,375.0,,Maison / Villa,Tunisia,,الهوارية,Sale,Villa,37.0565576,11.0104527,Espace extérieur|Jardin|Jardin arboré|Jardin clôturé|Cuisine|Double cuisine|Cuisine équipée|Four|Hotte|Plaque|Général|Piscine|Placards|Dressing|Balcon|Parabole|Buanderie|Chambres Spacieuses|Gaz de ville|Lumineux|Quartier calme|Sécurisé|Stores électriques|Très Haut Standing|Vidéosurveillance|vue|Vue dégagée|Jardin|parking|Abri de voiture|Garage|chauffage|Central|climatisation|Split|proximite|École|Magasin|Espace vert|Restaurant(s)|Café(s)|Bureau de Poste|Banque(s)|Municipalité|Aéroport|Lycée,70,GOOD,1.0,True,False,unchanged,0.0,,2026-03-27T13:07:53.622823
newkey_114592,newkey,547800.0,,4,Appartement,Tunisia,,,Sale,Apartment,36.40107,10.6124745,S+3|chambre à coucher|cuisine équipée|haut standing|parking|place de parking|salle d'eau invités|salle à manger|salles de bains|salon|suites parentales|séchoir|terrasse,80,GOOD,1.0,False,False,unchanged,0.0,,2026-03-27T13:33:23.475200
newkey_114374,newkey,180000.0,400.0,,Bureau Et Local...,Tunisia,,,Sale,Commercial,,,Général|Terrasse|vue|Vue artère principale|chauffage|Central|climatisation|Split|proximite|École|Magasin|Salle de sport|Espace vert|Terrain de foot ou autre|Restaurant(s)|Café(s)|Bureau de Poste|Banque(s)|Station de bus|École maternelle|Lycée,75,GOOD,1.0,False,False,unchanged,0.0,,2026-03-27T13:34:09.149103
newkey_114586,newkey,360000.0,,3,Appartement,Tunisia,,,Sale,Apartment,36.40107,10.6124745,Général|Suite parentale|Terrasse|vue|Vue dégagée|parking|Sous-sol|chauffage|Central|climatisation|Split|proximite|École|Magasin|Salle de sport|Espace vert|Restaurant(s)|Café(s)|Banque(s)|Station de bus|Aéroport|Lycée,80,GOOD,1.0,False,False,unchanged,0.0,,2026-03-27T13:33:15.335745
newkey_115184,newkey,421500.0,,4,Appartement,Tunisia,,,Sale,Apartment,36.40107,10.6124745,Général|Suite parentale|Ascenseur|Dressing|Gaz de ville|Haut Standing|Quartier calme|Sécurisé|vue|Jardin|parking|Sous-sol|Sécurisé|Place de parking|chauffage|Central|climatisation|Split|proximite|Magasin|Salle de sport|Espace vert|Banque(s),80,GOOD,1.0,False,False,unchanged,0.0,,2026-03-27T13:05:45.131739
newkey_115928,newkey,,,,Maison / Villa,Tunisia,,الهوارية,Sale,Villa,37.0565576,11.0104527,Général|Suite parentale|Ensoleillé (e)|Chambres Spacieuses|Quartier calme|Sécurisé|Titre foncier|Espace extérieur|Jardin|parking|Abri de voiture|proximite|École|Magasin|Salle de sport|Espace vert|Restaurant(s)|Café(s)|Bureau de Poste|Banque(s)|Municipalité|Aéroport,30,LOW,0.5,False,False,unchanged,,,2026-03-27T13:07:11.634882
newkey_116112,newkey,1150.0,,4,Maison / Villa,Tunis,,الهوارية,Sale,Villa,37.0565576,11.0104527,chambre|cuisine équipée|dalle à manger|deux chambres à coucher|jardin|piscine|salle de bain|salon|suite parentale,65,GOOD,1.0,True,False,unchanged,0.0,,2026-03-27T13:31:44.117023
newkey_115396,newkey,800000.0,,3,Appartement,Tunis,,,Sale,Apartment,36.40107,10.6124745,balcon|chambres à coucher|cuisine équipée|parking|places de parking|salle d'eau|salle de bain commune|suite parentale|séchoir,80,GOOD,1.0,False,False,unchanged,0.0,,2026-03-27T13:32:09.010476
newkey_116282,newkey,1850.0,,6,Maison / Villa,Tunis,,الهوارية,Sale,Villa,37.0565576,11.0104527,cuisine|parking|place de parking sous-sol|s+6|salle d'eau|salle polyvalente|salle à manger|salon|sejour|suites,65,GOOD,1.0,True,False,unchanged,0.0,,2026-03-27T13:31:32.905732
newkey_115365,newkey,703000.0,129.0,3,Appartement,Tunis,,,Sale,Apartment,36.40107,10.6124745,Général|Terrasse|Placards|Code d'accès|Gardien|Haut Standing|Interphone|Isolation thermique|Lumineux|Proche commerces|Proche transport|Quartier calme|Sécurisé|Cuisine|Cuisine équipée|Four|Hotte|Plaque|vue|Jardin|parking|Sous-sol|chauffage|Central|climatisation|Split|proximite|École|Magasin|Salle de sport|Espace vert|Restaurant(s)|Café(s)|Bureau de Poste|Banque(s)|Municipalité|Aéroport,95,HIGH,1.5,False,False,unchanged,0.0,,2026-03-27T13:10:51.868646
newkey_115067,newkey,799000.0,,4,Appartement,Tunis,,,Sale,Apartment,36.40107,10.6124745,S+4|balcon|chambres à coucher|cuisine aménagée|dressing|jardin|parking|place de parking|salle d'eau|salle de bain|salle de bain commune|suite parentale|séchoir,80,GOOD,1.0,False,False,unchanged,0.0,,2026-03-27T13:32:57.830429
newkey_115146,newkey,232200.0,,,Appartement,Tunisia,,,Sale,Apartment,36.40107,10.6124745,Général|Dressing|Haut Standing|Rez-de-chaussée|Cuisine|Hotte|Plaque|parking|Sous-sol|Sécurisé|Place de parking|chauffage|Central|climatisation|Split|proximite|Magasin|Salle de sport|Espace vert|Banque(s),45,LOW,0.5,False,False,unchanged,0.0,,2026-03-27T13:32:50.103636
newkey_115151,newkey,582700.0,,,Appartement,Tunisia,,,Sale,Apartment,36.40107,10.6124745,Général|Suite parentale|Ascenseur|Dressing|Cuisine|Hotte|Plaque|parking|Sous-sol|Sécurisé|Place de parking|chauffage|Central|climatisation|Split|proximite|Magasin|Salle de sport|Espace vert|Banque(s),45,LOW,0.5,False,False,unchanged,0.0,,2026-03-27T13:32:44.814331
newkey_115599,newkey,1200.0,993.0,,Terrain,Tunisia,,,Sale,Land,36.8326074,10.0984587,clôturé|papiers en règle|terrain|viabilisé,65,GOOD,1.0,True,False,unchanged,,,2026-03-27T13:31:56.635636
newkey_116449,newkey,,200.0,3,Maison / Villa,Tunisia,,,Rent,Villa,,,Général|Suite parentale|Cellier|Dernier étage|Terrasse|Placards|Dressing|Balcon|Ensoleillé (e)|Chambres Spacieuses|Hall|Lumineux|Quartier calme|Sécurisé|Espace extérieur|Jardin|vue|Vue dégagée|Jardin|parking|Abri de voiture|chauffage|Central|proximite|École|Magasin|Espace vert|Café(s)|Bureau de Poste|Banque(s)|Municipalité|Aéroport,65,GOOD,1.0,False,False,unchanged,,,2026-03-27T13:50:26.427554
newkey_117480,newkey,575000.0,,3,Appartement,Tunisia,,,Sale,Apartment,36.40107,10.6124745,Général|Suite parentale|Terrasse|Ascenseur|Placards|Dressing|Balcon|Ensoleillé (e)|Double vitrage|Parabole|Alarme incendie|Chambres Spacieuses|Code d'accès|Gardien|Hall|Haut Standing|Interphone|Isolation phonique|Isolation thermique|Lumineux|Micro onde|Proche commerces|Quartier calme|Rez-de-chaussée|Sécurisé|Stores électriques|Titre foncier|Espace extérieur|Jardin|Cuisine|Cuisine équipée|Four|Hotte|Plaque|vue|Jardin|parking|Sous-sol|chauffage|Central|climatisation|Split|proximite|École|Magasin|Salle de sport|Espace vert|Restaurant(s)|Café(s)|Bureau de Poste|Banque(s)|Municipalité|Station de bus|Aéroport|École maternelle|Lycée,80,GOOD,1.0,False,False,unchanged,0.0,,2026-03-27T13:30:28.780658
newkey_116436,newkey,1480.0,,,Appartement,Tunisie,,,Rent,Apartment,36.40107,10.6124745,Général|Terrasse|vue|Vue dégagée|parking|Sous-sol|chauffage|Central|climatisation|Split|proximite|École|Magasin|Salle de sport|Espace vert|Restaurant(s)|Café(s)|Bureau de Poste|Banque(s)|École maternelle,45,LOW,0.5,False,False,unchanged,0.0,,2026-03-27T13:46:29.035611
newkey_116350,newkey,860000.0,,,Maison / Villa,Tunisie,,,Sale,Villa,,,Général|Suite parentale|Terrasse|Fibre optique|Dressing|Ensoleillé (e)|Wi-fi|Alimentation d'eau|Cave|Chambres Spacieuses|Gardien|Gaz de ville|Hall|Haut Standing|Isolation phonique|Isolation thermique|Lumineux|Proche commerces|Puissance électrique|Quartier calme|Réseau internet|Rez-de-chaussée|Stores électriques|Titre foncier|Très Haut Standing|Cuisine|Cuisine équipée|Cuisinière électrique|Four|Hotte|Plaque|Espace extérieur|Jardin arboré|Jardin clôturé|vue|Banlieue|parking|Sous-sol|chauffage|Central|climatisation|Split|proximite|École|Magasin|Salle de sport|Restaurant(s)|Café(s)|Banque(s)|Municipalité|Aéroport|Lycée,35,LOW,0.5,False,False,unchanged,0.0,,2026-03-27T13:31:11.303147
newkey_116356,newkey,145000.0,,,Bureau Et Local...,Tunisie,,,Sale,Commercial,,,vue|Vue dégagée|Vue artère principale|parking|Sécurisé|proximite|École|Magasin|Salle de sport|Espace vert|Terrain de foot ou autre|Restaurant(s)|Café(s)|Banque(s)|École maternelle|Lycée,35,LOW,0.5,False,False,unchanged,0.0,,2026-03-27T13:31:26.398292
newkey_116679,newkey,,,,Maison / Villa,Tunisie,,,Rent,Villa,,,abri pour voiture|chambre de service|chambres à coucher|garden|jardin|kitchen|piscine|pool|room-dressing|salle d'eau invités|salle de bain commune|salle de douche|salon|sejour|suite parentale,15,DROP,0.0,False,False,unchanged,,,2026-03-27T14:13:26.391057
newkey_117484,newkey,990000.0,,,Maison / Villa,Tunisie,,الهوارية,Sale,Villa,37.0565576,11.0104527,Général|Suite parentale|Piscine|Placards|Dressing|Portail électrique|Balcon|Ensoleillé (e)|Lumineux|Quartier calme|Rez-de-chaussée|Sécurisé|Stores électriques|Très Haut Standing|Espace extérieur|Jardin|Cuisine|Cuisine équipée|vue|Jardin|parking|Garage|chauffage|Central|climatisation|Split|proximite|École|Magasin|Salle de sport|Espace vert|Restaurant(s)|Café(s)|Bureau de Poste|Banque(s)|Municipalité|Aéroport,50,LOW,0.5,False,False,unchanged,0.0,,2026-03-27T13:09:25.294657
newkey_116335,newkey,750000.0,,,Maison / Villa,Tunis,,,Sale,Villa,,,Général|Suite parentale|Cellier|Piscine|Terrasse|Placards|Dressing|Balcon|Ensoleillé (e)|Parabole|Chambres Spacieuses|Gardien|Hall|Haut Standing|Lumineux|Quartier calme|Rez-de-chaussée|Sécurisé|Stores électriques|Espace extérieur|Jardin|Jardin arboré|Jardin clôturé|Cuisine|Cuisine équipée|Four|Hotte|Plaque|vue|Vue dégagée|Jardin|parking|Abri de voiture|chauffage|Central|climatisation|Centrale|proximite|École|Magasin|Salle de sport|Espace vert|Restaurant(s)|Café(s)|Bureau de Poste|Banque(s)|Municipalité|Aéroport|Lycée,35,LOW,0.5,False,False,unchanged,0.0,,2026-03-27T13:07:18.107953
newkey_116510,newkey,390000.0,,,Appartement,Tunis,,,Sale,Villa,,,balcon|cuisine équipée|deux chambres à coucher|parking|place de parking en sous-sol|salle d'eau|salle de douche|salon lumineux|suite parentale avec salle d'eau privative|terrasse|toit-terrasse,35,LOW,0.5,False,False,unchanged,0.0,,2026-03-27T13:30:58.945969
newkey_117418,newkey,1700.0,,3,Appartement,Tunis,,,Sale,Apartment,36.40107,10.6124745,chambre à coucher|kitchen|parking|piscine|place de parking|pool|salle d'eau|salle de bain commune|sechoir|suite parentale|terrace|terrasse,60,GOOD,1.0,True,False,unchanged,0.0,,2026-03-27T13:30:34.761009
newkey_119602,newkey,730000.0,,2,Appartement,Tunis,,,Sale,Apartment,36.40107,10.6124745,balcon|balcony|jardin|modern kitchen|parking|place of parking|salle d'eau|sechoir|second bedroom|spacious|suite parentale,80,GOOD,1.0,False,False,unchanged,0.0,,2026-03-27T13:29:02.148645
newkey_117917,newkey,1090.0,112.0,3,Appartement,Tunis,,,Sale,Apartment,36.40107,10.6124745,Général|Placards|Fibre optique|Dressing|Portail électrique|Alarme|Double Ascenseur|Double vitrage|Parabole|Chambres Spacieuses|Code d'accès|Gardien|Gaz de ville|Hall|Haut Standing|Interphone|Isolation phonique|Isolation thermique|Lave vaisselle|Lumineux|Micro onde|Proche commerces|Proche transport|Quartier calme|Sécurisé|Stores électriques|Très Haut Standing|Video-phone|Vidéosurveillance|Cuisine|Cuisine équipée|Four|Hotte|Plaque|vue|Vue dégagée|chauffage|Central|climatisation|Split|proximite|École|Magasin|Salle de sport|Espace vert|Restaurant(s)|Café(s)|Bureau de Poste|Banque(s)|Municipalité|École maternelle|Lycée,75,GOOD,1.0,True,False,unchanged,0.0,,2026-03-27T13:33:56.781050
newkey_118531,newkey,,65.0,,Appartement,Tunis,,,Sale,Apartment,36.40107,10.6124745,chambre à coucher|cuisine bien équipée|jardin|salle d'eau invités|salle de bain commune|salon lumineux|séchoir,40,LOW,0.5,False,False,unchanged,,,2026-03-27T13:08:14.555585
newkey_118038,newkey,900000.0,100.0,,Bureau Et Local...,Tunis,,,Sale,Commercial,,,vue|Vue dégagée|proximite|École|Magasin|Salle de sport|Espace vert|Terrain de foot ou autre|Restaurant(s)|Café(s)|Banque(s)|Station de bus|École maternelle|Lycée,55,LOW,0.5,True,False,unchanged,0.0,,2026-03-27T13:29:57.480356
newkey_118880,newkey,1820.0,,,Maison / Villa,Tunis,,,Sale,Villa,,,Général|Suite parentale|Piscine|Espace extérieur|Jardin|Cuisine|Double cuisine|vue|Vue dégagée|Jardin|parking|Abri de voiture|chauffage|Central|climatisation|Split|proximite|École|Magasin|Salle de sport|Espace vert|Restaurant(s)|Café(s)|Bureau de Poste|Banque(s)|Municipalité|Station de bus|Aéroport|École maternelle|Lycée,15,DROP,0.0,True,False,unchanged,0.0,,2026-03-27T13:07:47.263045
newkey_119629,newkey,290000.0,,3,Appartement,Tunis,,,Sale,Apartment,36.40107,10.6124745,abri de voiture|baignoire|cabine de douche|chambres à coucher|cuisine équipée|salle d'eau|salon|séchoir|terrasse,80,GOOD,1.0,False,False,unchanged,0.0,,2026-03-27T13:28:41.530948
newkey_117970,newkey,450000.0,,2,Appartement,Tunis,,,Sale,Apartment,36.40107,10.6124745,chambre à coucher|chauffage central|climatisation|climatiseurs en split|cuisine équipée|grand dressing dans le hall|meuble|salle d'eau pour les invités|salon avec salle à manger|suite parentale avec baignoire et dressing,80,GOOD,1.0,False,False,unchanged,0.0,,2026-03-27T13:30:14.945700
newkey_118534,newkey,,93.0,,Appartement,Tunis,,,Sale,Apartment,36.40107,10.6124745,02 chambres à coucher|cuisine bien équipée|jardin|salle d'eau invités|salle de bain commune|salon lumineux|suite parentale|séchoir,40,LOW,0.5,False,False,unchanged,,,2026-03-27T13:08:00.209881
newkey_119230,newkey,,,,Appartement,Tunis,,سيدي محرصي,Sale,Apartment,36.4360619,10.7045291,Général|Suite parentale|Chambre service|Cellier|Dernier étage|Ascenseur|Placards|Fibre optique|Dressing|Alarme|Balcon|Double vitrage|Parabole|Chambres Spacieuses|Code d'accès|Gardien|Gaz de ville|Hall|Interphone|Isolation phonique|Isolation thermique|Jacuzzi|Lave vaisselle|Lumineux|Micro onde|Proche commerces|Proche transport|Quartier calme|Sécurisé|Stores électriques|Très Haut Standing|Vidéosurveillance|Cuisine|Cuisine équipée|Four|Hotte|Plaque|vue|Vue dégagée|parking|Sous-sol|chauffage|Central|climatisation|Centrale|proximite|École|Magasin|Salle de sport|Restaurant(s)|Café(s)|Bureau de Poste|Banque(s)|Municipalité|Station de bus|École maternelle|Lycée,40,LOW,0.5,False,False,unchanged,,,2026-03-26T15:56:18.076466
newkey_118549,newkey,560000.0,,,Appartement,Tunis,,,Sale,Apartment,36.40107,10.6124745,balcon|chambres à coucher|cuisine équipée|parking|places de parking|salle d'eau|salle de bain commune|suite parentale|séchoir|sécurisé,45,LOW,0.5,False,False,unchanged,0.0,,2026-03-27T13:29:44.693990
newkey_120230,newkey,,,,Maison / Villa,Tunis,,الهوارية,Sale,Land,37.0565576,11.0104527,bathroom|garden|golf view|jardin|kitchen|parking|piscine|pool|room service|salle à manger|salon|sub-sol|suite|terrace|terrasse,30,LOW,0.5,False,False,unchanged,,,2026-03-27T13:27:37.392960
newkey_119867,newkey,320000.0,,2,Appartement,Tunis,,,Sale,Apartment,36.40107,10.6124745,vue|Vue dégagée|parking|Sous-sol|chauffage|Central|climatisation|Split|proximite|École|Magasin|Salle de sport|Espace vert|Restaurant(s)|Café(s)|Bureau de Poste|Banque(s)|Station de bus|Aéroport|Lycée,80,GOOD,1.0,False,False,unchanged,0.0,,2026-03-27T13:28:35.415706
newkey_119690,newkey,300000.0,,3,Appartement,Tunis,,,Sale,Apartment,36.40107,10.6124745,Espace extérieur|Jardin|vue|Jardin,80,GOOD,1.0,False,False,unchanged,0.0,,2026-03-27T13:29:28.893255
newkey_120410,newkey,385000.0,44.0,,Bureau Et Local...,Tunis,,,Sale,Commercial,,,excellent visibility|strategic location,55,LOW,0.5,True,False,unchanged,0.0,,2026-03-27T13:27:25.256036
newkey_120186,newkey,,,,Maison / Villa,Tunis,,الهوارية,Sale,Land,37.0565576,11.0104527,Général|Suite parentale|Chambre service|Piscine|Terrasse|Placards|Dressing|Portail électrique|Ensoleillé (e)|Cheminée|Parabole|Alimentation d'eau|Chambres Spacieuses|Hall|Haut Standing|Proche commerces|Quartier calme|Rez-de-chaussée|Sécurisé|Stores électriques|Titre foncier|Espace extérieur|Jardin|Jardin arboré|Jardin clôturé|Cuisine|Double cuisine|Cuisine équipée|Four|Hotte|Plaque|vue|Vue dégagée|Jardin|parking|Abri de voiture|chauffage|Central|climatisation|Split|proximite|École|Salle de sport|Espace vert|Restaurant(s)|Café(s)|Bureau de Poste|Banque(s)|Municipalité|Aéroport|Lycée,30,LOW,0.5,False,False,unchanged,,,2026-03-27T13:27:58.272328
newkey_119886,newkey,1574.0,1968.0,,Terrain,Tunis,,,Sale,Land,36.8326074,10.0984587,accessible|axes routiers principaux|bien exposé|cadre paisible|emplacement stratégique|investissement à long terme|plat|projet résidentiel|projet touristique|proximité des commodités|surface|terrain,65,GOOD,1.0,True,False,unchanged,0.0,,2026-03-27T13:28:22.608297
newkey_120480,newkey,1200.0,987.0,,Terrain,Tunis,,,Sale,Land,36.8326074,10.0984587,depth|facade|papiers_en_regle|surface_area|terrain|viabilised,65,GOOD,1.0,True,False,unchanged,,,2026-03-27T13:27:13.784605
newkey_120349,newkey,1580.0,,,Maison / Villa,Tunis,,,Sale,Villa,,,cuisine à l'américaine|garden|jardin|piscine|pool|salle à manger|salles d'eau|salon|suite parentale|suites,15,DROP,0.0,True,False,unchanged,0.0,,2026-03-27T13:30:46.700244
newkey_120100,newkey,580000.0,,,Appartement,Tunis,,,Sale,Apartment,36.40107,10.6124745,Général|Suite parentale|Placards|Fibre optique|Dressing|Balcon|Double Ascenseur|Double vitrage|Parabole|Chambres Spacieuses|Code d'accès|Gardien|Gaz de ville|Hall|Haut Standing|Interphone|Isolation phonique|Isolation thermique|Lumineux|Proche commerces|Proche transport|Quartier calme|Sécurisé|Stores électriques|Vidéosurveillance|Cuisine|Cuisine équipée|Four|Hotte|Plaque|parking|Sous-sol|chauffage|Central|climatisation|Centrale|proximite|École|Magasin|Salle de sport|Espace vert|Restaurant(s)|Café(s)|Bureau de Poste|Banque(s)|Municipalité|École maternelle|Lycée,45,LOW,0.5,False,False,unchanged,0.0,,2026-03-27T13:28:16.985856
newkey_120147,newkey,260000.0,,,Appartement,Tunis,,,Sale,Apartment,36.40107,10.6124745,S+1|baignoire|chambre à coucher|cuisine|salle d'eau|salon|séchoir|éléments de rangement,45,LOW,0.5,False,False,unchanged,0.0,,2026-03-27T13:28:04.914134
newkey_120899,newkey,350000.0,,,Bureau Et Local...,Tunis,,,Sale,Commercial,,,bloc sanitaire|mezzanine|open space,35,LOW,0.5,False,False,unchanged,0.0,,2026-03-27T13:26:43.896482
newkey_121438,newkey,465000.0,204.0,,Appartement,Tunis,,,Sale,Apartment,36.40107,10.6124745,02 places de parking|04 chambres à coucher|204 m²|S+4|celier|cuisine bien équipée|parking|salle d'eau|salon,85,HIGH,1.5,False,False,unchanged,0.0,,2026-03-27T13:25:54.397415
newkey_121527,newkey,2200.0,3200.0,,Bureau Et Local...,Tunis,,,Sale,Land,,,bâti|terrain|zone industrielle,55,LOW,0.5,True,False,unchanged,0.0,,2026-03-27T13:25:28.588403
newkey_121127,newkey,1800.0,,4,Bureau Et Local...,Tunis,,,Rent,Commercial,,,02 bureaux|accueil|cuisine|meuble|parking|place de parking|salle d'eau,70,GOOD,1.0,False,False,unchanged,0.0,,2026-03-27T13:45:00.271048
newkey_120486,newkey,1250.0,,,Maison / Villa,Tunis,,الهوارية,Sale,Villa,37.0565576,11.0104527,Général|Suite parentale|Piscine|Terrasse|Placards|Dressing|Portail électrique|Ensoleillé (e)|Chambres Spacieuses|Lumineux|Proche commerces|Quartier calme|Rez-de-chaussée|Sécurisé|Stores électriques|Très Haut Standing|Vidéosurveillance|Espace extérieur|Jardin|Jardin arboré|Jardin clôturé|Cuisine|Cuisine équipée|Four|Hotte|Plaque|vue|Vue artère principale|Jardin|parking|Abri de voiture|chauffage|Central|climatisation|Split|proximite|École|Magasin|Salle de sport|Espace vert|Restaurant(s)|Café(s)|Bureau de Poste|Banque(s)|Municipalité|Aéroport|Lycée,30,LOW,0.5,True,False,unchanged,0.0,,2026-03-27T13:07:26.187644
newkey_120889,newkey,1250.0,,3,Maison / Villa,Tunis,,الهوارية,Sale,Villa,37.0565576,11.0104527,Général|Suite parentale|Espace extérieur|Jardin|proximite|École|Magasin|Salle de sport|Espace vert|Terrain de foot ou autre|Restaurant(s)|Café(s)|Banque(s)|Station de bus|École maternelle,65,GOOD,1.0,True,False,unchanged,0.0,,2026-03-27T13:26:55.873757
newkey_121130,newkey,1800.0,,4,Bureau Et Local...,Tunis,,,Rent,Commercial,,,03 bureaux|kitchen|meuble|parking|place de parking|salle d'eau|salle de bain|terrace,70,GOOD,1.0,False,False,unchanged,0.0,,2026-03-27T13:44:47.134011
newkey_121132,newkey,975000.0,,,Appartement,Tunis,,,Sale,Apartment,36.40107,10.6124745,alarme|caméras de surveillance|cellier|chambres à coucher|coin bar|coin barbecue|cuisine|jardin|parking|piscine|places de parking|plantation|salle d'eau pour invités|salle de bain commune|salon|suite parentale|surpresseur d’eau|système d’arrosage automatique,45,LOW,0.5,False,False,unchanged,0.0,,2026-03-27T13:26:08.372399
newkey_120905,newkey,750.0,4186.0,,Terrain,Tunis,,,Sale,Land,36.8326074,10.0984587,Acte de partage établi|Foncier clair et sécurisé|Papiers en règle|Zone UM (polyfonctionnelle)|opportunité d’investissement|terrain,65,GOOD,1.0,True,False,unchanged,,,2026-03-27T13:26:22.468093
newkey_120857,newkey,1320.0,,3,Appartement,Tunis,,,Sale,Villa,36.40107,10.6124745,cuisine|deux chambres à coucher|jardin|salle_a_Manger|salon|suite parentale,60,GOOD,1.0,True,False,unchanged,0.0,,2026-03-27T13:27:01.908583
newkey_122027,newkey,,142.0,2,Appartement,Tunis,,,Sale,Apartment,36.40107,10.6124745,Général|Cellier|Terrasse|Ascenseur|Placards|Dressing|Balcon|Ensoleillé (e)|Chambres Spacieuses|Code d'accès|Gardien|Hall|Haut Standing|Interphone|Lumineux|Proche commerces|Quartier calme|Sécurisé|Stores électriques|Titre foncier|Cuisine|Cuisine équipée|vue|Vue dégagée|parking|Sous-sol|chauffage|Central|climatisation|Split|proximite|École|Magasin|Salle de sport|Espace vert|Restaurant(s)|Café(s)|Bureau de Poste|Banque(s)|Municipalité|Aéroport|Lycée,75,GOOD,1.0,False,False,unchanged,,,2026-03-27T13:23:37.414263
newkey_121561,newkey,620000.0,,,Appartement,Tunis,,,Sale,Villa,,,chambres à coucher|cuisine entièrement équipée|douche|dressing|garage|jardin|point d'eau|salle d'eau|salle d'eau avec douche à l'italienne|salon – salle à manger|suite parentale,35,LOW,0.5,False,False,unchanged,0.0,,2026-03-27T13:25:40.244419
newkey_121980,newkey,1400.0,,,Immeuble,BEN AROUS,north,Ben Arous,Sale,Apartment,36.745,10.225,appartements de type S+1|appartements de type S+2|haut standing|jardin|meuble|terrasse,25,LOW,0.5,True,False,unchanged,0.0,,2026-03-27T13:23:44.665853
newkey_122030,newkey,430000.0,,,Appartement,Tunis,,,Sale,Apartment,36.40107,10.6124745,Général|Terrasse|Ascenseur|Placards|Dressing|Ensoleillé (e)|Code d'accès|Gardien|Hall|Lumineux|Proche commerces|Quartier calme|Sécurisé|Cuisine|Cuisine équipée|Four|Hotte|Plaque|vue|Vue dégagée|chauffage|Central|climatisation|Split|proximite|École|Magasin|Salle de sport|Espace vert|Restaurant(s)|Café(s)|Bureau de Poste|Banque(s)|Municipalité|Station de bus|Aéroport|Lycée,45,LOW,0.5,False,False,unchanged,0.0,,2026-03-27T13:23:31.055503
newkey_121593,newkey,215000.0,,3,Appartement,Tunis,,,Sale,Villa,36.40107,10.6124745,03 chambres à coucher|cuisine equipée|salle d'eau avec cabine de douche|salon,80,GOOD,1.0,False,False,unchanged,0.0,,2026-03-27T13:25:01.259970
newkey_121656,newkey,1400.0,587.0,,Terrain,Tunis,,,Sale,Land,36.8326074,10.0984587,artère bien accessible|calme|clôtué|pâpers en règle|quartier résidentiel|terrain|titre individuel|très bien situé|viabilisé,65,GOOD,1.0,True,False,unchanged,,,2026-03-27T13:24:47.810167
newkey_121769,newkey,650000.0,,2,Appartement,Tunis,,,Sale,Villa,36.40107,10.6124745,balcon|chambre à coucher|cuisine|parking|place de parking|salle d'eau|salle de bain|salle à manger|spacious salon|suite parentale,80,GOOD,1.0,False,False,unchanged,0.0,,2026-03-27T13:24:34.388970
newkey_121819,newkey,340000.0,,,Appartement,Ain Zaghouan,,,Sale,Apartment,36.40107,10.6124745,balcon|bathroom|bedroom|kitchenette,45,LOW,0.5,False,False,unchanged,0.0,,2026-03-27T13:24:21.528094
newkey_121821,newkey,330000.0,,,Appartement,Ain Zaghouan,,,Sale,Villa,36.40107,10.6124745,bathroom for guests|spacious salon|suite parentale|terrace|well-equipped kitchen,45,LOW,0.5,False,False,unchanged,0.0,,2026-03-27T13:24:09.765100
newkey_122018,newkey,530000.0,,,Appartement,Ain Zaghouan,,,Sale,Apartment,36.40107,10.6124745,Général|Suite parentale|Terrasse|Placards|Dressing|Ensoleillé (e)|Double vitrage|Parabole|Code d'accès|Gardien|Interphone|Isolation thermique|Lumineux|Proche commerces|Quartier calme|Rez-de-chaussée|Sécurisé|Stores électriques|Très Haut Standing|Vidéosurveillance|vue|Jardin|parking|Sous-sol|chauffage|Central|climatisation|Split|proximite|École|Magasin|Salle de sport|Espace vert|Restaurant(s)|Café(s)|Bureau de Poste|Banque(s)|Municipalité|Aéroport|Lycée,45,LOW,0.5,False,False,unchanged,0.0,,2026-03-27T13:10:58.486615
newkey_122564,newkey,545000.0,,,Appartement,Ain Zaghouan,,,Sale,Apartment,36.40107,10.6124745,02 chambres à coucher|S+3|cuisine bien equipée|direct promoteur|dressing|espace d'enfant|parking|place de parking au sou-sol|salle d'eau|salle de bain|salle de sport|suite parentale|séchoir,45,LOW,0.5,False,False,unchanged,0.0,,2026-03-27T13:21:55.377277
newkey_122217,newkey,270000.0,,,Appartement,Ain Zaghouan,,,Sale,Apartment,36.40107,10.6124745,55 m² to 71 m²|S+1|direct promoteur|garden|habitation|haut standing|investment|jardin|new project|parking|place de parking au sous sol|well-located,45,LOW,0.5,False,False,unchanged,0.0,,2026-03-27T13:23:18.031758
newkey_122398,newkey,980000.0,,,Appartement,Tunis,,,Sale,Villa,,,ascenseur|chambre de service|elevator|garage|garden|haut standing|jardin|kitchen|piscine|pool,35,LOW,0.5,False,False,unchanged,0.0,,2026-03-27T13:22:17.365772
newkey_122277,newkey,328000.0,,,Appartement,Tunis,,,Sale,Apartment,36.40107,10.6124745,chambre à coucher|cuisine|haut standing|jardin|parking|place de parking|salle d'eau|salon|suite parentale,45,LOW,0.5,False,False,unchanged,0.0,,2026-03-27T13:22:51.149173
newkey_122799,newkey,2700.0,,,Appartement,Tunis,,,Rent,Apartment,36.40107,10.6124745,Général|Suite parentale|vue|Vue dégagée|parking|Sous-sol|Place de parking|chauffage|Central|climatisation|Split|proximite|École|Magasin|Salle de sport|Espace vert|Terrain de foot ou autre|Restaurant(s)|Café(s)|Banque(s)|Station de bus|École maternelle|Lycée,45,LOW,0.5,False,False,unchanged,0.0,,2026-03-27T13:48:01.811711
newkey_122831,newkey,1100.0,,,Appartement,Tunis,,سيدي محرصي,Rent,Apartment,36.4360619,10.7045291,Salon with balcony|bathroom with shower cabin|bedroom|kitchen equipped,50,LOW,0.5,False,False,unchanged,0.0,,2026-03-27T14:14:58.333791
newkey_122278,newkey,534000.0,,,Appartement,Tunis,,,Sale,Apartment,36.40107,10.6124745,137m² and 135m² habitable|2 bedrooms|50m² garden|cuisine well equipped|haut standing|jardin|parking|place de parking au sou-sol|salle d'eau|spacious salon|suite parentale,45,LOW,0.5,False,False,unchanged,0.0,,2026-03-27T13:22:29.418909
newkey_122229,newkey,1000.0,,,Bureau Et Local...,Tunis,,,Sale,Other,,,8000Dt TTC|direct promoteur|surface area 125.37m²|surface area 191.42m²|well-located,15,DROP,0.0,True,False,unchanged,0.0,,2026-03-27T13:23:03.399367
newkey_122561,newkey,427000.0,,,Appartement,Tunis,,,Sale,Apartment,36.40107,10.6124745,Général|Suite parentale|vue|Vue dégagée|parking|Sous-sol|chauffage|Central|climatisation|Split|proximite|École|Magasin|Salle de sport|Espace vert|Restaurant(s)|Café(s)|Bureau de Poste|Banque(s)|Station de métro|Aéroport|École maternelle|Lycée,45,LOW,0.5,False,False,unchanged,0.0,,2026-03-27T13:22:09.936012
newkey_122694,newkey,750000.0,,,Maison / Villa,Tunis,,الهوارية,Sale,Villa,37.0565576,11.0104527,chambre de service|chambres à coucher|chauffage central|climatisation|climatiseurs split|cuisine|dressing|salle d'eau|salle de bain|salle à manger|salon|système de chauffage central,50,LOW,0.5,False,False,unchanged,0.0,,2026-03-27T13:21:39.149303
newkey_123044,newkey,1800.0,,,Appartement,Tunis,,سيدي محرصي,Rent,Apartment,36.4360619,10.7045291,balcon|chambre à coucher|cuisine|jardin|parking|place de parking en sous-sol|salle d'eau invités|salle de bain commune|séchoir,50,LOW,0.5,False,False,unchanged,0.0,,2026-03-27T14:13:51.526679
newkey_122905,newkey,5800.0,,,Maison / Villa,Tunis,,الهوارية,Rent,Villa,37.0565576,11.0104527,air conditioning|chauffage central|climatisation|garden|heating central|jardin|meuble|piscine|pool|swimming pool,50,LOW,0.5,False,False,unchanged,0.0,,2026-03-27T14:14:19.702592
newkey_122850,newkey,215000.0,,,Appartement,Tunis,,,Sale,Land,36.40107,10.6124745,"appartements sur plan|architecture moderne|cadre de vie pensé pour le confort, la tranquillité et l’avenir|espaces de loisirs dédiés aux familles|espaces verts|finitions de qualité|lotissement|promenades|route principale|villa jumelées|village moderne et sécurisé|zones piétonnes",45,LOW,0.5,False,False,unchanged,0.0,,2026-03-27T13:20:40.878154
newkey_122835,newkey,685000.0,,,Appartement,Tunis,,,Sale,Apartment,36.40107,10.6124745,balcon|bathroom guests|common bathroom|independent night area|jardin|kitchen equipped with dryer|spacious salon|suite parentale|two bedrooms with dressing rooms,45,LOW,0.5,False,False,unchanged,0.0,,2026-03-27T13:29:16.172621
newkey_122903,newkey,1050.0,,1,Appartement,Tunis,,سيدي محرصي,Rent,Apartment,36.4360619,10.7045291,cuisine ouverte|jardin|parking|place de parking|salon,85,HIGH,1.5,False,False,unchanged,0.0,,2026-03-27T14:14:32.700187
newkey_122982,newkey,,,2,Appartement,Tunis,,,Sale,Apartment,36.40107,10.6124745,Général|Suite parentale|Ascenseur|Placards|Dressing|Ensoleillé (e)|Parabole|Code d'accès|Gardien|Interphone|Kitchenette|Lumineux|Proche commerces|Quartier calme|Rez-de-chaussée|Sécurisé|Stores électriques|Très Haut Standing|Vidéosurveillance|Espace extérieur|Jardin|Cuisine|Cuisine équipée|vue|Jardin|parking|Sous-sol|chauffage|Central|climatisation|Split|proximite|École|Magasin|Salle de sport|Espace vert|Restaurant(s)|Café(s)|Bureau de Poste|Banque(s)|Municipalité|Station de bus|Aéroport|Lycée,35,LOW,0.5,False,False,unchanged,,,2026-03-27T13:20:00.282364
newkey_123040,newkey,3500.0,,,Maison / Villa,Tunis,,الهوارية,Rent,Villa,37.0565576,11.0104527,chambre_a_coucher|chauffage central|chauffage_central|climatisation|cuisine|dressing|garage|jardin|salle_a_Manger|salle_de_douche|salon|sejour|suite_parentale|système_de_climatisation|villa,50,LOW,0.5,False,False,unchanged,0.0,,2026-03-27T14:14:05.702032
newkey_122909,newkey,320000.0,,,Appartement,Tunisia,,,Sale,Apartment,36.40107,10.6124745,Général|Terrasse|Ascenseur|Dressing|Ensoleillé (e)|Code d'accès|Gardien|Interphone|Lumineux|Proche commerces|Proche transport|Quartier calme|Rez-de-chaussée|Sécurisé|Stores électriques|Très Haut Standing|Vidéosurveillance|Cuisine|Cuisine équipée|vue|Jardin|parking|Sous-sol|chauffage|Central|climatisation|Split|proximite|École|Magasin|Salle de sport|Espace vert|Restaurant(s)|Café(s)|Banque(s)|Municipalité|Station de bus|Aéroport|Lycée,45,LOW,0.5,False,False,unchanged,0.0,,2026-03-27T13:21:19.371648
newkey_122978,newkey,,,3,Appartement,Tunisia,,,Sale,Apartment,36.40107,10.6124745,02 chambres à coucher|Parc|S+3|accessible|calme|cuisine équipée|emplacement exceptionnel|espace extérieur gazonné|haut standing|jardin|jardin privatif|parking|parking en sous-sol|plan|résidence de très haut standing|salle d'eau invités|salle de bain commune|salon lumineux|suite parentale,35,LOW,0.5,False,False,unchanged,,,2026-03-27T13:20:20.601776
newkey_122897,newkey,1800.0,380.0,,Bureau Et Local...,Tunisia,,,Rent,Commercial,,,380 m²|Grand parking|accès aisé pour camions et semi-remorques|eau|emplacement stratégique|environnement propre et sécurisé|large espace de manœuvre|parking|proche des commodités|quartier calme et sécurisé|Électricité,65,GOOD,1.0,False,False,unchanged,0.0,,2026-03-27T14:14:44.087272
newkey_123115,newkey,1500.0,,2,Bureau Et Local...,Tunisia,,,Rent,Commercial,,,02 bureaux|acceuil|cuisine|salle d'eau,70,GOOD,1.0,False,False,unchanged,0.0,,2026-03-27T14:12:46.357093
newkey_123111,newkey,900.0,,,Bureau Et Local...,Tunisia,,,Rent,Commercial,,,Acceuil|kitchinette|salle d'eau,35,LOW,0.5,False,False,unchanged,0.0,,2026-03-27T14:13:13.598269
newkey_123100,newkey,3050.0,,,Maison / Villa,Tunis,,الهوارية,Sale,Villa,37.0565576,11.0104527,ascenseur|chambres à coucher|chauffage central|climatisation|climatisation par Split|cuisine|jardin|panneaux photovoltaïques|parking|places de parking|salle d'eau|salle de bain commune|salle à manger|salon|suite parentale|séjour|terrasse|terrasse au toit|terrasse vue sur la mer|vue panoramique sur le port,30,LOW,0.5,True,False,unchanged,0.0,,2026-03-27T13:19:26.217339
newkey_123134,newkey,1300.0,,,Appartement,Tunis,,سيدي محرصي,Rent,Apartment,36.4360619,10.7045291,chambre à coucher|chauffé|climatiisé|cuisine équipée|parking|place de parking au sous sol|rez-de-chaussée|s+1|salle de bain|salon,50,LOW,0.5,False,False,unchanged,0.0,,2026-03-27T14:12:25.587493
newkey_123191,newkey,850000.0,,,Bureau Et Local...,Tunis,,,Sale,Commercial,,,bureau|bureau supplémentaire|espace réception|hall|hall d'entrée|kitchenette|local arrière|point d’eau|terrasse,15,DROP,0.0,True,False,unchanged,0.0,,2026-03-27T13:18:56.100793
newkey_123208,newkey,790000.0,,,Appartement,Tunis,,,Sale,Apartment,36.40107,10.6124745,cellier|chambres à coucher|cuisine équipée|débbaras|parking|place de parking|salle d'eau pour les invités|salle de bain commune|sechoir|suite parentale|sécurisée|terrasse,45,LOW,0.5,False,False,unchanged,0.0,,2026-03-27T13:18:40.770859
newkey_123113,newkey,1500.0,,,Bureau Et Local...,Tunis,,,Rent,Commercial,,,02 bureaux|balcon|cuisine|salle d'eau,35,LOW,0.5,False,False,unchanged,0.0,,2026-03-27T14:12:57.181973
newkey_123092,newkey,830000.0,,,Appartement,Tunis,,,Sale,Apartment,36.40107,10.6124745,balcon|chambres à coucher|cuisine équipée|dressing|jardin|salle d'eau invités|salle de bain commune|salon|suite parentale,45,LOW,0.5,False,False,unchanged,0.0,,2026-03-27T13:19:40.374127
newkey_123127,newkey,1273.0,,,Maison / Villa,Tunis,,,Sale,Villa,,,Général|Suite parentale|Piscine|Terrasse|Espace extérieur|Jardin|vue|Vue dégagée|parking|Sous-sol|chauffage|Central|climatisation|Split|proximite|École|Magasin|Salle de sport|Restaurant(s)|Café(s)|Banque(s)|Municipalité|Aéroport,15,DROP,0.0,True,False,unchanged,0.0,,2026-03-27T13:19:19.362983
newkey_123138,newkey,2500.0,,,Appartement,Tunis,,سيدي محرصي,Rent,Apartment,36.4360619,10.7045291,Général|Placards|Fibre optique|Dressing|Alarme|Balcon|Double Ascenseur|Double vitrage|Parabole|Wi-fi|Accès handicapé|Alarme incendie|Alimentation d'eau|Chambres Spacieuses|Code d'accès|Gardien|Gaz de ville|Haut Standing|Interphone|Isolation phonique|Isolation thermique|Lave vaisselle|Lumineux|Machine à laver|Micro onde|Proche commerces|Proche transport|Puissance électrique|Quartier calme|Réfrigérateur|Réseau internet|Sécurisé|Stores électriques|TV|Video-phone|Cuisine|Cuisine équipée|Four|Hotte|Plaque|vue|Vue dégagée|parking|Sous-sol|chauffage|Central|climatisation|Split|proximite|École|Magasin|Salle de sport|Espace vert|Restaurant(s)|Café(s)|Bureau de Poste|Banque(s)|Municipalité|École maternelle|Lycée,50,LOW,0.5,False,False,unchanged,0.0,,2026-03-27T14:12:38.625061
newkey_123398,newkey,4500.0,,,Maison / Villa,Tunis,,الهوارية,Rent,Commercial,37.0565576,11.0104527,S+4|bureau|chambres à coucher|cuisine équipée|salle de bain|salle à manger|salon|terrasse,50,LOW,0.5,False,False,unchanged,0.0,,2026-03-27T14:11:22.514445
newkey_123269,newkey,1300.0,,,Maison / Villa,Tunis,,الهوارية,Sale,Villa,37.0565576,11.0104527,garage|garden|jardin|piscine|pool,30,LOW,0.5,True,False,unchanged,0.0,,2026-03-27T13:18:21.369912
newkey_123445,newkey,2600.0,,4,Maison / Villa,Tunis,,الهوارية,Rent,Villa,37.0565576,11.0104527,Espace extérieur|Jardin|Jardin arboré|Général|Terrasse|Placards|Chambres Spacieuses|Lumineux|Quartier calme|Cuisine|Plaque|parking|Garage|chauffage|Central|climatisation|Split|proximite|École|Magasin|Restaurant(s)|Bureau de Poste|Banque(s)|Municipalité|Aéroport|Lycée,85,HIGH,1.5,False,False,unchanged,0.0,,2026-03-27T14:11:00.425462
newkey_123384,newkey,1500.0,,1,Appartement,Tunis,,سيدي محرصي,Rent,Apartment,36.4360619,10.7045291,Général|Terrasse|vue|Vue dégagée|parking|Sous-sol|Place de parking|chauffage|Central|climatisation|Split|proximite|Magasin|Salle de sport|Espace vert|Terrain de foot ou autre|Café(s)|Banque(s)|Station de bus|École maternelle,85,HIGH,1.5,False,False,unchanged,0.0,,2026-03-27T14:11:34.867130
newkey_123408,newkey,3500.0,,3,Appartement,Tunis,,,Rent,Commercial,,,Général|Suite parentale|Dernier étage|Terrasse|Ascenseur|Placards|Dressing|Ensoleillé (e)|Buanderie|Chambres Spacieuses|Kitchenette|Lumineux|Machine à laver|Quartier calme|Réfrigérateur|Sécurisé|Stores électriques|Très Haut Standing|Cuisine|Cuisine équipée|vue|Vue dégagée|parking|Abri de voiture|Sécurisé|chauffage|Central|climatisation|Split|proximite|École|Magasin|Salle de sport|Espace vert|Restaurant(s)|Café(s)|Bureau de Poste|Banque(s)|Municipalité|Aéroport|Lycée,70,GOOD,1.0,False,False,unchanged,0.0,,2026-03-27T14:11:57.195498
newkey_123403,newkey,1700.0,,3,Appartement,Tunis,,سيدي محرصي,Rent,Apartment,36.4360619,10.7045291,Général|Suite parentale|Piscine|Terrasse|Ascenseur|Placards|Dressing|Parabole|Code d'accès|Haut Standing|Interphone|Lumineux|Machine à laver|Quartier calme|Réfrigérateur|Sécurisé|Stores électriques|vue|Vue dégagée|parking|Sous-sol|chauffage|Central|climatisation|Centrale|Split|proximite|École|Magasin|Salle de sport|Espace vert|Restaurant(s)|Café(s)|Bureau de Poste|Banque(s)|Municipalité|Aéroport|Lycée,85,HIGH,1.5,False,False,unchanged,0.0,,2026-03-27T14:11:16.215058
newkey_123423,newkey,2500.0,,1,Appartement,Tunis,,سيدي محرصي,Rent,Apartment,36.4360619,10.7045291,chambre à coucher|cuisine avec séchoir|jardin|meuble|meublé|parking|place de parking en sous-sol|salle de bain|salon lumineux,85,HIGH,1.5,False,False,unchanged,0.0,,2026-03-27T14:11:45.053734
newkey_123461,newkey,5000.0,,,Maison / Villa,Tunis,,الهوارية,Rent,Villa,37.0565576,11.0104527,chambre à coucher|chauffage central|climatisation|cuisine|dressing|garage|garden|jardin|point d'eau|salle de douche|salle de douche équipée d’un jacuzzi|salon|suite parentale|système de climatisation en split,50,LOW,0.5,False,False,unchanged,0.0,,2026-03-27T14:10:46.070144
newkey_123342,newkey,5500.0,,,Maison / Villa,Tunis,,,Rent,Commercial,,,balcon|chambre_personnel|coin_bureau|cuisine|jardin|meuble|salle_a_Manger|salon|studio_service|suites|terrasse,35,LOW,0.5,False,False,unchanged,0.0,,2026-03-27T14:12:04.674120
newkey_123220,newkey,211000.0,,,Appartement,Tunis,,,Sale,Apartment,36.40107,10.6124745,Général|Suite parentale|Terrasse|Espace extérieur|Jardin|vue|Vue dégagée|Jardin|parking|Sous-sol|Sécurisé|chauffage|Central|climatisation|Split|proximite|École|Magasin|Espace vert|Café(s),45,LOW,0.5,False,False,unchanged,0.0,,2026-03-27T13:18:34.980718
newkey_123567,newkey,1100.0,690.0,,Terrain,Tunis,,,Sale,Land,,,excellent voisinage|plan avec cotations|terrain|titre foncier en règle|vue dégagée,55,LOW,0.5,True,False,unchanged,0.0,,2026-03-27T13:17:30.741332
newkey_123621,newkey,5000.0,,,Maison / Villa,Tunis,,,Rent,Villa,,,3 chambres à coucher|cuisine|garage|jardin|petit jardin|salle d'eau invités|salle de bain commune|salon spacieux|séjour indépendant,35,LOW,0.5,False,False,unchanged,0.0,,2026-03-27T14:09:30.783133
newkey_123529,newkey,1600.0,,,Appartement,Tunis,,,Sale,Apartment,36.40107,10.6124745,appartement S4 Neuf|balcon|cellier|coin séjour|cuisine indépendante|deux chambres à coucher|deux suites parentales|espace nuit|jardin|parking|salle d'eau dédiée aux invités|salle de bain commune|salon lumineux|trois places de parking,25,LOW,0.5,True,False,unchanged,0.0,,2026-03-27T13:17:51.487957
newkey_123639,newkey,1700.0,,,Maison / Villa,Tunis,,الهوارية,Rent,Villa,37.0565576,11.0104527,02 chambres à coucher|cuisine|duplex S+2|meuble|salle d'eau|salle de bain|salle à manger|salon|terrace|terrasse,50,LOW,0.5,False,False,unchanged,0.0,,2026-03-27T14:08:52.782944
newkey_123564,newkey,1500.0,110.0,,Bureau Et Local...,Tunis,,,Rent,Commercial,,,bloc sanitaire|open space,65,GOOD,1.0,False,False,unchanged,0.0,,2026-03-27T14:10:18.351163
newkey_123530,newkey,2400.0,,,Appartement,Tunis,,سيدي محرصي,Rent,Apartment,36.4360619,10.7045291,Général|Placards|Fibre optique|Dressing|Balcon|Double Ascenseur|Double vitrage|Chambres Spacieuses|Code d'accès|Gardien|Gaz de ville|Hall|Haut Standing|Interphone|Isolation phonique|Isolation thermique|Lumineux|Proche commerces|Proche transport|Quartier calme|Sécurisé|Stores électriques|Très Haut Standing|Video-phone|Cuisine|Cuisine équipée|Four|Hotte|Plaque|vue|Vue dégagée|parking|Abri de voiture|Place de parking|chauffage|Central|climatisation|Centrale|proximite|École|Magasin|Salle de sport|Restaurant(s)|Café(s)|Bureau de Poste|Banque(s)|École maternelle|Lycée,50,LOW,0.5,False,False,unchanged,0.0,,2026-03-27T14:10:39.031873
newkey_123524,newkey,3200.0,,,Appartement,Tunis,,سيدي محرصي,Rent,Apartment,36.4360619,10.7045291,balcon|cuisine toute équipée|meuble|parking|place de parking au sous-sol|salle d'eau pour les invités|salle de bain commune|trois chambres à coucher avec dressing,50,LOW,0.5,False,False,unchanged,0.0,,2026-03-27T14:09:52.327158
newkey_123632,newkey,1200.0,,,Appartement,Tunis,,سيدي محرصي,Rent,Apartment,36.4360619,10.7045291,S+1|chambre à coucher|cuisine americaine|dressing|emplacement stratégique|jamais habité|jardin|salle d'eau avec cabine de douche|salon,50,LOW,0.5,False,False,unchanged,0.0,,2026-03-27T14:09:04.720508
newkey_123626,newkey,1350.0,,3,Appartement,Tunis,,سيدي محرصي,Rent,Villa,36.4360619,10.7045291,chauffage central|climatisation|climatiseurs en split|cuisine équipée|deux salles d'eau|salon - salle à manger|trois chambres à coucher,85,HIGH,1.5,False,False,unchanged,0.0,,2026-03-27T14:09:17.918412
newkey_123566,newkey,2500.0,260.0,,Bureau Et Local...,Tunis,,,Rent,Commercial,,,Electricité|Force Deux|accès|bloc sanitaire|bloc sanitaire (non aménagé)|bureau de direction|kitchenette|open space,65,GOOD,1.0,False,False,unchanged,0.0,,2026-03-27T14:10:05.669764
newkey_123862,newkey,95000.0,35.0,,Bureau Et Local...,Tunis,,,Sale,Commercial,,,rez-de-chaussée|salle d'eau|terrasse,75,GOOD,1.0,False,False,unchanged,0.0,,2026-03-27T13:16:57.945141
newkey_123804,newkey,900000.0,720.0,,Terrain,Tunis,,,Sale,Land,36.8326074,10.0984587,proche de toute commodité|terrain,85,HIGH,1.5,False,False,unchanged,0.0,,2026-03-27T13:17:09.366474
newkey_123953,newkey,3000.0,,,Appartement,Tunis,,سيدي محرصي,Rent,Apartment,36.4360619,10.7045291,fully equipped kitchen|guest bathroom|jardin|parking|shared bathroom with bathtub|spacious|suite parentale with dressing room and ensuite bathroom|terrace|terrasse|two bedrooms with dressing rooms,50,LOW,0.5,False,False,unchanged,0.0,,2026-03-27T14:07:55.434762
newkey_123800,newkey,2500.0,,,Bureau Et Local...,Tunis,,,Rent,Commercial,,,bureau de la direction avec salle d'eau privée|deux bureaux|immeuble gardé|kitchenette|meuble|parking|pièce de réception|place de parking au sous-sol|proche de toutes commodités|salle d'eau pour le personnel|sécurité,35,LOW,0.5,False,False,unchanged,0.0,,2026-03-27T14:08:10.121631
newkey_123672,newkey,1350.0,,,Appartement,Tunis,,سيدي محرصي,Rent,Apartment,36.4360619,10.7045291,parking|Sous-sol|Place de parking|chauffage|Central|climatisation|Split|proximite|École|Magasin|Salle de sport|Espace vert|Restaurant(s)|Café(s)|Banque(s)|Station de bus|École maternelle,50,LOW,0.5,False,False,unchanged,0.0,,2026-03-27T14:08:46.031347
newkey_124015,newkey,1600.0,,,Appartement,Tunis,,سيدي محرصي,Rent,Apartment,36.4360619,10.7045291,Général|Fibre optique|Dressing|Alarme|Balcon|Double Ascenseur|Double vitrage|Alarme incendie|Alimentation d'eau|Chambres Spacieuses|Code d'accès|Gardien|Gaz de ville|Hall|Isolation phonique|Isolation thermique|Kitchenette|Lave vaisselle|Lumineux|Proche commerces|Proche transport|Quartier calme|Réseau internet|Sécurisé|Stores électriques|Cuisine|Cuisine équipée|Four|Hotte|Plaque|vue|Vue dégagée|parking|Sous-sol|chauffage|Central|climatisation|Centrale|proximite|École|Magasin|Salle de sport|Espace vert|Restaurant(s)|Café(s)|Bureau de Poste|Banque(s)|Municipalité|École maternelle|Lycée,50,LOW,0.5,False,False,unchanged,0.0,,2026-03-27T14:07:36.121225
newkey_123992,newkey,3200.0,,,Appartement,Tunis,,سيدي محرصي,Rent,Apartment,36.4360619,10.7045291,cuisine|garden|jardin|salle à manger|salles de bain privatives|salon|suites,50,LOW,0.5,False,False,unchanged,0.0,,2026-03-27T14:07:42.931275
newkey_123960,newkey,235000.0,,,Appartement,Tunis,,,Sale,Apartment,36.40107,10.6124745,balcon|kitchenette|salle d'eau|salle de bain|suite parentale,45,LOW,0.5,False,False,unchanged,0.0,,2026-03-27T13:16:33.220279
newkey_123954,newkey,900000.0,365.0,,Terrain,Tunis,,,Sale,Land,36.8326074,10.0984587,accessible|bien exposé|opportunité rare|plat|surface|terrain,85,HIGH,1.5,False,False,unchanged,0.0,,2026-03-27T13:16:46.410239
newkey_123794,newkey,1450.0,,,Appartement,Tunis,,سيدي محرصي,Rent,Apartment,36.4360619,10.7045291,chambre coucher|cuisine|jardin|parking|place de parking|salle de bain|salon,50,LOW,0.5,False,False,unchanged,0.0,,2026-03-27T14:08:32.495273
newkey_124051,newkey,1200.0,,,Bureau Et Local...,Tunis,,,Rent,Commercial,,,Open Space|bureau de direction|kitchenette|meuble|salle d'eau|terraces|terrasse,35,LOW,0.5,False,False,unchanged,0.0,,2026-03-27T14:07:24.826665
newkey_124071,newkey,1400.0,,,Bureau Et Local...,Tunis,,,Rent,Commercial,,,bureau|climatisation|climatiseur|hall|salle d'eau,35,LOW,0.5,False,False,unchanged,0.0,,2026-03-27T14:07:12.998009
newkey_124027,newkey,330000.0,,,Appartement,Tunis,,,Sale,Apartment,36.40107,10.6124745,S+2|cabine de douche|cuisine équipée|deux chambres à coucher|dressing|espace salle à manger|salle d'eau|salle de bain|salon|séchoir|terrasse,45,LOW,0.5,False,False,unchanged,0.0,,2026-03-27T13:15:29.369043
newkey_124031,newkey,277000.0,,,Appartement,Tunis,,,Sale,Villa,36.40107,10.6124745,Espaces verts paysagers|Piscine couverte chauffante|Piscine extérieure|Salle de sport moderne|haut standing|piscine,45,LOW,0.5,False,False,unchanged,0.0,,2026-03-27T13:15:16.156161
newkey_124047,newkey,700000.0,433.0,,Terrain,Tunis,,,Sale,Land,36.8326074,10.0984587,autorisation de bâtir|clôturé|papiers en règle|terrain|viabilisé,85,HIGH,1.5,False,False,unchanged,0.0,,2026-03-27T13:16:11.461015
newkey_124108,newkey,3800.0,,3,Appartement,Tunis,,سيدي محرصي,Rent,Apartment,36.4360619,10.7045291,chambre de service|cuisine équipée|deux chambres à coucher|jardin|parking|places de parking au sous-sol|salle d'eau pour les invités|salle de bain commune|salon lumineux|suite parentale|séchoir en cuisine extérieure,85,HIGH,1.5,False,False,unchanged,0.0,,2026-03-27T14:06:40.632619
newkey_124049,newkey,820000.0,,3,Appartement,Tunis,,,Sale,Villa,,,02 chambres à coucher|cuisine|dressing|hall|jardin|room-dressing|salle d'eau invités|salle de bain|salle de bain commune|salon|sejour|suite parentale,70,GOOD,1.0,False,False,unchanged,0.0,,2026-03-27T13:06:42.374274
newkey_124048,newkey,835000.0,,,Appartement,Tunis,,,Sale,Villa,,,abri de voiture|baie-vitrée|chambre avec dressing|chambre avec dressing et balcon|chambre de service|chauffage|climatisation|climatisation central|coin barbecue|cuisine|dressing|entrée indépendante|hall d'entrée|jardin|jardin gazonné|patio|salle d'eau invités|salle de bain|suite parentale|séjour|terrasse|étage|îlot central,35,LOW,0.5,False,False,unchanged,0.0,,2026-03-27T13:15:55.730133
newkey_124029,newkey,1200.0,,3,Maison / Villa,Tunis,,الهوارية,Rent,Villa,37.0565576,11.0104527,cuisine|deux chambres à coucher|entrée indépendante|salle de bain avec douche|salon,85,HIGH,1.5,False,False,unchanged,0.0,,2026-03-27T14:06:54.640407
newkey_124059,newkey,250000.0,,1,Appartement,Tunis,,,Sale,Apartment,36.40107,10.6124745,S+1|balcon|chambre à coucher|confort|douche|dressing|kitchinette|luminosite|parking|place de parking|salle d'eau|salon|terrasse,80,GOOD,1.0,False,False,unchanged,0.0,,2026-03-27T13:15:41.919348
newkey_124109,newkey,1300.0,,3,Appartement,Tunis,,,Sale,Apartment,36.40107,10.6124745,chambre de service|cuisine équipée|deux chambres à coucher|jardin|parking|places de parking au sous-sol|salle d'eau pour les invités|salle de bain commune|salon lumineux|suite parentale|séchoir en cuisine extérieure,60,GOOD,1.0,True,False,unchanged,0.0,,2026-03-27T13:15:00.787315
newkey_124355,newkey,2400.0,,2,Appartement,Tunis,,سيدي محرصي,Rent,Apartment,36.4360619,10.7045291,Général|Ascenseur|Dressing|Alarme|Double vitrage|Alarme incendie|Alimentation d'eau|Code d'accès|Gardien|Gaz de ville|Hall|Haut Standing|Interphone|Isolation phonique|Isolation thermique|Lumineux|Proche commerces|Proche transport|Quartier calme|Réseau internet|Stores électriques|Très Haut Standing|Cuisine|Cuisine équipée|Four|Hotte|Plaque|parking|Sous-sol|Place de parking|chauffage|Central|climatisation|Split|proximite|École|Magasin|Salle de sport|Restaurant(s)|Café(s)|Bureau de Poste|Banque(s)|Municipalité|École maternelle|Lycée,85,HIGH,1.5,False,False,unchanged,0.0,,2026-03-27T14:05:45.629779
newkey_124149,newkey,1900.0,,,Appartement,Tunis,,سيدي محرصي,Rent,Apartment,36.4360619,10.7045291,Général|Suite parentale|vue|Vue dégagée|parking|Sous-sol|chauffage|Central|climatisation|Split|proximite|École|Magasin|Salle de sport|Espace vert|Restaurant(s)|Café(s)|Banque(s),50,LOW,0.5,False,False,unchanged,0.0,,2026-03-27T14:06:15.198930
newkey_124117,newkey,258000.0,,,Appartement,Tunis,,,Sale,Apartment,36.40107,10.6124745,vue|Banlieue|parking|Collectif|chauffage|Central|climatisation|Split,45,LOW,0.5,False,False,unchanged,0.0,,2026-03-27T13:14:46.360832
newkey_124158,newkey,5000.0,,,Maison / Villa,Tunis,,,Rent,Villa,,,Général|Terrasse,35,LOW,0.5,False,False,unchanged,0.0,,2026-03-27T14:05:26.256016
newkey_124359,newkey,2500.0,,,Maison / Villa,Tunis,,,Rent,Villa,,,baignoire|chambres_a_coucher|chauffage central|chauffage_central|cuisine|dressing|salle_a_manger|salle_de_bain|salon,35,LOW,0.5,False,False,unchanged,0.0,,2026-03-27T14:05:31.111417
newkey_124172,newkey,1400.0,,,Maison / Villa,Tunis,,,Rent,Villa,,,abri|chambres-a-coucher|cuisine|dressing|parking|salle-de-bain|salon,35,LOW,0.5,False,False,unchanged,0.0,,2026-03-27T14:06:01.925651
newkey_124112,newkey,1100.0,,,Appartement,Tunis,,سيدي محرصي,Rent,Apartment,36.4360619,10.7045291,balcon|bathroom for guests|bedroom|kitchenette equipped,50,LOW,0.5,False,False,unchanged,0.0,,2026-03-27T14:06:27.822532
newkey_124373,newkey,7000.0,,,Maison / Villa,Tunis,,,Rent,Villa,,,buanderie|chambre de service|chambre_de_service|cuisine|débarras|garden|haut standing|jardin|parking|piscine|pool|salle_a_manger|salles_d'eau|salon|sejour,35,LOW,0.5,False,False,unchanged,0.0,,2026-03-27T14:05:13.355914
newkey_124138,newkey,7000.0,,,Maison / Villa,Tunis,,,Rent,Villa,,,Général|Suite parentale|Piscine|Terrasse|Espace extérieur|Jardin,35,LOW,0.5,False,False,unchanged,0.0,,2026-03-27T14:06:21.666359
newkey_124542,newkey,1950.0,,,Appartement,Tunis,,سيدي محرصي,Rent,Apartment,36.4360619,10.7045291,Général|Cellier|Dernier étage|vue|Vue dégagée,50,LOW,0.5,False,False,unchanged,0.0,,2026-03-27T14:04:40.246764
newkey_124545,newkey,3200.0,,,Appartement,Tunis,,سيدي محرصي,Rent,Apartment,36.4360619,10.7045291,balcon|berges du lac|chambres à coucher|cuisine équipée|dressing|meuble|meublé|parking|petite résidence|place de parking|salle de bain|sécurise|étage,50,LOW,0.5,False,False,unchanged,0.0,,2026-03-27T14:04:12.655459
newkey_124562,newkey,295000.0,2000.0,,Terrain,Tunis,,,Sale,Land,36.8326074,10.0984587,construction ultérieure|opportunité d'investissement|proche des axes principaux|terrain,85,HIGH,1.5,False,False,unchanged,0.0,,2026-03-27T13:14:33.339860
newkey_124623,newkey,920000.0,,,Maison / Villa,Tunis,,الهوارية,Sale,Villa,37.0565576,11.0104527,ascenseur|dispenser|elevator|garden|jardin|kitchen|piscine|pool|private pool|rooftop|sechoir|suite parentale|terrasse,50,LOW,0.5,False,False,unchanged,0.0,,2026-03-27T13:14:19.534914
newkey_124448,newkey,1300.0,,3,Maison / Villa,Tunis,,,Rent,Villa,,,cuisine|deux chambres à coucher|entrée indépendante|salle de bain|salon lumineux,70,GOOD,1.0,False,False,unchanged,0.0,,2026-03-27T14:05:03.222176
newkey_124570,newkey,3000.0,,,Appartement,Tunis,,سيدي محرصي,Rent,Apartment,36.4360619,10.7045291,Général|Suite parentale|Cellier|Ascenseur|Placards|Fibre optique|Dressing|Alarme|Balcon|Double vitrage|Parabole|Accès handicapé|Chambres Spacieuses|Code d'accès|Gardien|Gaz de ville|Hall|Haut Standing|Isolation phonique|Isolation thermique|Jacuzzi|Lave vaisselle|Lumineux|Proche commerces|Proche transport|Puissance électrique|Quartier calme|Sécurisé|Stores électriques|Très Haut Standing|Video-phone|Cuisine|Cuisine équipée|Four|Hotte|Plaque|vue|Vue dégagée|parking|Sous-sol|chauffage|Central|climatisation|Centrale|proximite|École|Magasin|Salle de sport|Espace vert|Restaurant(s)|Café(s)|Bureau de Poste|Banque(s)|Municipalité|Station de bus|École maternelle|Lycée,50,LOW,0.5,False,False,unchanged,0.0,,2026-03-27T14:04:04.561156
newkey_124523,newkey,2600.0,,2,Appartement,Tunis,,سيدي محرصي,Rent,Apartment,36.4360619,10.7045291,Général|Suite parentale|Ascenseur|Placards|Fibre optique|Dressing|Alarme|Balcon|Double Ascenseur|Wi-fi|Accès handicapé|Alimentation d'eau|Chambres Spacieuses|Code d'accès|Gardien|Gaz de ville|Hall|Haut Standing|Interphone|Kitchenette|Lave vaisselle|Lumineux|Machine à laver|Micro onde|Proche commerces|Proche transport|Quartier calme|Réfrigérateur|Réseau internet|Sécurisé|Très Haut Standing|TV|Video-phone|Vidéosurveillance|Cuisine|Cuisine équipée|Four|Hotte|Plaque|vue|Ville|parking|Individuel|Sous-sol|Place de parking|chauffage|Central|Gaz|climatisation|Centrale|proximite|École|Magasin|Salle de sport|Espace vert|Terrain de foot ou autre|Restaurant(s)|Café(s)|Salle de cinéma / Théâtre|Bureau de Poste|Banque(s)|Municipalité|Station de métro|Station de bus|Aéroport|École maternelle|Lycée,85,HIGH,1.5,False,False,unchanged,0.0,,2026-03-27T14:04:55.983483
newkey_124559,newkey,2800.0,,,Maison / Villa,Tunis,,,Rent,Villa,,,Général|Terrasse|Dressing|Alarme|Ensoleillé (e)|Chambres Spacieuses|Haut Standing|Lumineux|Quartier calme|Vidéosurveillance|Cuisine|Cuisine équipée|vue|Vue dégagée|parking|Sous-sol|Place de parking|chauffage|Central|climatisation|Split|proximite|École|Magasin|Café(s)|Municipalité|Aéroport,35,LOW,0.5,False,False,unchanged,0.0,,2026-03-27T14:03:58.485982
newkey_124544,newkey,4500.0,,,Appartement,Tunis,,سيدي محرصي,Rent,Apartment,36.4360619,10.7045291,balcon|berges du lac|cuisine équipée|deux chambres à coucher|dressing|débarras|meuble|meublé|parking|place de parking au sous-sol|résidence gardée et sécurisée|salle d'eau avec cabine de douche|salle d'eau pour les invités|salle de bain|spacious salon|suite parentale,50,LOW,0.5,False,False,unchanged,0.0,,2026-03-27T14:04:27.757424
newkey_124587,newkey,2300.0,,3,Appartement,Tunis,,سيدي محرصي,Rent,Villa,36.4360619,10.7045291,chauffé|climatisé|cuisine equipée|entrée indépendante|meuble|salle d'eau pour les invités|salle de bain commune|salon-salle à manger|terrasse|trois chambres à coucher,85,HIGH,1.5,False,False,unchanged,0.0,,2026-03-27T14:03:45.413615
newkey_124730,newkey,3200.0,,5,Maison / Villa,Tunis,,,Rent,Villa,,,cinq chambres à coucher|cuisine|entrée indépendante|jardin|salle d'eau pour les invités|salle de bain|salon donnant sur le jardin,70,GOOD,1.0,False,False,unchanged,0.0,,2026-03-27T14:02:51.518459
newkey_124683,newkey,2000.0,,3,Appartement,Tunis,,سيدي محرصي,Rent,Apartment,36.4360619,10.7045291,Général|Dernier étage|Terrasse|vue|Banlieue|Vue dégagée|parking|Sous-sol|chauffage|Central|climatisation|Split|proximite|Magasin|Salle de sport|Restaurant(s)|Café(s)|Banque(s)|Aéroport,85,HIGH,1.5,False,False,unchanged,0.0,,2026-03-27T14:03:16.712753
newkey_124741,newkey,,311.0,,Terrain,Tunis,,,Sale,Land,,,bureau|jardin|projet d'investissement|showroom|vocation commerciale,30,LOW,0.5,False,False,unchanged,,,2026-03-27T13:13:54.013058
newkey_124657,newkey,2200.0,,,Appartement,Tunis,,سيدي محرصي,Rent,Apartment,36.4360619,10.7045291,jardin|meuble|parking|piscine|pool|salle de sport,50,LOW,0.5,False,False,unchanged,0.0,,2026-03-27T14:03:04.533314
newkey_124757,newkey,3500.0,,,Appartement,Tunis,,سيدي محرصي,Rent,Apartment,36.4360619,10.7045291,cellier|cuisine|parking|place de parking au sous sol|rez-de-chaussée|s+2|salle d'eau|salon-salle à manger|suites parentale,50,LOW,0.5,False,False,unchanged,0.0,,2026-03-27T14:01:57.226995
newkey_124735,newkey,1120.0,467.0,,Terrain,Tunis,,,Sale,Land,36.8326074,10.0984587,467 m²|R+2|constructible|deuxième étage autorisé jusqu’à 6 mètres|flexibilité architecturale|jardin|terrain|volume|zone résidentielle,65,GOOD,1.0,True,False,unchanged,0.0,,2026-03-27T13:14:05.957808
newkey_124702,newkey,,,,Maison / Villa,Tunis,,الهوارية,Sale,Villa,37.0565576,11.0104527,Général|Suite parentale|Cellier|Terrasse|Placards|Dressing|Balcon|Ensoleillé (e)|Chambres Spacieuses|Hall|Haut Standing|Jacuzzi|Lumineux|Quartier calme|Réfrigérateur|Sécurisé|Stores électriques|Espace extérieur|Jardin|Jardin arboré|Jardin clôturé|Cuisine|Cuisine équipée|Four|Hotte|Plaque|vue|Vue dégagée|parking|Abri de voiture|chauffage|Central|climatisation|Split|proximite|École|Magasin|Salle de sport|Espace vert|Restaurant(s)|Café(s)|Bureau de Poste|Banque(s)|Municipalité|Aéroport|Lycée,30,LOW,0.5,False,False,unchanged,,,2026-03-27T13:01:36.794961
newkey_124665,newkey,5000.0,,,Maison / Villa,Tunisia,,الهوارية,Rent,Villa,37.0565576,11.0104527,climatisation|garage|garden|heating|jardin|meuble|piscine|pool,50,LOW,0.5,False,False,unchanged,0.0,,2026-03-27T14:03:22.580219
newkey_124743,newkey,370000.0,,,Appartement,Tunisia,,,Sale,Commercial,36.40107,10.6124745,balcon private|celier|chauffage|climatisation|climatition|cuisine équipée|espace moderne|large baies vitrées|parking|place de parking au sous-sol|robinetterie haut de gamme|salon|sechoir,45,LOW,0.5,False,False,unchanged,0.0,,2026-03-27T13:13:39.086932
newkey_124742,newkey,2800.0,,,Maison / Villa,Tunisia,,الهوارية,Rent,Villa,37.0565576,11.0104527,balcon|chambre de service|chambres|cuisine équipée|deux voitures|garage|jardin|salle d'eau|salon|sous-sol|suite parentale|villa,50,LOW,0.5,False,False,unchanged,0.0,,2026-03-27T14:02:38.004972
newkey_124851,newkey,3500.0,,,Appartement,Tunisia,,سيدي محرصي,Rent,Apartment,36.4360619,10.7045291,Général|Suite parentale|Cellier|Ascenseur|Placards|Fibre optique|Dressing|Alarme|Double Ascenseur|Accès handicapé|Alarme incendie|Alimentation d'eau|Buanderie|Chambres Spacieuses|Code d'accès|Gardien|Gaz de ville|Hall|Haut Standing|Kitchenette|Lumineux|Proche commerces|Proche transport|Quartier calme|Réseau internet|Rez-de-chaussée|Sécurisé|Stores électriques|Très Haut Standing|TV|Video-phone|Espace extérieur|Jardin|Cuisine|Plaque|vue|Jardin|parking|Individuel|Sous-sol|Sécurisé|chauffage|Central|climatisation|Centrale|Split|proximite|École|Magasin|Salle de sport|Espace vert|Restaurant(s)|Café(s)|Salle de cinéma / Théâtre|Bureau de Poste|Banque(s)|Aéroport,50,LOW,0.5,False,False,unchanged,0.0,,2026-03-27T14:01:50.727981
newkey_124890,newkey,1500.0,,,Appartement,Tunisia,,,Rent,Commercial,36.40107,10.6124745,administrative|car parking|climatisation|h+1|heating|kitchenette|meuble|new building|office space|open space|place for car|shower room,45,LOW,0.5,False,False,unchanged,0.0,,2026-03-27T14:01:02.920042
newkey_124768,newkey,220000.0,,,Appartement,Tunisia,,,Sale,Apartment,36.40107,10.6124745,Général|Suite parentale|Espace extérieur|Jardin|vue|Banlieue|Vue dégagée|parking|Sous-sol|chauffage|Central|climatisation|Split|proximite|Restaurant(s)|Café(s)|Aéroport,45,LOW,0.5,False,False,unchanged,0.0,,2026-03-27T13:13:23.654367
newkey_124918,newkey,1950.0,,3,Appartement,Tunisia,,سيدي محرصي,Rent,Apartment,36.4360619,10.7045291,balcon|chambre à coucher|cuisine équipée|jardin|meuble|parking|places de parking|salle de douche,85,HIGH,1.5,False,False,unchanged,0.0,,2026-03-27T14:01:18.171102
newkey_124907,newkey,2100.0,,3,Appartement,Tunisia,,سيدي محرصي,Rent,Apartment,36.4360619,10.7045291,Général|Piscine|Ascenseur|Placards|Fibre optique|Dressing|Portail électrique|Alarme|Balcon|Double vitrage|Parabole|Wi-fi|Accès handicapé|Chambres Spacieuses|Code d'accès|Gardien|Gaz de ville|Hall|Interphone|Isolation phonique|Isolation thermique|Lave vaisselle|Lumineux|Machine à laver|Micro onde|Proche commerces|Proche transport|Puissance électrique|Quartier calme|Réfrigérateur|Réseau internet|Sécurisé|Stores électriques|Très Haut Standing|TV|Video-phone|Vidéosurveillance|Cuisine|Cuisine équipée|Four|Hotte|Plaque|vue|Vue dégagée|parking|Sous-sol|chauffage|Central|climatisation|Centrale|proximite|École|Magasin|Salle de sport|Espace vert|Restaurant(s)|Café(s)|Bureau de Poste|Banque(s)|Municipalité|Station de bus|École maternelle|Lycée,85,HIGH,1.5,False,False,unchanged,0.0,,2026-03-27T14:01:31.424957
newkey_124951,newkey,1200.0,,2,Appartement,Tunisia,,,Rent,Apartment,36.40107,10.6124745,S+1|balcon|chambre à coucher|four|hotte|kitchenette|parking|place de parking au sous-sol|plaque|salle d'eau invités,80,GOOD,1.0,False,False,unchanged,0.0,,2026-03-27T14:00:25.776559
newkey_124936,newkey,355000.0,,2,Appartement,Tunisia,,,Sale,Apartment,36.40107,10.6124745,Espace extérieur|Jardin|vue|Banlieue|Vue montagne|Vue dégagée|parking|Sous-sol|chauffage|Central|climatisation|Split|proximite|Magasin|Café(s)|Aéroport,80,GOOD,1.0,False,False,unchanged,0.0,,2026-03-27T13:13:16.408809
newkey_124905,newkey,1400.0,,,Appartement,Tunis,,,Rent,Apartment,36.40107,10.6124745,vue|Banlieue|Vue montagne|Vue dégagée|parking|Sous-sol|chauffage|Central|climatisation|Split|proximite|École|Magasin|Salle de sport|Espace vert|Terrain de foot ou autre|Restaurant(s)|Café(s)|Aéroport|Lycée,45,LOW,0.5,False,False,unchanged,0.0,,2026-03-27T13:48:51.010822
newkey_124766,newkey,3500.0,,,Appartement,Tunis,,سيدي محرصي,Rent,Apartment,36.4360619,10.7045291,S+1|chambre à coucher|coin salle à manger|haut standing|kitchenette|meuble|parking|place de parking|richement meublé|salle de douche|salon,50,LOW,0.5,False,False,unchanged,0.0,,2026-03-27T14:02:23.452949
newkey_124863,newkey,7000.0,,,Maison / Villa,Tunis,,الهوارية,Rent,Villa,37.0565576,11.0104527,chambre de service|garage|garden|haut standing|heating by floor|jardin|piscine|pool,50,LOW,0.5,False,False,unchanged,0.0,,2026-03-27T14:01:38.662718
newkey_125024,newkey,2000.0,,3,Appartement,Tunis,,,Rent,Apartment,36.40107,10.6124745,Général|Fibre optique|Dressing|Balcon|Double Ascenseur|Double vitrage|Parabole|Wi-fi|Chambres Spacieuses|Code d'accès|Gardien|Gaz de ville|Hall|Interphone|Isolation phonique|Isolation thermique|Lumineux|Machine à laver|Micro onde|Proche commerces|Proche transport|Quartier calme|Réfrigérateur|Sécurisé|Stores électriques|TV|Cuisine|Cuisine équipée|Four|Hotte|Plaque|vue|Vue dégagée|chauffage|Central|climatisation|Split|proximite|École|Magasin|Salle de sport|Espace vert|Restaurant(s)|Café(s)|Bureau de Poste|Banque(s)|Municipalité|École maternelle|Lycée,80,GOOD,1.0,False,False,unchanged,0.0,,2026-03-27T14:00:18.793442
newkey_125012,newkey,3000.0,,4,Maison / Villa,Tunis,,الهوارية,Rent,Villa,37.0565576,11.0104527,balcon|cuisine moderne|deux chambres à coucher|deuxième salon|dressing|four|garage|garage avec abri pour deux voitures|grand jardin|hotte|jardin|local technique|micro-ondes|plaque|salle d'eau|salle d'eau pour les invités|salle à manger|salon|sejour lumineux|suite parentale|système de sécurité comprenant des caméras de surveillance et une alarme|villa jumelée S+4,85,HIGH,1.5,False,False,unchanged,0.0,,2026-03-27T13:59:35.289986
newkey_124970,newkey,3600.0,,,Appartement,Tunis,,,Rent,Apartment,36.40107,10.6124745,chambres à coucher|cuisine équipée|meuble|parking|place de parking|salle d'eau|salle de bain commune|suite parentale|séchoir|sécurisé|terrasse,45,LOW,0.5,False,False,unchanged,0.0,,2026-03-27T14:00:38.392478
newkey_125093,newkey,1550.0,,,Appartement,Tunis,,,Rent,Apartment,36.40107,10.6124745,02 suites|S+2|balcon|cuisine équipée|dressing|lumineux|moderne|parking|place de parking au sous-sol|salle de bain|salles d'eau,45,LOW,0.5,False,False,unchanged,0.0,,2026-03-27T13:59:20.854072
newkey_124968,newkey,3900.0,,,Maison / Villa,Tunis,,الهوارية,Sale,Villa,37.0565576,11.0104527,bathroom for guests|bathrooms|dining room|extra suites|garage|garden|jacuzzi|jardin|kitchen|living room|master suite|piscine|playroom|pool|seating area|storage space|suite junior|two bedrooms,30,LOW,0.5,True,False,unchanged,0.0,,2026-03-27T13:32:21.664919
newkey_125117,newkey,,,3,Maison / Villa,Tunis,,,Rent,Villa,,,Général|Suite parentale|Terrasse|Dressing|Ensoleillé (e)|Lave vaisselle|Lumineux|Proche commerces|Quartier calme|Réfrigérateur|Sécurisé|Cuisine|Cuisine équipée|Four|Hotte|Plaque|parking|Abri de voiture|chauffage|Central|climatisation|Split|proximite|École|Magasin|Salle de sport|Restaurant(s)|Café(s)|Banque(s)|Municipalité|Aéroport|Lycée,25,LOW,0.5,False,False,unchanged,,,2026-03-27T13:49:47.770405
newkey_127700,newkey,1500.0,,2,Appartement,Tunis,,,Rent,Apartment,36.40107,10.6124745,02 chambres à coucher|S+2|balcon|cuisine équipée avec séchoir|dressing|parking|place de parking au sous-sol|salle d'eau,80,GOOD,1.0,False,False,unchanged,0.0,,2026-03-27T13:58:42.491617
newkey_125025,newkey,2800.0,,,Appartement,Tunis,,,Rent,Apartment,36.40107,10.6124745,Général|Suite parentale|Terrasse|Ascenseur|Placards|Fibre optique|Dressing|Portail électrique|Double Ascenseur|Double vitrage|Accès handicapé|Alimentation d'eau|Chambres Spacieuses|Code d'accès|Gardien|Gaz de ville|Hall|Haut Standing|Interphone|Kitchenette|Lumineux|Proche commerces|Proche transport|Puissance électrique|Quartier calme|Rez-de-chaussée|Sécurisé|Sondage Puits|Très Haut Standing|Espace extérieur|Jardin|Cuisine|Cuisine équipée|Four|Hotte|Plaque|vue|Jardin|parking|Individuel|Sous-sol|Sécurisé|Place de parking|chauffage|Central|climatisation|Centrale|Split|proximite|École|Magasin|Salle de sport|Restaurant(s)|Café(s)|Bureau de Poste|Banque(s)|Aéroport|École maternelle|Lycée,45,LOW,0.5,False,False,unchanged,0.0,,2026-03-27T14:00:12.076887
newkey_125037,newkey,800000.0,,,Bureau Et Local...,Tunis,,,Sale,Commercial,,,accueil soigné|cuisine méditerranéenne fusion|restaurant|terrasse|terrasse arborée,15,DROP,0.0,True,False,unchanged,0.0,,2026-03-27T13:13:02.987713
newkey_125026,newkey,1650.0,,,Appartement,Tunis,,,Rent,Apartment,36.40107,10.6124745,Général|Placards|Fibre optique|Dressing|Double Ascenseur|Double vitrage|Parabole|Chambres Spacieuses|Code d'accès|Gardien|Gaz de ville|Hall|Interphone|Isolation phonique|Isolation thermique|Lumineux|Proche commerces|Quartier calme|Sécurisé|Stores électriques|Cuisine|Cuisine équipée|Four|Hotte|Plaque|vue|Vue dégagée|parking|Sous-sol|chauffage|Central|climatisation|Split|proximite|École|Magasin|Salle de sport|Espace vert|Restaurant(s)|Café(s)|Bureau de Poste|Banque(s)|Municipalité|École maternelle|Lycée,45,LOW,0.5,False,False,unchanged,0.0,,2026-03-27T14:00:07.025963
newkey_127778,newkey,7000.0,,,Appartement,Tunis,,,Rent,Apartment,36.40107,10.6124745,climatisation|heating|parking|piscine|pool|s+3|view on sea|vue mer,25,LOW,0.5,True,False,unchanged,0.0,,2026-03-27T13:57:59.589255
newkey_127707,newkey,5000.0,108.0,,Bureau Et Local...,Tunis,,,Rent,Commercial,,,excellent visibility|no door|strategic location,65,GOOD,1.0,False,False,unchanged,0.0,,2026-03-27T13:58:17.516518
newkey_127704,newkey,700000.0,,4,Appartement,Tunisie,,,Sale,Apartment,36.40107,10.6124745,Général|Suite parentale|vue|Vue dégagée|parking|Sous-sol|proximite|École|Magasin|Salle de sport|Espace vert|Restaurant(s)|Café(s)|Banque(s),80,GOOD,1.0,False,False,unchanged,0.0,,2026-03-27T13:12:57.298989
newkey_127779,newkey,5000.0,60.0,,Bureau Et Local...,Tunisie,,,Rent,Commercial,,,Superficie: 60m²|bien situé|gérance libre|local|matériels,65,GOOD,1.0,False,False,unchanged,0.0,,2026-03-27T13:57:46.702353
newkey_127752,newkey,5000.0,,3,Appartement,Tunisie,,,Rent,Apartment,36.40107,10.6124745,cuisine équipée|deux chambres à coucher|jardin|parking|place de parking|salle d'eau|salle de bain commune|salon lumineux|suite parentale|séchoir,80,GOOD,1.0,False,False,unchanged,0.0,,2026-03-27T13:58:56.148764
newkey_127728,newkey,2200.0,,2,Appartement,Tunisie,,,Rent,Apartment,36.40107,10.6124745,Général|Suite parentale|Terrasse|Placards|Dressing|Portail électrique|Alarme|Balcon|Double Ascenseur|Alarme incendie|Alimentation d'eau|Chambres Spacieuses|Code d'accès|Gardien|Gaz de ville|Hall|Haut Standing|Interphone|Isolation phonique|Isolation thermique|Lumineux|Proche commerces|Proche transport|Quartier calme|Sécurisé|Stores électriques|Cuisine|Cuisine équipée|Four|Hotte|Plaque|vue|Vue dégagée|parking|Sous-sol|chauffage|Central|climatisation|Centrale|proximite|École|Magasin|Salle de sport|Espace vert|Restaurant(s)|Café(s)|Bureau de Poste|Banque(s)|Municipalité|École maternelle|Lycée,80,GOOD,1.0,False,False,unchanged,0.0,,2026-03-27T13:59:09.958053
newkey_127866,newkey,398000.0,642.0,,Terrain,Tunisie,,,Sale,Land,36.8326074,10.0984587,calme|construction_villa|en_plein_développement|plat|projet_immobilier|surface_area|terrain,85,HIGH,1.5,False,False,unchanged,0.0,,2026-03-27T13:12:29.246244
newkey_127722,newkey,3000.0,,,Appartement,Tunis,,,Rent,Apartment,36.40107,10.6124745,Général|Suite parentale|Piscine|Ascenseur|Placards|Dressing|Alarme|Balcon|Double Ascenseur|Double vitrage|Accès handicapé|Alarme incendie|Alimentation d'eau|Chambres Spacieuses|Code d'accès|Gardien|Gaz de ville|Hall|Haut Standing|Interphone|Isolation phonique|Isolation thermique|Jacuzzi|Kitchenette|Lave vaisselle|Lumineux|Proche commerces|Quartier calme|Réfrigérateur|Sécurisé|Stores électriques|Très Haut Standing|Video-phone|Cuisine|Cuisine équipée|Four|Hotte|Plaque|parking|Individuel|Sous-sol|Sécurisé|chauffage|Central|climatisation|Centrale|proximite|École|Magasin|Salle de sport|Restaurant(s)|Café(s)|Bureau de Poste|Banque(s)|Municipalité|Aéroport|École maternelle|Lycée,45,LOW,0.5,False,False,unchanged,0.0,,2026-03-27T13:59:14.833894
newkey_127781,newkey,1600.0,,,Appartement,Tunis,,,Rent,Apartment,36.40107,10.6124745,baie-vitrée sur un jardin|chambre à coucher avec dressing|cuisine americaine|jardin|parking|place de parking|salle d'eau avec douche à l'italienne|salon spacieux et lumineux,45,LOW,0.5,False,False,unchanged,0.0,,2026-03-27T13:57:33.412874
newkey_127771,newkey,4700.0,,,Maison / Villa,Tunis,,الهوارية,Rent,Villa,37.0565576,11.0104527,Général|Suite parentale|Espace extérieur|Jardin|Cuisine|Double cuisine|vue|Vue dégagée|Jardin|parking|Abri de voiture|chauffage|Central|climatisation|Split|proximite|École|Magasin|Salle de sport|Restaurant(s),50,LOW,0.5,False,False,unchanged,0.0,,2026-03-27T13:58:11.336092
newkey_127981,newkey,6800.0,,,Appartement,Tunis,,,Rent,Apartment,36.40107,10.6124745,abri de voiture|buanderie|chambre de service|chauffage central|climatisation|climatisation centrale|cuisine aménagée et totalement equipée|salle d'eau|salon - salle à manger|terrasse|vue mer|vue panoramique sur le port|vue sur Mer,25,LOW,0.5,True,False,unchanged,0.0,,2026-03-27T13:57:05.533865
newkey_127952,newkey,800.0,,,Bureau Et Local...,Tunis,,,Rent,Commercial,,,bureau|climatisation|hall|salle d'eau,35,LOW,0.5,False,False,unchanged,0.0,,2026-03-27T13:56:40.367964
newkey_127870,newkey,1225.0,1976.0,,Terrain,Tunis,,,Sale,Land,36.8326074,10.0984587,access|calm_environment|construction_of_residence|construction_of_villas|development|location|lot_exploitation|potential_for_project|project_global_exploitation|strong_value_added_project|surface_total|terrain,65,GOOD,1.0,True,False,unchanged,0.0,,2026-03-27T13:12:43.122332
newkey_127868,newkey,425000.0,685.0,,Terrain,Tunis,,,Sale,Land,36.8326074,10.0984587,axes principaux|bon voisinage|configuration régulière|emplacement stratégique|proche des commodités|surface généreuse|terrain|zone en expansion,85,HIGH,1.5,False,False,unchanged,0.0,,2026-03-27T13:12:08.351956
newkey_128002,newkey,2000.0,,,Bureau Et Local...,Tunis,,,Rent,Commercial,,,berges du lac|deux bureaux|immeuble sécurisé|meuble|parking|place de parking|salle d'accueil|salle d'eau|sous-sol,35,LOW,0.5,False,False,unchanged,0.0,,2026-03-27T13:56:52.003504
newkey_127895,newkey,1800.0,,,Appartement,Tunis,,,Rent,Apartment,36.40107,10.6124745,Général|Piscine|Placards|Dressing|Alarme|Double Ascenseur|Double vitrage|Alarme incendie|Alimentation d'eau|Code d'accès|Gardien|Gaz de ville|Hall|Haut Standing|Interphone|Isolation phonique|Lumineux|Proche commerces|Proche transport|Quartier calme|Rez-de-chaussée|Sécurisé|Stores électriques|Cuisine|Cuisine équipée|Four|Hotte|Plaque|parking|Sous-sol|chauffage|Central|climatisation|Split|proximite|École|Magasin|Salle de sport|Espace vert|Restaurant(s)|Café(s)|Bureau de Poste|Banque(s)|Municipalité|École maternelle|Lycée,45,LOW,0.5,False,False,unchanged,0.0,,2026-03-27T13:57:19.862877
newkey_128096,newkey,4500.0,100.0,,Bureau Et Local...,Tunis,,,Rent,Commercial,,,excellent visibility|no door|strategic location,65,GOOD,1.0,False,False,unchanged,0.0,,2026-03-27T13:56:29.220556
newkey_127869,newkey,397000.0,640.0,,Terrain,Tunis,,,Sale,Land,36.8326074,10.0984587,bien exposé|facilement accessible|fort potentiel de valorisation|investissement|projet résidentiel|quartier calme|terrain,85,HIGH,1.5,False,False,unchanged,0.0,,2026-03-27T13:11:56.196298
newkey_128097,newkey,1500.0,,,Bureau Et Local...,Tunis,,,Rent,Commercial,,,bathroom|meuble|office for the director|reception room|two offices,35,LOW,0.5,False,False,unchanged,0.0,,2026-03-27T13:56:16.283383
newkey_128037,newkey,325000.0,,3,Appartement,Tunis,,,Sale,Apartment,36.40107,10.6124745,vue|Vue dégagée|parking|Sous-sol|chauffage|Central|climatisation|Split|proximite|École|Magasin|Salle de sport|Restaurant(s)|Café(s)|Banque(s)|Municipalité,80,GOOD,1.0,False,False,unchanged,0.0,,2026-03-27T13:11:49.857003
newkey_128098,newkey,1500.0,,1,Appartement,Tunis,,,Rent,Apartment,36.40107,10.6124745,"S+1|balcon|chambre à coucher|cuisine équipée (plaque,four ,hotte,réfrigerateur)|meuble|meublé|parking|place de parking au sous-sol|proche de toutes commodités|salle d'eau invités|secures",80,GOOD,1.0,False,False,unchanged,0.0,,2026-03-27T13:55:52.906868
newkey_128204,newkey,2200.0,,1,Bureau Et Local...,Tunis,,,Rent,Commercial,,,accueil|bureau|meuble|salle d'eau|salle deau,70,GOOD,1.0,False,False,unchanged,0.0,,2026-03-27T13:55:05.682931
newkey_128253,newkey,3500.0,,4,Appartement,Tunis,,,Rent,Apartment,36.40107,10.6124745,Général|Suite parentale|vue|Vue dégagée|parking|Sous-sol|proximite|École|Magasin|Salle de sport|Espace vert|Restaurant(s)|Café(s)|Banque(s),80,GOOD,1.0,False,False,unchanged,0.0,,2026-03-27T13:58:28.471534
newkey_128134,newkey,2300.0,,3,Appartement,Tunis,,,Rent,Apartment,36.40107,10.6124745,cabine de douche|cuisine|deux chambres à coucher|dressing|jardin|parking|place de parking sous sol|salle d'eau invités|salle de bain commune|salon|sechoir,80,GOOD,1.0,False,False,unchanged,0.0,,2026-03-27T13:55:29.783037
newkey_128133,newkey,1650.0,18.0,,Bureau Et Local...,Tunis,,,Rent,Commercial,,,local|surface 18 m²|usage bureautique or commercial,55,LOW,0.5,True,False,unchanged,0.0,,2026-03-27T13:55:42.750427
newkey_128187,newkey,8000.0,,,Maison / Villa,Tunis,,الهوارية,Rent,Villa,37.0565576,11.0104527,air conditioning|chauffage central|climatisation|garden|heating central|jardin|parking|piscine|pool|terrasse|view,50,LOW,0.5,False,False,unchanged,0.0,,2026-03-27T13:54:35.963805
newkey_128203,newkey,,,,Maison / Villa,Tunis,,الهوارية,Rent,Villa,37.0565576,11.0104527,air conditioning|ascenseur|climatisation|elevator|garden|heating by floor|jardin|meuble|piscine|pool,30,LOW,0.5,False,False,unchanged,,,2026-03-27T13:55:16.496964
newkey_128324,newkey,7000.0,,,Bureau Et Local...,Tunis,,,Rent,Commercial,,,berges du lac,25,LOW,0.5,False,False,unchanged,0.0,,2026-03-27T13:54:11.178318
newkey_128206,newkey,1900.0,,,Bureau Et Local...,Tunis,,,Rent,Commercial,,,accueil|bureau|meuble|salle d'eau|salle deau,35,LOW,0.5,False,False,unchanged,0.0,,2026-03-27T13:54:54.775465
newkey_128307,newkey,1800.0,250.0,,Bureau Et Local...,Tunis,,,Rent,Commercial,,,accessible|distribution|good_capacity_of_storage|organization_practice|professional_activity|storage|surface_area,65,GOOD,1.0,False,False,unchanged,0.0,,2026-03-27T13:54:22.892867
newkey_128486,newkey,35000.0,43.0,,Bureau Et Local...,Tunis,,,Sale,Commercial,,,local commercial|surface of 43 m²,75,GOOD,1.0,False,False,unchanged,0.0,,2026-03-27T13:11:38.896186
newkey_128624,newkey,2300.0,,,Appartement,Tunis,,,Rent,Villa,36.40107,10.6124745,Général|Suite parentale|Placards|Fibre optique|Dressing|Balcon|Double vitrage|Parabole|Chambres Spacieuses|Code d'accès|Gardien|Gaz de ville|Hall|Interphone|Isolation phonique|Isolation thermique|Lumineux|Proche commerces|Proche transport|Quartier calme|Sécurisé|Stores électriques|Très Haut Standing|Cuisine|Cuisine équipée|Four|Hotte|Plaque|vue|Vue dégagée|chauffage|Central|climatisation|Split|proximite|École|Magasin|Salle de sport|Espace vert|Restaurant(s)|Café(s)|Bureau de Poste|Banque(s)|Municipalité|École maternelle|Lycée,45,LOW,0.5,False,False,unchanged,0.0,,2026-03-27T13:52:43.156926
newkey_128646,newkey,330000.0,,,Appartement,Tunis,,,Sale,Villa,36.40107,10.6124745,S+2|balcon|chambres à coucher|chauffage central|climatisation|climatiseurs|cuisine|dressing|parking|place de parking|salle de douche|séchoir,45,LOW,0.5,False,False,unchanged,0.0,,2026-03-27T13:11:11.482070
newkey_128424,newkey,3200.0,,,Bureau Et Local...,Tunis,,,Rent,Commercial,,,berges du lac|immeuble sécurisé|meuble|parking|place de parking|salle d'accueil|salle d'eau|six bureaux|sous-sol,35,LOW,0.5,False,False,unchanged,0.0,,2026-03-27T13:53:42.735474
newkey_128521,newkey,1200.0,,,Appartement,Tunis,,,Rent,Apartment,36.40107,10.6124745,S+1|abri de voiture|bien sécurisée|chambre à coucher|cuisine équipée avec séchoir|jardin|meuble|meublé|résidence calme|salle de bain|salon,45,LOW,0.5,False,False,unchanged,0.0,,2026-03-27T13:53:16.506699
newkey_128377,newkey,4500.0,,,Appartement,Tunis,,,Rent,Apartment,36.40107,10.6124745,chambre de service|chambres à coucher|chauffage|climatisation|cuisine équipée|parking|place de parking au sous-sol|salle d'eau pour les invités|salle de bain commune|salle de douche|salon-salle à manger|suite parentale|terrasse,45,LOW,0.5,False,False,unchanged,0.0,,2026-03-27T13:53:57.511609
newkey_128542,newkey,750000.0,,,Appartement,Tunis,,,Sale,Apartment,36.40107,10.6124745,S+3|balcon|chauffage central|climatisation|climatiseurs|cuisine équipée|deux chambres|dressings|parking|place de parking|salle d'eau|salle de bain avec jacuzzi|salon lumineux|suite parentale avec douche à l’italienne|système d’alarme|séchoir,45,LOW,0.5,False,False,unchanged,0.0,,2026-03-27T13:18:06.125336
newkey_128530,newkey,1700.0,,4,Appartement,Tunis,,,Rent,Villa,36.40107,10.6124745,S+3|chauffage central|cuisine équipée|deux chambres à coucher|parking|place de parking gardée|rez-de-chaussée|salle de bain avec douche|salon-salle à manger|suite parentale,80,GOOD,1.0,False,False,unchanged,0.0,,2026-03-27T13:53:03.280637
newkey_128479,newkey,1700.0,,3,Appartement,Tunis,,,Rent,Apartment,36.40107,10.6124745,Général|Suite parentale|Piscine|Ascenseur|Placards|Fibre optique|Dressing|Portail électrique|Balcon|Double Ascenseur|Double vitrage|Wi-fi|Accès handicapé|Alarme incendie|Chambres Spacieuses|Code d'accès|Gardien|Gaz de ville|Hall|Haut Standing|Isolation thermique|Jacuzzi|Kitchenette|Lumineux|Machine à laver|Micro onde|Proche commerces|Proche transport|Puissance électrique|Quartier calme|Réfrigérateur|Réseau internet|Sécurisé|Stores électriques|Très Haut Standing|Cuisine|Cuisine équipée|Four|Hotte|Plaque|parking|Individuel|Sous-sol|Sécurisé|chauffage|Central|climatisation|Centrale|proximite|Magasin|Salle de sport|Espace vert|Restaurant(s)|Café(s)|Bureau de Poste|Banque(s)|Aéroport,80,GOOD,1.0,False,False,unchanged,0.0,,2026-03-27T13:53:36.035041
newkey_128545,newkey,3000.0,,4,Appartement,Tunis,,,Rent,Apartment,36.40107,10.6124745,chambre à coucher|chauffage|climatisation|cuisine|dressing|garden|jardin|parking|place de parking|salle d'eau|salle de bain|salon|suite,80,GOOD,1.0,False,False,unchanged,0.0,,2026-03-27T13:52:50.406059
newkey_128697,newkey,1400.0,,3,Appartement,Tunis,,,Rent,Apartment,36.40107,10.6124745,chambre à coucher avec dressing|cuisine très bien équipée|meuble|meublé|proche de toutes commodités|résidence sécurisée|s+1|salle de douche|salon|séchoir,80,GOOD,1.0,False,False,unchanged,0.0,,2026-03-27T13:51:48.216760
newkey_128689,newkey,,,3,Maison / Villa,Tunis,,الهوارية,Rent,Villa,37.0565576,11.0104527,Général|Suite parentale|Espace extérieur|Jardin|vue|Vue dégagée|parking|Garage|chauffage|Central|climatisation|Split|proximite|École|Magasin|Salle de sport|Restaurant(s)|Café(s)|Banque(s)|Municipalité|Station de bus|Aéroport|École maternelle,40,LOW,0.5,False,False,unchanged,,,2026-03-27T13:52:01.673525
newkey_128919,newkey,1400.0,,,Appartement,Tunisia,,,Rent,Villa,36.40107,10.6124745,RDC|chambre à coucher avec dressing|cuisine americaine|jardin|parking|place parking sous sol|salle d'eau avec douche à l'italienne|salon spacieux et lumineux,45,LOW,0.5,False,False,unchanged,0.0,,2026-03-27T13:51:20.435809
newkey_128906,newkey,2300.0,,,Appartement,Tunisia,,,Rent,Commercial,36.40107,10.6124745,S+3|cellier|chambre de service|chambre de service ou bureau|chambre à coucher|dressing|parking|places de parking|salle d'eau|salle de bain|salle à manger|salon|suites parentales|terrasse,45,LOW,0.5,False,False,unchanged,0.0,,2026-03-27T13:51:33.667547
newkey_128925,newkey,440000.0,,,Appartement,Tunisia,,,Sale,Apartment,36.40107,10.6124745,S+1|balcon|chambre à coucher|cuisine américaine|dressing|jardin|parking|place de parking|salle de bain moderne,45,LOW,0.5,False,False,unchanged,0.0,,2026-03-27T13:10:38.803321
newkey_128921,newkey,1300.0,,,Appartement,Tunisia,,,Rent,Apartment,36.40107,10.6124745,bathroom with shower|bedroom with dressing|jardin|kitchen americaine|luminous|spacious salon,45,LOW,0.5,False,False,unchanged,0.0,,2026-03-27T13:51:09.356324
newkey_128669,newkey,1350.0,,,Appartement,Tunisia,,,Sale,Apartment,,,chauffage central|climatisation|climatiseurs|cuisine américaine|deux chambres avec vue mer|dressings|mer|parking|place de parking|salle d'eau pour les invités|salle de douche|salon lumineux|système d'alarme|terrasse|vue dégagée sur la forêt et la mer|vue mer|vue panoramique,15,DROP,0.0,True,False,unchanged,0.0,,2026-03-27T13:11:25.475436
newkey_128666,newkey,1850.0,,,Appartement,Tunis,,,Rent,Apartment,36.40107,10.6124745,balcon|chambre à coucher|connexion Internet|cuisine americaine|jardin|meuble|salle de bain|salon,45,LOW,0.5,False,False,unchanged,0.0,,2026-03-27T13:52:32.027205
newkey_128670,newkey,950.0,,,Maison / Villa,Tunis,,الهوارية,Rent,Apartment,37.0565576,11.0104527,chambre à coucher|cuisine|meuble|meublé|s+1|salle de douche|salon,50,LOW,0.5,False,False,unchanged,0.0,,2026-03-27T13:52:17.670706
newkey_128977,newkey,2800.0,,,Appartement,Tunis,,,Rent,Apartment,36.40107,10.6124745,Général|Suite parentale|Ascenseur|Placards|Fibre optique|Dressing|Alarme|Balcon|Double Ascenseur|Double vitrage|Accès handicapé|Alarme incendie|Chambres Spacieuses|Code d'accès|Gardien|Gaz de ville|Haut Standing|Interphone|Isolation phonique|Isolation thermique|Jacuzzi|Kitchenette|Lave vaisselle|Lumineux|Micro onde|Proche commerces|Proche transport|Quartier calme|Réfrigérateur|Réseau internet|Sécurisé|Stores électriques|Très Haut Standing|Video-phone|Cuisine|Double cuisine|Cuisine équipée|Four|Hotte|Plaque|parking|Sous-sol|Sécurisé|Place de parking|chauffage|Central|climatisation|Centrale|proximite|Magasin|Salle de sport|Espace vert|Café(s)|Bureau de Poste|Banque(s),45,LOW,0.5,False,False,unchanged,0.0,,2026-03-27T13:51:02.805617
newkey_129011,newkey,250000.0,,,Appartement,Tunis,,,Sale,Apartment,36.40107,10.6124745,02 chambres|S+2|balcon|cuisine avec séchoir|excellent confort de vie|lumineux|moderne|salle de bain commune,45,LOW,0.5,False,False,unchanged,0.0,,2026-03-27T13:10:19.555929
newkey_128984,newkey,6500.0,,,Appartement,Tunis,,,Rent,Apartment,36.40107,10.6124745,cuisine entièrement équipée|deux chambres à coucher|dressing|haut standing|meuble|meublé|salle d'eau|salle de bain|salon–salle à manger|terrasse|vue mer,25,LOW,0.5,True,False,unchanged,0.0,,2026-03-27T13:50:33.110947
newkey_129152,newkey,672000.0,840.0,,Terrain,Tunis,,,Sale,Land,36.8326074,10.0984587,accès facile|emplacement calme|investissement|papiers en règle|projet résidentiel|terrain|viabilisé,85,HIGH,1.5,False,False,unchanged,0.0,,2026-03-27T13:10:06.762231
newkey_129055,newkey,375000.0,,,Appartement,Tunis,,,Sale,Apartment,36.40107,10.6124745,Général|Terrasse|vue|Vue dégagée|Jardin|parking|Sous-sol|chauffage|Central|climatisation|Split|proximite|Magasin|Restaurant(s)|Aéroport,45,LOW,0.5,False,False,unchanged,0.0,,2026-03-27T13:10:32.005725
newkey_129207,newkey,2500.0,,,Appartement,Tunis,,,Rent,Apartment,36.40107,10.6124745,chauffé|climatised|cuisine|deux chambres à coucher|parking|place de parking au sous sol|s+3|salle de bain commune|salon|suite parentale,45,LOW,0.5,False,False,unchanged,0.0,,2026-03-27T13:49:35.811615
newkey_129123,newkey,1400.0,,,Appartement,Tunis,,,Rent,Apartment,36.40107,10.6124745,Général|Terrasse,45,LOW,0.5,False,False,unchanged,0.0,,2026-03-27T13:50:03.092642
newkey_129182,newkey,3700.0,,,Bureau Et Local...,Tunis,,,Rent,Commercial,,,modern|open space|storage area|terrace|terrasse,35,LOW,0.5,False,False,unchanged,0.0,,2026-03-27T13:48:58.509495
newkey_129211,newkey,2700.0,,,Appartement,Tunis,,,Rent,Apartment,36.40107,10.6124745,chambres à coucher|chauffé|climatised|cuisine|garage|s+3|salle de bain commune|salon|suite parentale,45,LOW,0.5,False,False,unchanged,0.0,,2026-03-27T13:49:23.571668
newkey_129173,newkey,3000.0,,,Maison / Villa,Tunis,,,Rent,Villa,,,bathroom|dressing|garage|kitchen|meuble|terrace|terrasse,35,LOW,0.5,False,False,unchanged,0.0,,2026-03-27T13:50:08.647549
newkey_128978,newkey,2800.0,,,Appartement,Tunis,,,Rent,Apartment,36.40107,10.6124745,Général|Ascenseur|Placards|Fibre optique|Dressing|Balcon|Double Ascenseur|Accès handicapé|Alarme incendie|Chambres Spacieuses|Code d'accès|Gardien|Gaz de ville|Haut Standing|Isolation phonique|Kitchenette|Lave vaisselle|Lumineux|Proche commerces|Proche transport|Quartier calme|Réfrigérateur|Réseau internet|Sécurisé|Stores électriques|Cuisine|Cuisine équipée|Four|Hotte|Plaque|parking|Individuel|Sous-sol|Sécurisé|chauffage|Central|climatisation|Split|proximite|Magasin|Salle de sport|Café(s)|Bureau de Poste|Banque(s),45,LOW,0.5,False,False,unchanged,0.0,,2026-03-27T13:50:46.637612
newkey_129223,newkey,1300.0,,,Maison / Villa,TUNIS,north,Jebel Jelloud,Sale,Land,36.7667,10.1833,R+2|avenue commerçante|chambres|cuisine|jardin|salle d'eau|salle de bain|salon/séjour|suite parentale|surface couverte|terrain|titre foncier,25,LOW,0.5,True,False,unchanged,0.0,,2026-03-27T13:09:12.535035
newkey_129335,newkey,,,,Appartement,Tunis,,,Sale,Apartment,36.40107,10.6124745,Général|Suite parentale|Cellier|Terrasse|Ascenseur|Placards|Dressing|Balcon|Ensoleillé (e)|Parabole|Code d'accès|Gardien|Hall|Interphone|Isolation thermique|Lumineux|Quartier calme|Sécurisé|Stores électriques|Très Haut Standing|Video-phone|Vidéosurveillance|vue|Vue dégagée|chauffage|Central|climatisation|Split|proximite|École|Magasin|Salle de sport|Espace vert|Terrain de foot ou autre|Restaurant(s)|Café(s)|Bureau de Poste|Banque(s)|Municipalité|Aéroport|Lycée,25,LOW,0.5,False,False,unchanged,,,2026-03-27T13:06:57.524161
newkey_129334,newkey,406000.0,,,Appartement,Tunis,,,Sale,Apartment,36.40107,10.6124745,vue|Vue montagne|Vue dégagée|parking|Sous-sol|chauffage|Central|climatisation|Split|proximite|Magasin|Espace vert|Café(s)|Municipalité|Aéroport|Lycée,45,LOW,0.5,False,False,unchanged,0.0,,2026-03-27T13:07:04.147805
newkey_129349,newkey,2400.0,,,Appartement,Tunis,,,Rent,Apartment,36.40107,10.6124745,Général|Ascenseur|Placards|Fibre optique|Dressing|Portail électrique|Balcon|Double Ascenseur|Double vitrage|Accès handicapé|Chambres Spacieuses|Code d'accès|Gardien|Gaz de ville|Hall|Haut Standing|Isolation thermique|Kitchenette|Lave vaisselle|Lumineux|Machine à laver|Micro onde|Proche commerces|Proche transport|Quartier calme|Réfrigérateur|Réseau internet|Sécurisé|Très Haut Standing|Cuisine|Cuisine équipée|Four|Hotte|Plaque|parking|Individuel|Sous-sol|Sécurisé|chauffage|Central|climatisation|Centrale|Split|proximite|Magasin|Salle de sport|Espace vert|Restaurant(s)|Café(s)|Banque(s)|Aéroport,45,LOW,0.5,False,False,unchanged,0.0,,2026-03-27T13:48:07.518096
newkey_129301,newkey,2000.0,,,Bureau Et Local...,Tunis,,,Rent,Commercial,,,Général|Suite parentale|Dernier étage|Terrasse|vue|Vue dégagée|Vue artère principale|parking|Collectif|chauffage|Central|climatisation|Split|proximite|École|Magasin|Salle de sport|Espace vert|Restaurant(s)|Café(s)|Bureau de Poste|Banque(s)|Municipalité|Station de bus|Aéroport|Lycée,35,LOW,0.5,False,False,unchanged,0.0,,2026-03-27T13:48:36.804846
newkey_129232,newkey,975000.0,698.0,,Terrain,Tunis,,,Sale,Land,,,cadre résidentiel|terrain|titre foncier individuel|zone villa de maître,75,GOOD,1.0,False,False,unchanged,0.0,,2026-03-27T13:08:44.220481
newkey_129221,newkey,4500.0,,,Appartement,Tunis,,,Rent,Apartment,36.40107,10.6124745,cuisine équipée|deux chambres à coucher|meuble|meublé|parking|place de parking|résidence sécurisée|salle d'eau|salle de bain|terrasse|terrasse privative,45,LOW,0.5,False,False,unchanged,0.0,,2026-03-27T13:49:09.882328
newkey_129246,newkey,1450.0,,,Appartement,Tunis,,,Rent,Apartment,36.40107,10.6124745,parking|Sous-sol|chauffage|Central|climatisation|Split|proximite|Magasin|Espace vert,45,LOW,0.5,False,False,unchanged,0.0,,2026-03-27T13:48:30.661092
newkey_129231,newkey,290000.0,,,Appartement,Tunis,,,Sale,Apartment,36.40107,10.6124745,chambre à coucher avec dressing|cuisine ouverte et equipée|parking|place de parking au sous sol|salle d'eau avec cabine de douche|salon lumineux,45,LOW,0.5,False,False,unchanged,0.0,,2026-03-27T13:08:58.638129
newkey_129337,newkey,2500.0,,,Appartement,Tunis,,,Rent,Apartment,36.40107,10.6124745,Général|Suite parentale|Dernier étage|vue|Vue dégagée|parking|Sous-sol|chauffage|Central|climatisation|Split|proximite|Magasin|Espace vert|Restaurant(s)|Café(s)|Aéroport,45,LOW,0.5,False,False,unchanged,0.0,,2026-03-27T13:48:23.447030
newkey_129377,newkey,3000.0,300.0,,Bureau Et Local...,Tunis,,,Rent,Commercial,,,business_activity|distribution|storage|surface_area,65,GOOD,1.0,False,False,unchanged,0.0,,2026-03-27T13:48:12.819366
newkey_129608,newkey,3500.0,,,Appartement,Tunis,,,Rent,Apartment,36.40107,10.6124745,chambres à coucher|cuisine|dressing|jardin|parking|place de parking|salle d'eau|salle de bain commune|salon|séchoir|terrasse,45,LOW,0.5,False,False,unchanged,0.0,,2026-03-27T13:46:56.038680
newkey_129383,newkey,325000.0,,,Appartement,Tunis,,,Sale,Apartment,36.40107,10.6124745,vue|Vue dégagée|parking|Sous-sol|chauffage|Central|climatisation|Split|proximite|Espace vert|Café(s)|Aéroport,45,LOW,0.5,False,False,unchanged,0.0,,2026-03-27T13:06:27.329310
newkey_129409,newkey,453000.0,,,Appartement,Tunis,,,Sale,Apartment,36.40107,10.6124745,chauffage|Central|climatisation|Split|proximite|École|Magasin|Salle de sport|Espace vert|Terrain de foot ou autre|Restaurant(s)|Café(s)|Bureau de Poste|Banque(s)|Municipalité|Station de bus|Aéroport|Lycée,45,LOW,0.5,False,False,unchanged,0.0,,2026-03-27T13:06:20.224975
newkey_129408,newkey,1100.0,,,Bureau Et Local...,Tunis,,,Rent,Commercial,,,Général|Terrasse|parking|Collectif|chauffage|Central|climatisation|Split|proximite|École|Magasin|Salle de sport|Espace vert|Restaurant(s)|Café(s)|Bureau de Poste|Banque(s)|Municipalité|Station de bus|Aéroport|Lycée,35,LOW,0.5,False,False,unchanged,0.0,,2026-03-27T13:47:47.067369
newkey_129647,newkey,353000.0,,,Appartement,Tunis,,,Sale,Apartment,36.40107,10.6124745,S+2|ascenseur|balcon|cellier|cuisine aménagée et équipée|deux chambres à coucher|dressing|gardé 24h/24|parking|place de parking en sous-sol|résidence clôturée|salle de bain commune|séchoir|télésurveillance,45,LOW,0.5,False,False,unchanged,0.0,,2026-03-27T13:05:52.009674
newkey_129576,newkey,2200.0,,,Appartement,Tunis,,,Rent,Apartment,36.40107,10.6124745,balcon|chambre à coucher|cuisine américaine|jardin|meuble|meublé|salle de douche,45,LOW,0.5,False,False,unchanged,0.0,,2026-03-27T13:47:35.781752
newkey_129493,newkey,370000.0,,,Appartement,Tunis,,,Sale,Apartment,36.40107,10.6124745,Espace extérieur|Jardin|vue|Vue dégagée|Jardin|parking|Sous-sol|chauffage|Central|climatisation|Split|proximite|Magasin|Salle de sport|Espace vert|Restaurant(s)|Café(s)|Banque(s),45,LOW,0.5,False,False,unchanged,0.0,,2026-03-27T13:06:12.684318
newkey_129571,newkey,275000.0,,,Appartement,Tunis,,,Sale,Apartment,36.40107,10.6124745,vue|Vue dégagée|parking|Sous-sol|chauffage|Central|climatisation|Split|proximite|Magasin|Salle de sport|Espace vert|Restaurant(s)|Café(s)|Municipalité|Aéroport,45,LOW,0.5,False,False,unchanged,0.0,,2026-03-27T13:06:06.331374
newkey_129651,newkey,2700.0,,2,Appartement,Tunis,,,Rent,Apartment,36.40107,10.6124745,appartement S+2|cuisine équipée|parking|place de parking au sous-sol|salle d'eau pour invités|suite junior avec salle de douche|suite parentale avec salle de bain|terrasse,80,GOOD,1.0,False,False,unchanged,0.0,,2026-03-27T13:47:21.923587
newkey_129729,newkey,2000.0,18.0,,Bureau Et Local...,Tunis,,,Rent,Commercial,,,proximite|École|Magasin|Salle de sport|Espace vert|Restaurant(s)|Café(s)|Aéroport|Lycée,55,LOW,0.5,True,False,unchanged,0.0,,2026-03-27T13:46:22.536932
newkey_129734,newkey,1400.0,,,Appartement,Tunis,,,Rent,Apartment,,,bien agencé|cuisine équipée|espace salon|fonctionnel|jardin|lit confortable|luminous|meuble|parking|place parking sous sol|salle de bain|studio meublé,35,LOW,0.5,False,False,unchanged,0.0,,2026-03-27T13:45:57.279480
newkey_129741,newkey,2500.0,,,Appartement,Tunis,,,Rent,Apartment,36.40107,10.6124745,chambre|connexion Internet|cuisine américaine|dressing|jardin|meuble|meublé|parking|place de parking|salle de bain|salon,45,LOW,0.5,False,False,unchanged,0.0,,2026-03-27T13:45:43.574483
newkey_129730,newkey,7500.0,,,Maison / Villa,Tunis,,الهوارية,Rent,Commercial,37.0565576,11.0104527,chauffage central|climatisation|climatiseurs|coin bureau|cuisine|jardin|piscine|pool|salle d'eau|salon–salle à manger|vue mer,50,LOW,0.5,False,False,unchanged,0.0,,2026-03-27T13:46:10.780381
newkey_129686,newkey,2500.0,,2,Appartement,Tunis,,,Rent,Apartment,36.40107,10.6124745,chauffé|climatisé|cuisine équipée|deux chambres à coucher|meuble|meublé|résidence sécurisée|s+2|salle de bain commune|salle d’eau pour les invités|salon–salle à manger,80,GOOD,1.0,False,False,unchanged,0.0,,2026-03-27T13:46:43.723126
newkey_129726,newkey,550000.0,,,Appartement,Tunis,,,Sale,Apartment,36.40107,10.6124745,Général|Suite parentale|Espace extérieur|Jardin|vue|Vue dégagée|parking|Sous-sol|chauffage|Central|climatisation|Split|proximite|Magasin|Salle de sport|Espace vert|Restaurant(s)|Café(s)|Banque(s)|Aéroport,45,LOW,0.5,False,False,unchanged,0.0,,2026-03-27T13:05:29.145305
newkey_129766,newkey,650000.0,,3,Appartement,Tunis,,,Sale,Apartment,36.40107,10.6124745,Général|Suite parentale|Ascenseur|Placards|Fibre optique|Dressing|Balcon|Double vitrage|Parabole|Accès handicapé|Chambres Spacieuses|Code d'accès|Gardien|Gaz de ville|Interphone|Isolation phonique|Isolation thermique|Lumineux|Proche commerces|Proche transport|Quartier calme|Sécurisé|Stores électriques|vue|Vue dégagée|parking|Sous-sol|chauffage|Central|climatisation|Split|proximite|École|Magasin|Salle de sport|Espace vert|Restaurant(s)|Café(s)|Bureau de Poste|Banque(s)|Municipalité|École maternelle|Lycée,80,GOOD,1.0,False,False,unchanged,0.0,,2026-03-27T13:05:11.659960
newkey_129739,newkey,550000.0,,,Appartement,Tunis,,,Sale,Apartment,36.40107,10.6124745,chambres|chauffage central|climatisation|cuisine|jardin|parking|placards|place de parking|salle de bain|salon,45,LOW,0.5,False,False,unchanged,0.0,,2026-03-27T13:05:17.572866
newkey_129704,newkey,2300.0,,,Bureau Et Local...,Tunis,,,Rent,Commercial,,,bureau A2|bureau de direction|deux grand bureaux|immeuble gardé et sécurisé|kitchenette|meuble|parking|place de parking au sous-sol|prés de toutes commodités|salles d'eau,35,LOW,0.5,False,False,unchanged,0.0,,2026-03-27T13:45:29.744300
newkey_129656,newkey,1600.0,,,Appartement,Tunis,,,Rent,Apartment,36.40107,10.6124745,balcon|chambre à coucher|cuisine aménagée|jardin|parking|place de parking|salle de bain|suite parentale,45,LOW,0.5,False,False,unchanged,0.0,,2026-03-27T13:47:07.453537
newkey_129869,newkey,700000.0,,,Appartement,Tunis,,,Sale,Apartment,36.40107,10.6124745,Général|Suite parentale|Espace extérieur|Jardin|vue|Vue dégagée|parking|Sous-sol|chauffage|Central|climatisation|Split|proximite|Magasin|Salle de sport|Espace vert|Restaurant(s)|Café(s)|Banque(s)|Aéroport,45,LOW,0.5,False,False,unchanged,0.0,,2026-03-27T13:04:18.183604
newkey_129924,newkey,2000.0,,,Appartement,Tunis,,,Rent,Apartment,36.40107,10.6124745,balcon|chambre à coucher|connexion Internet|cuisine|dressing|jardin|meuble|parking|place de parking|salle de bain,45,LOW,0.5,False,False,unchanged,0.0,,2026-03-27T13:44:17.926339
newkey_129917,newkey,1200.0,,,Appartement,Tunis,,,Rent,Apartment,36.40107,10.6124745,chambres à coucher|cuisine équipée|jardin|salle d'eau|salon,45,LOW,0.5,False,False,unchanged,0.0,,2026-03-27T13:44:31.219001
newkey_129791,newkey,550000.0,,,Appartement,Tunis,,,Sale,Apartment,36.40107,10.6124745,balcon|jardin|kitchen|parking|place of parking in basement|sechoir|shared bathroom|spacious salon|two bedrooms,45,LOW,0.5,False,False,unchanged,0.0,,2026-03-27T13:04:53.771679
newkey_129872,newkey,1800.0,,,Bureau Et Local...,Tunis,,,Rent,Commercial,,,vue|Ville|Vue lac|Vue dégagée|parking|Place de parking à l’extérieur|chauffage|Central|proximite|École|Magasin|Restaurant(s)|Café(s),35,LOW,0.5,False,False,unchanged,0.0,,2026-03-27T13:44:41.378923
newkey_129849,newkey,,127.0,,Maison / Villa,Tunis,,الهوارية,Sale,Villa,37.0565576,11.0104527,Général|Suite parentale|Chambre service|Cellier|Dernier étage|Terrasse|Espace extérieur|Jardin|Cuisine|Double cuisine|vue|Vue dégagée|parking|Sous-sol|chauffage|Central|climatisation|Split|proximite|École|Magasin|Salle de sport|Espace vert|Restaurant(s)|Café(s)|Bureau de Poste|Banque(s)|Municipalité|Aéroport|Lycée,45,LOW,0.5,False,False,unchanged,,,2026-03-27T13:04:11.017951
newkey_129867,newkey,433000.0,,,Appartement,Tunis,,,Sale,Apartment,36.40107,10.6124745,Général|Terrasse|vue|Vue dégagée|parking|Sous-sol|chauffage|Central|climatisation|Split|proximite|École|Magasin|Salle de sport|Espace vert|Restaurant(s)|Café(s)|Bureau de Poste|Banque(s)|Station de bus|Aéroport|Lycée,45,LOW,0.5,False,False,unchanged,0.0,,2026-03-27T13:04:24.643138
newkey_129818,newkey,,,,Appartement,Tunis,,,Sale,Villa,,,Général|Suite parentale|Dernier étage|Terrasse|Ascenseur|Placards|Dressing|Balcon|Ensoleillé (e)|Parabole|Chambres Spacieuses|Code d'accès|Gardien|Interphone|Lumineux|Proche commerces|Quartier calme|Sécurisé|Stores électriques|Très Haut Standing|Vidéosurveillance|vue|Vue dégagée|chauffage|Central|climatisation|Split|proximite|École|Magasin|Salle de sport|Espace vert|Restaurant(s)|Café(s)|Bureau de Poste|Banque(s)|Municipalité|Station de bus|Aéroport|Lycée,15,DROP,0.0,False,False,unchanged,,,2026-03-27T13:05:05.166908
newkey_129864,newkey,1050.0,,,Appartement,Tunis,,,Sale,Commercial,,,bathroom|bedroom with dressing|fully equipped kitchen|guest bathroom|luxurious|office|parking|spacious salon|suite parentale with dressing and bathroom|terrace|terrasse|view on the lac,15,DROP,0.0,True,False,unchanged,0.0,,2026-03-27T13:04:40.715707
newkey_129767,newkey,2200.0,,,Appartement,Tunis,,,Rent,Apartment,36.40107,10.6124745,Général|Suite parentale|Piscine|Ascenseur|Placards|Dressing|Portail électrique|Alarme|Balcon|Double Ascenseur|Double vitrage|Wi-fi|Accès handicapé|Alarme incendie|Alimentation d'eau|Chambres Spacieuses|Code d'accès|Gardien|Gaz de ville|Haut Standing|Interphone|Isolation phonique|Isolation thermique|Jacuzzi|Kitchenette|Lave vaisselle|Lumineux|Machine à laver|Micro onde|Proche commerces|Proche transport|Puissance électrique|Quartier calme|Réfrigérateur|Réseau internet|Sécurisé|Sondage Puits|Stores électriques|Très Haut Standing|Video-phone|Cuisine|Cuisine équipée|Four|Hotte|Plaque|climatisation|Centrale|proximite|Espace vert|Restaurant(s)|Café(s)|Bureau de Poste|Banque(s)|Aéroport|École maternelle|Lycée,45,LOW,0.5,False,False,unchanged,0.0,,2026-03-27T13:45:13.157662
newkey_130098,newkey,54330.0,3622.0,,Immeuble,BEN AROUS,north,Ben Arous,Rent,Other,36.745,10.225,R+3|haut standing|loge gardien|meuble|parking|rez-de-chaussée|sous-sol avec 17 places de parking|surface totale de 3622m²|toit aménageable|trois étages|vue imprenable sur le lac,70,GOOD,1.0,True,False,unchanged,0.0,,2026-03-27T13:43:23.154114
newkey_129977,newkey,395000.0,,,Appartement,Tunis,,,Sale,Villa,36.40107,10.6124745,chauffage central|cuisine équipée|deux chambres à coucher|parking|place de parking gardée|s+3|salle de bain avec douche|salon-salle à manger|suite parentale,45,LOW,0.5,False,False,unchanged,0.0,,2026-03-27T13:03:56.872187
newkey_130136,newkey,3500.0,,,Maison / Villa,Tunis,,,Rent,Villa,,,Général|Suite parentale|Placards|Dressing|Balcon|Ensoleillé (e)|Chambres Spacieuses|Lumineux|Quartier calme|Stores électriques|Très Haut Standing|Espace extérieur|Jardin|Cuisine|Cuisine équipée|Four|Hotte|Plaque|parking|Place de parking|chauffage|Central|climatisation|Centrale|proximite|École|Magasin|Salle de sport|Espace vert|Restaurant(s)|Café(s)|Bureau de Poste|Banque(s)|Municipalité|Aéroport,35,LOW,0.5,False,False,unchanged,0.0,,2026-03-27T13:43:15.612095
newkey_130028,newkey,450000.0,,,Maison / Villa,Tunis,,الهوارية,Sale,Apartment,37.0565576,11.0104527,S+2|cuisine bien equipée|deux chambres à coucher|petit dressing|salle bain|salle d'eau|salon lumineux|terrasse,50,LOW,0.5,False,False,unchanged,0.0,,2026-03-27T13:03:44.384931
newkey_130156,newkey,440000.0,,1,Appartement,Tunis,,,Sale,Apartment,36.40107,10.6124745,balcon|chambre à coucher|cuisine équipée|parking|place de parking|salle de bain|séchoir,80,GOOD,1.0,False,False,unchanged,0.0,,2026-03-27T13:03:02.057082
newkey_129926,newkey,1800.0,,3,Bureau Et Local...,Tunis,,,Rent,Commercial,,,vue|Banlieue|Centre ville|Vue lac|Vue dégagée|parking|Place de parking à l’extérieur|chauffage|Central|climatisation|Split|proximite|Magasin|Espace vert|Restaurant(s)|Café(s)|Aéroport,70,GOOD,1.0,False,False,unchanged,0.0,,2026-03-27T13:44:03.132330
newkey_130027,newkey,2300.0,,1,Appartement,Tunis,,,Rent,Apartment,36.40107,10.6124745,bathroom|dressing room|furnished|kitchen|meuble|terrace|terrasse,80,GOOD,1.0,False,False,unchanged,0.0,,2026-03-27T13:43:36.645278
newkey_129987,newkey,,,,Maison / Villa,Tunis,,الهوارية,Rent,Land,37.0565576,11.0104527,ascenseur|garage|piscine|studio,30,LOW,0.5,False,False,unchanged,,,2026-03-27T13:43:48.616205
newkey_130153,newkey,2250.0,,,Appartement,Tunis,,,Rent,Apartment,36.40107,10.6124745,Général|Suite parentale|Ascenseur|Placards|Dressing|Balcon|Ensoleillé (e)|Double Ascenseur|Parabole|Code d'accès|Gardien|Haut Standing|Lumineux|Proche commerces|Quartier calme|Réfrigérateur|Sécurisé|Stores électriques|Cuisine|Four|Hotte|Plaque|vue|Vue montagne|Vue dégagée|parking|Sous-sol|chauffage|Central|climatisation|Centrale|Split|proximite|École|Magasin|Salle de sport|Espace vert|Restaurant(s)|Café(s)|Banque(s),45,LOW,0.5,False,False,unchanged,0.0,,2026-03-27T13:43:08.742092
newkey_130077,newkey,1750.0,446.0,,Maison / Villa,Tunis,,الهوارية,Sale,Land,37.0565576,11.0104527,446 m²|calme|construction d'une villa moderne|démolir|emplacement stratégique|opportunité d’investissement|potentiel de construction|proximité de toutes les commodités|quartier résidentiel|terrain|villa,70,GOOD,1.0,True,False,unchanged,0.0,,2026-03-27T13:03:30.993347
newkey_130171,newkey,790000.0,152.0,,Bureau Et Local...,Tunis,,,Sale,Commercial,,,haut standing|meuble|open-space|parking|sanitary|secure,55,LOW,0.5,True,False,unchanged,0.0,,2026-03-27T13:02:20.900437
newkey_130191,newkey,410000.0,,,Appartement,Tunis,,,Sale,Apartment,36.40107,10.6124745,Général|Terrasse|vue|Vue dégagée|parking|Sous-sol|chauffage|Central|climatisation|Split,45,LOW,0.5,False,False,unchanged,0.0,,2026-03-27T13:02:35.373460
newkey_130161,newkey,370000.0,,,Appartement,Tunis,,,Sale,Apartment,36.40107,10.6124745,Général|Suite parentale|vue|Centre ville|Vue dégagée|parking|Sous-sol|chauffage|Central|climatisation|Split|proximite|École|Magasin|Salle de sport|Espace vert|Restaurant(s)|Café(s)|Municipalité|Aéroport,45,LOW,0.5,False,False,unchanged,0.0,,2026-03-27T13:02:41.858313
newkey_130174,newkey,1600.0,,,Appartement,Tunis,,,Rent,Apartment,36.40107,10.6124745,S+2|cuisine équipée|deux chambres à coucher|neuf|salle de bain commune|salon–salle à manger|terrasse,45,LOW,0.5,False,False,unchanged,0.0,,2026-03-27T13:42:01.899481
newkey_130159,newkey,1550.0,,,Appartement,Tunis,,,Rent,Villa,36.40107,10.6124745,balcon|cuisine équipée|deux chambres à choucher|dressing|neuf|s+2|salle de douche,45,LOW,0.5,False,False,unchanged,0.0,,2026-03-27T13:42:34.575944
newkey_130160,newkey,7000.0,,,Maison / Villa,Tunis,,الهوارية,Sale,Apartment,37.0565576,11.0104527,chauffé|climatised|cuisine américaine|haut standing|parking|place de parking au sous-sol|salle de bain pour les invités|vue mer|vue sur mer,50,LOW,0.5,False,False,unchanged,0.0,,2026-03-27T13:02:47.611877
newkey_130181,newkey,3200.0,,,Appartement,Tunis,,,Rent,Apartment,36.40107,10.6124745,cuisine équipée|deux chambres à coucher|parking|place de parking|salle d'eau|salle de bain commune|suite parentale|séchoir attenant|terrasse|terrasse vue lac,45,LOW,0.5,False,False,unchanged,0.0,,2026-03-27T13:42:21.461209
newkey_130222,newkey,270000.0,,,Appartement,Tunis,,,Sale,Apartment,36.40107,10.6124745,Espace extérieur|Jardin|vue|Banlieue|Centre ville|Jardin|parking|Sous-sol|chauffage|Central|climatisation|Split|proximite|Magasin|Espace vert|Restaurant(s)|Café(s)|Aéroport,45,LOW,0.5,False,False,unchanged,0.0,,2026-03-27T13:02:14.318927
newkey_130157,newkey,2700.0,,,Appartement,Tunis,,,Rent,Apartment,36.40107,10.6124745,balcon|bathroom guests|common bathroom|independent kitchen|jardin|parking|parking underground|spacious salon|two bedrooms,45,LOW,0.5,False,False,unchanged,0.0,,2026-03-27T13:42:46.952490
newkey_130189,newkey,1260.0,,2,Appartement,Tunis,,,Rent,Apartment,36.40107,10.6124745,Général|Dernier étage|vue|Vue dégagée|parking|Sous-sol|chauffage|Central|climatisation|Split|proximite|Magasin|Salle de sport|Espace vert|Restaurant(s)|Municipalité|Aéroport,80,GOOD,1.0,False,False,unchanged,0.0,,2026-03-27T13:42:15.196170
newkey_130322,newkey,2500.0,,3,Appartement,Tunis,,,Rent,Apartment,36.40107,10.6124745,Général|Suite parentale|Ascenseur|Placards|Dressing|Portail électrique|Balcon|Double Ascenseur|Accès handicapé|Alimentation d'eau|Code d'accès|Gardien|Gaz de ville|Hall|Haut Standing|Kitchenette|Lumineux|Puissance électrique|Quartier calme|Sécurisé|Stores électriques|Cuisine|Cuisine équipée|Four|Hotte|Plaque|parking|Individuel|Sous-sol|Sécurisé|climatisation|Split|proximite|École|Magasin|Salle de sport|Espace vert|Restaurant(s)|Café(s)|Bureau de Poste|Banque(s),80,GOOD,1.0,False,False,unchanged,0.0,,2026-03-27T13:41:54.253654
newkey_130430,newkey,2300.0,,2,Appartement,Tunis,,,Rent,Apartment,36.40107,10.6124745,Général|Ascenseur|Placards|Dressing|Portail électrique|Balcon|Ensoleillé (e)|Double Ascenseur|Double vitrage|Accès handicapé|Alimentation d'eau|Chambres Spacieuses|Code d'accès|Construction en pierres|Gardien|Gaz de ville|Hall|Haut Standing|Isolation thermique|Kitchenette|Lumineux|Machine à laver|Puissance électrique|Quartier calme|Réfrigérateur|Réseau internet|Sécurisé|Stores électriques|Très Haut Standing,80,GOOD,1.0,False,False,unchanged,0.0,,2026-03-27T13:40:14.258224
newkey_130442,newkey,1700.0,,,Appartement,Tunis,,,Rent,Apartment,36.40107,10.6124745,Général|Ascenseur|Placards|Dressing|Alarme|Balcon|Double Ascenseur|Double vitrage|Accès handicapé|Alimentation d'eau|Chambres Spacieuses|Code d'accès|Construction en pierres|Gardien|Gaz de ville|Hall|Haut Standing|Interphone|Isolation thermique|Kitchenette|Lumineux|Proche transport|Quartier calme|Réseau internet|Rez-de-chaussée|Sondage Puits|Stores électriques|Cuisine|Cuisine équipée|Four|Hotte|Plaque|parking|Individuel|Sous-sol|Sécurisé|climatisation|Split|proximite|Magasin|Salle de sport|Espace vert|Restaurant(s)|Café(s)|Bureau de Poste|Banque(s)|Municipalité,45,LOW,0.5,False,False,unchanged,0.0,,2026-03-27T13:39:41.719801
newkey_130395,newkey,500.0,15.0,,Bureau Et Local...,Tunis,,,Rent,Commercial,,,15 m²|local commercial|zone popular and dynamic,65,GOOD,1.0,False,False,unchanged,0.0,,2026-03-27T13:41:28.239689
newkey_130439,newkey,2200.0,,,Appartement,Tunis,,,Rent,Apartment,36.40107,10.6124745,balcon|chambre à coucher|cuisine independante|jardin|meuble|salle de bain,45,LOW,0.5,False,False,unchanged,0.0,,2026-03-27T13:39:48.645847
newkey_130435,newkey,3400.0,,,Appartement,Tunis,,,Rent,Apartment,36.40107,10.6124745,Général|Suite parentale|Piscine|Ascenseur|Fibre optique|Dressing|Portail électrique|Alarme|Balcon|Ensoleillé (e)|Double Ascenseur|Wi-fi|Accès handicapé|Alarme incendie|Alimentation d'eau|Chambres Spacieuses|Code d'accès|Construction en pierres|Gardien|Gaz de ville|Hall|Haut Standing|Interphone|Isolation phonique|Isolation thermique|Jacuzzi|Kitchenette|Lave vaisselle|Lumineux|Machine à laver|Micro onde|Proche commerces|Proche transport|Puissance électrique|Quartier calme|Réfrigérateur|Réseau internet|Sécurisé|Sondage Puits|Stores électriques|Très Haut Standing|TV|Video-phone|Cuisine|Cuisine équipée|Four|Hotte|Plaque|parking|Individuel|Sous-sol|Sécurisé|chauffage|Sol|Gaz|proximite|École|Magasin|Salle de sport|Espace vert|Restaurant(s)|Café(s)|Salle de cinéma / Théâtre|Bureau de Poste|Banque(s)|Municipalité,45,LOW,0.5,False,False,unchanged,0.0,,2026-03-27T13:40:01.217190
newkey_130362,newkey,1500.0,,,Appartement,Tunis,,,Rent,Apartment,36.40107,10.6124745,Espace extérieur|Jardin|vue|Vue montagne|Vue dégagée|parking|Sous-sol|chauffage|Central|climatisation|Split|proximite|Magasin|Espace vert|Restaurant(s)|Café(s)|Aéroport,45,LOW,0.5,False,False,unchanged,0.0,,2026-03-27T13:41:38.684881
newkey_130433,newkey,1700.0,,,Appartement,Tunis,,,Rent,Apartment,36.40107,10.6124745,Général|Ascenseur|Placards|Dressing|Portail électrique|Alarme|Balcon|Ensoleillé (e)|Double Ascenseur|Double vitrage|Accès handicapé|Alarme incendie|Alimentation d'eau|Code d'accès|Construction en pierres|Gardien|Gaz de ville|Hall|Isolation phonique|Isolation thermique|Kitchenette|Lumineux|Proche commerces|Puissance électrique|Réfrigérateur|Sondage Puits|Stores électriques|Très Haut Standing|Cuisine|Cuisine équipée|Four|Hotte|Plaque|parking|Individuel|Sous-sol|Sécurisé|climatisation|Centrale|Split|proximite|Magasin|Salle de sport|Restaurant(s)|Café(s)|Bureau de Poste|Municipalité|Station de métro,45,LOW,0.5,False,False,unchanged,0.0,,2026-03-27T13:40:06.534087
newkey_130380,newkey,2500.0,,4,Appartement,Tunis,,,Rent,Apartment,36.40107,10.6124745,cuisine equipée|deux chambres à coucher|meuble|meublé|s+2|salle d'eau|salle de bain commune|salon,80,GOOD,1.0,False,False,unchanged,0.0,,2026-03-27T13:41:04.285978
newkey_130399,newkey,1350.0,,3,Appartement,Tunis,,,Rent,Villa,,,chambre|chambres à coucher|cuisine équipée|entrée indépendante|kitchinette|salle d'eau|salle de bain pour les invités|salon,70,GOOD,1.0,False,False,unchanged,0.0,,2026-03-27T13:41:17.148366
newkey_130466,newkey,2300.0,,,Maison / Villa,Tunis,,,Rent,Commercial,,,S+4|chambre de service|cuisine|salle d'eau|salle de bain commune|salon|spacious duplex|three bedrooms,35,LOW,0.5,False,False,unchanged,0.0,,2026-03-27T13:40:20.366412
newkey_130603,newkey,2300.0,,4,Maison / Villa,Tunis,,الهوارية,Rent,Villa,37.0565576,11.0104527,Général|Suite parentale|Espace extérieur|Jardin|parking|Abri de voiture|chauffage|Central|climatisation|Split|proximite|École|Magasin|Salle de sport|Restaurant(s)|Café(s)|Banque(s)|Station de bus|Aéroport|École maternelle|Lycée,85,HIGH,1.5,False,False,unchanged,0.0,,2026-03-27T13:38:05.933556
newkey_130467,newkey,350000.0,,,Appartement,Tunisia,,,Sale,Apartment,36.40107,10.6124745,vue|Vue dégagée|parking|Sous-sol|chauffage|Central|climatisation|Split|proximite|École|Magasin|Salle de sport|Restaurant(s)|Café(s)|Municipalité,45,LOW,0.5,False,False,unchanged,0.0,,2026-03-27T13:01:30.480285
newkey_130600,newkey,790000.0,,,Maison / Villa,Tunisia,,الهوارية,Rent,Villa,37.0565576,11.0104527,Général|Suite parentale|Espace extérieur|Jardin|parking|Abri de voiture|chauffage|Central|climatisation|Split|proximite|École|Magasin|Salle de sport|Restaurant(s)|Café(s)|Banque(s)|Station de bus|Aéroport|École maternelle|Lycée,30,LOW,0.5,True,False,unchanged,0.0,,2026-03-27T13:39:00.496933
newkey_130447,newkey,3000.0,,,Bureau Et Local...,Tunisia,,,Rent,Commercial,,,open space|salle d'eau,35,LOW,0.5,False,False,unchanged,0.0,,2026-03-27T13:40:53.739357
newkey_130515,newkey,2300.0,,3,Appartement,Tunisia,,,Rent,Apartment,36.40107,10.6124745,Général|Terrasse|vue|Vue dégagée|parking|Place de parking|chauffage|Central|climatisation|Split|proximite|École|Magasin|Salle de sport|Restaurant(s)|Café(s)|Banque(s)|Lycée,80,GOOD,1.0,False,False,unchanged,0.0,,2026-03-27T13:38:53.166961
newkey_130526,newkey,1200.0,,1,Appartement,Tunisia,,,Sale,Apartment,36.40107,10.6124745,vue|Vue dégagée|parking|Sous-sol|chauffage|Central|climatisation|Split|proximite|Magasin|Salle de sport|Espace vert|Restaurant(s)|Café(s)|Municipalité,60,GOOD,1.0,True,False,unchanged,0.0,,2026-03-27T13:01:22.915231
newkey_130454,newkey,3600.0,,,Appartement,Tunis,,,Rent,Apartment,36.40107,10.6124745,balcon|chambres à coucher|cuisine équipée|parking|place de parking|salle d'eau|salle de bain commune|sechoir|suite parentale|sécurisée|terrasse|vue dégagée,45,LOW,0.5,False,False,unchanged,0.0,,2026-03-27T13:40:40.129787
newkey_130577,newkey,2000.0,,,Maison / Villa,Tunis,,الهوارية,Rent,Villa,37.0565576,11.0104527,appartements en S+2|appartements en S+3|chambres à coucher|cuisine|emplacement stratégique|garage|jardin|salle de bain|salles de douche|salon,50,LOW,0.5,False,False,unchanged,0.0,,2026-03-27T13:39:07.344117
newkey_130525,newkey,2500.0,,,Appartement,Tunis,,,Rent,Apartment,36.40107,10.6124745,Général|Suite parentale|Placards|Fibre optique|Dressing|Alarme|Balcon|Double Ascenseur|Double vitrage|Chambres Spacieuses|Code d'accès|Gardien|Gaz de ville|Hall|Interphone|Isolation phonique|Isolation thermique|Lumineux|Proche commerces|Proche transport|Quartier calme|Sécurisé|Stores électriques|Très Haut Standing|Video-phone|Cuisine|Cuisine équipée|Four|Hotte|Plaque|vue|Vue dégagée|parking|Sous-sol|chauffage|Central|climatisation|Split|proximite|École|Magasin|Salle de sport|Espace vert|Restaurant(s)|Café(s)|Bureau de Poste|Banque(s)|Municipalité|École maternelle|Lycée,45,LOW,0.5,False,False,unchanged,0.0,,2026-03-27T13:38:46.809768
newkey_78799,newkey,850000.0,,,Maison / Villa,Tunis,,,Sale,Villa,,,Général|Suite parentale|Cellier|Dernier étage|Piscine|Terrasse|Dressing|Ensoleillé (e)|Double vitrage|Parabole|Chambres Spacieuses|Hall|Haut Standing|Isolation thermique|Puissance électrique|Rez-de-chaussée|Sécurisé|Très Haut Standing|Espace extérieur|Jardin|Jardin arboré|Jardin clôturé|vue|Jardin|parking|Garage|chauffage|Central|proximite|École|Espace vert|Restaurant(s)|Café(s)|Banque(s)|Municipalité|Station de métro|Aéroport|Lycée,35,LOW,0.5,False,False,unchanged,0.0,,2026-03-27T13:29:38.163549
39464,tecnocasa,390000.0,116.0,,Hammamet,Cap Bon,,Hammamet,Sale,Apartment,36.4205,10.6644,Climatisation|Libre|S+2|Moyen standing,90,HIGH,1.5,False,False,unchanged,0.0,3362.07,2026-03-27T14:18:07.456279
41327,tecnocasa,295000.0,85.0,,Hammamet,Cap Bon,,Hammamet,Sale,Commercial,36.417,10.6529,Libre|S+1|Haut standing,90,HIGH,1.5,False,False,unchanged,0.0,3470.59,2026-03-27T14:18:14.366714
newkey_70942,newkey,410000.0,,3,Appartement,Tunis,,,Sale,Apartment,36.40107,10.6124745,Général|Suite parentale|Dernier étage|Terrasse|Ascenseur|Dressing|Ensoleillé (e)|Double vitrage|Code d'accès|Gardien|Haut Standing|Quartier calme|Stores électriques|Video-phone|Cuisine|Cuisine équipée|Four|Hotte|Plaque|chauffage|Central|climatisation|Split,80,GOOD,1.0,False,False,unchanged,0.0,,2026-03-27T13:37:03.158727
newkey_130627,newkey,6500.0,,5,Maison / Villa,Tunis,,الهوارية,Rent,Commercial,37.0565576,11.0104527,S+5|bureau|chambre|chambre de service|cuisine entièrement équipée|deux chambres|deux chambres à coucher|garage|immense dressing|jardin|logement de gardien indépendant|monte-plat|salle d'eau|salle de bain|salle de bain commune|salle polyvalente|sallée d'eau|salon|seconde chambre|sortie indépendante|spacious villa|suite parentale,85,HIGH,1.5,False,False,unchanged,0.0,,2026-03-27T13:38:12.397546
newkey_130604,newkey,1000.0,,2,Appartement,Tunis,,,Rent,Villa,36.40107,10.6124745,climatisation|climatiseur|cuisine équipée|deux chambres à coucher|hotte|plaque|salle de douche|salle à manger|salon,80,GOOD,1.0,False,False,unchanged,0.0,,2026-03-27T13:38:28.034399
newkey_95276,newkey,,,5,Maison / Villa,Tunis,,الهوارية,Sale,Villa,37.0565576,11.0104527,Général|Suite parentale|Terrasse|Placards|Dressing|Balcon|Ensoleillé (e)|Chambres Spacieuses|Hall|Haut Standing|Lumineux|Proche commerces|Quartier calme|Rez-de-chaussée|Sécurisé|Stores électriques|Titre foncier|Espace extérieur|Jardin|Jardin arboré|Cuisine|Double cuisine|Cuisine équipée|Cuisinière électrique|Four|Hotte|Plaque|vue|Vue artère principale|parking|Abri de voiture|Garage|Sécurisé|chauffage|Central|climatisation|Split|proximite|École|Magasin|Salle de sport|Espace vert|Terrain de foot ou autre|Restaurant(s)|Café(s)|Bureau de Poste|Banque(s)|Municipalité|Station de bus|Aéroport|École maternelle|Lycée,40,LOW,0.5,False,False,unchanged,,,2026-03-27T13:08:28.540368
36522,tecnocasa,211420.0,341.0,,Hammamet,Cap Bon,,Hammamet,Sale,Land,36.4219,10.6546,Libre|Terrain habitation ind.|Moyen standing,90,HIGH,1.5,False,False,unchanged,,620.0,2026-03-27T14:16:07.297089
newkey_130640,newkey,1150.0,,,Immeuble,BEN AROUS,north,Ben Arous,Rent,Villa,36.745,10.225,5 appartements|garage|meuble,45,LOW,0.5,False,False,new,,,2026-03-27T13:39:20.796871
newkey_97511,newkey,385000.0,,,Appartement,Tunisia,,,Sale,Apartment,36.40107,10.6124745,balcon|chambres à coucher|cuisine équipée|parking|place de parking|salle de bain|salon,45,LOW,0.5,False,False,unchanged,0.0,,2026-03-27T13:09:32.352734
50621,tecnocasa,805000.0,236.0,,Hammamet,Cap Bon,,Hammamet,Sale,Villa,36.410401741136404,10.576821951459412,Libre|Villa Individuelle|Haut standing,90,HIGH,1.5,False,False,unchanged,0.0,3411.02,2026-03-27T14:20:27.099107
48225,tecnocasa,640000.0,180.0,,Hammamet,Cap Bon,,Hammamet,Sale,Apartment,36.3999,10.5653,Libre|S+2|Haut standing,90,HIGH,1.5,False,False,unchanged,0.0,3555.56,2026-03-27T14:19:07.869880
49149,tecnocasa,151740.0,281.0,,Hammamet,Cap Bon,,Hammamet,Sale,Land,36.4329,10.6753,Libre|Terrain agricole|Haut standing,90,HIGH,1.5,False,False,unchanged,0.0,540.0,2026-03-27T14:16:57.647738
48424,tecnocasa,450000.0,116.0,,Hammamet,Cap Bon,,Hammamet,Sale,Apartment,36.3746,10.5356,Libre|S+3|Haut standing,90,HIGH,1.5,False,False,unchanged,0.0,3879.31,2026-03-27T14:18:48.654818
44766,tecnocasa,475000.0,130.0,,Hammamet,Cap Bon,,Hammamet,Sale,Apartment,36.4004,10.565,Libre|S+2|Haut standing,90,HIGH,1.5,False,False,unchanged,0.0,3653.85,2026-03-27T14:19:00.471552
44855,tecnocasa,2300000.0,2200.0,,Hammamet,Cap Bon,,Hammamet,Sale,Land,36.3997,10.566,Libre|Villa Individuelle|Moyen standing,70,GOOD,1.0,True,False,unchanged,0.0,1045.45,2026-03-27T14:20:59.555864
45473,tecnocasa,320000.0,100.0,,Hammamet,Cap Bon,,Hammamet,Sale,Apartment,36.4035,10.5577,Libre|S+2|Haut standing,90,HIGH,1.5,False,False,unchanged,0.0,3200.0,2026-03-27T14:18:19.484955
45572,tecnocasa,320000.0,120.0,,Hammamet,Cap Bon,,Hammamet,Sale,Apartment,36.3945,10.554,Libre|S+2|Haut standing,90,HIGH,1.5,False,False,unchanged,0.0,2666.67,2026-03-27T14:18:55.686850
47114,tecnocasa,820000.0,337.0,,Hammamet,Cap Bon,,Hammamet,Sale,Villa,36.4212,10.6556,Climatisation|Chauffage|Jardin|Libre|Villa jumelée|Haut standing,90,HIGH,1.5,False,False,unchanged,0.0,2433.23,2026-03-27T14:20:40.574728
44683,tecnocasa,210000.0,350.0,,Hammamet,Cap Bon,,Hammamet,Sale,Land,36.41900174113641,10.601221942817283,Libre|Terrain agricole|Haut standing,90,HIGH,1.5,False,False,unchanged,0.0,600.0,2026-03-27T14:16:45.460481
55512,tecnocasa,600000.0,165.0,,Hammamet,Cap Bon,,Hammamet,Sale,Apartment,36.3985,10.5594,Climatisation|Jardin|Libre|S+3|Haut standing,90,HIGH,1.5,False,False,unchanged,0.0,3636.36,2026-03-27T14:18:36.807778
53911,tecnocasa,730000.0,410.0,,Hammamet,Cap Bon,,Hammamet,Sale,Land,36.40160174113642,10.606521960298718,Libre|Terrain habitation ind.|Haut standing,90,HIGH,1.5,False,False,unchanged,0.0,1780.49,2026-03-27T14:16:33.942919
52899,tecnocasa,146000.0,248.0,,Hammamet,Cap Bon,,Hammamet,Sale,Land,36.41100174113642,10.61262195085659,Libre|Terrain agricole|Haut standing,90,HIGH,1.5,False,False,unchanged,0.0,588.71,2026-03-27T14:16:39.297607
56075,tecnocasa,540000.0,270.0,2,Hammamet,Cap Bon,,Hammamet,Sale,Land,36.4171,10.6518,Libre|Villa Individuelle|Moyen standing,100,HIGH,1.5,False,False,unchanged,0.0,2000.0,2026-03-27T14:20:31.453665
51464,tecnocasa,320000.0,77.0,,Hammamet,Cap Bon,,Hammamet,Sale,Apartment,36.3993,10.5699,Libre|S+1|Haut standing,90,HIGH,1.5,False,False,unchanged,0.0,4155.84,2026-03-27T14:18:30.792736
54655,tecnocasa,440000.0,367.0,,Hammamet,Cap Bon,,Hammamet,Sale,Villa,36.4113,10.5599,Libre|Villa Individuelle|Moyen standing,90,HIGH,1.5,False,False,unchanged,0.0,1198.91,2026-03-27T14:20:47.672411
50956,tecnocasa,540000.0,137.0,,Hammamet,Cap Bon,,Hammamet,Sale,Commercial,36.4154,10.6532,Climatisation|Ascenseur|Chauffage|Jardin|Libre|S+2|Haut standing,90,HIGH,1.5,False,False,unchanged,0.0,3941.61,2026-03-27T14:17:50.205772
55494,tecnocasa,435000.0,131.0,,Hammamet,Cap Bon,,Hammamet,Sale,Apartment,36.4236,10.666,Climatisation|Chauffage|Libre|S+2|Moyen standing,90,HIGH,1.5,False,False,unchanged,0.0,3320.61,2026-03-27T14:17:54.530119
52712,tecnocasa,620000.0,215.0,,Hammamet,Cap Bon,,Hammamet,Sale,Land,36.408001741136424,10.582621953870513,Libre|Villa Individuelle|Haut standing,90,HIGH,1.5,False,False,unchanged,0.0,2883.72,2026-03-27T14:20:19.735919
51182,tecnocasa,1200000.0,659.0,,Hammamet,Cap Bon,,Hammamet,Sale,Land,36.3882,10.5499,Libre|Villa Individuelle|Ancien,90,HIGH,1.5,False,False,unchanged,0.0,1820.94,2026-03-27T14:20:53.923103
61923,tecnocasa,685000.0,203.0,,Hammamet,Cap Bon,,Hammamet,Sale,Villa,36.410701741136435,10.573821951158003,Libre|Villa jumelée|Haut standing,90,HIGH,1.5,False,False,unchanged,,3374.38,2026-03-27T14:19:57.490054
61496,tecnocasa,152000.0,152.0,,Hammamet,Cap Bon,,Hammamet,Sale,Land,36.410701741136435,10.576521951158004,Libre|Terrain agricole|Haut standing,90,HIGH,1.5,False,False,unchanged,0.0,1000.0,2026-03-27T14:16:17.921194
61034,tecnocasa,225000.0,340.0,,Hammamet,Cap Bon,,Hammamet,Sale,Land,36.435,10.6735,Libre|Terrain agricole|Haut standing,90,HIGH,1.5,False,False,unchanged,0.0,661.76,2026-03-27T14:17:09.482141
60194,tecnocasa,1050000.0,440.0,,Hammamet,Cap Bon,,Hammamet,Sale,Villa,36.4211017411364,10.603021940706437,Libre|Villa jumelée|Haut standing,90,HIGH,1.5,False,False,unchanged,0.0,2386.36,2026-03-27T14:20:02.280833
56466,tecnocasa,1050000.0,280.0,,Hammamet,Cap Bon,,Hammamet,Sale,Land,36.406701741136416,10.577221955176405,Libre|Villa Individuelle|Haut standing,70,GOOD,1.0,True,False,unchanged,0.0,3750.0,2026-03-27T14:20:15.982623
57451,tecnocasa,860000.0,603.0,,Hammamet,Cap Bon,,Hammamet,Sale,Land,36.4146,10.653,Climatisation|Chauffage|Libre|Villa Individuelle|Moyen standing,90,HIGH,1.5,False,False,unchanged,,1426.2,2026-03-27T14:19:45.385515
57915,tecnocasa,460000.0,120.0,,Hammamet,Cap Bon,,Hammamet,Sale,Apartment,36.4232,10.6663,Climatisation|Ascenseur|Chauffage|Libre|S+2|Haut standing,90,HIGH,1.5,False,False,unchanged,0.0,3833.33,2026-03-27T14:18:00.687746
62152,tecnocasa,750000.0,230.0,,Hammamet,Cap Bon,,Hammamet,Sale,Villa,36.40380174113643,10.63242195808925,Climatisation|Chauffage|Jardin|Libre|Villa jumelée|Haut standing,90,HIGH,1.5,False,False,unchanged,,3260.87,2026-03-27T14:19:33.473794
62150,tecnocasa,580000.0,200.0,,Hammamet,Cap Bon,,Hammamet,Sale,Villa,36.40600174113643,10.587821955879544,Libre|Villa Individuelle|Haut standing,90,HIGH,1.5,False,False,unchanged,,2900.0,2026-03-27T14:19:52.288759
58265,tecnocasa,858000.0,858.0,,Hammamet,Cap Bon,,Hammamet,Sale,Land,36.406701741136416,10.577721955176406,Libre|Terrain agricole|Haut standing,90,HIGH,1.5,False,False,unchanged,0.0,1000.0,2026-03-27T14:16:28.203587
64090,tecnocasa,162000.0,186.0,,Hammamet,Cap Bon,,Hammamet,Sale,Land,36.40720174113642,10.604321954674147,Libre|Terrain agricole|Haut standing,90,HIGH,1.5,False,False,unchanged,,870.97,2026-03-27T14:15:52.026353
63958,tecnocasa,230100.0,354.0,,Hammamet,Cap Bon,,Hammamet,Sale,Land,36.4105,10.6369,Libre|Terrain agricole|Moyen standing,90,HIGH,1.5,False,False,unchanged,,650.0,2026-03-27T14:15:58.870989
64606,tecnocasa,200000.0,78.0,3,Hammamet,Cap Bon,,Hammamet,Sale,Apartment,36.39710174113643,10.617021964817335,Libre|S+1|Moyen standing,100,HIGH,1.5,False,False,unchanged,,2564.1,2026-03-27T14:17:31.250582
64617,tecnocasa,370600.0,436.0,,Hammamet,Cap Bon,,Hammamet,Sale,Land,36.40760174113642,10.604321954272333,Libre|Terrain agricole|Haut standing,90,HIGH,1.5,False,False,unchanged,,850.0,2026-03-27T14:15:39.469913
64421,tecnocasa,138000.0,200.0,,Hammamet,Cap Bon,,Hammamet,Sale,Land,36.4223,10.6508,Libre|Terrain agricole|Moyen standing,90,HIGH,1.5,False,False,unchanged,,690.0,2026-03-27T14:15:45.729898
64615,tecnocasa,1250000.0,320.0,,Hammamet,Cap Bon,,Hammamet,Sale,Villa,36.40720174113642,10.59222195467415,Libre|Villa Individuelle|Haut standing,90,HIGH,1.5,False,False,unchanged,,3906.25,2026-03-27T14:19:39.497086
62463,tecnocasa,430000.0,130.0,3,Hammamet,Cap Bon,,Hammamet,Sale,Apartment,36.404401741136425,10.586721957486626,Ascenseur|Libre|S+3|Moyen standing,100,HIGH,1.5,False,False,unchanged,,3307.69,2026-03-27T14:17:43.469039
62260,tecnocasa,157000.0,157.0,,Hammamet,Cap Bon,,Hammamet,Sale,Land,36.403101741136425,10.62652195879229,Libre|Terrain agricole|Haut standing,90,HIGH,1.5,False,False,unchanged,,1000.0,2026-03-27T14:16:12.530446
62625,tecnocasa,315000.0,130.0,,Hammamet,Cap Bon,,Hammamet,Sale,Apartment,36.4325,10.6853,Ascenseur|Libre|S+2|Moyen standing,90,HIGH,1.5,False,False,unchanged,,2423.08,2026-03-27T14:17:36.330225
62155,tecnocasa,320000.0,543.0,,Hammamet,Cap Bon,,Hammamet,Sale,Land,36.41390174113642,10.614021947942708,Libre|Terrain agricole|Haut standing,90,HIGH,1.5,False,False,unchanged,,589.32,2026-03-27T14:15:25.386607
64726,tecnocasa,222300.0,234.0,,Hammamet,Cap Bon,,Hammamet,Sale,Land,36.4194,10.6532,Libre|Terrain habitation ind.|Haut standing,90,HIGH,1.5,False,False,unchanged,,950.0,2026-03-27T14:15:31.840813
tunisieannonce_020b8df56b3a,tunisieannonce,300000.0,7000.0,,Diar Ben Salem,TUNIS,north,Jebel Jelloud,Sale,Land,36.7667,10.1833,cloture|equipement|ferme|oliviers,65,GOOD,1.0,True,False,new,,,2026-03-27T15:38:43.778844
tunisieannonce_01cf564d2b12,tunisieannonce,291000.0,485.0,,Chatt Meriem,TUNIS,north,Jebel Jelloud,Sale,Land,36.7667,10.1833,clôturé|terrain|zone des villas,90,HIGH,1.5,False,False,unchanged,0.0,600.0,2026-03-26T17:52:12.418775
tunisieannonce_01bbd5782b56,tunisieannonce,1000.0,2026.0,,El Menzah 9,TUNIS,north,El Menzah,Rent,Apartment,36.8528,10.1703,balcon|chambre à coucher|dressing intégrés|environnement sécurisé|haut standing|kitchenette bien équipée|parking|place de parking sous sol|salle de bain moderne avec douche à l'italienne|salon lumineux,70,GOOD,1.0,True,False,unchanged,0.0,0.49,2026-03-27T14:57:26.459431
tunisieannonce_00b5d39933da,tunisieannonce,170000.0,200.0,,Denden,TUNIS,north,Jebel Jelloud,Sale,Land,36.7667,10.1833,titre individuel,80,GOOD,1.0,False,False,unchanged,0.0,850.0,2026-03-26T23:43:01.738920
tunisieannonce_0102efdce75b,tunisieannonce,750.0,40.0,1.0,El Manar 1,TUNIS,north,Jebel Jelloud,Rent,Other,36.7667,10.1833,40m|meuble|s0 meublé,100,HIGH,1.5,False,False,unchanged,0.0,18.75,2026-03-26T15:48:08.300657
tunisieannonce_018a3fc4f286,tunisieannonce,1100.0,170.0,3.0,El Manar 2,TUNIS,north,Jebel Jelloud,Rent,Apartment,36.7667,10.1833,ascenseur|chambre à coucher|chauffage central|cuisine|parking|parking avec abri|salle de bain commune|séchoir|terrasse,90,HIGH,1.5,False,False,unchanged,0.0,6.47,2026-03-26T23:16:36.578673
tunisieannonce_00f93567485c,tunisieannonce,1700.0,70.0,2.0,Cite Ennasr 1,TUNIS,north,Jebel Jelloud,Rent,Apartment,36.7667,10.1833,courte durée|meuble|studios meublés,90,HIGH,1.5,False,False,new,,24.29,2026-03-27T15:21:23.268582
tunisieannonce_01872a2d0cba,tunisieannonce,52000.0,3000.0,,Montplaisir,TUNIS,north,Jebel Jelloud,Rent,Commercial,36.7667,10.1833,1er au 4e étage : chaque niveau comprend une dizaine de pièces de bureaux de différentes superficies|ascenseur|climatisation|climatisation en système split|deux blocs sanitaires|deux grandes salles|double ascenseur|hall de réception|kitchenette par étage|meuble|quatre pièces supplémentaires|sous-sol|système de surveillance,75,GOOD,1.0,True,False,new,,,2026-03-27T14:53:57.290896
tunisieannonce_01454f26106a,tunisieannonce,2700.0,140.0,1.0,Zone Urbaine Nord,TUNIS,north,Jebel Jelloud,Sale,Commercial,36.7667,10.1833,h+4|ifm|lac,80,GOOD,1.0,True,False,new,,19.29,2026-03-27T14:36:51.121376
tunisieannonce_049bf41cd95f,tunisieannonce,144760.0,658.0,,Hergla,TUNIS,north,Hergla,Sale,Land,36.0333,10.5,clôturé|l'eau|lotissement|privé|terrain|titre individuel|électricité,90,HIGH,1.5,False,False,unchanged,0.0,220.0,2026-03-27T14:43:08.031610
tunisieannonce_02869ae2f422,tunisieannonce,13000.0,200.0,,Ezzahra,TUNIS,north,Ezzahra,Sale,Commercial,36.743,10.308,bureaux|centre de formation|large space|local commercial|open space|salle de sport|showroom|strategic location,90,HIGH,1.5,False,False,unchanged,0.0,65.0,2026-03-26T16:06:54.871382
tunisieannonce_0551a4c56a15,tunisieannonce,700.0,,,Oued Ellil,TUNIS,north,Oued Ellil,Sale,Other,36.8311,10.0347,immeuble bien entretenu|jour et nuit|meuble|neufs,30,LOW,0.5,True,False,unchanged,0.0,,2026-03-26T23:38:06.193754
tunisieannonce_03fb719ffd85,tunisieannonce,1600.0,140.0,2.0,La Soukra,TUNIS,north,La Soukra,Rent,Apartment,36.885212,10.245301,haut standing|parking|chauffage central|climatisation|meuble|ascenseur,90,HIGH,1.5,False,False,unchanged,0.0,11.43,2026-03-26T23:17:58.922198
tunisieannonce_03f04c96da22,tunisieannonce,28000.0,290.0,,Residence Ellissa,TUNIS,north,Jebel Jelloud,Sale,Land,36.7667,10.1833,eau|électricité,80,GOOD,1.0,False,False,unchanged,0.0,96.55,2026-03-26T23:44:06.826838
tunisieannonce_050aa74957c5,tunisieannonce,1400.0,60.0,1.0,Chotrana 1,TUNIS,north,Jebel Jelloud,Rent,Apartment,36.7667,10.1833,chambre à coucher avec dressing|cuisine aménagée et équipée|parking|place parking sous-sol|salle de douche|salon,90,HIGH,1.5,False,False,new,,23.33,2026-03-27T14:53:40.403246
tunisieannonce_0468be769d64,tunisieannonce,860.0,120.0,4.0,El Mourouj,TUNIS,north,El Mourouj,Rent,Apartment,36.7405,10.2042,chauffage central|climatisation|climatiseur|elevator|heating central|parking|place de parking,85,HIGH,1.5,False,False,new,,7.17,2026-03-26T23:22:29.826371
tunisieannonce_0464164d707f,tunisieannonce,65000.0,500.0,,Mornaguia,TUNIS,north,Mornaguia,Sale,Land,36.7833,9.95,raccordements|surface_area|terrain|viabilisé,90,HIGH,1.5,False,False,new,,130.0,2026-03-27T16:07:47.650617
tunisieannonce_0451ce3c3af2,tunisieannonce,170000.0,100.0,2.0,El Mourouj,TUNIS,north,El Mourouj,Sale,Apartment,36.7405,10.2042,chauffage central|cuisine|salle de bain|salon|séchoir|trois chambres à coucher,100,HIGH,1.5,False,False,new,,1700.0,2026-03-27T15:39:09.354261
tunisieannonce_0307b3044753,tunisieannonce,630000.0,383.0,,Hammam Sousse,TUNIS,north,Hammam Sousse,Sale,Land,35.8592,10.59,documents fournis : titre individeul|hammem|plage|r+2|terrain|vocation,90,HIGH,1.5,False,False,unchanged,0.0,1644.91,2026-03-26T23:12:30.207299
tunisieannonce_0832fb265089,tunisieannonce,2500.0,120.0,2.0,Ezzahra,TUNIS,north,Ezzahra,Rent,Apartment,36.743,10.308,chauffer / climatiser|climatisation|hygiène et propreté|meuble|proche de toute commodité|richement meublé|résidence sécuriser et gardée,90,HIGH,1.5,False,False,unchanged,0.0,20.83,2026-03-26T18:18:00.878238
tunisieannonce_061503a8a58b,tunisieannonce,290000.0,80.0,2.0,Jardins D'El Menzah,TUNIS,north,El Menzah,Sale,Commercial,36.8528,10.1703,jardin,90,HIGH,1.5,False,False,unchanged,0.0,3625.0,2026-03-27T15:06:52.750023
tunisieannonce_05abb1207076,tunisieannonce,1230.0,948.0,,Sidi Daoud,TUNIS,north,Jebel Jelloud,Sale,Land,36.7667,10.1833,indivi r+2|route principale|terrain|titre foncier urbaine,70,GOOD,1.0,True,False,new,,1.3,2026-03-27T15:45:20.945168
tunisieannonce_075a905d57da,tunisieannonce,90000.0,100.0,4.0,Bab El Jazira,TUNIS,north,Jebel Jelloud,Sale,Apartment,36.7667,10.1833,2 chambres|salon,95,HIGH,1.5,False,False,unchanged,0.0,900.0,2026-03-26T23:37:20.423898
tunisieannonce_06afe10695cb,tunisieannonce,255000.0,88.0,3.0,Cite Ennasr 1,TUNIS,north,Jebel Jelloud,Sale,Apartment,36.7667,10.1833,mezzanine|parking|place de parking sous-sol|residence sécurisée,100,HIGH,1.5,False,False,new,,2897.73,2026-03-27T15:37:46.718097
tunisieannonce_067e0d0fa300,tunisieannonce,340000.0,275.0,3.0,Cite Touristique,TUNIS,north,Jebel Jelloud,Sale,Land,36.7667,10.1833,2 grandes chambres|compteurs délectricité|cuisine spacieuse bien équipée|dossier foncier réglé|entrée de deux voitures|grand salon|grand terrasse gazonné|jardin|jardin gazonné|parking|piscine|piscine de 8/4m|places parkings|proche de toute commodité nécessaire|salle à manger|salles d'eau|surface couverte de 150m2|système d'alarmes|terrain de 275m2|terrasse|villa neuve,100,HIGH,1.5,False,False,unchanged,0.0,1236.36,2026-03-26T18:05:48.105017
tunisieannonce_076d584afc2e,tunisieannonce,157000.0,231.0,,Hammam Lif,TUNIS,north,Hammam Lif,Sale,Land,36.728,10.336,autorisation de construction|bien desservi|calme|constructible|deux façades|hamam|lif|plan de morcellement approuvé|quartier résidentiel|r+2|situation juridique claire|surface|terrain,100,HIGH,1.5,False,False,unchanged,0.0,679.65,2026-03-26T16:18:31.941647
tunisieannonce_05590d78d04b,tunisieannonce,157500.0,328.0,,Borj Cedria,TUNIS,north,Jebel Jelloud,Sale,Land,36.7667,10.1833,328 m2|accès direct à la plage|façade orientée vers le nord|prêt pour la construction|terrain résidentiel viabilisé|titre foncier individuel|vocation r+2|zone touristique soliman-plage iv,100,HIGH,1.5,False,False,unchanged,0.0,480.18,2026-03-26T15:49:09.761100
tunisieannonce_085b1b09cab7,tunisieannonce,980.0,85.0,1.0,El Aouina,TUNIS,north,Jebel Jelloud,Rent,Apartment,36.7667,10.1833,chambre à coucher|chauffage central|cuisine bien équipée|jardin|salle de bain|salon avec balcon|séchoir,90,HIGH,1.5,False,False,new,,11.53,2026-03-27T16:01:49.439560
tunisieannonce_06916d8a19c1,tunisieannonce,1800.0,70.0,2.0,Cite Ennasr 2,TUNIS,north,Jebel Jelloud,Rent,Apartment,36.7667,10.1833,meuble|short-term rental|studios meublé,85,HIGH,1.5,False,False,new,,25.71,2026-03-27T15:21:55.226658
tunisieannonce_08fa04fdd058,tunisieannonce,900.0,60.0,1.0,Riadh Landlous,TUNIS,north,Jebel Jelloud,Rent,Commercial,36.7667,10.1833,chambre à coucher|kitchenette équipée|salle de bain|salon spacieux,90,HIGH,1.5,False,False,unchanged,0.0,15.0,2026-03-26T17:41:34.198882
tunisieannonce_099577accd09,tunisieannonce,650000.0,170.0,3.0,Jardins De Carthage,TUNIS,north,Carthage,Sale,Apartment,36.8536,10.3256,appartement s+3|balcon|chauffage central|climatisation|climatisation en split|cuisine équipée|deux chambres à coucher|dressing|jardin|parking|place de parking au sous-sol|salle de bain commune|salle de douche|salle deau invités|sechoir|suite parentale|surface de 170m²|sécurité,100,HIGH,1.5,False,False,new,,3823.53,2026-03-27T15:17:18.362489
tunisieannonce_08a0f3a06940,tunisieannonce,175000.0,400.0,,Bir Mcherga,TUNIS,north,Bir Mcherga,Sale,Land,36.5167,10.0,fertile|papier en règle|possibilité de forage|terrain nu,100,HIGH,1.5,False,False,unchanged,0.0,437.5,2026-03-26T16:31:48.159695
tunisieannonce_08e2b11e60a7,tunisieannonce,62500.0,700.0,2.0,El Charguia,TUNIS,north,Jebel Jelloud,Rent,Commercial,36.7667,10.1833,1st and 2nd floors shared in two blocks of 720 m² and 525 m²|3 levels|airport proximity|central air conditioning|climatisation|comforts|department of 720 m²|double-height reception hall|location|meuble|modulable office spaces|modulable rooms with varying sizes|network cabling|open space of 490 m²|parking|parking spaces 40|surface area 3700 m²|transport access|two blocks of sanitary facilities|usage of offices,75,GOOD,1.0,True,False,new,,89.29,2026-03-27T14:33:21.239039
tunisieannonce_09b1bae71919,tunisieannonce,1100.0,65.0,1.0,Cite Ennasr,TUNIS,north,Jebel Jelloud,Rent,Apartment,36.7667,10.1833,ascenseur|balcony|bedroom with dressing|cellar|chauffage central|climatisation|haut standing|heating central|parking|shower|spacious studio|well-equipped kitchen,90,HIGH,1.5,False,False,unchanged,0.0,16.92,2026-03-26T17:55:57.719586
tunisieannonce_0935bc5caeae,tunisieannonce,700.0,70.0,2.0,El Mourouj,TUNIS,north,El Mourouj,Rent,Apartment,36.7405,10.2042,balcon|chambres|commodité|cuisine équipée|salle d'appart|salon|séchoir,90,HIGH,1.5,False,False,new,,10.0,2026-03-27T16:19:23.035338
tunisieannonce_094c6596b3bd,tunisieannonce,400000.0,200.0,3.0,El Kantaoui,TUNIS,north,Jebel Jelloud,Sale,Apartment,36.7667,10.1833,cuisine|hamam|haut standing|salle de bain|terrasse|titre foncier,95,HIGH,1.5,False,False,new,,2000.0,2026-03-27T16:16:12.443217
tunisieannonce_0914a8decb29,tunisieannonce,1280.0,140.0,1.0,Ariana,TUNIS,north,Ariana Ville,Rent,Apartment,36.866011,10.193923,ascenseur|chauffage central|elevator|parking|spacious apartment,90,HIGH,1.5,False,False,new,,9.14,2026-03-26T23:25:30.049522
tunisieannonce_088e727d9b40,tunisieannonce,950000.0,350.0,1.0,Kheireddine Pacha,TUNIS,north,Jebel Jelloud,Sale,Other,36.7667,10.1833,administrative|commercial|façade 10 mètres|local|meuble|rez-de-chaussée|surface 300 m²|terrasse|terrasse 40 m²,80,GOOD,1.0,True,False,new,,2714.29,2026-03-27T15:52:12.607598
tunisieannonce_096bdeceadb3,tunisieannonce,55000.0,500.0,,Borj Ennour,TUNIS,north,Jebel Jelloud,Sale,Land,36.7667,10.1833,option 1 vente de 500 m2 la totalité ou partiellement|pour 2 villas de chaque coté|proche de la route principale tunis béja|surface 500 m2|terrain clôturé|terrain peut être divisé entre 2 acheteurs,100,HIGH,1.5,False,False,unchanged,0.0,110.0,2026-03-26T15:22:47.774498
tunisieannonce_0b901f8d21f3,tunisieannonce,2400.0,2026.0,3.0,Cite Ennasr 2,TUNIS,north,Jebel Jelloud,Rent,Apartment,36.7667,10.1833,3 bedrooms|air conditioning|appartment s+3|bathroom|calme and very well secured|central heating|chauffage central|climatisation|equipped|fully furnished|haut standing|large salon|meuble|modern kitchen|parentale bedroom|parking|private parking|residence high standing|residentiel chic|sechoir|security & calm|shower room|vast balcony,90,HIGH,1.5,False,False,unchanged,0.0,1.18,2026-03-26T23:47:28.703178
tunisieannonce_0ac6c48c3159,tunisieannonce,1000.0,100.0,2.0,Borj El Baccouche,TUNIS,north,Jebel Jelloud,Rent,Other,36.7667,10.1833,2ème étage|commodité|meuble|semi meublé,85,HIGH,1.5,False,False,new,,10.0,2026-03-27T16:00:15.099764
tunisieannonce_0a9a62902297,tunisieannonce,12000.0,700.0,7.0,El Menzah 1,TUNIS,north,El Menzah,Rent,Commercial,36.8528,10.1703,climatisation|climatisation en split chaud/froid|deux bureaux|deux open-space|deux salles d'eaux h/f|factures steg et sonede y compris le loyer|garage|grand espace accueil|grand jardin|immeuble bureautique meublé|jardin|meuble|open-space|quartier calme et sécurise|surface totale 700m²|terrasse|une kitchenette,90,HIGH,1.5,False,False,new,,17.14,2026-03-26T23:06:59.872346
tunisieannonce_0b29a922f73c,tunisieannonce,420000.0,200.0,5.0,Marsa Erriadh,TUNIS,north,Jebel Jelloud,Sale,Villa,36.7667,10.1833,3 chambres|balcon|chambre|cuisine|entrée indépendante|grand salon|salle de bain|suite parentale,100,HIGH,1.5,False,False,new,,2100.0,2026-03-27T15:34:26.189730
tunisieannonce_0a57727d2877,tunisieannonce,2100.0,,1.0,Cite Du Stade,TUNIS,north,Jebel Jelloud,Rent,Apartment,36.7667,10.1833,chauffage|climatisation|cuisine équipée|dressing|four|hotte|parking|place|plaque|salles de douche|salon|sous sol|trois chambres à coucher,85,HIGH,1.5,False,False,unchanged,0.0,,2026-03-27T14:39:01.685532
tunisieannonce_0ba75e2afce2,tunisieannonce,1900.0,140.0,,Montplaisir,TUNIS,north,Jebel Jelloud,Sale,Commercial,36.7667,10.1833,2h+5|ascenseur|cinq pièces|climatisation|climatisation chaud froid|deux hall|deux places de parking|deux toilettes|gardiennage|immeuble bureautique|meuble|parking|prix de location : 1900 dinars hors retenu|syndic,80,GOOD,1.0,True,False,unchanged,0.0,13.57,2026-03-26T16:05:41.476431
tunisieannonce_0a325feecb2c,tunisieannonce,3700.0,150.0,3.0,Marsa Ennassim,TUNIS,north,Jebel Jelloud,Rent,Apartment,36.7667,10.1833,acces facile|ascenseur|chauffage central|climatisation|cuisine|lave-vaisselle|parking|places parking sous sol|quartier calme|salle d'eau|salle de bain|salon|suites parentales|sécurité|terrasse,90,HIGH,1.5,False,False,unchanged,0.0,24.67,2026-03-26T17:56:45.289105
tunisieannonce_0aec81343423,tunisieannonce,650000.0,741.0,,Hergla,TUNIS,north,Hergla,Sale,Land,36.0333,10.5,construction d'immeuble|meuble|plage|terrain|titre individuel|villa,100,HIGH,1.5,False,False,unchanged,0.0,877.19,2026-03-26T16:08:29.326648
tunisieannonce_0b2f19989bcf,tunisieannonce,100580.0,214.0,,Akouda,TUNIS,north,Akouda,Sale,Land,35.8667,10.5667,documents fournis : papiers en régle|proximité de toutes commodités|terrain|zone des villas,90,HIGH,1.5,False,False,unchanged,0.0,470.0,2026-03-26T23:32:25.846862
tunisieannonce_0aa186455012,tunisieannonce,3100.0,180.0,3.0,Berge Du Lac,TUNIS,north,Jebel Jelloud,Rent,Apartment,36.7667,10.1833,chauffage central|climatisation|cuisine équipée|deux chambres à coucher|douche|dressings|parking|places de parking sous-sol|salle d'eau invités|salle de bain|salon|sejour|suite parentale,90,HIGH,1.5,False,False,new,,17.22,2026-03-27T16:17:16.203377
tunisieannonce_0bd0d4593dbf,tunisieannonce,692250.0,65.0,,Cebalet Ben Ammar,TUNIS,north,Jebel Jelloud,Sale,Land,36.7667,10.1833,electricity|title|water|شهادة ملكية,65,GOOD,1.0,True,False,new,,10650.0,2026-03-27T16:06:48.091905
tunisieannonce_0c7abdcdf32c,tunisieannonce,2000.0,,1.0,Marsa Safsaf,TUNIS,north,Jebel Jelloud,Rent,Villa,36.7667,10.1833,chambre à coucher|cuisine américaine|meuble|meublé|newkey la marsa|s+1|salle d'eau|salle à manger|salon|souplex,85,HIGH,1.5,False,False,unchanged,0.0,,2026-03-26T23:33:46.039033
tunisieannonce_0cb5f0564ed4,tunisieannonce,1500.0,70.0,1.0,Ain Zaghouan,TUNIS,north,Zaghouan,Rent,Apartment,36.4025,10.1431,balcon|chambre à coucher|cuisine américaine|patio|s+1|salle d'eau avec douche,90,HIGH,1.5,False,False,unchanged,0.0,21.43,2026-03-26T23:12:55.685655
tunisieannonce_0c9aeddd5593,tunisieannonce,3800.0,2026.0,2.0,Marsa Ennassim,TUNIS,north,Jebel Jelloud,Rent,Apartment,36.7667,10.1833,cellier|cuisine bien equipée|parking|place de parking au sous sol|s+2|salle d'eau pour les invités|salon salle à manger|suites parentale,90,HIGH,1.5,False,False,unchanged,0.0,1.88,2026-03-26T23:34:13.019076
tunisieannonce_0c0c6db28f6c,tunisieannonce,690000.0,345.0,3.0,Riadh Landlous,TUNIS,north,Jebel Jelloud,Sale,Land,36.7667,10.1833,1er étage : 120 m²|2 façades|jardin|rez-de-chaussée : 130 m²|rez-de-jardin : 150 m²|superficie bâtie : 400 m²|terrain : 345 m²|villa inachevée|vue panoramique imprenable,100,HIGH,1.5,False,False,new,,2000.0,2026-03-27T16:19:58.188351
tunisieannonce_0c4ddb8a49d7,tunisieannonce,235000.0,105.0,3.0,El Aouina,TUNIS,north,Jebel Jelloud,Sale,Apartment,36.7667,10.1833,ascenseur|balcon|cuisine équipée d'une cuisinière et d'une hotte aspirante complétée par un séchoir|deux chambres à coucher dont une avec un dressing|grand placard de rangement|jardin|parking|parking disponible au sous-sol|salle de bain|spacious s plus deux,100,HIGH,1.5,False,False,unchanged,0.0,2238.1,2026-03-26T18:00:31.178693
tunisieannonce_0d2a534e8c8f,tunisieannonce,1400.0,800.0,3.0,Hammam Sousse,TUNIS,north,Hammam Sousse,Sale,Land,35.8592,10.59,garage|hammem sousse|haut standing|jardin|jardin arboré|r+1|villa,80,GOOD,1.0,True,False,new,,1.75,2026-03-27T14:43:16.224871
tunisieannonce_0c3e1beb1853,tunisieannonce,175000.0,700.0,,Cebalet Ben Ammar,TUNIS,north,Jebel Jelloud,Sale,Land,36.7667,10.1833,electricity|water,95,HIGH,1.5,False,False,unchanged,0.0,250.0,2026-03-26T16:34:00.518382
tunisieannonce_0bc260983e98,tunisieannonce,2500.0,660.0,1.0,Caid Mhamed,TUNIS,north,Jebel Jelloud,Rent,Land,36.7667,10.1833,3 rues|centre-ville|compteur électricité|force est|jardin|terrain|villa,90,HIGH,1.5,False,False,new,,3.79,2026-03-27T15:58:45.365278
tunisieannonce_0ce10763a4f8,tunisieannonce,145000.0,170.0,2.0,Hammamet,TUNIS,north,Hammamet,Sale,Other,36.4,10.6167,av 2 garages commerciale|compteur d'eau|compteurs d'électricité|garage|route goudronné|surface: 170m,100,HIGH,1.5,False,False,new,,852.94,2026-03-27T14:25:38.671889
tunisieannonce_0de6d4dfd3fe,tunisieannonce,430000.0,280.0,3.0,Ksar Said,TUNIS,north,Jebel Jelloud,Sale,Villa,36.7667,10.1833,3 bedrooms|bathroom|entrance for car|kitchen|possibility of building a second floor|roof access stairs|salon|terrace|terrasse|two floors|villa,95,HIGH,1.5,False,False,unchanged,0.0,1535.71,2026-03-26T23:15:33.542227
tunisieannonce_0e90bb491bab,tunisieannonce,1700.0,70.0,2.0,Cite Ennasr 1,TUNIS,north,Jebel Jelloud,Rent,Apartment,36.7667,10.1833,furnished|haut standing|high standing|meuble|short-term rental|studio,90,HIGH,1.5,False,False,unchanged,0.0,24.29,2026-03-26T18:16:07.827130
tunisieannonce_0eaf86ad1fa5,tunisieannonce,750.0,90.0,2.0,Zone Urbaine Nord,TUNIS,north,Jebel Jelloud,Sale,Apartment,36.7667,10.1833,bien sécurisé|haut standing|meuble|meublé,75,GOOD,1.0,True,False,new,,8.33,2026-03-27T15:19:16.369963
tunisieannonce_0e4757926032,tunisieannonce,519000.0,154.0,,Chatt Meriem,TUNIS,north,Jebel Jelloud,Sale,Land,36.7667,10.1833,chott-meriem|gp1|ksour gharnata|negotiable|surface|terrain|voie principale,90,HIGH,1.5,False,False,unchanged,0.0,3370.13,2026-03-26T23:35:51.367741
tunisieannonce_0e87dba4f25d,tunisieannonce,980000.0,530.0,,Cite Ennasr 2,TUNIS,north,Jebel Jelloud,Sale,Land,36.7667,10.1833,530 m2|proches de toutes commodités|quartier résidentiel|terrain|titre individuel en règle,90,HIGH,1.5,False,False,unchanged,0.0,1849.06,2026-03-26T18:22:07.816369
tunisieannonce_0d3023a540db,tunisieannonce,550000.0,365.0,2.0,El Mourouj,TUNIS,north,El Mourouj,Sale,Villa,36.7405,10.2042,4 chambres à coucher|abri pour 3 voitures|four|grand et beau jardin|grande cuisine|hotte|jardin|plaque|salle de bain|salle à manger|salon|sous-sol|villa,100,HIGH,1.5,False,False,unchanged,0.0,1506.85,2026-03-27T16:19:14.664284
tunisieannonce_0dd925d98dfa,tunisieannonce,218000.0,190.0,,Cite Bhar Lazreg,TUNIS,north,Jebel Jelloud,Sale,Land,36.7667,10.1833,constructible|eau|gaz|onas|papier en règle|prix du mètre carré|r+2|sous sol|terrain|vente directe|électricité,100,HIGH,1.5,False,False,unchanged,0.0,1147.37,2026-03-26T16:32:51.960813
tunisieannonce_0e4dd3b183be,tunisieannonce,230.0,6000.0,1.0,Charguia 2,TUNIS,north,Jebel Jelloud,Rent,Commercial,36.7667,10.1833,1 500 m² each|3 blocks sanitary facilities|4 levels|6 000 m²|70 parking places|ascenseur|bureautique|double staircase|meuble|modern|offices|parking|professional projects|r3|renovation|social spaces|two elevators,70,GOOD,1.0,True,False,new,,0.04,2026-03-27T15:41:29.867109
tunisieannonce_0e022635418c,tunisieannonce,650000.0,156.0,3.0,Chotrana 2,TUNIS,north,Jebel Jelloud,Sale,Apartment,36.7667,10.1833,appartement s+3 direct promoteur|chauffage central|climatisation|climatisation en split|cuisine bien agencée et équipée|dressing|espace extérieur|parking|place de parking au sous-sol|salle deau invitée|surface de 156m²|terrasse,100,HIGH,1.5,False,False,unchanged,0.0,4166.67,2026-03-26T16:06:21.579086
tunisieannonce_0d9eb160d7ca,tunisieannonce,110000.0,500.0,2.0,Sidi Hmed,TUNIS,north,Jebel Jelloud,Sale,Land,36.7667,10.1833,arbres fruitiers|bon voisinage|papi en règle|porte coulissante|terrain clôturé|zone davenir,95,HIGH,1.5,False,False,unchanged,0.0,220.0,2026-03-26T23:36:10.932443
tunisieannonce_10099aacf90d,tunisieannonce,1240.0,32.0,,Sidi Daoud,TUNIS,north,Jebel Jelloud,Sale,Land,36.7667,10.1833,terrain|titre foncier urbaine individuel r+2,70,GOOD,1.0,True,False,new,,38.75,2026-03-27T15:57:05.574407
tunisieannonce_0ff72381b8cd,tunisieannonce,2500.0,107.0,2.0,Riadh Landlous,TUNIS,north,Jebel Jelloud,Rent,Apartment,36.7667,10.1833,app. 3 pièc|chauffage central|climatisation|climatiseur|meuble|meublé|proche de toute commodité|résidence gardée et sécurisée|s+2,90,HIGH,1.5,False,False,new,,23.36,2026-03-27T15:32:29.815993
tunisieannonce_0f947c03a4fb,tunisieannonce,900.0,90.0,1.0,El Menzah 7,TUNIS,north,El Menzah,Rent,Apartment,36.8528,10.1703,chambre à coucher|chauffage central|climatisation|climatisation en split|cuisine bien équipée|parking|place de parking au sous-sol|salle de bain|salon avec balcon|séchoir,90,HIGH,1.5,False,False,unchanged,0.0,10.0,2026-03-27T15:54:35.455207
tunisieannonce_0ec6330c6548,tunisieannonce,210000.0,185.0,3.0,Cite Touristique,TUNIS,north,Jebel Jelloud,Sale,Land,36.7667,10.1833,185m2|3 chambres|abri de voiture|cuisine spacieuse|dossier foncier réglé|eau|grand salon|jardin|proche de toute commodité nécessaire|s+3|salles d'eau|surface covered 130m2|terrain|terrasse|villa|électricité,100,HIGH,1.5,False,False,new,,1135.14,2026-03-27T15:25:29.185028
tunisieannonce_0f72d51de091,tunisieannonce,750.0,30.0,2.0,Cite Oplympique,TUNIS,north,Jebel Jelloud,Rent,Apartment,36.7667,10.1833,meuble|studio meublé|un salon|une piece,85,HIGH,1.5,False,False,new,,25.0,2026-03-27T14:40:54.914650
tunisieannonce_0f5c4f2ab6c4,tunisieannonce,460000.0,356.0,2.0,El Mourouj,TUNIS,north,El Mourouj,Sale,Land,36.7405,10.2042,2 bedrooms apartment|2 levels separated|3 rooms apartment|3 spacious bedrooms|angle two streets|bathroom|couloir|garden on 4 sides|jardin|kitchen|living room|parking|salon|spacious villa|surface of land 356m2|two apartments,100,HIGH,1.5,False,False,new,,1292.13,2026-03-27T14:22:21.575083
tunisieannonce_1003dc04cad5,tunisieannonce,1650.0,630.0,,Gammart,TUNIS,north,Jebel Jelloud,Sale,Land,36.7667,10.1833,façade terrain|situation juridique en règle|terrain,70,GOOD,1.0,True,False,unchanged,0.0,2.62,2026-03-26T17:56:37.392124
tunisieannonce_0ef318211d40,tunisieannonce,11000.0,50.0,,Berge Du Lac,TUNIS,north,Jebel Jelloud,Sale,Commercial,36.7667,10.1833,3 niveaux|caméras de surveillance|climatisation|climatisation centrale|fibre optique|jardin|meuble|parking|sous sol|système d'alarme,100,HIGH,1.5,False,False,unchanged,0.0,220.0,2026-03-26T15:59:51.485347
tunisieannonce_0f4aea7aa51e,tunisieannonce,520000.0,420.0,4.0,La Mannouba,TUNIS,north,Mannouba,Sale,Villa,36.8097,10.0928,chauffage central|climatisation|climatiseurs|cuisine équipée|entrée pour deux voitures|escaliers pour le toit|garage|grand salon|haut standing|salle d'eau|salle de bain|standing|trois chambres|villa,100,HIGH,1.5,False,False,unchanged,0.0,1238.1,2026-03-26T23:10:11.607690
tunisieannonce_0ee5e6352934,tunisieannonce,750.0,110.0,3.0,El Mourouj,TUNIS,north,El Mourouj,Rent,Villa,36.7405,10.2042,3chambres a couchée|cuisine bien équipe|salle dau|salon|terrasses,100,HIGH,1.5,False,False,unchanged,0.0,6.82,2026-03-26T15:41:19.304258
tunisieannonce_10ca50d82497,tunisieannonce,2300.0,140.0,1.0,Cite Ennasr 2,TUNIS,north,Jebel Jelloud,Rent,Other,36.7667,10.1833,chauffage central|climatisation|meuble|meublé|parking|parking sous sol,90,HIGH,1.5,False,False,new,,16.43,2026-03-26T23:27:45.229161
tunisieannonce_10df09937a99,tunisieannonce,1700.0,89.0,1.0,Zone Urbaine Nord,TUNIS,north,Jebel Jelloud,Sale,Commercial,36.7667,10.1833,bureau|bureau du pdg|chauffage central|climatisation|climatisation centralisée|espace pour secrétaire|h+3|hall|meuble|salle dattente|salle deau|salle deau privée,80,GOOD,1.0,True,False,unchanged,0.0,19.1,2026-03-27T14:59:23.055331
tunisieannonce_109da333cf6b,tunisieannonce,750000.0,450.0,3.0,Cite El Ghazala 1,TUNIS,north,Jebel Jelloud,Sale,Land,36.7667,10.1833,abri de deux voitures|couvert|cuisine externe|fenêtres encien modèle|haut standing|jardin|s+3|terrain|très bon standing,100,HIGH,1.5,False,False,unchanged,0.0,1666.67,2026-03-26T16:10:17.196508
tunisieannonce_10e04a58eaa3,tunisieannonce,390000.0,123.0,3.0,Riadh Landlous,TUNIS,north,Jebel Jelloud,Sale,Apartment,36.7667,10.1833,appartements s+3|balcon|chauffage central|climatisation|cuisine équipée avec séchoir direct|haut standing|parking|place de parking au sous-sol|proche de toutes commodités|résidence r+2|sécurité,100,HIGH,1.5,False,False,unchanged,0.0,3170.73,2026-03-27T15:19:59.229174
tunisieannonce_10834ecd53ad,tunisieannonce,5000.0,801.0,1.0,El Menzah 5,TUNIS,north,El Menzah,Rent,Commercial,36.8528,10.1703,1 er étage composé de 5 chambres|2 chambres|3 niveaux|800m²|double salon|grand rdj en open space|jardin|salle de bain|salle de bain commune|spacious rdc|usage commercial or bureautique|vastre cuisine|villa,90,HIGH,1.5,False,False,unchanged,0.0,6.24,2026-03-26T17:42:51.764540
tunisieannonce_10117993de70,tunisieannonce,1800.0,120.0,2.0,Berge Du Lac,TUNIS,north,Jebel Jelloud,Rent,Apartment,36.7667,10.1833,baignoire|balcon|chauffage|climatisation|cuisine|deux chambres à coucher|dressing|four avec séchoir|hotte|parking|place parking|plaque de cuisson|salle d'eau équipée|sous sol,90,HIGH,1.5,False,False,new,,15.0,2026-03-26T23:28:46.881229
tunisieannonce_10d7dc8f26ea,tunisieannonce,986000.0,158.0,3.0,Chotrana 1,TUNIS,north,Jebel Jelloud,Sale,Villa,36.7667,10.1833,air conditioning|climatisation|garden|heating|jardin|parking|piscine|pool|terrasse,100,HIGH,1.5,False,False,new,,6240.51,2026-03-27T15:02:28.882413
tunisieannonce_105c1d87f56d,tunisieannonce,620000.0,500.0,,Ben Arous,TUNIS,north,Ben Arous,Sale,Villa,36.745,10.225,1er etage non fini|battie|emplacement pour investissements commerciaux|iVEStissements commerciales|pres du marché 7ay el2skan|rez de chaussé|surface,85,HIGH,1.5,False,False,unchanged,0.0,1240.0,2026-03-26T23:37:11.579091
tunisieannonce_1025f07c4d95,tunisieannonce,5000.0,600.0,8.0,Mutuelle Ville,TUNIS,north,Jebel Jelloud,Rent,Commercial,36.7667,10.1833,abri_pour_2_voitures|chambres_a_coucher|chauffage central|chauffage_central|climatisation|cuisine|garage|grand_jardin|jardin|patio|salle_a_Manger|salle_d'eau_invites|salle_de_bain|salon|sejour|suite_parentale|villa,90,HIGH,1.5,False,False,new,,8.33,2026-03-27T16:16:20.286033
tunisieannonce_10ec510df311,tunisieannonce,299500.0,521.0,,Borj Cedria,TUNIS,north,Jebel Jelloud,Sale,Land,36.7667,10.1833,double façade donnant sur 2 rues|orientation sud-est|potential illimité|terrain de coin commercial|type isolé|viabilisation parfaite,100,HIGH,1.5,False,False,unchanged,0.0,574.86,2026-03-26T15:33:50.939507
tunisieannonce_110f7f440743,tunisieannonce,1200.0,20.0,2.0,El Menzah 6,TUNIS,north,El Menzah,Rent,Apartment,36.8528,10.1703,6 meublé|courte durée|meuble|studio,80,GOOD,1.0,True,False,new,,60.0,2026-03-27T15:33:58.161568
tunisieannonce_128547791feb,tunisieannonce,1468.0,632.0,,Ghar El Melh,TUNIS,north,Ghar El Melh,Sale,Land,37.1458,10.1752,161 m2 (lotc)|310 m2 (lot3)|374 m2 (lotb)|782 m2 (lot1)|DPM|deux titres parallèles|partie non titrée|pied dans l'eau|plage|possibilité lotissement|terrain en bord de mer,70,GOOD,1.0,True,False,new,,2.32,2026-03-27T16:10:10.308798
tunisieannonce_11c03bef8b23,tunisieannonce,1450.0,1000.0,,La Soukra,TUNIS,north,La Soukra,Sale,Land,36.885212,10.245301,calme|papiers en règle|quartier résidentiel|surface|terrain|titre individuel,80,GOOD,1.0,True,False,unchanged,0.0,1.45,2026-03-26T16:34:46.413192
tunisieannonce_13211e33b977,tunisieannonce,500.0,,3.0,Oued Ellil,TUNIS,north,Oued Ellil,Rent,Apartment,36.8311,10.0347,balcon|cuisine équipée|deux pièces|meuble|salle de bain|salon|séchoir,85,HIGH,1.5,False,False,new,,,2026-03-27T15:18:08.497508
tunisieannonce_12cb38d0f798,tunisieannonce,1300.0,2024.0,3.0,El Manar 1,TUNIS,north,Jebel Jelloud,Sale,Villa,36.7667,10.1833,2 grandes terrasses|3 niveaux|5 chambres à coucher|garage|grand jardin|grande cuisine équipée|jardin|salle d'eau avec douche|salle de bain commune|salle à manger|sejour|spacious salon|suite parental|terrasse|villa,80,GOOD,1.0,True,False,new,,0.64,2026-03-26T22:50:50.325575
tunisieannonce_1335b659aa60,tunisieannonce,1150.0,100.0,,Cite Ennasr 2,TUNIS,north,Jebel Jelloud,Sale,Commercial,36.7667,10.1833,accueil|chauffage central|climatisation|climatisation en split|cuisine agencée|deux bureaux|salle d'eau avec cabine de douche,70,GOOD,1.0,True,False,new,,11.5,2026-03-26T23:06:52.125174
tunisieannonce_139042b721fa,tunisieannonce,1300.0,200.0,3.0,El Mourouj,TUNIS,north,El Mourouj,Rent,Villa,36.7405,10.2042,3 chambres à coucher|5 climatiseurs|balcon|chauffage central|climatisation|cuisine|garage|grand salon|salle d'eau|salle de bain|terrasse,90,HIGH,1.5,False,False,unchanged,0.0,6.5,2026-03-26T17:54:19.392647
tunisieannonce_1194d95765ea,tunisieannonce,90000.0,70.0,3.0,Cite Ennasr 2,TUNIS,north,Jebel Jelloud,Sale,Commercial,36.7667,10.1833,avenue hédi nouira|dépôt|résidence|sous sol|titre individuel en règle,100,HIGH,1.5,False,False,unchanged,0.0,1285.71,2026-03-26T15:26:02.961253
tunisieannonce_12d6de481375,tunisieannonce,115000.0,680.0,,Hammamet,TUNIS,north,Hammamet,Sale,Land,36.4,10.6167,clôturé|terrain,90,HIGH,1.5,False,False,new,,169.12,2026-03-27T15:28:34.020121
tunisieannonce_12eb0752259c,tunisieannonce,570000.0,379.0,,Riadh Landlous,TUNIS,north,Jebel Jelloud,Sale,Land,36.7667,10.1833,379 m2|façades 20 m|proche de toutes commodités|quartier résidentiel|r+2|terrain,90,HIGH,1.5,False,False,unchanged,0.0,1503.96,2026-03-26T17:58:26.269510
tunisieannonce_151ea568d922,tunisieannonce,400000.0,200.0,,Mornag,TUNIS,north,Mornag,Sale,Land,36.6715,10.258,terrain,85,HIGH,1.5,False,False,new,,2000.0,2026-03-27T15:22:12.142508
tunisieannonce_1422707687ca,tunisieannonce,240000.0,75.0,3.0,El Aouina,TUNIS,north,Jebel Jelloud,Sale,Apartment,36.7667,10.1833,appartement neuf|balcon|chambre à coucher avec dressing|cuisine équipée et aménagée|parking|place de parking au sous-sol|résidence récente et sécurisée|salle de douche moderne|salon spacieux,100,HIGH,1.5,False,False,unchanged,0.0,3200.0,2026-03-26T23:44:52.967164
tunisieannonce_1484c3f3a0b2,tunisieannonce,850.0,48.0,1.0,Riadh Landlous,TUNIS,north,Jebel Jelloud,Rent,Villa,36.7667,10.1833,entrée indépendante|jardin|meuble|meublé|studio,100,HIGH,1.5,False,False,unchanged,0.0,17.71,2026-03-26T15:27:51.367409
tunisieannonce_15177a34f2e2,tunisieannonce,690000.0,210.0,2.0,Hammamet,TUNIS,north,Hammamet,Sale,Villa,36.4,10.6167,garden|jardin|piscine|pool|swimming pool|terrasse,100,HIGH,1.5,False,False,unchanged,0.0,3285.71,2026-03-26T23:15:42.880194
tunisieannonce_141f8daddc30,tunisieannonce,1320.0,120.0,1.0,Cite Ennasr 2,TUNIS,north,Jebel Jelloud,Rent,Apartment,36.7667,10.1833,3 éme étage|appartment s+1|chambre a coucher avec dressing et balcon|chauffage central|climatisation|gardiennage|gardée et sécurisée|kitchinette avec séchoir|meuble|proches de toutes commodités|richement meublé|résidence|salle deau|salon|syndic,100,HIGH,1.5,False,False,unchanged,0.0,11.0,2026-03-26T16:26:00.198955
tunisieannonce_14f241a5ffda,tunisieannonce,250000.0,100.0,,Zone Industrielle Saint Gobin,TUNIS,north,Jebel Jelloud,Sale,Land,36.7667,10.1833,chambre|cuisine|garage|salle de bain|salon|séchoir|terrain|villa,100,HIGH,1.5,False,False,unchanged,0.0,2500.0,2026-03-26T16:10:08.950741
tunisieannonce_13f838802223,tunisieannonce,227000.0,454.0,,Raoued,TUNIS,north,Raoued,Sale,Land,36.908,10.2,ammenant de la marsa a lariana|autorisation de  batir|bon voisinage|bord de la route|cont|lotissement|terrain|titre indv|zone touristique,90,HIGH,1.5,False,False,unchanged,0.0,500.0,2026-03-27T16:02:08.851978
tunisieannonce_145178a3ccfa,tunisieannonce,800000.0,753.0,,Raoued,TUNIS,north,Raoued,Sale,Land,36.908,10.2,constructible|eau|immeuble|meuble|projet d'investissement|r+6|terrain|électricité,90,HIGH,1.5,False,False,unchanged,0.0,1062.42,2026-03-26T17:53:20.692794
tunisieannonce_153563eb13f9,tunisieannonce,900.0,,1.0,El Manar 1,TUNIS,north,Jebel Jelloud,Rent,Apartment,36.7667,10.1833,1 bedroom|bathroom|climatisation|climatiser|kitchen|meuble|small living room|spacious apartment,85,HIGH,1.5,False,False,new,,,2026-03-27T14:48:34.366277
tunisieannonce_15166db1e935,tunisieannonce,2200.0,120.0,2.0,Sidi Daoud,TUNIS,north,Jebel Jelloud,Rent,Apartment,36.7667,10.1833,"120m²|air conditioning in split|appartment|ascenseur|bathroom|calm|cellier|chauffage central|climatisation|dressing|ensoleillé|equipped (plaque, hotte, four, micro-ondes, refrigerator, lave-vaisselles, machine to wash, climatiseur)|haut standing|heating central|high standing|kitchen|meuble|optimal orientation|parking|salon-salle à manger|sechoir|secure|terrace|terrasse|two bedrooms|very luminous",90,HIGH,1.5,False,False,unchanged,0.0,18.33,2026-03-26T23:13:12.528530
tunisieannonce_1537155e73d2,tunisieannonce,1950.0,5000.0,,Bir Mcherga,TUNIS,north,Bir Mcherga,Sale,Land,36.5167,10.0,"200 arbres diversifiés et productifs|3 500 oliviers arbakina|4 000 oliviers karoniki|achat et suivi de la ferme|caméras de surveillance|clôturée|débit 3 litres par seconde|ferme modèle|maison de garde|maison pour le propriétaire du terrain|puits de 50 m de profondeur|route goudronnée|salinité 2 grammes|surface de 13,5 hectares|système d'irrigation goutte à goutte|terrain agr|électricité",80,GOOD,1.0,True,False,unchanged,0.0,0.39,2026-03-26T16:16:36.116141
tunisieannonce_15873f382255,tunisieannonce,900.0,75.0,1.0,Ain Zaghouan,TUNIS,north,Zaghouan,Rent,Apartment,36.4025,10.1431,bathroom|bedroom|chauffage central|climatisation|equipped kitchen|four|heating central|hotte|parking|place of parking|plaque|s+1|salon with dining area|spacious|two climatiseurs,90,HIGH,1.5,False,False,unchanged,0.0,12.0,2026-03-27T15:47:56.746846
tunisieannonce_166ad0db3c18,tunisieannonce,600.0,200.0,3.0,Ariana,TUNIS,north,Ariana Ville,Rent,Apartment,36.866011,10.193923,3 chambres|caméras de surveillance|cuisine|parking|parking avec caméras|résidence clôturée et sécurisée|salle de bain|salon,90,HIGH,1.5,False,False,unchanged,0.0,3.0,2026-03-26T23:17:43.705778
tunisieannonce_16839c856c97,tunisieannonce,3000.0,380.0,2.0,Hammam Sousse,TUNIS,north,Hammam Sousse,Rent,Commercial,35.8592,10.59,"autoroute|axes routiers g p 1|dépôt|hauteur sous plafond 5,5 mètre|local|show room|surface 380 m 2|transports|usine|zone industriel",90,HIGH,1.5,False,False,unchanged,0.0,7.89,2026-03-26T18:20:52.390471
tunisieannonce_15a312582d6d,tunisieannonce,600.0,60.0,1.0,Bou Mhel,TUNIS,north,Jebel Jelloud,Rent,Apartment,36.7667,10.1833,chauffage central|first floor|heating central,90,HIGH,1.5,False,False,new,,10.0,2026-03-27T14:56:41.817561
tunisieannonce_16332bc2660b,tunisieannonce,1150.0,80.0,1.0,Jardins D'El Menzah,TUNIS,north,El Menzah,Rent,Apartment,36.8528,10.1703,ascenseur|cellier|chambre à coucher avec un grand dressing|climatisation|climatiseurs|cuisine équipée|grand espace de rangement|grand s+1 neuf haut standing|haut standing|salle de bain|surface nette habitable : 80m²(100m² brut)|terrasse,90,HIGH,1.5,False,False,new,,14.38,2026-03-26T23:22:52.690292
tunisieannonce_158cc6dcf625,tunisieannonce,1675.0,6700000.0,,El Fahs,TUNIS,north,El Fahs,Sale,Land,36.3747,9.9017,fertile|page officielle et tiktok -youtube : immobilier harabi pro business|papier en règle|prix : 25 000dt pour 1h|route nationale gp3|réseaux : steg et sonad|sur la frontière de oued milian|surface totale de 67 hectare|terrain nu|titre bleu,75,GOOD,1.0,True,False,unchanged,0.0,,2026-03-26T16:30:21.262092
tunisieannonce_15d2458ccf03,tunisieannonce,430000.0,137.0,3.0,Riadh Landlous,TUNIS,north,Jebel Jelloud,Sale,Apartment,36.7667,10.1833,ascenseur|balcon|cellier|chambres à coucher|chauffage central|climatisation|cuisine|douche|dressing|dressings|haut standing|parking|salle d'eau|salle de bain|suite parentale|séchoir,100,HIGH,1.5,False,False,unchanged,0.0,3138.69,2026-03-26T23:09:13.790779
tunisieannonce_16489211cab2,tunisieannonce,3800.0,400.0,3.0,Mutuelle Ville,TUNIS,north,Jebel Jelloud,Rent,Villa,36.7667,10.1833,"400m²|air conditioning in split|bathroom|chauffage central|climatisation|dressing|equipped (plaque, hotte, four, micro-ondes)|garden|grand salon-salle à manger|hall d'entrée|haut standing|heating central|jardin|kitchen|quiet|s+3|secure|suite junior|suite parentale|terrace|terrasse|two dressings|two levels|villa",90,HIGH,1.5,False,False,new,,9.5,2026-03-26T23:20:16.406361
tunisieannonce_1612e325c5b7,tunisieannonce,2100.0,120.0,2.0,Ain Zaghouan,TUNIS,north,Zaghouan,Rent,Apartment,36.4025,10.1431,balcon|chambre à coucher avec dressing|chauffage central|climatisation|climatisation centrale|cuisine moderne et entièrement équipée|parking|place de parking au sous-sol|salle d'eau|salon lumineux|suite parentale avec dressing et balcon,90,HIGH,1.5,False,False,unchanged,0.0,17.5,2026-03-27T15:47:41.021969
tunisieannonce_19d4182318c6,tunisieannonce,2100.0,70.0,2.0,Cite Ennasr 1,TUNIS,north,Jebel Jelloud,Rent,Apartment,36.7667,10.1833,courte durée|haut standing|meuble|meublé|studio,90,HIGH,1.5,False,False,unchanged,0.0,30.0,2026-03-26T18:15:32.748330
tunisieannonce_196bd89b912e,tunisieannonce,1550.0,160.0,3.0,Cite Ennasr 2,TUNIS,north,Jebel Jelloud,Rent,Apartment,36.7667,10.1833,"160m²|ascenseur|chauffage central|climatisation|climatisation en split|cuisine agencée et équipée (plaque, hotte, four) avec un séchoir|ensoleillé|haut standing|orientation optimale|s+3|salle d'eau invités|salle de bain commune|salon avec balcon|trois chambres à coucher avec dressing|très lumineux",90,HIGH,1.5,False,False,unchanged,0.0,9.69,2026-03-26T23:40:15.015601
tunisieannonce_187aa99c9ddb,tunisieannonce,325000.0,100.0,2.0,Sahloul,TUNIS,north,Jebel Jelloud,Sale,Apartment,36.7667,10.1833,100 m²|2 bedrooms|bathroom|garden|haut standing|high standing|jardin|kitchen|living room|new|parking|shower|terrace|terrasse,95,HIGH,1.5,False,False,new,,3250.0,2026-03-27T16:15:33.791313
tunisieannonce_16fd3d5fd8d2,tunisieannonce,2500.0,500.0,3.0,Cite Ennasr 2,TUNIS,north,Jebel Jelloud,Sale,Land,36.7667,10.1833,commercial|garage|garden|jardin|piscinable|villa,80,GOOD,1.0,True,False,unchanged,0.0,5.0,2026-03-26T22:50:32.927539
tunisieannonce_1965bab2dcc8,tunisieannonce,260000.0,40.0,,El Fejja,TUNIS,north,Jebel Jelloud,Sale,Land,36.7667,10.1833,accès facile|cadre naturel exceptionnel|environnement calme|forage|maison|oliviers|petit|proximité avec la capitale|puits,70,GOOD,1.0,True,False,new,,6500.0,2026-03-27T16:15:14.631435
tunisieannonce_1692bf567567,tunisieannonce,1150.0,66.0,1.0,La Soukra,TUNIS,north,La Soukra,Rent,Apartment,36.885212,10.245301,balcon|chambre|chauffage central|climatisation|climatiseurs split|cuisine|douche|parking|placard|place de parking|salle d'eau|salon|sous-sol,90,HIGH,1.5,False,False,unchanged,0.0,17.42,2026-03-27T15:54:51.314547
tunisieannonce_169a10994f45,tunisieannonce,1800.0,70.0,2.0,Cite Ennasr 2,TUNIS,north,Jebel Jelloud,Rent,Apartment,36.7667,10.1833,courte durée|meuble|studios meublés,90,HIGH,1.5,False,False,new,,25.71,2026-03-27T15:32:39.496841
tunisieannonce_183b4e37c833,tunisieannonce,1200.0,74.0,1.0,Cite Ennasr 2,TUNIS,north,Jebel Jelloud,Rent,Apartment,36.7667,10.1833,2 TVs with receivers and subscriptions|balcony|bathroom|bedroom|central heating|chauffage central|climate control|close to amenities|equipped kitchen|green space|haut standing|meuble|secure residence|spacious salon|unlimited Wi-Fi,90,HIGH,1.5,False,False,unchanged,0.0,16.22,2026-03-27T15:38:59.128228
tunisieannonce_19404c7572ab,tunisieannonce,490000.0,6500000.0,,El Amaiem,TUNIS,north,Jebel Jelloud,Sale,Land,36.7667,10.1833,1100 amandiers|2 hectares senya entrepot|500 oliviers plein production|6.5 hectares|bassin d'eau|maison gardien|papier en règle|puit|route goudronnée clôturée|réseaux : steg force et sonede|studio|terrain agricole,75,GOOD,1.0,True,False,unchanged,0.0,,2026-03-26T16:30:53.264238
tunisieannonce_1745ab6fe193,tunisieannonce,140000.0,90.0,2.0,El Mourouj,TUNIS,north,El Mourouj,Sale,Apartment,36.7405,10.2042,cuisine|deux chambres à coucher|salle de bain|salon|séchoir,100,HIGH,1.5,False,False,new,,1555.56,2026-03-27T16:18:24.621611
tunisieannonce_1a2e69c32212,tunisieannonce,2100.0,300.0,3.0,El Menzah 9,TUNIS,north,El Menzah,Rent,Villa,36.8528,10.1703,300m²|4 bedrooms|bathroom|garage|garden|jardin|large kitchen|large living room|shower|totally independent|villa,90,HIGH,1.5,False,False,unchanged,0.0,7.0,2026-03-26T17:42:38.485593
tunisieannonce_19f81fe03c1d,tunisieannonce,1.0,220.0,2.0,Berge Du Lac,TUNIS,north,Jebel Jelloud,Sale,Commercial,36.7667,10.1833,"floor 5th floor|fully equipped kitchen|generous and well-organized spaces|haut standing|large living room|location on the shores of Lake 2|luminescent|numerous storage|proximity to embassies, shops, and services|secure residence|spacious|surface 220 m²|system of domotique|three bathrooms|three bedrooms with storage|type S4|well-maintained residence",80,GOOD,1.0,True,False,new,,0.0,2026-03-27T15:04:15.788899
tunisieannonce_1a591338b79a,tunisieannonce,650000.0,325.0,3.0,Cite Ennasr 1,TUNIS,north,Jebel Jelloud,Sale,Land,36.7667,10.1833,carre|habitat viabilisé|surface totale: 352 m²,100,HIGH,1.5,False,False,unchanged,0.0,2000.0,2026-03-26T23:30:46.983792
tunisieannonce_1b4105b95f75,tunisieannonce,530000.0,100.0,2.0,Chotrana 1,TUNIS,north,Jebel Jelloud,Sale,Villa,36.7667,10.1833,chauffage central|climatisation|climatisation en split|cuisine|deux chambres à coucher|dressing|jardin|parking|place de parking au sous-sol|salle de bain commune|salle de bain invité|salon,100,HIGH,1.5,False,False,unchanged,0.0,5300.0,2026-03-26T15:44:53.016856
tunisieannonce_19fac143e823,tunisieannonce,1500.0,100.0,3.0,Le Bardo,TUNIS,north,Le Bardo,Rent,Villa,36.8111,10.1364,3 chambres à coucher|cuisine|meuble|meublé|salle de bain|salle à manger|salon|villa,85,HIGH,1.5,False,False,new,,15.0,2026-03-26T23:29:37.347150
tunisieannonce_1b1065d27ddd,tunisieannonce,1700.0,800.0,,Sidi Daoud,TUNIS,north,Jebel Jelloud,Sale,Land,36.7667,10.1833,deux façade|prix|terrain|titre foncier urbain individuel r+4,70,GOOD,1.0,True,False,unchanged,0.0,2.12,2026-03-26T17:52:51.299266
tunisieannonce_1bcad1fbed6f,tunisieannonce,350.0,30.0,1.0,Nabeul,TUNIS,north,Nabeul,Rent,Villa,36.4561,10.7358,3rd floor|s0|villa,90,HIGH,1.5,False,False,new,,11.67,2026-03-27T16:17:43.202364
tunisieannonce_1b06447354ae,tunisieannonce,3500.0,500.0,3.0,Bir Bouregba,TUNIS,north,Jebel Jelloud,Rent,Land,36.7667,10.1833,2 grands salons|3 chambres à couchages|arboré|cheminée au bois|climatisation|climatisation réversible|cuisine|fleuri|jardin|meuble|piscine|salle de bain|salle à manger|suite indépendante|villa|vue panoramique,90,HIGH,1.5,False,False,unchanged,0.0,7.0,2026-03-27T15:55:47.327378
tunisieannonce_1a7bfdd83711,tunisieannonce,1600.0,125.0,1.0,Cite Ennasr 2,TUNIS,north,Jebel Jelloud,Rent,Apartment,36.7667,10.1833,"2 chambres de nuits dont une chambre avec un balcon|2 places de parking au sous-sol|3 climatiseurs|appartment|ascenseur|bien lumineux et ensoleillé|chauffage central|climatisation|connexion internet par wifi illimitée|cuisine indépendante bien équipée (réfrigérateur, micro-ondes, four machine à laver...), séchoir|double ascenseurs|entrée|grand terrasse avec des bacs de plantes|haut standing|luxueusement meublé|meuble|parking|récepteur numérique|salle de bains|salon|sécurisée gardée jours et nuits|terrasse|télévision lcd|état neuf",90,HIGH,1.5,False,False,new,,12.8,2026-03-27T16:02:38.150456
tunisieannonce_1b59765b0764,tunisieannonce,2000.0,,3.0,Cite Ennasr 2,TUNIS,north,Jebel Jelloud,Rent,Apartment,36.7667,10.1833,balcon|chambres|chauffage central|climatisation|climatiseurs|dressing|meuble|parking|place de parking sous-sol|salle d'eau|séchoir,85,HIGH,1.5,False,False,unchanged,0.0,,2026-03-27T14:56:26.121309
tunisieannonce_1c04e4cd0494,tunisieannonce,450000.0,2000.0,,Kairouan Sud,TUNIS,north,Kairouan Sud,Sale,Land,35.6772,10.098,possibilité de vente partielle|terrain nu|titre bleu,90,HIGH,1.5,False,False,unchanged,0.0,,2026-03-27T15:04:07.288006
tunisieannonce_1d10d87d86c8,tunisieannonce,1400.0,60.0,1.0,Jardins De Carthage,TUNIS,north,Carthage,Rent,Apartment,36.8536,10.3256,chambre avec dressing intégré|cuisine moderne en open space|entièrement équipée|grandes ouvertures|luminosité exceptionnelle|parking|parking en sous sol sécurisé|placards intégrés|résidence calme|résidence sécurisée|salle de bain|salon salle à manger convivial et raffiné|spacieux studio|volumes généreux|vue dégagée,90,HIGH,1.5,False,False,unchanged,0.0,23.33,2026-03-26T23:42:05.246332
tunisieannonce_1c10a52cfba0,tunisieannonce,1700.0,65.0,2.0,Cite Ennasr 2,TUNIS,north,Jebel Jelloud,Rent,Villa,36.7667,10.1833,Citée Nasr|meuble|short-term rental|studios meublés,90,HIGH,1.5,False,False,unchanged,0.0,26.15,2026-03-26T18:12:38.590607
tunisieannonce_1d332ed78a3a,tunisieannonce,175000.0,105.0,2.0,Ariana,TUNIS,north,Ariana Ville,Sale,Apartment,36.866011,10.193923,110 mètres carrés|2em etage|appartements s+2|surface de,95,HIGH,1.5,False,False,new,,1666.67,2026-03-27T14:42:43.485730
tunisieannonce_1c52da4a4f70,tunisieannonce,650000.0,468.0,,Sousse Riadh,TUNIS,north,Sousse Riadh,Sale,Land,35.8269,10.63,1ér étage|chambre à coucher|cité riadh prés|couvert|cuisine|cuisine équipée|deux chambres à coucher|deux salons|douche|entree indépandant|garage|jardin|réz de chaussée|réz de jardin|salle d'eau|salle de bain|salle à manger|salon|suite parentale|terrain|titre individeul|trois chambres à coucher|villa style américain|wc|zone des villas|école primaire ibn charaf,90,HIGH,1.5,False,False,unchanged,0.0,1388.89,2026-03-26T23:12:07.270923
tunisieannonce_1d224a1f6aca,tunisieannonce,2400.0,80.0,,Jardins De Carthage,TUNIS,north,Carthage,Sale,Commercial,36.8536,10.3256,1st floor|80 m²|chauffage central|climatisation|climatiseur|gardens|grand space d'accueil|jardin|kitchenette|meuble|parking|place parking sous-sol|salle d'eau|spacious bureau,70,GOOD,1.0,True,False,unchanged,0.0,30.0,2026-03-27T15:44:52.342910
tunisieannonce_1d3b8d5467a6,tunisieannonce,700.0,2026.0,1.0,Gammart,TUNIS,north,Jebel Jelloud,Rent,Commercial,36.7667,10.1833,bureau|climatisation|hall of reception|salle d'eau,80,GOOD,1.0,True,False,new,,0.35,2026-03-26T23:29:19.793312
tunisieannonce_1c6ea13c1edc,tunisieannonce,400000.0,2025.0,3.0,Cite Ennasr 2,TUNIS,north,Jebel Jelloud,Sale,Apartment,36.7667,10.1833,3 bedrooms with closets|air conditioning|appartment|ascenseur|bathroom + shower|central heating|chauffage central|climatisation|completely furnished and equipped|double ascenseur|equipped kitchen with dryer|haut standing|large living room with a balcony|meuble|parking|private parking|quiet and secure residence|residential chic|s+3|security and calm|standing residence,100,HIGH,1.5,False,False,unchanged,0.0,197.53,2026-03-26T23:14:56.960193
tunisieannonce_1d47ccb22dde,tunisieannonce,1500.0,125.0,1.0,La Soukra,TUNIS,north,La Soukra,Rent,Apartment,36.885212,10.245301,2 chambres à coucher avec dressing|ascenseur|chauffage central|climatisation|climatiseurs|cuisine agencée avec séchoir|grand salon|haut standing|parking|place de parking sous sol|salle d'eau|salle de bain,85,HIGH,1.5,False,False,new,,12.0,2026-03-26T23:25:47.558278
tunisieannonce_1d537d2bbebf,tunisieannonce,280000.0,230.0,3.0,Cite De La Plage 2,TUNIS,north,Jebel Jelloud,Sale,Apartment,36.7667,10.1833,cuisine|hamam|haut standing|salle de bain|salon|terrasse,95,HIGH,1.5,False,False,new,,1217.39,2026-03-27T16:13:20.368927
tunisieannonce_1e49ff1c6b53,tunisieannonce,560000.0,135.0,3.0,El Menzah 6,TUNIS,north,El Menzah,Sale,Commercial,36.8528,10.1703,bien exposé|buanderie|duplex|grande terrasse|libre de suite|rénové|terrasse|uv 4,80,GOOD,1.0,True,False,new,,4148.15,2026-03-27T16:06:13.761200
tunisieannonce_1d87c0451393,tunisieannonce,1200.0,,1.0,Cite Ennasr 2,TUNIS,north,Jebel Jelloud,Rent,Apartment,36.7667,10.1833,balcon|chambre à coucher|cuisine équipée|meuble|salle de bain|salon,85,HIGH,1.5,False,False,unchanged,0.0,,2026-03-26T17:40:49.062859
tunisieannonce_1dacda7de231,tunisieannonce,240000.0,400.0,,El Kantaoui,TUNIS,north,Jebel Jelloud,Sale,Land,36.7667,10.1833,hotel royal kenz|plage|terrain|zone des villas,90,HIGH,1.5,False,False,new,,600.0,2026-03-27T14:41:11.718910
tunisieannonce_1d5e0645adbf,tunisieannonce,500.0,70.0,1.0,La Soukra,TUNIS,north,La Soukra,Rent,Apartment,36.885212,10.245301,Chambre à coucher avec balcon|Climatisé|Entrée indépendante|Internet|Salle d'eau|Salon avec kitchenette|meuble,90,HIGH,1.5,False,False,unchanged,0.0,7.14,2026-03-27T16:18:16.176725
tunisieannonce_1e70f780bee1,tunisieannonce,500000.0,,,Ain El Asker,TUNIS,north,Jebel Jelloud,Sale,Land,36.7667,10.1833,terrain agr,60,GOOD,1.0,False,False,unchanged,0.0,,2026-03-26T16:30:13.523245
tunisieannonce_1e18206c3c16,tunisieannonce,2999.0,150.0,1.0,Chotrana 3,TUNIS,north,Jebel Jelloud,Rent,Villa,36.7667,10.1833,abri de voiture|air conditioning|chauffage central|climatisation|garden|heating central|jardin|meuble|piscine|pool,100,HIGH,1.5,False,False,unchanged,0.0,19.99,2026-03-26T15:41:07.290476
tunisieannonce_1d844da68565,tunisieannonce,700.0,40.0,2.0,Ezzahra,TUNIS,north,Ezzahra,Rent,Commercial,36.743,10.308,local commercial,85,HIGH,1.5,False,False,new,,17.5,2026-03-27T16:10:51.357490
tunisieannonce_1ebcf166d6d9,tunisieannonce,250000.0,140.0,2.0,El Mourouj,TUNIS,north,El Mourouj,Sale,Apartment,36.7405,10.2042,balcon|chambres à coucher|cuisine|salle de bain|salon|séchoir,100,HIGH,1.5,False,False,new,,1785.71,2026-03-27T16:14:46.944694
tunisieannonce_1de5f54fc5f2,tunisieannonce,192000.0,400.0,,Soliman,TUNIS,north,Soliman,Sale,Land,36.7,10.4833,accessibilité|accès_tunis_centre|assainissement|compromis_proximite_urbaine|compromis_serenity_residentielle|eau_potable|environnement|form|gaz_naturel|jardin|proximité_commerces|proximité_jardin|proximité_lycée|proximité_mosquée|proximité_technopôle|proximité_université|proximité_école|réseau_télécom|situation|surface_area|titre_foncier_individu|viabilisation|éclairage_public|électricité,100,HIGH,1.5,False,False,unchanged,0.0,480.0,2026-03-26T15:42:03.849826
tunisieannonce_1ebef9329f55,tunisieannonce,145000.0,160.0,,Hammamet,TUNIS,north,Hammamet,Sale,Other,36.4,10.6167,av 2 garages commerciale|compteur d'eau|compteurs d'électricité|garage|route goudronné|superficie: 160m,90,HIGH,1.5,False,False,new,,906.25,2026-03-27T15:07:05.084880
tunisieannonce_204c53062245,tunisieannonce,420.0,60.0,1.0,Ain Zaghouan,TUNIS,north,Zaghouan,Rent,Villa,36.4025,10.1431,1 chambre à coucher|chauffage central|climatisation|climatiseur|connexion internet wifi haut débit|cuisine bien équipée|linge de maison|luxueux appartement|meuble|micro-onde|nouvelle résidence gardée jour et nuit|plaque chauffante|possibilité denvoyer dautres photos loyer|richement meublé|réfrigérateur|salle de bain avec baignoire|salon,90,HIGH,1.5,False,False,new,,7.0,2026-03-27T14:29:20.829349
tunisieannonce_1f37519a89e6,tunisieannonce,1500.0,750.0,3.0,Jardins De Carthage,TUNIS,north,Carthage,Sale,Land,36.8536,10.3256,appartements|autorisation r+2|haut standing|jardin|jardins de carthage|local commercial (lavage auto)|revenu locatif|terrain|villa,80,GOOD,1.0,True,False,new,,2.0,2026-03-27T16:14:56.084648
tunisieannonce_204f1325be7c,tunisieannonce,600.0,80.0,2.0,La Mannouba,TUNIS,north,Mannouba,Rent,Villa,36.8097,10.0928,terrasse,75,GOOD,1.0,False,False,unchanged,0.0,7.5,2026-03-26T23:43:04.857189
tunisieannonce_1fdf4710fc27,tunisieannonce,8500.0,350.0,4.0,Berge Du Lac,TUNIS,north,Jebel Jelloud,Rent,Villa,36.7667,10.1833,air conditioning|bathroom|bedroom|cellar|chauffage central|climatisation|dining room|heating|kitchen|living room|parking|piscine|pool|service suite|shared bathroom|suites,90,HIGH,1.5,False,False,unchanged,0.0,24.29,2026-03-27T15:05:09.505337
tunisieannonce_1fda1700362b,tunisieannonce,150000.0,95.0,4.0,Cite Oplympique,TUNIS,north,Jebel Jelloud,Sale,Other,36.7667,10.1833,4 eme etage|ascenseur|chauffage central|salle d'eau|salle de bain|titre bleu,100,HIGH,1.5,False,False,new,,1578.95,2026-03-27T15:22:53.602066
tunisieannonce_2064e0d11027,tunisieannonce,1100.0,60.0,1.0,Chotrana 1,TUNIS,north,Jebel Jelloud,Rent,Apartment,36.7667,10.1833,balcon|kitchenette|salle de douche,90,HIGH,1.5,False,False,new,,18.33,2026-03-27T14:23:35.107071
tunisieannonce_1f6687c3a8e0,tunisieannonce,5500.0,230.0,4.0,Montplaisir,TUNIS,north,Jebel Jelloud,Rent,Commercial,36.7667,10.1833,230 m²|ascenseur|bureau de direction|climatisation|climatisation en split système chaud et froid|deux bureaux individuels|espace de detente|hall de réception|lumineux|meuble|plateau de bureaux|salle de réunion|salles d'eau,90,HIGH,1.5,False,False,new,,23.91,2026-03-27T14:31:45.519108
tunisieannonce_1ff37ccbab86,tunisieannonce,150000.0,70.0,4.0,Bab Bhar,TUNIS,north,Bab Bhar,Sale,Apartment,36.7981,10.1803,balcon|chambres à coucher|cuisine|meuble|salle d'eau avec douche|salon,95,HIGH,1.5,False,False,new,,2142.86,2026-03-27T15:40:06.169767
tunisieannonce_205474692b7f,tunisieannonce,900000.0,500.0,,Chatt Meriem,TUNIS,north,Jebel Jelloud,Sale,Land,36.7667,10.1833,altitude 70 m par rapport au niveau de la mer|olives|présence d'électricité|terrain agricole|vue mer,90,HIGH,1.5,False,False,unchanged,0.0,1800.0,2026-03-26T18:16:46.721870
tunisieannonce_1ec739739319,tunisieannonce,800000.0,140.0,2.0,Marsa Safsaf,TUNIS,north,Jebel Jelloud,Sale,Commercial,36.7667,10.1833,accueil soigné|cuisine méditerranéenne fusion|restaurant|terrasse|terrasse arborée,80,GOOD,1.0,True,False,unchanged,0.0,5714.29,2026-03-27T14:21:46.797607
tunisieannonce_2266ec683b77,tunisieannonce,1200.0,450.0,3.0,Cite Ennasr 2,TUNIS,north,Jebel Jelloud,Sale,Land,36.7667,10.1833,150*3|3 familles|450 m2|couvert|etage|familiale|jardin|rdc|rez-de-jardin|terrain|villa,80,GOOD,1.0,True,False,new,,2.67,2026-03-27T16:09:13.348608
tunisieannonce_21151b08bf87,tunisieannonce,1250.0,110.0,2.0,El Aouina,TUNIS,north,Jebel Jelloud,Rent,Apartment,36.7667,10.1833,ascenseur|balcon|chauffage central|climatisation|climatiseur|cuisine ouverte équipée de hôte|dressing|etage: 1er étage avec ascenseur|parking|place parking|plaque et four|salle de douche|salon avec balcon|sous sol,90,HIGH,1.5,False,False,unchanged,0.0,11.36,2026-03-26T23:42:32.915200
tunisieannonce_21f132bb3b93,tunisieannonce,1700.0,800.0,,Sidi Daoud,TUNIS,north,Jebel Jelloud,Sale,Land,36.7667,10.1833,deux façade|prix|terrain|titre foncier urbain individuel r+4,80,GOOD,1.0,True,False,unchanged,0.0,2.12,2026-03-26T16:13:57.247641
tunisieannonce_225687ad3f48,tunisieannonce,600000.0,630.0,3.0,Borj Touil,TUNIS,north,Jebel Jelloud,Sale,Villa,36.7667,10.1833,area|electricity|water,95,HIGH,1.5,False,False,new,,952.38,2026-03-27T16:08:02.691045
tunisieannonce_22443521e2c1,tunisieannonce,1400.0,70.0,3.0,Cite Des Juges 2,TUNIS,north,Jebel Jelloud,Rent,Apartment,36.7667,10.1833,balcon|chambre à coucher|chauffage central|climatisation|cuisine très bien agencée|salle de bain|salon avec balcon et sans vis à vis,90,HIGH,1.5,False,False,unchanged,0.0,20.0,2026-03-26T17:57:24.734809
tunisieannonce_20a33d20e091,tunisieannonce,1246.0,400.0,3.0,Borj Louzir,TUNIS,north,Jebel Jelloud,Sale,Land,36.7667,10.1833,construction_residence|construction_villa|dimension_of_the_terrain|good_neighborliness|promotion_immobiliere|r2_vocation|surface_area|terrain|title_individual,80,GOOD,1.0,True,False,new,,3.12,2026-03-27T14:54:06.650710
tunisieannonce_20ac74ff6bb6,tunisieannonce,600.0,30.0,1.0,El Menzah 6,TUNIS,north,El Menzah,Rent,Villa,36.8528,10.1703,2 minutes de la cité jamil|30 m²|emplacement stratégique|meuble|minute du lycée menzah6|proche de toutes commodités|rez-de-chaussée d'une villa|rue ammar ibn yasser|s+1|studio meublé,90,HIGH,1.5,False,False,new,,20.0,2026-03-27T15:20:08.311390
tunisieannonce_206a0f6d3c38,tunisieannonce,4300.0,400.0,1.0,Chotrana 1,TUNIS,north,Jebel Jelloud,Rent,Villa,36.7667,10.1833,four|garage|garden|hotte|jardin|kitchen|piscine|swimming pool,100,HIGH,1.5,False,False,unchanged,0.0,10.75,2026-03-26T16:00:16.741436
tunisieannonce_20b9dd39bfaf,tunisieannonce,730.0,75.0,1.0,Jardins D'El Menzah,TUNIS,north,El Menzah,Rent,Land,36.8528,10.1703,chauffage central|close to x3 and roundabout of the fair|garden|heating central|jardin|wb4320,90,HIGH,1.5,False,False,unchanged,0.0,9.73,2026-03-26T17:44:08.885606
tunisieannonce_211d1037152f,tunisieannonce,1300.0,400.0,1.0,La Soukra,TUNIS,north,La Soukra,Rent,Commercial,36.885212,10.245301,storage|surfaces,90,HIGH,1.5,False,False,unchanged,0.0,3.25,2026-03-27T15:18:00.524324
tunisieannonce_23bb32ae5379,tunisieannonce,950000.0,600.0,2.0,Hergla,TUNIS,north,Hergla,Sale,Land,36.0333,10.5,appartements|chambres|chauffage central|climatisation|cuisine|entrée de voiture abritée|garage|jardin|photovoltaïque|piscine|salle d'eau|salles de bain|sous-sol|surface couverte|terrain|villa|étage,100,HIGH,1.5,False,False,new,,1583.33,2026-03-27T15:18:24.403130
tunisieannonce_23cb610ae33c,tunisieannonce,1200.0,1000.0,,Sidi Daoud,TUNIS,north,Jebel Jelloud,Sale,Land,36.7667,10.1833,indivi r+2|terrain|titre foncier urbaine,85,HIGH,1.5,True,False,unchanged,0.0,,2026-03-26T16:02:05.703940
tunisieannonce_24e6961d6bbd,tunisieannonce,135000.0,300.0,1.0,Bou Mhel,TUNIS,north,Jebel Jelloud,Sale,Other,36.7667,10.1833,belle vue|emplacement calme|jebel bouguarnin|r+2,95,HIGH,1.5,False,False,unchanged,0.0,450.0,2026-03-27T15:22:03.335211
tunisieannonce_24778fd25bad,tunisieannonce,850.0,75.0,1.0,Cite Ennasr 2,TUNIS,north,Jebel Jelloud,Rent,Other,36.7667,10.1833,balcon|chauffage central|climatisation|salle de bain|sechoir,90,HIGH,1.5,False,False,unchanged,0.0,11.33,2026-03-26T18:19:15.526188
tunisieannonce_237015c5442e,tunisieannonce,6500.0,280.0,3.0,Gammart,TUNIS,north,Jebel Jelloud,Rent,Apartment,36.7667,10.1833,"ascenseur|buanderie|chauffage par le sol|climatisation|climatisation centrale|cuisine entièrement équipée|deuxième cuisine|meuble|parking|place de parking au sous-sol|salle d'eau pour invités|salle à manger|salon|suite parentale avec dressing, salle de bain et terrasse|suites junior avec dressings, salles de douche et balcons|séjour|terrasse|terrasse avec vue sur mer|vue imprenable sur la mer|vue mer",80,GOOD,1.0,True,False,unchanged,0.0,23.21,2026-03-27T15:50:44.827067
tunisieannonce_22911a35b148,tunisieannonce,1200.0,280.0,3.0,Bou Mhel,TUNIS,north,Jebel Jelloud,Rent,Commercial,36.7667,10.1833,bloc sanitaire|dépôt ou atelier|first floor|local|surface 280m2,90,HIGH,1.5,False,False,new,,4.29,2026-03-27T14:54:15.286937
tunisieannonce_23a69b74d64c,tunisieannonce,632000.0,166.0,1.0,Ain Zaghouan,TUNIS,north,Zaghouan,Sale,Apartment,36.4025,10.1431,air conditioning|ascenseur|balcony|chauffage central|climatisation|double ascenseurs|dressing room|heating central|parking|piscine|swimming pool|terrasse,70,GOOD,1.0,False,True,new,,3807.23,2026-03-27T14:33:48.438723
tunisieannonce_25119f836bbd,tunisieannonce,440000.0,113.0,1.0,Bou Mhel,TUNIS,north,Jebel Jelloud,Sale,Land,36.7667,10.1833,basement|duplex|meuble|surface bâtie|terrain|terrasse,100,HIGH,1.5,False,False,new,,3893.81,2026-03-27T15:24:30.720780
tunisieannonce_250b89ec7525,tunisieannonce,2800.0,,3.0,Hammamet,TUNIS,north,Hammamet,Rent,Villa,36.4,10.6167,air conditioning|chauffage central|climatisation|heating central|machine to cook|machine to wash|piscine|pool,95,HIGH,1.5,False,False,unchanged,0.0,,2026-03-26T15:48:26.318532
tunisieannonce_233dbc2d1cce,tunisieannonce,1500.0,120.0,1.0,Cite Essaada (Riadh Andalous),TUNIS,north,Jebel Jelloud,Rent,Apartment,36.7667,10.1833,archi. equipee|chauffage central|chauffage centrale|clims|cuisine|deux chambres a coucher avec dressings|deux salkes de bain|haut standing|libre de suite|parking|salle d'eau|sechoir spacieux|suite parents|terrasse|terrasse privee|vue sur grand tunis,85,HIGH,1.5,False,False,new,,12.5,2026-03-27T16:06:03.850458
tunisieannonce_254e683e6a6f,tunisieannonce,6000.0,450.0,6.0,Marsa Ennassim,TUNIS,north,Jebel Jelloud,Rent,Commercial,36.7667,10.1833,chauffage central|climatisation|climatisation split|garage|garden|heating central|jardin|meuble|piscine|swimming pool|villa,90,HIGH,1.5,False,False,unchanged,0.0,13.33,2026-03-27T15:15:11.595234
tunisieannonce_251de01c5c48,tunisieannonce,165000.0,140.0,2.0,El Yasminette,TUNIS,north,Jebel Jelloud,Sale,Villa,36.7667,10.1833,cuisine bien équipée|garage|garage de voiture|manchar|placard|salle de bain|salon|trois chambres à coucher,100,HIGH,1.5,False,False,unchanged,0.0,1178.57,2026-03-26T15:28:31.241125
tunisieannonce_26d2b20ece46,tunisieannonce,500.0,,3.0,Habib Thameur,TUNIS,north,Jebel Jelloud,Sale,Commercial,36.7667,10.1833,reception|salle d'eau,65,GOOD,1.0,True,False,new,,,2026-03-27T15:15:03.788173
tunisieannonce_26ac0a6b9e4d,tunisieannonce,115000.0,680.0,,Hammamet,TUNIS,north,Hammamet,Sale,Land,36.4,10.6167,emplacement|oliviers|terrain,90,HIGH,1.5,False,False,unchanged,0.0,169.12,2026-03-26T18:06:00.605969
tunisieannonce_26fbfd4252b3,tunisieannonce,150000.0,3000.0,,Bir Mcherga,TUNIS,north,Bir Mcherga,Sale,Land,36.5167,10.0,fertile|force|nappe riche d'eau|papier en règle|sonede|steg monophasé|terrain agricole,90,HIGH,1.5,False,False,unchanged,0.0,50.0,2026-03-26T16:28:21.184176
tunisieannonce_254c4a889414,tunisieannonce,1300.0,100.0,3.0,Berge Du Lac,TUNIS,north,Jebel Jelloud,Sale,Commercial,36.7667,10.1833,accueil|autre salle d'eau|direction|grand bureau|kitchenette|parking|place de parking au sous sol|salle d'eau privée,90,HIGH,1.5,True,False,unchanged,0.0,13.0,2026-03-26T15:59:43.392383
tunisieannonce_25d411608b25,tunisieannonce,8000.0,,3.0,Sidi Bousaid,TUNIS,north,Jebel Jelloud,Rent,Commercial,36.7667,10.1833,buanderie|chauffage central|climatisation|climatisers|garden|heating central|jardin|meuble|piscine|pool|terrace|terrasse,85,HIGH,1.5,False,False,new,,,2026-03-27T14:39:29.800456
tunisieannonce_2594aa9a5098,tunisieannonce,3300.0,400.0,2.0,El Manar 1,TUNIS,north,Jebel Jelloud,Rent,Villa,36.7667,10.1833,2 chambres à couche|caméras de surveillance|chauffage central|citerne deau|climatisation|cuisine équipée|dressing|garage|jardin|salle d'eau|salle à manger|salon|sejour|suite parentale|système dalarme|séchoir,90,HIGH,1.5,False,False,unchanged,0.0,8.25,2026-03-27T15:34:06.650745
tunisieannonce_26d7b8c2d99e,tunisieannonce,600.0,85.0,2.0,Ezzahra El Habib,TUNIS,north,Ezzahra,Rent,Apartment,36.743,10.308,,85,HIGH,1.5,False,False,unchanged,0.0,7.06,2026-03-26T15:19:27.673541
tunisieannonce_2592ac8b6838,tunisieannonce,3000.0,150.0,3.0,Marsa Safsaf,TUNIS,north,Jebel Jelloud,Rent,Apartment,36.7667,10.1833,cuisine|deux chambres à coucher|dressing|meuble|meublé|parking|place de parking|salle de bain commune|salle de douche|salle à manger|salon,90,HIGH,1.5,False,False,unchanged,0.0,20.0,2026-03-27T15:36:01.335828
tunisieannonce_27646b9bca13,tunisieannonce,2800.0,2026.0,1.0,Gammart,TUNIS,north,Jebel Jelloud,Rent,Villa,36.7667,10.1833,balcon|chambre de service|cuisine équipée|deux chambres|garage|jardin|salle d'eau|salle polyvalente|salon|sous-sol|suite parentale|villa,90,HIGH,1.5,False,False,unchanged,0.0,1.38,2026-03-26T23:11:50.575764
tunisieannonce_2899313f6200,tunisieannonce,198000.0,600.0,,Chotrana 1,TUNIS,north,Jebel Jelloud,Sale,Land,36.7667,10.1833,chotrana|prix du m² 330 dinars|superficie 600 m²|terrain r+2|titre foncier|usage d'habitation,90,HIGH,1.5,False,False,new,,330.0,2026-03-27T15:52:53.681644
tunisieannonce_280e4af72865,tunisieannonce,1300.0,140.0,3.0,El Mourouj,TUNIS,north,El Mourouj,Rent,Villa,36.7405,10.2042,chauffage bain à part|chauffage central|climatisation|cuisine|douche à part|garage|heating central|salle de bain|terrace|terrasse,85,HIGH,1.5,False,False,new,,9.29,2026-03-27T16:08:34.897223
tunisieannonce_28b9e383da44,tunisieannonce,328000.0,595.0,,Cite Chaker,TUNIS,north,Jebel Jelloud,Sale,Land,36.7667,10.1833,595 m2|batir une maison|terrain,90,HIGH,1.5,False,False,unchanged,0.0,551.26,2026-03-26T17:46:02.843579
tunisieannonce_279a906eae74,tunisieannonce,6460.0,310.0,,Berge Du Lac,TUNIS,north,Jebel Jelloud,Sale,Commercial,36.7667,10.1833,bloc sanitaires|caméras de surveillance|gardiens 24/24|haut standing|kitchenettes|meuble|open space|parking|places de parking|point d'eau privé,80,GOOD,1.0,True,False,unchanged,0.0,20.84,2026-03-26T15:57:28.253416
tunisieannonce_289396c5a2d9,tunisieannonce,850.0,2026.0,1.0,El Menzah 9,TUNIS,north,El Menzah,Rent,Villa,36.8528,10.1703,chambre à coucher|chauffage central|climatisation|cuisine|douche|s+1|salle d'eau|salon|studio|terrasse,80,GOOD,1.0,True,False,new,,0.42,2026-03-27T14:22:49.301670
tunisieannonce_2782799597be,tunisieannonce,300000.0,170.0,3.0,Cite El Ghazala 1,TUNIS,north,Jebel Jelloud,Sale,Land,36.7667,10.1833,accès rapide à lautoroute de bizerte|bon voisinage|chauffage central|couvert de 130 m2|cuisine non installée|maison plain pied|pas de chauffage central|possibilité dajouter un deuxième étage|quartier calme|s+3 totalement rénové|terrain de 170 m2|terrasse|terrasse arrière|terrasse avant|titre de copropriété,100,HIGH,1.5,False,False,new,,1764.71,2026-03-27T16:09:04.139890
tunisieannonce_285af69f2076,tunisieannonce,150.0,2026.0,1.0,El Menzah 5,TUNIS,north,El Menzah,Rent,Villa,36.8528,10.1703,appartements|courte durée|longue durée|meuble|meublé|studios|vide|villas,75,GOOD,1.0,True,False,unchanged,0.0,0.07,2026-03-26T23:44:14.940341
tunisieannonce_2746f71fce56,tunisieannonce,131.0,60.0,1.0,Ezzahra,TUNIS,north,Ezzahra,Rent,Apartment,36.743,10.308,courte durée|meuble|meublé|s+1|studio,90,HIGH,1.5,False,False,new,,2.18,2026-03-27T15:54:27.760296
tunisieannonce_28ab2626be83,tunisieannonce,650000.0,,,Bir Mcherga,TUNIS,north,Bir Mcherga,Sale,Land,36.5167,10.0,bâtiments|entrepot|terrain|villas,60,GOOD,1.0,False,False,unchanged,0.0,,2026-03-26T16:28:12.135701
tunisieannonce_293ac0f53432,tunisieannonce,430000.0,448.0,3.0,El Mourouj,TUNIS,north,El Mourouj,Sale,Commercial,36.7405,10.2042,chambre à coucher|cuisine|grand jardin|grand salon|jardin|kitchenette|local commercial|salle d'eau|salle de bain|salon|studio|trois chambres à coucher|veranda,100,HIGH,1.5,False,False,unchanged,0.0,959.82,2026-03-26T18:12:56.121145
tunisieannonce_28bfe44070ca,tunisieannonce,160000.0,914.0,,Jabbes,TUNIS,north,Jebel Jelloud,Sale,Land,36.7667,10.1833,electricity|water,85,HIGH,1.5,False,False,new,,175.05,2026-03-27T16:05:47.199766
tunisieannonce_28c8ef73a11a,tunisieannonce,240000.0,100.0,3.0,Ezzahra,TUNIS,north,Ezzahra,Sale,Apartment,36.743,10.308,cuisine moderne|deux chambres à coucher confortables|dressing|plage|salle d'eau avec douche|salon spacieux et lumineux|terrasse|terrasse vue sur mer|vue mer,100,HIGH,1.5,False,False,unchanged,0.0,2400.0,2026-03-26T23:33:25.651003
tunisieannonce_2953ab95139c,tunisieannonce,1800.0,65.0,,Bab Bhar,TUNIS,north,Bab Bhar,Sale,Commercial,36.7981,10.1803,65 m²|local commercial|proche de toutes les commodités|s'ouvre sur les deux avenues principaux: avenue de paris et l'habib thameur,70,GOOD,1.0,True,False,unchanged,0.0,27.69,2026-03-26T23:36:27.398625
tunisieannonce_2a7a3e99f07e,tunisieannonce,1900.0,150.0,3.0,El Menzah 6,TUNIS,north,El Menzah,Rent,Apartment,36.8528,10.1703,ascenseur|balcon|bathroom|cellar|chauffage central|garage|heating central|kitchen|s+3|three bedrooms|totally renovated,100,HIGH,1.5,False,False,unchanged,0.0,12.67,2026-03-26T15:17:26.843304
tunisieannonce_296c03b9e55d,tunisieannonce,2300.0,714.0,4.0,Grombalia,TUNIS,north,Grombalia,Sale,Land,36.6,10.5,bâtiment en béton et charpente|eau|gaz de ville|puits|route principale gp1|terrain|transformateurs électriques|usine|électricité,90,HIGH,1.5,True,False,unchanged,0.0,3.22,2026-03-26T16:02:53.686489
tunisieannonce_2a016b563e80,tunisieannonce,930000.0,380.0,3.0,Borj Cedria,TUNIS,north,Jebel Jelloud,Sale,Villa,36.7667,10.1833,air conditioning|aluminum windows|backyard|bathroom with bathtub|chauffage central|climatisation|dressings|entrance for multiple cars|equipped kitchens|garage|heating central|jardin|kitchen|large garden|s+1 on third floor with terrace|s+3 on first floor|s+3 on second floor|spacious apartment|staircase to upper floors|terrasse|three rented apartments,100,HIGH,1.5,False,False,new,,2447.37,2026-03-27T14:47:52.229702
tunisieannonce_2a043ebc423a,tunisieannonce,1800.0,20.0,2.0,El Menzah 6,TUNIS,north,El Menzah,Rent,Apartment,36.8528,10.1703,climatisation|climatise|meuble,80,GOOD,1.0,True,False,new,,90.0,2026-03-27T15:22:19.542288
tunisieannonce_29bebb7c34c2,tunisieannonce,110000.0,80.0,3.0,Cite Ennouzha,TUNIS,north,Jebel Jelloud,Sale,Other,36.7667,10.1833,4 eme etage|ascenseur|s plus 3|sans ascenseur,100,HIGH,1.5,False,False,new,,1375.0,2026-03-27T14:22:58.735892
tunisieannonce_2a2c2895ebbd,tunisieannonce,3500.0,150.0,4.0,Cite El Hana,TUNIS,north,Jebel Jelloud,Rent,Villa,36.7667,10.1833,balcon|chambre de service|chauffage central|climatisation|cuisine|deux chambres à coucher|dressing|four|garage|hotte|jardin|plaque|salle d'eau|salon|semi central heating|sous-sol|suite parentale|villa,90,HIGH,1.5,False,False,new,,23.33,2026-03-26T23:24:30.097512
tunisieannonce_2a7d825c835b,tunisieannonce,1300.0,120.0,2.0,El Aouina,TUNIS,north,Jebel Jelloud,Rent,Apartment,36.7667,10.1833,chauffage central|cuisine bien agence|deux chambres a couchées|jardin|jardins|s+2|salle de bain|salon|séchoir,90,HIGH,1.5,False,False,new,,10.83,2026-03-27T15:19:08.190236
tunisieannonce_2bbdafd0cd98,tunisieannonce,550.0,2026.0,1.0,Cite Ennasr 2,TUNIS,north,Jebel Jelloud,Rent,Commercial,36.7667,10.1833,bureau|chaise de direction|chauffage central|climatisation|climatiseur|contrat de domiciliation|deux chaises visiteurs|eau|facture|fibre optique haut débit|grand rangement|meuble|ménage 1 fois/semaine|table basse|électricité,90,HIGH,1.5,True,False,unchanged,0.0,0.27,2026-03-26T15:26:15.281444
tunisieannonce_2b2bcb8277dd,tunisieannonce,195000.0,290.0,,Hammamet,TUNIS,north,Hammamet,Sale,Other,36.4,10.6167,av 3 garages commerciale|compteur d'eau|compteur d'électricité|garage|route goudronné|superficie: 290m,90,HIGH,1.5,False,False,unchanged,0.0,672.41,2026-03-26T18:06:27.155142
tunisieannonce_2abffe744fb3,tunisieannonce,3000.0,150.0,3.0,Cite Du Stade,TUNIS,north,Jebel Jelloud,Rent,Apartment,36.7667,10.1833,air conditioning|balcon|bathroom|bedroom|chauffage central|climatisation|dressing|dressings|four|heating central|hotte|kitchen|lave-vaisselle|parking|patio|plaque|shower|split-system|suite parentale,90,HIGH,1.5,False,False,unchanged,0.0,20.0,2026-03-26T23:12:38.317552
tunisieannonce_2b4be0228e1d,tunisieannonce,1800.0,65.0,2.0,Cite Ennasr 2,TUNIS,north,Jebel Jelloud,Rent,Apartment,36.7667,10.1833,climatisation|climatiser / chauffer|courte durée|haut standing|meuble|meublé|résidence gardée|studio,90,HIGH,1.5,False,False,new,,27.69,2026-03-27T15:33:14.880863
tunisieannonce_2ba0f59cff79,tunisieannonce,3800.0,455.0,7.0,Mutuelle Ville,TUNIS,north,Jebel Jelloud,Rent,Villa,36.7667,10.1833,2 suites|chauffage central|climatisation|climatiseurs|cuisine moderne|dressing|grand jardin|jardin|salle d'eau|salle d'eau invités|salle de bain|salon salle à manger|séjour séparé|villa,90,HIGH,1.5,False,False,unchanged,0.0,8.35,2026-03-26T23:32:42.382105
tunisieannonce_2a8a9b13d0e8,tunisieannonce,4500.0,500.0,7.0,El Menzah 9,TUNIS,north,El Menzah,Rent,Villa,36.8528,10.1703,bathroom|bathroom guest|bedroom|boiler room|chauffage central|climatisation|dining area|dining room|dressing|garage|garden shed|haut standing|jardin|kitchen|laundry room|living room|panoramic terrace|piscine|portail|sejour|service yard|studio|suite junior|suite parentale|terrace|terrasse|three bedrooms|villa,90,HIGH,1.5,False,False,new,,9.0,2026-03-27T16:13:27.462736
tunisieannonce_2c30b584efa7,tunisieannonce,220000.0,100.0,2.0,El Mourouj,TUNIS,north,El Mourouj,Sale,Villa,36.7405,10.2042,2 étages|compteurs steg sonède indépendants|cuisine|deux chambres a coucher|douche|salle de bain|salon spacieuse|veranda,100,HIGH,1.5,False,False,new,,2200.0,2026-03-27T16:14:29.970972
tunisieannonce_2c48776a456c,tunisieannonce,290000.0,265.0,,El Menzah 9,TUNIS,north,El Menzah,Sale,Land,36.8528,10.1703,certificat de propriété|piscine|r+2|terrain|viabilisé|villa,90,HIGH,1.5,False,False,unchanged,0.0,1094.34,2026-03-27T15:19:44.421824
tunisieannonce_2ab3cdce6860,tunisieannonce,250000.0,120.0,4.0,Cite Oplympique,TUNIS,north,Jebel Jelloud,Sale,Other,36.7667,10.1833,3 eme etage|ascenseur|s plus 3|salle d'eau|salle de bain,100,HIGH,1.5,False,False,new,,2083.33,2026-03-27T14:24:09.187563
tunisieannonce_2c6e42e55188,tunisieannonce,8500.0,,3.0,Gammart,TUNIS,north,Jebel Jelloud,Rent,Villa,36.7667,10.1833,chambre de service|coin séjour|cuisine équipée|deux chambres à coucher|grand salon salle à manger|jardin|meuble|new|s +3 meublée|salle d'eau pour les invités|salle de bain commune|suite parentale avec une vue dégagée sur la mer|vue panoramique sur la mer,85,HIGH,1.5,False,False,unchanged,0.0,,2026-03-26T18:07:42.248561
tunisieannonce_2cdcec61d586,tunisieannonce,9500.0,700.0,1.0,Berge Du Lac,TUNIS,north,Jebel Jelloud,Rent,Villa,36.7667,10.1833,3 levels|3 suites juniores|700m²|facebook l'intégrale immo|garage|garage for 4 cars|grand jardin|grande cuisine|jardin|large salon|location|salle à manger|sejour|suite parentale|villa,90,HIGH,1.5,False,False,unchanged,0.0,13.57,2026-03-26T23:13:04.249184
tunisieannonce_2ed67fd520a3,tunisieannonce,680000.0,600.0,,Sidi Bou Ali,TUNIS,north,Sidi Bou Ali,Sale,Land,35.9833,10.4667,arbres fruités|arbres oliviers|clôturé|petite studio|puits|route goudronnée|sondage|systèmes d'irrigation goutte à goutte|terrain|titré|électricité,90,HIGH,1.5,False,False,new,,1133.33,2026-03-27T15:29:27.783545
tunisieannonce_2c93a34a2c86,tunisieannonce,280000.0,120.0,2.0,El Aouina,TUNIS,north,Jebel Jelloud,Sale,Commercial,36.7667,10.1833,"2 bedrooms|ascenseur|bathroom|comfortable|elevator|lumineux|modern|parking|proximity to amenities (schools, shops, roads)|residence well-maintained|sechoir|shower room|spacious|strategic location",100,HIGH,1.5,False,False,new,,2333.33,2026-03-27T14:26:12.707571
tunisieannonce_2ec88ce3f168,tunisieannonce,231000.0,420.0,,Soliman,TUNIS,north,Soliman,Sale,Land,36.7,10.4833,150 mètres de la plage|attestation de propriété|centre accessible en 25 minutes via la nouvelle autoroute|eau potable|ensoleillement|forme carrée|gaz de ville|haut standing|localisation privilégiée|orientation sud-est|proximité des complexes hôteliers et des zones de loisirs|r+2|réseau dassainissement|résidentielle|sol sablonneux stable|surface|terrain entièrement viabilisé|titre foncier individuel|type|télécommunications|voirie aménagée (trottoirs et chaussée)|éclairage public|électricité,100,HIGH,1.5,False,False,unchanged,0.0,550.0,2026-03-26T15:50:25.750181
tunisieannonce_2e593fd4ba10,tunisieannonce,25500.0,800.0,5.0,Tunis Belvedere,TUNIS,north,Jebel Jelloud,Sale,Commercial,36.7667,10.1833,11 office rooms per level|1800 m² covered surface|2 bathrooms per level|2 office rooms|244 m² per level|3 water points|300 m² ground floor|5 levels|5 office rooms|air conditioning|ascenseur|climatisation|elevator|grand hall of reception|large room|meuble|open space|sub-basement|very well-located|well-maintained,80,GOOD,1.0,True,False,new,,31.88,2026-03-27T15:11:18.497183
tunisieannonce_2dbdbed11011,tunisieannonce,277000.0,631.0,,Borj Touil,TUNIS,north,Jebel Jelloud,Sale,Land,36.7667,10.1833,terrain|title,90,HIGH,1.5,False,False,unchanged,0.0,438.99,2026-03-26T23:46:38.405924
tunisieannonce_2ea4acb7a101,tunisieannonce,275000.0,210.0,,Sahloul,TUNIS,north,Jebel Jelloud,Sale,Land,36.7667,10.1833,4 zone a f h|r + 2|sahloul|surface 210 m²|terrain nu|titre foncier|villa jumelé,85,HIGH,1.5,False,False,new,,1309.52,2026-03-27T16:15:24.498113
tunisieannonce_2c8c50023f98,tunisieannonce,900.0,90.0,3.0,Sidi Daoud,TUNIS,north,Jebel Jelloud,Rent,Apartment,36.7667,10.1833,chambre à coucher|cuisine équipée|dressing|garage|garage privatif|salle de douche|salon,90,HIGH,1.5,False,False,unchanged,0.0,10.0,2026-03-27T15:54:43.630623
tunisieannonce_2cd9f4474d25,tunisieannonce,550000.0,330.0,2.0,Mornaguia,TUNIS,north,Mornaguia,Sale,Land,36.7833,9.95,chauffage central|climatisation|couvert|cuisine|des dressings|deux climatiseurs|débarra|garage|garage avec une porte électrique|grand dressing|grand salon|grand salon avec balcon|grande chambre parental|grande cuisine équipée|haut standing|jardin|meuble|petit jardin|possibilité de vendre la villa avec tous le meubles|sall d'eau|salle de bain|salle à manger|sondage|séjour|terrain|titres foncier individuel|trois autres chambres à couché|trois climatiseurs|véranda|énergie solaire,100,HIGH,1.5,False,False,new,,1666.67,2026-03-27T16:20:17.574574
tunisieannonce_308e5098a710,tunisieannonce,550.0,2026.0,,El Manar 2,TUNIS,north,Jebel Jelloud,Rent,Apartment,36.7667,10.1833,chaise|chauffage central|coin kitchenette équipée par gaz plaque haute four frigo|douche|emplacement chic calme et sécurisé|grand lit|meuble|parabole|parking|parking clôturé|placard|proche de toutes les commodités|salle d eau|table|tv plasma|wifi,65,GOOD,1.0,True,False,unchanged,0.0,0.27,2026-03-26T17:47:52.330697
tunisieannonce_2f48e42708d9,tunisieannonce,150.0,60.0,1.0,El Manar 1,TUNIS,north,Jebel Jelloud,Rent,Apartment,36.7667,10.1833,meuble|meublé,85,HIGH,1.5,False,False,new,,2.5,2026-03-27T15:02:35.690369
tunisieannonce_3038f28f5a0c,tunisieannonce,7500.0,370.0,2.0,Republique,TUNIS,north,Jebel Jelloud,Sale,Land,36.7667,10.1833,ascenseur|central heating|climatisation|détection incendie|elevator|meuble|staircase,80,GOOD,1.0,True,False,new,,20.27,2026-03-27T14:33:31.582505
tunisieannonce_2f57b0ccb302,tunisieannonce,123000.0,410.0,,Raoued,TUNIS,north,Raoued,Sale,Land,36.908,10.2,grand port financier de tunis nord golf finance house|plage|studio|terrain|zone d avenir,85,HIGH,1.5,False,False,unchanged,0.0,300.0,2026-03-26T23:37:50.192251
tunisieannonce_2fbb272e7eeb,tunisieannonce,250000.0,130.0,1.0,Sousse,TUNIS,north,Sidi El Heni,Sale,Commercial,35.6756,10.3106,animé|centre ville|commerciale|fonds de commerce|fonds et murs|pharmacie zaoui|salon de thé,100,HIGH,1.5,False,False,unchanged,0.0,1923.08,2026-03-26T23:37:02.245167
tunisieannonce_305e2eb89baf,tunisieannonce,2500.0,100.0,,Berge Du Lac,TUNIS,north,Jebel Jelloud,Sale,Commercial,36.7667,10.1833,autre salle d'eau|climatisé|fibre optique|haut standing|kitchenette|salle d'eau privative,80,GOOD,1.0,True,False,unchanged,0.0,25.0,2026-03-26T15:55:13.628475
tunisieannonce_302bf775ffd6,tunisieannonce,500000.0,210.0,4.0,Cite El Ghazala 1,TUNIS,north,Jebel Jelloud,Sale,Villa,36.7667,10.1833,bathroom|bedroom|duplex|garden|independent entrance|jardin|kitchen|living room|parking|seating area|shower|suite,100,HIGH,1.5,False,False,unchanged,0.0,2380.95,2026-03-26T16:10:28.217677
tunisieannonce_303785b68428,tunisieannonce,155000.0,57.0,1.0,Bou Mhel,TUNIS,north,Jebel Jelloud,Sale,Apartment,36.7667,10.1833,chambre à coucher|chauffage central|climatisation|climatiseur|cuisine américaine|salle de bain|salon,95,HIGH,1.5,False,False,unchanged,0.0,2719.3,2026-03-27T15:14:29.568297
tunisieannonce_2fadf3e06544,tunisieannonce,3500.0,200.0,6.0,Mutuelle Ville,TUNIS,north,Jebel Jelloud,Sale,Commercial,36.7667,10.1833,6 pièces de bureau|artère principale|deux salles d'eau|emplacement stratégique|kitchenette|sup 300 m²|usage de bureaux|villa,80,GOOD,1.0,True,False,unchanged,0.0,17.5,2026-03-26T17:43:41.572990
tunisieannonce_2fda92328987,tunisieannonce,650000.0,270.0,2.0,Cite El Bochra,TUNIS,north,Jebel Jelloud,Sale,Land,36.7667,10.1833,1ér étage|2chambres avec salle de bain|2jardins|4climatiseurs|chauffage central|climatisation|cuisine équipée|entrée 4 voitures|façade|garage|hall avec dressing|jardin|porte garage avec commande|prés toutes commodités|résidence gardée jour et nuit|salle d'eau avec douche|salle de séjour avec balcon|salle à manger|salon|sondage|suite parentale avec salle de bain et dressing|superficie bâtie|système de surveillance|terrain|terrasse|terrasse couverte|villa style américain,100,HIGH,1.5,False,False,new,,2407.41,2026-03-26T23:21:00.821978
tunisieannonce_31ae222e9443,tunisieannonce,17000.0,2026.0,3.0,Cite Ennasr 1,TUNIS,north,Jebel Jelloud,Sale,Other,36.7667,10.1833,accès facile et sécurisé|emplacement stratégique|manque de stationnement|parking|place de parking|proche de centre médical violette et clinique amilcar|quartier très demandé|résidence gardée / avec portail automatique|résidence sécurisée|sous-sol,80,GOOD,1.0,True,False,unchanged,0.0,8.39,2026-03-26T23:40:43.709754
tunisieannonce_312923c4d7dd,tunisieannonce,2500.0,400.0,3.0,Marsa Safsaf,TUNIS,north,Jebel Jelloud,Rent,Other,36.7667,10.1833,chauffage central|climatisation|cuisine moderne équipée (plaque et hotte)|facile d'accès|jardin|joli jardin privé|luminosité naturelle|quartier calme|rez de chaussée|salle d'eau contemporaine avec douche à l'italienne|sécurisé|terrasse|trois grandes chambres aérées|vastre terrasse sans vis à vis|volumes généreux,90,HIGH,1.5,False,False,unchanged,0.0,6.25,2026-03-26T17:56:55.133876
tunisieannonce_3324c774bc68,tunisieannonce,1000.0,100.0,2.0,Jardins D'El Menzah,TUNIS,north,El Menzah,Rent,Apartment,36.8528,10.1703,app s+2|chauffage central|cuisine intalee|haut standing|meuble|parking,90,HIGH,1.5,False,False,new,,10.0,2026-03-27T16:03:14.254270
tunisieannonce_323d39bd4f90,tunisieannonce,3900.0,130.0,2.0,Gammart,TUNIS,north,Jebel Jelloud,Rent,Villa,36.7667,10.1833,chambre avec dressing|cuisine entièrement équipée|meuble|salle de bain|salle deau invités|salle à manger|spacious salon|suite parentale avec terrasse|terrasse,90,HIGH,1.5,False,False,unchanged,0.0,30.0,2026-03-27T15:15:28.958558
tunisieannonce_328e00ee69b7,tunisieannonce,900.0,90.0,1.0,El Aouina,TUNIS,north,Jebel Jelloud,Rent,Apartment,36.7667,10.1833,balcon|chauffage central|climatisation|climatiseur|cuisine équipée|deux chambres à coucher|four électrique|jardin|lumineux|placard|plaque à gaz|salle de bain,90,HIGH,1.5,False,False,new,,10.0,2026-03-27T14:48:09.153018
tunisieannonce_31f1737f5415,tunisieannonce,3500.0,250.0,,Sidi Daoud,TUNIS,north,Jebel Jelloud,Sale,Commercial,36.7667,10.1833,height_under_ceiling|loyer|surface,70,GOOD,1.0,True,False,unchanged,0.0,14.0,2026-03-26T23:45:37.716324
tunisieannonce_332e4a5a67cc,tunisieannonce,1000.0,65.0,1.0,Cite Afh,TUNIS,north,Jebel Jelloud,Rent,Commercial,36.7667,10.1833,banques|boulangerie|caméra surveillance|clim climatisée|commerces|concierge 24/7|cuisine|iptv pro|kfé|machine à laver|meuble|parking|parking sous sol|pharmacie|piscine|plage|pres zen|pressing|proche de toutes commodités|restaurant|résd sécurisée|salle de sport|vue mer|vue montagne|wifi,90,HIGH,1.5,False,False,new,,15.38,2026-03-27T15:59:31.011074
tunisieannonce_3097699b393e,tunisieannonce,260000.0,7000.0,,Ain El Asker,TUNIS,north,Jebel Jelloud,Sale,Land,36.7667,10.1833,contact: mr harabi ali|prixe :260 000 dt|route goudronnée|réseaux steg et sonede|surface totale|tel: 22516198|terrain agr|visites sur rdv a l'avance|whatsapp 216 55357150,70,GOOD,1.0,True,False,unchanged,0.0,37.14,2026-03-26T16:33:24.160224
tunisieannonce_32395bd4ca56,tunisieannonce,3800.0,259.0,3.0,Mutuelle Ville,TUNIS,north,Jebel Jelloud,Rent,Villa,36.7667,10.1833,cuisine moderne en open space|environnement calme et sécurisé|espace privatif|garage|grand jardin|haut standing|jardin|proche de toutes commodités|salle d'eau invités|salle de bain|salle à manger|salon|suites parentales avec dressings|séjour|villa s+3,100,HIGH,1.5,False,False,unchanged,0.0,14.67,2026-03-26T16:25:40.185857
tunisieannonce_323d9a4c0f3a,tunisieannonce,1950.0,60.0,1.0,Sidi Daoud,TUNIS,north,Jebel Jelloud,Rent,Villa,36.7667,10.1833,appartment s+1|chambre à coucher avec dressing|chauffage|climatisation|climatisation centrale|cuisine bien équipée|jardin|meuble|meublé|petit jardin|rdc|residence gardée et sécurisée|salle de douche|salon lumineux|surface of 60m²|terrasse,90,HIGH,1.5,False,False,new,,32.5,2026-03-27T14:37:31.722244
tunisieannonce_33c44ec763a8,tunisieannonce,850.0,100.0,4.0,Cite Ennasr 2,TUNIS,north,Jebel Jelloud,Rent,Apartment,36.7667,10.1833,2 chambres à coucher|chauffage central|cuisine|salon salle à manger|sdb,85,HIGH,1.5,False,False,new,,8.5,2026-03-27T14:42:59.142461
tunisieannonce_3460372b56ef,tunisieannonce,1990.0,711.0,2.0,Cite Ennasr 2,TUNIS,north,Jebel Jelloud,Sale,Villa,36.7667,10.1833,3 places de parking|abri de voiture|ascenseur|jardin|parking,90,HIGH,1.5,True,False,unchanged,0.0,2.8,2026-03-26T15:19:17.608601
tunisieannonce_362b9c7463d6,tunisieannonce,1450.0,124.0,1.0,La Soukra,TUNIS,north,La Soukra,Rent,Apartment,36.885212,10.245301,balcon|cuisine équipée|deux chambres à coucher|parking|place de parking au sous-sol|salle d'eau|salle de bain,90,HIGH,1.5,False,False,new,,11.69,2026-03-27T16:17:08.359813
tunisieannonce_351dbe69fad1,tunisieannonce,210000.0,50.0,3.0,Cite Ennasr 2,TUNIS,north,Jebel Jelloud,Sale,Apartment,36.7667,10.1833,ascenseur|résidence calme et sécurisée,100,HIGH,1.5,False,False,unchanged,0.0,4200.0,2026-03-26T16:29:27.952914
tunisieannonce_36edf357b72f,tunisieannonce,2000.0,80.0,2.0,Cite Ennasr 2,TUNIS,north,Jebel Jelloud,Rent,Apartment,36.7667,10.1833,haut standing|meuble|studios meublé,90,HIGH,1.5,False,False,new,,25.0,2026-03-27T15:21:46.318768
tunisieannonce_33b824baf06c,tunisieannonce,550.0,2026.0,1,El Manar 1,TUNIS,north,Jebel Jelloud,Rent,Apartment,36.7667,10.1833,1seule pièce propre|chauffage central|coin kitchenette équipée par gaz plaque haute four frigo|douche|emplacement chic calme et sécurisé|grand lit|meuble|parabole|parking|parking clôturé|placard|proche de toutes les commodités|richement meublé|résidence|salle d eau|table et chaise|tv plasma|wifi,80,GOOD,1.0,True,False,unchanged,0.0,0.27,2026-03-26T17:49:10.942859
tunisieannonce_3648f1b67ee8,tunisieannonce,450.0,40.0,3.0,El Manar 1,TUNIS,north,Jebel Jelloud,Rent,Villa,36.7667,10.1833,entrée indépendante|gaz de ville|studio,90,HIGH,1.5,False,False,unchanged,0.0,11.25,2026-03-26T17:55:04.810062
tunisieannonce_362761486af8,tunisieannonce,190000.0,107.0,3.0,El Menzah 7,TUNIS,north,El Menzah,Sale,Other,36.8528,10.1703,4 eme etage|ascenseur|s plus 3|salle d'eau|salle de bain|sans ascenseur,100,HIGH,1.5,False,False,new,,1775.7,2026-03-27T15:25:58.425079
tunisieannonce_3511b9f00dac,tunisieannonce,350000.0,160.0,,El Menzah 5,TUNIS,north,El Menzah,Sale,Commercial,36.8528,10.1703,artère principale|loyer 5000dt/m|pas de porte|surface totale de 160m²,90,HIGH,1.5,False,False,new,,2187.5,2026-03-26T23:07:09.266216
tunisieannonce_35056cd3ee2e,tunisieannonce,115000.0,680.0,,Hammamet,TUNIS,north,Hammamet,Sale,Land,36.4,10.6167,emplacement|oliviers|terrain,90,HIGH,1.5,False,False,new,,169.12,2026-03-27T14:51:41.585851
tunisieannonce_38a97fb01111,tunisieannonce,1800.0,223.0,3.0,Jardins De Carthage,TUNIS,north,Carthage,Sale,Villa,36.8536,10.3256,balcony|chambre de service|climatisation|climatisation central|climatisation split|garage|garden|heating|jardin|piscine|pool,80,GOOD,1.0,True,False,new,,8.07,2026-03-27T14:23:06.171214
tunisieannonce_38eaa3af3806,tunisieannonce,11000.0,545.0,1.0,Berge Du Lac,TUNIS,north,Jebel Jelloud,Rent,Commercial,36.7667,10.1833,4 places de parking en sous sol|4 salles deau|8 bureaux spacieux|accueil professionnel|grand bureau|haut standing|kitchenette|local technique|meuble|parking|salle de réunion|surface : 545 m²,90,HIGH,1.5,False,False,new,,20.18,2026-03-27T15:04:25.622446
tunisieannonce_37d4ceb50547,tunisieannonce,1200.0,505.0,3.0,Hammam Chatt,TUNIS,north,Hammam Chatt,Sale,Land,36.7036,10.3625,appartements|chambres|cuisine|garage|jardin|local commercial|meuble|salles de bain|salon|studio|terrain|terrasse|terrasses,80,GOOD,1.0,True,False,unchanged,0.0,2.38,2026-03-26T18:24:39.926337
tunisieannonce_38ff3225010d,tunisieannonce,485000.0,320.0,2.0,Rades Plage,TUNIS,north,Rades,Sale,Land,36.7782,10.2815,3 chambres|chambre|cuisine|grand salon|haut standing|rdc independant|sale d'eau|salle de bain|salon|terrain|villa,100,HIGH,1.5,False,False,unchanged,0.0,1515.62,2026-03-27T15:41:38.910280
tunisieannonce_370e89d38223,tunisieannonce,165000.0,100.0,,Hammamet,TUNIS,north,Hammamet,Sale,Land,36.4,10.6167,eau|route goudronnée|terrain|électricité,90,HIGH,1.5,False,False,new,,1650.0,2026-03-27T14:34:51.171577
tunisieannonce_3787fa89424f,tunisieannonce,12000.0,600.0,1.0,Berge Du Lac,TUNIS,north,Jebel Jelloud,Rent,Commercial,36.7667,10.1833,kitchenette|meuble|open space|parking|places de parking au sous sol|salles d'eau|separations in aluminium,90,HIGH,1.5,False,False,new,,20.0,2026-03-27T14:32:45.605880
tunisieannonce_383fbcf28efb,tunisieannonce,700.0,50.0,4.0,El Menzah 9,TUNIS,north,El Menzah,Rent,Villa,36.8528,10.1703,50m|entrée commune|meuble|meublé|studio,100,HIGH,1.5,False,False,unchanged,0.0,14.0,2026-03-26T15:47:48.451966
tunisieannonce_391e60776983,tunisieannonce,1500.0,70.0,3.0,Chotrana 1,TUNIS,north,Jebel Jelloud,Rent,Villa,36.7667,10.1833,chambre à coucher|chauffage central|climatisation|climatisation en split|cuisine équipée|dressing|fibre optique|grand salon|jardin|meuble|salle de douche|salle à manger|terrasse,90,HIGH,1.5,False,False,unchanged,0.0,21.43,2026-03-26T18:09:29.867694
tunisieannonce_373eb5068f00,tunisieannonce,130000.0,50.0,1.0,Bou Mhel,TUNIS,north,Jebel Jelloud,Sale,Commercial,36.7667,10.1833,ascenseur|luime|proche de toutes les commodités|s+1,100,HIGH,1.5,False,False,new,,2600.0,2026-03-27T14:48:01.245633
tunisieannonce_392d2ee885be,tunisieannonce,85000.0,725.0,,Jemna,TUNIS,north,Jebel Jelloud,Sale,Land,36.7667,10.1833,center city|commercial|direct access to main avenue|residential|route de kebili to douz,90,HIGH,1.5,False,False,new,,117.24,2026-03-27T16:07:28.877256
tunisieannonce_3ac5a76ce7ea,tunisieannonce,11000.0,470.0,1.0,Le Kram,TUNIS,north,Jebel Jelloud,Rent,Commercial,36.7667,10.1833,ascenseur|caméras de surveillance|climatisation|climatisation centrale|câblage avec préinstallation pour salle serveur|deux places de parking en sous-sol|double vitrage|fibre optique|meuble|parking|parking en sous-sol|plateau de bureaux neuf|porte blindée|possibilité d'acquérir des places supplémentaires équipées d'une borne de recharge 23 kw|staff mécanique|surface d'environ 430 m² en open space|terrasse|terrasse de 40 m²|vue imprenable sur le lac,90,HIGH,1.5,False,False,new,,23.4,2026-03-27T15:10:49.732215
tunisieannonce_3bcc8d26ccf9,tunisieannonce,150000.0,80.0,3.0,Cite El Khadra,TUNIS,north,Cite El Khadra,Sale,Other,36.8319,10.1942,cuisine équipée|gaz de ville|placards|s plus|salle de bain,100,HIGH,1.5,False,False,new,,1875.0,2026-03-27T14:42:01.081251
tunisieannonce_3ae74b6e3cce,tunisieannonce,900.0,50.0,1.0,El Aouina,TUNIS,north,Jebel Jelloud,Rent,Apartment,36.7667,10.1833,balcon|chambre à coucher|chauffage central|jardin|kitchenette|placard de rangement|plaque à gaz|salle de douche,90,HIGH,1.5,False,False,new,,18.0,2026-03-27T14:45:16.955468
tunisieannonce_397b762133fe,tunisieannonce,840000.0,269.0,,La Goulette,TUNIS,north,La Goulette,Sale,Land,36.8197,10.2936,opening_on_multiple_streets|possibility_of_building_in_r3|surface_area|terrain|tfi,90,HIGH,1.5,False,False,unchanged,0.0,3122.68,2026-03-26T23:33:55.401808
tunisieannonce_3947d02e31c5,tunisieannonce,1550.0,663.0,3.0,El Menzah 4,TUNIS,north,El Menzah,Sale,Land,36.8528,10.1703,ancienne construction|autorisation de bâtir|plain-pied|r+2|s+3|surface bâtie|terrain|villa,80,GOOD,1.0,True,False,unchanged,0.0,2.34,2026-03-26T23:34:04.778425
tunisieannonce_3b7f0e9a0e4b,tunisieannonce,2500.0,100.0,3.0,Marsa Ennassim,TUNIS,north,Jebel Jelloud,Rent,Other,36.7667,10.1833,accès facile|cuisine bien équipée|deux chambres à coucher|meuble|quartier calme|s2 meublé|salle d'eau|salle de bain|salon|securé|séchoir,90,HIGH,1.5,False,False,unchanged,0.0,25.0,2026-03-26T17:57:15.906051
tunisieannonce_3a0ff469cd96,tunisieannonce,2300.0,160.0,3.0,Carthage,TUNIS,north,Carthage,Rent,Villa,36.8536,10.3256,chambre|chauffage central|climatisation|cuisine|dressing|parking|place de parking|salle d'eau|salle de douche|salon|suites,90,HIGH,1.5,False,False,new,,14.38,2026-03-27T16:16:48.281653
tunisieannonce_39f994465fe1,tunisieannonce,300000.0,300.0,3.0,Raoued,TUNIS,north,Raoued,Sale,Villa,36.908,10.2,la forêt de gammarth|le lac|meuble|vue panoramique sur la mer,95,HIGH,1.5,False,False,unchanged,0.0,1000.0,2026-03-26T23:37:57.998049
tunisieannonce_39c8ffbfbff8,tunisieannonce,1500.0,130.0,2.0,Ain Zaghouan,TUNIS,north,Zaghouan,Rent,Apartment,36.4025,10.1431,balcon|chauffage central|climatisation|climatisation en split|cuisine équipée|deux chambres à coucher|meuble|meublé|parking|place de parking au sous sol|s+2|salle de bain commune|salle à manger|surface de 120m²|séchoir|terrasse,90,HIGH,1.5,False,False,unchanged,0.0,11.54,2026-03-27T14:34:41.547897
tunisieannonce_3ab7872ce32a,tunisieannonce,70000.0,50.0,3.0,El Mourouj,TUNIS,north,El Mourouj,Sale,Commercial,36.7405,10.2042,50m²|emplacement agréable|fond de commerce|route principale|surface,100,HIGH,1.5,False,False,unchanged,0.0,1400.0,2026-03-26T18:10:22.947520
tunisieannonce_3c6ad23b4193,tunisieannonce,2300.0,,2.0,Jardins De Carthage,TUNIS,north,Carthage,Rent,Apartment,36.8536,10.3256,"balcon|chambre à coucher avec dressing|cuisine moderne, entièrement équipée, avec séchoir|salle de bain|salon spacieux et lumineux|suite parentale avec dressing et salle de douche privative",55,LOW,0.5,False,True,new,,,2026-03-27T15:30:30.742163
tunisieannonce_3c6dd4490686,tunisieannonce,170000.0,1000.0,,Sidi Thabet,TUNIS,north,Sidi Thabet,Sale,Land,36.933,10.039,cadre calme et verdoyant|certificat de propriété|excellent orientation|fort potentiel de valorisation|grande villa|opportunité rare|terrain,90,HIGH,1.5,False,False,unchanged,0.0,170.0,2026-03-27T15:58:02.075706
tunisieannonce_3bdb70651d9b,tunisieannonce,750.0,30.0,,El Manar 2,TUNIS,north,Jebel Jelloud,Rent,Commercial,36.7667,10.1833,camera de surveillance|canapé d'accueil|climatisation|climatiseur|functional|ideal location|kitchenette|private toilettes|quiet and sought-after neighborhood|spacious|wifi,80,GOOD,1.0,False,False,new,,25.0,2026-03-27T14:51:50.257694
tunisieannonce_3c99b5c8d35e,tunisieannonce,1220.0,100.0,2.0,Ras Tabia,TUNIS,north,Jebel Jelloud,Rent,Commercial,36.7667,10.1833,,95,HIGH,1.5,False,False,unchanged,0.0,12.2,2026-03-26T16:24:18.616257
tunisieannonce_3cc185a692e7,tunisieannonce,315000.0,143.0,2.0,El Mourouj,TUNIS,north,El Mourouj,Sale,Other,36.7405,10.2042,chauffage central|climatisation|parking|parking sous sol|salle d'eau|salle de bain,100,HIGH,1.5,False,False,new,,2202.8,2026-03-27T14:22:40.227081
tunisieannonce_3c372976aced,tunisieannonce,3935.0,870.0,,Cite Borj Louzir,TUNIS,north,Jebel Jelloud,Sale,Land,36.7667,10.1833,"cahier des charges|cos : 0,5 / cuf :3,8 (environ 30000 m2 couverts)|plan|terrain|titre de propriété individuel|viabilisé|vocation r+8",70,GOOD,1.0,True,False,unchanged,0.0,4.52,2026-03-26T17:47:26.546040
tunisieannonce_3cd9263973b9,tunisieannonce,205000.0,120.0,3.0,El Manar 2,TUNIS,north,Jebel Jelloud,Sale,Apartment,36.7667,10.1833,3 chambres à coucher|balcon|cuisine|salon|sdb,100,HIGH,1.5,False,False,unchanged,0.0,1708.33,2026-03-26T15:26:51.807340
tunisieannonce_3c76d2e866ea,tunisieannonce,900.0,80.0,,Republique,TUNIS,north,Jebel Jelloud,Sale,Commercial,36.7667,10.1833,3rd floor|4 rooms|80m|ascenseur|hall|no elevator,70,GOOD,1.0,True,False,unchanged,0.0,11.25,2026-03-26T23:08:31.996375
tunisieannonce_3d3f501765cb,tunisieannonce,5000.0,400.0,6.0,Mutuelle Ville,TUNIS,north,Jebel Jelloud,Sale,Commercial,36.7667,10.1833,archivage|archives|artère principale|chauffage central|climatisation|compartimentation|espace open space|hall d'accueil|kitchenette|open space|rangement|rénovée|salles d'eau|salon|terrasse|villa,80,GOOD,1.0,True,False,new,,12.5,2026-03-27T15:29:36.200575
tunisieannonce_3c2692a82cf8,tunisieannonce,4500.0,200.0,,Berge Du Lac,TUNIS,north,Jebel Jelloud,Sale,Commercial,36.7667,10.1833,2 places de parking au sous-sol|ascenseur|climatisation|climatisation centrale|double ascenseur|fibre optique|gardien|haut standing|kitchenette|open space|parking|salles d'eau,80,GOOD,1.0,True,False,unchanged,0.0,22.5,2026-03-26T16:00:00.381518
tunisieannonce_3e0dd355f64a,tunisieannonce,320000.0,290.0,,Merkez Chihya,TUNIS,north,Jebel Jelloud,Sale,Land,36.7667,10.1833,terrain,90,HIGH,1.5,False,False,new,,1103.45,2026-03-27T15:02:02.078683
tunisieannonce_3e314a411cc5,tunisieannonce,2300.0,90.0,2.0,Gammart,TUNIS,north,Jebel Jelloud,Rent,Villa,36.7667,10.1833,cuisine américaine|deux suites|salle d'eau pour invités|salle de douche|salon lumineux|séchoir|vue mer,100,HIGH,1.5,False,False,unchanged,0.0,25.56,2026-03-26T16:00:44.260300
tunisieannonce_3eb06934c530,tunisieannonce,700000.0,700000.0,,Boucha,TUNIS,north,Jebel Jelloud,Sale,Land,36.7667,10.1833,papier en règle|terrain fertile|terrain plat,75,GOOD,1.0,True,False,unchanged,0.0,,2026-03-26T16:28:00.087614
tunisieannonce_3e209c670b48,tunisieannonce,40000.0,115.0,,Menzel Abderrahman,TUNIS,north,Jebel Jelloud,Sale,Land,36.7667,10.1833,115 m²|calme|emplacement idéal|terrain|titré,100,HIGH,1.5,False,False,unchanged,0.0,347.83,2026-03-26T15:42:16.625209
tunisieannonce_3ed93a216620,tunisieannonce,2500.0,,2.0,Sidi Daoud,TUNIS,north,Jebel Jelloud,Rent,Apartment,36.7667,10.1833,chauffage central|climatisation|climatiseurs|cuisine aménagée et équipée|deux chambres à coucher avec dressing|parking|place de parking au sous-sol|salle d'eau invités|salle de douche|terrasse,95,HIGH,1.5,False,False,unchanged,0.0,,2026-03-26T15:34:19.523290
tunisieannonce_3e11a80c6c37,tunisieannonce,2037.0,79.0,1.0,Berge Du Lac,TUNIS,north,Jebel Jelloud,Rent,Commercial,36.7667,10.1833,accueil|climatisation|climatisation split|deux pièces spacieuses et lumineuses|kitchenette|parking|place de parking au sous sol|salle d'eau,90,HIGH,1.5,False,False,new,,25.78,2026-03-27T15:03:52.266288
tunisieannonce_3e07726b1f39,tunisieannonce,150.0,69.0,1.0,Berge Du Lac,TUNIS,north,Jebel Jelloud,Rent,Apartment,36.7667,10.1833,chambre confortable|cuisine entièrement équipée|entretien irréprochable|four|gardiennage 24h/24|meuble|micro-ondes|salon élégant et lumineux|sécurisée & gardée 24h/24|vaisselles|wifi haut débit gratuit,90,HIGH,1.5,False,False,new,,2.17,2026-03-27T14:31:01.003122
tunisieannonce_3fde87e84d4c,tunisieannonce,920000.0,2026.0,5.0,Gammart,TUNIS,north,Jebel Jelloud,Sale,Villa,36.7667,10.1833,ascenseur|débarras|elevator|garden|jardin|kitchen|piscine|pool|salle d'eau|sechoir|suite parentale|suite parentale with bathroom|swimming pool|terrasse|toit terrasse,100,HIGH,1.5,False,False,unchanged,0.0,454.1,2026-03-27T14:24:57.342547
tunisieannonce_3e52fec83fd8,tunisieannonce,506000.0,158.0,1.0,Ain Zaghouan,TUNIS,north,Zaghouan,Sale,Apartment,36.4025,10.1431,abattoir|appartéments intelligents|ascenseur|chauffage central|climatisation|climatisation en split|cuisine équipée|double ascenseur|dressing dans toutes les pièces|espaces loisirs|four|hotte aspirante|parking|place de parking au sous-sol|plaque|salle d'eau invités|salle de sport|terrasse,100,HIGH,1.5,False,False,new,,3202.53,2026-03-27T14:34:04.960510
tunisieannonce_3e0c80de0ea8,tunisieannonce,320000.0,105.0,2.0,Nouvelle Medina,TUNIS,north,Nouvelle Medina,Sale,Land,36.75,10.23,appartement|chambres|cuisine|duplex|garage|meuble|salle d'eau|salle de bain|salon|séchoir|terrain,100,HIGH,1.5,False,False,unchanged,0.0,3047.62,2026-03-26T15:25:05.873589
tunisieannonce_41ce4d3d2fd6,tunisieannonce,147000.0,210.0,,Ariana,TUNIS,north,Ariana Ville,Sale,Land,36.866011,10.193923,constructible|garage|jardin|terrain,85,HIGH,1.5,False,False,new,,700.0,2026-03-27T16:00:08.590436
tunisieannonce_411fd40bf3ee,tunisieannonce,1500.0,700.0,5.0,Berge Du Lac,TUNIS,north,Jebel Jelloud,Sale,Land,36.7667,10.1833,2 locaux poubelles|55 places de parking|double-height open space|meuble|modulable open space|open space|parking,80,GOOD,1.0,True,False,new,,2.14,2026-03-27T15:12:38.198031
tunisieannonce_405e734d0681,tunisieannonce,1450.0,55.0,1.0,Kheireddine Pacha,TUNIS,north,Jebel Jelloud,Sale,Commercial,36.7667,10.1833,2 bedrooms|air conditioning|bathroom|climatisation|equipped|haut standing|high standing|kitchenette|new,80,GOOD,1.0,True,False,new,,26.36,2026-03-27T16:14:13.986458
tunisieannonce_41fa3f6ac913,tunisieannonce,700.0,76.0,2.0,Ezzahra,TUNIS,north,Ezzahra,Rent,Apartment,36.743,10.308,courte ou longue durée|meuble|meublé|studio,90,HIGH,1.5,False,False,new,,9.21,2026-03-27T15:46:13.102299
tunisieannonce_4072d5bb68bc,tunisieannonce,35000.0,200.0,,Cite Des Juges,TUNIS,north,Jebel Jelloud,Sale,Land,36.7667,10.1833,,70,GOOD,1.0,False,False,new,,175.0,2026-03-27T15:59:41.431315
tunisieannonce_4032ada95e7c,tunisieannonce,217000.0,98.0,2.0,Monastir,TUNIS,north,Monastir,Sale,Other,35.7644,10.8,اقامة حديثة البناء|الطابق الرابع|بدون مصعد|حي الديس سقانص|شقة|قريبة من عدة مؤسسات|كلية العلوم|مبيت الجامعي سقانص|مساحة 98 مم,100,HIGH,1.5,False,False,unchanged,0.0,2214.29,2026-03-26T16:29:04.200064
tunisieannonce_4132e8c81af4,tunisieannonce,1500.0,2026.0,2.0,Cite Ennasr 2,TUNIS,north,Jebel Jelloud,Rent,Villa,36.7667,10.1833,2 chambres à coucher|chauffage central|climatisation|climatiseurs|cuisine équipée|jardin|salle d'eau supplémentaire|salle de bain commune|salon lumineux|suite parentale|séchoir,80,GOOD,1.0,True,False,unchanged,0.0,0.74,2026-03-26T17:42:10.664381
tunisieannonce_405d0fa2c7b8,tunisieannonce,1200.0,70.0,2.0,Ariana Essoughra,TUNIS,north,Ariana Ville,Rent,Apartment,36.866011,10.193923,1er étage|ascenseur|climatisation|climatisation chaud froid|cuisine équipée avec séchoir|deux chambres à coucher avec dressing|meuble|meublé|proche de toutes les commodités|richment meublé|résidence privée|s+2|salle deau|salon|sans ascenseur,90,HIGH,1.5,False,False,unchanged,0.0,17.14,2026-03-27T14:48:42.315665
tunisieannonce_41061e733d81,tunisieannonce,3500.0,80.0,1.0,Gammart,TUNIS,north,Jebel Jelloud,Rent,Apartment,36.7667,10.1833,luxueux appartement|meuble|meublé|résidence gardée|vue mer,100,HIGH,1.5,False,False,unchanged,0.0,43.75,2026-03-26T16:24:02.043447
tunisieannonce_414aceef600b,tunisieannonce,265000.0,80.0,1.0,Zone Urbaine Nord,TUNIS,north,Jebel Jelloud,Sale,Apartment,36.7667,10.1833,80 m²|chambre à coucher avec dressing|chauffage central|climatisation|climatisation en split système|cuisine aménagée|modern|parking|place de parking aux sous-sol|proche de toutes les commodités|salle de bain|salon lumineux|séchoir,100,HIGH,1.5,False,False,unchanged,0.0,3312.5,2026-03-26T23:45:18.781568
tunisieannonce_431ec0b30e06,tunisieannonce,258000.0,430.0,,Hammamet,TUNIS,north,Hammamet,Sale,Land,36.4,10.6167,terrain,90,HIGH,1.5,False,False,new,,600.0,2026-03-27T15:38:52.445564
tunisieannonce_425031fbca4a,tunisieannonce,1070.0,250.0,3.0,Chotrana 2,TUNIS,north,Jebel Jelloud,Sale,Villa,36.7667,10.1833,2 places de parking au sous-sol|3 chambres|cellier|chambre de service|cuisine|four|hotte|installation photovoltaïque|jardin|lave-vaisselle|micro-onde|parking|piscine|plaque|salle d'eau pour invités|salle de bain|salle de sport|salon|sauna|sejour|suite parentale,80,GOOD,1.0,True,False,unchanged,0.0,4.28,2026-03-27T15:06:33.754432
tunisieannonce_4330117f5b20,tunisieannonce,150.0,69.0,1.0,Zone Urbaine Nord,TUNIS,north,Jebel Jelloud,Rent,Other,36.7667,10.1833,face clinique les jasmin,90,HIGH,1.5,False,False,new,,2.17,2026-03-27T16:06:22.972027
tunisieannonce_42b8bccf0a2c,tunisieannonce,4500.0,900.0,9.0,Utique,TUNIS,north,Utique,Sale,Apartment,37.0857,10.0259,22 caméra de surveillance|25000 mètre carré couvert|900 m²|9chambres|capacités 30 personnes|cuisine pro équipé|des plante et des arbres|espace de jeux pour enfants|les papiers en règle|luxe open space|parking|sondage|studio pour gardien,85,HIGH,1.5,True,False,unchanged,0.0,,2026-03-26T23:40:05.888641
tunisieannonce_4203e87eda94,tunisieannonce,1300.0,80.0,2.0,Sousse Khezama,TUNIS,north,Sidi El Heni,Sale,Commercial,35.6756,10.3106,ascenseur|haut standing|meuble|parking|salle d'eau|salon|standing,80,GOOD,1.0,True,False,new,,16.25,2026-03-27T15:17:35.528866
tunisieannonce_42140cc3ca8d,tunisieannonce,650000.0,160.0,,Tazarka,TUNIS,north,Jebel Jelloud,Sale,Land,36.7667,10.1833,maison|oliviers|puit|route principale|terrain agricole|terrain nu bien entretenu|titre foncier individuel|électricité|équipements agricoles,70,GOOD,1.0,True,False,unchanged,0.0,4062.5,2026-03-26T18:15:12.612997
tunisieannonce_429b6294f997,tunisieannonce,595000.0,148.0,3.0,Berge Du Lac,TUNIS,north,Jebel Jelloud,Sale,Commercial,36.7667,10.1833,"148 m²|année de construction : 2010|ascenseur|balcon|calme et sécurisé|certificat de propriété en règle|chauffage central|climatisation|cuisine entièrement équipée|dressing intégrés|parking|place de parking au sous-sol|proximité immédiate des écoles, commerces, restaurants et principaux axes|s+3|salle d'eau pour invités|salle de bain principale|séchoir|trois chambres à coucher",80,GOOD,1.0,True,False,unchanged,0.0,4020.27,2026-03-27T15:59:20.020249
tunisieannonce_435589163746,tunisieannonce,750.0,65.0,2.0,Ariana,TUNIS,north,Ariana Ville,Sale,Commercial,36.866011,10.193923,bureau|meuble|non meublé|parking|place parking,80,GOOD,1.0,True,False,unchanged,0.0,11.54,2026-03-26T23:15:25.179797
tunisieannonce_430d62475abb,tunisieannonce,470.0,2026.0,,El Mourouj,TUNIS,north,El Mourouj,Sale,Commercial,36.7405,10.2042,chambre|emplacement sur le route principale|en face de station de metro|kitchinette|salon,70,GOOD,1.0,True,False,new,,0.23,2026-03-27T15:02:51.218881
tunisieannonce_41fb6b468054,tunisieannonce,40000.0,373.0,9.0,Tunis Belvedere,TUNIS,north,Jebel Jelloud,Sale,Commercial,36.7667,10.1833,14 pièces de bureaux|412 m²|432 m²|435 m²|5 niveaux|9 pièces de bureau|abri pour 6 voitures|artère principale|ascenseur|bloc sanitaire|bureau de direction|climatisation|climatisation centrale|cuisine|câblage réseau|deux blocs sanitaires|grande visibilité|hall de réception en double hauteur|jardin|meuble|rez de jardin|salle d'eau|salle de réunion|surface couverte de 2373 m²|terrasse|trois pièces d'archives|trois pièces de bureaux,100,HIGH,1.5,False,False,new,,107.24,2026-03-27T15:49:26.534357
tunisieannonce_44332b065e9e,tunisieannonce,320000.0,261.0,,Cite Chragui,TUNIS,north,Jebel Jelloud,Sale,Land,36.7667,10.1833,documents fournis : titre individeul|hôpital sahloul|route ceinture|terrain,90,HIGH,1.5,False,False,new,,1226.05,2026-03-27T15:11:40.106169
tunisieannonce_4498a9608f1c,tunisieannonce,360000.0,2.5,,Bir Mcherga,TUNIS,north,Bir Mcherga,Sale,Land,36.5167,10.0,440 amandiers de 3 ans|570 oliviers de 8 ans|amandiers|cloture|eau|oliviers|route goudronnée|terrain|électricité,85,HIGH,1.5,True,False,unchanged,0.0,,2026-03-26T16:24:57.805194
tunisieannonce_448a1d77b44d,tunisieannonce,143150.0,409.0,,Chatt Meriem,TUNIS,north,Jebel Jelloud,Sale,Land,36.7667,10.1833,terrain|vue de mer,90,HIGH,1.5,False,False,new,,350.0,2026-03-27T14:37:58.902131
tunisieannonce_4417efe7fe6a,tunisieannonce,6100.0,200.0,,Berge Du Lac,TUNIS,north,Jebel Jelloud,Sale,Commercial,36.7667,10.1833,bureau|bureau de direction|kitchenette|meuble|open space|parking|place de parking|salle d'eau|syndic fees,70,GOOD,1.0,True,False,unchanged,0.0,30.5,2026-03-27T15:14:37.275792
tunisieannonce_451517acfa75,tunisieannonce,26000.0,186.0,,Dar Allouche,TUNIS,north,Jebel Jelloud,Sale,Land,36.7667,10.1833,terrain,100,HIGH,1.5,False,False,unchanged,0.0,139.78,2026-03-26T15:49:19.934110
tunisieannonce_449e4fff3127,tunisieannonce,1050.0,120.0,3.0,Ariana,TUNIS,north,Ariana Ville,Rent,Commercial,36.866011,10.193923,3 chambres à coucher|cuisine agencée|emplacement stratégique et agréable|petite terrasse|rez-de-chaussée|salle de bain|salon spacieux et lumineux|style américain|terrasse|villa,100,HIGH,1.5,False,False,unchanged,0.0,8.75,2026-03-26T16:13:47.084323
tunisieannonce_44c06c1651d9,tunisieannonce,2500.0,170.0,1.0,El Omrane Superieur,TUNIS,north,El Omrane Superieur,Rent,Villa,36.8264,10.1506,abri pour voiture|calme|chauffage central|climatisation|climatisation en split système|cuisine bien équipée|double salon|jardin|lumineux|meuble|meublé|proche de toutes les commodités|quartier résidentiel|rez-de-chaussée|salle de bain|salle de douche|salle à manger|trois chambres à coucher,90,HIGH,1.5,False,False,unchanged,0.0,14.71,2026-03-26T17:45:19.942729
tunisieannonce_4446da4e426f,tunisieannonce,11111.0,654.0,,Cite Eddyr,TUNIS,north,Jebel Jelloud,Sale,Land,36.7667,10.1833,surface|terrain|titre blue|vue panoramique,65,GOOD,1.0,True,False,new,,16.99,2026-03-26T23:07:36.185512
tunisieannonce_43b4e2f32df4,tunisieannonce,280000.0,,,Zaghouan,TUNIS,north,Zaghouan,Sale,Land,36.4025,10.1431,amplacement|commercial|kiosque|loisirs|lots|projet commercial|projet loisirs|projet touristique|terrain|touristique,60,GOOD,1.0,False,False,unchanged,0.0,,2026-03-26T16:30:04.363074
tunisieannonce_446935f3cf13,tunisieannonce,410000.0,125.0,2.0,La Soukra,TUNIS,north,La Soukra,Sale,Apartment,36.885212,10.245301,ascenseur|balcon|chauffage central|climatisation|cuisine équipée|dressing|gardiennage|parking|place parking sous sol|salle d'eau|salle de bain|syndic|séchoir,100,HIGH,1.5,False,False,unchanged,0.0,3280.0,2026-03-27T15:53:28.189758
tunisieannonce_4663cb15acf6,tunisieannonce,190000.0,270.0,3.0,Hammam Sousse,TUNIS,north,Hammam Sousse,Sale,Land,35.8592,10.59,cuisine|hammam arabe|style arabe|terrain|wc indépandant,100,HIGH,1.5,False,False,new,,703.7,2026-03-27T15:01:44.834726
tunisieannonce_45d4cd751bb9,tunisieannonce,520000.0,300.0,2.0,Ariana,TUNIS,north,Ariana Ville,Sale,Villa,36.866011,10.193923,jardin|jardin d'enfant|studio|surface : 300 mètres carrées,95,HIGH,1.5,False,False,new,,1733.33,2026-03-27T14:42:51.607354
tunisieannonce_460dbad7b5a9,tunisieannonce,9000.0,155.0,,El Manar 1,TUNIS,north,Jebel Jelloud,Sale,Commercial,36.7667,10.1833,attractifs|commerces|devanture|emplacement|passage_piétons|passage_voitures|surface_area|type_commerce,90,HIGH,1.5,False,False,unchanged,0.0,58.06,2026-03-26T16:37:55.415308
tunisieannonce_462d48929e57,tunisieannonce,650.0,85.0,2.0,Hammam Sousse,TUNIS,north,Hammam Sousse,Rent,Commercial,35.8592,10.59,chambres|cuisine|salle d'eau|salon|surface|terrasse,85,HIGH,1.5,False,False,unchanged,0.0,7.65,2026-03-26T23:34:44.792029
tunisieannonce_45865d7ead9b,tunisieannonce,2300.0,144.0,6,El Manar 2,TUNIS,north,Jebel Jelloud,Sale,Commercial,36.7667,10.1833,6 bureaux|climatisation|grand salon|parking|placars|place parking|salle d'eau,85,HIGH,1.5,True,False,new,,15.97,2026-03-26T23:19:11.426818
tunisieannonce_46439113e909,tunisieannonce,263000.0,203.0,,Cite Bhar Lazreg,TUNIS,north,Jebel Jelloud,Sale,Land,36.7667,10.1833,203m2|terrain nu,90,HIGH,1.5,False,False,unchanged,0.0,1295.57,2026-03-26T23:44:36.439607
tunisieannonce_45ec628b0bbe,tunisieannonce,800.0,70.0,3.0,El Menzah 9,TUNIS,north,El Menzah,Rent,Villa,36.8528,10.1703,70m|douche|entrée indépendante|meuble|meublé|salle d'eau|studio,90,HIGH,1.5,False,False,unchanged,0.0,11.43,2026-03-26T17:54:54.289346
tunisieannonce_4522eeea31dc,tunisieannonce,800.0,92.0,3.0,Montplaisir,TUNIS,north,Jebel Jelloud,Sale,Commercial,36.7667,10.1833,abri de voiture|bureau|deuxième bureau|double assesseur|hall|kitchenette|meuble|salle d'attente|salle d'eau,80,GOOD,1.0,True,False,unchanged,0.0,8.7,2026-03-27T15:06:07.089139
tunisieannonce_4550d80a1b71,tunisieannonce,1900.0,2026.0,1.0,El Menzah 8,TUNIS,north,El Menzah,Rent,Villa,36.8528,10.1703,2 grandes chambres à coucher|cuisine entièrement équipée|grand double salon|meuble|salle de bain confortable|terrasse|terrasse privative,80,GOOD,1.0,True,False,unchanged,0.0,0.94,2026-03-26T23:47:04.910198
tunisieannonce_45d96702556c,tunisieannonce,6000.0,300.0,3,Berge Du Lac,TUNIS,north,Jebel Jelloud,Sale,Commercial,36.7667,10.1833,2 points deau|3 bureaux|ascenseur|caméra de surveillance|climatisation|climatisation centrale|direction avec salle d'eau privative|fibre optique|gardien jour et nuit|haut standing|kitchenettes|luminaires led|open space|parking|parking sous sol|salle de pause|salle de réunion|salle serveur|sécurité|étage,95,HIGH,1.5,True,False,unchanged,0.0,20.0,2026-03-26T15:55:21.383100
tunisieannonce_4678076f3ab6,tunisieannonce,600.0,40.0,3.0,Bab Bhar,TUNIS,north,Bab Bhar,Rent,Commercial,36.7981,10.1803,local commercial,85,HIGH,1.5,False,False,new,,15.0,2026-03-27T16:10:03.360425
tunisieannonce_4770d9d9daf7,tunisieannonce,1900.0,70.0,2.0,Cite Ennasr 1,TUNIS,north,Jebel Jelloud,Rent,Apartment,36.7667,10.1833,haut standing|meuble|s1 haut standing|studios meublé,90,HIGH,1.5,False,False,new,,27.14,2026-03-27T15:34:17.381131
tunisieannonce_475d44c6d8db,tunisieannonce,2700.0,300.0,1.0,Gammart,TUNIS,north,Jebel Jelloud,Rent,Villa,36.7667,10.1833,air conditioning|chauffage central|climatisation|garage|garden|heating central|jardin|patio,90,HIGH,1.5,False,False,unchanged,0.0,9.0,2026-03-26T23:13:57.596683
tunisieannonce_47b827820da7,tunisieannonce,600.0,70.0,4.0,El Manar 1,TUNIS,north,Jebel Jelloud,Rent,Villa,36.7667,10.1833,70m|entrée commune|studio,100,HIGH,1.5,False,False,unchanged,0.0,8.57,2026-03-26T15:27:42.464146
tunisieannonce_477acc5ca8b0,tunisieannonce,1500.0,70.0,7.0,El Menzah 9,TUNIS,north,El Menzah,Rent,Apartment,36.8528,10.1703,balcon|chambre à coucher|chauffage central|climatisation|dressing|kitchinette|meuble|parking|place de parking|salle d'eau|salon,90,HIGH,1.5,False,False,new,,21.43,2026-03-26T23:07:17.753191
tunisieannonce_4696fc8bc3a7,tunisieannonce,850000.0,400.0,3.0,Cite El Ghazala 1,TUNIS,north,Jebel Jelloud,Sale,Land,36.7667,10.1833,400 mètres carrés|chambres à coucher|cuisine|garage|grand salon|jardin|lot|piscine|rez de chaussée|salle d'eau|salle de bain|suite parentale|villa|étage,100,HIGH,1.5,False,False,unchanged,0.0,2125.0,2026-03-27T14:59:31.515335
tunisieannonce_46a15f55b03d,tunisieannonce,520000.0,175.0,2.0,Rades Plage,TUNIS,north,Rades,Sale,Villa,36.7782,10.2815,3 chambres|cuisine|haut standing|jardin|meuble|salle de bain|salon|terrasse,100,HIGH,1.5,False,False,unchanged,0.0,2971.43,2026-03-26T18:20:32.724774
tunisieannonce_47b7c4ed7f79,tunisieannonce,2200.0,300.0,2.0,Cite De La Plage 1,TUNIS,north,Jebel Jelloud,Rent,Other,36.7667,10.1833,first floor|surface covered,95,HIGH,1.5,False,False,unchanged,0.0,7.33,2026-03-26T16:39:03.989177
tunisieannonce_47af029cd8cc,tunisieannonce,78000.0,295.0,3.0,El Brarja,TUNIS,north,Jebel Jelloud,Sale,Land,36.7667,10.1833,2 pièces|accès facile|terrain clôturé|terrain prêt à exploiter|électricité disponible,95,HIGH,1.5,False,False,unchanged,0.0,264.41,2026-03-26T23:10:21.262558
tunisieannonce_476d15418301,tunisieannonce,460000.0,180.0,3.0,El Menzah 6,TUNIS,north,El Menzah,Sale,Commercial,36.8528,10.1703,architects|bedrooms|college pilote|covered|duplex|entrance room|garage|groupenet d'avocats|ideal location for office|jardin|kitchen|lab analysis|rooms|salon|school support center|terrace|terrasse,100,HIGH,1.5,False,False,new,,2555.56,2026-03-27T16:08:55.633021
tunisieannonce_499e85b9a277,tunisieannonce,463200.0,386.0,,Hammam Sousse,TUNIS,north,Hammam Sousse,Sale,Land,35.8592,10.59,hammam sousse|lycée|souk sebt|terrain d'habitation|titre individuel|voies,90,HIGH,1.5,False,False,new,,1200.0,2026-03-27T15:11:58.389536
tunisieannonce_47d3eb785d83,tunisieannonce,1200.0,100.0,2.0,Cite Ennasr 2,TUNIS,north,Jebel Jelloud,Rent,Apartment,36.7667,10.1833,2 grandes chambres avec dressing|ascenseur|cuisine aménagée|grand salon|parking|placards|place de parking sous-sol|salle d'eau|salle de bain,85,HIGH,1.5,False,False,new,,12.0,2026-03-27T15:37:54.377389
tunisieannonce_482ae3b9f843,tunisieannonce,2500.0,410.0,7.0,El Menzah 4,TUNIS,north,El Menzah,Rent,Villa,36.8528,10.1703,chambre de service|chambres ndépendantes|chauffage central|climatisation|cuisine équipée|four chambres à coucher spacieuses|garage|jardin|salle deau invités|salle à manger raffinée|salon lumineux|suite parentale|villa,90,HIGH,1.5,False,False,unchanged,0.0,6.1,2026-03-26T23:32:51.794343
tunisieannonce_4976ed62cab5,tunisieannonce,350000.0,562.0,3.0,Jaafar 2,TUNIS,north,Jebel Jelloud,Sale,Villa,36.7667,10.1833,1er étage inachevé|2 niveaux|3 chambres|cuisine|entrée de 2 voitures|jardin|rDC|sall d'eau|salle de bain|salle à manger|salon|studios|séparé|villa|vérande,100,HIGH,1.5,False,False,new,,622.78,2026-03-26T23:23:57.653713
tunisieannonce_496a6bc4560a,tunisieannonce,1800.0,80.0,2.0,Cite Ennasr 1,TUNIS,north,Jebel Jelloud,Rent,Apartment,36.7667,10.1833,short-term stays|studios,90,HIGH,1.5,False,False,unchanged,0.0,22.5,2026-03-26T18:13:15.739073
tunisieannonce_495c99c1b892,tunisieannonce,110000.0,50.0,2.0,Hammamet,TUNIS,north,Hammamet,Sale,Villa,36.4,10.6167,cuisine ouverte|pas loin de maison ford et de la sonede|salle d'eau ( douche)|studio s plus 1,100,HIGH,1.5,False,False,new,,2200.0,2026-03-27T15:57:26.960415
tunisieannonce_496ce2192c3a,tunisieannonce,1300.0,55.0,1.0,Zone Urbaine Nord,TUNIS,north,Jebel Jelloud,Sale,Commercial,36.7667,10.1833,ascenseur|chauffage|climatisation|double ascenseur|meuble|parking|place de parking au sous-sol|sde privé,90,HIGH,1.5,True,False,unchanged,0.0,23.64,2026-03-26T16:14:15.803082
tunisieannonce_47cc07d163fc,tunisieannonce,2230.0,590.0,2.0,Mornag,TUNIS,north,Mornag,Sale,Land,36.6715,10.258,surface de 18590 m²|terrain à bâtir|titre individuel|vocation r2,80,GOOD,1.0,True,False,new,,3.78,2026-03-27T15:41:15.084496
tunisieannonce_48a858817e94,tunisieannonce,850.0,32.0,1.0,Cite El Intissar 2,TUNIS,north,Jebel Jelloud,Rent,Apartment,36.7667,10.1833,balcon|clim chauf et froid|kitchenette|parking|place de parking au sous sol|sanitaire|studio,95,HIGH,1.5,False,False,unchanged,0.0,26.56,2026-03-26T16:12:12.557617
tunisieannonce_4974eed63a03,tunisieannonce,1462.0,590.0,,La Soukra,TUNIS,north,La Soukra,Sale,Land,36.885212,10.245301,densité_construction|surface_area|terrain|titre_individuell|type_constructions|zone_uam2,70,GOOD,1.0,True,False,unchanged,0.0,2.48,2026-03-26T17:49:48.711490
tunisieannonce_4a9528b81049,tunisieannonce,65000.0,250.0,,Hammamet,TUNIS,north,Hammamet,Sale,Land,36.4,10.6167,autoroute tunis-sousse|commerces|mer|quartier calme|terrain,90,HIGH,1.5,False,False,new,,260.0,2026-03-27T14:34:59.315039
tunisieannonce_4ad81e76324b,tunisieannonce,438000.0,438.0,2.0,Cite Boussouffara,TUNIS,north,Jebel Jelloud,Sale,Other,36.7667,10.1833,exp0itable vue maire|r +2|triple facade|vocation commertial et habitation,95,HIGH,1.5,False,False,unchanged,0.0,1000.0,2026-03-27T15:21:38.815832
tunisieannonce_4b0d137fe835,tunisieannonce,70000.0,350.0,,Hedi Chaker,TUNIS,north,Jebel Jelloud,Sale,Commercial,36.7667,10.1833,"55 bureaux modernes|ascenseur|centre ville|climatisation|emplacement stratégique|grande visibilité|idéal pour  siège de société, banqye, assurance, centre médical, clinique, école privée, centre de formation ou administration|immeuble corporate dexception|immeuble spacieux et fonctionnel|meuble|parking|parking sous sol|points deau climatisation centralisée chaud froid|surface : 2 350 m",100,HIGH,1.5,False,False,unchanged,0.0,200.0,2026-03-26T16:14:33.279912
tunisieannonce_4aa9f70866d5,tunisieannonce,2200.0,80.0,2.0,Riadh Landlous,TUNIS,north,Jebel Jelloud,Rent,Apartment,36.7667,10.1833,courte durée|haut standing|meuble|meublé,90,HIGH,1.5,False,False,unchanged,0.0,27.5,2026-03-26T18:14:12.862658
tunisieannonce_4a28e57506f7,tunisieannonce,1800.0,200.0,,Le Bardo,TUNIS,north,Le Bardo,Sale,Land,36.8111,10.1364,terrain,70,GOOD,1.0,True,False,new,,9.0,2026-03-26T23:29:44.688693
tunisieannonce_4b2f4e5affa2,tunisieannonce,3350.0,,,Marsa Ennassim,TUNIS,north,Jebel Jelloud,Sale,Land,36.7667,10.1833,construction d'une ou deux villas jumelées|situation juridique en règle|terrain|villa isolée,25,LOW,0.5,True,False,unchanged,0.0,,2026-03-26T17:56:18.373497
tunisieannonce_4a1013d6939b,tunisieannonce,1050.0,350.0,3.0,Cite Ennasr 2,TUNIS,north,Jebel Jelloud,Sale,Villa,36.7667,10.1833,2 cuisines|2 sdb|3 chambres à coucher|garage|jardin|s.e|salon|sejour,80,GOOD,1.0,True,False,new,,3.0,2026-03-27T16:01:32.949180
tunisieannonce_49cfeb388e4a,tunisieannonce,650.0,150.0,1.0,La Soukra,TUNIS,north,La Soukra,Rent,Other,36.885212,10.245301,calme|climatised|entrée indépendante|internet|luxueux|meuble|sécurisée,90,HIGH,1.5,False,False,unchanged,0.0,4.33,2026-03-27T15:29:00.145691
tunisieannonce_49e469f46e87,tunisieannonce,5000.0,10.0,4.0,Marsa Ennassim,TUNIS,north,Jebel Jelloud,Rent,Commercial,36.7667,10.1833,buanderie|bureau|chambre de service|chambres à coucher|chauffage central|climatisation|climatiseurs|cuisine moderne aménagée entièrement équipée|garage|grand jardin|jardin|s+4|salle d'eau|salle à manger|salles de bain|salon|sous-sol|séjour|terrasse|villa,80,GOOD,1.0,True,False,new,,500.0,2026-03-27T14:48:50.742731
tunisieannonce_4a4e4225abce,tunisieannonce,2700.0,250.0,4.0,El Menzah 6,TUNIS,north,El Menzah,Rent,Villa,36.8528,10.1703,02 voitures automatique par commande|250 m²|abri garage|antenne parabolique équipée par internet|balcon|cameras de surveillance|chauffage central|climatisation|climatisation en split|cuisine équipée avec balcon séchoir et buanderies|deux chambres à coucher|dressing|garage|gardien de nuit|haut standing|high standing|jacuzzi|meuble|meublé|porte blindée|proche de toutes les commodités|salle de bain commune avec jacuzzi|salle deau|secure|suite parentale|very grand salon|villa,90,HIGH,1.5,False,False,unchanged,0.0,10.8,2026-03-27T14:56:58.129427
tunisieannonce_4ba5788d720f,tunisieannonce,2000.0,180.0,1.0,El Menzah 8,TUNIS,north,El Menzah,Rent,Villa,36.8528,10.1703,chauffage central|climatisation|cuisine américaine|jardin|meuble|parking|rez de chaussée|salle d'eau douche|salle de bain|terraces|terrasse|villa,90,HIGH,1.5,False,False,new,,11.11,2026-03-26T23:22:36.881369
tunisieannonce_4ca2cd696555,tunisieannonce,1300.0,70.0,1.0,Chotrana 1,TUNIS,north,Jebel Jelloud,Rent,Apartment,36.7667,10.1833,balcon|chambre à coucher|chauffage central|climatisation|climatisation en split|dressing|kitchenette|parking|place de parking|s+1|salle de douche|salon,100,HIGH,1.5,False,False,unchanged,0.0,18.57,2026-03-26T15:45:23.936399
tunisieannonce_4c3b2c7a13ce,tunisieannonce,4900.0,150.0,,Berge Du Lac,TUNIS,north,Jebel Jelloud,Sale,Commercial,36.7667,10.1833,3 offices|kitchenette|meuble|open space|parking|place of parking|syndic fees|two bathrooms,70,GOOD,1.0,True,False,unchanged,0.0,32.67,2026-03-27T15:06:56.426482
tunisieannonce_4c9be0ee6fd7,tunisieannonce,1250.0,70.0,,Cite Ennouzha,TUNIS,north,Jebel Jelloud,Sale,Commercial,36.7667,10.1833,ascenseur|climatisation|climatisation chaud et froid|gardiennage|hall|haut standing|kitchenette|meuble|salle d'eau|syndic|two  pièces,70,GOOD,1.0,True,False,new,,17.86,2026-03-26T23:07:53.417356
tunisieannonce_4c111753c0d7,tunisieannonce,145000.0,100.0,3.0,Cite Ennouzha,TUNIS,north,Jebel Jelloud,Sale,Other,36.7667,10.1833,4 eme etage|accès grenier|ascenseur|balcon|douche|gaz de ville|s plus|salle d'eau,100,HIGH,1.5,False,False,new,,1450.0,2026-03-27T14:40:27.079805
tunisieannonce_4b486182d298,tunisieannonce,2000.0,200.0,5.0,Hedi Chaker,TUNIS,north,Jebel Jelloud,Rent,Commercial,36.7667,10.1833,2 halls|5 bureaux|climatisation|climatisation en split système|kitchenette|network informatique|spacious showroom|surface|view|vitré,90,HIGH,1.5,False,False,new,,10.0,2026-03-27T14:35:23.469214
tunisieannonce_4b4e08c1d365,tunisieannonce,330000.0,300.0,,Chatt Meriem,TUNIS,north,Jebel Jelloud,Sale,Land,36.7667,10.1833,eau sonede|gouverné|oliviers|prix 100dt/m2|réseau electricité|terrain agr,90,HIGH,1.5,False,False,unchanged,0.0,1100.0,2026-03-26T17:51:49.869608
tunisieannonce_4c35a8220b9f,tunisieannonce,6000.0,170.0,2.0,Gammart,TUNIS,north,Jebel Jelloud,Rent,Villa,36.7667,10.1833,baignoire|cuisine moderne|douche|dressing|débarras|four|jardin|lave-vaisselle|local technique|machine à laver|meuble|micro-ondes|piscine|réfrigérateur|salle d'eau pour les invités|salle de bain|salon spacieux et lumineux|suites parentales,100,HIGH,1.5,False,False,unchanged,0.0,35.29,2026-03-26T15:43:05.031834
tunisieannonce_4cc79b77ed18,tunisieannonce,3000.0,40.0,,Cite Ennasr 2,TUNIS,north,Jebel Jelloud,Sale,Commercial,36.7667,10.1833,40m²|climatisation|comptoir d'encaissement|espace de stockage|espace de vente|local commercial|salle d'eau|split climatisation|surface total,70,GOOD,1.0,True,False,new,,75.0,2026-03-27T16:13:02.691759
tunisieannonce_4b410a4f2bd8,tunisieannonce,1300.0,60.0,1.0,El Mourouj,TUNIS,north,El Mourouj,Rent,Apartment,36.7405,10.2042,balcon|chambre à coucher|chauffage central|climatisation|climatiseurs|cuisine équipée|grand dressing|meuble|salle de bain,90,HIGH,1.5,False,False,unchanged,0.0,21.67,2026-03-27T15:24:53.313668
tunisieannonce_4e02ec455b18,tunisieannonce,750.0,80.0,2.0,Republique,TUNIS,north,Jebel Jelloud,Rent,Commercial,36.7667,10.1833,ascenseur|hall d'accueil|kitchenette|pièce spacieuse|salle d'eau,95,HIGH,1.5,False,False,unchanged,0.0,9.38,2026-03-26T16:15:04.796908
tunisieannonce_4cea5f3a1927,tunisieannonce,75000.0,238.0,,Raoued,TUNIS,north,Raoued,Sale,Land,36.908,10.2,"constructible en jumelé|facade : 12,75m|route principale vers zone touristique gammart|zone touristique|éclérage public",85,HIGH,1.5,False,False,new,,315.13,2026-03-27T16:07:12.124656
tunisieannonce_4e0fc993f6d4,tunisieannonce,1600.0,100.0,1.0,Chotrana 1,TUNIS,north,Jebel Jelloud,Rent,Apartment,36.7667,10.1833,balcon|chauffage central|climatisation|climatisation en split|cuisine|parking|place de parking|salon,100,HIGH,1.5,False,False,unchanged,0.0,16.0,2026-03-26T15:27:34.418499
tunisieannonce_4e013835e8ff,tunisieannonce,950000.0,738.0,,Jardins D'El Menzah,TUNIS,north,El Menzah,Sale,Land,36.8528,10.1703,possibilité de faire 5 lots|villa|zone résidentielle,85,HIGH,1.5,False,False,unchanged,0.0,1287.26,2026-03-26T23:17:51.912065
tunisieannonce_4e1400f292f9,tunisieannonce,2200.0,,1.0,Sidi Daoud,TUNIS,north,Jebel Jelloud,Rent,Apartment,36.7667,10.1833,chambre à coucher|cuisine équipée|jardin|meuble|parking|place de parking au sous sol|salle de bain|salon,85,HIGH,1.5,False,False,unchanged,0.0,,2026-03-26T18:21:27.891816
tunisieannonce_4dd0db8567e5,tunisieannonce,3000.0,2026.0,1.0,Marsa Safsaf,TUNIS,north,Jebel Jelloud,Rent,Villa,36.7667,10.1833,cuisine|deux chambres à coucher|duplex|meuble|meublé|newkey la marsa|salle d'eau|salle de bain commune|salle à manger|salon|terrasse|vue mer|vue sur mer|étage,90,HIGH,1.5,False,False,unchanged,0.0,1.48,2026-03-26T23:17:17.540518
tunisieannonce_4d6ba6ac8abf,tunisieannonce,320000.0,49.0,2.0,El Mourouj,TUNIS,north,El Mourouj,Sale,Commercial,36.7405,10.2042,49m|local commercial|titre bleu,95,HIGH,1.5,False,False,new,,6530.61,2026-03-27T11:03:25.824308
tunisieannonce_4de473512b1b,tunisieannonce,500.0,70.0,1.0,La Soukra,TUNIS,north,La Soukra,Rent,Apartment,36.885212,10.245301,bathroom|bedroom with balcony|completely furnished|electricity|gas|independent entrance|internet|meuble|near airport Tunis Carthage|near hypermarket Carrefour La Marsa|near university Carthage|s+1|salon with kitchenette|secure and quiet|water,90,HIGH,1.5,False,False,unchanged,0.0,7.14,2026-03-27T15:29:09.268228
tunisieannonce_4e3ad9b9a55e,tunisieannonce,1500.0,13.0,2.0,Jebel El Oust,TUNIS,north,Jebel Jelloud,Sale,Land,36.7667,10.1833,arbres fruitiers|bassin de stockage|bovins|climatisation|clôturée|construction|cuisine|céréales|eau|engraissement|foins|garage|gardien|graines|habitation|meuble|oliviers|ovins|paddocks|paille|puit|salle d'eau|salon|silo|sondage|stockage|terrain|terrasse|villas|écuries|électricité,95,HIGH,1.5,True,False,unchanged,0.0,,2026-03-26T16:06:42.144876
tunisieannonce_4d6e3b2d689d,tunisieannonce,750000.0,508.0,,Chotrana 3,TUNIS,north,Jebel Jelloud,Sale,Land,36.7667,10.1833,10 minutes de carrefour la marsa|300 m du terrain de golf|508 m²|emplacement idéal|terrain nu|viabilisé,90,HIGH,1.5,False,False,new,,1476.38,2026-03-27T16:00:47.946898
tunisieannonce_4e4097eafd8d,tunisieannonce,950000.0,200.0,2.0,Berge Du Lac,TUNIS,north,Jebel Jelloud,Sale,Apartment,36.7667,10.1833,air conditioning|baignoire et douche italienne|balcon|chauffage central|climatisation|heating central|kitchen|parking|place of parking|sa propre salle de bain|salle d'eau invités|salle de bain commune|sechoir|spacious salon|suite parentale|two bedrooms with dressings,100,HIGH,1.5,False,False,new,,4750.0,2026-03-27T14:46:19.641704
tunisieannonce_4f48c892c061,tunisieannonce,2400.0,200.0,,Montplaisir,TUNIS,north,Jebel Jelloud,Sale,Commercial,36.7667,10.1833,caméra de surveillance|chauffage central|climatisation|climatisation en split système|decteur de mouvement|meuble|open space|parking|place de parking sous sol|salle d' eau|three pieces of office,65,GOOD,1.0,True,False,unchanged,0.0,12.0,2026-03-26T17:44:57.781527
tunisieannonce_4fe500f36765,tunisieannonce,204000.0,300.0,,Jaafar 1,TUNIS,north,Jebel Jelloud,Sale,Land,36.7667,10.1833,environnement stratégique|fort potentiel de valorisation|haut standing|idéalement situé dans une zone dynamique|prix 1m2 c'est 680 dt|proche de la rue principale|près de toutes les commodités|surface 300 m2|terrain,90,HIGH,1.5,False,False,unchanged,0.0,680.0,2026-03-26T23:18:12.389753
tunisieannonce_4eb698aecec2,tunisieannonce,5000.0,150.0,1.0,Berge Du Lac,TUNIS,north,Jebel Jelloud,Rent,Villa,36.7667,10.1833,chauffage central|climatisation|cuisine équipée|deux chambres à coucher|dressings dans toutes les pièces|jardin|parking|place de parking au sous-sol|salle d'eau invités|salle de bain|suite parentale avec sa salle de douche|séchoir aménagé par une kitchenette,90,HIGH,1.5,False,False,new,,33.33,2026-03-27T15:08:40.170246
tunisieannonce_4ebd8ecc70d1,tunisieannonce,1300.0,500.0,3.0,Gammart,TUNIS,north,Jebel Jelloud,Sale,Land,36.7667,10.1833,air conditioning|balcony|chauffage central|climatisation|dressing|garden|heating central|jacuzzi|jardin|piscine|pool|terrace|terrasse,80,GOOD,1.0,True,False,unchanged,0.0,2.6,2026-03-26T17:44:38.489024
tunisieannonce_4fc6022a38d1,tunisieannonce,4800.0,400.0,1.0,Ain Zaghouan,TUNIS,north,Zaghouan,Rent,Villa,36.4025,10.1431,garage|garden|jardin|piscine|pool|studio|terrasse,100,HIGH,1.5,False,False,unchanged,0.0,12.0,2026-03-26T15:50:17.875391
tunisieannonce_4fe0bc0cefdd,tunisieannonce,280000.0,356.0,,Nabeul,TUNIS,north,Nabeul,Sale,Land,36.4561,10.7358,4eme position|jinene bni khiar nabeul|plage|surface couverte|terrain|titre bleu individuel,90,HIGH,1.5,False,False,new,,786.52,2026-03-27T16:03:21.831559
tunisieannonce_4f4b82644743,tunisieannonce,3200.0,65.0,,Ain Zaghouan,TUNIS,north,Zaghouan,Sale,Commercial,36.4025,10.1431,65 m²|commercial|double height|new,70,GOOD,1.0,True,False,new,,49.23,2026-03-26T23:28:00.941760
tunisieannonce_4f2d21232197,tunisieannonce,2700.0,130.0,,Berge Du Lac,TUNIS,north,Jebel Jelloud,Sale,Commercial,36.7667,10.1833,h+4|ifm|lac,70,GOOD,1.0,True,False,new,,20.77,2026-03-27T14:37:07.353465
tunisieannonce_4ebf363ab32a,tunisieannonce,45000.0,84.0,1.0,Bou Mhel,TUNIS,north,Jebel Jelloud,Sale,Land,36.7667,10.1833,terrain,100,HIGH,1.5,False,False,new,,535.71,2026-03-27T14:41:44.748364
tunisieannonce_51fec7e3a164,tunisieannonce,1650.0,65.0,1.0,Chotrana 3,TUNIS,north,Jebel Jelloud,Rent,Villa,36.7667,10.1833,balcon|chambre à coucher avec dressing|chauffage central|climatisation|climatiseurs|cuisine aménagée et équipée|meuble|parking|place de parking au sous-sol|salle de douche|système domotique,100,HIGH,1.5,False,False,unchanged,0.0,25.38,2026-03-26T15:49:35.072739
tunisieannonce_5090be80d8f4,tunisieannonce,228000.0,317.0,,Borj Cedria,TUNIS,north,Jebel Jelloud,Sale,Land,36.7667,10.1833,assainissement|deux façades principales|eau|emplacement stratégique|exposition optimale|gaz naturel|nouvelle autoroute|plage|prix attractif|route principale|terrain de coin|titre foncier individuel|télécom|vocation r+2|éclairage public|électricité,100,HIGH,1.5,False,False,unchanged,0.0,719.24,2026-03-26T15:48:54.863565
tunisieannonce_516bdd96995b,tunisieannonce,380000.0,140.0,2.0,Cite Ennasr 2,TUNIS,north,Jebel Jelloud,Sale,Apartment,36.7667,10.1833,balcon|chambre enfant|cuisine|s+2|salle de bain commune|suite parentale|surface|séchoir,100,HIGH,1.5,False,False,unchanged,0.0,2714.29,2026-03-26T15:25:48.177880
tunisieannonce_51d98e2852e2,tunisieannonce,170000.0,170.0,2.0,Jaafar 2,TUNIS,north,Jebel Jelloud,Sale,Villa,36.7667,10.1833,r+2|s+2|surface : 170 mètres carrées,95,HIGH,1.5,False,False,new,,1000.0,2026-03-27T14:49:39.976087
tunisieannonce_5158fc05d3ec,tunisieannonce,1100.0,150.0,3.0,Rades,TUNIS,north,Rades,Rent,Villa,36.7782,10.2815,chauffage central|jardin|quartier calme|rez-de-chaussée|villa,90,HIGH,1.5,False,False,unchanged,0.0,7.33,2026-03-27T15:49:17.674351
tunisieannonce_50e1ce0c7857,tunisieannonce,5200.0,,4.0,Sidi Daoud,TUNIS,north,Jebel Jelloud,Rent,Apartment,36.7667,10.1833,chauffed|climatisé|garden|jardin|meuble|parking|piscine|pool,85,HIGH,1.5,False,False,new,,,2026-03-27T16:20:08.522513
tunisieannonce_515483f8ea84,tunisieannonce,450000.0,710.0,,Merkez Sebai,TUNIS,north,Jebel Jelloud,Sale,Land,36.7667,10.1833,"accessibilité aux axes routiers principaux|emplacement stratégique|environnement adapté aux activités industrielles et logistiques|idéal pour projet industriel, dépôt, entrepôt logistique ou unité de production|plan d'aménagement urbain|surface",85,HIGH,1.5,False,False,new,,633.8,2026-03-27T15:12:47.686948
tunisieannonce_51e98d48a7df,tunisieannonce,900.0,90.0,1.0,El Menzah 7,TUNIS,north,El Menzah,Rent,Villa,36.8528,10.1703,entrée commune|jardin|meuble|rez de jardin|terrasse,90,HIGH,1.5,False,False,unchanged,0.0,10.0,2026-03-26T17:43:32.533712
tunisieannonce_507c64f0fb06,tunisieannonce,2400.0,71.0,71,Jardins De Carthage,TUNIS,north,Carthage,Sale,Commercial,36.8536,10.3256,alarme|ascenseur|cabinet composé de deux bureaux|caméras de surveillance|hall daccueil avec salle deau dédiée aux patients et à lassistante|haut standing|immeuble 100% médical|jardin|meuble|parking|place de parking privée avec abri|étage élevé avec double ascenseur,90,HIGH,1.5,True,False,unchanged,0.0,33.8,2026-03-26T16:37:26.340884
tunisieannonce_5116dfcf32a1,tunisieannonce,135000.0,80.0,2.0,El Mourouj,TUNIS,north,El Mourouj,Sale,Apartment,36.7405,10.2042,abri voiture|cuisine|deux chambres à coucher|s+2|salle de bain|salon,95,HIGH,1.5,False,False,unchanged,0.0,1687.5,2026-03-26T17:45:55.248042
tunisieannonce_52624283208d,tunisieannonce,900.0,60.0,2.0,El Manar 1,TUNIS,north,Jebel Jelloud,Rent,Other,36.7667,10.1833,60m|climatisation|meuble|meublé,100,HIGH,1.5,False,False,unchanged,0.0,15.0,2026-03-26T15:47:59.043584
tunisieannonce_523a5950ac30,tunisieannonce,800.0,,1,El Manar 2,TUNIS,north,Jebel Jelloud,Rent,Apartment,36.7667,10.1833,chauffage central|climatisation|climatiseur|meuble|meublé|parking|s+0|studio,90,HIGH,1.5,False,False,new,,,2026-03-27T14:48:26.408776
tunisieannonce_51ffe3ee4a22,tunisieannonce,268000.0,400.0,,Borj Cedria,TUNIS,north,Jebel Jelloud,Sale,Land,36.7667,10.1833,plage|hôtels de luxe,100,HIGH,1.5,False,False,unchanged,0.0,670.0,2026-03-26T16:19:23.734623
tunisieannonce_52d767c04d43,tunisieannonce,1500.0,110.0,,Montplaisir,TUNIS,north,Jebel Jelloud,Sale,Commercial,36.7667,10.1833,2 pièces de bureau|balcon|bloc sanitaire|meuble|open space|salle de réunion,65,GOOD,1.0,True,False,new,,13.64,2026-03-26T23:21:18.262660
tunisieannonce_521ed5e019b5,tunisieannonce,150000.0,1000.0,,Hammamet,TUNIS,north,Hammamet,Sale,Land,36.4,10.6167,eau|terrain|électricité,90,HIGH,1.5,False,False,unchanged,0.0,150.0,2026-03-26T23:43:33.822057
tunisieannonce_521375910b7b,tunisieannonce,800.0,50.0,1.0,El Medina,TUNIS,north,Jebel Jelloud,Rent,Apartment,36.7667,10.1833,bathroom|bedroom|kitchen,85,HIGH,1.5,False,False,new,,16.0,2026-03-27T15:39:49.989852
tunisieannonce_530ef15a269e,tunisieannonce,230000.0,300.0,2.0,Mnihla,TUNIS,north,Mnihla,Sale,Villa,36.8648,10.1021,1er étage s+3|2 niveaux|rdc s+2|surface 151 m2|surface couverte 300 m2|villa,95,HIGH,1.5,False,False,new,,766.67,2026-03-26T23:18:45.864134
tunisieannonce_520a61996c59,tunisieannonce,820000.0,822.0,,El Omrane Superieur,TUNIS,north,El Omrane Superieur,Sale,Land,36.8264,10.1506,822m2|coin commercial|grand rue|terrain,85,HIGH,1.5,False,False,new,,997.57,2026-03-27T16:10:34.227767
tunisieannonce_527c30d5da6c,tunisieannonce,650.0,38.0,1.0,Cite Ennasr 1,TUNIS,north,Jebel Jelloud,Rent,Other,36.7667,10.1833,douche|s|salle d'eau|wb4412,100,HIGH,1.5,False,False,unchanged,0.0,17.11,2026-03-26T16:03:28.197601
tunisieannonce_524dc859bb7c,tunisieannonce,9000.0,,1.0,Marsa Ennassim,TUNIS,north,Jebel Jelloud,Rent,Villa,36.7667,10.1833,chauffage|climatisation|garage|jardin|piscine,85,HIGH,1.5,False,False,unchanged,0.0,,2026-03-26T23:09:34.389777
tunisieannonce_5471924b4943,tunisieannonce,1700.0,80.0,2.0,Cite Ennasr 2,TUNIS,north,Jebel Jelloud,Rent,Apartment,36.7667,10.1833,appartements s1 haut standing|haut standing|location a courte durée|meuble|meublé,90,HIGH,1.5,False,False,new,,21.25,2026-03-27T15:33:33.023733
tunisieannonce_53b9c72eaf50,tunisieannonce,400.0,90.0,2.0,Borj Cedria,TUNIS,north,Jebel Jelloud,Rent,Apartment,36.7667,10.1833,gaz de ville,90,HIGH,1.5,False,False,unchanged,0.0,4.44,2026-03-27T16:02:57.278533
tunisieannonce_5464eef70801,tunisieannonce,388800.0,432.0,2.0,Hammamet,TUNIS,north,Hammamet,Sale,Land,36.4,10.6167,centre|terrain,100,HIGH,1.5,False,False,unchanged,0.0,900.0,2026-03-26T23:16:52.850183
tunisieannonce_542b23859f52,tunisieannonce,66000.0,180.0,,Cite El Bassatine Ancien,TUNIS,north,Jebel Jelloud,Sale,Land,36.7667,10.1833,terrain,85,HIGH,1.5,False,False,new,,366.67,2026-03-26T23:21:41.765142
tunisieannonce_53d23b47f885,tunisieannonce,200000.0,160.0,2.0,Cite Touristique,TUNIS,north,Jebel Jelloud,Sale,Apartment,36.7667,10.1833,appartements s+2|compteur d'eau|compteur délectricité|cuisine spacieuse bien équipée|dossier foncier réglé|plage|proches de tous les commodité nécessaire|quartier calme touristique|salle de bain|terrasse|terrasse protégée et orientée par la mer|vue panoramique,100,HIGH,1.5,False,False,unchanged,0.0,1250.0,2026-03-26T18:04:42.286722
tunisieannonce_54283de97970,tunisieannonce,420000.0,100.0,2.0,El Mourouj,TUNIS,north,El Mourouj,Sale,Land,36.7405,10.2042,2 chambres à coucher|3 chambres à coucher|3 niveaux|balcon|cuisine|cuisine équipée|duplex|entrée indépendante|grand salon|parking|place de parking|salle d'eau avec douche|salle de bain|salon|séchoir|triplex,80,GOOD,1.0,True,False,new,,4200.0,2026-03-27T14:40:44.236285
tunisieannonce_5352ce839203,tunisieannonce,1800.0,150.0,2.0,Ain Zaghouan,TUNIS,north,Zaghouan,Rent,Apartment,36.4025,10.1431,air conditioning|ascenseur|balcony|chambre à coucher|climatisation|douche|dressing|four|haut standing|heating|kitchen|parking|plaque hotte|salle d'eau invités|salle de bain|spacious salon|suite parentale,90,HIGH,1.5,False,False,new,,12.0,2026-03-27T14:30:43.502343
tunisieannonce_53573f16af08,tunisieannonce,950000.0,710.0,3.0,Le Bardo,TUNIS,north,Le Bardo,Sale,Land,36.8111,10.1364,balcon|chambres à coucher|cuisine|cuisine équipée|douche|garage|jardin|panneaux solaires photovoltaïques|puits|rez-de-chaussée|salle d'eau pour invités|salons|suite parentale|surface covered|terrain|terrasse|villa|étage,100,HIGH,1.5,False,False,unchanged,0.0,1338.03,2026-03-26T18:11:21.564103
tunisieannonce_544deda4a052,tunisieannonce,3500.0,120.0,3.0,Cite Du Stade,TUNIS,north,Jebel Jelloud,Rent,Villa,36.7667,10.1833,cellier|chauffage central|climatisation|cuisine équipée|deux chambres|dressing|jardin|meuble|parking|place de parking sous sol|salle d'eau|salle de bain commune|salle de douche|salon|suite parentale,90,HIGH,1.5,False,False,unchanged,0.0,29.17,2026-03-26T17:57:55.305756
tunisieannonce_53ee41576ff9,tunisieannonce,850.0,66.0,2.0,El Aouina,TUNIS,north,Jebel Jelloud,Rent,Apartment,36.7667,10.1833,chambre à coucher|chauffage central|climatisation|deux climatiseurs|grand salon|haut standing|kitchenette|salle de douche,100,HIGH,1.5,False,False,unchanged,0.0,12.88,2026-03-26T15:27:59.272373
tunisieannonce_551b4408ae44,tunisieannonce,535000.0,115.0,2.0,Ain Zaghouan,TUNIS,north,Zaghouan,Sale,Apartment,36.4025,10.1431,appartement neuf|chambre à coucher|cuisine ouverte|four|hotte|parking|place de parking au sous-sol|plaque|s+2|salle de bain privative|salle de bains|suite parentale,100,HIGH,1.5,False,False,unchanged,0.0,4652.17,2026-03-27T15:37:10.708412
tunisieannonce_54895dc31081,tunisieannonce,1150.0,70.0,1.0,Ain Zaghouan,TUNIS,north,Zaghouan,Rent,Apartment,36.4025,10.1431,ascenseur|chambre à coucher avec dressing|chauffage central|climatisation|climatisation en split|cuisine équipée|parking|place de parking au sous-sol|salle de bain|salle à manger|spacious salon,90,HIGH,1.5,False,False,unchanged,0.0,16.43,2026-03-27T14:45:25.121112
tunisieannonce_54a65ff069a0,tunisieannonce,1800.0,,,Akouda,TUNIS,north,Akouda,Sale,Land,35.8667,10.5667,en face|inter meuble|lotissement|maison d'hôte|meuble|vue de mer,30,LOW,0.5,True,False,new,,,2026-03-27T15:01:53.376791
tunisieannonce_55558e23e3b3,tunisieannonce,530000.0,328.0,3.0,Hammam Sousse,TUNIS,north,Hammam Sousse,Sale,Land,35.8592,10.59,3 chambres|cuisine|entres voitures|entré indépandant|hammem sousse|jardin|réz de chaussée|salle d'eau|salle de bain|salon,100,HIGH,1.5,False,False,unchanged,0.0,1615.85,2026-03-27T15:30:49.020184
tunisieannonce_55180a40e0bd,tunisieannonce,150000.0,140.0,3.0,Soliman,TUNIS,north,Soliman,Sale,Villa,36.7,10.4833,2 large bedrooms|centre ville|good condition|large living room|modern bathroom|near market|near schools|near station|well equipped kitchen,100,HIGH,1.5,False,False,unchanged,0.0,1071.43,2026-03-27T15:14:05.680368
tunisieannonce_551533a16425,tunisieannonce,1700.0,2025.0,6.0,Tunis Belvedere,TUNIS,north,Jebel Jelloud,Sale,Commercial,36.7667,10.1833,bathroom|kitchenette|meuble|spacious rooms,80,GOOD,1.0,True,False,unchanged,0.0,0.84,2026-03-27T14:53:47.993268
tunisieannonce_554a063eaab6,tunisieannonce,350000.0,250.0,2.0,Kelibia,TUNIS,north,Kelibia,Sale,Villa,36.8472,11.0944,garage|luxe|studio|terrasse,100,HIGH,1.5,False,False,new,,1400.0,2026-03-26T23:28:40.080224
tunisieannonce_54d678079b4e,tunisieannonce,2500.0,111.0,2.0,Ezzahra,TUNIS,north,Ezzahra,Rent,Apartment,36.743,10.308,haut standing|high standing|location|meuble|price per night|quiet|richly furnished|secure,90,HIGH,1.5,False,False,unchanged,0.0,22.52,2026-03-26T18:13:54.646090
tunisieannonce_54aec977472e,tunisieannonce,150.0,60.0,,El Manar 2,TUNIS,north,Jebel Jelloud,Rent,Apartment,36.7667,10.1833,appartment|bien équipé|haut standing|meuble|meublé,80,GOOD,1.0,False,False,new,,2.5,2026-03-27T15:02:09.673012
tunisieannonce_5504e7a4fcbe,tunisieannonce,1800.0,150.0,2.0,La Soukra,TUNIS,north,La Soukra,Rent,Apartment,36.885212,10.245301,ascenseur|balcon|chambre à coucher avec dressing|chauffage|climatisation|climatisation central|cuisine bien équipée|haut standing|parking|place parking sous-sol|plaque hotte et four|salle d'eau invités|salle de bain|spacious salon|suite parentale avec douche et grand dressing,90,HIGH,1.5,False,False,new,,12.0,2026-03-27T14:31:27.605083
tunisieannonce_5660467f774f,tunisieannonce,2800.0,190.0,4.0,Cite Ennasr 2,TUNIS,north,Jebel Jelloud,Rent,Apartment,36.7667,10.1833,ascenseur|balcon|chambre de service|chambres à coucher|chauffage central|climatisation|cuisine équipée avec séchoir|dressing|gardiennage|parking|place de parking sous sol|salle de bain|suite parentale avec dressing|syndic|séjour,90,HIGH,1.5,False,False,unchanged,0.0,14.74,2026-03-26T23:10:57.127937
tunisieannonce_55e17dc82f18,tunisieannonce,230000.0,60.0,3.0,Cite Ennasr 2,TUNIS,north,Jebel Jelloud,Sale,Apartment,36.7667,10.1833,chambre à coucher|cuisine bien équipée|haut standing|parking|place de parking sous sol|salle de bain moderne avec douche à l'italienne|salon spacieux|séchoir,100,HIGH,1.5,False,False,unchanged,0.0,3833.33,2026-03-26T16:34:37.299095
tunisieannonce_56a660f30695,tunisieannonce,45000.0,157.0,3.0,El Menzah 9,TUNIS,north,El Menzah,Sale,Commercial,36.8528,10.1703,bar à ongle|cuisine|podium de pédicure|salle d'esthétique|salle de bain|salle de coiffure|spa,100,HIGH,1.5,False,False,new,,286.62,2026-03-27T16:15:05.437800
tunisieannonce_567e0907bc20,tunisieannonce,700.0,100.0,2.0,Borj Cedria,TUNIS,north,Jebel Jelloud,Rent,Apartment,36.7667,10.1833,ascenseur|couloir avec grand dressing|cuisine équipée|deux chambres à coucher|dressing|salle de bain commune|salon lumineux,90,HIGH,1.5,False,False,unchanged,0.0,7.0,2026-03-27T15:25:02.561475
tunisieannonce_55da4f6366d4,tunisieannonce,1700.0,65.0,2.0,Cite Ennasr 1,TUNIS,north,Jebel Jelloud,Rent,Apartment,36.7667,10.1833,chauffer|climatisation|climatiser|haut standing|résidence gardée et sécurisée,90,HIGH,1.5,False,False,unchanged,0.0,26.15,2026-03-26T18:13:34.637436
tunisieannonce_561641cca499,tunisieannonce,1050.0,70.0,1.0,Cite Ennasr 2,TUNIS,north,Jebel Jelloud,Rent,Apartment,36.7667,10.1833,appartement s+1|chambre a coucher|chauffage central|climatisation|cuisine équipée avec séchoir|gardiennage|meuble|parking|parking sous sol|rez-de-chaussée|richement meublé|salle de bain|salon|syndic,90,HIGH,1.5,False,False,unchanged,0.0,15.0,2026-03-26T23:11:05.779247
tunisieannonce_561565786eef,tunisieannonce,1200.0,100.0,7.0,Mutuelle Ville,TUNIS,north,Jebel Jelloud,Rent,Commercial,36.7667,10.1833,100m|entrée commune|rez de chaussée|s|salle d'eau|villa,90,HIGH,1.5,False,False,new,,12.0,2026-03-26T23:19:59.499715
tunisieannonce_564d0dbfa6ed,tunisieannonce,470000.0,126.0,2.0,El Kantaoui,TUNIS,north,Jebel Jelloud,Sale,Apartment,36.7667,10.1833,2 salles d'eau|chambre|chauffage central|climatisation|cuisine agencée équipée|douche à l'italienne|jardin|jardin arboré|parking|pieds ds l'eau|place de parking au sous-sol|salle à manger|salon|spacious|suite parents|terrasse|terrasses,100,HIGH,1.5,False,False,unchanged,0.0,3730.16,2026-03-26T15:43:17.107517
tunisieannonce_562f9d4bbf81,tunisieannonce,400000.0,85.0,,Berge Du Lac,TUNIS,north,Jebel Jelloud,Sale,Commercial,36.7667,10.1833,bureau|hall|kitchenette|parking|place de parking|three other bureaux|toilets hommes/femmes,90,HIGH,1.5,False,False,unchanged,0.0,4705.88,2026-03-27T15:07:23.621972
tunisieannonce_5590226144e3,tunisieannonce,7500.0,2800.0,3.0,Cite Industrielle,TUNIS,north,Jebel Jelloud,Sale,Land,36.7667,10.1833,administration|dépôt|entrepôt|espace de production|local commercial|parking|parking aménagé|superficie bâtie|surface du terrain|usine,95,HIGH,1.5,True,False,unchanged,0.0,2.68,2026-03-26T15:18:56.959705
tunisieannonce_56fda5e89195,tunisieannonce,576000.0,18.0,,El Battan,TUNIS,north,El Battan,Sale,Land,36.8167,9.85,terrain|titré,70,GOOD,1.0,True,False,new,,,2026-03-26T23:26:06.055472
tunisieannonce_570e8481e166,tunisieannonce,1300.0,64.0,1.0,Chotrana 1,TUNIS,north,Jebel Jelloud,Rent,Apartment,36.7667,10.1833,Italian shower|amenities kitchen|bedroom with dressing room|haut standing|modern kitchen|parking|parking spot|spacious salon|terrace|terrasse,90,HIGH,1.5,False,False,new,,20.31,2026-03-27T14:52:14.793123
tunisieannonce_57677c4c8a99,tunisieannonce,1100.0,600.0,5.0,Cite Bou Mhel,TUNIS,north,Jebel Jelloud,Sale,Land,36.7667,10.1833,s+1|situation foncière en règle|suite parentale au rdc|surface terrain 600 m2|villa sur 2 niveaux,75,GOOD,1.0,True,False,new,,1.83,2026-03-26T23:25:39.085839
tunisieannonce_5805f5c12bd5,tunisieannonce,3500.0,145.0,,Berge Du Lac,TUNIS,north,Jebel Jelloud,Sale,Commercial,36.7667,10.1833,2 salles deau|bureaux supplémentaires|climatisation|hall dentrée|kitchenette équipée|local technique pour la centrale de climatisation chaud/froid|parking|parking : 2 places au sous-sol|salle de réunion|séchoir,70,GOOD,1.0,True,False,unchanged,0.0,24.14,2026-03-26T23:36:36.163701
tunisieannonce_5917f71dfded,tunisieannonce,700.0,20.0,2.0,El Omrane,TUNIS,north,El Omrane,Rent,Apartment,36.8167,10.1667,20m|bathroom|climatisation|meuble|salle d'eau|semi-furnished|studio,90,HIGH,1.5,False,False,unchanged,0.0,35.0,2026-03-26T17:53:50.365554
tunisieannonce_58e67753af03,tunisieannonce,150.0,70.0,1.0,Zone Urbaine Nord,TUNIS,north,Jebel Jelloud,Rent,Apartment,36.7667,10.1833,,75,GOOD,1.0,False,False,new,,2.14,2026-03-27T16:06:30.033875
tunisieannonce_57a2b2c721bc,tunisieannonce,131.0,55.0,1.0,Bou Mhel,TUNIS,north,Jebel Jelloud,Rent,Apartment,36.7667,10.1833,courte durée|meuble|meublé,90,HIGH,1.5,False,False,new,,2.38,2026-03-27T14:55:18.563367
tunisieannonce_57c480b17be8,tunisieannonce,355000.0,147.0,4,Cite El Ghazala 1,TUNIS,north,Jebel Jelloud,Sale,Apartment,36.7667,10.1833,ascenseur|balcon|chauffage central|climatisation|cuisine équipée|deux chambres à coucher|dressing suite parentale|gardiennage|parking|places de parking sous sol|salle d'eau|salle d'eau et dressing|salle de bain|syndic|séchoir,100,HIGH,1.5,False,False,unchanged,0.0,2414.97,2026-03-27T15:47:05.147983
tunisieannonce_57d92016df48,tunisieannonce,1400.0,2026.0,2.0,Cite Ennasr 2,TUNIS,north,Jebel Jelloud,Rent,Apartment,36.7667,10.1833,appartement s+2|chambre enfant|chauffage central|climatisation|climatisation centrale|cuisine équipée|four|hotte|plaque|salle de bain commune|salon lumineux|suite parentale|séchoir,80,GOOD,1.0,True,False,new,,0.69,2026-03-27T15:07:56.965171
tunisieannonce_576e6e7bc307,tunisieannonce,250000.0,200.0,2.0,Chaabet El Mrezga,TUNIS,north,Jebel Jelloud,Sale,Villa,36.7667,10.1833,rez de chaussée|s|studios|titre en commun|villa|wb4358,100,HIGH,1.5,False,False,new,,1250.0,2026-03-27T15:51:40.577610
tunisieannonce_59a1f9f344db,tunisieannonce,700000.0,,,Boucha,TUNIS,north,Jebel Jelloud,Sale,Land,36.7667,10.1833,fertile|papier en règle|terrain plat,60,GOOD,1.0,False,False,unchanged,0.0,,2026-03-26T16:30:43.906616
tunisieannonce_597248aa25a4,tunisieannonce,255000.0,155.0,4.0,Republique,TUNIS,north,Jebel Jelloud,Sale,Apartment,36.7667,10.1833,appartement s+4|ascenseur|centre ville|investissement|résidence|titre individuel,100,HIGH,1.5,False,False,new,,1645.16,2026-03-27T16:19:30.820224
tunisieannonce_59e32351de9e,tunisieannonce,630.0,75.0,1.0,Cite Ennasr 2,TUNIS,north,Jebel Jelloud,Rent,Apartment,36.7667,10.1833,bel appartement meublé s+1|meuble|meublé|proche de la clinique hamilcar,90,HIGH,1.5,False,False,unchanged,0.0,8.4,2026-03-27T14:53:14.198113
tunisieannonce_592391f89f1e,tunisieannonce,2300.0,150.0,3.0,Cite Du Stade,TUNIS,north,Jebel Jelloud,Rent,Villa,36.7667,10.1833,abris pour voiture|chambres|chauffage central|climatisation|deux chambres supplémentaires|duplex|haut standing|jardin|piscine|s+3 composition|salle de bain commune|salon cuisine équipée|suite principale|séchoir,90,HIGH,1.5,False,False,new,,15.33,2026-03-27T15:03:34.080087
tunisieannonce_5afc91fb99e2,tunisieannonce,85000.0,14.0,6.0,El Manar 1,TUNIS,north,Jebel Jelloud,Sale,Commercial,36.7667,10.1833,"4,52 m x 2,41 m|dimensions|idealement situé|local commercial|prix de vente des murs|rez-de-chaussée|surface brute",100,HIGH,1.5,False,False,unchanged,0.0,6071.43,2026-03-27T15:00:16.068959
tunisieannonce_5a4e43e40982,tunisieannonce,175900.0,359.0,,Soliman,TUNIS,north,Soliman,Sale,Land,36.7,10.4833,orientation idéale vers l'est|prestigieux complexe scientifique international à 25 minutes du centre-ville de tunis via la nouvelle autoroute|prix attractif de 490 tnd le m²|proximité des hôtels solymar et andalous|proximité des salons de thé anibal et lina|restaurant mexicali à seulement 2 minutes de la magnifique plage ejjahmi|surface de 359 m²|terrain résidentiel|titre foncier individuel|voisinage constitué de résidences haut de gamme|zonage r+2,100,HIGH,1.5,False,False,unchanged,0.0,489.97,2026-03-26T15:41:42.061919
tunisieannonce_5af4e3e82f53,tunisieannonce,520000.0,400.0,,Chotrana 3,TUNIS,north,Jebel Jelloud,Sale,Land,36.7667,10.1833,2 façades|400m²|autorisation de bâtir en r2|lotissement approuvé|situation juridique en règle|terrain,90,HIGH,1.5,False,False,unchanged,0.0,1300.0,2026-03-26T23:11:15.908867
tunisieannonce_5a1ff94e77da,tunisieannonce,2500.0,150.0,1.0,Berge Du Lac,TUNIS,north,Jebel Jelloud,Rent,Commercial,36.7667,10.1833,balcon|bureau de direction|cuisine|emplacement strategique|espaces de travail fonctionnels|meuble|parking|place de parking au sous sol|salle de reunion,90,HIGH,1.5,False,False,new,,16.67,2026-03-27T15:01:17.817883
tunisieannonce_59510db33c91,tunisieannonce,1500.0,110.0,1.0,Ain Zaghouan,TUNIS,north,Zaghouan,Rent,Commercial,36.4025,10.1431,accueil|bureautique|chauffage central|kitchenette|placards|salle de bain|séchoir,90,HIGH,1.5,False,False,unchanged,0.0,13.64,2026-03-26T18:01:03.414465
tunisieannonce_5a7302b0fbf0,tunisieannonce,75000.0,276.0,2.0,Menzel Bouzelfa,TUNIS,north,Menzel Bouzelfa,Sale,Land,36.6833,10.5833,gaz de ville|sonède|terrain|titre|électrique,95,HIGH,1.5,False,False,unchanged,0.0,271.74,2026-03-27T15:13:56.861422
tunisieannonce_5c5ae00c88fa,tunisieannonce,1450.0,130.0,1.0,Ain Zaghouan,TUNIS,north,Zaghouan,Rent,Apartment,36.4025,10.1431,balcon|chambres à coucher|chauffage central|climatisation|climatisation en split|cuisine|salle d'eau invités|salle de bain commune|salle à manger|salon|séchoir,90,HIGH,1.5,False,False,new,,11.15,2026-03-27T14:44:43.561847
tunisieannonce_5c6e70ce8ada,tunisieannonce,2000.0,209.0,4.0,Ain Zaghouan,TUNIS,north,Zaghouan,Rent,Apartment,36.4025,10.1431,2ème salle de bain avec salle d'eau|4 chambres de nuit|4 climatiseurs|4 tv|chauffage central|climatisation|cuisine bien équipée|espace vert|gardée|haut standing|jardin|jardin d'enfants|meuble|meublé haut standing|new|parking|place de parking au sous-sol|résidence sécurisée|salle d'eau séparée|spacious|suite parentale avec sdb|séchoir,90,HIGH,1.5,False,False,new,,9.57,2026-03-27T16:02:16.802778
tunisieannonce_5ca23e25b75a,tunisieannonce,335000.0,122.0,1.0,Ain Zaghouan,TUNIS,north,Zaghouan,Sale,Apartment,36.4025,10.1431,chauffage central|cuisine équipée|deux chambres à coucher|deux places de parking au sous sol|parking|salle de bain|salon|séchoir,100,HIGH,1.5,False,False,new,,2745.9,2026-03-26T23:29:04.869249
tunisieannonce_5b58fa15edd1,tunisieannonce,1500.0,90.0,7.0,Mutuelle Ville,TUNIS,north,Jebel Jelloud,Rent,Commercial,36.7667,10.1833,climatisation|climatisation en split système|cuisine|câblage réseau en fibre optique|meuble|pièces de bureau|plateau|salle d'eau|salles de réunions,90,HIGH,1.5,False,False,new,,16.67,2026-03-27T15:40:57.284443
tunisieannonce_5bf834a40145,tunisieannonce,480000.0,480.0,3.0,Hammam Sousse,TUNIS,north,Hammam Sousse,Sale,Villa,35.8592,10.59,05 chambres|cuisine|double façade|duplex|garage|hannm|haut standing|piscine|salle de bain|salon|sous-surface|terrasse|titre foncier|villa,100,HIGH,1.5,False,False,unchanged,0.0,1000.0,2026-03-26T15:30:38.633144
tunisieannonce_5b336a1e3d70,tunisieannonce,6500.0,600.0,1.0,El Charguia,TUNIS,north,Jebel Jelloud,Sale,Commercial,36.7667,10.1833,300m²|600m²|dépôts|surfaces,75,GOOD,1.0,True,False,new,,10.83,2026-03-27T16:10:42.432461
tunisieannonce_5c1df78124cf,tunisieannonce,850.0,160.0,1.0,Cite De L'Aeroport,TUNIS,north,Jebel Jelloud,Rent,Commercial,36.7667,10.1833,dépot|rez-de-chaussée,85,HIGH,1.5,False,False,unchanged,0.0,5.31,2026-03-27T15:03:26.317815
tunisieannonce_5c1dd1f96980,tunisieannonce,280000.0,135.0,2.0,El Menzah 8,TUNIS,north,El Menzah,Sale,Land,36.8528,10.1703,2 niveaux|jardin|maison|petit jardin|retaper|terrain|titre individuel,100,HIGH,1.5,False,False,unchanged,0.0,2074.07,2026-03-26T15:27:16.976528
tunisieannonce_5b5dda85f4c2,tunisieannonce,2500.0,600.0,1.0,Mutuelle Ville,TUNIS,north,Jebel Jelloud,Sale,Land,36.7667,10.1833,access garden|administration: 6500 dinars per month|double access|débarras|entirely restored|garage|grand salon|jardin|kitchen|loge gardien|open space|open space on 2 levels|rentability locative|salle d'eau|small dining area|surface covered|terraces|terrain|terrasse|tisanerie|villa coloniale|wc,80,GOOD,1.0,True,False,unchanged,0.0,4.17,2026-03-27T14:59:55.491743
tunisieannonce_5c199cba4d0e,tunisieannonce,270000.0,170.0,4.0,Cite De La Plage 1,TUNIS,north,Jebel Jelloud,Sale,Apartment,36.7667,10.1833,appartement|chambres à coucher|chauffage central|cuisine|meuble|s+4|salle de bain|salon|surface,100,HIGH,1.5,False,False,unchanged,0.0,1588.24,2026-03-26T16:07:57.986004
tunisieannonce_5ceb2e601b87,tunisieannonce,11111.0,200.0,3.0,Bizerte,TUNIS,north,Menzel Jemil,Sale,Land,37.237,9.91,3 chambres à coucher|cuisine|maison|premier étage inachevé|salle d'eau|salon|terrain,90,HIGH,1.5,True,False,unchanged,0.0,55.55,2026-03-26T16:05:32.888064
tunisieannonce_5dc9962ca673,tunisieannonce,1100.0,60.0,2.0,Bab Bhar,TUNIS,north,Bab Bhar,Rent,Apartment,36.7981,10.1803,chambre à coucher|chauffage central|cuisine|douche à l'italienne|dressing|hotte|meuble|micro ondes|plaque four|réfrigérateur|salle d'eau|salon|éléments de rangement,95,HIGH,1.5,False,False,unchanged,0.0,18.33,2026-03-26T16:15:53.475872
tunisieannonce_5d47bd4710d8,tunisieannonce,625000.0,500.0,,Oued Ellil,TUNIS,north,Oued Ellil,Sale,Land,36.8311,10.0347,70 buissons d'oliviers|bonne vue|clôturé|eau|surface 2500m2|électricité,85,HIGH,1.5,False,False,new,,1250.0,2026-03-27T14:51:24.141847
tunisieannonce_5cf4eeb88d30,tunisieannonce,30000.0,500.0,,Saint Gobin,TUNIS,north,Jebel Jelloud,Sale,Commercial,36.7667,10.1833,dépôt|local|loyer|parking|parking privé,80,GOOD,1.0,False,False,new,,60.0,2026-03-27T15:51:56.695359
tunisieannonce_5d2cd6279e32,tunisieannonce,450000.0,180.0,2.0,Zone Hoteliere,TUNIS,north,Jebel Jelloud,Sale,Commercial,36.7667,10.1833,"1 salles de bains +  wc séparés|180 m|appartement s+2|balcon/terrasse exposé sud|cave|climatisation|climatisation à confirmer|coin petit-déjeuner|confort & finitions grandes baies favorisant luminosité naturelle|cuisine semi-ouverte (ou indépendante)|emplacement privilégié|entrée spacieuse avec placard de rangement|grand séjour lumineux ouvrant sur balcon/terrasse avec vue sur la mer|nombreux rangements|orientation plein sud face mer|parking|place de parking et  cave selon copropriété|pré installations internet / antenne satellite|s+2, 4 étage|salle à manger attenante au séjour|seconde chambre idéale pour enfant, invités ou bureau|sols en carrelage ou parquet selon finition|suite parentale avec placard et accès balcon|terrasse|vue marine|vue panoramique dégagée",100,HIGH,1.5,False,False,unchanged,0.0,2500.0,2026-03-26T23:16:25.567495
tunisieannonce_5d7ec9790685,tunisieannonce,1800.0,180.0,3.0,Ariana Essoughra,TUNIS,north,Ariana Ville,Rent,Villa,36.866011,10.193923,cuisine équipée|meuble|rez-de-chaussée|richement meublé|salle d'eau|salle de bain avec douche|salon salle a manger|terrasse|trois chambres à coucher|villa s+3,100,HIGH,1.5,False,False,unchanged,0.0,10.0,2026-03-26T15:17:58.276454
tunisieannonce_5d7fcf2a91b7,tunisieannonce,280000.0,110.0,3.0,Hammam Sousse Gharbi,TUNIS,north,Hammam Sousse,Sale,Apartment,35.8592,10.59,appts s+3|ascenseur|chauffage central|finition en cours|parking|parking extérieur|proches du lycée h-sousse 2|surface habitable 110 m²|terrasse|tout neuf,100,HIGH,1.5,False,False,unchanged,0.0,2545.45,2026-03-26T23:36:01.060427
tunisieannonce_5ced761bfb5d,tunisieannonce,450.0,40.0,4.0,Chatt Meriem,TUNIS,north,Jebel Jelloud,Rent,Apartment,36.7667,10.1833,"2 lits|balcon|carrelage de 1er choix|chambre à coucher|climatisation|climatisation : split|haut standing|kitchenette: réfrigérateur, gaz|machine à laver|marbre blanc|meuble|placard|salle d'eau et douche:faïence 1er choix|sanitaire roca|studio meublé|télévision",100,HIGH,1.5,False,False,unchanged,0.0,11.25,2026-03-26T16:27:31.262064
tunisieannonce_5d862408d9d3,tunisieannonce,1538.0,538.0,,La Soukra,TUNIS,north,La Soukra,Sale,Land,36.885212,10.245301,terrain,70,GOOD,1.0,True,False,unchanged,0.0,2.86,2026-03-26T17:53:01.155791
tunisieannonce_5ca41dc6bbe0,tunisieannonce,330000.0,122.0,3.0,Ezzahra,TUNIS,north,Ezzahra,Sale,Apartment,36.743,10.308,3 chambres à coucher|ascenseur|balcon|couloir avec un  dressing|cuisine équipée|dressing|salle d'eau|salle de bain commune|salon lumineux,100,HIGH,1.5,False,False,new,,2704.92,2026-03-27T15:37:01.079271
tunisieannonce_5f3ce9f78a25,tunisieannonce,1750.0,80.0,1.0,Jardins De Carthage,TUNIS,north,Carthage,Rent,Apartment,36.8536,10.3256,chambre à coucher avec dressing|chauffage central|climatisation|climatisation split|cuisine ouverte et bien équipée|jardin|jardin de carthage|meuble|meublé|parking|place de parking au sous-sol|s+1|salle de bain|salon|séchoir,90,HIGH,1.5,False,False,unchanged,0.0,21.88,2026-03-27T15:56:15.554782
tunisieannonce_5ef13d394259,tunisieannonce,170000.0,500.0,,Hammamet,TUNIS,north,Hammamet,Sale,Land,36.4,10.6167,eau|route goudronnée|terrain|titre foncier|électricité,90,HIGH,1.5,False,False,new,,340.0,2026-03-27T14:52:07.703347
tunisieannonce_5e9d0a56c7cf,tunisieannonce,530.0,80.0,2.0,Hammam Lif,TUNIS,north,Hammam Lif,Rent,Villa,36.728,10.336,a2 minutes de la gare|cité mohamed ali|climatisation|climatiseur|hmmam lif|meuble|rdc s+2 meublé,90,HIGH,1.5,False,False,new,,6.62,2026-03-27T16:03:04.824627
tunisieannonce_6006dd2640e9,tunisieannonce,1100.0,90.0,2.0,Ezzahra,TUNIS,north,Ezzahra,Rent,Apartment,36.743,10.308,appartment|entrée indépendante|meuble|meublé|rez-de-chaussée,90,HIGH,1.5,False,False,new,,12.22,2026-03-27T15:52:38.267454
tunisieannonce_5f9133b9f807,tunisieannonce,1300.0,180.0,3.0,Cite Ennasr 2,TUNIS,north,Jebel Jelloud,Rent,Villa,36.7667,10.1833,banquette|chambres à coucher|chauffage central|cuisine aménagée|sdb|terrasse,85,HIGH,1.5,False,False,new,,7.22,2026-03-27T14:41:28.762978
tunisieannonce_5f30655797c7,tunisieannonce,2500.0,90.0,1.0,Marsa Safsaf,TUNIS,north,Jebel Jelloud,Rent,Apartment,36.7667,10.1833,appartement s+1|balcon|chambre à coucher avec dressing|chauffage central|climatisation|climatisation split|cuisine ouverte entièrement équipée|four|hotte|meuble|plaque|réfrigérateur|salle de douche moderne,90,HIGH,1.5,False,False,unchanged,0.0,27.78,2026-03-27T15:55:27.774741
tunisieannonce_5ec9fc20bb53,tunisieannonce,750.0,90.0,2.0,Bab Bhar,TUNIS,north,Bab Bhar,Rent,Commercial,36.7981,10.1803,2 chambres|cuisine|douche|salle d'eau|salon,90,HIGH,1.5,False,False,unchanged,0.0,8.33,2026-03-26T23:42:24.735201
tunisieannonce_5fd454342f74,tunisieannonce,285000.0,105.0,3.0,Borj El Baccouche,TUNIS,north,Jebel Jelloud,Sale,Apartment,36.7667,10.1833,ascenseur|bâti 2008|chambre à coucher|chauffage central|climatisation|cuisine|dressing|parking|salle de bain|séchoir|titre individuel,100,HIGH,1.5,False,False,unchanged,0.0,2714.29,2026-03-26T23:30:29.340569
tunisieannonce_5ee2f7b51653,tunisieannonce,1100.0,20.0,2.0,El Menzah 5,TUNIS,north,El Menzah,Rent,Apartment,36.8528,10.1703,chambre a coucher|chauffage|climatisation|climatiseur|eau chaude|kitchinette|meuble|salle d'eau avec douche|salle de séjour|tv,75,GOOD,1.0,True,False,unchanged,0.0,55.0,2026-03-26T18:16:25.253284
tunisieannonce_60080a95f6dd,tunisieannonce,131.0,100.0,2.0,Ezzahra,TUNIS,north,Ezzahra,Rent,Apartment,36.743,10.308,courte durée|meuble|meublé,90,HIGH,1.5,False,False,new,,1.31,2026-03-27T15:46:05.530875
tunisieannonce_60f3686d9a7a,tunisieannonce,3600.0,180.0,3.0,Sidi Daoud,TUNIS,north,Jebel Jelloud,Rent,Villa,36.7667,10.1833,chambre à coucher|chauffage central|climatisation|climatisation split|cuisine ouverte|dressing|duplex|four|hotte|jardin|lave linge|meuble|meublé|micro-ondes|parking|places de parking au sous-sol|plaque|réfrigérateur|s+3|salle de douche|salon,90,HIGH,1.5,False,False,unchanged,0.0,20.0,2026-03-27T15:36:50.502781
tunisieannonce_601b5f58c701,tunisieannonce,1200.0,70.0,1.0,Borj El Baccouche,TUNIS,north,Jebel Jelloud,Rent,Apartment,36.7667,10.1833,balcon|chambre a coucher|chauffage central|climatisation|cuisine équipée avec séchoir|dressing|gardiennage|salle bain|syndic,90,HIGH,1.5,False,False,unchanged,0.0,17.14,2026-03-26T23:10:48.763976
tunisieannonce_61032c320014,tunisieannonce,700.0,50.0,1.0,Riadh Landlous,TUNIS,north,Jebel Jelloud,Rent,Apartment,36.7667,10.1833,cuisine independant|parking|residence|salle de bain|vue montagne,95,HIGH,1.5,False,False,unchanged,0.0,14.0,2026-03-26T16:33:43.515208
tunisieannonce_60b6c99d6e32,tunisieannonce,2000.0,200.0,2.0,Nouvelle Medina,TUNIS,north,Nouvelle Medina,Rent,Commercial,36.75,10.23,5 bureaux|chauffage central|compteurs gaz|grand espace climatisé|sonede séparés|steg triphasé|toilettes h et f,90,HIGH,1.5,False,False,new,,10.0,2026-03-26T22:51:00.239903
tunisieannonce_616c1aba1369,tunisieannonce,145000.0,280.0,3.0,Sakiet Ezzit,TUNIS,north,Sakiet Ezzit,Sale,Villa,34.8183,10.7469,cuisine|jardin|place de voiture,100,HIGH,1.5,False,False,new,,517.86,2026-03-27T15:18:59.827165
tunisieannonce_60c7476f7d62,tunisieannonce,2200.0,120.0,1.0,La Soukra,TUNIS,north,La Soukra,Rent,Villa,36.885212,10.245301,cellier|cuisine équipée|deux chambres à coucher|dressing|four|hotte|parking|place parking|plaque|salle d'eau|salle de douche|sous sol|suite parentale|terrasse,90,HIGH,1.5,False,False,new,,18.33,2026-03-27T14:57:44.463730
tunisieannonce_613543899e83,tunisieannonce,8055.0,537.0,2.0,Cite Rous El Harayek,TUNIS,north,Jebel Jelloud,Sale,Land,36.7667,10.1833,constructions|eau|jardin|vue|électricité,75,GOOD,1.0,True,False,new,,15.0,2026-03-27T14:49:32.374879
tunisieannonce_616623a7aac3,tunisieannonce,1450.0,7000.0,,Boucha,TUNIS,north,Jebel Jelloud,Sale,Land,36.7667,10.1833,arbres variés|charrue|conteur steg|couri|dépôt|haut standing|irrigation goutte à goutte|machines agricoles|maison de gardien|moteur électrique|oliviers|poulailler papier en règle|puit d'eau|salinité|terrain|terrasse|tracteur|vannes|villa haute standing,75,GOOD,1.0,True,False,unchanged,0.0,,2026-03-26T16:33:12.117330
tunisieannonce_6102956dae70,tunisieannonce,2000.0,2025.0,1.0,Zone Urbaine Nord,TUNIS,north,Jebel Jelloud,Sale,Commercial,36.7667,10.1833,2 salles deau|4 espaces de travail|climatisation|climatisation centrale (chaud/froid)|connexion fibre optique|double vitrage|kitchenette|meuble|parking|place de parking au sous-sol|surface|système dalarme,80,GOOD,1.0,True,False,unchanged,0.0,0.99,2026-03-27T14:55:10.419876
tunisieannonce_6141794b26f7,tunisieannonce,330000.0,290.0,3.0,El Brarja,TUNIS,north,Jebel Jelloud,Sale,Villa,36.7667,10.1833,1er étapes|4 studiod|garage,100,HIGH,1.5,False,False,unchanged,0.0,1137.93,2026-03-26T15:46:52.775928
tunisieannonce_62dcd39d88bf,tunisieannonce,2200.0,110.0,1.0,Ain Zaghouan,TUNIS,north,Zaghouan,Rent,Apartment,36.4025,10.1431,balcon|chauffage|climatisation|climatisation central|cuisine équipée|deux chambre à coucher avec des dressing|haut standing|parking|place de parking au sous-sol|salle d'eau|séchoir,90,HIGH,1.5,False,False,unchanged,0.0,20.0,2026-03-27T14:45:07.850295
tunisieannonce_62f78d758d7c,tunisieannonce,550000.0,614.0,3.0,Hammam Chatt,TUNIS,north,Hammam Chatt,Sale,Villa,36.7036,10.3625,potential for renovation or reconstruction|two levels|villa,100,HIGH,1.5,False,False,new,,895.77,2026-03-27T15:19:51.790218
tunisieannonce_633dff6c169d,tunisieannonce,200.0,80.0,1.0,Ain Zaghouan,TUNIS,north,Zaghouan,Rent,Commercial,36.4025,10.1431,"15 min from downtown Tunis|5 min from Carrefour shopping center|5 min from Tunis Carthage airport|8 min from the North suburbs (Carthage ruins, Sidi Bousaid, Marsa Gammarth)|80 m2|bathroom|bedroom|central heating|chauffage central|chic neighborhood|cleaning service possible|coffee maker|dryer|haut standing|intercom|kitchen|laundry room|linen and kitchen utensils|living room|meuble|microwave|modern furniture|new TV|property and hygiene guarantee|proximity to shops|rent starting from 30 euros per night depending on season and duration|satellite TV|security 24/7|suitable for more than 4 people|very new|washing machine",90,HIGH,1.5,False,False,new,,2.5,2026-03-27T14:26:21.659437
tunisieannonce_61c896d2d0cc,tunisieannonce,300000.0,600.0,,Chotrana 1,TUNIS,north,Jebel Jelloud,Sale,Land,36.7667,10.1833,chotrana|proche renault chotrana|r+2|surface|terrain,95,HIGH,1.5,False,False,new,,,2026-03-27T15:52:03.863269
tunisieannonce_62a15b2b41f6,tunisieannonce,675000.0,177.0,2.0,Ain Zaghouan,TUNIS,north,Zaghouan,Sale,Apartment,36.4025,10.1431,appartement s+2|ascenseur|boiserie freine|caméras de surveillance|chauffage central|climatisation|climatisation en split|double ascenseurs|double vitrage|dressing dans toutes les pièces|isolation phonique|neuf direct promoteur|parking|piscine|piscine couverte collective chauffée|place de parking au sous-sol|résidence gardée et sécurisée|sanitaire du 1er choix|surface de 177.5m²|système d'alarme|terrasse|vidéophone,100,HIGH,1.5,False,False,new,,3813.56,2026-03-27T14:23:24.828500
tunisieannonce_618309e073a3,tunisieannonce,1800.0,90.0,2.0,Cite Ennasr 2,TUNIS,north,Jebel Jelloud,Rent,Apartment,36.7667,10.1833,avenue hedi nouira|commodités|cuisine équipée|deux chambres|meuble|meublé|salon,100,HIGH,1.5,False,False,unchanged,0.0,20.0,2026-03-26T16:24:10.323495
tunisieannonce_62ccafc798c3,tunisieannonce,720000.0,477.0,4.0,Cite El Ghazala 1,TUNIS,north,Jebel Jelloud,Sale,Land,36.7667,10.1833,4 chambres à coucher|belle véranda|chauffage central|climatisation|climatiseurs installés|cuisine fonctionnelle|entrée pour 2 voitures|grand salon lumineux|jardin|jardin tout autour de la villa|salle deau avec douche|salle à manger conviviale|surface couverte : 250 m²|surface terrain : 477 m²|titre foncier individuel,100,HIGH,1.5,False,False,unchanged,0.0,1509.43,2026-03-26T17:53:29.545164
tunisieannonce_6233a4e093c7,tunisieannonce,220.0,2026.0,3.0,Bab Bhar,TUNIS,north,Bab Bhar,Rent,Apartment,36.7981,10.1803,WC|bathroom|kitchen|rooms are independent|wifi,75,GOOD,1.0,True,False,unchanged,0.0,0.11,2026-03-27T15:25:39.998200
tunisieannonce_62457a68e532,tunisieannonce,950000.0,400.0,,Naassen,TUNIS,north,Jebel Jelloud,Sale,Land,36.7667,10.1833,accès pratique|administration|dépôt|loge|oliviers|portails|terrain|vestiaires,90,HIGH,1.5,False,False,unchanged,0.0,2375.0,2026-03-27T15:07:14.539690
tunisieannonce_623b7e4859f4,tunisieannonce,120000.0,90.0,3.0,Nabeul,TUNIS,north,Nabeul,Sale,Other,36.4561,10.7358,3 etage|ascenseur|commission agence 2 pourcent|frais de visite 20dt|s plus 2|wb3664,100,HIGH,1.5,False,False,new,,1333.33,2026-03-27T15:51:31.094859
tunisieannonce_6377e54d21aa,tunisieannonce,180000.0,2.0,,Mornag,TUNIS,north,Mornag,Sale,Land,36.6715,10.258,excellent accessibilité|façade de 100 mètres|profondeur de 200 mètres|projet agricole ou élevage|route goudronnée|terrain agricole,75,GOOD,1.0,True,False,new,,,2026-03-27T14:38:35.109880
tunisieannonce_63c9f7e63a26,tunisieannonce,65000.0,250.0,,Hammamet,TUNIS,north,Hammamet,Sale,Land,36.4,10.6167,commerces|mer|quartier calme|terrain,90,HIGH,1.5,False,False,unchanged,0.0,260.0,2026-03-26T23:43:42.014710
tunisieannonce_63a085c50b29,tunisieannonce,740000.0,505.0,,El Omrane,TUNIS,north,El Omrane,Sale,Land,36.8167,10.1667,calme|deux étages|duplex moderne|habitation familiale|projet locatif|quartier recherché|rénover|terrain|villa,90,HIGH,1.5,False,False,new,,1465.35,2026-03-27T14:48:17.847540
tunisieannonce_649adb8b252a,tunisieannonce,1200.0,160.0,3.0,La Soukra,TUNIS,north,La Soukra,Rent,Apartment,36.885212,10.245301,ascenseur|balcon|chauffage central|climatisation|climatisation en split|cuisine équipée|salle d'eau invités|séchoir,90,HIGH,1.5,False,False,unchanged,0.0,7.5,2026-03-26T23:14:05.769349
tunisieannonce_644131056625,tunisieannonce,850.0,2026.0,1.0,El Menzah 5,TUNIS,north,El Menzah,Rent,Apartment,36.8528,10.1703,ascenseur|bathroom with shower|bedroom|good location|kitchen with dryer|living room|nearby amenities|s+1|studio,80,GOOD,1.0,True,False,unchanged,0.0,0.42,2026-03-27T15:51:48.352040
tunisieannonce_6508073142bd,tunisieannonce,65000.0,15.0,3.0,El Manar 1,TUNIS,north,Jebel Jelloud,Sale,Commercial,36.7667,10.1833,local commercial|surface 15m2,100,HIGH,1.5,False,False,unchanged,0.0,4333.33,2026-03-26T16:28:56.932737
tunisieannonce_652de7231c61,tunisieannonce,1800.0,70.0,2.0,Cite Ennasr 2,TUNIS,north,Jebel Jelloud,Rent,Apartment,36.7667,10.1833,meuble|short-term rental|studios meublé,85,HIGH,1.5,False,False,unchanged,0.0,25.71,2026-03-26T18:17:44.714128
tunisieannonce_64e56244c30c,tunisieannonce,134000.0,244.0,,Soliman,TUNIS,north,Soliman,Sale,Land,36.7,10.4833,assainissement|cadre résidentiel haut de gamme|chaussée et trottoir|confort|eau potable|environnement calme|forte valeur résidentielle|gaz naturel|jardin|luminosité naturelle|orientation : sud est|proximité de toutes les commodités|quartier sécurisé|surface : 244 m²|terrain résidentiel|tranquillité|télécom|vie de famille harmonieuse|éclairage public|électricité,100,HIGH,1.5,False,False,unchanged,0.0,549.18,2026-03-26T16:16:53.472206
tunisieannonce_64fb37638889,tunisieannonce,2600.0,110.0,3.0,Marsa Safsaf,TUNIS,north,Jebel Jelloud,Rent,Apartment,36.7667,10.1833,chambres à coucher|chauffage central|climatisation|climatisation en split|cuisine|dressing|meuble|parking|place de parking au sous-sol|salle de douche|salon|terrasse,90,HIGH,1.5,False,False,unchanged,0.0,23.64,2026-03-27T15:47:14.449921
tunisieannonce_643bd90d2479,tunisieannonce,1400.0,120.0,,El Manar 1,TUNIS,north,Jebel Jelloud,Sale,Commercial,36.7667,10.1833,bloc sanitaires|climatisation|hall|kitchenette|meuble|three bureaux,70,GOOD,1.0,True,False,unchanged,0.0,11.67,2026-03-26T23:08:02.579630
tunisieannonce_657ce3bd0021,tunisieannonce,10000.0,600.0,8.0,Mutuelle Ville,TUNIS,north,Jebel Jelloud,Rent,Villa,36.7667,10.1833,2ème cuisine|abri pour 4 à 5 voitures|baignoire|chambre de gardien|chauffage central|climatisation|climatiseur|cuisine|deux suites juniors|douche|dressing indépendant|jardin|petite pièce|possibilité de location vide|salle d'eau invités|salle à manger|salon|suite invité|système dalarme|séjour indépendant,90,HIGH,1.5,False,False,unchanged,0.0,16.67,2026-03-27T15:44:43.044314
tunisieannonce_6578e39caf9e,tunisieannonce,105000.0,110.0,3.0,Oued Ellil,TUNIS,north,Oued Ellil,Sale,Villa,36.8311,10.0347,1er étage|2eme étage|chambre enfants|chambre parents|douche|entrée|salle à manger|sallon|vases|vastre cuisine,95,HIGH,1.5,False,False,unchanged,0.0,954.55,2026-03-26T23:12:21.064779
tunisieannonce_65d300141020,tunisieannonce,315000.0,250.0,,Hammam Sousse,TUNIS,north,Hammam Sousse,Sale,Other,35.8592,10.59,electricity|height|industrial|surfaces|title foncier|water,85,HIGH,1.5,False,False,unchanged,0.0,1260.0,2026-03-26T23:34:28.227205
tunisieannonce_668d3c990f77,tunisieannonce,150000.0,435.0,,Borj Touil,TUNIS,north,Jebel Jelloud,Sale,Land,36.7667,10.1833,acces à l'eau|electricité|terrain carré|vue dégagée,90,HIGH,1.5,False,False,new,,344.83,2026-03-27T16:13:12.230194
tunisieannonce_65699e1f079c,tunisieannonce,800.0,100.0,1.0,Hammamet,TUNIS,north,Hammamet,Rent,Villa,36.4,10.6167,chauffage central|climatisation|climatisation installée|gaz de ville|meuble,85,HIGH,1.5,False,False,unchanged,0.0,8.0,2026-03-26T17:46:18.098747
tunisieannonce_656d089619e1,tunisieannonce,1800.0,70.0,2.0,Cite Ennasr 1,TUNIS,north,Jebel Jelloud,Rent,Apartment,36.7667,10.1833,chauffer|climatisation|climatiser|haut standing|résidence gardée|sécurisé,90,HIGH,1.5,False,False,unchanged,0.0,25.71,2026-03-26T18:18:57.166291
tunisieannonce_652f062cc334,tunisieannonce,175000.0,502.0,2.0,Mornag,TUNIS,north,Mornag,Sale,Land,36.6715,10.258,terrain,100,HIGH,1.5,False,False,new,,348.61,2026-03-27T15:10:32.543391
tunisieannonce_66238c2adbeb,tunisieannonce,260000.0,372.0,,Borj Cedria,TUNIS,north,Jebel Jelloud,Sale,Land,36.7667,10.1833,quartier calme|résidentiel|terrain|titre foncier en règle,90,HIGH,1.5,False,False,unchanged,0.0,698.92,2026-03-26T17:54:09.933700
tunisieannonce_6676a89468f7,tunisieannonce,160000.0,39.0,40,Jardins D'El Menzah,TUNIS,north,El Menzah,Sale,Apartment,36.8528,10.1703,appartement s+0|chauffage central|gardinnage|jardin|parking|place de parking sous-sol|syndic,85,HIGH,1.5,True,False,unchanged,0.0,4102.56,2026-03-26T18:23:25.037382
tunisieannonce_6653a3479e9f,tunisieannonce,3500.0,175.0,3.0,Marsa Safsaf,TUNIS,north,Jebel Jelloud,Rent,Apartment,36.7667,10.1833,2 bedrooms with dressing rooms|air conditioning split in all rooms|chauffage central|climatisation|common bathroom|haut standing|heating central|meuble|modern kitchen|parking|parking available in basement|salle à manger|spacious salon|suite parentale with dressing and private shower,90,HIGH,1.5,False,False,unchanged,0.0,20.0,2026-03-27T15:35:11.245320
tunisieannonce_67122044b7ff,tunisieannonce,185000.0,82.0,3.0,Cite Oplympique,TUNIS,north,Jebel Jelloud,Sale,Other,36.7667,10.1833,4 eme étage|ascenseur|gaz de ville|s plus 2|salle d'eau|salle de bain|titre bleu,100,HIGH,1.5,False,False,new,,2256.1,2026-03-27T14:30:25.235981
tunisieannonce_66ad08a1a2dd,tunisieannonce,1500.0,70.0,3.0,Marsa Safsaf,TUNIS,north,Jebel Jelloud,Rent,Other,36.7667,10.1833,chambre a coucher|cuisine américaine équipée|meuble|salle de bain|salon,90,HIGH,1.5,False,False,new,,21.43,2026-03-27T16:16:30.446985
tunisieannonce_66e020c62c08,tunisieannonce,5000.0,450.0,1.0,La Soukra,TUNIS,north,La Soukra,Rent,Commercial,36.885212,10.245301,bloc sanitaire|bureau|grand open-space|kitchinette|local commercial|open-space|two vitrine,90,HIGH,1.5,False,False,new,,11.11,2026-03-26T23:20:43.047331
tunisieannonce_6795ca027198,tunisieannonce,7500.0,750.0,1.0,Berge Du Lac,TUNIS,north,Jebel Jelloud,Rent,Land,36.7667,10.1833,chambre de service|débarras|espace pour deux voitures|garden|jardin|kitchen|piscine|pool|salle d'eau invités|salles de douche|sous-sol|suite|terrasse,90,HIGH,1.5,False,False,unchanged,0.0,10.0,2026-03-26T23:35:20.789360
tunisieannonce_66cfe12b6402,tunisieannonce,880000.0,200.0,2.0,Berge Du Lac,TUNIS,north,Jebel Jelloud,Sale,Villa,36.7667,10.1833,chambres|cuisine|garage|garages sous-sol|salle d'eau|salle de bain|salon|suite parentale,100,HIGH,1.5,False,False,unchanged,0.0,4400.0,2026-03-27T15:06:25.017182
tunisieannonce_679d184cab87,tunisieannonce,526900.0,479.0,,Sahloul,TUNIS,north,Jebel Jelloud,Sale,Land,36.7667,10.1833,approuvé|documents provided: title individual|facades|face|jumelés de vocation|price|prix|terrain|title individual|vente,90,HIGH,1.5,False,False,unchanged,0.0,1100.0,2026-03-26T23:36:45.038930
tunisieannonce_679f7f12873d,tunisieannonce,1100.0,110.0,2.0,El Menzah 1,TUNIS,north,El Menzah,Rent,Apartment,36.8528,10.1703,air conditioning|balcon|chambres|chauffage central|climatisation|cuisine équipée|meuble|placard|salle de bain|salon|séchoir,90,HIGH,1.5,False,False,unchanged,0.0,10.0,2026-03-26T23:46:45.941781
tunisieannonce_680577eb789f,tunisieannonce,2200.0,60.0,1.0,Jardins De Carthage,TUNIS,north,Carthage,Rent,Apartment,36.8536,10.3256,balcony|bedroom with dressing room|central heating|chauffage central|climatisation|equipped kitchen|furnished|gardens|jardin|meuble|new|shower room|split air conditioning,90,HIGH,1.5,False,False,unchanged,0.0,36.67,2026-03-26T17:45:47.194454
tunisieannonce_677236f55e96,tunisieannonce,6000.0,170.0,2.0,Gammart,TUNIS,north,Jebel Jelloud,Rent,Villa,36.7667,10.1833,air conditioning|bathroom|central heating|chauffage central|climatisation|dishwasher|dressing rooms|jardin|kitchen|living room|meuble|microwave|oven|piscine|pool|refrigerator|showers|washing machine,100,HIGH,1.5,False,False,unchanged,0.0,35.29,2026-03-26T15:53:28.116439
tunisieannonce_66f054c331ba,tunisieannonce,850.0,2026.0,2.0,El Menzah 5,TUNIS,north,El Menzah,Rent,Apartment,36.8528,10.1703,chauffage central|climatisation|climatiseur|cuisine|douche|placard|sechoir,75,GOOD,1.0,True,False,unchanged,0.0,0.42,2026-03-26T17:41:26.538953
tunisieannonce_6854fffb3956,tunisieannonce,860000.0,500.0,,Bent Saidane,TUNIS,north,Jebel Jelloud,Sale,Land,36.7667,10.1833,amandiers|arbres divers|bassin|caméra|enregistreurs|ferme|garage|irrigation automatique|irrigation goutte à goutte|maison|olive koroneiki|olive sahli|oliviers|pompes|pulvérisateur|route goudronnée|système de contrôle|terrain|télé mmande|villa|écurie,100,HIGH,1.5,False,False,unchanged,0.0,1720.0,2026-03-26T16:17:06.407096
tunisieannonce_69fd8d95d749,tunisieannonce,3400.0,120.0,4.0,Cite Ennasr 2,TUNIS,north,Jebel Jelloud,Rent,Apartment,36.7667,10.1833,2 suites|5ème étage|belle cuisine entièrement équipée|gardée et très bien entretenue|haut standing|magnifique appartement exceptionnel|parking|place de parking sous sol|résidence de haut standing|salle à manger|surface 220m²|sécurisée|terrasse|terrasse de 120m²|très lumineux et ensoleillé|type s+4|vastre salon|vue dégagée,90,HIGH,1.5,False,False,unchanged,0.0,28.33,2026-03-26T23:47:37.801425
tunisieannonce_6a13a8d62860,tunisieannonce,550000.0,614.0,3.0,Hammam Chatt,TUNIS,north,Hammam Chatt,Sale,Villa,36.7036,10.3625,bien à démolir ou nécessitant de gros travaux|construire la villa de vos rêves|emplacement stratégique côté montagne|idéal pour investisseurs|quartier résidentiel calme|titre foncier individuel|villa sur deux niveaux,100,HIGH,1.5,False,False,unchanged,0.0,895.77,2026-03-27T15:25:10.134261
tunisieannonce_69a9726ec148,tunisieannonce,2500.0,150.0,1.0,Jardins De Carthage,TUNIS,north,Carthage,Rent,Villa,36.8536,10.3256,chauffage central|climatisation|climatisation en split|cuisine équipée avec un séchoir|deux chambres à coucher|dressings dans toutes les pièces|entrée indépendante|grand salon et salle à manger|jardin|point d'eau|salle de bain commune|suite parentale|terrasse,90,HIGH,1.5,False,False,new,,16.67,2026-03-27T15:08:30.142018
tunisieannonce_6a7913068938,tunisieannonce,41666.0,2000.0,,Berge Du Lac,TUNIS,north,Jebel Jelloud,Sale,Commercial,36.7667,10.1833,2000m²|3 niveaux|540m2|713m2|aménagements|bureautique|cour intérieur|détente|espace de vie|immeuble|lac 1|meuble|open space|parking|places de parking dédiés au bien|renovation|rooftop|sous-sol,75,GOOD,1.0,True,False,unchanged,0.0,,2026-03-26T23:45:45.060201
tunisieannonce_6935f9cc3ef1,tunisieannonce,150000.0,150.0,3.0,Borj Cedria,TUNIS,north,Jebel Jelloud,Sale,Land,36.7667,10.1833,98 % achevée|cuisine|jardin|jardin agrémenté de quelques arbres fruitiers|possibilité de construire jusquà deux étages supplémentaires|rdc|retouches de boiserie|s+3|salle deau|salon et salle à manger|surface bâtie|surface réelle totale clôturée|terrain titré|terrasse|trois chambres à coucher,100,HIGH,1.5,False,False,unchanged,0.0,1000.0,2026-03-26T16:06:30.885832
tunisieannonce_6a7451578109,tunisieannonce,1700.0,1000.0,,Sidi Daoud,TUNIS,north,Jebel Jelloud,Sale,Land,36.7667,10.1833,1000 m²|façade magnifique sur la route principale|terrain|titre foncier urbaine individuel r+4,75,GOOD,1.0,True,False,unchanged,0.0,,2026-03-26T18:21:10.575562
tunisieannonce_6889ded8a8bc,tunisieannonce,4500.0,220.0,,Mutuelle Ville,TUNIS,north,Jebel Jelloud,Rent,Commercial,36.7667,10.1833,2 pièces|2 pièces polyvalente|courette|cuisine|hall|open space|salle d'eau|terrasse,80,GOOD,1.0,False,False,new,,20.45,2026-03-27T14:52:32.976429
tunisieannonce_69a3507e2f9e,tunisieannonce,400000.0,520.0,,Cite El Bokri,TUNIS,north,Jebel Jelloud,Sale,Land,36.7667,10.1833,autorisation de nature valable|meuble|possibilité construction un troisième étage|r+2|terrain de 260 m2|zone industrielle,95,HIGH,1.5,False,False,unchanged,0.0,769.23,2026-03-26T16:11:33.534576
tunisieannonce_6a4f988da241,tunisieannonce,181000.0,377.0,,Borj Cedria,TUNIS,north,Jebel Jelloud,Sale,Land,36.7667,10.1833,access_shops|balneare|distance_to_beach|haut standing|lycee|norms_technical|orientation|platform|residential_standing|school|surface_area|title_foncier|viabilization|vocation,100,HIGH,1.5,False,False,unchanged,0.0,480.11,2026-03-26T16:07:15.707076
tunisieannonce_6db5b083253c,tunisieannonce,1700.0,1000.0,,Sidi Daoud,TUNIS,north,Jebel Jelloud,Sale,Land,36.7667,10.1833,route la marsa|terrain|titre foncier urbain,85,HIGH,1.5,True,False,unchanged,0.0,,2026-03-26T16:15:33.886459
tunisieannonce_6a7a97b07d62,tunisieannonce,240.0,65.0,1.0,Ain Zaghouan,TUNIS,north,Zaghouan,Rent,Apartment,36.4025,10.1431,meuble|quiet|secure|side of Monoprix Cité les Palmiers|tastefully decorated,100,HIGH,1.5,False,False,unchanged,0.0,3.69,2026-03-26T15:46:24.502783
tunisieannonce_6cd39d0393f1,tunisieannonce,40000.0,140.0,,El Mourouj,TUNIS,north,El Mourouj,Sale,Land,36.7405,10.2042,eau|electricité|onass|terrain,90,HIGH,1.5,False,False,unchanged,0.0,285.71,2026-03-26T23:08:39.602054
tunisieannonce_6dd02084dcad,tunisieannonce,4500.0,250.0,,Montplaisir,TUNIS,north,Jebel Jelloud,Sale,Commercial,36.7667,10.1833,ascenseur|climatisation|climatisation centrale|câble réseau|fibre optique|isolation thermique|menuiserie en double vitrage|meuble|modulable|open space|parking|place de parking|salles d'eau,70,GOOD,1.0,True,False,unchanged,0.0,18.0,2026-03-26T23:42:44.030472
tunisieannonce_6b5b235edee9,tunisieannonce,7500.0,,3.0,Gammart,TUNIS,north,Jebel Jelloud,Rent,Villa,36.7667,10.1833,buanderie|chambre à coucher|chmabre|dressing|débarras|garage|garden|jardin|patio|piscine|pool|rez de jardin|salle de bain|salles de bain|suite de service|suite parentale,85,HIGH,1.5,False,False,new,,,2026-03-27T16:11:47.315413
tunisieannonce_6d6f0f7609ae,tunisieannonce,247000.0,66.0,1.0,Ain Zaghouan,TUNIS,north,Zaghouan,Sale,Apartment,36.4025,10.1431,2 climatiseurs|66 m²|appartement neuf|balcon|chambre à coucher|chauffage central|climatisation|kitchenette ouverte|parking|place de parking au sous-sol|résidence récente|s+1|salle de douche,100,HIGH,1.5,False,False,unchanged,0.0,3742.42,2026-03-27T15:15:37.330679
tunisieannonce_6b54acf9dba6,tunisieannonce,750000.0,400.0,5.0,El Aouina,TUNIS,north,Jebel Jelloud,Sale,Land,36.7667,10.1833,3 chambre a coucher|400 m²|cuisine|deux niveaux|salle de bain|salle de douche|salon|terrain de 400 m2|trois grande chambres|villa,95,HIGH,1.5,False,False,new,,1875.0,2026-03-27T15:29:46.810624
tunisieannonce_6c71b2e3caf6,tunisieannonce,650.0,120.0,2.0,La Soukra,TUNIS,north,La Soukra,Rent,Villa,36.885212,10.245301,calme|climatisé|cuisine|deux chambre a couche|entrée indépendante|grand salon avec balcon|internet|luxueux s+2|meuble|salle de bain|sécurisée,90,HIGH,1.5,False,False,unchanged,0.0,5.42,2026-03-27T16:18:08.133619
tunisieannonce_6baa4a29e926,tunisieannonce,306000.0,510.0,,El Kantaoui,TUNIS,north,Jebel Jelloud,Sale,Land,36.7667,10.1833,en face #hôtel #royal kenz|terrain|zone des villas,90,HIGH,1.5,False,False,new,,600.0,2026-03-27T15:31:55.264139
tunisieannonce_6d9aae4d211a,tunisieannonce,435000.0,165.0,4.0,Riadh Landlous,TUNIS,north,Jebel Jelloud,Sale,Apartment,36.7667,10.1833,air conditioners|bathroom|chauffage central|climatisation|dressing room|family-friendly|good condition|heating central|kitchen|lumineux|modern kitchen|parking|sechoir|spacious|suite parentale|terrace|terrasse|under-ground parking,100,HIGH,1.5,False,False,unchanged,0.0,2636.36,2026-03-26T23:15:05.945034
tunisieannonce_6e74ef504b06,tunisieannonce,450.0,40.0,2.0,Chatt Meriem,TUNIS,north,Jebel Jelloud,Rent,Apartment,36.7667,10.1833,2 lits|balcon|chambre à coucher|chauffe-bain|climatisation|climatiseur|douche|gaz de ville|haut standing|kitchenette|machine à laver|placard|réfrigérateur|salle d'eau|studio|télévision,100,HIGH,1.5,False,False,unchanged,0.0,11.25,2026-03-26T16:27:49.926077
tunisieannonce_6e62789d5800,tunisieannonce,1200.0,110.0,1.0,Cite Universitaire,TUNIS,north,Jebel Jelloud,Rent,Apartment,36.7667,10.1833,air conditioning|bathroom|climatisation|dressing rooms|heating|hotte|independent kitchen|meuble|modern kitchen|sechoir|spacious salon|two bedrooms,90,HIGH,1.5,False,False,new,,10.91,2026-03-26T23:25:56.743718
tunisieannonce_6df068363682,tunisieannonce,210000.0,220.0,3.0,El Haouaria,TUNIS,north,El Haouaria,Sale,Villa,37.0481,11.0189,cuisine|parking|place parking|sale d'eau|salon|terrasse|trois chambres à coucher,100,HIGH,1.5,False,False,new,,954.55,2026-03-26T23:27:27.387527
tunisieannonce_6eb7877c122f,tunisieannonce,3400.0,200.0,3.0,Berge Du Lac,TUNIS,north,Jebel Jelloud,Rent,Villa,36.7667,10.1833,chauffage|climatisation|cuisine américaine|deux chambres a coucher|jardin|parking|petit jardin|place de parking sou sol|porte fenêtre|salle d'eau invités|salle de bain|salon|suite parentale,90,HIGH,1.5,False,False,new,,17.0,2026-03-27T16:11:38.199319
tunisieannonce_6ead0b19cddc,tunisieannonce,2100.0,110.0,2.0,Jardins De Carthage,TUNIS,north,Carthage,Rent,Apartment,36.8536,10.3256,balcon|chambre à coucher avec dressing|chauffage central|chauffage central extérieur|climatisation|climatisation centrale|cuisine bien équipée|jardin|parking|place de parking au sous-sol|salle de bain commune|salon lumineux|suite parentale avec dressing et salle de douche,90,HIGH,1.5,False,False,unchanged,0.0,19.09,2026-03-27T15:56:40.261573
tunisieannonce_6e33243a359c,tunisieannonce,1300.0,70.0,1.0,Chotrana 1,TUNIS,north,Jebel Jelloud,Rent,Apartment,36.7667,10.1833,balcon|chauffage central|climatisation|climatisation en split|heating central|kitchenette|parking|place de parking|s+1,90,HIGH,1.5,False,False,new,,18.57,2026-03-27T15:23:29.104874
tunisieannonce_6e7d256193ee,tunisieannonce,1800.0,90.0,1.0,Jardins De Carthage,TUNIS,north,Carthage,Rent,Apartment,36.8536,10.3256,cellier|chambre à coucher avec dressings|chauffage central|climatisation|climatisation split|cuisine moderne et bien équipée|jardin|jardin privatif|meuble|parking|place de parking en sous-sol|salle de douche|salon lumineux|terrasse,90,HIGH,1.5,False,False,unchanged,0.0,20.0,2026-03-27T15:47:31.941966
tunisieannonce_6e7f4ea59028,tunisieannonce,1850.0,80.0,1.0,Marsa Safsaf,TUNIS,north,Jebel Jelloud,Rent,Villa,36.7667,10.1833,1bedroom|balcon|cuisine entièrement équipée|dressing|furnished|meuble|salle de douche|spacious salon,90,HIGH,1.5,False,False,unchanged,0.0,23.12,2026-03-26T17:58:06.423169
tunisieannonce_6e912f3a29b3,tunisieannonce,650.0,170.0,2.0,Hammam Chatt,TUNIS,north,Hammam Chatt,Rent,Other,36.7036,10.3625,4mn de la gare|garage|terrasse,90,HIGH,1.5,False,False,unchanged,0.0,3.82,2026-03-27T16:02:49.055155
tunisieannonce_6e7d924fc2b0,tunisieannonce,1600.0,180.0,3.0,El Menzah 5,TUNIS,north,El Menzah,Rent,Commercial,36.8528,10.1703,chauffage central|climatisation|cuisine|entrée indépendante|jardin|jardin privatif|salle d'eau|salon,90,HIGH,1.5,False,False,unchanged,0.0,8.89,2026-03-26T17:41:52.288353
tunisieannonce_70d254671d91,tunisieannonce,550000.0,50.0,,Caid Mhamed,TUNIS,north,Jebel Jelloud,Sale,Land,36.7667,10.1833,prix demandé|r+4|terrain|voie principale,70,GOOD,1.0,True,False,new,,11000.0,2026-03-27T16:09:30.988600
tunisieannonce_70722bbef1ab,tunisieannonce,600000.0,120.0,,Mnihla,TUNIS,north,Mnihla,Sale,Land,36.8648,10.1021,cloture|depot|habitation|indivision|industiel|mniha|r2|rte de bizerte|terrain,75,GOOD,1.0,True,False,unchanged,0.0,5000.0,2026-03-26T16:33:52.148220
tunisieannonce_6f8c9ac88dc5,tunisieannonce,900.0,80.0,1.0,Bizerte,TUNIS,north,Menzel Jemil,Rent,Apartment,37.237,9.91,bien équipé|climatisé|meuble,100,HIGH,1.5,False,False,unchanged,0.0,11.25,2026-03-26T15:47:40.671332
tunisieannonce_6f65f492a732,tunisieannonce,1100.0,200.0,3.0,Rades,TUNIS,north,Rades,Rent,Villa,36.7782,10.2815,chauffage central|indépendant|quartier calme|rez-de-chaussée|résidentiel|s+3|villa,90,HIGH,1.5,False,False,new,,5.5,2026-03-27T14:36:06.072158
tunisieannonce_6fd9e6ad0c6e,tunisieannonce,116000.0,50.0,1.0,Denden,TUNIS,north,Jebel Jelloud,Sale,Apartment,36.7667,10.1833,1 ère étage|chambre|cuisine|grand salon|parking|place de parking au sous-sol|r+2|résidence calme|séchoir,100,HIGH,1.5,False,False,unchanged,0.0,2320.0,2026-03-26T15:24:52.891562
tunisieannonce_6ee80a364e37,tunisieannonce,1600.0,90.0,2.0,Zone Urbaine Nord,TUNIS,north,Jebel Jelloud,Rent,Other,36.7667,10.1833,chauffage central|climatisation|cuisine équipée|parking|parking sous sol,90,HIGH,1.5,False,False,new,,17.78,2026-03-26T23:22:45.057036
tunisieannonce_6efab3b3e20e,tunisieannonce,350000.0,160.0,3.0,Ezzahra,TUNIS,north,Ezzahra,Sale,Commercial,36.743,10.308,bon potentiel après rénovation|commerces|duplex|développement|emplacement recherché|environnement tranquille|quartier calme|residentiel|rénover|spacious|transports|écoles,100,HIGH,1.5,False,False,new,,2187.5,2026-03-27T14:46:11.198491
tunisieannonce_6fd03e0ec019,tunisieannonce,1700.0,65.0,2.0,Cite Ennasr 1,TUNIS,north,Jebel Jelloud,Rent,Apartment,36.7667,10.1833,24/24|chauffé|climatisation|climatiser|meuble|résidences sécuriser et gardée|studios meublé luxueux,90,HIGH,1.5,False,False,new,,26.15,2026-03-27T15:21:08.345259
tunisieannonce_70265f0f9cb7,tunisieannonce,355000.0,265.0,3.0,Borj Cedria,TUNIS,north,Jebel Jelloud,Sale,Villa,36.7667,10.1833,"2 grandes pièces avec chacune placard mural|2 grands halls avec grand placard mural|2 pièces|chauffage central|chauffe-eau installé|compteurs individuels (steg, sonede, gaz de ville)|compteurs individuels (steg, sonède, gaz de ville)|cuisine|entrée jardin|entrée voiture (espaces pour 4 voitures)|escaliers indépendants pour 1er étage|grand débarras|grand salon et salle à manger|grande cour|jardin|kitchinette|papiers en règle|placard mural|quartier tranquille et résidentiel|salle d'eau douche à l'italienne|salle d'eau wc|studio indépendant|titre foncier individuel|villa|wc",100,HIGH,1.5,False,False,unchanged,0.0,1339.62,2026-03-26T16:13:32.983249
tunisieannonce_704a9aa99e44,tunisieannonce,308000.0,72.0,1.0,El Aouina,TUNIS,north,Jebel Jelloud,Sale,Apartment,36.7667,10.1833,chambre confortable|cuisine équipée|jardin|résidence sécurisée|s+1|salle de bain moderne|salon lumineux,100,HIGH,1.5,False,False,new,,4277.78,2026-03-27T14:30:06.338998
tunisieannonce_72e382cd0c3f,tunisieannonce,2600.0,110.0,3.0,La Soukra,TUNIS,north,La Soukra,Rent,Apartment,36.885212,10.245301,balcon|chauffage central|climatisation|climatisation en split|cuisine équipée avec séchoir|deux chambres à coucher avec dressing|meuble|salle d'eau|salle de bain|suite parentale,90,HIGH,1.5,False,False,unchanged,0.0,23.64,2026-03-26T17:44:19.455754
tunisieannonce_71d0b889f599,tunisieannonce,107000.0,75.0,2.0,El Mourouj,TUNIS,north,El Mourouj,Sale,Apartment,36.7405,10.2042,ascenseur|balcon|cuisine équipée|deux chambres coucher|parking|place parking|salle de bain|salon|sans ascenseur,100,HIGH,1.5,False,False,new,,1426.67,2026-03-27T16:18:33.190546
tunisieannonce_712254797322,tunisieannonce,1250.0,120.0,2.0,Riadh Landlous,TUNIS,north,Jebel Jelloud,Rent,Villa,36.7667,10.1833,balcons|cuisine spacieuse|jardin|parking|place de parking au sous-sol|s+2 rdc|salle d'eau|salle de bain,100,HIGH,1.5,False,False,unchanged,0.0,10.42,2026-03-26T16:16:05.223726
tunisieannonce_726c41a65c2a,tunisieannonce,950.0,100.0,2.0,Chatt Meriem,TUNIS,north,Jebel Jelloud,Rent,Apartment,36.7667,10.1833,2 chambres|air conditioning by split|chauffage central|climatisation|cuisine agencée équipée|heating central|meuble|richly furnished|salle d'eau avec douche|salle de bain|salle à manger|salon|terrace|terrasse|terrasse vue mer|view mer|vue mer,90,HIGH,1.5,False,False,unchanged,0.0,9.5,2026-03-26T23:41:38.599696
tunisieannonce_71ba59ef471a,tunisieannonce,8000.0,5000.0,2.0,Mornaguia,TUNIS,north,Mornaguia,Rent,Land,36.7833,9.95,accès facile pour poids lourds|dépôt spacieux et fonctionnel|surface bâtie|surface totale du terrain,90,HIGH,1.5,False,False,new,,,2026-03-27T14:24:39.252575
tunisieannonce_717dc5223ebd,tunisieannonce,2000.0,100.0,2.0,Republique,TUNIS,north,Jebel Jelloud,Rent,Apartment,36.7667,10.1833,chauffage central|climatisation|climatiseurs|cuisine aménagée et totalement équipée|deux chambres à coucher|grand salon|luxueusement meublé|meuble|salle d'eau avec cabine de douche,95,HIGH,1.5,False,False,unchanged,0.0,20.0,2026-03-26T15:16:56.131273
tunisieannonce_724a23c7f09e,tunisieannonce,1600.0,40.0,3.0,Sidi Bousaid,TUNIS,north,Jebel Jelloud,Rent,Villa,36.7667,10.1833,bathroom|climatisation|kitchenette|meuble|small dryer|space|studio|two air conditioners,90,HIGH,1.5,False,False,unchanged,0.0,40.0,2026-03-26T23:10:03.522147
tunisieannonce_71f1326ded8d,tunisieannonce,23700.0,180.0,3.0,Berge Du Lac,TUNIS,north,Jebel Jelloud,Rent,Commercial,36.7667,10.1833,ascenseur|climatisation|climatisation centrale|hall de réception|meuble|open space|places au sous sol|salles d'eau,80,GOOD,1.0,True,False,new,,131.67,2026-03-27T15:41:22.279117
tunisieannonce_721c5e93fdb8,tunisieannonce,1008.0,840.0,,Hammam Chatt,TUNIS,north,Hammam Chatt,Sale,Land,36.7036,10.3625,surface|terrain|vocation commercial,80,GOOD,1.0,True,False,unchanged,0.0,1.2,2026-03-26T16:10:47.499218
tunisieannonce_71af7678cfae,tunisieannonce,280000.0,200.0,,La Mannouba,TUNIS,north,Mannouba,Sale,Land,36.8097,10.0928,grande portail|siège|studio|terrain,85,HIGH,1.5,False,False,unchanged,0.0,1400.0,2026-03-26T23:08:48.675022
tunisieannonce_7424f3276e72,tunisieannonce,340000.0,984.0,3.0,Cite Touristique,TUNIS,north,Jebel Jelloud,Sale,Land,36.7667,10.1833,2s+3 chambres|compteurs délectricité|cuisine spacieuse bien équipée|dossier foncier réglé (titré e)|grand salon|jardin|jardin gazonné|l'eau|maison propre|prix raisonnable|proche de toute commodités nécessaire|salle à manger|salles d'eau|sécurisée|terrain de 984m2|terrasse|vue panoramique de la mer,100,HIGH,1.5,False,False,new,,345.53,2026-03-26T22:51:17.830265
tunisieannonce_746e8ed4cfd0,tunisieannonce,5000.0,300.0,,Charguia 1,TUNIS,north,Jebel Jelloud,Sale,Commercial,36.7667,10.1833,accès internet haut débit|environ 300 m²|meuble|parking|places de parking,70,GOOD,1.0,True,False,unchanged,0.0,16.67,2026-03-27T15:36:31.657776
tunisieannonce_751e7a0e3bbe,tunisieannonce,314550.0,233.0,,Hammam Sousse,TUNIS,north,Hammam Sousse,Sale,Land,35.8592,10.59,clôturé|deux façades|jumelé|terrain|titre individuel|zone des villas,90,HIGH,1.5,False,False,unchanged,0.0,1350.0,2026-03-26T17:52:22.456670
tunisieannonce_7469e1fcaf0a,tunisieannonce,110000.0,339.0,3.0,Bizerte,TUNIS,north,Menzel Jemil,Sale,Land,37.237,9.91,surface 339 m²|terrain|vue mer|vue sur mer,100,HIGH,1.5,False,False,unchanged,0.0,324.48,2026-03-26T16:03:19.810984
tunisieannonce_734cea8dd245,tunisieannonce,1300.0,2026.0,3.0,Ain Zaghouan,TUNIS,north,Zaghouan,Rent,Apartment,36.4025,10.1431,3 chambres à coucher|ascenseur|balcon|chauffage central|climatisation|climatiseur|cuisin|dressing|parking|salle de bain|salon|sechoir,75,GOOD,1.0,True,False,unchanged,0.0,0.64,2026-03-26T17:48:24.192304
tunisieannonce_74eee9721bf2,tunisieannonce,600000.0,900.0,,Sedghiane,TUNIS,north,Jebel Jelloud,Sale,Land,36.7667,10.1833,clôture|garage|permis de bâtir|soned & steg|terrain,90,HIGH,1.5,False,False,new,,666.67,2026-03-26T23:20:27.055128
tunisieannonce_732c73bbb962,tunisieannonce,4500.0,5000.0,,El Aouina,TUNIS,north,Jebel Jelloud,Sale,Land,36.7667,10.1833,terrain,65,GOOD,1.0,True,False,new,,0.9,2026-03-26T23:26:25.015759
tunisieannonce_7451938a31f5,tunisieannonce,740000.0,648.0,,Chatt Meriem,TUNIS,north,Jebel Jelloud,Sale,Land,36.7667,10.1833,clôturé|plage|terrain|zone des villas,90,HIGH,1.5,False,False,new,,1141.98,2026-03-26T23:18:55.209729
tunisieannonce_734d597c8381,tunisieannonce,470.0,15.0,4.0,El Manar 1,TUNIS,north,Jebel Jelloud,Rent,Villa,36.7667,10.1833,douche|entrée indépendante|gaz de ville|meuble|meublé|salle d'eau|studio,100,HIGH,1.5,False,False,unchanged,0.0,31.33,2026-03-26T16:02:34.635661
tunisieannonce_747f5c867050,tunisieannonce,660.0,90.0,2.0,Denden,TUNIS,north,Jebel Jelloud,Rent,Villa,36.7667,10.1833,s+2au|villa,85,HIGH,1.5,False,False,unchanged,0.0,7.33,2026-03-27T14:35:07.460530
tunisieannonce_752f9c889aa9,tunisieannonce,220000.0,90.0,2.0,El Mourouj,TUNIS,north,El Mourouj,Sale,Apartment,36.7405,10.2042,1 assenceur|2 chambres a couchée|2 climatiseur|balcon|caméra de surveillance|chauffage central|climatisation|cuisine bien équipe|haut standing|parking|place de parking|salle d'eau|salon,100,HIGH,1.5,False,False,new,,2444.44,2026-03-27T15:41:06.421473
tunisieannonce_75d5311f5a49,tunisieannonce,6000.0,500.0,6.0,Gammart,TUNIS,north,Jebel Jelloud,Rent,Villa,36.7667,10.1833,abri pour voitures|chambre de service|garden|jardin|piscine|swimming pool,90,HIGH,1.5,False,False,new,,12.0,2026-03-26T23:24:21.881340
tunisieannonce_76779bcb42ae,tunisieannonce,1700.0,1000.0,,Sidi Daoud,TUNIS,north,Jebel Jelloud,Sale,Land,36.7667,10.1833,1000 m²|façade magnifique sur la route principale|terrain|titre foncier urbaine individuel r+4,70,GOOD,1.0,True,False,new,,1.7,2026-03-27T15:39:17.282327
tunisieannonce_75205b1f6b0e,tunisieannonce,4000.0,160.0,2.0,Cite Jardins,TUNIS,north,Jebel Jelloud,Sale,Commercial,36.7667,10.1833,2 salles d'eau|4 bureaux|ascenseur|climatisation|climatisation centrale|meuble|parking|places de parking au sous sol|salle de réunion,80,GOOD,1.0,True,False,unchanged,0.0,25.0,2026-03-26T23:47:12.727330
tunisieannonce_75cf896dcfe7,tunisieannonce,1650.0,100.0,2.0,Cite Ennasr 2,TUNIS,north,Jebel Jelloud,Rent,Villa,36.7667,10.1833,balcon|chauffage central|climatisation|cuisine équipée|deux chambres à coucher|dressing|gardiennage|haut standing|meuble|parking|place de parking sous sol|salle de douche|syndic,90,HIGH,1.5,False,False,unchanged,0.0,16.5,2026-03-27T15:04:49.554889
tunisieannonce_75e4f1b73c61,tunisieannonce,1300.0,85.0,2.0,Sidi Daoud,TUNIS,north,Jebel Jelloud,Rent,Apartment,36.7667,10.1833,balcon|bathroom|cellier|cuisine|parking|place of parking|two bedrooms,90,HIGH,1.5,False,False,unchanged,0.0,15.29,2026-03-27T15:56:49.505017
tunisieannonce_7601bf5318e2,tunisieannonce,250000.0,269.0,3.0,Ezzouhour 4,TUNIS,north,Jebel Jelloud,Sale,Villa,36.7667,10.1833,balcon|certificat de propriété en règle|cuisine aménagée avec terrasse|salle de bain avec douche|spacious étage de villa|terrasse|three chambres à coucher,100,HIGH,1.5,False,False,unchanged,0.0,929.37,2026-03-27T15:59:02.767135
tunisieannonce_75c69583caea,tunisieannonce,2300.0,2026.0,3.0,Marsa Ennassim,TUNIS,north,Jebel Jelloud,Rent,Villa,36.7667,10.1833,chauffé|climatisé|cuisine equipée|entrée indépendante|meuble|salle d'eau pour les invités|salle de bain commune|salon-salle à manger|terrasse|trois chambres à coucher,90,HIGH,1.5,False,False,new,,1.14,2026-03-27T15:32:20.923431
tunisieannonce_7681c41f8106,tunisieannonce,6000.0,2026.0,3.0,Marsa Safsaf,TUNIS,north,Jebel Jelloud,Rent,Apartment,36.7667,10.1833,jardin|jardin suspendu|terrasse|vue dégagée,80,GOOD,1.0,True,False,new,,2.96,2026-03-27T15:38:03.466919
tunisieannonce_760b08a8d412,tunisieannonce,2200.0,250.0,4.0,Nouvelle Ariana,TUNIS,north,Ariana Ville,Rent,Commercial,36.866011,10.193923,chauffage central|cinq pièces|climatisation|climatisation en split système|cuisine|entrée indépendante|garage|hall d'entrée|jardin|petit jardin|placards de rangement|salle d'eau|salle de bain|terrasse,90,HIGH,1.5,False,False,unchanged,0.0,8.8,2026-03-27T14:48:59.623802
tunisieannonce_77d3f8adda96,tunisieannonce,999.0,70.0,1.0,Cite Ennasr 2,TUNIS,north,Jebel Jelloud,Rent,Apartment,36.7667,10.1833,chambre à coucher avec dressing|chauffage central|climatisation|cuisine fermée bien équipée (plaque/hotte/four)|salon avec balcon|sde chauffage central climatisation,90,HIGH,1.5,False,False,new,,14.27,2026-03-27T15:34:44.146126
tunisieannonce_774439851962,tunisieannonce,900.0,70.0,1.0,Nouvelle Ariana,TUNIS,north,Ariana Ville,Rent,Villa,36.866011,10.193923,bathroom with shower|chauffage central|dressing room|heating central|kitchen,100,HIGH,1.5,False,False,unchanged,0.0,12.86,2026-03-26T16:36:25.273805
tunisieannonce_788d450d1375,tunisieannonce,3000.0,300.0,1.0,Cite Du Stade,TUNIS,north,Jebel Jelloud,Rent,Villa,36.7667,10.1833,chauffage central|climatisation|heating central|parking|piscine|place parking|pool,90,HIGH,1.5,False,False,unchanged,0.0,10.0,2026-03-26T23:14:23.725696
tunisieannonce_781a1505120d,tunisieannonce,150000.0,342.0,,Bir El Jedey,TUNIS,north,Jebel Jelloud,Sale,Land,36.7667,10.1833,papiers réglos|possibilité de construction d'une villa ou des bungalows|superficier|terrain|vue zembra et zembreta,90,HIGH,1.5,False,False,new,,438.6,2026-03-27T15:18:34.129882
tunisieannonce_76fec8e4ed83,tunisieannonce,150.0,2025.0,1.0,Cite Ennasr 1,TUNIS,north,Jebel Jelloud,Rent,Villa,36.7667,10.1833,appartements|courte durée|longue durée|meuble|meublé|studios|vide|villas,75,GOOD,1.0,True,False,unchanged,0.0,0.07,2026-03-26T23:44:28.379006
tunisieannonce_7713978df36c,tunisieannonce,2100.0,80.0,1.0,El Aouina,TUNIS,north,Jebel Jelloud,Rent,Apartment,36.7667,10.1833,ascenseur|chauffage central|climatisée|double ascenseur|machine a laver|meuble|meublé|micro onde|plasma|wifi,90,HIGH,1.5,False,False,unchanged,0.0,26.25,2026-03-26T18:17:04.110493
tunisieannonce_77d6797dfecd,tunisieannonce,4900.0,,,Riadh Landlous,TUNIS,north,Jebel Jelloud,Sale,Land,36.7667,10.1833,price per square meter 820 dinars|route nationale 8|terrain r+6,30,LOW,0.5,True,False,new,,,2026-03-27T15:42:21.021284
tunisieannonce_788f2fdc68c1,tunisieannonce,750000.0,935.0,,Kalaat Landlous,TUNIS,north,Kalaat Landlous,Sale,Land,37.054,10.152,environnement résidentiel calme et sécurisé|gazon|jardin|piscine|surface bâtie|terrain,90,HIGH,1.5,False,False,unchanged,0.0,802.14,2026-03-27T15:44:31.591262
tunisieannonce_7695291b4dfc,tunisieannonce,24000.0,130.0,5.0,Cite Jardins,TUNIS,north,Jebel Jelloud,Rent,Commercial,36.7667,10.1833,3 places de parking|4 magasins|5 pieces of bureaux|access on a terrace|ascenseur|climatisation|climatisation central|elevator|jardin|kitchenette|meuble|open space|open space modulable|parking|salle d'archive|staircase|terrace|terrasse|two blocs sanitaires,80,GOOD,1.0,True,False,new,,184.62,2026-03-27T15:48:41.240547
tunisieannonce_7717eb2ec0c3,tunisieannonce,565000.0,680.0,1.0,Bou Mhel,TUNIS,north,Jebel Jelloud,Sale,Land,36.7667,10.1833,3 chambres|coin repas|cuisine équipée|placards|salle d'eau|salle de bain|salon|studio aménagé|terrain|villa,100,HIGH,1.5,False,False,unchanged,0.0,830.88,2026-03-27T16:00:31.715113
tunisieannonce_7ab9396ade75,tunisieannonce,180000.0,161.0,2.0,Kelibia,TUNIS,north,Kelibia,Sale,Land,36.8472,11.0944,2 chambres|cuisine|double salon|garage|plain pied|salle de bain|terrain|villa,100,HIGH,1.5,False,False,new,,1118.01,2026-03-27T15:43:26.073783
tunisieannonce_78992835ae97,tunisieannonce,13805.0,510.0,2.0,Berge Du Lac,TUNIS,north,Jebel Jelloud,Sale,Land,36.7667,10.1833,front_lac|habitation|r3|surface_area|terrain|titre_individuels,80,GOOD,1.0,True,False,new,,27.07,2026-03-27T14:32:37.490381
tunisieannonce_7980e59739b9,tunisieannonce,1200.0,120.0,1.0,Sidi Daoud,TUNIS,north,Jebel Jelloud,Rent,Villa,36.7667,10.1833,chambre à coucher|cuisine|jardin|meuble|meublé|s+1|salle de douche|salon,100,HIGH,1.5,False,False,unchanged,0.0,10.0,2026-03-26T16:00:08.763400
tunisieannonce_79ef314bece1,tunisieannonce,4000.0,170.0,1.0,Berge Du Lac,TUNIS,north,Jebel Jelloud,Rent,Villa,36.7667,10.1833,balcons|chambre de service|chambre de service avec salle de douche|chauffage central|climatisation|climatisation en split|cuisine équipée avec séchoir|débarras|garage|garage pour deux voitures|grand salon|meuble|salle d'eau pour les invités|salle de bain commune|salle à manger|sous-sol privé|spacious étage|trois chambres à coucher avec dressings,90,HIGH,1.5,False,False,new,,23.53,2026-03-26T23:27:35.369794
tunisieannonce_78fa608ad33c,tunisieannonce,470000.0,990.0,,Khazroun,TUNIS,north,Jebel Jelloud,Sale,Land,36.7667,10.1833,superficie|terrain|titre de propriété individuel,85,HIGH,1.5,False,False,new,,474.75,2026-03-26T23:22:06.140940
tunisieannonce_7893564b2e7b,tunisieannonce,10500.0,340.0,,Berge Du Lac,TUNIS,north,Jebel Jelloud,Sale,Commercial,36.7667,10.1833,chauffage central|chauffe-eau électrique|climatisation|four bathrooms|heating central|open space|parking|three parking places|two kitchenettes|view,70,GOOD,1.0,True,False,unchanged,0.0,30.88,2026-03-26T23:45:55.437921
tunisieannonce_797fd6c9d053,tunisieannonce,1240.0,32.0,,Sidi Daoud,TUNIS,north,Jebel Jelloud,Sale,Land,36.7667,10.1833,terrain|titre foncier urbain individuel r+2,80,GOOD,1.0,True,False,unchanged,0.0,38.75,2026-03-26T15:58:32.564883
tunisieannonce_7adcdeffb9a8,tunisieannonce,1350.0,100.0,1.0,Ain Zaghouan,TUNIS,north,Zaghouan,Rent,Apartment,36.4025,10.1431,balcon|chauffage central|climatisation|climatiseurs|deux chambres à coucher|dressing|four électrique|hotte aspirante|parking|placard de rangement|place de parking|plaque à gaz|salle de bain|système domotique,60,GOOD,1.0,False,True,unchanged,0.0,13.5,2026-03-26T17:44:47.587426
tunisieannonce_7a8d02abe76b,tunisieannonce,950.0,38.0,1.0,Cite Ennasr 1,TUNIS,north,Jebel Jelloud,Rent,Other,36.7667,10.1833,ascenseur|parking|rénové|s plus 1 rénové,90,HIGH,1.5,False,False,unchanged,0.0,25.0,2026-03-26T18:18:37.883631
tunisieannonce_7a06d1bd650a,tunisieannonce,150000.0,60.0,2.0,Hammamet,TUNIS,north,Hammamet,Sale,Other,36.4,10.6167,balcon|hst|s,100,HIGH,1.5,False,False,new,,2500.0,2026-03-27T15:57:13.127660
tunisieannonce_7cd4df13678a,tunisieannonce,240000.0,488.0,,Raoued,TUNIS,north,Raoued,Sale,Land,36.908,10.2,isolé|lotissement approuvé|orientation type habitation|plage|r + 2|surface terrain|terrain,90,HIGH,1.5,False,False,unchanged,0.0,491.8,2026-03-27T15:41:56.681957
tunisieannonce_7cb17619ce84,tunisieannonce,3700.0,870.0,3.0,Cite Ennasr 2,TUNIS,north,Jebel Jelloud,Sale,Villa,36.7667,10.1833,3 cuisines|5 salons|6 suites|ascenseur|chambre aide ménagère|hammam|jardin|loge gardien|piscine|salle de sport|salon d'hiver|sauna|sous-sol|terrasse,90,HIGH,1.5,True,False,unchanged,0.0,4.25,2026-03-26T16:35:56.105616
tunisieannonce_7cc16dde4f17,tunisieannonce,661000.0,575.0,2.0,La Soukra,TUNIS,north,La Soukra,Sale,Land,36.885212,10.245301,surface de 575 m²|terrain|villa|vocation r2,100,HIGH,1.5,False,False,new,,1149.57,2026-03-26T23:25:04.986668
tunisieannonce_7b89280925ae,tunisieannonce,1600.0,112.0,2.0,Cite Jardins,TUNIS,north,Jebel Jelloud,Rent,Apartment,36.7667,10.1833,2 chambres a coucher|appartement s+2 neuf|ascenseur|chauffage central|cuisine avec séchoir|douche à l'italienne|jardin|meuble|parking|place de parking au sous sol|salon|terrasse,90,HIGH,1.5,False,False,unchanged,0.0,14.29,2026-03-26T18:08:01.458224
tunisieannonce_7b3ca2e23885,tunisieannonce,290000.0,160.0,3.0,Tunis Belvedere,TUNIS,north,Jebel Jelloud,Sale,Commercial,36.7667,10.1833,café|café & cuisine|emplacement premium|fort passage|four à bois|local équipé & opérationnel|loyer|restaurant|terrasse|visibilité|zone stratégique,100,HIGH,1.5,False,False,unchanged,0.0,1812.5,2026-03-26T15:19:07.439469
tunisieannonce_7b84bd1ab71f,tunisieannonce,1200.0,100.0,2.0,Borj El Baccouche,TUNIS,north,Jebel Jelloud,Rent,Other,36.7667,10.1833,2ème  étage|bref  je  dix  bien  prés  tt  commodité|meuble|semi meublé,95,HIGH,1.5,False,False,unchanged,0.0,12.0,2026-03-26T16:26:22.193105
tunisieannonce_7cf0ceca918f,tunisieannonce,7000.0,400.0,3.0,Gammart,TUNIS,north,Jebel Jelloud,Rent,Villa,36.7667,10.1833,bathroom|bedroom|chauffage central|climatisation|dining room|garden|heating|jacuzzi|jardin|kitchenette|living room|meuble|patio|piscine|rooftop|swimming pool|view mer|vue mer,90,HIGH,1.5,False,False,new,,17.5,2026-03-27T16:11:21.456976
tunisieannonce_7b80f613901f,tunisieannonce,370000.0,154.0,5.0,Bou Mhel,TUNIS,north,Jebel Jelloud,Sale,Villa,36.7667,10.1833,balcon|chambres à coucher|chauffage central|climatisation|climatiseurs|cuisine équipée|dressing|parking|place de parking sous-sol|salle d'eau|salle de bain commune|séchoir,100,HIGH,1.5,False,False,unchanged,0.0,2402.6,2026-03-26T16:09:34.654075
tunisieannonce_7ae6427a91da,tunisieannonce,85000.0,216.0,3.0,El Haouaria,TUNIS,north,El Haouaria,Sale,Villa,37.0481,11.0189,3 chambres à coucher|compteur d'eau|cuisine|grand cour|grande salon|salle d'eau|électricité,100,HIGH,1.5,False,False,new,,393.52,2026-03-26T22:51:09.387315
tunisieannonce_7c2711b16493,tunisieannonce,6900.0,450.0,1.0,Sidi Daoud,TUNIS,north,Jebel Jelloud,Rent,Villa,36.7667,10.1833,balcony|bathroom|bedroom|dressing|dressing rooms|garage|jardin|kitchen|living room|meuble|patio|piscine|quiet|secure|semi-furnished|shower|suite parentale|swimming pool|villa,90,HIGH,1.5,False,False,unchanged,0.0,15.33,2026-03-26T23:14:47.974247
tunisieannonce_7decb3699308,tunisieannonce,1200.0,110.0,4.0,Montplaisir,TUNIS,north,Jebel Jelloud,Sale,Commercial,36.7667,10.1833,3 pièces|accueil|ascenseur|cuisine|meuble|salle d'eau,90,HIGH,1.5,True,False,unchanged,0.0,10.91,2026-03-26T15:20:13.006049
tunisieannonce_7dae5e008bde,tunisieannonce,1050.0,127.0,7.0,El Manar 1,TUNIS,north,Jebel Jelloud,Rent,Villa,36.7667,10.1833,chauffage central|jardin|rez de chaussée|salle de bain|séchoir|villa,90,HIGH,1.5,False,False,unchanged,0.0,8.27,2026-03-26T23:43:06.588746
tunisieannonce_7de1c174bf45,tunisieannonce,3005.0,768.0,,Charguia 1,TUNIS,north,Jebel Jelloud,Sale,Land,36.7667,10.1833,autorisation de bâtir|r+3|surface de 1768 m²|terrain,70,GOOD,1.0,True,False,unchanged,0.0,3.91,2026-03-26T17:49:29.623919
tunisieannonce_7d79ddad196f,tunisieannonce,1192.0,400.0,,Borj Cedria,TUNIS,north,Jebel Jelloud,Sale,Land,36.7667,10.1833,accessibilité|accès_directe_a_tunis_centre|assainissement|compromis_idéale_entre_serenity_residentielle_et_proximite_urbaine|eau_potable|environnement|form|gaz_naturel|jardin|proximité_d'école|proximité_de_commerces|proximité_de_complexe_universitaire|proximité_de_jardin|proximité_de_lycée|proximité_de_mosquée|proximité_de_technopôle|réseau_télécom|situation|surface_area|titre_foncier_individuell|viabilisation|éclairage_public|électricité,80,GOOD,1.0,True,False,unchanged,0.0,2.98,2026-03-26T15:50:51.049421
tunisieannonce_7d421bf4e2e0,tunisieannonce,2950.0,355.0,,El Menzah 9,TUNIS,north,El Menzah,Rent,Villa,36.8528,10.1703,4 chambres à coucher|balcon|cuisine|duplex|garage|garden|jardin|salle d'eau|salon|sejour|séchoir|terrasse|toilettes|villa,80,GOOD,1.0,False,False,unchanged,0.0,8.31,2026-03-27T14:58:02.844022
tunisieannonce_7d6a1a2c4853,tunisieannonce,7000.0,190.0,2.0,El Menzah 5,TUNIS,north,El Menzah,Sale,Commercial,36.8528,10.1703,"2 grandes terrasses|2 toilettes|3 bureaux fermés avec accès sécurisés (code / badge)|accès digitalisé et sécurisé au bâtiment et aux bureaux|activité commerciale ouverte au public non autorisée|aménagement premium avec mobilier professionnel neuf|capacité : jusquà 21 collaborateur|connexion fibre optique haut débit|cuisine équipée et fonctionnelle|grande salle de réunion équipée (tv, tableaux)|haut standing|ménage quotidien|open space de 12 postes|plateau de bureaux premium|surface : 190 m² couverts|terrasse",80,GOOD,1.0,True,False,unchanged,0.0,36.84,2026-03-27T15:44:11.355181
tunisieannonce_7e47adee27c8,tunisieannonce,1250.0,110.0,3.0,Sidi Daoud,TUNIS,north,Jebel Jelloud,Rent,Apartment,36.7667,10.1833,balcon|chauffage central|climatisation|climatiseur au salon|cuisine équipée|deux chambres à coucher|dressing|salle d'eau|salle de douche commune|salon lumineux,90,HIGH,1.5,False,False,unchanged,0.0,11.36,2026-03-27T15:36:11.684145
tunisieannonce_7d8c0ebd1fe8,tunisieannonce,201000.0,60.0,1.0,El Aouina,TUNIS,north,Jebel Jelloud,Sale,Commercial,36.7667,10.1833,"appartement prêt à vivre|ascenseur|chambre confortable|chauffage central|climatisation|cuisine américaine équipée avec plan de travail en marbre noir|proximité des commodités : commerces, transports, cafés|résidence sécurisée avec ascenseur|salle de bain moderne|salon lumineux et chaleureux",100,HIGH,1.5,False,False,new,,3350.0,2026-03-27T14:29:57.938327
tunisieannonce_7d246cc1a881,tunisieannonce,5000.0,100.0,4.0,Kheireddine Pacha,TUNIS,north,Jebel Jelloud,Sale,Land,36.7667,10.1833,conformes aux normes locales|deux façades|dossier juridique|lotissement approuvé|terrain de promotion,90,HIGH,1.5,False,False,new,,50.0,2026-03-27T15:49:00.995611
tunisieannonce_7d0c08c38ff6,tunisieannonce,175900.0,359.0,,Borj Cedria,TUNIS,north,Jebel Jelloud,Sale,Land,36.7667,10.1833,accès rapide et pratique via la nouvelle autoroute|orientation idéale vers l'est|prestigieux complexe scientifique international|prix attractif de 490 tnd le m²|proximité des hôtels solymar et andalous|proximité des salons de thé anibal et lina|restaurant mexicali à seulement 2 minutes de la magnifique plage ejjahmi|surface de 359 m²|terrain résidentiel|titre foncier individuel|voisinage constitué de résidences haut de gamme|zonage r+2,100,HIGH,1.5,False,False,unchanged,0.0,489.97,2026-03-26T15:50:38.965302
tunisieannonce_7f4b9561e3f5,tunisieannonce,3500.0,120.0,,Berge Du Lac,TUNIS,north,Jebel Jelloud,Sale,Commercial,36.7667,10.1833,climatisé|deux salles deau|fibre optique|kitchenette|meuble|open space|salle de réunion|sécurisé,80,GOOD,1.0,True,False,unchanged,0.0,29.17,2026-03-26T15:57:57.289074
tunisieannonce_7f34ad91b134,tunisieannonce,80000.0,54.0,,Riadh Landlous,TUNIS,north,Jebel Jelloud,Sale,Commercial,36.7667,10.1833,comforts|local|location|passage|price|rent|surface_area,90,HIGH,1.5,False,False,unchanged,0.0,1481.48,2026-03-27T15:59:11.998025
tunisieannonce_7f16b0f254bd,tunisieannonce,820000.0,629.0,3.0,Borj Cedria,TUNIS,north,Jebel Jelloud,Sale,Villa,36.7667,10.1833,bathroom|garden|inachevé|jardin|kitchen|rez de chaussée|three bedrooms|un finished floor|veranda,100,HIGH,1.5,False,False,unchanged,0.0,1303.66,2026-03-26T16:13:06.238591
tunisieannonce_7fe9ef5fde5a,tunisieannonce,1600.0,120.0,2.0,Cite Ennasr 2,TUNIS,north,Jebel Jelloud,Rent,Apartment,36.7667,10.1833,balcon|chambre à coucher avec dressing|chauffage central|climatisation|cuisine équipée avec séchoir|gardiennage|haut standing|parking|place de parking sous sol|salle d'eau|suite parentale avec balcon|syndic,100,HIGH,1.5,False,False,unchanged,0.0,13.33,2026-03-26T16:15:14.416961
tunisieannonce_7fa50165fa09,tunisieannonce,4000.0,156.0,,Marsa Safsaf,TUNIS,north,Jebel Jelloud,Sale,Commercial,36.7667,10.1833,1st floor|2nd floor|bureautique|commercial|meuble|open space,70,GOOD,1.0,True,False,unchanged,0.0,25.64,2026-03-27T14:59:03.916380
tunisieannonce_7eeb99db1213,tunisieannonce,900.0,2026.0,3.0,El Menzah 9,TUNIS,north,El Menzah,Rent,Apartment,36.8528,10.1703,3 chambres a coucher|ascenseur|blacon|chauffage central|cuisine|place de voiture privée|salle d'eau|salle de bain|salon spacieux,80,GOOD,1.0,True,False,unchanged,0.0,0.44,2026-03-27T14:55:50.025194
tunisieannonce_7e694f8fbc52,tunisieannonce,268000.0,400.0,,Soliman,TUNIS,north,Soliman,Sale,Land,36.7,10.4833,tourist zone,100,HIGH,1.5,False,False,unchanged,0.0,670.0,2026-03-26T16:18:43.334630
tunisieannonce_7ea4be7ff5a3,tunisieannonce,3500.0,70.0,1.0,Marsa Safsaf,TUNIS,north,Jebel Jelloud,Rent,Apartment,36.7667,10.1833,chambre à coucher|coin salle à manger|kitchenette|meuble|newkey la marsa|parking|place de parking|richement meublé|s+1|salle de douche|salon,80,GOOD,1.0,True,False,new,,50.0,2026-03-26T23:23:12.964026
tunisieannonce_7e9ca4440610,tunisieannonce,245000.0,400.0,2.0,Hammamet,TUNIS,north,Hammamet,Sale,Villa,36.4,10.6167,02 chambres à coucher|abri de voiture|cuisine|jardin|salle de bain|salon|terrasse,100,HIGH,1.5,False,False,unchanged,0.0,612.5,2026-03-26T18:06:12.068486
tunisieannonce_7ec8ca7712bc,tunisieannonce,1250.0,100.0,1.0,Ezzahra,TUNIS,north,Ezzahra,Rent,Apartment,36.743,10.308,chambre à coucher|cuisine américaine|douche à l'italienne|meuble|meublé|s+1|salle de bain moderne|salon lumineux,90,HIGH,1.5,False,False,new,,12.5,2026-03-27T15:48:24.246771
tunisieannonce_8129b0d64191,tunisieannonce,800.0,75.0,75,Hammamet,TUNIS,north,Hammamet,Rent,Villa,36.4,10.6167,chauffage central|climatisation|douche|entrée indépendante|meuble|salle d'eau,85,HIGH,1.5,True,False,new,,10.67,2026-03-27T16:18:58.891251
tunisieannonce_80cd418b6825,tunisieannonce,1950.0,912.0,5.0,El Menzah 1,TUNIS,north,El Menzah,Sale,Land,36.8528,10.1703,180 m²|912m² terrain|façade 23 meters|possibility of building up to r+3 and r+5|rectangular shape|single level|villa|zone uh4,80,GOOD,1.0,True,False,unchanged,0.0,2.14,2026-03-27T15:00:06.953859
tunisieannonce_815de63384c1,tunisieannonce,190000.0,417.0,,Sfax,TUNIS,north,Agareb,Sale,Land,34.7392,10.5258,417 m2|angle|rue de 12m|terrain|zone résidentielle de villa,90,HIGH,1.5,False,False,new,,455.64,2026-03-27T16:09:21.687022
tunisieannonce_8169c45ca872,tunisieannonce,5000.0,,4.0,Berge Du Lac,TUNIS,north,Jebel Jelloud,Rent,Apartment,36.7667,10.1833,bien situé au #lac2|grand|haut standing|magnifique|meuble|meublé|mobilier de haut de gamme|richement équipé|résidence de haute standing|situé dans une résidence de haute standing|type s+4,85,HIGH,1.5,False,False,unchanged,0.0,,2026-03-27T14:56:06.597553
tunisieannonce_8093ec5f19ec,tunisieannonce,90000.0,300.0,,Cite Chebil,TUNIS,north,Jebel Jelloud,Sale,Land,36.7667,10.1833,credit bancaire|lots|prix|terrain|titre foncier individuel,90,HIGH,1.5,False,False,unchanged,0.0,300.0,2026-03-27T16:00:23.852456
tunisieannonce_81116f7aa8cb,tunisieannonce,210000.0,270.0,,Gammart,TUNIS,north,Jebel Jelloud,Sale,Land,36.7667,10.1833,gammarth|surface_area|terrain|villa,90,HIGH,1.5,False,False,unchanged,0.0,777.78,2026-03-26T23:31:36.837730
tunisieannonce_812b0109affa,tunisieannonce,3500.0,145.0,,Berge Du Lac,TUNIS,north,Jebel Jelloud,Sale,Commercial,36.7667,10.1833,2 salles deau|bureaux supplémentaires|climatisation|hall dentrée|kitchenette équipée|local technique pour la centrale de climatisation chaud/froid|parking|parking : 2 places au sous-sol|salle de réunion|séchoir,70,GOOD,1.0,True,False,unchanged,0.0,24.14,2026-03-26T23:37:32.173257
tunisieannonce_809daed0e783,tunisieannonce,850.0,85.0,,El Manar 2,TUNIS,north,Jebel Jelloud,Sale,Commercial,36.7667,10.1833,climatisation|wb4144,70,GOOD,1.0,True,False,unchanged,0.0,10.0,2026-03-26T23:14:32.605889
tunisieannonce_80a729254ea2,tunisieannonce,140000.0,125.0,6.0,Naassen,TUNIS,north,Jebel Jelloud,Sale,Commercial,36.7667,10.1833,dépôt de stockage|emplacement stratégique,95,HIGH,1.5,False,False,new,,1120.0,2026-03-26T23:26:54.373883
tunisieannonce_805d6f2b8515,tunisieannonce,4500.0,700.0,8.0,El Menzah 9,TUNIS,north,El Menzah,Rent,Land,36.8528,10.1703,accès direct au jardin|balcons|chambre avec salle deau privative|deux chambres avec balcons|dressing|garage|garage covered|grande chambre|grande cuisine|hall dentrée|jardin|petite pièce avec salle de bain|salle de bain|salle deau invités|salon / salle à manger|sejour|suite parentale indépendante|surface covered|terrain|villa,90,HIGH,1.5,False,False,new,,6.43,2026-03-27T16:13:37.934203
tunisieannonce_82a862572c4c,tunisieannonce,250000.0,170.0,2.0,Hammamet,TUNIS,north,Hammamet,Sale,Villa,36.4,10.6167,contrat enregistré|s plus 2 au 1 er etage|s plus 3 et un s plus 1 au rez de chaussée|vue mer|vue sur mer,100,HIGH,1.5,False,False,new,,1470.59,2026-03-27T15:38:18.472840
tunisieannonce_823a11ebee81,tunisieannonce,48000.0,300.0,,Raoued,TUNIS,north,Raoued,Sale,Land,36.908,10.2,terrain|titre foncier collectif,90,HIGH,1.5,False,False,new,,160.0,2026-03-26T22:50:13.004316
tunisieannonce_824afcef2e1e,tunisieannonce,800.0,114.0,2.0,Kelibia,TUNIS,north,Kelibia,Rent,Commercial,36.8472,11.0944,appartement neuf et meublé|climatisation|cuisine entièrement équipée|deux chambres|meuble|ne pas payer l'électricité|panneaux solaires|s+2|salle de bain|salon lumineux|surface de 114 m²|vue dégagée sur le fort de kélibia,95,HIGH,1.5,False,False,unchanged,0.0,7.02,2026-03-26T16:30:32.637824
tunisieannonce_826db0a31866,tunisieannonce,670000.0,300.0,2.0,Hammamet,TUNIS,north,Hammamet,Sale,Land,36.4,10.6167,alarm system|camera|carport|chauffage central|garden|heating central|jardin|piscine|swimming pool|terrace|terrasse,100,HIGH,1.5,False,False,unchanged,0.0,2233.33,2026-03-27T14:24:00.834373
tunisieannonce_827cbe0e65a8,tunisieannonce,448000.0,592.0,2.0,Hammamet,TUNIS,north,Hammamet,Sale,Land,36.4,10.6167,garden|jardin|kitchen|salle d'eau|salle de bain|salon|spacious|terrasse|two bedrooms|two levels,100,HIGH,1.5,False,False,unchanged,0.0,756.76,2026-03-26T15:45:59.406804
tunisieannonce_81ac39c222f9,tunisieannonce,131.0,65.0,1.0,Ezzahra,TUNIS,north,Ezzahra,Rent,Apartment,36.743,10.308,courte durée|meuble|richly meublé,90,HIGH,1.5,False,False,new,,2.02,2026-03-27T15:46:21.121631
tunisieannonce_81c43847aa3a,tunisieannonce,1400.0,,2.0,Ariana Essoughra,TUNIS,north,Ariana Ville,Rent,Villa,36.866011,10.193923,3 chambres à coucher avec des dressings|garage|grande cuisine entièrement équipée et avec séchoir|lumineux|meuble|salle d'eau invités|salle de bain|salon salle à manger|spacious rdc|villa spacieux,85,HIGH,1.5,False,False,unchanged,0.0,,2026-03-27T14:57:17.848275
tunisieannonce_828618fc4ee0,tunisieannonce,1650.0,100.0,2.0,Jardins De Carthage,TUNIS,north,Carthage,Rent,Land,36.8536,10.3256,balcon|chauffage central|deux chambres|parking|place de parking souterrain|salle d'eau|salle de bain|splits|séchoir|vue dégagée|vue panoramique sur le lac et la forêt,90,HIGH,1.5,False,False,unchanged,0.0,16.5,2026-03-27T15:53:10.577715
tunisieannonce_8223f049a047,tunisieannonce,1200.0,75.0,1.0,El Menzah 9,TUNIS,north,El Menzah,Rent,Apartment,36.8528,10.1703,2 tv avec récepteurs et abonnements intégrés|balcon|chambre de nuit|chauffage central|climatisation|cuisine équipée|entrée indépendante|espace vert|gardée jours et nuits|haut standing|internet wi-fi illimité|meuble|résidence sécurisée|salle de bain|salon spacieuse,90,HIGH,1.5,False,False,new,,16.0,2026-03-27T16:02:27.746442
tunisieannonce_819b33037b31,tunisieannonce,370000.0,100.0,2.0,El Mourouj,TUNIS,north,El Mourouj,Sale,Villa,36.7405,10.2042,2 chambres|3 chambres a coucher|cuisine|entrée de voiture|faux plafond|rdc|salle de bain|salon|vitre électrique,100,HIGH,1.5,False,False,unchanged,0.0,3700.0,2026-03-26T16:01:23.797959
tunisieannonce_8475bcb09134,tunisieannonce,750.0,,,El Manar 1,TUNIS,north,Jebel Jelloud,Rent,Apartment,36.7667,10.1833,chambre à coucher|climatisseur/machine a laver|cuisine|meuble|meublé|salle de bain,50,LOW,0.5,False,False,new,,,2026-03-27T14:44:51.655098
tunisieannonce_82feae374ea3,tunisieannonce,198365.0,409.0,,Borj Cedria,TUNIS,north,Jebel Jelloud,Sale,Land,36.7667,10.1833,"2 minutes de la plage ejjahmi|25 minutes du centre-ville de tunis via la nouvelle autoroute|409 m²|cadre de vie calme, sécurisé et valorisant|complexe scientifique international|excellent orientation sud est|haut standing|luminosité optimale toute la journée|prestige|proche des hôtels solymar et andalous|reputé restaurant mexicali|résidences haut standing|terrain résidentiel|titre foncier individuel|zonage : r+2|à proximité des salons de thé anibal et lina",100,HIGH,1.5,False,False,unchanged,0.0,485.0,2026-03-26T16:19:39.409971
tunisieannonce_831c1aa086ef,tunisieannonce,630.0,,1.0,Cite Ennasr 2,TUNIS,north,Jebel Jelloud,Rent,Apartment,36.7667,10.1833,app. 2 pièc|bel appartement meublé s+1|meuble|meublé|proche de la clinique hamilcar,85,HIGH,1.5,False,False,unchanged,0.0,,2026-03-26T18:04:16.297264
tunisieannonce_83db409cce41,tunisieannonce,11111.0,920.0,,Bir Bouregba,TUNIS,north,Jebel Jelloud,Sale,Land,36.7667,10.1833,10 mn de hammamet|15 mn de nabeul|chalet de charme|clôturé|maison d'hôte|sondage fonctionnel|terrain|zone en pleine nature,70,GOOD,1.0,True,False,unchanged,0.0,12.08,2026-03-27T15:55:37.612873
tunisieannonce_8468ee84213e,tunisieannonce,159960.0,,3.0,Oued Ellil,TUNIS,north,Oued Ellil,Sale,Apartment,36.8311,10.0347,2 pièces|3 ans de grâce|autofinancement|balcon|carrelage granito marbré|cuisine équipée|fenêtre en aluminium|marbre thala|parabole commune dressing|robinetterie 1er choix|salle de bain|salon|subvention d'état|séchoir|taux dintérêt fixe,85,HIGH,1.5,False,False,unchanged,0.0,,2026-03-26T23:40:52.637888
tunisieannonce_84211b99923c,tunisieannonce,1200.0,,1.0,Chotrana 2,TUNIS,north,Jebel Jelloud,Rent,Apartment,36.7667,10.1833,balcon|chauffage central|climatisation|climatiseurs|cuisine ouverte|dressing|parking|place de parking au sous-sol|salle de douche,85,HIGH,1.5,False,False,new,,,2026-03-27T16:20:28.357686
tunisieannonce_841fd55b3173,tunisieannonce,140000.0,1000.0,,Hammamet,TUNIS,north,Hammamet,Sale,Land,36.4,10.6167,eau|emplacement entouré par des villas|possibilité de vente|route goudronnée|terrain|villas|électricité,90,HIGH,1.5,False,False,new,,140.0,2026-03-27T15:07:47.806002
tunisieannonce_842040c9ad68,tunisieannonce,4000.0,160.0,2.0,Berge Du Lac,TUNIS,north,Jebel Jelloud,Rent,Commercial,36.7667,10.1833,climatisation|four offices|kitchenette|meuble|open space|parking|parking place|sanitary block (men and women)|system of central air conditioning|two-room reception,100,HIGH,1.5,False,False,unchanged,0.0,25.0,2026-03-26T15:45:14.863918
tunisieannonce_82e40191ff9b,tunisieannonce,1000.0,20.0,1.0,El Menzah 5,TUNIS,north,El Menzah,Rent,Apartment,36.8528,10.1703,chauffage|climatisation|climatiser|meuble,80,GOOD,1.0,True,False,new,,50.0,2026-03-27T15:21:16.009770
tunisieannonce_82d192a2c02c,tunisieannonce,3600.0,130.0,3.0,Marsa Ennassim,TUNIS,north,Jebel Jelloud,Rent,Apartment,36.7667,10.1833,balcon|chauffage central|climatisation|climatiseurs|cuisine équipée|meuble|parking|place de parking|électroménager encastrable,90,HIGH,1.5,False,False,new,,27.69,2026-03-27T16:08:26.552481
tunisieannonce_8481f6d5b02a,tunisieannonce,340000.0,96.0,3.0,La Soukra,TUNIS,north,La Soukra,Sale,Other,36.885212,10.245301,abri voiture|chauffage central|climatisation|terrasse,100,HIGH,1.5,False,False,new,,3541.67,2026-03-27T15:01:02.082145
tunisieannonce_85495587462c,tunisieannonce,750000.0,10000.0,,El Fahs,TUNIS,north,El Fahs,Sale,Land,36.3747,9.9017,communications|concessions|electricity|gas|minimum 6 hectares|negotiable|price per square meter 75 dinars|taxes included|terrain industrial|water,75,GOOD,1.0,True,False,unchanged,0.0,,2026-03-26T16:17:19.589880
tunisieannonce_85d8baa246f9,tunisieannonce,980000.0,,,Bou Jerida,TUNIS,north,Jebel Jelloud,Sale,Land,36.7667,10.1833,deux compteurs|maison|oliviers|sondage salinité de l'eau|terrain|téléphone/whatsup/imo|écurie,60,GOOD,1.0,False,False,unchanged,0.0,,2026-03-26T15:42:34.184312
tunisieannonce_8609c17d67eb,tunisieannonce,4000.0,250.0,4.0,Berge Du Lac,TUNIS,north,Jebel Jelloud,Rent,Villa,36.7667,10.1833,chambre de service|duplex|emplacement stratégique|lac2|lume|magnifique|très facile d'accès,85,HIGH,1.5,False,False,unchanged,0.0,16.0,2026-03-26T23:17:09.433861
tunisieannonce_8564f181f131,tunisieannonce,250000.0,200.0,4.0,Kelibia,TUNIS,north,Kelibia,Sale,Apartment,36.8472,11.0944,3 chambres à coucher|cuisine|garage|salle de bain|salon|toilettes,100,HIGH,1.5,False,False,unchanged,0.0,1250.0,2026-03-26T23:31:52.624269
tunisieannonce_860b0b30da10,tunisieannonce,550.0,234.0,2.0,El Mourouj,TUNIS,north,El Mourouj,Rent,Apartment,36.7405,10.2042,3rd floor|apartment|cité errawtha|s+2,90,HIGH,1.5,False,False,new,,2.35,2026-03-27T15:03:08.944158
tunisieannonce_84793424cd7f,tunisieannonce,131.0,100.0,2.0,Ezzahra,TUNIS,north,Ezzahra,Rent,Apartment,36.743,10.308,courte durée|meuble|meublé,90,HIGH,1.5,False,False,new,,1.31,2026-03-27T15:53:37.182570
tunisieannonce_8569ed483c9e,tunisieannonce,3500.0,400.0,7.0,El Menzah 9,TUNIS,north,El Menzah,Rent,Villa,36.8528,10.1703,chauffage central|climatisation|climatisation en split|double salons|garage|garden|grande cuisine|hall d'entrée|heating central|jardin|salle d'eau invitée|salle à manger|terrace|terrasse|three levels|villa,90,HIGH,1.5,False,False,unchanged,0.0,8.75,2026-03-26T23:40:34.168024
tunisieannonce_85ec01a8ade0,tunisieannonce,6250.0,250.0,,Jardins De Carthage,TUNIS,north,Carthage,Sale,Commercial,36.8536,10.3256,chauffage central|climatisation|jardin|kitchenettes|local technique|meuble|open space|parking|places de parkings au sous-sol|sanitaires,70,GOOD,1.0,True,False,unchanged,0.0,25.0,2026-03-26T17:58:15.986080
tunisieannonce_84922976c493,tunisieannonce,1500.0,2.5,,Hammamet,TUNIS,north,Hammamet,Sale,Land,36.4,10.6167,bon emplacement|cadre naturel|construction d'une villa de maître|lotir|parcelles de 1000 m2|proche de la ville|proches des commodités|terrain|établissement d'une ferme,70,GOOD,1.0,True,False,unchanged,0.0,,2026-03-26T17:56:27.431004
tunisieannonce_8716f14162d6,tunisieannonce,1400.0,46.0,3.0,Le Kram,TUNIS,north,Jebel Jelloud,Sale,Commercial,36.7667,10.1833,cadre de travail moderne et fonctionnel|climatisation|climatisation split|meuble|neufs|parking|places de parking au sous-sol|r+3,80,GOOD,1.0,True,False,unchanged,0.0,30.43,2026-03-27T14:59:13.054004
tunisieannonce_86bcea137980,tunisieannonce,980000.0,164.0,,Jardins De Carthage,TUNIS,north,Carthage,Sale,Commercial,36.8536,10.3256,2 places de parking privatives|3 bureaux|bureau directorial|finitions de qualité|hall|haut standing|jardin|meuble|parking|salle d'eau commune|salle d'eau privée|salle de réunion,70,GOOD,1.0,True,False,unchanged,0.0,5975.61,2026-03-27T15:07:31.578886
tunisieannonce_86458a4f1c52,tunisieannonce,941620.0,58.0,,La Soukra,TUNIS,north,La Soukra,Sale,Land,36.885212,10.245301,autorisation de bâtir|façade|prix|terrain,70,GOOD,1.0,True,False,unchanged,0.0,16234.83,2026-03-26T23:46:21.624482
tunisieannonce_86392d0502e8,tunisieannonce,95000.0,50.0,2.0,El Haouaria,TUNIS,north,El Haouaria,Sale,Villa,37.0481,11.0189,2 chambres à coucher|bien sécurisée|bons voisins|centre ville|chambres à coucher|compteur d'eau|construite en 2022|cuisine|dossier foncier|proche de toutes les commodités|quartier calme|salles d'eau|salon|style américain|surface générale de 50 m2|veranda|électricité|état neuve,100,HIGH,1.5,False,False,new,,1900.0,2026-03-26T22:51:28.032915
tunisieannonce_868e60465a7f,tunisieannonce,180000.0,102.0,2.0,Hammamet,TUNIS,north,Hammamet,Sale,Villa,36.4,10.6167,climatisation|gaz de ville|possibility of building two other levels|terrasse|villa,100,HIGH,1.5,False,False,new,,1764.71,2026-03-27T15:51:22.297672
tunisieannonce_8637c6490098,tunisieannonce,3500.0,650.0,1.0,Cite Jardins,TUNIS,north,Jebel Jelloud,Sale,Land,36.7667,10.1833,10 grands bureaux|bâtis|commercial ou showroom|meuble|r+3|rdc|terrain,80,GOOD,1.0,True,False,unchanged,0.0,5.38,2026-03-26T17:47:19.102857
tunisieannonce_86c4041f4eaf,tunisieannonce,1400.0,145.0,1.0,El Menzah 7,TUNIS,north,El Menzah,Rent,Apartment,36.8528,10.1703,balcon|buanderie|chambres a coucher|chauffage central|climatisation|climatiseur|cuisine équipée|dressing|parking|place de parking au sous-sol|salle d'eau|salle de bain|salon,60,GOOD,1.0,False,True,unchanged,0.0,9.66,2026-03-26T18:00:52.008744
tunisieannonce_86e510028915,tunisieannonce,150000.0,386.0,3.0,Cite Sprols,TUNIS,north,Jebel Jelloud,Sale,Land,36.7667,10.1833,chambres|construite par autorisation de bâtir|cuisine|dossier foncier réglé|proche de commodité|salle d'eau|salon|surface couverte|surface totale|terrain,100,HIGH,1.5,False,False,new,,388.6,2026-03-26T23:23:48.988105
tunisieannonce_869be450ed80,tunisieannonce,1000.0,110.0,3.0,El Menzah 7,TUNIS,north,El Menzah,Rent,Other,36.8528,10.1703,chauffage central|climatisation|meuble|salle de bain,90,HIGH,1.5,False,False,new,,9.09,2026-03-26T23:28:32.746511
tunisieannonce_871e0dbe9345,tunisieannonce,11111.0,630.0,3.0,Ben Arous,TUNIS,north,Ben Arous,Sale,Land,36.745,10.225,cuisine|cuisine bien équipeé|deux abrit de voitures|deux apparemments de s+2|deux chambre|garage|grand salon|grande cuisine|grande terrasse|haut standing|jardin|jardin de presque 150 m2|s+1|s+2|salle de bain|suite parentale|surface bâtie denviron 630 m2|terrain de 506 m2|terrasse|terrasse sur le jardin|villa indépendante,90,HIGH,1.5,True,False,unchanged,0.0,17.64,2026-03-26T16:01:43.124595
tunisieannonce_877f06003777,tunisieannonce,290000.0,110.0,3.0,Hedi Chaker,TUNIS,north,Jebel Jelloud,Sale,Commercial,36.7667,10.1833,2 elevators|air conditioning split|ascenseur|bathroom|chauffage central|climatisation|hall|heating central|kitchen with air conditioning split|meuble|placards|separate WC|terraces covered|terrasse,100,HIGH,1.5,False,False,unchanged,0.0,2636.36,2026-03-27T14:59:47.812944
tunisieannonce_88bf6579e464,tunisieannonce,8000.0,2026.0,4.0,Sidi Bousaid,TUNIS,north,Jebel Jelloud,Rent,Villa,36.7667,10.1833,chauffé|climatised|jardin|kitchen|meuble|piscine|richly meublée|s+4|salle d'eau|three salons|three suites|villa|vue dégagée sur le grand tunis,90,HIGH,1.5,False,False,unchanged,0.0,3.95,2026-03-26T23:16:00.692008
tunisieannonce_88ce9fb538cc,tunisieannonce,850000.0,,,Sidi Messaoud,TUNIS,north,Jebel Jelloud,Sale,Land,36.7667,10.1833,longue façade|route goudronnée|sondage|sonede|terrain agr|titre de propriété individuel|vue panoramique,45,LOW,0.5,False,False,unchanged,0.0,,2026-03-26T17:47:09.395924
tunisieannonce_87e4874badf0,tunisieannonce,11000.0,800.0,6.0,Tunis Belvedere,TUNIS,north,Jebel Jelloud,Sale,Commercial,36.7667,10.1833,2 points d' eau|6 pieces of bureau|chauffage central|climatisation|climatisation en split system|fibre optique|isolation thermique|menuiserie aluminium en double vitrage|meuble|open space,80,GOOD,1.0,True,False,unchanged,0.0,13.75,2026-03-26T17:45:29.258527
tunisieannonce_88193dcf4800,tunisieannonce,1200.0,130.0,1.0,Sahloul,TUNIS,north,Jebel Jelloud,Rent,Commercial,36.7667,10.1833,balcon|salle d'eau|salle de bain|salon spacieux|trois chambres à coucher,90,HIGH,1.5,False,False,unchanged,0.0,9.23,2026-03-26T17:51:21.955590
tunisieannonce_87ea4fe80ec3,tunisieannonce,930000.0,380.0,3.0,Borj Cedria,TUNIS,north,Jebel Jelloud,Sale,Villa,36.7667,10.1833,air conditioning|aluminum windows|backyard|bathroom with bathtub|chauffage central|climatisation|dressings|entrance for multiple cars|garage|heating central|jardin|kitchen|kitchens equipped|large garden|s+1 on third floor with terrace|s+3 on first floor|s+3 on second floor|spacious apartment|terrasse|three apartments on upper floors,100,HIGH,1.5,False,False,unchanged,0.0,2447.37,2026-03-27T15:48:51.575293
tunisieannonce_8788f40efe29,tunisieannonce,790000.0,375.0,3.0,Le Bardo,TUNIS,north,Le Bardo,Sale,Land,36.8111,10.1364,240 m2 built area|375 m2 land area|air conditioning in all rooms|bathroom|central heating|chauffage central|climatisation|excellent condition|gas supply|gated community|jardin|kitchen|large garden|laundry room|living room|separate entrances for two cars|shower|solar energy|three bedrooms|two levels|two-family homes,100,HIGH,1.5,False,False,new,,2106.67,2026-03-27T16:03:29.459484
tunisieannonce_881f1953cd75,tunisieannonce,3700.0,66.0,1.0,Marsa Ennassim,TUNIS,north,Jebel Jelloud,Rent,Other,36.7667,10.1833,local,80,GOOD,1.0,True,False,new,,56.06,2026-03-26T23:23:01.864311
tunisieannonce_87ec946d8e04,tunisieannonce,390000.0,153.0,3.0,El Aouina,TUNIS,north,Jebel Jelloud,Sale,Villa,36.7667,10.1833,appartements|balcon|chambres à coucher|chauffage central|cuisine|dressing|parking|place de parking|résidence gardée|s+3|salle d'eau|séchoir,100,HIGH,1.5,False,False,unchanged,0.0,2549.02,2026-03-26T23:09:54.145142
tunisieannonce_87acbbb2c2e9,tunisieannonce,230000.0,826.0,,Borj Touil,TUNIS,north,Jebel Jelloud,Sale,Land,36.7667,10.1833,accessible à partir de la route|pas loin du futur port financier de raoued|terrain agr|zone d'avenir,90,HIGH,1.5,False,False,new,,278.45,2026-03-27T16:13:56.523921
tunisieannonce_8a121017c312,tunisieannonce,2200.0,2026.0,2.0,Cite Ennasr 1,TUNIS,north,Jebel Jelloud,Rent,Apartment,36.7667,10.1833,2 chambres à coucher|abris devvoiture|chauffage central|climatisation|climatiseur|cuisine équipée|dressing|entree independante|haut standing|jardin|meuble|salle de bain|salon|wifi,85,HIGH,1.5,False,False,unchanged,0.0,1.09,2026-03-26T17:43:01.539747
tunisieannonce_89c4db936c72,tunisieannonce,2100.0,250.0,,Bab El Assel,TUNIS,north,Jebel Jelloud,Sale,Other,36.7667,10.1833,cabinet médical|colocation étudiant(e)s|escalier intérieur|espace commercial|foyers étudiants|r+2|surface utile,70,GOOD,1.0,True,False,unchanged,0.0,8.4,2026-03-27T15:16:21.014546
tunisieannonce_8904093ee250,tunisieannonce,350000.0,,4.0,El Messaidine,TUNIS,north,Jebel Jelloud,Sale,Land,36.7667,10.1833,chaudière et froid|cuisine|deux écuries|eau courante|grandes terrasses|maison renouvelee|puits|salle de douche|terrain|terrasse|titre foncier individuel|trois chambres a coucher|électricité,80,GOOD,1.0,False,False,new,,,2026-03-27T16:05:54.671463
tunisieannonce_8a79dcecdfc2,tunisieannonce,450000.0,194.0,3.0,Cite Ennasr 2,TUNIS,north,Jebel Jelloud,Sale,Apartment,36.7667,10.1833,2 places de parking sous sol|ascenseur|balcon|chambres à coucher|chauffage central|climatisation|climatisation en split système|cuisine|dressing|parking|salle d'eau|salle de bain commune,100,HIGH,1.5,False,False,new,,2319.59,2026-03-27T15:08:13.839541
tunisieannonce_8a07ad8e0de4,tunisieannonce,150000.0,476.0,,Raoued,TUNIS,north,Raoued,Sale,Land,36.908,10.2,rue|terrain|éclérage public,85,HIGH,1.5,False,False,new,,315.13,2026-03-27T16:07:03.622126
tunisieannonce_89d01f10e845,tunisieannonce,530000.0,104.0,2.0,Chotrana 1,TUNIS,north,Jebel Jelloud,Sale,Villa,36.7667,10.1833,chauffage central|climatisation|climatisation en split|cuisine|deux chambres à coucher|dressing|jardin|parking|place de parking au sous-sol|salle de bain commune|salle de bain invité|salon,100,HIGH,1.5,False,False,new,,5096.15,2026-03-27T15:03:17.910838
tunisieannonce_89f0ddba6e21,tunisieannonce,1200.0,110.0,7.0,El Manar 1,TUNIS,north,Jebel Jelloud,Rent,Other,36.7667,10.1833,4 eme étage|ascenseur|balcon|chauffage central|meuble|parking|sechoir,90,HIGH,1.5,False,False,unchanged,0.0,10.91,2026-03-26T23:35:34.151936
tunisieannonce_8a0db430c52f,tunisieannonce,200.0,75.0,2.0,Chatt Meriem,TUNIS,north,Jebel Jelloud,Rent,Villa,36.7667,10.1833,2 halls|4 plaques de cuisson en gaz de ville|bancs|banquette pouvant aussi servir de lit|barbecue|bibliothèque|chaines satellitaires|chaises|chambre à coucher|cuisine équipée|cuisinière|douche|four|frigo|jardin|lits simples transformables en lit double|machine à laver|parking|parking intérieur|rez-de-jardin|salle d'eau extérieure|salle d'eau à l'italienne|salle à manger|salon|tables|terrasse|terrasse ouverte|toilett|toilette|télévision|ustensiles,90,HIGH,1.5,False,False,unchanged,0.0,2.67,2026-03-27T14:44:20.660298
tunisieannonce_89d6c97077d4,tunisieannonce,12350.0,900.0,,Ben Arous,TUNIS,north,Ben Arous,Sale,Land,36.745,10.225,proche de tout,65,GOOD,1.0,True,False,new,,13.72,2026-03-26T23:26:52.550096
tunisieannonce_89e1e9033938,tunisieannonce,105500.0,52.0,,Bab Bhar,TUNIS,north,Bab Bhar,Sale,Commercial,36.7981,10.1803,ascenseur|double ascenseurs|parking|places de parking|prix de vente très intéressants|proximité des administrations|superficies allant de 52 m² à 412 m²|titres fonciers individuels|usages multiples,90,HIGH,1.5,False,False,unchanged,0.0,2028.85,2026-03-26T23:31:44.477905
tunisieannonce_8b76362661dc,tunisieannonce,4000.0,2026.0,4.0,Gammart,TUNIS,north,Jebel Jelloud,Rent,Villa,36.7667,10.1833,chambre|chambres à coucher|cuisine|garage|jardin|salle d'eau|salle de bain|salon-salle à manger|suite parentale|villa,90,HIGH,1.5,False,False,unchanged,0.0,1.97,2026-03-26T17:43:22.879474
tunisieannonce_8b168c85598c,tunisieannonce,130000.0,117.0,3.0,Ksar Said,TUNIS,north,Jebel Jelloud,Sale,Villa,36.7667,10.1833,duplex|salle d'eau|salle de bain|wb1283,100,HIGH,1.5,False,False,new,,1111.11,2026-03-27T15:10:06.815448
tunisieannonce_8aa7f094c458,tunisieannonce,3800.0,160.0,1.0,Berge Du Lac,TUNIS,north,Jebel Jelloud,Rent,Villa,36.7667,10.1833,air conditioning|bathroom|bedroom|cellier|chambre de service|chauffage central|climatisation|duplex|four electric|haut standing|heating central|hotte aspirante|kitchen|parking|place of parking|plaque chauffante|sechoir|terrace|terrasse,90,HIGH,1.5,False,False,new,,23.75,2026-03-27T14:41:03.112366
tunisieannonce_8b47f89f4ad6,tunisieannonce,1700.0,150.0,,Borj El Baccouche,TUNIS,north,Jebel Jelloud,Sale,Commercial,36.7667,10.1833,agence foncière|double ascen|gouvernorat|h+4|lume|parking|place de parking au sous-sol|proche de toutes les administrations|soned|steg|tribunal|vue sur routex,80,GOOD,1.0,True,False,unchanged,0.0,11.33,2026-03-26T16:14:04.954068
tunisieannonce_8c20cf8eeb71,tunisieannonce,1800.0,90.0,2.0,Riadh Landlous,TUNIS,north,Jebel Jelloud,Rent,Apartment,36.7667,10.1833,haut standing|high standing|short-term rental,90,HIGH,1.5,False,False,new,,20.0,2026-03-27T15:22:45.862910
tunisieannonce_8baad15ab910,tunisieannonce,2600.0,,1.0,Ain Zaghouan,TUNIS,north,Zaghouan,Rent,Apartment,36.4025,10.1431,chauffage|climatisation|cuisine équipée|deux chambres à coucher|dressing|parking|place parking|sall d'eau|salle de bain suite parentale|salon/salle à manger|séchoir|terrasse,55,LOW,0.5,False,True,new,,,2026-03-27T14:39:10.911452
tunisieannonce_8c132be7aa2e,tunisieannonce,24000.0,200.0,,Kelibia,TUNIS,north,Kelibia,Sale,Land,36.8472,11.0944,terrain,100,HIGH,1.5,False,False,unchanged,0.0,120.0,2026-03-26T15:53:21.036498
tunisieannonce_8bd751145455,tunisieannonce,2200.0,160.0,3.0,Cite Du Stade,TUNIS,north,Jebel Jelloud,Rent,Apartment,36.7667,10.1833,balcon|chambres|chauffage central|climatisation|cuisine équipée|dressing|parking|patio|place de parking en sous-sol|salle d'eau|salle de bain|suite parentale,90,HIGH,1.5,False,False,new,,13.75,2026-03-27T16:12:46.592483
tunisieannonce_8c247d43e0cb,tunisieannonce,2700.0,180.0,3.0,Cite Du Stade,TUNIS,north,Jebel Jelloud,Rent,Villa,36.7667,10.1833,chauffage central|climatisation|climatisation split-système|cuisine|deux chambres à coucher avec dressings|entrée indépendante|garage|meuble|patio|salle de bain|salon|suite parentale,90,HIGH,1.5,False,False,new,,15.0,2026-03-27T16:17:24.408804
tunisieannonce_8c8226292ad2,tunisieannonce,186000.0,310.0,,Cite Sidi Abdelhamid,TUNIS,north,Jebel Jelloud,Sale,Land,36.7667,10.1833,310m²|approuvé|deux façades|plage|terrain|titre individuel|voisinage résidentiel,90,HIGH,1.5,False,False,new,,600.0,2026-03-27T14:21:37.148819
tunisieannonce_8dd8c17c5a98,tunisieannonce,11000.0,450.0,3.0,Berge Du Lac,TUNIS,north,Jebel Jelloud,Rent,Villa,36.7667,10.1833,chambre avec dressing et salle de douche|chambre de service|cuisine moderne et équipée|deuxième salon|dressing|dressing room|garage|grand jardin|jardin|piscine|salle d'eau|salle de bain|salle à manger|salles de bain|salon|suite parentale|suites juniors|séjour indépendant|terrasse|villa,80,GOOD,1.0,True,False,unchanged,0.0,24.44,2026-03-27T15:48:05.927697
tunisieannonce_8e3939fa0296,tunisieannonce,231500.0,421.0,,Borj Cedria,TUNIS,north,Jebel Jelloud,Sale,Land,36.7667,10.1833,421 m²|accès rapide|attestation de propreté|authenticité garantie|eau|eclairage public|emplacement de choix|environnement privilégié|façades principales orientées vers le sud-est|forme carrée|gaz|lotissement deolm|luminosité optimale|nouvelle autoroute|proximité de l'hôtel caribbean|quartier de logements haut de gamme|r+2|terrain résidentiel|titre foncier individuel|trottoir et chaussée|type isolé|télécom|viabilisation complète|zone touristique de borj-cédria|électricité,100,HIGH,1.5,False,False,unchanged,0.0,549.88,2026-03-26T15:41:29.190000
tunisieannonce_8ec99f8d132d,tunisieannonce,550000.0,530.0,2.0,Kerkouane,TUNIS,north,Jebel Jelloud,Sale,Land,36.7667,10.1833,caméras de surveillance|garden|jardin|piscine|pool|sondage d'eau|système photovoltaïque,100,HIGH,1.5,False,False,unchanged,0.0,1037.74,2026-03-26T23:31:22.502780
tunisieannonce_8ce9d73294cb,tunisieannonce,500.0,,3.0,Bir Bouregba,TUNIS,north,Jebel Jelloud,Rent,Land,36.7667,10.1833,arboré|chimney|climatisation|climatisation réversible|garden|jacuzzi|jardin|meuble|piscine|pool|view,85,HIGH,1.5,False,False,unchanged,0.0,,2026-03-27T15:55:57.293578
tunisieannonce_8d7c8d60f747,tunisieannonce,1400.0,60.0,2.0,Jardins De Carthage,TUNIS,north,Carthage,Rent,Apartment,36.8536,10.3256,balcon|chauffage central|chauffage central extérieur|climatisation|cuisine séparée|dressing|jardin|meuble|parking|place de parking au sous-sol|salle de douche|séchoir,90,HIGH,1.5,False,False,unchanged,0.0,23.33,2026-03-27T15:56:23.977705
tunisieannonce_8cc7cd94e0ea,tunisieannonce,18000.0,850.0,1.0,Cite Jardins,TUNIS,north,Jebel Jelloud,Sale,Commercial,36.7667,10.1833,bureau de direction|chauffage central|climatisation|climatisation en split système|four bureaux|garage|hall de réception|heating central|jardin|kitchenette|meuble|open space|reception|six bureaux|three salles deau|two salles d'eau|two salles deau|two voitures,80,GOOD,1.0,True,False,unchanged,0.0,21.18,2026-03-26T17:53:10.298420
tunisieannonce_8ce056272e95,tunisieannonce,190000.0,110.0,2.0,Borj Louzir,TUNIS,north,Jebel Jelloud,Sale,Apartment,36.7667,10.1833,chauffage central|climatisation|cuisine équipée|deux chambres à coucher|place pour voiture|salle d'eau|salon|terrasse,100,HIGH,1.5,False,False,unchanged,0.0,1727.27,2026-03-27T15:19:24.480313
tunisieannonce_8c8e7e1d9e79,tunisieannonce,700.0,40.0,2.0,Ezzahra,TUNIS,north,Ezzahra,Rent,Commercial,36.743,10.308,local commercial,85,HIGH,1.5,False,False,new,,17.5,2026-03-27T15:08:22.240720
tunisieannonce_8e3edd4a8576,tunisieannonce,1300.0,2026.0,2.0,Cite Du Stade,TUNIS,north,Jebel Jelloud,Rent,Villa,36.7667,10.1833,cuisine|deux chambres à coucher|entrée indépendante|salle de bain|salon lumineux,80,GOOD,1.0,True,False,new,,0.64,2026-03-26T23:06:44.123627
tunisieannonce_8d31f9bfd885,tunisieannonce,3800.0,500.0,3.0,El Manar 1,TUNIS,north,Jebel Jelloud,Rent,Villa,36.7667,10.1833,3 chambres à coucher|caméras de surveillance|chambre|cuisine|deux accès de 2 rue différentes|deux garages|garage|jardin|pièce et débarras|rez-de-jardin: un séjour qui ouvre sur le jardin|salle d'eau|salle de bain (baignoire et douche)|salle de douche|salle à manger|salon|spacious villa|suite parentale avec dressing et salle de bain (avec une baignoire et douche)|système d'alarme|séjour|vue panoramique sur tunis,90,HIGH,1.5,False,False,unchanged,0.0,7.6,2026-03-27T15:45:01.393446
tunisieannonce_8ecbfa533b2e,tunisieannonce,242000.0,242.0,,Riadh Landlous,TUNIS,north,Jebel Jelloud,Sale,Land,36.7667,10.1833,construire|emplacement|investissement|orientation|surface_area|terrain,85,HIGH,1.5,False,False,new,,1000.0,2026-03-26T23:19:20.252907
tunisieannonce_9143024237e6,tunisieannonce,150.0,80.0,1.0,Marsa Erriadh,TUNIS,north,Jebel Jelloud,Rent,Commercial,36.7667,10.1833,"Goulette|Marsa Sidi Bousaied|Possibility to send other photos|airport|bathroom|bedroom with double bed, dressing room|chauffage central|cleaning service|climatisation|commerces|dishes, utensils, microwave, refrigerator, freezer, coffee maker, washing machine|guarded 24h/24h|haut standing|heating central and air conditioning|hypermarket Carrefour des Berges du Lac|ideal location|internet wifi high-speed|kitchen independent|living room with sofa bed, desk, TV satellite DVD|possibility for 4 people including linen|rent from 55 dinars per night depending on season and duration|residence of high standing|restaurants fast food|spacious f2|table with 4 chairs|transports|two night tables",90,HIGH,1.5,False,False,new,,1.88,2026-03-27T14:25:27.420036
tunisieannonce_90f61c240531,tunisieannonce,480000.0,480.0,3.0,Sousse Khezama,TUNIS,north,Sidi El Heni,Sale,Apartment,35.6756,10.3106,3 chambres à coucher|appartement|chauffée|climatisé|cuisine équipée avec séchoir|double ascanceur|khzema|parking|place parking au sous sol|s+3|salle d'eau|salle de bain avec baignoire|salon spacieux & lumineux,100,HIGH,1.5,False,False,new,,1000.0,2026-03-27T15:35:01.351621
tunisieannonce_90bb7826d89b,tunisieannonce,225000.0,65.0,1.0,Cite Ennasr 2,TUNIS,north,Jebel Jelloud,Sale,Apartment,36.7667,10.1833,"65 m²|chambre à coucher|cuisine américaine moderne|cuisine équipée (plaque, hotte, four)|emplacement stratégique|menuiserie de qualité|revêtement moderne|s+1|salle de douche à litalienne contemporaine|salon lumineux",100,HIGH,1.5,False,False,unchanged,0.0,3461.54,2026-03-27T15:44:22.213808
tunisieannonce_9177503ea620,tunisieannonce,2000.0,107.0,,Berge Du Lac,TUNIS,north,Jebel Jelloud,Sale,Commercial,36.7667,10.1833,aménagement fonctionnel|cloisons|local commercial|organisation optimale des espaces|possibilité de négocier la reprise du matériel existant|zon à forte visibilité,70,GOOD,1.0,True,False,unchanged,0.0,18.69,2026-03-27T15:58:29.006568
tunisieannonce_908554ae27b5,tunisieannonce,7700.0,650.0,,Charguia 1,TUNIS,north,Jebel Jelloud,Sale,Commercial,36.7667,10.1833,650 m²|dossier complet|espace bureautique|parking|places de parking|plans,70,GOOD,1.0,True,False,unchanged,0.0,11.85,2026-03-27T15:36:41.946936
tunisieannonce_9010e9829052,tunisieannonce,7000.0,324.0,,Berge Du Lac,TUNIS,north,Jebel Jelloud,Sale,Commercial,36.7667,10.1833,bien gardé et sécurisé|bloc sanitaire homme et femme|bureaux|climatisation|climatisation centrale|fibre optique|kitchenette|meuble|open space|reception,80,GOOD,1.0,True,False,unchanged,0.0,21.6,2026-03-26T15:58:59.811834
tunisieannonce_8f0aeabc6001,tunisieannonce,4000.0,280.0,1.0,Berge Du Lac,TUNIS,north,Jebel Jelloud,Rent,Villa,36.7667,10.1833,chambre de service|chauffage|climatisation|climatisation centrale|cuisine équipée|salle d'eau invités|salle de bain avec jacuzzi|salle de douche|suite parentale|séchoir|terrasse|vue sur lac,90,HIGH,1.5,False,False,new,,14.29,2026-03-26T23:27:11.046608
tunisieannonce_914475bca569,tunisieannonce,1400.0,130.0,3,Cite Ennasr 2,TUNIS,north,Jebel Jelloud,Sale,Commercial,36.7667,10.1833,bloc sanitaires|climatisation|climatisation chaud /froid|hall|kitchenette|meuble|three pieces,85,HIGH,1.5,True,False,unchanged,0.0,10.77,2026-03-27T15:04:41.746234
tunisieannonce_8fdd4ccb710a,tunisieannonce,2300.0,160.0,3.0,Jardins De Carthage,TUNIS,north,Carthage,Rent,Apartment,36.8536,10.3256,balcon|chambres à coucher|chauffage central|climatisation|climatisation en split|cuisine|dressing|jardin|parking|place de parking|salle de bain|salle de douche|salon|suite parentale|séchoir,90,HIGH,1.5,False,False,unchanged,0.0,14.38,2026-03-27T15:14:45.437278
tunisieannonce_91c91ac06a9f,tunisieannonce,450000.0,150.0,1.0,Ain Zaghouan,TUNIS,north,Zaghouan,Sale,Apartment,36.4025,10.1431,balcon|chauffage central|climatisation|climatizers|heating central|place privative|suite parentale,100,HIGH,1.5,False,False,new,,3000.0,2026-03-26T23:28:56.555416
tunisieannonce_93492f3bc17e,tunisieannonce,265000.0,93.0,2.0,Habib Thameur,TUNIS,north,Jebel Jelloud,Sale,Apartment,36.7667,10.1833,2 pièces lumineuses|balcons|chauffage central|climatisation|climatiseurs (chaud et froid)|cuisine équipée|menuiserie aluminium|meuble|meublé|parquet en bois|retapé à neuf|salle de bain|salle à manger|salon|vidéophone,95,HIGH,1.5,False,False,new,,2849.46,2026-03-27T15:13:38.128658
tunisieannonce_920097b0c386,tunisieannonce,900.0,100.0,2.0,Hergla,TUNIS,north,Hergla,Rent,Apartment,36.0333,10.5,6 appartements|appartment|aéroport transfer|beau jardin privatif|bus|chambre à coucher à grand lit|climatisation|climatiseur chaux et froid|cuisine bien équipée|jardin|large salle de séjour|parking|place de parking devant la résidence|salle de bain|side mer|taxi|tv chaines internationales,100,HIGH,1.5,False,False,unchanged,0.0,9.0,2026-03-26T15:25:33.695545
tunisieannonce_91ea892e9eb0,tunisieannonce,700000.0,375.0,3.0,Cite Touristique,TUNIS,north,Jebel Jelloud,Sale,Land,36.7667,10.1833,3 suites|4 m par 10 m|barbakious|confort|cuisine équipée et aménagée|dossier foncière règlé|haut standing|jardin|parking|piscine|salle d'eau|salle à manger|salon|surface couverte|surface terrain|terrasse|terrasse de vue|villa,100,HIGH,1.5,False,False,new,,1866.67,2026-03-27T15:25:19.380055
tunisieannonce_9341566120c5,tunisieannonce,1900.0,100.0,2.0,Jardins De Carthage,TUNIS,north,Carthage,Rent,Apartment,36.8536,10.3256,balcon|bedroom|haut standing|jardin|kitchen|parking|patio|shower|under-sol parking,90,HIGH,1.5,False,False,new,,19.0,2026-03-27T16:12:28.849131
tunisieannonce_91a2b2a2bc0d,tunisieannonce,650000.0,237.0,3.0,El Medina,TUNIS,north,Jebel Jelloud,Sale,Land,36.7667,10.1833,1er étage|bathroom|cave|chambre de service|chambre de service avec douche et toilette|chambre sur le toit|cour|cuisine|débarras|kitchen|piece sur le toit|rez-de-chaussée|salle de bain|salle à manger|salon|sejour|suite parentale|three bedrooms,100,HIGH,1.5,False,False,new,,2742.62,2026-03-26T22:50:40.902800
tunisieannonce_928c86653c41,tunisieannonce,5000.0,60.0,3.0,Carthage,TUNIS,north,Carthage,Rent,Other,36.8536,10.3256,gérance libre|local|matériels|superficie 60m²,80,GOOD,1.0,True,False,new,,83.33,2026-03-27T15:46:28.729540
tunisieannonce_918c17c891ea,tunisieannonce,350000.0,382.0,3.0,Raoued,TUNIS,north,Raoued,Sale,Land,36.908,10.2,3 bedrooms|bathroom|bel emplacement|comfortable habitation|entrance for cars|good orientation|grand garden|jardin|kitchen|placards|quiet neighborhood|salon|spacious villa|surface covered|terrain|title foncier individual,100,HIGH,1.5,False,False,new,,916.23,2026-03-26T23:23:39.354800
tunisieannonce_935f124b51d8,tunisieannonce,550.0,70.0,2.0,Ezzahra,TUNIS,north,Ezzahra,Rent,Apartment,36.743,10.308,meuble|meublé|studio,85,HIGH,1.5,False,False,new,,7.86,2026-03-27T16:10:58.721578
tunisieannonce_9298561954e2,tunisieannonce,480000.0,200.0,4.0,Riadh Landlous,TUNIS,north,Jebel Jelloud,Sale,Apartment,36.7667,10.1833,200 m²|balcon|chauffage central|climatisation|cuisine équipée|dressing|four chambres à coucher|gardiennage|parking|place de parking|rez-de-chaussée|résidence gardée et sécurisée|s+4|salle de bain|salle deau pour les invités|syndic|séchoir,100,HIGH,1.5,False,False,unchanged,0.0,2400.0,2026-03-27T15:05:36.625113
tunisieannonce_944b9fcac884,tunisieannonce,600.0,76.0,2.0,Bou Mhel,TUNIS,north,Jebel Jelloud,Rent,Villa,36.7667,10.1833,commodités|s+2|villa,90,HIGH,1.5,False,False,new,,7.89,2026-03-27T14:56:33.923457
tunisieannonce_941f91443ba9,tunisieannonce,3500.0,810.0,7.0,El Menzah 9,TUNIS,north,El Menzah,Rent,Commercial,36.8528,10.1703,4 bedrooms comfortable including 2 suites|bathroom guests|garage|garage covered|garden|jardin|kitchen functional|salon spacious and extremely luminous|suite with bathroom|terrace|terrasse,90,HIGH,1.5,False,False,unchanged,0.0,4.32,2026-03-26T23:33:00.450667
tunisieannonce_938eaf5b8b77,tunisieannonce,600.0,50.0,1.0,Bou Mhel,TUNIS,north,Jebel Jelloud,Rent,Apartment,36.7667,10.1833,chambre à coucher|chauffage central|cousine américaine|salle de bain|salon,90,HIGH,1.5,False,False,new,,12.0,2026-03-26T23:27:53.211866
tunisieannonce_94b6932130e8,tunisieannonce,1000.0,120.0,3.0,Cite Bhar Lazreg,TUNIS,north,Jebel Jelloud,Rent,Villa,36.7667,10.1833,ascenseur|balcon|cuisine|douche al'italienne|salle d'eau,90,HIGH,1.5,False,False,new,,8.33,2026-03-27T15:18:43.407845
tunisieannonce_94c742af6d30,tunisieannonce,180000.0,88.0,2.0,El Mourouj,TUNIS,north,El Mourouj,Sale,Apartment,36.7405,10.2042,2chambres a couchée with dressings|caméra de surveillance|chauffage central|climatisation|cuisine well equipped|parking|place de parking|salle de bain|salon with climatiseur,100,HIGH,1.5,False,False,unchanged,0.0,2045.45,2026-03-27T16:19:06.413668
tunisieannonce_93f79628b803,tunisieannonce,2450.0,120.0,1.0,Berge Du Lac,TUNIS,north,Jebel Jelloud,Rent,Apartment,36.7667,10.1833,air conditioning|balcon|bathroom with bathtub|bedroom|central heating|chauffage central|climatisation|dishwasher|hotte encastrée|kitchen|meuble|microwave|oven|parking|placards|refrigerator|shower room|spacious salon|suite parentale|washing machine,90,HIGH,1.5,False,False,new,,20.42,2026-03-27T14:23:15.841279
tunisieannonce_93e4cc665ddb,tunisieannonce,1750.0,140.0,4,Borj El Baccouche,TUNIS,north,Jebel Jelloud,Sale,Commercial,36.7667,10.1833,ascenseur|bloc sanitaires|climatisation|double ascenseur|h+4|hall|kitchenette|meuble|parking|place de parking|quatre pièces,85,HIGH,1.5,True,False,unchanged,0.0,12.5,2026-03-27T15:04:33.826166
tunisieannonce_9511ef5bbe30,tunisieannonce,200000.0,115.0,2.0,Sousse Khezama,TUNIS,north,Sidi El Heni,Sale,Villa,35.6756,10.3106,appartement|cuisine|deux chambres|s+2|salle d'eau avec douche|surface,100,HIGH,1.5,False,False,unchanged,0.0,1739.13,2026-03-27T14:21:24.039082
tunisieannonce_941353d49dd2,tunisieannonce,150000.0,166.0,,Berge Du Lac,TUNIS,north,Jebel Jelloud,Sale,Commercial,36.7667,10.1833,cabine principale|cabines esthétiques|comptoir|equipped|fauteuils|functional|open space,90,HIGH,1.5,False,False,unchanged,0.0,903.61,2026-03-27T15:00:25.855059
tunisieannonce_937d47d58866,tunisieannonce,110000.0,1000.0,,Hammamet,TUNIS,north,Hammamet,Sale,Land,36.4,10.6167,oliviers|route|terrain,90,HIGH,1.5,False,False,new,,110.0,2026-03-27T14:44:59.671373
tunisieannonce_96e7329a6c19,tunisieannonce,1499.0,160.0,3.0,Cite Ennasr 2,TUNIS,north,Jebel Jelloud,Rent,Villa,36.7667,10.1833,balcon|chambres a coucher|chauffage central|cuisine|salle de bain|salle à manger|salon,90,HIGH,1.5,False,False,new,,9.37,2026-03-27T14:43:34.327936
tunisieannonce_95525d2f452e,tunisieannonce,100000.0,500.0,,Dhahri,TUNIS,north,Jebel Jelloud,Sale,Land,36.7667,10.1833,bornage topographique officiel|cadre de vie calme|environnement agréable|façade principale de 24 mètres|haut standing|maisons à un seul niveau|potential for residential project|surface de 500 m²|terrain nu|villas de standing,100,HIGH,1.5,False,False,unchanged,0.0,200.0,2026-03-26T16:06:12.134719
tunisieannonce_95d97f5d7d8f,tunisieannonce,400000.0,11.0,,Bir Mcherga,TUNIS,north,Bir Mcherga,Sale,Land,36.5167,10.0,puit|réseaux : steg et sonede papier en règle|santage|terrain nu,85,HIGH,1.5,True,False,unchanged,0.0,,2026-03-26T16:32:40.548660
tunisieannonce_96fbb5eb5ee4,tunisieannonce,1600.0,125.0,1.0,Cite Ennasr 2,TUNIS,north,Jebel Jelloud,Rent,Apartment,36.7667,10.1833,"air conditioning|appartment|ascenseur|bathroom|bright|chauffage central|climatisation|close to store|digital receiver|double elevators|entrance|equipped with refrigerator, microwave, oven, washing machine, dryer|first floor|furnished|haut standing|heating central|independent kitchen|internet|large terrace with plants|lcd|living room|location|meuble|new|one bedroom with balcony|parking|residence|riadh ennasr2|secure|sunny|terrasse|two bedrooms|wifi",100,HIGH,1.5,False,False,unchanged,0.0,12.8,2026-03-26T16:31:56.754388
tunisieannonce_95a1fe1aadf1,tunisieannonce,270000.0,540.0,2.0,Hammamet,TUNIS,north,Hammamet,Sale,Commercial,36.4,10.6167,02 chambres à coucher|cuisine équipée|jardin|salle de douche|salon|sejour,100,HIGH,1.5,False,False,new,,500.0,2026-03-27T15:07:40.091552
tunisieannonce_9671435fb249,tunisieannonce,280000.0,130.0,5.0,Bou Mhel,TUNIS,north,Jebel Jelloud,Sale,Land,36.7667,10.1833,3 chambres à coucher|cuisine équipée|jardin|salle de bain|salon|séchoir|terrain|terrasse|villa,100,HIGH,1.5,False,False,new,,2153.85,2026-03-26T23:29:12.243935
tunisieannonce_951b82a40c32,tunisieannonce,1700.0,800.0,,Sidi Daoud,TUNIS,north,Jebel Jelloud,Sale,Land,36.7667,10.1833,deux façade|prix|terrain|titre foncier urbain individuel r+4,70,GOOD,1.0,True,False,new,,2.12,2026-03-27T15:29:19.024971
tunisieannonce_972ab2ab32ec,tunisieannonce,300000.0,800.0,,Bou Argoub,TUNIS,north,Bou Argoub,Sale,Land,36.55,10.55,cuisine|deuxième étage inachevé|grand jardin|grande maison|jardin|oliviers|premier étage inachevé|salle d'eau|salon|terrain|trois chambres|veranda,90,HIGH,1.5,False,False,new,,375.0,2026-03-27T15:10:40.140593
tunisieannonce_9684cbb6ab54,tunisieannonce,375000.0,450.0,3.0,Soliman,TUNIS,north,Soliman,Sale,Villa,36.7,10.4833,maison de plain-pied|plage|première position,100,HIGH,1.5,False,False,new,,833.33,2026-03-27T15:29:54.896545
tunisieannonce_96c9a5b1f8de,tunisieannonce,240000.0,70.0,2.0,El Aouina,TUNIS,north,Jebel Jelloud,Sale,Apartment,36.7667,10.1833,ascenseur|balcon|chauffage central|cuisine équipée|dressing|haut standing|salle de douche|séchoir|toilette,100,HIGH,1.5,False,False,unchanged,0.0,3428.57,2026-03-26T17:54:43.860606
tunisieannonce_97e422c9eb87,tunisieannonce,1100.0,54.0,1.0,Ain Zaghouan,TUNIS,north,Zaghouan,Rent,Apartment,36.4025,10.1431,balcon|chambre à coucher|chauffage central|climatisation|kitchenette|salon,90,HIGH,1.5,False,False,new,,20.37,2026-03-27T14:37:42.069926
tunisieannonce_976de0d4b1d7,tunisieannonce,230000.0,66.0,2.0,Monastir,TUNIS,north,Monastir,Sale,Apartment,35.7644,10.8,chauffage central|climatisation|climatiseurs|cuisine équipée avec séchoir|deux chambres à coucher|salle de bain|salon|titre bleu,100,HIGH,1.5,False,False,new,,3484.85,2026-03-27T15:57:35.172001
tunisieannonce_986d0391606d,tunisieannonce,2000.0,70.0,2.0,Cite Ennasr 2,TUNIS,north,Jebel Jelloud,Rent,Apartment,36.7667,10.1833,banque|climatisation|climatiser / chauffer|haut standing|meuble|monoprix|proche de toute commodité|propreté et hygiènes|restau|résidence bien gardée et sécurisée|salon de thé|studios meublé,90,HIGH,1.5,False,False,new,,28.57,2026-03-27T15:22:36.077460
tunisieannonce_9866d99d803c,tunisieannonce,1300.0,137.0,1.0,La Soukra,TUNIS,north,La Soukra,Rent,Apartment,36.885212,10.245301,ascenseur|balcon|chauffage central|climatisation|climatiseur|cuisine équipée|four|parking|plaque hotte|sall d'eau|salle de bain|séchoir,85,HIGH,1.5,False,False,new,,9.49,2026-03-26T23:25:13.489372
tunisieannonce_98d9c7283939,tunisieannonce,150.0,70.0,2.0,El Manar 1,TUNIS,north,Jebel Jelloud,Rent,Apartment,36.7667,10.1833,bien équipé|en face clinique el manar|haut standing|high standing|meuble|meublé,90,HIGH,1.5,False,False,new,,2.14,2026-03-27T16:06:32.887275
tunisieannonce_97d9795d50ca,tunisieannonce,1800.0,,1.0,Ain Zaghouan,TUNIS,north,Zaghouan,Rent,Apartment,36.4025,10.1431,balcon|chambre à coucher|chauffage|climatisation|cuisine américaine|dressing|meuble|parking|place parking|salle de douche|salon lumineux,55,LOW,0.5,False,True,new,,,2026-03-27T14:38:52.697454
tunisieannonce_98251557e424,tunisieannonce,1150.0,100.0,2.0,Ain Zaghouan,TUNIS,north,Zaghouan,Rent,Apartment,36.4025,10.1431,chauffage central|climatisation|climatiseurs|deux chambres à coucher|haut standing|kitchenette équipée avec plaque et hotte et four|salle de bain|salon,90,HIGH,1.5,False,False,new,,11.5,2026-03-27T14:49:47.681806
tunisieannonce_98e0b6b6a43c,tunisieannonce,1750.0,120.0,2.0,Bab Bhar,TUNIS,north,Bab Bhar,Rent,Apartment,36.7981,10.1803,chauffage central|climatisation|climatiseurs|cuisine aménagée et totalement équipée|deux chambres à coucher|grand salon|luxueusement meublé|meuble|salle d'eau avec cabine de douche,85,HIGH,1.5,False,False,new,,14.58,2026-03-26T23:21:34.234654
tunisieannonce_9862880b5324,tunisieannonce,1100.0,88.0,2.0,Cite Ennasr 1,TUNIS,north,Jebel Jelloud,Rent,Commercial,36.7667,10.1833,cuisine|deux chambres|parking|place parking|salle d'eau|salon|sous sol,90,HIGH,1.5,False,False,new,,12.5,2026-03-27T15:37:37.906018
tunisieannonce_975951b88f64,tunisieannonce,1450.0,55.0,2.0,Cite Jardins,TUNIS,north,Jebel Jelloud,Rent,Commercial,36.7667,10.1833,climatisation|haut standing|kitchenette|salle d'eau,90,HIGH,1.5,False,False,new,,26.36,2026-03-27T16:14:05.502345
tunisieannonce_9a118a618cc5,tunisieannonce,300000.0,340.0,2.0,Dar Allouche,TUNIS,north,Jebel Jelloud,Sale,Land,36.7667,10.1833,3 ch|4 côté|bâtie|champs agricole|cuisine|jardin|plein nature|s.d eau|salon|terrain|villa|vue mer,100,HIGH,1.5,False,False,new,,882.35,2026-03-27T14:31:36.461260
tunisieannonce_98e4a46a88d7,tunisieannonce,55000.0,63.0,1.0,Khelidia,TUNIS,north,Jebel Jelloud,Sale,Other,36.7667,10.1833,surface,100,HIGH,1.5,False,False,unchanged,0.0,873.02,2026-03-26T15:28:42.272271
tunisieannonce_9a7ad5646695,tunisieannonce,900.0,50.0,1.0,Ain Zaghouan,TUNIS,north,Zaghouan,Rent,Other,36.4025,10.1431,balcon|chauffage central|cuisine équipée ouverte sur le salon|salle d'eau douche|wb4312,90,HIGH,1.5,False,False,unchanged,0.0,18.0,2026-03-26T18:03:54.242922
tunisieannonce_9b3058140ca6,tunisieannonce,600.0,80.0,2.0,Denden,TUNIS,north,Jebel Jelloud,Rent,Villa,36.7667,10.1833,,70,GOOD,1.0,False,False,unchanged,0.0,7.5,2026-03-26T23:43:30.703651
tunisieannonce_9a335748b0fb,tunisieannonce,3500.0,700.0,4.0,Mutuelle Ville,TUNIS,north,Jebel Jelloud,Rent,Commercial,36.7667,10.1833,2 salles de bains|4 chambres|cuisine avec garde-manger|garage|garage fermé|grand abri auto|grand jardin|jardin|salon spacieux|stationnement n'est pas problématique|villa|vue panoramique|wc pour le personnel,90,HIGH,1.5,False,False,unchanged,0.0,5.0,2026-03-27T15:26:07.192150
tunisieannonce_99678ae517f3,tunisieannonce,1250.0,200.0,3.0,El Menzah 6,TUNIS,north,El Menzah,Rent,Villa,36.8528,10.1703,2 grandes chambres|2 minutes de la cité jamil|accès à deux grandes chambres|emplacement stratégique|minute du lycée menzah6|proximité de toutes commodités|rue principale|s+3|sanitaire,85,HIGH,1.5,False,False,new,,6.25,2026-03-27T15:21:30.847394
tunisieannonce_9a24a9db9bcd,tunisieannonce,1700.0,14000.0,,Zouaouine,TUNIS,north,Jebel Jelloud,Sale,Land,36.7667,10.1833,electricity|water for drinking,60,GOOD,1.0,True,False,new,,,2026-03-27T16:08:17.810856
tunisieannonce_9ba3760e13ee,tunisieannonce,1150.0,135.0,3.0,El Aouina,TUNIS,north,Jebel Jelloud,Rent,Apartment,36.7667,10.1833,"ascenseur|chauffage central|cuisine indépendante équipée d'une hotte aspirante, d'une plaque à gaz et d'un four électrique|côté collége zoubeir turki|deux ascenseurs|deux chambres à coucher|jardin|jardin de l'aouina|placards de rangement au couloir|résidence bien gardée et sécurisée|s plus trois bien orienté|salle de bain|salon|suite parentale|séchoir",90,HIGH,1.5,False,False,unchanged,0.0,8.52,2026-03-26T17:45:08.803912
tunisieannonce_9ad177b82858,tunisieannonce,1000.0,20.0,2.0,El Menzah 5,TUNIS,north,El Menzah,Rent,Apartment,36.8528,10.1703,climatisation|climatiser|meuble,75,GOOD,1.0,True,False,new,,50.0,2026-03-27T15:33:40.561029
tunisieannonce_998cd1ae88cb,tunisieannonce,337000.0,160.0,2.0,Bir Bouregba,TUNIS,north,Jebel Jelloud,Sale,Land,36.7667,10.1833,balcon|chambre|chambres|kitchenette|parking|place de parking|salle de bain|salon|suite parentale|terrasse|toilett|vue dégagée,100,HIGH,1.5,False,False,unchanged,0.0,2106.25,2026-03-26T15:46:33.654061
tunisieannonce_9c2deae1aed2,tunisieannonce,160000.0,400.0,,Sidi Saad,TUNIS,north,Jebel Jelloud,Sale,Land,36.7667,10.1833,bel jardin|garden|jardin|pescine|sondage|terrain,90,HIGH,1.5,False,False,unchanged,0.0,400.0,2026-03-27T15:22:26.743499
tunisieannonce_9d674a9d3691,tunisieannonce,167000.0,257.0,,Soliman,TUNIS,north,Soliman,Sale,Land,36.7,10.4833,"3 minutes des commodités essentielles|accès rapide au centre de tunis via la nouvelle autoroute (30 minutes)|assainissement|double façade|eau potable|emplacement stratégique|magasin général, carrefour market, écoles et universités|orientation idéale : sud-est|prix attractif|surface : 257 m²|terrain affleurant à la chaussée (niveau voirie)|terrain dangle|terrain entièrement viabilisé|titre foncier individuel|type : jumelé|téléphone|vocation : r+2|à seulement 1 minute de la plage ejjahmi|éclairage public|électricité gaz naturel",100,HIGH,1.5,False,False,unchanged,0.0,649.81,2026-03-26T16:19:10.830902
tunisieannonce_9d0decc4eb99,tunisieannonce,7700.0,278.0,4.0,Zone Urbaine Nord,TUNIS,north,Jebel Jelloud,Sale,Commercial,36.7667,10.1833,4 pièces de bureau|ascenseur|blocs sanitaires|caméra de surveillance|climatisation|climatisation centrale|double vitrage|kitchenette|meuble|open space modulable|parking|places de parking|plateau|salle de réunion,80,GOOD,1.0,True,False,unchanged,0.0,27.7,2026-03-26T23:39:39.650034
tunisieannonce_9da11b04aae2,tunisieannonce,115000.0,98.0,3.0,Denden,TUNIS,north,Jebel Jelloud,Sale,Apartment,36.7667,10.1833,2 chambres|chauffage central|cuisine|salle de bain|salon,95,HIGH,1.5,False,False,unchanged,0.0,1173.47,2026-03-26T23:17:26.714073
tunisieannonce_9c6872bd438e,tunisieannonce,850.0,75.0,,Republique,TUNIS,north,Jebel Jelloud,Sale,Commercial,36.7667,10.1833,3rd floor|ascenseur|hall|without elevator,70,GOOD,1.0,True,False,unchanged,0.0,11.33,2026-03-26T23:08:20.131679
tunisieannonce_9c52cb0186b0,tunisieannonce,900.0,60.0,2.0,Cite De La Plage 2,TUNIS,north,Jebel Jelloud,Rent,Apartment,36.7667,10.1833,2 chambres|climatisation|cuisine open agencée|entrée d'une voiture|meuble|meublé|proche de la mer|rez de chaussée|s+2|salle d'eau|salon,100,HIGH,1.5,False,False,unchanged,0.0,15.0,2026-03-26T15:43:28.290394
tunisieannonce_9db87f6a4784,tunisieannonce,280000.0,210.0,2.0,Ezzahrouni,TUNIS,north,Jebel Jelloud,Sale,Villa,36.7667,10.1833,chambre|cuisine|cuisine équipée|deux chambres|escaliers pour le toit|grand salon|haul|salle d'eau|salle d'eau avec douche|salle à mangé|salon|studio de deux chambres|terrasse,95,HIGH,1.5,False,False,unchanged,0.0,1333.33,2026-03-26T23:17:00.022557
tunisieannonce_9bf77edccea1,tunisieannonce,156000.0,200.0,,Chatt Meriem,TUNIS,north,Jebel Jelloud,Sale,Land,36.7667,10.1833,chatt meriem|fouka3iya|surface|terrain|titre foncier|villa,85,HIGH,1.5,False,False,unchanged,0.0,780.0,2026-03-26T23:38:38.508244
tunisieannonce_9c6c79f666a9,tunisieannonce,2001.0,230.0,1.0,Cite Ennasr 2,TUNIS,north,Jebel Jelloud,Rent,Apartment,36.7667,10.1833,3 chambres a coucher|abri de voiture|chauffage central|climatisation|cuisine avec terrasse|entrée indépendante|jardin|salle de bain|salon salle à manger|sde|suite parentale|terrasse,90,HIGH,1.5,False,False,new,,8.7,2026-03-27T15:52:29.039071
tunisieannonce_9d79bf024488,tunisieannonce,3100.0,120.0,3.0,Marsa Safsaf,TUNIS,north,Jebel Jelloud,Rent,Land,36.7667,10.1833,balcon|chambres|cuisine|meuble|parking|place de parking souterrain|salle d'eau invités|salle de bain|salon,90,HIGH,1.5,False,False,unchanged,0.0,25.83,2026-03-27T15:35:43.312220
tunisieannonce_9ed2c6e82a31,tunisieannonce,950.0,80.0,1.0,Riadh Landlous,TUNIS,north,Jebel Jelloud,Rent,Villa,36.7667,10.1833,balcon|climatisation|entrée commune|meuble|salle de bain|villa,90,HIGH,1.5,False,False,unchanged,0.0,11.88,2026-03-26T23:38:22.184720
tunisieannonce_9e516aa30a30,tunisieannonce,245000.0,400.0,2.0,Hammamet,TUNIS,north,Hammamet,Sale,Villa,36.4,10.6167,abri de voiture|chambres à coucher|cuisine|jardin|salle de bain|salon|terrasse|villa,100,HIGH,1.5,False,False,unchanged,0.0,612.5,2026-03-26T15:43:53.885739
tunisieannonce_9e0bd18a13f4,tunisieannonce,1800.0,2026.0,3.0,El Menzah 9,TUNIS,north,El Menzah,Rent,Apartment,36.8528,10.1703,3 chambres à coucher|ascenseur|bel appartement haut standing|cuisine très bien équipée avec séchoir|double ascenseur|haut standing|parking|place de parking sous-sol|s+3|salle d'eau des invités|salle de bain commune|salon avec balcon|suite parentale|tout neuf,80,GOOD,1.0,True,False,new,,0.89,2026-03-27T15:45:11.443567
tunisieannonce_9f395802e784,tunisieannonce,620.0,70.0,3.0,Ariana,TUNIS,north,Ariana Ville,Rent,Other,36.866011,10.193923,2 chambres|cus s.d eau|séjour,90,HIGH,1.5,False,False,unchanged,0.0,8.86,2026-03-27T14:32:19.953628
tunisieannonce_9e35c5041d19,tunisieannonce,650.0,,2.0,Bab Bhar,TUNIS,north,Bab Bhar,Rent,Apartment,36.7981,10.1803,chambre à coucher|douche|kitchenette|meuble|salon|studio meublé,85,HIGH,1.5,False,False,unchanged,0.0,,2026-03-26T23:41:01.856801
tunisieannonce_9ee8385709cc,tunisieannonce,1100.0,100.0,3.0,Cite Ennasr 2,TUNIS,north,Jebel Jelloud,Sale,Commercial,36.7667,10.1833,3 pièces|cuisine|parking|place de parking|salle d'eau|sous-sol,80,GOOD,1.0,True,False,new,,11.0,2026-03-27T15:52:46.309159
tunisieannonce_9ee51a7d7eae,tunisieannonce,500000.0,840.0,2.0,Kalaa Essghira,TUNIS,north,Kalaa Essghira,Sale,Land,35.8381,10.5736,garage|jardin|surface couvert|surface terrain|terrasse|titre foncier|villa neuf,95,HIGH,1.5,False,False,unchanged,0.0,595.24,2026-03-26T23:34:36.705042
tunisieannonce_9f190783b36c,tunisieannonce,11000.0,280.0,3.0,Cite El Moustakbel (La Marsa),TUNIS,north,La Marsa,Rent,Villa,36.8775,10.3275,air conditioning|chauffage central|climatisation|garage|garden|heated swimming pool|jardin|meuble|piscine|pool|vue mer,80,GOOD,1.0,True,False,unchanged,0.0,39.29,2026-03-26T17:51:14.014289
tunisieannonce_9f56bc6336b5,tunisieannonce,1350.0,125.0,3.0,Sidi Daoud,TUNIS,north,Jebel Jelloud,Rent,Apartment,36.7667,10.1833,balcon|chambres à coucher|chauffage central|climatisation|climatiseur|cuisine|dressing|salle d'eau|salle de douche|salon,90,HIGH,1.5,False,False,unchanged,0.0,10.8,2026-03-27T15:56:57.485652
tunisieannonce_9f286dc309ad,tunisieannonce,462000.0,850.0,,Chatt Meriem,TUNIS,north,Jebel Jelloud,Sale,Land,36.7667,10.1833,4 lots|ferme|gite rural|investir en immobilier|lotissement mini|oliviers|sonede|terrain agricole|titre foncier|voie goudronnée|zone d'avenir|électricité,85,HIGH,1.5,False,False,unchanged,0.0,543.53,2026-03-26T18:20:11.337168
tunisieannonce_9fe74a37dea3,tunisieannonce,2200.0,500.0,1.0,Cite Ennasr 2,TUNIS,north,Jebel Jelloud,Rent,Villa,36.7667,10.1833,3s de bains|4 chambres|cuisine|jardin|rez de chausse|salon|villa,100,HIGH,1.5,False,False,unchanged,0.0,4.4,2026-03-26T15:54:10.116714
tunisieannonce_9ff6561e7ea2,tunisieannonce,54700.0,700.0,4.0,Bab Bhar,TUNIS,north,Bab Bhar,Sale,Commercial,36.7981,10.1803,3 pièces de bureau|bloc sanitaire|climatisation|climatisation centrale|câblage réseau|hall de réception|meuble,90,HIGH,1.5,False,False,new,,78.14,2026-03-27T14:52:56.977124
tunisieannonce_a0b13beed0cd,tunisieannonce,500000.0,385.0,2.0,Borj Louzir,TUNIS,north,Jebel Jelloud,Sale,Land,36.7667,10.1833,batisse|extensibile|r2|terrain,100,HIGH,1.5,False,False,unchanged,0.0,1298.7,2026-03-26T16:33:35.700536
tunisieannonce_a17e9bc8aaab,tunisieannonce,2500.0,250.0,5.0,Montplaisir,TUNIS,north,Jebel Jelloud,Rent,Commercial,36.7667,10.1833,5 pièces|fibre optique|hall daccueil|salle deau individuelle|salles deau communes,90,HIGH,1.5,False,False,new,,10.0,2026-03-27T14:58:11.910082
tunisieannonce_a14bbafa4826,tunisieannonce,30000.0,250.0,,Tazarka,TUNIS,north,Jebel Jelloud,Sale,Land,36.7667,10.1833,construction|terrain|villa,90,HIGH,1.5,False,False,new,,120.0,2026-03-27T15:10:24.114573
tunisieannonce_a13de41c6a12,tunisieannonce,1000.0,80.0,3.0,El Manar 2,TUNIS,north,Jebel Jelloud,Rent,Apartment,36.7667,10.1833,chambre à coucher|cuisine équipée avec séchoir|meuble|salle a mangé|salle de bain|salon spacieux,90,HIGH,1.5,False,False,unchanged,0.0,12.5,2026-03-26T17:40:40.543966
tunisieannonce_9f596c59f6f7,tunisieannonce,2200.0,180.0,1.0,Zone Urbaine Nord,TUNIS,north,Jebel Jelloud,Sale,Commercial,36.7667,10.1833,4 bureau|calm and secure residence|heated and air-conditioned|independent entrance|kitchenette|lucrative|new and modern|points d'eau|spacious,80,GOOD,1.0,True,False,unchanged,0.0,12.22,2026-03-26T17:42:01.998071
tunisieannonce_a0c5706e3e71,tunisieannonce,900000.0,827.0,,Cite Ennouzha,TUNIS,north,Jebel Jelloud,Sale,Land,36.7667,10.1833,lotis|terrain|viabilisé,95,HIGH,1.5,False,False,unchanged,0.0,1088.27,2026-03-26T16:27:41.696611
tunisieannonce_9fda6f504e60,tunisieannonce,1900.0,,1.0,Sidi Daoud,TUNIS,north,Jebel Jelloud,Rent,Apartment,36.7667,10.1833,balcon|cellier|chambre à coucher avec dressing|cuisine américaine|meuble|parking|placard au hall|place de parking au sous-sol|salle d'eau avec douche|salon lumineux,85,HIGH,1.5,False,False,new,,,2026-03-27T14:39:20.356252
tunisieannonce_a14e71dbfb12,tunisieannonce,155000.0,500.0,,Bir Mcherga,TUNIS,north,Bir Mcherga,Sale,Land,36.5167,10.0,entrée privée|plat|route goudronnée|réseau d'eau|réseau d'électricité|terrain agr,100,HIGH,1.5,False,False,unchanged,0.0,310.0,2026-03-26T16:26:12.659787
tunisieannonce_a45e8d5bad6d,tunisieannonce,1230.0,948.0,,Sidi Daoud,TUNIS,north,Jebel Jelloud,Sale,Land,36.7667,10.1833,indivi r+2|route principale|terrain|titre foncier urbaine,80,GOOD,1.0,True,False,unchanged,0.0,1.3,2026-03-26T15:48:35.888336
tunisieannonce_a1c5e555a24a,tunisieannonce,4115.0,500.0,3.0,Cite Jardins,TUNIS,north,Jebel Jelloud,Sale,Land,36.7667,10.1833,accessibilité|surface|terrain nu|titre de propriété individuel|villa|visibilité,80,GOOD,1.0,True,False,new,,8.23,2026-03-27T14:32:10.960463
tunisieannonce_a259059ade47,tunisieannonce,180000.0,35.0,1.0,El Menzah 1,TUNIS,north,El Menzah,Sale,Apartment,36.8528,10.1703,ascenseur|balcon|climatisation|douche|salle d'eau|studio|vue panoramique,100,HIGH,1.5,False,False,new,,5142.86,2026-03-27T14:37:23.937631
tunisieannonce_a2c2f61bcefc,tunisieannonce,272040.0,267.0,,Ghar El Melh,TUNIS,north,Ghar El Melh,Sale,Land,37.1458,10.1752,accès route principale|donnant directement sur la lagune intérieure|terrain,90,HIGH,1.5,False,False,new,,1018.88,2026-03-27T16:10:19.158019
tunisieannonce_a2d9a97c93e7,tunisieannonce,450.0,40.0,2.0,Chatt Meriem,TUNIS,north,Jebel Jelloud,Rent,Apartment,36.7667,10.1833,2 lits|balcon|chambre à coucher|chauffe-eau|climatisation|climatiseur|douche|gaz de ville|kitchenette|machine à laver|placard|réfrigérateur|salle d'eau|studio|télévision numérique,100,HIGH,1.5,False,False,unchanged,0.0,11.25,2026-03-26T16:26:31.639000
tunisieannonce_a3b50604b73c,tunisieannonce,280000.0,308.0,3.0,El Haouaria,TUNIS,north,El Haouaria,Sale,Villa,37.0481,11.0189,3 chambres à coucher|compteur d'eau + électricité|cuisine|garage|grand garage|grand salon|grande cour|grande terrasse en face de la mer|salle d'eau|style arabi|terrasse,100,HIGH,1.5,False,False,unchanged,0.0,909.09,2026-03-26T18:05:21.840503
tunisieannonce_a1f2a494b77b,tunisieannonce,6000.0,810.0,,Mutuelle Ville,TUNIS,north,Jebel Jelloud,Rent,Villa,36.7667,10.1833,3 levels|5 grandes chambres à coucher|chambre de gardien|chauffage central|climatisation|garage|grande pièce|jardin|kitchen|kitchenette|salle d'eau|salle de bain commune|sejour|suite|terrasse|vast salon|villa,80,GOOD,1.0,False,False,unchanged,0.0,7.41,2026-03-27T14:58:43.358372
tunisieannonce_a3677120afe9,tunisieannonce,900.0,110.0,7.0,El Menzah 9,TUNIS,north,El Menzah,Rent,Other,36.8528,10.1703,4 eme etage|abri voiture|ascenseur|chauffage central|salle d'eau|salle de bain,90,HIGH,1.5,False,False,unchanged,0.0,8.18,2026-03-26T23:36:19.223617
tunisieannonce_a28e9dd150f0,tunisieannonce,540000.0,170.0,4.0,Cite Ennasr 2,TUNIS,north,Jebel Jelloud,Sale,Apartment,36.7667,10.1833,2 places parkings|ascenseur|balcon|cellier|chambre avec balcon et dressing|chambre de service|chauffage central|chauffage centrale|climatisation|climatisation split dans toutes les pièces|dressing|emplacement résidentiel calme|parking|rangement chaussures|s+4|salle de bain|sechoir|suite parentale avec dressing|séjour lumineux|vastre cuisine,100,HIGH,1.5,False,False,unchanged,0.0,3176.47,2026-03-26T16:38:12.711238
tunisieannonce_a290ac09c90c,tunisieannonce,840560.0,532.0,,Jardins D'El Menzah,TUNIS,north,El Menzah,Sale,Land,36.8528,10.1703,accès secondaire|construction de la maison de vos rêves|dimensions|jardin|quartier calme et résidentiel|surface|terrain|titre foncier individuel|usage,90,HIGH,1.5,False,False,unchanged,0.0,1580.0,2026-03-27T15:00:35.404855
tunisieannonce_a4ef2c9d8c53,tunisieannonce,245000.0,124.0,4.0,Hedi Chaker,TUNIS,north,Jebel Jelloud,Sale,Apartment,36.7667,10.1833,balcon|chambres à coucher|cuisine|meuble|salle de bain|salon,95,HIGH,1.5,False,False,new,,1975.81,2026-03-26T23:21:10.405905
tunisieannonce_a50641300e48,tunisieannonce,8000.0,521.0,2.0,El Kantaoui,TUNIS,north,Jebel Jelloud,Sale,Land,36.7667,10.1833,jardin|piscine|piscine couverte intérieure|piscine extérieure|terrain|villa,80,GOOD,1.0,True,False,unchanged,0.0,15.36,2026-03-26T23:35:42.985926
tunisieannonce_a7e6bd050dc0,tunisieannonce,195000.0,77.0,1.0,Ain Zaghouan,TUNIS,north,Zaghouan,Sale,Apartment,36.4025,10.1431,balcon|chambre à coucher|chauffage central|climatisation|climatiseur|cuisine indépendante|cuisiniere|grand salon|grand séchoir|hotte|salle de douche,100,HIGH,1.5,False,False,unchanged,0.0,2532.47,2026-03-26T17:59:27.309006
tunisieannonce_a74a875bc533,tunisieannonce,2000.0,208.0,4.0,El Aouina,TUNIS,north,Jebel Jelloud,Rent,Apartment,36.7667,10.1833,2ème salle de bain avec salle d'eau|4 chambres de nuit|4 climatiseurs|4 tv|chauffage central|climatisation|cuisine bien équipée + séchoir|espace vert|gardé|haut standing|jardin|jardin d'enfants|meuble|meublé haut standing|neuf|parking|place de parking au sous-sol|résidence sécurisée|salle d'eau séparée|salon spacieuse|spacious|suite parentale avec sdb,90,HIGH,1.5,False,False,unchanged,0.0,9.62,2026-03-27T15:39:39.688994
tunisieannonce_a787788c24c8,tunisieannonce,8000.0,2026.0,3.0,El Menzah 5,TUNIS,north,El Menzah,Rent,Commercial,36.8528,10.1703,2 places de garage couvertes|5 places de stationnement|balcons|chauffage central|climatisation|climatiseur dans chaque pièces|garage|grand jardin|haut standing|jardin|loge gardien|terrasse|terrasses|villa,90,HIGH,1.5,False,False,unchanged,0.0,3.95,2026-03-27T14:58:20.925902
tunisieannonce_a5fc98869edc,tunisieannonce,300000.0,400.0,3.0,Hergla,TUNIS,north,Hergla,Sale,Villa,36.0333,10.5,3 chambres|400 m²|ancien maison|dar arbi|mérite  améliorations,100,HIGH,1.5,False,False,new,,750.0,2026-03-27T15:31:07.857864
tunisieannonce_a7c027deeac9,tunisieannonce,470000.0,400.0,3.0,Cite Ennkhilet,TUNIS,north,Jebel Jelloud,Sale,Land,36.7667,10.1833,chauffage central|copropriété|dressing|equipped kitchen|garage|heated|new construction|staff|villa,100,HIGH,1.5,False,False,unchanged,0.0,1175.0,2026-03-26T16:09:43.823604
tunisieannonce_a7e7521df88c,tunisieannonce,1600.0,125.0,1.0,Cite Ennasr 2,TUNIS,north,Jebel Jelloud,Rent,Apartment,36.7667,10.1833,2 bedrooms|air conditioning|appartment|ascenseur|balcony|bathroom|bright|chauffage central|climatisation|digital receiver|double ascenseurs|dryer|entrance|furnished|haut standing|heating central|high standing|independent kitchen|lcd|meuble|microwave|new|oven|parking|plants|refrigerator|salon|sunny|terrace|terrasse|washing machine|wifi,90,HIGH,1.5,False,False,new,,12.8,2026-03-27T15:40:15.231079
tunisieannonce_a77853c45490,tunisieannonce,400.0,50.0,1.0,Hammam Lif,TUNIS,north,Hammam Lif,Rent,Villa,36.728,10.336,hammam lif|hannm|lif|meuble|rdc|semi meublé,100,HIGH,1.5,False,False,unchanged,0.0,8.0,2026-03-26T16:38:55.103902
tunisieannonce_a520b9c9eb33,tunisieannonce,1200.0,70.0,1.0,Zone Urbaine Nord,TUNIS,north,Jebel Jelloud,Sale,Commercial,36.7667,10.1833,chambre à coucher|chauffage central|kitchenette|meuble|parking|place de parking en sous-sol|proximité de toutes les commodités|résidence gardée et sécurisée|s+1|salle bain|salon salle à manger,80,GOOD,1.0,True,False,unchanged,0.0,17.14,2026-03-27T14:49:15.190928
tunisieannonce_a90ca4cd3525,tunisieannonce,650.0,90.0,3.0,Bou Mhel,TUNIS,north,Jebel Jelloud,Rent,Villa,36.7667,10.1833,chambres a coucher|cuisine équipée|douche|hotte|plaque|salle d'eau|salon|terrasse,85,HIGH,1.5,False,False,unchanged,0.0,7.22,2026-03-27T15:14:13.015775
tunisieannonce_a8fd79ad8a0f,tunisieannonce,6000.0,700.0,3.0,Marsa Ennassim,TUNIS,north,Jebel Jelloud,Rent,Villa,36.7667,10.1833,3 voitures|balcon|chambre à coucher|chauffage central|cheminée|climatisation|climatisation en split|cuisine équipée|dressing|four|garage|hotte|jardin|lave-vaisselle|loge gardien|micro-ondes|patio|piscine|piscine couverte|plaque|réfrigérateur|salle a manger|salle d'eau|salle de bain|salon|suite parentale|villa,90,HIGH,1.5,False,False,new,,8.57,2026-03-27T16:17:33.454004
tunisieannonce_a8cab1c92337,tunisieannonce,650.0,70.0,1.0,La Mannouba,TUNIS,north,Mannouba,Rent,Villa,36.8097,10.0928,,70,GOOD,1.0,False,False,unchanged,0.0,9.29,2026-03-26T23:45:26.840091
tunisieannonce_a93300d95374,tunisieannonce,2500.0,95.0,1.0,Ain Zaghouan,TUNIS,north,Zaghouan,Rent,Apartment,36.4025,10.1431,beau terrasse|chauffage central|climatisation|climatiseurs|cuisine équipée|deux chambres à coucher|dressing|haut standing|meuble|salle de douche avec paroi en verre|salon|terrasse,90,HIGH,1.5,False,False,new,,26.32,2026-03-27T14:45:44.636575
tunisieannonce_a8effa05df7f,tunisieannonce,240000.0,90.0,3.0,El Manar 1,TUNIS,north,Jebel Jelloud,Sale,Apartment,36.7667,10.1833,2 chambres à coucher|ascenseur|chauffage central|cuisine|grand salon|placards|sdb|titre individuel,100,HIGH,1.5,False,False,unchanged,0.0,2666.67,2026-03-27T16:01:41.035205
tunisieannonce_a7f91fe28a06,tunisieannonce,5500.0,340.0,4.0,Montplaisir,TUNIS,north,Jebel Jelloud,Sale,Commercial,36.7667,10.1833,4 pieces of bureau|ascenseur|chauffage central|climatisation|climatisation in split system|heating central|meuble|open space|two blocks sanitary,80,GOOD,1.0,True,False,unchanged,0.0,16.18,2026-03-26T23:41:13.838678
tunisieannonce_a8a42effbd49,tunisieannonce,350000.0,180.0,3.0,Ezzahra,TUNIS,north,Ezzahra,Sale,Commercial,36.743,10.308,"bon potentiel après rénovation|de nombreuses possibilités daménagement|duplex spacieux|emplacement recherché|idéal pour une famille ou un investissement|proche de toutes les commodités (transports, commerces, écoles|quartier calme et résidentiel|quartier résidentiel paisible",100,HIGH,1.5,False,False,unchanged,0.0,1944.44,2026-03-26T17:54:00.216174
tunisieannonce_a9663fbbebfa,tunisieannonce,220000.0,115.0,4.0,La Mannouba,TUNIS,north,Mannouba,Sale,Apartment,36.8097,10.0928,chauffage central|papier: titre foncier individuel|résidence très calme|résidence très propre|station métro,95,HIGH,1.5,False,False,unchanged,0.0,1913.04,2026-03-26T23:08:55.788539
tunisieannonce_a82e0f47bb2a,tunisieannonce,60000.0,2000.0,2.0,Cite Jardins,TUNIS,north,Jebel Jelloud,Sale,Commercial,36.7667,10.1833,14 places de parking|4 points d' eau|double assenceur|double vitrage|escalier de secours|hall of reception|haut standing|kitchen|meuble|open space|parking|rooftop|salles d' eau|sous-sol|système d alarme|terrasse,80,GOOD,1.0,True,False,unchanged,0.0,30.0,2026-03-26T23:42:52.685305
tunisieannonce_a907fa710f6c,tunisieannonce,1250.0,110.0,2.0,Jardins D'El Menzah,TUNIS,north,El Menzah,Rent,Apartment,36.8528,10.1703,chauffage central|cuisine équipée open space|deux chambres à coucher avec dressing|jardin|parking|place de parking|salle d'eau|salon avec balcon,90,HIGH,1.5,False,False,new,,11.36,2026-03-27T16:09:55.515637
tunisieannonce_aa4ba8ff6033,tunisieannonce,750000.0,600.0,3.0,Le Bardo,TUNIS,north,Le Bardo,Sale,Villa,36.8111,10.1364,cave|jardin|jardin avec arbres fruitiers|salle de bain|salon cuisine|studio de salon et chambre|three bedrooms,95,HIGH,1.5,False,False,unchanged,0.0,1250.0,2026-03-26T18:10:41.115180
tunisieannonce_aaa2b1d126e5,tunisieannonce,695000.0,203.0,3.0,Cite Ennasr 2,TUNIS,north,Jebel Jelloud,Sale,Apartment,36.7667,10.1833,2 chambres|balcon|cellier|cuisine équipée avec séchoir et buanderie|parking|place parking sous-sol|salle d'eau invités|salle de bain commune|spacious salon|suite parentale avec balcon,100,HIGH,1.5,False,False,unchanged,0.0,3423.65,2026-03-27T15:05:17.892525
tunisieannonce_aa781fc4dfae,tunisieannonce,7000.0,500.0,8.0,Mutuelle Ville,TUNIS,north,Jebel Jelloud,Rent,Villa,36.7667,10.1833,balcony|bathroom|bedroom|chauffage central|climatisation|dining room|garden|jardin|kitchen|laundry room|living room|modern|parking space|piscine|swimming pool|terrace|terrasse|villa|well-maintained,90,HIGH,1.5,False,False,new,,14.0,2026-03-27T15:50:13.967192
tunisieannonce_aa0cb2735f60,tunisieannonce,693494.0,162.0,3.0,Chotrana 3,TUNIS,north,Jebel Jelloud,Sale,Apartment,36.7667,10.1833,chauffage central|climatisation|climatisation en split|cuisine|dressings|parking|place de parking au sous-sol|salle deau invitée|séchoir|terrasse,100,HIGH,1.5,False,False,unchanged,0.0,4280.83,2026-03-26T15:45:33.326745
tunisieannonce_aa1a8762bf7c,tunisieannonce,2400.0,180.0,3.0,Cite El Mhiri,TUNIS,north,Jebel Jelloud,Rent,Villa,36.7667,10.1833,02 chambres à coucher|accès facile|chauffage central|climatisation|connexion internet haut débit|cuisine|dressing|jardin|petit jardin d'hiver|quartier calme|rdc|salle d'eau avec douche italienne|sécurité|terrasse,85,HIGH,1.5,False,False,unchanged,0.0,13.33,2026-03-26T17:57:34.941591
tunisieannonce_a9ab719cdcfb,tunisieannonce,1500.0,50.0,1.0,Berge Du Lac,TUNIS,north,Jebel Jelloud,Rent,Commercial,36.7667,10.1833,cellier au sous-sol|deux pièces|dressing|hall d'entrée|kitchenette|parking|place de parking|salle de douche,90,HIGH,1.5,False,False,new,,30.0,2026-03-27T14:46:02.720634
tunisieannonce_aa73f1175e48,tunisieannonce,1200.0,500000.0,2.0,Menzel Bouzelfa,TUNIS,north,Menzel Bouzelfa,Sale,Land,36.6833,10.5833,"abris aménagés|accès direct à la route principale|bassin de stockage deau de 200 m3|completely fenced|culture d'agrumes|environ 1 500 pieds dorangers en pleine production|exploitation agricole rentable|grenadiers, néfliers et noyers|haut standing|magasin de stockage doutils|projet résidentiel de qualité|revenu annuel estimé à plus de 100 0|sondage en excellent état|studio indépendant pour gardien|surface de 5 ha|système dirrigation goutte-à-goutte alimenté par un dispositif de dissolution dengrais|terrain agr|three portails|écuries pour bétail|équipements récents et fonctionnels : électricité 220 v et 380 v villa de standing de 160 m2",85,HIGH,1.5,True,False,unchanged,0.0,,2026-03-26T16:16:15.535194
tunisieannonce_aa50382e7fa0,tunisieannonce,1900.0,200.0,3.0,Marsa Ennassim,TUNIS,north,Jebel Jelloud,Rent,Villa,36.7667,10.1833,abri|garden|jardin|patio|two cars parking,90,HIGH,1.5,False,False,new,,9.5,2026-03-27T16:12:54.776254
tunisieannonce_a9ec96c52fda,tunisieannonce,235000.0,85.0,3.0,Ezzahra,TUNIS,north,Ezzahra,Sale,Apartment,36.743,10.308,meuble|meublé|pieds dans l'eau|terrasse|terrasse vue sur mer|vue mer,100,HIGH,1.5,False,False,new,,2764.71,2026-03-26T23:29:28.555414
tunisieannonce_a9eae3f5f183,tunisieannonce,450.0,90.0,2.0,El Ouerdia,TUNIS,north,El Ouerdia,Rent,Villa,36.775,10.1886,first floor|independent meters|negotiable price|s + 2|villa,85,HIGH,1.5,False,False,new,,5.0,2026-03-26T23:24:14.616612
tunisieannonce_ab41d48fef4f,tunisieannonce,2300.0,145.0,6.0,El Manar 2,TUNIS,north,Jebel Jelloud,Sale,Commercial,36.7667,10.1833,6 spacious and bright offices|access to amenities|jardin|large space|parking|private parking spot|strategic location|vague on the residence's garden,80,GOOD,1.0,True,False,unchanged,0.0,15.86,2026-03-27T14:57:08.924751
tunisieannonce_ac35ac5fafe3,tunisieannonce,750000.0,600.0,2.0,Kerkouane,TUNIS,north,Jebel Jelloud,Sale,Villa,36.7667,10.1833,grand jardin|jardin|piscine|puits|terrasse|terrasse vue sur mer|vue mer,100,HIGH,1.5,False,False,unchanged,0.0,1250.0,2026-03-26T23:32:34.098897
tunisieannonce_aacb70db2f17,tunisieannonce,1800.0,,1.0,Sidi Daoud,TUNIS,north,Jebel Jelloud,Rent,Apartment,36.7667,10.1833,cellier|meuble|new|parking|place de parking au sous sol|richly meublé|s+1,85,HIGH,1.5,False,False,new,,,2026-03-27T15:46:57.767197
tunisieannonce_abe6a9fafcd1,tunisieannonce,3000.0,200.0,1.0,Marsa Ennassim,TUNIS,north,Jebel Jelloud,Rent,Villa,36.7667,10.1833,chambre|chauffage central|climatisation|cuisine|deux chambres à coucher|jardin|patio|salle de bain|salon|terrasse|étage,90,HIGH,1.5,False,False,unchanged,0.0,15.0,2026-03-26T23:14:14.870476
tunisieannonce_ac22ebd138cb,tunisieannonce,1700.0,2026.0,3.0,El Manar 2,TUNIS,north,Jebel Jelloud,Rent,Commercial,36.7667,10.1833,3 chambres a coucher|chauffage central|climatisation|entrée de voiture|entrée indépendante|placards|salle d'eau séparée|salle de bain|salle à manger|salon|spacious cuisine|terrasse,80,GOOD,1.0,True,False,unchanged,0.0,0.84,2026-03-27T15:30:38.815125
tunisieannonce_aab55fb84e34,tunisieannonce,1000.0,100.0,,Cite El Moez,TUNIS,north,Jebel Jelloud,Sale,Commercial,36.7667,10.1833,accès facile|chauffage central|climatisation|douche|hauteur sous plafond de 4 m|quartier calme|résidence propre|salle d'eau,65,GOOD,1.0,True,False,unchanged,0.0,10.0,2026-03-26T17:57:45.548938
tunisieannonce_ab20b6858e59,tunisieannonce,120000.0,50.0,2.0,Hammam Sousse,TUNIS,north,Hammam Sousse,Sale,Apartment,35.8592,10.59,chambre|cuisine|hamam|haut standing|salle d'eau|salon|terrasse,95,HIGH,1.5,False,False,unchanged,0.0,2400.0,2026-03-26T23:38:54.916381
tunisieannonce_ac3d9dc6c510,tunisieannonce,20000.0,200000.0,,Testour,TUNIS,north,Testour,Sale,Land,36.5525,9.4436,terrain,70,GOOD,1.0,True,False,unchanged,0.0,,2026-03-26T16:36:59.122022
tunisieannonce_abb491fb0cc5,tunisieannonce,6000.0,800.0,3.0,El Menzah 1,TUNIS,north,El Menzah,Rent,Villa,36.8528,10.1703,2 salles de bain|6 chambres à coucher|chambre de gardien|chauffage central|climatisation|climatisation en split|dressings|garage|grand jardin|grande piscine|great terrace|jardin|joli jardin arborée|meuble|piscine|salle deau|salle à manger|sejour|spacious cuisine équipée|spacious salon|terrasse|villa,90,HIGH,1.5,False,False,unchanged,0.0,7.5,2026-03-26T17:43:10.104823
tunisieannonce_aae66fc88da9,tunisieannonce,1500.0,500.0,4.0,El Menzah 5,TUNIS,north,El Menzah,Sale,Land,36.8528,10.1703,3 chambres à coucher|chauffage central|climatisation|cuisine équipée|dressing|garage|jardin|kitchenette|salle d'eau|salle de bain|salon|sejour|suite parentale|surface bâtie|terrain|villa,85,HIGH,1.5,True,False,unchanged,0.0,3.0,2026-03-26T16:37:45.166784
tunisieannonce_ac8f8fab5dc8,tunisieannonce,3600.0,310.0,4.0,El Menzah 9,TUNIS,north,El Menzah,Rent,Apartment,36.8528,10.1703,3 chambres à coucher|ascenseur|balcon|chauffage central|climatisation|cuisine équipée|douche|dressing|débarras|haut standing|luxueux appartement|parking|place de parking privative|résidence de standing|salle d'eau invités|salles de bain|séchoir,90,HIGH,1.5,False,False,unchanged,0.0,11.61,2026-03-27T14:53:31.467515
tunisieannonce_adb18b5dfefb,tunisieannonce,150000.0,80.0,,Nouvelle Medina,TUNIS,north,Nouvelle Medina,Sale,Commercial,36.75,10.23,150 m2|3 faces|79 m2 couvert|compteurs indépendants deau|compteurs indépendants délectricité|comptoir|local commercial|terrasse|toilette,90,HIGH,1.5,False,False,new,,1875.0,2026-03-27T14:36:59.546012
tunisieannonce_ad16ea448b7b,tunisieannonce,550000.0,494.0,,Chatt Meriem,TUNIS,north,Jebel Jelloud,Sale,Land,36.7667,10.1833,emplacement stratégique|lotissement|r + 2|surface|terrain nu|titre foncier,95,HIGH,1.5,False,False,unchanged,0.0,1113.36,2026-03-26T15:33:27.610971
tunisieannonce_acb53faca082,tunisieannonce,50000.0,200.0,,Hammamet,TUNIS,north,Hammamet,Sale,Land,36.4,10.6167,eau|fondation|terrain|électricité,90,HIGH,1.5,False,False,new,,250.0,2026-03-27T15:30:13.779016
tunisieannonce_adae9d2ca665,tunisieannonce,480000.0,300.0,,Dar Allouche,TUNIS,north,Jebel Jelloud,Sale,Land,36.7667,10.1833,terrain,95,HIGH,1.5,False,False,unchanged,0.0,1600.0,2026-03-26T16:12:40.065709
tunisieannonce_ace5a0a3796a,tunisieannonce,1500.0,200.0,2.0,Ezzahra,TUNIS,north,Ezzahra,Rent,Other,36.743,10.308,200m2|local,90,HIGH,1.5,False,False,new,,7.5,2026-03-27T15:54:19.670520
tunisieannonce_acc9d9df19ed,tunisieannonce,1100.0,2026.0,,El Menzah 9,TUNIS,north,El Menzah,Rent,Apartment,36.8528,10.1703,chauffage central|climatisation|climatisation en split|parking|piscine|place de parking au sous-sol|sale de sport privée,70,GOOD,1.0,True,False,unchanged,0.0,0.54,2026-03-27T14:55:25.945997
tunisieannonce_ad306a75fe58,tunisieannonce,65650.0,150.0,3.0,Berge Du Lac,TUNIS,north,Jebel Jelloud,Rent,Commercial,36.7667,10.1833,1st floor|2nd floor|3rd floor|4th floor|basement|bureaus|conference room|floors|kitchenette|local technical|meeting room with sanitary facilities|meeting rooms|meuble|open spaces|points of water|rez-de-chaussée|surface total,80,GOOD,1.0,True,False,new,,437.67,2026-03-27T15:40:36.077789
tunisieannonce_acc05b086bcd,tunisieannonce,700.0,70.0,1.0,Cite Ennasr 2,TUNIS,north,Jebel Jelloud,Rent,Apartment,36.7667,10.1833,chambre à coucher|chauffage central|climatisation|cuisine|dressing|parking|place de parking|salle d'eau|salon|séchoir,90,HIGH,1.5,False,False,new,,10.0,2026-03-26T23:07:27.243048
tunisieannonce_ad2a86adc9e2,tunisieannonce,2800.0,700.0,,Le Kram,TUNIS,north,Jebel Jelloud,Sale,Land,36.7667,10.1833,1er étage commercial|immeuble r +5|meuble|rez de chaussez|rue principale|terrain,80,GOOD,1.0,True,False,unchanged,0.0,4.0,2026-03-26T15:59:35.333537
tunisieannonce_ae2edd28503b,tunisieannonce,1000.0,90.0,2.0,Le Bardo,TUNIS,north,Le Bardo,Rent,Other,36.8111,10.1364,2 grandes chambres|baignoire|chauffage central|climatisation|cuisine avec plan de travail en marbre|gaz de ville|interphone|salle d'eau|salon salle à manger|several dressing|système de climatisation split|évier en inox,85,HIGH,1.5,False,False,unchanged,0.0,11.11,2026-03-26T17:46:50.981936
tunisieannonce_ae99b681ede0,tunisieannonce,200.0,179.0,1.0,Berge Du Lac,TUNIS,north,Jebel Jelloud,Rent,Apartment,36.7667,10.1833,calming|comfort|entirely equipped|location premium|meuble|security|spacious,90,HIGH,1.5,False,False,new,,1.12,2026-03-27T15:02:42.535015
tunisieannonce_adf47ccc06c1,tunisieannonce,1299.0,180.0,5.0,Cite Ennasr 2,TUNIS,north,Jebel Jelloud,Rent,Apartment,36.7667,10.1833,3 chambres à coucher|balcon|chauffage central|climatisation|cuisine équipée|parking|salon|sdb|sde,90,HIGH,1.5,False,False,new,,7.22,2026-03-27T14:44:11.674877
tunisieannonce_ae161fd127d2,tunisieannonce,280000.0,444.0,,Soliman,TUNIS,north,Soliman,Sale,Land,36.7,10.4833,"accès rapide à Tunis centre en seulement 25 minutes via la nouvelle autoroute|artère principale de 16,50 mètres de largeur|attestation de propriété|deux rues|double orientation|eau potable|emplacement stratégique|forme carrée|gaz de ville|haut standing|proximité de la plage|proximité des complexes hôteliers|réseau dassainissement|résidentielle r+2|sol sablonneux stable|surface|terrain en angle|terrain entièrement viabilisé|titre foncier individuel|type|télécommunications|voirie aménagée (trottoirs et chaussée)|voisinage haut standing|éclairage public|électricité",100,HIGH,1.5,False,False,unchanged,0.0,630.63,2026-03-26T15:50:04.069560
tunisieannonce_ae604b5e2997,tunisieannonce,13000.0,460.0,8,Berge Du Lac,TUNIS,north,Jebel Jelloud,Sale,Commercial,36.7667,10.1833,7 blocs sanitaires|8 bureaux|caméra de surveillance|climatisation|climatisation centrale|deux kitchenette|fibre optique|gardé jour et nuit|open space|parking|parking sous sol|salle de réunion|salle serveur,95,HIGH,1.5,True,False,unchanged,0.0,28.26,2026-03-26T16:00:26.085990
tunisieannonce_ae4c91996539,tunisieannonce,85000.0,4000.0,,El Haouaria,TUNIS,north,El Haouaria,Sale,Land,37.0481,11.0189,eau|terrain|électricité,70,GOOD,1.0,True,False,unchanged,0.0,21.25,2026-03-26T23:33:34.915371
tunisieannonce_ae40235d83de,tunisieannonce,13000.0,150.0,5.0,Tunis Belvedere,TUNIS,north,Jebel Jelloud,Sale,Commercial,36.7667,10.1833,climatisation|large bay windows|meuble|modulable rooms|open space|split system air conditioning|two bathrooms|two offices,90,HIGH,1.5,False,False,new,,86.67,2026-03-27T15:49:09.613808
tunisieannonce_ae5e74440619,tunisieannonce,550000.0,527.0,,Chotrana 1,TUNIS,north,Jebel Jelloud,Sale,Land,36.7667,10.1833,calme|proche banque zitouna|quartier résidentiel|r+2|surface|terrain|titre foncier individuel,90,HIGH,1.5,False,False,new,,1043.64,2026-03-27T15:53:02.060923
tunisieannonce_add5dcb7ee1c,tunisieannonce,1150.0,100.0,2.0,El Aouina,TUNIS,north,Jebel Jelloud,Rent,Apartment,36.7667,10.1833,chauffage central|climatisation|climatiseurs|deux chambres à coucher|haut standing|kitchenette équipée avec plaque et hotte et four|salle de bain|salon,90,HIGH,1.5,False,False,new,,11.5,2026-03-27T14:34:25.526221
tunisieannonce_ae71712b4c56,tunisieannonce,2200.0,120.0,2.0,El Mourouj 2,TUNIS,north,El Mourouj,Rent,Commercial,36.7405,10.2042,hauteur|surface,90,HIGH,1.5,False,False,new,,18.33,2026-03-26T23:26:32.212331
tunisieannonce_b0015c8bcdc5,tunisieannonce,230.0,700.0,1.0,Le Kram,TUNIS,north,Jebel Jelloud,Rent,Commercial,36.7667,10.1833,24 parking places|air conditioning|climatisation|heating|meuble|modulables|new building|open space|pieces of office|sub-basement,80,GOOD,1.0,True,False,new,,0.33,2026-03-27T14:33:11.901273
tunisieannonce_b0279b58752d,tunisieannonce,2100.0,160.0,1.0,Ain Zaghouan,TUNIS,north,Zaghouan,Rent,Apartment,36.4025,10.1431,balcon|chauffage central|climatisation|climatizers|heating central|parking|place of parking|sechoir,100,HIGH,1.5,False,False,unchanged,0.0,13.12,2026-03-26T15:49:55.412686
tunisieannonce_afb67cff80c0,tunisieannonce,260000.0,144.0,3.0,Soliman,TUNIS,north,Soliman,Sale,Land,36.7,10.4833,commerces|constructions en bande régulière|cuisine fonctionnelle|eau|façade de 10 mètres orientée est|gaz de ville|lycée|maison rdc s+3|possibilité de surélever jusqu'à deux étages supplémentaires|quartier tranquille|réseau d'assainissement|salle d'eau|salon avec salle à manger|surface bâtie de 144 m²|terrain de 150 m²|terrasse|transports en commun|trois chambres à coucher|écoles|électricité,100,HIGH,1.5,False,False,unchanged,0.0,1805.56,2026-03-26T16:07:03.813019
tunisieannonce_af806344657f,tunisieannonce,145000.0,99.0,3.0,Jaafar 1,TUNIS,north,Jebel Jelloud,Sale,Apartment,36.7667,10.1833,balcon|cuisine|dressing|salle de bain|séchoir,100,HIGH,1.5,False,False,unchanged,0.0,1464.65,2026-03-27T15:16:11.539179
tunisieannonce_af013ac69614,tunisieannonce,1750.0,70.0,3.0,Berge Du Lac,TUNIS,north,Jebel Jelloud,Rent,Villa,36.7667,10.1833,chambre à coucher|chauffage central|climatisation|climatisation en split système|jardin|kitchenette équipée|lave-linge|meuble|salle de douche|salon lumineux|séchoir|terrasse,90,HIGH,1.5,False,False,new,,25.0,2026-03-27T15:11:00.452635
tunisieannonce_af79ee3148f0,tunisieannonce,1250.0,80.0,2.0,Bab Bhar,TUNIS,north,Bab Bhar,Rent,Commercial,36.7981,10.1803,caméras de surveillance|climatisation|climatiseurs|cuisine bien équipée|hall d'accueil|haut standing|salle d'eau|trois pièce spacieuse,95,HIGH,1.5,False,False,unchanged,0.0,15.62,2026-03-26T16:14:54.918532
tunisieannonce_afe797293ad7,tunisieannonce,85000.0,70.0,2.0,Hammam El Ghezaz,TUNIS,north,Hammam El Ghezaz,Sale,Apartment,37.0711,11.0469,2nd floor|beach within 1 km|center city|studio,100,HIGH,1.5,False,False,unchanged,0.0,1214.29,2026-03-26T23:31:05.057211
tunisieannonce_b028112fdbd7,tunisieannonce,500000.0,1000.0,,Hammamet,TUNIS,north,Hammamet,Sale,Land,36.4,10.6167,construction d'une villa de rêve|terrain,100,HIGH,1.5,False,False,unchanged,0.0,,2026-03-26T16:11:04.190954
tunisieannonce_af8b0d586bfc,tunisieannonce,1950.0,45.0,6.0,El Manar 2,TUNIS,north,Jebel Jelloud,Sale,Other,36.7667,10.1833,salle d'attente|salle d'eau|salle de consultation,80,GOOD,1.0,True,False,unchanged,0.0,43.33,2026-03-27T15:15:46.648076
tunisieannonce_afae778c298e,tunisieannonce,355000.0,450.0,3.0,Soliman,TUNIS,north,Soliman,Sale,Land,36.7,10.4833,beach access|garden|jardin|piscine|pool,100,HIGH,1.5,False,False,unchanged,0.0,788.89,2026-03-26T15:21:04.806887
tunisieannonce_b0c6a43aa5b6,tunisieannonce,7000.0,2026.0,4.0,Gammart,TUNIS,north,Jebel Jelloud,Rent,Villa,36.7667,10.1833,jardin|jumelee|quiet|residentiel|villa,90,HIGH,1.5,False,False,unchanged,0.0,3.46,2026-03-26T23:15:50.092508
tunisieannonce_b02fb3dcc63f,tunisieannonce,2000.0,300.0,3.0,Nabeul,TUNIS,north,Nabeul,Rent,Land,36.4561,10.7358,2 sdb|220m2|3 bedrooms|all comforts|bathroom equipped|chauffage central|climatisation|climatiseur|débarras|garage|garage for  car|grand garden|heating central|jardin|kitchen equipped|meuble|meubles|r+1|spacious and luminous|terrain 300m2|villa,100,HIGH,1.5,False,False,unchanged,0.0,6.67,2026-03-26T15:26:40.445158
tunisieannonce_b116de36f9a7,tunisieannonce,1150.0,110.0,6.0,Tunis Belvedere,TUNIS,north,Jebel Jelloud,Sale,Commercial,36.7667,10.1833,ascenseur|chauffage/climatisation central|climatisation|cuisine agencée|double ascenseurs|hall d'entrée|proche de toutes les commodités|résidence sécurisé|salle d'eau|three bureaux,80,GOOD,1.0,True,False,new,,10.45,2026-03-27T16:13:47.559733
tunisieannonce_b0d9a56126b5,tunisieannonce,900.0,120.0,1.0,El Menzah 7,TUNIS,north,El Menzah,Rent,Villa,36.8528,10.1703,entrée commune|gaz de ville|jardin|meuble|salle de bain|semi meublé,90,HIGH,1.5,False,False,unchanged,0.0,7.5,2026-03-26T17:43:50.161058
tunisieannonce_b0b8f3a38ff7,tunisieannonce,123000.0,410.0,,Raoued,TUNIS,north,Raoued,Sale,Land,36.908,10.2,30 metre de façade with closure|50 m de l immense projet du grand port financier de tunis nord|coproprietè|excellent investment|grand boulevard de la plage|lot|situation exceptionelle|terrain|works in progress,90,HIGH,1.5,False,False,unchanged,0.0,300.0,2026-03-26T23:37:40.536367
tunisieannonce_b0ebe56a4687,tunisieannonce,1300.0,100.0,2.0,Le Bardo,TUNIS,north,Le Bardo,Sale,Commercial,36.8111,10.1364,2 pièces|ascenseur|balcon|cuisine|grand salon|salle de bain,90,HIGH,1.5,True,False,unchanged,0.0,13.0,2026-03-26T15:46:14.744412
tunisieannonce_b04b05227913,tunisieannonce,400.0,20.0,3.0,Bou Mhel,TUNIS,north,Jebel Jelloud,Rent,Commercial,36.7667,10.1833,20m2|bloc sanitaire|local commercial,90,HIGH,1.5,False,False,new,,20.0,2026-03-27T14:55:42.945958
tunisieannonce_b0672323c19f,tunisieannonce,280000.0,127.0,2.0,Rades,TUNIS,north,Rades,Sale,Apartment,36.7782,10.2815,balcon|chambres à coucher|chauffage central|cuisine|dressing|hall|salle de bain commune|salon,100,HIGH,1.5,False,False,new,,2204.72,2026-03-27T15:37:20.642626
tunisieannonce_b0fad9915891,tunisieannonce,320000.0,409.0,,Sidi Thabet,TUNIS,north,Sidi Thabet,Sale,Land,36.933,10.039,cadre calme et verdoyant|développement d'activité agricole|fort potentiel de valorisation|grande villa|terrain agricole,90,HIGH,1.5,False,False,unchanged,0.0,782.4,2026-03-27T15:57:54.825985
tunisieannonce_b0ff7d7d1e05,tunisieannonce,80000.0,33.0,3.0,El Manar 2,TUNIS,north,Jebel Jelloud,Sale,Other,36.7667,10.1833,electricité|garage|residences gardée et sécurisée|titre bleu,100,HIGH,1.5,False,False,unchanged,0.0,2424.24,2026-03-26T17:55:46.102318
tunisieannonce_b33291abb6fd,tunisieannonce,510000.0,149.0,3.0,La Soukra,TUNIS,north,La Soukra,Sale,Apartment,36.885212,10.245301,149m²|belle résidence|luxueux|parking|place de parking|s+3,100,HIGH,1.5,False,False,unchanged,0.0,3422.82,2026-03-26T16:36:05.557524
tunisieannonce_b1442df73b74,tunisieannonce,550.0,70.0,1.0,Le Kram,TUNIS,north,Jebel Jelloud,Rent,Apartment,36.7667,10.1833,bien meublé|meuble,85,HIGH,1.5,False,False,unchanged,0.0,7.86,2026-03-26T23:16:09.239199
tunisieannonce_b18ab18132fb,tunisieannonce,1700.0,100.0,,Montplaisir,TUNIS,north,Jebel Jelloud,Sale,Commercial,36.7667,10.1833,caméra de surveillance|climatisation|climatisation en split système|hall de réception|installations réseaux|kitchenette|meuble|parking|place de parking|pointeuses|salle d' eau|système d'alarme|three pièces de bureau,70,GOOD,1.0,True,False,unchanged,0.0,17.0,2026-03-26T17:42:19.570759
tunisieannonce_b22981c607cc,tunisieannonce,220000.0,85.0,,Fouchana,TUNIS,north,Fouchana,Sale,Villa,36.7098,10.1693,cuisine|deux chambres à coucher|grand salon|salle de bain|sallon|studio s+0,90,HIGH,1.5,False,False,unchanged,0.0,2588.24,2026-03-26T17:45:38.171561
tunisieannonce_b2307bb32ae6,tunisieannonce,790000.0,313.0,3.0,Nouvelle Ariana,TUNIS,north,Ariana Ville,Sale,Land,36.866011,10.193923,3 chambres à coucher|4 chambres à coucher|cuisine|garage|salle de bain|salon|surface du terrain: 313 m²|terrasse|titre foncier,100,HIGH,1.5,False,False,unchanged,0.0,2523.96,2026-03-26T23:39:11.569136
tunisieannonce_b2611112ecb7,tunisieannonce,300.0,150.0,2.0,Chatt Meriem,TUNIS,north,Jebel Jelloud,Rent,Villa,36.7667,10.1833,3 chambres à coucher|accès internet adsl avec wifi|baie vitrée|banc|climatisation|cuisine style américain entièrement équipée avec coin petit déjeuner|entrée indépendante|fer à repasser|grande terrasse ouverte avec un barbecue|jardin|machine à laver|meuble|parking|parking pour 3 voitures|salle d'eau extérieure|salle de bain|salle à manger|salon|suite avec sa terrasse couverte meublée vue sur mer et sa salle d'eau|sèche-linge|tables et chaises|terrasse|terrasse couverte vue mer|télé écran plat avec chaines satellitaires|vue mer,90,HIGH,1.5,False,False,unchanged,0.0,2.0,2026-03-27T14:44:32.640808
tunisieannonce_b174f9c1b6ec,tunisieannonce,280000.0,680.0,,El Araydhia,TUNIS,north,Jebel Jelloud,Sale,Land,36.7667,10.1833,lotissement|oliviers|surface|terrain agricole|titre foncier,95,HIGH,1.5,False,False,unchanged,0.0,411.76,2026-03-26T15:32:38.461174
tunisieannonce_b2c3ff67f368,tunisieannonce,80000.0,70.0,1.0,Khelidia,TUNIS,north,Jebel Jelloud,Sale,Apartment,36.7667,10.1833,70m²|s+1|studio,100,HIGH,1.5,False,False,unchanged,0.0,1142.86,2026-03-26T23:11:33.188202
tunisieannonce_b1258897286b,tunisieannonce,900.0,2025.0,1.0,Cite Ennasr 2,TUNIS,north,Jebel Jelloud,Rent,Other,36.7667,10.1833,balcon|cuisine équipée|four|hotte|plaque|salle de bain|spacious pièce,80,GOOD,1.0,True,False,unchanged,0.0,0.44,2026-03-26T17:41:44.127946
tunisieannonce_b153bc8dd957,tunisieannonce,217000.0,362.0,,Oued Ellil,TUNIS,north,Oued Ellil,Sale,Land,36.8311,10.0347,"electricity|gas|land in the night valley, Menouba|water for drinking",95,HIGH,1.5,False,False,unchanged,0.0,599.45,2026-03-26T16:34:08.370075
tunisieannonce_b3d62b5e0c8e,tunisieannonce,100000.0,170.0,,Rades Plage,TUNIS,north,Rades,Sale,Land,36.7782,10.2815,papiers en règles|surfaces|terrain,100,HIGH,1.5,False,False,unchanged,0.0,588.24,2026-03-26T16:10:54.987370
tunisieannonce_b3de11a60d0e,tunisieannonce,150000.0,78.0,3.0,Cite El Khadra,TUNIS,north,Cite El Khadra,Sale,Other,36.8319,10.1942,gaz de ville|hall|jardin|petit jardin|renové,100,HIGH,1.5,False,False,new,,1923.08,2026-03-27T15:01:10.771778
tunisieannonce_b4751c11f7d3,tunisieannonce,120000.0,250.0,,La Mannouba,TUNIS,north,Mannouba,Sale,Land,36.8097,10.0928,Call for information,80,GOOD,1.0,False,False,unchanged,0.0,480.0,2026-03-26T23:42:42.061862
tunisieannonce_b449e3268dea,tunisieannonce,1500.0,142.0,1.0,El Menzah 7,TUNIS,north,El Menzah,Rent,Other,36.8528,10.1703,chauffage central|climatisation|parking|parking sous sol,90,HIGH,1.5,False,False,unchanged,0.0,10.56,2026-03-26T23:35:12.131057
tunisieannonce_b4f89ae3032b,tunisieannonce,382000.0,670.0,,Raoued,TUNIS,north,Raoued,Sale,Land,36.908,10.2,façade|gammarth|plage|prix du m2|route principale|terrain|terrain à 100m de la plage,90,HIGH,1.5,False,False,new,,570.15,2026-03-27T15:17:27.236402
tunisieannonce_b4a812131e46,tunisieannonce,786500.0,210.0,,Cite Bhar Lazreg,TUNIS,north,Jebel Jelloud,Sale,Land,36.7667,10.1833,surface : 1210 m²|terrain|titre foncier individuel,90,HIGH,1.5,False,False,unchanged,0.0,3745.24,2026-03-26T17:49:39.493960
tunisieannonce_b3e5f0028c52,tunisieannonce,1100.0,2026.0,1.0,La Soukra,TUNIS,north,La Soukra,Rent,Other,36.885212,10.245301,chambre|cuisine équipée|salle de bain|salon,80,GOOD,1.0,True,False,new,,0.54,2026-03-26T23:22:13.173436
tunisieannonce_b449be6c5342,tunisieannonce,550.0,70.0,2.0,Hammam Lif,TUNIS,north,Hammam Lif,Rent,Apartment,36.728,10.336,s1|studio,85,HIGH,1.5,False,False,new,,7.86,2026-03-27T16:11:05.643892
tunisieannonce_b3edb2e04319,tunisieannonce,388000.0,388.0,,Bellevue,TUNIS,north,Jebel Jelloud,Sale,Land,36.7667,10.1833,belle vue|emplacement|superficie|titré|vue panoramique,95,HIGH,1.5,False,False,unchanged,0.0,1000.0,2026-03-26T16:38:22.638797
tunisieannonce_b40d365cb299,tunisieannonce,280000.0,100.0,3.0,Ezzahra,TUNIS,north,Ezzahra,Sale,Commercial,36.743,10.308,chauffage central|climatisation|climatiser in split|heating central|kitchenette|meuble|reception|three rooms|toilette,100,HIGH,1.5,False,False,unchanged,0.0,2800.0,2026-03-26T15:40:46.754061
tunisieannonce_b69206f8f799,tunisieannonce,860000.0,,3.0,Le Bardo,TUNIS,north,Le Bardo,Sale,Commercial,36.8111,10.1364,3 chambres à coucher confortables|coin bureau|cuisine fonctionnelle|jardin|salle d'eau|salle de bain|salon spacieux,75,GOOD,1.0,True,False,unchanged,0.0,,2026-03-26T16:34:55.462080
tunisieannonce_b7603e60767d,tunisieannonce,900.0,,3.0,Bizerte,TUNIS,north,Menzel Jemil,Rent,Villa,37.237,9.91,15 mn du centre ville|5 mn de la plage|bien située|cuisine|jardin|petit jardin|rez de chaussée|s+3,95,HIGH,1.5,False,False,unchanged,0.0,,2026-03-26T15:44:28.775457
tunisieannonce_b67c00d538e4,tunisieannonce,2300.0,170.0,7.0,El Menzah 4,TUNIS,north,El Menzah,Rent,Other,36.8528,10.1703,2 places parking|air conditioning|chauffage central|climatisation|heating central|parking,90,HIGH,1.5,False,False,new,,13.53,2026-03-26T23:24:56.932812
tunisieannonce_b7450e2435b1,tunisieannonce,546000.0,453.0,,Khezama Ouest,TUNIS,north,Jebel Jelloud,Sale,Land,36.7667,10.1833,approuvé|deux façades|terrain|titré,90,HIGH,1.5,False,False,unchanged,0.0,1205.3,2026-03-26T23:32:08.220943
tunisieannonce_b51a4e2ccc0b,tunisieannonce,2000.0,90.0,2.0,Hergla,TUNIS,north,Hergla,Rent,Other,36.0333,10.5,centralized|lux,85,HIGH,1.5,False,False,unchanged,0.0,22.22,2026-03-26T23:34:21.521079
tunisieannonce_b55877236cab,tunisieannonce,1250.0,550.0,1.0,Bou Mhel,TUNIS,north,Jebel Jelloud,Sale,Land,36.7667,10.1833,chambre de service|chauffage central|climatisation|garage|garden|heating central|jardin|piscine|pool|three cars parking,75,GOOD,1.0,True,False,unchanged,0.0,2.27,2026-03-27T15:13:47.318138
tunisieannonce_b6254fdbedf9,tunisieannonce,2100.0,160.0,1.0,Jardins De Carthage,TUNIS,north,Carthage,Rent,Apartment,36.8536,10.3256,3 chambres à coucher|chauffage central|climatisation|climatiseurs|cuisine équipée|jardin|parking|place de parking|salle d'eau invités|salle de bain|sechoir|spacious salon|séjour séparé(chambre),90,HIGH,1.5,False,False,new,,13.12,2026-03-27T14:39:37.840096
tunisieannonce_b7aeea25854e,tunisieannonce,430000.0,203.0,3.0,Bab Menara,TUNIS,north,Jebel Jelloud,Sale,Villa,36.7667,10.1833,deux niveaux|indépendant|potentiel de bâtir r2|résidence maison d'hôtes|style arabe|surface de 203 m,100,HIGH,1.5,False,False,unchanged,0.0,2118.23,2026-03-26T16:15:43.470844
tunisieannonce_b67c2d9dde59,tunisieannonce,3000.0,167.0,3.0,Jardins De Carthage,TUNIS,north,Carthage,Rent,Apartment,36.8536,10.3256,chauffage central|climatisation|climatiseurs split|cuisine|deux chambres|hall dentrée|meuble|parking|place de parking au sous-sol|salle de bain commune|salle deau|salon avec balcon|suite parentale|système dalarme,90,HIGH,1.5,False,False,unchanged,0.0,17.96,2026-03-27T15:51:13.813291
tunisieannonce_b5315fe24c8b,tunisieannonce,1900.0,124.0,2.0,Ain Zaghouan,TUNIS,north,Zaghouan,Rent,Apartment,36.4025,10.1431,appartement s+2|balcon|bien neuf|chambre à coucher|cuisine équipée|patio immobilier tunisie|résidence récente|salle deau avec douche|suite parentale avec double dressing,90,HIGH,1.5,False,False,unchanged,0.0,15.32,2026-03-26T23:13:22.339956
tunisieannonce_b7e51664b0a4,tunisieannonce,2000.0,209.0,4.0,El Aouina,TUNIS,north,Jebel Jelloud,Rent,Apartment,36.7667,10.1833,1 salon|2 salles de bains|appartement s+4 meublé|ascenseur|bien meublé|chauffage central|climatisation|double vitrage|espace vert|idéalement placé|internet|meuble|parking|places de parking|porte blindée|service de concierge|spacious|suite parentale|système d'antenne parabolique|sécurité garantie avec surveillance|terrasse|tout neuf et confortable|type de sol: marbre,90,HIGH,1.5,False,False,unchanged,0.0,9.57,2026-03-26T17:52:01.679018
tunisieannonce_b875d916c176,tunisieannonce,500000.0,300.0,,Sidi Thabet,TUNIS,north,Sidi Thabet,Sale,Villa,36.933,10.039,2 commercial shops|3 bedrooms|bathroom|certificate of ownership|kitchen|living room|three floors,85,HIGH,1.5,False,False,new,,1666.67,2026-03-27T16:05:31.122731
tunisieannonce_b9063ad23687,tunisieannonce,1350.0,500.0,3.0,Ezzahra,TUNIS,north,Ezzahra,Sale,Land,36.743,10.308,contemporary|piscine|pool|terrain,80,GOOD,1.0,True,False,new,,2.7,2026-03-27T14:41:20.784420
tunisieannonce_b964213632ec,tunisieannonce,650.0,90.0,2.0,Bou Mhel,TUNIS,north,Jebel Jelloud,Rent,Villa,36.7667,10.1833,chambre a coucher|cuisine|douche|hotte|plaque|salle de bain|salon|terrace,90,HIGH,1.5,False,False,new,,7.22,2026-03-26T23:28:08.430709
tunisieannonce_b96792813927,tunisieannonce,2200.0,120.0,2.0,El Menzah 1,TUNIS,north,El Menzah,Rent,Commercial,36.8528,10.1703,chambre|cuisine|espace de rangement|rez-de-chaussée|s+2|salle d'eau invités|salon|sous sol|suite,90,HIGH,1.5,False,False,unchanged,0.0,18.33,2026-03-27T15:35:51.368253
tunisieannonce_b8cfde7bfc60,tunisieannonce,420.0,50.0,1.0,La Soukra,TUNIS,north,La Soukra,Rent,Apartment,36.885212,10.245301,chambre|cuisine|s+1|salle d'eau|studio,85,HIGH,1.5,False,False,new,,8.4,2026-03-26T23:02:05.284018
tunisieannonce_b7b1e9f18179,tunisieannonce,760000.0,900.0,,Cite Ennacim 1,TUNIS,north,Jebel Jelloud,Sale,Land,36.7667,10.1833,accès rapide aux principaux axes routiers|bureaux|centres de recherche|centres dappel|commerces|emplacement stratégique|industrie informatique|industrie propre|superficies disponibles à partir de 1 900 m2|vocation polyfonctionnel|zone industrielle,90,HIGH,1.5,False,False,new,,844.44,2026-03-27T16:18:48.882458
tunisieannonce_b8145b1758a4,tunisieannonce,820000.0,140.0,2.0,Gammart,TUNIS,north,Jebel Jelloud,Sale,Villa,36.7667,10.1833,climatisation|climatisation chaud/froid|parabole|parking|place parking|terrasse|vue panoramique,100,HIGH,1.5,False,False,unchanged,0.0,5857.14,2026-03-26T15:53:36.798143
tunisieannonce_b949cbb58cb0,tunisieannonce,866000.0,827.0,,Cite Ennouzha,TUNIS,north,Jebel Jelloud,Sale,Land,36.7667,10.1833,lotis|meuble|pas de vis a vis|terrain|vue dégagée,95,HIGH,1.5,False,False,unchanged,0.0,1047.16,2026-03-26T16:26:40.635695
tunisieannonce_b92e362ba16f,tunisieannonce,3700.0,2026.0,3.0,Sidi Daoud,TUNIS,north,Jebel Jelloud,Rent,Other,36.7667,10.1833,gérance libre|local,90,HIGH,1.5,False,False,unchanged,0.0,1.83,2026-03-26T17:41:08.354050
tunisieannonce_b9b93dbde4fb,tunisieannonce,1200.0,1000.0,,Sidi Daoud,TUNIS,north,Jebel Jelloud,Sale,Land,36.7667,10.1833,indivi r+2|terrain|titre foncier urbaine,70,GOOD,1.0,True,False,new,,1.2,2026-03-27T15:24:22.375543
tunisieannonce_bae4cc19facb,tunisieannonce,3400.0,404.0,2.0,Marsa Safsaf,TUNIS,north,Jebel Jelloud,Sale,Land,36.7667,10.1833,apartments|cos|cuf|local_commercial|meuble|possibility_of_building|surface|terrain,80,GOOD,1.0,True,False,unchanged,0.0,8.42,2026-03-27T14:59:40.017065
tunisieannonce_b9dbfc8ba171,tunisieannonce,1700.0,180.0,2.0,El Mourouj,TUNIS,north,El Mourouj,Rent,Villa,36.7405,10.2042,2 halls|2 salles d'eau|3 chambres|buanderie|chauffage central|climatisation|climatiseur|cuisine|entrée indépendante|garage|garage voiture|s a manger|salon|véranda,90,HIGH,1.5,False,False,unchanged,0.0,9.44,2026-03-26T23:16:17.378310
tunisieannonce_b9c0cca6a6d0,tunisieannonce,219000.0,219.0,,Chatt Meriem,TUNIS,north,Jebel Jelloud,Sale,Land,36.7667,10.1833,approuvé|plage|terrain|titre individeul,90,HIGH,1.5,False,False,unchanged,0.0,1000.0,2026-03-26T23:36:53.655551
tunisieannonce_b9a30b7d42b1,tunisieannonce,400000.0,50.0,3.0,Chatt Meriem,TUNIS,north,Jebel Jelloud,Sale,Apartment,36.7667,10.1833,"aire de jeux pour les enfants|balcon|bassins enfants|café, café maure|caméras de surveillance|chambre|climatisation|climatisation réversible|cuisine à l'américaine équipée|haut standing|parking|piscine|piscine couverte|piscines à l'eau de mer|place de parking au sous-sol|protection UV au-dessus des bassins|restaurants|salle de douche|salle de jeu|salle de sports|salon de coiffure et esthétique|spa avec hammam, massages, soins divers|standing|supérette ouverte toute la journée|surface habitable|transats, parasols",100,HIGH,1.5,False,False,unchanged,0.0,8000.0,2026-03-26T23:41:46.636926
tunisieannonce_b9daf9c3a84c,tunisieannonce,1200.0,75.0,1.0,Cite El Khalil,TUNIS,north,Jebel Jelloud,Rent,Other,36.7667,10.1833,chambre|chauffage central|climatisation|climatiseurs|kitchenette|meuble|parking|salon,90,HIGH,1.5,False,False,unchanged,0.0,16.0,2026-03-27T14:23:52.354386
tunisieannonce_ba2326f25f90,tunisieannonce,370000.0,143.0,2.0,La Soukra,TUNIS,north,La Soukra,Sale,Apartment,36.885212,10.245301,"4 climatiseurs|chauffage central|climatisation|heating central|kitchen equipped with plaque , hotte and four with séchoir|parking|petite terrasse|place of parking|salle deau for guests with aération window|salon/ salle à manger|spacious hall dentrée|terrace|terrasse|two bedrooms sharing one bathroom",100,HIGH,1.5,False,False,unchanged,0.0,2587.41,2026-03-27T15:30:58.713684
tunisieannonce_bae8f9e80dc3,tunisieannonce,3500.0,200.0,4.0,Marsa Ennassim,TUNIS,north,Jebel Jelloud,Rent,Apartment,36.7667,10.1833,cellier|cuisine équipée|deux chambres à coucher|jardin|parking|places parking sou sole|salle d'eau invités|salle de bain|salon|sejour|suite parentale,90,HIGH,1.5,False,False,unchanged,0.0,17.5,2026-03-26T23:14:39.901258
tunisieannonce_bab963606a82,tunisieannonce,5000.0,200.0,2.0,Berge Du Lac,TUNIS,north,Jebel Jelloud,Rent,Commercial,36.7667,10.1833,3 salles d'eau|4 pièces|balcon|chauffage central|climatisation|climatisation en split|entrée indépendante|grande cuisine équipée|local technique|séchoir|terrasse,100,HIGH,1.5,False,False,unchanged,0.0,25.0,2026-03-26T16:03:45.014901
tunisieannonce_b9a535693b32,tunisieannonce,672000.0,120.0,1.0,Jardins De Carthage,TUNIS,north,Carthage,Sale,Villa,36.8536,10.3256,appartements|chambres|chauffage|climatisation|climatisation centrale|cuisine installée et équipée (hotte aspirante plaque four micro-onde et lave vaisselle encastrables)|haut standing|jardin|parking|place de parking|résidence de très haut standing|s2|s3|salle d'eau invités|salle de bain|salon avec balcon|suite(s)|séchoir,100,HIGH,1.5,False,False,unchanged,0.0,5600.0,2026-03-26T23:35:01.313503
tunisieannonce_bb0a01144f78,tunisieannonce,1295.0,,,Sidi Aich,TUNIS,north,Sidi Aich,Sale,Land,34.53,8.8,oliviers|puits|taux de salinité|terrain,30,LOW,0.5,True,False,new,,,2026-03-27T15:43:41.624884
tunisieannonce_bb7774a57fb9,tunisieannonce,1750.0,180.0,3.0,Hedi Chaker,TUNIS,north,Jebel Jelloud,Rent,Apartment,36.7667,10.1833,3 chambres|cuisine|meuble|porte communiquant avec une autre pièce|salle d'eau|salle de bain|salon avec cheminée,90,HIGH,1.5,False,False,unchanged,0.0,9.72,2026-03-27T15:51:05.225717
tunisieannonce_bd7082879374,tunisieannonce,520000.0,374.0,3,Ben Arous,TUNIS,north,Ben Arous,Sale,Villa,36.745,10.225,av farhat hached|avenue principale|batie rdc  140 m²|garage|r + 4|studio|surface : 374 m²|villa,100,HIGH,1.5,False,False,unchanged,0.0,1390.37,2026-03-27T15:59:43.482095
tunisieannonce_bccf783b8b4f,tunisieannonce,630.0,100.0,3.0,El Mourouj,TUNIS,north,El Mourouj,Rent,Villa,36.7405,10.2042,2chambres a couchée|cuisine avec séchoir|salle dau appartement|salon,100,HIGH,1.5,False,False,unchanged,0.0,6.3,2026-03-26T15:41:54.706036
tunisieannonce_bcfae60dcdc2,tunisieannonce,2100.0,100.0,1.0,Jardins De Carthage,TUNIS,north,Carthage,Rent,Villa,36.8536,10.3256,balcon|cuisine ouverte|deux chambres à coucher|entrée|espaces de rangement|jardin|meuble|parking|pièce de vie|place de parking au sous-sol|rez de chaussée|s2 meublé|salle de bain commune,90,HIGH,1.5,False,False,new,,21.0,2026-03-27T14:52:41.159235
tunisieannonce_bbd3f3d62188,tunisieannonce,1500.0,60.0,1.0,Zone Hoteliere,TUNIS,north,Jebel Jelloud,Rent,Apartment,36.7667,10.1833,beach nearby|chauffage central|haut standing|heating central|piscine|swimming pool|wifi,100,HIGH,1.5,False,False,unchanged,0.0,25.0,2026-03-26T15:47:01.530411
tunisieannonce_bb08906b6e5f,tunisieannonce,229000.0,2025.0,3.0,Cite Ennasr 2,TUNIS,north,Jebel Jelloud,Sale,Commercial,36.7667,10.1833,idéal pour habitation ou investissement rentable|lumineux|proche de toutes commodités|spacious|vue dégagée,100,HIGH,1.5,False,False,new,,113.09,2026-03-27T16:19:50.769483
tunisieannonce_bbfaf4480f90,tunisieannonce,1350.0,78.0,1.0,La Soukra,TUNIS,north,La Soukra,Rent,Commercial,36.885212,10.245301,abri de voiture privé|appartement s1 neuf|balcon|chambre à coucher avec dressing|chauffage central|climatisation|climatisation en split|cuisine installée et équipée|entrée indépendante|jardin|jardin de 20m²|salle de douche|surface de 78m²|séchoir,90,HIGH,1.5,False,False,new,,17.31,2026-03-27T15:45:29.934797
tunisieannonce_bb86f131a14c,tunisieannonce,1666.0,150.0,1.0,Cite Ennasr 2,TUNIS,north,Jebel Jelloud,Rent,Apartment,36.7667,10.1833,3 chambres à coucher|balcon|chauffage central|climatisation|cuisine équipée|parking|salon|sdb|sde,90,HIGH,1.5,False,False,new,,11.11,2026-03-27T15:34:52.852890
tunisieannonce_bbc24f0ba468,tunisieannonce,600000.0,270.0,3.0,Sidi Frej,TUNIS,north,Jebel Jelloud,Sale,Land,36.7667,10.1833,abri voiture|cuisine modern|jardin|jardin paysager|s+3|surface covered|système énergétique solaire|terrain|villa,100,HIGH,1.5,False,False,new,,2222.22,2026-03-27T14:29:41.783454
tunisieannonce_be5540b47f5b,tunisieannonce,569000.0,125.0,2.0,Chotrana 1,TUNIS,north,Jebel Jelloud,Sale,Villa,36.7667,10.1833,chauffage|climatisation|climatisation centrale|jardin|parking|place de parking|terrasse,100,HIGH,1.5,False,False,unchanged,0.0,4552.0,2026-03-26T17:57:05.228075
tunisieannonce_bde39a53b63d,tunisieannonce,370000.0,170.0,4.0,El Ouerdia,TUNIS,north,El Ouerdia,Sale,Commercial,36.775,10.1886,balcons|chambre|cuisine|salle de bain|salon,100,HIGH,1.5,False,False,new,,2176.47,2026-03-27T16:07:55.275069
tunisieannonce_be647a409cd8,tunisieannonce,190000.0,50.0,3.0,Cite Ennasr 2,TUNIS,north,Jebel Jelloud,Sale,Other,36.7667,10.1833,climatisation|cuisine équipée|douche|salle d'eau,100,HIGH,1.5,False,False,new,,3800.0,2026-03-27T14:41:53.641317
tunisieannonce_be53e3c4ff68,tunisieannonce,1000.0,13.0,2.0,Le Bardo,TUNIS,north,Le Bardo,Sale,Commercial,36.8111,10.1364,eau|espace propre|gaz de ville|lave-mains|rampe donnant directement sur la rue beyrouth|wc|zéro travaux|électricité,75,GOOD,1.0,True,False,unchanged,0.0,76.92,2026-03-26T17:46:26.352648
tunisieannonce_be26e4cf7851,tunisieannonce,650000.0,5000.0,,Bir Mcherga,TUNIS,north,Bir Mcherga,Sale,Land,36.5167,10.0,eau|nappe phréatique riche d'eau|route goudronnee|sol excellent|terrain agr|électricite,100,HIGH,1.5,False,False,unchanged,0.0,130.0,2026-03-26T16:24:48.072492
tunisieannonce_bdb0ae4322f3,tunisieannonce,80000.0,39.0,2.0,El Medina,TUNIS,north,Jebel Jelloud,Sale,Apartment,36.7667,10.1833,2eme em étage|chambre|douche|s.e|salon|studio,100,HIGH,1.5,False,False,new,,2051.28,2026-03-27T16:01:24.790843
tunisieannonce_bdafb92047ef,tunisieannonce,235000.0,150.0,5.0,El Manar 2,TUNIS,north,Jebel Jelloud,Sale,Other,36.7667,10.1833,4 eme étage|ascenseur|chauffage central|cité gardée|climatisation|parking|place parking,100,HIGH,1.5,False,False,new,,1566.67,2026-03-27T14:30:52.436972
tunisieannonce_bdf1b4af19ba,tunisieannonce,1700.0,1000.0,,Sidi Daoud,TUNIS,north,Jebel Jelloud,Sale,Land,36.7667,10.1833,1000 m²|terrain|titre foncier urbain individuel,75,GOOD,1.0,True,False,new,,,2026-03-27T15:52:20.123611
tunisieannonce_bda595972c5c,tunisieannonce,500000.0,800.0,,Riadh Landlous,TUNIS,north,Jebel Jelloud,Sale,Land,36.7667,10.1833,accès facile aux axes principaux|bonne visibilité|emplacement stratégique|face au centre commercial géant|idéal pour investissement ou construction|opportunité rare|surface|terrain|trafic routier important|très bien située|zone en développement,90,HIGH,1.5,False,False,unchanged,0.0,625.0,2026-03-26T23:15:15.134165
tunisieannonce_bdabf3d1438b,tunisieannonce,700000.0,,4.0,El Hamayem,TUNIS,north,Jebel Jelloud,Sale,Land,36.7667,10.1833,terrain,95,HIGH,1.5,False,False,unchanged,0.0,,2026-03-26T16:21:07.117462
tunisieannonce_beb1bc493c7c,tunisieannonce,420000.0,951.0,,Chorfech,TUNIS,north,Jebel Jelloud,Sale,Land,36.7667,10.1833,terrain,85,HIGH,1.5,False,False,new,,441.64,2026-03-27T16:05:39.906389
tunisieannonce_be666b43701b,tunisieannonce,1460.0,120.0,2.0,El Menzah 9,TUNIS,north,El Menzah,Rent,Apartment,36.8528,10.1703,ascenseur|chauffage central|climatisation|cuisine équipée avec séchoir|deux chambres à coucher avec dressing|parking|place de parking au sous-sol|salle d'eau|salle de bain|salon,100,HIGH,1.5,False,False,unchanged,0.0,12.17,2026-03-26T16:05:22.962048
tunisieannonce_c00963c34ca5,tunisieannonce,21000.0,270.0,,Ouled Abdallah,TUNIS,north,Jebel Jelloud,Sale,Land,36.7667,10.1833,bon placement|superficie|terrain,80,GOOD,1.0,False,False,new,,77.78,2026-03-27T14:22:14.028790
tunisieannonce_be6bde8cb453,tunisieannonce,1300.0,110.0,2.0,Ain Zaghouan,TUNIS,north,Zaghouan,Rent,Apartment,36.4025,10.1431,chauffage central|climatisation|climatisation split|cuisine|deux chambres à coucher|meuble|salle de bain commune|salon,90,HIGH,1.5,False,False,unchanged,0.0,11.82,2026-03-27T15:47:49.589014
tunisieannonce_c08b1815a59c,tunisieannonce,115000.0,680.0,,Hammamet,TUNIS,north,Hammamet,Sale,Land,36.4,10.6167,emplacement|oliviers|terrain,90,HIGH,1.5,False,False,new,,169.12,2026-03-27T15:43:33.914734
tunisieannonce_bee433ebe4cf,tunisieannonce,78000.0,312.0,,Zone Hoteliere,TUNIS,north,Jebel Jelloud,Sale,Land,36.7667,10.1833,eau|plage|terrain|titre foncier|électricité,90,HIGH,1.5,False,False,new,,250.0,2026-03-26T22:51:37.744919
tunisieannonce_be96d32f74ef,tunisieannonce,900.0,285.0,1.0,Ain Zaghouan,TUNIS,north,Zaghouan,Rent,Commercial,36.4025,10.1431,haut standing|jardin|chauffage central|meuble,90,HIGH,1.5,False,False,new,,3.16,2026-03-27T14:25:59.580758
tunisieannonce_bf51024c6ad3,tunisieannonce,250.0,800.0,3.0,Metline,TUNIS,north,Jebel Jelloud,Rent,Apartment,36.7667,10.1833,climatisation|climatiser|espace vert|garage|meuble|piscine|pool|terrace|vue mer,80,GOOD,1.0,True,False,new,,0.31,2026-03-27T15:33:05.455413
tunisieannonce_bf3fd0cd97af,tunisieannonce,1600.0,110.0,1.0,Cite Ennasr 2,TUNIS,north,Jebel Jelloud,Rent,Apartment,36.7667,10.1833,2 chambres à coucher|3 climatiseurs|balcon|chauffage central|climatisation|cuisine entièrement équipée|meuble|salle de bain|salle à manger|salon,90,HIGH,1.5,False,False,unchanged,0.0,14.55,2026-03-26T23:46:55.151263
tunisieannonce_bfdb8c005f69,tunisieannonce,180000.0,35.0,1.0,Hammamet,TUNIS,north,Hammamet,Sale,Other,36.4,10.6167,parking|piscine|s0 hst|swimming pool,100,HIGH,1.5,False,False,new,,5142.86,2026-03-27T15:57:20.110627
tunisieannonce_c25f2d2052cd,tunisieannonce,250000.0,560.0,,Kairouan Sud,TUNIS,north,Kairouan Sud,Sale,Land,35.6772,10.098,emplacement stratégique|route principale de rocade|terrain|title foncier|titre foncier,90,HIGH,1.5,False,False,unchanged,0.0,446.43,2026-03-27T14:22:04.760160
tunisieannonce_c120cedfd17a,tunisieannonce,130000.0,301.0,,Cite Touristique,TUNIS,north,Jebel Jelloud,Sale,Land,36.7667,10.1833,aménagé par la municipalité|autorisé a bâtir|calme|dossier foncière réglé|eau|lieu stratégique|panoramique de la plage et de la montagne|plage|quartier touristique|restaurant le pécheur de vue panoramique|surface 301m2|terrain constructible|un seul propriétaire|vue orienté par la mer|électricité|éloigne 200m au bord de la plage,90,HIGH,1.5,False,False,new,,431.89,2026-03-27T15:25:47.980457
tunisieannonce_c2eaf56c260a,tunisieannonce,3500.0,150.0,3.0,Zone Urbaine Nord,TUNIS,north,Jebel Jelloud,Sale,Commercial,36.7667,10.1833,2 salles d'eau|3 pièces de bureau|climatisation|climatisation centrale|fibre optique|immeuble bureautique|kitchenette|meuble|parking|places de parking réservées au sous-sol|plateau|salle d'eau|salle de réunion|système d' alarme,80,GOOD,1.0,True,False,unchanged,0.0,23.33,2026-03-26T23:39:29.406513
tunisieannonce_c1ee2a76764c,tunisieannonce,147000.0,210.0,,Ariana,TUNIS,north,Ariana Ville,Sale,Land,36.866011,10.193923,constructible|garage|jardin|terrain,85,HIGH,1.5,False,False,new,,700.0,2026-03-27T15:59:59.444654
tunisieannonce_c197cb104034,tunisieannonce,150000.0,57.0,1.0,Bou Mhel,TUNIS,north,Jebel Jelloud,Sale,Apartment,36.7667,10.1833,chambre à coucher|chauffage central|climatisation|climatiseur|cousine américaine|salle de bain|salon,100,HIGH,1.5,False,False,new,,2631.58,2026-03-26T23:28:17.463544
tunisieannonce_c1751ae81b28,tunisieannonce,2100.0,70.0,2.0,Cite Ennasr 2,TUNIS,north,Jebel Jelloud,Rent,Apartment,36.7667,10.1833,chauffage|climatisation|haut standing|meuble|résidence gardée|studios meublé|sécurisé,90,HIGH,1.5,False,False,new,,30.0,2026-03-27T15:20:59.572649
tunisieannonce_c0be8ccfa51c,tunisieannonce,450000.0,461.0,2.0,El Haouaria,TUNIS,north,El Haouaria,Sale,Land,37.0481,11.0189,3 chambres en enfilade|arbres fruitiers|architecture atypique|barbecue avec cheminée|cuisine américaine|douche|fenêtres ouvrent sur la grande terrasse|garage|grand jardin gazonné et arboré|grand salon ouvrant sur une grande terrasse|jardin|lavabo|meuble|petite pièce pour cuisiner|petite terrasse|plafond en briques rouges|puit d'eau douce|rez de jardin|salle de douche italienne|surface couverte 130 m2|terrain de 461 m2|terrasse|toilett|vasque sur meuble|vu mer|vue mer|wc,100,HIGH,1.5,False,False,unchanged,0.0,976.14,2026-03-26T15:28:18.361605
tunisieannonce_c0c7f505ab80,tunisieannonce,21000.0,,8.0,Mutuelle Ville,TUNIS,north,Jebel Jelloud,Rent,Land,36.7667,10.1833,920 m² bâtis|aménagement d'espaces complémentaires|espace spacieux|grands extérieurs|haut standing|stationnement|terrain de 1000 m²|villa|volume rare|événements internes,85,HIGH,1.5,False,False,new,,,2026-03-27T15:28:23.774179
tunisieannonce_c19f24f3cd53,tunisieannonce,250000.0,1000.0,2.0,Mornag,TUNIS,north,Mornag,Sale,Land,36.6715,10.258,1000 m2|terrain,100,HIGH,1.5,False,False,new,,,2026-03-27T15:24:38.233915
tunisieannonce_c1feafe38471,tunisieannonce,2100.0,65.0,2.0,Cite Ennasr 2,TUNIS,north,Jebel Jelloud,Rent,Apartment,36.7667,10.1833,haut standing|meuble|studios meublé,90,HIGH,1.5,False,False,new,,32.31,2026-03-27T15:20:17.249128
tunisieannonce_c46def614d2f,tunisieannonce,50000.0,,2.0,Zone Hoteliere,TUNIS,north,Jebel Jelloud,Sale,Other,36.7667,10.1833,capacité 350 lits|extensible|vue mer|vue sur mer,80,GOOD,1.0,False,False,new,,,2026-03-26T23:21:58.815792
tunisieannonce_c385995c38c0,tunisieannonce,395000.0,190.0,3.0,El Menzah 7,TUNIS,north,El Menzah,Sale,Apartment,36.8528,10.1703,190 m2|ascenseur|chauffage central|climatisation|cuisine équipée avec séchoir|deux chambres coucher avec placards|double ascenseurs|gardiennage|parking|place de parking sous sol|proximité de toutes commodités|résidence sécurisée|s+3|salle de bain|salle deau|salon spacieux avec balcon|suite parentale avec salle de bain et balcon|syndic contrat de vente|séjour,100,HIGH,1.5,False,False,unchanged,0.0,2078.95,2026-03-27T15:06:15.209249
tunisieannonce_c3ff2df16712,tunisieannonce,750.0,140.0,2.0,Midoun,TUNIS,north,Midoun,Rent,Apartment,33.8042,10.9725,2 chambres|entrée indépendante|jardin|s+2|salle de bains|salon|vue mer|vue sur mer,100,HIGH,1.5,False,False,unchanged,0.0,5.36,2026-03-26T16:34:17.581311
tunisieannonce_c3f9603cfb1b,tunisieannonce,1999.0,200.0,5.0,Cite Ennasr 2,TUNIS,north,Jebel Jelloud,Rent,Apartment,36.7667,10.1833,3 chambres a coucher|abri de voiture|chauffage central|climatisation|cuisine avec terrasse|entrée indépendante|jardin|salle de bain|salon salle à manger|sde|suite parentale|terrasse,90,HIGH,1.5,False,False,new,,9.99,2026-03-27T14:44:02.520371
tunisieannonce_c38eff4e107f,tunisieannonce,1600.0,120.0,2.0,Zone Urbaine Nord,TUNIS,north,Jebel Jelloud,Rent,Apartment,36.7667,10.1833,ascenseur|balcon|cellier|chambre à coucher|chauffage central|climatisation|climatisation en split|cuisine équipée|parking|place de parking au sous-sol|salle de bain commune|séchoir,90,HIGH,1.5,False,False,new,,13.33,2026-03-26T23:20:07.817131
tunisieannonce_c46c59dae716,tunisieannonce,150000.0,1000.0,,Mnihla,TUNIS,north,Mnihla,Sale,Land,36.8648,10.1021,terrain|titres individuels,95,HIGH,1.5,False,False,new,,,2026-03-27T15:43:17.867458
tunisieannonce_c3734a31cd52,tunisieannonce,1600.0,170.0,3.0,Borj El Baccouche,TUNIS,north,Jebel Jelloud,Rent,Apartment,36.7667,10.1833,all amenities|balcon|balcon private|calme & sécurisée|chambre with dressing|double salon|débarras|equipped kitchen|great kitchen|modern residence|proximity of the urban center|sechoir|spacious apartment|suite parentale,90,HIGH,1.5,False,False,unchanged,0.0,9.41,2026-03-26T17:42:28.786359
tunisieannonce_c3ca9a82d430,tunisieannonce,3300.0,160.0,3,Berge Du Lac,TUNIS,north,Jebel Jelloud,Sale,Commercial,36.7667,10.1833,caméras de surveillance hd|climatisation|climatisation centrale chaud froid|deux places de parking au sous sol|fibre optique|gardiens|haut standing|immeuble bureautique|kitchenette|meuble|neuf de haut standing|open space|parking|trois salles deau,95,HIGH,1.5,True,False,unchanged,0.0,20.62,2026-03-26T15:57:36.984271
tunisieannonce_c3254b84a17d,tunisieannonce,2200.0,200.0,7.0,El Menzah 9,TUNIS,north,El Menzah,Rent,Villa,36.8528,10.1703,abri voitures|entrée indépendante|jardin|rez de chaussée|terrasse|villa,90,HIGH,1.5,False,False,new,,11.0,2026-03-26T23:28:25.149625
tunisieannonce_c402cdc93f98,tunisieannonce,1700.0,70.0,2.0,Cite Ennasr 1,TUNIS,north,Jebel Jelloud,Rent,Apartment,36.7667,10.1833,chauffage|climatisation|climatizer|meuble|residences gardées et sécurisées,90,HIGH,1.5,False,False,unchanged,0.0,24.29,2026-03-26T18:18:19.660786
tunisieannonce_c5baf517a92b,tunisieannonce,1300.0,80.0,1.0,El Aouina,TUNIS,north,Jebel Jelloud,Rent,Apartment,36.7667,10.1833,ascenseur|balcon|chambre à coucher|chauffage central|climatisation|climatisation en split|cuisine équipée avec séchoir|meuble|parking|place de parking au sous-sol|salle d'eau invités|salle de bain|salle à manger|spacious salon,90,HIGH,1.5,False,False,unchanged,0.0,16.25,2026-03-27T14:45:34.626515
tunisieannonce_c62914893ead,tunisieannonce,1700.0,180.0,1.0,Borj El Baccouche,TUNIS,north,Jebel Jelloud,Rent,Villa,36.7667,10.1833,chauffage central|entrance commune|heating central|hst|suite,90,HIGH,1.5,False,False,unchanged,0.0,9.44,2026-03-26T23:31:59.936529
tunisieannonce_c4dde0f704c2,tunisieannonce,850.0,70.0,1.0,Cite Ennasr 2,TUNIS,north,Jebel Jelloud,Rent,Apartment,36.7667,10.1833,2 climatiseurs|chambres à coucher avec placard|chauffage central|climatisation|cuisine avec séchoir|gardiennage|parking|place de parking sous sol|salle d'eau|salon|syndic,90,HIGH,1.5,False,False,unchanged,0.0,12.14,2026-03-27T15:56:31.510566
tunisieannonce_c6158b92b889,tunisieannonce,10000.0,250.0,6.0,Zone Industrielle El Meghira,TUNIS,north,Jebel Jelloud,Sale,Other,36.7667,10.1833,administrative block|cour 600 m2|covered area 750 m2|height under ceiling 6 meters|local industrial|power electric 400 kva|strategic location|surface area 1250 m2,80,GOOD,1.0,True,False,new,,40.0,2026-03-27T14:40:35.053490
tunisieannonce_c48a90847bda,tunisieannonce,2000.0,2025.0,3.0,Cite Ennasr 2,TUNIS,north,Jebel Jelloud,Rent,Apartment,36.7667,10.1833,2 bathrooms|balcon|cuisiniere|four|frigo|haut standing|host|kitchen|machine to wash|meuble|panoramic view|parking|sejour and grand salon|sous sol parking|two bedrooms,80,GOOD,1.0,True,False,unchanged,0.0,0.99,2026-03-27T14:56:16.481514
tunisieannonce_c48836fad02e,tunisieannonce,9500.0,300.0,2.0,Berge Du Lac,TUNIS,north,Jebel Jelloud,Rent,Villa,36.7667,10.1833,ascenseur|climatisation|garage|heating|piscine|pool|terrace|terrasse,100,HIGH,1.5,False,False,unchanged,0.0,31.67,2026-03-26T16:05:14.608838
tunisieannonce_c51618c988c3,tunisieannonce,150.0,2025.0,1.0,Ain Zaghouan,TUNIS,north,Zaghouan,Rent,Villa,36.4025,10.1431,appartements|courte durée|longue durée|meuble|meublé|studios|vide|villas,75,GOOD,1.0,True,False,new,,0.07,2026-03-27T14:24:48.899181
tunisieannonce_c584d1dd4cd5,tunisieannonce,525000.0,156.0,1.0,Ain Zaghouan,TUNIS,north,Zaghouan,Sale,Apartment,36.4025,10.1431,chauffage central|climatisation|cuisine bien équipée|deux chambres à coucher|dressing|décembre 2026|parking|place parking|remis de clés|salon avec balcon|suite parentale,100,HIGH,1.5,False,False,new,,3365.38,2026-03-27T14:35:40.708588
tunisieannonce_c5654b64ed75,tunisieannonce,1200.0,425.0,,Hedi Chaker,TUNIS,north,Jebel Jelloud,Sale,Land,36.7667,10.1833,meuble|terrain,75,GOOD,1.0,True,False,unchanged,0.0,2.82,2026-03-26T15:53:53.985821
tunisieannonce_c64f78463188,tunisieannonce,56000.0,400.0,8.0,Mutuelle Ville,TUNIS,north,Jebel Jelloud,Rent,Commercial,36.7667,10.1833,alarmes|ascenseur|double ascenseur|détection incendie|faux-plafond en baffle acoustique vertical suspendu|haut standing|local technique|means of fighting fires|meuble|open space|panneau acoustique en laine de bois de celenit|pieces de bureaux|points deau|social hub,80,GOOD,1.0,True,False,new,,140.0,2026-03-27T15:40:47.138874
tunisieannonce_c7e06ee51130,tunisieannonce,7000.0,320.0,,Mutuelle Ville,TUNIS,north,Jebel Jelloud,Sale,Commercial,36.7667,10.1833,bureau de direction|chauffage central|climatisation|climatisation en split system|cuisine|escaliers|facilité de stationnement|hall of reception|haut standing|meuble|open space|parking|parking privé|salle d' eau|salle d'eau|salle de réunion|three pieces of bureau,70,GOOD,1.0,True,False,unchanged,0.0,21.88,2026-03-26T23:39:57.052905
tunisieannonce_c65f566e263a,tunisieannonce,700000.0,320.0,3.0,Hammam Sousse Gharbi,TUNIS,north,Hammam Sousse,Sale,Land,35.8592,10.59,appartement|ghrabi|hammem sousse|local commercial|meuble|possibilité de construire|s+2|s+3|terrain|titre individuel,100,HIGH,1.5,False,False,unchanged,0.0,2187.5,2026-03-26T17:52:33.382394
tunisieannonce_c75298b85d9e,tunisieannonce,70000.0,100.0,5.0,Fondouk Jedid,TUNIS,north,Jebel Jelloud,Sale,Land,36.7667,10.1833,1 mille m2|20 m x 50 m|clôturé|donne directement sur la route|terrain agr|titre foncier,100,HIGH,1.5,False,False,new,,700.0,2026-03-27T14:35:57.106559
tunisieannonce_c7c2e37cc652,tunisieannonce,3800.0,150.0,3.0,Berge Du Lac,TUNIS,north,Jebel Jelloud,Rent,Villa,36.7667,10.1833,2 bedrooms|bathroom guest|bedroom service|chambre de service|common bathroom|dressing room|kitchen equipped with dryer|parking|place parking|spacious salon|sub-sol parking|suite parentale|terrasse,90,HIGH,1.5,False,False,unchanged,0.0,25.33,2026-03-27T15:15:19.527164
tunisieannonce_c687ab7ccb24,tunisieannonce,600.0,60.0,1.0,Bou Mhel,TUNIS,north,Jebel Jelloud,Rent,Apartment,36.7667,10.1833,chauffage central|heating central,90,HIGH,1.5,False,False,new,,10.0,2026-03-27T14:53:06.508720
tunisieannonce_c7466d13a606,tunisieannonce,603200.0,770.0,,Akouda,TUNIS,north,Akouda,Sale,Land,35.8667,10.5667,chott romaine|lot de coin|puits|studio|terrain|titre individuel,90,HIGH,1.5,False,False,new,,783.38,2026-03-26T23:19:27.844489
tunisieannonce_c7f2e2a33326,tunisieannonce,3900.0,400.0,8.0,Mutuelle Ville,TUNIS,north,Jebel Jelloud,Rent,Commercial,36.7667,10.1833,abri pour voiture|cuisine|double salon|escaliers|jardin|kitchenette|pièce polyvalente|salle de bain commun|salle de douche|suite parentale|séchoir|trois pièces|villa,90,HIGH,1.5,False,False,new,,9.75,2026-03-27T15:48:32.925303
tunisieannonce_c7c15f866d62,tunisieannonce,15750.0,700.0,1.0,Berge Du Lac,TUNIS,north,Jebel Jelloud,Rent,Commercial,36.7667,10.1833,5 bureaux|700m²|ascenseur|climatisation|kitchenette|meuble|open space|system of central air conditioning,80,GOOD,1.0,True,False,new,,22.5,2026-03-27T14:55:02.405662
tunisieannonce_c7571d8e7be3,tunisieannonce,44444.0,860.0,,Ben Arous,TUNIS,north,Ben Arous,Sale,Land,36.745,10.225,"accès rapide aux grands axes routiers|activités commerciales|activités professionnelles diverses|adapté à plusieurs usages|bureaux et services|cos : 0,5 cuf : 2|emplacement stratégique|fort potentiel de développement|lots industriels|opportunité idéale pour investisseurs et promoteurs|superficies disponibles|viabilisés|zone entièrement viabilisée|zone industrielle mhamdia|à partir de 1 860 m² jusquà 5 000 m²",75,GOOD,1.0,False,False,new,,51.68,2026-03-27T14:24:28.188655
tunisieannonce_c796fe40bf98,tunisieannonce,2700.0,200.0,3.0,El Aouina,TUNIS,north,Jebel Jelloud,Rent,Villa,36.7667,10.1833,air conditioning|chauffage central|climatisation|dressing|duplex|garden|guest bathroom|haut standing|heating central|jardin|kitchen|large salon|parent suite|private bathroom|terrace|terrasse,90,HIGH,1.5,False,False,unchanged,0.0,13.5,2026-03-26T23:45:29.310717
tunisieannonce_c8e54a86f8c9,tunisieannonce,300000.0,300.0,3.0,Cite De La Plage 1,TUNIS,north,Jebel Jelloud,Sale,Apartment,36.7667,10.1833,appartements|chauffé|climatisé|entrée indépandante|jardin|meuble,100,HIGH,1.5,False,False,new,,1000.0,2026-03-27T14:38:06.281745
tunisieannonce_c8f2fe0903cc,tunisieannonce,656400.0,188.0,,Ghar El Melh,TUNIS,north,Ghar El Melh,Sale,Land,37.1458,10.1752,certificat de propriété|plan du terrain|terrain nu|vue sur le lac,90,HIGH,1.5,False,False,unchanged,0.0,3491.49,2026-03-27T15:00:44.807884
tunisieannonce_c896b75ba739,tunisieannonce,1500.0,77.0,3.0,Cite Erriadh,TUNIS,north,Jebel Jelloud,Rent,Commercial,36.7667,10.1833,1er étage|administrative|h+1|immeuble tout neuf|meuble|new|usage administratif,90,HIGH,1.5,False,False,new,,19.48,2026-03-27T15:34:36.030852
tunisieannonce_c8da6d26e7f0,tunisieannonce,5400.0,792.0,,Carthage,TUNIS,north,Carthage,Sale,Land,36.8536,10.3256,allées en pierre|authenticité tunisienne|cadre de vie paisible|jardin|jardin privatif|jardin spacieux|potentiel exceptionnel|quartier calme et verdoyant|quartier résidentiel très recherché|style traditionnel|surface généreuse|terrain : 795m²|villa|état : moyen,70,GOOD,1.0,True,False,new,,6.82,2026-03-27T14:30:15.165278
tunisieannonce_c8764eea5d99,tunisieannonce,6800.0,400.0,4.0,Carthage,TUNIS,north,Carthage,Rent,Villa,36.8536,10.3256,chambre de débarras|chambre à coucher|chambres à coucher|cuisine|dressing|dressings|four|garage|hotte|jardin|jardin arboré|patio|piscine|plaque|s+4|salle de bain|salle de bain commune|salle de douche|salle de douche extérieur|salon|sous-sol|suite parentale|villa,90,HIGH,1.5,False,False,new,,17.0,2026-03-27T16:16:57.417877
tunisieannonce_c875be591ac6,tunisieannonce,380000.0,156.0,4.0,Nabeul,TUNIS,north,Nabeul,Sale,Land,36.4561,10.7358,2 levels|beach 400m|dépôt open space|s plus 3|terrain,100,HIGH,1.5,False,False,new,,2435.9,2026-03-27T15:38:26.272118
tunisieannonce_c8e14a401452,tunisieannonce,950.0,2026.0,1.0,El Menzah 6,TUNIS,north,El Menzah,Rent,Apartment,36.8528,10.1703,climatisation|climatiseur|grande chambre à coucher|hotte|kitchenette|meuble|meublé|petit salon|plaque de cuisson|retapé|réfrigérateur|salle de douche|télévision,80,GOOD,1.0,True,False,unchanged,0.0,0.47,2026-03-26T23:47:20.239330
tunisieannonce_c8bc3901a02b,tunisieannonce,430000.0,280.0,3.0,La Mannouba,TUNIS,north,Mannouba,Sale,Villa,36.8097,10.0928,3 bedrooms|bathroom|entrance for car|kitchen|possibility of building a second floor|roof access stairs|salon|terrace|terrasse|two floors|villa,95,HIGH,1.5,False,False,unchanged,0.0,1535.71,2026-03-26T23:16:44.843655
tunisieannonce_c80df33751c3,tunisieannonce,800.0,2025.0,2.0,El Mourouj,TUNIS,north,El Mourouj,Rent,Apartment,36.7405,10.2042,camera de surveillance|chauffage central|heating central|kitchen|parking|place de parking|residence gardée et sécurisée|salon with balcony|sechoir|spacious apartment|three bedrooms,80,GOOD,1.0,True,False,new,,0.4,2026-03-27T15:02:59.716118
tunisieannonce_c84adc4aafef,tunisieannonce,2500.0,100.0,,Bab Bhar,TUNIS,north,Bab Bhar,Sale,Commercial,36.7981,10.1803,2 wc|comptoir|cuisine|grand salle|mezzanine|petit terrasse|terrasse,65,GOOD,1.0,True,False,new,,25.0,2026-03-26T23:29:53.131733
tunisieannonce_c9ad145e05e6,tunisieannonce,370000.0,150.0,3.0,Cite Ennasr 2,TUNIS,north,Jebel Jelloud,Sale,Apartment,36.7667,10.1833,3 chambres à coucher|balcons|cuisine équipée|salle d'eau d'invité|salle de douche|salon|séchoir,100,HIGH,1.5,False,False,new,,2466.67,2026-03-27T14:36:42.175771
tunisieannonce_c90638612ae4,tunisieannonce,150.0,150.0,1.0,Marsa Erriadh,TUNIS,north,Jebel Jelloud,Rent,Apartment,36.7667,10.1833,3 chambres à coucher|accès direct sur la route de la marsa|app est bien équipé avec tv satellite micro onde lave linge|balcon|banque|chauffage central|climatisation|climatiseur chauffage centrale|clinique|cuisine|fast food|haut standing|luxueux appartement|pharmacie|propreté et hygiène|restaurant|résidence très calme et entretenue|salle d'eau|salle de bain|salon|salon de thé|serviettes de bain|tous les draps|tout confort,90,HIGH,1.5,False,False,new,,1.0,2026-03-27T14:25:17.698452
tunisieannonce_ca68e5119aab,tunisieannonce,3800.0,400.0,3.0,Chotrana 2,TUNIS,north,Jebel Jelloud,Rent,Villa,36.7667,10.1833,chambre|chambre de service|cuisine|meuble|piscine|salle d'eau|salon|suites|téléphone,100,HIGH,1.5,False,False,unchanged,0.0,9.5,2026-03-26T16:29:36.904573
tunisieannonce_ca6a84cbdd2e,tunisieannonce,5500.0,420.0,4.0,Cite Ennasr 2,TUNIS,north,Jebel Jelloud,Rent,Villa,36.7667,10.1833,3 chambres enfants|architecture élégante|confort absolu|espaces généreux|garage|grands espaces lumineux|haut standing|jardin|jardin privatif|rez-de-jardin|suite parentale|villa,90,HIGH,1.5,False,False,new,,13.1,2026-03-27T15:28:15.805985
tunisieannonce_c93ce59804d3,tunisieannonce,390000.0,135.0,3.0,El Aouina,TUNIS,north,Jebel Jelloud,Sale,Apartment,36.7667,10.1833,chauffage central|climatisation|climatisation en split|cuisine équipée avec un séchoir|deux chambres à coucher avec dressings|parking|place de parking au sous-sol|salle d'eau invités|salle de bain commune|salon donnant sur une terrasse en forma « l »|terrasse,100,HIGH,1.5,False,False,new,,2888.89,2026-03-26T23:27:01.786712
tunisieannonce_ca56f17f4b55,tunisieannonce,850.0,50.0,,Ariana,TUNIS,north,Ariana Ville,Sale,Commercial,36.866011,10.193923,fond de commerce|plein activité,75,GOOD,1.0,True,False,unchanged,0.0,17.0,2026-03-26T16:37:18.036224
tunisieannonce_c9a47cb156ad,tunisieannonce,182500.0,146.0,1.0,La Mannouba,TUNIS,north,Mannouba,Sale,Land,36.8097,10.0928,146 m2|autorisation de bâtir|plan aussi sonède et steg|terrain commercial r+3|usage commercial,100,HIGH,1.5,False,False,unchanged,0.0,1250.0,2026-03-26T16:08:07.288026
tunisieannonce_ca41d418ad4a,tunisieannonce,850.0,70.0,1.0,Cite Ennasr 1,TUNIS,north,Jebel Jelloud,Rent,Apartment,36.7667,10.1833,air conditioning|bathroom|bedroom|central heating|chauffage central|climatisation|dryer|equipped kitchen|gardiennage|kitchen|living room|parking|s+1|storage|syndic|underground parking,90,HIGH,1.5,False,False,new,,12.14,2026-03-26T23:07:44.760477
tunisieannonce_c948ca368b03,tunisieannonce,3500.0,125.0,2.0,Ain Zaghouan,TUNIS,north,Zaghouan,Rent,Apartment,36.4025,10.1431,chambre avec dressing & balcon|climatisation|climatisation centrale & chauffage par le sol|cuisine semi-ouverte équipée|parking|place de parking en sous-sol|salon lumineux avec balcon|suite parentale avec dressing & salle de douche,90,HIGH,1.5,False,False,unchanged,0.0,28.0,2026-03-27T15:47:23.770956
tunisieannonce_ca66e7516eee,tunisieannonce,3000.0,130.0,1.0,Berge Du Lac,TUNIS,north,Jebel Jelloud,Rent,Apartment,36.7667,10.1833,balcon|chauffage|climatisation|climatisation centrale|cuisine|meuble|parking|place de parking au sous-sol|salle d'eau invités|séchoir,90,HIGH,1.5,False,False,unchanged,0.0,23.08,2026-03-26T23:34:53.327672
tunisieannonce_cacced1be0e8,tunisieannonce,3500.0,,1.0,Chotrana 2,TUNIS,north,Jebel Jelloud,Rent,Land,36.7667,10.1833,320 m² couverts|chauffage central|climatisation|climatisation en split|cuisine spacieuse et fonctionnelle|deux chambres à coucher avec dressings|espace de rangement|garage|garage pour deux voitures|grand jardin|grand salon lumineux|jardin|salle de douche commune|salle deau invités|suite parentale|séjour|terrain de 1000 m²|villa de plain-pied|véranda,85,HIGH,1.5,False,False,new,,,2026-03-27T15:30:02.759012
tunisieannonce_cc294ef4374e,tunisieannonce,2100.0,100.0,2.0,Jardins De Carthage,TUNIS,north,Carthage,Rent,Apartment,36.8536,10.3256,ascenseur|balcon|cellier|chambre à coucher|chauffage central|climatisation|climatisation centrale|cuisine équipée avec séchoir|haut standing|jardin|meuble|meublé|parking|place de parking au sous-sol|résidence sécurisée|s+2|salle de bain|salle deau invités|suite parentale,95,HIGH,1.5,False,False,unchanged,0.0,21.0,2026-03-26T16:37:08.076211
tunisieannonce_cb7717bfc45d,tunisieannonce,1600.0,100.0,1.0,El Menzah 5,TUNIS,north,El Menzah,Rent,Commercial,36.8528,10.1703,chauffage central|douche|entrée indépendante|jardin|rez de chaussée|salle d'eau|villa,90,HIGH,1.5,False,False,new,,16.0,2026-03-26T23:19:50.545421
tunisieannonce_cb61c13e97ec,tunisieannonce,200000.0,114.0,3.0,Monfleury,TUNIS,north,Jebel Jelloud,Sale,Villa,36.7667,10.1833,chauffage central|cuisine|deux chambres à couché|entrée indépendante|salle à manger|salon|système de chauffage central,100,HIGH,1.5,False,False,unchanged,0.0,1754.39,2026-03-26T23:11:24.677367
tunisieannonce_caaa5937bf81,tunisieannonce,3200.0,80.0,2.0,Chatt Meriem,TUNIS,north,Jebel Jelloud,Rent,Apartment,36.7667,10.1833,balcony|piscine|vue mer,90,HIGH,1.5,False,False,new,,40.0,2026-03-27T15:18:16.399206
tunisieannonce_cb63d2cb41d6,tunisieannonce,560.0,101.0,1.0,Cite Ennasr 2,TUNIS,north,Jebel Jelloud,Rent,Apartment,36.7667,10.1833,app. 2 pièc|bel appartement meublé s+1|meuble|meublé|proche de la clinique hamilcar|résidence,90,HIGH,1.5,False,False,unchanged,0.0,5.54,2026-03-26T23:33:10.223292
tunisieannonce_cbb3a3a15424,tunisieannonce,13500.0,640.0,,Berge Du Lac,TUNIS,north,Jebel Jelloud,Sale,Commercial,36.7667,10.1833,ascenseur|climatisation|climatisation centrale|double ascenseur|fibre optique|gardien|kitchenette|open space|parking|parking sous sol|salle de pause|salle de réunion|salles d'eau|système d'alarme,80,GOOD,1.0,True,False,unchanged,0.0,21.09,2026-03-26T15:57:17.006521
tunisieannonce_cbf4319fcfbd,tunisieannonce,1220.0,100.0,2.0,Le Bardo,TUNIS,north,Le Bardo,Rent,Commercial,36.8111,10.1364,,95,HIGH,1.5,False,False,unchanged,0.0,12.2,2026-03-26T16:24:34.017697
tunisieannonce_cc52ad1147ba,tunisieannonce,3500.0,500.0,4.0,Gammart,TUNIS,north,Jebel Jelloud,Rent,Villa,36.7667,10.1833,chauffage central|climatisation|cuisine aménagée souvre également sur le jardin|deux chambres à coucher|garage|jardin|salle de douche commune|salle à manger|salon lumineux ouvert sur lextérieur|sejour|suite parentale avec dressing|système de climatisation en split dans toutes les pièces,90,HIGH,1.5,False,False,new,,7.0,2026-03-27T15:46:37.022617
tunisieannonce_cc4579f3bd79,tunisieannonce,1150.0,150.0,3.0,Ariana,TUNIS,north,Ariana Ville,Rent,Villa,36.866011,10.193923,elelectrecite triphase|gaz de ville|open space,90,HIGH,1.5,False,False,unchanged,0.0,7.67,2026-03-27T14:31:53.945995
tunisieannonce_cd1dedc2c148,tunisieannonce,1200.0,100.0,3.0,Le Bardo,TUNIS,north,Le Bardo,Rent,Villa,36.8111,10.1364,2 bedrooms|balcon|cuisine|grand salon|salle de bain,85,HIGH,1.5,False,False,new,,12.0,2026-03-26T23:30:14.052105
tunisieannonce_ce69745f4c8d,tunisieannonce,1800.0,150.0,2.0,El Aouina,TUNIS,north,Jebel Jelloud,Rent,Apartment,36.7667,10.1833,ascenseur|balcon|chambre à coucher avec dressing|chauffage|climatisation|climatisation central|cuisine bien équipée|haut standing|parking|place parking sous-sol|plaque hotte et four|salle d'eau invités|salle de bain|spacious salon|suite parentale avec douche et grand dressing,90,HIGH,1.5,False,False,new,,12.0,2026-03-27T14:30:33.913894
tunisieannonce_cee9b6baebf6,tunisieannonce,4000.0,172.0,2.0,Ezzahra,TUNIS,north,Ezzahra,Rent,Commercial,36.743,10.308,172 m2|covered|local commercial,90,HIGH,1.5,False,False,unchanged,0.0,23.26,2026-03-26T18:14:32.387454
tunisieannonce_cee19a119575,tunisieannonce,231000.0,420.0,,Borj Cedria,TUNIS,north,Jebel Jelloud,Sale,Land,36.7667,10.1833,accessibility|attestation_propriété|electricity|form|gas|haut standing|lighting|location|orientation|price|public_roads|sewerage|soil|stability|street_layout|sunlight|surface_area|telecommunications|title_foncier|travel_time|type|viability|water,100,HIGH,1.5,False,False,unchanged,0.0,550.0,2026-03-26T16:08:17.333443
tunisieannonce_cd38b5a8dfe1,tunisieannonce,620000.0,250.0,3.0,El Menzah 5,TUNIS,north,El Menzah,Sale,Land,36.8528,10.1703,bien ensoleillé|bonne orientation|bâti 1982|chauffage central|cuisine bien équipée|débarras|entrée indépendante|haut standing|jardin|parking|parking extérieur|rez de chaussée|rénovée en 2025|s3 haut standing|salle d'eau|salle de bain|salle à manger|salon lumineux|séchoir|terrasse|titre collectif|titre individuel pour le terrain|trois chambres à coucher|villa,100,HIGH,1.5,False,False,unchanged,0.0,2480.0,2026-03-26T23:09:24.011702
tunisieannonce_ce4b5f1a3199,tunisieannonce,1650.0,,3.0,Cite Ennasr 2,TUNIS,north,Jebel Jelloud,Rent,Apartment,36.7667,10.1833,"3 chambres à coucher|cuisine équipée de plaque, hotte et four avec grand séchoir|haut standing|salle d'eau|salle de bain|salon avec balcon",85,HIGH,1.5,False,False,unchanged,0.0,,2026-03-27T14:54:23.988030
tunisieannonce_cc5316314755,tunisieannonce,1000.0,150.0,2.0,Ezzahra,TUNIS,north,Ezzahra,Rent,Apartment,36.743,10.308,centre ville|furnished|longue durée|meuble|quiet|richly meublé|spacious|well equipped,90,HIGH,1.5,False,False,new,,6.67,2026-03-27T15:45:40.004393
tunisieannonce_cf104f053646,tunisieannonce,230000.0,378.0,,Dar Fadhal,TUNIS,north,Jebel Jelloud,Sale,Land,36.7667,10.1833,exposé de deux coté à la rue|passage de 2m par la 3éme coté|terrain,90,HIGH,1.5,False,False,unchanged,0.0,608.47,2026-03-27T15:03:44.132789
tunisieannonce_cf1ca85c26d7,tunisieannonce,900000.0,328.0,2.0,Kelibia,TUNIS,north,Kelibia,Sale,Villa,36.8472,11.0944,garage|garden|jardin|piscine|pool|terrace|terrasse|view,100,HIGH,1.5,False,False,new,,2743.9,2026-03-26T23:27:19.965292
tunisieannonce_ce4347710539,tunisieannonce,388000.0,70.0,1.0,Jardins De Carthage,TUNIS,north,Carthage,Sale,Apartment,36.8536,10.3256,abri pour voiture|chambre à coucher|chauffage central|climatisation|climatisation centrale|cuisine|jardin|jardin privatif|salle de bain|salon|système d'alarme|terrasse,100,HIGH,1.5,False,False,unchanged,0.0,5542.86,2026-03-27T15:06:44.025322
tunisieannonce_d08332be323b,tunisieannonce,244120.0,300.0,,Borj Louzir,TUNIS,north,Jebel Jelloud,Sale,Land,36.7667,10.1833,"construction dune villa ou habitation haut standing|emplacement|haut standing|proche de toutes les commodités|projet dinvestissement immobilier|quartier dynamique|raccordements disponibles : steg, sonede, gaz et onas|surface|terrain",90,HIGH,1.5,False,False,unchanged,0.0,813.73,2026-03-26T17:55:13.284795
tunisieannonce_cf3b344010cf,tunisieannonce,220000.0,88.0,2.0,El Mourouj,TUNIS,north,El Mourouj,Sale,Apartment,36.7405,10.2042,3chambres|caméra de surveillance|chauffage central|climatisation|climatiseur|cuisine|haut standing|parking|place de parking|salle de bain|salon,100,HIGH,1.5,False,False,unchanged,0.0,2500.0,2026-03-26T15:33:01.474897
tunisieannonce_d027ed840a4a,tunisieannonce,2500.0,660.0,1.0,Caid Mhamed,TUNIS,north,Jebel Jelloud,Rent,Land,36.7667,10.1833,3 rues|410 m2 de couvert|661 m2|centre-ville|compteur électricité|force est|jardin|projet médical|projet éducatif|terrain|villa,90,HIGH,1.5,False,False,new,,3.79,2026-03-27T15:58:19.819171
tunisieannonce_cfa89707e361,tunisieannonce,360000.0,142.0,3.0,Maakel Ezza¤M,TUNIS,north,Jebel Jelloud,Sale,Villa,36.7667,10.1833,3 chambres|cuisine|jardin|petit jardin|salle de bain|salon|studio|terrasse|villa,100,HIGH,1.5,False,False,new,,2535.21,2026-03-27T15:23:09.792074
tunisieannonce_cf56e6e49700,tunisieannonce,250000.0,120.0,3.0,Ezzahra,TUNIS,north,Ezzahra,Sale,Apartment,36.743,10.308,résidence gardée|s+3,95,HIGH,1.5,False,False,new,,2083.33,2026-03-27T15:08:05.699947
tunisieannonce_d038a14a2360,tunisieannonce,2300.0,70.0,3.0,Berge Du Lac,TUNIS,north,Jebel Jelloud,Rent,Apartment,36.7667,10.1833,air conditioning|bedroom with dressing|central heating|chauffage central|climatisation|equipped kitchenette|luminescent salon|meuble|shower room,90,HIGH,1.5,False,False,new,,32.86,2026-03-27T15:09:42.213701
tunisieannonce_cf7f8185fc2d,tunisieannonce,650000.0,600.0,2.0,Hammam Sousse,TUNIS,north,Hammam Sousse,Sale,Apartment,35.8592,10.59,centre ville|chambres|cuisine|deuxième étage|hamam|haut standing|rez de chaussé|salle de bain|salon|surface total|terrasse,95,HIGH,1.5,False,False,unchanged,0.0,1083.33,2026-03-26T23:38:46.497912
tunisieannonce_cf55eededf0c,tunisieannonce,7000.0,2026.0,3.0,Marsa Safsaf,TUNIS,north,Jebel Jelloud,Rent,Apartment,36.7667,10.1833,chauffé|climatisé|parking|piscine|place de parking|vue mer,80,GOOD,1.0,True,False,unchanged,0.0,3.46,2026-03-27T14:25:06.644174
tunisieannonce_d00b0538fade,tunisieannonce,1800.0,90.0,2.0,Cite Ennasr 1,TUNIS,north,Jebel Jelloud,Rent,Apartment,36.7667,10.1833,meuble|meublé|s+2,90,HIGH,1.5,False,False,unchanged,0.0,20.0,2026-03-27T15:59:51.614236
tunisieannonce_cf30dfb96af1,tunisieannonce,823200.0,784.0,,Ariana,TUNIS,north,Ariana Ville,Sale,Land,36.866011,10.193923,emplacement stratégique|fort potentiel dexploitation|forte visibilité commerciale|long terme|orientation|raccordements disponibles : steg  sonede  gaz  onas|terrain|titre foncier individuel|viabilisé,90,HIGH,1.5,False,False,new,,1050.0,2026-03-26T23:23:21.044048
tunisieannonce_d3ceaad8328e,tunisieannonce,270000.0,132.0,3.0,El Manar 2,TUNIS,north,Jebel Jelloud,Sale,Other,36.7667,10.1833,ascenseur|balcon|chauffage central|contact de vente enregistré|douche|parking|rénové|s plus|salle d'eau|séchoir,100,HIGH,1.5,False,False,new,,2045.45,2026-03-27T15:23:02.279422
tunisieannonce_d2424087c9f7,tunisieannonce,13420.0,732.0,4.0,Le Kram,TUNIS,north,Jebel Jelloud,Rent,Commercial,36.7667,10.1833,3 pièces de bureau|3 points d'eau|4 pièce de bureaux polyvalente|4 points d'eau|berges du lac|climatisation|climatisation centrale|débarras|immeuble prestigieux|meuble|open space|open space modulable|parking|places de parking|plateau moderne|salle de serveur,90,HIGH,1.5,False,False,new,,18.33,2026-03-27T15:12:08.150816
tunisieannonce_d225bdf0c130,tunisieannonce,1800.0,160.0,4.0,Mutuelle Ville,TUNIS,north,Jebel Jelloud,Sale,Commercial,36.7667,10.1833,4 pièces|kitchenette|salle d'eau|salon,80,GOOD,1.0,True,False,unchanged,0.0,11.25,2026-03-27T14:55:34.567664
tunisieannonce_d2c0829fd5ee,tunisieannonce,538118.0,113.0,3.0,El Kantaoui,TUNIS,north,Jebel Jelloud,Sale,Apartment,36.7667,10.1833,balcon|chambres à coucher|cuisine|dressing|espace gazonné|hall|piscine|salle de douche|salon|séchoir|terrasse,100,HIGH,1.5,False,False,unchanged,0.0,4762.11,2026-03-26T18:19:35.411513
tunisieannonce_d3c19b04635d,tunisieannonce,300000.0,252.0,,Sidi Bou Ali,TUNIS,north,Sidi Bou Ali,Sale,Land,35.9833,10.4667,couvert équipé|eau sonede|ferme|oliviers|terrain agr|villa style américain|électricité,90,HIGH,1.5,False,False,new,,1190.48,2026-03-27T14:33:39.441339
tunisieannonce_d26120a0b294,tunisieannonce,2550.0,200.0,3.0,Berge Du Lac,TUNIS,north,Jebel Jelloud,Rent,Apartment,36.7667,10.1833,chambre|chauffage central|climatisation|cuisine équipée|douche|dressers|parking|salle d'eau invités|salle de bain|salon|sejour|three bedrooms|two places de parking sous-sol,90,HIGH,1.5,False,False,new,,12.75,2026-03-27T16:11:13.140751
tunisieannonce_d31fb8f5bb01,tunisieannonce,1150.0,60.0,1.0,Ain Zaghouan,TUNIS,north,Zaghouan,Rent,Apartment,36.4025,10.1431,bien équipée|chambre à coucher|cuisine|salon,90,HIGH,1.5,False,False,new,,19.17,2026-03-27T14:38:44.116941
tunisieannonce_d3b54964c1cb,tunisieannonce,7200.0,80.0,,Raoued,TUNIS,north,Raoued,Sale,Land,36.908,10.2,habitation|terrain,80,GOOD,1.0,False,False,new,,,2026-03-26T23:26:16.859732
tunisieannonce_d3b769365efa,tunisieannonce,2250.0,1000.0,,Chotrana 1,TUNIS,north,Jebel Jelloud,Sale,Land,36.7667,10.1833,proximity to Renault Chotrana|surface|terrain,75,GOOD,1.0,True,False,new,,,2026-03-27T15:43:10.577334
tunisieannonce_d307a3e2c840,tunisieannonce,1200.0,200.0,1.0,Sidi Frej,TUNIS,north,Jebel Jelloud,Rent,Commercial,36.7667,10.1833,accessibilité au semi-remorque|accessibilité aux camions poids lourd|dépot|hauteur,90,HIGH,1.5,False,False,unchanged,0.0,6.0,2026-03-27T15:16:38.150313
tunisieannonce_d5062918e147,tunisieannonce,900000.0,410.0,3.0,Ezzahra,TUNIS,north,Ezzahra,Sale,Land,36.743,10.308,garage|jardin|studio|surface_batie|terrain|villa,100,HIGH,1.5,False,False,unchanged,0.0,2195.12,2026-03-26T15:59:08.227673
tunisieannonce_d506fad0fc56,tunisieannonce,540000.0,186.0,5.0,El Aouina,TUNIS,north,Jebel Jelloud,Sale,Villa,36.7667,10.1833,air conditioning|balcon|bathroom|chauffage central|climatisation|garage|garage commercial|gardens|heating central|jardin|kitchen|salons|storage|suite parentale|terrace|terraces|terrasse|toilets,100,HIGH,1.5,False,False,new,,2903.23,2026-03-27T15:18:50.790169
tunisieannonce_d5f8cc2ce1b8,tunisieannonce,131.0,120.0,1.0,Ezzahra,TUNIS,north,Ezzahra,Rent,Apartment,36.743,10.308,meuble|richment meublé,90,HIGH,1.5,False,False,new,,1.09,2026-03-27T15:53:44.635975
tunisieannonce_d57ef64a9b76,tunisieannonce,1240.0,32.0,,Sidi Daoud,TUNIS,north,Jebel Jelloud,Sale,Land,36.7667,10.1833,terrain|titre foncier urbaine individuel r+2,70,GOOD,1.0,True,False,unchanged,0.0,38.75,2026-03-26T17:53:40.328293
tunisieannonce_d4130b77c452,tunisieannonce,1400.0,140.0,1.0,Ariana,TUNIS,north,Ariana Ville,Rent,Commercial,36.866011,10.193923,bureautique|habitation,90,HIGH,1.5,False,False,new,,10.0,2026-03-26T23:25:22.430237
tunisieannonce_d5324447ff0e,tunisieannonce,2900.0,750.0,1.0,Cite Jardins,TUNIS,north,Jebel Jelloud,Sale,Land,36.7667,10.1833,"investisseur souhaitant développer un projet résidentiel, commercial ou locatif|jardin|possibilités d'aménagement|quartier calme|surface bâtie|terrain",80,GOOD,1.0,True,False,unchanged,0.0,3.87,2026-03-26T23:47:48.243912
tunisieannonce_d5f5f14b3389,tunisieannonce,1000.0,133.0,2.0,Bab Bhar,TUNIS,north,Bab Bhar,Rent,Apartment,36.7981,10.1803,balcon|chambres|cheminée|cuisine|salle d'eau|salon,95,HIGH,1.5,False,False,unchanged,0.0,7.52,2026-03-26T16:15:24.368055
tunisieannonce_d46da00ddae0,tunisieannonce,65000.0,50.0,3.0,Republique,TUNIS,north,Jebel Jelloud,Rent,Commercial,36.7667,10.1833,ascenseur|ascenseurs|bloc de service|bloc sanitaire|climatisation|climatisation (chaud/froid)|hall de réception en double hauteur|meuble|mezzanine|parking|pièces en structure légère|rez de chaussée|réseau informatique|sous-sol|surface couverte|terrasse|terrasse exploitable|étages,80,GOOD,1.0,True,False,new,,1300.0,2026-03-27T15:50:04.663063
tunisieannonce_d63e28d0f029,tunisieannonce,510000.0,176.0,3.0,Cite Ennasr 2,TUNIS,north,Jebel Jelloud,Sale,Apartment,36.7667,10.1833,ascenseur|balcon|bathroom|built 2021|chauffage central|climatisation|dressing room|haut standing|heating central|parking|sechoir|semi-equipped kitchen|shower|suite parentale|title individual|view|water heater,100,HIGH,1.5,False,False,unchanged,0.0,2897.73,2026-03-26T23:09:03.395619
tunisieannonce_d5cf927c3a14,tunisieannonce,120000.0,80.0,2.0,El Mourouj,TUNIS,north,El Mourouj,Sale,Apartment,36.7405,10.2042,3chambres a couchée|balcon|cuisine|dressing|parking|place de parking|salle de bain|salon|séchoir,100,HIGH,1.5,False,False,unchanged,0.0,1500.0,2026-03-26T15:28:49.450730
tunisieannonce_d7c07dc3a6cd,tunisieannonce,600.0,76.0,2.0,Bou Mhel,TUNIS,north,Jebel Jelloud,Rent,Villa,36.7667,10.1833,commodités|s+2|villa,90,HIGH,1.5,False,False,new,,7.89,2026-03-27T14:52:49.756859
tunisieannonce_d641804f6def,tunisieannonce,2700.0,220.0,4.0,Sidi Daoud,TUNIS,north,Jebel Jelloud,Rent,Apartment,36.7667,10.1833,chauffage central|climatisation|cuisine équipée|deux chambres à coucher|douche|dressings|parking|place de parking sous-sol|salle d'eau invités|salle de bain|salon|suite parentale,90,HIGH,1.5,False,False,unchanged,0.0,12.27,2026-03-26T23:12:47.217439
tunisieannonce_d7068e9d57ed,tunisieannonce,65000.0,400.0,,Hammamet,TUNIS,north,Hammamet,Sale,Land,36.4,10.6167,eau|terrain|électricité,90,HIGH,1.5,False,False,new,,162.5,2026-03-27T14:49:07.579353
tunisieannonce_d67684422ae9,tunisieannonce,260000.0,100.0,3.0,El Menzah 9,TUNIS,north,El Menzah,Sale,Other,36.8528,10.1703,s plus 2|salle de bain|wb3426,100,HIGH,1.5,False,False,new,,2600.0,2026-03-27T15:03:59.973965
tunisieannonce_d6ebc778c5e1,tunisieannonce,240000.0,92.0,3.0,Ezzahra,TUNIS,north,Ezzahra,Sale,Apartment,36.743,10.308,ascenseur|emplacement privilégié|résidence,100,HIGH,1.5,False,False,new,,2608.7,2026-03-27T14:35:31.919356
tunisieannonce_d7dcf13a2f6a,tunisieannonce,1000.0,100.0,2.0,Mimosas Villas Et Bungalows,TUNIS,north,Jebel Jelloud,Rent,Apartment,36.7667,10.1833,assanceur|balcon|climatisation|cuisine|deux chambres à coucher|douche italienne|grand salon|lavabo|piscine|piscine privée|plage|résidence gardé bien sécurisé|salle à manger|seconde salle d'eau séparée|vue mer|vue montagne|wc|wifi,100,HIGH,1.5,False,False,unchanged,0.0,10.0,2026-03-26T16:36:14.532900
tunisieannonce_d643c7701da2,tunisieannonce,2750.0,150.0,1.0,Berge Du Lac,TUNIS,north,Jebel Jelloud,Rent,Commercial,36.7667,10.1833,2 salles deau|4 bureaux/pièces indépendants|connexion fibre optique|hall daccueil|kitchenette équipée|meuble|parking|place de parking au sous-sol|salle de réunion|terrasse|terrasse (espace fumeur),90,HIGH,1.5,False,False,new,,18.33,2026-03-27T14:31:18.978658
tunisieannonce_d67ac8436b5a,tunisieannonce,395000.0,155.0,3.0,Cite Ennasr 2,TUNIS,north,Jebel Jelloud,Sale,Apartment,36.7667,10.1833,2 chambres à coucher|balcon|chambre parents|chauffage central|climatisation|climatisation en split système|cuisine|parking|place de parking sous sol|s+3|salle d'eau invités|salle de bain commune|vue dégagée,100,HIGH,1.5,False,False,new,,2548.39,2026-03-27T15:28:06.578360
tunisieannonce_d7333a5f57cb,tunisieannonce,265500.0,590.0,,El Kantaoui,TUNIS,north,Jebel Jelloud,Sale,Land,36.7667,10.1833,avenue de l'environnement|proche de la plage|terrain|titre individeul,90,HIGH,1.5,False,False,new,,450.0,2026-03-27T14:37:51.133951
tunisieannonce_d773249bfd01,tunisieannonce,2300.0,2000.0,,Bir Mcherga Gare,TUNIS,north,Bir Mcherga,Sale,Land,36.5167,10.0,administration|eau|entrepot|gaz|mur de ciment|terrain|électricité,85,HIGH,1.5,True,False,unchanged,0.0,,2026-03-26T16:32:30.543629
tunisieannonce_d9161954dd61,tunisieannonce,150.0,60.0,2.0,Zone Urbaine Nord,TUNIS,north,Jebel Jelloud,Rent,Apartment,36.7667,10.1833,chauffage central|climatisation|climatiseur|haut standing|meuble,90,HIGH,1.5,False,False,new,,2.5,2026-03-27T15:01:36.149067
tunisieannonce_d9192c45c09c,tunisieannonce,1600.0,125.0,1.0,Cite Ennasr 2,TUNIS,north,Jebel Jelloud,Rent,Apartment,36.7667,10.1833,1er étage|2 chambres à coucher|antenne parabolique|ascenseur|bien meublé|chauffage et climatisation centrale|climatisation|cuisine indépendante bien équipée|double ascenseur|entrée indépendante|meuble|parking|revêtement: marbre|salle de bains|salon|service de conciergerie|service de sécurité|surface 125 m²|séchoir|terrasse,90,HIGH,1.5,False,False,unchanged,0.0,12.8,2026-03-26T17:51:39.702912
tunisieannonce_d98b113d42b4,tunisieannonce,900.0,100.0,2.0,Nouvelle Medina,TUNIS,north,Nouvelle Medina,Rent,Apartment,36.75,10.23,ascenseur|cuisine|deux chambres à coucher|elevator|grand salon|hall d'entrée|placard|plaque + four|salle de bain,90,HIGH,1.5,False,False,unchanged,0.0,9.0,2026-03-26T18:15:49.960994
tunisieannonce_d9e5f908e148,tunisieannonce,170000.0,100.0,2.0,El Mourouj,TUNIS,north,El Mourouj,Sale,Apartment,36.7405,10.2042,3chambres à coucher|balcon|cuisine équipée|parking|place parking|salle de bain|salon|séchoir|sécurisée,100,HIGH,1.5,False,False,unchanged,0.0,1700.0,2026-03-26T16:05:53.499304
tunisieannonce_d8cb02881935,tunisieannonce,290.0,25.0,2.0,Borj Cedria,TUNIS,north,Jebel Jelloud,Rent,Apartment,36.7667,10.1833,meuble|proche d'aziza|proche de la gare borj cedria|proche de la mer|proche de mg|proche de toutes les commodités|proche du mosquet|studio meublé|sécurisé|très bon emplacement,90,HIGH,1.5,False,False,new,,11.6,2026-03-27T16:01:59.044151
tunisieannonce_d8ea40350ec5,tunisieannonce,215000.0,300.0,,Mornaguia,TUNIS,north,Mornaguia,Sale,Land,36.7833,9.95,300m²|clôturé|coin|compteur steg|gaz de ville|sondage|soned|terrain,90,HIGH,1.5,False,False,new,,716.67,2026-03-27T14:34:16.359499
tunisieannonce_d8f60d8a881c,tunisieannonce,3500.0,300.0,6.0,Mutuelle Ville,TUNIS,north,Jebel Jelloud,Sale,Commercial,36.7667,10.1833,6 pièces de bureau|artère principale|deux salles d'eau|emplacement stratégique|sup 300 m²|une kitchenette|usage de bureaux|villa,80,GOOD,1.0,True,False,unchanged,0.0,11.67,2026-03-26T23:39:21.007316
tunisieannonce_d8443be2bbe3,tunisieannonce,9420.0,417.0,,Le Kram,TUNIS,north,Jebel Jelloud,Rent,Commercial,36.7667,10.1833,alarme incendie|ascenseur|climatisation|compteurs sonede|compteurs steg|contrôle d'accès|câblage informatique|hall d'ascenseur|kitchenettes|neuf bureaux|open space|quatre toilettes|salles serveur|système de climatisation air-eau chaud/froid,80,GOOD,1.0,False,False,new,,22.59,2026-03-27T15:49:46.169496
tunisieannonce_d92329ab20f0,tunisieannonce,270000.0,160.0,4.0,Tunis Belvedere,TUNIS,north,Jebel Jelloud,Sale,Other,36.7667,10.1833,160m|4 eme etage|ascenseur|rénové|s plus|sans ascenseur,100,HIGH,1.5,False,False,new,,1687.5,2026-03-27T14:31:10.330982
tunisieannonce_d847ed510f0d,tunisieannonce,240000.0,60.0,3.0,El Menzah 6,TUNIS,north,El Menzah,Sale,Commercial,36.8528,10.1703,ascenseur|au 2 eme etage|bien ensoleillé|salle d'eau|sans ascenseur,100,HIGH,1.5,False,False,new,,4000.0,2026-03-27T15:09:59.400014
tunisieannonce_db359af98363,tunisieannonce,410000.0,570.0,,Raoued,TUNIS,north,Raoued,Sale,Land,36.908,10.2,façade|gammart|investissement|plage|prix du m2|route principale|terrain|voie projetée,90,HIGH,1.5,False,False,unchanged,0.0,719.3,2026-03-27T15:17:51.606776
tunisieannonce_da94e139395d,tunisieannonce,498000.0,118.0,4.0,Mahdia Hiboun,TUNIS,north,Mahdia,Sale,Villa,35.5044,11.0567,a proximité de toutes les facilités|aire de parking privée individuelle|appartements de haut standing|comprenant 2 appartements par étage|finition irréprochable|grande qualité des matériaux|haut standing|la résidence est composée d'un rdc et de 2 étages|parking|prix: 4350 d le m2|résidence idéalement située|tres lumineux|très spacieux de 118 m2 et 137 m2,100,HIGH,1.5,False,False,new,,4220.34,2026-03-27T15:19:33.459311
tunisieannonce_dc0ca9717a3a,tunisieannonce,410000.0,125.0,3.0,Dar Fadhal,TUNIS,north,Jebel Jelloud,Sale,Other,36.7667,10.1833,chauffage central|climatisation|parking|parking sous sol|salle d'eau|salle de bain,100,HIGH,1.5,False,False,new,,3280.0,2026-03-27T14:49:23.377954
tunisieannonce_dad3cf08a511,tunisieannonce,260000.0,56.0,1.0,Chotrana 1,TUNIS,north,Jebel Jelloud,Sale,Apartment,36.7667,10.1833,chambre à coucher avec dressing|chauffage central|climatisation|climatisation split|douche italienne|four|hall de nuit avec dressing|haut standing|hotte|kitchinette entièrement aménagée et équipée|nouvellement construite|parking|place de parking sous sol|plaque|réfrigérateur encastré|salle de sport bien équipée|salon lumineux|studio s+1 neuf,100,HIGH,1.5,False,False,new,,4642.86,2026-03-27T14:51:58.086963
tunisieannonce_da2cb99e600d,tunisieannonce,29200.0,350.0,1.0,Ain Zaghouan,TUNIS,north,Zaghouan,Rent,Commercial,36.4025,10.1431,1350 m|3 niveaux|3 open space modulables|3 pièces de bureaux polyvalents|300 m|375 m|8 pièces de bureau|ascenseur|bloc sanitaire|bloc sanitaire de 5 points deau|deuxième étage|dépôt ou parking|grande visibilité|hall de réception|hauteur sous plafond 4 m|indépendante|infirmerie|kitchenette|local technique|meuble|monte-charge au sous-sol|open space|parking|premier étage|prestigieux|rez de chaussée|sous-sol|terrasse|terrasse exploitable,80,GOOD,1.0,True,False,new,,83.43,2026-03-27T15:11:27.640573
tunisieannonce_db5f4652e111,tunisieannonce,1300.0,60.0,1.0,El Mourouj,TUNIS,north,El Mourouj,Rent,Apartment,36.7405,10.2042,balcon|chambre à coucher|chauffage central|climatisation|climatiseurs|cuisine équipée|grand dressing|meuble|salle de bain,90,HIGH,1.5,False,False,new,,21.67,2026-03-27T15:36:22.432209
tunisieannonce_db2bae061fae,tunisieannonce,750.0,70.0,2.0,Monfleury,TUNIS,north,Jebel Jelloud,Rent,Apartment,36.7667,10.1833,balcon|cuisine|deux chambres|salle d'eau|salon,85,HIGH,1.5,False,False,new,,10.71,2026-03-27T15:49:56.268854
tunisieannonce_db1d2a04b66a,tunisieannonce,1600.0,65.0,2.0,Cite Ennasr 1,TUNIS,north,Jebel Jelloud,Rent,Apartment,36.7667,10.1833,meuble|studio meublé,90,HIGH,1.5,False,False,unchanged,0.0,24.62,2026-03-26T18:11:58.335669
tunisieannonce_dc0f123ebfed,tunisieannonce,3500.0,300.0,3.0,Gammart,TUNIS,north,Jebel Jelloud,Rent,Apartment,36.7667,10.1833,"chauffage central|climatisation|climatisation split|cuisine ouverte|deux suites avec dressings et salles de douche privatives|garage|jardin|salle d'eau|salon lumineux|suite parentale avec terrasse, dressing et salle de bain avec jacuzzi extérieur|terrasse",90,HIGH,1.5,False,False,unchanged,0.0,11.67,2026-03-27T15:35:20.816678
tunisieannonce_da3a9a7b80b9,tunisieannonce,4500.0,300.0,,El Menzah 6,TUNIS,north,El Menzah,Sale,Land,36.8528,10.1703,bureau|espace de repos|espace extérieur|garage|open space|piece qui peut être un bureau indépendant|salle de réunion|salle deau privatifs|salles deau,70,GOOD,1.0,True,False,unchanged,0.0,15.0,2026-03-27T15:37:28.788810
tunisieannonce_dcc4a7a67cba,tunisieannonce,15000.0,1350.0,2.0,El Charguia,TUNIS,north,Jebel Jelloud,Rent,Other,36.7667,10.1833,1ère étage|2eme étage|cantine|loge gardien|monte charge|parking|usine|électricité forte,80,GOOD,1.0,True,False,unchanged,0.0,11.11,2026-03-26T23:13:31.174403
tunisieannonce_dc9ea37d008e,tunisieannonce,530000.0,100.0,2.0,Marsa Safsaf,TUNIS,north,Jebel Jelloud,Sale,Commercial,36.7667,10.1833,2 salles d'eau|3 pièces|chauffage central|cuisine|hall d'entrée|splits,100,HIGH,1.5,False,False,unchanged,0.0,5300.0,2026-03-27T15:05:27.402982
tunisieannonce_dc1e390cc57e,tunisieannonce,370000.0,100.0,2.0,El Mourouj,TUNIS,north,El Mourouj,Sale,Villa,36.7405,10.2042,1er étage style duplex|2 chambres a coucher|2salles de bain|4chambres a coucher|cuisine well equipped|grand sallonge|kitchen well equipped|rdc independent|salle de bain|salon|sechoir|terrasse,100,HIGH,1.5,False,False,new,,3700.0,2026-03-27T15:40:25.942737
tunisieannonce_dcb8638c32c6,tunisieannonce,2500.0,140.0,,El Menzah 5,TUNIS,north,El Menzah,Sale,Commercial,36.8528,10.1703,emplacement bien mouvementé|forte visibilité|local h5|prix de location : 2 500 dt / mois|surface 140 m2,70,GOOD,1.0,True,False,unchanged,0.0,17.86,2026-03-27T15:44:02.946487
tunisieannonce_dd0145ba7850,tunisieannonce,1500.0,150.0,3.0,Republique,TUNIS,north,Jebel Jelloud,Sale,Commercial,36.7667,10.1833,ascenseur|open space|salle d'eau|surface de 150 m,75,GOOD,1.0,True,False,new,,10.0,2026-03-27T15:49:37.337658
tunisieannonce_dc789e1e9e7d,tunisieannonce,1350.0,622.0,4.0,El Menzah 9,TUNIS,north,El Menzah,Sale,Land,36.8528,10.1703,"2 logements indépendants|3 niveaux|550 m2 habitables|bâtisse en pierre|deuxième logement (appartement au 2ème étage)|en bon état|garage|premier logement (duplex)|quartier résidentiel à usage habitation|rez-de-chaussée + 1er étage|salon, cuisine, 2 chambres avec salle de bain, suite parentale|séjour, cuisine, garage, salon, 4 chambres, kitchenette et 2 salles de bain|terrain de 622 m2|villa",80,GOOD,1.0,True,False,unchanged,0.0,2.17,2026-03-27T15:16:01.518474
tunisieannonce_dc7056ed1195,tunisieannonce,2500.0,200.0,3.0,Marsa Ennassim,TUNIS,north,Jebel Jelloud,Rent,Villa,36.7667,10.1833,chambre à coucher|chauffage central|climatisation|climatisation en split|cuisine ouverte|dressing|four|hotte|jardin|patio|plaque|salle de bain|salle de douche|salon|suite|suite parentale,90,HIGH,1.5,False,False,new,,12.5,2026-03-27T16:16:39.266479
tunisieannonce_dc4fd21dd5f6,tunisieannonce,2100.0,80.0,2.0,Cite Ennasr 2,TUNIS,north,Jebel Jelloud,Rent,Apartment,36.7667,10.1833,banque|chauffage|climatisation|climatizer|clinique|hygiène et propreté|meuble|proche de toute commodité|residences gardée et sécuriser|restau|salon de thé,90,HIGH,1.5,False,False,new,,26.25,2026-03-27T15:32:46.991361
tunisieannonce_dd3ecd383596,tunisieannonce,2500.0,,2.0,Ain Zaghouan,TUNIS,north,Zaghouan,Rent,Apartment,36.4025,10.1431,balcon|chambres à coucher|chauffage central|climatisation|climatiseurs|cuisine|parking|place de parking au sous-sol|salle d'eau invités|salle de bain|séchoir,85,HIGH,1.5,False,False,unchanged,0.0,,2026-03-26T23:17:35.251735
tunisieannonce_dc4d1b378189,tunisieannonce,120000.0,600.0,,Hammamet,TUNIS,north,Hammamet,Sale,Land,36.4,10.6167,eau disponible|quartier calme|sécurisée|terrain|villa|électricité disponible,100,HIGH,1.5,False,False,unchanged,0.0,200.0,2026-03-26T15:34:42.587649
tunisieannonce_dd485185e789,tunisieannonce,460000.0,200.0,,Douar Hicher,TUNIS,north,Douar Hicher,Sale,Land,36.8333,10.0667,electricity|water,85,HIGH,1.5,False,False,new,,2300.0,2026-03-27T16:06:40.449961
tunisieannonce_ddd95273f93e,tunisieannonce,1700.0,70.0,2.0,Cite Ennasr 1,TUNIS,north,Jebel Jelloud,Rent,Apartment,36.7667,10.1833,meuble|studios meublés,85,HIGH,1.5,False,False,new,,24.29,2026-03-27T15:33:24.452748
tunisieannonce_de00dc07a4fe,tunisieannonce,1200.0,80.0,1.0,El Menzah 9,TUNIS,north,El Menzah,Rent,Apartment,36.8528,10.1703,balcon|cabine de douche|chambre à coucher|chauffage central|climatisation|climatiseurs en split système|cuisine indépendante|four|hotte|parking|piscine|place parking au sous sol|plaque|salle d'eau,90,HIGH,1.5,False,False,unchanged,0.0,15.0,2026-03-27T14:54:32.564552
tunisieannonce_de25cf25f347,tunisieannonce,1150.0,69.0,1.0,Ain Zaghouan,TUNIS,north,Zaghouan,Rent,Apartment,36.4025,10.1431,ascenseur|chambre|chauffage central|climatisation|climatiseurs|cuisine ouverte|double ascenseur|plaque hotte et four|s+1|salle de douche|salon,90,HIGH,1.5,False,False,unchanged,0.0,16.67,2026-03-27T15:56:06.287834
tunisieannonce_de0fc46e0895,tunisieannonce,4500.0,140.0,2.0,Berge Du Lac,TUNIS,north,Jebel Jelloud,Rent,Apartment,36.7667,10.1833,chambres à coucher|chauffage central|climatisation|cuisine|dressing|meuble|parking|penthouse|place de parking|richement meublé|s+2|salle d'eau invités|salle de bain commune|salon|terrasse|vue sur le lac,90,HIGH,1.5,False,False,new,,32.14,2026-03-27T15:45:57.037078
tunisieannonce_de201c7178b0,tunisieannonce,2500.0,123.0,2.0,Jardins De Carthage,TUNIS,north,Carthage,Rent,Apartment,36.8536,10.3256,cellier|chambres|chauffage central|climatisation|cuisine équipée|jardin|meuble|meublé|parking|place de parking|s+2|salle d'eau|salle de bain|terraces|terrasse,90,HIGH,1.5,False,False,unchanged,0.0,20.33,2026-03-27T15:50:55.295959
tunisieannonce_de61e4d077e3,tunisieannonce,155000.0,54.0,3.0,El Aouina,TUNIS,north,Jebel Jelloud,Sale,Apartment,36.7667,10.1833,ascenseur|balcon|chauffage central|cuisine indépendante|jardin|salle de douche|séchoir,100,HIGH,1.5,False,False,unchanged,0.0,2870.37,2026-03-26T17:44:28.730829
tunisieannonce_de928394dda1,tunisieannonce,170000.0,55.0,1.0,Republique,TUNIS,north,Jebel Jelloud,Sale,Apartment,36.7667,10.1833,chambre à coucher|climatisation|climatiseur|kitchenette aménagée et totalement équipée|meuble|salle d'eau avec cabine de douche|terrasse,100,HIGH,1.5,False,False,unchanged,0.0,3090.91,2026-03-26T16:14:45.186645
tunisieannonce_de7b89f31f6f,tunisieannonce,130000.0,430.0,1.0,Sfax,TUNIS,north,Agareb,Sale,Villa,34.7392,10.5258,2 véranda|4 grandes chambres|grande cuisine|jardin|salle de bain|salon|villa|wéstiya,95,HIGH,1.5,False,False,new,,302.33,2026-03-27T15:55:01.063472
tunisieannonce_dd4c0ef97e62,tunisieannonce,1500.0,170.0,3.0,Ain Zaghouan,TUNIS,north,Zaghouan,Rent,Villa,36.4025,10.1431,balcon|chauffage central|climatisation|cuisine bien équipée|deux climatiseurs|dressing au couloir|grand salon salle à manger|plaque hotte et four|salle de bain|trois chambres à coucher|une chambre avec dressing,90,HIGH,1.5,False,False,new,,8.82,2026-03-27T14:51:32.753560
tunisieannonce_defd3b4e739b,tunisieannonce,650.0,120.0,1.0,La Soukra,TUNIS,north,La Soukra,Rent,Other,36.885212,10.245301,calme|climatised|cuisine|deux chambre a couche|entièrement meublé|entrée indépendante|grand salon avec balcon|internet|luxueux|meuble|proche de l'aéroport tunis carthage|proche de l'hypermarché la marsa|s2|salle de bain|sécurisée,90,HIGH,1.5,False,False,unchanged,0.0,5.42,2026-03-27T16:07:37.423316
tunisieannonce_df6153f5ffbe,tunisieannonce,144000.0,659.0,,Beni Khalled,TUNIS,north,Beni Khalled,Sale,Land,36.65,10.5833,centre-ville|construction|façade|location|lycée|mosquée omar ibn al-khattab|projet dinvestissement|route principale|surface|terrain|terrain de football|usage résidentiel,90,HIGH,1.5,False,False,unchanged,0.0,218.51,2026-03-26T23:43:58.031072
tunisieannonce_dee741a67962,tunisieannonce,135000.0,150.0,2,Ben Arous,TUNIS,north,Ben Arous,Sale,Villa,36.745,10.225,cuisine|duplex|grande chambre|petite chambre|salle d'eau|terrasse,100,HIGH,1.5,False,False,new,,900.0,2026-03-26T23:26:40.342040
tunisieannonce_e15bc3b8ade9,tunisieannonce,580000.0,139.0,2.0,El Kantaoui,TUNIS,north,Jebel Jelloud,Sale,Apartment,36.7667,10.1833,fitness room|garden|meuble|parking|piscine|pool,100,HIGH,1.5,False,False,new,,4172.66,2026-03-27T15:38:34.493695
tunisieannonce_df62c79d6569,tunisieannonce,420.0,60.0,1.0,Marsa Erriadh,TUNIS,north,Jebel Jelloud,Rent,Commercial,36.7667,10.1833,ascenseur|ascenseur gardée 24h par 24h|cafetière|climatisation|climatiseur satellite|cuisine indépendante avec tout confort meubles modernes neufs|dvd|haut standing|interphone|lave linge|linge de maisons|luxueuse résidence|meuble|micro onde|parking|parking gardée 24h sur 24h|possibilité de ménage|salle de bain avec baignoire|salon|splendide appartement tout neuf|tv satellite|une chambre a coucher|ustensiles de cuisine,90,HIGH,1.5,False,False,new,,7.0,2026-03-27T14:25:47.994433
tunisieannonce_e0eeeb56bbfd,tunisieannonce,75000.0,230.0,2.0,Dar Allouche,TUNIS,north,Jebel Jelloud,Sale,Villa,36.7667,10.1833,bon voisinage|l'eau|maison arab|superficie : 200m²|électricité,100,HIGH,1.5,False,False,unchanged,0.0,326.09,2026-03-26T15:54:33.958511
tunisieannonce_dfad4edd7316,tunisieannonce,350000.0,180.0,3.0,Khezama Ouest,TUNIS,north,Jebel Jelloud,Sale,Apartment,36.7667,10.1833,3 chambres|chauffage central|cuisine|entrée indépendante|sall d'eau|salle de bain|salle à manger|salon,100,HIGH,1.5,False,False,unchanged,0.0,1944.44,2026-03-26T23:41:30.443039
tunisieannonce_ded729bc311d,tunisieannonce,2000.0,400000.0,,Naassen,TUNIS,north,Jebel Jelloud,Sale,Land,36.7667,10.1833,10 km de tunis|3km du marché de gros de bir kaasaa|pres toutes commodités|route goudronnée|superficie de quatre hectares cent ares|terrain,60,GOOD,1.0,True,False,new,,,2026-03-27T15:39:58.084328
tunisieannonce_df29b5c0b146,tunisieannonce,170000.0,225.0,,Sidi Salah,TUNIS,north,Jebel Jelloud,Sale,Land,36.7667,10.1833,225 m2|possibilité de bâti en r+2|proche de toutes commodités|quartier résidentiel|r+2|terrain,90,HIGH,1.5,False,False,unchanged,0.0,755.56,2026-03-27T15:53:20.494274
tunisieannonce_e05518a34705,tunisieannonce,280000.0,428.0,6,Ariana,TUNIS,north,Ariana Ville,Sale,Land,36.866011,10.193923,constructible|gaz de ville|lotis|meuble|onas|petite  immeuble  de 6 appartements|soned|steg|terrain nu|viabilé|villa|zone propre,100,HIGH,1.5,False,False,new,,654.21,2026-03-27T16:07:20.506356
tunisieannonce_e2748c688636,tunisieannonce,2100.0,65.0,2.0,Cite Ennasr 1,TUNIS,north,Jebel Jelloud,Rent,Apartment,36.7667,10.1833,climatisation|climatiseur / chauffage|gardé 24/24|haut standing|meuble|propreté et hygiène|sécurisé,90,HIGH,1.5,False,False,new,,32.31,2026-03-27T15:32:55.993746
tunisieannonce_e30f4d75a162,tunisieannonce,235000.0,101.0,2.0,El Mourouj,TUNIS,north,El Mourouj,Sale,Villa,36.7405,10.2042,compteurs steg sonède indépendants|cuisine|deux chambres a coucher|deux chambres à coucher|salle d'eau|salle de bain|salon|salon spacieuse|vaste cuisine,100,HIGH,1.5,False,False,new,,2326.73,2026-03-27T16:18:40.661810
tunisieannonce_e162b8600fa8,tunisieannonce,181000.0,377.0,,Soliman,TUNIS,north,Soliman,Sale,Land,36.7,10.4833,access_shops|balneare|distance_to_beach|haut standing|lycee|norms_technical|orientation|platform|residential_standing|school|surface_area|title_foncier|viabilization|vocation,100,HIGH,1.5,False,False,unchanged,0.0,480.11,2026-03-26T15:49:45.192504
tunisieannonce_e1a2c34f4968,tunisieannonce,1350.0,140.0,2.0,Cite Ennasr 2,TUNIS,north,Jebel Jelloud,Rent,Villa,36.7667,10.1833,chambre à coucher avec dressing|chauffage central|climatisation|cuisine équipée|jardin|salle de bain|salon,100,HIGH,1.5,False,False,unchanged,0.0,9.64,2026-03-26T16:25:50.634679
tunisieannonce_e30603668937,tunisieannonce,60000.0,170.0,,Berge Du Lac,TUNIS,north,Jebel Jelloud,Sale,Commercial,36.7667,10.1833,10 ordinateurs|12 chaises roulants|12 tables d'ordinateur|2 chaises pour guest|3eme salle de formation vide|6 chaises roulants|9 tables|bureau de directeur de centre|bureau de formateur|chaise roulant orthopédique|chauffage central|climatisation|climatiseur|deuxième salle de formation|grand bureau (bois + inox)|parking|place de parking au sous sol de la résidence|salle d'attente équipée de canapé|salle d'eau pour homme|salle de bain|salle de bain pour femme|salle de formation|table basse et un tapis|tableau blanc|tableau interactif munit d'un projecteur hitachi courte focale,100,HIGH,1.5,False,False,unchanged,0.0,352.94,2026-03-26T16:38:30.443025
tunisieannonce_e1ca89dec6b8,tunisieannonce,210000.0,75.0,2.0,Nouvelle Medina,TUNIS,north,Nouvelle Medina,Sale,Apartment,36.75,10.23,chauffage central|cuisine aménagée|deux chambres à coucher|grand salon|salle de bain commune,100,HIGH,1.5,False,False,unchanged,0.0,2800.0,2026-03-26T18:14:50.773515
tunisieannonce_e2e186d39c86,tunisieannonce,99840.0,312.0,,Bou Mhel,TUNIS,north,Jebel Jelloud,Sale,Land,36.7667,10.1833,terrain,85,HIGH,1.5,False,False,new,,320.0,2026-03-27T14:22:31.255445
tunisieannonce_e29f963afe37,tunisieannonce,198365.0,409.0,,Soliman,TUNIS,north,Soliman,Sale,Land,36.7,10.4833,2 minutes de la plage ejjahmi|25 minutes du centre-ville de tunis via la nouvelle autoroute|409 m²|cadre de vie calme|complexe scientifique international|excellent orientation sud est|haut standing|lune de jour|prestige|proche des hôtels solymar et andalous|reputé restaurant mexicali|résidences haut standing|sécurité|terrain résidentiel|titre foncier individuel|valorisation|zonage : r+2|à proximité des salons de thé anibal et lina,100,HIGH,1.5,False,False,unchanged,0.0,485.0,2026-03-26T16:18:58.239775
tunisieannonce_e2548228f2b5,tunisieannonce,950.0,30.0,1.0,Sahloul,TUNIS,north,Jebel Jelloud,Rent,Other,36.7667,10.1833,emplacement stratégique|local|neuf|parallèle av.yasser arafat|tt près boumiza square,90,HIGH,1.5,False,False,unchanged,0.0,31.67,2026-03-26T23:33:18.317243
tunisieannonce_e1f187c9bab9,tunisieannonce,900.0,100.0,3,El Manar 2,TUNIS,north,Jebel Jelloud,Sale,Commercial,36.7667,10.1833,ascenseur|hall|salle d'eau,85,HIGH,1.5,True,False,unchanged,0.0,9.0,2026-03-26T23:10:30.627402
tunisieannonce_e435486a26a2,tunisieannonce,215000.0,105.0,5.0,Le Bardo,TUNIS,north,Le Bardo,Sale,Apartment,36.8111,10.1364,2eme étage|abri de voiture privé|appartement|chauffage central|chauffage centrale|cite rommana|cuisine|immeubles simpar|meuble|résidence clôturée|salle d'eau|salle de bain|salon avec balcon|sechoir|tres bon etat|trois chambres a coucher,100,HIGH,1.5,False,False,unchanged,0.0,2047.62,2026-03-26T16:12:02.477070
tunisieannonce_e40c70e05642,tunisieannonce,297000.0,118.0,2.0,El Aouina,TUNIS,north,Jebel Jelloud,Sale,Apartment,36.7667,10.1833,appartement s+2 neuf|chauffage central|parking|place de parking,70,GOOD,1.0,False,True,new,,2516.95,2026-03-27T14:45:54.026293
tunisieannonce_e46c9ed31853,tunisieannonce,1500.0,80.0,1.0,Kheireddine Pacha,TUNIS,north,Jebel Jelloud,Sale,Commercial,36.7667,10.1833,bureau|haut standing|logement|meuble|parking|place parking sous-sol,80,GOOD,1.0,True,False,new,,18.75,2026-03-27T15:42:28.737409
tunisieannonce_e32d2b29a308,tunisieannonce,4000.0,120.0,2.0,Jardins De Carthage,TUNIS,north,Carthage,Rent,Apartment,36.8536,10.3256,appartement s2 neuf|balcon|chauffage central|climatisation|climatisation centrale et système split|cuisine entièrement équipée|deux chambres à coucher|dressing au couloir|dressing intégrés|four|hotte|jardin|lave-vaisselle|machine à laver|meuble|micro-ondes|parking|place de parking au sous-sol|plaque de cuisson|réfrigérateur|salle d'eau pour invités,90,HIGH,1.5,False,False,unchanged,0.0,33.33,2026-03-27T15:55:08.584372
tunisieannonce_e422ecd46b86,tunisieannonce,1500.0,70.0,2.0,Cite Ennasr 1,TUNIS,north,Jebel Jelloud,Rent,Apartment,36.7667,10.1833,courte durée|meuble|studio meublé,90,HIGH,1.5,False,False,new,,21.43,2026-03-27T15:20:51.162680
tunisieannonce_e49805507a61,tunisieannonce,2200.0,200.0,5.0,Montplaisir,TUNIS,north,Jebel Jelloud,Rent,Commercial,36.7667,10.1833,3 salles d'eau|4 pièces spacieuses|hall|salle de réunion,90,HIGH,1.5,False,False,new,,11.0,2026-03-27T14:42:19.944771
tunisieannonce_e4d8ddd03710,tunisieannonce,600000.0,1.0,,Chorfech,TUNIS,north,Jebel Jelloud,Sale,Land,36.7667,10.1833,citrus trees|electricity|house|olive trees|trees|water for wine production,80,GOOD,1.0,True,False,unchanged,0.0,,2026-03-26T16:34:28.357454
tunisieannonce_e37f46c82ad4,tunisieannonce,150.0,2024.0,3.0,El Manar 2,TUNIS,north,Jebel Jelloud,Rent,Villa,36.7667,10.1833,7jours/7j|appartements|courte durée|longue durée|meuble|meublé|studios|vide|villas,75,GOOD,1.0,True,False,unchanged,0.0,0.07,2026-03-26T17:49:00.437524
tunisieannonce_e4cd69214cb2,tunisieannonce,400000.0,110.0,4.0,Nabeul,TUNIS,north,Nabeul,Sale,Other,36.4561,10.7358,chauffage central|climatisation|location estivale|meuble|parking|parking sous sol|possibilité de location annuelle avec meubles|salle d'eau|salle de bain|titre bleu|vue mer|vue sur mer,100,HIGH,1.5,False,False,new,,3636.36,2026-03-27T15:38:10.382724
tunisieannonce_e45ae7a2b7a3,tunisieannonce,2000.0,107.0,,Berge Du Lac,TUNIS,north,Jebel Jelloud,Sale,Commercial,36.7667,10.1833,ascenseur|exceptional|open space|strategic|usage bureautique or commerciale|visibility,80,GOOD,1.0,True,False,unchanged,0.0,18.69,2026-03-26T16:14:24.616324
tunisieannonce_e5be8124bba9,tunisieannonce,350000.0,109.0,5.0,El Aouina,TUNIS,north,Jebel Jelloud,Sale,Apartment,36.7667,10.1833,2 assenceur|3 chambres|caméra de surveillance|chauffage central|climatisation|climatiseur|cuisine|haut standing|parking|place de parking|salle d'eau|salle de bain|salon,100,HIGH,1.5,False,False,new,,3211.01,2026-03-27T15:41:48.431026
tunisieannonce_e75cd1d34069,tunisieannonce,2400.0,150.0,3.0,Cite Ennasr 2,TUNIS,north,Jebel Jelloud,Rent,Apartment,36.7667,10.1833,appartement s+3 meublé|balcon|chauffage central|climatisation|climatiseurs|cuisine équipée|dressing|gardiennage|meuble|parking|places de parking|salle de bain|salle de douche|suite parentale|syndic|séchoir,90,HIGH,1.5,False,False,unchanged,0.0,16.0,2026-03-27T15:58:54.194393
tunisieannonce_e59391f11f17,tunisieannonce,2500.0,180.0,,La Soukra,TUNIS,north,La Soukra,Sale,Commercial,36.885212,10.245301,2 places de parking sous-sol|3 salles d'eaux|4 bureaux|open space|parking|terraces|terrasse,70,GOOD,1.0,True,False,unchanged,0.0,13.89,2026-03-27T15:15:54.180613
tunisieannonce_e5272ca1fbc2,tunisieannonce,1200.0,60.0,4,El Menzah 6,TUNIS,north,El Menzah,Sale,Commercial,36.8528,10.1703,ascenseur|au 2 eme etage|bien ensoleillé|salle d'eau|sans ascenseur,85,HIGH,1.5,True,False,unchanged,0.0,20.0,2026-03-26T23:08:11.051070
tunisieannonce_e52afc362e98,tunisieannonce,1150.0,110.0,2.0,Montplaisir,TUNIS,north,Jebel Jelloud,Rent,Commercial,36.7667,10.1833,ascenseur|climatisation|climatiseurs|espace ouvert|meuble|salle d'eau|salle de réception|trois bureaux,95,HIGH,1.5,False,False,unchanged,0.0,10.45,2026-03-26T15:45:43.296725
tunisieannonce_e6c5fe83727e,tunisieannonce,1300.0,180.0,4.0,Cite El Ghazala 1,TUNIS,north,Jebel Jelloud,Rent,Apartment,36.7667,10.1833,ascenseur|chauffage central|clim dans la plus part des chambres|cuisine agencée|grand dressing|lave vaisselle encastré|menuiserie alu|parking|place parking au sous-sol|réfrigérateur encastré|résidence calme et sécurisé 24/24,100,HIGH,1.5,False,False,unchanged,0.0,7.22,2026-03-26T16:10:37.461453
tunisieannonce_e78196ee21b7,tunisieannonce,700.0,100.0,2.0,Bizerte,TUNIS,north,Menzel Jemil,Rent,Apartment,37.237,9.91,app. 3 pièc|meuble|meublé|près de toutes les commodités|résidence propre,100,HIGH,1.5,False,False,unchanged,0.0,7.0,2026-03-26T16:03:54.444596
tunisieannonce_e66e81621225,tunisieannonce,720.0,70.0,2.0,Cite El Khadra,TUNIS,north,Cite El Khadra,Rent,Other,36.8319,10.1942,ascenseur|gaz de ville|hall|salle d'eau|salle de bain,90,HIGH,1.5,False,False,unchanged,0.0,10.29,2026-03-26T23:43:15.729474
tunisieannonce_e520f9dd8766,tunisieannonce,1800.0,180.0,1.0,Zone Urbaine Nord,TUNIS,north,Jebel Jelloud,Sale,Commercial,36.7667,10.1833,4 bureaux|acceuil|climatisation|climatisation centrale|fibre optique|meuble|parking|parking sous sol,90,HIGH,1.5,True,False,unchanged,0.0,10.0,2026-03-26T15:58:24.074725
tunisieannonce_e6f8e001c994,tunisieannonce,1400.0,70.0,1.0,Chotrana 1,TUNIS,north,Jebel Jelloud,Rent,Apartment,36.7667,10.1833,70m²|chambre à coucher avec dressing|chauffage central|climatisation|climatisation en split|dressing au hall|kitchenette équipée ouverte sur l'espace de vie|parking|place de parking au sous-sol|s+1|salle de douche|salon lumineux|séchoir,90,HIGH,1.5,False,False,new,,20.0,2026-03-27T15:23:19.236658
tunisieannonce_e7b5ca9c6858,tunisieannonce,226000.0,377.0,,Oued Ellil,TUNIS,north,Oued Ellil,Sale,Land,36.8311,10.0347,electricity|gas|underground water pipes|water for drinking,85,HIGH,1.5,False,False,new,,599.47,2026-03-27T16:06:56.759410
tunisieannonce_e83856777643,tunisieannonce,3300.0,200.0,3.0,Sidi Bousaid,TUNIS,north,Jebel Jelloud,Rent,Villa,36.7667,10.1833,chauffage central|climatisation|cuisine équipée|dressing|meuble|patio|plaque hotte four lave-vaisselle|salle de bain|salle deau|salon / sejour|terrace|terrasse|terrasse sur le toit|trois chambres à coucher,90,HIGH,1.5,False,False,new,,16.5,2026-03-27T16:11:29.519942
tunisieannonce_e823ceb05f62,tunisieannonce,646800.0,539.0,,Chatt Meriem,TUNIS,north,Jebel Jelloud,Sale,Land,36.7667,10.1833,approuvé|construction d'immeuble|meuble|plage|prix raisonnable|r+5|terrain|titré,90,HIGH,1.5,False,False,new,,1200.0,2026-03-27T15:01:26.813752
tunisieannonce_e8096311e0e5,tunisieannonce,2500.0,,3.0,Sidi Daoud,TUNIS,north,Jebel Jelloud,Rent,Apartment,36.7667,10.1833,balcon|cellier|cuisine équipée|deux chambres à coucher|new|parking|place de parking au sous-sol|s+3|salle d'eau pour les invités|salle de bain commune|suite parentale,85,HIGH,1.5,False,False,new,,,2026-03-27T15:32:03.351451
tunisieannonce_e8789bc0530d,tunisieannonce,1200.0,74.0,1.0,Cite Ennasr 2,TUNIS,north,Jebel Jelloud,Rent,Apartment,36.7667,10.1833,2 TVs with receivers and subscriptions|balcony|bathroom|bedroom|central heating|chauffage central|climate control|close to amenities|equipped kitchen|green space|haut standing|meuble|secure residence|spacious salon|unlimited Wi-Fi,90,HIGH,1.5,False,False,unchanged,0.0,16.22,2026-03-26T17:51:29.506574
tunisieannonce_e89946323c5f,tunisieannonce,1800.0,80.0,2.0,Cite Ennasr 1,TUNIS,north,Jebel Jelloud,Rent,Apartment,36.7667,10.1833,apartment|nightly rental,90,HIGH,1.5,False,False,new,,22.5,2026-03-27T15:33:49.501018
tunisieannonce_e7a3e60bfc3d,tunisieannonce,550000.0,156.0,5.0,Bou Mhel,TUNIS,north,Jebel Jelloud,Sale,Land,36.7667,10.1833,2 débarras|4 ch. à coucher|abri de voiture|caméras de surveillance|chauffage central|climatisation|climatiseurs|garage|garage avec porte électrique|grand salon|sdb|sondage|séchoir|terrasse|wc,100,HIGH,1.5,False,False,new,,3525.64,2026-03-26T23:21:49.358353
tunisieannonce_e863a63ba0f5,tunisieannonce,430000.0,2025.0,2.0,El Aouina,TUNIS,north,Jebel Jelloud,Sale,Apartment,36.7667,10.1833,2 chambres à coucher spacieuses avec rangements muraux|3 rangements muraux supplémentaires dans le hall et le couloir|ascenseur|aucun mur commun avec les autres appartements (intimité assurée)|cuisine contemporaine entièrement refaite + séchoir spacieux équipé dune citerne deau|double ascenseur pour plus de confort|grand salon donnant sur une terrasse spacieuse avec coin barbecue|immeuble propre & bien entretenu  (construction 2010)|meuble|parking|parking sous-sol : 1 grande voiture  ou 2 petites|salle de bain moderne complètement refaite|salle deau invités rénovée à neuf|sejour lumineux|suite parentale avec rangements muraux + salle deau entiere refaite|terrasse|voisinage respectueux,100,HIGH,1.5,False,False,new,,212.35,2026-03-27T14:58:51.632500
tunisieannonce_e810298f3d7c,tunisieannonce,8800.0,350.0,,Berge Du Lac,TUNIS,north,Jebel Jelloud,Sale,Commercial,36.7667,10.1833,2 salles deau|4 bureaux|accueil spacieux ou open space|meuble|open space|parking|place de parking|sous sol,70,GOOD,1.0,True,False,new,,25.14,2026-03-27T15:14:20.981180
tunisieannonce_e86814e2785e,tunisieannonce,641400.0,150.0,2.0,Chotrana 3,TUNIS,north,Jebel Jelloud,Sale,Apartment,36.7667,10.1833,accès sur terrasse|chambre à coucher|chauffage central|climatisation|climatisation en split|cuisine|dressings|grand salon|parking|place de parking|salle d'eau|salle de douche|suite parentale|séchoir|terrasse,100,HIGH,1.5,False,False,new,,4276.0,2026-03-27T14:38:15.438438
tunisieannonce_ead846eb49ca,tunisieannonce,5400.0,400.0,3.0,Berge Du Lac,TUNIS,north,Jebel Jelloud,Rent,Commercial,36.7667,10.1833,10 pieces de bureaux|26 pièces polyvalentes|5400 m²|bureau de direction|chauffage central|climatisation|four autres étage|front lac|jardin|meuble|modulables|open space|parking|places parking|room polyvalente|six blocs sanitaires|three blocs|two blocs sanitaires|two salles de réunion,90,HIGH,1.5,False,False,new,,13.5,2026-03-27T15:12:27.570405
tunisieannonce_ea3e129377bf,tunisieannonce,205000.0,290.0,,Hammamet,TUNIS,north,Hammamet,Sale,Other,36.4,10.6167,av 3 garages commerciale|compteur d'eau|compteurs d'électricité|garage|route goudronné|superficie: 290m,90,HIGH,1.5,False,False,new,,706.9,2026-03-27T14:35:14.437593
tunisieannonce_ea5a68a423c0,tunisieannonce,1900.0,120.0,3.0,La Soukra,TUNIS,north,La Soukra,Rent,Villa,36.885212,10.245301,appartement s+3|chauffage central|climatisation|climatiseurs|cuisine équipée|dressing intégrés|four|grand salon|hotte|parking|place de parking au sous-sol|plaque de cuisson|salle d'eau|salle de bain commune|trois chambres à coucher,90,HIGH,1.5,False,False,new,,15.83,2026-03-27T14:57:52.734429
tunisieannonce_e8fdd15fd04e,tunisieannonce,6000.0,800.0,3.0,Gammart,TUNIS,north,Jebel Jelloud,Rent,Villa,36.7667,10.1833,jardin|patio|piscine|terrasse,90,HIGH,1.5,False,False,new,,7.5,2026-03-27T16:12:38.131002
tunisieannonce_eaf6ccec4db6,tunisieannonce,250000.0,109.0,2.0,El Aouina,TUNIS,north,Jebel Jelloud,Sale,Apartment,36.7667,10.1833,balcon|chambre à coucher|cuisine|parking|place de parking privative|salle de bain|terrasse,100,HIGH,1.5,False,False,new,,2293.58,2026-03-27T14:29:49.757465
tunisieannonce_eaf4c2dfe8f9,tunisieannonce,5000.0,2026.0,3.0,Marsa Ennassim,TUNIS,north,Jebel Jelloud,Rent,Villa,36.7667,10.1833,climatisation|garage|garden|heating|jardin|meuble|piscine|pool,90,HIGH,1.5,False,False,new,,2.47,2026-03-27T16:20:37.998732
tunisieannonce_e8ea844c656c,tunisieannonce,450000.0,175.0,5.0,El Manar 1,TUNIS,north,Jebel Jelloud,Sale,Other,36.7667,10.1833,ascenseur|chauffage central|cuisine équipée|parking|salle d'eau|salle de bain|sechoir|vue panoramique,100,HIGH,1.5,False,False,new,,2571.43,2026-03-27T14:37:15.656387
tunisieannonce_e95e031c9316,tunisieannonce,268000.0,67.0,1.0,Cite Jardins,TUNIS,north,Jebel Jelloud,Sale,Apartment,36.7667,10.1833,chauffage central|heating central|jardin|kitchenette|meuble|new|s+1,100,HIGH,1.5,False,False,unchanged,0.0,4000.0,2026-03-26T17:52:42.610067
tunisieannonce_eb4e4fe154c7,tunisieannonce,111680.0,349.0,,Chatt Meriem,TUNIS,north,Jebel Jelloud,Sale,Land,36.7667,10.1833,prix|quartier de villas|terrain|titré|vue de mer,90,HIGH,1.5,False,False,new,,320.0,2026-03-27T14:43:25.668149
tunisieannonce_ea6be3bd6a5a,tunisieannonce,140000.0,362.0,3.0,El Haouaria,TUNIS,north,El Haouaria,Sale,Land,37.0481,11.0189,3 bedrooms|arabesque style|bathroom|close to amenities|covered courtyard|electricity meter|garden|good neighbors|grand salon|jardin|kitchen|large terrain|secure|water meter,100,HIGH,1.5,False,False,new,,386.74,2026-03-26T23:23:29.780150
tunisieannonce_eda577b02d2d,tunisieannonce,240000.0,60.0,3.0,Naassen,TUNIS,north,Jebel Jelloud,Sale,Villa,36.7667,10.1833,cuisine|garage|pres mourouj|salle de bain|salon|studio|terrace|three bedrooms,100,HIGH,1.5,False,False,new,,4000.0,2026-03-27T15:39:30.218528
tunisieannonce_ec5f69207939,tunisieannonce,7200.0,400.0,5.0,Montplaisir,TUNIS,north,Jebel Jelloud,Rent,Commercial,36.7667,10.1833,ascenseur|climatisation|meeting room|meuble|open space|polyvalent room|salles d'eau|split system air conditioning|three individual offices,90,HIGH,1.5,False,False,new,,18.0,2026-03-27T14:32:02.240886
tunisieannonce_edf59f2be237,tunisieannonce,550.0,70.0,2.0,Ezzahra,TUNIS,north,Ezzahra,Rent,Apartment,36.743,10.308,meuble|meublé,85,HIGH,1.5,False,False,new,,7.86,2026-03-27T15:09:51.134087
tunisieannonce_ed4aa773981e,tunisieannonce,2000.0,400.0,2.0,Hammam Sousse,TUNIS,north,Hammam Sousse,Rent,Land,35.8592,10.59,7 pièces|deuxième étage|espaces fonctionnels modulables|garage|premier étage|rez-de-chaussée|surface couverte|terrain|toilettes|trois locaux,90,HIGH,1.5,False,False,unchanged,0.0,5.0,2026-03-26T17:51:05.842363
tunisieannonce_ee2ba601707b,tunisieannonce,1500.0,150.0,2.0,Republique,TUNIS,north,Jebel Jelloud,Rent,Commercial,36.7667,10.1833,ascenseur|centre ville tunis|open space|salle d'eau|surface 150 m²|usage bureautique,95,HIGH,1.5,False,False,unchanged,0.0,10.0,2026-03-26T15:17:47.940007
tunisieannonce_edcd8730922a,tunisieannonce,3800.0,150.0,2.0,Gammart,TUNIS,north,Jebel Jelloud,Rent,Villa,36.7667,10.1833,chambre d'amis|cuisine entièrement équipée|deux salles de douche à l'italienne|dressing|meuble|meublé|salle à manger|salon spacieux et lumineux|suite parentale|vue mer,90,HIGH,1.5,False,False,new,,25.33,2026-03-26T23:24:38.697503
tunisieannonce_ec09939ebcf0,tunisieannonce,280000.0,444.0,,Borj Cedria,TUNIS,north,Jebel Jelloud,Sale,Land,36.7667,10.1833,"accès rapide à Tunis centre en seulement 25 minutes via la nouvelle autoroute|artère principale de 16,50 mètres de largeur|attestation de propriété|double orientation : nord et ouest|eau potable|emplacement stratégique|environnement privilégié|forme carrée|gaz de ville|haut standing|proche des complexes hôteliers|réseau dassainissement|sol sablonneux stable|surface : 444 m²|terrain en angle donnant sur deux rues|terrain isolée|titre foncier individuel|type : terrain isolé|télécommunications|vocation : résidentielle r+2|voirie aménagée (trottoirs et chaussée)|zone touristique|à seulement 300 mètres de la plage|éclairage public|électricité",100,HIGH,1.5,False,False,unchanged,0.0,630.63,2026-03-26T16:07:43.838475
tunisieannonce_edb1fabc5462,tunisieannonce,6400.0,336.0,5.0,Berge Du Lac,TUNIS,north,Jebel Jelloud,Sale,Land,36.7667,10.1833,accessibilité|coefficient d'occupation du sol|coefficient d'utilisation du sol|emplacement stratégique|surface|terrain|titre individuel|visibilité|vocation|zone de développement urbain,80,GOOD,1.0,True,False,new,,19.05,2026-03-27T15:48:14.915088
tunisieannonce_ed992e1b8d24,tunisieannonce,750.0,75.0,1.0,El Menzah 7,TUNIS,north,El Menzah,Rent,Villa,36.8528,10.1703,entrée commune|gaz de ville|jardin|meuble|salle de bain|semi meublé,90,HIGH,1.5,False,False,unchanged,0.0,10.0,2026-03-26T23:43:23.071262
tunisieannonce_ee2531eeb12c,tunisieannonce,1400.0,65.0,3.0,Sidi Daoud,TUNIS,north,Jebel Jelloud,Rent,Apartment,36.7667,10.1833,"appartement s1|balcon|chambre à coucher avec dressing|chauffage central|climatisation|climatisation split|cuisine ouverte équipée avec plaque, hotte et four|salle de douche|salon",90,HIGH,1.5,False,False,unchanged,0.0,21.54,2026-03-27T15:55:18.547811
tunisieannonce_ee896a0f72fe,tunisieannonce,250000.0,372.0,3.0,Borj Cedria,TUNIS,north,Jebel Jelloud,Sale,Land,36.7667,10.1833,surface|terrain|titre foncier en règle,100,HIGH,1.5,False,False,new,,672.04,2026-03-27T14:41:37.869273
tunisieannonce_eed126aba97f,tunisieannonce,270.0,25.0,,Hammam Chatt,TUNIS,north,Hammam Chatt,Rent,Apartment,36.7036,10.3625,2mn de la gare|entrée indépendante|hmmamchatt|studio s+0,90,HIGH,1.5,False,False,unchanged,0.0,10.8,2026-03-26T16:36:41.561188
tunisieannonce_ee32c25e4380,tunisieannonce,580000.0,385.0,3.0,Chatt Meriem,TUNIS,north,Jebel Jelloud,Sale,Land,36.7667,10.1833,1er étage|3 chambres|3 chambres à coucher|cuisine|entrée des voitures|jardin|salle de bain|semi fini|spacious salon|terrain|villa,100,HIGH,1.5,False,False,new,,1506.49,2026-03-27T15:12:18.155886
tunisieannonce_eeb3637fe705,tunisieannonce,5000.0,180.0,3.0,Marsa Safsaf,TUNIS,north,Jebel Jelloud,Rent,Apartment,36.7667,10.1833,"basement parking|central air conditioning|central heating|chambre de service|chauffage central|climatisation|common bathroom with jacuzzi|guest bathroom|living room and dining area|master suite with dressing, shower and terrace|mer view|meuble|parking|service/laundry room|terrace|terrasse|two bedrooms with closets|vue mer|well-equipped kitchen with dryer",90,HIGH,1.5,False,False,unchanged,0.0,27.78,2026-03-27T15:14:53.544117
tunisieannonce_ef4ca97853b5,tunisieannonce,250000.0,125.0,,Tataouine,TUNIS,north,Tataouine Sud,Sale,Commercial,32.9297,10.4514,25m depth|5m width|commercial building|constructible in floors|near public transport station|r+4|surface 125m²,90,HIGH,1.5,False,False,unchanged,0.0,2000.0,2026-03-26T23:31:12.055419
tunisieannonce_ef01d0b781d3,tunisieannonce,350000.0,149.0,3.0,Cite Ennasr 2,TUNIS,north,Jebel Jelloud,Sale,Commercial,36.7667,10.1833,2eme chambre|chauffage central|climatisation|climatisation en split|dressings|parking|place parking sous-sol|residence sécurisée|spacious|suite parentale,100,HIGH,1.5,False,False,unchanged,0.0,2348.99,2026-03-26T16:35:04.622880
tunisieannonce_eed2f2c8148b,tunisieannonce,800.0,18.0,2.0,El Omrane,TUNIS,north,El Omrane,Rent,Villa,36.8167,10.1667,douche|kitchenette|meuble|meublé|salle d'eau|studio,80,GOOD,1.0,True,False,unchanged,0.0,44.44,2026-03-26T23:38:29.571870
tunisieannonce_ef3117b1baf9,tunisieannonce,7000.0,280.0,3.0,Berge Du Lac,TUNIS,north,Jebel Jelloud,Rent,Commercial,36.7667,10.1833,chambre à coucher avec dressing|chauffage par le sol|cheminée|climatisation|climatisation centrale|cuisine entièrement équipée|deuxième cuisine équipée|dressing|jardin|meuble|salle de bain équipée dune douche à litalienne|salle de douche à litalienne|salle deau|salon spacieux|suite parentale|table à manger|terrasse|terrasse rooftop|villa|vue dégagée,90,HIGH,1.5,False,False,unchanged,0.0,25.0,2026-03-27T15:04:58.652305
tunisieannonce_ef4832b7076c,tunisieannonce,1900.0,,2.0,Cite Ennasr 2,TUNIS,north,Jebel Jelloud,Rent,Apartment,36.7667,10.1833,2 chambres à coucher|cuisine entièrement équipée|haut standing|meuble|salle d'eau|salle de bain|salon avec terrasse|terrasse,85,HIGH,1.5,False,False,unchanged,0.0,,2026-03-27T14:57:36.040753
tunisieannonce_ef2279ad76c8,tunisieannonce,500000.0,176.0,2.0,El Mourouj,TUNIS,north,El Mourouj,Sale,Villa,36.7405,10.2042,3 chambres à coucher|couloir|cuisine|entrée de voitures|grand salon salle à manger|jardin|joli jardin de 4 côtés|salle de bain|spacious véranda|surface bâtie: 176m2|sw|titre foncier individuel|villa bien orienté et bien ensoleillé,100,HIGH,1.5,False,False,new,,2840.91,2026-03-27T14:21:54.757745
tunisieannonce_f0329e503e7d,tunisieannonce,930000.0,450.0,,Rohia,TUNIS,north,Rohia,Sale,Land,35.55,9.0,agence bancaire|appartements|centre médical|centre-ville|garage|hammam|magasin|maison|terrain|zone animée,85,HIGH,1.5,False,False,unchanged,0.0,2066.67,2026-03-26T23:39:48.727516
tunisieannonce_ef7ae81cb8f7,tunisieannonce,9999.0,120.0,,Rafraf,TUNIS,north,Jebel Jelloud,Sale,Land,36.7667,10.1833,accès voiture|ambiance forestière|centre rafraf ville|commodités|eau turquoise|maison hotes|mer|plages|terrain|vue panoramique|île pilau,80,GOOD,1.0,False,False,new,,83.33,2026-03-27T15:32:11.990328
tunisieannonce_ef7697c9101f,tunisieannonce,185000.0,424.0,,Ghar El Melh,TUNIS,north,Ghar El Melh,Sale,Land,37.1458,10.1752,constructible|emplacement exceptionnel|steg & soned|surplombe le vieux port de ghar el meleh|titre individuel|zone urbaine,90,HIGH,1.5,False,False,new,,436.32,2026-03-27T16:10:26.267440
tunisieannonce_efe9ef91f6dc,tunisieannonce,950.0,,1.0,Ain Zaghouan,TUNIS,north,Zaghouan,Rent,Apartment,36.4025,10.1431,chauffage central|climatisation|climatiseurs|cuisine séparée|espace de vie|hotte|parking|place de parking|plaque|salle de bain|séchoir,85,HIGH,1.5,False,False,new,,,2026-03-26T23:20:51.474033
tunisieannonce_efca12570f55,tunisieannonce,850.0,119.0,2.0,El Menzah 5,TUNIS,north,El Menzah,Rent,Villa,36.8528,10.1703,chambre avec balcon|chambre enfant|chauffage central|climatisation|climatiseur|cuisine|salle de bain|salle à manger|salon,90,HIGH,1.5,False,False,unchanged,0.0,7.14,2026-03-26T17:41:16.807293
tunisieannonce_f02ad6311155,tunisieannonce,2700.0,,3.0,Sidi Daoud,TUNIS,north,Jebel Jelloud,Rent,Apartment,36.7667,10.1833,chauffé|climatised|cuisine|deux chambres à coucher|garage|salle de bain commune|salon|suite parentale,85,HIGH,1.5,False,False,new,,,2026-03-26T23:24:47.718666
tunisieannonce_f05b2ce18084,tunisieannonce,800.0,65.0,2.0,La Mannouba,TUNIS,north,Mannouba,Rent,Other,36.8097,10.0928,bathroom|cellar|chauffage central|heating central|kitchen equipped|parking|parking underground|shower,90,HIGH,1.5,False,False,unchanged,0.0,12.31,2026-03-26T23:38:14.150749
tunisieannonce_efa827dd20a9,tunisieannonce,3500.0,200.0,4.0,Mutuelle Ville,TUNIS,north,Jebel Jelloud,Rent,Villa,36.7667,10.1833,ascenseur|balcon|chambres de nuit|chauffage central|climatisation|cuisine moderne|dressing|four|hotte|parking|place de parking au sous-sol|plaque|salle de bain privative,90,HIGH,1.5,False,False,new,,17.5,2026-03-27T15:11:48.594066
tunisieannonce_f027154ab45a,tunisieannonce,6500.0,580.0,,El Menzah 8,TUNIS,north,El Menzah,Sale,Commercial,36.8528,10.1703,accès indépendant|cour extérieure|emplacement stratégique|immeuble neuf|meuble|parking|place de parking|quartier résidentiel|r+3,80,GOOD,1.0,True,False,unchanged,0.0,11.21,2026-03-26T16:06:02.914977
tunisieannonce_efe28348bbe8,tunisieannonce,4500.0,400.0,7.0,Mutuelle Ville,TUNIS,north,Jebel Jelloud,Rent,Commercial,36.7667,10.1833,chauffage central|climatisation|cuisine équipée|deux chambres de service|deux salles de bain|deux salles pour les invités|garage|garage pour trois voitures|location bureautique|quatre chambres à coucher|salle à manger|salon lumineux|sejour|suite parentale avec dressing et sa propre salle de bain,90,HIGH,1.5,False,False,unchanged,0.0,11.25,2026-03-26T23:45:10.481025
tunisieannonce_f20450df4095,tunisieannonce,2500.0,150.0,,La Soukra,TUNIS,north,La Soukra,Sale,Commercial,36.885212,10.245301,climatisation|climatiser central|heating|kitchenette|meuble|office|reception|three rooms|toilette|wc,70,GOOD,1.0,True,False,new,,16.67,2026-03-26T23:20:34.724673
tunisieannonce_f1b07c331fc1,tunisieannonce,520.0,32.0,1.0,Cite Ennasr 1,TUNIS,north,Jebel Jelloud,Rent,Other,36.7667,10.1833,douche|s0 vide|salle d'eau|wb4371,100,HIGH,1.5,False,False,unchanged,0.0,16.25,2026-03-26T16:03:35.995570
tunisieannonce_f2316dd1e4c9,tunisieannonce,900000.0,263.0,3.0,Cite Ennasr 2,TUNIS,north,Jebel Jelloud,Sale,Villa,36.7667,10.1833,"air conditioning|bathroom|bathroom with shower|cellier|chauffage central|climatisation|duplex|good orientation est|haut standing|heating central|kitchen well equipped with séchoir|large terrace|panoramic view on Sidi Bousiid and Bouguarnine|parking|parking: abri|place parking|salon with balcony|sejour|small room|spacious bedroom|suite parentale spacious (with balcony, terrace and a bathroom)|terrasse|totally independent|two bedrooms|two cotés|villa|well ensoleillé",100,HIGH,1.5,False,False,unchanged,0.0,3422.05,2026-03-26T23:30:55.245594
tunisieannonce_f18abc632ff8,tunisieannonce,1800.0,1000.0,3.0,Khelidia,TUNIS,north,Jebel Jelloud,Rent,Commercial,36.7667,10.1833,alimentation électrique triphasée 380 a.|compteur d'eau|cour|dépôt couvert|garage,90,HIGH,1.5,False,False,new,,1.8,2026-03-27T14:34:33.111015
tunisieannonce_f2500fa81d42,tunisieannonce,200000.0,100.0,2.0,Hammam Lif,TUNIS,north,Hammam Lif,Sale,Villa,36.728,10.336,chambre|cuisine|duplex|haut standing|jardin|salle de bain|salon,100,HIGH,1.5,False,False,unchanged,0.0,2000.0,2026-03-26T17:46:59.912011
tunisieannonce_f10715cdc6b9,tunisieannonce,90000.0,40.0,,Ain Zaghouan,TUNIS,north,Zaghouan,Sale,Commercial,36.4025,10.1431,8 caméras de surveillance|caisse temporisée avec tiroir à serrure sécurisée|coffre-fort|compteuse à billets (type bancaire)|meuble|meubles et agencements|système de sécurité sismique et de détection de mouvements|téléviseur,90,HIGH,1.5,False,False,new,,2250.0,2026-03-27T14:49:55.255956
tunisieannonce_f11f0a049d1a,tunisieannonce,2000.0,120.0,1.0,Berge Du Lac,TUNIS,north,Jebel Jelloud,Rent,Commercial,36.7667,10.1833,bureau de direction|haut standing|kitchenette|parking|salle d'eau|spacious|terraces|terrasse|two places of parking,90,HIGH,1.5,False,False,new,,16.67,2026-03-27T14:42:28.246430
tunisieannonce_f089d4b5782c,tunisieannonce,195000.0,340.0,,Borj Louzir,TUNIS,north,Jebel Jelloud,Sale,Land,36.7667,10.1833,bon placement|terrain,85,HIGH,1.5,False,False,new,,573.53,2026-03-27T14:42:36.188068
tunisieannonce_f236f6880fa8,tunisieannonce,3100.0,726.0,3.0,La Goulette,TUNIS,north,La Goulette,Sale,Commercial,36.8197,10.2936,"accès facile|bord de mer|bâtiment en très bon état|emplacement stratégique|grand tunis rdc commercial déjà loué|meuble|proche de toutes commodités (commerces, transports, plage)|r+5|revenu locatif déjà en place|structure solide|studio avec grand terrasse et vue mer|terrasse|vue imprenable mer|vue mer",80,GOOD,1.0,True,False,new,,4.27,2026-03-27T14:24:18.465032
tunisieannonce_f05e67cfbe5a,tunisieannonce,210000.0,54.0,3.0,Ain Zaghouan,TUNIS,north,Zaghouan,Sale,Other,36.4025,10.1431,parking|recording|s0 hst,100,HIGH,1.5,False,False,new,,3888.89,2026-03-27T15:28:41.821375
tunisieannonce_f38d12183bda,tunisieannonce,1500.0,130.0,2.0,Jardins D'El Menzah,TUNIS,north,El Menzah,Rent,Apartment,36.8528,10.1703,chauffage central|cuisine équipée open space|jardin|parking|place de parking|salle d'eau|salon avec balcon|trois chambres à coucher avec dressing,90,HIGH,1.5,False,False,new,,11.54,2026-03-27T16:09:45.976844
tunisieannonce_f32d33736980,tunisieannonce,4600.0,400.0,3.0,Gammart,TUNIS,north,Jebel Jelloud,Rent,Villa,36.7667,10.1833,garage|haut standing|high-quality finishes|patio|piscine|swimming pool,90,HIGH,1.5,False,False,new,,11.5,2026-03-27T16:11:57.669843
tunisieannonce_f3d77a4f7e05,tunisieannonce,3300.0,125.0,3.0,Berge Du Lac,TUNIS,north,Jebel Jelloud,Rent,Apartment,36.7667,10.1833,chauffage central|climatisation|cuisine américaine entièrement équipée|deux chambres à coucher avec dressing|grand salon lumineux|meuble|parking|place de parking au sous-sol|salle d'eau invités|salle de bain commune|salle à manger,90,HIGH,1.5,False,False,new,,26.4,2026-03-27T15:45:48.402621
tunisieannonce_f292dc7e465a,tunisieannonce,1800.0,70.0,2.0,Cite Ennasr 2,TUNIS,north,Jebel Jelloud,Rent,Apartment,36.7667,10.1833,climatisation|climatiser|meuble,90,HIGH,1.5,False,False,new,,25.71,2026-03-27T15:20:24.481243
tunisieannonce_f32e4d912c4c,tunisieannonce,2900.0,830.0,1.0,El Kantaoui,TUNIS,north,Jebel Jelloud,Sale,Land,36.7667,10.1833,2 chambres|appartement s+1|barbecue|cellier|chambre|chauffage central|climatisation|cuisine agencée équipée|entrée de voitures abritées|fontaine|garage|grand jardin arboré|haut standing|jardin|piscine|salle d'eau|salle d'eau avec cabine douche|salle à manger|salles d'eau|salon séjour|surface totale couverte|terrain|villa|étage,90,HIGH,1.5,True,False,unchanged,0.0,3.49,2026-03-26T15:42:53.331386
tunisieannonce_f32b70a1c306,tunisieannonce,150000.0,121.0,4.0,Mohamadia,TUNIS,north,Mohamadia,Sale,Other,36.6883,10.1345,parking|parking sous sol|s plus 3,100,HIGH,1.5,False,False,new,,1239.67,2026-03-27T14:42:10.178162
tunisieannonce_f2af9a2da096,tunisieannonce,450.0,70.0,1.0,La Soukra,TUNIS,north,La Soukra,Rent,Apartment,36.885212,10.245301,bathroom|bedroom with balcony|completely furnished|independent entrance|internet|meuble|near airport Tunis Carthage|near hypermarket Carrefour La Marsa|near university Carthage|quiet|s+1|salon with kitchenette|secure,90,HIGH,1.5,False,False,unchanged,0.0,6.43,2026-03-27T15:28:50.524954
tunisieannonce_f3e80d950386,tunisieannonce,1450.0,160.0,3.0,El Menzah 7,TUNIS,north,El Menzah,Rent,Apartment,36.8528,10.1703,ascenseur|balcon|chauffage central|climatisation|climatisation en split|cuisine équipée|double ascenseurs|ensoleillé|orientation optimale|parking|place de parking|salle d'eau invités|séchoir|très lumineux,90,HIGH,1.5,False,False,unchanged,0.0,9.06,2026-03-26T23:40:24.490670
tunisieannonce_f383ad3e8647,tunisieannonce,330000.0,300.0,2.0,Kelibia,TUNIS,north,Kelibia,Sale,Villa,36.8472,11.0944,papiers|piscine|pool|puits|style arabe moderne|suites|surface,100,HIGH,1.5,False,False,unchanged,0.0,1100.0,2026-03-26T23:30:21.855027
tunisieannonce_f2f4b7f76ff1,tunisieannonce,400.0,50.0,1.0,Bou Kornine,TUNIS,north,Jebel Jelloud,Rent,Villa,36.7667,10.1833,entrée commune|gare|gaz bouteille|hamam|plage,100,HIGH,1.5,False,False,unchanged,0.0,8.0,2026-03-26T16:36:33.031048
tunisieannonce_f559e089d0e4,tunisieannonce,420000.0,1200000.0,,Ain El Asker,TUNIS,north,Jebel Jelloud,Sale,Land,36.7667,10.1833,500m de la route goudronnée|prix :420 000 dt|réseaux steg et sonede disponible|surface totale de 12 hectares|terrain nu|à Ain el asker,75,GOOD,1.0,True,False,unchanged,0.0,,2026-03-26T16:33:01.971197
tunisieannonce_f495bcd23ec4,tunisieannonce,850000.0,220.0,2.0,Bab Bhar,TUNIS,north,Bab Bhar,Sale,Land,36.7981,10.1803,centre ville|demolition|meuble|perpendiculaire à l'avenue de paris|r1|r3|titre en règle,100,HIGH,1.5,False,False,new,,3863.64,2026-03-27T14:33:04.370457
tunisieannonce_f51e47af7462,tunisieannonce,550.0,2026.0,1,El Manar 1,TUNIS,north,Jebel Jelloud,Rent,Apartment,36.7667,10.1833,1seule pièce propre|chauffage central|coin kitchenette équipée par gaz plaque haute four frigo|douche|emplacement chic calme et sécurisé|grand lit|meuble|parabole|parking|parking clôturé|placard|proche de toutes les commodités|richement meublé|salle d eau|table et chaise|tv plasma|wifi,80,GOOD,1.0,True,False,unchanged,0.0,0.27,2026-03-26T17:49:20.451827
tunisieannonce_f550d5671ac3,tunisieannonce,420000.0,170.0,3.0,El Menzah 8,TUNIS,north,El Menzah,Sale,Villa,36.8528,10.1703,chauffage central|climatisation|entrée indépendante|entrée jardin|jardin|possibilité de consstruction d un autre étage au dessus|salle d'eau|salle de bain|wc,100,HIGH,1.5,False,False,new,,2470.59,2026-03-27T15:00:52.722762
tunisieannonce_f55dd760ec92,tunisieannonce,56000.0,700.0,1.0,Le Kram,TUNIS,north,Jebel Jelloud,Rent,Commercial,36.7667,10.1833,"1 étage  735 m²|3 étage 758 m²|ascenseur|cage d'escaliers et ascenseurs  67 m|deux ascenseurs desservant tous les niveaux, jusqu'au toit aménageable|haut standing|meuble|rez-de-chaussée  695 m²|sous-sol aménagé  693 m²|sous-sol avec cafétéria|surfaces disponibles|toit aménageable|tourniquet de sécurité|vue dégagée sur le lac depuis chaque étage|étage  741 m²",80,GOOD,1.0,True,False,new,,80.0,2026-03-27T14:52:22.768870
tunisieannonce_f5ae73edd696,tunisieannonce,700.0,100.0,2.0,Bou Mhel,TUNIS,north,Jebel Jelloud,Rent,Villa,36.7667,10.1833,boumhal route boujerdga|first floor|quiet neighborhood|s+2|villa,90,HIGH,1.5,False,False,new,,7.0,2026-03-27T14:53:23.084581
tunisieannonce_f541e96b4c9b,tunisieannonce,1000.0,100.0,5.0,Montplaisir,TUNIS,north,Jebel Jelloud,Sale,Commercial,36.7667,10.1833,3 a 5 pièces|bureaux|montplaisir,85,HIGH,1.5,True,False,unchanged,0.0,10.0,2026-03-26T15:54:54.150741
tunisieannonce_f56db4a192b6,tunisieannonce,2557.0,341.0,,La Mannouba,TUNIS,north,Mannouba,Sale,Land,36.8097,10.0928,electricity|gas|terrain|water,65,GOOD,1.0,True,False,new,,7.5,2026-03-27T16:08:09.529259
tunisieannonce_f4443b088c7a,tunisieannonce,1650.0,100.0,2.0,Cite Ennasr 2,TUNIS,north,Jebel Jelloud,Rent,Apartment,36.7667,10.1833,chauffage central|climatisation|cuisine équipée|deux chambres à coucher|dressing|gardiennage|jardin|parking|place parking sous-sol|salle de bain|salon,90,HIGH,1.5,False,False,unchanged,0.0,16.5,2026-03-27T15:58:10.054023
tunisieannonce_f588707c2758,tunisieannonce,559000.0,119.0,2.0,Chotrana 2,TUNIS,north,Jebel Jelloud,Sale,Villa,36.7667,10.1833,chambre à coucher|chauffage central|climatisation|climatisation en split|cuisine|dressing|grand jardin|jardin|parking|place de parking au sous-sol|s+2 avec jardin|salle de douche commune|salle de douche invités|salon,100,HIGH,1.5,False,False,unchanged,0.0,4697.48,2026-03-26T15:59:16.513407
tunisieannonce_f6e47b617f4e,tunisieannonce,150000.0,740.0,,Cite Touristique,TUNIS,north,Jebel Jelloud,Sale,Land,36.7667,10.1833,dossier foncier réglé|eau|plage|terrain constructible|vue panoramique de mer et montagne|électricité,90,HIGH,1.5,False,False,new,,202.7,2026-03-26T23:24:06.210915
tunisieannonce_f6bea70ecb92,tunisieannonce,231000.0,420.0,,Borj Cedria,TUNIS,north,Jebel Jelloud,Sale,Land,36.7667,10.1833,accès rapide aux commodités|chaussée|eau|gaz|métro|services financiers|supermarchés|trottoir|télécom|viabilisation complete|éclairage public|écoles|électricité,100,HIGH,1.5,False,False,unchanged,0.0,550.0,2026-03-26T15:48:44.425157
tunisieannonce_f68f2b674750,tunisieannonce,300000.0,500.0,2.0,Dar Fadhal,TUNIS,north,Jebel Jelloud,Sale,Land,36.7667,10.1833,"divisible sur 2 et même sur 3 lots|studio de 70 m2 composé de 2 pièces, cuisine, toilette et douche|terrain clôturé|titre indiviuel",100,HIGH,1.5,False,False,unchanged,0.0,600.0,2026-03-27T15:17:43.146557
tunisieannonce_f7037af8ccbb,tunisieannonce,1000.0,100.0,3.0,El Manar 1,TUNIS,north,Jebel Jelloud,Rent,Apartment,36.7667,10.1833,ascenseur|elevator,100,HIGH,1.5,False,False,unchanged,0.0,10.0,2026-03-26T16:29:46.053360
tunisieannonce_f6510b18e137,tunisieannonce,900.0,2026.0,3.0,El Menzah 9,TUNIS,north,El Menzah,Rent,Apartment,36.8528,10.1703,3 bedrooms|ascenseur|bathroom|carport|chauffage central|heating central|kitchen with dryer|salon with balcony,80,GOOD,1.0,True,False,unchanged,0.0,0.44,2026-03-27T15:30:22.290401
tunisieannonce_f70733d5ca8a,tunisieannonce,2800.0,350.0,2.0,El Mourouj,TUNIS,north,El Mourouj,Rent,Commercial,36.7405,10.2042,hauteur|surface,90,HIGH,1.5,False,False,new,,8.0,2026-03-27T16:14:38.546066
tunisieannonce_f654f18dd65b,tunisieannonce,4000.0,2025.0,7.0,Mutuelle Ville,TUNIS,north,Jebel Jelloud,Rent,Villa,36.7667,10.1833,baignoire|balcon|cabine de douche|chauffage central|climatisation|double salon|dressing|garage|grande cuisine|jardin|salle de bain|salle à manger|studio|suite parentale|séjour,90,HIGH,1.5,False,False,unchanged,0.0,1.98,2026-03-26T23:13:40.281883
tunisieannonce_f68e2cbe9c6e,tunisieannonce,1200.0,100.0,2.0,El Kantaoui,TUNIS,north,Jebel Jelloud,Rent,Apartment,36.7667,10.1833,baignoire complète|balcon|coin salle à manger|cuisine indépendante|deux chambres à coucher|dressing|four|hotte|meuble|plaque|salle de bain|salon|semi-meublé,90,HIGH,1.5,False,False,new,,12.0,2026-03-27T15:42:04.017336
tunisieannonce_f705ce4fd65d,tunisieannonce,560000.0,120.0,2.0,Berge Du Lac,TUNIS,north,Jebel Jelloud,Sale,Apartment,36.7667,10.1833,balcon|chambre à coucher|chauffage central|climatisation|climatisation en split|cuisine équipée|dressings|débarras|salle de bain commune|salle de douche|suite parentale|séchoir,100,HIGH,1.5,False,False,new,,4666.67,2026-03-27T14:33:56.441291
tunisieannonce_f6235bcded80,tunisieannonce,750.0,120.0,3.0,Bou Mhel,TUNIS,north,Jebel Jelloud,Rent,Villa,36.7667,10.1833,longue durée|meuble|semi meublé,90,HIGH,1.5,False,False,new,,6.25,2026-03-27T14:55:59.490564
tunisieannonce_f7b1492787a9,tunisieannonce,233160.0,804.0,,Cite 7 Novembre,TUNIS,north,Jebel Jelloud,Sale,Land,36.7667,10.1833,200 m de la voie principale|terrain|zone de villa,90,HIGH,1.5,False,False,new,,290.0,2026-03-27T16:09:38.579508
tunisieannonce_f92c05bbac3e,tunisieannonce,1500.0,160.0,3.0,Cite Ennasr 1,TUNIS,north,Jebel Jelloud,Rent,Apartment,36.7667,10.1833,air conditioning in split|appartment|ascenseur|balcony|bathroom guest|chauffage central|climatisation|elevator|heating central|kitchen|orientation|parking|parking with cover|sechoir|surface,90,HIGH,1.5,False,False,new,,9.38,2026-03-26T23:19:40.615055
tunisieannonce_fa2abe49f6b4,tunisieannonce,537000.0,600.0,,Utique,TUNIS,north,Utique,Sale,Land,37.0857,10.0259,2 minutes du péage de utique|emplacement stratégique|pente douce|surface de 33600 m²|terrain agr|vue panoramique,100,HIGH,1.5,False,False,unchanged,0.0,895.0,2026-03-26T16:11:12.237358
tunisieannonce_f8753e837204,tunisieannonce,2500.0,660.0,,Caid Mhamed,TUNIS,north,Jebel Jelloud,Sale,Land,36.7667,10.1833,centre dialyse|compteur électricité|force est|jardin|projet éducatif|relais de pharmacie|terrain|villa,70,GOOD,1.0,True,False,new,,3.79,2026-03-27T15:58:37.523638
tunisieannonce_f7b4beeaa00f,tunisieannonce,950000.0,600.0,,Cite Ennasr 2,TUNIS,north,Jebel Jelloud,Sale,Land,36.7667,10.1833,600 m²|constructible r+2,95,HIGH,1.5,False,False,unchanged,0.0,1583.33,2026-03-26T16:37:36.951952
tunisieannonce_fa2c6e26efce,tunisieannonce,345000.0,290.0,3.0,Ezzahra,TUNIS,north,Ezzahra,Sale,Land,36.743,10.308,3 chambres a couchées|abrit|batie|entrée voiture|grande cuisine|possibilité d'extension d'un étage|rez de chaussèe|salle de bain|salon|terrain|villa,95,HIGH,1.5,False,False,new,,1189.66,2026-03-27T15:42:12.941495
tunisieannonce_f886a7622052,tunisieannonce,5500.0,800.0,,Sidi Thabet,TUNIS,north,Sidi Thabet,Sale,Land,36.933,10.039,108 m|112 m|125 m|180 m|42 boxes|950 m|bais vitrée|charpente métallique|concrete enclosure|covered area|enclosed pasture|farmhouse|football field|guest houses|gym|kitchen|meeting room|offices|piscine|points de eau|pool|reception|restaurant|stable|storage|store|tennis court|terraces,70,GOOD,1.0,True,False,new,,6.88,2026-03-27T14:32:27.058764
tunisieannonce_f8d191fbcb77,tunisieannonce,1600.0,65.0,2.0,Cite Ennasr 1,TUNIS,north,Jebel Jelloud,Rent,Villa,36.7667,10.1833,meuble|studios meublé,90,HIGH,1.5,False,False,unchanged,0.0,24.62,2026-03-26T18:17:23.659836
tunisieannonce_f8dfae0723d6,tunisieannonce,950.0,65.0,,Tunis Belvedere,TUNIS,north,Jebel Jelloud,Sale,Commercial,36.7667,10.1833,climatisation|open space|parking|salle d'eau,70,GOOD,1.0,True,False,unchanged,0.0,14.62,2026-03-26T23:13:50.353838
tunisieannonce_f867f4a1d70b,tunisieannonce,46000.0,200.0,1.0,Dar Allouche,TUNIS,north,Jebel Jelloud,Sale,Land,36.7667,10.1833,centre ville|constructible|eau disponible|terrain|électricité disponible,100,HIGH,1.5,False,False,unchanged,0.0,230.0,2026-03-26T17:49:57.153153
tunisieannonce_fca723f4431d,tunisieannonce,1200.0,90.0,1.0,El Menzah 5,TUNIS,north,El Menzah,Rent,Villa,36.8528,10.1703,air conditioners|bathroom|central heating|chauffage central|climatisation|fully renovated kitchen|jardin|living room|partially renovated|private garden|quiet residence|recently renovated|small private garden|two bedrooms with built-in closets,90,HIGH,1.5,False,False,new,,13.33,2026-03-27T15:11:09.169749
tunisieannonce_fb10781018c7,tunisieannonce,850.0,50.0,2.0,El Manar 1,TUNIS,north,Jebel Jelloud,Rent,Other,36.7667,10.1833,chambre a la mezzanine|commission agence|frais de visite|gaz de ville|s plus 1,100,HIGH,1.5,False,False,unchanged,0.0,17.0,2026-03-26T15:30:17.426304
tunisieannonce_fcb00a92fa5b,tunisieannonce,550.0,55.0,1.0,Ariana,TUNIS,north,Ariana Ville,Rent,Villa,36.866011,10.193923,appartement deux pièces,85,HIGH,1.5,False,False,new,,10.0,2026-03-27T15:24:44.989090
tunisieannonce_fc4e1e43cc06,tunisieannonce,1200.0,180.0,1.0,Sidi Frej,TUNIS,north,Jebel Jelloud,Rent,Commercial,36.7667,10.1833,activité sans bruit|dépot|rez-de-chaussée|stockage,90,HIGH,1.5,False,False,unchanged,0.0,6.67,2026-03-27T15:16:30.819029
tunisieannonce_fc0e79d69c78,tunisieannonce,650.0,35.0,3.0,El Manar 1,TUNIS,north,Jebel Jelloud,Rent,Villa,36.7667,10.1833,entrée commune|meuble|meublé|studio|wb4429,90,HIGH,1.5,False,False,unchanged,0.0,18.57,2026-03-26T18:19:54.252929
tunisieannonce_fc16c9b5817c,tunisieannonce,360000.0,300.0,2.0,Hammam Lif,TUNIS,north,Hammam Lif,Sale,Land,36.728,10.336,5 appartements|av petit immeuble|lif|meuble|plein centre de hammam|possibilité d'extension|r + 2|rapport : 1600 dt /mois|surface bâtie : 300 m²|surface terrain : 186 m²|titre foncier individuel,100,HIGH,1.5,False,False,unchanged,0.0,1200.0,2026-03-27T16:00:39.805445
tunisieannonce_fc2bcfb04129,tunisieannonce,450.0,70.0,1.0,La Soukra,TUNIS,north,La Soukra,Rent,Villa,36.885212,10.245301,bedroom with bathroom|completely furnished|entry independent|living room with kitchenette|meuble|near airport Tunis Carthage|near hypermarket Carrefour La Marsa|near university Carthage|s+1|secure and quiet,90,HIGH,1.5,False,False,unchanged,0.0,6.43,2026-03-27T16:18:00.251748
tunisieannonce_fa5ebd3e1f9b,tunisieannonce,285000.0,5.0,,Bent Saidane,TUNIS,north,Jebel Jelloud,Sale,Land,36.7667,10.1833,arbres|fourrage|maison|oliviers|sonede|sontage|steg|terrain agr,85,HIGH,1.5,True,False,unchanged,0.0,,2026-03-26T16:32:21.117285
tunisieannonce_fc21e19086f8,tunisieannonce,150.0,75.0,1.0,Marsa Erriadh,TUNIS,north,Jebel Jelloud,Rent,Apartment,36.7667,10.1833,Marsa beach Carthage Gamart Sidi Bousaid|airport|bank|cafe|clinic|haut standing|hypermarket carrefour nearby|luxurious apartments|menage service|parking|parking guarded|pharmacy|photos of apartments upon request|public transport station 2 minutes walk|recent high-standing residence|residence guarded 24 hours a day|restaurant|salon (f4)|security assured|single room (f2)|small shops within walking distance|taxis available 24 hours a day|three-bedroom apartment (f4)|varying number of sleeping capacity from 2 to 8 people,90,HIGH,1.5,False,False,new,,2.0,2026-03-27T14:29:31.663157
tunisieannonce_fc42ac955de3,tunisieannonce,750000.0,720.0,5.0,Bou Mhel,TUNIS,north,Jebel Jelloud,Sale,Land,36.7667,10.1833,3 chambres à coucher|cuisine|grand jardin|jardin|salle d'eau|salle de bain|salon|suite parentale|terrain|villa,100,HIGH,1.5,False,False,unchanged,0.0,1041.67,2026-03-26T23:30:38.412848
tunisieannonce_fcc381bc8951,tunisieannonce,20000.0,200.0,1.0,Berge Du Lac,TUNIS,north,Jebel Jelloud,Rent,Land,36.7667,10.1833,ascenseur|berges du lac|chambre|chambre de dressing|chambre de service|chambre à coucher|chauffage central|chauffage central par le sol|cheminée|climatisation|climatisation centrale|cuisine|débarras|garage|grand séjour|grande pièce|hammam traditionnel|jardin|piscine|rdc|salle de bain|salle de bain avec jacuzzi|salle de douche|salle de sport|salles d'eaux|salles de bain|salon|salon de nuit|sous-sol|suite royale|suites|terrain|three levels|villa|vue sur la piscine|étage,80,GOOD,1.0,True,False,unchanged,0.0,100.0,2026-03-26T23:09:42.637612
tunisieannonce_fe6dbe96201a,tunisieannonce,700.0,100.0,2.0,Bou Mhel,TUNIS,north,Jebel Jelloud,Rent,Villa,36.7667,10.1833,quartier calme|villa s+2,90,HIGH,1.5,False,False,new,,7.0,2026-03-27T14:56:50.417978
tunisieannonce_fe6681195043,tunisieannonce,180.0,50.0,2.0,Hammamet,TUNIS,north,Hammamet,Rent,Other,36.4,10.6167,chauffage central|climatisation|cuisine équipée|douche|heating central|meuble|open plan living room|parking|piscine|pool|salle d'eau,90,HIGH,1.5,False,False,new,,3.6,2026-03-27T16:17:52.207018
tunisieannonce_feff2669533b,tunisieannonce,740000.0,178.0,3.0,Chotrana 2,TUNIS,north,Jebel Jelloud,Sale,Apartment,36.7667,10.1833,appartement s3 neuf|chauffage central|climatisation|climatisation en split|cuisine bien agencée et équipée|deux places de parking au sous-sol|dressing|grand salon|parking|salle d'eau invitée|salle à manger ouvrant sur une terrasse|surface de 178.43m²|séchoir|terrasse,100,HIGH,1.5,False,False,new,,4157.3,2026-03-27T14:38:24.255805
tunisieannonce_fe641bcc05bb,tunisieannonce,550.0,40.0,1.0,Sfax El Jadida,TUNIS,north,Agareb,Rent,Commercial,34.7392,10.5258,appartement bureautique|ascenseur|double ascenseur|emplacement stratégique|immeuble ain palace|meuble|proximité immédiate de toutes les commodités|route ain|s+1,90,HIGH,1.5,False,False,new,,13.75,2026-03-27T14:50:03.913293
tunisieannonce_feceeb068418,tunisieannonce,1100.0,659.0,,Riadh Landlous,TUNIS,north,Jebel Jelloud,Sale,Land,36.7667,10.1833,1670 d/m2|2 villas jumelées|autorisation de bâtir|grande villa|proche de toutes les commodités|r+2|terrain|viabilisé|villas,70,GOOD,1.0,True,False,new,,1.67,2026-03-27T16:14:21.974379
tunisieannonce_fdc3dfac9ac7,tunisieannonce,553000.0,138.0,3.0,Chotrana 1,TUNIS,north,Jebel Jelloud,Sale,Apartment,36.7667,10.1833,chambre à coucher|chauffage|climatisation|climatisation centrale|cuisine|dressing|parking|place de parking|salle d'eau|salle de bain commune|salon|suite|séchoir|terrasse,100,HIGH,1.5,False,False,new,,4007.25,2026-03-27T14:23:43.901152
tunisieannonce_fed169b110cd,tunisieannonce,6000.0,1000.0,,Menzel Bouzelfa,TUNIS,north,Menzel Bouzelfa,Rent,Commercial,36.6833,10.5833,3 bureaux|activity industrial|durability optimal|easy access|excellent isolation|functional|kitchen|luminous|roof in sandwich panels|spacious|storage|surface total|wc|well-amenaged,85,HIGH,1.5,False,False,new,,,2026-03-27T14:35:48.784259
tunisieannonce_feb90d3e6137,tunisieannonce,1200.0,120.0,2.0,Cite Ennasr 2,TUNIS,north,Jebel Jelloud,Rent,Apartment,36.7667,10.1833,2 climatiseurs|chambres à coucher avec placard|chauffage central|climatisation|cuisine avec séchoir|deux places de parking|gardiennage|grande chambre|parking|salle de bain|salon avec balcon|syndic,90,HIGH,1.5,False,False,unchanged,0.0,10.0,2026-03-27T15:43:54.829783
tunisieannonce_feb7a32ba646,tunisieannonce,210000.0,100.0,3.0,Tunis Belvedere,TUNIS,north,Jebel Jelloud,Sale,Other,36.7667,10.1833,2eme etage|ascenseur|chauffage central|climatisation|titre bleu,100,HIGH,1.5,False,False,new,,2100.0,2026-03-27T15:10:15.380732
verdar_124713,verdar,3000.0,1000.0,5.0,Hammam Chatt,,,,Rent,Land,33.8439408,9.400138,1000 m²|400 m²|5 bedrooms|500 m²|Hamm Chatt|nightly rental|summer rental|villa,85,HIGH,1.5,False,False,unchanged,0.0,3.0,2026-03-26T15:27:05.468604
tunisieannonce_ff749665e943,tunisieannonce,110000.0,90.0,3.0,El Mourouj 2,TUNIS,north,El Mourouj,Sale,Apartment,36.7405,10.2042,abri voiture|cuisine|s+3|salle de bain|salon|trois chambres à coucher,95,HIGH,1.5,False,False,unchanged,0.0,1222.22,2026-03-26T23:11:41.952126
tunisieannonce_ffc2540309b2,tunisieannonce,167000.0,257.0,,Borj Cedria,TUNIS,north,Jebel Jelloud,Sale,Land,36.7667,10.1833,"3 minutes des commodités essentielles|30 minutes|accès rapide au centre de tunis via la nouvelle autoroute|assainissement|double façade|eau potable|ejjahmi|emplacement stratégique|magasin général, carrefour market, écoles et universités|orientation idéale : sud-est|prix attractif|surface : 257 m²|terrain affleurant à la chaussée|terrain dangle|terrain entièrement viabilisé|titre foncier individuel|type : jumelé|téléphone|vocation : r+2|à seulement 1 minute de la plage|éclairage public|électricité gaz naturel",100,HIGH,1.5,False,False,unchanged,0.0,649.81,2026-03-26T16:20:22.714780
tunisieannonce_ff229d9cfb03,tunisieannonce,280.0,40.0,,La Mannouba,TUNIS,north,Mannouba,Rent,Villa,36.8097,10.0928,douche|entry|kitchen|toilette,75,GOOD,1.0,False,False,unchanged,0.0,7.0,2026-03-26T23:43:50.469346
verdar_124421,verdar,2200.0,100.0,,Ezzahra,TUNIS,north,,Rent,Commercial,33.8439408,9.400138,EMPLACEMENT|Local Commercial|PRIX|superficie,85,HIGH,1.5,False,False,unchanged,0.0,22.0,2026-03-26T15:27:46.318129
verdar_124576,verdar,1300.0,142.0,,Boumhel Belair,,,,Rent,Villa,33.8439408,9.400138,142 m²|boumhel|duplex|location|s+4,75,GOOD,1.0,False,False,unchanged,0.0,9.15,2026-03-26T15:27:31.928868
verdar_124672,verdar,750.0,30.0,,Boumhel,null,,,Rent,Commercial,33.8439408,9.400138,boumhel|local commercial|price|superficie,85,HIGH,1.5,False,False,unchanged,0.0,25.0,2026-03-26T15:27:18.849774
verdar_107846,verdar,105000.0,160.0,,Boumhel,TUNIS,north,,Sale,Land,33.8439408,9.400138,emplacement|superficie totale|terrain,95,HIGH,1.5,False,False,unchanged,0.0,656.25,2026-03-26T15:20:32.172068
tunisieannonce_ffd74fab3458,tunisieannonce,1250.0,100.0,2.0,El Aouina,TUNIS,north,Jebel Jelloud,Rent,Apartment,36.7667,10.1833,100m²|balcon|chauffage central|deux chambres à coucher|dressing|kitchenette équipée|parking|place de parking au sous-sol|s+2|salle de douche commune|salon lumineux,90,HIGH,1.5,False,False,unchanged,0.0,12.5,2026-03-26T18:09:51.560362
verdar_124362,verdar,1900.0,200.0,3.0,Nouvelle Médina,,,,Rent,Villa,33.8439408,9.400138,200m²|Nouvelle médina|RDC|S+2|emplacement,85,HIGH,1.5,False,False,unchanged,0.0,9.5,2026-03-26T15:27:59.420263
verdar_91041,verdar,880000.0,709.0,,Hammam Chat,null,,,Sale,Land,33.8439408,9.400138,450 m²|S+4|Terrain de 709 m²|Villa,85,HIGH,1.5,False,False,unchanged,0.0,1241.18,2026-03-26T15:21:44.131689
zitouna_immo_5557,zitouna_immo,,4185.0,,Carthage,TUNIS,north,Carthage,Rent,Land,36.8536,10.3256,accès via voirie|colline|proche de la mer|terrain|vue mer|vue sur mer|zones hôtelleries,55,LOW,0.5,False,False,unchanged,,,2026-03-26T16:51:34.431555
zitouna_immo_5518,zitouna_immo,4500.0,,,La Marsa,TUNIS,north,La Marsa,Rent,Apartment,36.8775,10.3275,chambres à coucher|cuisine ouverte|dressing|salle de bain|salon|suite parentale|vue mer|vue sur mer,55,LOW,0.5,False,False,unchanged,0.0,,2026-03-26T16:50:53.840472
verdar_127969,verdar,1300.0,120.0,2.0,Boumhel,Tunis,,,Rent,Apartment,33.8439408,9.400138,emplacement|nombre de chambres|prix|superficie totale,95,HIGH,1.5,False,False,unchanged,0.0,10.83,2026-03-26T15:26:47.617106
verdar_130541,verdar,450000.0,450.0,,Boumhel Belair,null,,,Sale,Land,33.8439408,9.400138,emplacement|superficie totale|terrain,95,HIGH,1.5,False,False,unchanged,0.0,1000.0,2026-03-26T15:19:37.015163
zitouna_immo_5707,zitouna_immo,15000.0,,,La Marsa,TUNIS,north,La Marsa,Rent,Villa,36.8775,10.3275,Général|Suite parentale|Dernier étage|Piscine|Terrasse|Ascenseur|Placards|Dressing|Portail électrique|Alarme|Balcon|Double vitrage|Alimentation d'eau|Chambres Spacieuses|Gardien|Gaz de ville|Hall|Haut Standing|Interphone|Lumineux|Quartier calme|Stores électriques|Espace extérieur|Jardin|Cuisine|Cuisine équipée|vue|Vue mer|parking|Sous-sol|Place de parking|chauffage|Central|climatisation|Centrale,5,DROP,0.0,True,True,unchanged,0.0,,2026-03-26T16:51:27.400126
verdar_129894,verdar,620000.0,622.0,,Boumhel,Tunis,,,Sale,Land,33.8439408,9.400138,commercial land|location in Boumhel,95,HIGH,1.5,False,False,unchanged,0.0,996.78,2026-03-26T15:21:26.748053
zitouna_immo_5442,zitouna_immo,1800.0,,,La Marsa,TUNIS,north,La Marsa,Rent,Apartment,36.8775,10.3275,Général|Balcon|parking|Place de parking à l’extérieur|chauffage|Central|climatisation|Split,55,LOW,0.5,False,False,unchanged,0.0,,2026-03-26T16:51:49.909229
verdar_129904,verdar,345000.0,130.0,3.0,Boumhel,null,,,Sale,Apartment,33.8439408,9.400138,emplacement|nombre de chambres|prix|superficie totale,100,HIGH,1.5,False,False,unchanged,0.0,2653.85,2026-03-26T15:21:09.542120
verdar_92821,verdar,399000.0,532.0,,Boumhel,null,,,Sale,Land,33.8439408,9.400138,emplacement|superficie totale|terrain,95,HIGH,1.5,False,False,unchanged,0.0,750.0,2026-03-26T15:20:49.540339
zitouna_immo_5804,zitouna_immo,,,,Sousse Ville,SOUSSE,east,Sousse Ville,Sale,Land,35.8269,10.63,Général|Suite parentale|Cellier|Piscine|Terrasse|Portail électrique|Alarme|Cheminée|Double vitrage|Wi-fi|Buanderie|Chambres Spacieuses|Construction en pierres|Gaz de ville|Hall|Interphone|Jacuzzi|Lumineux|Machine à laver|Sécurisé|Toiture neuve|Très Haut Standing|Video-phone|Espace extérieur|Jardin|Cuisine|Cuisine équipée|parking|Place de parking à l’extérieur|Garage|chauffage|Central|climatisation|Centrale,35,LOW,0.5,False,False,unchanged,,,2026-03-26T16:45:43.786571
zitouna_immo_6534,zitouna_immo,,,,Soliman,NABEUL,north,Nabeul,Sale,Land,36.4561,10.7358,terrain,25,LOW,0.5,False,False,unchanged,,,2026-03-26T16:46:22.936631
zitouna_immo_6538,zitouna_immo,890000.0,,,La Marsa,TUNIS,north,La Marsa,Sale,Villa,36.8775,10.3275,Espace extérieur|Jardin|Général|Terrasse|Balcon|Ensoleillé (e)|Chambres Spacieuses|Lumineux|Proche commerces|Quartier calme|Sécurisé|Titre foncier|parking|Abri de voiture|Privé|Sécurisé|chauffage|Central|climatisation|Split,55,LOW,0.5,False,False,unchanged,0.0,,2026-03-26T16:45:37.046605
zitouna_immo_6434,zitouna_immo,970000.0,1000.0,,La Soukra,ARIANA,north,La Soukra,Sale,Commercial,36.885212,10.245301,Général|Ensoleillé (e)|Lumineux|Proche commerces|Sécurisé,100,HIGH,1.5,False,False,unchanged,0.0,,2026-03-26T16:45:49.703972
zitouna_immo_6535,zitouna_immo,1250.0,,3,La Goulette,TUNIS,north,La Goulette,Sale,Villa,36.8197,10.2936,Cuisine|Double cuisine|Général|Ensoleillé (e)|Lumineux|Proche commerces|Quartier calme|Sécurisé|Titre foncier|chauffage|Central|climatisation|Split,75,GOOD,1.0,True,False,unchanged,0.0,,2026-03-26T16:46:11.355477
zitouna_immo_6546,zitouna_immo,1800.0,113.0,,La Marsa,TUNIS,north,La Marsa,Rent,Villa,36.8775,10.3275,Général|Terrasse|Placards|Ensoleillé (e)|Chambres Spacieuses|Haut Standing|Lumineux|Proche commerces|Quartier calme|Sécurisé|Cuisine|Hotte|Plaque|vue|Vue dégagée|parking|Place de parking|chauffage|Central|climatisation|Split,90,HIGH,1.5,False,False,unchanged,0.0,,2026-03-26T16:52:25.830711
zitouna_immo_6536,zitouna_immo,410000.0,70.0,,La Marsa,TUNIS,north,La Marsa,Sale,Commercial,36.8775,10.3275,Loyer actuel : 1 000 DT / mois|Superficie : 70 m²|charges maîtrisées|conditions locatives très avantageuses|flexibilité d’exploitation|loyer nettement inférieur aux prix du marché|opportunité rare pour investisseurs et entrepreneurs,100,HIGH,1.5,False,False,unchanged,0.0,,2026-03-26T16:45:55.494269
zitouna_immo_6545,zitouna_immo,4000.0,,,La Marsa,TUNIS,north,La Marsa,Rent,Apartment,36.8775,10.3275,Général|Suite parentale|Terrasse|Placards|Ensoleillé (e)|Chambres Spacieuses|Lumineux|Proche commerces|Quartier calme|Sécurisé|Cuisine|Cuisine équipée|vue|Vue mer|Vue dégagée|parking|Place de parking à l’extérieur|chauffage|Central|climatisation|Split,55,LOW,0.5,False,False,unchanged,0.0,,2026-03-26T16:52:18.898958
zitouna_immo_5775,zitouna_immo,,,,La Marsa,TUNIS,north,La Marsa,Rent,Villa,36.8775,10.3275,chambres à coucher|cheminée|cuisine|jardin|jardin paysager|salon principal|terrasse,35,LOW,0.5,False,False,unchanged,,,2026-03-26T16:51:11.218652
zitouna_immo_6543,zitouna_immo,3700.0,,,La Marsa,TUNIS,north,La Marsa,Rent,Commercial,36.8775,10.3275,Cuisine|Double cuisine|Général|Terrasse|Placards|Ensoleillé (e)|Lumineux|Proche commerces|Quartier calme|Sécurisé|chauffage|Central|climatisation|Split|proximite|École|Magasin|Salle de sport|Espace vert|Restaurant(s)|Café(s)|Salle de cinéma / Théâtre|Bureau de Poste|Banque(s)|Municipalité|Station de bus|Lycée,55,LOW,0.5,False,False,unchanged,0.0,,2026-03-26T16:51:56.164313
zitouna_immo_6548,zitouna_immo,1350.0,,2,La Marsa,TUNIS,north,La Marsa,Rent,Apartment,36.8775,10.3275,accès facile|cadre résidentiel calme|cuisine fonctionnelle et bien agencée|deux chambres|espace de vie lumineux|residence bien entretenue|résidence sécurisée|s+2|salle de bain|salon s'ouvre sur l’extérieur|sécurité et tranquillité,65,GOOD,1.0,False,True,unchanged,0.0,,2026-03-26T16:52:03.632004
zitouna_immo_6547,zitouna_immo,2200.0,,3,Ariana Ville,ARIANA,north,Ariana Ville,Rent,Commercial,36.866011,10.193923,Général|Placards|Ensoleillé (e)|Chambres Spacieuses|Lumineux|Sécurisé|Cuisine|Four|Hotte|Plaque|parking|Place de parking à l’extérieur|chauffage|Central|climatisation|Split|proximite|École|Magasin|Café(s),95,HIGH,1.5,False,False,unchanged,0.0,,2026-03-26T16:52:31.144504
