property_id,source_name,sentiment_score,sentiment_label,zero_shot_fraud_score,linguistic_score,fraud_score,risk_level,fraud_flags,tabular_model_version,mistral_explanation
45572,tecnocasa,0.0,positive,0.4108,0.2,19.38,normal,['no_images_suspicious'],xlm_roberta_mdeberta_v1,
newkey_97511,newkey,0.0,positive,0.3494,0.2,17.23,normal,['no_images_suspicious'],xlm_roberta_mdeberta_v1,
tunisieannonce_8ca413ec8108,tunisieannonce,0.6178,negative,0.3422,0.0,36.69,suspect,[],xlm_roberta_mdeberta_v1,
newkey_131042,newkey,0.0,positive,0.281,0.0,9.84,normal,[],xlm_roberta_mdeberta_v1,
newkey_131067,newkey,0.0,positive,0.3375,0.2,16.81,normal,['no_images_suspicious'],xlm_roberta_mdeberta_v1,
newkey_78799,newkey,0.0,positive,0.3387,0.2,16.85,normal,['no_images_suspicious'],xlm_roberta_mdeberta_v1,
newkey_130868,newkey,0.0,positive,0.2906,0.2,15.17,normal,['no_images_suspicious'],xlm_roberta_mdeberta_v1,
newkey_95276,newkey,0.0,positive,0.3765,0.0,13.18,normal,[],xlm_roberta_mdeberta_v1,
newkey_130577,newkey,0.0,positive,0.3486,0.0,12.2,normal,[],xlm_roberta_mdeberta_v1,
newkey_131038,newkey,0.0,positive,0.3928,0.0,13.75,normal,[],xlm_roberta_mdeberta_v1,
tunisieannonce_446935f3cf13,tunisieannonce,0.0,positive,0.3739,0.2,18.09,normal,['no_images_suspicious'],xlm_roberta_mdeberta_v1,
newkey_130526,newkey,0.0,positive,0.2799,0.0,9.8,normal,[],xlm_roberta_mdeberta_v1,
newkey_130985,newkey,0.0,positive,0.329,0.25,17.77,normal,['external_contact'],xlm_roberta_mdeberta_v1,
newkey_130815,newkey,0.0,positive,0.3706,0.2,17.97,normal,['no_images_suspicious'],xlm_roberta_mdeberta_v1,
affare_256718,affare,0.0,positive,0.2678,0.75,28.12,suspect,"['urgency_detected', 'external_contact', 'no_images_suspicious']",xlm_roberta_mdeberta_v1,
newkey_129977,newkey,0.0,positive,0.3391,0.2,16.87,normal,['no_images_suspicious'],xlm_roberta_mdeberta_v1,
newkey_130098,newkey,0.0,positive,0.3639,0.0,12.74,normal,[],xlm_roberta_mdeberta_v1,
newkey_130600,newkey,0.0,positive,0.3571,0.2,17.5,normal,['no_images_suspicious'],xlm_roberta_mdeberta_v1,
newkey_130399,newkey,0.0,positive,0.3584,0.0,12.54,normal,[],xlm_roberta_mdeberta_v1,
newkey_130454,newkey,0.0,positive,0.3555,0.0,12.44,normal,[],xlm_roberta_mdeberta_v1,
newkey_130466,newkey,0.0,positive,0.3644,0.0,12.75,normal,[],xlm_roberta_mdeberta_v1,
newkey_130603,newkey,0.0,positive,0.3505,0.0,12.27,normal,[],xlm_roberta_mdeberta_v1,
newkey_130433,newkey,0.0,positive,0.3188,0.25,17.41,normal,['external_contact'],xlm_roberta_mdeberta_v1,
newkey_130191,newkey,0.0,positive,0.343,0.2,17.0,normal,['no_images_suspicious'],xlm_roberta_mdeberta_v1,
affare_235663,affare,0.3855,negative,0.4021,0.75,48.24,suspect,"['urgency_detected', 'external_contact', 'no_images_suspicious']",xlm_roberta_mdeberta_v1,
newkey_130136,newkey,0.0,positive,0.3292,0.0,11.52,normal,[],xlm_roberta_mdeberta_v1,
newkey_130442,newkey,0.0,positive,0.3194,0.25,17.43,normal,['external_contact'],xlm_roberta_mdeberta_v1,
tunisieannonce_0b120cd33729,tunisieannonce,0.0,positive,0.3323,0.25,17.88,normal,['external_contact'],xlm_roberta_mdeberta_v1,
newkey_130640,newkey,0.0,positive,0.3161,0.0,11.06,normal,[],xlm_roberta_mdeberta_v1,
newkey_130467,newkey,0.0,positive,0.3004,0.2,15.51,normal,['no_images_suspicious'],xlm_roberta_mdeberta_v1,
affare_250596,affare,0.0723,neutral,0.3308,0.75,33.22,suspect,"['urgency_detected', 'external_contact', 'no_images_suspicious']",xlm_roberta_mdeberta_v1,
affare_249009,affare,0.0,positive,0.3764,0.0,13.17,normal,[],xlm_roberta_mdeberta_v1,
affare_237007,affare,0.0,positive,0.3041,0.55,24.39,suspect,"['urgency_detected', 'external_contact']",xlm_roberta_mdeberta_v1,
affare_226648,affare,0.0,positive,0.4138,0.3,21.98,suspect,['urgency_detected'],xlm_roberta_mdeberta_v1,
affare_2400,affare,0.3535,negative,0.4306,0.55,42.96,suspect,"['urgency_detected', 'external_contact']",xlm_roberta_mdeberta_v1,
newkey_130174,newkey,0.0,positive,0.345,0.0,12.07,normal,[],xlm_roberta_mdeberta_v1,
newkey_130439,newkey,0.0,positive,0.3227,0.25,17.54,normal,['external_contact'],xlm_roberta_mdeberta_v1,
newkey_130077,newkey,0.0,positive,0.3276,0.0,11.47,normal,[],xlm_roberta_mdeberta_v1,
newkey_129869,newkey,0.0,positive,0.2456,0.2,13.6,normal,['no_images_suspicious'],xlm_roberta_mdeberta_v1,
newkey_129926,newkey,0.0,positive,0.3335,0.0,11.67,normal,[],xlm_roberta_mdeberta_v1,
newkey_130027,newkey,0.0,positive,0.3306,0.0,11.57,normal,[],xlm_roberta_mdeberta_v1,
newkey_130171,newkey,0.0,positive,0.3049,0.2,15.67,normal,['no_images_suspicious'],xlm_roberta_mdeberta_v1,
newkey_129576,newkey,0.0,positive,0.279,0.25,16.02,normal,['external_contact'],xlm_roberta_mdeberta_v1,
newkey_129741,newkey,0.0,positive,0.2913,0.25,16.45,normal,['external_contact'],xlm_roberta_mdeberta_v1,
mubawab_8309582,mubawab,0.6269,negative,0.3972,0.35,47.73,suspect,"['description_too_short', 'information_incomplete']",xlm_roberta_mdeberta_v1,
newkey_129409,newkey,0.0,positive,0.3058,0.2,15.7,normal,['no_images_suspicious'],xlm_roberta_mdeberta_v1,
newkey_130447,newkey,0.0,positive,0.248,0.0,8.68,normal,[],xlm_roberta_mdeberta_v1,
newkey_129987,newkey,0.0,positive,0.3725,0.0,13.04,normal,[],xlm_roberta_mdeberta_v1,
newkey_129335,newkey,0.0,positive,0.2965,0.0,10.38,normal,[],xlm_roberta_mdeberta_v1,
newkey_130181,newkey,0.0,positive,0.3346,0.0,11.71,normal,[],xlm_roberta_mdeberta_v1,
mubawab_8320001,mubawab,0.6269,negative,0.3972,0.35,47.73,suspect,"['description_too_short', 'information_incomplete']",xlm_roberta_mdeberta_v1,
affare_257282,affare,0.3844,negative,0.3787,0.55,42.38,suspect,"['urgency_detected', 'external_contact']",xlm_roberta_mdeberta_v1,
newkey_129872,newkey,0.0,positive,0.3341,0.0,11.69,normal,[],xlm_roberta_mdeberta_v1,
newkey_130159,newkey,0.0,positive,0.3602,0.0,12.61,normal,[],xlm_roberta_mdeberta_v1,
affare_226855,affare,0.076,neutral,0.3345,0.55,28.5,suspect,"['urgency_detected', 'external_contact']",xlm_roberta_mdeberta_v1,
newkey_129730,newkey,0.0,positive,0.2743,0.0,9.6,normal,[],xlm_roberta_mdeberta_v1,
newkey_130515,newkey,0.0,positive,0.3405,0.0,11.92,normal,[],xlm_roberta_mdeberta_v1,
tunisieannonce_8cb4c774edbf,tunisieannonce,0.0851,neutral,0.3144,0.2,19.41,normal,['no_images_suspicious'],xlm_roberta_mdeberta_v1,
newkey_130322,newkey,0.0,positive,0.3096,0.0,10.84,normal,[],xlm_roberta_mdeberta_v1,
tunisieannonce_0b5ceabe48b0,tunisieannonce,0.0,positive,0.3537,0.45,23.63,suspect,"['external_contact', 'no_images_suspicious']",xlm_roberta_mdeberta_v1,
newkey_130395,newkey,0.0,positive,0.2593,0.0,9.08,normal,[],xlm_roberta_mdeberta_v1,
affare_250291,affare,0.4655,negative,0.4252,0.55,47.25,suspect,"['urgency_detected', 'external_contact']",xlm_roberta_mdeberta_v1,
affare_257804,affare,0.405,negative,0.3977,0.75,48.87,suspect,"['urgency_detected', 'external_contact', 'no_images_suspicious']",xlm_roberta_mdeberta_v1,
affare_257453,affare,0.4127,negative,0.3502,0.75,47.52,suspect,"['urgency_detected', 'external_contact', 'no_images_suspicious']",xlm_roberta_mdeberta_v1,
affare_257543,affare,0.4313,negative,0.326,0.5,41.16,suspect,"['urgency_detected', 'no_images_suspicious']",xlm_roberta_mdeberta_v1,
affare_257799,affare,0.0,positive,0.3535,0.2,17.37,normal,['no_images_suspicious'],xlm_roberta_mdeberta_v1,
affare_254271,affare,0.0,positive,0.3037,0.0,10.63,normal,[],xlm_roberta_mdeberta_v1,
affare_247788,affare,0.0898,neutral,0.2535,0.0,12.46,normal,[],xlm_roberta_mdeberta_v1,
affare_259236,affare,0.0,positive,0.3218,0.25,17.51,normal,['external_contact'],xlm_roberta_mdeberta_v1,
affare_255365,affare,0.3495,negative,0.373,0.55,40.78,suspect,"['urgency_detected', 'external_contact']",xlm_roberta_mdeberta_v1,
affare_246872,affare,0.0,positive,0.4181,0.0,14.63,normal,[],xlm_roberta_mdeberta_v1,
affare_257805,affare,0.3894,negative,0.3653,0.55,42.11,suspect,"['urgency_detected', 'external_contact']",xlm_roberta_mdeberta_v1,
newkey_129917,newkey,0.0,positive,0.2938,0.0,10.28,normal,[],xlm_roberta_mdeberta_v1,
newkey_129726,newkey,0.0,positive,0.3512,0.2,17.29,normal,['no_images_suspicious'],xlm_roberta_mdeberta_v1,
affare_241047,affare,0.0,positive,0.4162,0.3,22.07,suspect,['urgency_detected'],xlm_roberta_mdeberta_v1,
newkey_130160,newkey,0.0,positive,0.3276,0.0,11.47,normal,[],xlm_roberta_mdeberta_v1,
affare_253269,affare,0.0,positive,0.4132,0.2,19.46,normal,['no_images_suspicious'],xlm_roberta_mdeberta_v1,
affare_258480,affare,0.0,positive,0.2863,0.3,17.52,normal,['urgency_detected'],xlm_roberta_mdeberta_v1,
affare_228981,affare,0.0,positive,0.3369,0.3,19.29,normal,['urgency_detected'],xlm_roberta_mdeberta_v1,
century21_a1a09a825273,century21,0.0,positive,0.3576,0.2,17.52,normal,['no_images_suspicious'],xlm_roberta_mdeberta_v1,
affare_254124,affare,0.2767,negative,0.4541,0.25,33.21,suspect,['external_contact'],xlm_roberta_mdeberta_v1,
affare_259178,affare,0.2837,negative,0.2404,0.75,38.51,suspect,"['urgency_detected', 'external_contact', 'no_images_suspicious']",xlm_roberta_mdeberta_v1,
affare_254459,affare,0.3698,negative,0.357,0.55,41.04,suspect,"['urgency_detected', 'external_contact']",xlm_roberta_mdeberta_v1,
newkey_129729,newkey,0.0,positive,0.2791,0.0,9.77,normal,[],xlm_roberta_mdeberta_v1,
newkey_130157,newkey,0.0,positive,0.331,0.25,17.84,normal,['external_contact'],xlm_roberta_mdeberta_v1,
tunisieannonce_0ff7ae1b5e1e,tunisieannonce,0.0,positive,0.333,0.0,11.65,normal,[],xlm_roberta_mdeberta_v1,
affare_255524,affare,0.0,positive,0.427,0.55,28.7,suspect,"['urgency_detected', 'external_contact']",xlm_roberta_mdeberta_v1,
affare_257950,affare,0.6432,negative,0.399,0.55,53.44,fraud_likely,"['urgency_detected', 'external_contact']",xlm_roberta_mdeberta_v1,"Cette annonce immobilière est suspecte en raison de son score élevé de fraude (53.4/100), sentiment négatif (score 0.64), et des flags urgence détectée et contact externe. Le titre individuel, le prix négociable, l'absence d'informations complètes et la demande de contact par plusieurs moyens indiquent un risque élevé de fraude immobilière."
newkey_129653,newkey,0.0,positive,0.3573,0.45,23.76,suspect,"['external_contact', 'no_images_suspicious']",xlm_roberta_mdeberta_v1,
affare_259181,affare,0.3596,negative,0.3446,0.0,26.44,suspect,[],xlm_roberta_mdeberta_v1,
affare_255449,affare,0.4153,negative,0.3774,0.55,43.57,suspect,"['urgency_detected', 'external_contact']",xlm_roberta_mdeberta_v1,
affare_239822,affare,0.0,positive,0.3622,0.55,26.43,suspect,"['urgency_detected', 'external_contact']",xlm_roberta_mdeberta_v1,
affare_259185,affare,0.0,positive,0.285,0.0,9.97,normal,[],xlm_roberta_mdeberta_v1,
affare_220450,affare,0.433,negative,0.4357,0.55,46.32,suspect,"['urgency_detected', 'external_contact']",xlm_roberta_mdeberta_v1,
affare_1700,affare,0.0759,neutral,0.4201,0.55,31.49,suspect,"['urgency_detected', 'external_contact']",xlm_roberta_mdeberta_v1,
newkey_129734,newkey,0.0,positive,0.2816,0.25,16.11,normal,['external_contact'],xlm_roberta_mdeberta_v1,
newkey_129334,newkey,0.0,positive,0.3129,0.2,15.95,normal,['no_images_suspicious'],xlm_roberta_mdeberta_v1,
affare_259189,affare,0.3491,negative,0.346,0.75,44.82,suspect,"['urgency_detected', 'external_contact', 'no_images_suspicious']",xlm_roberta_mdeberta_v1,
affare_257357,affare,0.0,positive,0.3764,0.0,13.17,normal,[],xlm_roberta_mdeberta_v1,
affare_259234,affare,0.074,neutral,0.4418,0.3,25.92,suspect,['urgency_detected'],xlm_roberta_mdeberta_v1,
newkey_130156,newkey,0.0,positive,0.3185,0.2,16.15,normal,['no_images_suspicious'],xlm_roberta_mdeberta_v1,
affare_248366,affare,0.0,positive,0.383,0.75,32.16,suspect,"['urgency_detected', 'external_contact', 'no_images_suspicious']",xlm_roberta_mdeberta_v1,
affare_257450,affare,0.3998,negative,0.3697,0.55,42.68,suspect,"['urgency_detected', 'external_contact']",xlm_roberta_mdeberta_v1,
affare_259238,affare,0.0,positive,0.3607,0.0,12.62,normal,[],xlm_roberta_mdeberta_v1,
affare_259198,affare,0.0818,neutral,0.3498,0.3,23.02,suspect,['urgency_detected'],xlm_roberta_mdeberta_v1,
affare_259243,affare,0.4845,negative,0.2466,0.75,46.76,suspect,"['urgency_detected', 'external_contact', 'no_images_suspicious']",xlm_roberta_mdeberta_v1,
newkey_129337,newkey,0.0,positive,0.2841,0.0,9.94,normal,[],xlm_roberta_mdeberta_v1,
tunisieannonce_a77853c45490,tunisieannonce,0.0697,neutral,0.3723,0.55,29.57,suspect,"['urgency_detected', 'external_contact']",xlm_roberta_mdeberta_v1,
affare_257369,affare,0.0,positive,0.3926,0.25,19.99,normal,['external_contact'],xlm_roberta_mdeberta_v1,
affare_259241,affare,0.3459,negative,0.33,0.55,39.14,suspect,"['urgency_detected', 'external_contact']",xlm_roberta_mdeberta_v1,
affare_257399,affare,0.0,positive,0.3999,0.55,27.75,suspect,"['urgency_detected', 'external_contact']",xlm_roberta_mdeberta_v1,
affare_259246,affare,0.3888,negative,0.2549,0.75,43.22,suspect,"['urgency_detected', 'external_contact', 'no_images_suspicious']",xlm_roberta_mdeberta_v1,
affare_256795,affare,0.2306,negative,0.394,0.0,23.01,suspect,[],xlm_roberta_mdeberta_v1,
affare_236234,affare,0.0,positive,0.3981,0.2,18.93,normal,['no_images_suspicious'],xlm_roberta_mdeberta_v1,
affare_259199,affare,0.0761,neutral,0.3146,0.25,20.3,normal,['external_contact'],xlm_roberta_mdeberta_v1,
newkey_129608,newkey,0.0,positive,0.3946,0.25,20.06,normal,['external_contact'],xlm_roberta_mdeberta_v1,
newkey_129656,newkey,0.0,positive,0.3181,0.25,17.38,normal,['external_contact'],xlm_roberta_mdeberta_v1,
tunisieannonce_0f34ccae32a6,tunisieannonce,0.0,positive,0.3269,0.0,11.44,normal,[],xlm_roberta_mdeberta_v1,
affare_236238,affare,0.0,positive,0.3796,0.0,13.29,normal,[],xlm_roberta_mdeberta_v1,
newkey_130153,newkey,0.0,positive,0.3157,0.0,11.05,normal,[],xlm_roberta_mdeberta_v1,
tunisieannonce_a594db9e20d5,tunisieannonce,0.0,positive,0.3598,0.25,18.84,normal,['external_contact'],xlm_roberta_mdeberta_v1,
affare_259298,affare,0.0,positive,0.3794,0.2,18.28,normal,['no_images_suspicious'],xlm_roberta_mdeberta_v1,
affare_259307,affare,0.0,positive,0.3702,0.0,12.96,normal,[],xlm_roberta_mdeberta_v1,
affare_257460,affare,0.3661,negative,0.3686,0.75,46.29,suspect,"['urgency_detected', 'external_contact', 'no_images_suspicious']",xlm_roberta_mdeberta_v1,
newkey_128424,newkey,0.0,positive,0.3335,0.0,11.67,normal,[],xlm_roberta_mdeberta_v1,
affare_257803,affare,0.3892,negative,0.3862,0.75,47.84,suspect,"['urgency_detected', 'external_contact', 'no_images_suspicious']",xlm_roberta_mdeberta_v1,
affare_259315,affare,0.2464,negative,0.3548,0.55,36.02,suspect,"['urgency_detected', 'external_contact']",xlm_roberta_mdeberta_v1,
affare_259308,affare,0.2707,negative,0.2415,0.75,38.03,suspect,"['urgency_detected', 'external_contact', 'no_images_suspicious']",xlm_roberta_mdeberta_v1,
affare_259310,affare,0.3662,negative,0.4187,0.55,43.05,suspect,"['urgency_detected', 'external_contact']",xlm_roberta_mdeberta_v1,
affare_259415,affare,0.0,positive,0.3882,0.0,13.59,normal,[],xlm_roberta_mdeberta_v1,
affare_259412,affare,0.5629,negative,0.3033,0.2,38.13,suspect,['no_images_suspicious'],xlm_roberta_mdeberta_v1,
affare_259406,affare,0.0,positive,0.2979,0.2,15.43,normal,['no_images_suspicious'],xlm_roberta_mdeberta_v1,
affare_259417,affare,0.351,negative,0.3815,0.55,41.14,suspect,"['urgency_detected', 'external_contact']",xlm_roberta_mdeberta_v1,
affare_259403,affare,0.0836,neutral,0.3406,0.55,29.02,suspect,"['urgency_detected', 'external_contact']",xlm_roberta_mdeberta_v1,
affare_257683,affare,0.0,positive,0.4607,0.25,22.37,suspect,['external_contact'],xlm_roberta_mdeberta_v1,
affare_259488,affare,0.0,positive,0.3242,0.0,11.35,normal,[],xlm_roberta_mdeberta_v1,
affare_259423,affare,0.0,positive,0.3522,0.0,12.33,normal,[],xlm_roberta_mdeberta_v1,
affare_257942,affare,0.0,positive,0.4062,0.55,27.97,suspect,"['urgency_detected', 'external_contact']",xlm_roberta_mdeberta_v1,
affare_259419,affare,0.0,positive,0.3508,0.0,12.28,normal,[],xlm_roberta_mdeberta_v1,
affare_259418,affare,0.0,positive,0.3989,0.2,18.96,normal,['no_images_suspicious'],xlm_roberta_mdeberta_v1,
affare_259426,affare,0.0,positive,0.3884,0.2,18.59,normal,['no_images_suspicious'],xlm_roberta_mdeberta_v1,
affare_257940,affare,0.0,positive,0.3721,0.55,26.77,suspect,"['urgency_detected', 'external_contact']",xlm_roberta_mdeberta_v1,
affare_257932,affare,0.806,negative,0.4441,0.3,55.28,fraud_likely,"['urgency_detected', 'strong_negative_sentiment']",xlm_roberta_mdeberta_v1,
affare_254550,affare,0.0,positive,0.4238,0.75,33.58,suspect,"['urgency_detected', 'external_contact', 'no_images_suspicious']",xlm_roberta_mdeberta_v1,
affare_259430,affare,0.2437,negative,0.2466,0.75,37.13,suspect,"['urgency_detected', 'external_contact', 'no_images_suspicious']",xlm_roberta_mdeberta_v1,
affare_259483,affare,0.0696,neutral,0.4287,0.75,36.54,suspect,"['urgency_detected', 'external_contact', 'no_images_suspicious']",xlm_roberta_mdeberta_v1,
affare_257808,affare,0.4389,negative,0.3715,0.75,49.31,suspect,"['urgency_detected', 'external_contact', 'no_images_suspicious']",xlm_roberta_mdeberta_v1,
newkey_129704,newkey,0.0,positive,0.3188,0.0,11.16,normal,[],xlm_roberta_mdeberta_v1,
affare_258727,affare,0.3698,negative,0.3422,0.0,26.77,suspect,[],xlm_roberta_mdeberta_v1,
affare_259501,affare,0.0,positive,0.3532,0.75,31.11,suspect,"['urgency_detected', 'external_contact', 'no_images_suspicious']",xlm_roberta_mdeberta_v1,
affare_256520,affare,0.3207,negative,0.4262,0.55,41.49,suspect,"['urgency_detected', 'external_contact']",xlm_roberta_mdeberta_v1,
affare_259494,affare,0.2459,negative,0.3313,0.55,35.18,suspect,"['urgency_detected', 'external_contact']",xlm_roberta_mdeberta_v1,
affare_258751,affare,0.0784,neutral,0.3718,0.55,29.9,suspect,"['urgency_detected', 'external_contact']",xlm_roberta_mdeberta_v1,
affare_259560,affare,0.0,positive,0.4098,0.0,14.34,normal,[],xlm_roberta_mdeberta_v1,
affare_258568,affare,0.2426,negative,0.4313,0.55,38.55,suspect,"['urgency_detected', 'external_contact']",xlm_roberta_mdeberta_v1,
affare_259502,affare,0.0,positive,0.3389,0.0,11.86,normal,[],xlm_roberta_mdeberta_v1,
affare_259507,affare,0.351,negative,0.3815,0.55,41.14,suspect,"['urgency_detected', 'external_contact']",xlm_roberta_mdeberta_v1,
affare_259506,affare,0.2339,negative,0.3479,0.2,26.53,suspect,['no_images_suspicious'],xlm_roberta_mdeberta_v1,
affare_258612,affare,0.0,positive,0.3313,0.3,19.1,normal,['urgency_detected'],xlm_roberta_mdeberta_v1,
affare_245971,affare,0.0,positive,0.3785,0.0,13.25,normal,[],xlm_roberta_mdeberta_v1,
affare_259508,affare,0.3004,negative,0.3443,0.75,42.82,suspect,"['urgency_detected', 'external_contact', 'no_images_suspicious']",xlm_roberta_mdeberta_v1,
affare_259504,affare,0.3998,negative,0.3698,0.55,42.69,suspect,"['urgency_detected', 'external_contact']",xlm_roberta_mdeberta_v1,
newkey_128206,newkey,0.0,positive,0.2929,0.0,10.25,normal,[],xlm_roberta_mdeberta_v1,
affare_258700,affare,0.3448,negative,0.3529,0.0,26.14,suspect,[],xlm_roberta_mdeberta_v1,
affare_259515,affare,0.0,positive,0.2538,0.0,8.88,normal,[],xlm_roberta_mdeberta_v1,
affare_259551,affare,0.3846,negative,0.3619,0.75,46.8,suspect,"['urgency_detected', 'external_contact', 'no_images_suspicious']",xlm_roberta_mdeberta_v1,
affare_259554,affare,0.3888,negative,0.2549,0.75,43.22,suspect,"['urgency_detected', 'external_contact', 'no_images_suspicious']",xlm_roberta_mdeberta_v1,
affare_259200,affare,0.0805,neutral,0.4,0.25,23.47,suspect,['external_contact'],xlm_roberta_mdeberta_v1,
affare_243701,affare,0.4713,negative,0.3894,0.55,46.23,suspect,"['urgency_detected', 'external_contact']",xlm_roberta_mdeberta_v1,
newkey_129686,newkey,0.0,positive,0.3051,0.0,10.68,normal,[],xlm_roberta_mdeberta_v1,
affare_256388,affare,0.0,positive,0.3046,0.55,24.41,suspect,"['urgency_detected', 'external_contact']",xlm_roberta_mdeberta_v1,
affare_259566,affare,0.0,positive,0.3882,0.0,13.59,normal,[],xlm_roberta_mdeberta_v1,
affare_259563,affare,0.0,positive,0.3856,0.55,27.25,suspect,"['urgency_detected', 'external_contact']",xlm_roberta_mdeberta_v1,
affare_259564,affare,0.0,positive,0.3421,0.0,11.97,normal,[],xlm_roberta_mdeberta_v1,
affare_259562,affare,0.0,positive,0.3471,0.0,12.15,normal,[],xlm_roberta_mdeberta_v1,
affare_259177,affare,0.4335,negative,0.3496,0.55,43.33,suspect,"['urgency_detected', 'external_contact']",xlm_roberta_mdeberta_v1,
affare_258985,affare,0.0753,neutral,0.4087,0.55,31.07,suspect,"['urgency_detected', 'external_contact']",xlm_roberta_mdeberta_v1,
affare_259565,affare,0.0,positive,0.3734,0.55,26.82,suspect,"['urgency_detected', 'external_contact']",xlm_roberta_mdeberta_v1,
affare_258966,affare,0.3105,negative,0.3767,0.55,39.35,suspect,"['urgency_detected', 'external_contact']",xlm_roberta_mdeberta_v1,
affare_255747,affare,0.0,positive,0.2486,0.75,27.45,suspect,"['urgency_detected', 'external_contact', 'no_images_suspicious']",xlm_roberta_mdeberta_v1,
affare_259573,affare,0.0,positive,0.3156,0.25,17.3,normal,['external_contact'],xlm_roberta_mdeberta_v1,
affare_259670,affare,0.0,positive,0.4215,0.0,14.75,normal,[],xlm_roberta_mdeberta_v1,
affare_259569,affare,0.0,positive,0.3262,0.0,11.42,normal,[],xlm_roberta_mdeberta_v1,
affare_259175,affare,0.4072,negative,0.2846,0.75,45.0,suspect,"['urgency_detected', 'external_contact', 'no_images_suspicious']",xlm_roberta_mdeberta_v1,
affare_259186,affare,0.3568,negative,0.2903,0.55,38.18,suspect,"['urgency_detected', 'external_contact']",xlm_roberta_mdeberta_v1,
affare_246565,affare,0.0,positive,0.2314,0.25,14.35,normal,['external_contact'],xlm_roberta_mdeberta_v1,
affare_259568,affare,0.0,positive,0.423,0.55,28.55,suspect,"['urgency_detected', 'external_contact']",xlm_roberta_mdeberta_v1,
affare_259671,affare,0.4086,negative,0.3269,0.75,46.54,suspect,"['urgency_detected', 'external_contact', 'no_images_suspicious']",xlm_roberta_mdeberta_v1,
affare_136985,affare,0.0,positive,0.368,0.3,20.38,normal,['urgency_detected'],xlm_roberta_mdeberta_v1,
affare_257892,affare,0.0,positive,0.4264,0.0,14.92,normal,[],xlm_roberta_mdeberta_v1,
affare_259184,affare,0.344,negative,0.3093,0.75,43.34,suspect,"['urgency_detected', 'external_contact', 'no_images_suspicious']",xlm_roberta_mdeberta_v1,
affare_241651,affare,0.0,positive,0.2942,0.75,29.05,suspect,"['urgency_detected', 'external_contact', 'no_images_suspicious']",xlm_roberta_mdeberta_v1,
affare_164918,affare,0.0,positive,0.2996,0.55,24.24,suspect,"['urgency_detected', 'external_contact']",xlm_roberta_mdeberta_v1,
affare_259194,affare,0.0,positive,0.2949,0.0,10.32,normal,[],xlm_roberta_mdeberta_v1,
affare_259193,affare,0.0,positive,0.4101,0.0,14.35,normal,[],xlm_roberta_mdeberta_v1,
affare_256408,affare,0.4547,negative,0.352,0.3,38.01,suspect,['urgency_detected'],xlm_roberta_mdeberta_v1,
century21_00449ec77402,century21,0.0,positive,0.3532,0.55,26.11,suspect,"['urgency_detected', 'external_contact']",xlm_roberta_mdeberta_v1,
century21_012583dc5e95,century21,0.0,positive,0.416,0.2,19.56,normal,['no_images_suspicious'],xlm_roberta_mdeberta_v1,
affare_4400,affare,0.0,positive,0.3449,0.0,12.07,normal,[],xlm_roberta_mdeberta_v1,
affare_259192,affare,0.0,positive,0.2528,0.2,13.85,normal,['no_images_suspicious'],xlm_roberta_mdeberta_v1,
century21_031b69100d7d,century21,0.0,positive,0.3679,0.0,12.88,normal,[],xlm_roberta_mdeberta_v1,
century21_02d29ba7dc54,century21,0.0821,neutral,0.3575,0.0,15.8,normal,[],xlm_roberta_mdeberta_v1,
affare_257444,affare,0.3323,negative,0.3545,0.55,39.45,suspect,"['urgency_detected', 'external_contact']",xlm_roberta_mdeberta_v1,
century21_04dfaa09ef8f,century21,0.0,positive,0.3787,0.0,13.25,normal,[],xlm_roberta_mdeberta_v1,
century21_087f12b34209,century21,0.0,positive,0.365,0.3,20.27,normal,['urgency_detected'],xlm_roberta_mdeberta_v1,
affare_259196,affare,0.0,positive,0.3993,0.2,18.98,normal,['no_images_suspicious'],xlm_roberta_mdeberta_v1,
affare_259235,affare,0.2542,negative,0.429,0.3,32.68,suspect,['urgency_detected'],xlm_roberta_mdeberta_v1,
century21_084a6d73e689,century21,0.0,positive,0.3904,0.2,18.66,normal,['no_images_suspicious'],xlm_roberta_mdeberta_v1,
century21_06bd1bf41367,century21,0.0,positive,0.3872,0.55,27.3,suspect,"['urgency_detected', 'external_contact']",xlm_roberta_mdeberta_v1,
century21_077f2decb003,century21,0.0925,neutral,0.4036,0.0,17.83,normal,[],xlm_roberta_mdeberta_v1,
century21_07c08a212998,century21,0.0,positive,0.3458,0.2,17.1,normal,['no_images_suspicious'],xlm_roberta_mdeberta_v1,
century21_0dd2bb14d722,century21,0.0,positive,0.4017,0.0,14.06,normal,[],xlm_roberta_mdeberta_v1,
century21_1aba80c46649,century21,0.2587,negative,0.3231,0.2,26.66,suspect,['no_images_suspicious'],xlm_roberta_mdeberta_v1,
century21_0918ae159c1c,century21,0.0814,neutral,0.3925,0.2,21.99,suspect,['no_images_suspicious'],xlm_roberta_mdeberta_v1,
affare_259245,affare,0.2549,negative,0.2475,0.75,37.61,suspect,"['urgency_detected', 'external_contact', 'no_images_suspicious']",xlm_roberta_mdeberta_v1,
affare_248970,affare,0.0,positive,0.3461,0.55,25.86,suspect,"['urgency_detected', 'external_contact']",xlm_roberta_mdeberta_v1,
affare_259247,affare,0.0,positive,0.3571,0.55,26.25,suspect,"['urgency_detected', 'external_contact']",xlm_roberta_mdeberta_v1,
century21_0e7abc0bd304,century21,0.0,positive,0.4208,0.0,14.73,normal,[],xlm_roberta_mdeberta_v1,
century21_0f8abe645aaa,century21,0.0,positive,0.418,0.55,28.38,suspect,"['urgency_detected', 'external_contact']",xlm_roberta_mdeberta_v1,
affare_259239,affare,0.3689,negative,0.3302,0.2,31.31,suspect,['no_images_suspicious'],xlm_roberta_mdeberta_v1,
century21_12aa21ee2ba3,century21,0.0,positive,0.3973,0.0,13.91,normal,[],xlm_roberta_mdeberta_v1,
tunisieannonce_435589163746,tunisieannonce,0.3221,negative,0.3426,0.0,24.88,suspect,[],xlm_roberta_mdeberta_v1,
tunisieannonce_0f72d51de091,tunisieannonce,0.0,positive,0.3316,0.0,11.61,normal,[],xlm_roberta_mdeberta_v1,
century21_11d02ac0f672,century21,0.0,positive,0.3346,0.55,25.46,suspect,"['urgency_detected', 'external_contact']",xlm_roberta_mdeberta_v1,
century21_16b7287988e9,century21,0.0,positive,0.3143,0.55,24.75,suspect,"['urgency_detected', 'external_contact']",xlm_roberta_mdeberta_v1,
century21_11cb0fbf6950,century21,0.0971,neutral,0.4197,0.55,32.32,suspect,"['urgency_detected', 'external_contact']",xlm_roberta_mdeberta_v1,
century21_1474ca3bef5d,century21,0.0,positive,0.3438,0.0,12.03,normal,[],xlm_roberta_mdeberta_v1,
affare_259242,affare,0.2521,negative,0.2588,0.75,37.89,suspect,"['urgency_detected', 'external_contact', 'no_images_suspicious']",xlm_roberta_mdeberta_v1,
tunisieannonce_505d29472b2a,tunisieannonce,0.0,positive,0.3165,0.2,16.08,normal,['no_images_suspicious'],xlm_roberta_mdeberta_v1,
affare_252013,affare,0.0,positive,0.3658,0.75,31.55,suspect,"['urgency_detected', 'external_contact', 'no_images_suspicious']",xlm_roberta_mdeberta_v1,
affare_259250,affare,0.0,positive,0.3616,0.55,26.41,suspect,"['urgency_detected', 'external_contact']",xlm_roberta_mdeberta_v1,
century21_196ff1aa5dc3,century21,0.0,positive,0.3424,0.0,11.98,normal,[],xlm_roberta_mdeberta_v1,
affare_249844,affare,0.0,positive,0.4127,0.3,21.94,suspect,['urgency_detected'],xlm_roberta_mdeberta_v1,
tunisieannonce_43ecf99ff26a,tunisieannonce,0.0,positive,0.2933,0.0,10.27,normal,[],xlm_roberta_mdeberta_v1,
affare_259279,affare,0.0,positive,0.258,0.55,22.78,suspect,"['urgency_detected', 'external_contact']",xlm_roberta_mdeberta_v1,
affare_257791,affare,0.3538,negative,0.4227,0.3,36.45,suspect,['urgency_detected'],xlm_roberta_mdeberta_v1,
century21_2156c0f75904,century21,0.0808,neutral,0.3391,0.0,15.1,normal,[],xlm_roberta_mdeberta_v1,
tunisieannonce_f32b70a1c306,tunisieannonce,0.0,positive,0.3503,0.0,12.26,normal,[],xlm_roberta_mdeberta_v1,
affare_257455,affare,0.3903,negative,0.3507,0.75,46.64,suspect,"['urgency_detected', 'external_contact', 'no_images_suspicious']",xlm_roberta_mdeberta_v1,
affare_248967,affare,0.0,positive,0.3865,0.55,27.28,suspect,"['urgency_detected', 'external_contact']",xlm_roberta_mdeberta_v1,
century21_21015be21ea9,century21,0.0,positive,0.373,0.0,13.05,normal,[],xlm_roberta_mdeberta_v1,
affare_259299,affare,0.0,positive,0.3252,0.0,11.38,normal,[],xlm_roberta_mdeberta_v1,
century21_2307025f158c,century21,0.0,positive,0.3736,0.0,13.08,normal,[],xlm_roberta_mdeberta_v1,
mubawab_8323438,mubawab,0.6269,negative,0.3972,0.35,47.73,suspect,"['description_too_short', 'information_incomplete']",xlm_roberta_mdeberta_v1,
mubawab_8106603,mubawab,0.6269,negative,0.3972,0.35,47.73,suspect,"['description_too_short', 'information_incomplete']",xlm_roberta_mdeberta_v1,
century21_21f11a52cd51,century21,0.0,positive,0.3373,0.75,30.56,suspect,"['urgency_detected', 'external_contact', 'no_images_suspicious']",xlm_roberta_mdeberta_v1,
century21_241d85dc368f,century21,0.3581,negative,0.3747,0.2,32.44,suspect,['no_images_suspicious'],xlm_roberta_mdeberta_v1,
century21_2230fbcaa37d,century21,0.0,positive,0.272,0.2,14.52,normal,['no_images_suspicious'],xlm_roberta_mdeberta_v1,
affare_259305,affare,0.2813,negative,0.2665,0.75,39.33,suspect,"['urgency_detected', 'external_contact', 'no_images_suspicious']",xlm_roberta_mdeberta_v1,
century21_2294f82184d4,century21,0.0,positive,0.3694,0.55,26.68,suspect,"['urgency_detected', 'external_contact']",xlm_roberta_mdeberta_v1,
century21_2769d491c77a,century21,0.3716,negative,0.3493,0.0,27.09,suspect,[],xlm_roberta_mdeberta_v1,
century21_25e2d5914853,century21,0.0,positive,0.4103,0.55,28.11,suspect,"['urgency_detected', 'external_contact']",xlm_roberta_mdeberta_v1,
affare_259304,affare,0.069,neutral,0.3813,0.75,34.86,suspect,"['urgency_detected', 'external_contact', 'no_images_suspicious']",xlm_roberta_mdeberta_v1,
century21_2843b00e4c7d,century21,0.0,positive,0.352,0.0,12.32,normal,[],xlm_roberta_mdeberta_v1,
century21_2d4b5571ad61,century21,0.0,positive,0.3615,0.0,12.65,normal,[],xlm_roberta_mdeberta_v1,
century21_3e63579bc109,century21,0.3851,negative,0.3398,0.2,32.3,suspect,['no_images_suspicious'],xlm_roberta_mdeberta_v1,
century21_2b58507c48ad,century21,0.0787,neutral,0.3538,0.0,15.53,normal,[],xlm_roberta_mdeberta_v1,
century21_302c0dba16da,century21,0.0,positive,0.3843,0.2,18.45,normal,['no_images_suspicious'],xlm_roberta_mdeberta_v1,
century21_a23998b12c08,century21,0.2726,negative,0.4089,0.0,25.22,suspect,[],xlm_roberta_mdeberta_v1,
century21_3114d82eed86,century21,0.0,positive,0.411,0.3,21.88,suspect,['urgency_detected'],xlm_roberta_mdeberta_v1,
century21_32dce02693df,century21,0.0,positive,0.355,0.2,17.42,normal,['no_images_suspicious'],xlm_roberta_mdeberta_v1,
century21_3572353f854b,century21,0.0,positive,0.3436,0.0,12.03,normal,[],xlm_roberta_mdeberta_v1,
century21_353f1ebac7e7,century21,0.0,positive,0.4063,0.0,14.22,normal,[],xlm_roberta_mdeberta_v1,
century21_347f54f1f121,century21,0.3915,negative,0.3376,0.0,27.48,suspect,[],xlm_roberta_mdeberta_v1,
century21_3452f4daaec0,century21,0.0,positive,0.373,0.2,18.05,normal,['no_images_suspicious'],xlm_roberta_mdeberta_v1,
century21_356e73a2bfcf,century21,0.0,positive,0.3639,0.0,12.74,normal,[],xlm_roberta_mdeberta_v1,
century21_32e1a28a66b5,century21,0.0,positive,0.3521,0.0,12.32,normal,[],xlm_roberta_mdeberta_v1,
tunisieannonce_10099aacf90d,tunisieannonce,0.2412,negative,0.3317,0.0,21.26,suspect,[],xlm_roberta_mdeberta_v1,
century21_39b0e3338d5c,century21,0.2967,negative,0.3784,0.55,38.86,suspect,"['urgency_detected', 'external_contact']",xlm_roberta_mdeberta_v1,
century21_361caf169058,century21,0.0,positive,0.3973,0.0,13.91,normal,[],xlm_roberta_mdeberta_v1,
affare_259405,affare,0.0,positive,0.3536,0.0,12.38,normal,[],xlm_roberta_mdeberta_v1,
tunisieannonce_43f0ba794abc,tunisieannonce,0.0,positive,0.3347,0.0,11.71,normal,[],xlm_roberta_mdeberta_v1,
century21_366a8e518bcc,century21,0.0808,neutral,0.4146,0.55,31.49,suspect,"['urgency_detected', 'external_contact']",xlm_roberta_mdeberta_v1,
century21_3dd3d5649a08,century21,0.0,positive,0.3227,0.0,11.29,normal,[],xlm_roberta_mdeberta_v1,
century21_3c8ed2535105,century21,0.0,positive,0.386,0.0,13.51,normal,[],xlm_roberta_mdeberta_v1,
century21_3cd545d39ca4,century21,0.0,positive,0.3597,0.0,12.59,normal,[],xlm_roberta_mdeberta_v1,
century21_3c1ae4d49e2c,century21,0.0,positive,0.3712,0.5,25.49,suspect,"['urgency_detected', 'no_images_suspicious']",xlm_roberta_mdeberta_v1,
affare_259425,affare,0.086,neutral,0.381,0.3,24.28,suspect,['urgency_detected'],xlm_roberta_mdeberta_v1,
century21_3d6c56be89e6,century21,0.0791,neutral,0.3681,0.2,21.05,suspect,['no_images_suspicious'],xlm_roberta_mdeberta_v1,
tunisieannonce_15a312582d6d,tunisieannonce,0.0,positive,0.3432,0.0,12.01,normal,[],xlm_roberta_mdeberta_v1,
century21_3f9be412ebe8,century21,0.087,neutral,0.3997,0.0,17.47,normal,[],xlm_roberta_mdeberta_v1,
century21_4000,century21,0.0,positive,0.2898,0.0,10.14,normal,[],xlm_roberta_mdeberta_v1,
century21_3eeb298bd730,century21,0.0,positive,0.358,0.0,12.53,normal,[],xlm_roberta_mdeberta_v1,
tunisieannonce_5866975d79f2,tunisieannonce,0.0,positive,0.3237,0.0,11.33,normal,[],xlm_roberta_mdeberta_v1,
century21_a06a868f83c9,century21,0.0,positive,0.3808,0.2,18.33,normal,['no_images_suspicious'],xlm_roberta_mdeberta_v1,
affare_259428,affare,0.4402,negative,0.3033,0.55,41.97,suspect,"['urgency_detected', 'external_contact']",xlm_roberta_mdeberta_v1,
century21_441acd868ad7,century21,0.0,positive,0.3593,0.0,12.58,normal,[],xlm_roberta_mdeberta_v1,
affare_259489,affare,0.0839,neutral,0.3676,0.0,16.22,normal,[],xlm_roberta_mdeberta_v1,
affare_259481,affare,0.0,positive,0.3836,0.0,13.43,normal,[],xlm_roberta_mdeberta_v1,
century21_4469dfee02b5,century21,0.0,positive,0.3676,0.0,12.87,normal,[],xlm_roberta_mdeberta_v1,
tunisieannonce_a59de41e91d3,tunisieannonce,0.3723,negative,0.3505,0.2,32.16,suspect,['no_images_suspicious'],xlm_roberta_mdeberta_v1,
century21_462ff2b648c9,century21,0.0814,neutral,0.4049,0.55,31.18,suspect,"['urgency_detected', 'external_contact']",xlm_roberta_mdeberta_v1,
century21_470ba187fcfe,century21,0.0811,neutral,0.3533,0.55,29.36,suspect,"['urgency_detected', 'external_contact']",xlm_roberta_mdeberta_v1,
century21_48d7fd5f468a,century21,0.0,positive,0.4056,0.5,26.7,suspect,"['urgency_detected', 'no_images_suspicious']",xlm_roberta_mdeberta_v1,
affare_259490,affare,0.0,positive,0.3759,0.2,18.16,normal,['no_images_suspicious'],xlm_roberta_mdeberta_v1,
century21_4986433c866a,century21,0.0904,neutral,0.4053,0.0,17.8,normal,[],xlm_roberta_mdeberta_v1,
affare_259480,affare,0.0,positive,0.2568,0.0,8.99,normal,[],xlm_roberta_mdeberta_v1,
affare_254771,affare,0.4722,negative,0.3759,0.75,50.79,suspect,"['urgency_detected', 'external_contact', 'no_images_suspicious']",xlm_roberta_mdeberta_v1,"Cette annonce immobilière est suspecte en raison de son score de fraude élevé (50,8/100), sentiment négatif (score 0,47), détection d'urgence, contact externe et l'absence de photos."
century21_55f3b1f1fcf3,century21,0.0,positive,0.3511,0.25,18.54,normal,['external_contact'],xlm_roberta_mdeberta_v1,
affare_259429,affare,0.2452,negative,0.3211,0.75,39.8,suspect,"['urgency_detected', 'external_contact', 'no_images_suspicious']",xlm_roberta_mdeberta_v1,
century21_4c5e7fbb0f02,century21,0.0,positive,0.3525,0.0,12.34,normal,[],xlm_roberta_mdeberta_v1,
mubawab_8134835,mubawab,0.6269,negative,0.3972,0.35,47.73,suspect,"['description_too_short', 'information_incomplete']",xlm_roberta_mdeberta_v1,
affare_259496,affare,0.2633,negative,0.2414,0.75,37.73,suspect,"['urgency_detected', 'external_contact', 'no_images_suspicious']",xlm_roberta_mdeberta_v1,
affare_258672,affare,0.1048,neutral,0.3503,0.3,23.95,suspect,['urgency_detected'],xlm_roberta_mdeberta_v1,
century21_4c7b3f4d179d,century21,0.0,positive,0.3334,0.35,20.42,normal,"['description_too_short', 'information_incomplete']",xlm_roberta_mdeberta_v1,
tunisieannonce_1c07a2a40006,tunisieannonce,0.0,positive,0.2934,0.0,10.27,normal,[],xlm_roberta_mdeberta_v1,
tunisieannonce_1c52da4a4f70,tunisieannonce,0.0,positive,0.4126,0.2,19.44,normal,['no_images_suspicious'],xlm_roberta_mdeberta_v1,
affare_259498,affare,0.0,positive,0.3703,0.2,17.96,normal,['no_images_suspicious'],xlm_roberta_mdeberta_v1,
century21_501b93b327b8,century21,0.0,positive,0.3737,0.0,13.08,normal,[],xlm_roberta_mdeberta_v1,
century21_50636c9a39c7,century21,0.0,positive,0.3287,0.2,16.5,normal,['no_images_suspicious'],xlm_roberta_mdeberta_v1,
affare_259491,affare,0.0,positive,0.3461,0.2,17.11,normal,['no_images_suspicious'],xlm_roberta_mdeberta_v1,
century21_5076adb84682,century21,0.0992,neutral,0.3882,0.0,17.55,normal,[],xlm_roberta_mdeberta_v1,
century21_508fb5edc35b,century21,0.0,positive,0.3334,0.35,20.42,normal,"['description_too_short', 'information_incomplete']",xlm_roberta_mdeberta_v1,
century21_51be6fa113ce,century21,0.0777,neutral,0.3408,0.55,28.79,suspect,"['urgency_detected', 'external_contact']",xlm_roberta_mdeberta_v1,
tunisieannonce_6da1fdfb4561,tunisieannonce,0.0,positive,0.3829,0.2,18.4,normal,['no_images_suspicious'],xlm_roberta_mdeberta_v1,
century21_50ffd55154a0,century21,0.0,positive,0.3059,0.0,10.71,normal,[],xlm_roberta_mdeberta_v1,
century21_539749d7e32e,century21,0.0,positive,0.3594,0.2,17.58,normal,['no_images_suspicious'],xlm_roberta_mdeberta_v1,
century21_550ea00e206f,century21,0.1012,neutral,0.4015,0.0,18.1,normal,[],xlm_roberta_mdeberta_v1,
affare_259512,affare,0.3459,negative,0.33,0.55,39.14,suspect,"['urgency_detected', 'external_contact']",xlm_roberta_mdeberta_v1,
century21_a4fafc08c751,century21,0.0837,neutral,0.3911,0.55,30.79,suspect,"['urgency_detected', 'external_contact']",xlm_roberta_mdeberta_v1,
affare_259510,affare,0.0757,neutral,0.3171,0.55,27.88,suspect,"['urgency_detected', 'external_contact']",xlm_roberta_mdeberta_v1,
affare_253769,affare,0.3066,negative,0.4169,0.0,26.86,suspect,[],xlm_roberta_mdeberta_v1,
century21_592c386e050b,century21,0.0788,neutral,0.3852,0.0,16.63,normal,[],xlm_roberta_mdeberta_v1,
century21_58c425a613bd,century21,0.0,positive,0.3961,0.0,13.86,normal,[],xlm_roberta_mdeberta_v1,
century21_565a48977ba5,century21,0.0,positive,0.3119,0.5,23.42,suspect,"['urgency_detected', 'no_images_suspicious']",xlm_roberta_mdeberta_v1,
century21_58d5e550d7ab,century21,0.0,positive,0.3263,0.0,11.42,normal,[],xlm_roberta_mdeberta_v1,
century21_59cde04c053e,century21,0.0,positive,0.3669,0.75,31.59,suspect,"['urgency_detected', 'external_contact', 'no_images_suspicious']",xlm_roberta_mdeberta_v1,
tunisieannonce_78fa608ad33c,tunisieannonce,0.6477,negative,0.4002,0.2,44.91,suspect,['no_images_suspicious'],xlm_roberta_mdeberta_v1,
tunisieannonce_43e4d8cddfd7,tunisieannonce,0.0,positive,0.3647,0.2,17.76,normal,['no_images_suspicious'],xlm_roberta_mdeberta_v1,
century21_5b6afc354884,century21,0.0,positive,0.3671,0.55,26.6,suspect,"['urgency_detected', 'external_contact']",xlm_roberta_mdeberta_v1,
century21_5f9bfd649618,century21,0.0,positive,0.3243,0.55,25.1,suspect,"['urgency_detected', 'external_contact']",xlm_roberta_mdeberta_v1,
century21_605a11c9849c,century21,0.0,positive,0.4146,0.0,14.51,normal,[],xlm_roberta_mdeberta_v1,
century21_627a3854a9b4,century21,0.0,positive,0.3653,0.2,17.79,normal,['no_images_suspicious'],xlm_roberta_mdeberta_v1,
century21_6265d73de2d9,century21,0.0,positive,0.4176,0.0,14.62,normal,[],xlm_roberta_mdeberta_v1,
century21_616d0dc6d4f0,century21,0.0,positive,0.3134,0.75,29.72,suspect,"['urgency_detected', 'external_contact', 'no_images_suspicious']",xlm_roberta_mdeberta_v1,
century21_640f193bf6cb,century21,0.362,negative,0.4525,0.0,30.32,suspect,[],xlm_roberta_mdeberta_v1,
affare_259555,affare,0.2834,negative,0.3075,0.75,40.85,suspect,"['urgency_detected', 'external_contact', 'no_images_suspicious']",xlm_roberta_mdeberta_v1,
century21_692ec1ce27af,century21,0.3702,negative,0.3376,0.0,26.62,suspect,[],xlm_roberta_mdeberta_v1,
affare_259553,affare,0.0,positive,0.2684,0.55,23.14,suspect,"['urgency_detected', 'external_contact']",xlm_roberta_mdeberta_v1,
affare_259176,affare,0.258,negative,0.2619,0.25,25.74,suspect,['vague_description'],xlm_roberta_mdeberta_v1,
century21_a374c68a9bde,century21,0.0,positive,0.4195,0.0,14.68,normal,[],xlm_roberta_mdeberta_v1,
affare_259547,affare,0.0,positive,0.3152,0.0,11.03,normal,[],xlm_roberta_mdeberta_v1,
affare_259567,affare,0.0,positive,0.3616,0.0,12.66,normal,[],xlm_roberta_mdeberta_v1,
affare_259174,affare,0.2664,negative,0.2525,0.75,38.24,suspect,"['urgency_detected', 'external_contact', 'no_images_suspicious']",xlm_roberta_mdeberta_v1,
century21_6c682d1ed2b3,century21,0.0,positive,0.2922,0.3,17.73,normal,['urgency_detected'],xlm_roberta_mdeberta_v1,
century21_7147c15d2ec4,century21,0.0,positive,0.3789,0.0,13.26,normal,[],xlm_roberta_mdeberta_v1,
century21_a52669764594,century21,0.0902,neutral,0.4018,0.0,17.67,normal,[],xlm_roberta_mdeberta_v1,
century21_72da86bac748,century21,0.0931,neutral,0.4062,0.0,17.94,normal,[],xlm_roberta_mdeberta_v1,
century21_738a55465c2e,century21,0.0848,neutral,0.4048,0.0,17.56,normal,[],xlm_roberta_mdeberta_v1,
century21_7142a9e06b2b,century21,0.0,positive,0.3596,0.55,26.34,suspect,"['urgency_detected', 'external_contact']",xlm_roberta_mdeberta_v1,
century21_754ff3689da4,century21,0.0,positive,0.4037,0.55,27.88,suspect,"['urgency_detected', 'external_contact']",xlm_roberta_mdeberta_v1,
century21_76c858e7fd9f,century21,0.1006,neutral,0.399,0.0,17.99,normal,[],xlm_roberta_mdeberta_v1,
affare_259558,affare,0.2731,negative,0.3789,0.75,42.94,suspect,"['urgency_detected', 'external_contact', 'no_images_suspicious']",xlm_roberta_mdeberta_v1,
century21_75ab39b53f3f,century21,0.0,positive,0.3742,0.5,25.6,suspect,"['urgency_detected', 'no_images_suspicious']",xlm_roberta_mdeberta_v1,
tunisieannonce_02d567d77144,tunisieannonce,0.2676,negative,0.3075,0.25,27.72,suspect,['vague_description'],xlm_roberta_mdeberta_v1,
affare_259559,affare,0.4038,negative,0.3237,0.75,46.23,suspect,"['urgency_detected', 'external_contact', 'no_images_suspicious']",xlm_roberta_mdeberta_v1,
century21_757cc4888649,century21,0.0,positive,0.421,0.0,14.73,normal,[],xlm_roberta_mdeberta_v1,
century21_7950adacbbdc,century21,0.0,positive,0.307,0.0,10.74,normal,[],xlm_roberta_mdeberta_v1,
tunisieannonce_06916d8a19c1,tunisieannonce,0.2907,negative,0.3245,0.25,29.24,suspect,['external_contact'],xlm_roberta_mdeberta_v1,
affare_259669,affare,0.0,positive,0.2659,0.0,9.31,normal,[],xlm_roberta_mdeberta_v1,
century21_7935bd52e199,century21,0.0,positive,0.3458,0.3,19.6,normal,['urgency_detected'],xlm_roberta_mdeberta_v1,
affare_259570,affare,0.0,positive,0.3252,0.55,25.13,suspect,"['urgency_detected', 'external_contact']",xlm_roberta_mdeberta_v1,
century21_7cbe93a685ef,century21,0.0,positive,0.4098,0.0,14.34,normal,[],xlm_roberta_mdeberta_v1,
century21_7a688ba5a493,century21,0.082,neutral,0.4016,0.3,24.84,suspect,['urgency_detected'],xlm_roberta_mdeberta_v1,
century21_7d9fd3df44af,century21,0.0,positive,0.3326,0.0,11.64,normal,[],xlm_roberta_mdeberta_v1,
century21_80abfd0d2296,century21,0.0,positive,0.3533,0.55,26.12,suspect,"['urgency_detected', 'external_contact']",xlm_roberta_mdeberta_v1,
century21_7f914016776d,century21,0.2656,negative,0.3339,0.0,22.31,suspect,[],xlm_roberta_mdeberta_v1,
century21_839d3b3c6d14,century21,0.0,positive,0.3939,0.3,21.29,suspect,['urgency_detected'],xlm_roberta_mdeberta_v1,
century21_8031726f1280,century21,0.0,positive,0.359,0.0,12.56,normal,[],xlm_roberta_mdeberta_v1,
century21_815677f09b1d,century21,0.0,positive,0.3324,0.0,11.63,normal,[],xlm_roberta_mdeberta_v1,
century21_8631fc65b90e,century21,0.0975,neutral,0.3395,0.0,15.78,normal,[],xlm_roberta_mdeberta_v1,
century21_8489febc2177,century21,0.0,positive,0.3621,0.45,23.92,suspect,"['external_contact', 'no_images_suspicious']",xlm_roberta_mdeberta_v1,
century21_834d120ea15d,century21,0.0,positive,0.3924,0.2,18.73,normal,['no_images_suspicious'],xlm_roberta_mdeberta_v1,
century21_83af5afe2ea1,century21,0.0,positive,0.3378,0.0,11.82,normal,[],xlm_roberta_mdeberta_v1,
century21_86396b55ebe2,century21,0.0,positive,0.3934,0.3,21.27,suspect,['urgency_detected'],xlm_roberta_mdeberta_v1,
century21_89b010eb2368,century21,0.0,positive,0.4161,0.0,14.56,normal,[],xlm_roberta_mdeberta_v1,
century21_8717e34abd61,century21,0.0,positive,0.4179,0.0,14.63,normal,[],xlm_roberta_mdeberta_v1,
century21_ce386f5348f2,century21,0.0,positive,0.3378,0.3,19.32,normal,['urgency_detected'],xlm_roberta_mdeberta_v1,
affare_259183,affare,0.2758,negative,0.3986,0.55,38.73,suspect,"['urgency_detected', 'external_contact']",xlm_roberta_mdeberta_v1,
century21_8a292d382327,century21,0.0,positive,0.4008,0.2,19.03,normal,['no_images_suspicious'],xlm_roberta_mdeberta_v1,
century21_8b99df5e2408,century21,0.0,positive,0.3441,0.55,25.79,suspect,"['urgency_detected', 'external_contact']",xlm_roberta_mdeberta_v1,
century21_8a90b246d2de,century21,0.0,positive,0.3902,0.0,13.66,normal,[],xlm_roberta_mdeberta_v1,
tunisieannonce_cb156f1e4869,tunisieannonce,0.2973,negative,0.3227,0.0,23.19,suspect,[],xlm_roberta_mdeberta_v1,
tunisieannonce_075a905d57da,tunisieannonce,0.0,positive,0.2983,0.55,24.19,suspect,"['urgency_detected', 'external_contact']",xlm_roberta_mdeberta_v1,
tunisieannonce_afe994372718,tunisieannonce,0.6435,negative,0.3621,0.25,44.66,suspect,['external_contact'],xlm_roberta_mdeberta_v1,
century21_94da036c3ec1,century21,0.0804,neutral,0.388,0.55,30.55,suspect,"['urgency_detected', 'external_contact']",xlm_roberta_mdeberta_v1,
century21_02e0b379ff2b,century21,0.0,positive,0.3418,0.0,11.96,normal,[],xlm_roberta_mdeberta_v1,
affare_2300,affare,0.2939,negative,0.3852,0.55,38.99,suspect,"['urgency_detected', 'external_contact']",xlm_roberta_mdeberta_v1,
century21_91da7da468e0,century21,0.0691,neutral,0.3551,0.55,28.94,suspect,"['urgency_detected', 'external_contact']",xlm_roberta_mdeberta_v1,
century21_99717a3e0ca6,century21,0.0,positive,0.3373,0.0,11.81,normal,[],xlm_roberta_mdeberta_v1,
century21_972f52ed789f,century21,0.5129,negative,0.3631,0.0,33.22,suspect,[],xlm_roberta_mdeberta_v1,
affare_3770,affare,0.2959,negative,0.3706,0.2,29.81,suspect,['no_images_suspicious'],xlm_roberta_mdeberta_v1,
century21_963d778f6aac,century21,0.0,positive,0.3546,0.0,12.41,normal,[],xlm_roberta_mdeberta_v1,
affare_4000,affare,0.0,positive,0.3278,0.55,25.22,suspect,"['urgency_detected', 'external_contact']",xlm_roberta_mdeberta_v1,
century21_9af68797b295,century21,0.2876,negative,0.4329,0.0,26.66,suspect,[],xlm_roberta_mdeberta_v1,
century21_99958910d407,century21,0.0,positive,0.4031,0.0,14.11,normal,[],xlm_roberta_mdeberta_v1,
century21_9bd71bf6fbb7,century21,0.0,positive,0.3843,0.0,13.45,normal,[],xlm_roberta_mdeberta_v1,
century21_99beb569ad38,century21,0.0,positive,0.3817,0.55,27.11,suspect,"['urgency_detected', 'external_contact']",xlm_roberta_mdeberta_v1,
century21_9b8b71718aec,century21,0.0,positive,0.4197,0.0,14.69,normal,[],xlm_roberta_mdeberta_v1,
century21_9dae1ef4f96e,century21,0.3473,negative,0.3966,0.0,27.77,suspect,[],xlm_roberta_mdeberta_v1,
century21_cfda44cb008d,century21,0.0,positive,0.3334,0.35,20.42,normal,"['description_too_short', 'information_incomplete']",xlm_roberta_mdeberta_v1,
affare_7000,affare,0.367,negative,0.3247,0.55,39.79,suspect,"['urgency_detected', 'external_contact']",xlm_roberta_mdeberta_v1,
century21_a5b93b9d14bf,century21,0.0,positive,0.3923,0.2,18.73,normal,['no_images_suspicious'],xlm_roberta_mdeberta_v1,
century21_a57cf79f7989,century21,0.0,positive,0.3488,0.0,12.21,normal,[],xlm_roberta_mdeberta_v1,
century21_a980f894b5a4,century21,0.0956,neutral,0.3788,0.0,17.08,normal,[],xlm_roberta_mdeberta_v1,
century21_ab6cd2a478c7,century21,0.0,positive,0.3441,0.2,17.04,normal,['no_images_suspicious'],xlm_roberta_mdeberta_v1,
century21_a8b0eb51e79f,century21,0.0,positive,0.3847,0.0,13.46,normal,[],xlm_roberta_mdeberta_v1,
affare_259237,affare,0.2589,negative,0.4663,0.3,34.18,suspect,['urgency_detected'],xlm_roberta_mdeberta_v1,
century21_addf8c287b09,century21,0.0,positive,0.3906,0.55,27.42,suspect,"['urgency_detected', 'external_contact']",xlm_roberta_mdeberta_v1,
century21_ae954f4eb4cc,century21,0.0,positive,0.3442,0.0,12.05,normal,[],xlm_roberta_mdeberta_v1,
century21_afb0b252cb12,century21,0.3821,negative,0.3992,0.2,34.26,suspect,['no_images_suspicious'],xlm_roberta_mdeberta_v1,
century21_af1b7b12d9fc,century21,0.0,positive,0.3788,0.3,20.76,normal,['urgency_detected'],xlm_roberta_mdeberta_v1,
century21_ae1bc8fb8a13,century21,0.0,positive,0.4221,0.0,14.77,normal,[],xlm_roberta_mdeberta_v1,
century21_ad5a47137725,century21,0.0,positive,0.3593,0.0,12.58,normal,[],xlm_roberta_mdeberta_v1,
century21_b193ec1b84d6,century21,0.0,positive,0.3893,0.75,32.38,suspect,"['urgency_detected', 'external_contact', 'no_images_suspicious']",xlm_roberta_mdeberta_v1,
century21_b03de67292c5,century21,0.0,positive,0.364,0.0,12.74,normal,[],xlm_roberta_mdeberta_v1,
century21_b15db367220b,century21,0.0,positive,0.3627,0.0,12.69,normal,[],xlm_roberta_mdeberta_v1,
century21_b09359734e9a,century21,0.0,positive,0.3425,0.2,16.99,normal,['no_images_suspicious'],xlm_roberta_mdeberta_v1,
century21_b4960182fc3f,century21,0.0,positive,0.3719,0.0,13.02,normal,[],xlm_roberta_mdeberta_v1,
century21_b6babd94baa1,century21,0.0,positive,0.341,0.0,11.94,normal,[],xlm_roberta_mdeberta_v1,
century21_b71bfd12715b,century21,0.0,positive,0.4038,0.0,14.13,normal,[],xlm_roberta_mdeberta_v1,
century21_b92f0a6641b9,century21,0.3032,negative,0.3221,0.0,23.4,suspect,[],xlm_roberta_mdeberta_v1,
century21_b45fd5a9d3f4,century21,0.0,positive,0.4136,0.0,14.48,normal,[],xlm_roberta_mdeberta_v1,
century21_b37375d81cc4,century21,0.0,positive,0.3361,0.0,11.76,normal,[],xlm_roberta_mdeberta_v1,
century21_b9da3a56c371,century21,0.0,positive,0.3353,0.0,11.74,normal,[],xlm_roberta_mdeberta_v1,
century21_bb1421336558,century21,0.0,positive,0.4065,0.3,21.73,suspect,['urgency_detected'],xlm_roberta_mdeberta_v1,
century21_ba2192d89882,century21,0.0,positive,0.4448,0.55,29.32,suspect,"['urgency_detected', 'external_contact']",xlm_roberta_mdeberta_v1,
century21_958abcf541a6,century21,0.0,positive,0.3891,0.0,13.62,normal,[],xlm_roberta_mdeberta_v1,
century21_b9546f8655f7,century21,0.0,positive,0.3723,0.3,20.53,normal,['urgency_detected'],xlm_roberta_mdeberta_v1,
century21_bc69bf86fbce,century21,0.0,positive,0.3325,0.55,25.39,suspect,"['urgency_detected', 'external_contact']",xlm_roberta_mdeberta_v1,
century21_bdc45546d4a9,century21,0.0,positive,0.3827,0.2,18.39,normal,['no_images_suspicious'],xlm_roberta_mdeberta_v1,
century21_0e6407551a27,century21,0.0774,neutral,0.3335,0.55,28.52,suspect,"['urgency_detected', 'external_contact']",xlm_roberta_mdeberta_v1,
century21_110268,century21,0.0,positive,0.2105,0.2,12.37,normal,['no_images_suspicious'],xlm_roberta_mdeberta_v1,
century21_c1433851a314,century21,0.0,positive,0.4029,0.75,32.85,suspect,"['urgency_detected', 'external_contact', 'no_images_suspicious']",xlm_roberta_mdeberta_v1,
century21_c1e96ebf30af,century21,0.294,negative,0.3939,0.0,25.55,suspect,[],xlm_roberta_mdeberta_v1,
tunisieannonce_0773a2e5a552,tunisieannonce,0.5077,negative,0.3578,0.55,46.58,suspect,"['urgency_detected', 'external_contact']",xlm_roberta_mdeberta_v1,
century21_c7f2e04b01c0,century21,0.0,positive,0.4153,0.2,19.54,normal,['no_images_suspicious'],xlm_roberta_mdeberta_v1,
century21_c8192a5084e2,century21,0.0,positive,0.3895,0.0,13.63,normal,[],xlm_roberta_mdeberta_v1,
century21_c9eb00e242d1,century21,0.0824,neutral,0.3897,0.0,16.94,normal,[],xlm_roberta_mdeberta_v1,
century21_c84363db80db,century21,0.076,neutral,0.3539,0.55,29.18,suspect,"['urgency_detected', 'external_contact']",xlm_roberta_mdeberta_v1,
century21_cd93db8d518d,century21,0.0,positive,0.3512,0.2,17.29,normal,['no_images_suspicious'],xlm_roberta_mdeberta_v1,
century21_ca5fa10c92e9,century21,0.0,positive,0.4202,0.2,19.71,normal,['no_images_suspicious'],xlm_roberta_mdeberta_v1,
century21_ce6017c1d8e2,century21,0.3124,negative,0.3888,0.0,26.1,suspect,[],xlm_roberta_mdeberta_v1,
century21_cf3aeb00f20e,century21,0.0,positive,0.3728,0.0,13.05,normal,[],xlm_roberta_mdeberta_v1,
century21_ce3abdba551e,century21,0.0,positive,0.3726,0.0,13.04,normal,[],xlm_roberta_mdeberta_v1,
century21_de98fd3409e0,century21,0.0,positive,0.3334,0.0,11.67,normal,[],xlm_roberta_mdeberta_v1,
century21_121d339799e8,century21,0.0,positive,0.3609,0.55,26.38,suspect,"['urgency_detected', 'external_contact']",xlm_roberta_mdeberta_v1,
century21_d0e37f7227e3,century21,0.0,positive,0.3357,0.0,11.75,normal,[],xlm_roberta_mdeberta_v1,
century21_d3ff95e77da6,century21,0.087,neutral,0.3995,0.0,17.46,normal,[],xlm_roberta_mdeberta_v1,
century21_d17f97134ee2,century21,0.0,positive,0.3474,0.0,12.16,normal,[],xlm_roberta_mdeberta_v1,
century21_d25c29886d12,century21,0.0,positive,0.3495,0.0,12.23,normal,[],xlm_roberta_mdeberta_v1,
century21_d0f8c36f15ec,century21,0.0,positive,0.2764,0.55,23.42,suspect,"['urgency_detected', 'external_contact']",xlm_roberta_mdeberta_v1,
century21_d49cb8372f83,century21,0.075,neutral,0.3089,0.0,13.81,normal,[],xlm_roberta_mdeberta_v1,
century21_d635b16cce35,century21,0.0,positive,0.4184,0.2,19.64,normal,['no_images_suspicious'],xlm_roberta_mdeberta_v1,
century21_d699f484a5b5,century21,0.0,positive,0.389,0.2,18.61,normal,['no_images_suspicious'],xlm_roberta_mdeberta_v1,
century21_d78d79099710,century21,0.0,positive,0.3019,0.55,24.32,suspect,"['urgency_detected', 'external_contact']",xlm_roberta_mdeberta_v1,
century21_d6fe38968a3a,century21,0.0,positive,0.3583,0.55,26.29,suspect,"['urgency_detected', 'external_contact']",xlm_roberta_mdeberta_v1,
tunisieannonce_244cb47f2aa7,tunisieannonce,0.3723,negative,0.3353,0.0,26.63,suspect,[],xlm_roberta_mdeberta_v1,
century21_d66e9462eb06,century21,0.0,positive,0.3676,0.2,17.87,normal,['no_images_suspicious'],xlm_roberta_mdeberta_v1,
century21_d9d470de6c57,century21,0.0,positive,0.3562,0.0,12.47,normal,[],xlm_roberta_mdeberta_v1,
tunisieannonce_28376d78bfd5,tunisieannonce,0.0,positive,0.3724,0.45,24.28,suspect,"['external_contact', 'no_images_suspicious']",xlm_roberta_mdeberta_v1,
affare_259244,affare,0.3298,negative,0.3629,0.55,39.64,suspect,"['urgency_detected', 'external_contact']",xlm_roberta_mdeberta_v1,
century21_d85f9e931995,century21,0.0,positive,0.325,0.55,25.12,suspect,"['urgency_detected', 'external_contact']",xlm_roberta_mdeberta_v1,
century21_d7b2cb858f73,century21,0.0821,neutral,0.4156,0.0,17.83,normal,[],xlm_roberta_mdeberta_v1,
century21_d8c647b5d0ad,century21,0.4074,negative,0.4151,0.0,30.82,suspect,[],xlm_roberta_mdeberta_v1,
tunisieannonce_15a707cce854,tunisieannonce,0.0,positive,0.3258,0.0,11.4,normal,[],xlm_roberta_mdeberta_v1,
affare_259295,affare,0.4703,negative,0.3139,0.2,34.8,suspect,['no_images_suspicious'],xlm_roberta_mdeberta_v1,
century21_dacec5400299,century21,0.0,positive,0.3405,0.55,25.67,suspect,"['urgency_detected', 'external_contact']",xlm_roberta_mdeberta_v1,
tunisieannonce_a726b255639b,tunisieannonce,0.0,positive,0.3636,0.0,12.73,normal,[],xlm_roberta_mdeberta_v1,
century21_e06d150dc5b6,century21,0.0,positive,0.4363,0.55,29.02,suspect,"['urgency_detected', 'external_contact']",xlm_roberta_mdeberta_v1,
century21_e04ebbd76d06,century21,0.0,positive,0.3603,0.55,26.36,suspect,"['urgency_detected', 'external_contact']",xlm_roberta_mdeberta_v1,
century21_e42d589dc7a6,century21,0.0,positive,0.4223,0.0,14.78,normal,[],xlm_roberta_mdeberta_v1,
century21_e4ad7c239f0a,century21,0.265,negative,0.3135,0.0,21.57,suspect,[],xlm_roberta_mdeberta_v1,
century21_191f35598ac0,century21,0.0,positive,0.3552,0.0,12.43,normal,[],xlm_roberta_mdeberta_v1,
tunisieannonce_a6872469f2d2,tunisieannonce,0.6059,negative,0.4054,0.55,52.17,fraud_likely,"['urgency_detected', 'external_contact']",xlm_roberta_mdeberta_v1,"Cette annonce immobilière est suspecte en raison de plusieurs signaux détectés : un score fraude élevé (52.2/100), un sentiment négatif (score 0.61), un score zero-shot fraude élevé (0.41) et la détection d'un contact externe (whatsapp 97 72 90 08)."
century21_e50add041b7b,century21,0.0,positive,0.38,0.0,13.3,normal,[],xlm_roberta_mdeberta_v1,
century21_e31d794eae2c,century21,0.0,positive,0.4396,0.0,15.39,normal,[],xlm_roberta_mdeberta_v1,
century21_e33875de7021,century21,0.0,positive,0.3579,0.0,12.53,normal,[],xlm_roberta_mdeberta_v1,
century21_e7e617b55788,century21,0.0,positive,0.3517,0.55,26.06,suspect,"['urgency_detected', 'external_contact']",xlm_roberta_mdeberta_v1,
affare_259296,affare,0.0,positive,0.39,0.0,13.65,normal,[],xlm_roberta_mdeberta_v1,
century21_e54a56853009,century21,0.0,positive,0.3447,0.55,25.81,suspect,"['urgency_detected', 'external_contact']",xlm_roberta_mdeberta_v1,
century21_2150,century21,0.0,positive,0.3724,0.0,13.03,normal,[],xlm_roberta_mdeberta_v1,
century21_ee14e1d53036,century21,0.0,positive,0.3393,0.0,11.88,normal,[],xlm_roberta_mdeberta_v1,
century21_eb1a6a4ded2c,century21,0.0,positive,0.3678,0.0,12.87,normal,[],xlm_roberta_mdeberta_v1,
century21_ee655936e47d,century21,0.0,positive,0.3751,0.55,26.88,suspect,"['urgency_detected', 'external_contact']",xlm_roberta_mdeberta_v1,
century21_215c9ba276f7,century21,0.3425,negative,0.3883,0.0,27.29,suspect,[],xlm_roberta_mdeberta_v1,
century21_eefb363b8221,century21,0.3309,negative,0.3937,0.0,27.02,suspect,[],xlm_roberta_mdeberta_v1,
century21_f26c77d6cb87,century21,0.0,positive,0.3467,0.75,30.88,suspect,"['urgency_detected', 'external_contact', 'no_images_suspicious']",xlm_roberta_mdeberta_v1,
century21_ee6fba88ebb9,century21,0.0804,neutral,0.3397,0.55,28.86,suspect,"['urgency_detected', 'external_contact']",xlm_roberta_mdeberta_v1,
mubawab_8105627,mubawab,0.6269,negative,0.3972,0.35,47.73,suspect,"['description_too_short', 'information_incomplete']",xlm_roberta_mdeberta_v1,
century21_f0b56f9b6e22,century21,0.0831,neutral,0.4067,0.55,31.31,suspect,"['urgency_detected', 'external_contact']",xlm_roberta_mdeberta_v1,
century21_eeb35d57da96,century21,0.0,positive,0.3535,0.2,17.37,normal,['no_images_suspicious'],xlm_roberta_mdeberta_v1,
century21_f1b93aa37f70,century21,0.0,positive,0.3855,0.0,13.49,normal,[],xlm_roberta_mdeberta_v1,
century21_f43cdccfad46,century21,0.0852,neutral,0.3787,0.0,16.66,normal,[],xlm_roberta_mdeberta_v1,
century21_f592300fa491,century21,0.0,positive,0.3817,0.0,13.36,normal,[],xlm_roberta_mdeberta_v1,
century21_f57f4f3d961a,century21,0.0,positive,0.3783,0.55,26.99,suspect,"['urgency_detected', 'external_contact']",xlm_roberta_mdeberta_v1,
century21_f2f9f55ada5f,century21,0.0,positive,0.3424,0.0,11.98,normal,[],xlm_roberta_mdeberta_v1,
tunisieannonce_8bc9ae9e2261,tunisieannonce,0.5385,negative,0.3583,0.25,40.33,suspect,['external_contact'],xlm_roberta_mdeberta_v1,
century21_f6410663afd1,century21,0.0,positive,0.3966,0.0,13.88,normal,[],xlm_roberta_mdeberta_v1,
century21_26627c5819bc,century21,0.0,positive,0.3216,0.55,25.01,suspect,"['urgency_detected', 'external_contact']",xlm_roberta_mdeberta_v1,
century21_f89731b27d03,century21,0.0,positive,0.2738,0.3,17.08,normal,['urgency_detected'],xlm_roberta_mdeberta_v1,
century21_fa2f398d3d4a,century21,0.0,positive,0.3581,0.55,26.28,suspect,"['urgency_detected', 'external_contact']",xlm_roberta_mdeberta_v1,
century21_f9b3765f720c,century21,0.0,positive,0.3639,0.0,12.74,normal,[],xlm_roberta_mdeberta_v1,
century21_fdae97213e1a,century21,0.0842,neutral,0.3361,0.0,15.13,normal,[],xlm_roberta_mdeberta_v1,
century21_febfa21d0547,century21,0.0,positive,0.4017,0.55,27.81,suspect,"['urgency_detected', 'external_contact']",xlm_roberta_mdeberta_v1,
century21_ff6dfb5d20ac,century21,0.0,positive,0.3612,0.55,26.39,suspect,"['urgency_detected', 'external_contact']",xlm_roberta_mdeberta_v1,
darcom_130681,darcom,0.0,positive,0.3552,0.0,12.43,normal,[],xlm_roberta_mdeberta_v1,
darcom_130422,darcom,0.0,positive,0.3575,0.3,20.01,normal,['urgency_detected'],xlm_roberta_mdeberta_v1,
darcom_76700,darcom,0.079,neutral,0.3448,0.0,15.23,normal,[],xlm_roberta_mdeberta_v1,
darcom_130423,darcom,0.0,positive,0.3065,0.0,10.73,normal,[],xlm_roberta_mdeberta_v1,
mubawab_7477759,mubawab,0.6269,negative,0.3972,0.35,47.73,suspect,"['description_too_short', 'information_incomplete']",xlm_roberta_mdeberta_v1,
darcom_47067,darcom,0.0,positive,0.3314,0.0,11.6,normal,[],xlm_roberta_mdeberta_v1,
darcom_130676,darcom,0.0,positive,0.3933,0.0,13.77,normal,[],xlm_roberta_mdeberta_v1,
century21_ffd642e8de7d,century21,0.0,positive,0.3353,0.2,16.74,normal,['no_images_suspicious'],xlm_roberta_mdeberta_v1,
darcom_90062,darcom,0.5784,negative,0.4017,0.0,37.2,suspect,[],xlm_roberta_mdeberta_v1,
mubawab_7120194,mubawab,0.6269,negative,0.3972,0.35,47.73,suspect,"['description_too_short', 'information_incomplete']",xlm_roberta_mdeberta_v1,
mubawab_7531072,mubawab,0.6269,negative,0.3972,0.35,47.73,suspect,"['description_too_short', 'information_incomplete']",xlm_roberta_mdeberta_v1,
darcom_79359,darcom,0.0,positive,0.3937,0.0,13.78,normal,[],xlm_roberta_mdeberta_v1,
mubawab_7451290,mubawab,0.6269,negative,0.3972,0.35,47.73,suspect,"['description_too_short', 'information_incomplete']",xlm_roberta_mdeberta_v1,
mubawab_7731750,mubawab,0.6269,negative,0.3972,0.35,47.73,suspect,"['description_too_short', 'information_incomplete']",xlm_roberta_mdeberta_v1,
mubawab_7600872,mubawab,0.6269,negative,0.3972,0.35,47.73,suspect,"['description_too_short', 'information_incomplete']",xlm_roberta_mdeberta_v1,
mubawab_7711139,mubawab,0.6269,negative,0.3972,0.35,47.73,suspect,"['description_too_short', 'information_incomplete']",xlm_roberta_mdeberta_v1,
mubawab_7594008,mubawab,0.6269,negative,0.3972,0.35,47.73,suspect,"['description_too_short', 'information_incomplete']",xlm_roberta_mdeberta_v1,
mubawab_7691984,mubawab,0.6269,negative,0.3972,0.35,47.73,suspect,"['description_too_short', 'information_incomplete']",xlm_roberta_mdeberta_v1,
mubawab_7660108,mubawab,0.6269,negative,0.3972,0.35,47.73,suspect,"['description_too_short', 'information_incomplete']",xlm_roberta_mdeberta_v1,
mubawab_7670672,mubawab,0.6269,negative,0.3972,0.35,47.73,suspect,"['description_too_short', 'information_incomplete']",xlm_roberta_mdeberta_v1,
mubawab_7830273,mubawab,0.6269,negative,0.3972,0.35,47.73,suspect,"['description_too_short', 'information_incomplete']",xlm_roberta_mdeberta_v1,
mubawab_7846820,mubawab,0.6269,negative,0.3972,0.35,47.73,suspect,"['description_too_short', 'information_incomplete']",xlm_roberta_mdeberta_v1,
mubawab_7851268,mubawab,0.6269,negative,0.3972,0.35,47.73,suspect,"['description_too_short', 'information_incomplete']",xlm_roberta_mdeberta_v1,
mubawab_7857008,mubawab,0.6269,negative,0.3972,0.35,47.73,suspect,"['description_too_short', 'information_incomplete']",xlm_roberta_mdeberta_v1,
mubawab_7851012,mubawab,0.6269,negative,0.3972,0.35,47.73,suspect,"['description_too_short', 'information_incomplete']",xlm_roberta_mdeberta_v1,
mubawab_7901510,mubawab,0.6269,negative,0.3972,0.35,47.73,suspect,"['description_too_short', 'information_incomplete']",xlm_roberta_mdeberta_v1,
mubawab_7886402,mubawab,0.6269,negative,0.3972,0.35,47.73,suspect,"['description_too_short', 'information_incomplete']",xlm_roberta_mdeberta_v1,
mubawab_7861550,mubawab,0.6269,negative,0.3972,0.35,47.73,suspect,"['description_too_short', 'information_incomplete']",xlm_roberta_mdeberta_v1,
mubawab_8078124,mubawab,0.6269,negative,0.3972,0.35,47.73,suspect,"['description_too_short', 'information_incomplete']",xlm_roberta_mdeberta_v1,
mubawab_7922102,mubawab,0.6269,negative,0.3972,0.35,47.73,suspect,"['description_too_short', 'information_incomplete']",xlm_roberta_mdeberta_v1,
mubawab_7901634,mubawab,0.6269,negative,0.3972,0.35,47.73,suspect,"['description_too_short', 'information_incomplete']",xlm_roberta_mdeberta_v1,
mubawab_7901519,mubawab,0.6269,negative,0.3972,0.35,47.73,suspect,"['description_too_short', 'information_incomplete']",xlm_roberta_mdeberta_v1,
mubawab_7904047,mubawab,0.6269,negative,0.3972,0.35,47.73,suspect,"['description_too_short', 'information_incomplete']",xlm_roberta_mdeberta_v1,
mubawab_7925509,mubawab,0.6269,negative,0.3972,0.35,47.73,suspect,"['description_too_short', 'information_incomplete']",xlm_roberta_mdeberta_v1,
mubawab_8198766,mubawab,0.6269,negative,0.3972,0.35,47.73,suspect,"['description_too_short', 'information_incomplete']",xlm_roberta_mdeberta_v1,
mubawab_8016259,mubawab,0.6269,negative,0.3972,0.35,47.73,suspect,"['description_too_short', 'information_incomplete']",xlm_roberta_mdeberta_v1,
mubawab_8078453,mubawab,0.6269,negative,0.3972,0.35,47.73,suspect,"['description_too_short', 'information_incomplete']",xlm_roberta_mdeberta_v1,
mubawab_8126691,mubawab,0.6269,negative,0.3972,0.35,47.73,suspect,"['description_too_short', 'information_incomplete']",xlm_roberta_mdeberta_v1,
mubawab_8130955,mubawab,0.6269,negative,0.3972,0.35,47.73,suspect,"['description_too_short', 'information_incomplete']",xlm_roberta_mdeberta_v1,
mubawab_8130938,mubawab,0.6269,negative,0.3972,0.35,47.73,suspect,"['description_too_short', 'information_incomplete']",xlm_roberta_mdeberta_v1,
mubawab_8134846,mubawab,0.6269,negative,0.3972,0.35,47.73,suspect,"['description_too_short', 'information_incomplete']",xlm_roberta_mdeberta_v1,
mubawab_8127940,mubawab,0.6269,negative,0.3972,0.35,47.73,suspect,"['description_too_short', 'information_incomplete']",xlm_roberta_mdeberta_v1,
mubawab_8130939,mubawab,0.6269,negative,0.3972,0.35,47.73,suspect,"['description_too_short', 'information_incomplete']",xlm_roberta_mdeberta_v1,
mubawab_8161889,mubawab,0.6269,negative,0.3972,0.35,47.73,suspect,"['description_too_short', 'information_incomplete']",xlm_roberta_mdeberta_v1,
mubawab_8140632,mubawab,0.6269,negative,0.3972,0.35,47.73,suspect,"['description_too_short', 'information_incomplete']",xlm_roberta_mdeberta_v1,
mubawab_8142188,mubawab,0.6269,negative,0.3972,0.35,47.73,suspect,"['description_too_short', 'information_incomplete']",xlm_roberta_mdeberta_v1,
newkey_123800,newkey,0.0,positive,0.3004,0.0,10.51,normal,[],xlm_roberta_mdeberta_v1,
mubawab_8147187,mubawab,0.6269,negative,0.3972,0.35,47.73,suspect,"['description_too_short', 'information_incomplete']",xlm_roberta_mdeberta_v1,
mubawab_8162885,mubawab,0.6269,negative,0.3972,0.35,47.73,suspect,"['description_too_short', 'information_incomplete']",xlm_roberta_mdeberta_v1,
mubawab_8163675,mubawab,0.6269,negative,0.3972,0.35,47.73,suspect,"['description_too_short', 'information_incomplete']",xlm_roberta_mdeberta_v1,
mubawab_8169129,mubawab,0.6269,negative,0.3972,0.35,47.73,suspect,"['description_too_short', 'information_incomplete']",xlm_roberta_mdeberta_v1,
mubawab_8165236,mubawab,0.6269,negative,0.3972,0.35,47.73,suspect,"['description_too_short', 'information_incomplete']",xlm_roberta_mdeberta_v1,
mubawab_8168321,mubawab,0.6269,negative,0.3972,0.35,47.73,suspect,"['description_too_short', 'information_incomplete']",xlm_roberta_mdeberta_v1,
newkey_113194,newkey,0.0,positive,0.2427,0.0,8.49,normal,[],xlm_roberta_mdeberta_v1,
mubawab_8164513,mubawab,0.6269,negative,0.3972,0.35,47.73,suspect,"['description_too_short', 'information_incomplete']",xlm_roberta_mdeberta_v1,
mubawab_8164228,mubawab,0.6269,negative,0.3972,0.35,47.73,suspect,"['description_too_short', 'information_incomplete']",xlm_roberta_mdeberta_v1,
mubawab_8167245,mubawab,0.6269,negative,0.3972,0.35,47.73,suspect,"['description_too_short', 'information_incomplete']",xlm_roberta_mdeberta_v1,
newkey_112712,newkey,0.0,positive,0.3485,0.75,30.95,suspect,"['urgency_detected', 'external_contact', 'no_images_suspicious']",xlm_roberta_mdeberta_v1,
mubawab_8176158,mubawab,0.6269,negative,0.3972,0.35,47.73,suspect,"['description_too_short', 'information_incomplete']",xlm_roberta_mdeberta_v1,
tunisieannonce_4417efe7fe6a,tunisieannonce,0.0,positive,0.337,0.55,25.55,suspect,"['urgency_detected', 'external_contact']",xlm_roberta_mdeberta_v1,
mubawab_8169406,mubawab,0.6269,negative,0.3972,0.35,47.73,suspect,"['description_too_short', 'information_incomplete']",xlm_roberta_mdeberta_v1,
newkey_113248,newkey,0.0,positive,0.3334,0.0,11.67,normal,[],xlm_roberta_mdeberta_v1,
mubawab_8171622,mubawab,0.6269,negative,0.3972,0.35,47.73,suspect,"['description_too_short', 'information_incomplete']",xlm_roberta_mdeberta_v1,
mubawab_8185172,mubawab,0.6269,negative,0.3972,0.35,47.73,suspect,"['description_too_short', 'information_incomplete']",xlm_roberta_mdeberta_v1,
mubawab_8181524,mubawab,0.6269,negative,0.3972,0.35,47.73,suspect,"['description_too_short', 'information_incomplete']",xlm_roberta_mdeberta_v1,
mubawab_8177919,mubawab,0.6269,negative,0.3972,0.35,47.73,suspect,"['description_too_short', 'information_incomplete']",xlm_roberta_mdeberta_v1,
mubawab_8211968,mubawab,0.6269,negative,0.3972,0.35,47.73,suspect,"['description_too_short', 'information_incomplete']",xlm_roberta_mdeberta_v1,
mubawab_8194985,mubawab,0.6269,negative,0.3972,0.35,47.73,suspect,"['description_too_short', 'information_incomplete']",xlm_roberta_mdeberta_v1,
mubawab_8214838,mubawab,0.6269,negative,0.3972,0.35,47.73,suspect,"['description_too_short', 'information_incomplete']",xlm_roberta_mdeberta_v1,
mubawab_8210272,mubawab,0.6269,negative,0.3972,0.35,47.73,suspect,"['description_too_short', 'information_incomplete']",xlm_roberta_mdeberta_v1,
tunisieannonce_0f5c4f2ab6c4,tunisieannonce,0.0,positive,0.4214,0.75,33.5,suspect,"['urgency_detected', 'external_contact', 'no_images_suspicious']",xlm_roberta_mdeberta_v1,
mubawab_8189475,mubawab,0.6269,negative,0.3972,0.35,47.73,suspect,"['description_too_short', 'information_incomplete']",xlm_roberta_mdeberta_v1,
mubawab_8189465,mubawab,0.6269,negative,0.3972,0.35,47.73,suspect,"['description_too_short', 'information_incomplete']",xlm_roberta_mdeberta_v1,
mubawab_8212588,mubawab,0.6269,negative,0.3972,0.35,47.73,suspect,"['description_too_short', 'information_incomplete']",xlm_roberta_mdeberta_v1,
mubawab_8219101,mubawab,0.6269,negative,0.3972,0.35,47.73,suspect,"['description_too_short', 'information_incomplete']",xlm_roberta_mdeberta_v1,
mubawab_8234718,mubawab,0.6269,negative,0.3972,0.35,47.73,suspect,"['description_too_short', 'information_incomplete']",xlm_roberta_mdeberta_v1,
mubawab_8223097,mubawab,0.6269,negative,0.3972,0.35,47.73,suspect,"['description_too_short', 'information_incomplete']",xlm_roberta_mdeberta_v1,
mubawab_8221236,mubawab,0.6269,negative,0.3972,0.35,47.73,suspect,"['description_too_short', 'information_incomplete']",xlm_roberta_mdeberta_v1,
newkey_113506,newkey,0.0,positive,0.2715,0.2,14.5,normal,['no_images_suspicious'],xlm_roberta_mdeberta_v1,
mubawab_8227631,mubawab,0.6269,negative,0.3972,0.35,47.73,suspect,"['description_too_short', 'information_incomplete']",xlm_roberta_mdeberta_v1,
mubawab_8230344,mubawab,0.6269,negative,0.3972,0.35,47.73,suspect,"['description_too_short', 'information_incomplete']",xlm_roberta_mdeberta_v1,
mubawab_8234831,mubawab,0.6269,negative,0.3972,0.35,47.73,suspect,"['description_too_short', 'information_incomplete']",xlm_roberta_mdeberta_v1,
mubawab_8234719,mubawab,0.6269,negative,0.3972,0.35,47.73,suspect,"['description_too_short', 'information_incomplete']",xlm_roberta_mdeberta_v1,
mubawab_8234976,mubawab,0.6269,negative,0.3972,0.35,47.73,suspect,"['description_too_short', 'information_incomplete']",xlm_roberta_mdeberta_v1,
mubawab_8239703,mubawab,0.6269,negative,0.3972,0.35,47.73,suspect,"['description_too_short', 'information_incomplete']",xlm_roberta_mdeberta_v1,
mubawab_8240198,mubawab,0.6269,negative,0.3972,0.35,47.73,suspect,"['description_too_short', 'information_incomplete']",xlm_roberta_mdeberta_v1,
mubawab_8240024,mubawab,0.6269,negative,0.3972,0.35,47.73,suspect,"['description_too_short', 'information_incomplete']",xlm_roberta_mdeberta_v1,
mubawab_8236731,mubawab,0.6269,negative,0.3972,0.35,47.73,suspect,"['description_too_short', 'information_incomplete']",xlm_roberta_mdeberta_v1,
tunisieannonce_0f947c03a4fb,tunisieannonce,0.0,positive,0.3175,0.55,24.86,suspect,"['urgency_detected', 'external_contact']",xlm_roberta_mdeberta_v1,
mubawab_8243638,mubawab,0.6269,negative,0.3972,0.35,47.73,suspect,"['description_too_short', 'information_incomplete']",xlm_roberta_mdeberta_v1,
mubawab_8242807,mubawab,0.6269,negative,0.3972,0.35,47.73,suspect,"['description_too_short', 'information_incomplete']",xlm_roberta_mdeberta_v1,
mubawab_8241301,mubawab,0.6269,negative,0.3972,0.35,47.73,suspect,"['description_too_short', 'information_incomplete']",xlm_roberta_mdeberta_v1,
mubawab_8240411,mubawab,0.6269,negative,0.3972,0.35,47.73,suspect,"['description_too_short', 'information_incomplete']",xlm_roberta_mdeberta_v1,
mubawab_8242327,mubawab,0.6269,negative,0.3972,0.35,47.73,suspect,"['description_too_short', 'information_incomplete']",xlm_roberta_mdeberta_v1,
mubawab_8240199,mubawab,0.6269,negative,0.3972,0.35,47.73,suspect,"['description_too_short', 'information_incomplete']",xlm_roberta_mdeberta_v1,
mubawab_8240435,mubawab,0.6269,negative,0.3972,0.35,47.73,suspect,"['description_too_short', 'information_incomplete']",xlm_roberta_mdeberta_v1,
mubawab_8243905,mubawab,0.6269,negative,0.3972,0.35,47.73,suspect,"['description_too_short', 'information_incomplete']",xlm_roberta_mdeberta_v1,
mubawab_8259445,mubawab,0.6269,negative,0.3972,0.35,47.73,suspect,"['description_too_short', 'information_incomplete']",xlm_roberta_mdeberta_v1,
mubawab_8248301,mubawab,0.6269,negative,0.3972,0.35,47.73,suspect,"['description_too_short', 'information_incomplete']",xlm_roberta_mdeberta_v1,
mubawab_8246532,mubawab,0.6269,negative,0.3972,0.35,47.73,suspect,"['description_too_short', 'information_incomplete']",xlm_roberta_mdeberta_v1,
mubawab_8244666,mubawab,0.6269,negative,0.3972,0.35,47.73,suspect,"['description_too_short', 'information_incomplete']",xlm_roberta_mdeberta_v1,
mubawab_8245872,mubawab,0.6269,negative,0.3972,0.35,47.73,suspect,"['description_too_short', 'information_incomplete']",xlm_roberta_mdeberta_v1,
newkey_123804,newkey,0.0,positive,0.3626,0.2,17.69,normal,['no_images_suspicious'],xlm_roberta_mdeberta_v1,
mubawab_8246599,mubawab,0.6269,negative,0.3972,0.35,47.73,suspect,"['description_too_short', 'information_incomplete']",xlm_roberta_mdeberta_v1,
mubawab_8251203,mubawab,0.6269,negative,0.3972,0.35,47.73,suspect,"['description_too_short', 'information_incomplete']",xlm_roberta_mdeberta_v1,
mubawab_8257777,mubawab,0.6269,negative,0.3972,0.35,47.73,suspect,"['description_too_short', 'information_incomplete']",xlm_roberta_mdeberta_v1,
mubawab_8252918,mubawab,0.6269,negative,0.3972,0.35,47.73,suspect,"['description_too_short', 'information_incomplete']",xlm_roberta_mdeberta_v1,
mubawab_8252989,mubawab,0.6269,negative,0.3972,0.35,47.73,suspect,"['description_too_short', 'information_incomplete']",xlm_roberta_mdeberta_v1,
mubawab_8254026,mubawab,0.6269,negative,0.3972,0.35,47.73,suspect,"['description_too_short', 'information_incomplete']",xlm_roberta_mdeberta_v1,
mubawab_8293135,mubawab,0.6269,negative,0.3972,0.35,47.73,suspect,"['description_too_short', 'information_incomplete']",xlm_roberta_mdeberta_v1,
mubawab_8253718,mubawab,0.6269,negative,0.3972,0.35,47.73,suspect,"['description_too_short', 'information_incomplete']",xlm_roberta_mdeberta_v1,
mubawab_8251845,mubawab,0.6269,negative,0.3972,0.35,47.73,suspect,"['description_too_short', 'information_incomplete']",xlm_roberta_mdeberta_v1,
mubawab_8267884,mubawab,0.6269,negative,0.3972,0.35,47.73,suspect,"['description_too_short', 'information_incomplete']",xlm_roberta_mdeberta_v1,
tunisieannonce_0f6ea9ea0ffa,tunisieannonce,0.1894,negative,0.4169,0.45,33.42,suspect,"['external_contact', 'no_images_suspicious']",xlm_roberta_mdeberta_v1,
mubawab_8266226,mubawab,0.6269,negative,0.3972,0.35,47.73,suspect,"['description_too_short', 'information_incomplete']",xlm_roberta_mdeberta_v1,
mubawab_8268309,mubawab,0.6269,negative,0.3972,0.35,47.73,suspect,"['description_too_short', 'information_incomplete']",xlm_roberta_mdeberta_v1,
mubawab_8267431,mubawab,0.6269,negative,0.3972,0.35,47.73,suspect,"['description_too_short', 'information_incomplete']",xlm_roberta_mdeberta_v1,
mubawab_8296374,mubawab,0.6269,negative,0.3972,0.35,47.73,suspect,"['description_too_short', 'information_incomplete']",xlm_roberta_mdeberta_v1,
mubawab_8266388,mubawab,0.6269,negative,0.3972,0.35,47.73,suspect,"['description_too_short', 'information_incomplete']",xlm_roberta_mdeberta_v1,
tunisieannonce_1089b6168c79,tunisieannonce,0.0,positive,0.3679,0.0,12.88,normal,[],xlm_roberta_mdeberta_v1,
mubawab_8266350,mubawab,0.6269,negative,0.3972,0.35,47.73,suspect,"['description_too_short', 'information_incomplete']",xlm_roberta_mdeberta_v1,
mubawab_8274100,mubawab,0.6269,negative,0.3972,0.35,47.73,suspect,"['description_too_short', 'information_incomplete']",xlm_roberta_mdeberta_v1,
mubawab_8273443,mubawab,0.6269,negative,0.3972,0.35,47.73,suspect,"['description_too_short', 'information_incomplete']",xlm_roberta_mdeberta_v1,
mubawab_8275424,mubawab,0.6269,negative,0.3972,0.35,47.73,suspect,"['description_too_short', 'information_incomplete']",xlm_roberta_mdeberta_v1,
mubawab_8269526,mubawab,0.6269,negative,0.3972,0.35,47.73,suspect,"['description_too_short', 'information_incomplete']",xlm_roberta_mdeberta_v1,
mubawab_8271033,mubawab,0.6269,negative,0.3972,0.35,47.73,suspect,"['description_too_short', 'information_incomplete']",xlm_roberta_mdeberta_v1,
mubawab_8268954,mubawab,0.6269,negative,0.3972,0.35,47.73,suspect,"['description_too_short', 'information_incomplete']",xlm_roberta_mdeberta_v1,
mubawab_8276594,mubawab,0.6269,negative,0.3972,0.35,47.73,suspect,"['description_too_short', 'information_incomplete']",xlm_roberta_mdeberta_v1,
mubawab_8278630,mubawab,0.6269,negative,0.3972,0.35,47.73,suspect,"['description_too_short', 'information_incomplete']",xlm_roberta_mdeberta_v1,
mubawab_8276279,mubawab,0.6269,negative,0.3972,0.35,47.73,suspect,"['description_too_short', 'information_incomplete']",xlm_roberta_mdeberta_v1,
mubawab_8281298,mubawab,0.6269,negative,0.3972,0.35,47.73,suspect,"['description_too_short', 'information_incomplete']",xlm_roberta_mdeberta_v1,
mubawab_8293337,mubawab,0.6269,negative,0.3972,0.35,47.73,suspect,"['description_too_short', 'information_incomplete']",xlm_roberta_mdeberta_v1,
mubawab_8280515,mubawab,0.6269,negative,0.3972,0.35,47.73,suspect,"['description_too_short', 'information_incomplete']",xlm_roberta_mdeberta_v1,
mubawab_8278425,mubawab,0.6269,negative,0.3972,0.35,47.73,suspect,"['description_too_short', 'information_incomplete']",xlm_roberta_mdeberta_v1,
mubawab_8276629,mubawab,0.6269,negative,0.3972,0.35,47.73,suspect,"['description_too_short', 'information_incomplete']",xlm_roberta_mdeberta_v1,
tunisieannonce_1057803f323a,tunisieannonce,0.0,positive,0.3745,0.2,18.11,normal,['no_images_suspicious'],xlm_roberta_mdeberta_v1,
mubawab_8285053,mubawab,0.6269,negative,0.3972,0.35,47.73,suspect,"['description_too_short', 'information_incomplete']",xlm_roberta_mdeberta_v1,
mubawab_8281300,mubawab,0.6269,negative,0.3972,0.35,47.73,suspect,"['description_too_short', 'information_incomplete']",xlm_roberta_mdeberta_v1,
mubawab_8284291,mubawab,0.6269,negative,0.3972,0.35,47.73,suspect,"['description_too_short', 'information_incomplete']",xlm_roberta_mdeberta_v1,
newkey_124158,newkey,0.0854,neutral,0.3639,0.0,16.15,normal,[],xlm_roberta_mdeberta_v1,
mubawab_8283549,mubawab,0.6269,negative,0.3972,0.35,47.73,suspect,"['description_too_short', 'information_incomplete']",xlm_roberta_mdeberta_v1,
mubawab_8283565,mubawab,0.6269,negative,0.3972,0.35,47.73,suspect,"['description_too_short', 'information_incomplete']",xlm_roberta_mdeberta_v1,
mubawab_8286234,mubawab,0.6269,negative,0.3972,0.35,47.73,suspect,"['description_too_short', 'information_incomplete']",xlm_roberta_mdeberta_v1,
mubawab_8287385,mubawab,0.6269,negative,0.3972,0.35,47.73,suspect,"['description_too_short', 'information_incomplete']",xlm_roberta_mdeberta_v1,
newkey_114343,newkey,0.0,positive,0.3844,0.0,13.45,normal,[],xlm_roberta_mdeberta_v1,
mubawab_8288452,mubawab,0.6269,negative,0.3972,0.35,47.73,suspect,"['description_too_short', 'information_incomplete']",xlm_roberta_mdeberta_v1,
mubawab_8287934,mubawab,0.6269,negative,0.3972,0.35,47.73,suspect,"['description_too_short', 'information_incomplete']",xlm_roberta_mdeberta_v1,
mubawab_8287930,mubawab,0.6269,negative,0.3972,0.35,47.73,suspect,"['description_too_short', 'information_incomplete']",xlm_roberta_mdeberta_v1,
newkey_124448,newkey,0.0,positive,0.3651,0.0,12.78,normal,[],xlm_roberta_mdeberta_v1,
mubawab_8291059,mubawab,0.6269,negative,0.3972,0.35,47.73,suspect,"['description_too_short', 'information_incomplete']",xlm_roberta_mdeberta_v1,
mubawab_8291063,mubawab,0.6269,negative,0.3972,0.35,47.73,suspect,"['description_too_short', 'information_incomplete']",xlm_roberta_mdeberta_v1,
mubawab_8289614,mubawab,0.6269,negative,0.3972,0.35,47.73,suspect,"['description_too_short', 'information_incomplete']",xlm_roberta_mdeberta_v1,
mubawab_8287932,mubawab,0.6269,negative,0.3972,0.35,47.73,suspect,"['description_too_short', 'information_incomplete']",xlm_roberta_mdeberta_v1,
mubawab_8297021,mubawab,0.6269,negative,0.3972,0.35,47.73,suspect,"['description_too_short', 'information_incomplete']",xlm_roberta_mdeberta_v1,
mubawab_8296227,mubawab,0.6269,negative,0.3972,0.35,47.73,suspect,"['description_too_short', 'information_incomplete']",xlm_roberta_mdeberta_v1,
mubawab_8293385,mubawab,0.6269,negative,0.3972,0.35,47.73,suspect,"['description_too_short', 'information_incomplete']",xlm_roberta_mdeberta_v1,
mubawab_8296565,mubawab,0.6269,negative,0.3972,0.35,47.73,suspect,"['description_too_short', 'information_incomplete']",xlm_roberta_mdeberta_v1,
mubawab_8299021,mubawab,0.6269,negative,0.3972,0.35,47.73,suspect,"['description_too_short', 'information_incomplete']",xlm_roberta_mdeberta_v1,
mubawab_8297701,mubawab,0.6269,negative,0.3972,0.35,47.73,suspect,"['description_too_short', 'information_incomplete']",xlm_roberta_mdeberta_v1,
mubawab_8298903,mubawab,0.6269,negative,0.3972,0.35,47.73,suspect,"['description_too_short', 'information_incomplete']",xlm_roberta_mdeberta_v1,
mubawab_8300153,mubawab,0.6269,negative,0.3972,0.35,47.73,suspect,"['description_too_short', 'information_incomplete']",xlm_roberta_mdeberta_v1,
mubawab_8300185,mubawab,0.6269,negative,0.3972,0.35,47.73,suspect,"['description_too_short', 'information_incomplete']",xlm_roberta_mdeberta_v1,
newkey_114426,newkey,0.0,positive,0.3202,0.0,11.21,normal,[],xlm_roberta_mdeberta_v1,
mubawab_8299323,mubawab,0.6269,negative,0.3972,0.35,47.73,suspect,"['description_too_short', 'information_incomplete']",xlm_roberta_mdeberta_v1,
mubawab_8298590,mubawab,0.6269,negative,0.3972,0.35,47.73,suspect,"['description_too_short', 'information_incomplete']",xlm_roberta_mdeberta_v1,
mubawab_8300844,mubawab,0.6269,negative,0.3972,0.35,47.73,suspect,"['description_too_short', 'information_incomplete']",xlm_roberta_mdeberta_v1,
mubawab_8300418,mubawab,0.6269,negative,0.3972,0.35,47.73,suspect,"['description_too_short', 'information_incomplete']",xlm_roberta_mdeberta_v1,
newkey_118549,newkey,0.0,positive,0.3486,0.2,17.2,normal,['no_images_suspicious'],xlm_roberta_mdeberta_v1,
mubawab_8301707,mubawab,0.6269,negative,0.3972,0.35,47.73,suspect,"['description_too_short', 'information_incomplete']",xlm_roberta_mdeberta_v1,
mubawab_8301345,mubawab,0.6269,negative,0.3972,0.35,47.73,suspect,"['description_too_short', 'information_incomplete']",xlm_roberta_mdeberta_v1,
mubawab_8301141,mubawab,0.6269,negative,0.3972,0.35,47.73,suspect,"['description_too_short', 'information_incomplete']",xlm_roberta_mdeberta_v1,
newkey_115365,newkey,0.0,positive,0.3375,0.2,16.81,normal,['no_images_suspicious'],xlm_roberta_mdeberta_v1,
mubawab_8300448,mubawab,0.6269,negative,0.3972,0.35,47.73,suspect,"['description_too_short', 'information_incomplete']",xlm_roberta_mdeberta_v1,
mubawab_8304623,mubawab,0.6269,negative,0.3972,0.35,47.73,suspect,"['description_too_short', 'information_incomplete']",xlm_roberta_mdeberta_v1,
tunisieannonce_104b143e6900,tunisieannonce,0.0,positive,0.3852,0.0,13.48,normal,[],xlm_roberta_mdeberta_v1,
mubawab_8302707,mubawab,0.6269,negative,0.3972,0.35,47.73,suspect,"['description_too_short', 'information_incomplete']",xlm_roberta_mdeberta_v1,
mubawab_8302394,mubawab,0.6269,negative,0.3972,0.35,47.73,suspect,"['description_too_short', 'information_incomplete']",xlm_roberta_mdeberta_v1,
mubawab_8304052,mubawab,0.6269,negative,0.3972,0.35,47.73,suspect,"['description_too_short', 'information_incomplete']",xlm_roberta_mdeberta_v1,
mubawab_8301780,mubawab,0.6269,negative,0.3972,0.35,47.73,suspect,"['description_too_short', 'information_incomplete']",xlm_roberta_mdeberta_v1,
mubawab_8302514,mubawab,0.6269,negative,0.3972,0.35,47.73,suspect,"['description_too_short', 'information_incomplete']",xlm_roberta_mdeberta_v1,
mubawab_8302433,mubawab,0.6269,negative,0.3972,0.35,47.73,suspect,"['description_too_short', 'information_incomplete']",xlm_roberta_mdeberta_v1,
mubawab_8306211,mubawab,0.6269,negative,0.3972,0.35,47.73,suspect,"['description_too_short', 'information_incomplete']",xlm_roberta_mdeberta_v1,
mubawab_8306166,mubawab,0.6269,negative,0.3972,0.35,47.73,suspect,"['description_too_short', 'information_incomplete']",xlm_roberta_mdeberta_v1,
mubawab_8304873,mubawab,0.6269,negative,0.3972,0.35,47.73,suspect,"['description_too_short', 'information_incomplete']",xlm_roberta_mdeberta_v1,
mubawab_8305946,mubawab,0.6269,negative,0.3972,0.35,47.73,suspect,"['description_too_short', 'information_incomplete']",xlm_roberta_mdeberta_v1,
mubawab_8304928,mubawab,0.6269,negative,0.3972,0.35,47.73,suspect,"['description_too_short', 'information_incomplete']",xlm_roberta_mdeberta_v1,
mubawab_8305633,mubawab,0.6269,negative,0.3972,0.35,47.73,suspect,"['description_too_short', 'information_incomplete']",xlm_roberta_mdeberta_v1,
newkey_118038,newkey,0.0,positive,0.3502,0.2,17.26,normal,['no_images_suspicious'],xlm_roberta_mdeberta_v1,
mubawab_8304959,mubawab,0.6269,negative,0.3972,0.35,47.73,suspect,"['description_too_short', 'information_incomplete']",xlm_roberta_mdeberta_v1,
mubawab_8305537,mubawab,0.6269,negative,0.3972,0.35,47.73,suspect,"['description_too_short', 'information_incomplete']",xlm_roberta_mdeberta_v1,
mubawab_8306292,mubawab,0.6269,negative,0.3972,0.35,47.73,suspect,"['description_too_short', 'information_incomplete']",xlm_roberta_mdeberta_v1,
mubawab_8307439,mubawab,0.6269,negative,0.3972,0.35,47.73,suspect,"['description_too_short', 'information_incomplete']",xlm_roberta_mdeberta_v1,
mubawab_8307853,mubawab,0.6269,negative,0.3972,0.35,47.73,suspect,"['description_too_short', 'information_incomplete']",xlm_roberta_mdeberta_v1,
mubawab_8306337,mubawab,0.6269,negative,0.3972,0.35,47.73,suspect,"['description_too_short', 'information_incomplete']",xlm_roberta_mdeberta_v1,
mubawab_8307885,mubawab,0.6269,negative,0.3972,0.35,47.73,suspect,"['description_too_short', 'information_incomplete']",xlm_roberta_mdeberta_v1,
mubawab_8307443,mubawab,0.6269,negative,0.3972,0.35,47.73,suspect,"['description_too_short', 'information_incomplete']",xlm_roberta_mdeberta_v1,
mubawab_8308827,mubawab,0.6269,negative,0.3972,0.35,47.73,suspect,"['description_too_short', 'information_incomplete']",xlm_roberta_mdeberta_v1,
mubawab_8308249,mubawab,0.6269,negative,0.3972,0.35,47.73,suspect,"['description_too_short', 'information_incomplete']",xlm_roberta_mdeberta_v1,
mubawab_8308831,mubawab,0.6269,negative,0.3972,0.35,47.73,suspect,"['description_too_short', 'information_incomplete']",xlm_roberta_mdeberta_v1,
mubawab_8311350,mubawab,0.6269,negative,0.3972,0.35,47.73,suspect,"['description_too_short', 'information_incomplete']",xlm_roberta_mdeberta_v1,
mubawab_8309594,mubawab,0.6269,negative,0.3972,0.35,47.73,suspect,"['description_too_short', 'information_incomplete']",xlm_roberta_mdeberta_v1,
tunisieannonce_105c1d87f56d,tunisieannonce,0.0,positive,0.3452,0.5,24.58,suspect,"['urgency_detected', 'no_images_suspicious']",xlm_roberta_mdeberta_v1,
mubawab_8312039,mubawab,0.6269,negative,0.3972,0.35,47.73,suspect,"['description_too_short', 'information_incomplete']",xlm_roberta_mdeberta_v1,
mubawab_8311658,mubawab,0.6269,negative,0.3972,0.35,47.73,suspect,"['description_too_short', 'information_incomplete']",xlm_roberta_mdeberta_v1,
mubawab_8311862,mubawab,0.6269,negative,0.3972,0.35,47.73,suspect,"['description_too_short', 'information_incomplete']",xlm_roberta_mdeberta_v1,
mubawab_8311825,mubawab,0.6269,negative,0.3972,0.35,47.73,suspect,"['description_too_short', 'information_incomplete']",xlm_roberta_mdeberta_v1,
newkey_120905,newkey,0.0,positive,0.3326,0.0,11.64,normal,[],xlm_roberta_mdeberta_v1,
mubawab_8311728,mubawab,0.6269,negative,0.3972,0.35,47.73,suspect,"['description_too_short', 'information_incomplete']",xlm_roberta_mdeberta_v1,
tunisieannonce_1025f07c4d95,tunisieannonce,0.0,positive,0.3526,0.0,12.34,normal,[],xlm_roberta_mdeberta_v1,
mubawab_8311716,mubawab,0.6269,negative,0.3972,0.35,47.73,suspect,"['description_too_short', 'information_incomplete']",xlm_roberta_mdeberta_v1,
mubawab_8311356,mubawab,0.6269,negative,0.3972,0.35,47.73,suspect,"['description_too_short', 'information_incomplete']",xlm_roberta_mdeberta_v1,
newkey_128921,newkey,0.0,positive,0.3429,0.25,18.25,normal,['external_contact'],xlm_roberta_mdeberta_v1,
mubawab_8312759,mubawab,0.6269,negative,0.3972,0.35,47.73,suspect,"['description_too_short', 'information_incomplete']",xlm_roberta_mdeberta_v1,
mubawab_8312698,mubawab,0.6269,negative,0.3972,0.35,47.73,suspect,"['description_too_short', 'information_incomplete']",xlm_roberta_mdeberta_v1,
mubawab_8312659,mubawab,0.6269,negative,0.3972,0.35,47.73,suspect,"['description_too_short', 'information_incomplete']",xlm_roberta_mdeberta_v1,
mubawab_8312748,mubawab,0.6269,negative,0.3972,0.35,47.73,suspect,"['description_too_short', 'information_incomplete']",xlm_roberta_mdeberta_v1,
mubawab_8312666,mubawab,0.6269,negative,0.3972,0.35,47.73,suspect,"['description_too_short', 'information_incomplete']",xlm_roberta_mdeberta_v1,
mubawab_8312162,mubawab,0.6269,negative,0.3972,0.35,47.73,suspect,"['description_too_short', 'information_incomplete']",xlm_roberta_mdeberta_v1,
newkey_120857,newkey,0.0,positive,0.2865,0.0,10.03,normal,[],xlm_roberta_mdeberta_v1,
tunisieannonce_8ce4efbdcfc0,tunisieannonce,0.2899,negative,0.304,0.45,33.49,suspect,"['vague_description', 'no_images_suspicious']",xlm_roberta_mdeberta_v1,
mubawab_8312771,mubawab,0.6269,negative,0.3972,0.35,47.73,suspect,"['description_too_short', 'information_incomplete']",xlm_roberta_mdeberta_v1,
mubawab_8314566,mubawab,0.6269,negative,0.3972,0.35,47.73,suspect,"['description_too_short', 'information_incomplete']",xlm_roberta_mdeberta_v1,
mubawab_8315352,mubawab,0.6269,negative,0.3972,0.35,47.73,suspect,"['description_too_short', 'information_incomplete']",xlm_roberta_mdeberta_v1,
newkey_121593,newkey,0.0,positive,0.3224,0.2,16.28,normal,['no_images_suspicious'],xlm_roberta_mdeberta_v1,
mubawab_8316021,mubawab,0.6269,negative,0.3972,0.35,47.73,suspect,"['description_too_short', 'information_incomplete']",xlm_roberta_mdeberta_v1,
newkey_124890,newkey,0.0,positive,0.3401,0.0,11.9,normal,[],xlm_roberta_mdeberta_v1,
mubawab_8316018,mubawab,0.6269,negative,0.3972,0.35,47.73,suspect,"['description_too_short', 'information_incomplete']",xlm_roberta_mdeberta_v1,
mubawab_8315694,mubawab,0.6269,negative,0.3972,0.35,47.73,suspect,"['description_too_short', 'information_incomplete']",xlm_roberta_mdeberta_v1,
mubawab_8314868,mubawab,0.6269,negative,0.3972,0.35,47.73,suspect,"['description_too_short', 'information_incomplete']",xlm_roberta_mdeberta_v1,
mubawab_8316856,mubawab,0.6269,negative,0.3972,0.35,47.73,suspect,"['description_too_short', 'information_incomplete']",xlm_roberta_mdeberta_v1,
tunisieannonce_10caa8390bb7,tunisieannonce,0.0,positive,0.3217,0.55,25.01,suspect,"['urgency_detected', 'external_contact']",xlm_roberta_mdeberta_v1,
mubawab_8317546,mubawab,0.6269,negative,0.3972,0.35,47.73,suspect,"['description_too_short', 'information_incomplete']",xlm_roberta_mdeberta_v1,
newkey_124735,newkey,0.0,positive,0.2935,0.25,16.52,normal,['external_contact'],xlm_roberta_mdeberta_v1,
mubawab_8317559,mubawab,0.6269,negative,0.3972,0.35,47.73,suspect,"['description_too_short', 'information_incomplete']",xlm_roberta_mdeberta_v1,
mubawab_8317905,mubawab,0.6269,negative,0.3972,0.35,47.73,suspect,"['description_too_short', 'information_incomplete']",xlm_roberta_mdeberta_v1,
mubawab_8316549,mubawab,0.6269,negative,0.3972,0.35,47.73,suspect,"['description_too_short', 'information_incomplete']",xlm_roberta_mdeberta_v1,
tunisieannonce_10ca50d82497,tunisieannonce,0.396,negative,0.3274,0.0,27.3,suspect,[],xlm_roberta_mdeberta_v1,
mubawab_8319823,mubawab,0.6269,negative,0.3972,0.35,47.73,suspect,"['description_too_short', 'information_incomplete']",xlm_roberta_mdeberta_v1,
mubawab_8319826,mubawab,0.6269,negative,0.3972,0.35,47.73,suspect,"['description_too_short', 'information_incomplete']",xlm_roberta_mdeberta_v1,
newkey_121769,newkey,0.0,positive,0.3638,0.2,17.73,normal,['no_images_suspicious'],xlm_roberta_mdeberta_v1,
mubawab_8319917,mubawab,0.6269,negative,0.3972,0.35,47.73,suspect,"['description_too_short', 'information_incomplete']",xlm_roberta_mdeberta_v1,
mubawab_8318365,mubawab,0.6269,negative,0.3972,0.35,47.73,suspect,"['description_too_short', 'information_incomplete']",xlm_roberta_mdeberta_v1,
mubawab_8319907,mubawab,0.6269,negative,0.3972,0.35,47.73,suspect,"['description_too_short', 'information_incomplete']",xlm_roberta_mdeberta_v1,
mubawab_8320363,mubawab,0.6269,negative,0.3972,0.35,47.73,suspect,"['description_too_short', 'information_incomplete']",xlm_roberta_mdeberta_v1,
mubawab_8320235,mubawab,0.6269,negative,0.3972,0.35,47.73,suspect,"['description_too_short', 'information_incomplete']",xlm_roberta_mdeberta_v1,
mubawab_8320379,mubawab,0.6269,negative,0.3972,0.35,47.73,suspect,"['description_too_short', 'information_incomplete']",xlm_roberta_mdeberta_v1,
mubawab_8320303,mubawab,0.6269,negative,0.3972,0.35,47.73,suspect,"['description_too_short', 'information_incomplete']",xlm_roberta_mdeberta_v1,
mubawab_8320365,mubawab,0.6269,negative,0.3972,0.35,47.73,suspect,"['description_too_short', 'information_incomplete']",xlm_roberta_mdeberta_v1,
mubawab_8320359,mubawab,0.6269,negative,0.3972,0.35,47.73,suspect,"['description_too_short', 'information_incomplete']",xlm_roberta_mdeberta_v1,
newkey_121819,newkey,0.0,positive,0.3864,0.2,18.52,normal,['no_images_suspicious'],xlm_roberta_mdeberta_v1,
mubawab_8320730,mubawab,0.6269,negative,0.3972,0.35,47.73,suspect,"['description_too_short', 'information_incomplete']",xlm_roberta_mdeberta_v1,
mubawab_8320813,mubawab,0.6269,negative,0.3972,0.35,47.73,suspect,"['description_too_short', 'information_incomplete']",xlm_roberta_mdeberta_v1,
mubawab_8320769,mubawab,0.6269,negative,0.3972,0.35,47.73,suspect,"['description_too_short', 'information_incomplete']",xlm_roberta_mdeberta_v1,
mubawab_8320921,mubawab,0.6269,negative,0.3972,0.35,47.73,suspect,"['description_too_short', 'information_incomplete']",xlm_roberta_mdeberta_v1,
mubawab_8320871,mubawab,0.6269,negative,0.3972,0.35,47.73,suspect,"['description_too_short', 'information_incomplete']",xlm_roberta_mdeberta_v1,
mubawab_8320839,mubawab,0.6269,negative,0.3972,0.35,47.73,suspect,"['description_too_short', 'information_incomplete']",xlm_roberta_mdeberta_v1,
newkey_121438,newkey,0.0,positive,0.3386,0.2,16.85,normal,['no_images_suspicious'],xlm_roberta_mdeberta_v1,
mubawab_8320966,mubawab,0.6269,negative,0.3972,0.35,47.73,suspect,"['description_too_short', 'information_incomplete']",xlm_roberta_mdeberta_v1,
mubawab_8321541,mubawab,0.6269,negative,0.3972,0.35,47.73,suspect,"['description_too_short', 'information_incomplete']",xlm_roberta_mdeberta_v1,
mubawab_8320973,mubawab,0.6269,negative,0.3972,0.35,47.73,suspect,"['description_too_short', 'information_incomplete']",xlm_roberta_mdeberta_v1,
tunisieannonce_3986f5f63996,tunisieannonce,0.4066,negative,0.4097,0.0,30.6,suspect,[],xlm_roberta_mdeberta_v1,
mubawab_8321344,mubawab,0.6269,negative,0.3972,0.35,47.73,suspect,"['description_too_short', 'information_incomplete']",xlm_roberta_mdeberta_v1,
newkey_115396,newkey,0.0,positive,0.3473,0.2,17.16,normal,['no_images_suspicious'],xlm_roberta_mdeberta_v1,
mubawab_8321173,mubawab,0.6269,negative,0.3972,0.35,47.73,suspect,"['description_too_short', 'information_incomplete']",xlm_roberta_mdeberta_v1,
mubawab_8321040,mubawab,0.6269,negative,0.3972,0.35,47.73,suspect,"['description_too_short', 'information_incomplete']",xlm_roberta_mdeberta_v1,
mubawab_8321666,mubawab,0.6269,negative,0.3972,0.35,47.73,suspect,"['description_too_short', 'information_incomplete']",xlm_roberta_mdeberta_v1,
mubawab_8321730,mubawab,0.6269,negative,0.3972,0.35,47.73,suspect,"['description_too_short', 'information_incomplete']",xlm_roberta_mdeberta_v1,
mubawab_8321732,mubawab,0.6269,negative,0.3972,0.35,47.73,suspect,"['description_too_short', 'information_incomplete']",xlm_roberta_mdeberta_v1,
mubawab_8321593,mubawab,0.6269,negative,0.3972,0.35,47.73,suspect,"['description_too_short', 'information_incomplete']",xlm_roberta_mdeberta_v1,
mubawab_8321634,mubawab,0.6269,negative,0.3972,0.35,47.73,suspect,"['description_too_short', 'information_incomplete']",xlm_roberta_mdeberta_v1,
mubawab_8321735,mubawab,0.6269,negative,0.3972,0.35,47.73,suspect,"['description_too_short', 'information_incomplete']",xlm_roberta_mdeberta_v1,
mubawab_8321930,mubawab,0.6269,negative,0.3972,0.35,47.73,suspect,"['description_too_short', 'information_incomplete']",xlm_roberta_mdeberta_v1,
newkey_122217,newkey,0.0,positive,0.3366,0.2,16.78,normal,['no_images_suspicious'],xlm_roberta_mdeberta_v1,
tunisieannonce_10da5f231851,tunisieannonce,0.0,positive,0.3597,0.0,12.59,normal,[],xlm_roberta_mdeberta_v1,
mubawab_8321787,mubawab,0.6269,negative,0.3972,0.35,47.73,suspect,"['description_too_short', 'information_incomplete']",xlm_roberta_mdeberta_v1,
mubawab_8321738,mubawab,0.6269,negative,0.3972,0.35,47.73,suspect,"['description_too_short', 'information_incomplete']",xlm_roberta_mdeberta_v1,
mubawab_8321747,mubawab,0.6269,negative,0.3972,0.35,47.73,suspect,"['description_too_short', 'information_incomplete']",xlm_roberta_mdeberta_v1,
tunisieannonce_2f26015b23e6,tunisieannonce,0.0,positive,0.2655,0.0,9.29,normal,[],xlm_roberta_mdeberta_v1,
mubawab_8321758,mubawab,0.6269,negative,0.3972,0.35,47.73,suspect,"['description_too_short', 'information_incomplete']",xlm_roberta_mdeberta_v1,
mubawab_8321871,mubawab,0.6269,negative,0.3972,0.35,47.73,suspect,"['description_too_short', 'information_incomplete']",xlm_roberta_mdeberta_v1,
newkey_124757,newkey,0.0,positive,0.3452,0.0,12.08,normal,[],xlm_roberta_mdeberta_v1,
mubawab_8322135,mubawab,0.6269,negative,0.3972,0.35,47.73,suspect,"['description_too_short', 'information_incomplete']",xlm_roberta_mdeberta_v1,
mubawab_8322178,mubawab,0.6269,negative,0.3972,0.35,47.73,suspect,"['description_too_short', 'information_incomplete']",xlm_roberta_mdeberta_v1,
mubawab_8322156,mubawab,0.6269,negative,0.3972,0.35,47.73,suspect,"['description_too_short', 'information_incomplete']",xlm_roberta_mdeberta_v1,
mubawab_8322193,mubawab,0.6269,negative,0.3972,0.35,47.73,suspect,"['description_too_short', 'information_incomplete']",xlm_roberta_mdeberta_v1,
mubawab_8322130,mubawab,0.6269,negative,0.3972,0.35,47.73,suspect,"['description_too_short', 'information_incomplete']",xlm_roberta_mdeberta_v1,
tunisieannonce_3628475c999a,tunisieannonce,0.0,positive,0.3401,0.2,16.9,normal,['no_images_suspicious'],xlm_roberta_mdeberta_v1,
mubawab_8322134,mubawab,0.6269,negative,0.3972,0.35,47.73,suspect,"['description_too_short', 'information_incomplete']",xlm_roberta_mdeberta_v1,
mubawab_8322128,mubawab,0.6269,negative,0.3972,0.35,47.73,suspect,"['description_too_short', 'information_incomplete']",xlm_roberta_mdeberta_v1,
mubawab_8322004,mubawab,0.6269,negative,0.3972,0.35,47.73,suspect,"['description_too_short', 'information_incomplete']",xlm_roberta_mdeberta_v1,
newkey_124918,newkey,0.0,positive,0.3531,0.25,18.61,normal,['external_contact'],xlm_roberta_mdeberta_v1,
mubawab_8322256,mubawab,0.6269,negative,0.3972,0.35,47.73,suspect,"['description_too_short', 'information_incomplete']",xlm_roberta_mdeberta_v1,
mubawab_8322544,mubawab,0.6269,negative,0.3972,0.35,47.73,suspect,"['description_too_short', 'information_incomplete']",xlm_roberta_mdeberta_v1,
mubawab_8323844,mubawab,0.6269,negative,0.3972,0.35,47.73,suspect,"['description_too_short', 'information_incomplete']",xlm_roberta_mdeberta_v1,
mubawab_8322557,mubawab,0.6269,negative,0.3972,0.35,47.73,suspect,"['description_too_short', 'information_incomplete']",xlm_roberta_mdeberta_v1,
mubawab_8322635,mubawab,0.6269,negative,0.3972,0.35,47.73,suspect,"['description_too_short', 'information_incomplete']",xlm_roberta_mdeberta_v1,
tunisieannonce_10a924a36ad8,tunisieannonce,0.0,positive,0.3106,0.25,17.12,normal,['external_contact'],xlm_roberta_mdeberta_v1,
mubawab_8322888,mubawab,0.6269,negative,0.3972,0.35,47.73,suspect,"['description_too_short', 'information_incomplete']",xlm_roberta_mdeberta_v1,
mubawab_8323815,mubawab,0.6269,negative,0.3972,0.35,47.73,suspect,"['description_too_short', 'information_incomplete']",xlm_roberta_mdeberta_v1,
mubawab_8324974,mubawab,0.6269,negative,0.3972,0.35,47.73,suspect,"['description_too_short', 'information_incomplete']",xlm_roberta_mdeberta_v1,
mubawab_8325117,mubawab,0.6269,negative,0.3972,0.35,47.73,suspect,"['description_too_short', 'information_incomplete']",xlm_roberta_mdeberta_v1,
newkey_122277,newkey,0.0,positive,0.3505,0.2,17.27,normal,['no_images_suspicious'],xlm_roberta_mdeberta_v1,
mubawab_8325641,mubawab,0.6269,negative,0.3972,0.35,47.73,suspect,"['description_too_short', 'information_incomplete']",xlm_roberta_mdeberta_v1,
mubawab_8325044,mubawab,0.6269,negative,0.3972,0.35,47.73,suspect,"['description_too_short', 'information_incomplete']",xlm_roberta_mdeberta_v1,
mubawab_8325105,mubawab,0.6269,negative,0.3972,0.35,47.73,suspect,"['description_too_short', 'information_incomplete']",xlm_roberta_mdeberta_v1,
newkey_114592,newkey,0.0,positive,0.3711,0.2,17.99,normal,['no_images_suspicious'],xlm_roberta_mdeberta_v1,
mubawab_8327402,mubawab,0.6269,negative,0.3972,0.35,47.73,suspect,"['description_too_short', 'information_incomplete']",xlm_roberta_mdeberta_v1,
newkey_101421,newkey,0.0,positive,0.3108,0.2,15.88,normal,['no_images_suspicious'],xlm_roberta_mdeberta_v1,
mubawab_8327297,mubawab,0.6269,negative,0.3972,0.35,47.73,suspect,"['description_too_short', 'information_incomplete']",xlm_roberta_mdeberta_v1,
tunisieannonce_36c54e2dccdd,tunisieannonce,0.2531,negative,0.3167,0.25,27.46,suspect,['external_contact'],xlm_roberta_mdeberta_v1,
mubawab_8326245,mubawab,0.6269,negative,0.3972,0.35,47.73,suspect,"['description_too_short', 'information_incomplete']",xlm_roberta_mdeberta_v1,
mubawab_8327272,mubawab,0.6269,negative,0.3972,0.35,47.73,suspect,"['description_too_short', 'information_incomplete']",xlm_roberta_mdeberta_v1,
mubawab_8326669,mubawab,0.6269,negative,0.3972,0.35,47.73,suspect,"['description_too_short', 'information_incomplete']",xlm_roberta_mdeberta_v1,
newkey_112566,newkey,0.0,positive,0.3313,0.0,11.6,normal,[],xlm_roberta_mdeberta_v1,
newkey_112673,newkey,0.0,positive,0.2773,0.2,14.71,normal,['no_images_suspicious'],xlm_roberta_mdeberta_v1,
newkey_106974,newkey,0.0,positive,0.4073,0.2,19.26,normal,['no_images_suspicious'],xlm_roberta_mdeberta_v1,
newkey_103023,newkey,0.0,positive,0.3348,0.0,11.72,normal,[],xlm_roberta_mdeberta_v1,
newkey_104163,newkey,0.0,positive,0.3982,0.0,13.94,normal,[],xlm_roberta_mdeberta_v1,
newkey_112688,newkey,0.0,positive,0.4146,0.0,14.51,normal,[],xlm_roberta_mdeberta_v1,
tunisieannonce_44332b065e9e,tunisieannonce,0.5395,negative,0.3421,0.2,38.55,suspect,['no_images_suspicious'],xlm_roberta_mdeberta_v1,
newkey_112596,newkey,0.0,positive,0.3293,0.0,11.53,normal,[],xlm_roberta_mdeberta_v1,
tunisieannonce_3c3a09a2341b,tunisieannonce,0.0,positive,0.2945,0.2,15.31,normal,['no_images_suspicious'],xlm_roberta_mdeberta_v1,
newkey_113637,newkey,0.0,positive,0.3469,0.0,12.14,normal,[],xlm_roberta_mdeberta_v1,
newkey_113192,newkey,0.0,positive,0.3146,0.0,11.01,normal,[],xlm_roberta_mdeberta_v1,
newkey_112699,newkey,0.0,positive,0.3274,0.0,11.46,normal,[],xlm_roberta_mdeberta_v1,
newkey_112696,newkey,0.0,positive,0.2957,0.0,10.35,normal,[],xlm_roberta_mdeberta_v1,
newkey_115151,newkey,0.0,positive,0.3428,0.2,17.0,normal,['no_images_suspicious'],xlm_roberta_mdeberta_v1,
newkey_114374,newkey,0.0,positive,0.3185,0.0,11.15,normal,[],xlm_roberta_mdeberta_v1,
newkey_114284,newkey,0.0,positive,0.336,0.2,16.76,normal,['no_images_suspicious'],xlm_roberta_mdeberta_v1,
newkey_113642,newkey,0.0,positive,0.3626,0.0,12.69,normal,[],xlm_roberta_mdeberta_v1,
newkey_114164,newkey,0.0,positive,0.3227,0.45,22.54,suspect,"['external_contact', 'no_images_suspicious']",xlm_roberta_mdeberta_v1,
newkey_116282,newkey,0.0,positive,0.3506,0.0,12.27,normal,[],xlm_roberta_mdeberta_v1,
newkey_115067,newkey,0.0,positive,0.334,0.2,16.69,normal,['no_images_suspicious'],xlm_roberta_mdeberta_v1,
newkey_114754,newkey,0.0,positive,0.3272,0.2,16.45,normal,['no_images_suspicious'],xlm_roberta_mdeberta_v1,
newkey_114586,newkey,0.0,positive,0.338,0.2,16.83,normal,['no_images_suspicious'],xlm_roberta_mdeberta_v1,
newkey_116350,newkey,0.0,positive,0.3594,0.2,17.58,normal,['no_images_suspicious'],xlm_roberta_mdeberta_v1,
newkey_116449,newkey,0.0,positive,0.3605,0.0,12.62,normal,[],xlm_roberta_mdeberta_v1,
newkey_116436,newkey,0.0,positive,0.3489,0.0,12.21,normal,[],xlm_roberta_mdeberta_v1,
newkey_124851,newkey,0.0,positive,0.3108,0.0,10.88,normal,[],xlm_roberta_mdeberta_v1,
newkey_115928,newkey,0.0,positive,0.3599,0.0,12.6,normal,[],xlm_roberta_mdeberta_v1,
newkey_116356,newkey,0.0,positive,0.2664,0.0,9.32,normal,[],xlm_roberta_mdeberta_v1,
newkey_117484,newkey,0.0,positive,0.3822,0.2,18.38,normal,['no_images_suspicious'],xlm_roberta_mdeberta_v1,
newkey_118531,newkey,0.0,positive,0.381,0.0,13.33,normal,[],xlm_roberta_mdeberta_v1,
newkey_117418,newkey,0.0,positive,0.3592,0.0,12.57,normal,[],xlm_roberta_mdeberta_v1,
newkey_117970,newkey,0.0,positive,0.3734,0.2,18.07,normal,['no_images_suspicious'],xlm_roberta_mdeberta_v1,
newkey_118534,newkey,0.0,positive,0.3621,0.0,12.67,normal,[],xlm_roberta_mdeberta_v1,
newkey_119629,newkey,0.0,positive,0.3047,0.2,15.66,normal,['no_images_suspicious'],xlm_roberta_mdeberta_v1,
newkey_120186,newkey,0.0,positive,0.2817,0.0,9.86,normal,[],xlm_roberta_mdeberta_v1,
newkey_120147,newkey,0.0,positive,0.351,0.2,17.29,normal,['no_images_suspicious'],xlm_roberta_mdeberta_v1,
newkey_121980,newkey,0.0,positive,0.2849,0.0,9.97,normal,[],xlm_roberta_mdeberta_v1,
newkey_119690,newkey,0.0,positive,0.3044,0.2,15.65,normal,['no_images_suspicious'],xlm_roberta_mdeberta_v1,
newkey_119886,newkey,0.0,positive,0.3066,0.3,18.23,normal,['urgency_detected'],xlm_roberta_mdeberta_v1,
newkey_119867,newkey,0.0,positive,0.3264,0.2,16.42,normal,['no_images_suspicious'],xlm_roberta_mdeberta_v1,
newkey_120410,newkey,0.0,positive,0.2861,0.2,15.01,normal,['no_images_suspicious'],xlm_roberta_mdeberta_v1,
newkey_120480,newkey,0.0,positive,0.413,0.0,14.45,normal,[],xlm_roberta_mdeberta_v1,
newkey_120899,newkey,0.0,positive,0.3111,0.2,15.89,normal,['no_images_suspicious'],xlm_roberta_mdeberta_v1,
newkey_120349,newkey,0.0,positive,0.3542,0.0,12.4,normal,[],xlm_roberta_mdeberta_v1,
newkey_121127,newkey,0.0,positive,0.3108,0.0,10.88,normal,[],xlm_roberta_mdeberta_v1,
newkey_120230,newkey,0.0,positive,0.4025,0.0,14.09,normal,[],xlm_roberta_mdeberta_v1,
newkey_121130,newkey,0.0,positive,0.3377,0.0,11.82,normal,[],xlm_roberta_mdeberta_v1,
newkey_121561,newkey,0.0,positive,0.429,0.2,20.02,normal,['no_images_suspicious'],xlm_roberta_mdeberta_v1,
newkey_121821,newkey,0.0,positive,0.3407,0.2,16.92,normal,['no_images_suspicious'],xlm_roberta_mdeberta_v1,
newkey_121527,newkey,0.0,positive,0.3269,0.0,11.44,normal,[],xlm_roberta_mdeberta_v1,
newkey_121656,newkey,0.0,positive,0.3285,0.0,11.5,normal,[],xlm_roberta_mdeberta_v1,
newkey_122018,newkey,0.0,positive,0.3999,0.2,19.0,normal,['no_images_suspicious'],xlm_roberta_mdeberta_v1,
newkey_122229,newkey,0.0,positive,0.2819,0.0,9.87,normal,[],xlm_roberta_mdeberta_v1,
newkey_122398,newkey,0.0,positive,0.309,0.2,15.82,normal,['no_images_suspicious'],xlm_roberta_mdeberta_v1,
newkey_122903,newkey,0.0,positive,0.2562,0.0,8.97,normal,[],xlm_roberta_mdeberta_v1,
newkey_122694,newkey,0.0,positive,0.3051,0.2,15.68,normal,['no_images_suspicious'],xlm_roberta_mdeberta_v1,
newkey_122897,newkey,0.0,positive,0.2977,0.0,10.42,normal,[],xlm_roberta_mdeberta_v1,
newkey_122799,newkey,0.0,positive,0.3671,0.0,12.85,normal,[],xlm_roberta_mdeberta_v1,
newkey_122835,newkey,0.0,positive,0.323,0.45,22.55,suspect,"['external_contact', 'no_images_suspicious']",xlm_roberta_mdeberta_v1,
newkey_122564,newkey,0.0,positive,0.3455,0.2,17.09,normal,['no_images_suspicious'],xlm_roberta_mdeberta_v1,
newkey_122831,newkey,0.0,positive,0.3302,0.0,11.56,normal,[],xlm_roberta_mdeberta_v1,
newkey_123127,newkey,0.0,positive,0.36,0.0,12.6,normal,[],xlm_roberta_mdeberta_v1,
newkey_123100,newkey,0.0,positive,0.3404,0.0,11.91,normal,[],xlm_roberta_mdeberta_v1,
newkey_123111,newkey,0.0,positive,0.355,0.0,12.42,normal,[],xlm_roberta_mdeberta_v1,
newkey_123092,newkey,0.0,positive,0.3272,0.45,22.7,suspect,"['external_contact', 'no_images_suspicious']",xlm_roberta_mdeberta_v1,
newkey_123113,newkey,0.0,positive,0.3684,0.0,12.89,normal,[],xlm_roberta_mdeberta_v1,
newkey_123269,newkey,0.0,positive,0.3156,0.0,11.05,normal,[],xlm_roberta_mdeberta_v1,
newkey_123115,newkey,0.0,positive,0.3741,0.0,13.09,normal,[],xlm_roberta_mdeberta_v1,
newkey_122978,newkey,0.0,positive,0.3111,0.0,10.89,normal,[],xlm_roberta_mdeberta_v1,
newkey_123220,newkey,0.0,positive,0.3969,0.2,18.89,normal,['no_images_suspicious'],xlm_roberta_mdeberta_v1,
newkey_123403,newkey,0.0,positive,0.3331,0.0,11.66,normal,[],xlm_roberta_mdeberta_v1,
newkey_123398,newkey,0.0,positive,0.3035,0.0,10.62,normal,[],xlm_roberta_mdeberta_v1,
newkey_123191,newkey,0.0921,neutral,0.3587,0.2,21.24,suspect,['no_images_suspicious'],xlm_roberta_mdeberta_v1,
newkey_123423,newkey,0.0,positive,0.3315,0.25,17.85,normal,['external_contact'],xlm_roberta_mdeberta_v1,
newkey_123529,newkey,0.0,positive,0.3155,0.25,17.29,normal,['external_contact'],xlm_roberta_mdeberta_v1,
newkey_123564,newkey,0.0,positive,0.2863,0.0,10.02,normal,[],xlm_roberta_mdeberta_v1,
newkey_123566,newkey,0.0,positive,0.2742,0.0,9.6,normal,[],xlm_roberta_mdeberta_v1,
newkey_123524,newkey,0.0,positive,0.3027,0.0,10.59,normal,[],xlm_roberta_mdeberta_v1,
newkey_123445,newkey,0.0,positive,0.3587,0.0,12.55,normal,[],xlm_roberta_mdeberta_v1,
newkey_123408,newkey,0.0,positive,0.2538,0.0,8.88,normal,[],xlm_roberta_mdeberta_v1,
newkey_123567,newkey,0.0,positive,0.3433,0.0,12.02,normal,[],xlm_roberta_mdeberta_v1,
newkey_123626,newkey,0.0,positive,0.3389,0.0,11.86,normal,[],xlm_roberta_mdeberta_v1,
tunisieannonce_0b22a3129925,tunisieannonce,0.0,positive,0.3253,0.25,17.64,normal,['external_contact'],xlm_roberta_mdeberta_v1,
newkey_123794,newkey,0.0,positive,0.2652,0.0,9.28,normal,[],xlm_roberta_mdeberta_v1,
newkey_123621,newkey,0.0,positive,0.3556,0.0,12.45,normal,[],xlm_roberta_mdeberta_v1,
newkey_123639,newkey,0.0,positive,0.3126,0.0,10.94,normal,[],xlm_roberta_mdeberta_v1,
newkey_123862,newkey,0.0,positive,0.3099,0.0,10.85,normal,[],xlm_roberta_mdeberta_v1,
newkey_124029,newkey,0.0,positive,0.3947,0.0,13.81,normal,[],xlm_roberta_mdeberta_v1,
newkey_123992,newkey,0.0,positive,0.3218,0.0,11.26,normal,[],xlm_roberta_mdeberta_v1,
newkey_123960,newkey,0.0,positive,0.3453,0.2,17.09,normal,['no_images_suspicious'],xlm_roberta_mdeberta_v1,
newkey_124047,newkey,0.0,positive,0.4236,0.2,19.83,normal,['no_images_suspicious'],xlm_roberta_mdeberta_v1,
newkey_124027,newkey,0.0,positive,0.3591,0.2,17.57,normal,['no_images_suspicious'],xlm_roberta_mdeberta_v1,
newkey_124048,newkey,0.0,positive,0.2972,0.2,15.4,normal,['no_images_suspicious'],xlm_roberta_mdeberta_v1,
newkey_123954,newkey,0.0,positive,0.3729,0.5,25.55,suspect,"['urgency_detected', 'no_images_suspicious']",xlm_roberta_mdeberta_v1,
tunisieannonce_07d21c505e6e,tunisieannonce,0.0,positive,0.3373,0.2,16.81,normal,['no_images_suspicious'],xlm_roberta_mdeberta_v1,
newkey_123953,newkey,0.0,positive,0.3726,0.25,19.29,normal,['external_contact'],xlm_roberta_mdeberta_v1,
newkey_124138,newkey,0.0,positive,0.3507,0.0,12.27,normal,[],xlm_roberta_mdeberta_v1,
newkey_124117,newkey,0.0,positive,0.2895,0.2,15.13,normal,['no_images_suspicious'],xlm_roberta_mdeberta_v1,
newkey_124051,newkey,0.0,positive,0.3229,0.0,11.3,normal,[],xlm_roberta_mdeberta_v1,
newkey_124112,newkey,0.0,positive,0.3663,0.0,12.82,normal,[],xlm_roberta_mdeberta_v1,
newkey_124149,newkey,0.0,positive,0.3293,0.0,11.53,normal,[],xlm_roberta_mdeberta_v1,
newkey_124108,newkey,0.0,positive,0.3571,0.0,12.5,normal,[],xlm_roberta_mdeberta_v1,
newkey_124059,newkey,0.0,positive,0.335,0.2,16.73,normal,['no_images_suspicious'],xlm_roberta_mdeberta_v1,
newkey_124049,newkey,0.0,positive,0.3798,0.2,18.29,normal,['no_images_suspicious'],xlm_roberta_mdeberta_v1,
newkey_124542,newkey,0.0,positive,0.3361,0.0,11.76,normal,[],xlm_roberta_mdeberta_v1,
newkey_124172,newkey,0.0,positive,0.3424,0.0,11.98,normal,[],xlm_roberta_mdeberta_v1,
newkey_124359,newkey,0.0,positive,0.2991,0.0,10.47,normal,[],xlm_roberta_mdeberta_v1,
newkey_124545,newkey,0.0,positive,0.3382,0.0,11.84,normal,[],xlm_roberta_mdeberta_v1,
newkey_124373,newkey,0.0,positive,0.3911,0.0,13.69,normal,[],xlm_roberta_mdeberta_v1,
newkey_124562,newkey,0.0664,neutral,0.4284,0.45,28.9,suspect,"['external_contact', 'no_images_suspicious']",xlm_roberta_mdeberta_v1,
newkey_124730,newkey,0.0,positive,0.3321,0.0,11.62,normal,[],xlm_roberta_mdeberta_v1,
newkey_124683,newkey,0.0,positive,0.2868,0.0,10.04,normal,[],xlm_roberta_mdeberta_v1,
newkey_124623,newkey,0.0,positive,0.4011,0.2,19.04,normal,['no_images_suspicious'],xlm_roberta_mdeberta_v1,
newkey_124587,newkey,0.0,positive,0.3505,0.0,12.27,normal,[],xlm_roberta_mdeberta_v1,
newkey_124905,newkey,0.0,positive,0.2861,0.0,10.01,normal,[],xlm_roberta_mdeberta_v1,
newkey_124657,newkey,0.0,positive,0.3195,0.25,17.43,normal,['external_contact'],xlm_roberta_mdeberta_v1,
newkey_124559,newkey,0.0,positive,0.4115,0.0,14.4,normal,[],xlm_roberta_mdeberta_v1,
newkey_124665,newkey,0.0,positive,0.3505,0.0,12.27,normal,[],xlm_roberta_mdeberta_v1,
newkey_124741,newkey,0.0802,neutral,0.3656,0.25,22.25,suspect,['external_contact'],xlm_roberta_mdeberta_v1,
newkey_124863,newkey,0.0,positive,0.277,0.0,9.7,normal,[],xlm_roberta_mdeberta_v1,
newkey_124766,newkey,0.0,positive,0.3336,0.0,11.68,normal,[],xlm_roberta_mdeberta_v1,
newkey_124768,newkey,0.0,positive,0.2524,0.2,13.83,normal,['no_images_suspicious'],xlm_roberta_mdeberta_v1,
newkey_124743,newkey,0.0,positive,0.2451,0.2,13.58,normal,['no_images_suspicious'],xlm_roberta_mdeberta_v1,
newkey_124742,newkey,0.0,positive,0.3499,0.0,12.25,normal,[],xlm_roberta_mdeberta_v1,
newkey_124936,newkey,0.0,positive,0.3427,0.2,16.99,normal,['no_images_suspicious'],xlm_roberta_mdeberta_v1,
newkey_125025,newkey,0.0,positive,0.3329,0.25,17.9,normal,['external_contact'],xlm_roberta_mdeberta_v1,
newkey_124951,newkey,0.0,positive,0.314,0.0,10.99,normal,[],xlm_roberta_mdeberta_v1,
newkey_124968,newkey,0.0,positive,0.3574,0.0,12.51,normal,[],xlm_roberta_mdeberta_v1,
newkey_125093,newkey,0.0,positive,0.3122,0.0,10.93,normal,[],xlm_roberta_mdeberta_v1,
newkey_125117,newkey,0.0,positive,0.3914,0.0,13.7,normal,[],xlm_roberta_mdeberta_v1,
newkey_125037,newkey,0.0,positive,0.3311,0.2,16.59,normal,['no_images_suspicious'],xlm_roberta_mdeberta_v1,
newkey_127700,newkey,0.0,positive,0.3326,0.0,11.64,normal,[],xlm_roberta_mdeberta_v1,
newkey_127704,newkey,0.0,positive,0.3203,0.2,16.21,normal,['no_images_suspicious'],xlm_roberta_mdeberta_v1,
newkey_127707,newkey,0.0,positive,0.305,0.0,10.67,normal,[],xlm_roberta_mdeberta_v1,
newkey_127866,newkey,0.0,positive,0.3144,0.2,16.0,normal,['no_images_suspicious'],xlm_roberta_mdeberta_v1,
newkey_127752,newkey,0.0,positive,0.338,0.0,11.83,normal,[],xlm_roberta_mdeberta_v1,
newkey_127779,newkey,0.0,positive,0.3394,0.0,11.88,normal,[],xlm_roberta_mdeberta_v1,
newkey_127869,newkey,0.0,positive,0.0753,0.2,7.64,normal,['no_images_suspicious'],xlm_roberta_mdeberta_v1,
newkey_127870,newkey,0.0,positive,0.2323,0.0,8.13,normal,[],xlm_roberta_mdeberta_v1,
newkey_127778,newkey,0.0,positive,0.351,0.0,12.28,normal,[],xlm_roberta_mdeberta_v1,
newkey_128037,newkey,0.0,positive,0.2869,0.2,15.04,normal,['no_images_suspicious'],xlm_roberta_mdeberta_v1,
newkey_127895,newkey,0.0,positive,0.3423,0.25,18.23,normal,['external_contact'],xlm_roberta_mdeberta_v1,
newkey_127952,newkey,0.0,positive,0.3172,0.0,11.1,normal,[],xlm_roberta_mdeberta_v1,
newkey_127868,newkey,0.0,positive,0.3139,0.2,15.99,normal,['no_images_suspicious'],xlm_roberta_mdeberta_v1,
newkey_128187,newkey,0.0,positive,0.3324,0.0,11.63,normal,[],xlm_roberta_mdeberta_v1,
newkey_128134,newkey,0.0,positive,0.3124,0.25,17.18,normal,['external_contact'],xlm_roberta_mdeberta_v1,
newkey_128096,newkey,0.0,positive,0.3075,0.0,10.76,normal,[],xlm_roberta_mdeberta_v1,
newkey_128002,newkey,0.0,positive,0.3172,0.0,11.1,normal,[],xlm_roberta_mdeberta_v1,
newkey_128133,newkey,0.0,positive,0.3256,0.0,11.4,normal,[],xlm_roberta_mdeberta_v1,
newkey_128097,newkey,0.0,positive,0.279,0.0,9.77,normal,[],xlm_roberta_mdeberta_v1,
newkey_127981,newkey,0.0,positive,0.3469,0.0,12.14,normal,[],xlm_roberta_mdeberta_v1,
newkey_128486,newkey,0.0,positive,0.3326,0.0,11.64,normal,[],xlm_roberta_mdeberta_v1,
newkey_128307,newkey,0.0,positive,0.2042,0.0,7.15,normal,[],xlm_roberta_mdeberta_v1,
newkey_128204,newkey,0.0,positive,0.2913,0.0,10.2,normal,[],xlm_roberta_mdeberta_v1,
newkey_128521,newkey,0.0,positive,0.2911,0.0,10.19,normal,[],xlm_roberta_mdeberta_v1,
newkey_128670,newkey,0.0,positive,0.3682,0.0,12.89,normal,[],xlm_roberta_mdeberta_v1,
newkey_128646,newkey,0.0,positive,0.328,0.2,16.48,normal,['no_images_suspicious'],xlm_roberta_mdeberta_v1,
newkey_128666,newkey,0.0,positive,0.342,0.25,18.22,normal,['external_contact'],xlm_roberta_mdeberta_v1,
newkey_128624,newkey,0.0,positive,0.3114,0.25,17.15,normal,['external_contact'],xlm_roberta_mdeberta_v1,
newkey_128545,newkey,0.0,positive,0.3375,0.0,11.81,normal,[],xlm_roberta_mdeberta_v1,
newkey_129123,newkey,0.0,positive,0.2772,0.0,9.7,normal,[],xlm_roberta_mdeberta_v1,
newkey_129011,newkey,0.0,positive,0.3026,0.2,15.59,normal,['no_images_suspicious'],xlm_roberta_mdeberta_v1,
newkey_128919,newkey,0.0,positive,0.3254,0.25,17.64,normal,['external_contact'],xlm_roberta_mdeberta_v1,
newkey_129055,newkey,0.0,positive,0.263,0.2,14.21,normal,['no_images_suspicious'],xlm_roberta_mdeberta_v1,
newkey_128906,newkey,0.0,positive,0.3292,0.0,11.52,normal,[],xlm_roberta_mdeberta_v1,
tunisieannonce_10df09937a99,tunisieannonce,0.0,positive,0.3283,0.55,25.24,suspect,"['urgency_detected', 'external_contact']",xlm_roberta_mdeberta_v1,
newkey_128977,newkey,0.0,positive,0.3237,0.25,17.58,normal,['external_contact'],xlm_roberta_mdeberta_v1,
newkey_129173,newkey,0.0,positive,0.32,0.0,11.2,normal,[],xlm_roberta_mdeberta_v1,
newkey_129152,newkey,0.0,positive,0.2594,0.2,14.08,normal,['no_images_suspicious'],xlm_roberta_mdeberta_v1,
newkey_129231,newkey,0.0,positive,0.291,0.2,15.18,normal,['no_images_suspicious'],xlm_roberta_mdeberta_v1,
newkey_129182,newkey,0.0,positive,0.3657,0.0,12.8,normal,[],xlm_roberta_mdeberta_v1,
newkey_129211,newkey,0.0,positive,0.3659,0.0,12.81,normal,[],xlm_roberta_mdeberta_v1,
newkey_129221,newkey,0.0,positive,0.3215,0.0,11.25,normal,[],xlm_roberta_mdeberta_v1,
newkey_129232,newkey,0.0,positive,0.4043,0.2,19.15,normal,['no_images_suspicious'],xlm_roberta_mdeberta_v1,
newkey_129246,newkey,0.0,positive,0.2446,0.0,8.56,normal,[],xlm_roberta_mdeberta_v1,
newkey_129377,newkey,0.0,positive,0.2043,0.0,7.15,normal,[],xlm_roberta_mdeberta_v1,
newkey_129301,newkey,0.0,positive,0.3701,0.0,12.95,normal,[],xlm_roberta_mdeberta_v1,
newkey_129349,newkey,0.0,positive,0.3046,0.25,16.91,normal,['external_contact'],xlm_roberta_mdeberta_v1,
newkey_129408,newkey,0.0,positive,0.3265,0.0,11.43,normal,[],xlm_roberta_mdeberta_v1,
tunisieannonce_0b2f19989bcf,tunisieannonce,0.0792,neutral,0.3357,0.0,14.92,normal,[],xlm_roberta_mdeberta_v1,
44766,tecnocasa,0.0,positive,0.3787,0.2,18.25,normal,['no_images_suspicious'],xlm_roberta_mdeberta_v1,
