id,listing_id,source_name,price,surface,rooms,city,region,zone,transaction_type,property_type,scraped_at,change_type,price_delta,price_delta_pct,reliability_score
1,93613420-d02a-4bfa-b8b8-174d9bc9d180,aqari,,,,Tunis,TUNIS,north,Sale,Other,2026-03-23T17:33:01.852907,new,,,20
3,verdar_129894,verdar,620000.0,,,Boumhel,,,Sale,Land,2026-03-23T17:41:57.423457,new,,,25
4,verdar_129904,verdar,345000.0,,,Boumhel,,,Sale,Apartment,2026-03-23T17:42:17.786107,new,,,25
7,verdar_107846,verdar,105000.0,,,Boumhel,,,Sale,Land,2026-03-23T17:42:27.019357,new,,,25
13,verdar_97543,verdar,980000.0,,,Bélair Boumhel,,,Sale,Land,2026-03-23T17:42:31.824501,new,,,30
12,verdar_91041,verdar,880000.0,,,Hammam Chat,BEN AROUS,north,Sale,Land,2026-03-23T17:42:42.831066,new,,,40
11,verdar_92821,verdar,399000.0,,,Boumhel Cité El Bahri,,,Sale,Land,2026-03-23T17:42:51.473719,new,,,15
10,verdar_124576,verdar,1300.0,,,Boumhel Belair,,,Rent,Villa,2026-03-23T17:43:00.688185,new,,,15
9,verdar_124713,verdar,3000400.0,,,Hammam Chatt Pour Une Location Estivale Ou Par Nuitée,BEN AROUS,north,Rent,Land,2026-03-23T17:43:04.331804,new,,,20
6,verdar_127969,verdar,1300.0,,,Boumhel,,,Rent,Apartment,2026-03-23T17:43:17.783720,new,,,25
8,verdar_124362,verdar,1900.0,,,Nouvelle Médina,,,Rent,Villa,2026-03-23T17:43:26.658830,new,,,30
5,verdar_124421,verdar,2200.0,,,Ezzahra,BEN AROUS,north,Rent,Commercial,2026-03-23T17:43:30.785929,new,,,40
2,verdar_124672,verdar,750.0,,,Boumhel Et Pas- De- Porte 22Md,,,Rent,Commercial,2026-03-23T17:43:41.509297,new,,,15
37,affare_259035,affare,2.0,152.0,,Sidi Abdelhamid,SOUSSE,east,Sale,Land,2026-03-23T18:47:41.814344,new,,,60
39,affare_259032,affare,259032.0,76.0,,Khezema,,,Rent,Commercial,2026-03-23T18:48:10.542717,new,,,35
36,affare_259034,affare,259034.0,,4.0,Cité Riadh,,,Sale,Land,2026-03-23T18:48:17.067160,new,,,65
42,affare_259036,affare,2.0,92.0,2.0,Cité Rayhanne,,,Sale,Apartment,2026-03-23T18:48:23.998920,new,,,45
43,affare_259033,affare,2.0,73.0,2.0,Sousse Avec Place De Parking,SOUSSE,east,Sale,Commercial,2026-03-23T18:48:31.373805,new,,,75
34,affare_259030,affare,259030.0,506.0,,,,,Sale,Land,2026-03-23T18:48:36.159629,new,,,30
38,affare_259037,affare,2.0,106.0,2.0,Khezema,,,Sale,Apartment,2026-03-23T18:48:40.715358,new,,,45
35,affare_259038,affare,1.0,5400.0,,Sidi Bouali Près De L'Autoroute Et Gp1,,,Sale,Land,2026-03-23T18:48:47.007647,new,,,25
40,affare_259031,affare,259031.0,606.0,,,,,Sale,Land,2026-03-23T18:48:52.584257,new,,,30
41,affare_259029,affare,259029.0,178.0,,,,,Sale,Commercial,2026-03-23T18:48:58.310856,new,,,35
32,affare_259028,affare,,,2.0,,,,Rent,Apartment,2026-03-23T18:49:04.103767,new,,,10
25,affare_259027,affare,259027.0,,,Chott Mariem,,,Sale,Land,2026-03-23T18:49:10.075168,new,,,30
26,affare_259026,affare,2.0,90.0,2.0,Soviva Chott Mariem,,,Sale,Apartment,2026-03-23T18:49:24.440189,new,,,50
29,affare_259025,affare,3.0,14.0,3.0,La Marsa Zvl1567,TUNIS,north,Rent,Villa,2026-03-23T18:49:31.015011,new,,,70
27,affare_259024,affare,3717.0,400.0,2.0,,,,Rent,Villa,2026-03-23T18:49:37.339793,new,,,55
33,affare_259021,affare,2.0,85.0,2.0,Bouhsina El Ghazali,,,Sale,Apartment,2026-03-23T18:49:42.275337,new,,,45
30,affare_259022,affare,2.0,100.0,2.0,Sahloul 3,,,Sale,Apartment,2026-03-23T18:49:49.098971,new,,,60
28,affare_259023,affare,3.0,399.0,,,,,Sale,Land,2026-03-23T18:49:55.134776,new,,,10
20,affare_238972,affare,2.0,98.0,2.0,La Marsa,TUNIS,north,Sale,Apartment,2026-03-23T18:50:00.215387,new,,,75
23,affare_246045,affare,246045.0,500.0,,Gammarth Supérieur,,,Sale,Land,2026-03-23T18:50:07.317836,new,,,70
17,affare_254300,affare,2.0,140.0,2.0,,,,Sale,Villa,2026-03-23T18:50:15.482619,new,,,50
15,affare_257742,affare,3.0,,3.0,,,,Rent,Villa,2026-03-23T18:50:21.679766,new,,,10
31,affare_259019,affare,259019.0,170.0,3.0,Hammem Sousse,SOUSSE,east,Sale,Villa,2026-03-23T18:50:24.719623,new,,,90
24,affare_259018,affare,3.0,153.0,3.0,Sahloul 4 Avec Place De Parking,,,Rent,Apartment,2026-03-23T18:50:31.409701,new,,,50
14,affare_154525,affare,2.0,80.0,3.0,,,,Sale,Villa,2026-03-23T18:50:37.677573,new,,,50
19,affare_233390,affare,4082.0,408.0,,,,,Sale,Land,2026-03-23T18:50:44.895600,new,,,10
21,affare_209759,affare,2.0,60.0,3.0,,,,Sale,Apartment,2026-03-23T18:50:50.019764,new,,,50
18,affare_247865,affare,247865.0,180.0,4.0,,,,Sale,Villa,2026-03-23T18:50:55.483794,new,,,70
22,affare_231619,affare,2.0,80.0,3.0,,,,Sale,Apartment,2026-03-23T18:51:02.241097,new,,,50
16,affare_253130,affare,8702.0,870.0,,,,,Sale,Land,2026-03-23T18:51:08.497624,new,,,10
58,affare_248365,affare,185000.0,,,Bir Mchergua,ZAGHOUAN,north,Sale,Land,2026-03-24T10:24:44.101421,new,,,70
46,affare_248364,affare,350000.0,,,Bir Mchergua,ZAGHOUAN,north,Sale,Land,2026-03-24T10:25:18.501761,new,,,70
51,affare_243820,affare,65000.0,10000.0,,Bir Mchergua,ZAGHOUAN,north,Sale,Land,2026-03-24T10:25:30.733264,new,,,55
53,affare_241005,affare,175000.0,,,Bir Mchergua,ZAGHOUAN,north,Sale,Land,2026-03-24T10:25:41.406104,new,,,70
50,affare_221112,affare,,,,El Fahs,ZAGHOUAN,north,Sale,Land,2026-03-24T10:25:49.665608,new,,,30
47,affare_241011,affare,245000.0,,,Bir Mchergua,ZAGHOUAN,north,Sale,Land,2026-03-24T10:25:55.786825,new,,,70
67,affare_259050,affare,1050.0,580.0,4.0,Hammamet Sud,NABEUL,north,Sale,Land,2026-03-24T10:26:02.273430,new,,,80
70,affare_259047,affare,1300.0,1200.0,,Sousse Riadh,SOUSSE,east,Sale,Land,2026-03-24T10:26:19.217419,new,,,65
72,affare_259051,affare,2300.0,6714.0,,Grombalia,NABEUL,north,Sale,Land,2026-03-24T10:26:32.736686,new,,,55
71,affare_259049,affare,300000.0,620.0,,Route El Ain,SFAX,east,Sale,Land,2026-03-24T10:26:39.734162,new,,,85
69,affare_259046,affare,410000.0,811.0,,Route El Ain,SFAX,east,Sale,Land,2026-03-24T10:26:52.957815,new,,,85
64,affare_259048,affare,740000.0,400.0,4.0,Hammamet Sud,NABEUL,north,Sale,Land,2026-03-24T10:27:01.219884,new,,,100
45,affare_1737,affare,680000.0,1430.0,,Route El Ain,SFAX,east,Sale,Land,2026-03-24T10:27:17.090513,new,,,85
65,affare_30000,affare,120.0,,,Sousse Sidi Abdelhamid,SOUSSE,east,Sale,Land,2026-03-24T10:27:23.998741,new,,,50
66,affare_259041,affare,260000.0,364.0,4.0,Akouda,SOUSSE,east,Sale,Land,2026-03-24T10:27:30.749246,new,,,100
68,affare_259042,affare,,130.0,3.0,Sousse Jawhara,SOUSSE,east,Sale,Apartment,2026-03-24T10:27:39.037710,new,,,80
73,affare_259043,affare,720000.0,500.0,3.0,Hammamet Sud,NABEUL,north,Sale,Villa,2026-03-24T10:27:48.493412,new,,,100
63,affare_258711,affare,1500.0,70.0,1.0,Menzah,ARIANA,north,Rent,Apartment,2026-03-24T10:27:57.174317,new,,,90
55,affare_257705,affare,1600.0,120.0,2.0,Ennasr,ARIANA,north,Rent,Apartment,2026-03-24T10:28:08.417504,new,,,90
59,affare_256718,affare,780000.0,500.0,7.0,Ghazela,ARIANA,north,Sale,Land,2026-03-24T10:28:23.153725,new,,,100
60,affare_257399,affare,1320.0,70.0,1.0,Ennasr,ARIANA,north,Rent,Apartment,2026-03-24T10:28:30.210227,new,,,90
57,affare_255747,affare,560000.0,148.0,3.0,Les Berges Du Lac,TUNIS,north,Sale,Commercial,2026-03-24T10:28:36.157160,new,,,100
56,affare_253257,affare,600000.0,865.0,2.0,Kalâat El Andalous,ARIANA,north,Sale,Land,2026-03-24T10:28:41.386313,new,,,100
49,affare_240053,affare,225000.0,60.0,1.0,Ennasr,ARIANA,north,Sale,Apartment,2026-03-24T10:28:47.733107,new,,,100
44,affare_223096,affare,78000.0,312.0,,Hammamet Sud,NABEUL,north,Sale,Land,2026-03-24T10:28:52.289737,new,,,85
62,affare_257768,affare,1100.0,70.0,,Sousse Médina,SOUSSE,east,Sale,Commercial,2026-03-24T10:28:57.957882,new,,,70
54,affare_257858,affare,2300.0,200.0,,Sousse Médina,SOUSSE,east,Sale,Commercial,2026-03-24T10:29:03.521603,new,,,70
61,affare_256542,affare,460000.0,180.0,3.0,Akouda,SOUSSE,east,Sale,Other,2026-03-24T10:29:11.412913,new,,,100
48,affare_224230,affare,1800.0,230.0,3.0,Akouda,SOUSSE,east,Sale,Apartment,2026-03-24T10:29:16.224852,new,,,80
52,affare_228212,affare,1500.0,100.0,2.0,Hammam Sousse,SOUSSE,east,Sale,Apartment,2026-03-24T10:29:22.096343,new,,,80
75,affare_259053,affare,850000.0,500.0,3.0,Akouda,SOUSSE,east,Sale,Villa,2026-03-24T11:40:21.735855,new,,,100
76,affare_259054,affare,750000.0,587.0,4.0,Hammamet Sud,NABEUL,north,Sale,Land,2026-03-24T11:40:30.446504,new,,,100
74,affare_259052,affare,820000.0,540.0,4.0,Hammamet Sud,NABEUL,north,Sale,Land,2026-03-24T11:40:35.921393,new,,,100
83,affare_259061,affare,730000.0,350.0,4.0,Hammamet Sud,NABEUL,north,Sale,Villa,2026-03-24T12:17:50.197685,new,,,100
77,affare_259060,affare,760000.0,750.0,4.0,Hammamet Sud,NABEUL,north,Sale,Land,2026-03-24T12:18:19.875191,new,,,100
82,affare_259058,affare,890000.0,500.0,4.0,Hammamet Sud,NABEUL,north,Sale,Villa,2026-03-24T12:18:27.800868,new,,,100
78,affare_259057,affare,860000.0,800.0,3.0,Hammamet Sud,NABEUL,north,Sale,Villa,2026-03-24T12:18:35.596570,new,,,100
79,affare_259059,affare,1050.0,700.0,4.0,Hammamet Sud,NABEUL,north,Sale,Land,2026-03-24T12:18:44.522126,new,,,80
81,affare_259055,affare,760000.0,220.0,3.0,Hammamet,NABEUL,north,Sale,Villa,2026-03-24T12:18:52.965558,new,,,100
80,affare_259056,affare,170000.0,95.0,2.0,Hammamet,NABEUL,north,Sale,Apartment,2026-03-24T12:19:02.079981,new,,,100
303,century21_66ed816f387a,century21,,,,La Soukra,ARIANA,north,Sale,Apartment,2026-03-24T12:24:49.135934,new,,,25
479,century21_c7f2e04b01c0,century21,,,,El Menzah,ARIANA,north,Sale,Commercial,2026-03-24T12:25:02.031427,new,,,25
260,century21_5111d5dc5fea,century21,,,,Gammarth,TUNIS,north,Sale,Apartment,2026-03-24T12:25:14.954707,new,,,25
116,century21_117d78a44d48,century21,,,,La Soukra,ARIANA,north,Sale,Apartment,2026-03-24T12:25:28.324832,new,,,20
93,century21_03c93edcedb8,century21,,,,Ain Zaghouan,TUNIS,north,Sale,Apartment,2026-03-24T12:25:34.987382,new,,,25
339,century21_7c20e31eae96,century21,,,,Jardins De Carthage,TUNIS,north,Sale,Apartment,2026-03-24T12:25:47.779319,new,,,25
567,century21_f521ab4e9e21,century21,,,,Cite El Khadra,TUNIS,north,Sale,Apartment,2026-03-24T12:26:14.584620,new,,,25
191,century21_348d3180e07b,century21,,,,Ennasr,ARIANA,north,Sale,Apartment,2026-03-24T12:26:21.025235,new,,,20
217,century21_42260c34c5da,century21,,,,Aouina,TUNIS,north,Sale,Apartment,2026-03-24T12:26:43.934275,new,,,25
565,century21_f9dee0ee3ac8,century21,,,,Ennasr,ARIANA,north,Sale,Villa,2026-03-24T12:26:49.789562,new,,,25
232,century21_48c58b99c641,century21,,,,Nabeul,NABEUL,north,Sale,Apartment,2026-03-24T12:26:56.798242,new,,,25
526,century21_e3276bb58790,century21,,,,Jardins De Carthage,TUNIS,north,Sale,Apartment,2026-03-24T12:27:09.190028,new,,,25
410,century21_9ea4d1e31d61,century21,,,,Hammamet,NABEUL,north,Sale,Villa,2026-03-24T12:27:20.745153,new,,,25
175,century21_323a0986bf3a,century21,,,,Mnihla,ARIANA,north,Sale,Villa,2026-03-24T12:27:32.907858,new,,,25
514,century21_de42e2c2f37f,century21,,,,El Menzah,ARIANA,north,Sale,Land,2026-03-24T12:27:47.663980,new,,,25
517,century21_d996c5e1e837,century21,,,,Nabeul,NABEUL,north,Sale,Apartment,2026-03-24T12:28:08.799159,new,,,25
458,century21_bd763bd2bef0,century21,,,,Aouina,TUNIS,north,Sale,Apartment,2026-03-24T12:28:33.716983,new,,,20
392,century21_98a67292a7cd,century21,,,,Aouina,TUNIS,north,Sale,Apartment,2026-03-24T12:28:47.277074,new,,,25
323,century21_756e82d9bb3b,century21,,,,Raoued,ARIANA,north,Sale,Apartment,2026-03-24T12:29:00.119092,new,,,25
449,century21_b72f877d814c,century21,,,,Gammarth,TUNIS,north,Sale,Apartment,2026-03-24T12:29:11.940323,new,,,20
100,century21_06c58998e013,century21,,,,Nabeul,NABEUL,north,Sale,Apartment,2026-03-24T12:29:31.766748,new,,,25
325,century21_781d74614b9f,century21,,,,Les Berges Du Lac,TUNIS,north,Sale,Commercial,2026-03-24T12:29:58.144943,new,,,25
545,century21_ec133e434570,century21,,,,El Menzah,ARIANA,north,Sale,Commercial,2026-03-24T12:30:29.616807,new,,,20
409,century21_a1c179145a7d,century21,,,,Mnihla,ARIANA,north,Sale,Apartment,2026-03-24T12:30:35.068647,new,,,25
165,century21_29a98f100e00,century21,,,,El Menzah,ARIANA,north,Sale,Villa,2026-03-24T12:31:00.727700,new,,,25
277,century21_5bd2ca303bbf,century21,,,,Jardins De Carthage,TUNIS,north,Sale,Apartment,2026-03-24T12:31:09.928142,new,,,25
164,century21_301919c5622c,century21,,,,Gammarth,TUNIS,north,Sale,Apartment,2026-03-24T12:31:20.704085,new,,,25
462,century21_bb9e7d54a5c5,century21,,,,La Marsa,TUNIS,north,Sale,Apartment,2026-03-24T12:31:26.445073,new,,,25
453,century21_b48f2079acdb,century21,,,,Ennasr,ARIANA,north,Sale,Apartment,2026-03-24T12:31:38.109431,new,,,25
203,century21_399e190c1aab,century21,,,,La Soukra,ARIANA,north,Sale,Apartment,2026-03-24T12:31:43.778203,new,,,25
87,century21_0027ce442d20,century21,,,,Hammamet,NABEUL,north,Sale,Villa,2026-03-24T12:32:00.890340,new,,,25
240,century21_4b02b4e15188,century21,,,,Aouina,TUNIS,north,Sale,Commercial,2026-03-24T12:32:10.296841,new,,,20
311,century21_6d854c28ccad,century21,,,,Mnihla,ARIANA,north,Sale,Apartment,2026-03-24T12:32:28.234646,new,,,25
301,century21_6835a1029b1e,century21,,,,Ennasr,ARIANA,north,Sale,Apartment,2026-03-24T12:32:35.368126,new,,,20
504,century21_d56a438d4c46,century21,,,,Les Berges Du Lac,TUNIS,north,Sale,Commercial,2026-03-24T12:32:42.435121,new,,,20
540,century21_e6c219155011,century21,,,,Nabeul,NABEUL,north,Sale,Apartment,2026-03-24T12:32:48.714965,new,,,25
515,century21_d8c2802b3d58,century21,,,,Jardins De Carthage,TUNIS,north,Sale,Apartment,2026-03-24T12:33:11.833640,new,,,25
182,century21_3317a93cc234,century21,,,,Nabeul,NABEUL,north,Sale,Villa,2026-03-24T12:33:34.076540,new,,,20
328,century21_79c05035778c,century21,,,,Les Berges Du Lac,TUNIS,north,Sale,Apartment,2026-03-24T12:33:40.229647,new,,,25
577,century21_fcfea98f929e,century21,,,,Les Berges Du Lac,TUNIS,north,Sale,Commercial,2026-03-24T12:33:54.741759,new,,,25
475,century21_c82cde1ea907,century21,,,,Kalaa Essghira,SOUSSE,east,Sale,Land,2026-03-24T12:34:01.087073,new,,,20
231,century21_455946eedb91,century21,,,,Kalaa Essghira,SOUSSE,east,Sale,Land,2026-03-24T12:34:08.700841,new,,,20
520,century21_dc0c7c392e3c,century21,,,,Kalaa Essghira,SOUSSE,east,Sale,Land,2026-03-24T12:34:14.682786,new,,,20
138,century21_1cc124869d3c,century21,,,,Ennasr,ARIANA,north,Sale,Apartment,2026-03-24T12:34:21.279177,new,,,25
110,century21_1034d26c3d2b,century21,,,,La Soukra,ARIANA,north,Sale,Villa,2026-03-24T12:34:26.860487,new,,,25
450,century21_b9da3a56c371,century21,,,,La Soukra,ARIANA,north,Sale,Land,2026-03-24T12:34:38.231129,new,,,20
220,century21_43de84c63f1a,century21,,,,La Soukra,ARIANA,north,Sale,Land,2026-03-24T12:35:00.090418,new,,,25
344,century21_7ec361936ec1,century21,,,,Ariana Ville,ARIANA,north,Sale,Apartment,2026-03-24T12:35:05.249770,new,,,25
387,century21_96d230cd3f3a,century21,,,,El Menzah,TUNIS,north,Sale,Land,2026-03-24T12:35:15.035677,new,,,25
379,century21_8c94c982120f,century21,,,,La Soukra,ARIANA,north,Sale,Apartment,2026-03-24T12:35:28.046806,new,,,25
334,century21_7a3cb91b277d,century21,,,,La Soukra,ARIANA,north,Sale,Land,2026-03-24T12:35:35.272105,new,,,25
417,century21_a4cd98821e4d,century21,,,,Ain Zaghouan,TUNIS,north,Sale,Villa,2026-03-24T12:35:48.844961,new,,,25
171,century21_2b7128069939,century21,,,,La Soukra,ARIANA,north,Sale,Apartment,2026-03-24T12:36:00.942916,new,,,25
224,century21_48d7fd5f468a,century21,,,,Gammarth,TUNIS,north,Sale,Villa,2026-03-24T12:36:13.715561,new,,,25
313,century21_6fd33c2263ab,century21,,,,Jardins D'El Menzah,ARIANA,north,Sale,Apartment,2026-03-24T12:36:21.331834,new,,,25
559,century21_f33bd8ade83f,century21,,,,La Marsa,TUNIS,north,Sale,Apartment,2026-03-24T12:36:54.918328,new,,,25
234,century21_4a769158cac2,century21,,,,Nabeul,NABEUL,north,Sale,Apartment,2026-03-24T12:37:05.237976,new,,,25
295,century21_683bdd2cc312,century21,,,,Jardins De Carthage,TUNIS,north,Sale,Land,2026-03-24T12:37:11.410821,new,,,25
429,century21_afbba0d454ff,century21,,,,La Marsa,TUNIS,north,Sale,Villa,2026-03-24T12:37:19.156938,new,,,25
470,century21_c346b130c69d,century21,,,,Aouina,TUNIS,north,Sale,Apartment,2026-03-24T12:37:32.958784,new,,,25
254,century21_50a847604d7c,century21,,,,La Soukra,ARIANA,north,Sale,Apartment,2026-03-24T12:38:01.479058,new,,,20
327,century21_789146430df3,century21,,,,Nabeul,NABEUL,north,Sale,Apartment,2026-03-24T12:38:25.024811,new,,,20
307,century21_6e681489a461,century21,,,,El Kram,TUNIS,north,Sale,Land,2026-03-24T12:38:32.651111,new,,,25
226,century21_45b1a02669b7,century21,,,,Jardins De Carthage,TUNIS,north,Sale,Apartment,2026-03-24T12:38:47.442123,new,,,25
211,century21_3d40f647ef38,century21,,,,Ariana Ville,ARIANA,north,Sale,Commercial,2026-03-24T12:38:54.681180,new,,,25
533,century21_de6f012cd678,century21,,,,El Menzah,TUNIS,north,Sale,Commercial,2026-03-24T12:39:07.998372,new,,,25
284,century21_634063f0598a,century21,,,,El Menzah,ARIANA,north,Sale,Villa,2026-03-24T12:39:28.763397,new,,,25
547,century21_eca19f1958e3,century21,,,,Hammamet,NABEUL,north,Sale,Land,2026-03-24T12:39:46.323248,new,,,20
267,century21_5633c68db875,century21,,,,Ain Zaghouan,TUNIS,north,Sale,Apartment,2026-03-24T12:39:55.891131,new,,,25
364,century21_86942b73fbcf,century21,,,,Mnihla,ARIANA,north,Sale,Apartment,2026-03-24T12:40:16.391804,new,,,25
296,century21_6c697f88f16a,century21,,,,La Soukra,ARIANA,north,Sale,Apartment,2026-03-24T12:40:23.965724,new,,,25
118,century21_129a726b0a24,century21,,,,Les Berges Du Lac,TUNIS,north,Sale,Villa,2026-03-24T12:40:31.644277,new,,,25
472,century21_bf926b86995c,century21,,,,Mnihla,ARIANA,north,Sale,Land,2026-03-24T12:40:39.579724,new,,,25
402,century21_9bbc7470bfb3,century21,,,,Nabeul,NABEUL,north,Sale,Apartment,2026-03-24T12:40:45.821154,new,,,25
441,century21_b0eb189339f8,century21,,,,Nabeul,NABEUL,north,Sale,Villa,2026-03-24T12:40:53.422624,new,,,25
168,century21_283146c5e295,century21,,,,Les Berges Du Lac,TUNIS,north,Sale,Commercial,2026-03-24T12:41:00.879077,new,,,20
400,century21_9b5af356af02,century21,,,,Nabeul,NABEUL,north,Sale,Apartment,2026-03-24T12:41:19.923409,new,,,25
223,century21_446a679ce31f,century21,,,,Jardins D'El Menzah,ARIANA,north,Sale,Apartment,2026-03-24T12:41:38.380421,new,,,25
201,century21_3a705557f848,century21,,,,La Soukra,ARIANA,north,Sale,Commercial,2026-03-24T12:41:56.105802,new,,,20
491,century21_ce386f5348f2,century21,,,,El Menzah,TUNIS,north,Sale,Commercial,2026-03-24T12:42:02.926042,new,,,20
535,century21_e5b823de522f,century21,,,,La Marsa,TUNIS,north,Sale,Land,2026-03-24T12:42:12.422670,new,,,25
246,century21_4f7ed59b0d73,century21,,,,Gammarth,TUNIS,north,Sale,Land,2026-03-24T12:42:18.629971,new,,,25
305,century21_6ddd941d84b6,century21,,,,Jardins De Carthage,TUNIS,north,Sale,Apartment,2026-03-24T12:42:27.300675,new,,,25
351,century21_7f0a5399e2b4,century21,,,,Ain Zaghouan,TUNIS,north,Sale,Villa,2026-03-24T12:42:33.788175,new,,,30
396,century21_9d34722db65a,century21,,,,Jardins D'El Menzah,ARIANA,north,Sale,Villa,2026-03-24T12:42:40.161314,new,,,25
237,century21_4a4184c24202,century21,,,,Beni Khalled,NABEUL,north,Sale,Land,2026-03-24T12:42:57.869379,new,,,25
183,century21_31aae087b601,century21,,,,Bab Bhar,TUNIS,north,Sale,Commercial,2026-03-24T12:43:09.686904,new,,,25
468,century21_c6474a5a2456,century21,,,,Nabeul,NABEUL,north,Sale,Land,2026-03-24T12:43:39.205401,new,,,20
157,century21_241d85dc368f,century21,,,,La Soukra,ARIANA,north,Sale,Apartment,2026-03-24T12:43:46.800078,new,,,25
195,century21_3c6dd314328c,century21,,,,Ennasr,ARIANA,north,Sale,Apartment,2026-03-24T12:43:52.478850,new,,,25
153,century21_21453b0d564b,century21,,,,El Menzah,TUNIS,north,Sale,Apartment,2026-03-24T12:43:58.172283,new,,,25
249,century21_4ee525e2ee79,century21,,,,Nabeul,NABEUL,north,Sale,Villa,2026-03-24T12:44:05.527860,new,,,25
130,century21_162d10266d98,century21,,,,Hammamet,NABEUL,north,Sale,Land,2026-03-24T12:44:42.859141,new,,,25
404,century21_9d6f9eaf4122,century21,,,,Megrine,BEN AROUS,north,Sale,Villa,2026-03-24T12:45:01.376212,new,,,25
149,century21_2000,century21,,,,La Marsa,TUNIS,north,Sale,Land,2026-03-24T12:45:13.440504,new,,,20
365,century21_8b582faccb74,century21,,,,Nabeul,NABEUL,north,Sale,Apartment,2026-03-24T12:45:26.192253,new,,,25
503,century21_d02abd4d8288,century21,,,,Cite El Khadra,TUNIS,north,Sale,Apartment,2026-03-24T12:45:43.087529,new,,,25
564,century21_f70dffb8e157,century21,,,,La Soukra,ARIANA,north,Sale,Land,2026-03-24T12:46:07.272339,new,,,20
207,century21_3e30dfca147e,century21,,,,La Soukra,ARIANA,north,Sale,Land,2026-03-24T12:46:19.019487,new,,,20
356,century21_82d0cde74c9a,century21,,,,Jardins De Carthage,TUNIS,north,Sale,Apartment,2026-03-24T12:46:41.186498,new,,,25
445,century21_b6f8fced0fd5,century21,,,,Menzel Temime,NABEUL,north,Sale,Land,2026-03-24T12:46:48.022854,new,,,20
457,century21_bd89dbaf14b8,century21,,,,Jardins De Carthage,TUNIS,north,Sale,Villa,2026-03-24T12:47:01.827665,new,,,25
330,century21_787c22963e1a,century21,,,,La Soukra,ARIANA,north,Sale,Land,2026-03-24T12:47:08.421621,new,,,25
297,century21_68c028a02771,century21,,,,La Soukra,ARIANA,north,Sale,Villa,2026-03-24T12:47:16.634515,new,,,25
380,century21_92e6ed659740,century21,,,,Ariana Ville,ARIANA,north,Sale,Apartment,2026-03-24T12:47:23.873816,new,,,25
235,century21_4b21ebbe8ee4,century21,,,,Ain Zaghouan,TUNIS,north,Sale,Apartment,2026-03-24T12:47:51.330201,new,,,25
294,century21_66561502f479,century21,,,,Les Berges Du Lac,TUNIS,north,Sale,Villa,2026-03-24T12:48:04.483891,new,,,25
382,century21_904e83b8948a,century21,,,,Gammarth,TUNIS,north,Sale,Apartment,2026-03-24T12:48:12.130193,new,,,25
431,century21_ae400a4c8edd,century21,,,,Ain Zaghouan,TUNIS,north,Sale,Apartment,2026-03-24T12:48:19.822809,new,,,25
264,century21_53e37616a1dc,century21,,,,El Menzah,ARIANA,north,Sale,Land,2026-03-24T12:48:37.270224,new,,,25
278,century21_5b4b94141d15,century21,,,,El Menzah,TUNIS,north,Sale,Villa,2026-03-24T12:48:43.222526,new,,,25
299,century21_67d2a22be7ae,century21,,,,Cite El Khadra,TUNIS,north,Sale,Apartment,2026-03-24T12:49:02.110205,new,,,25
580,century21_fc7f9af2fe34,century21,,,,Les Berges Du Lac,TUNIS,north,Sale,Apartment,2026-03-24T12:49:28.091774,new,,,25
280,century21_5f6930bea10f,century21,,,,La Soukra,ARIANA,north,Sale,Land,2026-03-24T12:49:33.127933,new,,,25
549,century21_ec2eaed7327d,century21,,,,Nabeul,NABEUL,north,Sale,Villa,2026-03-24T12:49:38.334539,new,,,25
568,century21_f77de57bee4f,century21,,,,Gammarth,TUNIS,north,Sale,Villa,2026-03-24T12:49:45.495454,new,,,25
562,century21_f3163877fa3b,century21,,,,El Menzah,TUNIS,north,Sale,Land,2026-03-24T12:49:52.604564,new,,,20
215,century21_430a2b3e3d56,century21,,,,Jardins De Carthage,TUNIS,north,Sale,Apartment,2026-03-24T12:49:58.789616,new,,,25
390,century21_992cedccc482,century21,,,,La Soukra,ARIANA,north,Sale,Commercial,2026-03-24T12:50:06.754812,new,,,20
574,century21_fb379b24c81d,century21,,,,La Soukra,ARIANA,north,Sale,Apartment,2026-03-24T12:50:12.847146,new,,,25
466,century21_c7841bfe5cda,century21,,,,Ain Zaghouan,TUNIS,north,Sale,Villa,2026-03-24T12:50:21.613555,new,,,25
95,century21_08a2bf3ea23a,century21,,,,Gammarth,TUNIS,north,Sale,Villa,2026-03-24T12:50:58.215856,new,,,25
500,century21_d270a2e827e9,century21,,,,Ennasr,ARIANA,north,Sale,Land,2026-03-24T12:51:05.665161,new,,,20
542,century21_e5d010f4154f,century21,,,,Nabeul,NABEUL,north,Sale,Apartment,2026-03-24T12:51:12.572450,new,,,25
200,century21_39fc5f9a7f3d,century21,,,,La Soukra,ARIANA,north,Sale,Apartment,2026-03-24T12:51:56.658264,new,,,25
233,century21_4a3c491f25fd,century21,,,,Jardins De Carthage,TUNIS,north,Sale,Apartment,2026-03-24T12:52:03.563868,new,,,25
230,century21_4a1a3f49ab4f,century21,,,,Jardins De Carthage,TUNIS,north,Sale,Apartment,2026-03-24T12:52:10.262487,new,,,25
140,century21_198a658d9ee7,century21,,,,Jardins De Carthage,TUNIS,north,Sale,Apartment,2026-03-24T12:52:45.658389,new,,,25
331,century21_778bb258cbd3,century21,,,,Mannouba,MANNOUBA,,Sale,Villa,2026-03-24T12:52:56.121986,new,,,25
374,century21_8f341ed5e892,century21,,,,La Soukra,ARIANA,north,Sale,Land,2026-03-24T12:53:02.272957,new,,,25
489,century21_ce552746b95c,century21,,,,El Menzah,TUNIS,north,Sale,Villa,2026-03-24T12:53:07.606001,new,,,25
159,century21_261a83aea510,century21,,,,El Menzah,ARIANA,north,Sale,Land,2026-03-24T12:53:18.617986,new,,,20
529,century21_e32244c8782b,century21,,,,Jardins De Carthage,TUNIS,north,Sale,Commercial,2026-03-24T12:53:25.498533,new,,,25
199,century21_394dc6c6335c,century21,,,,Jardins De Carthage,TUNIS,north,Sale,Commercial,2026-03-24T12:53:32.544560,new,,,25
433,century21_ac31f05e19b3,century21,,,,El Menzah,TUNIS,north,Sale,Commercial,2026-03-24T12:53:49.807573,new,,,20
262,century21_50d25f4fe096,century21,,,,Jardins De Carthage,TUNIS,north,Sale,Commercial,2026-03-24T12:54:11.074189,new,,,25
158,century21_276c7ffa4642,century21,,,,Jardins De Carthage,TUNIS,north,Sale,Apartment,2026-03-24T12:54:16.798513,new,,,25
121,century21_12046e292fd8,century21,,,,Mannouba,MANNOUBA,,Sale,Apartment,2026-03-24T12:54:32.861821,new,,,25
222,century21_42bcdb78bfaf,century21,,,,Mannouba,MANNOUBA,,Sale,Apartment,2026-03-24T12:54:38.896786,new,,,25
405,century21_a31b48686fd2,century21,,,,El Menzah,ARIANA,north,Sale,Land,2026-03-24T12:54:56.173181,new,,,25
169,century21_2798f9b04a84,century21,,,,Aouina,TUNIS,north,Sale,Commercial,2026-03-24T12:55:02.163942,new,,,20
213,century21_3eb5b0e9318b,century21,,,,Cite El Khadra,TUNIS,north,Sale,Commercial,2026-03-24T12:55:38.573251,new,,,20
104,century21_0f4cd89ce29f,century21,,,,Jardins De Carthage,TUNIS,north,Sale,Apartment,2026-03-24T12:55:46.060195,new,,,25
435,century21_b09359734e9a,century21,,,,El Menzah,TUNIS,north,Sale,Apartment,2026-03-24T12:55:51.587819,new,,,25
293,century21_61962845b5e5,century21,,,,El Menzah,ARIANA,north,Sale,Apartment,2026-03-24T12:55:58.061428,new,,,20
98,century21_07cdcbbbc116,century21,,,,Jardins De Carthage,TUNIS,north,Sale,Apartment,2026-03-24T12:56:04.288465,new,,,25
572,century21_f755abe65a02,century21,,,,La Soukra,ARIANA,north,Sale,Villa,2026-03-24T12:56:11.030800,new,,,25
282,century21_5a375f842354,century21,,,,La Soukra,ARIANA,north,Sale,Villa,2026-03-24T12:56:20.071204,new,,,25
114,century21_10601fa24c71,century21,,,,Jardins De Carthage,TUNIS,north,Sale,Apartment,2026-03-24T12:56:25.965168,new,,,25
508,century21_d7af84ba82b0,century21,,,,Nabeul,NABEUL,north,Sale,Apartment,2026-03-24T12:56:41.143885,new,,,25
496,century21_d189a1535ad2,century21,,,,Les Berges Du Lac,TUNIS,north,Sale,Apartment,2026-03-24T12:56:47.050526,new,,,25
97,century21_08cc17d22f20,century21,,,,Jardins De Carthage,TUNIS,north,Sale,Villa,2026-03-24T12:56:53.162102,new,,,25
261,century21_50eca2e7224c,century21,,,,Nabeul,NABEUL,north,Sale,Apartment,2026-03-24T12:56:59.869197,new,,,25
370,century21_87de32be35fe,century21,,,,El Menzah,ARIANA,north,Sale,Apartment,2026-03-24T12:57:07.517734,new,,,25
513,century21_d7dd31824e1a,century21,,,,La Soukra,ARIANA,north,Sale,Land,2026-03-24T12:57:13.649252,new,,,25
436,century21_b193ec1b84d6,century21,,,,La Marsa,TUNIS,north,Sale,Villa,2026-03-24T12:57:19.427422,new,,,25
332,century21_796a61586351,century21,,,,La Soukra,ARIANA,north,Sale,Villa,2026-03-24T12:57:27.367486,new,,,25
355,century21_81bf62316cc6,century21,,,,Sidi Thabet,ARIANA,north,Sale,Land,2026-03-24T12:57:34.318529,new,,,25
393,century21_96acb2681314,century21,,,,Jardins De Carthage,TUNIS,north,Sale,Apartment,2026-03-24T12:57:55.186330,new,,,25
349,century21_7de5971479c9,century21,,,,Nabeul,NABEUL,north,Sale,Apartment,2026-03-24T12:58:00.399890,new,,,25
343,century21_7ae50c871d49,century21,,,,El Menzah,ARIANA,north,Sale,Land,2026-03-24T12:58:20.679196,new,,,20
252,century21_4d5476cf977d,century21,,,,La Soukra,ARIANA,north,Sale,Land,2026-03-24T12:58:27.498368,new,,,25
425,century21_ab82ea90c784,century21,,,,La Soukra,ARIANA,north,Sale,Villa,2026-03-24T12:58:32.572137,new,,,25
92,century21_037ddbc9a6b9,century21,,,,Aouina,TUNIS,north,Sale,Commercial,2026-03-24T12:58:56.240539,new,,,25
561,century21_f20c4c7342bc,century21,,,,La Soukra,ARIANA,north,Sale,Villa,2026-03-24T12:59:03.388744,new,,,25
401,century21_9a1bc93ebfc2,century21,,,,Ain Zaghouan,TUNIS,north,Sale,Apartment,2026-03-24T12:59:08.939397,new,,,25
214,century21_410a0b71600a,century21,,,,La Soukra,ARIANA,north,Sale,Apartment,2026-03-24T12:59:32.119147,new,,,25
464,century21_c0ecaf174a23,century21,,,,Ain Zaghouan,TUNIS,north,Sale,Apartment,2026-03-24T12:59:38.443786,new,,,25
506,century21_d6c48fc8e491,century21,,,,La Soukra,ARIANA,north,Sale,Apartment,2026-03-24T12:59:51.333835,new,,,25
394,century21_9c63963d046c,century21,,,,Nabeul,NABEUL,north,Sale,Apartment,2026-03-24T12:59:56.320804,new,,,25
551,century21_eeb35d57da96,century21,,,,La Soukra,ARIANA,north,Sale,Land,2026-03-24T13:00:20.105456,new,,,20
463,century21_bdc45546d4a9,century21,,,,Korba,NABEUL,north,Sale,Villa,2026-03-24T13:00:28.158882,new,,,20
90,century21_012583dc5e95,century21,,,,Hammamet,NABEUL,north,Sale,Apartment,2026-03-24T13:00:38.578968,new,,,25
285,century21_60e51c18fffa,century21,,,,El Menzah,TUNIS,north,Sale,Villa,2026-03-24T13:00:47.331640,new,,,20
101,century21_084a6d73e689,century21,,,,Jardins De Carthage,TUNIS,north,Sale,Apartment,2026-03-24T13:01:16.112051,new,,,25
253,century21_50636c9a39c7,century21,,,,Gammarth,TUNIS,north,Sale,Apartment,2026-03-24T13:01:22.167346,new,,,25
407,century21_a1a09a825273,century21,,,,Jardins De Carthage,TUNIS,north,Sale,Apartment,2026-03-24T13:01:29.041284,new,,,25
99,century21_07c08a212998,century21,,,,Aouina,TUNIS,north,Sale,Apartment,2026-03-24T13:01:35.137344,new,,,25
276,century21_59cde04c053e,century21,,,,Ain Zaghouan,TUNIS,north,Sale,Apartment,2026-03-24T13:01:46.811435,new,,,25
385,century21_95273a01f9ee,century21,,,,La Soukra,ARIANA,north,Sale,Land,2026-03-24T13:01:53.017891,new,,,25
192,century21_3452f4daaec0,century21,,,,Jardins De Carthage,TUNIS,north,Sale,Apartment,2026-03-24T13:01:59.963136,new,,,25
271,century21_565a48977ba5,century21,,,,La Soukra,ARIANA,north,Sale,Commercial,2026-03-24T13:02:06.064557,new,,,25
361,century21_8489febc2177,century21,,,,La Soukra,ARIANA,north,Sale,Land,2026-03-24T13:02:23.615026,new,,,25
156,century21_2769d491c77a,century21,,,,Mahras,SFAX,east,Sale,Land,2026-03-24T13:02:29.690142,new,,,20
507,century21_d635b16cce35,century21,,,,Ain Zaghouan,TUNIS,north,Sale,Apartment,2026-03-24T13:02:41.259873,new,,,25
413,century21_a009a6e3ead9,century21,,,,Nabeul,NABEUL,north,Sale,Apartment,2026-03-24T13:02:47.794181,new,,,25
112,century21_0918ae159c1c,century21,,,,Ennasr,ARIANA,north,Sale,Apartment,2026-03-24T13:02:55.469887,new,,,20
477,century21_ca5fa10c92e9,century21,,,,Jardins De Carthage,TUNIS,north,Sale,Apartment,2026-03-24T13:03:16.009805,new,,,25
210,century21_3d6c56be89e6,century21,,,,El Menzah,ARIANA,north,Sale,Land,2026-03-24T13:03:22.544989,new,,,20
499,century21_d49cb8372f83,century21,,,,La Soukra,ARIANA,north,Sale,Commercial,2026-03-24T13:03:28.066417,new,,,20
204,century21_3e63579bc109,century21,,,,La Soukra,ARIANA,north,Sale,Commercial,2026-03-24T13:03:42.742039,new,,,20
421,century21_a5b93b9d14bf,century21,,,,Ain Zaghouan,TUNIS,north,Sale,Apartment,2026-03-24T13:03:48.990864,new,,,25
428,century21_afb0b252cb12,century21,,,,La Soukra,ARIANA,north,Sale,Villa,2026-03-24T13:03:55.869547,new,,,25
173,century21_302c0dba16da,century21,,,,La Soukra,ARIANA,north,Sale,Apartment,2026-03-24T13:04:03.118671,new,,,25
85,century21_0342fde358d5,century21,,,,Jardins De Carthage,TUNIS,north,Sale,Apartment,2026-03-24T13:04:07.880900,new,,,25
147,century21_2230fbcaa37d,century21,,,,El Menzah,ARIANA,north,Sale,Villa,2026-03-24T13:04:12.857703,new,,,20
408,century21_a06a868f83c9,century21,,,,El Menzah,ARIANA,north,Sale,Apartment,2026-03-24T13:04:19.204827,new,,,25
239,century21_4a6df658f0a8,century21,,,,Le Bardo,TUNIS,north,Sale,Land,2026-03-24T13:04:27.661367,new,,,25
473,century21_c1433851a314,century21,,,,La Soukra,ARIANA,north,Sale,Apartment,2026-03-24T13:04:57.913815,new,,,25
290,century21_627a3854a9b4,century21,,,,El Menzah,TUNIS,north,Sale,Land,2026-03-24T13:05:05.821751,new,,,25
505,century21_d699f484a5b5,century21,,,,La Soukra,ARIANA,north,Sale,Apartment,2026-03-24T13:05:12.001376,new,,,25
202,century21_3839f8e04965,century21,,,,El Menzah,ARIANA,north,Sale,Land,2026-03-24T13:05:18.810651,new,,,25
556,century21_f50ed763a489,century21,,,,La Marsa,TUNIS,north,Sale,Commercial,2026-03-24T13:05:25.752690,new,,,25
582,century21_ffd642e8de7d,century21,,,,Gammarth,TUNIS,north,Sale,Villa,2026-03-24T13:05:36.682664,new,,,20
174,century21_32dce02693df,century21,,,,Jardins De Carthage,TUNIS,north,Sale,Apartment,2026-03-24T13:05:43.898595,new,,,25
346,century21_7f914016776d,century21,,,,Korba,NABEUL,north,Sale,Land,2026-03-24T13:05:51.027643,new,,,20
292,century21_616d0dc6d4f0,century21,,,,El Menzah,ARIANA,north,Sale,Land,2026-03-24T13:06:03.371902,new,,,25
558,century21_f26c77d6cb87,century21,,,,Gammarth,TUNIS,north,Sale,Villa,2026-03-24T13:06:20.498857,new,,,25
150,century21_21f11a52cd51,century21,,,,La Soukra,ARIANA,north,Sale,Land,2026-03-24T13:06:27.471627,new,,,25
273,century21_539749d7e32e,century21,,,,La Soukra,ARIANA,north,Sale,Apartment,2026-03-24T13:06:33.204117,new,,,25
509,century21_d66e9462eb06,century21,,,,Beni Khiar,NABEUL,north,Sale,Villa,2026-03-24T13:06:39.671386,new,,,25
437,century21_b37375d81cc4,century21,,,,El Menzah,ARIANA,north,Sale,Commercial,2026-03-24T13:07:02.310217,new,,,20
322,century21_75ab39b53f3f,century21,,,,La Soukra,ARIANA,north,Sale,Villa,2026-03-24T13:07:08.984694,new,,,25
134,century21_1aba80c46649,century21,,,,La Marsa,TUNIS,north,Sale,Other,2026-03-24T13:07:29.485723,new,,,25
419,century21_ab6cd2a478c7,century21,,,,El Menzah,ARIANA,north,Sale,Land,2026-03-24T13:07:45.874505,new,,,25
490,century21_cd93db8d518d,century21,,,,La Soukra,ARIANA,north,Sale,Apartment,2026-03-24T13:07:52.236512,new,,,25
197,century21_3c1ae4d49e2c,century21,,,,La Soukra,ARIANA,north,Sale,Villa,2026-03-24T13:07:58.233988,new,,,25
115,century21_110268,century21,,,,Bou Mhel El Bassatine,BEN AROUS,north,Sale,Land,2026-03-24T13:08:04.025656,new,,,20
362,century21_834d120ea15d,century21,,,,La Soukra,ARIANA,north,Sale,Land,2026-03-24T13:08:12.523632,new,,,20
205,century21_3cd545d39ca4,century21,,,,Menzel Temime,NABEUL,north,Sale,Land,2026-03-24T13:08:18.238664,new,,,20
326,century21_76f0d31fb910,century21,,,,Menzel Temime,NABEUL,north,Sale,Land,2026-03-24T13:08:26.486142,new,,,20
354,century21_82b6456a563a,century21,,,,Menzel Temime,NABEUL,north,Sale,Land,2026-03-24T13:08:31.771823,new,,,20
288,century21_6164bf018247,century21,,,,El Menzah,TUNIS,north,Sale,Villa,2026-03-24T13:08:38.358497,new,,,25
315,century21_74ad3c248c3a,century21,,,,Jardins De Carthage,TUNIS,north,Sale,Villa,2026-03-24T13:08:54.253594,new,,,25
376,century21_946f90390547,century21,,,,Nabeul,NABEUL,north,Sale,Commercial,2026-03-24T13:08:59.150180,new,,,25
128,century21_14e920c6f5c5,century21,,,,La Soukra,ARIANA,north,Sale,Apartment,2026-03-24T13:09:04.318139,new,,,25
341,century21_7cc3b9e29c06,century21,,,,La Soukra,ARIANA,north,Sale,Apartment,2026-03-24T13:09:09.895065,new,,,25
487,century21_cd12e7997d8f,century21,,,,Les Berges Du Lac,TUNIS,north,Sale,Apartment,2026-03-24T13:09:17.166691,new,,,20
242,century21_4b5c2188f9db,century21,,,,Jardins De Carthage,TUNIS,north,Sale,Commercial,2026-03-24T13:09:35.070012,new,,,25
306,century21_71418f16d6b7,century21,,,,Jardins De Carthage,TUNIS,north,Sale,Apartment,2026-03-24T13:09:41.094716,new,,,25
337,century21_7d00b3666184,century21,,,,Nabeul,NABEUL,north,Sale,Apartment,2026-03-24T13:09:47.365699,new,,,25
229,century21_4986433c866a,century21,,,,El Menzah,ARIANA,north,Rent,Commercial,2026-03-24T13:10:02.783917,new,,,20
442,century21_b3643df3f7b0,century21,,,,El Menzah,ARIANA,north,Rent,Commercial,2026-03-24T13:10:09.587758,new,,,25
422,century21_a9d04213f7a8,century21,,,,Gammarth,TUNIS,north,Rent,Villa,2026-03-24T13:10:15.460249,new,,,25
250,century21_4e520ff08ade,century21,,,,El Menzah,TUNIS,north,Rent,Apartment,2026-03-24T13:10:22.759345,new,,,25
155,century21_24051fa795f3,century21,,,,Ariana Ville,ARIANA,north,Rent,Commercial,2026-03-24T13:10:28.968200,new,,,20
537,century21_ea76f2296611,century21,,,,Bab Bhar,TUNIS,north,Rent,Commercial,2026-03-24T13:10:42.000966,new,,,25
107,century21_0d265a7d9772,century21,,,,La Marsa,TUNIS,north,Rent,Apartment,2026-03-24T13:10:49.045002,new,,,25
269,century21_55e26d9bdc16,century21,,,,Ain Zaghouan,TUNIS,north,Rent,Apartment,2026-03-24T13:10:55.029780,new,,,25
324,century21_78ae1edde1b1,century21,,,,El Menzah,TUNIS,north,Rent,Commercial,2026-03-24T13:11:00.719862,new,,,25
484,century21_ce6017c1d8e2,century21,,,,La Soukra,ARIANA,north,Rent,Villa,2026-03-24T13:11:14.960752,new,,,25
319,century21_715f4f05e1a8,century21,,,,Bab Bhar,TUNIS,north,Rent,Commercial,2026-03-24T13:11:21.375859,new,,,25
247,century21_4e557c74b52b,century21,,,,Charguia,TUNIS,north,Rent,Commercial,2026-03-24T13:11:31.030937,new,,,20
571,century21_f9b3765f720c,century21,,,,Jardins De Carthage,TUNIS,north,Rent,Apartment,2026-03-24T13:11:45.708341,new,,,25
190,century21_362465b3895d,century21,,,,Gammarth,TUNIS,north,Rent,Villa,2026-03-24T13:11:52.674391,new,,,25
176,century21_319b28be4741,century21,,,,El Kram,TUNIS,north,Rent,Apartment,2026-03-24T13:11:59.216897,new,,,25
575,century21_fb0f27a49c45,century21,,,,Jardins De Carthage,TUNIS,north,Rent,Commercial,2026-03-24T13:12:10.430631,new,,,25
139,century21_1756bf078e87,century21,,,,Les Berges Du Lac,TUNIS,north,Rent,Apartment,2026-03-24T13:12:17.625773,new,,,25
132,century21_140e079cf58f,century21,,,,Gammarth,TUNIS,north,Rent,Apartment,2026-03-24T13:12:28.900261,new,,,25
152,century21_214eb3deba0a,century21,,,,Ain Zaghouan,TUNIS,north,Rent,Commercial,2026-03-24T13:12:47.364640,new,,,20
184,century21_3659cd35b042,century21,,,,Les Berges Du Lac,TUNIS,north,Rent,Commercial,2026-03-24T13:12:55.208263,new,,,20
111,century21_0e6407551a27,century21,,,,Les Berges Du Lac,TUNIS,north,Rent,Apartment,2026-03-24T13:13:02.804324,new,,,25
125,century21_1530c85db09d,century21,,,,La Soukra,ARIANA,north,Rent,Commercial,2026-03-24T13:13:07.715600,new,,,25
105,century21_0e64ecba232c,century21,,,,La Soukra,ARIANA,north,Rent,Commercial,2026-03-24T13:13:14.552053,new,,,25
486,century21_cf3aeb00f20e,century21,,,,La Soukra,ARIANA,north,Rent,Apartment,2026-03-24T13:13:21.935111,new,,,25
291,century21_64c62b5c0537,century21,,,,Ain Zaghouan,TUNIS,north,Rent,Villa,2026-03-24T13:13:29.140238,new,,,20
476,century21_cb8c891a2bca,century21,,,,Nabeul,NABEUL,north,Rent,Villa,2026-03-24T13:13:37.192704,new,,,25
94,century21_063de3910602,century21,,,,Aouina,TUNIS,north,Rent,Commercial,2026-03-24T13:13:43.797387,new,,,20
304,century21_6e5906eef22c,century21,,,,Ennasr,ARIANA,north,Rent,Apartment,2026-03-24T13:13:59.403988,new,,,25
474,century21_c950a51fcde5,century21,,,,El Menzah,ARIANA,north,Rent,Commercial,2026-03-24T13:14:06.955325,new,,,20
181,century21_310f40b1eedd,century21,,,,Jardins De Carthage,TUNIS,north,Rent,Apartment,2026-03-24T13:14:13.478810,new,,,25
180,century21_32c6e6dff074,century21,,,,Jardins De Carthage,TUNIS,north,Rent,Apartment,2026-03-24T13:14:19.214841,new,,,25
481,century21_cb78373dde1f,century21,,,,Bab Bhar,TUNIS,north,Rent,Commercial,2026-03-24T13:14:26.417630,new,,,25
386,century21_954fd78ff3d7,century21,,,,Jardins De Carthage,TUNIS,north,Rent,Apartment,2026-03-24T13:14:32.675080,new,,,25
255,century21_5175b1d86474,century21,,,,Carthage,TUNIS,north,Rent,Land,2026-03-24T13:14:38.185426,new,,,25
467,century21_c028c312677e,century21,,,,Les Berges Du Lac,TUNIS,north,Rent,Commercial,2026-03-24T13:14:53.042246,new,,,25
236,century21_4c06b43c068a,century21,,,,Sidi El Bechir,TUNIS,north,Rent,Commercial,2026-03-24T13:14:59.359600,new,,,25
312,century21_6d514e90d630,century21,,,,El Menzah,TUNIS,north,Rent,Commercial,2026-03-24T13:15:20.989791,new,,,25
238,century21_4b5c78f2f511,century21,,,,Ariana Ville,ARIANA,north,Rent,Commercial,2026-03-24T13:15:30.679002,new,,,25
275,century21_5ce2cc2b2a07,century21,,,,Jardins De Carthage,TUNIS,north,Rent,Apartment,2026-03-24T13:15:36.620155,new,,,25
375,century21_8ca1d302691c,century21,,,,Les Berges Du Lac,TUNIS,north,Rent,Commercial,2026-03-24T13:15:42.445118,new,,,20
371,century21_8876bac772a4,century21,,,,Jardins De Carthage,TUNIS,north,Rent,Apartment,2026-03-24T13:15:48.772781,new,,,25
136,century21_18f970fcc192,century21,,,,Cite El Khadra,TUNIS,north,Rent,Commercial,2026-03-24T13:15:54.937923,new,,,25
196,century21_377e6962b7a4,century21,,,,La Marsa,TUNIS,north,Rent,Apartment,2026-03-24T13:16:01.340156,new,,,25
133,century21_160cca2e3501,century21,,,,Nabeul,NABEUL,north,Rent,Villa,2026-03-24T13:16:10.439817,new,,,20
454,century21_bac3293f441b,century21,,,,La Soukra,ARIANA,north,Rent,Apartment,2026-03-24T13:16:16.997279,new,,,25
321,century21_738a55465c2e,century21,,,,La Soukra,ARIANA,north,Rent,Villa,2026-03-24T13:16:32.916618,new,,,25
420,century21_a7e8f40ae690,century21,,,,Ain Zaghouan,TUNIS,north,Rent,Commercial,2026-03-24T13:16:40.556042,new,,,20
455,century21_bd8d4e1f9c91,century21,,,,Cite El Khadra,TUNIS,north,Rent,Apartment,2026-03-24T13:16:47.780253,new,,,25
151,century21_2150,century21,,,,Les Berges Du Lac,TUNIS,north,Rent,Commercial,2026-03-24T13:17:05.975003,new,,,25
161,century21_26627c5819bc,century21,,,,Les Berges Du Lac,TUNIS,north,Rent,Apartment,2026-03-24T13:17:12.917079,new,,,25
369,century21_87563288e275,century21,,,,Jardins De Carthage,TUNIS,north,Rent,Apartment,2026-03-24T13:17:18.459777,new,,,25
137,century21_196ff1aa5dc3,century21,,,,Les Berges Du Lac,TUNIS,north,Rent,Apartment,2026-03-24T13:17:24.644126,new,,,25
446,century21_b4960182fc3f,century21,,,,Bab Bhar,TUNIS,north,Rent,Commercial,2026-03-24T13:17:30.521774,new,,,25
251,century21_4c7b3f4d179d,century21,,,,Ain Zaghouan,TUNIS,north,Rent,Apartment,2026-03-24T13:17:47.690331,new,,,10
91,century21_03d226e37dbe,century21,,,,La Marsa,TUNIS,north,Rent,Apartment,2026-03-24T13:17:53.068396,new,,,25
345,century21_80abfd0d2296,century21,,,,Carthage,TUNIS,north,Rent,Commercial,2026-03-24T13:18:05.244196,new,,,25
193,century21_353f1ebac7e7,century21,,,,El Menzah,TUNIS,north,Rent,Apartment,2026-03-24T13:18:16.046284,new,,,25
160,century21_2294f82184d4,century21,,,,La Marsa,TUNIS,north,Rent,Apartment,2026-03-24T13:18:22.851717,new,,,25
552,century21_ee14e1d53036,century21,,,,El Kram,TUNIS,north,Rent,Commercial,2026-03-24T13:18:35.657875,new,,,25
426,century21_ae1bc8fb8a13,century21,,,,Jardins De Carthage,TUNIS,north,Rent,Apartment,2026-03-24T13:18:43.784385,new,,,25
448,century21_b9e77cf616bb,century21,,,,El Menzah,ARIANA,north,Rent,Commercial,2026-03-24T13:18:50.524720,new,,,25
531,century21_e31d794eae2c,century21,,,,Jardins De Carthage,TUNIS,north,Rent,Apartment,2026-03-24T13:18:57.532060,new,,,25
406,century21_a07191c60838,century21,,,,El Menzah,ARIANA,north,Rent,Apartment,2026-03-24T13:19:16.482872,new,,,20
502,century21_d17f97134ee2,century21,,,,La Soukra,ARIANA,north,Rent,Apartment,2026-03-24T13:19:22.603552,new,,,25
555,century21_f0b56f9b6e22,century21,,,,Ain Zaghouan,TUNIS,north,Rent,Apartment,2026-03-24T13:19:30.107386,new,,,25
185,century21_361caf169058,century21,,,,El Menzah,TUNIS,north,Rent,Apartment,2026-03-24T13:19:36.349176,new,,,25
241,century21_4b4643733019,century21,,,,La Soukra,ARIANA,north,Rent,Apartment,2026-03-24T13:19:48.466143,new,,,25
208,century21_3dd3d5649a08,century21,,,,Nabeul,NABEUL,north,Rent,Commercial,2026-03-24T13:19:54.989904,new,,,20
550,century21_ef697770a6d0,century21,,,,Nabeul,NABEUL,north,Rent,Commercial,2026-03-24T13:20:00.324881,new,,,20
257,century21_508fb5edc35b,century21,,,,La Soukra,ARIANA,north,Rent,Villa,2026-03-24T13:20:05.532715,new,,,10
439,century21_b45fd5a9d3f4,century21,,,,Jardins De Carthage,TUNIS,north,Rent,Apartment,2026-03-24T13:20:11.759634,new,,,25
347,century21_817792fa4c7e,century21,,,,Cité Mahrajène,TUNIS,north,Rent,Villa,2026-03-24T13:20:24.997926,new,,,25
544,century21_eefb363b8221,century21,,,,La Soukra,ARIANA,north,Rent,Apartment,2026-03-24T13:20:36.251696,new,,,25
363,century21_86396b55ebe2,century21,,,,El Menzah,TUNIS,north,Rent,Commercial,2026-03-24T13:20:42.706834,new,,,25
512,century21_d7b2cb858f73,century21,,,,Cité Mahrajène,TUNIS,north,Rent,Commercial,2026-03-24T13:20:48.635019,new,,,25
581,century21_fda2ab4a7a15,century21,,,,Ain Zaghouan,TUNIS,north,Rent,Apartment,2026-03-24T13:20:57.531366,new,,,25
494,century21_d25c29886d12,century21,,,,Cite El Khadra,TUNIS,north,Rent,Commercial,2026-03-24T13:21:02.348308,new,,,25
244,century21_501b93b327b8,century21,,,,Cite El Khadra,TUNIS,north,Rent,Apartment,2026-03-24T13:21:15.071427,new,,,25
570,century21_f89731b27d03,century21,,,,Bab Bhar,TUNIS,north,Rent,Commercial,2026-03-24T13:21:21.932048,new,,,25
381,century21_94da036c3ec1,century21,,,,La Marsa,TUNIS,north,Rent,Villa,2026-03-24T13:21:27.859026,new,,,20
206,century21_3f9be412ebe8,century21,,,,Bab Bhar,TUNIS,north,Rent,Commercial,2026-03-24T13:21:43.173454,new,,,25
287,century21_605a11c9849c,century21,,,,El Menzah,TUNIS,north,Rent,Apartment,2026-03-24T13:21:49.668338,new,,,20
96,century21_06bd1bf41367,century21,,,,Les Berges Du Lac,TUNIS,north,Rent,Commercial,2026-03-24T13:21:57.546922,new,,,25
227,century21_462ff2b648c9,century21,,,,Les Berges Du Lac,TUNIS,north,Rent,Villa,2026-03-24T13:22:04.448460,new,,,25
117,century21_11d02ac0f672,century21,,,,La Marsa,TUNIS,north,Rent,Commercial,2026-03-24T13:22:11.035670,new,,,20
372,century21_863cb3c3f707,century21,,,,Ain Zaghouan,TUNIS,north,Rent,Commercial,2026-03-24T13:22:18.399906,new,,,20
317,century21_757cc4888649,century21,,,,Les Berges Du Lac,TUNIS,north,Rent,Commercial,2026-03-24T13:22:24.828050,new,,,25
391,century21_963d778f6aac,century21,,,,Cite El Khadra,TUNIS,north,Rent,Commercial,2026-03-24T13:22:31.538827,new,,,25
318,century21_754ff3689da4,century21,,,,La Marsa,TUNIS,north,Rent,Apartment,2026-03-24T13:22:37.979459,new,,,25
265,century21_58c425a613bd,century21,,,,La Marsa,TUNIS,north,Rent,Apartment,2026-03-24T13:22:53.989516,new,,,25
123,century21_121d339799e8,century21,,,,La Marsa,TUNIS,north,Rent,Commercial,2026-03-24T13:23:01.824149,new,,,25
113,century21_0dd2bb14d722,century21,,,,Jardins De Carthage,TUNIS,north,Rent,Apartment,2026-03-24T13:23:07.450058,new,,,25
333,century21_7935bd52e199,century21,,,,La Soukra,ARIANA,north,Rent,Commercial,2026-03-24T13:23:13.997449,new,,,20
456,century21_ba2192d89882,century21,,,,Charguia,TUNIS,north,Rent,Commercial,2026-03-24T13:23:19.501634,new,,,25
300,century21_6c682d1ed2b3,century21,,,,La Marsa,TUNIS,north,Rent,Commercial,2026-03-24T13:23:32.467229,new,,,20
495,century21_d3ff95e77da6,century21,,,,Bab Bhar,TUNIS,north,Rent,Commercial,2026-03-24T13:23:38.449003,new,,,25
527,century21_e42d589dc7a6,century21,,,,Jardins De Carthage,TUNIS,north,Rent,Apartment,2026-03-24T13:23:51.799137,new,,,25
432,century21_ae954f4eb4cc,century21,,,,Jardins De Carthage,TUNIS,north,Rent,Apartment,2026-03-24T13:23:56.839423,new,,,25
340,century21_7d9fd3df44af,century21,,,,Cite El Khadra,TUNIS,north,Rent,Commercial,2026-03-24T13:24:12.947471,new,,,25
308,century21_7147c15d2ec4,century21,,,,El Menzah,ARIANA,north,Rent,Apartment,2026-03-24T13:24:19.336551,new,,,20
471,century21_c1e96ebf30af,century21,,,,Ain Zaghouan,TUNIS,north,Rent,Apartment,2026-03-24T13:24:26.444669,new,,,25
127,century21_14bad5d9b3c1,century21,,,,La Soukra,ARIANA,north,Rent,Apartment,2026-03-24T13:24:32.998558,new,,,25
469,century21_c440acfc52c4,century21,,,,Ain Zaghouan,TUNIS,north,Rent,Villa,2026-03-24T13:24:39.688064,new,,,20
427,century21_addf8c287b09,century21,,,,La Marsa,TUNIS,north,Rent,Apartment,2026-03-24T13:24:44.566158,new,,,25
492,century21_cca8c541d68c,century21,,,,La Marsa,TUNIS,north,Rent,Villa,2026-03-24T13:24:52.945439,new,,,25
523,century21_dacec5400299,century21,,,,Ennasr,ARIANA,north,Rent,Commercial,2026-03-24T13:24:58.829746,new,,,25
532,century21_e285bce4335a,century21,,,,Jardins De Carthage,TUNIS,north,Rent,Other,2026-03-24T13:25:04.757166,new,,,25
416,century21_a52669764594,century21,,,,Ariana Ville,ARIANA,north,Rent,Commercial,2026-03-24T13:25:19.297969,new,,,20
398,century21_99958910d407,century21,,,,La Marsa,TUNIS,north,Rent,Apartment,2026-03-24T13:25:26.841698,new,,,25
141,century21_1c856cc1789a,century21,,,,La Soukra,ARIANA,north,Rent,Commercial,2026-03-24T13:25:36.334653,new,,,25
569,century21_f57f4f3d961a,century21,,,,La Marsa,TUNIS,north,Rent,Villa,2026-03-24T13:25:48.597036,new,,,20
480,century21_c8192a5084e2,century21,,,,Nabeul,NABEUL,north,Rent,Commercial,2026-03-24T13:25:53.556579,new,,,25
424,century21_ad5a47137725,century21,,,,La Soukra,ARIANA,north,Rent,Apartment,2026-03-24T13:26:01.123251,new,,,25
451,century21_b6babd94baa1,century21,,,,Cite El Khadra,TUNIS,north,Rent,Commercial,2026-03-24T13:26:05.872150,new,,,25
358,century21_85675cfd030e,century21,,,,La Marsa,TUNIS,north,Rent,Villa,2026-03-24T13:26:12.661552,new,,,25
541,century21_e733e70b6acc,century21,,,,Ain Zaghouan,TUNIS,north,Rent,Apartment,2026-03-24T13:26:19.020377,new,,,25
84,century21_00449ec77402,century21,,,,Cite El Khadra,TUNIS,north,Rent,Commercial,2026-03-24T13:26:32.708055,new,,,25
423,century21_a8b0eb51e79f,century21,,,,Bab Bhar,TUNIS,north,Rent,Commercial,2026-03-24T13:26:39.019455,new,,,25
399,century21_9b8b71718aec,century21,,,,Hammamet,NABEUL,north,Rent,Villa,2026-03-24T13:26:46.114657,new,,,25
493,century21_ce80a2267e67,century21,,,,La Soukra,ARIANA,north,Rent,Land,2026-03-24T13:27:01.159560,new,,,25
357,century21_83af5afe2ea1,century21,,,,Jardins De Carthage,TUNIS,north,Rent,Apartment,2026-03-24T13:27:06.561019,new,,,25
395,century21_9bd71bf6fbb7,century21,,,,Bab Bhar,TUNIS,north,Rent,Commercial,2026-03-24T13:27:12.673415,new,,,25
281,century21_5b6afc354884,century21,,,,La Marsa,TUNIS,north,Rent,Apartment,2026-03-24T13:27:20.780137,new,,,25
488,century21_cfda44cb008d,century21,,,,La Soukra,ARIANA,north,Rent,Apartment,2026-03-24T13:27:33.793630,new,,,10
178,century21_3114d82eed86,century21,,,,Jardins De Carthage,TUNIS,north,Rent,Apartment,2026-03-24T13:27:38.762014,new,,,25
573,century21_f592300fa491,century21,,,,La Marsa,TUNIS,north,Rent,Apartment,2026-03-24T13:27:51.937371,new,,,25
459,century21_be5ecde39864,century21,,,,La Marsa,TUNIS,north,Rent,Apartment,2026-03-24T13:27:57.448828,new,,,25
447,century21_b92f0a6641b9,century21,,,,La Soukra,ARIANA,north,Rent,Commercial,2026-03-24T13:28:04.192312,new,,,20
143,century21_191f35598ac0,century21,,,,Cite El Khadra,TUNIS,north,Rent,Commercial,2026-03-24T13:28:10.944850,new,,,25
359,century21_8631fc65b90e,century21,,,,El Menzah,ARIANA,north,Rent,Apartment,2026-03-24T13:28:16.740478,new,,,25
272,century21_55f3b1f1fcf3,century21,,,,Jardins De Carthage,TUNIS,north,Rent,Commercial,2026-03-24T13:28:23.864375,new,,,25
258,century21_51be6fa113ce,century21,,,,Les Berges Du Lac,TUNIS,north,Rent,Apartment,2026-03-24T13:28:28.974740,new,,,25
536,century21_e4ad7c239f0a,century21,,,,Jardins De Carthage,TUNIS,north,Rent,Commercial,2026-03-24T13:28:35.760115,new,,,25
360,century21_839d3b3c6d14,century21,,,,La Marsa,TUNIS,north,Rent,Commercial,2026-03-24T13:28:42.791793,new,,,25
198,century21_39b0e3338d5c,century21,,,,Bab Bhar,TUNIS,north,Rent,Commercial,2026-03-24T13:28:58.986248,new,,,25
329,century21_797d3289a1bd,century21,,,,Bab Bhar,TUNIS,north,Rent,Commercial,2026-03-24T13:29:05.186822,new,,,20
119,century21_1194dd37f071,century21,,,,La Marsa,TUNIS,north,Rent,Villa,2026-03-24T13:29:12.459777,new,,,25
320,century21_76c858e7fd9f,century21,,,,Cite El Khadra,TUNIS,north,Rent,Commercial,2026-03-24T13:29:19.338517,new,,,25
162,century21_25e2d5914853,century21,,,,El Menzah,ARIANA,north,Rent,Villa,2026-03-24T13:29:25.456943,new,,,25
388,century21_958abcf541a6,century21,,,,Jardins De Carthage,TUNIS,north,Rent,Apartment,2026-03-24T13:29:30.678525,new,,,25
270,century21_5636634e4b21,century21,,,,Les Berges Du Lac,TUNIS,north,Rent,Commercial,2026-03-24T13:29:37.290002,new,,,25
546,century21_ee6fba88ebb9,century21,,,,Bab Bhar,TUNIS,north,Rent,Commercial,2026-03-24T13:29:44.105739,new,,,25
109,century21_0e7abc0bd304,century21,,,,Jardins De Carthage,TUNIS,north,Rent,Apartment,2026-03-24T13:29:51.579043,new,,,25
373,century21_8717e34abd61,century21,,,,Jardins De Carthage,TUNIS,north,Rent,Villa,2026-03-24T13:30:05.780490,new,,,25
102,century21_04dfaa09ef8f,century21,,,,Ennasr,ARIANA,north,Rent,Apartment,2026-03-24T13:30:13.112814,new,,,25
108,century21_0f8abe645aaa,century21,,,,La Marsa,TUNIS,north,Rent,Apartment,2026-03-24T13:30:19.237243,new,,,25
314,century21_72da86bac748,century21,,,,Cite El Khadra,TUNIS,north,Rent,Commercial,2026-03-24T13:30:29.012753,new,,,25
461,century21_bb1421336558,century21,,,,Jardins De Carthage,TUNIS,north,Rent,Apartment,2026-03-24T13:30:39.636313,new,,,25
342,century21_7cbe93a685ef,century21,,,,Jardins De Carthage,TUNIS,north,Rent,Villa,2026-03-24T13:30:44.190753,new,,,25
335,century21_7c7f2091cc8a,century21,,,,Gammarth,TUNIS,north,Rent,Villa,2026-03-24T13:30:56.909564,new,,,25
266,century21_550ea00e206f,century21,,,,Les Berges Du Lac,TUNIS,north,Rent,Apartment,2026-03-24T13:31:03.615643,new,,,25
179,century21_32e1a28a66b5,century21,,,,Jardins De Carthage,TUNIS,north,Rent,Apartment,2026-03-24T13:31:19.540210,new,,,25
384,century21_99717a3e0ca6,century21,,,,Les Berges Du Lac,TUNIS,north,Rent,Commercial,2026-03-24T13:31:25.047619,new,,,25
259,century21_5076adb84682,century21,,,,La Marsa,TUNIS,north,Rent,Apartment,2026-03-24T13:31:30.663756,new,,,25
444,century21_b9546f8655f7,century21,,,,Aouina,TUNIS,north,Rent,Apartment,2026-03-24T13:31:36.070454,new,,,25
283,century21_592c386e050b,century21,,,,Aouina,TUNIS,north,Rent,Apartment,2026-03-24T13:31:42.932197,new,,,25
146,century21_215c9ba276f7,century21,,,,La Soukra,ARIANA,north,Rent,Apartment,2026-03-24T13:31:48.019039,new,,,25
438,century21_b36d9194b10a,century21,,,,Les Berges Du Lac,TUNIS,north,Rent,Apartment,2026-03-24T13:32:07.348176,new,,,25
443,century21_b03de67292c5,century21,,,,Bab Bhar,TUNIS,north,Rent,Commercial,2026-03-24T13:32:14.907501,new,,,25
163,century21_224386c48ec5,century21,,,,Gammarth,TUNIS,north,Rent,Land,2026-03-24T13:32:21.149680,new,,,25
553,century21_efcf24789982,century21,,,,Les Berges Du Lac,TUNIS,north,Rent,Land,2026-03-24T13:32:35.979678,new,,,25
131,century21_16b7287988e9,century21,,,,La Soukra,ARIANA,north,Rent,Apartment,2026-03-24T13:32:41.881208,new,,,25
86,century21_02e0b379ff2b,century21,,,,Jardins De Carthage,TUNIS,north,Rent,Commercial,2026-03-24T13:32:46.837496,new,,,25
452,century21_b71bfd12715b,century21,,,,Ain Zaghouan,TUNIS,north,Rent,Apartment,2026-03-24T13:32:51.680587,new,,,25
124,century21_12aa21ee2ba3,century21,,,,El Menzah,ARIANA,north,Rent,Apartment,2026-03-24T13:32:57.325627,new,,,25
560,century21_f1b93aa37f70,century21,,,,El Menzah,ARIANA,north,Rent,Villa,2026-03-24T13:33:02.565847,new,,,25
525,century21_e33875de7021,century21,,,,El Menzah,ARIANA,north,Rent,Commercial,2026-03-24T13:33:09.513478,new,,,25
430,century21_af1b7b12d9fc,century21,,,,El Menzah,TUNIS,north,Rent,Commercial,2026-03-24T13:33:16.765192,new,,,20
367,century21_8a90b246d2de,century21,,,,Nabeul,NABEUL,north,Rent,Villa,2026-03-24T13:33:21.937306,new,,,25
142,century21_1b6b14760a20,century21,,,,Gammarth,TUNIS,north,Rent,Land,2026-03-24T13:33:34.566043,new,,,25
348,century21_8031726f1280,century21,,,,El Menzah,TUNIS,north,Rent,Commercial,2026-03-24T13:33:40.390909,new,,,20
88,century21_02d29ba7dc54,century21,,,,La Marsa,TUNIS,north,Rent,Commercial,2026-03-24T13:33:48.348408,new,,,20
519,century21_d85f9e931995,century21,,,,El Menzah,TUNIS,north,Rent,Commercial,2026-03-24T13:33:54.548591,new,,,20
212,century21_3eeb298bd730,century21,,,,El Menzah,TUNIS,north,Rent,Commercial,2026-03-24T13:34:00.823077,new,,,20
228,century21_470ba187fcfe,century21,,,,Les Berges Du Lac,TUNIS,north,Rent,Apartment,2026-03-24T13:34:06.844448,new,,,25
245,century21_4cba290f2698,century21,,,,El Menzah,TUNIS,north,Rent,Villa,2026-03-24T13:34:14.447448,new,,,25
538,century21_e7e617b55788,century21,,,,Ain Zaghouan,TUNIS,north,Rent,Apartment,2026-03-24T13:34:21.190142,new,,,20
316,century21_755a4e572bd1,century21,,,,Gammarth,TUNIS,north,Rent,Villa,2026-03-24T13:34:28.398914,new,,,25
167,century21_2b58507c48ad,century21,,,,La Marsa,TUNIS,north,Rent,Apartment,2026-03-24T13:34:43.687277,new,,,25
528,century21_de98fd3409e0,century21,,,,Les Berges Du Lac,TUNIS,north,Rent,Commercial,2026-03-24T13:34:48.943757,new,,,25
338,century21_7cd1268382a3,century21,,,,Les Berges Du Lac,TUNIS,north,Rent,Commercial,2026-03-24T13:34:56.253558,new,,,25
189,century21_356e73a2bfcf,century21,,,,El Kram,TUNIS,north,Rent,Commercial,2026-03-24T13:35:02.160753,new,,,25
485,century21_ce3abdba551e,century21,,,,Jardins De Carthage,TUNIS,north,Rent,Apartment,2026-03-24T13:35:17.472365,new,,,25
516,century21_d9d470de6c57,century21,,,,El Menzah,ARIANA,north,Rent,Commercial,2026-03-24T13:35:25.636785,new,,,25
126,century21_1474ca3bef5d,century21,,,,Jardins De Carthage,TUNIS,north,Rent,Apartment,2026-03-24T13:35:31.391386,new,,,25
154,century21_2307025f158c,century21,,,,Ain Zaghouan,TUNIS,north,Rent,Apartment,2026-03-24T13:35:36.773303,new,,,25
563,century21_f2f9f55ada5f,century21,,,,La Soukra,ARIANA,north,Rent,Apartment,2026-03-24T13:35:42.473985,new,,,25
557,century21_f43cdccfad46,century21,,,,La Marsa,TUNIS,north,Rent,Apartment,2026-03-24T13:35:57.001974,new,,,25
336,century21_7a688ba5a493,century21,,,,La Marsa,TUNIS,north,Rent,Villa,2026-03-24T13:36:02.224900,new,,,25
521,century21_d9ea7c81a744,century21,,,,Les Berges Du Lac,TUNIS,north,Rent,Commercial,2026-03-24T13:36:08.427251,new,,,25
172,century21_2d4b5571ad61,century21,,,,Jardins De Carthage,TUNIS,north,Rent,Commercial,2026-03-24T13:36:14.233261,new,,,25
434,century21_b15db367220b,century21,,,,Jardins De Carthage,TUNIS,north,Rent,Apartment,2026-03-24T13:36:20.336922,new,,,25
518,century21_d8c647b5d0ad,century21,,,,Les Berges Du Lac,TUNIS,north,Rent,Commercial,2026-03-24T13:36:25.241184,new,,,25
145,century21_2156c0f75904,century21,,,,El Menzah,ARIANA,north,Rent,Commercial,2026-03-24T13:36:36.086604,new,,,25
103,century21_077f2decb003,century21,,,,La Marsa,TUNIS,north,Rent,Apartment,2026-03-24T13:36:44.502535,new,,,25
497,century21_d27879a5b5fd,century21,,,,El Kram,TUNIS,north,Rent,Commercial,2026-03-24T13:36:51.486042,new,,,25
498,century21_d0f8c36f15ec,century21,,,,Les Berges Du Lac,TUNIS,north,Rent,Commercial,2026-03-24T13:37:20.628456,new,,,20
187,century21_3572353f854b,century21,,,,El Menzah,TUNIS,north,Rent,Apartment,2026-03-24T13:37:25.882329,new,,,20
302,century21_6b303403443a,century21,,,,Les Berges Du Lac,TUNIS,north,Rent,Apartment,2026-03-24T13:37:32.320611,new,,,25
309,century21_7142a9e06b2b,century21,,,,Jardins De Carthage,TUNIS,north,Rent,Commercial,2026-03-24T13:37:39.849561,new,,,25
460,century21_bc69bf86fbce,century21,,,,La Marsa,TUNIS,north,Rent,Commercial,2026-03-24T13:37:44.442537,new,,,25
377,century21_91da7da468e0,century21,,,,Les Berges Du Lac,TUNIS,north,Rent,Commercial,2026-03-24T13:37:51.247124,new,,,25
483,century21_c9eb00e242d1,century21,,,,El Menzah,TUNIS,north,Rent,Other,2026-03-24T13:37:57.667484,new,,,25
415,century21_a980f894b5a4,century21,,,,La Marsa,TUNIS,north,Rent,Apartment,2026-03-24T13:38:05.426618,new,,,25
366,century21_89b010eb2368,century21,,,,Sousse Ville,SOUSSE,east,Rent,Commercial,2026-03-24T13:38:12.907854,new,,,25
511,century21_d6fe38968a3a,century21,,,,Ariana Ville,ARIANA,north,Rent,Commercial,2026-03-24T13:39:04.469685,new,,,25
578,century21_fa2f398d3d4a,century21,,,,Ariana Ville,ARIANA,north,Rent,Commercial,2026-03-24T13:39:13.903433,new,,,25
576,century21_ff6dfb5d20ac,century21,,,,Ariana Ville,ARIANA,north,Rent,Commercial,2026-03-24T13:39:19.279600,new,,,25
286,century21_6265d73de2d9,century21,,,,El Menzah,TUNIS,north,Rent,Commercial,2026-03-24T13:39:24.772095,new,,,25
310,century21_6f8a0f16ae24,century21,,,,El Menzah,TUNIS,north,Rent,Commercial,2026-03-24T13:39:32.000003,new,,,25
186,century21_347f54f1f121,century21,,,,Ain Zaghouan,TUNIS,north,Rent,Apartment,2026-03-24T13:39:38.026227,new,,,25
414,century21_a4fafc08c751,century21,,,,Hammam Sousse,SOUSSE,east,Rent,Apartment,2026-03-24T13:39:43.600918,new,,,25
397,century21_9af68797b295,century21,,,,El Menzah,TUNIS,north,Rent,Commercial,2026-03-24T13:39:54.930761,new,,,25
524,century21_e06d150dc5b6,century21,,,,La Marsa,TUNIS,north,Rent,Apartment,2026-03-24T13:40:01.421791,new,,,25
279,century21_58d5e550d7ab,century21,,,,La Marsa,TUNIS,north,Rent,Apartment,2026-03-24T13:40:17.441528,new,,,25
106,century21_0ad72d4b28d6,century21,,,,La Marsa,TUNIS,north,Rent,Villa,2026-03-24T13:40:23.458065,new,,,25
120,century21_11cb0fbf6950,century21,,,,Bab Bhar,TUNIS,north,Rent,Commercial,2026-03-24T13:40:29.909640,new,,,25
194,century21_3c8ed2535105,century21,,,,Les Berges Du Lac,TUNIS,north,Rent,Commercial,2026-03-24T13:40:35.238553,new,,,25
298,century21_692ec1ce27af,century21,,,,Aouina,TUNIS,north,Rent,Commercial,2026-03-24T13:40:41.649683,new,,,25
530,century21_e04ebbd76d06,century21,,,,La Marsa,TUNIS,north,Rent,Commercial,2026-03-24T13:40:48.158193,new,,,20
522,century21_da37c81b476d,century21,,,,Gammarth,TUNIS,north,Rent,Villa,2026-03-24T13:40:55.282611,new,,,25
403,century21_99beb569ad38,century21,,,,Jardins De Carthage,TUNIS,north,Rent,Apartment,2026-03-24T13:41:00.671092,new,,,25
289,century21_640f193bf6cb,century21,,,,La Marsa,TUNIS,north,Rent,Villa,2026-03-24T13:41:05.800435,new,,,25
579,century21_fad542b26bd9,century21,,,,Les Berges Du Lac,TUNIS,north,Rent,Apartment,2026-03-24T13:41:37.716749,new,,,25
352,century21_7f9b6500d0f0,century21,,,,El Menzah,ARIANA,north,Rent,Commercial,2026-03-24T13:41:44.053389,new,,,25
135,century21_1ad355021e8b,century21,,,,Charguia,TUNIS,north,Rent,Commercial,2026-03-24T13:41:50.448116,new,,,25
539,century21_e5ce5177865c,century21,,,,Charguia,TUNIS,north,Rent,Commercial,2026-03-24T13:41:56.447220,new,,,25
389,century21_972f52ed789f,century21,,,,El Menzah,ARIANA,north,Rent,Commercial,2026-03-24T13:42:10.322450,new,,,20
368,century21_8aa08f52aae1,century21,,,,El Menzah,ARIANA,north,Rent,Commercial,2026-03-24T13:42:16.048127,new,,,25
543,century21_e54a56853009,century21,,,,Les Berges Du Lac,TUNIS,north,Rent,Apartment,2026-03-24T13:42:21.578072,new,,,25
353,century21_815677f09b1d,century21,,,,La Marsa,TUNIS,north,Rent,Apartment,2026-03-24T13:42:30.037648,new,,,25
412,century21_a374c68a9bde,century21,,,,Les Berges Du Lac,TUNIS,north,Rent,Apartment,2026-03-24T13:42:36.039800,new,,,25
188,century21_366a8e518bcc,century21,,,,Les Berges Du Lac,TUNIS,north,Rent,Villa,2026-03-24T13:42:55.312915,new,,,25
478,century21_c84363db80db,century21,,,,Les Berges Du Lac,TUNIS,north,Rent,Commercial,2026-03-24T13:43:01.816642,new,,,25
501,century21_d0e37f7227e3,century21,,,,Carthage,TUNIS,north,Rent,Villa,2026-03-24T13:43:08.445972,new,,,25
256,century21_50ffd55154a0,century21,,,,La Soukra,ARIANA,north,Rent,Commercial,2026-03-24T13:43:19.317457,new,,,25
383,century21_8b99df5e2408,century21,,,,La Marsa,TUNIS,north,Rent,Villa,2026-03-24T13:43:27.804467,new,,,25
274,century21_5f9bfd649618,century21,,,,La Soukra,ARIANA,north,Rent,Commercial,2026-03-24T13:43:33.234372,new,,,25
566,century21_f6410663afd1,century21,,,,La Marsa,TUNIS,north,Rent,Villa,2026-03-24T13:43:39.069744,new,,,25
209,century21_4000,century21,,,,Les Berges Du Lac,TUNIS,north,Rent,Commercial,2026-03-24T13:43:45.720069,new,,,25
248,century21_4c5e7fbb0f02,century21,,,,Les Berges Du Lac,TUNIS,north,Rent,Commercial,2026-03-24T13:43:53.145989,new,,,25
170,century21_2843b00e4c7d,century21,,,,Les Berges Du Lac,TUNIS,north,Rent,Commercial,2026-03-24T13:44:09.333381,new,,,25
144,century21_21015be21ea9,century21,,,,Les Berges Du Lac,TUNIS,north,Rent,Commercial,2026-03-24T13:44:15.904570,new,,,25
268,century21_54aaa0e8825a,century21,,,,Les Berges Du Lac,TUNIS,north,Rent,Commercial,2026-03-24T13:44:22.497215,new,,,25
263,century21_50f64f9a56ed,century21,,,,Les Berges Du Lac,TUNIS,north,Rent,Commercial,2026-03-24T13:44:28.452909,new,,,25
89,century21_031b69100d7d,century21,,,,Les Berges Du Lac,TUNIS,north,Rent,Commercial,2026-03-24T13:44:35.673826,new,,,25
221,century21_4469dfee02b5,century21,,,,Les Berges Du Lac,TUNIS,north,Rent,Commercial,2026-03-24T13:44:41.365176,new,,,25
510,century21_d4d2b10ba32f,century21,,,,Nabeul,NABEUL,north,Rent,Villa,2026-03-24T13:44:48.389958,new,,,20
418,century21_a57cf79f7989,century21,,,,Ennasr,ARIANA,north,Rent,Commercial,2026-03-24T13:44:54.934449,new,,,25
219,century21_441acd868ad7,century21,,,,Jardins De Carthage,TUNIS,north,Rent,Apartment,2026-03-24T13:44:59.957572,new,,,25
216,century21_43c73f15dc02,century21,,,,La Marsa,TUNIS,north,Rent,Villa,2026-03-24T13:45:18.746421,new,,,25
411,century21_a23998b12c08,century21,,,,La Marsa,TUNIS,north,Rent,Apartment,2026-03-24T13:45:24.581325,new,,,25
148,century21_1f148f418fac,century21,,,,Les Berges Du Lac,TUNIS,north,Rent,Villa,2026-03-24T13:45:31.943843,new,,,25
129,century21_13a378e74370,century21,,,,Jardins De Carthage,TUNIS,north,Rent,Commercial,2026-03-24T13:45:37.275650,new,,,25
177,century21_3239d5ef5c92,century21,,,,Jardins De Carthage,TUNIS,north,Rent,Commercial,2026-03-24T13:45:46.486635,new,,,25
378,century21_8f3d937612a6,century21,,,,La Soukra,ARIANA,north,Rent,Villa,2026-03-24T13:45:53.083936,new,,,25
465,century21_c78c5c8758e5,century21,,,,El Menzah,ARIANA,north,Rent,Land,2026-03-24T13:45:59.055754,new,,,25
440,century21_b1676b1d46e9,century21,,,,El Menzah,ARIANA,north,Rent,Apartment,2026-03-24T13:46:04.362187,new,,,25
534,century21_e50add041b7b,century21,,,,Jardins De Carthage,TUNIS,north,Rent,Apartment,2026-03-24T13:46:09.451771,new,,,25
548,century21_ee655936e47d,century21,,,,Carthage,TUNIS,north,Rent,Villa,2026-03-24T13:46:26.226680,new,,,25
225,century21_490963ff1f23,century21,,,,Les Berges Du Lac,TUNIS,north,Rent,Villa,2026-03-24T13:46:37.239579,new,,,25
350,century21_7dd43c0df833,century21,,,,Ennasr,ARIANA,north,Rent,Commercial,2026-03-24T13:46:44.758457,new,,,20
482,century21_ca7bc5d51627,century21,,,,Les Berges Du Lac,TUNIS,north,Rent,Land,2026-03-24T13:46:51.520321,new,,,25
122,century21_10d67c536fe2,century21,,,,Ain Zaghouan,TUNIS,north,Rent,Apartment,2026-03-24T13:46:57.314971,new,,,25
166,century21_2ddd27269d68,century21,,,,El Omrane,TUNIS,north,Rent,Commercial,2026-03-24T13:47:02.803986,new,,,25
554,century21_f3f351c44e45,century21,,,,Ain Zaghouan,TUNIS,north,Rent,Apartment,2026-03-24T13:47:19.071982,new,,,25
243,century21_4c157498d1d8,century21,,,,La Soukra,ARIANA,north,Rent,Commercial,2026-03-24T13:47:25.268103,new,,,20
218,century21_411322c92dd6,century21,,,,Jardins De Carthage,TUNIS,north,Rent,Commercial,2026-03-24T13:47:32.807372,new,,,25
584,darcom_76700,darcom,720.0,1354.0,,Ariana,,,Sale,Land,2026-03-24T13:48:24.912434,new,,,50
592,darcom_66895,darcom,1250.0,3697.0,,Ariana,,,Sale,Land,2026-03-24T13:48:30.199062,new,,,50
586,darcom_47067,darcom,680.0,808.0,,Ariana,,,Sale,Land,2026-03-24T13:48:35.916780,new,,,50
589,darcom_40201,darcom,560000.0,808.0,,Ariana,,,Sale,Land,2026-03-24T13:48:41.119072,new,,,70
587,darcom_130423,darcom,1100.0,190.0,,,,,Sale,Land,2026-03-24T13:48:46.709000,new,,,15
583,darcom_130422,darcom,,1086.0,,,,,Sale,Land,2026-03-24T13:48:51.773117,new,,,10
591,darcom_90062,darcom,,,,,,,Rent,Other,2026-03-24T13:52:41.215941,new,,,0
590,darcom_79359,darcom,1080.0,1350.0,,Ariana,,,Rent,Land,2026-03-24T13:52:48.700657,new,,,50
588,darcom_78287,darcom,2500.0,500.0,,Ariana,,,Rent,Land,2026-03-24T13:52:55.717031,new,,,65
948,newkey_130467,newkey,350000.0,,,Appartement,,,Sale,Apartment,2026-03-24T13:57:30.892015,new,,,35
785,newkey_124702,newkey,980000.0,,,Maison / Villa,,,Sale,Villa,2026-03-24T13:57:47.227606,new,,,35
935,newkey_130222,newkey,270000.0,,,Appartement,,,Sale,Apartment,2026-03-24T13:58:02.820275,new,,,35
928,newkey_130171,newkey,790000.0,,,Bureau Et Local...,,,Sale,Commercial,2026-03-24T13:58:12.147176,new,,,20
930,newkey_130191,newkey,410000.0,,,Appartement,,,Sale,Apartment,2026-03-24T13:58:20.745517,new,,,35
931,newkey_130161,newkey,370000.0,,,Appartement,,,Sale,Apartment,2026-03-24T13:58:26.920870,new,,,35
925,newkey_130160,newkey,7000.0,,,Maison / Villa,,,Sale,Apartment,2026-03-24T13:59:15.889496,new,,,35
933,newkey_130156,newkey,440000.0,,,Appartement,,,Sale,Apartment,2026-03-24T13:59:23.585156,new,,,35
915,newkey_130077,newkey,1750.0,,,Maison / Villa,,,Sale,Land,2026-03-24T13:59:31.632772,new,,,10
922,newkey_130028,newkey,450000.0,,,Maison / Villa,,,Sale,Apartment,2026-03-24T13:59:37.554877,new,,,35
919,newkey_129977,newkey,395000.0,,,Appartement,,,Sale,Villa,2026-03-24T13:59:45.269501,new,,,35
912,newkey_129849,newkey,,,,Maison / Villa,,,Sale,Villa,2026-03-24T13:59:52.282137,new,,,15
906,newkey_129869,newkey,700000.0,,,Appartement,,,Sale,Apartment,2026-03-24T14:00:09.039816,new,,,35
907,newkey_129867,newkey,433000.0,,,Appartement,,,Sale,Apartment,2026-03-24T14:00:14.903731,new,,,35
913,newkey_129864,newkey,1050.0,,,Appartement,,,Sale,Commercial,2026-03-24T14:00:22.762315,new,,,0
904,newkey_129791,newkey,550000.0,,,Appartement,,,Sale,Apartment,2026-03-24T14:00:29.389784,new,,,35
905,newkey_129818,newkey,,,,Appartement,,,Sale,Villa,2026-03-24T14:00:37.112382,new,,,0
909,newkey_129766,newkey,650000.0,,,Appartement,,,Sale,Apartment,2026-03-24T14:00:43.791884,new,,,35
901,newkey_129739,newkey,550000.0,,,Appartement,,,Sale,Apartment,2026-03-24T14:00:58.420262,new,,,35
897,newkey_129726,newkey,550000.0,,,Appartement,,,Sale,Apartment,2026-03-24T14:01:06.529469,new,,,35
626,newkey_115184,newkey,421500.0,,,Appartement,,,Sale,Apartment,2026-03-24T14:01:12.775029,new,,,35
886,newkey_129647,newkey,353000.0,,,Appartement,,,Sale,Apartment,2026-03-24T14:01:18.654437,new,,,35
892,newkey_129571,newkey,275000.0,,,Appartement,,,Sale,Apartment,2026-03-24T14:01:24.645873,new,,,35
889,newkey_129493,newkey,370000.0,,,Appartement,,,Sale,Apartment,2026-03-24T14:01:31.403018,new,,,35
888,newkey_129409,newkey,453000.0,,,Appartement,,,Sale,Apartment,2026-03-24T14:01:46.741686,new,,,35
890,newkey_129383,newkey,325000.0,,,Appartement,,,Sale,Apartment,2026-03-24T14:01:53.901153,new,,,35
761,newkey_124049,newkey,820000.0,,,Appartement,,,Sale,Villa,2026-03-24T14:02:00.171372,new,,,20
883,newkey_129335,newkey,,,,Appartement,,,Sale,Apartment,2026-03-24T14:02:08.151605,new,,,15
880,newkey_129334,newkey,406000.0,,,Appartement,,,Sale,Apartment,2026-03-24T14:02:14.177168,new,,,35
640,newkey_115928,newkey,,,,Maison / Villa,,,Sale,Villa,2026-03-24T14:02:19.026876,new,,,15
638,newkey_116335,newkey,750000.0,,,Maison / Villa,,,Sale,Villa,2026-03-24T14:02:34.805450,new,,,20
673,newkey_120486,newkey,1250.0,,,Maison / Villa,,,Sale,Villa,2026-03-24T14:02:41.333574,new,,,15
585,newkey_101421,newkey,540000.0,,,Appartement,,,Sale,Apartment,2026-03-24T14:02:47.846540,new,,,35
649,newkey_118880,newkey,1820.0,,,Maison / Villa,,,Sale,Villa,2026-03-24T14:02:54.549318,new,,,0
615,newkey_114365,newkey,1850.0,,,Maison / Villa,,,Sale,Villa,2026-03-24T14:03:01.919687,new,,,15
644,newkey_118534,newkey,,,,Appartement,,,Sale,Apartment,2026-03-24T14:03:07.648180,new,,,15
652,newkey_118531,newkey,,,,Appartement,,,Sale,Apartment,2026-03-24T14:03:26.028318,new,,,15
950,newkey_95276,newkey,,,,Maison / Villa,,,Sale,Villa,2026-03-24T14:03:36.960579,new,,,15
882,newkey_129232,newkey,975000.0,,,Terrain,,,Sale,Land,2026-03-24T14:03:43.413624,new,,,15
875,newkey_129231,newkey,290000.0,,,Appartement,,,Sale,Apartment,2026-03-24T14:03:50.550112,new,,,35
874,newkey_129223,newkey,1300.0,,,Maison / Villa,TUNIS,north,Sale,Land,2026-03-24T14:03:58.700284,new,,,50
653,newkey_117484,newkey,990000.0,,,Maison / Villa,,,Sale,Villa,2026-03-24T14:04:05.457128,new,,,35
946,newkey_97511,newkey,385000.0,,,Appartement,,,Sale,Apartment,2026-03-24T14:04:17.876313,new,,,35
622,newkey_114452,newkey,720000.0,,,Appartement,,,Sale,Apartment,2026-03-24T14:04:24.392462,new,,,35
872,newkey_129152,newkey,672000.0,,,Terrain,,,Sale,Land,2026-03-24T14:04:31.626638,new,,,25
868,newkey_129011,newkey,250000.0,,,Appartement,,,Sale,Apartment,2026-03-24T14:04:46.728842,new,,,30
870,newkey_129055,newkey,375000.0,,,Appartement,,,Sale,Apartment,2026-03-24T14:04:53.661682,new,,,35
857,newkey_128925,newkey,440000.0,,,Appartement,,,Sale,Apartment,2026-03-24T14:05:00.278233,new,,,35
625,newkey_115365,newkey,703000.0,,,Appartement,,,Sale,Apartment,2026-03-24T14:05:16.035490,new,,,35
686,newkey_122018,newkey,530000.0,,,Appartement,,,Sale,Apartment,2026-03-24T14:05:22.177060,new,,,35
858,newkey_128646,newkey,330000.0,,,Appartement,,,Sale,Villa,2026-03-24T14:05:28.287165,new,,,35
856,newkey_128669,newkey,1500.0,,,Appartement,,,Sale,Apartment,2026-03-24T14:05:36.650390,new,,,0
847,newkey_128486,newkey,35000.0,,,Bureau Et Local...,,,Sale,Commercial,2026-03-24T14:05:43.283624,new,,,15
825,newkey_128037,newkey,325000.0,,,Appartement,,,Sale,Apartment,2026-03-24T14:05:50.344053,new,,,35
830,newkey_127869,newkey,397000.0,,,Terrain,,,Sale,Land,2026-03-24T14:06:05.025079,new,,,25
829,newkey_127868,newkey,425000.0,,,Terrain,,,Sale,Land,2026-03-24T14:06:12.674009,new,,,25
828,newkey_127866,newkey,398000.0,,,Terrain,,,Sale,Land,2026-03-24T14:06:20.033227,new,,,25
826,newkey_127870,newkey,1225.0,,,Terrain,,,Sale,Land,2026-03-24T14:06:27.601048,new,,,5
816,newkey_127704,newkey,700000.0,,,Appartement,,,Sale,Apartment,2026-03-24T14:06:34.104937,new,,,35
806,newkey_125037,newkey,800000.0,,,Bureau Et Local...,,,Sale,Commercial,2026-03-24T14:06:39.359625,new,,,20
805,newkey_124936,newkey,355000.0,,,Appartement,,,Sale,Apartment,2026-03-24T14:06:57.008904,new,,,35
803,newkey_124768,newkey,220000.0,,,Appartement,,,Sale,Apartment,2026-03-24T14:07:01.911999,new,,,35
800,newkey_124743,newkey,370000.0,,,Appartement,,,Sale,Commercial,2026-03-24T14:07:10.131221,new,,,35
791,newkey_124741,newkey,,,,Terrain,,,Sale,Land,2026-03-24T14:07:16.386128,new,,,0
784,newkey_124735,newkey,1120.0,,,Terrain,,,Sale,Land,2026-03-24T14:07:23.913951,new,,,0
793,newkey_124623,newkey,920000.0,,,Maison / Villa,,,Sale,Villa,2026-03-24T14:07:32.751261,new,,,35
774,newkey_124562,newkey,295000.0,,,Terrain,,,Sale,Land,2026-03-24T14:07:49.640927,new,,,25
764,newkey_124117,newkey,258000.0,,,Appartement,,,Sale,Apartment,2026-03-24T14:07:57.429116,new,,,35
769,newkey_124109,newkey,1300.0,,,Appartement,,,Sale,Apartment,2026-03-24T14:08:04.867539,new,,,15
756,newkey_124031,newkey,277000.0,,,Appartement,,,Sale,Villa,2026-03-24T14:08:13.528238,new,,,35
762,newkey_124027,newkey,330000.0,,,Appartement,,,Sale,Apartment,2026-03-24T14:08:19.134814,new,,,35
760,newkey_124059,newkey,250000.0,,,Appartement,,,Sale,Apartment,2026-03-24T14:08:25.897232,new,,,35
758,newkey_124048,newkey,835000.0,,,Appartement,,,Sale,Villa,2026-03-24T14:08:42.041106,new,,,20
757,newkey_124047,newkey,700000.0,,,Terrain,,,Sale,Land,2026-03-24T14:08:48.131091,new,,,25
752,newkey_123960,newkey,235000.0,,,Appartement,,,Sale,Apartment,2026-03-24T14:08:55.100476,new,,,30
750,newkey_123954,newkey,900000.0,,,Terrain,,,Sale,Land,2026-03-24T14:09:01.864196,new,,,25
744,newkey_123862,newkey,95000.0,,,Bureau Et Local...,,,Sale,Commercial,2026-03-24T14:09:08.946239,new,,,20
746,newkey_123804,newkey,900000.0,,,Terrain,,,Sale,Land,2026-03-24T14:09:15.621129,new,,,25
596,newkey_103478,newkey,1400.0,,,Maison / Villa,,,Sale,Villa,2026-03-24T14:09:33.622839,new,,,15
742,newkey_123567,newkey,1100.0,,,Terrain,,,Sale,Land,2026-03-24T14:09:40.102616,new,,,0
741,newkey_123529,newkey,1600.0,,,Appartement,,,Sale,Apartment,2026-03-24T14:09:47.902260,new,,,15
846,newkey_128542,newkey,750000.0,,,Appartement,,,Sale,Apartment,2026-03-24T14:09:55.667599,new,,,35
725,newkey_123269,newkey,1300.0,,,Maison / Villa,,,Sale,Villa,2026-03-24T14:10:03.902831,new,,,15
727,newkey_123220,newkey,211000.0,,,Appartement,,,Sale,Apartment,2026-03-24T14:10:09.778641,new,,,35
728,newkey_123208,newkey,790000.0,,,Appartement,,,Sale,Apartment,2026-03-24T14:10:24.054220,new,,,35
717,newkey_123191,newkey,850000.0,,,Bureau Et Local...,,,Sale,Commercial,2026-03-24T14:10:30.525566,new,,,20
721,newkey_123127,newkey,1273.0,,,Maison / Villa,,,Sale,Villa,2026-03-24T14:10:37.175240,new,,,0
723,newkey_123100,newkey,3050.0,,,Maison / Villa,,,Sale,Villa,2026-03-24T14:10:43.747343,new,,,15
719,newkey_123092,newkey,830000.0,,,Appartement,,,Sale,Apartment,2026-03-24T14:10:50.387739,new,,,35
709,newkey_122982,newkey,,,,Appartement,,,Sale,Apartment,2026-03-24T14:11:00.365615,new,,,15
708,newkey_122978,newkey,,,,Appartement,,,Sale,Apartment,2026-03-24T14:11:15.871753,new,,,15
705,newkey_122850,newkey,215000.0,,,Appartement,,,Sale,Land,2026-03-24T14:11:23.591711,new,,,30
710,newkey_122909,newkey,320000.0,,,Appartement,,,Sale,Apartment,2026-03-24T14:11:31.645072,new,,,35
699,newkey_122694,newkey,750000.0,,,Maison / Villa,,,Sale,Villa,2026-03-24T14:11:38.731436,new,,,35
701,newkey_122564,newkey,545000.0,,,Appartement,,,Sale,Apartment,2026-03-24T14:11:48.074535,new,,,35
694,newkey_122561,newkey,427000.0,,,Appartement,,,Sale,Apartment,2026-03-24T14:11:54.925106,new,,,35
692,newkey_122398,newkey,980000.0,,,Appartement,,,Sale,Villa,2026-03-24T14:12:10.160930,new,,,20
684,newkey_122278,newkey,534000.0,,,Appartement,,,Sale,Apartment,2026-03-24T14:12:16.549092,new,,,35
693,newkey_122277,newkey,328000.0,,,Appartement,,,Sale,Apartment,2026-03-24T14:12:25.174834,new,,,35
687,newkey_122229,newkey,1000.0,,,Bureau Et Local...,,,Sale,Other,2026-03-24T14:12:31.654525,new,,,0
688,newkey_122217,newkey,270000.0,,,Appartement,,,Sale,Apartment,2026-03-24T14:12:40.502388,new,,,35
691,newkey_122030,newkey,430000.0,,,Appartement,,,Sale,Apartment,2026-03-24T14:12:47.964221,new,,,35
690,newkey_122027,newkey,,,,Appartement,,,Sale,Apartment,2026-03-24T14:13:02.773592,new,,,15
685,newkey_121980,newkey,1400.0,,,Immeuble,,,Sale,Apartment,2026-03-24T14:13:10.025523,new,,,15
603,newkey_106974,newkey,540000.0,,,Maison / Villa,,,Sale,Villa,2026-03-24T14:13:22.689507,new,,,20
680,newkey_121821,newkey,330000.0,,,Appartement,,,Sale,Villa,2026-03-24T14:13:29.642560,new,,,30
677,newkey_121819,newkey,340000.0,,,Appartement,,,Sale,Apartment,2026-03-24T14:13:36.690478,new,,,30
675,newkey_121769,newkey,650000.0,,,Appartement,,,Sale,Villa,2026-03-24T14:13:43.095496,new,,,35
682,newkey_121656,newkey,,,,Terrain,,,Sale,Land,2026-03-24T14:13:58.900901,new,,,5
676,newkey_121593,newkey,215000.0,,,Appartement,,,Sale,Villa,2026-03-24T14:14:06.382877,new,,,30
602,newkey_105144,newkey,,,,Appartement,,,Sale,Apartment,2026-03-24T14:14:12.044460,new,,,15
678,newkey_121527,newkey,2200.0,,,Bureau Et Local...,,,Sale,Land,2026-03-24T14:14:19.902252,new,,,0
679,newkey_121561,newkey,620000.0,,,Appartement,,,Sale,Villa,2026-03-24T14:14:27.807152,new,,,20
674,newkey_121438,newkey,465000.0,,,Appartement,,,Sale,Apartment,2026-03-24T14:14:35.811037,new,,,35
683,newkey_121132,newkey,975000.0,,,Appartement,,,Sale,Apartment,2026-03-24T14:14:49.785046,new,,,35
672,newkey_120905,newkey,,,,Terrain,,,Sale,Land,2026-03-24T14:14:56.654643,new,,,5
669,newkey_120899,newkey,350000.0,,,Bureau Et Local...,,,Sale,Commercial,2026-03-24T14:15:04.025966,new,,,15
667,newkey_120889,newkey,1250.0,,,Maison / Villa,,,Sale,Villa,2026-03-24T14:15:11.003382,new,,,15
664,newkey_120857,newkey,1320.0,,,Appartement,,,Sale,Villa,2026-03-24T14:15:17.536009,new,,,15
670,newkey_120480,newkey,,,,Terrain,,,Sale,Land,2026-03-24T14:15:24.187951,new,,,5
668,newkey_120410,newkey,385000.0,,,Bureau Et Local...,,,Sale,Commercial,2026-03-24T14:15:40.514391,new,,,15
671,newkey_120230,newkey,,,,Maison / Villa,,,Sale,Land,2026-03-24T14:15:49.743294,new,,,15
660,newkey_120186,newkey,,,,Maison / Villa,,,Sale,Land,2026-03-24T14:15:57.708342,new,,,15
657,newkey_120172,newkey,315000.0,,,Bureau Et Local...,,,Sale,Commercial,2026-03-24T14:16:04.476884,new,,,5
662,newkey_120147,newkey,260000.0,,,Appartement,,,Sale,Apartment,2026-03-24T14:16:10.824437,new,,,30
659,newkey_120100,newkey,580000.0,,,Appartement,,,Sale,Apartment,2026-03-24T14:16:16.908301,new,,,35
654,newkey_119886,newkey,1574.0,,,Terrain,,,Sale,Land,2026-03-24T14:16:33.534078,new,,,5
663,newkey_119867,newkey,320000.0,,,Appartement,,,Sale,Apartment,2026-03-24T14:16:41.533523,new,,,35
658,newkey_119629,newkey,290000.0,,,Appartement,,,Sale,Apartment,2026-03-24T14:16:47.414036,new,,,35
655,newkey_119602,newkey,730000.0,,,Appartement,,,Sale,Apartment,2026-03-24T14:17:07.441728,new,,,35
707,newkey_122835,newkey,685000.0,,,Appartement,,,Sale,Apartment,2026-03-24T14:17:19.929501,new,,,35
661,newkey_119690,newkey,300000.0,,,Appartement,,,Sale,Apartment,2026-03-24T14:17:33.783072,new,,,35
656,newkey_119230,newkey,,,,Appartement,,,Sale,Apartment,2026-03-24T14:17:57.714959,new,,,15
949,newkey_78799,newkey,850000.0,,,Maison / Villa,,,Sale,Villa,2026-03-24T14:18:09.922203,new,,,20
650,newkey_118549,newkey,560000.0,,,Appartement,,,Sale,Apartment,2026-03-24T14:18:21.272795,new,,,35
648,newkey_118038,newkey,900000.0,,,Bureau Et Local...,,,Sale,Commercial,2026-03-24T14:18:32.386125,new,,,20
645,newkey_117970,newkey,450000.0,,,Appartement,,,Sale,Apartment,2026-03-24T14:18:43.911830,new,,,35
647,newkey_117480,newkey,575000.0,,,Appartement,,,Sale,Apartment,2026-03-24T14:18:52.449119,new,,,35
646,newkey_117418,newkey,1700.0,,,Appartement,,,Sale,Apartment,2026-03-24T14:19:06.998626,new,,,15
666,newkey_120349,newkey,1580.0,,,Maison / Villa,,,Sale,Villa,2026-03-24T14:19:14.634809,new,,,0
634,newkey_116510,newkey,390000.0,,,Appartement,,,Sale,Villa,2026-03-24T14:19:22.215271,new,,,20
639,newkey_116350,newkey,860000.0,,,Maison / Villa,,,Sale,Villa,2026-03-24T14:19:29.582127,new,,,20
636,newkey_116356,newkey,145000.0,,,Bureau Et Local...,,,Sale,Commercial,2026-03-24T14:19:35.898790,new,,,20
637,newkey_116282,newkey,1850.0,,,Maison / Villa,,,Sale,Villa,2026-03-24T14:19:42.520821,new,,,15
642,newkey_116112,newkey,1150.0,,,Maison / Villa,,,Sale,Villa,2026-03-24T14:19:57.270387,new,,,15
633,newkey_115599,newkey,,,,Terrain,,,Sale,Land,2026-03-24T14:20:04.840127,new,,,5
631,newkey_115396,newkey,800000.0,,,Appartement,,,Sale,Apartment,2026-03-24T14:20:12.669784,new,,,35
807,newkey_124968,newkey,3900.0,,,Maison / Villa,,,Sale,Villa,2026-03-24T14:20:19.651039,new,,,15
624,newkey_115151,newkey,582700.0,,,Appartement,,,Sale,Apartment,2026-03-24T14:20:25.908031,new,,,35
629,newkey_115146,newkey,232200.0,,,Appartement,,,Sale,Apartment,2026-03-24T14:20:33.902948,new,,,35
628,newkey_115067,newkey,799000.0,,,Appartement,,,Sale,Apartment,2026-03-24T14:20:48.801922,new,,,35
627,newkey_114754,newkey,388800.0,,,Appartement,,,Sale,Apartment,2026-03-24T14:20:56.798101,new,,,35
630,newkey_114586,newkey,360000.0,,,Appartement,,,Sale,Apartment,2026-03-24T14:21:03.429139,new,,,35
632,newkey_114592,newkey,547800.0,,,Appartement,,,Sale,Apartment,2026-03-24T14:21:10.173687,new,,,35
621,newkey_114426,newkey,80000.0,,,Bureau Et Local...,,,Sale,Commercial,2026-03-24T14:21:17.779144,new,,,15
651,newkey_117917,newkey,1090.0,,,Appartement,,,Sale,Apartment,2026-03-24T14:21:24.806743,new,,,15
614,newkey_114413,newkey,583275.0,,,Appartement,,,Sale,Apartment,2026-03-24T14:21:39.226287,new,,,35
619,newkey_114374,newkey,180000.0,,,Bureau Et Local...,,,Sale,Commercial,2026-03-24T14:21:46.428647,new,,,20
617,newkey_114373,newkey,290000.0,,,Appartement,,,Sale,Apartment,2026-03-24T14:21:53.428263,new,,,35
618,newkey_114343,newkey,1950.0,,,Maison / Villa,,,Sale,Villa,2026-03-24T14:22:01.061535,new,,,15
620,newkey_114284,newkey,380000.0,,,Appartement,,,Sale,Apartment,2026-03-24T14:22:08.671487,new,,,35
623,newkey_114164,newkey,533100.0,,,Bureau Et Local...,,,Sale,Commercial,2026-03-24T14:22:16.626743,new,,,20
604,newkey_113642,newkey,2200.0,,,Maison / Villa,,,Sale,Villa,2026-03-24T14:22:31.862817,new,,,15
611,newkey_113637,newkey,1000.0,,,Terrain,,,Sale,Land,2026-03-24T14:22:39.114162,new,,,5
607,newkey_113506,newkey,360000.0,,,Appartement,,,Sale,Apartment,2026-03-24T14:22:46.167414,new,,,35
606,newkey_113248,newkey,,,,Bureau Et Local...,,,Sale,Commercial,2026-03-24T14:22:52.521124,new,,,0
610,newkey_113192,newkey,,,,Terrain,,,Sale,Land,2026-03-24T14:22:59.658426,new,,,5
612,newkey_113194,newkey,,,,Terrain,,,Sale,Land,2026-03-24T14:23:08.266646,new,,,5
608,newkey_113170,newkey,,,,Terrain,,,Sale,Land,2026-03-24T14:23:20.752060,new,,,5
594,newkey_112688,newkey,,,,Maison / Villa,,,Sale,Villa,2026-03-24T14:23:27.707945,new,,,15
597,newkey_112673,newkey,325000.0,,,Appartement,,,Sale,Apartment,2026-03-24T14:23:35.515209,new,,,30
613,newkey_112712,newkey,620000.0,,,Appartement,,,Sale,Apartment,2026-03-24T14:23:43.865280,new,,,35
951,newkey_70942,newkey,410000.0,,,Appartement,,,Sale,Apartment,2026-03-24T14:23:50.885313,new,,,35
609,newkey_112699,newkey,,,,Terrain,,,Sale,Land,2026-03-24T14:23:57.447449,new,,,5
605,newkey_112696,newkey,1700.0,,,Bureau Et Local...,,,Sale,Commercial,2026-03-24T14:24:14.796459,new,,,0
598,newkey_112596,newkey,,,,Maison / Villa,,,Sale,Land,2026-03-24T14:24:22.488878,new,,,15
601,newkey_112566,newkey,,,,Appartement,,,Sale,Apartment,2026-03-24T14:24:29.010006,new,,,15
599,newkey_112425,newkey,1300.0,,,Appartement,,,Sale,Commercial,2026-03-24T14:24:36.193869,new,,,0
600,newkey_112334,newkey,,,,Terrain,,,Sale,Land,2026-03-24T14:24:42.761829,new,,,10
595,newkey_112277,newkey,740000.0,,,Terrain,,,Sale,Land,2026-03-24T14:24:49.038370,new,,,25
938,newkey_130442,newkey,1700.0,,,Appartement,,,Rent,Apartment,2026-03-24T14:25:04.551124,new,,,35
936,newkey_130439,newkey,2200.0,,,Appartement,,,Rent,Apartment,2026-03-24T14:25:12.230765,new,,,35
940,newkey_130435,newkey,3400.0,,,Appartement,,,Rent,Apartment,2026-03-24T14:25:20.423020,new,,,35
942,newkey_130433,newkey,1700.0,,,Appartement,,,Rent,Apartment,2026-03-24T14:25:26.940428,new,,,35
941,newkey_130430,newkey,2300.0,,,Appartement,,,Rent,Apartment,2026-03-24T14:25:32.925375,new,,,35
945,newkey_130466,newkey,2300.0,,,Maison / Villa,,,Rent,Commercial,2026-03-24T14:25:40.450268,new,,,20
947,newkey_130454,newkey,3600.0,,,Appartement,,,Rent,Apartment,2026-03-24T14:25:55.353514,new,,,35
944,newkey_130447,newkey,3000.0,,,Bureau Et Local...,,,Rent,Commercial,2026-03-24T14:26:02.048208,new,,,15
934,newkey_130380,newkey,2500.0,,,Appartement,,,Rent,Apartment,2026-03-24T14:26:09.663335,new,,,35
937,newkey_130399,newkey,1350.0,,,Appartement,,,Rent,Villa,2026-03-24T14:26:16.979766,new,,,15
939,newkey_130362,newkey,1500.0,,,Appartement,,,Rent,Apartment,2026-03-24T14:26:24.906987,new,,,35
943,newkey_130322,newkey,2500.0,,,Appartement,,,Rent,Apartment,2026-03-24T14:26:31.473694,new,,,35
924,newkey_130174,newkey,1600.0,,,Appartement,,,Rent,Apartment,2026-03-24T14:26:48.504691,new,,,35
926,newkey_130189,newkey,1260.0,,,Appartement,,,Rent,Apartment,2026-03-24T14:26:55.049601,new,,,35
932,newkey_130181,newkey,3200.0,,,Appartement,,,Rent,Apartment,2026-03-24T14:27:01.598116,new,,,35
929,newkey_130159,newkey,1550.0,,,Appartement,,,Rent,Villa,2026-03-24T14:27:07.974618,new,,,30
927,newkey_130157,newkey,2700.0,,,Appartement,,,Rent,Apartment,2026-03-24T14:27:15.189872,new,,,35
916,newkey_130153,newkey,2250.0,,,Appartement,,,Rent,Apartment,2026-03-24T14:27:22.792028,new,,,35
918,newkey_130136,newkey,3500.0,,,Maison / Villa,,,Rent,Villa,2026-03-24T14:27:36.980219,new,,,20
917,newkey_130098,newkey,54330.0,,,Immeuble,,,Rent,Other,2026-03-24T14:27:43.397410,new,,,15
914,newkey_130027,newkey,2300.0,,,Appartement,,,Rent,Apartment,2026-03-24T14:27:53.508460,new,,,35
923,newkey_129987,newkey,,,,Maison / Villa,,,Rent,Land,2026-03-24T14:28:01.533175,new,,,15
921,newkey_129926,newkey,1800.0,,,Bureau Et Local...,,,Rent,Commercial,2026-03-24T14:28:09.684356,new,,,20
920,newkey_129924,newkey,2000.0,,,Appartement,,,Rent,Apartment,2026-03-24T14:28:16.185053,new,,,35
908,newkey_129917,newkey,1200.0,,,Appartement,,,Rent,Apartment,2026-03-24T14:28:32.436567,new,,,35
911,newkey_129872,newkey,1800.0,,,Bureau Et Local...,,,Rent,Commercial,2026-03-24T14:28:40.991743,new,,,20
681,newkey_121130,newkey,1800.0,,,Bureau Et Local...,,,Rent,Commercial,2026-03-24T14:28:47.936263,new,,,20
665,newkey_121127,newkey,1800.0,,,Bureau Et Local...,,,Rent,Commercial,2026-03-24T14:28:55.618151,new,,,20
910,newkey_129767,newkey,2200.0,,,Appartement,,,Rent,Apartment,2026-03-24T14:29:03.950348,new,,,35
899,newkey_129704,newkey,2300.0,,,Bureau Et Local...,,,Rent,Commercial,2026-03-24T14:29:13.295509,new,,,20
894,newkey_129741,newkey,2500.0,,,Appartement,,,Rent,Apartment,2026-03-24T14:29:30.541935,new,,,35
898,newkey_129734,newkey,1400.0,,,Appartement,,,Rent,Apartment,2026-03-24T14:29:37.890367,new,,,20
896,newkey_129730,newkey,7500.0,,,Maison / Villa,,,Rent,Commercial,2026-03-24T14:29:46.753393,new,,,15
902,newkey_129729,newkey,2000.0,,,Bureau Et Local...,,,Rent,Commercial,2026-03-24T14:29:54.416941,new,,,20
641,newkey_116436,newkey,1480.0,,,Appartement,,,Rent,Apartment,2026-03-24T14:30:00.827476,new,,,35
895,newkey_129686,newkey,2500.0,,,Appartement,,,Rent,Apartment,2026-03-24T14:30:08.558830,new,,,35
885,newkey_129608,newkey,3500.0,,,Appartement,,,Rent,Apartment,2026-03-24T14:30:23.293262,new,,,35
900,newkey_129656,newkey,1600.0,,,Appartement,,,Rent,Apartment,2026-03-24T14:30:30.215303,new,,,35
903,newkey_129651,newkey,2700.0,,,Appartement,,,Rent,Apartment,2026-03-24T14:30:38.427783,new,,,35
893,newkey_129576,newkey,2200.0,,,Appartement,,,Rent,Apartment,2026-03-24T14:30:46.177106,new,,,35
884,newkey_129408,newkey,1100.0,,,Bureau Et Local...,,,Rent,Commercial,2026-03-24T14:31:07.792955,new,,,20
703,newkey_122799,newkey,2700.0,,,Appartement,,,Rent,Apartment,2026-03-24T14:31:14.157251,new,,,35
887,newkey_129349,newkey,2400.0,,,Appartement,,,Rent,Apartment,2026-03-24T14:31:29.477669,new,,,35
891,newkey_129377,newkey,3000.0,,,Bureau Et Local...,,,Rent,Commercial,2026-03-24T14:31:37.015336,new,,,15
878,newkey_129337,newkey,2500.0,,,Appartement,,,Rent,Apartment,2026-03-24T14:31:43.413066,new,,,35
881,newkey_129246,newkey,1450.0,,,Appartement,,,Rent,Apartment,2026-03-24T14:31:50.657830,new,,,35
877,newkey_129301,newkey,2000.0,,,Bureau Et Local...,,,Rent,Commercial,2026-03-24T14:31:56.664642,new,,,20
795,newkey_124905,newkey,1400.0,,,Appartement,,,Rent,Apartment,2026-03-24T14:32:01.677100,new,,,35
865,newkey_129182,newkey,3700.0,,,Bureau Et Local...,,,Rent,Commercial,2026-03-24T14:32:15.535871,new,,,20
876,newkey_129221,newkey,4500.0,,,Appartement,,,Rent,Apartment,2026-03-24T14:32:22.902349,new,,,35
879,newkey_129211,newkey,2700.0,,,Appartement,,,Rent,Apartment,2026-03-24T14:32:30.783223,new,,,35
869,newkey_129207,newkey,2500.0,,,Appartement,,,Rent,Apartment,2026-03-24T14:32:37.896454,new,,,35
812,newkey_125117,newkey,,,,Maison / Villa,,,Rent,Villa,2026-03-24T14:32:45.133825,new,,,0
873,newkey_129123,newkey,1400.0,,,Appartement,,,Rent,Apartment,2026-03-24T14:32:51.936121,new,,,35
864,newkey_129173,newkey,3000.0,,,Maison / Villa,,,Rent,Villa,2026-03-24T14:33:06.908773,new,,,20
616,newkey_114441,newkey,1600.0,,,Appartement,,,Rent,Apartment,2026-03-24T14:33:15.590860,new,,,35
635,newkey_116449,newkey,,,,Maison / Villa,,,Rent,Villa,2026-03-24T14:33:22.626530,new,,,0
867,newkey_128984,newkey,6500.0,,,Appartement,,,Rent,Apartment,2026-03-24T14:33:30.363163,new,,,15
866,newkey_128978,newkey,2800.0,,,Appartement,,,Rent,Apartment,2026-03-24T14:33:36.789960,new,,,35
871,newkey_128977,newkey,2800.0,,,Appartement,,,Rent,Apartment,2026-03-24T14:33:43.838639,new,,,35
861,newkey_128921,newkey,1300.0,,,Appartement,,,Rent,Apartment,2026-03-24T14:33:59.214697,new,,,35
859,newkey_128919,newkey,1400.0,,,Appartement,,,Rent,Villa,2026-03-24T14:34:06.522725,new,,,35
855,newkey_128906,newkey,2300.0,,,Appartement,,,Rent,Commercial,2026-03-24T14:34:15.146470,new,,,35
863,newkey_128697,newkey,1400.0,,,Appartement,,,Rent,Apartment,2026-03-24T14:34:23.518302,new,,,35
862,newkey_128689,newkey,,,,Maison / Villa,,,Rent,Villa,2026-03-24T14:34:31.409301,new,,,15
860,newkey_128670,newkey,950.0,,,Maison / Villa,,,Rent,Apartment,2026-03-24T14:34:38.077056,new,,,35
854,newkey_128666,newkey,1850.0,,,Appartement,,,Rent,Apartment,2026-03-24T14:34:52.886207,new,,,35
848,newkey_128624,newkey,2300.0,,,Appartement,,,Rent,Villa,2026-03-24T14:35:00.717312,new,,,35
849,newkey_128545,newkey,3000.0,,,Appartement,,,Rent,Apartment,2026-03-24T14:35:07.804072,new,,,35
850,newkey_128530,newkey,1700.0,,,Appartement,,,Rent,Villa,2026-03-24T14:35:15.157283,new,,,35
853,newkey_128521,newkey,1200.0,,,Appartement,,,Rent,Apartment,2026-03-24T14:35:23.012033,new,,,35
844,newkey_128479,newkey,1700.0,,,Appartement,,,Rent,Apartment,2026-03-24T14:35:30.726468,new,,,35
851,newkey_128424,newkey,3200.0,,,Bureau Et Local...,,,Rent,Commercial,2026-03-24T14:35:45.175484,new,,,20
845,newkey_128377,newkey,4500.0,,,Appartement,,,Rent,Apartment,2026-03-24T14:35:51.919018,new,,,35
852,newkey_128324,newkey,7000.0,,,Bureau Et Local...,,,Rent,Commercial,2026-03-24T14:35:58.773683,new,,,0
842,newkey_128307,newkey,1800.0,,,Bureau Et Local...,,,Rent,Commercial,2026-03-24T14:36:05.254830,new,,,15
840,newkey_128187,newkey,8000.0,,,Maison / Villa,,,Rent,Villa,2026-03-24T14:36:11.537158,new,,,35
836,newkey_128206,newkey,1900.0,,,Bureau Et Local...,,,Rent,Commercial,2026-03-24T14:36:18.175210,new,,,20
843,newkey_128204,newkey,2200.0,,,Bureau Et Local...,,,Rent,Commercial,2026-03-24T14:36:34.671745,new,,,20
835,newkey_128203,newkey,,,,Maison / Villa,,,Rent,Villa,2026-03-24T14:36:42.428082,new,,,15
834,newkey_128134,newkey,2300.0,,,Appartement,,,Rent,Apartment,2026-03-24T14:36:49.286427,new,,,35
841,newkey_128133,newkey,1650.0,,,Bureau Et Local...,,,Rent,Commercial,2026-03-24T14:36:56.040409,new,,,15
839,newkey_128098,newkey,1500.0,,,Appartement,,,Rent,Apartment,2026-03-24T14:37:04.431283,new,,,35
837,newkey_128097,newkey,1500.0,,,Bureau Et Local...,,,Rent,Commercial,2026-03-24T14:37:12.383258,new,,,20
831,newkey_128096,newkey,4500.0,,,Bureau Et Local...,,,Rent,Commercial,2026-03-24T14:37:28.883387,new,,,15
824,newkey_127952,newkey,800.0,,,Bureau Et Local...,,,Rent,Commercial,2026-03-24T14:37:35.650275,new,,,15
832,newkey_128002,newkey,2000.0,,,Bureau Et Local...,,,Rent,Commercial,2026-03-24T14:37:42.261632,new,,,20
833,newkey_127981,newkey,6800.0,,,Appartement,,,Rent,Apartment,2026-03-24T14:37:49.583316,new,,,15
827,newkey_127895,newkey,1800.0,,,Appartement,,,Rent,Apartment,2026-03-24T14:37:57.316854,new,,,35
823,newkey_127781,newkey,1600.0,,,Appartement,,,Rent,Apartment,2026-03-24T14:38:02.427488,new,,,35
815,newkey_127779,newkey,5000.0,,,Bureau Et Local...,,,Rent,Commercial,2026-03-24T14:38:17.358450,new,,,15
814,newkey_127778,newkey,7000.0,,,Appartement,,,Rent,Apartment,2026-03-24T14:38:24.765447,new,,,15
822,newkey_127771,newkey,4700.0,,,Maison / Villa,,,Rent,Villa,2026-03-24T14:38:30.597535,new,,,35
820,newkey_127707,newkey,5000.0,,,Bureau Et Local...,,,Rent,Commercial,2026-03-24T14:38:38.372784,new,,,15
838,newkey_128253,newkey,3500.0,,,Appartement,,,Rent,Apartment,2026-03-24T14:38:45.164887,new,,,35
817,newkey_127700,newkey,1500.0,,,Appartement,,,Rent,Apartment,2026-03-24T14:38:51.258288,new,,,35
819,newkey_127752,newkey,5000.0,,,Appartement,,,Rent,Apartment,2026-03-24T14:39:07.622695,new,,,35
818,newkey_127728,newkey,2200.0,,,Appartement,,,Rent,Apartment,2026-03-24T14:39:15.427602,new,,,35
821,newkey_127722,newkey,3000.0,,,Appartement,,,Rent,Apartment,2026-03-24T14:39:20.937227,new,,,35
811,newkey_125093,newkey,1550.0,,,Appartement,,,Rent,Apartment,2026-03-24T14:39:27.608649,new,,,35
810,newkey_125012,newkey,3000.0,,,Maison / Villa,,,Rent,Villa,2026-03-24T14:39:34.796978,new,,,35
593,newkey_103023,newkey,2350.0,,,Appartement,,,Rent,Apartment,2026-03-24T14:39:42.415421,new,,,35
808,newkey_125026,newkey,1650.0,,,Appartement,,,Rent,Apartment,2026-03-24T14:39:57.566792,new,,,35
809,newkey_125025,newkey,2800.0,,,Appartement,,,Rent,Apartment,2026-03-24T14:40:03.837524,new,,,35
813,newkey_124951,newkey,1200.0,,,Appartement,,,Rent,Apartment,2026-03-24T14:40:10.890782,new,,,35
804,newkey_124970,newkey,3600.0,,,Appartement,,,Rent,Apartment,2026-03-24T14:40:18.878751,new,,,35
794,newkey_124890,newkey,1500.0,,,Appartement,,,Rent,Commercial,2026-03-24T14:40:26.972464,new,,,35
799,newkey_124918,newkey,1950.0,,,Appartement,,,Rent,Apartment,2026-03-24T14:40:32.658118,new,,,35
801,newkey_124907,newkey,2100.0,,,Appartement,,,Rent,Apartment,2026-03-24T14:40:48.812453,new,,,35
802,newkey_124863,newkey,7000.0,,,Maison / Villa,,,Rent,Villa,2026-03-24T14:40:56.136509,new,,,35
797,newkey_124851,newkey,3500.0,,,Appartement,,,Rent,Apartment,2026-03-24T14:41:04.318239,new,,,35
796,newkey_124757,newkey,3500.0,,,Appartement,,,Rent,Apartment,2026-03-24T14:41:11.422280,new,,,35
798,newkey_124766,newkey,3500.0,,,Appartement,,,Rent,Apartment,2026-03-24T14:41:17.556208,new,,,35
790,newkey_124742,newkey,2800.0,,,Maison / Villa,,,Rent,Villa,2026-03-24T14:41:23.591045,new,,,35
786,newkey_124730,newkey,3200.0,,,Maison / Villa,,,Rent,Villa,2026-03-24T14:41:43.177102,new,,,20
787,newkey_124657,newkey,2200.0,,,Appartement,,,Rent,Apartment,2026-03-24T14:41:49.858086,new,,,35
792,newkey_124683,newkey,2000.0,,,Appartement,,,Rent,Apartment,2026-03-24T14:41:59.681172,new,,,35
788,newkey_124665,newkey,5000.0,,,Maison / Villa,,,Rent,Villa,2026-03-24T14:42:07.126622,new,,,35
789,newkey_124587,newkey,2300.0,,,Appartement,,,Rent,Villa,2026-03-24T14:42:14.740250,new,,,35
782,newkey_124559,newkey,2800.0,,,Maison / Villa,,,Rent,Villa,2026-03-24T14:42:22.731255,new,,,20
781,newkey_124570,newkey,3000.0,,,Appartement,,,Rent,Apartment,2026-03-24T14:42:36.053474,new,,,35
780,newkey_124545,newkey,3200.0,,,Appartement,,,Rent,Apartment,2026-03-24T14:42:43.349614,new,,,35
778,newkey_124544,newkey,4500.0,,,Appartement,,,Rent,Apartment,2026-03-24T14:42:50.900172,new,,,35
783,newkey_124542,newkey,1950.0,,,Appartement,,,Rent,Apartment,2026-03-24T14:42:58.997950,new,,,35
775,newkey_124523,newkey,2600.0,,,Appartement,,,Rent,Apartment,2026-03-24T14:43:04.713908,new,,,35
776,newkey_124448,newkey,1300.0,,,Maison / Villa,,,Rent,Villa,2026-03-24T14:43:10.916650,new,,,15
777,newkey_124373,newkey,7000.0,,,Maison / Villa,,,Rent,Villa,2026-03-24T14:43:26.065196,new,,,20
766,newkey_124158,newkey,5000.0,,,Maison / Villa,,,Rent,Villa,2026-03-24T14:43:32.683553,new,,,20
779,newkey_124359,newkey,2500.0,,,Maison / Villa,,,Rent,Villa,2026-03-24T14:43:39.002245,new,,,20
765,newkey_124356,newkey,1800.0,,,Appartement,,,Rent,Apartment,2026-03-24T14:43:45.189738,new,,,35
767,newkey_124355,newkey,2400.0,,,Appartement,,,Rent,Apartment,2026-03-24T14:43:51.669751,new,,,35
770,newkey_124172,newkey,1400.0,,,Maison / Villa,,,Rent,Villa,2026-03-24T14:44:00.121409,new,,,15
772,newkey_124149,newkey,1900.0,,,Appartement,,,Rent,Apartment,2026-03-24T14:44:17.424703,new,,,35
773,newkey_124138,newkey,7000.0,,,Maison / Villa,,,Rent,Villa,2026-03-24T14:44:24.182283,new,,,20
768,newkey_124112,newkey,1100.0,,,Appartement,,,Rent,Apartment,2026-03-24T14:44:32.282879,new,,,30
771,newkey_124108,newkey,3800.0,,,Appartement,,,Rent,Apartment,2026-03-24T14:44:40.190938,new,,,35
754,newkey_124029,newkey,1200.0,,,Maison / Villa,,,Rent,Villa,2026-03-24T14:44:47.390385,new,,,30
759,newkey_124071,newkey,1400.0,,,Bureau Et Local...,,,Rent,Commercial,2026-03-24T14:44:54.272734,new,,,20
763,newkey_124051,newkey,1200.0,,,Bureau Et Local...,,,Rent,Commercial,2026-03-24T14:45:09.571922,new,,,20
755,newkey_124015,newkey,1600.0,,,Appartement,,,Rent,Apartment,2026-03-24T14:45:17.376169,new,,,35
749,newkey_123992,newkey,3200.0,,,Appartement,,,Rent,Apartment,2026-03-24T14:45:23.778013,new,,,35
747,newkey_123953,newkey,3000.0,,,Appartement,,,Rent,Apartment,2026-03-24T14:45:31.491421,new,,,35
753,newkey_123800,newkey,2500.0,,,Bureau Et Local...,,,Rent,Commercial,2026-03-24T14:45:39.005839,new,,,20
751,newkey_123794,newkey,1450.0,,,Appartement,,,Rent,Apartment,2026-03-24T14:45:45.344419,new,,,35
748,newkey_123672,newkey,1350.0,,,Appartement,,,Rent,Apartment,2026-03-24T14:45:59.127750,new,,,35
745,newkey_123639,newkey,1700.0,,,Maison / Villa,,,Rent,Villa,2026-03-24T14:46:05.155672,new,,,35
739,newkey_123632,newkey,1200.0,,,Appartement,,,Rent,Apartment,2026-03-24T14:46:13.259592,new,,,35
740,newkey_123626,newkey,1350.0,,,Appartement,,,Rent,Villa,2026-03-24T14:46:20.677784,new,,,35
738,newkey_123621,newkey,5000.0,,,Maison / Villa,,,Rent,Villa,2026-03-24T14:46:27.542220,new,,,20
736,newkey_123524,newkey,3200.0,,,Appartement,,,Rent,Apartment,2026-03-24T14:46:34.770083,new,,,35
743,newkey_123566,newkey,2500.0,,,Bureau Et Local...,,,Rent,Commercial,2026-03-24T14:46:50.497599,new,,,15
734,newkey_123564,newkey,1500.0,,,Bureau Et Local...,,,Rent,Commercial,2026-03-24T14:46:57.812940,new,,,15
737,newkey_123530,newkey,2400.0,,,Appartement,,,Rent,Apartment,2026-03-24T14:47:08.105039,new,,,35
735,newkey_123461,newkey,5000.0,,,Maison / Villa,,,Rent,Villa,2026-03-24T14:47:14.519399,new,,,35
732,newkey_123445,newkey,2600.0,,,Maison / Villa,,,Rent,Villa,2026-03-24T14:47:21.389321,new,,,35
733,newkey_123403,newkey,1700.0,,,Appartement,,,Rent,Apartment,2026-03-24T14:47:28.887974,new,,,35
724,newkey_123398,newkey,4500.0,,,Maison / Villa,,,Rent,Commercial,2026-03-24T14:47:46.272640,new,,,35
726,newkey_123384,newkey,1500.0,,,Appartement,,,Rent,Apartment,2026-03-24T14:47:55.415730,new,,,35
730,newkey_123423,newkey,2500.0,,,Appartement,,,Rent,Apartment,2026-03-24T14:48:03.045692,new,,,35
731,newkey_123408,newkey,3500.0,,,Appartement,,,Rent,Commercial,2026-03-24T14:48:10.958794,new,,,20
729,newkey_123342,newkey,5500.0,,,Maison / Villa,,,Rent,Commercial,2026-03-24T14:48:19.419448,new,,,20
722,newkey_123134,newkey,1300.0,,,Appartement,,,Rent,Apartment,2026-03-24T14:48:25.462856,new,,,35
716,newkey_123138,newkey,2500.0,,,Appartement,,,Rent,Apartment,2026-03-24T14:48:41.051280,new,,,35
714,newkey_123115,newkey,1500.0,,,Bureau Et Local...,,,Rent,Commercial,2026-03-24T14:48:49.472347,new,,,15
718,newkey_123113,newkey,1500.0,,,Bureau Et Local...,,,Rent,Commercial,2026-03-24T14:48:57.226742,new,,,15
720,newkey_123111,newkey,900.0,,,Bureau Et Local...,,,Rent,Commercial,2026-03-24T14:49:05.414636,new,,,15
643,newkey_116679,newkey,,,,Maison / Villa,,,Rent,Villa,2026-03-24T14:49:13.173382,new,,,0
715,newkey_123044,newkey,1800.0,,,Appartement,,,Rent,Apartment,2026-03-24T14:49:20.165193,new,,,35
704,newkey_123040,newkey,3500.0,,,Maison / Villa,,,Rent,Villa,2026-03-24T14:49:35.950951,new,,,35
706,newkey_122905,newkey,5800.0,,,Maison / Villa,,,Rent,Villa,2026-03-24T14:49:43.160786,new,,,35
711,newkey_122903,newkey,1050.0,,,Appartement,,,Rent,Apartment,2026-03-24T14:49:50.927260,new,,,35
712,newkey_122897,newkey,1800.0,,,Bureau Et Local...,,,Rent,Commercial,2026-03-24T14:49:57.027999,new,,,20
713,newkey_122831,newkey,1100.0,,,Appartement,,,Rent,Apartment,2026-03-24T14:50:04.708164,new,,,30
695,newkey_122823,newkey,1600.0,,,Bureau Et Local...,,,Rent,Commercial,2026-03-24T14:50:11.979186,new,,,15
698,newkey_122821,newkey,4000.0,,,Maison / Villa,,,Rent,Villa,2026-03-24T14:50:26.388754,new,,,35
700,newkey_122740,newkey,2600.0,,,Appartement,,,Rent,Apartment,2026-03-24T14:50:33.481224,new,,,35
696,newkey_122624,newkey,1900.0,,,Appartement,,,Rent,Apartment,2026-03-24T14:50:39.408654,new,,,35
702,newkey_122701,newkey,4100.0,,,Appartement,,,Rent,Villa,2026-03-24T14:50:46.682764,new,,,20
697,newkey_122697,newkey,3700.0,,,Appartement,,,Rent,Villa,2026-03-24T14:50:53.189848,new,,,20
689,newkey_122481,newkey,2500.0,,,Appartement,,,Rent,Apartment,2026-03-24T14:51:00.441307,new,,,35
952,verdar_124713,verdar,3000.0,1000.0,,,,,Rent,Land,2026-03-24T14:56:49.515566,price_down,-2997400.0,-99.9,20
964,zitouna_immo_6538,zitouna_immo,890000.0,,,La Marsa,TUNIS,north,Sale,Villa,2026-03-24T15:01:30.509803,new,,,70
957,zitouna_immo_5804,zitouna_immo,,,,Sousse Ville,SOUSSE,east,Sale,Land,2026-03-24T15:01:35.536605,new,,,25
954,zitouna_immo_6434,zitouna_immo,970000.0,,,La Soukra,ARIANA,north,Sale,Commercial,2026-03-24T15:01:41.184169,new,,,70
960,zitouna_immo_6536,zitouna_immo,410000.0,,,La Marsa,TUNIS,north,Sale,Commercial,2026-03-24T15:01:55.145430,new,,,65
956,zitouna_immo_6535,zitouna_immo,1250.0,,,La Goulette,TUNIS,north,Sale,Villa,2026-03-24T15:02:00.805071,new,,,50
958,zitouna_immo_6534,zitouna_immo,,,,Soliman,NABEUL,north,Sale,Land,2026-03-24T15:02:10.478446,new,,,10
959,zitouna_immo_5518,zitouna_immo,4500.0,,,La Marsa,TUNIS,north,Rent,Apartment,2026-03-24T15:06:02.260579,new,,,70
953,zitouna_immo_5775,zitouna_immo,,,,La Marsa,TUNIS,north,Rent,Villa,2026-03-24T15:06:08.543075,new,,,25
961,zitouna_immo_5707,zitouna_immo,15000.0,,,La Marsa,TUNIS,north,Rent,Villa,2026-03-24T15:06:13.928027,new,,,70
962,zitouna_immo_5557,zitouna_immo,,,,Carthage,TUNIS,north,Rent,Land,2026-03-24T15:06:19.952834,new,,,25
965,zitouna_immo_6545,zitouna_immo,4000.0,,,La Marsa,TUNIS,north,Rent,Apartment,2026-03-24T15:06:26.131205,new,,,70
967,zitouna_immo_6546,zitouna_immo,1800.0,,,La Marsa,TUNIS,north,Rent,Villa,2026-03-24T15:06:30.498534,new,,,70
966,zitouna_immo_6543,zitouna_immo,3700.0,,,La Marsa,TUNIS,north,Rent,Commercial,2026-03-24T15:06:37.119915,new,,,70
955,zitouna_immo_2973,zitouna_immo,3500.0,,,La Marsa,TUNIS,north,Rent,Villa,2026-03-24T15:06:42.987635,new,,,70
968,zitouna_immo_6541,zitouna_immo,3500.0,,,La Marsa,TUNIS,north,Rent,Apartment,2026-03-24T15:06:47.996714,new,,,70
963,zitouna_immo_6544,zitouna_immo,5000.0,,,La Soukra,ARIANA,north,Rent,Other,2026-03-24T15:06:54.262426,new,,,65
974,mubawab_7670672,mubawab,,,3.0,El Kantaoui,SOUSSE,east,Sale,Apartment,2026-03-24T15:28:41.567172,new,,,50
975,mubawab_8130939,mubawab,,130.0,1.0,,,,Sale,Apartment,2026-03-24T15:29:04.301627,new,,,15
973,mubawab_7928563,mubawab,,99.0,1.0,,,,Sale,Apartment,2026-03-24T15:29:08.782939,new,,,15
979,mubawab_8301360,mubawab,,73.0,1.0,,TUNIS,north,Sale,Apartment,2026-03-24T15:29:13.079313,new,,,60
972,mubawab_7907095,mubawab,,52.0,1.0,,,,Sale,Apartment,2026-03-24T15:29:17.470378,new,,,15
969,mubawab_7582027,mubawab,,219.0,4.0,,,,Sale,Apartment,2026-03-24T15:29:23.360942,new,,,15
976,mubawab_7845704,mubawab,,123.0,7.0,,,,Sale,Apartment,2026-03-24T15:29:29.551140,new,,,15
978,mubawab_8253811,mubawab,,129.0,4.0,,TUNIS,north,Sale,Apartment,2026-03-24T15:29:34.794516,new,,,55
980,mubawab_8166867,mubawab,,123.0,9.0,,,,Sale,Commercial,2026-03-24T15:29:55.457944,new,,,15
977,mubawab_7851012,mubawab,,130.0,10.0,,,,Sale,Commercial,2026-03-24T15:30:00.209051,new,,,15
970,mubawab_7477759,mubawab,,555.0,9.0,,,,Sale,Commercial,2026-03-24T15:30:05.250014,new,,,15
981,mubawab_8320299,mubawab,,82.0,10.0,,,,Sale,Commercial,2026-03-24T15:30:10.325143,new,,,15
971,mubawab_8320290,mubawab,,124.0,,,TUNIS,north,Sale,Commercial,2026-03-24T15:30:15.276474,new,,,20
984,affare_245170,affare,2900.0,252.0,3.0,Mahdia,MAHDIA,east,Sale,Villa,2026-03-24T16:16:10.976891,new,,,80
986,affare_245171,affare,3800.0,109.0,2.0,Mahdia,MAHDIA,east,Sale,Apartment,2026-03-24T16:16:31.902445,new,,,80
994,affare_259067,affare,100.0,100.0,2.0,Centre Ville - Lafayette,TUNIS,north,Sale,Other,2026-03-24T16:16:42.625548,new,,,75
982,affare_2170,affare,90000.0,2170.0,,Sidi Bou Ali,SOUSSE,east,Sale,Land,2026-03-24T16:16:52.316469,new,,,65
993,affare_259069,affare,1250.0,320.0,4.0,Hammamet,NABEUL,north,Sale,Land,2026-03-24T16:17:05.916184,new,,,80
995,affare_259068,affare,850000.0,500.0,3.0,Hammamet,NABEUL,north,Sale,Villa,2026-03-24T16:17:10.567211,new,,,100
985,affare_256890,affare,650.0,102.0,2.0,Mahdia,MAHDIA,east,Sale,Apartment,2026-03-24T16:17:20.508985,new,,,80
983,affare_257145,affare,2000.0,90.0,2.0,Mahdia,MAHDIA,east,Rent,Apartment,2026-03-24T16:17:32.303042,new,,,90
987,affare_257202,affare,550.0,80.0,2.0,Mahdia,MAHDIA,east,Rent,Apartment,2026-03-24T16:17:44.003285,new,,,90
988,affare_257147,affare,1500.0,66.0,1.0,Mahdia,MAHDIA,east,Rent,Apartment,2026-03-24T16:17:50.807931,new,,,90
990,affare_259065,affare,870000.0,,4.0,Hammamet Sud,NABEUL,north,Sale,Villa,2026-03-24T16:17:58.086732,new,,,85
992,affare_259066,affare,1350.0,650.0,5.0,Hammamet Sud,NABEUL,north,Sale,Villa,2026-03-24T16:18:06.168014,new,,,80
991,affare_259064,affare,1600.0,90.0,2.0,Sahloul,SOUSSE,east,Rent,Apartment,2026-03-24T16:18:12.050594,new,,,90
989,affare_259063,affare,975000.0,550.0,8.0,Hammamet,NABEUL,north,Sale,Land,2026-03-24T16:18:16.572973,new,,,100
996,century21_c06ff58b0763,century21,,,,Hammamet,NABEUL,north,Sale,Apartment,2026-03-24T16:22:23.887290,new,,,20
997,newkey_130515,newkey,2300.0,,,Appartement,,,Rent,Apartment,2026-03-24T17:06:43.979976,new,,,35
998,zitouna_immo_6547,zitouna_immo,2200.0,,,Ariana Ville,ARIANA,north,Rent,Commercial,2026-03-24T17:48:22.180280,new,,,40
1001,century21_ebc7ed0ab918,century21,,,,La Marsa,TUNIS,north,Rent,Villa,2026-03-24T19:41:30.837566,new,,,25
999,century21_9ba44f991d99,century21,,,,Ain Zaghouan,TUNIS,north,Rent,Villa,2026-03-24T19:41:37.791275,new,,,25
1000,century21_d56c9a65e2f8,century21,,,,Ariana Ville,ARIANA,north,Rent,Apartment,2026-03-24T19:41:45.052180,new,,,25
1156,tunisieannonce_ce8f258a8951,tunisieannonce,360000.0,300.0,,Rades Plage,,,Sale,Land,2026-03-24T22:24:28.697762,new,,,75
1153,tunisieannonce_4696fc8bc3a7,tunisieannonce,850000.0,400.0,2.0,Cite El Ghazala 1,,,Sale,Land,2026-03-24T22:24:56.507857,new,,,75
1159,tunisieannonce_16fd3d5fd8d2,tunisieannonce,2500.0,500.0,2.0,Cite Ennasr 2,,,Sale,Land,2026-03-24T22:25:02.411678,new,,,70
1160,tunisieannonce_712254797322,tunisieannonce,1250.0,120.0,2.0,Riadh Landlous,,,Sale,Villa,2026-03-24T22:25:15.136576,new,,,55
1155,tunisieannonce_15217bbad0ec,tunisieannonce,400000.0,71.0,2.0,Hammamet,,,Sale,Apartment,2026-03-24T22:25:21.098639,new,,,90
1158,tunisieannonce_8252f461115f,tunisieannonce,220000.0,140.0,,Hedi Chaker,,,Sale,Commercial,2026-03-24T22:25:35.733525,new,,,80
1096,kalaat-el-andalous,tecnocasa,,,,,,,Sale,Other,2026-03-24T22:58:22.771672,new,,,0
1089,fouchana,tecnocasa,,,,,,,Sale,Other,2026-03-24T22:59:05.679713,new,,,0
1110,mohamedia,tecnocasa,,,,,,,Sale,Other,2026-03-24T22:59:12.748980,new,,,0
1081,cap-bon,tecnocasa,,,,,,,Sale,Other,2026-03-24T22:59:38.155364,new,,,0
1031,62152,tecnocasa,,230.0,,,,,Sale,Other,2026-03-24T22:59:44.375004,new,,,0
1053,64617,tecnocasa,,436.0,,,,,Sale,Other,2026-03-24T22:59:53.907424,new,,,0
1054,64615,tecnocasa,,320.0,,,,,Sale,Other,2026-03-24T23:00:04.536143,new,,,0
1059,64606,tecnocasa,,78.0,1.0,,,,Sale,Other,2026-03-24T23:00:12.383322,new,,,10
1052,64421,tecnocasa,,200.0,,,,,Sale,Other,2026-03-24T23:00:23.394836,new,,,0
1046,64090,tecnocasa,,186.0,,,,,Sale,Other,2026-03-24T23:00:29.985449,new,,,0
1026,62625,tecnocasa,,130.0,2.0,,,,Sale,Other,2026-03-24T23:00:36.233769,new,,,10
1043,63958,tecnocasa,,354.0,,,,,Sale,Other,2026-03-24T23:00:43.666592,new,,,0
1011,57451,tecnocasa,,603.0,,,,,Sale,Other,2026-03-24T23:00:49.282918,new,,,0
1007,36522,tecnocasa,,341.0,,,,,Sale,Other,2026-03-24T23:00:55.342848,new,,,0
1024,62150,tecnocasa,,200.0,,,,,Sale,Other,2026-03-24T23:01:02.925219,new,,,0
1023,62463,tecnocasa,,130.0,3.0,,,,Sale,Other,2026-03-24T23:01:09.840963,new,,,10
1022,62260,tecnocasa,,157.0,,,,,Sale,Other,2026-03-24T23:01:16.724344,new,,,0
1025,62155,tecnocasa,,534.0,,,,,Sale,Other,2026-03-24T23:01:24.828937,new,,,0
1017,61923,tecnocasa,,203.0,,,,,Sale,Other,2026-03-24T23:01:34.059789,new,,,0
1133,tecnocasa_7a592e92e148,tecnocasa,,,,,,,Sale,Other,2026-03-24T23:01:41.183514,new,,,0
1140,tecnocasa_14233070837e,tecnocasa,,,,,,,Sale,Other,2026-03-24T23:01:48.489403,new,,,0
1151,tecnocasa_a7c71fdb8b46,tecnocasa,,,,,,,Sale,Other,2026-03-24T23:01:54.584462,new,,,0
1064,agence-hammamet,tecnocasa,,,,,,,Sale,Other,2026-03-24T23:02:02.791362,new,,,0
1063,agence-hammamet-2,tecnocasa,,,,,,,Sale,Other,2026-03-24T23:02:08.862723,new,,,0
1066,agence-nabeul,tecnocasa,,,,,,,Sale,Other,2026-03-24T23:02:17.863968,new,,,0
1071,barreket-essahel,tecnocasa,,,,,,,Sale,Other,2026-03-24T23:02:25.215837,new,,,0
1091,hammamet-centre,tecnocasa,,,,,,,Sale,Other,2026-03-24T23:02:34.202675,new,,,0
1088,hammamet-nord,tecnocasa,,,,,,,Sale,Other,2026-03-24T23:02:41.670622,new,,,0
1085,hammamet-sud,tecnocasa,,,,,,,Sale,Other,2026-03-24T23:02:48.683229,new,,,0
1074,bir-bou-regba,tecnocasa,,,,,,,Sale,Other,2026-03-24T23:02:54.343431,new,,,0
1077,cite-el-wafa-afh,tecnocasa,,,,,,,Sale,Other,2026-03-24T23:03:00.368127,new,,,0
1076,cite-ennassim,tecnocasa,,,,,,,Sale,Other,2026-03-24T23:03:05.601133,new,,,0
1079,cote-craxi,tecnocasa,,,,,,,Sale,Other,2026-03-24T23:03:11.462832,new,,,0
1080,cote-fourati,tecnocasa,,,,,,,Sale,Other,2026-03-24T23:03:18.077203,new,,,0
1092,kharrouba,tecnocasa,,,,,,,Sale,Other,2026-03-24T23:03:24.809341,new,,,0
1106,la-corniche-2,tecnocasa,,,,,,,Sale,Other,2026-03-24T23:03:32.011769,new,,,0
1105,la-gare,tecnocasa,,,,,,,Sale,Other,2026-03-24T23:03:39.478725,new,,,0
1103,le-fort,tecnocasa,,,,,,,Sale,Other,2026-03-24T23:03:47.840696,new,,,0
1104,manara,tecnocasa,,,,,,,Sale,Other,2026-03-24T23:03:54.632374,new,,,0
1112,moncef-bey,tecnocasa,,,,,,,Sale,Other,2026-03-24T23:04:00.997740,new,,,0
1117,mrezga,tecnocasa,,,,,,,Sale,Other,2026-03-24T23:04:07.989296,new,,,0
1115,route-de-nabeul,tecnocasa,,,,,,,Sale,Other,2026-03-24T23:04:13.895335,new,,,0
1130,sidi-maherzi,tecnocasa,,,,,,,Sale,Other,2026-03-24T23:04:20.068952,new,,,0
1149,zone-hoteliere,tecnocasa,,,,,,,Sale,Other,2026-03-24T23:04:24.829910,new,,,0
1152,zone-theatre,tecnocasa,,,,,,,Sale,Other,2026-03-24T23:04:31.779646,new,,,0
1157,zone-touristique-1,tecnocasa,,,,,,,Sale,Other,2026-03-24T23:04:38.101585,new,,,0
1154,zone-touristique-2,tecnocasa,,,,,,,Sale,Other,2026-03-24T23:04:43.935421,new,,,0
1039,63087,tecnocasa,,427.0,,,,,Sale,Other,2026-03-24T23:05:14.227423,new,,,0
1018,60004,tecnocasa,,145.0,3.0,,,,Sale,Other,2026-03-24T23:05:20.763649,new,,,10
1027,62630,tecnocasa,,134.0,3.0,,,,Sale,Other,2026-03-24T23:05:26.480050,new,,,10
1013,60392,tecnocasa,,150.0,3.0,,,,Sale,Other,2026-03-24T23:05:33.338995,new,,,10
1061,64702,tecnocasa,,125.0,2.0,,,,Sale,Other,2026-03-24T23:05:38.755561,new,,,10
1014,61461,tecnocasa,,145.0,3.0,,,,Sale,Other,2026-03-24T23:05:46.881251,new,,,10
1012,61948,tecnocasa,,187.0,3.0,,,,Sale,Other,2026-03-24T23:05:54.139257,new,,,10
1004,58927,tecnocasa,,100.0,2.0,,,,Sale,Other,2026-03-24T23:05:59.680238,new,,,10
1019,61942,tecnocasa,,90.0,2.0,,,,Sale,Other,2026-03-24T23:06:06.325161,new,,,10
1042,63965,tecnocasa,,74.0,1.0,,,,Sale,Other,2026-03-24T23:06:10.854216,new,,,10
1045,63943,tecnocasa,,95.0,2.0,,,,Sale,Other,2026-03-24T23:06:18.225705,new,,,10
1038,63643,tecnocasa,,100.0,2.0,,,,Sale,Other,2026-03-24T23:06:24.245381,new,,,10
1021,60282,tecnocasa,,100.0,2.0,,,,Sale,Other,2026-03-24T23:06:31.077141,new,,,10
1030,62005,tecnocasa,,117.0,3.0,,,,Sale,Other,2026-03-24T23:06:36.999578,new,,,10
1058,64743,tecnocasa,,146.0,2.0,,,,Sale,Other,2026-03-24T23:06:43.206368,new,,,10
1127,sousse,tecnocasa,,,,,,,Sale,Other,2026-03-24T23:06:48.427427,new,,,0
1147,tecnocasa_891ae163d6bd,tecnocasa,,,,,,,Sale,Other,2026-03-24T23:06:54.611574,new,,,0
1139,tecnocasa_4391f247ae81,tecnocasa,,,,,,,Sale,Other,2026-03-24T23:06:59.117382,new,,,0
1134,tecnocasa_2da971d66a33,tecnocasa,,,,,,,Sale,Other,2026-03-24T23:07:06.173056,new,,,0
1150,tecnocasa_8e7da343fe8d,tecnocasa,,,,,,,Sale,Other,2026-03-24T23:07:11.748533,new,,,0
1146,tecnocasa_cb5e4bd44d82,tecnocasa,,,,,,,Sale,Other,2026-03-24T23:07:17.935271,new,,,0
1143,tecnocasa_d10c1fb4ebff,tecnocasa,,,,,,,Sale,Other,2026-03-24T23:07:24.231235,new,,,0
1141,tecnocasa_19608b2d86e5,tecnocasa,,,,,,,Sale,Other,2026-03-24T23:07:30.500173,new,,,0
1069,akouda,tecnocasa,,,,,,,Sale,Other,2026-03-24T23:07:36.941013,new,,,0
1073,bouficha,tecnocasa,,,,,,,Sale,Other,2026-03-24T23:07:42.351545,new,,,0
1072,chott-meriam,tecnocasa,,,,,,,Sale,Other,2026-03-24T23:07:48.182601,new,,,0
1086,el-kantaoui,tecnocasa,,,,,,,Sale,Other,2026-03-24T23:07:53.679938,new,,,0
1084,enfida,tecnocasa,,,,,,,Sale,Other,2026-03-24T23:08:00.021508,new,,,0
1083,hammam-sousse,tecnocasa,,,,,,,Sale,Other,2026-03-24T23:08:06.386360,new,,,0
1087,hergla,tecnocasa,,,,,,,Sale,Other,2026-03-24T23:08:12.438739,new,,,0
1101,kalaa-kebira,tecnocasa,,,,,,,Sale,Other,2026-03-24T23:08:18.395029,new,,,0
1095,kalaa-seghira,tecnocasa,,,,,,,Sale,Other,2026-03-24T23:08:23.980605,new,,,0
1098,khezama,tecnocasa,,,,,,,Sale,Other,2026-03-24T23:08:29.210665,new,,,0
1093,kondar,tecnocasa,,,,,,,Sale,Other,2026-03-24T23:08:35.104429,new,,,0
1108,m-saken,tecnocasa,,,,,,,Sale,Other,2026-03-24T23:08:42.612783,new,,,0
1119,sahloul,tecnocasa,,,,,,,Sale,Other,2026-03-24T23:08:47.093459,new,,,0
1113,sidi-bou-ali,tecnocasa,,,,,,,Sale,Other,2026-03-24T23:08:53.136164,new,,,0
1128,sidi-el-hani,tecnocasa,,,,,,,Sale,Other,2026-03-24T23:08:59.504705,new,,,0
1126,sousse-centre-ville,tecnocasa,,,,,,,Sale,Other,2026-03-24T23:09:05.410468,new,,,0
1122,sousse-jawhara,tecnocasa,,,,,,,Sale,Other,2026-03-24T23:09:12.826995,new,,,0
1129,sousse-riadh,tecnocasa,,,,,,,Sale,Other,2026-03-24T23:09:19.354165,new,,,0
1124,sousse-zone-industrielle,tecnocasa,,,,,,,Sale,Other,2026-03-24T23:09:24.809585,new,,,0
1036,63842,tecnocasa,,350.0,,,,,Sale,Other,2026-03-24T23:09:48.510801,new,,,0
1048,64369,tecnocasa,,94.0,,,,,Sale,Other,2026-03-24T23:09:56.706343,new,,,0
1044,64017,tecnocasa,,114.0,,,,,Sale,Other,2026-03-24T23:10:06.569819,new,,,0
1049,63876,tecnocasa,,93.0,2.0,,,,Sale,Other,2026-03-24T23:10:11.798235,new,,,10
1060,64582,tecnocasa,,389.0,,,,,Sale,Other,2026-03-24T23:10:18.152056,new,,,0
1047,64372,tecnocasa,,119.0,,,,,Sale,Other,2026-03-24T23:10:25.153626,new,,,0
1056,64581,tecnocasa,,423.0,,,,,Sale,Other,2026-03-24T23:10:30.792937,new,,,0
1057,64580,tecnocasa,,390.0,,,,,Sale,Other,2026-03-24T23:10:37.749299,new,,,0
1051,64204,tecnocasa,,150.0,,,,,Sale,Other,2026-03-24T23:10:43.272956,new,,,0
1008,55702,tecnocasa,,123.0,2.0,,,,Sale,Other,2026-03-24T23:10:49.572913,new,,,10
1034,63375,tecnocasa,,60.0,,,,,Sale,Other,2026-03-24T23:10:56.486305,new,,,0
1003,47002,tecnocasa,,275.0,,,,,Sale,Other,2026-03-24T23:11:02.275433,new,,,0
1005,57767,tecnocasa,,410.0,,,,,Sale,Other,2026-03-24T23:11:08.789593,new,,,0
1006,58766,tecnocasa,,488.0,,,,,Sale,Other,2026-03-24T23:11:14.391119,new,,,0
1041,63180,tecnocasa,,150.0,2.0,,,,Sale,Other,2026-03-24T23:11:21.999960,new,,,10
1142,tecnocasa_e67a93723187,tecnocasa,,,,,,,Sale,Other,2026-03-24T23:11:32.051296,new,,,0
1135,tecnocasa_340d7b5e3d18,tecnocasa,,,,,,,Sale,Other,2026-03-24T23:11:38.461314,new,,,0
1145,tecnocasa_817fc8af6a1a,tecnocasa,,,,,,,Sale,Other,2026-03-24T23:11:45.146011,new,,,0
1144,tecnocasa_e0553444f3cd,tecnocasa,,,,,,,Sale,Other,2026-03-24T23:11:54.681831,new,,,0
1131,tecnocasa_0fa731f62320,tecnocasa,,,,,,,Sale,Other,2026-03-24T23:12:01.292173,new,,,0
1136,tecnocasa_1893bb1c6aa3,tecnocasa,,,,,,,Sale,Other,2026-03-24T23:12:08.515535,new,,,0
1132,tecnocasa_42ad67b93bec,tecnocasa,,,,,,,Sale,Other,2026-03-24T23:12:14.230130,new,,,0
1070,bekalta,tecnocasa,,,,,,,Sale,Other,2026-03-24T23:12:21.067882,new,,,0
1065,bembla,tecnocasa,,,,,,,Sale,Other,2026-03-24T23:12:26.792786,new,,,0
1068,beni-hassen,tecnocasa,,,,,,,Sale,Other,2026-03-24T23:12:33.710088,new,,,0
1099,jemmal,tecnocasa,,,,,,,Sale,Other,2026-03-24T23:12:40.369488,new,,,0
1097,ksar-hellal,tecnocasa,,,,,,,Sale,Other,2026-03-24T23:12:47.098131,new,,,0
1100,ksibet-el-mediouni,tecnocasa,,,,,,,Sale,Other,2026-03-24T23:12:52.229323,new,,,0
1107,moknine,tecnocasa,,,,,,,Sale,Other,2026-03-24T23:12:58.175443,new,,,0
1102,monastir,tecnocasa,,,,,,,Sale,Other,2026-03-24T23:13:05.022716,new,,,0
1118,ouerdanine,tecnocasa,,,,,,,Sale,Other,2026-03-24T23:13:12.370154,new,,,0
1120,sahline,tecnocasa,,,,,,,Sale,Other,2026-03-24T23:13:18.393013,new,,,0
1121,sayada-lamta-bouhjar,tecnocasa,,,,,,,Sale,Other,2026-03-24T23:13:23.078793,new,,,0
1116,sayeda,tecnocasa,,,,,,,Sale,Other,2026-03-24T23:13:27.735817,new,,,0
1125,teboulba,tecnocasa,,,,,,,Sale,Other,2026-03-24T23:13:33.091941,new,,,0
1148,zeramdine,tecnocasa,,,,,,,Sale,Other,2026-03-24T23:13:39.284770,new,,,0
1029,62221,tecnocasa,,232.0,,,,,Sale,Other,2026-03-24T23:14:03.325871,new,,,0
1032,63066,tecnocasa,,53.0,1.0,,,,Sale,Other,2026-03-24T23:14:09.208401,new,,,10
1028,62316,tecnocasa,,77.0,2.0,,,,Sale,Other,2026-03-24T23:14:16.539188,new,,,10
1055,64604,tecnocasa,,300.0,,,,,Sale,Other,2026-03-24T23:14:22.304636,new,,,0
1020,61572,tecnocasa,,661.0,,,,,Sale,Other,2026-03-24T23:14:29.079471,new,,,0
1050,63983,tecnocasa,,191.0,4.0,,,,Sale,Other,2026-03-24T23:14:35.521462,new,,,10
1015,61407,tecnocasa,,147.0,3.0,,,,Sale,Other,2026-03-24T23:14:41.357449,new,,,10
1016,61795,tecnocasa,,220.0,,,,,Sale,Other,2026-03-24T23:14:48.385824,new,,,0
1009,58550,tecnocasa,,405.0,,,,,Sale,Other,2026-03-24T23:14:55.398609,new,,,0
1035,63844,tecnocasa,,222.0,,,,,Sale,Other,2026-03-24T23:15:00.583136,new,,,0
1037,63739,tecnocasa,,96.0,3.0,,,,Sale,Other,2026-03-24T23:15:07.823724,new,,,10
1010,59143,tecnocasa,,561.0,,,,,Sale,Other,2026-03-24T23:15:14.293820,new,,,0
1033,63418,tecnocasa,,534.0,,,,,Sale,Other,2026-03-24T23:15:21.312251,new,,,0
1040,62859,tecnocasa,,147.0,3.0,,,,Sale,Other,2026-03-24T23:15:27.589667,new,,,10
1002,56970,tecnocasa,,920.0,,,,,Sale,Other,2026-03-24T23:15:32.839570,new,,,0
1137,tecnocasa_66bf931e90bd,tecnocasa,,,,,,,Sale,Other,2026-03-24T23:15:47.938594,new,,,0
1138,tecnocasa_63a8703e6037,tecnocasa,,,,,,,Sale,Other,2026-03-24T23:15:54.833109,new,,,0
1062,agareb,tecnocasa,,,,,,,Sale,Other,2026-03-24T23:16:01.772844,new,,,0
1067,bir-ali-ben-khalifa,tecnocasa,,,,,,,Sale,Other,2026-03-24T23:16:07.838962,new,,,0
1078,el-amra,tecnocasa,,,,,,,Sale,Other,2026-03-24T23:16:12.334985,new,,,0
1075,el-hencha,tecnocasa,,,,,,,Sale,Other,2026-03-24T23:16:18.978204,new,,,0
1090,graiba,tecnocasa,,,,,,,Sale,Other,2026-03-24T23:16:24.570259,new,,,0
1082,jebiniana,tecnocasa,,,,,,,Sale,Other,2026-03-24T23:16:31.168486,new,,,0
1094,kerkennah,tecnocasa,,,,,,,Sale,Other,2026-03-24T23:16:37.797996,new,,,0
1111,mahres,tecnocasa,,,,,,,Sale,Other,2026-03-24T23:16:44.993509,new,,,0
1109,menzel-chaker,tecnocasa,,,,,,,Sale,Other,2026-03-24T23:16:50.782316,new,,,0
1114,sfax,tecnocasa,,,,,,,Sale,Other,2026-03-24T23:16:57.874488,new,,,0
1123,skhira,tecnocasa,,,,,,,Sale,Other,2026-03-24T23:17:04.092028,new,,,0
1187,affare_259100,affare,168000.0,90.0,2.0,Mahdia,MAHDIA,east,Sale,Apartment,2026-03-25T00:22:18.205523,new,,,100
1183,affare_259098,affare,616000.0,137.0,2.0,Mahdia,MAHDIA,east,Sale,Apartment,2026-03-25T00:22:39.603949,new,,,100
1178,affare_259099,affare,2000.0,160.0,2.0,Hammamet,NABEUL,north,Sale,Commercial,2026-03-25T00:22:44.013932,new,,,80
1185,affare_259105,affare,680000.0,124.0,2.0,Mahdia,MAHDIA,east,Sale,Apartment,2026-03-25T00:22:49.874303,new,,,100
1188,affare_259110,affare,230000.0,77.0,3.0,Sousse Riadh,SOUSSE,east,Sale,Apartment,2026-03-25T00:22:55.313846,new,,,100
1179,affare_259109,affare,498000.0,82.0,2.0,Mahdia,MAHDIA,east,Sale,Villa,2026-03-25T00:23:07.048874,new,,,100
1180,affare_259108,affare,430000.0,200.0,3.0,Mahdia,MAHDIA,east,Sale,Villa,2026-03-25T00:23:19.091419,new,,,100
1190,affare_259113,affare,450.0,100.0,2.0,Hammam Chott,BEN AROUS,north,Sale,Commercial,2026-03-25T00:23:30.319519,new,,,80
1189,affare_259111,affare,235000.0,105.0,2.0,Mahdia,MAHDIA,east,Sale,Villa,2026-03-25T00:23:36.475554,new,,,100
1176,affare_259093,affare,850.0,,,Manar,ARIANA,north,Rent,Commercial,2026-03-25T00:23:46.652202,new,,,75
1170,affare_259084,affare,1020.0,560.0,7.0,Hammamet,NABEUL,north,Sale,Villa,2026-03-25T00:23:57.027212,new,,,80
1184,affare_259097,affare,230000.0,90.0,2.0,Mahdia,MAHDIA,east,Sale,Apartment,2026-03-25T00:24:07.927676,new,,,95
1169,affare_259088,affare,600000.0,147.0,2.0,Mahdia,MAHDIA,east,Sale,Apartment,2026-03-25T00:24:22.141261,new,,,100
1171,affare_259089,affare,444000.0,121.0,2.0,Mahdia,MAHDIA,east,Sale,Apartment,2026-03-25T00:24:27.857045,new,,,100
1177,affare_259085,affare,580.0,50.0,1.0,Mahdia,MAHDIA,east,Sale,Apartment,2026-03-25T00:24:32.769098,new,,,80
1174,affare_259087,affare,1050.0,440.0,4.0,Hammamet,NABEUL,north,Sale,Villa,2026-03-25T00:24:36.985333,new,,,80
1168,affare_259090,affare,950.0,,,Manar,ARIANA,north,Sale,Commercial,2026-03-25T00:24:47.292860,new,,,55
1181,affare_259095,affare,1500.0,714.0,,Sousse Médina,SOUSSE,east,Sale,Land,2026-03-25T00:24:58.116006,new,,,70
1175,affare_259086,affare,550.0,35.0,1.0,Mahdia,MAHDIA,east,Sale,Villa,2026-03-25T00:25:09.440865,new,,,80
1166,affare_259076,affare,6000.0,,4.0,Hammamet Sud,NABEUL,north,Sale,Land,2026-03-25T00:25:13.474981,new,,,85
1161,affare_1000,affare,700000.0,1000.0,,Sousse Riadh,SOUSSE,east,Sale,Land,2026-03-25T00:25:24.655846,new,,,90
1167,affare_259074,affare,74000.0,29.0,,Sousse Riadh,SOUSSE,east,Sale,Commercial,2026-03-25T00:25:36.647870,new,,,90
1182,affare_259094,affare,240000.0,166.0,2.0,Mahdia,MAHDIA,east,Sale,Villa,2026-03-25T00:25:46.709753,new,,,100
1173,affare_259091,affare,309000.0,103.0,,Mahdia,MAHDIA,east,Sale,Commercial,2026-03-25T00:25:52.793099,new,,,90
1172,affare_259092,affare,402000.0,106.0,2.0,Mahdia,MAHDIA,east,Sale,Apartment,2026-03-25T00:26:02.940570,new,,,100
1186,affare_259096,affare,400000.0,83.0,1.0,Mahdia,MAHDIA,east,Sale,Apartment,2026-03-25T00:26:10.443096,new,,,100
1163,affare_259081,affare,450000.0,300.0,4.0,Hammamet,NABEUL,north,Sale,Villa,2026-03-25T00:26:16.035250,new,,,100
1164,affare_259082,affare,850000.0,,4.0,Hammamet Sud,NABEUL,north,Sale,Villa,2026-03-25T00:26:25.968526,new,,,85
1165,affare_259078,affare,600.0,95.0,2.0,Mahdia,MAHDIA,east,Rent,Apartment,2026-03-25T00:26:37.856688,new,,,90
1162,affare_259079,affare,1200.0,124.0,2.0,Mahdia,MAHDIA,east,Sale,Other,2026-03-25T00:26:50.365655,new,,,80
1194,mubawab_8164140,mubawab,,1004.0,1.0,,,,Sale,Land,2026-03-25T03:26:24.639321,new,,,15
1191,mubawab_7828788,mubawab,,1631.0,,,,,Sale,Land,2026-03-25T03:26:30.977417,new,,,5
1192,mubawab_7942064,mubawab,,159.0,,,TUNIS,north,Sale,Land,2026-03-25T03:26:35.760829,new,,,25
1197,mubawab_8164224,mubawab,,622.0,,,TUNIS,north,Sale,Land,2026-03-25T03:26:50.808235,new,,,25
1193,mubawab_7976802,mubawab,,664.0,,,,,Sale,Land,2026-03-25T03:27:00.626959,new,,,5
1196,mubawab_7936878,mubawab,,117.0,,,,,Sale,Land,2026-03-25T03:27:04.838002,new,,,5
1195,mubawab_7981263,mubawab,,148.0,,,TUNIS,north,Sale,Land,2026-03-25T03:27:10.871507,new,,,25
1203,affare_256580,affare,1800.0,200.0,2.0,Hammamet Centre,NABEUL,north,Sale,Commercial,2026-03-25T13:29:54.767017,new,,,80
1206,affare_257660,affare,11.0,1000.0,4.0,Hammamet Nord,NABEUL,north,Sale,Villa,2026-03-25T13:30:44.160451,new,,,80
1201,affare_253784,affare,147000.0,196.0,,Hammamet Nord,NABEUL,north,Sale,Land,2026-03-25T13:30:58.579561,new,,,90
1207,affare_257524,affare,1500.0,90.0,1.0,Hammamet,NABEUL,north,Rent,Apartment,2026-03-25T13:31:12.096155,new,,,90
1199,affare_140219,affare,85.0,120.0,3.0,Ariana Ville,ARIANA,north,Sale,Apartment,2026-03-25T13:31:20.473983,new,,,80
1225,affare_55616,affare,90.0,120.0,3.0,La Soukra,ARIANA,north,Sale,Apartment,2026-03-25T13:31:35.026265,new,,,80
1227,affare_57374,affare,500.0,70.0,1.0,La Soukra,ARIANA,north,Sale,Apartment,2026-03-25T13:31:42.751065,new,,,80
1226,affare_57372,affare,450.0,70.0,2.0,La Soukra,ARIANA,north,Sale,Apartment,2026-03-25T13:31:50.163319,new,,,80
1204,affare_258876,affare,3500.0,80.0,1.0,Hammamet Nord,NABEUL,north,Rent,Apartment,2026-03-25T13:31:57.898812,new,,,80
1218,affare_259137,affare,800000.0,1015.0,4.0,Bouficha,SOUSSE,east,Sale,Villa,2026-03-25T13:32:10.236306,new,,,100
1221,affare_259133,affare,1030.0,1000.0,5.0,Hammamet Sud,NABEUL,north,Sale,Villa,2026-03-25T13:32:20.954673,new,,,80
1217,affare_259134,affare,760000.0,350.0,4.0,Hammamet Nord,NABEUL,north,Sale,Villa,2026-03-25T13:32:32.438837,new,,,100
1219,affare_259135,affare,3900.0,900.0,4.0,Béni Khiar,NABEUL,north,Sale,Villa,2026-03-25T13:32:44.217129,new,,,80
1222,affare_259136,affare,,400.0,4.0,Béni Khiar,NABEUL,north,Rent,Villa,2026-03-25T13:33:05.222097,new,,,80
1220,affare_259132,affare,1200.0,60.0,1.0,Mrezga,NABEUL,north,Rent,Apartment,2026-03-25T13:33:20.328215,new,,,90
1223,affare_259130,affare,2000.0,870.0,5.0,Nabeul,NABEUL,north,Sale,Villa,2026-03-25T13:33:24.965386,new,,,80
1224,affare_259131,affare,219000.0,219.0,,Akouda,SOUSSE,east,Sale,Land,2026-03-25T13:33:36.797400,new,,,90
1215,affare_259128,affare,780000.0,240.0,3.0,Hammamet Nord,NABEUL,north,Sale,Villa,2026-03-25T13:33:47.850232,new,,,100
1216,affare_259129,affare,350000.0,172.0,6.0,Nabeul,NABEUL,north,Sale,Land,2026-03-25T13:34:02.066368,new,,,100
1212,affare_259127,affare,1600.0,500.0,4.0,Hammamet Nord,NABEUL,north,Sale,Villa,2026-03-25T13:34:12.251609,new,,,80
1209,affare_259125,affare,291000.0,485.0,,Akouda,SOUSSE,east,Sale,Land,2026-03-25T13:34:27.340306,new,,,90
1214,affare_259126,affare,80000.0,80.0,3.0,Sousse Jawhara,SOUSSE,east,Sale,Apartment,2026-03-25T13:34:40.764981,new,,,100
1200,affare_248686,affare,127875.0,6750.0,,Ghazela,ARIANA,north,Sale,Commercial,2026-03-25T13:34:53.718439,new,,,60
1202,affare_256532,affare,8000.0,3370.0,,Centre Ville - Lafayette,TUNIS,north,Sale,Commercial,2026-03-25T13:35:08.789827,new,,,70
1198,affare_238113,affare,70000.0,4800.0,,Le Kram,TUNIS,north,Sale,Commercial,2026-03-25T13:35:25.058275,new,,,70
1205,affare_258784,affare,5500.0,160.0,4.0,Sidi Daoud,TUNIS,north,Sale,Apartment,2026-03-25T13:35:39.362480,new,,,80
1208,affare_259120,affare,860000.0,310.0,3.0,Sahloul,SOUSSE,east,Sale,Land,2026-03-25T13:35:47.784004,new,,,100
1210,affare_259122,affare,11.0,50.0,1.0,Hammamet Nord,NABEUL,north,Rent,Apartment,2026-03-25T13:36:05.821901,new,,,80
1213,affare_259124,affare,1100.0,60.0,1.0,Mrezga,NABEUL,north,Rent,Apartment,2026-03-25T13:36:15.195969,new,,,90
1211,affare_259123,affare,420000.0,146.0,2.0,Akouda,SOUSSE,east,Sale,Apartment,2026-03-25T13:36:22.850031,new,,,100
1232,century21_d9f20e028159,century21,,,,Jardins De Carthage,TUNIS,north,Sale,Commercial,2026-03-25T13:40:31.491649,new,,,25
1233,century21_e52f2140f570,century21,,,,Les Berges Du Lac,TUNIS,north,Rent,Commercial,2026-03-25T14:38:04.982488,new,,,25
1228,century21_5b3849c4f5b0,century21,,,,La Marsa,TUNIS,north,Rent,Apartment,2026-03-25T14:38:28.137220,new,,,25
1229,century21_7a5662f7d123,century21,,,,Sousse Jaouhara,SOUSSE,east,Rent,Apartment,2026-03-25T14:38:40.768756,new,,,25
1231,century21_7950adacbbdc,century21,,,,Cite El Khadra,TUNIS,north,Rent,Commercial,2026-03-25T14:39:18.359291,new,,,25
1230,century21_79562dda3aca,century21,,,,La Soukra,ARIANA,north,Rent,Apartment,2026-03-25T14:39:28.923754,new,,,25
1234,century21_fdae97213e1a,century21,,,,Cité Mahrajène,TUNIS,north,Rent,Commercial,2026-03-25T14:39:41.814199,new,,,25
1235,mubawab_7809702,mubawab,,61.0,1.0,,TUNIS,north,Sale,Apartment,2026-03-25T15:32:40.007502,new,,,55
1237,mubawab_7582018,mubawab,,61.0,1.0,,TUNIS,north,Sale,Apartment,2026-03-25T15:32:57.857345,new,,,60
1238,mubawab_8034635,mubawab,,68.0,1.0,,,,Sale,Apartment,2026-03-25T15:33:17.481552,new,,,15
1241,mubawab_8189593,mubawab,,143.0,3.0,,TUNIS,north,Sale,Apartment,2026-03-25T15:33:37.382218,new,,,60
1240,mubawab_8276597,mubawab,,95.0,1.0,,,,Sale,Apartment,2026-03-25T15:33:53.081044,new,,,15
1242,mubawab_8253718,mubawab,,44.0,1.0,,,,Rent,Apartment,2026-03-25T15:34:09.016311,new,,,15
1236,mubawab_7660108,mubawab,,260.0,19.0,,,,Rent,Apartment,2026-03-25T15:34:13.259894,new,,,15
1239,mubawab_7925557,mubawab,,140.0,13.0,,,,Rent,Apartment,2026-03-25T15:34:18.329273,new,,,15
1245,newkey_130526,newkey,1200.0,,,Appartement,,,Sale,Apartment,2026-03-25T15:34:48.416350,new,,,15
1243,newkey_104163,newkey,3500.0,,,Maison / Villa,,,Sale,Villa,2026-03-25T15:35:49.688054,new,,,15
1244,newkey_130525,newkey,2500.0,,,Appartement,,,Sale,Apartment,2026-03-25T15:35:56.896403,new,,,15
1247,64726,tecnocasa,,234.0,,,,,Sale,Other,2026-03-25T15:46:08.216281,new,,,0
1246,59841,tecnocasa,,80.0,1.0,,,,Sale,Other,2026-03-25T15:51:48.156350,new,,,10
1626,tunisieannonce_f383ad3e8647,tunisieannonce,330000.0,300.0,2.0,Kelibia,TUNIS,north,Sale,Villa,2026-03-26T14:04:30.722045,new,,,100
1403,tunisieannonce_5fd454342f74,tunisieannonce,285000.0,105.0,3.0,Borj El Baccouche,TUNIS,north,Sale,Apartment,2026-03-26T14:05:11.578513,new,,,100
1633,tunisieannonce_fc42ac955de3,tunisieannonce,750000.0,720.0,3.0,Bou Mhel,TUNIS,north,Sale,Land,2026-03-26T14:05:22.195355,new,,,100
1296,tunisieannonce_1a591338b79a,tunisieannonce,650000.0,325.0,3.0,Cite Ennasr 1,TUNIS,north,Sale,Land,2026-03-26T14:05:33.251378,new,,,100
1620,tunisieannonce_f2316dd1e4c9,tunisieannonce,900000.0,263.0,3.0,Cite Ennasr 2,TUNIS,north,Sale,Villa,2026-03-26T14:05:46.015376,new,,,100
1531,tunisieannonce_afe797293ad7,tunisieannonce,85000.0,70.0,2.0,Hammam El Ghezaz,TUNIS,north,Sale,Apartment,2026-03-26T14:06:06.262365,new,,,100
1619,tunisieannonce_ef4ca97853b5,tunisieannonce,250000.0,125.0,,Tataouine,TUNIS,north,Sale,Commercial,2026-03-26T14:06:16.371208,new,,,90
1489,tunisieannonce_8ec99f8d132d,tunisieannonce,550000.0,530.0,2.0,Kerkouane,TUNIS,north,Sale,Land,2026-03-26T14:09:54.351171,new,,,100
1432,tunisieannonce_747f5c867050,tunisieannonce,660.0,90.0,2.0,Denden,TUNIS,north,Rent,Villa,2026-03-26T14:10:04.148248,new,,,85
1457,tunisieannonce_81116f7aa8cb,tunisieannonce,210000.0,270.0,,Gammart,TUNIS,north,Sale,Land,2026-03-26T14:10:11.948977,new,,,90
1475,tunisieannonce_89e1e9033938,tunisieannonce,105500.0,52.0,3.0,Bab Bhar,TUNIS,north,Sale,Commercial,2026-03-26T14:10:20.798615,new,,,100
1468,tunisieannonce_8564f181f131,tunisieannonce,250000.0,200.0,2.0,Kelibia,TUNIS,north,Sale,Apartment,2026-03-26T14:10:30.895151,new,,,100
1579,tunisieannonce_c62914893ead,tunisieannonce,1700.0,180.0,3.0,Borj El Baccouche,TUNIS,north,Rent,Villa,2026-03-26T14:10:40.604172,new,,,90
1550,tunisieannonce_b7450e2435b1,tunisieannonce,546000.0,453.0,,Khezama Ouest,TUNIS,north,Sale,Land,2026-03-26T14:10:49.103051,new,,,90
1259,tunisieannonce_049bf41cd95f,tunisieannonce,144760.0,658.0,,Hergla,TUNIS,north,Sale,Land,2026-03-26T14:10:57.951394,new,,,90
1264,tunisieannonce_0b2f19989bcf,tunisieannonce,100580.0,214.0,,Akouda,TUNIS,north,Sale,Land,2026-03-26T14:11:13.372697,new,,,90
1530,tunisieannonce_ac35ac5fafe3,tunisieannonce,750000.0,600.0,2.0,Kerkouane,TUNIS,north,Sale,Villa,2026-03-26T14:11:21.599995,new,,,100
1329,tunisieannonce_2ba0f59cff79,tunisieannonce,3800.0,455.0,2.0,Mutuelle Ville,TUNIS,north,Rent,Villa,2026-03-26T14:11:31.137373,new,,,90
1361,tunisieannonce_482ae3b9f843,tunisieannonce,2500.0,410.0,2.0,El Menzah 4,TUNIS,north,Rent,Villa,2026-03-26T14:11:42.390176,new,,,90
1491,tunisieannonce_941f91443ba9,tunisieannonce,3500.0,810.0,2.0,El Menzah 9,TUNIS,north,Rent,Commercial,2026-03-26T14:11:52.472470,new,,,90
1577,tunisieannonce_cb63d2cb41d6,tunisieannonce,560.0,101.0,1.0,Cite Ennasr 2,TUNIS,north,Rent,Apartment,2026-03-26T14:12:02.532938,new,,,90
1602,tunisieannonce_e2548228f2b5,tunisieannonce,950.0,30.0,2.0,Sahloul,TUNIS,north,Rent,Other,2026-03-26T14:12:12.460309,new,,,90
1316,tunisieannonce_28c8ef73a11a,tunisieannonce,240000.0,100.0,3.0,Ezzahra,TUNIS,north,Sale,Apartment,2026-03-26T14:12:21.071404,new,,,100
1533,tunisieannonce_ae4c91996539,tunisieannonce,85000.0,4000.0,,El Haouaria,TUNIS,north,Sale,Land,2026-03-26T14:12:32.356690,new,,,70
1276,tunisieannonce_0c7abdcdf32c,tunisieannonce,2000.0,,1.0,Marsa Safsaf,TUNIS,north,Rent,Villa,2026-03-26T14:12:40.451780,new,,,85
1338,tunisieannonce_397b762133fe,tunisieannonce,840000.0,269.0,,La Goulette,TUNIS,north,Sale,Land,2026-03-26T14:12:49.681337,new,,,90
1333,tunisieannonce_3947d02e31c5,tunisieannonce,1550.0,663.0,3.0,El Menzah 4,TUNIS,north,Sale,Land,2026-03-26T14:13:04.331514,new,,,80
1273,tunisieannonce_0c9aeddd5593,tunisieannonce,3800.0,2026.0,2.0,Marsa Ennassim,TUNIS,north,Rent,Apartment,2026-03-26T14:14:08.378624,new,,,90
1554,tunisieannonce_b51a4e2ccc0b,tunisieannonce,2000.0,90.0,1.0,Hergla,TUNIS,north,Rent,Other,2026-03-26T14:14:18.692163,new,,,85
1412,tunisieannonce_65d300141020,tunisieannonce,315000.0,250.0,,Hammam Sousse,TUNIS,north,Sale,Other,2026-03-26T14:14:34.072606,new,,,85
1500,tunisieannonce_9ee51a7d7eae,tunisieannonce,500000.0,840.0,2.0,Kalaa Essghira,TUNIS,north,Sale,Land,2026-03-26T14:14:43.438513,new,,,95
1356,tunisieannonce_462d48929e57,tunisieannonce,650.0,85.0,2.0,Hammam Sousse,TUNIS,north,Rent,Commercial,2026-03-26T14:14:52.735106,new,,,85
1573,tunisieannonce_ca66e7516eee,tunisieannonce,3000.0,130.0,2.0,Berge Du Lac,TUNIS,north,Rent,Apartment,2026-03-26T14:15:00.535506,new,,,90
1559,tunisieannonce_b9a535693b32,tunisieannonce,672000.0,120.0,1.0,Jardins De Carthage,TUNIS,north,Sale,Villa,2026-03-26T14:15:10.017878,new,,,100
1543,tunisieannonce_b449e3268dea,tunisieannonce,1500.0,142.0,1.0,El Menzah 7,TUNIS,north,Rent,Other,2026-03-26T14:15:21.546087,new,,,90
1413,tunisieannonce_6795ca027198,tunisieannonce,7500.0,750.0,2.0,Berge Du Lac,TUNIS,north,Rent,Land,2026-03-26T14:15:29.140247,new,,,90
1479,tunisieannonce_89f0ddba6e21,tunisieannonce,1200.0,110.0,2.0,El Manar 1,TUNIS,north,Rent,Other,2026-03-26T14:15:38.449112,new,,,90
1515,tunisieannonce_a50641300e48,tunisieannonce,8000.0,521.0,3.0,El Kantaoui,TUNIS,north,Sale,Land,2026-03-26T14:15:46.883738,new,,,80
1274,tunisieannonce_0e4757926032,tunisieannonce,519000.0,154.0,,Chatt Meriem,TUNIS,north,Sale,Land,2026-03-26T14:15:55.954953,new,,,90
1407,tunisieannonce_5d7fcf2a91b7,tunisieannonce,280000.0,110.0,3.0,Hammam Sousse Gharbi,TUNIS,north,Sale,Apartment,2026-03-26T14:16:03.883495,new,,,100
1275,tunisieannonce_0d9eb160d7ca,tunisieannonce,110000.0,500.0,2.0,Sidi Hmed,TUNIS,north,Sale,Land,2026-03-26T14:16:14.000069,new,,,95
1512,tunisieannonce_a3677120afe9,tunisieannonce,900.0,110.0,2.0,El Menzah 9,TUNIS,north,Rent,Other,2026-03-26T14:16:23.936160,new,,,90
1310,tunisieannonce_2953ab95139c,tunisieannonce,1800.0,65.0,3.0,Bab Bhar,TUNIS,north,Sale,Commercial,2026-03-26T14:16:32.417833,new,,,80
1397,tunisieannonce_5805f5c12bd5,tunisieannonce,3500.0,145.0,,Berge Du Lac,TUNIS,north,Sale,Commercial,2026-03-26T14:16:43.131438,new,,,70
1414,tunisieannonce_679d184cab87,tunisieannonce,526900.0,479.0,,Sahloul,TUNIS,north,Sale,Land,2026-03-26T14:16:54.967296,new,,,90
1553,tunisieannonce_b9c0cca6a6d0,tunisieannonce,219000.0,219.0,,Chatt Meriem,TUNIS,north,Sale,Land,2026-03-26T14:17:03.773566,new,,,90
1327,tunisieannonce_2fbb272e7eeb,tunisieannonce,250000.0,130.0,1.0,Sousse,TUNIS,north,Sale,Commercial,2026-03-26T14:17:13.139905,new,,,100
1279,tunisieannonce_105c1d87f56d,tunisieannonce,620000.0,500.0,3.0,Ben Arous,TUNIS,north,Sale,Villa,2026-03-26T14:17:21.944062,new,,,95
1263,tunisieannonce_075a905d57da,tunisieannonce,90000.0,100.0,1.0,Bab El Jazira,TUNIS,north,Sale,Apartment,2026-03-26T14:18:13.948437,new,,,95
1456,tunisieannonce_812b0109affa,tunisieannonce,3500.0,145.0,,Berge Du Lac,TUNIS,north,Sale,Commercial,2026-03-26T14:18:22.903064,new,,,70
1549,tunisieannonce_b0b8f3a38ff7,tunisieannonce,123000.0,410.0,,Raoued,TUNIS,north,Sale,Land,2026-03-26T14:18:32.904602,new,,,90
1321,tunisieannonce_2f57b0ccb302,tunisieannonce,123000.0,410.0,,Raoued,TUNIS,north,Sale,Land,2026-03-26T14:18:43.657709,new,,,85
1346,tunisieannonce_39f994465fe1,tunisieannonce,300000.0,300.0,3.0,Raoued,TUNIS,north,Sale,Villa,2026-03-26T14:18:53.630412,new,,,95
1255,tunisieannonce_0551a4c56a15,tunisieannonce,700.0,,,Oued Ellil,TUNIS,north,Sale,Other,2026-03-26T14:19:02.870609,new,,,55
1614,tunisieannonce_f05b2ce18084,tunisieannonce,800.0,65.0,2.0,La Mannouba,TUNIS,north,Rent,Other,2026-03-26T14:19:16.820765,new,,,90
1501,tunisieannonce_9ed2c6e82a31,tunisieannonce,950.0,80.0,1.0,Riadh Landlous,TUNIS,north,Rent,Villa,2026-03-26T14:19:27.061445,new,,,90
1618,tunisieannonce_eed2f2c8148b,tunisieannonce,800.0,18.0,2.0,El Omrane,TUNIS,north,Rent,Villa,2026-03-26T14:19:35.517659,new,,,80
1506,tunisieannonce_9bf77edccea1,tunisieannonce,156000.0,200.0,,Chatt Meriem,TUNIS,north,Sale,Land,2026-03-26T14:19:47.645830,new,,,85
1583,tunisieannonce_cf7f8185fc2d,tunisieannonce,650000.0,500.0,3.0,Hammam Sousse,TUNIS,north,Sale,Apartment,2026-03-26T14:19:57.049606,new,,,95
1524,tunisieannonce_ab20b6858e59,tunisieannonce,120000.0,50.0,3.0,Hammam Sousse,TUNIS,north,Sale,Apartment,2026-03-26T14:20:09.153962,new,,,95
1492,tunisieannonce_93e4cc665ddb,tunisieannonce,1750.0,140.0,4.0,Borj El Baccouche,TUNIS,north,Sale,Commercial,2026-03-26T14:20:18.184632,new,,,85
1542,tunisieannonce_b2307bb32ae6,tunisieannonce,790000.0,313.0,3.0,Nouvelle Ariana,TUNIS,north,Sale,Land,2026-03-26T14:20:27.090416,new,,,100
1580,tunisieannonce_d8f60d8a881c,tunisieannonce,3500.0,300.0,6.0,Mutuelle Ville,TUNIS,north,Sale,Commercial,2026-03-26T14:20:38.450670,new,,,80
1563,tunisieannonce_c2eaf56c260a,tunisieannonce,3500.0,150.0,1.0,Zone Urbaine Nord,TUNIS,north,Sale,Commercial,2026-03-26T14:20:47.451842,new,,,80
1505,tunisieannonce_9d0decc4eb99,tunisieannonce,7700.0,278.0,1.0,Zone Urbaine Nord,TUNIS,north,Sale,Commercial,2026-03-26T14:20:59.157858,new,,,80
1610,tunisieannonce_f0329e503e7d,tunisieannonce,930000.0,450.0,,Rohia,TUNIS,north,Sale,Land,2026-03-26T14:21:09.857247,new,,,85
1576,tunisieannonce_c7e06ee51130,tunisieannonce,7000.0,320.0,,Mutuelle Ville,TUNIS,north,Sale,Commercial,2026-03-26T14:21:25.511570,new,,,70
1350,tunisieannonce_42b8bccf0a2c,tunisieannonce,4500.0,900.0,9.0,Utique,TUNIS,north,Sale,Apartment,2026-03-26T14:21:37.214554,new,,,85
1288,tunisieannonce_196bd89b912e,tunisieannonce,1550.0,160.0,3.0,Cite Ennasr 2,TUNIS,north,Rent,Apartment,2026-03-26T14:21:53.413286,new,,,90
1623,tunisieannonce_f3e80d950386,tunisieannonce,1450.0,160.0,3.0,El Menzah 7,TUNIS,north,Rent,Apartment,2026-03-26T14:22:57.327757,new,,,90
1465,tunisieannonce_8569ed483c9e,tunisieannonce,3500.0,400.0,4.0,El Menzah 9,TUNIS,north,Rent,Villa,2026-03-26T14:23:11.629533,new,,,90
1339,tunisieannonce_31ae222e9443,tunisieannonce,17000.0,2026.0,3.0,Cite Ennasr 1,TUNIS,north,Sale,Other,2026-03-26T14:23:22.711852,new,,,80
1469,tunisieannonce_8468ee84213e,tunisieannonce,159960.0,,3.0,Oued Ellil,TUNIS,north,Sale,Apartment,2026-03-26T14:23:32.548805,new,,,85
1507,tunisieannonce_9e35c5041d19,tunisieannonce,650.0,,2.0,Bab Bhar,TUNIS,north,Rent,Apartment,2026-03-26T14:23:44.512751,new,,,85
1517,tunisieannonce_a7f91fe28a06,tunisieannonce,5500.0,340.0,4.0,Montplaisir,TUNIS,north,Sale,Commercial,2026-03-26T14:23:52.832806,new,,,80
1436,tunisieannonce_760b08a8d412,tunisieannonce,2200.0,250.0,4.0,Nouvelle Ariana,TUNIS,north,Rent,Commercial,2026-03-26T14:24:01.967598,new,,,90
1607,tunisieannonce_dfad4edd7316,tunisieannonce,350000.0,180.0,3.0,Khezama Ouest,TUNIS,north,Sale,Apartment,2026-03-26T14:24:13.402982,new,,,100
1433,tunisieannonce_726c41a65c2a,tunisieannonce,950.0,100.0,2.0,Chatt Meriem,TUNIS,north,Rent,Apartment,2026-03-26T14:24:22.980859,new,,,90
1555,tunisieannonce_b9a30b7d42b1,tunisieannonce,400000.0,50.0,3.0,Chatt Meriem,TUNIS,north,Sale,Apartment,2026-03-26T14:24:32.816741,new,,,80
1430,tunisieannonce_75cf896dcfe7,tunisieannonce,1650.0,100.0,2.0,Cite Ennasr 2,TUNIS,north,Rent,Villa,2026-03-26T14:24:48.331585,new,,,90
1290,tunisieannonce_1d10d87d86c8,tunisieannonce,1400.0,60.0,1.0,Jardins De Carthage,TUNIS,north,Rent,Apartment,2026-03-26T14:24:58.986209,new,,,90
1349,tunisieannonce_405d0fa2c7b8,tunisieannonce,1200.0,70.0,2.0,Ariana Essoughra,TUNIS,north,Rent,Apartment,2026-03-26T14:25:11.787991,new,,,90
1401,tunisieannonce_5ec9fc20bb53,tunisieannonce,750.0,90.0,2.0,Bab Bhar,TUNIS,north,Rent,Commercial,2026-03-26T14:25:23.815253,new,,,90
1302,tunisieannonce_21151b08bf87,tunisieannonce,1250.0,110.0,2.0,El Aouina,TUNIS,north,Rent,Apartment,2026-03-26T14:25:32.812054,new,,,90
1548,tunisieannonce_b4751c11f7d3,tunisieannonce,120000.0,250.0,,La Mannouba,TUNIS,north,Sale,Land,2026-03-26T14:25:44.219743,new,,,80
1425,tunisieannonce_6dd02084dcad,tunisieannonce,4500.0,250.0,3.0,Montplaisir,TUNIS,north,Sale,Commercial,2026-03-26T14:25:47.780376,new,,,80
1510,tunisieannonce_a82e0f47bb2a,tunisieannonce,60000.0,2000.0,1.0,Cite Jardins,TUNIS,north,Sale,Commercial,2026-03-26T14:25:59.345231,new,,,80
1251,tunisieannonce_00b5d39933da,tunisieannonce,170000.0,200.0,,Denden,TUNIS,north,Sale,Land,2026-03-26T14:26:11.377646,new,,,80
1300,tunisieannonce_204f1325be7c,tunisieannonce,600.0,80.0,2.0,La Mannouba,TUNIS,north,Rent,Villa,2026-03-26T14:27:06.208102,new,,,75
1449,tunisieannonce_7dae5e008bde,tunisieannonce,1050.0,127.0,4.0,El Manar 1,TUNIS,north,Rent,Villa,2026-03-26T14:27:08.807365,new,,,90
1609,tunisieannonce_e66e81621225,tunisieannonce,720.0,70.0,2.0,Cite El Khadra,TUNIS,north,Rent,Other,2026-03-26T14:27:19.709003,new,,,90
1611,tunisieannonce_ed992e1b8d24,tunisieannonce,750.0,75.0,1.0,El Menzah 7,TUNIS,north,Rent,Villa,2026-03-26T14:27:28.364803,new,,,90
1494,tunisieannonce_9b3058140ca6,tunisieannonce,600.0,80.0,2.0,Denden,TUNIS,north,Rent,Villa,2026-03-26T14:27:36.229950,new,,,70
1377,tunisieannonce_521ed5e019b5,tunisieannonce,150000.0,1000.0,,Hammamet,TUNIS,north,Sale,Land,2026-03-26T14:27:39.609175,new,,,90
1400,tunisieannonce_63c9f7e63a26,tunisieannonce,65000.0,250.0,,Hammamet,TUNIS,north,Sale,Land,2026-03-26T14:27:48.251931,new,,,90
1630,tunisieannonce_ff229d9cfb03,tunisieannonce,280.0,40.0,,La Mannouba,TUNIS,north,Rent,Villa,2026-03-26T14:27:57.543620,new,,,75
1600,tunisieannonce_df6153f5ffbe,tunisieannonce,144000.0,659.0,,Beni Khalled,TUNIS,north,Sale,Land,2026-03-26T14:28:05.120092,new,,,90
1256,tunisieannonce_03f04c96da22,tunisieannonce,28000.0,290.0,,Residence Ellissa,TUNIS,north,Sale,Land,2026-03-26T14:28:19.569106,new,,,80
1312,tunisieannonce_285af69f2076,tunisieannonce,150.0,2026.0,1.0,El Menzah 5,TUNIS,north,Rent,Villa,2026-03-26T14:28:26.951159,new,,,75
1440,tunisieannonce_76fec8e4ed83,tunisieannonce,150.0,2025.0,1.0,Cite Ennasr 1,TUNIS,north,Rent,Villa,2026-03-26T14:28:35.479625,new,,,75
1366,tunisieannonce_46439113e909,tunisieannonce,263000.0,203.0,,Cite Bhar Lazreg,TUNIS,north,Sale,Land,2026-03-26T14:28:44.551322,new,,,90
1480,tunisieannonce_914475bca569,tunisieannonce,1400.0,130.0,3.0,Cite Ennasr 2,TUNIS,north,Sale,Commercial,2026-03-26T14:28:52.558830,new,,,85
1285,tunisieannonce_1422707687ca,tunisieannonce,240000.0,75.0,1.0,El Aouina,TUNIS,north,Sale,Apartment,2026-03-26T14:29:00.636615,new,,,100
1519,tunisieannonce_a520b9c9eb33,tunisieannonce,1200.0,70.0,1.0,Zone Urbaine Nord,TUNIS,north,Sale,Commercial,2026-03-26T14:29:10.212807,new,,,80
1616,tunisieannonce_efe28348bbe8,tunisieannonce,4500.0,400.0,4.0,Mutuelle Ville,TUNIS,north,Rent,Commercial,2026-03-26T14:29:20.053794,new,,,90
1352,tunisieannonce_414aceef600b,tunisieannonce,265000.0,80.0,1.0,Zone Urbaine Nord,TUNIS,north,Sale,Apartment,2026-03-26T14:29:30.519409,new,,,100
1527,tunisieannonce_a8cab1c92337,tunisieannonce,650.0,70.0,1.0,La Mannouba,TUNIS,north,Rent,Villa,2026-03-26T14:29:40.691937,new,,,70
1578,tunisieannonce_c796fe40bf98,tunisieannonce,2700.0,200.0,3.0,El Aouina,TUNIS,north,Rent,Villa,2026-03-26T14:29:44.261669,new,,,90
1330,tunisieannonce_31f1737f5415,tunisieannonce,3500.0,250.0,,Sidi Daoud,TUNIS,north,Sale,Commercial,2026-03-26T14:29:53.661848,new,,,70
1428,tunisieannonce_6a7913068938,tunisieannonce,41666.0,2000.0,,Berge Du Lac,TUNIS,north,Sale,Commercial,2026-03-26T14:30:01.834666,new,,,75
1446,tunisieannonce_7893564b2e7b,tunisieannonce,10500.0,340.0,,Berge Du Lac,TUNIS,north,Sale,Commercial,2026-03-26T14:30:14.444783,new,,,70
1319,tunisieannonce_2594aa9a5098,tunisieannonce,3300.0,400.0,2.0,El Manar 1,TUNIS,north,Rent,Villa,2026-03-26T14:30:23.814915,new,,,90
1289,tunisieannonce_15873f382255,tunisieannonce,900.0,75.0,1.0,Ain Zaghouan,TUNIS,north,Rent,Apartment,2026-03-26T14:30:49.600435,new,,,90
1466,tunisieannonce_86458a4f1c52,tunisieannonce,941620.0,58.0,,La Soukra,TUNIS,north,Sale,Land,2026-03-26T14:30:58.957388,new,,,70
1511,tunisieannonce_a290ac09c90c,tunisieannonce,840560.0,532.0,,Jardins D'El Menzah,TUNIS,north,Sale,Land,2026-03-26T14:31:08.162108,new,,,90
1325,tunisieannonce_2dbdbed11011,tunisieannonce,277000.0,631.0,,Borj Touil,TUNIS,north,Sale,Land,2026-03-26T14:31:18.932183,new,,,90
1426,tunisieannonce_679f7f12873d,tunisieannonce,1100.0,110.0,2.0,El Menzah 1,TUNIS,north,Rent,Apartment,2026-03-26T14:31:27.631690,new,,,90
1569,tunisieannonce_bf3fd0cd97af,tunisieannonce,1600.0,110.0,1.0,Cite Ennasr 2,TUNIS,north,Rent,Apartment,2026-03-26T14:31:38.024134,new,,,90
1357,tunisieannonce_4550d80a1b71,tunisieannonce,1900.0,2026.0,1.0,El Menzah 8,TUNIS,north,Rent,Villa,2026-03-26T14:31:48.040538,new,,,80
1438,tunisieannonce_75205b1f6b0e,tunisieannonce,4000.0,160.0,1.0,Cite Jardins,TUNIS,north,Sale,Commercial,2026-03-26T14:31:56.844895,new,,,80
1572,tunisieannonce_c8e14a401452,tunisieannonce,950.0,2026.0,1.0,El Menzah 6,TUNIS,north,Rent,Apartment,2026-03-26T14:32:06.391792,new,,,80
1262,tunisieannonce_0b901f8d21f3,tunisieannonce,2400.0,2026.0,3.0,Cite Ennasr 2,TUNIS,north,Rent,Apartment,2026-03-26T14:32:15.679708,new,,,90
1421,tunisieannonce_69fd8d95d749,tunisieannonce,3400.0,120.0,4.0,Cite Ennasr 2,TUNIS,north,Rent,Apartment,2026-03-26T14:32:27.995201,new,,,90
1584,tunisieannonce_d5324447ff0e,tunisieannonce,2900.0,750.0,1.0,Cite Jardins,TUNIS,north,Sale,Land,2026-03-26T14:32:40.056976,new,,,80
1509,tunisieannonce_a13de41c6a12,tunisieannonce,1000.0,80.0,2.0,El Manar 2,TUNIS,north,Rent,Apartment,2026-03-26T14:32:49.541078,new,,,90
1297,tunisieannonce_1d87c0451393,tunisieannonce,1200.0,,1.0,Cite Ennasr 2,TUNIS,north,Rent,Apartment,2026-03-26T14:32:58.610204,new,,,85
1534,tunisieannonce_ac8f8fab5dc8,tunisieannonce,3600.0,310.0,4.0,El Menzah 9,TUNIS,north,Rent,Apartment,2026-03-26T14:33:08.854771,new,,,90
1551,tunisieannonce_b92e362ba16f,tunisieannonce,3700.0,2026.0,2.0,Sidi Daoud,TUNIS,north,Rent,Other,2026-03-26T14:33:21.497019,new,,,80
1613,tunisieannonce_efca12570f55,tunisieannonce,850.0,119.0,2.0,El Menzah 5,TUNIS,north,Rent,Villa,2026-03-26T14:33:30.383493,new,,,90
1418,tunisieannonce_66f054c331ba,tunisieannonce,850.0,2026.0,2.0,El Menzah 5,TUNIS,north,Rent,Apartment,2026-03-26T14:33:39.493450,new,,,75
1266,tunisieannonce_08fa04fdd058,tunisieannonce,900.0,60.0,1.0,Riadh Landlous,TUNIS,north,Rent,Commercial,2026-03-26T14:33:48.185079,new,,,90
1546,tunisieannonce_b1258897286b,tunisieannonce,900.0,2025.0,1.0,Cite Ennasr 2,TUNIS,north,Rent,Other,2026-03-26T14:33:57.337712,new,,,80
1423,tunisieannonce_6e7d924fc2b0,tunisieannonce,1600.0,180.0,3.0,El Menzah 5,TUNIS,north,Rent,Commercial,2026-03-26T14:34:05.400103,new,,,90
1502,tunisieannonce_9f596c59f6f7,tunisieannonce,2200.0,180.0,1.0,Zone Urbaine Nord,TUNIS,north,Sale,Commercial,2026-03-26T14:34:14.387931,new,,,80
1341,tunisieannonce_4132e8c81af4,tunisieannonce,1500.0,2026.0,2.0,Cite Ennasr 2,TUNIS,north,Rent,Villa,2026-03-26T14:34:25.148906,new,,,80
1547,tunisieannonce_b18ab18132fb,tunisieannonce,1700.0,100.0,3.0,Montplaisir,TUNIS,north,Sale,Commercial,2026-03-26T14:34:59.547793,new,,,80
1565,tunisieannonce_c3734a31cd52,tunisieannonce,1600.0,170.0,3.0,Borj El Baccouche,TUNIS,north,Rent,Apartment,2026-03-26T14:35:10.101667,new,,,90
1295,tunisieannonce_1a2e69c32212,tunisieannonce,2100.0,300.0,4.0,El Menzah 9,TUNIS,north,Rent,Villa,2026-03-26T14:35:21.664298,new,,,90
1270,tunisieannonce_10834ecd53ad,tunisieannonce,5000.0,801.0,1.0,El Menzah 5,TUNIS,north,Rent,Commercial,2026-03-26T14:35:31.412717,new,,,90
1486,tunisieannonce_8a121017c312,tunisieannonce,2200.0,2026.0,2.0,Cite Ennasr 1,TUNIS,north,Rent,Apartment,2026-03-26T14:35:44.469173,new,,,85
1528,tunisieannonce_abb491fb0cc5,tunisieannonce,6000.0,800.0,6.0,El Menzah 1,TUNIS,north,Rent,Villa,2026-03-26T14:35:55.234450,new,,,90
1487,tunisieannonce_8b76362661dc,tunisieannonce,4000.0,2026.0,4.0,Gammart,TUNIS,north,Rent,Villa,2026-03-26T14:36:07.120464,new,,,90
1373,tunisieannonce_51e98d48a7df,tunisieannonce,900.0,90.0,1.0,El Menzah 7,TUNIS,north,Rent,Villa,2026-03-26T14:36:16.879657,new,,,90
1326,tunisieannonce_2fadf3e06544,tunisieannonce,3500.0,200.0,6.0,Mutuelle Ville,TUNIS,north,Sale,Commercial,2026-03-26T14:36:25.689306,new,,,80
1540,tunisieannonce_b0d9a56126b5,tunisieannonce,900.0,120.0,1.0,El Menzah 7,TUNIS,north,Rent,Villa,2026-03-26T14:36:34.593947,new,,,90
1459,tunisieannonce_80cd418b6825,tunisieannonce,1950.0,912.0,,El Menzah 1,TUNIS,north,Sale,Land,2026-03-26T14:36:42.452772,new,,,70
1306,tunisieannonce_20b9dd39bfaf,tunisieannonce,730.0,75.0,1.0,Jardins D'El Menzah,TUNIS,north,Rent,Land,2026-03-26T14:36:53.122369,new,,,90
1431,tunisieannonce_72e382cd0c3f,tunisieannonce,2600.0,110.0,1.0,La Soukra,TUNIS,north,Rent,Apartment,2026-03-26T14:37:01.258511,new,,,90
1597,tunisieannonce_de61e4d077e3,tunisieannonce,155000.0,54.0,2.0,El Aouina,TUNIS,north,Sale,Apartment,2026-03-26T14:37:10.537046,new,,,100
1376,tunisieannonce_4ebd8ecc70d1,tunisieannonce,1300.0,500.0,1.0,Gammart,TUNIS,north,Sale,Land,2026-03-26T14:37:20.150689,new,,,80
1442,tunisieannonce_7adcdeffb9a8,tunisieannonce,1350.0,100.0,1.0,Ain Zaghouan,TUNIS,north,Rent,Apartment,2026-03-26T14:37:35.302906,new,,,90
1378,tunisieannonce_4f48c892c061,tunisieannonce,2400.0,200.0,3.0,Montplaisir,TUNIS,north,Sale,Commercial,2026-03-26T14:39:33.231600,new,,,75
1497,tunisieannonce_9ba3760e13ee,tunisieannonce,1150.0,135.0,2.0,El Aouina,TUNIS,north,Rent,Apartment,2026-03-26T14:39:44.043640,new,,,90
1358,tunisieannonce_44c06c1651d9,tunisieannonce,2500.0,170.0,1.0,El Omrane Superieur,TUNIS,north,Rent,Villa,2026-03-26T14:39:56.926694,new,,,90
1476,tunisieannonce_87e4874badf0,tunisieannonce,11000.0,800.0,6.0,Tunis Belvedere,TUNIS,north,Sale,Commercial,2026-03-26T14:40:07.941592,new,,,80
1545,tunisieannonce_b22981c607cc,tunisieannonce,220000.0,85.0,,Fouchana,TUNIS,north,Sale,Villa,2026-03-26T14:40:17.866615,new,,,90
1422,tunisieannonce_680577eb789f,tunisieannonce,2200.0,60.0,1.0,Jardins De Carthage,TUNIS,north,Rent,Apartment,2026-03-26T14:40:29.529128,new,,,90
1370,tunisieannonce_5116dfcf32a1,tunisieannonce,135000.0,80.0,2.0,El Mourouj,TUNIS,north,Sale,Apartment,2026-03-26T14:40:39.499510,new,,,95
1317,tunisieannonce_28b9e383da44,tunisieannonce,328000.0,595.0,,Cite Chaker,TUNIS,north,Sale,Land,2026-03-26T14:40:47.983139,new,,,90
1342,tunisieannonce_39c8ffbfbff8,tunisieannonce,1500.0,130.0,2.0,Ain Zaghouan,TUNIS,north,Rent,Apartment,2026-03-26T14:40:56.538266,new,,,90
1411,tunisieannonce_65699e1f079c,tunisieannonce,800.0,100.0,1.0,Chaabet El Mrezga,TUNIS,north,Rent,Villa,2026-03-26T14:41:08.923391,new,,,85
1560,tunisieannonce_be53e3c4ff68,tunisieannonce,1000.0,13.0,2.0,Le Bardo,TUNIS,north,Sale,Commercial,2026-03-26T14:41:17.981676,new,,,75
1532,tunisieannonce_ae2edd28503b,tunisieannonce,1000.0,90.0,2.0,Le Bardo,TUNIS,north,Rent,Other,2026-03-26T14:41:29.540892,new,,,85
1628,tunisieannonce_f2500fa81d42,tunisieannonce,200000.0,100.0,2.0,Hammam Lif,TUNIS,north,Sale,Villa,2026-03-26T14:41:40.805771,new,,,100
1471,tunisieannonce_88ce9fb538cc,tunisieannonce,850000.0,,,Sidi Messaoud,TUNIS,north,Sale,Land,2026-03-26T14:41:53.897295,new,,,70
1462,tunisieannonce_8637c6490098,tunisieannonce,3500.0,650.0,1.0,Cite Jardins,TUNIS,north,Sale,Land,2026-03-26T14:42:03.326015,new,,,80
1347,tunisieannonce_3c372976aced,tunisieannonce,3935.0,870.0,,Cite Borj Louzir,TUNIS,north,Sale,Land,2026-03-26T14:42:11.409713,new,,,70
1631,tunisieannonce_feb90d3e6137,tunisieannonce,1200.0,120.0,2.0,Cite Ennasr 2,TUNIS,north,Rent,Apartment,2026-03-26T14:42:20.415421,new,,,90
1592,tunisieannonce_dcb8638c32c6,tunisieannonce,2500.0,140.0,,El Menzah 5,TUNIS,north,Sale,Commercial,2026-03-26T14:42:30.514099,new,,,70
1323,tunisieannonce_308e5098a710,tunisieannonce,550.0,2026.0,1.0,El Manar 2,TUNIS,north,Rent,Apartment,2026-03-26T14:42:40.627834,new,,,80
1445,tunisieannonce_7d6a1a2c4853,tunisieannonce,7000.0,190.0,2.0,El Menzah 5,TUNIS,north,Sale,Commercial,2026-03-26T14:42:52.330680,new,,,80
1625,tunisieannonce_f68f2b674750,tunisieannonce,300000.0,500.0,2.0,Dar Fadhal,TUNIS,north,Sale,Land,2026-03-26T14:43:48.437982,new,,,100
1258,tunisieannonce_061503a8a58b,tunisieannonce,290000.0,80.0,,Jardins D'El Menzah,TUNIS,north,Sale,Commercial,2026-03-26T14:43:58.548534,new,,,80
1437,tunisieannonce_734cea8dd245,tunisieannonce,1300.0,2026.0,3.0,Ain Zaghouan,TUNIS,north,Rent,Apartment,2026-03-26T14:44:01.765276,new,,,75
1452,tunisieannonce_7fa50165fa09,tunisieannonce,4000.0,156.0,,Marsa Safsaf,TUNIS,north,Sale,Commercial,2026-03-26T14:44:11.830155,new,,,70
1472,tunisieannonce_8716f14162d6,tunisieannonce,1400.0,46.0,3.0,Le Kram,TUNIS,north,Sale,Commercial,2026-03-26T14:44:20.706611,new,,,80
1282,tunisieannonce_10df09937a99,tunisieannonce,1700.0,89.0,1.0,Zone Urbaine Nord,TUNIS,north,Sale,Commercial,2026-03-26T14:44:30.989547,new,,,80
1601,tunisieannonce_e37f46c82ad4,tunisieannonce,150.0,2024.0,2.0,El Manar 2,TUNIS,north,Rent,Villa,2026-03-26T14:44:40.546259,new,,,75
1337,tunisieannonce_33b824baf06c,tunisieannonce,550.0,2026.0,1.0,El Manar 1,TUNIS,north,Rent,Apartment,2026-03-26T14:44:49.564160,new,,,80
1621,tunisieannonce_f51e47af7462,tunisieannonce,550.0,2026.0,1.0,El Manar 1,TUNIS,north,Rent,Apartment,2026-03-26T14:45:01.143633,new,,,80
1451,tunisieannonce_7de1c174bf45,tunisieannonce,3005.0,768.0,,Charguia 1,TUNIS,north,Sale,Land,2026-03-26T14:45:11.955545,new,,,70
1541,tunisieannonce_b4a812131e46,tunisieannonce,786500.0,210.0,,Cite Bhar Lazreg,TUNIS,north,Sale,Land,2026-03-26T14:45:22.277936,new,,,90
1364,tunisieannonce_4974eed63a03,tunisieannonce,1462.0,590.0,,La Soukra,TUNIS,north,Sale,Land,2026-03-26T14:45:32.141174,new,,,70
1627,tunisieannonce_f867f4a1d70b,tunisieannonce,46000.0,200.0,2.0,Dar Allouche,TUNIS,north,Sale,Land,2026-03-26T14:45:42.557773,new,,,100
1390,tunisieannonce_5afc91fb99e2,tunisieannonce,85000.0,14.0,,El Manar 1,TUNIS,north,Sale,Commercial,2026-03-26T14:45:50.453169,new,,,70
1493,tunisieannonce_941353d49dd2,tunisieannonce,150000.0,166.0,,Berge Du Lac,TUNIS,north,Sale,Commercial,2026-03-26T14:45:59.569418,new,,,90
1415,tunisieannonce_66cfe12b6402,tunisieannonce,880000.0,200.0,1.0,Berge Du Lac,TUNIS,north,Sale,Villa,2026-03-26T14:46:08.458353,new,,,100
1570,tunisieannonce_c8f2fe0903cc,tunisieannonce,656400.0,188.0,,Ghar El Melh,TUNIS,north,Sale,Land,2026-03-26T14:46:18.459085,new,,,90
1404,tunisieannonce_62457a68e532,tunisieannonce,950000.0,400.0,,Naassen,TUNIS,north,Sale,Land,2026-03-26T14:46:30.344323,new,,,90
1383,tunisieannonce_562f9d4bbf81,tunisieannonce,400000.0,85.0,,Berge Du Lac,TUNIS,north,Sale,Commercial,2026-03-26T14:46:40.586985,new,,,70
1603,tunisieannonce_ed4aa773981e,tunisieannonce,2000.0,400.0,2.0,Hammam Sousse,TUNIS,north,Rent,Land,2026-03-26T14:46:49.933961,new,,,90
1504,tunisieannonce_9f190783b36c,tunisieannonce,11000.0,280.0,2.0,Cite El Moustakbel (La Marsa),TUNIS,north,Rent,Villa,2026-03-26T14:47:00.727871,new,,,80
1473,tunisieannonce_88193dcf4800,tunisieannonce,1200.0,130.0,2.0,Sahloul,TUNIS,north,Rent,Commercial,2026-03-26T14:47:10.421378,new,,,90
1604,tunisieannonce_e8789bc0530d,tunisieannonce,1200.0,74.0,1.0,Cite Ennasr 2,TUNIS,north,Rent,Apartment,2026-03-26T14:47:20.431147,new,,,90
1594,tunisieannonce_d9192c45c09c,tunisieannonce,1600.0,125.0,1.0,Cite Ennasr 2,TUNIS,north,Rent,Apartment,2026-03-26T14:47:55.957939,new,,,90
1374,tunisieannonce_4b4e08c1d365,tunisieannonce,330000.0,300.0,,Chatt Meriem,TUNIS,north,Sale,Land,2026-03-26T14:48:09.500611,new,,,90
1556,tunisieannonce_b7e51664b0a4,tunisieannonce,2000.0,209.0,4.0,El Aouina,TUNIS,north,Rent,Apartment,2026-03-26T14:48:19.499596,new,,,90
1254,tunisieannonce_01cf564d2b12,tunisieannonce,291000.0,485.0,,Chatt Meriem,TUNIS,north,Sale,Land,2026-03-26T14:48:31.905878,new,,,90
1434,tunisieannonce_751e7a0e3bbe,tunisieannonce,314550.0,233.0,,Hammam Sousse,TUNIS,north,Sale,Land,2026-03-26T14:48:40.018494,new,,,90
1571,tunisieannonce_c65f566e263a,tunisieannonce,700000.0,320.0,3.0,Hammam Sousse Gharbi,TUNIS,north,Sale,Land,2026-03-26T14:48:49.949777,new,,,100
1606,tunisieannonce_e95e031c9316,tunisieannonce,268000.0,67.0,1.0,Cite Jardins,TUNIS,north,Sale,Apartment,2026-03-26T14:49:00.165915,new,,,100
1299,tunisieannonce_1b1065d27ddd,tunisieannonce,1700.0,800.0,,Sidi Daoud,TUNIS,north,Sale,Land,2026-03-26T14:49:09.789056,new,,,70
1409,tunisieannonce_5d862408d9d3,tunisieannonce,1538.0,538.0,,La Soukra,TUNIS,north,Sale,Land,2026-03-26T14:49:18.356889,new,,,70
1481,tunisieannonce_8cc7cd94e0ea,tunisieannonce,18000.0,850.0,1.0,Cite Jardins,TUNIS,north,Sale,Commercial,2026-03-26T14:49:25.929378,new,,,80
1281,tunisieannonce_145178a3ccfa,tunisieannonce,800000.0,753.0,,Raoued,TUNIS,north,Sale,Land,2026-03-26T14:49:36.172795,new,,,90
1406,tunisieannonce_62ccafc798c3,tunisieannonce,720000.0,477.0,4.0,Cite El Ghazala 1,TUNIS,north,Sale,Land,2026-03-26T14:49:45.207292,new,,,100
1582,tunisieannonce_d57ef64a9b76,tunisieannonce,1240.0,32.0,,Sidi Daoud,TUNIS,north,Sale,Land,2026-03-26T14:49:56.523725,new,,,70
1398,tunisieannonce_5917f71dfded,tunisieannonce,700.0,20.0,2.0,El Omrane,TUNIS,north,Rent,Apartment,2026-03-26T14:50:05.907934,new,,,90
1525,tunisieannonce_a8a42effbd49,tunisieannonce,350000.0,180.0,3.0,Ezzahra,TUNIS,north,Sale,Commercial,2026-03-26T14:50:14.099021,new,,,80
1417,tunisieannonce_66238c2adbeb,tunisieannonce,260000.0,372.0,,Borj Cedria,TUNIS,north,Sale,Land,2026-03-26T14:50:23.838338,new,,,90
1287,tunisieannonce_139042b721fa,tunisieannonce,1300.0,200.0,3.0,El Mourouj,TUNIS,north,Rent,Villa,2026-03-26T14:50:31.485308,new,,,90
1498,tunisieannonce_96c9a5b1f8de,tunisieannonce,240000.0,70.0,2.0,El Aouina,TUNIS,north,Sale,Apartment,2026-03-26T14:50:40.026635,new,,,100
1353,tunisieannonce_45ec628b0bbe,tunisieannonce,800.0,70.0,3.0,El Menzah 9,TUNIS,north,Rent,Villa,2026-03-26T14:50:50.369734,new,,,90
1332,tunisieannonce_3648f1b67ee8,tunisieannonce,450.0,40.0,4.0,El Manar 1,TUNIS,north,Rent,Villa,2026-03-26T14:50:59.004543,new,,,90
1587,tunisieannonce_d08332be323b,tunisieannonce,244120.0,300.0,,Borj Louzir,TUNIS,north,Sale,Land,2026-03-26T14:51:08.023141,new,,,90
1617,tunisieannonce_ef3117b1baf9,tunisieannonce,7000.0,280.0,3.0,Berge Du Lac,TUNIS,north,Rent,Commercial,2026-03-26T14:51:17.060509,new,,,90
1558,tunisieannonce_bae4cc19facb,tunisieannonce,3400.0,404.0,1.0,Marsa Safsaf,TUNIS,north,Sale,Land,2026-03-26T14:51:29.669718,new,,,80
1544,tunisieannonce_b0ff7d7d1e05,tunisieannonce,80000.0,33.0,3.0,El Manar 2,TUNIS,north,Sale,Other,2026-03-26T14:51:38.492143,new,,,100
1265,tunisieannonce_09b1bae71919,tunisieannonce,1100.0,65.0,1.0,Cite Ennasr,TUNIS,north,Rent,Apartment,2026-03-26T14:51:47.184746,new,,,90
1405,tunisieannonce_644131056625,tunisieannonce,850.0,2026.0,1.0,El Menzah 5,TUNIS,north,Rent,Apartment,2026-03-26T14:52:00.592619,new,,,80
1369,tunisieannonce_4b2f4e5affa2,tunisieannonce,3350.0,,,Marsa Ennassim,TUNIS,north,Sale,Land,2026-03-26T14:52:10.498572,new,,,50
1463,tunisieannonce_84922976c493,tunisieannonce,1500.0,,,Hammamet,TUNIS,north,Sale,Land,2026-03-26T14:52:19.268487,new,,,50
1277,tunisieannonce_1003dc04cad5,tunisieannonce,1650.0,630.0,,Gammart,TUNIS,north,Sale,Land,2026-03-26T14:52:30.179054,new,,,70
1260,tunisieannonce_0a325feecb2c,tunisieannonce,3700.0,150.0,2.0,Marsa Ennassim,TUNIS,north,Rent,Apartment,2026-03-26T14:52:38.146584,new,,,90
1335,tunisieannonce_312923c4d7dd,tunisieannonce,2500.0,400.0,2.0,Marsa Safsaf,TUNIS,north,Rent,Other,2026-03-26T14:52:47.351273,new,,,90
1567,tunisieannonce_be5540b47f5b,tunisieannonce,569000.0,125.0,2.0,Chotrana 1,TUNIS,north,Sale,Villa,2026-03-26T14:52:58.284159,new,,,100
1345,tunisieannonce_3b7f0e9a0e4b,tunisieannonce,2500.0,100.0,2.0,Marsa Ennassim,TUNIS,north,Rent,Other,2026-03-26T14:53:08.241814,new,,,90
1303,tunisieannonce_22443521e2c1,tunisieannonce,1400.0,70.0,2.0,Cite Des Juges 2,TUNIS,north,Rent,Apartment,2026-03-26T14:53:17.484041,new,,,90
1520,tunisieannonce_aa1a8762bf7c,tunisieannonce,2400.0,180.0,2.0,Cite El Mhiri,TUNIS,north,Rent,Villa,2026-03-26T14:53:26.626004,new,,,85
1521,tunisieannonce_aab55fb84e34,tunisieannonce,1000.0,100.0,,Cite El Moez,TUNIS,north,Sale,Commercial,2026-03-26T14:53:36.440683,new,,,65
1388,tunisieannonce_544deda4a052,tunisieannonce,3500.0,120.0,3.0,Cite Du Stade,TUNIS,north,Rent,Villa,2026-03-26T14:53:45.374489,new,,,90
1424,tunisieannonce_6e7f4ea59028,tunisieannonce,1850.0,80.0,1.0,Marsa Safsaf,TUNIS,north,Rent,Villa,2026-03-26T14:53:54.378541,new,,,90
1467,tunisieannonce_85ec01a8ade0,tunisieannonce,6250.0,250.0,,Jardins De Carthage,TUNIS,north,Sale,Commercial,2026-03-26T14:54:04.383940,new,,,70
1284,tunisieannonce_12eb0752259c,tunisieannonce,570000.0,379.0,,Riadh Landlous,TUNIS,north,Sale,Land,2026-03-26T14:54:12.804894,new,,,90
1354,tunisieannonce_425031fbca4a,tunisieannonce,1070.0,250.0,2.0,Chotrana 2,TUNIS,north,Sale,Villa,2026-03-26T14:54:22.281110,new,,,80
1574,tunisieannonce_ce4347710539,tunisieannonce,388000.0,70.0,1.0,Jardins De Carthage,TUNIS,north,Sale,Apartment,2026-03-26T14:54:32.974317,new,,,100
1429,tunisieannonce_6d6f0f7609ae,tunisieannonce,247000.0,66.0,1.0,Ain Zaghouan,TUNIS,north,Sale,Apartment,2026-03-26T14:54:42.208963,new,,,100
1564,tunisieannonce_c385995c38c0,tunisieannonce,395000.0,190.0,3.0,El Menzah 7,TUNIS,north,Sale,Apartment,2026-03-26T14:54:52.033989,new,,,100
1460,tunisieannonce_86bcea137980,tunisieannonce,980000.0,164.0,,Jardins De Carthage,TUNIS,north,Sale,Commercial,2026-03-26T14:55:04.752976,new,,,70
1514,tunisieannonce_a7e6bd050dc0,tunisieannonce,195000.0,77.0,1.0,Ain Zaghouan,TUNIS,north,Sale,Apartment,2026-03-26T14:55:14.463157,new,,,100
1441,tunisieannonce_7d421bf4e2e0,tunisieannonce,2950.0,355.0,4.0,El Menzah 9,TUNIS,north,Rent,Villa,2026-03-26T14:55:23.497633,new,,,90
1591,tunisieannonce_dc789e1e9e7d,tunisieannonce,1350.0,622.0,3.0,El Menzah 9,TUNIS,north,Sale,Land,2026-03-26T14:55:32.513934,new,,,80
1484,tunisieannonce_9298561954e2,tunisieannonce,480000.0,200.0,4.0,Riadh Landlous,TUNIS,north,Sale,Apartment,2026-03-26T14:56:07.789840,new,,,100
1516,tunisieannonce_a787788c24c8,tunisieannonce,8000.0,2026.0,1.0,El Menzah 5,TUNIS,north,Rent,Commercial,2026-03-26T14:56:17.303171,new,,,90
1537,tunisieannonce_af806344657f,tunisieannonce,145000.0,99.0,4.0,Jaafar 1,TUNIS,north,Sale,Apartment,2026-03-26T14:56:27.278668,new,,,100
1268,tunisieannonce_0c4ddb8a49d7,tunisieannonce,235000.0,105.0,3.0,El Aouina,TUNIS,north,Sale,Apartment,2026-03-26T14:56:35.361631,new,,,100
1518,tunisieannonce_a1f2a494b77b,tunisieannonce,6000.0,810.0,4.0,Mutuelle Ville,TUNIS,north,Rent,Villa,2026-03-26T14:56:45.939811,new,,,90
1478,tunisieannonce_86c4041f4eaf,tunisieannonce,1400.0,145.0,1.0,El Menzah 7,TUNIS,north,Rent,Apartment,2026-03-26T14:56:55.527669,new,,,90
1393,tunisieannonce_59510db33c91,tunisieannonce,1500.0,110.0,1.0,Ain Zaghouan,TUNIS,north,Rent,Commercial,2026-03-26T14:57:05.477939,new,,,90
1360,tunisieannonce_4a4e4225abce,tunisieannonce,2700.0,250.0,1.0,El Menzah 6,TUNIS,north,Rent,Villa,2026-03-26T14:57:14.547395,new,,,90
1522,tunisieannonce_ab41d48fef4f,tunisieannonce,2300.0,145.0,6.0,El Manar 2,TUNIS,north,Sale,Commercial,2026-03-26T14:57:27.375365,new,,,80
1301,tunisieannonce_1fdf4710fc27,tunisieannonce,8500.0,350.0,4.0,Berge Du Lac,TUNIS,north,Rent,Villa,2026-03-26T14:57:36.869192,new,,,80
1561,tunisieannonce_c4dde0f704c2,tunisieannonce,850.0,70.0,1.0,Cite Ennasr 2,TUNIS,north,Rent,Apartment,2026-03-26T14:57:47.430973,new,,,90
1453,tunisieannonce_81c43847aa3a,tunisieannonce,1400.0,,2.0,Ariana Essoughra,TUNIS,north,Rent,Villa,2026-03-26T14:57:56.529638,new,,,85
1372,tunisieannonce_4c3b2c7a13ce,tunisieannonce,4900.0,150.0,,Berge Du Lac,TUNIS,north,Sale,Commercial,2026-03-26T14:58:07.083867,new,,,70
1253,tunisieannonce_01bbd5782b56,tunisieannonce,1000.0,2026.0,2.0,El Menzah 9,TUNIS,north,Rent,Apartment,2026-03-26T14:58:19.178149,new,,,80
1615,tunisieannonce_ef4832b7076c,tunisieannonce,1900.0,,2.0,Cite Ennasr 2,TUNIS,north,Rent,Apartment,2026-03-26T14:58:31.831024,new,,,85
1629,tunisieannonce_f4443b088c7a,tunisieannonce,1650.0,100.0,2.0,Cite Ennasr 2,TUNIS,north,Rent,Apartment,2026-03-26T14:58:41.141406,new,,,90
1575,tunisieannonce_ce4b5f1a3199,tunisieannonce,1650.0,,3.0,Cite Ennasr 2,TUNIS,north,Rent,Apartment,2026-03-26T14:58:50.407241,new,,,85
1483,tunisieannonce_9177503ea620,tunisieannonce,2000.0,107.0,,Berge Du Lac,TUNIS,north,Sale,Commercial,2026-03-26T14:59:00.625999,new,,,70
1595,tunisieannonce_de00dc07a4fe,tunisieannonce,1200.0,80.0,1.0,El Menzah 9,TUNIS,north,Rent,Apartment,2026-03-26T14:59:10.944335,new,,,90
1408,tunisieannonce_6102956dae70,tunisieannonce,2000.0,2025.0,1.0,Zone Urbaine Nord,TUNIS,north,Sale,Commercial,2026-03-26T14:59:23.215845,new,,,80
1495,tunisieannonce_9a7ad5646695,tunisieannonce,900.0,50.0,1.0,Ain Zaghouan,TUNIS,north,Rent,Other,2026-03-26T14:59:32.927225,new,,,90
1381,tunisieannonce_551533a16425,tunisieannonce,1700.0,2025.0,,Tunis Belvedere,TUNIS,north,Sale,Commercial,2026-03-26T15:00:25.262211,new,,,70
1464,tunisieannonce_831c1aa086ef,tunisieannonce,630.0,,1.0,Cite Ennasr 2,TUNIS,north,Rent,Apartment,2026-03-26T15:00:32.996643,new,,,85
1395,tunisieannonce_59e32351de9e,tunisieannonce,630.0,75.0,1.0,Cite Ennasr 2,TUNIS,north,Rent,Apartment,2026-03-26T15:00:41.469078,new,,,90
1385,tunisieannonce_53d23b47f885,tunisieannonce,200000.0,160.0,2.0,Cite Touristique,TUNIS,north,Sale,Apartment,2026-03-26T15:00:50.724433,new,,,100
1539,tunisieannonce_acc9d9df19ed,tunisieannonce,1100.0,2026.0,2.0,El Menzah 9,TUNIS,north,Rent,Apartment,2026-03-26T15:01:02.086913,new,,,80
1589,tunisieannonce_d225bdf0c130,tunisieannonce,1800.0,160.0,4.0,Mutuelle Ville,TUNIS,north,Sale,Commercial,2026-03-26T15:01:11.577483,new,,,80
1513,tunisieannonce_a3b50604b73c,tunisieannonce,280000.0,308.0,2.0,El Haouaria,TUNIS,north,Sale,Villa,2026-03-26T15:01:20.596680,new,,,100
1455,tunisieannonce_7eeb99db1213,tunisieannonce,900.0,2026.0,3.0,El Menzah 9,TUNIS,north,Rent,Apartment,2026-03-26T15:01:29.748532,new,,,80
1269,tunisieannonce_067e0d0fa300,tunisieannonce,340000.0,275.0,2.0,Cite Touristique,TUNIS,north,Sale,Land,2026-03-26T15:01:38.850563,new,,,100
1318,tunisieannonce_26ac0a6b9e4d,tunisieannonce,115000.0,680.0,,Hammamet,TUNIS,north,Sale,Land,2026-03-26T15:01:56.462515,new,,,90
1450,tunisieannonce_7e9ca4440610,tunisieannonce,245000.0,400.0,2.0,Hammamet,TUNIS,north,Sale,Villa,2026-03-26T15:02:05.027867,new,,,100
1324,tunisieannonce_2b2bcb8277dd,tunisieannonce,195000.0,290.0,,Hammamet,TUNIS,north,Sale,Other,2026-03-26T15:02:15.285304,new,,,90
1470,tunisieannonce_877f06003777,tunisieannonce,290000.0,110.0,3.0,Hedi Chaker,TUNIS,north,Sale,Commercial,2026-03-26T15:02:25.494237,new,,,100
1392,tunisieannonce_5b5dda85f4c2,tunisieannonce,2500.0,600.0,3.0,Mutuelle Ville,TUNIS,north,Sale,Land,2026-03-26T15:02:36.413524,new,,,80
1523,tunisieannonce_aaa2b1d126e5,tunisieannonce,695000.0,203.0,3.0,Cite Ennasr 2,TUNIS,north,Sale,Apartment,2026-03-26T15:02:49.916022,new,,,100
1328,tunisieannonce_2c6e42e55188,tunisieannonce,8500.0,,3.0,Gammart,TUNIS,north,Rent,Villa,2026-03-26T15:03:02.206941,new,,,65
1447,tunisieannonce_7b89280925ae,tunisieannonce,1600.0,112.0,2.0,Cite Jardins,TUNIS,north,Rent,Apartment,2026-03-26T15:04:59.333179,new,,,90
1454,tunisieannonce_8169c45ca872,tunisieannonce,5000.0,,4.0,Berge Du Lac,TUNIS,north,Rent,Apartment,2026-03-26T15:05:11.213942,new,,,65
1566,tunisieannonce_c48a90847bda,tunisieannonce,2000.0,2025.0,3.0,Cite Ennasr 2,TUNIS,north,Rent,Apartment,2026-03-26T15:05:26.138576,new,,,80
1294,tunisieannonce_1b59765b0764,tunisieannonce,2000.0,,1.0,Cite Ennasr 2,TUNIS,north,Rent,Apartment,2026-03-26T15:05:43.541180,new,,,85
1351,tunisieannonce_4417efe7fe6a,tunisieannonce,6100.0,200.0,,Berge Du Lac,TUNIS,north,Sale,Commercial,2026-03-26T15:05:54.226874,new,,,70
1331,tunisieannonce_391e60776983,tunisieannonce,1500.0,70.0,1.0,Chotrana 1,TUNIS,north,Rent,Villa,2026-03-26T15:06:03.282472,new,,,90
1634,tunisieannonce_ffd74fab3458,tunisieannonce,1250.0,100.0,2.0,El Aouina,TUNIS,north,Rent,Apartment,2026-03-26T15:06:13.311471,new,,,90
1322,tunisieannonce_303785b68428,tunisieannonce,155000.0,57.0,1.0,Bou Mhel,TUNIS,north,Sale,Apartment,2026-03-26T15:06:30.312442,new,,,95
1348,tunisieannonce_3ab7872ce32a,tunisieannonce,70000.0,50.0,2.0,El Mourouj,TUNIS,north,Sale,Commercial,2026-03-26T15:06:43.671984,new,,,100
1529,tunisieannonce_aa4ba8ff6033,tunisieannonce,750000.0,600.0,5.0,Le Bardo,TUNIS,north,Sale,Villa,2026-03-26T15:06:59.675508,new,,,95
1394,tunisieannonce_5a7302b0fbf0,tunisieannonce,75000.0,276.0,2.0,Menzel Bouzelfa,TUNIS,north,Sale,Land,2026-03-26T15:07:10.686127,new,,,95
1635,tunisieannonce_fc2bcfb04129,tunisieannonce,450.0,70.0,1.0,La Soukra,TUNIS,north,Rent,Villa,2026-03-26T15:07:25.158656,new,,,90
1382,tunisieannonce_53573f16af08,tunisieannonce,950000.0,710.0,5.0,Le Bardo,TUNIS,north,Sale,Land,2026-03-26T15:07:34.068658,new,,,100
1380,tunisieannonce_55180a40e0bd,tunisieannonce,150000.0,140.0,3.0,Soliman,TUNIS,north,Sale,Villa,2026-03-26T15:07:44.908253,new,,,100
1596,tunisieannonce_db1d2a04b66a,tunisieannonce,1600.0,65.0,2.0,Cite Ennasr 1,TUNIS,north,Rent,Apartment,2026-03-26T15:08:14.154530,new,,,90
1590,tunisieannonce_defd3b4e739b,tunisieannonce,650.0,120.0,1.0,La Soukra,TUNIS,north,Rent,Other,2026-03-26T15:08:25.805102,new,,,90
1291,tunisieannonce_1c10a52cfba0,tunisieannonce,1700.0,65.0,2.0,Cite Ennasr 2,TUNIS,north,Rent,Villa,2026-03-26T15:08:36.879242,new,,,90
1313,tunisieannonce_293ac0f53432,tunisieannonce,430000.0,448.0,2.0,El Mourouj,TUNIS,north,Sale,Commercial,2026-03-26T15:08:44.935740,new,,,80
1363,tunisieannonce_496a6bc4560a,tunisieannonce,1800.0,80.0,2.0,Cite Ennasr 1,TUNIS,north,Rent,Apartment,2026-03-26T15:08:55.572103,new,,,90
1292,tunisieannonce_1d5e0645adbf,tunisieannonce,500.0,70.0,1.0,La Soukra,TUNIS,north,Rent,Apartment,2026-03-26T15:09:04.276931,new,,,90
1384,tunisieannonce_55da4f6366d4,tunisieannonce,1700.0,65.0,2.0,Cite Ennasr 1,TUNIS,north,Rent,Apartment,2026-03-26T15:09:13.082962,new,,,90
1386,tunisieannonce_54d678079b4e,tunisieannonce,2500.0,111.0,2.0,Ezzahra,TUNIS,north,Rent,Apartment,2026-03-26T15:10:08.698641,new,,,90
1367,tunisieannonce_4aa9f70866d5,tunisieannonce,2200.0,80.0,2.0,Riadh Landlous,TUNIS,north,Rent,Apartment,2026-03-26T15:10:18.695674,new,,,90
1588,tunisieannonce_cee9b6baebf6,tunisieannonce,4000.0,172.0,2.0,Ezzahra,TUNIS,north,Rent,Commercial,2026-03-26T15:10:26.809422,new,,,90
1608,tunisieannonce_e1ca89dec6b8,tunisieannonce,210000.0,75.0,2.0,Nouvelle Medina,TUNIS,north,Sale,Apartment,2026-03-26T15:10:38.273180,new,,,100
1359,tunisieannonce_42140cc3ca8d,tunisieannonce,650000.0,160.0,,Tazarka,TUNIS,north,Sale,Land,2026-03-26T15:11:02.050355,new,,,90
1293,tunisieannonce_19d4182318c6,tunisieannonce,2100.0,70.0,2.0,Cite Ennasr 1,TUNIS,north,Rent,Apartment,2026-03-26T15:11:12.292776,new,,,90
1598,tunisieannonce_d98b113d42b4,tunisieannonce,900.0,100.0,2.0,Nouvelle Medina,TUNIS,north,Rent,Apartment,2026-03-26T15:11:20.335686,new,,,90
1271,tunisieannonce_0e90bb491bab,tunisieannonce,1700.0,70.0,2.0,Cite Ennasr 1,TUNIS,north,Rent,Apartment,2026-03-26T15:11:31.175332,new,,,90
1402,tunisieannonce_5ee2f7b51653,tunisieannonce,1100.0,20.0,2.0,El Menzah 5,TUNIS,north,Rent,Apartment,2026-03-26T15:11:39.840622,new,,,85
1307,tunisieannonce_205474692b7f,tunisieannonce,900000.0,500.0,,Chatt Meriem,TUNIS,north,Sale,Land,2026-03-26T15:11:48.830075,new,,,90
1443,tunisieannonce_7713978df36c,tunisieannonce,2100.0,80.0,1.0,El Aouina,TUNIS,north,Rent,Apartment,2026-03-26T15:12:00.479906,new,,,90
1622,tunisieannonce_f8d191fbcb77,tunisieannonce,1600.0,65.0,2.0,Cite Ennasr 1,TUNIS,north,Rent,Villa,2026-03-26T15:12:16.707147,new,,,90
1416,tunisieannonce_652de7231c61,tunisieannonce,1800.0,70.0,2.0,Cite Ennasr 2,TUNIS,north,Rent,Apartment,2026-03-26T15:12:28.191083,new,,,85
1267,tunisieannonce_0832fb265089,tunisieannonce,2500.0,120.0,2.0,Ezzahra,TUNIS,north,Rent,Apartment,2026-03-26T15:12:35.970708,new,,,90
1568,tunisieannonce_c402cdc93f98,tunisieannonce,1700.0,70.0,2.0,Cite Ennasr 1,TUNIS,north,Rent,Apartment,2026-03-26T15:12:45.368461,new,,,90
1444,tunisieannonce_7a8d02abe76b,tunisieannonce,950.0,38.0,1.0,Cite Ennasr 1,TUNIS,north,Rent,Other,2026-03-26T15:12:53.005780,new,,,90
1410,tunisieannonce_656d089619e1,tunisieannonce,1800.0,70.0,2.0,Cite Ennasr 1,TUNIS,north,Rent,Apartment,2026-03-26T15:13:01.892676,new,,,90
1308,tunisieannonce_24778fd25bad,tunisieannonce,850.0,75.0,1.0,Cite Ennasr 2,TUNIS,north,Rent,Other,2026-03-26T15:13:10.085294,new,,,90
1585,tunisieannonce_d2c0829fd5ee,tunisieannonce,538118.0,113.0,3.0,El Kantaoui,TUNIS,north,Sale,Apartment,2026-03-26T15:13:19.346719,new,,,100
1624,tunisieannonce_fc0e79d69c78,tunisieannonce,650.0,35.0,4.0,El Manar 1,TUNIS,north,Rent,Villa,2026-03-26T15:13:28.157382,new,,,90
1508,tunisieannonce_9f286dc309ad,tunisieannonce,462000.0,850.0,,Chatt Meriem,TUNIS,north,Sale,Land,2026-03-26T15:13:35.843669,new,,,85
1362,tunisieannonce_46a15f55b03d,tunisieannonce,520000.0,175.0,2.0,Rades Plage,TUNIS,north,Sale,Villa,2026-03-26T15:13:46.022710,new,,,100
1286,tunisieannonce_16839c856c97,tunisieannonce,3000.0,380.0,2.0,Hammam Sousse,TUNIS,north,Rent,Commercial,2026-03-26T15:13:55.505484,new,,,90
1427,tunisieannonce_6a7451578109,tunisieannonce,1700.0,1000.0,,Sidi Daoud,TUNIS,north,Sale,Land,2026-03-26T15:14:26.590352,new,,,75
1379,tunisieannonce_4e1400f292f9,tunisieannonce,2200.0,,1.0,Sidi Daoud,TUNIS,north,Rent,Apartment,2026-03-26T15:14:39.447099,new,,,85
1298,tunisieannonce_1ec739739319,tunisieannonce,800000.0,140.0,1.0,Marsa Safsaf,TUNIS,north,Sale,Commercial,2026-03-26T15:14:48.846473,new,,,80
1272,tunisieannonce_0e87dba4f25d,tunisieannonce,980000.0,530.0,,Cite Ennasr 2,TUNIS,north,Sale,Land,2026-03-26T15:14:57.252353,new,,,90
1632,tunisieannonce_fc4e1e43cc06,tunisieannonce,1200.0,180.0,1.0,Sidi Frej,TUNIS,north,Rent,Commercial,2026-03-26T15:15:06.384990,new,,,90
1586,tunisieannonce_d307a3e2c840,tunisieannonce,1200.0,200.0,1.0,Sidi Frej,TUNIS,north,Rent,Commercial,2026-03-26T15:15:15.135220,new,,,90
1581,tunisieannonce_cf104f053646,tunisieannonce,230000.0,378.0,,Dar Fadhal,TUNIS,north,Sale,Land,2026-03-26T15:15:22.975889,new,,,90
1419,tunisieannonce_6676a89468f7,tunisieannonce,160000.0,39.0,40.0,Jardins D'El Menzah,TUNIS,north,Sale,Apartment,2026-03-26T15:15:31.248436,new,,,85
1593,tunisieannonce_db359af98363,tunisieannonce,410000.0,570.0,,Raoued,TUNIS,north,Sale,Land,2026-03-26T15:15:42.910551,new,,,90
1391,tunisieannonce_5c1df78124cf,tunisieannonce,850.0,160.0,1.0,Cite De L'Aeroport,TUNIS,north,Rent,Commercial,2026-03-26T15:15:51.670610,new,,,85
1309,tunisieannonce_211d1037152f,tunisieannonce,1300.0,400.0,1.0,La Soukra,TUNIS,north,Rent,Commercial,2026-03-26T15:16:01.661647,new,,,90
1336,tunisieannonce_37d4ceb50547,tunisieannonce,1200.0,505.0,3.0,Hammam Chatt,TUNIS,north,Sale,Land,2026-03-26T15:16:10.030758,new,,,80
1485,tunisieannonce_8ce056272e95,tunisieannonce,190000.0,110.0,2.0,Borj Louzir,TUNIS,north,Sale,Apartment,2026-03-26T15:16:24.453034,new,,,100
1365,tunisieannonce_4ad81e76324b,tunisieannonce,438000.0,438.0,2.0,Cite Boussouffara,TUNIS,north,Sale,Other,2026-03-26T15:16:34.523256,new,,,95
1343,tunisieannonce_3fde87e84d4c,tunisieannonce,920000.0,2026.0,5.0,Gammart,TUNIS,north,Sale,Villa,2026-03-26T15:16:46.057119,new,,,100
1439,tunisieannonce_717dc5223ebd,tunisieannonce,2000.0,100.0,2.0,Republique,TUNIS,north,Rent,Apartment,2026-03-26T15:16:56.131273,new,,,85
1305,tunisieannonce_24e6961d6bbd,tunisieannonce,135000.0,300.0,1.0,Bou Mhel,TUNIS,north,Sale,Other,2026-03-26T15:17:07.095407,new,,,95
1605,tunisieannonce_e75cd1d34069,tunisieannonce,2400.0,150.0,3.0,Cite Ennasr 2,TUNIS,north,Rent,Apartment,2026-03-26T15:17:16.114098,new,,,90
1314,tunisieannonce_2a7a3e99f07e,tunisieannonce,1900.0,150.0,3.0,El Menzah 6,TUNIS,north,Rent,Apartment,2026-03-26T15:17:26.843304,new,,,90
1503,tunisieannonce_9c2deae1aed2,tunisieannonce,160000.0,400.0,,Sidi Saad,TUNIS,north,Sale,Land,2026-03-26T15:17:37.261209,new,,,90
1612,tunisieannonce_ee2ba601707b,tunisieannonce,1500.0,150.0,2.0,Republique,TUNIS,north,Rent,Commercial,2026-03-26T15:17:47.940007,new,,,85
1399,tunisieannonce_5d7ec9790685,tunisieannonce,1800.0,180.0,3.0,Ariana Essoughra,TUNIS,north,Rent,Villa,2026-03-26T15:17:58.276454,new,,,90
1278,tunisieannonce_0d3023a540db,tunisieannonce,550000.0,365.0,2.0,El Mourouj,TUNIS,north,Sale,Villa,2026-03-26T15:18:46.477568,new,,,95
1387,tunisieannonce_5590226144e3,tunisieannonce,7500.0,2800.0,3.0,Cite Industrielle,TUNIS,north,Sale,Land,2026-03-26T15:18:56.959705,new,,,85
1448,tunisieannonce_7b3ca2e23885,tunisieannonce,290000.0,160.0,3.0,Tunis Belvedere,TUNIS,north,Sale,Commercial,2026-03-26T15:19:07.439469,new,,,100
1334,tunisieannonce_3460372b56ef,tunisieannonce,1990.0,711.0,2.0,Cite Ennasr 2,TUNIS,north,Sale,Villa,2026-03-26T15:19:17.608601,new,,,80
1311,tunisieannonce_26d7b8c2d99e,tunisieannonce,600.0,85.0,2.0,Ezzahra El Habib,TUNIS,north,Rent,Apartment,2026-03-26T15:19:27.673541,new,,,75
1477,tunisieannonce_87ea4fe80ec3,tunisieannonce,930000.0,380.0,3.0,Borj Cedria,TUNIS,north,Sale,Villa,2026-03-26T15:19:30.081310,new,,,100
1636,verdar_130541,verdar,450000.0,450.0,,Boumhel Belair,null,,Sale,Land,2026-03-26T15:19:37.015163,new,,,85
1599,tunisieannonce_dc9ea37d008e,tunisieannonce,530000.0,100.0,2.0,Marsa Safsaf,TUNIS,north,Sale,Commercial,2026-03-26T15:19:43.086660,new,,,80
1355,tunisieannonce_4522eeea31dc,tunisieannonce,800.0,92.0,,Montplaisir,TUNIS,north,Sale,Commercial,2026-03-26T15:19:53.049758,new,,,70
1458,tunisieannonce_7decb3699308,tunisieannonce,1200.0,110.0,4.0,Montplaisir,TUNIS,north,Sale,Commercial,2026-03-26T15:20:13.006049,new,,,80
1420,tunisieannonce_6a13a8d62860,tunisieannonce,550000.0,614.0,3.0,Hammam Chatt,TUNIS,north,Sale,Villa,2026-03-26T15:20:22.339571,new,,,100
1315,tunisieannonce_254e683e6a6f,tunisieannonce,6000.0,450.0,6.0,Marsa Ennassim,TUNIS,north,Rent,Commercial,2026-03-26T15:20:34.018112,new,,,90
1490,tunisieannonce_94c742af6d30,tunisieannonce,180000.0,88.0,2.0,El Mourouj,TUNIS,north,Sale,Apartment,2026-03-26T15:20:50.206410,new,,,95
1535,tunisieannonce_afae778c298e,tunisieannonce,355000.0,450.0,3.0,Soliman,TUNIS,north,Sale,Land,2026-03-26T15:21:04.806887,new,,,100
1474,tunisieannonce_89c4db936c72,tunisieannonce,2100.0,250.0,,Bab El Assel,TUNIS,north,Sale,Other,2026-03-26T15:21:30.521497,new,,,70
1249,newkey_130600,newkey,790000.0,,,Maison / Villa,Tunis,,Sale,Villa,2026-03-26T15:21:47.351343,new,,,50
1496,tunisieannonce_9a335748b0fb,tunisieannonce,3500.0,700.0,4.0,Mutuelle Ville,TUNIS,north,Rent,Commercial,2026-03-26T15:22:25.555024,new,,,90
1248,newkey_130577,newkey,2000.0,,,Maison / Villa,Tunis,,Sale,Villa,2026-03-26T15:22:29.405824,new,,,30
1557,tunisieannonce_ba2326f25f90,tunisieannonce,370000.0,143.0,2.0,La Soukra,TUNIS,north,Sale,Apartment,2026-03-26T15:22:35.741651,new,,,100
1261,tunisieannonce_096bdeceadb3,tunisieannonce,55000.0,500.0,,Borj Ennour,TUNIS,north,Sale,Land,2026-03-26T15:22:47.774498,new,,,90
1257,newkey_130603,newkey,2300.0,,,Maison / Villa,Tunis,,Sale,Villa,2026-03-26T15:23:30.414846,new,,,30
1250,newkey_130627,newkey,6500.0,,,Maison / Villa,Tunis,,Sale,Commercial,2026-03-26T15:23:39.465814,new,,,50
1252,newkey_130604,newkey,1000.0,,,Appartement,Tunis,,Sale,Villa,2026-03-26T15:24:07.045285,new,,,30
1435,tunisieannonce_6fd9e6ad0c6e,tunisieannonce,116000.0,50.0,1.0,Denden,TUNIS,north,Sale,Apartment,2026-03-26T15:24:52.891562,new,,,100
1344,tunisieannonce_3e0c80de0ea8,tunisieannonce,320000.0,105.0,2.0,Nouvelle Medina,TUNIS,north,Sale,Land,2026-03-26T15:25:05.873589,new,,,100
1482,tunisieannonce_920097b0c386,tunisieannonce,900.0,100.0,2.0,Hergla,TUNIS,north,Rent,Apartment,2026-03-26T15:25:33.695545,new,,,90
1371,tunisieannonce_516bdd96995b,tunisieannonce,380000.0,140.0,2.0,Cite Ennasr 2,TUNIS,north,Sale,Apartment,2026-03-26T15:25:48.177880,new,,,100
1283,tunisieannonce_1194d95765ea,tunisieannonce,90000.0,70.0,3.0,Cite Ennasr 2,TUNIS,north,Sale,Commercial,2026-03-26T15:26:02.961253,new,,,100
1320,tunisieannonce_2bbdafd0cd98,tunisieannonce,550.0,2026.0,1.0,Cite Ennasr 2,TUNIS,north,Rent,Commercial,2026-03-26T15:26:15.281444,new,,,80
1552,tunisieannonce_b9daf9c3a84c,tunisieannonce,1200.0,75.0,2.0,Cite El Khalil,TUNIS,north,Rent,Other,2026-03-26T15:26:28.540204,new,,,90
1536,tunisieannonce_b02fb3dcc63f,tunisieannonce,2000.0,300.0,3.0,Nabeul,TUNIS,north,Rent,Land,2026-03-26T15:26:40.445158,new,,,90
1340,tunisieannonce_3cd9263973b9,tunisieannonce,205000.0,120.0,3.0,El Manar 2,TUNIS,north,Sale,Apartment,2026-03-26T15:26:51.807340,new,,,95
1461,tunisieannonce_826db0a31866,tunisieannonce,670000.0,300.0,2.0,Hammamet,TUNIS,north,Sale,Land,2026-03-26T15:27:00.073261,new,,,100
1526,tunisieannonce_a8effa05df7f,tunisieannonce,240000.0,90.0,3.0,El Manar 1,TUNIS,north,Sale,Apartment,2026-03-26T15:27:08.629566,new,,,100
1396,tunisieannonce_5c1dd1f96980,tunisieannonce,280000.0,135.0,2.0,El Menzah 8,TUNIS,north,Sale,Land,2026-03-26T15:27:16.976528,new,,,100
1538,tunisieannonce_af8b0d586bfc,tunisieannonce,1950.0,45.0,,El Manar 2,TUNIS,north,Sale,Other,2026-03-26T15:27:25.677030,new,,,70
1375,tunisieannonce_4e0fc993f6d4,tunisieannonce,1600.0,100.0,1.0,Chotrana 1,TUNIS,north,Rent,Apartment,2026-03-26T15:27:34.418499,new,,,90
1368,tunisieannonce_47b827820da7,tunisieannonce,600.0,70.0,4.0,El Manar 1,TUNIS,north,Rent,Villa,2026-03-26T15:27:42.464146,new,,,90
1280,tunisieannonce_1484c3f3a0b2,tunisieannonce,850.0,48.0,1.0,Riadh Landlous,TUNIS,north,Rent,Villa,2026-03-26T15:27:51.367409,new,,,90
1389,tunisieannonce_53ee41576ff9,tunisieannonce,850.0,66.0,2.0,El Aouina,TUNIS,north,Rent,Apartment,2026-03-26T15:27:59.272373,new,,,90
1488,tunisieannonce_8fdd4ccb710a,tunisieannonce,2300.0,160.0,3.0,Jardins De Carthage,TUNIS,north,Rent,Apartment,2026-03-26T15:28:08.066616,new,,,90
1562,tunisieannonce_c0be8ccfa51c,tunisieannonce,450000.0,461.0,2.0,El Haouaria,TUNIS,north,Sale,Land,2026-03-26T15:28:18.361605,new,,,95
1304,tunisieannonce_251de01c5c48,tunisieannonce,165000.0,140.0,2.0,El Yasminette,TUNIS,north,Sale,Villa,2026-03-26T15:28:31.241125,new,,,100
1499,tunisieannonce_98e4a46a88d7,tunisieannonce,55000.0,63.0,1.0,Khelidia,TUNIS,north,Sale,Other,2026-03-26T15:28:42.272271,new,,,100
1903,tunisieannonce_d5cf927c3a14,tunisieannonce,120000.0,80.0,2.0,El Mourouj,TUNIS,north,Sale,Apartment,2026-03-26T15:28:49.450730,new,,,100
1942,tunisieannonce_fb10781018c7,tunisieannonce,850.0,50.0,2.0,El Manar 1,TUNIS,north,Rent,Other,2026-03-26T15:30:17.426304,new,,,90
1740,tunisieannonce_5bf834a40145,tunisieannonce,480000.0,480.0,3.0,Hammam Sousse,TUNIS,north,Sale,Villa,2026-03-26T15:30:38.633144,new,,,95
1927,tunisieannonce_eeb3637fe705,tunisieannonce,5000.0,180.0,3.0,Marsa Safsaf,TUNIS,north,Rent,Apartment,2026-03-26T15:31:03.531481,new,,,80
1887,tunisieannonce_c7c2e37cc652,tunisieannonce,3800.0,150.0,3.0,Berge Du Lac,TUNIS,north,Rent,Villa,2026-03-26T15:31:25.364118,new,,,90
1923,tunisieannonce_e59391f11f17,tunisieannonce,2500.0,180.0,,La Soukra,TUNIS,north,Sale,Commercial,2026-03-26T15:31:48.921338,new,,,70
1734,tunisieannonce_551b4408ae44,tunisieannonce,535000.0,115.0,2.0,Ain Zaghouan,TUNIS,north,Sale,Apartment,2026-03-26T15:32:12.277826,new,,,100
1857,tunisieannonce_b174f9c1b6ec,tunisieannonce,280000.0,680.0,,El Araydhia,TUNIS,north,Sale,Land,2026-03-26T15:32:38.461174,new,,,85
1895,tunisieannonce_cf3b344010cf,tunisieannonce,220000.0,88.0,2.0,El Mourouj,TUNIS,north,Sale,Apartment,2026-03-26T15:33:01.474897,new,,,100
1847,tunisieannonce_ad16ea448b7b,tunisieannonce,550000.0,494.0,,Chatt Meriem,TUNIS,north,Sale,Land,2026-03-26T15:33:27.610971,new,,,85
1655,tunisieannonce_10ec510df311,tunisieannonce,299500.0,521.0,,Borj Cedria,TUNIS,north,Sale,Land,2026-03-26T15:33:50.939507,new,,,90
1700,tunisieannonce_3ed93a216620,tunisieannonce,2500.0,,2.0,Sidi Daoud,TUNIS,north,Rent,Apartment,2026-03-26T15:34:19.523290,new,,,85
1904,tunisieannonce_dc4d1b378189,tunisieannonce,120000.0,600.0,,Hammamet,TUNIS,north,Sale,Land,2026-03-26T15:34:42.587649,new,,,90
1639,newkey_128669,newkey,1350.0,,,Appartement,,,Sale,Apartment,2026-03-26T15:36:15.544940,price_down,-150.0,-10.0,0
1860,tunisieannonce_b40d365cb299,tunisieannonce,280000.0,100.0,3.0,Ezzahra,TUNIS,north,Sale,Commercial,2026-03-26T15:40:46.754061,new,,,80
1671,tunisieannonce_1e18206c3c16,tunisieannonce,2999.0,150.0,1.0,Chotrana 3,TUNIS,north,Rent,Villa,2026-03-26T15:41:07.290476,new,,,90
1654,tunisieannonce_0ee5e6352934,tunisieannonce,750.0,110.0,3.0,El Mourouj,TUNIS,north,Rent,Villa,2026-03-26T15:41:19.304258,new,,,90
1816,tunisieannonce_8e3939fa0296,tunisieannonce,231500.0,421.0,,Borj Cedria,TUNIS,north,Sale,Land,2026-03-26T15:41:29.190000,new,,,90
1737,tunisieannonce_5a4e43e40982,tunisieannonce,175900.0,359.0,,Soliman,TUNIS,north,Sale,Land,2026-03-26T15:41:42.061919,new,,,90
1876,tunisieannonce_bccf783b8b4f,tunisieannonce,630.0,100.0,3.0,El Mourouj,TUNIS,north,Rent,Villa,2026-03-26T15:41:54.706036,new,,,90
1672,tunisieannonce_1de5f54fc5f2,tunisieannonce,192000.0,400.0,,Soliman,TUNIS,north,Sale,Land,2026-03-26T15:42:03.849826,new,,,90
1702,tunisieannonce_3e209c670b48,tunisieannonce,40000.0,115.0,,Menzel Abderrahman,TUNIS,north,Sale,Land,2026-03-26T15:42:16.625209,new,,,90
1758,tunisieannonce_6653a3479e9f,tunisieannonce,3500.0,175.0,3.0,Marsa Safsaf,TUNIS,north,Rent,Apartment,2026-03-26T15:42:24.154068,new,,,90
1804,tunisieannonce_85d8baa246f9,tunisieannonce,980000.0,,,Bou Jerida,TUNIS,north,Sale,Land,2026-03-26T15:42:34.184312,new,,,75
1905,tunisieannonce_dc0f123ebfed,tunisieannonce,3500.0,300.0,2.0,Gammart,TUNIS,north,Rent,Apartment,2026-03-26T15:42:44.334520,new,,,90
1936,tunisieannonce_f32e4d912c4c,tunisieannonce,2900.0,830.0,1.0,El Kantaoui,TUNIS,north,Sale,Land,2026-03-26T15:42:53.331386,new,,,80
1720,tunisieannonce_4c35a8220b9f,tunisieannonce,6000.0,170.0,2.0,Gammart,TUNIS,north,Rent,Villa,2026-03-26T15:43:05.031834,new,,,90
1736,tunisieannonce_564d0dbfa6ed,tunisieannonce,470000.0,126.0,2.0,El Kantaoui,TUNIS,north,Sale,Apartment,2026-03-26T15:43:17.107517,new,,,100
1824,tunisieannonce_9c52cb0186b0,tunisieannonce,900.0,60.0,2.0,Cite De La Plage 2,TUNIS,north,Rent,Apartment,2026-03-26T15:43:28.290394,new,,,90
1777,tunisieannonce_746e8ed4cfd0,tunisieannonce,5000.0,300.0,,Charguia 1,TUNIS,north,Sale,Commercial,2026-03-26T15:43:38.031250,new,,,70
1815,tunisieannonce_908554ae27b5,tunisieannonce,7700.0,650.0,,Charguia 1,TUNIS,north,Sale,Commercial,2026-03-26T15:43:46.251807,new,,,70
1825,tunisieannonce_9e516aa30a30,tunisieannonce,245000.0,400.0,2.0,Hammamet,TUNIS,north,Sale,Villa,2026-03-26T15:43:53.885739,new,,,100
1907,tunisieannonce_da3a9a7b80b9,tunisieannonce,4500.0,300.0,,El Menzah 6,TUNIS,north,Sale,Land,2026-03-26T15:44:01.529537,new,,,70
1670,tunisieannonce_1d224a1f6aca,tunisieannonce,2400.0,80.0,,Jardins De Carthage,TUNIS,north,Sale,Commercial,2026-03-26T15:44:10.728150,new,,,70
1695,tunisieannonce_323d39bd4f90,tunisieannonce,3900.0,130.0,2.0,Gammart,TUNIS,north,Rent,Villa,2026-03-26T15:44:18.952417,new,,,90
1868,tunisieannonce_b7603e60767d,tunisieannonce,900.0,,3.0,Bizerte,TUNIS,north,Rent,Villa,2026-03-26T15:44:28.775457,new,,,85
1870,tunisieannonce_b96792813927,tunisieannonce,2200.0,120.0,2.0,El Menzah 1,TUNIS,north,Rent,Commercial,2026-03-26T15:44:41.040028,new,,,90
1668,tunisieannonce_1b4105b95f75,tunisieannonce,530000.0,100.0,2.0,Chotrana 1,TUNIS,north,Sale,Villa,2026-03-26T15:44:53.016856,new,,,100
1806,tunisieannonce_842040c9ad68,tunisieannonce,4000.0,160.0,2.0,Berge Du Lac,TUNIS,north,Rent,Commercial,2026-03-26T15:45:14.863918,new,,,90
1717,tunisieannonce_4ca2cd696555,tunisieannonce,1300.0,70.0,1.0,Chotrana 1,TUNIS,north,Rent,Apartment,2026-03-26T15:45:23.936399,new,,,90
1839,tunisieannonce_aa0cb2735f60,tunisieannonce,693494.0,162.0,3.0,Chotrana 3,TUNIS,north,Sale,Apartment,2026-03-26T15:45:33.326745,new,,,100
1920,tunisieannonce_e52afc362e98,tunisieannonce,1150.0,110.0,2.0,Montplaisir,TUNIS,north,Rent,Commercial,2026-03-26T15:45:43.296725,new,,,85
1891,tunisieannonce_cc4579f3bd79,tunisieannonce,1150.0,150.0,1.0,Ariana,TUNIS,north,Rent,Villa,2026-03-26T15:45:51.515304,new,,,90
1799,tunisieannonce_827cbe0e65a8,tunisieannonce,448000.0,592.0,2.0,Hammamet,TUNIS,north,Sale,Land,2026-03-26T15:45:59.406804,new,,,100
1828,tunisieannonce_9f395802e784,tunisieannonce,620.0,70.0,1.0,Ariana,TUNIS,north,Rent,Other,2026-03-26T15:46:07.596724,new,,,90
1856,tunisieannonce_b0ebe56a4687,tunisieannonce,1300.0,100.0,2.0,Le Bardo,TUNIS,north,Sale,Commercial,2026-03-26T15:46:14.744412,new,,,80
1766,tunisieannonce_6a7a97b07d62,tunisieannonce,240.0,65.0,1.0,Ain Zaghouan,TUNIS,north,Rent,Apartment,2026-03-26T15:46:24.502783,new,,,90
1822,tunisieannonce_998cd1ae88cb,tunisieannonce,337000.0,160.0,2.0,Bir Bouregba,TUNIS,north,Sale,Land,2026-03-26T15:46:33.654061,new,,,100
1896,tunisieannonce_cf55eededf0c,tunisieannonce,7000.0,2026.0,3.0,Marsa Safsaf,TUNIS,north,Rent,Apartment,2026-03-26T15:46:43.956716,new,,,80
1751,tunisieannonce_6141794b26f7,tunisieannonce,330000.0,290.0,3.0,El Brarja,TUNIS,north,Sale,Villa,2026-03-26T15:46:52.775928,new,,,100
1873,tunisieannonce_bbd3f3d62188,tunisieannonce,1500.0,60.0,1.0,Zone Hoteliere,TUNIS,north,Rent,Apartment,2026-03-26T15:47:01.530411,new,,,90
1826,tunisieannonce_9d79bf024488,tunisieannonce,3100.0,120.0,2.0,Marsa Safsaf,TUNIS,north,Rent,Land,2026-03-26T15:47:10.046982,new,,,90
1678,tunisieannonce_2592ac8b6838,tunisieannonce,3000.0,150.0,2.0,Marsa Safsaf,TUNIS,north,Rent,Apartment,2026-03-26T15:47:18.735020,new,,,90
1814,tunisieannonce_8d31f9bfd885,tunisieannonce,3800.0,500.0,3.0,El Manar 1,TUNIS,north,Rent,Villa,2026-03-26T15:47:27.388069,new,,,90
1771,tunisieannonce_6f8c9ac88dc5,tunisieannonce,900.0,80.0,1.0,Bizerte,TUNIS,north,Rent,Apartment,2026-03-26T15:47:40.671332,new,,,90
1692,tunisieannonce_383fbcf28efb,tunisieannonce,700.0,50.0,4.0,El Menzah 9,TUNIS,north,Rent,Villa,2026-03-26T15:47:48.451966,new,,,90
1726,tunisieannonce_52624283208d,tunisieannonce,900.0,60.0,2.0,El Manar 1,TUNIS,north,Rent,Other,2026-03-26T15:47:59.043584,new,,,90
1643,tunisieannonce_0102efdce75b,tunisieannonce,750.0,40.0,1.0,El Manar 1,TUNIS,north,Rent,Other,2026-03-26T15:48:08.300657,new,,,90
1744,tunisieannonce_60f3686d9a7a,tunisieannonce,3600.0,180.0,3.0,Sidi Daoud,TUNIS,north,Rent,Villa,2026-03-26T15:48:16.626220,new,,,90
1679,tunisieannonce_250b89ec7525,tunisieannonce,2800.0,,3.0,Hammamet,TUNIS,north,Rent,Villa,2026-03-26T15:48:26.318532,new,,,85
1835,tunisieannonce_a45e8d5bad6d,tunisieannonce,1230.0,948.0,,Sidi Daoud,TUNIS,north,Sale,Land,2026-03-26T15:48:35.888336,new,,,70
1941,tunisieannonce_f6bea70ecb92,tunisieannonce,231000.0,420.0,,Borj Cedria,TUNIS,north,Sale,Land,2026-03-26T15:48:44.425157,new,,,90
1725,tunisieannonce_5090be80d8f4,tunisieannonce,228000.0,317.0,,Borj Cedria,TUNIS,north,Sale,Land,2026-03-26T15:48:54.863565,new,,,90
1641,tunisieannonce_05590d78d04b,tunisieannonce,157500.0,328.0,,Borj Cedria,TUNIS,north,Sale,Land,2026-03-26T15:49:09.761100,new,,,90
1712,tunisieannonce_451517acfa75,tunisieannonce,26000.0,186.0,,Dar Allouche,TUNIS,north,Sale,Land,2026-03-26T15:49:19.934110,new,,,90
1687,tunisieannonce_2c48776a456c,tunisieannonce,290000.0,265.0,,El Menzah 9,TUNIS,north,Sale,Land,2026-03-26T15:49:27.064386,new,,,90
1730,tunisieannonce_51fec7e3a164,tunisieannonce,1650.0,65.0,1.0,Chotrana 3,TUNIS,north,Rent,Villa,2026-03-26T15:49:35.072739,new,,,90
1915,tunisieannonce_e162b8600fa8,tunisieannonce,181000.0,377.0,,Soliman,TUNIS,north,Sale,Land,2026-03-26T15:49:45.192504,new,,,90
1852,tunisieannonce_b0279b58752d,tunisieannonce,2100.0,160.0,1.0,Ain Zaghouan,TUNIS,north,Rent,Apartment,2026-03-26T15:49:55.412686,new,,,90
1846,tunisieannonce_ae161fd127d2,tunisieannonce,280000.0,444.0,,Soliman,TUNIS,north,Sale,Land,2026-03-26T15:50:04.069560,new,,,90
1723,tunisieannonce_4fc6022a38d1,tunisieannonce,4800.0,400.0,1.0,Ain Zaghouan,TUNIS,north,Rent,Villa,2026-03-26T15:50:17.875391,new,,,90
1686,tunisieannonce_2ec88ce3f168,tunisieannonce,231000.0,420.0,,Soliman,TUNIS,north,Sale,Land,2026-03-26T15:50:25.750181,new,,,90
1791,tunisieannonce_7d0c08c38ff6,tunisieannonce,175900.0,359.0,,Borj Cedria,TUNIS,north,Sale,Land,2026-03-26T15:50:38.965302,new,,,90
1790,tunisieannonce_7d79ddad196f,tunisieannonce,1192.0,400.0,,Borj Cedria,TUNIS,north,Sale,Land,2026-03-26T15:50:51.049421,new,,,70
1738,tunisieannonce_567e0907bc20,tunisieannonce,700.0,100.0,2.0,Borj Cedria,TUNIS,north,Rent,Apartment,2026-03-26T15:51:04.276743,new,,,90
1810,tunisieannonce_8c132be7aa2e,tunisieannonce,24000.0,200.0,,Kelibia,TUNIS,north,Sale,Land,2026-03-26T15:53:21.036498,new,,,90
1761,tunisieannonce_677236f55e96,tunisieannonce,6000.0,170.0,2.0,Gammart,TUNIS,north,Rent,Villa,2026-03-26T15:53:28.116439,new,,,90
1864,tunisieannonce_b8145b1758a4,tunisieannonce,820000.0,140.0,2.0,Gammart,TUNIS,north,Sale,Villa,2026-03-26T15:53:36.798143,new,,,100
1718,tunisieannonce_4b410a4f2bd8,tunisieannonce,1300.0,60.0,1.0,El Mourouj,TUNIS,north,Rent,Apartment,2026-03-26T15:53:44.907651,new,,,90
1886,tunisieannonce_c5654b64ed75,tunisieannonce,1200.0,425.0,,Hedi Chaker,TUNIS,north,Sale,Land,2026-03-26T15:53:53.985821,new,,,65
1721,tunisieannonce_5158fc05d3ec,tunisieannonce,1100.0,150.0,3.0,Rades,TUNIS,north,Rent,Villa,2026-03-26T15:54:02.302310,new,,,90
1827,tunisieannonce_9fe74a37dea3,tunisieannonce,2200.0,500.0,1.0,Cite Ennasr 2,TUNIS,north,Rent,Villa,2026-03-26T15:54:10.116714,new,,,90
1756,tunisieannonce_657ce3bd0021,tunisieannonce,10000.0,600.0,4.0,Mutuelle Ville,TUNIS,north,Rent,Villa,2026-03-26T15:54:21.481427,new,,,90
1916,tunisieannonce_e0eeeb56bbfd,tunisieannonce,75000.0,230.0,2.0,Dar Allouche,TUNIS,north,Sale,Villa,2026-03-26T15:54:33.958511,new,,,100
1817,tunisieannonce_8dd8c17c5a98,tunisieannonce,11000.0,450.0,2.0,Berge Du Lac,TUNIS,north,Rent,Villa,2026-03-26T15:54:42.678890,new,,,80
1935,tunisieannonce_f541e96b4c9b,tunisieannonce,1000.0,100.0,5.0,Montplaisir,TUNIS,north,Sale,Commercial,2026-03-26T15:54:54.150741,new,,,75
1675,tunisieannonce_237015c5442e,tunisieannonce,6500.0,280.0,3.0,Gammart,TUNIS,north,Rent,Apartment,2026-03-26T15:55:02.412632,new,,,80
1691,tunisieannonce_305e2eb89baf,tunisieannonce,2500.0,100.0,,Berge Du Lac,TUNIS,north,Sale,Commercial,2026-03-26T15:55:13.628475,new,,,70
1710,tunisieannonce_45d96702556c,tunisieannonce,6000.0,300.0,,Berge Du Lac,TUNIS,north,Sale,Commercial,2026-03-26T15:55:21.383100,new,,,70
1892,tunisieannonce_cbb3a3a15424,tunisieannonce,13500.0,640.0,,Berge Du Lac,TUNIS,north,Sale,Commercial,2026-03-26T15:57:17.006521,new,,,70
1684,tunisieannonce_279a906eae74,tunisieannonce,6460.0,310.0,,Berge Du Lac,TUNIS,north,Sale,Commercial,2026-03-26T15:57:28.253416,new,,,70
1883,tunisieannonce_c3ca9a82d430,tunisieannonce,3300.0,160.0,,Berge Du Lac,TUNIS,north,Sale,Commercial,2026-03-26T15:57:36.984271,new,,,70
1770,tunisieannonce_6e7d256193ee,tunisieannonce,1800.0,90.0,1.0,Jardins De Carthage,TUNIS,north,Rent,Apartment,2026-03-26T15:57:46.775748,new,,,90
1793,tunisieannonce_7f4b9561e3f5,tunisieannonce,3500.0,120.0,,Berge Du Lac,TUNIS,north,Sale,Commercial,2026-03-26T15:57:57.289074,new,,,70
1757,tunisieannonce_64fb37638889,tunisieannonce,2600.0,110.0,2.0,Marsa Safsaf,TUNIS,north,Rent,Apartment,2026-03-26T15:58:05.697300,new,,,90
1885,tunisieannonce_c948ca368b03,tunisieannonce,3500.0,125.0,1.0,Ain Zaghouan,TUNIS,north,Rent,Apartment,2026-03-26T15:58:14.204022,new,,,90
1922,tunisieannonce_e520f9dd8766,tunisieannonce,1800.0,180.0,1.0,Zone Urbaine Nord,TUNIS,north,Sale,Commercial,2026-03-26T15:58:24.074725,new,,,80
1784,tunisieannonce_797fd6c9d053,tunisieannonce,1240.0,32.0,,Sidi Daoud,TUNIS,north,Sale,Land,2026-03-26T15:58:32.564883,new,,,70
1789,tunisieannonce_7e47adee27c8,tunisieannonce,1250.0,110.0,2.0,Sidi Daoud,TUNIS,north,Rent,Apartment,2026-03-26T15:58:41.257023,new,,,90
1662,tunisieannonce_1612e325c5b7,tunisieannonce,2100.0,120.0,1.0,Ain Zaghouan,TUNIS,north,Rent,Apartment,2026-03-26T15:58:50.747104,new,,,90
1812,tunisieannonce_9010e9829052,tunisieannonce,7000.0,324.0,,Berge Du Lac,TUNIS,north,Sale,Commercial,2026-03-26T15:58:59.811834,new,,,70
1899,tunisieannonce_d5062918e147,tunisieannonce,900000.0,410.0,3.0,Ezzahra,TUNIS,north,Sale,Land,2026-03-26T15:59:08.227673,new,,,100
1934,tunisieannonce_f588707c2758,tunisieannonce,559000.0,119.0,2.0,Chotrana 2,TUNIS,north,Sale,Villa,2026-03-26T15:59:16.513407,new,,,100
1879,tunisieannonce_be6bde8cb453,tunisieannonce,1300.0,110.0,2.0,Ain Zaghouan,TUNIS,north,Rent,Apartment,2026-03-26T15:59:25.997008,new,,,90
1848,tunisieannonce_ad2a86adc9e2,tunisieannonce,2800.0,700.0,,Le Kram,TUNIS,north,Sale,Land,2026-03-26T15:59:35.333537,new,,,70
1680,tunisieannonce_254c4a889414,tunisieannonce,1300.0,100.0,3.0,Berge Du Lac,TUNIS,north,Sale,Commercial,2026-03-26T15:59:43.392383,new,,,80
1651,tunisieannonce_0ef318211d40,tunisieannonce,11000.0,50.0,,Berge Du Lac,TUNIS,north,Sale,Commercial,2026-03-26T15:59:51.485347,new,,,90
1696,tunisieannonce_3c2692a82cf8,tunisieannonce,4500.0,200.0,,Berge Du Lac,TUNIS,north,Sale,Commercial,2026-03-26T16:00:00.381518,new,,,70
1782,tunisieannonce_7980e59739b9,tunisieannonce,1200.0,120.0,1.0,Sidi Daoud,TUNIS,north,Rent,Villa,2026-03-26T16:00:08.763400,new,,,90
1677,tunisieannonce_206a0f6d3c38,tunisieannonce,4300.0,400.0,1.0,Chotrana 1,TUNIS,north,Rent,Villa,2026-03-26T16:00:16.741436,new,,,90
1851,tunisieannonce_ae604b5e2997,tunisieannonce,13000.0,460.0,,Berge Du Lac,TUNIS,north,Sale,Commercial,2026-03-26T16:00:26.085990,new,,,70
1872,tunisieannonce_bb7774a57fb9,tunisieannonce,1750.0,180.0,2.0,Hedi Chaker,TUNIS,north,Rent,Apartment,2026-03-26T16:00:35.969767,new,,,90
1704,tunisieannonce_3e314a411cc5,tunisieannonce,2300.0,90.0,2.0,Gammart,TUNIS,north,Rent,Villa,2026-03-26T16:00:44.260300,new,,,90
1866,tunisieannonce_b67c2d9dde59,tunisieannonce,3000.0,167.0,3.0,Jardins De Carthage,TUNIS,north,Rent,Apartment,2026-03-26T16:01:06.076114,new,,,90
1802,tunisieannonce_828618fc4ee0,tunisieannonce,1650.0,100.0,2.0,Jardins De Carthage,TUNIS,north,Rent,Land,2026-03-26T16:01:14.985758,new,,,90
1800,tunisieannonce_819b33037b31,tunisieannonce,370000.0,100.0,2.0,El Mourouj,TUNIS,north,Sale,Villa,2026-03-26T16:01:23.797959,new,,,100
1656,tunisieannonce_10e04a58eaa3,tunisieannonce,390000.0,123.0,3.0,Riadh Landlous,TUNIS,north,Sale,Apartment,2026-03-26T16:01:33.624421,new,,,100
1807,tunisieannonce_871e0dbe9345,tunisieannonce,11111.0,630.0,3.0,Ben Arous,TUNIS,north,Sale,Land,2026-03-26T16:01:43.124595,new,,,80
1818,tunisieannonce_90bb7826d89b,tunisieannonce,225000.0,65.0,1.0,Cite Ennasr 2,TUNIS,north,Sale,Apartment,2026-03-26T16:01:56.137676,new,,,100
1676,tunisieannonce_23cb610ae33c,tunisieannonce,1200.0,,,Sidi Daoud,TUNIS,north,Sale,Land,2026-03-26T16:02:05.703940,new,,,55
1754,tunisieannonce_62dcd39d88bf,tunisieannonce,2200.0,110.0,1.0,Ain Zaghouan,TUNIS,north,Rent,Apartment,2026-03-26T16:02:14.116672,new,,,90
1733,tunisieannonce_54895dc31081,tunisieannonce,1150.0,70.0,1.0,Ain Zaghouan,TUNIS,north,Rent,Apartment,2026-03-26T16:02:24.504020,new,,,90
1775,tunisieannonce_734d597c8381,tunisieannonce,470.0,15.0,4.0,El Manar 1,TUNIS,north,Rent,Villa,2026-03-26T16:02:34.635661,new,,,90
1884,tunisieannonce_c5baf517a92b,tunisieannonce,1300.0,80.0,2.0,El Aouina,TUNIS,north,Rent,Apartment,2026-03-26T16:02:43.492325,new,,,90
1682,tunisieannonce_296c03b9e55d,tunisieannonce,2300.0,714.0,4.0,Grombalia,TUNIS,north,Sale,Land,2026-03-26T16:02:53.686489,new,,,80
1785,tunisieannonce_788f2fdc68c1,tunisieannonce,750000.0,935.0,,Kalaat Landlous,TUNIS,north,Sale,Land,2026-03-26T16:03:03.255751,new,,,90
1776,tunisieannonce_7469e1fcaf0a,tunisieannonce,110000.0,339.0,3.0,Bizerte,TUNIS,north,Sale,Land,2026-03-26T16:03:19.810984,new,,,100
1727,tunisieannonce_527c30d5da6c,tunisieannonce,650.0,38.0,1.0,Cite Ennasr 1,TUNIS,north,Rent,Other,2026-03-26T16:03:28.197601,new,,,90
1932,tunisieannonce_f1b07c331fc1,tunisieannonce,520.0,32.0,1.0,Cite Ennasr 1,TUNIS,north,Rent,Other,2026-03-26T16:03:35.995570,new,,,90
1871,tunisieannonce_bab963606a82,tunisieannonce,5000.0,200.0,2.0,Berge Du Lac,TUNIS,north,Rent,Commercial,2026-03-26T16:03:45.014901,new,,,90
1924,tunisieannonce_e78196ee21b7,tunisieannonce,700.0,100.0,2.0,Bizerte,TUNIS,north,Rent,Apartment,2026-03-26T16:03:54.444596,new,,,90
1880,tunisieannonce_c48836fad02e,tunisieannonce,9500.0,300.0,2.0,Berge Du Lac,TUNIS,north,Rent,Villa,2026-03-26T16:05:14.608838,new,,,90
1874,tunisieannonce_be666b43701b,tunisieannonce,1460.0,120.0,2.0,El Menzah 9,TUNIS,north,Rent,Apartment,2026-03-26T16:05:22.962048,new,,,90
1741,tunisieannonce_5ceb2e601b87,tunisieannonce,11111.0,200.0,3.0,Bizerte,TUNIS,north,Sale,Land,2026-03-26T16:05:32.888064,new,,,80
1647,tunisieannonce_0ba75e2afce2,tunisieannonce,1900.0,140.0,,Montplaisir,TUNIS,north,Sale,Commercial,2026-03-26T16:05:41.476431,new,,,70
1906,tunisieannonce_d9e5f908e148,tunisieannonce,170000.0,100.0,2.0,El Mourouj,TUNIS,north,Sale,Apartment,2026-03-26T16:05:53.499304,new,,,95
1931,tunisieannonce_f027154ab45a,tunisieannonce,6500.0,580.0,,El Menzah 8,TUNIS,north,Sale,Commercial,2026-03-26T16:06:02.914977,new,,,70
1819,tunisieannonce_95525d2f452e,tunisieannonce,100000.0,500.0,,Dhahri,TUNIS,north,Sale,Land,2026-03-26T16:06:12.134719,new,,,90
1648,tunisieannonce_0e022635418c,tunisieannonce,650000.0,156.0,3.0,Chotrana 2,TUNIS,north,Sale,Apartment,2026-03-26T16:06:21.579086,new,,,100
1762,tunisieannonce_6935f9cc3ef1,tunisieannonce,150000.0,150.0,3.0,Borj Cedria,TUNIS,north,Sale,Land,2026-03-26T16:06:30.885832,new,,,100
1722,tunisieannonce_4e3ad9b9a55e,tunisieannonce,1500.0,,2.0,Jebel El Oust,TUNIS,north,Sale,Land,2026-03-26T16:06:42.144876,new,,,65
1642,tunisieannonce_02869ae2f422,tunisieannonce,13000.0,200.0,,Ezzahra,TUNIS,north,Sale,Commercial,2026-03-26T16:06:54.871382,new,,,80
1850,tunisieannonce_afb67cff80c0,tunisieannonce,260000.0,144.0,3.0,Soliman,TUNIS,north,Sale,Land,2026-03-26T16:07:03.813019,new,,,100
1763,tunisieannonce_6a4f988da241,tunisieannonce,181000.0,377.0,,Borj Cedria,TUNIS,north,Sale,Land,2026-03-26T16:07:15.707076,new,,,90
1841,tunisieannonce_ac22ebd138cb,tunisieannonce,1700.0,2026.0,3.0,El Manar 2,TUNIS,north,Rent,Commercial,2026-03-26T16:07:25.045120,new,,,80
1940,tunisieannonce_f6510b18e137,tunisieannonce,900.0,2026.0,3.0,El Menzah 9,TUNIS,north,Rent,Apartment,2026-03-26T16:07:35.415789,new,,,80
1926,tunisieannonce_ec09939ebcf0,tunisieannonce,280000.0,444.0,,Borj Cedria,TUNIS,north,Sale,Land,2026-03-26T16:07:43.838475,new,,,90
1742,tunisieannonce_5c199cba4d0e,tunisieannonce,270000.0,170.0,4.0,Cite De La Plage 1,TUNIS,north,Sale,Apartment,2026-03-26T16:07:57.986004,new,,,100
1890,tunisieannonce_c9a47cb156ad,tunisieannonce,182500.0,146.0,1.0,La Mannouba,TUNIS,north,Sale,Land,2026-03-26T16:08:07.288026,new,,,100
1898,tunisieannonce_cee19a119575,tunisieannonce,231000.0,420.0,,Borj Cedria,TUNIS,north,Sale,Land,2026-03-26T16:08:17.333443,new,,,90
1644,tunisieannonce_0aec81343423,tunisieannonce,650000.0,741.0,,Hergla,TUNIS,north,Sale,Land,2026-03-26T16:08:29.326648,new,,,90
1731,tunisieannonce_55558e23e3b3,tunisieannonce,530000.0,328.0,3.0,Hammam Sousse,TUNIS,north,Sale,Land,2026-03-26T16:08:38.060389,new,,,100
1840,tunisieannonce_a90ca4cd3525,tunisieannonce,650.0,90.0,2.0,Bou Mhel,TUNIS,north,Rent,Villa,2026-03-26T16:08:47.784163,new,,,85
1640,newkey_130395,newkey,500.0,,,Bureau Et Local...,,,Rent,Commercial,2026-03-26T16:09:08.124954,new,,,20
1865,tunisieannonce_b55877236cab,tunisieannonce,1250.0,550.0,5.0,Bou Mhel,TUNIS,north,Sale,Land,2026-03-26T16:09:27.013670,new,,,75
1786,tunisieannonce_7b80f613901f,tunisieannonce,370000.0,154.0,5.0,Bou Mhel,TUNIS,north,Sale,Villa,2026-03-26T16:09:34.654075,new,,,95
1838,tunisieannonce_a7c027deeac9,tunisieannonce,470000.0,400.0,3.0,Cite Ennkhilet,TUNIS,north,Sale,Land,2026-03-26T16:09:43.823604,new,,,100
1881,tunisieannonce_c25f2d2052cd,tunisieannonce,250000.0,560.0,,Kairouan Sud,TUNIS,north,Sale,Land,2026-03-26T16:09:53.637156,new,,,90
1660,tunisieannonce_14f241a5ffda,tunisieannonce,250000.0,100.0,,Zone Industrielle Saint Gobin,TUNIS,north,Sale,Land,2026-03-26T16:10:08.950741,new,,,90
1653,tunisieannonce_109da333cf6b,tunisieannonce,750000.0,450.0,3.0,Cite El Ghazala 1,TUNIS,north,Sale,Land,2026-03-26T16:10:17.196508,new,,,100
1688,tunisieannonce_302bf775ffd6,tunisieannonce,500000.0,210.0,4.0,Cite El Ghazala 1,TUNIS,north,Sale,Villa,2026-03-26T16:10:28.217677,new,,,100
1921,tunisieannonce_e6c5fe83727e,tunisieannonce,1300.0,180.0,4.0,Cite El Ghazala 1,TUNIS,north,Rent,Apartment,2026-03-26T16:10:37.461453,new,,,90
1774,tunisieannonce_721c5e93fdb8,tunisieannonce,1008.0,840.0,,Hammam Chatt,TUNIS,north,Sale,Land,2026-03-26T16:10:47.499218,new,,,70
1862,tunisieannonce_b3d62b5e0c8e,tunisieannonce,100000.0,170.0,,Rades Plage,TUNIS,north,Sale,Land,2026-03-26T16:10:54.987370,new,,,90
1849,tunisieannonce_b028112fdbd7,tunisieannonce,500000.0,,,Hammamet,TUNIS,north,Sale,Land,2026-03-26T16:11:04.190954,new,,,70
1943,tunisieannonce_fa2abe49f6b4,tunisieannonce,537000.0,600.0,,Utique,TUNIS,north,Sale,Land,2026-03-26T16:11:12.237358,new,,,90
1811,tunisieannonce_8ce9d73294cb,tunisieannonce,500.0,,1.0,Bir Bouregba,TUNIS,north,Rent,Land,2026-03-26T16:11:23.296297,new,,,85
1760,tunisieannonce_69a3507e2f9e,tunisieannonce,400000.0,520.0,,Cite El Bokri,TUNIS,north,Sale,Land,2026-03-26T16:11:33.534576,new,,,85
1666,tunisieannonce_1b06447354ae,tunisieannonce,3500.0,500.0,1.0,Bir Bouregba,TUNIS,north,Rent,Land,2026-03-26T16:11:42.716271,new,,,90
1803,tunisieannonce_83db409cce41,tunisieannonce,11111.0,920.0,,Bir Bouregba,TUNIS,north,Sale,Land,2026-03-26T16:11:53.280337,new,,,70
1918,tunisieannonce_e435486a26a2,tunisieannonce,215000.0,105.0,5.0,Le Bardo,TUNIS,north,Sale,Apartment,2026-03-26T16:12:02.477070,new,,,100
1714,tunisieannonce_48a858817e94,tunisieannonce,850.0,32.0,1.0,Cite El Intissar 2,TUNIS,north,Rent,Apartment,2026-03-26T16:12:12.557617,new,,,85
1735,tunisieannonce_57c480b17be8,tunisieannonce,355000.0,147.0,,Cite El Ghazala 1,TUNIS,north,Sale,Apartment,2026-03-26T16:12:21.099164,new,,,90
1909,tunisieannonce_df29b5c0b146,tunisieannonce,170000.0,225.0,,Sidi Salah,TUNIS,north,Sale,Land,2026-03-26T16:12:30.736644,new,,,90
1845,tunisieannonce_adae9d2ca665,tunisieannonce,480000.0,300.0,,Dar Allouche,TUNIS,north,Sale,Land,2026-03-26T16:12:40.065709,new,,,85
1908,tunisieannonce_de201c7178b0,tunisieannonce,2500.0,123.0,2.0,Jardins De Carthage,TUNIS,north,Rent,Apartment,2026-03-26T16:12:48.016990,new,,,90
1792,tunisieannonce_7f34ad91b134,tunisieannonce,80000.0,54.0,,Riadh Landlous,TUNIS,north,Sale,Commercial,2026-03-26T16:12:57.162946,new,,,70
1796,tunisieannonce_7f16b0f254bd,tunisieannonce,820000.0,629.0,3.0,Borj Cedria,TUNIS,north,Sale,Villa,2026-03-26T16:13:06.238591,new,,,100
1767,tunisieannonce_70265f0f9cb7,tunisieannonce,355000.0,265.0,3.0,Borj Cedria,TUNIS,north,Sale,Villa,2026-03-26T16:13:32.983249,new,,,100
1708,tunisieannonce_449e4fff3127,tunisieannonce,1050.0,120.0,3.0,Ariana,TUNIS,north,Rent,Commercial,2026-03-26T16:13:47.084323,new,,,90
1674,tunisieannonce_21f132bb3b93,tunisieannonce,1700.0,800.0,,Sidi Daoud,TUNIS,north,Sale,Land,2026-03-26T16:13:57.247641,new,,,70
1808,tunisieannonce_8b47f89f4ad6,tunisieannonce,1700.0,150.0,,Borj El Baccouche,TUNIS,north,Sale,Commercial,2026-03-26T16:14:04.954068,new,,,70
1713,tunisieannonce_496ce2192c3a,tunisieannonce,1300.0,55.0,1.0,Zone Urbaine Nord,TUNIS,north,Sale,Commercial,2026-03-26T16:14:15.803082,new,,,80
1919,tunisieannonce_e45ae7a2b7a3,tunisieannonce,2000.0,107.0,,Berge Du Lac,TUNIS,north,Sale,Commercial,2026-03-26T16:14:24.616324,new,,,70
1716,tunisieannonce_4b0d137fe835,tunisieannonce,70000.0,350.0,,Hedi Chaker,TUNIS,north,Sale,Commercial,2026-03-26T16:14:33.279912,new,,,90
1910,tunisieannonce_de928394dda1,tunisieannonce,170000.0,55.0,1.0,Republique,TUNIS,north,Sale,Apartment,2026-03-26T16:14:45.186645,new,,,95
1853,tunisieannonce_af79ee3148f0,tunisieannonce,1250.0,80.0,2.0,Bab Bhar,TUNIS,north,Rent,Commercial,2026-03-26T16:14:54.918532,new,,,85
1719,tunisieannonce_4e02ec455b18,tunisieannonce,750.0,80.0,2.0,Republique,TUNIS,north,Rent,Commercial,2026-03-26T16:15:04.796908,new,,,85
1794,tunisieannonce_7fe9ef5fde5a,tunisieannonce,1600.0,120.0,2.0,Cite Ennasr 2,TUNIS,north,Rent,Apartment,2026-03-26T16:15:14.416961,new,,,90
1901,tunisieannonce_d5f5f14b3389,tunisieannonce,1000.0,133.0,2.0,Bab Bhar,TUNIS,north,Rent,Apartment,2026-03-26T16:15:24.368055,new,,,85
1765,tunisieannonce_6db5b083253c,tunisieannonce,1700.0,,,Sidi Daoud,TUNIS,north,Sale,Land,2026-03-26T16:15:33.886459,new,,,55
1867,tunisieannonce_b7aeea25854e,tunisieannonce,430000.0,203.0,3.0,Bab Menara,TUNIS,north,Sale,Villa,2026-03-26T16:15:43.470844,new,,,95
1747,tunisieannonce_5dc9962ca673,tunisieannonce,1100.0,60.0,2.0,Bab Bhar,TUNIS,north,Rent,Apartment,2026-03-26T16:15:53.475872,new,,,85
1842,tunisieannonce_aa73f1175e48,tunisieannonce,1200.0,,2.0,Menzel Bouzelfa,TUNIS,north,Sale,Land,2026-03-26T16:16:15.535194,new,,,65
1663,tunisieannonce_1537155e73d2,tunisieannonce,1950.0,5000.0,,Bir Mcherga,TUNIS,north,Sale,Land,2026-03-26T16:16:36.116141,new,,,70
1750,tunisieannonce_64e56244c30c,tunisieannonce,134000.0,244.0,,Soliman,TUNIS,north,Sale,Land,2026-03-26T16:16:53.472206,new,,,90
1759,tunisieannonce_6854fffb3956,tunisieannonce,860000.0,500.0,,Bent Saidane,TUNIS,north,Sale,Land,2026-03-26T16:17:06.407096,new,,,90
1805,tunisieannonce_85495587462c,tunisieannonce,750000.0,,,El Fahs,TUNIS,north,Sale,Land,2026-03-26T16:17:19.589880,new,,,75
1645,tunisieannonce_076d584afc2e,tunisieannonce,157000.0,231.0,,Hammam Lif,TUNIS,north,Sale,Land,2026-03-26T16:18:31.941647,new,,,90
1795,tunisieannonce_7e694f8fbc52,tunisieannonce,268000.0,400.0,,Soliman,TUNIS,north,Sale,Land,2026-03-26T16:18:43.334630,new,,,85
1917,tunisieannonce_e29f963afe37,tunisieannonce,198365.0,409.0,,Soliman,TUNIS,north,Sale,Land,2026-03-26T16:18:58.239775,new,,,90
1823,tunisieannonce_9d674a9d3691,tunisieannonce,167000.0,257.0,,Soliman,TUNIS,north,Sale,Land,2026-03-26T16:19:10.830902,new,,,90
1729,tunisieannonce_51ffe3ee4a22,tunisieannonce,268000.0,400.0,,Borj Cedria,TUNIS,north,Sale,Land,2026-03-26T16:19:23.734623,new,,,85
1801,tunisieannonce_82feae374ea3,tunisieannonce,198365.0,409.0,,Borj Cedria,TUNIS,north,Sale,Land,2026-03-26T16:19:39.409971,new,,,90
1772,tunisieannonce_6ead0b19cddc,tunisieannonce,2100.0,110.0,1.0,Jardins De Carthage,TUNIS,north,Rent,Apartment,2026-03-26T16:19:53.351730,new,,,90
1780,tunisieannonce_75e4f1b73c61,tunisieannonce,1300.0,85.0,2.0,Sidi Daoud,TUNIS,north,Rent,Apartment,2026-03-26T16:20:03.556957,new,,,90
1830,tunisieannonce_9f56bc6336b5,tunisieannonce,1350.0,125.0,3.0,Sidi Daoud,TUNIS,north,Rent,Apartment,2026-03-26T16:20:12.945587,new,,,90
1945,tunisieannonce_ffc2540309b2,tunisieannonce,167000.0,257.0,,Borj Cedria,TUNIS,north,Sale,Land,2026-03-26T16:20:22.714780,new,,,90
1914,tunisieannonce_e32d2b29a308,tunisieannonce,4000.0,120.0,1.0,Jardins De Carthage,TUNIS,north,Rent,Apartment,2026-03-26T16:20:37.306075,new,,,90
1929,tunisieannonce_ee2531eeb12c,tunisieannonce,1400.0,65.0,3.0,Sidi Daoud,TUNIS,north,Rent,Apartment,2026-03-26T16:20:47.723254,new,,,90
1745,tunisieannonce_5f30655797c7,tunisieannonce,2500.0,90.0,1.0,Marsa Safsaf,TUNIS,north,Rent,Apartment,2026-03-26T16:20:57.860767,new,,,90
1878,tunisieannonce_bdabf3d1438b,tunisieannonce,700000.0,,4.0,El Hamayem,TUNIS,north,Sale,Land,2026-03-26T16:21:07.117462,new,,,85
1652,tunisieannonce_0f947c03a4fb,tunisieannonce,900.0,90.0,1.0,El Menzah 7,TUNIS,north,Rent,Apartment,2026-03-26T16:21:14.500930,new,,,90
1685,tunisieannonce_2c8c50023f98,tunisieannonce,900.0,90.0,3.0,Sidi Daoud,TUNIS,north,Rent,Apartment,2026-03-26T16:21:25.267480,new,,,90
1661,tunisieannonce_1692bf567567,tunisieannonce,1150.0,66.0,1.0,La Soukra,TUNIS,north,Rent,Apartment,2026-03-26T16:21:33.532230,new,,,90
1698,tunisieannonce_3c6dd4490686,tunisieannonce,170000.0,1000.0,,Sidi Thabet,TUNIS,north,Sale,Land,2026-03-26T16:21:43.599914,new,,,90
1854,tunisieannonce_b0fad9915891,tunisieannonce,320000.0,409.0,,Sidi Thabet,TUNIS,north,Sale,Land,2026-03-26T16:21:56.070545,new,,,90
1911,tunisieannonce_de25cf25f347,tunisieannonce,1150.0,69.0,1.0,Ain Zaghouan,TUNIS,north,Rent,Apartment,2026-03-26T16:22:04.559121,new,,,90
1746,tunisieannonce_5f3ce9f78a25,tunisieannonce,1750.0,80.0,1.0,Jardins De Carthage,TUNIS,north,Rent,Apartment,2026-03-26T16:22:13.577894,new,,,90
1813,tunisieannonce_8d7c8d60f747,tunisieannonce,1400.0,60.0,1.0,Jardins De Carthage,TUNIS,north,Rent,Apartment,2026-03-26T16:22:23.001049,new,,,90
1861,tunisieannonce_b2611112ecb7,tunisieannonce,300.0,150.0,4.0,Chatt Meriem,TUNIS,north,Rent,Villa,2026-03-26T16:22:32.846188,new,,,90
1897,tunisieannonce_d00b0538fade,tunisieannonce,1800.0,90.0,2.0,Cite Ennasr 1,TUNIS,north,Rent,Apartment,2026-03-26T16:23:13.546051,new,,,90
1809,tunisieannonce_8a0db430c52f,tunisieannonce,200.0,75.0,4.0,Chatt Meriem,TUNIS,north,Rent,Villa,2026-03-26T16:23:20.920908,new,,,90
1946,tunisieannonce_fc16c9b5817c,tunisieannonce,360000.0,300.0,2.0,Hammam Lif,TUNIS,north,Sale,Land,2026-03-26T16:23:35.056452,new,,,100
1875,tunisieannonce_bd7082879374,tunisieannonce,520000.0,374.0,,Ben Arous,TUNIS,north,Sale,Villa,2026-03-26T16:23:44.759491,new,,,90
1797,tunisieannonce_8093ec5f19ec,tunisieannonce,90000.0,300.0,,Cite Chebil,TUNIS,north,Sale,Land,2026-03-26T16:23:53.635154,new,,,90
1703,tunisieannonce_41061e733d81,tunisieannonce,3500.0,80.0,1.0,Gammart,TUNIS,north,Rent,Apartment,2026-03-26T16:24:02.043447,new,,,90
1753,tunisieannonce_618309e073a3,tunisieannonce,1800.0,90.0,2.0,Cite Ennasr 2,TUNIS,north,Rent,Apartment,2026-03-26T16:24:10.323495,new,,,90
1697,tunisieannonce_3c99b5c8d35e,tunisieannonce,1220.0,100.0,2.0,Ras Tabia,TUNIS,north,Rent,Commercial,2026-03-26T16:24:18.616257,new,,,85
1888,tunisieannonce_cbf4319fcfbd,tunisieannonce,1220.0,100.0,2.0,Le Bardo,TUNIS,north,Rent,Commercial,2026-03-26T16:24:34.017697,new,,,85
1877,tunisieannonce_be26e4cf7851,tunisieannonce,650000.0,5000.0,,Bir Mcherga,TUNIS,north,Sale,Land,2026-03-26T16:24:48.072492,new,,,90
1706,tunisieannonce_4498a9608f1c,tunisieannonce,360000.0,,,Bir Mcherga,TUNIS,north,Sale,Land,2026-03-26T16:24:57.805194,new,,,75
1709,tunisieannonce_446935f3cf13,tunisieannonce,410000.0,125.0,2.0,La Soukra,TUNIS,north,Sale,Apartment,2026-03-26T16:25:07.855719,new,,,100
1778,tunisieannonce_7601bf5318e2,tunisieannonce,250000.0,269.0,3.0,Ezzouhour 4,TUNIS,north,Sale,Villa,2026-03-26T16:25:18.140052,new,,,100
1707,tunisieannonce_429b6294f997,tunisieannonce,595000.0,148.0,3.0,Berge Du Lac,TUNIS,north,Sale,Commercial,2026-03-26T16:25:27.442310,new,,,80
1689,tunisieannonce_32395bd4ca56,tunisieannonce,3800.0,259.0,3.0,Mutuelle Ville,TUNIS,north,Rent,Villa,2026-03-26T16:25:40.185857,new,,,90
1912,tunisieannonce_e1a2c34f4968,tunisieannonce,1350.0,140.0,2.0,Cite Ennasr 2,TUNIS,north,Rent,Villa,2026-03-26T16:25:50.634679,new,,,90
1659,tunisieannonce_141f8daddc30,tunisieannonce,1320.0,120.0,1.0,Cite Ennasr 2,TUNIS,north,Rent,Apartment,2026-03-26T16:26:00.198955,new,,,90
1831,tunisieannonce_a14e71dbfb12,tunisieannonce,155000.0,500.0,,Bir Mcherga,TUNIS,north,Sale,Land,2026-03-26T16:26:12.659787,new,,,90
1783,tunisieannonce_7b84bd1ab71f,tunisieannonce,1200.0,100.0,2.0,Borj El Baccouche,TUNIS,north,Rent,Other,2026-03-26T16:26:22.193105,new,,,85
1834,tunisieannonce_a2d9a97c93e7,tunisieannonce,450.0,40.0,2.0,Chatt Meriem,TUNIS,north,Rent,Apartment,2026-03-26T16:26:31.639000,new,,,90
1863,tunisieannonce_b949cbb58cb0,tunisieannonce,866000.0,827.0,,Cite Ennouzha,TUNIS,north,Sale,Land,2026-03-26T16:26:40.635695,new,,,85
1743,tunisieannonce_5ced761bfb5d,tunisieannonce,450.0,40.0,4.0,Chatt Meriem,TUNIS,north,Rent,Apartment,2026-03-26T16:27:31.262064,new,,,90
1829,tunisieannonce_a0c5706e3e71,tunisieannonce,900000.0,827.0,,Cite Ennouzha,TUNIS,north,Sale,Land,2026-03-26T16:27:41.696611,new,,,85
1773,tunisieannonce_6e74ef504b06,tunisieannonce,450.0,40.0,2.0,Chatt Meriem,TUNIS,north,Rent,Apartment,2026-03-26T16:27:49.926077,new,,,90
1701,tunisieannonce_3eb06934c530,tunisieannonce,700000.0,,,Boucha,TUNIS,north,Sale,Land,2026-03-26T16:28:00.087614,new,,,75
1683,tunisieannonce_28ab2626be83,tunisieannonce,650000.0,,,Bir Mcherga,TUNIS,north,Sale,Land,2026-03-26T16:28:12.135701,new,,,75
1681,tunisieannonce_26fbfd4252b3,tunisieannonce,150000.0,3000.0,,Bir Mcherga,TUNIS,north,Sale,Land,2026-03-26T16:28:21.184176,new,,,80
1781,tunisieannonce_7717eb2ec0c3,tunisieannonce,565000.0,680.0,5.0,Bou Mhel,TUNIS,north,Sale,Land,2026-03-26T16:28:30.225101,new,,,100
1787,tunisieannonce_7cd4df13678a,tunisieannonce,240000.0,488.0,,Raoued,TUNIS,north,Sale,Land,2026-03-26T16:28:39.406097,new,,,90
1694,tunisieannonce_38ff3225010d,tunisieannonce,485000.0,320.0,2.0,Rades Plage,TUNIS,north,Sale,Land,2026-03-26T16:28:47.343951,new,,,100
1755,tunisieannonce_6508073142bd,tunisieannonce,65000.0,15.0,3.0,El Manar 1,TUNIS,north,Sale,Commercial,2026-03-26T16:28:56.932737,new,,,80
1699,tunisieannonce_4032ada95e7c,tunisieannonce,217000.0,98.0,2.0,Monastir,TUNIS,north,Sale,Other,2026-03-26T16:29:04.200064,new,,,100
1749,tunisieannonce_6233a4e093c7,tunisieannonce,220.0,2026.0,2.0,Bab Bhar,TUNIS,north,Rent,Apartment,2026-03-26T16:29:19.296449,new,,,75
1638,newkey_125024,newkey,2000.0,,,Appartement,,,Rent,Apartment,2026-03-26T16:29:21.941839,new,,,30
1693,tunisieannonce_351dbe69fad1,tunisieannonce,210000.0,50.0,3.0,Cite Ennasr 2,TUNIS,north,Sale,Apartment,2026-03-26T16:29:27.952914,new,,,100
1889,tunisieannonce_ca68e5119aab,tunisieannonce,3800.0,400.0,3.0,Chotrana 2,TUNIS,north,Rent,Villa,2026-03-26T16:29:36.904573,new,,,90
1944,tunisieannonce_f7037af8ccbb,tunisieannonce,1000.0,100.0,3.0,El Manar 1,TUNIS,north,Rent,Apartment,2026-03-26T16:29:46.053360,new,,,90
1657,tunisieannonce_13f838802223,tunisieannonce,227000.0,454.0,,Raoued,TUNIS,north,Sale,Land,2026-03-26T16:29:54.339725,new,,,90
1705,tunisieannonce_43b4e2f32df4,tunisieannonce,280000.0,,,Zaghouan,TUNIS,north,Sale,Land,2026-03-26T16:30:04.363074,new,,,75
1673,tunisieannonce_1e70f780bee1,tunisieannonce,500000.0,,,Ain El Asker,TUNIS,north,Sale,Land,2026-03-26T16:30:13.523245,new,,,75
1664,tunisieannonce_158cc6dcf625,tunisieannonce,1675.0,,,El Fahs,TUNIS,north,Sale,Land,2026-03-26T16:30:21.262092,new,,,55
1798,tunisieannonce_824afcef2e1e,tunisieannonce,800.0,114.0,2.0,Kelibia,TUNIS,north,Rent,Commercial,2026-03-26T16:30:32.637824,new,,,85
1739,tunisieannonce_59a1f9f344db,tunisieannonce,700000.0,,,Boucha,TUNIS,north,Sale,Land,2026-03-26T16:30:43.906616,new,,,75
1669,tunisieannonce_19404c7572ab,tunisieannonce,490000.0,,,El Amaiem,TUNIS,north,Sale,Land,2026-03-26T16:30:53.264238,new,,,75
1665,tunisieannonce_183b4e37c833,tunisieannonce,1200.0,74.0,1.0,Cite Ennasr 2,TUNIS,north,Rent,Apartment,2026-03-26T16:31:39.173990,new,,,90
1646,tunisieannonce_08a0f3a06940,tunisieannonce,175000.0,400.0,,Bir Mcherga,TUNIS,north,Sale,Land,2026-03-26T16:31:48.159695,new,,,90
1820,tunisieannonce_96fbb5eb5ee4,tunisieannonce,1600.0,125.0,1.0,Cite Ennasr 2,TUNIS,north,Rent,Apartment,2026-03-26T16:31:56.754388,new,,,90
1833,tunisieannonce_a74a875bc533,tunisieannonce,2000.0,208.0,4.0,El Aouina,TUNIS,north,Rent,Apartment,2026-03-26T16:32:08.726010,new,,,90
1939,tunisieannonce_fa5ebd3e1f9b,tunisieannonce,285000.0,,,Bent Saidane,TUNIS,north,Sale,Land,2026-03-26T16:32:21.117285,new,,,75
1902,tunisieannonce_d773249bfd01,tunisieannonce,2300.0,,,Bir Mcherga Gare,TUNIS,north,Sale,Land,2026-03-26T16:32:30.543629,new,,,55
1821,tunisieannonce_95d97f5d7d8f,tunisieannonce,400000.0,,,Bir Mcherga,TUNIS,north,Sale,Land,2026-03-26T16:32:40.548660,new,,,75
1649,tunisieannonce_0dd925d98dfa,tunisieannonce,218000.0,190.0,,Cite Bhar Lazreg,TUNIS,north,Sale,Land,2026-03-26T16:32:51.960813,new,,,90
1933,tunisieannonce_f559e089d0e4,tunisieannonce,420000.0,,,Ain El Asker,TUNIS,north,Sale,Land,2026-03-26T16:33:01.971197,new,,,75
1752,tunisieannonce_616623a7aac3,tunisieannonce,1450.0,,,Boucha,TUNIS,north,Sale,Land,2026-03-26T16:33:12.117330,new,,,55
1690,tunisieannonce_3097699b393e,tunisieannonce,260000.0,7000.0,,Ain El Asker,TUNIS,north,Sale,Land,2026-03-26T16:33:24.160224,new,,,60
1832,tunisieannonce_a0b13beed0cd,tunisieannonce,500000.0,385.0,2.0,Borj Louzir,TUNIS,north,Sale,Land,2026-03-26T16:33:35.700536,new,,,95
1748,tunisieannonce_61032c320014,tunisieannonce,700.0,50.0,1.0,Riadh Landlous,TUNIS,north,Rent,Apartment,2026-03-26T16:33:43.515208,new,,,85
1769,tunisieannonce_70722bbef1ab,tunisieannonce,600000.0,120.0,,Mnihla,TUNIS,north,Sale,Land,2026-03-26T16:33:52.148220,new,,,65
1650,tunisieannonce_0c3e1beb1853,tunisieannonce,175000.0,700.0,,Cebalet Ben Ammar,TUNIS,north,Sale,Land,2026-03-26T16:34:00.518382,new,,,85
1855,tunisieannonce_b153bc8dd957,tunisieannonce,217000.0,362.0,,Oued Ellil,TUNIS,north,Sale,Land,2026-03-26T16:34:08.370075,new,,,85
1882,tunisieannonce_c3ff2df16712,tunisieannonce,750.0,140.0,2.0,Midoun,TUNIS,north,Rent,Apartment,2026-03-26T16:34:17.581311,new,,,90
1925,tunisieannonce_e4d8ddd03710,tunisieannonce,600000.0,,,Chorfech,TUNIS,north,Sale,Land,2026-03-26T16:34:28.357454,new,,,70
1732,tunisieannonce_55e17dc82f18,tunisieannonce,230000.0,60.0,3.0,Cite Ennasr 2,TUNIS,north,Sale,Apartment,2026-03-26T16:34:37.299095,new,,,100
1658,tunisieannonce_11c03bef8b23,tunisieannonce,1450.0,1000.0,,La Soukra,TUNIS,north,Sale,Land,2026-03-26T16:34:46.413192,new,,,70
1869,tunisieannonce_b69206f8f799,tunisieannonce,860000.0,,3.0,Le Bardo,TUNIS,north,Sale,Commercial,2026-03-26T16:34:55.462080,new,,,65
1928,tunisieannonce_ef01d0b781d3,tunisieannonce,350000.0,149.0,3.0,Cite Ennasr 2,TUNIS,north,Sale,Commercial,2026-03-26T16:35:04.622880,new,,,80
1764,tunisieannonce_6c71b2e3caf6,tunisieannonce,650.0,120.0,2.0,La Soukra,TUNIS,north,Rent,Villa,2026-03-26T16:35:46.881978,new,,,90
1788,tunisieannonce_7cb17619ce84,tunisieannonce,3700.0,870.0,3.0,Cite Ennasr 2,TUNIS,north,Sale,Villa,2026-03-26T16:35:56.105616,new,,,80
1858,tunisieannonce_b33291abb6fd,tunisieannonce,510000.0,149.0,3.0,La Soukra,TUNIS,north,Sale,Apartment,2026-03-26T16:36:05.557524,new,,,100
1900,tunisieannonce_d7dcf13a2f6a,tunisieannonce,1000.0,100.0,2.0,Mimosas Villas Et Bungalows,TUNIS,north,Rent,Apartment,2026-03-26T16:36:14.532900,new,,,90
1779,tunisieannonce_774439851962,tunisieannonce,900.0,70.0,1.0,Nouvelle Ariana,TUNIS,north,Rent,Villa,2026-03-26T16:36:25.273805,new,,,90
1937,tunisieannonce_f2f4b7f76ff1,tunisieannonce,400.0,50.0,1.0,Bou Kornine,TUNIS,north,Rent,Villa,2026-03-26T16:36:33.031048,new,,,90
1930,tunisieannonce_eed126aba97f,tunisieannonce,270.0,25.0,,Hammam Chatt,TUNIS,north,Rent,Apartment,2026-03-26T16:36:41.561188,new,,,80
1768,tunisieannonce_6e912f3a29b3,tunisieannonce,650.0,170.0,2.0,Hammam Chatt,TUNIS,north,Rent,Other,2026-03-26T16:36:50.493692,new,,,90
1844,tunisieannonce_ac3d9dc6c510,tunisieannonce,20000.0,,,Testour,TUNIS,north,Sale,Land,2026-03-26T16:36:59.122022,new,,,70
1893,tunisieannonce_cc294ef4374e,tunisieannonce,2100.0,100.0,2.0,Jardins De Carthage,TUNIS,north,Rent,Apartment,2026-03-26T16:37:08.076211,new,,,85
1894,tunisieannonce_ca56f17f4b55,tunisieannonce,850.0,50.0,,Ariana,TUNIS,north,Sale,Commercial,2026-03-26T16:37:18.036224,new,,,65
1724,tunisieannonce_507c64f0fb06,tunisieannonce,2400.0,71.0,,Jardins De Carthage,TUNIS,north,Sale,Commercial,2026-03-26T16:37:26.340884,new,,,65
1938,tunisieannonce_f7b4beeaa00f,tunisieannonce,950000.0,600.0,,Cite Ennasr 2,TUNIS,north,Sale,Land,2026-03-26T16:37:36.951952,new,,,85
1843,tunisieannonce_aae66fc88da9,tunisieannonce,1500.0,500.0,4.0,El Menzah 5,TUNIS,north,Sale,Land,2026-03-26T16:37:45.166784,new,,,75
1637,mubawab_7942062,mubawab,,159.0,,,,,Sale,Land,2026-03-26T16:37:47.581797,new,,,5
1711,tunisieannonce_460dbad7b5a9,tunisieannonce,9000.0,155.0,,El Manar 1,TUNIS,north,Sale,Commercial,2026-03-26T16:37:55.415308,new,,,80
1728,tunisieannonce_53b9c72eaf50,tunisieannonce,400.0,90.0,2.0,Borj Cedria,TUNIS,north,Rent,Apartment,2026-03-26T16:38:05.549090,new,,,90
1836,tunisieannonce_a28e9dd150f0,tunisieannonce,540000.0,170.0,4.0,Cite Ennasr 2,TUNIS,north,Sale,Apartment,2026-03-26T16:38:12.711238,new,,,95
1859,tunisieannonce_b3edb2e04319,tunisieannonce,388000.0,388.0,,Bellevue,TUNIS,north,Sale,Land,2026-03-26T16:38:22.638797,new,,,85
1913,tunisieannonce_e30603668937,tunisieannonce,60000.0,170.0,,Berge Du Lac,TUNIS,north,Sale,Commercial,2026-03-26T16:38:30.443025,new,,,90
1667,tunisieannonce_1c04e4cd0494,tunisieannonce,450000.0,,,Kairouan Sud,TUNIS,north,Sale,Land,2026-03-26T16:38:43.259986,new,,,70
1837,tunisieannonce_a77853c45490,tunisieannonce,400.0,50.0,1.0,Hammam Lif,TUNIS,north,Rent,Villa,2026-03-26T16:38:55.103902,new,,,90
1715,tunisieannonce_47b7c4ed7f79,tunisieannonce,2200.0,300.0,2.0,Cite De La Plage 1,TUNIS,north,Rent,Other,2026-03-26T16:39:03.989177,new,,,85
2039,tunisieannonce_643bd90d2479,tunisieannonce,1400.0,120.0,,El Manar 1,TUNIS,north,Sale,Commercial,2026-03-26T16:43:27.510702,new,,,70
2071,tunisieannonce_e5272ca1fbc2,tunisieannonce,1200.0,60.0,,El Menzah 6,TUNIS,north,Sale,Commercial,2026-03-26T16:43:48.446790,new,,,70
2053,tunisieannonce_9c6872bd438e,tunisieannonce,850.0,75.0,,Republique,TUNIS,north,Sale,Commercial,2026-03-26T16:43:56.022545,new,,,70
2028,tunisieannonce_3c76d2e866ea,tunisieannonce,900.0,80.0,,Republique,TUNIS,north,Sale,Commercial,2026-03-26T16:44:02.656476,new,,,70
2043,tunisieannonce_6cd39d0393f1,tunisieannonce,40000.0,140.0,,El Mourouj,TUNIS,north,Sale,Land,2026-03-26T16:44:10.249693,new,,,85
2044,tunisieannonce_71af7678cfae,tunisieannonce,280000.0,200.0,,La Mannouba,TUNIS,north,Sale,Land,2026-03-26T16:44:16.117273,new,,,80
2055,tunisieannonce_a9663fbbebfa,tunisieannonce,220000.0,115.0,4.0,La Mannouba,TUNIS,north,Sale,Apartment,2026-03-26T16:44:27.387296,new,,,95
2067,tunisieannonce_d63e28d0f029,tunisieannonce,510000.0,176.0,3.0,Cite Ennasr 2,TUNIS,north,Sale,Apartment,2026-03-26T16:44:34.751573,new,,,100
2022,tunisieannonce_15d2458ccf03,tunisieannonce,430000.0,137.0,3.0,Riadh Landlous,TUNIS,north,Sale,Apartment,2026-03-26T16:44:41.334576,new,,,100
1970,affare_259189,affare,248000.0,90.0,2.0,Akouda,SOUSSE,east,Sale,Apartment,2026-03-26T16:44:41.865806,new,,,100
2065,tunisieannonce_cd38b5a8dfe1,tunisieannonce,620000.0,250.0,3.0,El Menzah 5,TUNIS,north,Sale,Land,2026-03-26T16:44:47.772738,new,,,100
2032,tunisieannonce_524dc859bb7c,tunisieannonce,9000.0,,3.0,Marsa Ennassim,TUNIS,north,Rent,Villa,2026-03-26T16:44:53.893753,new,,,85
2075,tunisieannonce_fcc381bc8951,tunisieannonce,20000.0,200.0,3.0,Berge Du Lac,TUNIS,north,Rent,Land,2026-03-26T16:45:00.699456,new,,,80
2012,61496,tecnocasa,152000.0,152.0,,Hammamet,Cap Bon,,Sale,Land,2026-03-26T16:45:07.308532,new,,,90
1973,affare_259192,affare,685000.0,200.0,4.0,Kélibia,NABEUL,north,Sale,Land,2026-03-26T16:45:11.005187,new,,,100
2004,58265,tecnocasa,858000.0,858.0,,Hammamet,Cap Bon,,Sale,Land,2026-03-26T16:45:18.789433,new,,,90
2050,tunisieannonce_87ec946d8e04,tunisieannonce,390000.0,153.0,3.0,El Aouina,TUNIS,north,Sale,Villa,2026-03-26T16:45:19.290917,new,,,100
1976,affare_3770,affare,603200.0,3770.0,,Akouda,SOUSSE,east,Sale,Land,2026-03-26T16:45:25.884652,new,,,90
2045,tunisieannonce_724a23c7f09e,tunisieannonce,1600.0,40.0,4.0,Sidi Bousaid,TUNIS,north,Rent,Villa,2026-03-26T16:45:28.628721,new,,,80
2009,53911,tecnocasa,730000.0,410.0,,Hammamet,Cap Bon,,Sale,Land,2026-03-26T16:45:31.991535,new,,,90
2019,tunisieannonce_0f4aea7aa51e,tunisieannonce,520000.0,420.0,1.0,La Mannouba,TUNIS,north,Sale,Villa,2026-03-26T16:45:36.784204,new,,,100
1978,affare_8200,affare,700000.0,8200.0,,Hammamet Sud,NABEUL,north,Sale,Land,2026-03-26T16:45:38.234091,new,,,60
2002,52899,tecnocasa,146000.0,248.0,,Hammamet,Cap Bon,,Sale,Land,2026-03-26T16:45:42.585726,new,,,90
1979,century21_0bdd5100d556,century21,430000.0,73.0,,Jardins De Carthage,TUNIS,north,Sale,Apartment,2026-03-26T16:45:42.707830,new,,,90
2030,tunisieannonce_47af029cd8cc,tunisieannonce,78000.0,295.0,2.0,El Brarja,TUNIS,north,Sale,Land,2026-03-26T16:45:45.605858,new,,,95
1971,affare_259185,affare,2500.0,1200.0,4.0,Hammamet,NABEUL,north,Sale,Land,2026-03-26T16:45:50.871266,new,,,80
1992,44683,tecnocasa,210000.0,350.0,,Hammamet,Cap Bon,,Sale,Land,2026-03-26T16:45:52.578253,new,,,90
2070,tunisieannonce_e1f187c9bab9,tunisieannonce,900.0,100.0,,El Manar 2,TUNIS,north,Sale,Commercial,2026-03-26T16:45:53.153782,new,,,70
1977,century21_420cd5529767,century21,900000.0,238.0,3.0,Nabeul,NABEUL,north,Sale,Land,2026-03-26T16:45:53.867773,new,,,100
2016,tunisieannonce_0a57727d2877,tunisieannonce,2100.0,,3.0,Cite Du Stade,TUNIS,north,Rent,Apartment,2026-03-26T16:46:00.800133,new,,,85
1967,affare_259187,affare,145000.0,35.0,1.0,Akouda,SOUSSE,east,Sale,Apartment,2026-03-26T16:46:03.096689,new,,,100
2038,tunisieannonce_601b5f58c701,tunisieannonce,1200.0,70.0,1.0,Borj El Baccouche,TUNIS,north,Rent,Apartment,2026-03-26T16:46:08.493796,new,,,90
1999,49149,tecnocasa,151740.0,281.0,,Hammamet,Cap Bon,,Sale,Land,2026-03-26T16:46:10.312276,new,,,90
1975,affare_259186,affare,6.0,,,Sousse Jawhara,SOUSSE,east,Sale,Villa,2026-03-26T16:46:16.966901,new,,,55
2034,tunisieannonce_5660467f774f,tunisieannonce,2800.0,190.0,4.0,Cite Ennasr 2,TUNIS,north,Rent,Apartment,2026-03-26T16:46:17.904351,new,,,90
1984,century21_bfef1c49c331,century21,280000.0,128.0,3.0,Aouina,TUNIS,north,Sale,Apartment,2026-03-26T16:46:20.660223,new,,,100
2013,61034,tecnocasa,225000.0,340.0,,Hammamet,Cap Bon,,Sale,Land,2026-03-26T16:46:24.292335,new,,,90
2035,tunisieannonce_561641cca499,tunisieannonce,1050.0,70.0,1.0,Cite Ennasr 2,TUNIS,north,Rent,Apartment,2026-03-26T16:46:28.084517,new,,,90
1974,affare_259183,affare,1500.0,482.0,,Akouda,SOUSSE,east,Sale,Land,2026-03-26T16:46:29.911803,new,,,70
1985,century21_ecd48149e43a,century21,85000.0,60.0,,El Menzah,ARIANA,north,Sale,Commercial,2026-03-26T16:46:34.158198,new,,,90
2036,tunisieannonce_5af4e3e82f53,tunisieannonce,520000.0,400.0,,Chotrana 3,TUNIS,north,Sale,Land,2026-03-26T16:46:36.986381,new,,,90
1969,affare_259184,affare,250000.0,240.0,3.0,Béni Khiar,NABEUL,north,Sale,Land,2026-03-26T16:46:42.507660,new,,,100
1980,century21_26f19bea40c4,century21,140000.0,32.0,,El Menzah,TUNIS,north,Sale,Commercial,2026-03-26T16:46:45.777961,new,,,70
1982,century21_bbd80e1c67a8,century21,290000.0,63.0,,Nabeul,NABEUL,north,Sale,Apartment,2026-03-26T16:46:57.060798,new,,,90
1965,affare_259181,affare,150000.0,5500.0,,Bou Argoub,NABEUL,north,Sale,Land,2026-03-26T16:46:57.577040,new,,,60
1983,century21_cdeb60875dd1,century21,450000.0,168.0,3.0,Cité Mahrajène,TUNIS,north,Sale,Apartment,2026-03-26T16:47:07.737731,new,,,100
1972,affare_259182,affare,5000.0,350.0,5.0,Nabeul,NABEUL,north,Rent,Villa,2026-03-26T16:47:16.304310,new,,,90
2066,tunisieannonce_cb61c13e97ec,tunisieannonce,200000.0,114.0,3.0,Monfleury,TUNIS,north,Sale,Villa,2026-03-26T16:47:17.299781,new,,,100
2059,tunisieannonce_b2c3ff67f368,tunisieannonce,80000.0,70.0,1.0,Khelidia,TUNIS,north,Sale,Apartment,2026-03-26T16:47:28.652776,new,,,100
1996,50956,tecnocasa,540000.0,137.0,,Hammamet,Cap Bon,,Sale,Commercial,2026-03-26T16:47:29.916356,new,,,90
1966,affare_259180,affare,420000.0,106.0,3.0,Hammam Sousse,SOUSSE,east,Sale,Apartment,2026-03-26T16:47:30.716481,new,,,100
2074,tunisieannonce_ff749665e943,tunisieannonce,110000.0,90.0,3.0,El Mourouj 2,TUNIS,north,Sale,Apartment,2026-03-26T16:47:36.310062,new,,,95
1958,affare_259178,affare,298000.0,67.0,2.0,Kantaoui,SOUSSE,east,Sale,Apartment,2026-03-26T16:47:37.546185,new,,,100
2007,55494,tecnocasa,435000.0,131.0,,Hammamet,Cap Bon,,Sale,Apartment,2026-03-26T16:47:38.410716,new,,,90
1961,affare_259176,affare,69000.0,85.0,3.0,Sousse Riadh,SOUSSE,east,Sale,Apartment,2026-03-26T16:47:42.950491,new,,,100
2025,tunisieannonce_27646b9bca13,tunisieannonce,2800.0,2026.0,3.0,Gammart,TUNIS,north,Rent,Villa,2026-03-26T16:47:43.749515,new,,,90
2006,57915,tecnocasa,460000.0,120.0,,Hammamet,Cap Bon,,Sale,Apartment,2026-03-26T16:47:50.615152,new,,,90
2052,tunisieannonce_9511ef5bbe30,tunisieannonce,200000.0,115.0,2.0,Sousse Khezama,TUNIS,north,Sale,Villa,2026-03-26T16:47:53.922427,new,,,100
1959,affare_259175,affare,450000.0,150.0,4.0,Sahloul,SOUSSE,east,Sale,Apartment,2026-03-26T16:47:55.859746,new,,,100
1960,affare_259177,affare,174000.0,92.0,3.0,Sousse Riadh,SOUSSE,east,Sale,Apartment,2026-03-26T16:48:01.377858,new,,,100
2024,tunisieannonce_1c52da4a4f70,tunisieannonce,650000.0,468.0,,Sousse Riadh,TUNIS,north,Sale,Land,2026-03-26T16:48:02.483864,new,,,90
1981,century21_60a7a39355a7,century21,355000.0,130.0,3.0,Aouina,TUNIS,north,Sale,Apartment,2026-03-26T16:48:03.659178,new,,,100
1989,39464,tecnocasa,390000.0,116.0,,Hammamet,Cap Bon,,Sale,Apartment,2026-03-26T16:48:05.598582,new,,,90
1988,41327,tecnocasa,295000.0,85.0,,Hammamet,Cap Bon,,Sale,Commercial,2026-03-26T16:48:15.117243,new,,,90
2041,tunisieannonce_6578e39caf9e,tunisieannonce,105000.0,110.0,3.0,Oued Ellil,TUNIS,north,Sale,Villa,2026-03-26T16:48:16.143199,new,,,95
1957,affare_259179,affare,269000.0,85.0,3.0,Sousse Jawhara,SOUSSE,east,Sale,Apartment,2026-03-26T16:48:16.220202,new,,,100
2015,tunisieannonce_0307b3044753,tunisieannonce,630000.0,383.0,,Hammam Sousse,TUNIS,north,Sale,Land,2026-03-26T16:48:24.566594,new,,,90
1990,45473,tecnocasa,320000.0,100.0,,Hammamet,Cap Bon,,Sale,Apartment,2026-03-26T16:48:26.254367,new,,,90
1952,affare_256894,affare,1600.0,,1.0,Menzah,ARIANA,north,Rent,Apartment,2026-03-26T16:48:30.750872,new,,,85
2026,tunisieannonce_2abffe744fb3,tunisieannonce,3000.0,150.0,3.0,Cite Du Stade,TUNIS,north,Rent,Apartment,2026-03-26T16:48:33.753891,new,,,90
2000,51464,tecnocasa,320000.0,77.0,,Hammamet,Cap Bon,,Sale,Apartment,2026-03-26T16:48:36.538657,new,,,90
2011,55512,tecnocasa,600000.0,165.0,,Hammamet,Cap Bon,,Sale,Apartment,2026-03-26T16:48:42.976009,new,,,90
1947,affare_254271,affare,1100.0,,1.0,Menzah,ARIANA,north,Rent,Apartment,2026-03-26T16:48:45.145946,new,,,85
2068,tunisieannonce_d641804f6def,tunisieannonce,2700.0,220.0,3.0,Sidi Daoud,TUNIS,north,Rent,Apartment,2026-03-26T16:48:45.423570,new,,,90
1964,affare_258700,affare,550.0,,,Ennasr,ARIANA,north,Rent,Commercial,2026-03-26T16:48:52.885065,new,,,75
2017,tunisieannonce_0cb5f0564ed4,tunisieannonce,1500.0,70.0,1.0,Ain Zaghouan,TUNIS,north,Rent,Apartment,2026-03-26T16:48:53.542993,new,,,90
1994,48424,tecnocasa,450000.0,116.0,,Hammamet,Cap Bon,,Sale,Apartment,2026-03-26T16:48:55.164452,new,,,90
2027,tunisieannonce_2cdcec61d586,tunisieannonce,9500.0,700.0,3.0,Berge Du Lac,TUNIS,north,Rent,Villa,2026-03-26T16:49:04.106698,new,,,90
1986,45572,tecnocasa,320000.0,120.0,,Hammamet,Cap Bon,,Sale,Apartment,2026-03-26T16:49:04.342699,new,,,90
1956,affare_258612,affare,,140.0,2.0,Ennasr,ARIANA,north,Sale,Apartment,2026-03-26T16:49:04.947858,new,,,80
1950,affare_257543,affare,315000.0,122.0,2.0,Ennasr,ARIANA,north,Sale,Apartment,2026-03-26T16:49:11.240974,new,,,100
2021,tunisieannonce_15166db1e935,tunisieannonce,2200.0,120.0,2.0,Sidi Daoud,TUNIS,north,Rent,Apartment,2026-03-26T16:49:15.465561,new,,,90
1991,44766,tecnocasa,475000.0,130.0,,Hammamet,Cap Bon,,Sale,Apartment,2026-03-26T16:49:15.859814,new,,,90
1962,affare_258941,affare,1000.0,,1.0,Ennasr,ARIANA,north,Rent,Apartment,2026-03-26T16:49:18.721463,new,,,85
1993,48225,tecnocasa,640000.0,180.0,,Hammamet,Cap Bon,,Sale,Apartment,2026-03-26T16:49:23.101552,new,,,90
2060,tunisieannonce_b5315fe24c8b,tunisieannonce,1900.0,124.0,2.0,Ain Zaghouan,TUNIS,north,Rent,Apartment,2026-03-26T16:49:28.276818,new,,,90
1949,affare_241022,affare,1500.0,,,Bir Mchergua,ZAGHOUAN,north,Sale,Land,2026-03-26T16:49:37.731465,new,,,55
2069,tunisieannonce_dcc4a7a67cba,tunisieannonce,15000.0,1350.0,2.0,El Charguia,TUNIS,north,Rent,Other,2026-03-26T16:49:39.005259,new,,,80
2072,tunisieannonce_f654f18dd65b,tunisieannonce,4000.0,2025.0,3.0,Mutuelle Ville,TUNIS,north,Rent,Villa,2026-03-26T16:49:51.937815,new,,,90
1954,affare_164918,affare,1500.0,,,Bir Mchergua,ZAGHOUAN,north,Sale,Land,2026-03-26T16:49:54.509142,new,,,55
2073,tunisieannonce_f8dfae0723d6,tunisieannonce,950.0,65.0,,Tunis Belvedere,TUNIS,north,Sale,Commercial,2026-03-26T16:50:01.466002,new,,,70
1948,affare_241003,affare,165000.0,,,Bir Mchergua,ZAGHOUAN,north,Sale,Land,2026-03-26T16:50:09.354183,new,,,75
2031,tunisieannonce_475d44c6d8db,tunisieannonce,2700.0,300.0,3.0,Gammart,TUNIS,north,Rent,Villa,2026-03-26T16:50:11.044687,new,,,90
2040,tunisieannonce_649adb8b252a,tunisieannonce,1200.0,160.0,3.0,La Soukra,TUNIS,north,Rent,Apartment,2026-03-26T16:50:19.498280,new,,,90
1951,affare_241651,affare,960000.0,,,Bir Mchergua,ZAGHOUAN,north,Sale,Land,2026-03-26T16:50:20.808204,new,,,75
2056,tunisieannonce_abe6a9fafcd1,tunisieannonce,3000.0,200.0,3.0,Marsa Ennassim,TUNIS,north,Rent,Villa,2026-03-26T16:50:28.090907,new,,,90
1955,affare_220450,affare,155000.0,,,Bir Mchergua,ZAGHOUAN,north,Sale,Land,2026-03-26T16:50:34.732546,new,,,75
2046,tunisieannonce_788d450d1375,tunisieannonce,3000.0,300.0,3.0,Cite Du Stade,TUNIS,north,Rent,Villa,2026-03-26T16:50:37.886424,new,,,90
2048,tunisieannonce_809daed0e783,tunisieannonce,850.0,85.0,,El Manar 2,TUNIS,north,Sale,Commercial,2026-03-26T16:50:45.608487,new,,,70
2003,60194,tecnocasa,1050000.0,440.0,,Hammamet,Cap Bon,,Sale,Villa,2026-03-26T16:50:46.968396,new,,,90
1953,affare_248366,affare,320000.0,,,Bir Mchergua,ZAGHOUAN,north,Sale,Land,2026-03-26T16:50:47.073392,new,,,75
2063,tunisieannonce_bae8f9e80dc3,tunisieannonce,3500.0,200.0,3.0,Marsa Ennassim,TUNIS,north,Rent,Apartment,2026-03-26T16:50:52.526882,new,,,90
1963,affare_259174,affare,366000.0,140.0,4.0,Sousse Jawhara,SOUSSE,east,Sale,Apartment,2026-03-26T16:51:00.198133,new,,,100
2047,tunisieannonce_7c2711b16493,tunisieannonce,6900.0,450.0,3.0,Sidi Daoud,TUNIS,north,Rent,Villa,2026-03-26T16:51:03.861771,new,,,90
2010,56466,tecnocasa,1050000.0,280.0,,Hammamet,Cap Bon,,Sale,Land,2026-03-26T16:51:04.577037,new,,,70
1968,affare_259193,affare,3600.0,,6.0,Aïn Zaghouan,TUNIS,north,Sale,Commercial,2026-03-26T16:51:10.115763,new,,,65
2023,tunisieannonce_1c6ea13c1edc,tunisieannonce,400000.0,2025.0,3.0,Cite Ennasr 2,TUNIS,north,Sale,Apartment,2026-03-26T16:51:13.561360,new,,,100
1997,52712,tecnocasa,620000.0,215.0,,Hammamet,Cap Bon,,Sale,Land,2026-03-26T16:51:17.482137,new,,,90
1995,50621,tecnocasa,805000.0,236.0,,Hammamet,Cap Bon,,Sale,Villa,2026-03-26T16:51:28.253841,new,,,90
2042,tunisieannonce_6d9aae4d211a,tunisieannonce,435000.0,165.0,4.0,Riadh Landlous,TUNIS,north,Sale,Apartment,2026-03-26T16:51:31.251312,new,,,100
2005,56075,tecnocasa,540000.0,270.0,,Hammamet,Cap Bon,,Sale,Land,2026-03-26T16:51:35.807224,new,,,90
2062,tunisieannonce_bda595972c5c,tunisieannonce,500000.0,800.0,,Riadh Landlous,TUNIS,north,Sale,Land,2026-03-26T16:51:43.766645,new,,,90
2001,47114,tecnocasa,820000.0,337.0,,Hammamet,Cap Bon,,Sale,Villa,2026-03-26T16:51:48.051145,new,,,90
2076,zitouna_immo_5442,zitouna_immo,1800.0,,,La Marsa,TUNIS,north,Rent,Apartment,2026-03-26T16:51:49.909229,new,,,70
2029,tunisieannonce_435589163746,tunisieannonce,750.0,65.0,2.0,Ariana,TUNIS,north,Sale,Commercial,2026-03-26T16:51:59.954780,new,,,80
2008,54655,tecnocasa,440000.0,367.0,,Hammamet,Cap Bon,,Sale,Villa,2026-03-26T16:52:03.519005,new,,,90
2077,zitouna_immo_6548,zitouna_immo,1350.0,,,La Marsa,TUNIS,north,Rent,Apartment,2026-03-26T16:52:03.632004,new,,,70
2018,tunisieannonce_0de6d4dfd3fe,tunisieannonce,430000.0,280.0,3.0,Ksar Said,TUNIS,north,Sale,Villa,2026-03-26T16:52:08.940400,new,,,95
1998,51182,tecnocasa,1200000.0,659.0,,Hammamet,Cap Bon,,Sale,Land,2026-03-26T16:52:14.879413,new,,,90
2020,tunisieannonce_15177a34f2e2,tunisieannonce,690000.0,210.0,2.0,Hammamet,TUNIS,north,Sale,Villa,2026-03-26T16:52:18.760813,new,,,100
1987,44855,tecnocasa,2300000.0,2200.0,,Hammamet,Cap Bon,,Sale,Land,2026-03-26T16:52:21.932808,new,,,70
2058,tunisieannonce_b0c6a43aa5b6,tunisieannonce,7000.0,2026.0,4.0,Gammart,TUNIS,north,Rent,Villa,2026-03-26T16:52:27.206190,new,,,90
2051,tunisieannonce_88bf6579e464,tunisieannonce,8000.0,2026.0,4.0,Sidi Bousaid,TUNIS,north,Rent,Villa,2026-03-26T16:52:35.479889,new,,,90
2057,tunisieannonce_b1442df73b74,tunisieannonce,550.0,70.0,1.0,Le Kram,TUNIS,north,Rent,Apartment,2026-03-26T16:52:43.660561,new,,,85
2061,tunisieannonce_b9dbfc8ba171,tunisieannonce,1700.0,180.0,2.0,El Mourouj,TUNIS,north,Rent,Villa,2026-03-26T16:52:50.701206,new,,,90
2037,tunisieannonce_5d2cd6279e32,tunisieannonce,450000.0,180.0,2.0,Zone Hoteliere,TUNIS,north,Sale,Commercial,2026-03-26T16:53:00.457799,new,,,80
2014,tunisieannonce_018a3fc4f286,tunisieannonce,1100.0,170.0,3.0,El Manar 2,TUNIS,north,Rent,Apartment,2026-03-26T16:53:16.306702,new,,,90
2064,tunisieannonce_c8bc3901a02b,tunisieannonce,430000.0,280.0,3.0,La Mannouba,TUNIS,north,Sale,Villa,2026-03-26T16:53:26.006343,new,,,95
2033,tunisieannonce_5464eef70801,tunisieannonce,388800.0,432.0,2.0,Hammamet,TUNIS,north,Sale,Land,2026-03-26T16:53:36.956298,new,,,100
2054,tunisieannonce_9db87f6a4784,tunisieannonce,280000.0,210.0,2.0,Ezzahrouni,TUNIS,north,Sale,Villa,2026-03-26T16:53:46.300545,new,,,95
2049,tunisieannonce_8609c17d67eb,tunisieannonce,4000.0,250.0,4.0,Berge Du Lac,TUNIS,north,Rent,Villa,2026-03-26T16:53:56.739319,new,,,85
2083,tunisieannonce_4dd0db8567e5,tunisieannonce,3000.0,2026.0,3.0,Marsa Safsaf,TUNIS,north,Rent,Villa,2026-03-26T16:54:21.676809,new,,,90
2085,tunisieannonce_9da11b04aae2,tunisieannonce,115000.0,98.0,3.0,Denden,TUNIS,north,Sale,Apartment,2026-03-26T16:54:54.874620,new,,,95
2086,tunisieannonce_dd3ecd383596,tunisieannonce,2500.0,,2.0,Ain Zaghouan,TUNIS,north,Rent,Apartment,2026-03-26T16:55:29.455259,new,,,85
2079,tunisieannonce_166ad0db3c18,tunisieannonce,600.0,200.0,3.0,Ariana,TUNIS,north,Rent,Apartment,2026-03-26T16:55:38.537517,new,,,90
2081,tunisieannonce_4e013835e8ff,tunisieannonce,950000.0,738.0,,Jardins D'El Menzah,TUNIS,north,Sale,Land,2026-03-26T16:55:49.924623,new,,,85
2078,tunisieannonce_03fb719ffd85,tunisieannonce,1600.0,140.0,2.0,La Soukra,TUNIS,north,Rent,Apartment,2026-03-26T16:55:58.508401,new,,,90
2084,tunisieannonce_4fe500f36765,tunisieannonce,204000.0,300.0,,Jaafar 1,TUNIS,north,Sale,Land,2026-03-26T16:56:17.933996,new,,,90
2087,tunisieannonce_f2af9a2da096,tunisieannonce,450.0,70.0,1.0,La Soukra,TUNIS,north,Rent,Apartment,2026-03-26T16:56:27.751621,new,,,90
2080,tunisieannonce_49cfeb388e4a,tunisieannonce,650.0,150.0,3.0,La Soukra,TUNIS,north,Rent,Other,2026-03-26T16:56:38.679505,new,,,90
2082,tunisieannonce_4de473512b1b,tunisieannonce,500.0,70.0,1.0,La Soukra,TUNIS,north,Rent,Apartment,2026-03-26T16:56:46.773246,new,,,90
