property_id,source_name,sentiment_score,sentiment_label,zero_shot_fraud_score,linguistic_score,fraud_score,risk_level,fraud_flags,tabular_model_version,mistral_explanation
tunisieannonce_bf62490bab22,tunisieannonce,0.0,positive,0.3481,0.55,25.93,suspect,"['urgency_detected', 'external_contact']",xlm_roberta_mdeberta_v1,
affare_136985,affare,0.0,positive,0.368,0.3,20.38,normal,['urgency_detected'],xlm_roberta_mdeberta_v1,
affare_164918,affare,0.0,positive,0.2996,0.55,24.24,suspect,"['urgency_detected', 'external_contact']",xlm_roberta_mdeberta_v1,
affare_226648,affare,0.0,positive,0.4138,0.3,21.98,suspect,['urgency_detected'],xlm_roberta_mdeberta_v1,
mubawab_8309582,mubawab,0.6269,negative,0.3972,0.35,47.73,suspect,"['description_too_short', 'information_incomplete']",xlm_roberta_mdeberta_v1,
affare_1700,affare,0.0759,neutral,0.4201,0.55,31.49,suspect,"['urgency_detected', 'external_contact']",xlm_roberta_mdeberta_v1,
affare_226855,affare,0.076,neutral,0.3345,0.55,28.5,suspect,"['urgency_detected', 'external_contact']",xlm_roberta_mdeberta_v1,
affare_237007,affare,0.0,positive,0.3041,0.55,24.39,suspect,"['urgency_detected', 'external_contact']",xlm_roberta_mdeberta_v1,
affare_2400,affare,0.3535,negative,0.4306,0.55,42.96,suspect,"['urgency_detected', 'external_contact']",xlm_roberta_mdeberta_v1,
affare_228981,affare,0.0,positive,0.3369,0.3,19.29,normal,['urgency_detected'],xlm_roberta_mdeberta_v1,
affare_239822,affare,0.0,positive,0.3622,0.55,26.43,suspect,"['urgency_detected', 'external_contact']",xlm_roberta_mdeberta_v1,
affare_2300,affare,0.2939,negative,0.3852,0.55,38.99,suspect,"['urgency_detected', 'external_contact']",xlm_roberta_mdeberta_v1,
affare_235663,affare,0.3855,negative,0.4021,0.75,48.24,suspect,"['urgency_detected', 'external_contact', 'no_images_suspicious']",xlm_roberta_mdeberta_v1,
affare_236234,affare,0.0,positive,0.3981,0.2,18.93,normal,['no_images_suspicious'],xlm_roberta_mdeberta_v1,
affare_236238,affare,0.0,positive,0.3796,0.0,13.29,normal,[],xlm_roberta_mdeberta_v1,
affare_256718,affare,0.0,positive,0.2678,0.75,28.12,suspect,"['urgency_detected', 'external_contact', 'no_images_suspicious']",xlm_roberta_mdeberta_v1,
affare_247788,affare,0.0898,neutral,0.2535,0.0,12.46,normal,[],xlm_roberta_mdeberta_v1,
affare_246872,affare,0.0,positive,0.4181,0.0,14.63,normal,[],xlm_roberta_mdeberta_v1,
affare_241047,affare,0.0,positive,0.4162,0.3,22.07,suspect,['urgency_detected'],xlm_roberta_mdeberta_v1,
affare_245971,affare,0.0,positive,0.3785,0.0,13.25,normal,[],xlm_roberta_mdeberta_v1,
affare_243701,affare,0.4713,negative,0.3894,0.55,46.23,suspect,"['urgency_detected', 'external_contact']",xlm_roberta_mdeberta_v1,
affare_257950,affare,0.6432,negative,0.399,0.55,53.44,fraud_likely,"['urgency_detected', 'external_contact']",xlm_roberta_mdeberta_v1,"Cette annonce immobilière est suspecte en raison de son score élevé de fraude (53.4/100), sentiment négatif (score 0.64), et des flags urgence détectée et contact externe déclenchés, ainsi que l'absence d'informations claires sur la maison en vente et le manque de transparence dans les moyens de communication fournis."
affare_246565,affare,0.0,positive,0.2314,0.25,14.35,normal,['external_contact'],xlm_roberta_mdeberta_v1,
affare_241651,affare,0.0,positive,0.2942,0.75,29.05,suspect,"['urgency_detected', 'external_contact', 'no_images_suspicious']",xlm_roberta_mdeberta_v1,
affare_248366,affare,0.0,positive,0.383,0.75,32.16,suspect,"['urgency_detected', 'external_contact', 'no_images_suspicious']",xlm_roberta_mdeberta_v1,
mubawab_8320001,mubawab,0.6269,negative,0.3972,0.35,47.73,suspect,"['description_too_short', 'information_incomplete']",xlm_roberta_mdeberta_v1,
affare_248970,affare,0.0,positive,0.3461,0.55,25.86,suspect,"['urgency_detected', 'external_contact']",xlm_roberta_mdeberta_v1,
affare_252013,affare,0.0,positive,0.3658,0.75,31.55,suspect,"['urgency_detected', 'external_contact', 'no_images_suspicious']",xlm_roberta_mdeberta_v1,
affare_249844,affare,0.0,positive,0.4127,0.3,21.94,suspect,['urgency_detected'],xlm_roberta_mdeberta_v1,
affare_248967,affare,0.0,positive,0.3865,0.55,27.28,suspect,"['urgency_detected', 'external_contact']",xlm_roberta_mdeberta_v1,
affare_250291,affare,0.4655,negative,0.4252,0.55,47.25,suspect,"['urgency_detected', 'external_contact']",xlm_roberta_mdeberta_v1,
affare_250596,affare,0.0723,neutral,0.3308,0.75,33.22,suspect,"['urgency_detected', 'external_contact', 'no_images_suspicious']",xlm_roberta_mdeberta_v1,
affare_249009,affare,0.0,positive,0.3764,0.0,13.17,normal,[],xlm_roberta_mdeberta_v1,
affare_254271,affare,0.0,positive,0.3037,0.0,10.63,normal,[],xlm_roberta_mdeberta_v1,
affare_255365,affare,0.3495,negative,0.373,0.55,40.78,suspect,"['urgency_detected', 'external_contact']",xlm_roberta_mdeberta_v1,
affare_254550,affare,0.0,positive,0.4238,0.75,33.58,suspect,"['urgency_detected', 'external_contact', 'no_images_suspicious']",xlm_roberta_mdeberta_v1,
affare_254771,affare,0.4722,negative,0.3759,0.75,50.79,suspect,"['urgency_detected', 'external_contact', 'no_images_suspicious']",xlm_roberta_mdeberta_v1,"Cette annonce immobilière est suspecte en raison de son score de fraude élevé (50.8/100), sentiment négatif (score 0.47), détection d'urgence, contact externe et l'absence de photos."
affare_256520,affare,0.3207,negative,0.4262,0.55,41.49,suspect,"['urgency_detected', 'external_contact']",xlm_roberta_mdeberta_v1,
affare_253269,affare,0.0,positive,0.4132,0.2,19.46,normal,['no_images_suspicious'],xlm_roberta_mdeberta_v1,
affare_253769,affare,0.3066,negative,0.4169,0.0,26.86,suspect,[],xlm_roberta_mdeberta_v1,
affare_254124,affare,0.2767,negative,0.4541,0.25,33.21,suspect,['external_contact'],xlm_roberta_mdeberta_v1,
affare_254459,affare,0.3698,negative,0.357,0.55,41.04,suspect,"['urgency_detected', 'external_contact']",xlm_roberta_mdeberta_v1,
affare_256388,affare,0.0,positive,0.3046,0.55,24.41,suspect,"['urgency_detected', 'external_contact']",xlm_roberta_mdeberta_v1,
affare_255524,affare,0.0,positive,0.427,0.55,28.7,suspect,"['urgency_detected', 'external_contact']",xlm_roberta_mdeberta_v1,
affare_255747,affare,0.0,positive,0.2486,0.75,27.45,suspect,"['urgency_detected', 'external_contact', 'no_images_suspicious']",xlm_roberta_mdeberta_v1,
affare_255449,affare,0.4153,negative,0.3774,0.55,43.57,suspect,"['urgency_detected', 'external_contact']",xlm_roberta_mdeberta_v1,
affare_257892,affare,0.0,positive,0.4264,0.0,14.92,normal,[],xlm_roberta_mdeberta_v1,
tunisieannonce_afe994372718,tunisieannonce,0.6435,negative,0.3621,0.25,44.66,suspect,['external_contact'],xlm_roberta_mdeberta_v1,
affare_256408,affare,0.4547,negative,0.352,0.3,38.01,suspect,['urgency_detected'],xlm_roberta_mdeberta_v1,
affare_257357,affare,0.0,positive,0.3764,0.0,13.17,normal,[],xlm_roberta_mdeberta_v1,
affare_257444,affare,0.3323,negative,0.3545,0.55,39.45,suspect,"['urgency_detected', 'external_contact']",xlm_roberta_mdeberta_v1,
affare_257450,affare,0.3998,negative,0.3697,0.55,42.68,suspect,"['urgency_detected', 'external_contact']",xlm_roberta_mdeberta_v1,
affare_257282,affare,0.3844,negative,0.3787,0.55,42.38,suspect,"['urgency_detected', 'external_contact']",xlm_roberta_mdeberta_v1,
tunisieannonce_a77853c45490,tunisieannonce,0.0697,neutral,0.3723,0.55,29.57,suspect,"['urgency_detected', 'external_contact']",xlm_roberta_mdeberta_v1,
affare_257369,affare,0.0,positive,0.3926,0.25,19.99,normal,['external_contact'],xlm_roberta_mdeberta_v1,
affare_257399,affare,0.0,positive,0.3999,0.55,27.75,suspect,"['urgency_detected', 'external_contact']",xlm_roberta_mdeberta_v1,
affare_256795,affare,0.2306,negative,0.394,0.0,23.01,suspect,[],xlm_roberta_mdeberta_v1,
affare_259199,affare,0.0761,neutral,0.3146,0.25,20.3,normal,['external_contact'],xlm_roberta_mdeberta_v1,
affare_257791,affare,0.3538,negative,0.4227,0.3,36.45,suspect,['urgency_detected'],xlm_roberta_mdeberta_v1,
affare_257455,affare,0.3903,negative,0.3507,0.75,46.64,suspect,"['urgency_detected', 'external_contact', 'no_images_suspicious']",xlm_roberta_mdeberta_v1,
tunisieannonce_a594db9e20d5,tunisieannonce,0.0,positive,0.3598,0.25,18.84,normal,['external_contact'],xlm_roberta_mdeberta_v1,
affare_257460,affare,0.3661,negative,0.3686,0.75,46.29,suspect,"['urgency_detected', 'external_contact', 'no_images_suspicious']",xlm_roberta_mdeberta_v1,
affare_257803,affare,0.3892,negative,0.3862,0.75,47.84,suspect,"['urgency_detected', 'external_contact', 'no_images_suspicious']",xlm_roberta_mdeberta_v1,
affare_257804,affare,0.405,negative,0.3977,0.75,48.87,suspect,"['urgency_detected', 'external_contact', 'no_images_suspicious']",xlm_roberta_mdeberta_v1,
affare_257453,affare,0.4127,negative,0.3502,0.75,47.52,suspect,"['urgency_detected', 'external_contact', 'no_images_suspicious']",xlm_roberta_mdeberta_v1,
affare_257543,affare,0.4313,negative,0.326,0.5,41.16,suspect,"['urgency_detected', 'no_images_suspicious']",xlm_roberta_mdeberta_v1,
affare_257799,affare,0.0,positive,0.3535,0.2,17.37,normal,['no_images_suspicious'],xlm_roberta_mdeberta_v1,
affare_257683,affare,0.0,positive,0.4607,0.25,22.37,suspect,['external_contact'],xlm_roberta_mdeberta_v1,
affare_257942,affare,0.0,positive,0.4062,0.55,27.97,suspect,"['urgency_detected', 'external_contact']",xlm_roberta_mdeberta_v1,
affare_259236,affare,0.0,positive,0.3218,0.25,17.51,normal,['external_contact'],xlm_roberta_mdeberta_v1,
affare_257940,affare,0.0,positive,0.3721,0.55,26.77,suspect,"['urgency_detected', 'external_contact']",xlm_roberta_mdeberta_v1,
affare_257932,affare,0.806,negative,0.4441,0.3,55.28,fraud_likely,"['urgency_detected', 'strong_negative_sentiment']",xlm_roberta_mdeberta_v1,
affare_257805,affare,0.3894,negative,0.3653,0.55,42.11,suspect,"['urgency_detected', 'external_contact']",xlm_roberta_mdeberta_v1,
affare_257808,affare,0.4389,negative,0.3715,0.75,49.31,suspect,"['urgency_detected', 'external_contact', 'no_images_suspicious']",xlm_roberta_mdeberta_v1,
affare_258727,affare,0.3698,negative,0.3422,0.0,26.77,suspect,[],xlm_roberta_mdeberta_v1,
affare_258672,affare,0.1048,neutral,0.3503,0.3,23.95,suspect,['urgency_detected'],xlm_roberta_mdeberta_v1,
affare_258751,affare,0.0784,neutral,0.3718,0.55,29.9,suspect,"['urgency_detected', 'external_contact']",xlm_roberta_mdeberta_v1,
affare_258568,affare,0.2426,negative,0.4313,0.55,38.55,suspect,"['urgency_detected', 'external_contact']",xlm_roberta_mdeberta_v1,
affare_258480,affare,0.0,positive,0.2863,0.3,17.52,normal,['urgency_detected'],xlm_roberta_mdeberta_v1,
affare_258612,affare,0.0,positive,0.3313,0.3,19.1,normal,['urgency_detected'],xlm_roberta_mdeberta_v1,
century21_a1a09a825273,century21,0.0,positive,0.3576,0.2,17.52,normal,['no_images_suspicious'],xlm_roberta_mdeberta_v1,
affare_258700,affare,0.3448,negative,0.3529,0.0,26.14,suspect,[],xlm_roberta_mdeberta_v1,
affare_259178,affare,0.2837,negative,0.2404,0.75,38.51,suspect,"['urgency_detected', 'external_contact', 'no_images_suspicious']",xlm_roberta_mdeberta_v1,
affare_259200,affare,0.0805,neutral,0.4,0.25,23.47,suspect,['external_contact'],xlm_roberta_mdeberta_v1,
affare_259176,affare,0.258,negative,0.2619,0.25,25.74,suspect,['vague_description'],xlm_roberta_mdeberta_v1,
affare_259174,affare,0.2664,negative,0.2525,0.75,38.24,suspect,"['urgency_detected', 'external_contact', 'no_images_suspicious']",xlm_roberta_mdeberta_v1,
tunisieannonce_0ff7ae1b5e1e,tunisieannonce,0.0,positive,0.333,0.0,11.65,normal,[],xlm_roberta_mdeberta_v1,
affare_259177,affare,0.4335,negative,0.3496,0.55,43.33,suspect,"['urgency_detected', 'external_contact']",xlm_roberta_mdeberta_v1,
affare_258985,affare,0.0753,neutral,0.4087,0.55,31.07,suspect,"['urgency_detected', 'external_contact']",xlm_roberta_mdeberta_v1,
affare_258966,affare,0.3105,negative,0.3767,0.55,39.35,suspect,"['urgency_detected', 'external_contact']",xlm_roberta_mdeberta_v1,
affare_259181,affare,0.3596,negative,0.3446,0.0,26.44,suspect,[],xlm_roberta_mdeberta_v1,
affare_259175,affare,0.4072,negative,0.2846,0.75,45.0,suspect,"['urgency_detected', 'external_contact', 'no_images_suspicious']",xlm_roberta_mdeberta_v1,
affare_259186,affare,0.3568,negative,0.2903,0.55,38.18,suspect,"['urgency_detected', 'external_contact']",xlm_roberta_mdeberta_v1,
affare_259185,affare,0.0,positive,0.285,0.0,9.97,normal,[],xlm_roberta_mdeberta_v1,
affare_259183,affare,0.2758,negative,0.3986,0.55,38.73,suspect,"['urgency_detected', 'external_contact']",xlm_roberta_mdeberta_v1,
affare_259184,affare,0.344,negative,0.3093,0.75,43.34,suspect,"['urgency_detected', 'external_contact', 'no_images_suspicious']",xlm_roberta_mdeberta_v1,
affare_259194,affare,0.0,positive,0.2949,0.0,10.32,normal,[],xlm_roberta_mdeberta_v1,
affare_259193,affare,0.0,positive,0.4101,0.0,14.35,normal,[],xlm_roberta_mdeberta_v1,
affare_259189,affare,0.3491,negative,0.346,0.75,44.82,suspect,"['urgency_detected', 'external_contact', 'no_images_suspicious']",xlm_roberta_mdeberta_v1,
affare_259192,affare,0.0,positive,0.2528,0.2,13.85,normal,['no_images_suspicious'],xlm_roberta_mdeberta_v1,
affare_259234,affare,0.074,neutral,0.4418,0.3,25.92,suspect,['urgency_detected'],xlm_roberta_mdeberta_v1,
affare_259237,affare,0.2589,negative,0.4663,0.3,34.18,suspect,['urgency_detected'],xlm_roberta_mdeberta_v1,
affare_259196,affare,0.0,positive,0.3993,0.2,18.98,normal,['no_images_suspicious'],xlm_roberta_mdeberta_v1,
affare_259235,affare,0.2542,negative,0.429,0.3,32.68,suspect,['urgency_detected'],xlm_roberta_mdeberta_v1,
affare_259238,affare,0.0,positive,0.3607,0.0,12.62,normal,[],xlm_roberta_mdeberta_v1,
affare_259198,affare,0.0818,neutral,0.3498,0.3,23.02,suspect,['urgency_detected'],xlm_roberta_mdeberta_v1,
affare_259243,affare,0.4845,negative,0.2466,0.75,46.76,suspect,"['urgency_detected', 'external_contact', 'no_images_suspicious']",xlm_roberta_mdeberta_v1,
affare_259245,affare,0.2549,negative,0.2475,0.75,37.61,suspect,"['urgency_detected', 'external_contact', 'no_images_suspicious']",xlm_roberta_mdeberta_v1,
affare_259247,affare,0.0,positive,0.3571,0.55,26.25,suspect,"['urgency_detected', 'external_contact']",xlm_roberta_mdeberta_v1,
affare_259239,affare,0.3689,negative,0.3302,0.2,31.31,suspect,['no_images_suspicious'],xlm_roberta_mdeberta_v1,
affare_259241,affare,0.3459,negative,0.33,0.55,39.14,suspect,"['urgency_detected', 'external_contact']",xlm_roberta_mdeberta_v1,
tunisieannonce_0f72d51de091,tunisieannonce,0.0,positive,0.3316,0.0,11.61,normal,[],xlm_roberta_mdeberta_v1,
affare_259246,affare,0.3888,negative,0.2549,0.75,43.22,suspect,"['urgency_detected', 'external_contact', 'no_images_suspicious']",xlm_roberta_mdeberta_v1,
affare_259242,affare,0.2521,negative,0.2588,0.75,37.89,suspect,"['urgency_detected', 'external_contact', 'no_images_suspicious']",xlm_roberta_mdeberta_v1,
affare_259244,affare,0.3298,negative,0.3629,0.55,39.64,suspect,"['urgency_detected', 'external_contact']",xlm_roberta_mdeberta_v1,
affare_259250,affare,0.0,positive,0.3616,0.55,26.41,suspect,"['urgency_detected', 'external_contact']",xlm_roberta_mdeberta_v1,
affare_259295,affare,0.4703,negative,0.3139,0.2,34.8,suspect,['no_images_suspicious'],xlm_roberta_mdeberta_v1,
affare_259279,affare,0.0,positive,0.258,0.55,22.78,suspect,"['urgency_detected', 'external_contact']",xlm_roberta_mdeberta_v1,
tunisieannonce_0f34ccae32a6,tunisieannonce,0.0,positive,0.3269,0.0,11.44,normal,[],xlm_roberta_mdeberta_v1,
affare_259296,affare,0.0,positive,0.39,0.0,13.65,normal,[],xlm_roberta_mdeberta_v1,
affare_259299,affare,0.0,positive,0.3252,0.0,11.38,normal,[],xlm_roberta_mdeberta_v1,
mubawab_8323438,mubawab,0.6269,negative,0.3972,0.35,47.73,suspect,"['description_too_short', 'information_incomplete']",xlm_roberta_mdeberta_v1,
affare_259298,affare,0.0,positive,0.3794,0.2,18.28,normal,['no_images_suspicious'],xlm_roberta_mdeberta_v1,
affare_259307,affare,0.0,positive,0.3702,0.0,12.96,normal,[],xlm_roberta_mdeberta_v1,
affare_259305,affare,0.2813,negative,0.2665,0.75,39.33,suspect,"['urgency_detected', 'external_contact', 'no_images_suspicious']",xlm_roberta_mdeberta_v1,
newkey_128424,newkey,0.0,positive,0.3335,0.0,11.67,normal,[],xlm_roberta_mdeberta_v1,
affare_259304,affare,0.069,neutral,0.3813,0.75,34.86,suspect,"['urgency_detected', 'external_contact', 'no_images_suspicious']",xlm_roberta_mdeberta_v1,
affare_259315,affare,0.2464,negative,0.3548,0.55,36.02,suspect,"['urgency_detected', 'external_contact']",xlm_roberta_mdeberta_v1,
affare_259308,affare,0.2707,negative,0.2415,0.75,38.03,suspect,"['urgency_detected', 'external_contact', 'no_images_suspicious']",xlm_roberta_mdeberta_v1,
affare_259310,affare,0.3662,negative,0.4187,0.55,43.05,suspect,"['urgency_detected', 'external_contact']",xlm_roberta_mdeberta_v1,
affare_259415,affare,0.0,positive,0.3882,0.0,13.59,normal,[],xlm_roberta_mdeberta_v1,
affare_259412,affare,0.5629,negative,0.3033,0.2,38.13,suspect,['no_images_suspicious'],xlm_roberta_mdeberta_v1,
affare_259406,affare,0.0,positive,0.2979,0.2,15.43,normal,['no_images_suspicious'],xlm_roberta_mdeberta_v1,
affare_259417,affare,0.351,negative,0.3815,0.55,41.14,suspect,"['urgency_detected', 'external_contact']",xlm_roberta_mdeberta_v1,
affare_259403,affare,0.0836,neutral,0.3406,0.55,29.02,suspect,"['urgency_detected', 'external_contact']",xlm_roberta_mdeberta_v1,
affare_259405,affare,0.0,positive,0.3536,0.0,12.38,normal,[],xlm_roberta_mdeberta_v1,
affare_259488,affare,0.0,positive,0.3242,0.0,11.35,normal,[],xlm_roberta_mdeberta_v1,
affare_259423,affare,0.0,positive,0.3522,0.0,12.33,normal,[],xlm_roberta_mdeberta_v1,
affare_259425,affare,0.086,neutral,0.381,0.3,24.28,suspect,['urgency_detected'],xlm_roberta_mdeberta_v1,
affare_259419,affare,0.0,positive,0.3508,0.0,12.28,normal,[],xlm_roberta_mdeberta_v1,
affare_259418,affare,0.0,positive,0.3989,0.2,18.96,normal,['no_images_suspicious'],xlm_roberta_mdeberta_v1,
affare_259426,affare,0.0,positive,0.3884,0.2,18.59,normal,['no_images_suspicious'],xlm_roberta_mdeberta_v1,
affare_259428,affare,0.4402,negative,0.3033,0.55,41.97,suspect,"['urgency_detected', 'external_contact']",xlm_roberta_mdeberta_v1,
affare_259489,affare,0.0839,neutral,0.3676,0.0,16.22,normal,[],xlm_roberta_mdeberta_v1,
affare_259481,affare,0.0,positive,0.3836,0.0,13.43,normal,[],xlm_roberta_mdeberta_v1,
affare_259430,affare,0.2437,negative,0.2466,0.75,37.13,suspect,"['urgency_detected', 'external_contact', 'no_images_suspicious']",xlm_roberta_mdeberta_v1,
affare_259483,affare,0.0696,neutral,0.4287,0.75,36.54,suspect,"['urgency_detected', 'external_contact', 'no_images_suspicious']",xlm_roberta_mdeberta_v1,
affare_259490,affare,0.0,positive,0.3759,0.2,18.16,normal,['no_images_suspicious'],xlm_roberta_mdeberta_v1,
affare_259480,affare,0.0,positive,0.2568,0.0,8.99,normal,[],xlm_roberta_mdeberta_v1,
affare_259429,affare,0.2452,negative,0.3211,0.75,39.8,suspect,"['urgency_detected', 'external_contact', 'no_images_suspicious']",xlm_roberta_mdeberta_v1,
affare_259501,affare,0.0,positive,0.3532,0.75,31.11,suspect,"['urgency_detected', 'external_contact', 'no_images_suspicious']",xlm_roberta_mdeberta_v1,
affare_259496,affare,0.2633,negative,0.2414,0.75,37.73,suspect,"['urgency_detected', 'external_contact', 'no_images_suspicious']",xlm_roberta_mdeberta_v1,
affare_259494,affare,0.2459,negative,0.3313,0.55,35.18,suspect,"['urgency_detected', 'external_contact']",xlm_roberta_mdeberta_v1,
affare_259498,affare,0.0,positive,0.3703,0.2,17.96,normal,['no_images_suspicious'],xlm_roberta_mdeberta_v1,
affare_259560,affare,0.0,positive,0.4098,0.0,14.34,normal,[],xlm_roberta_mdeberta_v1,
affare_259491,affare,0.0,positive,0.3461,0.2,17.11,normal,['no_images_suspicious'],xlm_roberta_mdeberta_v1,
affare_259502,affare,0.0,positive,0.3389,0.0,11.86,normal,[],xlm_roberta_mdeberta_v1,
affare_259507,affare,0.351,negative,0.3815,0.55,41.14,suspect,"['urgency_detected', 'external_contact']",xlm_roberta_mdeberta_v1,
affare_259506,affare,0.2339,negative,0.3479,0.2,26.53,suspect,['no_images_suspicious'],xlm_roberta_mdeberta_v1,
affare_259512,affare,0.3459,negative,0.33,0.55,39.14,suspect,"['urgency_detected', 'external_contact']",xlm_roberta_mdeberta_v1,
affare_259510,affare,0.0757,neutral,0.3171,0.55,27.88,suspect,"['urgency_detected', 'external_contact']",xlm_roberta_mdeberta_v1,
affare_259508,affare,0.3004,negative,0.3443,0.75,42.82,suspect,"['urgency_detected', 'external_contact', 'no_images_suspicious']",xlm_roberta_mdeberta_v1,
affare_259504,affare,0.3998,negative,0.3698,0.55,42.69,suspect,"['urgency_detected', 'external_contact']",xlm_roberta_mdeberta_v1,
newkey_128206,newkey,0.0,positive,0.2929,0.0,10.25,normal,[],xlm_roberta_mdeberta_v1,
tunisieannonce_43e4d8cddfd7,tunisieannonce,0.0,positive,0.3647,0.2,17.76,normal,['no_images_suspicious'],xlm_roberta_mdeberta_v1,
affare_259515,affare,0.0,positive,0.2538,0.0,8.88,normal,[],xlm_roberta_mdeberta_v1,
affare_259551,affare,0.3846,negative,0.3619,0.75,46.8,suspect,"['urgency_detected', 'external_contact', 'no_images_suspicious']",xlm_roberta_mdeberta_v1,
affare_259554,affare,0.3888,negative,0.2549,0.75,43.22,suspect,"['urgency_detected', 'external_contact', 'no_images_suspicious']",xlm_roberta_mdeberta_v1,
affare_259555,affare,0.2834,negative,0.3075,0.75,40.85,suspect,"['urgency_detected', 'external_contact', 'no_images_suspicious']",xlm_roberta_mdeberta_v1,
affare_259553,affare,0.0,positive,0.2684,0.55,23.14,suspect,"['urgency_detected', 'external_contact']",xlm_roberta_mdeberta_v1,
affare_259547,affare,0.0,positive,0.3152,0.0,11.03,normal,[],xlm_roberta_mdeberta_v1,
affare_259567,affare,0.0,positive,0.3616,0.0,12.66,normal,[],xlm_roberta_mdeberta_v1,
affare_259566,affare,0.0,positive,0.3882,0.0,13.59,normal,[],xlm_roberta_mdeberta_v1,
affare_259563,affare,0.0,positive,0.3856,0.55,27.25,suspect,"['urgency_detected', 'external_contact']",xlm_roberta_mdeberta_v1,
affare_259564,affare,0.0,positive,0.3421,0.0,11.97,normal,[],xlm_roberta_mdeberta_v1,
affare_259562,affare,0.0,positive,0.3471,0.0,12.15,normal,[],xlm_roberta_mdeberta_v1,
affare_259558,affare,0.2731,negative,0.3789,0.75,42.94,suspect,"['urgency_detected', 'external_contact', 'no_images_suspicious']",xlm_roberta_mdeberta_v1,
affare_259559,affare,0.4038,negative,0.3237,0.75,46.23,suspect,"['urgency_detected', 'external_contact', 'no_images_suspicious']",xlm_roberta_mdeberta_v1,
affare_259565,affare,0.0,positive,0.3734,0.55,26.82,suspect,"['urgency_detected', 'external_contact']",xlm_roberta_mdeberta_v1,
affare_259669,affare,0.0,positive,0.2659,0.0,9.31,normal,[],xlm_roberta_mdeberta_v1,
affare_259570,affare,0.0,positive,0.3252,0.55,25.13,suspect,"['urgency_detected', 'external_contact']",xlm_roberta_mdeberta_v1,
affare_259573,affare,0.0,positive,0.3156,0.25,17.3,normal,['external_contact'],xlm_roberta_mdeberta_v1,
affare_259670,affare,0.0,positive,0.4215,0.0,14.75,normal,[],xlm_roberta_mdeberta_v1,
affare_259569,affare,0.0,positive,0.3262,0.0,11.42,normal,[],xlm_roberta_mdeberta_v1,
tunisieannonce_b8abb6a805e1,tunisieannonce,0.0,positive,0.3671,0.45,24.1,suspect,"['external_contact', 'no_images_suspicious']",xlm_roberta_mdeberta_v1,
tunisieannonce_b81b9d8c8ba6,tunisieannonce,0.0,positive,0.3749,0.0,13.12,normal,[],xlm_roberta_mdeberta_v1,
tunisieannonce_b84cb4c3f4fb,tunisieannonce,0.0,positive,0.3555,0.0,12.44,normal,[],xlm_roberta_mdeberta_v1,
tunisieannonce_b88c8bf9ce17,tunisieannonce,0.0,positive,0.3784,0.0,13.24,normal,[],xlm_roberta_mdeberta_v1,
tunisieannonce_b893c2e92139,tunisieannonce,0.0,positive,0.3587,0.0,12.55,normal,[],xlm_roberta_mdeberta_v1,
tunisieannonce_b84e2934cda6,tunisieannonce,0.0,positive,0.3764,0.0,13.17,normal,[],xlm_roberta_mdeberta_v1,
tunisieannonce_b9a30b7d42b1,tunisieannonce,0.0,positive,0.3198,0.5,23.69,suspect,"['urgency_detected', 'no_images_suspicious']",xlm_roberta_mdeberta_v1,
tunisieannonce_b91ee3b67881,tunisieannonce,0.0,positive,0.3322,0.3,19.13,normal,['urgency_detected'],xlm_roberta_mdeberta_v1,
tunisieannonce_b93550753cf2,tunisieannonce,0.0,positive,0.3114,0.0,10.9,normal,[],xlm_roberta_mdeberta_v1,
tunisieannonce_b949cbb58cb0,tunisieannonce,0.4878,negative,0.3759,0.45,43.92,suspect,"['external_contact', 'no_images_suspicious']",xlm_roberta_mdeberta_v1,
tunisieannonce_b96792813927,tunisieannonce,0.0,positive,0.3915,0.55,27.45,suspect,"['urgency_detected', 'external_contact']",xlm_roberta_mdeberta_v1,
tunisieannonce_b9a3bab8143d,tunisieannonce,0.0,positive,0.3252,0.25,17.63,normal,['external_contact'],xlm_roberta_mdeberta_v1,
tunisieannonce_b92e362ba16f,tunisieannonce,0.0742,neutral,0.3537,0.0,15.35,normal,[],xlm_roberta_mdeberta_v1,
tunisieannonce_b91e0636dc89,tunisieannonce,0.0,positive,0.3468,0.3,19.64,normal,['urgency_detected'],xlm_roberta_mdeberta_v1,
tunisieannonce_ba1b6ac3f7a7,tunisieannonce,0.1756,negative,0.3112,0.0,17.92,normal,[],xlm_roberta_mdeberta_v1,
tunisieannonce_b9daf9c3a84c,tunisieannonce,0.0,positive,0.3407,0.0,11.92,normal,[],xlm_roberta_mdeberta_v1,
tunisieannonce_ba2326f25f90,tunisieannonce,0.0,positive,0.416,0.45,25.81,suspect,"['external_contact', 'no_images_suspicious']",xlm_roberta_mdeberta_v1,
tunisieannonce_b9ad3aed4f63,tunisieannonce,0.0,positive,0.3755,0.2,18.14,normal,['no_images_suspicious'],xlm_roberta_mdeberta_v1,
tunisieannonce_b9b93dbde4fb,tunisieannonce,0.4031,negative,0.3404,0.0,28.04,suspect,[],xlm_roberta_mdeberta_v1,
tunisieannonce_b9a69916262b,tunisieannonce,0.0,positive,0.3777,0.0,13.22,normal,[],xlm_roberta_mdeberta_v1,
tunisieannonce_b9c0cca6a6d0,tunisieannonce,0.5963,negative,0.3152,0.2,39.88,suspect,['no_images_suspicious'],xlm_roberta_mdeberta_v1,
tunisieannonce_bae8f9e80dc3,tunisieannonce,0.0,positive,0.3443,0.0,12.05,normal,[],xlm_roberta_mdeberta_v1,
tunisieannonce_ba2ed486b646,tunisieannonce,0.0,positive,0.2053,0.75,25.94,suspect,"['urgency_detected', 'external_contact', 'no_images_suspicious']",xlm_roberta_mdeberta_v1,
tunisieannonce_baf74652c7a0,tunisieannonce,0.0,positive,0.3241,0.55,25.09,suspect,"['urgency_detected', 'external_contact']",xlm_roberta_mdeberta_v1,
tunisieannonce_be647a409cd8,tunisieannonce,0.3426,negative,0.341,0.0,25.64,suspect,[],xlm_roberta_mdeberta_v1,
tunisieannonce_ba24549afa8f,tunisieannonce,0.0,positive,0.3148,0.0,11.02,normal,[],xlm_roberta_mdeberta_v1,
tunisieannonce_bb08906b6e5f,tunisieannonce,0.0,positive,0.2572,0.5,21.5,suspect,"['urgency_detected', 'no_images_suspicious']",xlm_roberta_mdeberta_v1,
tunisieannonce_baede9316909,tunisieannonce,0.0,positive,0.4134,0.0,14.47,normal,[],xlm_roberta_mdeberta_v1,
tunisieannonce_bae4cc19facb,tunisieannonce,0.0,positive,0.3583,0.55,26.29,suspect,"['urgency_detected', 'external_contact']",xlm_roberta_mdeberta_v1,
tunisieannonce_bfdb8c005f69,tunisieannonce,0.0,positive,0.334,0.0,11.69,normal,[],xlm_roberta_mdeberta_v1,
tunisieannonce_bb86f131a14c,tunisieannonce,0.4329,negative,0.3368,0.55,42.85,suspect,"['urgency_detected', 'external_contact']",xlm_roberta_mdeberta_v1,
tunisieannonce_bb37955c6db6,tunisieannonce,0.0,positive,0.2796,0.0,9.79,normal,[],xlm_roberta_mdeberta_v1,
tunisieannonce_bb7774a57fb9,tunisieannonce,0.0,positive,0.3991,0.55,27.72,suspect,"['urgency_detected', 'external_contact']",xlm_roberta_mdeberta_v1,
tunisieannonce_bb94af359273,tunisieannonce,0.5157,negative,0.3542,0.25,39.28,suspect,['external_contact'],xlm_roberta_mdeberta_v1,
tunisieannonce_bb0a01144f78,tunisieannonce,0.0,positive,0.309,0.25,17.07,normal,['external_contact'],xlm_roberta_mdeberta_v1,
tunisieannonce_bb60ae92cc53,tunisieannonce,0.0,positive,0.3446,0.5,24.56,suspect,"['urgency_detected', 'no_images_suspicious']",xlm_roberta_mdeberta_v1,
tunisieannonce_bb4f5c97bedb,tunisieannonce,0.0,positive,0.327,0.55,25.2,suspect,"['urgency_detected', 'external_contact']",xlm_roberta_mdeberta_v1,
tunisieannonce_bb7cbf02a8c4,tunisieannonce,0.0,positive,0.3516,0.2,17.31,normal,['no_images_suspicious'],xlm_roberta_mdeberta_v1,
tunisieannonce_bc685c9fdb76,tunisieannonce,0.2633,negative,0.3928,0.2,29.28,suspect,['no_images_suspicious'],xlm_roberta_mdeberta_v1,
tunisieannonce_bccf783b8b4f,tunisieannonce,0.0,positive,0.3376,0.3,19.32,normal,['urgency_detected'],xlm_roberta_mdeberta_v1,
tunisieannonce_bbd3f3d62188,tunisieannonce,0.0,positive,0.3134,0.0,10.97,normal,[],xlm_roberta_mdeberta_v1,
tunisieannonce_bbfaf4480f90,tunisieannonce,0.0,positive,0.4224,0.25,21.03,suspect,['external_contact'],xlm_roberta_mdeberta_v1,
tunisieannonce_bc2240795d60,tunisieannonce,0.3535,negative,0.3934,0.0,27.91,suspect,[],xlm_roberta_mdeberta_v1,
tunisieannonce_bbc24f0ba468,tunisieannonce,0.0,positive,0.2476,0.2,13.67,normal,['no_images_suspicious'],xlm_roberta_mdeberta_v1,
tunisieannonce_bc9fa0218254,tunisieannonce,0.0,positive,0.3462,0.55,25.87,suspect,"['urgency_detected', 'external_contact']",xlm_roberta_mdeberta_v1,
tunisieannonce_bc176c1143ae,tunisieannonce,0.0,positive,0.3795,0.0,13.28,normal,[],xlm_roberta_mdeberta_v1,
tunisieannonce_bd6fced40db5,tunisieannonce,0.2462,negative,0.3369,0.2,26.64,suspect,['no_images_suspicious'],xlm_roberta_mdeberta_v1,
tunisieannonce_bd880a7b7baa,tunisieannonce,0.0,positive,0.3807,0.3,20.82,normal,['urgency_detected'],xlm_roberta_mdeberta_v1,
tunisieannonce_bdabf3d1438b,tunisieannonce,0.4939,negative,0.3119,0.45,41.92,suspect,"['external_contact', 'no_images_suspicious']",xlm_roberta_mdeberta_v1,
tunisieannonce_bdb0ae4322f3,tunisieannonce,0.0,positive,0.3331,0.55,25.41,suspect,"['urgency_detected', 'external_contact']",xlm_roberta_mdeberta_v1,
tunisieannonce_bdc26f44286d,tunisieannonce,0.3628,negative,0.3388,0.25,32.62,suspect,['external_contact'],xlm_roberta_mdeberta_v1,
tunisieannonce_bd7082879374,tunisieannonce,0.2555,negative,0.3726,0.2,28.26,suspect,['no_images_suspicious'],xlm_roberta_mdeberta_v1,
tunisieannonce_be4ec2cd6195,tunisieannonce,0.0,positive,0.3755,0.2,18.14,normal,['no_images_suspicious'],xlm_roberta_mdeberta_v1,
tunisieannonce_bde39a53b63d,tunisieannonce,0.0802,neutral,0.3645,0.2,20.97,normal,['no_images_suspicious'],xlm_roberta_mdeberta_v1,
tunisieannonce_be6409751c52,tunisieannonce,0.0,positive,0.1271,0.0,4.45,normal,[],xlm_roberta_mdeberta_v1,
tunisieannonce_be5f2a5504e4,tunisieannonce,0.2434,negative,0.3995,0.2,28.72,suspect,['no_images_suspicious'],xlm_roberta_mdeberta_v1,
tunisieannonce_bdc5bfd2276b,tunisieannonce,0.0,positive,0.3769,0.45,24.44,suspect,"['external_contact', 'no_images_suspicious']",xlm_roberta_mdeberta_v1,
tunisieannonce_c249e4c94009,tunisieannonce,0.0,positive,0.3597,0.2,17.59,normal,['no_images_suspicious'],xlm_roberta_mdeberta_v1,
tunisieannonce_bdf1b4af19ba,tunisieannonce,0.0,positive,0.346,0.0,12.11,normal,[],xlm_roberta_mdeberta_v1,
tunisieannonce_bde64b05195c,tunisieannonce,0.0,positive,0.328,0.55,25.23,suspect,"['urgency_detected', 'external_contact']",xlm_roberta_mdeberta_v1,
tunisieannonce_be26e4cf7851,tunisieannonce,0.0,positive,0.4255,0.75,33.64,suspect,"['urgency_detected', 'external_contact', 'no_images_suspicious']",xlm_roberta_mdeberta_v1,
tunisieannonce_bee433ebe4cf,tunisieannonce,0.0,positive,0.3488,0.55,25.96,suspect,"['urgency_detected', 'external_contact']",xlm_roberta_mdeberta_v1,
tunisieannonce_bea57c3e182a,tunisieannonce,0.6189,negative,0.3752,0.45,49.14,suspect,"['external_contact', 'no_images_suspicious']",xlm_roberta_mdeberta_v1,
tunisieannonce_ca089202e44a,tunisieannonce,0.0,positive,0.3251,0.55,25.13,suspect,"['urgency_detected', 'external_contact']",xlm_roberta_mdeberta_v1,
tunisieannonce_bec7f1d31bb9,tunisieannonce,0.0,positive,0.3438,0.0,12.03,normal,[],xlm_roberta_mdeberta_v1,
tunisieannonce_be666b43701b,tunisieannonce,0.0,positive,0.3233,0.0,11.32,normal,[],xlm_roberta_mdeberta_v1,
tunisieannonce_beb1bc493c7c,tunisieannonce,0.2778,negative,0.3567,0.2,28.6,suspect,['no_images_suspicious'],xlm_roberta_mdeberta_v1,
tunisieannonce_bf53f6998370,tunisieannonce,0.0,positive,0.2935,0.0,10.27,normal,[],xlm_roberta_mdeberta_v1,
tunisieannonce_bf6d96f96ddd,tunisieannonce,0.0,positive,0.3416,0.0,11.96,normal,[],xlm_roberta_mdeberta_v1,
tunisieannonce_bfdc853f3822,tunisieannonce,0.0,positive,0.3017,0.0,10.56,normal,[],xlm_roberta_mdeberta_v1,
tunisieannonce_bf6e4f628475,tunisieannonce,0.0,positive,0.398,0.3,21.43,suspect,['urgency_detected'],xlm_roberta_mdeberta_v1,
tunisieannonce_bfd06f1a9049,tunisieannonce,0.2161,negative,0.3328,0.45,31.54,suspect,"['external_contact', 'no_images_suspicious']",xlm_roberta_mdeberta_v1,
tunisieannonce_c002191db237,tunisieannonce,0.0,positive,0.3745,0.3,20.61,normal,['urgency_detected'],xlm_roberta_mdeberta_v1,
tunisieannonce_71038cd51427,tunisieannonce,0.0,positive,0.3736,0.3,20.58,normal,['urgency_detected'],xlm_roberta_mdeberta_v1,
affare_220450,affare,0.433,negative,0.4357,0.55,46.32,suspect,"['urgency_detected', 'external_contact']",xlm_roberta_mdeberta_v1,
affare_259568,affare,0.0,positive,0.423,0.55,28.55,suspect,"['urgency_detected', 'external_contact']",xlm_roberta_mdeberta_v1,
affare_259671,affare,0.4086,negative,0.3269,0.75,46.54,suspect,"['urgency_detected', 'external_contact', 'no_images_suspicious']",xlm_roberta_mdeberta_v1,
century21_02e0b379ff2b,century21,0.0,positive,0.3418,0.0,11.96,normal,[],xlm_roberta_mdeberta_v1,
affare_3770,affare,0.2959,negative,0.3706,0.2,29.81,suspect,['no_images_suspicious'],xlm_roberta_mdeberta_v1,
affare_4000,affare,0.0,positive,0.3278,0.55,25.22,suspect,"['urgency_detected', 'external_contact']",xlm_roberta_mdeberta_v1,
century21_00449ec77402,century21,0.0,positive,0.3532,0.55,26.11,suspect,"['urgency_detected', 'external_contact']",xlm_roberta_mdeberta_v1,
century21_012583dc5e95,century21,0.0,positive,0.416,0.2,19.56,normal,['no_images_suspicious'],xlm_roberta_mdeberta_v1,
affare_4400,affare,0.0,positive,0.3449,0.0,12.07,normal,[],xlm_roberta_mdeberta_v1,
affare_7000,affare,0.367,negative,0.3247,0.55,39.79,suspect,"['urgency_detected', 'external_contact']",xlm_roberta_mdeberta_v1,
century21_031b69100d7d,century21,0.0,positive,0.3679,0.0,12.88,normal,[],xlm_roberta_mdeberta_v1,
century21_02d29ba7dc54,century21,0.0821,neutral,0.3575,0.0,15.8,normal,[],xlm_roberta_mdeberta_v1,
century21_04dfaa09ef8f,century21,0.0,positive,0.3787,0.0,13.25,normal,[],xlm_roberta_mdeberta_v1,
century21_087f12b34209,century21,0.0,positive,0.365,0.3,20.27,normal,['urgency_detected'],xlm_roberta_mdeberta_v1,
century21_084a6d73e689,century21,0.0,positive,0.3904,0.2,18.66,normal,['no_images_suspicious'],xlm_roberta_mdeberta_v1,
century21_06bd1bf41367,century21,0.0,positive,0.3872,0.55,27.3,suspect,"['urgency_detected', 'external_contact']",xlm_roberta_mdeberta_v1,
century21_077f2decb003,century21,0.0925,neutral,0.4036,0.0,17.83,normal,[],xlm_roberta_mdeberta_v1,
century21_07c08a212998,century21,0.0,positive,0.3458,0.2,17.1,normal,['no_images_suspicious'],xlm_roberta_mdeberta_v1,
century21_0dd2bb14d722,century21,0.0,positive,0.4017,0.0,14.06,normal,[],xlm_roberta_mdeberta_v1,
century21_1aba80c46649,century21,0.2587,negative,0.3231,0.2,26.66,suspect,['no_images_suspicious'],xlm_roberta_mdeberta_v1,
century21_0918ae159c1c,century21,0.0814,neutral,0.3925,0.2,21.99,suspect,['no_images_suspicious'],xlm_roberta_mdeberta_v1,
century21_0e6407551a27,century21,0.0774,neutral,0.3335,0.55,28.52,suspect,"['urgency_detected', 'external_contact']",xlm_roberta_mdeberta_v1,
century21_110268,century21,0.0,positive,0.2105,0.2,12.37,normal,['no_images_suspicious'],xlm_roberta_mdeberta_v1,
century21_0e7abc0bd304,century21,0.0,positive,0.4208,0.0,14.73,normal,[],xlm_roberta_mdeberta_v1,
century21_0f8abe645aaa,century21,0.0,positive,0.418,0.55,28.38,suspect,"['urgency_detected', 'external_contact']",xlm_roberta_mdeberta_v1,
century21_12aa21ee2ba3,century21,0.0,positive,0.3973,0.0,13.91,normal,[],xlm_roberta_mdeberta_v1,
tunisieannonce_435589163746,tunisieannonce,0.3221,negative,0.3426,0.0,24.88,suspect,[],xlm_roberta_mdeberta_v1,
century21_121d339799e8,century21,0.0,positive,0.3609,0.55,26.38,suspect,"['urgency_detected', 'external_contact']",xlm_roberta_mdeberta_v1,
century21_11d02ac0f672,century21,0.0,positive,0.3346,0.55,25.46,suspect,"['urgency_detected', 'external_contact']",xlm_roberta_mdeberta_v1,
century21_16b7287988e9,century21,0.0,positive,0.3143,0.55,24.75,suspect,"['urgency_detected', 'external_contact']",xlm_roberta_mdeberta_v1,
century21_11cb0fbf6950,century21,0.0971,neutral,0.4197,0.55,32.32,suspect,"['urgency_detected', 'external_contact']",xlm_roberta_mdeberta_v1,
century21_1474ca3bef5d,century21,0.0,positive,0.3438,0.0,12.03,normal,[],xlm_roberta_mdeberta_v1,
tunisieannonce_505d29472b2a,tunisieannonce,0.0,positive,0.3165,0.2,16.08,normal,['no_images_suspicious'],xlm_roberta_mdeberta_v1,
century21_196ff1aa5dc3,century21,0.0,positive,0.3424,0.0,11.98,normal,[],xlm_roberta_mdeberta_v1,
tunisieannonce_43ecf99ff26a,tunisieannonce,0.0,positive,0.2933,0.0,10.27,normal,[],xlm_roberta_mdeberta_v1,
century21_191f35598ac0,century21,0.0,positive,0.3552,0.0,12.43,normal,[],xlm_roberta_mdeberta_v1,
century21_2156c0f75904,century21,0.0808,neutral,0.3391,0.0,15.1,normal,[],xlm_roberta_mdeberta_v1,
tunisieannonce_f32b70a1c306,tunisieannonce,0.0,positive,0.3503,0.0,12.26,normal,[],xlm_roberta_mdeberta_v1,
century21_2150,century21,0.0,positive,0.3724,0.0,13.03,normal,[],xlm_roberta_mdeberta_v1,
century21_21015be21ea9,century21,0.0,positive,0.373,0.0,13.05,normal,[],xlm_roberta_mdeberta_v1,
century21_215c9ba276f7,century21,0.3425,negative,0.3883,0.0,27.29,suspect,[],xlm_roberta_mdeberta_v1,
century21_2307025f158c,century21,0.0,positive,0.3736,0.0,13.08,normal,[],xlm_roberta_mdeberta_v1,
mubawab_8105627,mubawab,0.6269,negative,0.3972,0.35,47.73,suspect,"['description_too_short', 'information_incomplete']",xlm_roberta_mdeberta_v1,
mubawab_8106603,mubawab,0.6269,negative,0.3972,0.35,47.73,suspect,"['description_too_short', 'information_incomplete']",xlm_roberta_mdeberta_v1,
century21_21f11a52cd51,century21,0.0,positive,0.3373,0.75,30.56,suspect,"['urgency_detected', 'external_contact', 'no_images_suspicious']",xlm_roberta_mdeberta_v1,
century21_241d85dc368f,century21,0.3581,negative,0.3747,0.2,32.44,suspect,['no_images_suspicious'],xlm_roberta_mdeberta_v1,
century21_2230fbcaa37d,century21,0.0,positive,0.272,0.2,14.52,normal,['no_images_suspicious'],xlm_roberta_mdeberta_v1,
century21_26627c5819bc,century21,0.0,positive,0.3216,0.55,25.01,suspect,"['urgency_detected', 'external_contact']",xlm_roberta_mdeberta_v1,
century21_2294f82184d4,century21,0.0,positive,0.3694,0.55,26.68,suspect,"['urgency_detected', 'external_contact']",xlm_roberta_mdeberta_v1,
century21_2769d491c77a,century21,0.3716,negative,0.3493,0.0,27.09,suspect,[],xlm_roberta_mdeberta_v1,
century21_25e2d5914853,century21,0.0,positive,0.4103,0.55,28.11,suspect,"['urgency_detected', 'external_contact']",xlm_roberta_mdeberta_v1,
century21_2843b00e4c7d,century21,0.0,positive,0.352,0.0,12.32,normal,[],xlm_roberta_mdeberta_v1,
century21_2d4b5571ad61,century21,0.0,positive,0.3615,0.0,12.65,normal,[],xlm_roberta_mdeberta_v1,
century21_3e63579bc109,century21,0.3851,negative,0.3398,0.2,32.3,suspect,['no_images_suspicious'],xlm_roberta_mdeberta_v1,
century21_2b58507c48ad,century21,0.0787,neutral,0.3538,0.0,15.53,normal,[],xlm_roberta_mdeberta_v1,
century21_302c0dba16da,century21,0.0,positive,0.3843,0.2,18.45,normal,['no_images_suspicious'],xlm_roberta_mdeberta_v1,
century21_a23998b12c08,century21,0.2726,negative,0.4089,0.0,25.22,suspect,[],xlm_roberta_mdeberta_v1,
century21_3114d82eed86,century21,0.0,positive,0.411,0.3,21.88,suspect,['urgency_detected'],xlm_roberta_mdeberta_v1,
century21_32dce02693df,century21,0.0,positive,0.355,0.2,17.42,normal,['no_images_suspicious'],xlm_roberta_mdeberta_v1,
century21_3572353f854b,century21,0.0,positive,0.3436,0.0,12.03,normal,[],xlm_roberta_mdeberta_v1,
century21_353f1ebac7e7,century21,0.0,positive,0.4063,0.0,14.22,normal,[],xlm_roberta_mdeberta_v1,
century21_347f54f1f121,century21,0.3915,negative,0.3376,0.0,27.48,suspect,[],xlm_roberta_mdeberta_v1,
century21_3452f4daaec0,century21,0.0,positive,0.373,0.2,18.05,normal,['no_images_suspicious'],xlm_roberta_mdeberta_v1,
century21_356e73a2bfcf,century21,0.0,positive,0.3639,0.0,12.74,normal,[],xlm_roberta_mdeberta_v1,
century21_32e1a28a66b5,century21,0.0,positive,0.3521,0.0,12.32,normal,[],xlm_roberta_mdeberta_v1,
tunisieannonce_10099aacf90d,tunisieannonce,0.2412,negative,0.3317,0.0,21.26,suspect,[],xlm_roberta_mdeberta_v1,
century21_39b0e3338d5c,century21,0.2967,negative,0.3784,0.55,38.86,suspect,"['urgency_detected', 'external_contact']",xlm_roberta_mdeberta_v1,
century21_361caf169058,century21,0.0,positive,0.3973,0.0,13.91,normal,[],xlm_roberta_mdeberta_v1,
tunisieannonce_43f0ba794abc,tunisieannonce,0.0,positive,0.3347,0.0,11.71,normal,[],xlm_roberta_mdeberta_v1,
century21_366a8e518bcc,century21,0.0808,neutral,0.4146,0.55,31.49,suspect,"['urgency_detected', 'external_contact']",xlm_roberta_mdeberta_v1,
century21_3dd3d5649a08,century21,0.0,positive,0.3227,0.0,11.29,normal,[],xlm_roberta_mdeberta_v1,
century21_3c8ed2535105,century21,0.0,positive,0.386,0.0,13.51,normal,[],xlm_roberta_mdeberta_v1,
century21_3cd545d39ca4,century21,0.0,positive,0.3597,0.0,12.59,normal,[],xlm_roberta_mdeberta_v1,
century21_3c1ae4d49e2c,century21,0.0,positive,0.3712,0.5,25.49,suspect,"['urgency_detected', 'no_images_suspicious']",xlm_roberta_mdeberta_v1,
century21_3d6c56be89e6,century21,0.0791,neutral,0.3681,0.2,21.05,suspect,['no_images_suspicious'],xlm_roberta_mdeberta_v1,
tunisieannonce_15a312582d6d,tunisieannonce,0.0,positive,0.3432,0.0,12.01,normal,[],xlm_roberta_mdeberta_v1,
century21_3f9be412ebe8,century21,0.087,neutral,0.3997,0.0,17.47,normal,[],xlm_roberta_mdeberta_v1,
century21_4000,century21,0.0,positive,0.2898,0.0,10.14,normal,[],xlm_roberta_mdeberta_v1,
century21_3eeb298bd730,century21,0.0,positive,0.358,0.0,12.53,normal,[],xlm_roberta_mdeberta_v1,
tunisieannonce_5866975d79f2,tunisieannonce,0.0,positive,0.3237,0.0,11.33,normal,[],xlm_roberta_mdeberta_v1,
century21_a06a868f83c9,century21,0.0,positive,0.3808,0.2,18.33,normal,['no_images_suspicious'],xlm_roberta_mdeberta_v1,
century21_441acd868ad7,century21,0.0,positive,0.3593,0.0,12.58,normal,[],xlm_roberta_mdeberta_v1,
century21_4469dfee02b5,century21,0.0,positive,0.3676,0.0,12.87,normal,[],xlm_roberta_mdeberta_v1,
tunisieannonce_a59de41e91d3,tunisieannonce,0.3723,negative,0.3505,0.2,32.16,suspect,['no_images_suspicious'],xlm_roberta_mdeberta_v1,
century21_462ff2b648c9,century21,0.0814,neutral,0.4049,0.55,31.18,suspect,"['urgency_detected', 'external_contact']",xlm_roberta_mdeberta_v1,
century21_470ba187fcfe,century21,0.0811,neutral,0.3533,0.55,29.36,suspect,"['urgency_detected', 'external_contact']",xlm_roberta_mdeberta_v1,
century21_48d7fd5f468a,century21,0.0,positive,0.4056,0.5,26.7,suspect,"['urgency_detected', 'no_images_suspicious']",xlm_roberta_mdeberta_v1,
century21_4986433c866a,century21,0.0904,neutral,0.4053,0.0,17.8,normal,[],xlm_roberta_mdeberta_v1,
century21_55f3b1f1fcf3,century21,0.0,positive,0.3511,0.25,18.54,normal,['external_contact'],xlm_roberta_mdeberta_v1,
century21_4c5e7fbb0f02,century21,0.0,positive,0.3525,0.0,12.34,normal,[],xlm_roberta_mdeberta_v1,
mubawab_8134835,mubawab,0.6269,negative,0.3972,0.35,47.73,suspect,"['description_too_short', 'information_incomplete']",xlm_roberta_mdeberta_v1,
century21_4c7b3f4d179d,century21,0.0,positive,0.3334,0.35,20.42,normal,"['description_too_short', 'information_incomplete']",xlm_roberta_mdeberta_v1,
tunisieannonce_1c07a2a40006,tunisieannonce,0.0,positive,0.2934,0.0,10.27,normal,[],xlm_roberta_mdeberta_v1,
tunisieannonce_1c52da4a4f70,tunisieannonce,0.0,positive,0.4126,0.2,19.44,normal,['no_images_suspicious'],xlm_roberta_mdeberta_v1,
century21_501b93b327b8,century21,0.0,positive,0.3737,0.0,13.08,normal,[],xlm_roberta_mdeberta_v1,
century21_50636c9a39c7,century21,0.0,positive,0.3287,0.2,16.5,normal,['no_images_suspicious'],xlm_roberta_mdeberta_v1,
century21_5076adb84682,century21,0.0992,neutral,0.3882,0.0,17.55,normal,[],xlm_roberta_mdeberta_v1,
century21_508fb5edc35b,century21,0.0,positive,0.3334,0.35,20.42,normal,"['description_too_short', 'information_incomplete']",xlm_roberta_mdeberta_v1,
century21_51be6fa113ce,century21,0.0777,neutral,0.3408,0.55,28.79,suspect,"['urgency_detected', 'external_contact']",xlm_roberta_mdeberta_v1,
tunisieannonce_6da1fdfb4561,tunisieannonce,0.0,positive,0.3829,0.2,18.4,normal,['no_images_suspicious'],xlm_roberta_mdeberta_v1,
century21_50ffd55154a0,century21,0.0,positive,0.3059,0.0,10.71,normal,[],xlm_roberta_mdeberta_v1,
century21_539749d7e32e,century21,0.0,positive,0.3594,0.2,17.58,normal,['no_images_suspicious'],xlm_roberta_mdeberta_v1,
century21_550ea00e206f,century21,0.1012,neutral,0.4015,0.0,18.1,normal,[],xlm_roberta_mdeberta_v1,
century21_a4fafc08c751,century21,0.0837,neutral,0.3911,0.55,30.79,suspect,"['urgency_detected', 'external_contact']",xlm_roberta_mdeberta_v1,
century21_592c386e050b,century21,0.0788,neutral,0.3852,0.0,16.63,normal,[],xlm_roberta_mdeberta_v1,
century21_58c425a613bd,century21,0.0,positive,0.3961,0.0,13.86,normal,[],xlm_roberta_mdeberta_v1,
century21_565a48977ba5,century21,0.0,positive,0.3119,0.5,23.42,suspect,"['urgency_detected', 'no_images_suspicious']",xlm_roberta_mdeberta_v1,
century21_58d5e550d7ab,century21,0.0,positive,0.3263,0.0,11.42,normal,[],xlm_roberta_mdeberta_v1,
century21_59cde04c053e,century21,0.0,positive,0.3669,0.75,31.59,suspect,"['urgency_detected', 'external_contact', 'no_images_suspicious']",xlm_roberta_mdeberta_v1,
tunisieannonce_78fa608ad33c,tunisieannonce,0.6477,negative,0.4002,0.2,44.91,suspect,['no_images_suspicious'],xlm_roberta_mdeberta_v1,
century21_5b6afc354884,century21,0.0,positive,0.3671,0.55,26.6,suspect,"['urgency_detected', 'external_contact']",xlm_roberta_mdeberta_v1,
century21_5f9bfd649618,century21,0.0,positive,0.3243,0.55,25.1,suspect,"['urgency_detected', 'external_contact']",xlm_roberta_mdeberta_v1,
century21_605a11c9849c,century21,0.0,positive,0.4146,0.0,14.51,normal,[],xlm_roberta_mdeberta_v1,
century21_627a3854a9b4,century21,0.0,positive,0.3653,0.2,17.79,normal,['no_images_suspicious'],xlm_roberta_mdeberta_v1,
century21_6265d73de2d9,century21,0.0,positive,0.4176,0.0,14.62,normal,[],xlm_roberta_mdeberta_v1,
century21_616d0dc6d4f0,century21,0.0,positive,0.3134,0.75,29.72,suspect,"['urgency_detected', 'external_contact', 'no_images_suspicious']",xlm_roberta_mdeberta_v1,
century21_640f193bf6cb,century21,0.362,negative,0.4525,0.0,30.32,suspect,[],xlm_roberta_mdeberta_v1,
century21_692ec1ce27af,century21,0.3702,negative,0.3376,0.0,26.62,suspect,[],xlm_roberta_mdeberta_v1,
century21_a374c68a9bde,century21,0.0,positive,0.4195,0.0,14.68,normal,[],xlm_roberta_mdeberta_v1,
century21_6c682d1ed2b3,century21,0.0,positive,0.2922,0.3,17.73,normal,['urgency_detected'],xlm_roberta_mdeberta_v1,
century21_7147c15d2ec4,century21,0.0,positive,0.3789,0.0,13.26,normal,[],xlm_roberta_mdeberta_v1,
century21_a52669764594,century21,0.0902,neutral,0.4018,0.0,17.67,normal,[],xlm_roberta_mdeberta_v1,
century21_72da86bac748,century21,0.0931,neutral,0.4062,0.0,17.94,normal,[],xlm_roberta_mdeberta_v1,
century21_738a55465c2e,century21,0.0848,neutral,0.4048,0.0,17.56,normal,[],xlm_roberta_mdeberta_v1,
century21_7142a9e06b2b,century21,0.0,positive,0.3596,0.55,26.34,suspect,"['urgency_detected', 'external_contact']",xlm_roberta_mdeberta_v1,
century21_754ff3689da4,century21,0.0,positive,0.4037,0.55,27.88,suspect,"['urgency_detected', 'external_contact']",xlm_roberta_mdeberta_v1,
century21_76c858e7fd9f,century21,0.1006,neutral,0.399,0.0,17.99,normal,[],xlm_roberta_mdeberta_v1,
century21_75ab39b53f3f,century21,0.0,positive,0.3742,0.5,25.6,suspect,"['urgency_detected', 'no_images_suspicious']",xlm_roberta_mdeberta_v1,
tunisieannonce_02d567d77144,tunisieannonce,0.2676,negative,0.3075,0.25,27.72,suspect,['vague_description'],xlm_roberta_mdeberta_v1,
century21_757cc4888649,century21,0.0,positive,0.421,0.0,14.73,normal,[],xlm_roberta_mdeberta_v1,
century21_7950adacbbdc,century21,0.0,positive,0.307,0.0,10.74,normal,[],xlm_roberta_mdeberta_v1,
tunisieannonce_06916d8a19c1,tunisieannonce,0.2907,negative,0.3245,0.25,29.24,suspect,['external_contact'],xlm_roberta_mdeberta_v1,
century21_7935bd52e199,century21,0.0,positive,0.3458,0.3,19.6,normal,['urgency_detected'],xlm_roberta_mdeberta_v1,
century21_7cbe93a685ef,century21,0.0,positive,0.4098,0.0,14.34,normal,[],xlm_roberta_mdeberta_v1,
century21_7a688ba5a493,century21,0.082,neutral,0.4016,0.3,24.84,suspect,['urgency_detected'],xlm_roberta_mdeberta_v1,
century21_7d9fd3df44af,century21,0.0,positive,0.3326,0.0,11.64,normal,[],xlm_roberta_mdeberta_v1,
century21_80abfd0d2296,century21,0.0,positive,0.3533,0.55,26.12,suspect,"['urgency_detected', 'external_contact']",xlm_roberta_mdeberta_v1,
century21_7f914016776d,century21,0.2656,negative,0.3339,0.0,22.31,suspect,[],xlm_roberta_mdeberta_v1,
century21_839d3b3c6d14,century21,0.0,positive,0.3939,0.3,21.29,suspect,['urgency_detected'],xlm_roberta_mdeberta_v1,
century21_8031726f1280,century21,0.0,positive,0.359,0.0,12.56,normal,[],xlm_roberta_mdeberta_v1,
century21_815677f09b1d,century21,0.0,positive,0.3324,0.0,11.63,normal,[],xlm_roberta_mdeberta_v1,
century21_8631fc65b90e,century21,0.0975,neutral,0.3395,0.0,15.78,normal,[],xlm_roberta_mdeberta_v1,
century21_8489febc2177,century21,0.0,positive,0.3621,0.45,23.92,suspect,"['external_contact', 'no_images_suspicious']",xlm_roberta_mdeberta_v1,
century21_834d120ea15d,century21,0.0,positive,0.3924,0.2,18.73,normal,['no_images_suspicious'],xlm_roberta_mdeberta_v1,
century21_83af5afe2ea1,century21,0.0,positive,0.3378,0.0,11.82,normal,[],xlm_roberta_mdeberta_v1,
century21_86396b55ebe2,century21,0.0,positive,0.3934,0.3,21.27,suspect,['urgency_detected'],xlm_roberta_mdeberta_v1,
century21_89b010eb2368,century21,0.0,positive,0.4161,0.0,14.56,normal,[],xlm_roberta_mdeberta_v1,
century21_8717e34abd61,century21,0.0,positive,0.4179,0.0,14.63,normal,[],xlm_roberta_mdeberta_v1,
century21_ce386f5348f2,century21,0.0,positive,0.3378,0.3,19.32,normal,['urgency_detected'],xlm_roberta_mdeberta_v1,
century21_8a292d382327,century21,0.0,positive,0.4008,0.2,19.03,normal,['no_images_suspicious'],xlm_roberta_mdeberta_v1,
century21_8b99df5e2408,century21,0.0,positive,0.3441,0.55,25.79,suspect,"['urgency_detected', 'external_contact']",xlm_roberta_mdeberta_v1,
century21_8a90b246d2de,century21,0.0,positive,0.3902,0.0,13.66,normal,[],xlm_roberta_mdeberta_v1,
tunisieannonce_cb156f1e4869,tunisieannonce,0.2973,negative,0.3227,0.0,23.19,suspect,[],xlm_roberta_mdeberta_v1,
tunisieannonce_075a905d57da,tunisieannonce,0.0,positive,0.2983,0.55,24.19,suspect,"['urgency_detected', 'external_contact']",xlm_roberta_mdeberta_v1,
century21_94da036c3ec1,century21,0.0804,neutral,0.388,0.55,30.55,suspect,"['urgency_detected', 'external_contact']",xlm_roberta_mdeberta_v1,
century21_91da7da468e0,century21,0.0691,neutral,0.3551,0.55,28.94,suspect,"['urgency_detected', 'external_contact']",xlm_roberta_mdeberta_v1,
century21_99717a3e0ca6,century21,0.0,positive,0.3373,0.0,11.81,normal,[],xlm_roberta_mdeberta_v1,
century21_972f52ed789f,century21,0.5129,negative,0.3631,0.0,33.22,suspect,[],xlm_roberta_mdeberta_v1,
century21_963d778f6aac,century21,0.0,positive,0.3546,0.0,12.41,normal,[],xlm_roberta_mdeberta_v1,
century21_9af68797b295,century21,0.2876,negative,0.4329,0.0,26.66,suspect,[],xlm_roberta_mdeberta_v1,
century21_99958910d407,century21,0.0,positive,0.4031,0.0,14.11,normal,[],xlm_roberta_mdeberta_v1,
century21_9bd71bf6fbb7,century21,0.0,positive,0.3843,0.0,13.45,normal,[],xlm_roberta_mdeberta_v1,
century21_99beb569ad38,century21,0.0,positive,0.3817,0.55,27.11,suspect,"['urgency_detected', 'external_contact']",xlm_roberta_mdeberta_v1,
century21_9b8b71718aec,century21,0.0,positive,0.4197,0.0,14.69,normal,[],xlm_roberta_mdeberta_v1,
century21_9dae1ef4f96e,century21,0.3473,negative,0.3966,0.0,27.77,suspect,[],xlm_roberta_mdeberta_v1,
century21_cfda44cb008d,century21,0.0,positive,0.3334,0.35,20.42,normal,"['description_too_short', 'information_incomplete']",xlm_roberta_mdeberta_v1,
century21_a5b93b9d14bf,century21,0.0,positive,0.3923,0.2,18.73,normal,['no_images_suspicious'],xlm_roberta_mdeberta_v1,
century21_a57cf79f7989,century21,0.0,positive,0.3488,0.0,12.21,normal,[],xlm_roberta_mdeberta_v1,
century21_a980f894b5a4,century21,0.0956,neutral,0.3788,0.0,17.08,normal,[],xlm_roberta_mdeberta_v1,
century21_ab6cd2a478c7,century21,0.0,positive,0.3441,0.2,17.04,normal,['no_images_suspicious'],xlm_roberta_mdeberta_v1,
century21_a8b0eb51e79f,century21,0.0,positive,0.3847,0.0,13.46,normal,[],xlm_roberta_mdeberta_v1,
century21_addf8c287b09,century21,0.0,positive,0.3906,0.55,27.42,suspect,"['urgency_detected', 'external_contact']",xlm_roberta_mdeberta_v1,
century21_ae954f4eb4cc,century21,0.0,positive,0.3442,0.0,12.05,normal,[],xlm_roberta_mdeberta_v1,
century21_afb0b252cb12,century21,0.3821,negative,0.3992,0.2,34.26,suspect,['no_images_suspicious'],xlm_roberta_mdeberta_v1,
century21_af1b7b12d9fc,century21,0.0,positive,0.3788,0.3,20.76,normal,['urgency_detected'],xlm_roberta_mdeberta_v1,
century21_ae1bc8fb8a13,century21,0.0,positive,0.4221,0.0,14.77,normal,[],xlm_roberta_mdeberta_v1,
century21_ad5a47137725,century21,0.0,positive,0.3593,0.0,12.58,normal,[],xlm_roberta_mdeberta_v1,
century21_b193ec1b84d6,century21,0.0,positive,0.3893,0.75,32.38,suspect,"['urgency_detected', 'external_contact', 'no_images_suspicious']",xlm_roberta_mdeberta_v1,
century21_b03de67292c5,century21,0.0,positive,0.364,0.0,12.74,normal,[],xlm_roberta_mdeberta_v1,
century21_b15db367220b,century21,0.0,positive,0.3627,0.0,12.69,normal,[],xlm_roberta_mdeberta_v1,
century21_b09359734e9a,century21,0.0,positive,0.3425,0.2,16.99,normal,['no_images_suspicious'],xlm_roberta_mdeberta_v1,
century21_b4960182fc3f,century21,0.0,positive,0.3719,0.0,13.02,normal,[],xlm_roberta_mdeberta_v1,
century21_b6babd94baa1,century21,0.0,positive,0.341,0.0,11.94,normal,[],xlm_roberta_mdeberta_v1,
century21_b71bfd12715b,century21,0.0,positive,0.4038,0.0,14.13,normal,[],xlm_roberta_mdeberta_v1,
century21_b92f0a6641b9,century21,0.3032,negative,0.3221,0.0,23.4,suspect,[],xlm_roberta_mdeberta_v1,
century21_b45fd5a9d3f4,century21,0.0,positive,0.4136,0.0,14.48,normal,[],xlm_roberta_mdeberta_v1,
century21_b37375d81cc4,century21,0.0,positive,0.3361,0.0,11.76,normal,[],xlm_roberta_mdeberta_v1,
century21_b9da3a56c371,century21,0.0,positive,0.3353,0.0,11.74,normal,[],xlm_roberta_mdeberta_v1,
century21_bb1421336558,century21,0.0,positive,0.4065,0.3,21.73,suspect,['urgency_detected'],xlm_roberta_mdeberta_v1,
century21_ba2192d89882,century21,0.0,positive,0.4448,0.55,29.32,suspect,"['urgency_detected', 'external_contact']",xlm_roberta_mdeberta_v1,
century21_958abcf541a6,century21,0.0,positive,0.3891,0.0,13.62,normal,[],xlm_roberta_mdeberta_v1,
century21_b9546f8655f7,century21,0.0,positive,0.3723,0.3,20.53,normal,['urgency_detected'],xlm_roberta_mdeberta_v1,
century21_bc69bf86fbce,century21,0.0,positive,0.3325,0.55,25.39,suspect,"['urgency_detected', 'external_contact']",xlm_roberta_mdeberta_v1,
century21_bdc45546d4a9,century21,0.0,positive,0.3827,0.2,18.39,normal,['no_images_suspicious'],xlm_roberta_mdeberta_v1,
century21_c1433851a314,century21,0.0,positive,0.4029,0.75,32.85,suspect,"['urgency_detected', 'external_contact', 'no_images_suspicious']",xlm_roberta_mdeberta_v1,
century21_c1e96ebf30af,century21,0.294,negative,0.3939,0.0,25.55,suspect,[],xlm_roberta_mdeberta_v1,
tunisieannonce_0773a2e5a552,tunisieannonce,0.5077,negative,0.3578,0.55,46.58,suspect,"['urgency_detected', 'external_contact']",xlm_roberta_mdeberta_v1,
century21_c7f2e04b01c0,century21,0.0,positive,0.4153,0.2,19.54,normal,['no_images_suspicious'],xlm_roberta_mdeberta_v1,
century21_c8192a5084e2,century21,0.0,positive,0.3895,0.0,13.63,normal,[],xlm_roberta_mdeberta_v1,
century21_c9eb00e242d1,century21,0.0824,neutral,0.3897,0.0,16.94,normal,[],xlm_roberta_mdeberta_v1,
century21_c84363db80db,century21,0.076,neutral,0.3539,0.55,29.18,suspect,"['urgency_detected', 'external_contact']",xlm_roberta_mdeberta_v1,
century21_cd93db8d518d,century21,0.0,positive,0.3512,0.2,17.29,normal,['no_images_suspicious'],xlm_roberta_mdeberta_v1,
century21_ca5fa10c92e9,century21,0.0,positive,0.4202,0.2,19.71,normal,['no_images_suspicious'],xlm_roberta_mdeberta_v1,
century21_ce6017c1d8e2,century21,0.3124,negative,0.3888,0.0,26.1,suspect,[],xlm_roberta_mdeberta_v1,
century21_cf3aeb00f20e,century21,0.0,positive,0.3728,0.0,13.05,normal,[],xlm_roberta_mdeberta_v1,
century21_ce3abdba551e,century21,0.0,positive,0.3726,0.0,13.04,normal,[],xlm_roberta_mdeberta_v1,
century21_de98fd3409e0,century21,0.0,positive,0.3334,0.0,11.67,normal,[],xlm_roberta_mdeberta_v1,
century21_d0e37f7227e3,century21,0.0,positive,0.3357,0.0,11.75,normal,[],xlm_roberta_mdeberta_v1,
century21_d3ff95e77da6,century21,0.087,neutral,0.3995,0.0,17.46,normal,[],xlm_roberta_mdeberta_v1,
century21_d17f97134ee2,century21,0.0,positive,0.3474,0.0,12.16,normal,[],xlm_roberta_mdeberta_v1,
century21_d25c29886d12,century21,0.0,positive,0.3495,0.0,12.23,normal,[],xlm_roberta_mdeberta_v1,
century21_d0f8c36f15ec,century21,0.0,positive,0.2764,0.55,23.42,suspect,"['urgency_detected', 'external_contact']",xlm_roberta_mdeberta_v1,
century21_d49cb8372f83,century21,0.075,neutral,0.3089,0.0,13.81,normal,[],xlm_roberta_mdeberta_v1,
century21_d635b16cce35,century21,0.0,positive,0.4184,0.2,19.64,normal,['no_images_suspicious'],xlm_roberta_mdeberta_v1,
century21_d699f484a5b5,century21,0.0,positive,0.389,0.2,18.61,normal,['no_images_suspicious'],xlm_roberta_mdeberta_v1,
century21_d78d79099710,century21,0.0,positive,0.3019,0.55,24.32,suspect,"['urgency_detected', 'external_contact']",xlm_roberta_mdeberta_v1,
century21_d6fe38968a3a,century21,0.0,positive,0.3583,0.55,26.29,suspect,"['urgency_detected', 'external_contact']",xlm_roberta_mdeberta_v1,
tunisieannonce_244cb47f2aa7,tunisieannonce,0.3723,negative,0.3353,0.0,26.63,suspect,[],xlm_roberta_mdeberta_v1,
century21_d66e9462eb06,century21,0.0,positive,0.3676,0.2,17.87,normal,['no_images_suspicious'],xlm_roberta_mdeberta_v1,
century21_d9d470de6c57,century21,0.0,positive,0.3562,0.0,12.47,normal,[],xlm_roberta_mdeberta_v1,
tunisieannonce_28376d78bfd5,tunisieannonce,0.0,positive,0.3724,0.45,24.28,suspect,"['external_contact', 'no_images_suspicious']",xlm_roberta_mdeberta_v1,
century21_d85f9e931995,century21,0.0,positive,0.325,0.55,25.12,suspect,"['urgency_detected', 'external_contact']",xlm_roberta_mdeberta_v1,
century21_d7b2cb858f73,century21,0.0821,neutral,0.4156,0.0,17.83,normal,[],xlm_roberta_mdeberta_v1,
century21_d8c647b5d0ad,century21,0.4074,negative,0.4151,0.0,30.82,suspect,[],xlm_roberta_mdeberta_v1,
tunisieannonce_15a707cce854,tunisieannonce,0.0,positive,0.3258,0.0,11.4,normal,[],xlm_roberta_mdeberta_v1,
century21_dacec5400299,century21,0.0,positive,0.3405,0.55,25.67,suspect,"['urgency_detected', 'external_contact']",xlm_roberta_mdeberta_v1,
tunisieannonce_a726b255639b,tunisieannonce,0.0,positive,0.3636,0.0,12.73,normal,[],xlm_roberta_mdeberta_v1,
century21_e06d150dc5b6,century21,0.0,positive,0.4363,0.55,29.02,suspect,"['urgency_detected', 'external_contact']",xlm_roberta_mdeberta_v1,
century21_e04ebbd76d06,century21,0.0,positive,0.3603,0.55,26.36,suspect,"['urgency_detected', 'external_contact']",xlm_roberta_mdeberta_v1,
century21_e42d589dc7a6,century21,0.0,positive,0.4223,0.0,14.78,normal,[],xlm_roberta_mdeberta_v1,
century21_e4ad7c239f0a,century21,0.265,negative,0.3135,0.0,21.57,suspect,[],xlm_roberta_mdeberta_v1,
tunisieannonce_a6872469f2d2,tunisieannonce,0.6059,negative,0.4054,0.55,52.17,fraud_likely,"['urgency_detected', 'external_contact']",xlm_roberta_mdeberta_v1,"Cette annonce immobilière est suspecte en raison de plusieurs signaux détectés : un score fraude élevé (52.2/100), un sentiment négatif (score 0.61), un score zero-shot fraude élevé (0.41) et la présence de flags tels que urgency_detected et external_contact, qui indiquent des signaux d'urgence et un contact externe fourni."
century21_e50add041b7b,century21,0.0,positive,0.38,0.0,13.3,normal,[],xlm_roberta_mdeberta_v1,
century21_e31d794eae2c,century21,0.0,positive,0.4396,0.0,15.39,normal,[],xlm_roberta_mdeberta_v1,
century21_e33875de7021,century21,0.0,positive,0.3579,0.0,12.53,normal,[],xlm_roberta_mdeberta_v1,
century21_e7e617b55788,century21,0.0,positive,0.3517,0.55,26.06,suspect,"['urgency_detected', 'external_contact']",xlm_roberta_mdeberta_v1,
century21_e54a56853009,century21,0.0,positive,0.3447,0.55,25.81,suspect,"['urgency_detected', 'external_contact']",xlm_roberta_mdeberta_v1,
century21_ee14e1d53036,century21,0.0,positive,0.3393,0.0,11.88,normal,[],xlm_roberta_mdeberta_v1,
century21_eb1a6a4ded2c,century21,0.0,positive,0.3678,0.0,12.87,normal,[],xlm_roberta_mdeberta_v1,
century21_ee655936e47d,century21,0.0,positive,0.3751,0.55,26.88,suspect,"['urgency_detected', 'external_contact']",xlm_roberta_mdeberta_v1,
century21_eefb363b8221,century21,0.3309,negative,0.3937,0.0,27.02,suspect,[],xlm_roberta_mdeberta_v1,
century21_f26c77d6cb87,century21,0.0,positive,0.3467,0.75,30.88,suspect,"['urgency_detected', 'external_contact', 'no_images_suspicious']",xlm_roberta_mdeberta_v1,
century21_ee6fba88ebb9,century21,0.0804,neutral,0.3397,0.55,28.86,suspect,"['urgency_detected', 'external_contact']",xlm_roberta_mdeberta_v1,
century21_f0b56f9b6e22,century21,0.0831,neutral,0.4067,0.55,31.31,suspect,"['urgency_detected', 'external_contact']",xlm_roberta_mdeberta_v1,
century21_eeb35d57da96,century21,0.0,positive,0.3535,0.2,17.37,normal,['no_images_suspicious'],xlm_roberta_mdeberta_v1,
century21_f1b93aa37f70,century21,0.0,positive,0.3855,0.0,13.49,normal,[],xlm_roberta_mdeberta_v1,
century21_f43cdccfad46,century21,0.0852,neutral,0.3787,0.0,16.66,normal,[],xlm_roberta_mdeberta_v1,
century21_f592300fa491,century21,0.0,positive,0.3817,0.0,13.36,normal,[],xlm_roberta_mdeberta_v1,
century21_f57f4f3d961a,century21,0.0,positive,0.3783,0.55,26.99,suspect,"['urgency_detected', 'external_contact']",xlm_roberta_mdeberta_v1,
century21_f2f9f55ada5f,century21,0.0,positive,0.3424,0.0,11.98,normal,[],xlm_roberta_mdeberta_v1,
tunisieannonce_8bc9ae9e2261,tunisieannonce,0.5385,negative,0.3583,0.25,40.33,suspect,['external_contact'],xlm_roberta_mdeberta_v1,
century21_f6410663afd1,century21,0.0,positive,0.3966,0.0,13.88,normal,[],xlm_roberta_mdeberta_v1,
century21_f89731b27d03,century21,0.0,positive,0.2738,0.3,17.08,normal,['urgency_detected'],xlm_roberta_mdeberta_v1,
century21_fa2f398d3d4a,century21,0.0,positive,0.3581,0.55,26.28,suspect,"['urgency_detected', 'external_contact']",xlm_roberta_mdeberta_v1,
century21_f9b3765f720c,century21,0.0,positive,0.3639,0.0,12.74,normal,[],xlm_roberta_mdeberta_v1,
century21_fdae97213e1a,century21,0.0842,neutral,0.3361,0.0,15.13,normal,[],xlm_roberta_mdeberta_v1,
century21_febfa21d0547,century21,0.0,positive,0.4017,0.55,27.81,suspect,"['urgency_detected', 'external_contact']",xlm_roberta_mdeberta_v1,
century21_ff6dfb5d20ac,century21,0.0,positive,0.3612,0.55,26.39,suspect,"['urgency_detected', 'external_contact']",xlm_roberta_mdeberta_v1,
darcom_130681,darcom,0.0,positive,0.3552,0.0,12.43,normal,[],xlm_roberta_mdeberta_v1,
darcom_130422,darcom,0.0,positive,0.3575,0.3,20.01,normal,['urgency_detected'],xlm_roberta_mdeberta_v1,
darcom_76700,darcom,0.079,neutral,0.3448,0.0,15.23,normal,[],xlm_roberta_mdeberta_v1,
darcom_130423,darcom,0.0,positive,0.3065,0.0,10.73,normal,[],xlm_roberta_mdeberta_v1,
mubawab_7477759,mubawab,0.6269,negative,0.3972,0.35,47.73,suspect,"['description_too_short', 'information_incomplete']",xlm_roberta_mdeberta_v1,
darcom_47067,darcom,0.0,positive,0.3314,0.0,11.6,normal,[],xlm_roberta_mdeberta_v1,
darcom_130676,darcom,0.0,positive,0.3933,0.0,13.77,normal,[],xlm_roberta_mdeberta_v1,
century21_ffd642e8de7d,century21,0.0,positive,0.3353,0.2,16.74,normal,['no_images_suspicious'],xlm_roberta_mdeberta_v1,
darcom_90062,darcom,0.5784,negative,0.4017,0.0,37.2,suspect,[],xlm_roberta_mdeberta_v1,
mubawab_7120194,mubawab,0.6269,negative,0.3972,0.35,47.73,suspect,"['description_too_short', 'information_incomplete']",xlm_roberta_mdeberta_v1,
mubawab_7531072,mubawab,0.6269,negative,0.3972,0.35,47.73,suspect,"['description_too_short', 'information_incomplete']",xlm_roberta_mdeberta_v1,
darcom_79359,darcom,0.0,positive,0.3937,0.0,13.78,normal,[],xlm_roberta_mdeberta_v1,
mubawab_7451290,mubawab,0.6269,negative,0.3972,0.35,47.73,suspect,"['description_too_short', 'information_incomplete']",xlm_roberta_mdeberta_v1,
mubawab_7731750,mubawab,0.6269,negative,0.3972,0.35,47.73,suspect,"['description_too_short', 'information_incomplete']",xlm_roberta_mdeberta_v1,
mubawab_7600872,mubawab,0.6269,negative,0.3972,0.35,47.73,suspect,"['description_too_short', 'information_incomplete']",xlm_roberta_mdeberta_v1,
mubawab_7711139,mubawab,0.6269,negative,0.3972,0.35,47.73,suspect,"['description_too_short', 'information_incomplete']",xlm_roberta_mdeberta_v1,
mubawab_7594008,mubawab,0.6269,negative,0.3972,0.35,47.73,suspect,"['description_too_short', 'information_incomplete']",xlm_roberta_mdeberta_v1,
mubawab_7691984,mubawab,0.6269,negative,0.3972,0.35,47.73,suspect,"['description_too_short', 'information_incomplete']",xlm_roberta_mdeberta_v1,
mubawab_7660108,mubawab,0.6269,negative,0.3972,0.35,47.73,suspect,"['description_too_short', 'information_incomplete']",xlm_roberta_mdeberta_v1,
mubawab_7670672,mubawab,0.6269,negative,0.3972,0.35,47.73,suspect,"['description_too_short', 'information_incomplete']",xlm_roberta_mdeberta_v1,
mubawab_7830273,mubawab,0.6269,negative,0.3972,0.35,47.73,suspect,"['description_too_short', 'information_incomplete']",xlm_roberta_mdeberta_v1,
mubawab_7846820,mubawab,0.6269,negative,0.3972,0.35,47.73,suspect,"['description_too_short', 'information_incomplete']",xlm_roberta_mdeberta_v1,
mubawab_7851268,mubawab,0.6269,negative,0.3972,0.35,47.73,suspect,"['description_too_short', 'information_incomplete']",xlm_roberta_mdeberta_v1,
mubawab_7857008,mubawab,0.6269,negative,0.3972,0.35,47.73,suspect,"['description_too_short', 'information_incomplete']",xlm_roberta_mdeberta_v1,
mubawab_7851012,mubawab,0.6269,negative,0.3972,0.35,47.73,suspect,"['description_too_short', 'information_incomplete']",xlm_roberta_mdeberta_v1,
mubawab_7901510,mubawab,0.6269,negative,0.3972,0.35,47.73,suspect,"['description_too_short', 'information_incomplete']",xlm_roberta_mdeberta_v1,
mubawab_7886402,mubawab,0.6269,negative,0.3972,0.35,47.73,suspect,"['description_too_short', 'information_incomplete']",xlm_roberta_mdeberta_v1,
mubawab_7861550,mubawab,0.6269,negative,0.3972,0.35,47.73,suspect,"['description_too_short', 'information_incomplete']",xlm_roberta_mdeberta_v1,
mubawab_8078124,mubawab,0.6269,negative,0.3972,0.35,47.73,suspect,"['description_too_short', 'information_incomplete']",xlm_roberta_mdeberta_v1,
mubawab_7922102,mubawab,0.6269,negative,0.3972,0.35,47.73,suspect,"['description_too_short', 'information_incomplete']",xlm_roberta_mdeberta_v1,
mubawab_7901634,mubawab,0.6269,negative,0.3972,0.35,47.73,suspect,"['description_too_short', 'information_incomplete']",xlm_roberta_mdeberta_v1,
mubawab_7901519,mubawab,0.6269,negative,0.3972,0.35,47.73,suspect,"['description_too_short', 'information_incomplete']",xlm_roberta_mdeberta_v1,
mubawab_7904047,mubawab,0.6269,negative,0.3972,0.35,47.73,suspect,"['description_too_short', 'information_incomplete']",xlm_roberta_mdeberta_v1,
mubawab_7925509,mubawab,0.6269,negative,0.3972,0.35,47.73,suspect,"['description_too_short', 'information_incomplete']",xlm_roberta_mdeberta_v1,
mubawab_8198766,mubawab,0.6269,negative,0.3972,0.35,47.73,suspect,"['description_too_short', 'information_incomplete']",xlm_roberta_mdeberta_v1,
mubawab_8016259,mubawab,0.6269,negative,0.3972,0.35,47.73,suspect,"['description_too_short', 'information_incomplete']",xlm_roberta_mdeberta_v1,
mubawab_8078453,mubawab,0.6269,negative,0.3972,0.35,47.73,suspect,"['description_too_short', 'information_incomplete']",xlm_roberta_mdeberta_v1,
mubawab_8126691,mubawab,0.6269,negative,0.3972,0.35,47.73,suspect,"['description_too_short', 'information_incomplete']",xlm_roberta_mdeberta_v1,
mubawab_8130955,mubawab,0.6269,negative,0.3972,0.35,47.73,suspect,"['description_too_short', 'information_incomplete']",xlm_roberta_mdeberta_v1,
mubawab_8130938,mubawab,0.6269,negative,0.3972,0.35,47.73,suspect,"['description_too_short', 'information_incomplete']",xlm_roberta_mdeberta_v1,
mubawab_8134846,mubawab,0.6269,negative,0.3972,0.35,47.73,suspect,"['description_too_short', 'information_incomplete']",xlm_roberta_mdeberta_v1,
mubawab_8127940,mubawab,0.6269,negative,0.3972,0.35,47.73,suspect,"['description_too_short', 'information_incomplete']",xlm_roberta_mdeberta_v1,
mubawab_8130939,mubawab,0.6269,negative,0.3972,0.35,47.73,suspect,"['description_too_short', 'information_incomplete']",xlm_roberta_mdeberta_v1,
mubawab_8161889,mubawab,0.6269,negative,0.3972,0.35,47.73,suspect,"['description_too_short', 'information_incomplete']",xlm_roberta_mdeberta_v1,
mubawab_8140632,mubawab,0.6269,negative,0.3972,0.35,47.73,suspect,"['description_too_short', 'information_incomplete']",xlm_roberta_mdeberta_v1,
mubawab_8142188,mubawab,0.6269,negative,0.3972,0.35,47.73,suspect,"['description_too_short', 'information_incomplete']",xlm_roberta_mdeberta_v1,
newkey_123800,newkey,0.0,positive,0.3004,0.0,10.51,normal,[],xlm_roberta_mdeberta_v1,
mubawab_8147187,mubawab,0.6269,negative,0.3972,0.35,47.73,suspect,"['description_too_short', 'information_incomplete']",xlm_roberta_mdeberta_v1,
mubawab_8162885,mubawab,0.6269,negative,0.3972,0.35,47.73,suspect,"['description_too_short', 'information_incomplete']",xlm_roberta_mdeberta_v1,
mubawab_8163675,mubawab,0.6269,negative,0.3972,0.35,47.73,suspect,"['description_too_short', 'information_incomplete']",xlm_roberta_mdeberta_v1,
mubawab_8169129,mubawab,0.6269,negative,0.3972,0.35,47.73,suspect,"['description_too_short', 'information_incomplete']",xlm_roberta_mdeberta_v1,
mubawab_8165236,mubawab,0.6269,negative,0.3972,0.35,47.73,suspect,"['description_too_short', 'information_incomplete']",xlm_roberta_mdeberta_v1,
mubawab_8168321,mubawab,0.6269,negative,0.3972,0.35,47.73,suspect,"['description_too_short', 'information_incomplete']",xlm_roberta_mdeberta_v1,
newkey_113194,newkey,0.0,positive,0.2427,0.0,8.49,normal,[],xlm_roberta_mdeberta_v1,
mubawab_8164513,mubawab,0.6269,negative,0.3972,0.35,47.73,suspect,"['description_too_short', 'information_incomplete']",xlm_roberta_mdeberta_v1,
mubawab_8164228,mubawab,0.6269,negative,0.3972,0.35,47.73,suspect,"['description_too_short', 'information_incomplete']",xlm_roberta_mdeberta_v1,
mubawab_8167245,mubawab,0.6269,negative,0.3972,0.35,47.73,suspect,"['description_too_short', 'information_incomplete']",xlm_roberta_mdeberta_v1,
newkey_112712,newkey,0.0,positive,0.3485,0.75,30.95,suspect,"['urgency_detected', 'external_contact', 'no_images_suspicious']",xlm_roberta_mdeberta_v1,
mubawab_8176158,mubawab,0.6269,negative,0.3972,0.35,47.73,suspect,"['description_too_short', 'information_incomplete']",xlm_roberta_mdeberta_v1,
tunisieannonce_4417efe7fe6a,tunisieannonce,0.0,positive,0.337,0.55,25.55,suspect,"['urgency_detected', 'external_contact']",xlm_roberta_mdeberta_v1,
mubawab_8169406,mubawab,0.6269,negative,0.3972,0.35,47.73,suspect,"['description_too_short', 'information_incomplete']",xlm_roberta_mdeberta_v1,
newkey_113248,newkey,0.0,positive,0.3334,0.0,11.67,normal,[],xlm_roberta_mdeberta_v1,
mubawab_8171622,mubawab,0.6269,negative,0.3972,0.35,47.73,suspect,"['description_too_short', 'information_incomplete']",xlm_roberta_mdeberta_v1,
mubawab_8185172,mubawab,0.6269,negative,0.3972,0.35,47.73,suspect,"['description_too_short', 'information_incomplete']",xlm_roberta_mdeberta_v1,
mubawab_8181524,mubawab,0.6269,negative,0.3972,0.35,47.73,suspect,"['description_too_short', 'information_incomplete']",xlm_roberta_mdeberta_v1,
mubawab_8177919,mubawab,0.6269,negative,0.3972,0.35,47.73,suspect,"['description_too_short', 'information_incomplete']",xlm_roberta_mdeberta_v1,
mubawab_8211968,mubawab,0.6269,negative,0.3972,0.35,47.73,suspect,"['description_too_short', 'information_incomplete']",xlm_roberta_mdeberta_v1,
mubawab_8194985,mubawab,0.6269,negative,0.3972,0.35,47.73,suspect,"['description_too_short', 'information_incomplete']",xlm_roberta_mdeberta_v1,
mubawab_8214838,mubawab,0.6269,negative,0.3972,0.35,47.73,suspect,"['description_too_short', 'information_incomplete']",xlm_roberta_mdeberta_v1,
mubawab_8210272,mubawab,0.6269,negative,0.3972,0.35,47.73,suspect,"['description_too_short', 'information_incomplete']",xlm_roberta_mdeberta_v1,
tunisieannonce_0f5c4f2ab6c4,tunisieannonce,0.0,positive,0.4214,0.75,33.5,suspect,"['urgency_detected', 'external_contact', 'no_images_suspicious']",xlm_roberta_mdeberta_v1,
mubawab_8189475,mubawab,0.6269,negative,0.3972,0.35,47.73,suspect,"['description_too_short', 'information_incomplete']",xlm_roberta_mdeberta_v1,
mubawab_8189465,mubawab,0.6269,negative,0.3972,0.35,47.73,suspect,"['description_too_short', 'information_incomplete']",xlm_roberta_mdeberta_v1,
mubawab_8212588,mubawab,0.6269,negative,0.3972,0.35,47.73,suspect,"['description_too_short', 'information_incomplete']",xlm_roberta_mdeberta_v1,
mubawab_8219101,mubawab,0.6269,negative,0.3972,0.35,47.73,suspect,"['description_too_short', 'information_incomplete']",xlm_roberta_mdeberta_v1,
mubawab_8234718,mubawab,0.6269,negative,0.3972,0.35,47.73,suspect,"['description_too_short', 'information_incomplete']",xlm_roberta_mdeberta_v1,
mubawab_8223097,mubawab,0.6269,negative,0.3972,0.35,47.73,suspect,"['description_too_short', 'information_incomplete']",xlm_roberta_mdeberta_v1,
mubawab_8221236,mubawab,0.6269,negative,0.3972,0.35,47.73,suspect,"['description_too_short', 'information_incomplete']",xlm_roberta_mdeberta_v1,
newkey_113506,newkey,0.0,positive,0.2715,0.2,14.5,normal,['no_images_suspicious'],xlm_roberta_mdeberta_v1,
mubawab_8227631,mubawab,0.6269,negative,0.3972,0.35,47.73,suspect,"['description_too_short', 'information_incomplete']",xlm_roberta_mdeberta_v1,
mubawab_8230344,mubawab,0.6269,negative,0.3972,0.35,47.73,suspect,"['description_too_short', 'information_incomplete']",xlm_roberta_mdeberta_v1,
mubawab_8234831,mubawab,0.6269,negative,0.3972,0.35,47.73,suspect,"['description_too_short', 'information_incomplete']",xlm_roberta_mdeberta_v1,
mubawab_8234719,mubawab,0.6269,negative,0.3972,0.35,47.73,suspect,"['description_too_short', 'information_incomplete']",xlm_roberta_mdeberta_v1,
mubawab_8234976,mubawab,0.6269,negative,0.3972,0.35,47.73,suspect,"['description_too_short', 'information_incomplete']",xlm_roberta_mdeberta_v1,
mubawab_8239703,mubawab,0.6269,negative,0.3972,0.35,47.73,suspect,"['description_too_short', 'information_incomplete']",xlm_roberta_mdeberta_v1,
mubawab_8240198,mubawab,0.6269,negative,0.3972,0.35,47.73,suspect,"['description_too_short', 'information_incomplete']",xlm_roberta_mdeberta_v1,
mubawab_8240024,mubawab,0.6269,negative,0.3972,0.35,47.73,suspect,"['description_too_short', 'information_incomplete']",xlm_roberta_mdeberta_v1,
mubawab_8236731,mubawab,0.6269,negative,0.3972,0.35,47.73,suspect,"['description_too_short', 'information_incomplete']",xlm_roberta_mdeberta_v1,
tunisieannonce_0f947c03a4fb,tunisieannonce,0.0,positive,0.3175,0.55,24.86,suspect,"['urgency_detected', 'external_contact']",xlm_roberta_mdeberta_v1,
mubawab_8243638,mubawab,0.6269,negative,0.3972,0.35,47.73,suspect,"['description_too_short', 'information_incomplete']",xlm_roberta_mdeberta_v1,
mubawab_8242807,mubawab,0.6269,negative,0.3972,0.35,47.73,suspect,"['description_too_short', 'information_incomplete']",xlm_roberta_mdeberta_v1,
mubawab_8241301,mubawab,0.6269,negative,0.3972,0.35,47.73,suspect,"['description_too_short', 'information_incomplete']",xlm_roberta_mdeberta_v1,
mubawab_8240411,mubawab,0.6269,negative,0.3972,0.35,47.73,suspect,"['description_too_short', 'information_incomplete']",xlm_roberta_mdeberta_v1,
mubawab_8242327,mubawab,0.6269,negative,0.3972,0.35,47.73,suspect,"['description_too_short', 'information_incomplete']",xlm_roberta_mdeberta_v1,
mubawab_8240199,mubawab,0.6269,negative,0.3972,0.35,47.73,suspect,"['description_too_short', 'information_incomplete']",xlm_roberta_mdeberta_v1,
mubawab_8240435,mubawab,0.6269,negative,0.3972,0.35,47.73,suspect,"['description_too_short', 'information_incomplete']",xlm_roberta_mdeberta_v1,
mubawab_8243905,mubawab,0.6269,negative,0.3972,0.35,47.73,suspect,"['description_too_short', 'information_incomplete']",xlm_roberta_mdeberta_v1,
mubawab_8259445,mubawab,0.6269,negative,0.3972,0.35,47.73,suspect,"['description_too_short', 'information_incomplete']",xlm_roberta_mdeberta_v1,
mubawab_8248301,mubawab,0.6269,negative,0.3972,0.35,47.73,suspect,"['description_too_short', 'information_incomplete']",xlm_roberta_mdeberta_v1,
mubawab_8246532,mubawab,0.6269,negative,0.3972,0.35,47.73,suspect,"['description_too_short', 'information_incomplete']",xlm_roberta_mdeberta_v1,
mubawab_8244666,mubawab,0.6269,negative,0.3972,0.35,47.73,suspect,"['description_too_short', 'information_incomplete']",xlm_roberta_mdeberta_v1,
mubawab_8245872,mubawab,0.6269,negative,0.3972,0.35,47.73,suspect,"['description_too_short', 'information_incomplete']",xlm_roberta_mdeberta_v1,
newkey_123804,newkey,0.0,positive,0.3626,0.2,17.69,normal,['no_images_suspicious'],xlm_roberta_mdeberta_v1,
mubawab_8246599,mubawab,0.6269,negative,0.3972,0.35,47.73,suspect,"['description_too_short', 'information_incomplete']",xlm_roberta_mdeberta_v1,
mubawab_8251203,mubawab,0.6269,negative,0.3972,0.35,47.73,suspect,"['description_too_short', 'information_incomplete']",xlm_roberta_mdeberta_v1,
mubawab_8257777,mubawab,0.6269,negative,0.3972,0.35,47.73,suspect,"['description_too_short', 'information_incomplete']",xlm_roberta_mdeberta_v1,
mubawab_8252918,mubawab,0.6269,negative,0.3972,0.35,47.73,suspect,"['description_too_short', 'information_incomplete']",xlm_roberta_mdeberta_v1,
mubawab_8252989,mubawab,0.6269,negative,0.3972,0.35,47.73,suspect,"['description_too_short', 'information_incomplete']",xlm_roberta_mdeberta_v1,
mubawab_8254026,mubawab,0.6269,negative,0.3972,0.35,47.73,suspect,"['description_too_short', 'information_incomplete']",xlm_roberta_mdeberta_v1,
mubawab_8293135,mubawab,0.6269,negative,0.3972,0.35,47.73,suspect,"['description_too_short', 'information_incomplete']",xlm_roberta_mdeberta_v1,
mubawab_8253718,mubawab,0.6269,negative,0.3972,0.35,47.73,suspect,"['description_too_short', 'information_incomplete']",xlm_roberta_mdeberta_v1,
mubawab_8251845,mubawab,0.6269,negative,0.3972,0.35,47.73,suspect,"['description_too_short', 'information_incomplete']",xlm_roberta_mdeberta_v1,
mubawab_8267884,mubawab,0.6269,negative,0.3972,0.35,47.73,suspect,"['description_too_short', 'information_incomplete']",xlm_roberta_mdeberta_v1,
tunisieannonce_0f6ea9ea0ffa,tunisieannonce,0.1894,negative,0.4169,0.45,33.42,suspect,"['external_contact', 'no_images_suspicious']",xlm_roberta_mdeberta_v1,
mubawab_8266226,mubawab,0.6269,negative,0.3972,0.35,47.73,suspect,"['description_too_short', 'information_incomplete']",xlm_roberta_mdeberta_v1,
mubawab_8268309,mubawab,0.6269,negative,0.3972,0.35,47.73,suspect,"['description_too_short', 'information_incomplete']",xlm_roberta_mdeberta_v1,
mubawab_8267431,mubawab,0.6269,negative,0.3972,0.35,47.73,suspect,"['description_too_short', 'information_incomplete']",xlm_roberta_mdeberta_v1,
mubawab_8296374,mubawab,0.6269,negative,0.3972,0.35,47.73,suspect,"['description_too_short', 'information_incomplete']",xlm_roberta_mdeberta_v1,
mubawab_8266388,mubawab,0.6269,negative,0.3972,0.35,47.73,suspect,"['description_too_short', 'information_incomplete']",xlm_roberta_mdeberta_v1,
tunisieannonce_1089b6168c79,tunisieannonce,0.0,positive,0.3679,0.0,12.88,normal,[],xlm_roberta_mdeberta_v1,
mubawab_8266350,mubawab,0.6269,negative,0.3972,0.35,47.73,suspect,"['description_too_short', 'information_incomplete']",xlm_roberta_mdeberta_v1,
mubawab_8274100,mubawab,0.6269,negative,0.3972,0.35,47.73,suspect,"['description_too_short', 'information_incomplete']",xlm_roberta_mdeberta_v1,
mubawab_8273443,mubawab,0.6269,negative,0.3972,0.35,47.73,suspect,"['description_too_short', 'information_incomplete']",xlm_roberta_mdeberta_v1,
mubawab_8275424,mubawab,0.6269,negative,0.3972,0.35,47.73,suspect,"['description_too_short', 'information_incomplete']",xlm_roberta_mdeberta_v1,
mubawab_8269526,mubawab,0.6269,negative,0.3972,0.35,47.73,suspect,"['description_too_short', 'information_incomplete']",xlm_roberta_mdeberta_v1,
mubawab_8271033,mubawab,0.6269,negative,0.3972,0.35,47.73,suspect,"['description_too_short', 'information_incomplete']",xlm_roberta_mdeberta_v1,
mubawab_8268954,mubawab,0.6269,negative,0.3972,0.35,47.73,suspect,"['description_too_short', 'information_incomplete']",xlm_roberta_mdeberta_v1,
mubawab_8276594,mubawab,0.6269,negative,0.3972,0.35,47.73,suspect,"['description_too_short', 'information_incomplete']",xlm_roberta_mdeberta_v1,
mubawab_8278630,mubawab,0.6269,negative,0.3972,0.35,47.73,suspect,"['description_too_short', 'information_incomplete']",xlm_roberta_mdeberta_v1,
mubawab_8276279,mubawab,0.6269,negative,0.3972,0.35,47.73,suspect,"['description_too_short', 'information_incomplete']",xlm_roberta_mdeberta_v1,
mubawab_8281298,mubawab,0.6269,negative,0.3972,0.35,47.73,suspect,"['description_too_short', 'information_incomplete']",xlm_roberta_mdeberta_v1,
mubawab_8293337,mubawab,0.6269,negative,0.3972,0.35,47.73,suspect,"['description_too_short', 'information_incomplete']",xlm_roberta_mdeberta_v1,
mubawab_8280515,mubawab,0.6269,negative,0.3972,0.35,47.73,suspect,"['description_too_short', 'information_incomplete']",xlm_roberta_mdeberta_v1,
mubawab_8278425,mubawab,0.6269,negative,0.3972,0.35,47.73,suspect,"['description_too_short', 'information_incomplete']",xlm_roberta_mdeberta_v1,
mubawab_8276629,mubawab,0.6269,negative,0.3972,0.35,47.73,suspect,"['description_too_short', 'information_incomplete']",xlm_roberta_mdeberta_v1,
tunisieannonce_1057803f323a,tunisieannonce,0.0,positive,0.3745,0.2,18.11,normal,['no_images_suspicious'],xlm_roberta_mdeberta_v1,
mubawab_8285053,mubawab,0.6269,negative,0.3972,0.35,47.73,suspect,"['description_too_short', 'information_incomplete']",xlm_roberta_mdeberta_v1,
mubawab_8281300,mubawab,0.6269,negative,0.3972,0.35,47.73,suspect,"['description_too_short', 'information_incomplete']",xlm_roberta_mdeberta_v1,
mubawab_8284291,mubawab,0.6269,negative,0.3972,0.35,47.73,suspect,"['description_too_short', 'information_incomplete']",xlm_roberta_mdeberta_v1,
newkey_124158,newkey,0.0854,neutral,0.3639,0.0,16.15,normal,[],xlm_roberta_mdeberta_v1,
mubawab_8283549,mubawab,0.6269,negative,0.3972,0.35,47.73,suspect,"['description_too_short', 'information_incomplete']",xlm_roberta_mdeberta_v1,
mubawab_8283565,mubawab,0.6269,negative,0.3972,0.35,47.73,suspect,"['description_too_short', 'information_incomplete']",xlm_roberta_mdeberta_v1,
mubawab_8286234,mubawab,0.6269,negative,0.3972,0.35,47.73,suspect,"['description_too_short', 'information_incomplete']",xlm_roberta_mdeberta_v1,
mubawab_8287385,mubawab,0.6269,negative,0.3972,0.35,47.73,suspect,"['description_too_short', 'information_incomplete']",xlm_roberta_mdeberta_v1,
newkey_114343,newkey,0.0,positive,0.3844,0.0,13.45,normal,[],xlm_roberta_mdeberta_v1,
mubawab_8288452,mubawab,0.6269,negative,0.3972,0.35,47.73,suspect,"['description_too_short', 'information_incomplete']",xlm_roberta_mdeberta_v1,
mubawab_8287934,mubawab,0.6269,negative,0.3972,0.35,47.73,suspect,"['description_too_short', 'information_incomplete']",xlm_roberta_mdeberta_v1,
mubawab_8287930,mubawab,0.6269,negative,0.3972,0.35,47.73,suspect,"['description_too_short', 'information_incomplete']",xlm_roberta_mdeberta_v1,
newkey_124448,newkey,0.0,positive,0.3651,0.0,12.78,normal,[],xlm_roberta_mdeberta_v1,
mubawab_8291059,mubawab,0.6269,negative,0.3972,0.35,47.73,suspect,"['description_too_short', 'information_incomplete']",xlm_roberta_mdeberta_v1,
mubawab_8291063,mubawab,0.6269,negative,0.3972,0.35,47.73,suspect,"['description_too_short', 'information_incomplete']",xlm_roberta_mdeberta_v1,
mubawab_8289614,mubawab,0.6269,negative,0.3972,0.35,47.73,suspect,"['description_too_short', 'information_incomplete']",xlm_roberta_mdeberta_v1,
mubawab_8287932,mubawab,0.6269,negative,0.3972,0.35,47.73,suspect,"['description_too_short', 'information_incomplete']",xlm_roberta_mdeberta_v1,
mubawab_8297021,mubawab,0.6269,negative,0.3972,0.35,47.73,suspect,"['description_too_short', 'information_incomplete']",xlm_roberta_mdeberta_v1,
mubawab_8296227,mubawab,0.6269,negative,0.3972,0.35,47.73,suspect,"['description_too_short', 'information_incomplete']",xlm_roberta_mdeberta_v1,
mubawab_8293385,mubawab,0.6269,negative,0.3972,0.35,47.73,suspect,"['description_too_short', 'information_incomplete']",xlm_roberta_mdeberta_v1,
mubawab_8296565,mubawab,0.6269,negative,0.3972,0.35,47.73,suspect,"['description_too_short', 'information_incomplete']",xlm_roberta_mdeberta_v1,
mubawab_8299021,mubawab,0.6269,negative,0.3972,0.35,47.73,suspect,"['description_too_short', 'information_incomplete']",xlm_roberta_mdeberta_v1,
mubawab_8297701,mubawab,0.6269,negative,0.3972,0.35,47.73,suspect,"['description_too_short', 'information_incomplete']",xlm_roberta_mdeberta_v1,
mubawab_8298903,mubawab,0.6269,negative,0.3972,0.35,47.73,suspect,"['description_too_short', 'information_incomplete']",xlm_roberta_mdeberta_v1,
mubawab_8300153,mubawab,0.6269,negative,0.3972,0.35,47.73,suspect,"['description_too_short', 'information_incomplete']",xlm_roberta_mdeberta_v1,
mubawab_8300185,mubawab,0.6269,negative,0.3972,0.35,47.73,suspect,"['description_too_short', 'information_incomplete']",xlm_roberta_mdeberta_v1,
newkey_114426,newkey,0.0,positive,0.3202,0.0,11.21,normal,[],xlm_roberta_mdeberta_v1,
mubawab_8299323,mubawab,0.6269,negative,0.3972,0.35,47.73,suspect,"['description_too_short', 'information_incomplete']",xlm_roberta_mdeberta_v1,
mubawab_8298590,mubawab,0.6269,negative,0.3972,0.35,47.73,suspect,"['description_too_short', 'information_incomplete']",xlm_roberta_mdeberta_v1,
mubawab_8300844,mubawab,0.6269,negative,0.3972,0.35,47.73,suspect,"['description_too_short', 'information_incomplete']",xlm_roberta_mdeberta_v1,
mubawab_8300418,mubawab,0.6269,negative,0.3972,0.35,47.73,suspect,"['description_too_short', 'information_incomplete']",xlm_roberta_mdeberta_v1,
newkey_118549,newkey,0.0,positive,0.3486,0.2,17.2,normal,['no_images_suspicious'],xlm_roberta_mdeberta_v1,
mubawab_8301707,mubawab,0.6269,negative,0.3972,0.35,47.73,suspect,"['description_too_short', 'information_incomplete']",xlm_roberta_mdeberta_v1,
mubawab_8301345,mubawab,0.6269,negative,0.3972,0.35,47.73,suspect,"['description_too_short', 'information_incomplete']",xlm_roberta_mdeberta_v1,
mubawab_8301141,mubawab,0.6269,negative,0.3972,0.35,47.73,suspect,"['description_too_short', 'information_incomplete']",xlm_roberta_mdeberta_v1,
newkey_115365,newkey,0.0,positive,0.3375,0.2,16.81,normal,['no_images_suspicious'],xlm_roberta_mdeberta_v1,
mubawab_8300448,mubawab,0.6269,negative,0.3972,0.35,47.73,suspect,"['description_too_short', 'information_incomplete']",xlm_roberta_mdeberta_v1,
mubawab_8304623,mubawab,0.6269,negative,0.3972,0.35,47.73,suspect,"['description_too_short', 'information_incomplete']",xlm_roberta_mdeberta_v1,
tunisieannonce_104b143e6900,tunisieannonce,0.0,positive,0.3852,0.0,13.48,normal,[],xlm_roberta_mdeberta_v1,
mubawab_8302707,mubawab,0.6269,negative,0.3972,0.35,47.73,suspect,"['description_too_short', 'information_incomplete']",xlm_roberta_mdeberta_v1,
mubawab_8302394,mubawab,0.6269,negative,0.3972,0.35,47.73,suspect,"['description_too_short', 'information_incomplete']",xlm_roberta_mdeberta_v1,
mubawab_8304052,mubawab,0.6269,negative,0.3972,0.35,47.73,suspect,"['description_too_short', 'information_incomplete']",xlm_roberta_mdeberta_v1,
mubawab_8301780,mubawab,0.6269,negative,0.3972,0.35,47.73,suspect,"['description_too_short', 'information_incomplete']",xlm_roberta_mdeberta_v1,
mubawab_8302514,mubawab,0.6269,negative,0.3972,0.35,47.73,suspect,"['description_too_short', 'information_incomplete']",xlm_roberta_mdeberta_v1,
mubawab_8302433,mubawab,0.6269,negative,0.3972,0.35,47.73,suspect,"['description_too_short', 'information_incomplete']",xlm_roberta_mdeberta_v1,
mubawab_8306211,mubawab,0.6269,negative,0.3972,0.35,47.73,suspect,"['description_too_short', 'information_incomplete']",xlm_roberta_mdeberta_v1,
mubawab_8306166,mubawab,0.6269,negative,0.3972,0.35,47.73,suspect,"['description_too_short', 'information_incomplete']",xlm_roberta_mdeberta_v1,
mubawab_8304873,mubawab,0.6269,negative,0.3972,0.35,47.73,suspect,"['description_too_short', 'information_incomplete']",xlm_roberta_mdeberta_v1,
mubawab_8305946,mubawab,0.6269,negative,0.3972,0.35,47.73,suspect,"['description_too_short', 'information_incomplete']",xlm_roberta_mdeberta_v1,
mubawab_8304928,mubawab,0.6269,negative,0.3972,0.35,47.73,suspect,"['description_too_short', 'information_incomplete']",xlm_roberta_mdeberta_v1,
mubawab_8305633,mubawab,0.6269,negative,0.3972,0.35,47.73,suspect,"['description_too_short', 'information_incomplete']",xlm_roberta_mdeberta_v1,
newkey_118038,newkey,0.0,positive,0.3502,0.2,17.26,normal,['no_images_suspicious'],xlm_roberta_mdeberta_v1,
mubawab_8304959,mubawab,0.6269,negative,0.3972,0.35,47.73,suspect,"['description_too_short', 'information_incomplete']",xlm_roberta_mdeberta_v1,
mubawab_8305537,mubawab,0.6269,negative,0.3972,0.35,47.73,suspect,"['description_too_short', 'information_incomplete']",xlm_roberta_mdeberta_v1,
mubawab_8306292,mubawab,0.6269,negative,0.3972,0.35,47.73,suspect,"['description_too_short', 'information_incomplete']",xlm_roberta_mdeberta_v1,
mubawab_8307439,mubawab,0.6269,negative,0.3972,0.35,47.73,suspect,"['description_too_short', 'information_incomplete']",xlm_roberta_mdeberta_v1,
mubawab_8307853,mubawab,0.6269,negative,0.3972,0.35,47.73,suspect,"['description_too_short', 'information_incomplete']",xlm_roberta_mdeberta_v1,
mubawab_8306337,mubawab,0.6269,negative,0.3972,0.35,47.73,suspect,"['description_too_short', 'information_incomplete']",xlm_roberta_mdeberta_v1,
mubawab_8307885,mubawab,0.6269,negative,0.3972,0.35,47.73,suspect,"['description_too_short', 'information_incomplete']",xlm_roberta_mdeberta_v1,
mubawab_8307443,mubawab,0.6269,negative,0.3972,0.35,47.73,suspect,"['description_too_short', 'information_incomplete']",xlm_roberta_mdeberta_v1,
mubawab_8308827,mubawab,0.6269,negative,0.3972,0.35,47.73,suspect,"['description_too_short', 'information_incomplete']",xlm_roberta_mdeberta_v1,
mubawab_8308249,mubawab,0.6269,negative,0.3972,0.35,47.73,suspect,"['description_too_short', 'information_incomplete']",xlm_roberta_mdeberta_v1,
mubawab_8308831,mubawab,0.6269,negative,0.3972,0.35,47.73,suspect,"['description_too_short', 'information_incomplete']",xlm_roberta_mdeberta_v1,
mubawab_8311350,mubawab,0.6269,negative,0.3972,0.35,47.73,suspect,"['description_too_short', 'information_incomplete']",xlm_roberta_mdeberta_v1,
mubawab_8309594,mubawab,0.6269,negative,0.3972,0.35,47.73,suspect,"['description_too_short', 'information_incomplete']",xlm_roberta_mdeberta_v1,
tunisieannonce_105c1d87f56d,tunisieannonce,0.0,positive,0.3452,0.5,24.58,suspect,"['urgency_detected', 'no_images_suspicious']",xlm_roberta_mdeberta_v1,
mubawab_8312039,mubawab,0.6269,negative,0.3972,0.35,47.73,suspect,"['description_too_short', 'information_incomplete']",xlm_roberta_mdeberta_v1,
mubawab_8311658,mubawab,0.6269,negative,0.3972,0.35,47.73,suspect,"['description_too_short', 'information_incomplete']",xlm_roberta_mdeberta_v1,
mubawab_8311862,mubawab,0.6269,negative,0.3972,0.35,47.73,suspect,"['description_too_short', 'information_incomplete']",xlm_roberta_mdeberta_v1,
mubawab_8311825,mubawab,0.6269,negative,0.3972,0.35,47.73,suspect,"['description_too_short', 'information_incomplete']",xlm_roberta_mdeberta_v1,
newkey_120905,newkey,0.0,positive,0.3326,0.0,11.64,normal,[],xlm_roberta_mdeberta_v1,
mubawab_8311728,mubawab,0.6269,negative,0.3972,0.35,47.73,suspect,"['description_too_short', 'information_incomplete']",xlm_roberta_mdeberta_v1,
tunisieannonce_1025f07c4d95,tunisieannonce,0.0,positive,0.3526,0.0,12.34,normal,[],xlm_roberta_mdeberta_v1,
mubawab_8311716,mubawab,0.6269,negative,0.3972,0.35,47.73,suspect,"['description_too_short', 'information_incomplete']",xlm_roberta_mdeberta_v1,
mubawab_8311356,mubawab,0.6269,negative,0.3972,0.35,47.73,suspect,"['description_too_short', 'information_incomplete']",xlm_roberta_mdeberta_v1,
newkey_128921,newkey,0.0,positive,0.3429,0.25,18.25,normal,['external_contact'],xlm_roberta_mdeberta_v1,
mubawab_8312759,mubawab,0.6269,negative,0.3972,0.35,47.73,suspect,"['description_too_short', 'information_incomplete']",xlm_roberta_mdeberta_v1,
mubawab_8312698,mubawab,0.6269,negative,0.3972,0.35,47.73,suspect,"['description_too_short', 'information_incomplete']",xlm_roberta_mdeberta_v1,
mubawab_8312659,mubawab,0.6269,negative,0.3972,0.35,47.73,suspect,"['description_too_short', 'information_incomplete']",xlm_roberta_mdeberta_v1,
mubawab_8312748,mubawab,0.6269,negative,0.3972,0.35,47.73,suspect,"['description_too_short', 'information_incomplete']",xlm_roberta_mdeberta_v1,
mubawab_8312666,mubawab,0.6269,negative,0.3972,0.35,47.73,suspect,"['description_too_short', 'information_incomplete']",xlm_roberta_mdeberta_v1,
mubawab_8312162,mubawab,0.6269,negative,0.3972,0.35,47.73,suspect,"['description_too_short', 'information_incomplete']",xlm_roberta_mdeberta_v1,
newkey_120857,newkey,0.0,positive,0.2865,0.0,10.03,normal,[],xlm_roberta_mdeberta_v1,
tunisieannonce_8ce4efbdcfc0,tunisieannonce,0.2899,negative,0.304,0.45,33.49,suspect,"['vague_description', 'no_images_suspicious']",xlm_roberta_mdeberta_v1,
mubawab_8312771,mubawab,0.6269,negative,0.3972,0.35,47.73,suspect,"['description_too_short', 'information_incomplete']",xlm_roberta_mdeberta_v1,
mubawab_8314566,mubawab,0.6269,negative,0.3972,0.35,47.73,suspect,"['description_too_short', 'information_incomplete']",xlm_roberta_mdeberta_v1,
mubawab_8315352,mubawab,0.6269,negative,0.3972,0.35,47.73,suspect,"['description_too_short', 'information_incomplete']",xlm_roberta_mdeberta_v1,
newkey_121593,newkey,0.0,positive,0.3224,0.2,16.28,normal,['no_images_suspicious'],xlm_roberta_mdeberta_v1,
mubawab_8316021,mubawab,0.6269,negative,0.3972,0.35,47.73,suspect,"['description_too_short', 'information_incomplete']",xlm_roberta_mdeberta_v1,
newkey_124890,newkey,0.0,positive,0.3401,0.0,11.9,normal,[],xlm_roberta_mdeberta_v1,
mubawab_8316018,mubawab,0.6269,negative,0.3972,0.35,47.73,suspect,"['description_too_short', 'information_incomplete']",xlm_roberta_mdeberta_v1,
mubawab_8315694,mubawab,0.6269,negative,0.3972,0.35,47.73,suspect,"['description_too_short', 'information_incomplete']",xlm_roberta_mdeberta_v1,
mubawab_8314868,mubawab,0.6269,negative,0.3972,0.35,47.73,suspect,"['description_too_short', 'information_incomplete']",xlm_roberta_mdeberta_v1,
mubawab_8316856,mubawab,0.6269,negative,0.3972,0.35,47.73,suspect,"['description_too_short', 'information_incomplete']",xlm_roberta_mdeberta_v1,
tunisieannonce_10caa8390bb7,tunisieannonce,0.0,positive,0.3217,0.55,25.01,suspect,"['urgency_detected', 'external_contact']",xlm_roberta_mdeberta_v1,
mubawab_8317546,mubawab,0.6269,negative,0.3972,0.35,47.73,suspect,"['description_too_short', 'information_incomplete']",xlm_roberta_mdeberta_v1,
newkey_124735,newkey,0.0,positive,0.2935,0.25,16.52,normal,['external_contact'],xlm_roberta_mdeberta_v1,
mubawab_8317559,mubawab,0.6269,negative,0.3972,0.35,47.73,suspect,"['description_too_short', 'information_incomplete']",xlm_roberta_mdeberta_v1,
mubawab_8317905,mubawab,0.6269,negative,0.3972,0.35,47.73,suspect,"['description_too_short', 'information_incomplete']",xlm_roberta_mdeberta_v1,
mubawab_8316549,mubawab,0.6269,negative,0.3972,0.35,47.73,suspect,"['description_too_short', 'information_incomplete']",xlm_roberta_mdeberta_v1,
tunisieannonce_10ca50d82497,tunisieannonce,0.396,negative,0.3274,0.0,27.3,suspect,[],xlm_roberta_mdeberta_v1,
mubawab_8319823,mubawab,0.6269,negative,0.3972,0.35,47.73,suspect,"['description_too_short', 'information_incomplete']",xlm_roberta_mdeberta_v1,
mubawab_8319826,mubawab,0.6269,negative,0.3972,0.35,47.73,suspect,"['description_too_short', 'information_incomplete']",xlm_roberta_mdeberta_v1,
newkey_121769,newkey,0.0,positive,0.3638,0.2,17.73,normal,['no_images_suspicious'],xlm_roberta_mdeberta_v1,
mubawab_8319917,mubawab,0.6269,negative,0.3972,0.35,47.73,suspect,"['description_too_short', 'information_incomplete']",xlm_roberta_mdeberta_v1,
mubawab_8318365,mubawab,0.6269,negative,0.3972,0.35,47.73,suspect,"['description_too_short', 'information_incomplete']",xlm_roberta_mdeberta_v1,
mubawab_8319907,mubawab,0.6269,negative,0.3972,0.35,47.73,suspect,"['description_too_short', 'information_incomplete']",xlm_roberta_mdeberta_v1,
mubawab_8320363,mubawab,0.6269,negative,0.3972,0.35,47.73,suspect,"['description_too_short', 'information_incomplete']",xlm_roberta_mdeberta_v1,
mubawab_8320235,mubawab,0.6269,negative,0.3972,0.35,47.73,suspect,"['description_too_short', 'information_incomplete']",xlm_roberta_mdeberta_v1,
mubawab_8320379,mubawab,0.6269,negative,0.3972,0.35,47.73,suspect,"['description_too_short', 'information_incomplete']",xlm_roberta_mdeberta_v1,
mubawab_8320303,mubawab,0.6269,negative,0.3972,0.35,47.73,suspect,"['description_too_short', 'information_incomplete']",xlm_roberta_mdeberta_v1,
mubawab_8320365,mubawab,0.6269,negative,0.3972,0.35,47.73,suspect,"['description_too_short', 'information_incomplete']",xlm_roberta_mdeberta_v1,
mubawab_8320359,mubawab,0.6269,negative,0.3972,0.35,47.73,suspect,"['description_too_short', 'information_incomplete']",xlm_roberta_mdeberta_v1,
newkey_121819,newkey,0.0,positive,0.3864,0.2,18.52,normal,['no_images_suspicious'],xlm_roberta_mdeberta_v1,
mubawab_8320730,mubawab,0.6269,negative,0.3972,0.35,47.73,suspect,"['description_too_short', 'information_incomplete']",xlm_roberta_mdeberta_v1,
mubawab_8320813,mubawab,0.6269,negative,0.3972,0.35,47.73,suspect,"['description_too_short', 'information_incomplete']",xlm_roberta_mdeberta_v1,
mubawab_8320769,mubawab,0.6269,negative,0.3972,0.35,47.73,suspect,"['description_too_short', 'information_incomplete']",xlm_roberta_mdeberta_v1,
mubawab_8320921,mubawab,0.6269,negative,0.3972,0.35,47.73,suspect,"['description_too_short', 'information_incomplete']",xlm_roberta_mdeberta_v1,
mubawab_8320871,mubawab,0.6269,negative,0.3972,0.35,47.73,suspect,"['description_too_short', 'information_incomplete']",xlm_roberta_mdeberta_v1,
mubawab_8320839,mubawab,0.6269,negative,0.3972,0.35,47.73,suspect,"['description_too_short', 'information_incomplete']",xlm_roberta_mdeberta_v1,
newkey_121438,newkey,0.0,positive,0.3386,0.2,16.85,normal,['no_images_suspicious'],xlm_roberta_mdeberta_v1,
mubawab_8320966,mubawab,0.6269,negative,0.3972,0.35,47.73,suspect,"['description_too_short', 'information_incomplete']",xlm_roberta_mdeberta_v1,
mubawab_8321541,mubawab,0.6269,negative,0.3972,0.35,47.73,suspect,"['description_too_short', 'information_incomplete']",xlm_roberta_mdeberta_v1,
mubawab_8320973,mubawab,0.6269,negative,0.3972,0.35,47.73,suspect,"['description_too_short', 'information_incomplete']",xlm_roberta_mdeberta_v1,
tunisieannonce_3986f5f63996,tunisieannonce,0.4066,negative,0.4097,0.0,30.6,suspect,[],xlm_roberta_mdeberta_v1,
mubawab_8321344,mubawab,0.6269,negative,0.3972,0.35,47.73,suspect,"['description_too_short', 'information_incomplete']",xlm_roberta_mdeberta_v1,
newkey_115396,newkey,0.0,positive,0.3473,0.2,17.16,normal,['no_images_suspicious'],xlm_roberta_mdeberta_v1,
mubawab_8321173,mubawab,0.6269,negative,0.3972,0.35,47.73,suspect,"['description_too_short', 'information_incomplete']",xlm_roberta_mdeberta_v1,
mubawab_8321040,mubawab,0.6269,negative,0.3972,0.35,47.73,suspect,"['description_too_short', 'information_incomplete']",xlm_roberta_mdeberta_v1,
mubawab_8321666,mubawab,0.6269,negative,0.3972,0.35,47.73,suspect,"['description_too_short', 'information_incomplete']",xlm_roberta_mdeberta_v1,
mubawab_8321730,mubawab,0.6269,negative,0.3972,0.35,47.73,suspect,"['description_too_short', 'information_incomplete']",xlm_roberta_mdeberta_v1,
mubawab_8321732,mubawab,0.6269,negative,0.3972,0.35,47.73,suspect,"['description_too_short', 'information_incomplete']",xlm_roberta_mdeberta_v1,
mubawab_8321593,mubawab,0.6269,negative,0.3972,0.35,47.73,suspect,"['description_too_short', 'information_incomplete']",xlm_roberta_mdeberta_v1,
mubawab_8321634,mubawab,0.6269,negative,0.3972,0.35,47.73,suspect,"['description_too_short', 'information_incomplete']",xlm_roberta_mdeberta_v1,
mubawab_8321735,mubawab,0.6269,negative,0.3972,0.35,47.73,suspect,"['description_too_short', 'information_incomplete']",xlm_roberta_mdeberta_v1,
mubawab_8321930,mubawab,0.6269,negative,0.3972,0.35,47.73,suspect,"['description_too_short', 'information_incomplete']",xlm_roberta_mdeberta_v1,
newkey_122217,newkey,0.0,positive,0.3366,0.2,16.78,normal,['no_images_suspicious'],xlm_roberta_mdeberta_v1,
tunisieannonce_10da5f231851,tunisieannonce,0.0,positive,0.3597,0.0,12.59,normal,[],xlm_roberta_mdeberta_v1,
mubawab_8321787,mubawab,0.6269,negative,0.3972,0.35,47.73,suspect,"['description_too_short', 'information_incomplete']",xlm_roberta_mdeberta_v1,
mubawab_8321738,mubawab,0.6269,negative,0.3972,0.35,47.73,suspect,"['description_too_short', 'information_incomplete']",xlm_roberta_mdeberta_v1,
mubawab_8321747,mubawab,0.6269,negative,0.3972,0.35,47.73,suspect,"['description_too_short', 'information_incomplete']",xlm_roberta_mdeberta_v1,
tunisieannonce_2f26015b23e6,tunisieannonce,0.0,positive,0.2655,0.0,9.29,normal,[],xlm_roberta_mdeberta_v1,
mubawab_8321758,mubawab,0.6269,negative,0.3972,0.35,47.73,suspect,"['description_too_short', 'information_incomplete']",xlm_roberta_mdeberta_v1,
mubawab_8321871,mubawab,0.6269,negative,0.3972,0.35,47.73,suspect,"['description_too_short', 'information_incomplete']",xlm_roberta_mdeberta_v1,
newkey_124757,newkey,0.0,positive,0.3452,0.0,12.08,normal,[],xlm_roberta_mdeberta_v1,
mubawab_8322135,mubawab,0.6269,negative,0.3972,0.35,47.73,suspect,"['description_too_short', 'information_incomplete']",xlm_roberta_mdeberta_v1,
mubawab_8322178,mubawab,0.6269,negative,0.3972,0.35,47.73,suspect,"['description_too_short', 'information_incomplete']",xlm_roberta_mdeberta_v1,
mubawab_8322156,mubawab,0.6269,negative,0.3972,0.35,47.73,suspect,"['description_too_short', 'information_incomplete']",xlm_roberta_mdeberta_v1,
mubawab_8322193,mubawab,0.6269,negative,0.3972,0.35,47.73,suspect,"['description_too_short', 'information_incomplete']",xlm_roberta_mdeberta_v1,
mubawab_8322130,mubawab,0.6269,negative,0.3972,0.35,47.73,suspect,"['description_too_short', 'information_incomplete']",xlm_roberta_mdeberta_v1,
tunisieannonce_3628475c999a,tunisieannonce,0.0,positive,0.3401,0.2,16.9,normal,['no_images_suspicious'],xlm_roberta_mdeberta_v1,
mubawab_8322134,mubawab,0.6269,negative,0.3972,0.35,47.73,suspect,"['description_too_short', 'information_incomplete']",xlm_roberta_mdeberta_v1,
mubawab_8322128,mubawab,0.6269,negative,0.3972,0.35,47.73,suspect,"['description_too_short', 'information_incomplete']",xlm_roberta_mdeberta_v1,
mubawab_8322004,mubawab,0.6269,negative,0.3972,0.35,47.73,suspect,"['description_too_short', 'information_incomplete']",xlm_roberta_mdeberta_v1,
newkey_124918,newkey,0.0,positive,0.3531,0.25,18.61,normal,['external_contact'],xlm_roberta_mdeberta_v1,
mubawab_8322256,mubawab,0.6269,negative,0.3972,0.35,47.73,suspect,"['description_too_short', 'information_incomplete']",xlm_roberta_mdeberta_v1,
mubawab_8322544,mubawab,0.6269,negative,0.3972,0.35,47.73,suspect,"['description_too_short', 'information_incomplete']",xlm_roberta_mdeberta_v1,
mubawab_8323844,mubawab,0.6269,negative,0.3972,0.35,47.73,suspect,"['description_too_short', 'information_incomplete']",xlm_roberta_mdeberta_v1,
mubawab_8322557,mubawab,0.6269,negative,0.3972,0.35,47.73,suspect,"['description_too_short', 'information_incomplete']",xlm_roberta_mdeberta_v1,
mubawab_8322635,mubawab,0.6269,negative,0.3972,0.35,47.73,suspect,"['description_too_short', 'information_incomplete']",xlm_roberta_mdeberta_v1,
tunisieannonce_10a924a36ad8,tunisieannonce,0.0,positive,0.3106,0.25,17.12,normal,['external_contact'],xlm_roberta_mdeberta_v1,
mubawab_8322888,mubawab,0.6269,negative,0.3972,0.35,47.73,suspect,"['description_too_short', 'information_incomplete']",xlm_roberta_mdeberta_v1,
mubawab_8323815,mubawab,0.6269,negative,0.3972,0.35,47.73,suspect,"['description_too_short', 'information_incomplete']",xlm_roberta_mdeberta_v1,
mubawab_8324974,mubawab,0.6269,negative,0.3972,0.35,47.73,suspect,"['description_too_short', 'information_incomplete']",xlm_roberta_mdeberta_v1,
mubawab_8325117,mubawab,0.6269,negative,0.3972,0.35,47.73,suspect,"['description_too_short', 'information_incomplete']",xlm_roberta_mdeberta_v1,
newkey_122277,newkey,0.0,positive,0.3505,0.2,17.27,normal,['no_images_suspicious'],xlm_roberta_mdeberta_v1,
mubawab_8325641,mubawab,0.6269,negative,0.3972,0.35,47.73,suspect,"['description_too_short', 'information_incomplete']",xlm_roberta_mdeberta_v1,
mubawab_8325044,mubawab,0.6269,negative,0.3972,0.35,47.73,suspect,"['description_too_short', 'information_incomplete']",xlm_roberta_mdeberta_v1,
mubawab_8325105,mubawab,0.6269,negative,0.3972,0.35,47.73,suspect,"['description_too_short', 'information_incomplete']",xlm_roberta_mdeberta_v1,
newkey_114592,newkey,0.0,positive,0.3711,0.2,17.99,normal,['no_images_suspicious'],xlm_roberta_mdeberta_v1,
mubawab_8327402,mubawab,0.6269,negative,0.3972,0.35,47.73,suspect,"['description_too_short', 'information_incomplete']",xlm_roberta_mdeberta_v1,
newkey_101421,newkey,0.0,positive,0.3108,0.2,15.88,normal,['no_images_suspicious'],xlm_roberta_mdeberta_v1,
mubawab_8327297,mubawab,0.6269,negative,0.3972,0.35,47.73,suspect,"['description_too_short', 'information_incomplete']",xlm_roberta_mdeberta_v1,
tunisieannonce_36c54e2dccdd,tunisieannonce,0.2531,negative,0.3167,0.25,27.46,suspect,['external_contact'],xlm_roberta_mdeberta_v1,
mubawab_8326245,mubawab,0.6269,negative,0.3972,0.35,47.73,suspect,"['description_too_short', 'information_incomplete']",xlm_roberta_mdeberta_v1,
mubawab_8327272,mubawab,0.6269,negative,0.3972,0.35,47.73,suspect,"['description_too_short', 'information_incomplete']",xlm_roberta_mdeberta_v1,
mubawab_8326669,mubawab,0.6269,negative,0.3972,0.35,47.73,suspect,"['description_too_short', 'information_incomplete']",xlm_roberta_mdeberta_v1,
newkey_112566,newkey,0.0,positive,0.3313,0.0,11.6,normal,[],xlm_roberta_mdeberta_v1,
newkey_112673,newkey,0.0,positive,0.2773,0.2,14.71,normal,['no_images_suspicious'],xlm_roberta_mdeberta_v1,
newkey_106974,newkey,0.0,positive,0.4073,0.2,19.26,normal,['no_images_suspicious'],xlm_roberta_mdeberta_v1,
newkey_103023,newkey,0.0,positive,0.3348,0.0,11.72,normal,[],xlm_roberta_mdeberta_v1,
newkey_104163,newkey,0.0,positive,0.3982,0.0,13.94,normal,[],xlm_roberta_mdeberta_v1,
newkey_112688,newkey,0.0,positive,0.4146,0.0,14.51,normal,[],xlm_roberta_mdeberta_v1,
tunisieannonce_44332b065e9e,tunisieannonce,0.5395,negative,0.3421,0.2,38.55,suspect,['no_images_suspicious'],xlm_roberta_mdeberta_v1,
newkey_112596,newkey,0.0,positive,0.3293,0.0,11.53,normal,[],xlm_roberta_mdeberta_v1,
tunisieannonce_3c3a09a2341b,tunisieannonce,0.0,positive,0.2945,0.2,15.31,normal,['no_images_suspicious'],xlm_roberta_mdeberta_v1,
newkey_113637,newkey,0.0,positive,0.3469,0.0,12.14,normal,[],xlm_roberta_mdeberta_v1,
newkey_113192,newkey,0.0,positive,0.3146,0.0,11.01,normal,[],xlm_roberta_mdeberta_v1,
newkey_112699,newkey,0.0,positive,0.3274,0.0,11.46,normal,[],xlm_roberta_mdeberta_v1,
newkey_112696,newkey,0.0,positive,0.2957,0.0,10.35,normal,[],xlm_roberta_mdeberta_v1,
newkey_115151,newkey,0.0,positive,0.3428,0.2,17.0,normal,['no_images_suspicious'],xlm_roberta_mdeberta_v1,
newkey_114374,newkey,0.0,positive,0.3185,0.0,11.15,normal,[],xlm_roberta_mdeberta_v1,
newkey_114284,newkey,0.0,positive,0.336,0.2,16.76,normal,['no_images_suspicious'],xlm_roberta_mdeberta_v1,
newkey_113642,newkey,0.0,positive,0.3626,0.0,12.69,normal,[],xlm_roberta_mdeberta_v1,
newkey_114164,newkey,0.0,positive,0.3227,0.45,22.54,suspect,"['external_contact', 'no_images_suspicious']",xlm_roberta_mdeberta_v1,
newkey_116282,newkey,0.0,positive,0.3506,0.0,12.27,normal,[],xlm_roberta_mdeberta_v1,
newkey_115067,newkey,0.0,positive,0.334,0.2,16.69,normal,['no_images_suspicious'],xlm_roberta_mdeberta_v1,
newkey_114754,newkey,0.0,positive,0.3272,0.2,16.45,normal,['no_images_suspicious'],xlm_roberta_mdeberta_v1,
newkey_114586,newkey,0.0,positive,0.338,0.2,16.83,normal,['no_images_suspicious'],xlm_roberta_mdeberta_v1,
newkey_116350,newkey,0.0,positive,0.3594,0.2,17.58,normal,['no_images_suspicious'],xlm_roberta_mdeberta_v1,
newkey_116449,newkey,0.0,positive,0.3605,0.0,12.62,normal,[],xlm_roberta_mdeberta_v1,
newkey_116436,newkey,0.0,positive,0.3489,0.0,12.21,normal,[],xlm_roberta_mdeberta_v1,
newkey_124851,newkey,0.0,positive,0.3108,0.0,10.88,normal,[],xlm_roberta_mdeberta_v1,
newkey_115928,newkey,0.0,positive,0.3599,0.0,12.6,normal,[],xlm_roberta_mdeberta_v1,
newkey_116356,newkey,0.0,positive,0.2664,0.0,9.32,normal,[],xlm_roberta_mdeberta_v1,
newkey_117484,newkey,0.0,positive,0.3822,0.2,18.38,normal,['no_images_suspicious'],xlm_roberta_mdeberta_v1,
newkey_118531,newkey,0.0,positive,0.381,0.0,13.33,normal,[],xlm_roberta_mdeberta_v1,
newkey_117418,newkey,0.0,positive,0.3592,0.0,12.57,normal,[],xlm_roberta_mdeberta_v1,
newkey_117970,newkey,0.0,positive,0.3734,0.2,18.07,normal,['no_images_suspicious'],xlm_roberta_mdeberta_v1,
newkey_118534,newkey,0.0,positive,0.3621,0.0,12.67,normal,[],xlm_roberta_mdeberta_v1,
newkey_119629,newkey,0.0,positive,0.3047,0.2,15.66,normal,['no_images_suspicious'],xlm_roberta_mdeberta_v1,
newkey_120186,newkey,0.0,positive,0.2817,0.0,9.86,normal,[],xlm_roberta_mdeberta_v1,
newkey_120147,newkey,0.0,positive,0.351,0.2,17.29,normal,['no_images_suspicious'],xlm_roberta_mdeberta_v1,
newkey_121980,newkey,0.0,positive,0.2849,0.0,9.97,normal,[],xlm_roberta_mdeberta_v1,
newkey_119690,newkey,0.0,positive,0.3044,0.2,15.65,normal,['no_images_suspicious'],xlm_roberta_mdeberta_v1,
newkey_119886,newkey,0.0,positive,0.3066,0.3,18.23,normal,['urgency_detected'],xlm_roberta_mdeberta_v1,
newkey_119867,newkey,0.0,positive,0.3264,0.2,16.42,normal,['no_images_suspicious'],xlm_roberta_mdeberta_v1,
newkey_120410,newkey,0.0,positive,0.2861,0.2,15.01,normal,['no_images_suspicious'],xlm_roberta_mdeberta_v1,
newkey_120480,newkey,0.0,positive,0.413,0.0,14.45,normal,[],xlm_roberta_mdeberta_v1,
newkey_120899,newkey,0.0,positive,0.3111,0.2,15.89,normal,['no_images_suspicious'],xlm_roberta_mdeberta_v1,
newkey_120349,newkey,0.0,positive,0.3542,0.0,12.4,normal,[],xlm_roberta_mdeberta_v1,
newkey_121127,newkey,0.0,positive,0.3108,0.0,10.88,normal,[],xlm_roberta_mdeberta_v1,
newkey_120230,newkey,0.0,positive,0.4025,0.0,14.09,normal,[],xlm_roberta_mdeberta_v1,
newkey_121130,newkey,0.0,positive,0.3377,0.0,11.82,normal,[],xlm_roberta_mdeberta_v1,
newkey_121561,newkey,0.0,positive,0.429,0.2,20.02,normal,['no_images_suspicious'],xlm_roberta_mdeberta_v1,
newkey_121821,newkey,0.0,positive,0.3407,0.2,16.92,normal,['no_images_suspicious'],xlm_roberta_mdeberta_v1,
newkey_121527,newkey,0.0,positive,0.3269,0.0,11.44,normal,[],xlm_roberta_mdeberta_v1,
newkey_121656,newkey,0.0,positive,0.3285,0.0,11.5,normal,[],xlm_roberta_mdeberta_v1,
newkey_122018,newkey,0.0,positive,0.3999,0.2,19.0,normal,['no_images_suspicious'],xlm_roberta_mdeberta_v1,
newkey_122229,newkey,0.0,positive,0.2819,0.0,9.87,normal,[],xlm_roberta_mdeberta_v1,
newkey_122398,newkey,0.0,positive,0.309,0.2,15.82,normal,['no_images_suspicious'],xlm_roberta_mdeberta_v1,
newkey_122903,newkey,0.0,positive,0.2562,0.0,8.97,normal,[],xlm_roberta_mdeberta_v1,
newkey_122694,newkey,0.0,positive,0.3051,0.2,15.68,normal,['no_images_suspicious'],xlm_roberta_mdeberta_v1,
newkey_122897,newkey,0.0,positive,0.2977,0.0,10.42,normal,[],xlm_roberta_mdeberta_v1,
newkey_122799,newkey,0.0,positive,0.3671,0.0,12.85,normal,[],xlm_roberta_mdeberta_v1,
newkey_122835,newkey,0.0,positive,0.323,0.45,22.55,suspect,"['external_contact', 'no_images_suspicious']",xlm_roberta_mdeberta_v1,
newkey_122564,newkey,0.0,positive,0.3455,0.2,17.09,normal,['no_images_suspicious'],xlm_roberta_mdeberta_v1,
newkey_122831,newkey,0.0,positive,0.3302,0.0,11.56,normal,[],xlm_roberta_mdeberta_v1,
newkey_123127,newkey,0.0,positive,0.36,0.0,12.6,normal,[],xlm_roberta_mdeberta_v1,
newkey_123100,newkey,0.0,positive,0.3404,0.0,11.91,normal,[],xlm_roberta_mdeberta_v1,
newkey_123111,newkey,0.0,positive,0.355,0.0,12.42,normal,[],xlm_roberta_mdeberta_v1,
newkey_123092,newkey,0.0,positive,0.3272,0.45,22.7,suspect,"['external_contact', 'no_images_suspicious']",xlm_roberta_mdeberta_v1,
newkey_123113,newkey,0.0,positive,0.3684,0.0,12.89,normal,[],xlm_roberta_mdeberta_v1,
newkey_123269,newkey,0.0,positive,0.3156,0.0,11.05,normal,[],xlm_roberta_mdeberta_v1,
newkey_123115,newkey,0.0,positive,0.3741,0.0,13.09,normal,[],xlm_roberta_mdeberta_v1,
newkey_122978,newkey,0.0,positive,0.3111,0.0,10.89,normal,[],xlm_roberta_mdeberta_v1,
newkey_123220,newkey,0.0,positive,0.3969,0.2,18.89,normal,['no_images_suspicious'],xlm_roberta_mdeberta_v1,
newkey_123403,newkey,0.0,positive,0.3331,0.0,11.66,normal,[],xlm_roberta_mdeberta_v1,
newkey_123398,newkey,0.0,positive,0.3035,0.0,10.62,normal,[],xlm_roberta_mdeberta_v1,
newkey_123191,newkey,0.0921,neutral,0.3587,0.2,21.24,suspect,['no_images_suspicious'],xlm_roberta_mdeberta_v1,
newkey_123423,newkey,0.0,positive,0.3315,0.25,17.85,normal,['external_contact'],xlm_roberta_mdeberta_v1,
newkey_123529,newkey,0.0,positive,0.3155,0.25,17.29,normal,['external_contact'],xlm_roberta_mdeberta_v1,
newkey_123564,newkey,0.0,positive,0.2863,0.0,10.02,normal,[],xlm_roberta_mdeberta_v1,
newkey_123566,newkey,0.0,positive,0.2742,0.0,9.6,normal,[],xlm_roberta_mdeberta_v1,
newkey_123524,newkey,0.0,positive,0.3027,0.0,10.59,normal,[],xlm_roberta_mdeberta_v1,
newkey_123445,newkey,0.0,positive,0.3587,0.0,12.55,normal,[],xlm_roberta_mdeberta_v1,
newkey_123408,newkey,0.0,positive,0.2538,0.0,8.88,normal,[],xlm_roberta_mdeberta_v1,
newkey_123567,newkey,0.0,positive,0.3433,0.0,12.02,normal,[],xlm_roberta_mdeberta_v1,
newkey_123626,newkey,0.0,positive,0.3389,0.0,11.86,normal,[],xlm_roberta_mdeberta_v1,
tunisieannonce_0b22a3129925,tunisieannonce,0.0,positive,0.3253,0.25,17.64,normal,['external_contact'],xlm_roberta_mdeberta_v1,
newkey_123794,newkey,0.0,positive,0.2652,0.0,9.28,normal,[],xlm_roberta_mdeberta_v1,
newkey_123621,newkey,0.0,positive,0.3556,0.0,12.45,normal,[],xlm_roberta_mdeberta_v1,
newkey_123639,newkey,0.0,positive,0.3126,0.0,10.94,normal,[],xlm_roberta_mdeberta_v1,
newkey_123862,newkey,0.0,positive,0.3099,0.0,10.85,normal,[],xlm_roberta_mdeberta_v1,
newkey_124029,newkey,0.0,positive,0.3947,0.0,13.81,normal,[],xlm_roberta_mdeberta_v1,
newkey_123992,newkey,0.0,positive,0.3218,0.0,11.26,normal,[],xlm_roberta_mdeberta_v1,
newkey_123960,newkey,0.0,positive,0.3453,0.2,17.09,normal,['no_images_suspicious'],xlm_roberta_mdeberta_v1,
newkey_124047,newkey,0.0,positive,0.4236,0.2,19.83,normal,['no_images_suspicious'],xlm_roberta_mdeberta_v1,
newkey_124027,newkey,0.0,positive,0.3591,0.2,17.57,normal,['no_images_suspicious'],xlm_roberta_mdeberta_v1,
newkey_124048,newkey,0.0,positive,0.2972,0.2,15.4,normal,['no_images_suspicious'],xlm_roberta_mdeberta_v1,
newkey_123954,newkey,0.0,positive,0.3729,0.5,25.55,suspect,"['urgency_detected', 'no_images_suspicious']",xlm_roberta_mdeberta_v1,
tunisieannonce_07d21c505e6e,tunisieannonce,0.0,positive,0.3373,0.2,16.81,normal,['no_images_suspicious'],xlm_roberta_mdeberta_v1,
newkey_123953,newkey,0.0,positive,0.3726,0.25,19.29,normal,['external_contact'],xlm_roberta_mdeberta_v1,
newkey_124138,newkey,0.0,positive,0.3507,0.0,12.27,normal,[],xlm_roberta_mdeberta_v1,
newkey_124117,newkey,0.0,positive,0.2895,0.2,15.13,normal,['no_images_suspicious'],xlm_roberta_mdeberta_v1,
newkey_124051,newkey,0.0,positive,0.3229,0.0,11.3,normal,[],xlm_roberta_mdeberta_v1,
newkey_124112,newkey,0.0,positive,0.3663,0.0,12.82,normal,[],xlm_roberta_mdeberta_v1,
newkey_124149,newkey,0.0,positive,0.3293,0.0,11.53,normal,[],xlm_roberta_mdeberta_v1,
newkey_124108,newkey,0.0,positive,0.3571,0.0,12.5,normal,[],xlm_roberta_mdeberta_v1,
newkey_124059,newkey,0.0,positive,0.335,0.2,16.73,normal,['no_images_suspicious'],xlm_roberta_mdeberta_v1,
newkey_124049,newkey,0.0,positive,0.3798,0.2,18.29,normal,['no_images_suspicious'],xlm_roberta_mdeberta_v1,
newkey_124542,newkey,0.0,positive,0.3361,0.0,11.76,normal,[],xlm_roberta_mdeberta_v1,
newkey_124172,newkey,0.0,positive,0.3424,0.0,11.98,normal,[],xlm_roberta_mdeberta_v1,
newkey_124359,newkey,0.0,positive,0.2991,0.0,10.47,normal,[],xlm_roberta_mdeberta_v1,
newkey_124545,newkey,0.0,positive,0.3382,0.0,11.84,normal,[],xlm_roberta_mdeberta_v1,
newkey_124373,newkey,0.0,positive,0.3911,0.0,13.69,normal,[],xlm_roberta_mdeberta_v1,
newkey_124562,newkey,0.0664,neutral,0.4284,0.45,28.9,suspect,"['external_contact', 'no_images_suspicious']",xlm_roberta_mdeberta_v1,
newkey_124730,newkey,0.0,positive,0.3321,0.0,11.62,normal,[],xlm_roberta_mdeberta_v1,
newkey_124683,newkey,0.0,positive,0.2868,0.0,10.04,normal,[],xlm_roberta_mdeberta_v1,
newkey_124623,newkey,0.0,positive,0.4011,0.2,19.04,normal,['no_images_suspicious'],xlm_roberta_mdeberta_v1,
newkey_124587,newkey,0.0,positive,0.3505,0.0,12.27,normal,[],xlm_roberta_mdeberta_v1,
newkey_124905,newkey,0.0,positive,0.2861,0.0,10.01,normal,[],xlm_roberta_mdeberta_v1,
newkey_124657,newkey,0.0,positive,0.3195,0.25,17.43,normal,['external_contact'],xlm_roberta_mdeberta_v1,
newkey_124559,newkey,0.0,positive,0.4115,0.0,14.4,normal,[],xlm_roberta_mdeberta_v1,
newkey_124665,newkey,0.0,positive,0.3505,0.0,12.27,normal,[],xlm_roberta_mdeberta_v1,
newkey_124741,newkey,0.0802,neutral,0.3656,0.25,22.25,suspect,['external_contact'],xlm_roberta_mdeberta_v1,
newkey_124863,newkey,0.0,positive,0.277,0.0,9.7,normal,[],xlm_roberta_mdeberta_v1,
newkey_124766,newkey,0.0,positive,0.3336,0.0,11.68,normal,[],xlm_roberta_mdeberta_v1,
newkey_124768,newkey,0.0,positive,0.2524,0.2,13.83,normal,['no_images_suspicious'],xlm_roberta_mdeberta_v1,
newkey_124743,newkey,0.0,positive,0.2451,0.2,13.58,normal,['no_images_suspicious'],xlm_roberta_mdeberta_v1,
newkey_124742,newkey,0.0,positive,0.3499,0.0,12.25,normal,[],xlm_roberta_mdeberta_v1,
newkey_124936,newkey,0.0,positive,0.3427,0.2,16.99,normal,['no_images_suspicious'],xlm_roberta_mdeberta_v1,
newkey_125025,newkey,0.0,positive,0.3329,0.25,17.9,normal,['external_contact'],xlm_roberta_mdeberta_v1,
newkey_124951,newkey,0.0,positive,0.314,0.0,10.99,normal,[],xlm_roberta_mdeberta_v1,
newkey_124968,newkey,0.0,positive,0.3574,0.0,12.51,normal,[],xlm_roberta_mdeberta_v1,
newkey_125093,newkey,0.0,positive,0.3122,0.0,10.93,normal,[],xlm_roberta_mdeberta_v1,
newkey_125117,newkey,0.0,positive,0.3914,0.0,13.7,normal,[],xlm_roberta_mdeberta_v1,
newkey_125037,newkey,0.0,positive,0.3311,0.2,16.59,normal,['no_images_suspicious'],xlm_roberta_mdeberta_v1,
newkey_127700,newkey,0.0,positive,0.3326,0.0,11.64,normal,[],xlm_roberta_mdeberta_v1,
newkey_127704,newkey,0.0,positive,0.3203,0.2,16.21,normal,['no_images_suspicious'],xlm_roberta_mdeberta_v1,
newkey_127707,newkey,0.0,positive,0.305,0.0,10.67,normal,[],xlm_roberta_mdeberta_v1,
newkey_127866,newkey,0.0,positive,0.3144,0.2,16.0,normal,['no_images_suspicious'],xlm_roberta_mdeberta_v1,
newkey_127752,newkey,0.0,positive,0.338,0.0,11.83,normal,[],xlm_roberta_mdeberta_v1,
newkey_127779,newkey,0.0,positive,0.3394,0.0,11.88,normal,[],xlm_roberta_mdeberta_v1,
newkey_127869,newkey,0.0,positive,0.0753,0.2,7.64,normal,['no_images_suspicious'],xlm_roberta_mdeberta_v1,
newkey_127870,newkey,0.0,positive,0.2323,0.0,8.13,normal,[],xlm_roberta_mdeberta_v1,
newkey_127778,newkey,0.0,positive,0.351,0.0,12.28,normal,[],xlm_roberta_mdeberta_v1,
newkey_128037,newkey,0.0,positive,0.2869,0.2,15.04,normal,['no_images_suspicious'],xlm_roberta_mdeberta_v1,
newkey_127895,newkey,0.0,positive,0.3423,0.25,18.23,normal,['external_contact'],xlm_roberta_mdeberta_v1,
newkey_127952,newkey,0.0,positive,0.3172,0.0,11.1,normal,[],xlm_roberta_mdeberta_v1,
newkey_127868,newkey,0.0,positive,0.3139,0.2,15.99,normal,['no_images_suspicious'],xlm_roberta_mdeberta_v1,
newkey_128187,newkey,0.0,positive,0.3324,0.0,11.63,normal,[],xlm_roberta_mdeberta_v1,
newkey_128134,newkey,0.0,positive,0.3124,0.25,17.18,normal,['external_contact'],xlm_roberta_mdeberta_v1,
newkey_128096,newkey,0.0,positive,0.3075,0.0,10.76,normal,[],xlm_roberta_mdeberta_v1,
newkey_128002,newkey,0.0,positive,0.3172,0.0,11.1,normal,[],xlm_roberta_mdeberta_v1,
newkey_128133,newkey,0.0,positive,0.3256,0.0,11.4,normal,[],xlm_roberta_mdeberta_v1,
newkey_128097,newkey,0.0,positive,0.279,0.0,9.77,normal,[],xlm_roberta_mdeberta_v1,
newkey_127981,newkey,0.0,positive,0.3469,0.0,12.14,normal,[],xlm_roberta_mdeberta_v1,
newkey_128486,newkey,0.0,positive,0.3326,0.0,11.64,normal,[],xlm_roberta_mdeberta_v1,
newkey_128307,newkey,0.0,positive,0.2042,0.0,7.15,normal,[],xlm_roberta_mdeberta_v1,
newkey_128204,newkey,0.0,positive,0.2913,0.0,10.2,normal,[],xlm_roberta_mdeberta_v1,
newkey_128521,newkey,0.0,positive,0.2911,0.0,10.19,normal,[],xlm_roberta_mdeberta_v1,
newkey_128670,newkey,0.0,positive,0.3682,0.0,12.89,normal,[],xlm_roberta_mdeberta_v1,
newkey_128646,newkey,0.0,positive,0.328,0.2,16.48,normal,['no_images_suspicious'],xlm_roberta_mdeberta_v1,
newkey_128666,newkey,0.0,positive,0.342,0.25,18.22,normal,['external_contact'],xlm_roberta_mdeberta_v1,
newkey_128624,newkey,0.0,positive,0.3114,0.25,17.15,normal,['external_contact'],xlm_roberta_mdeberta_v1,
newkey_128545,newkey,0.0,positive,0.3375,0.0,11.81,normal,[],xlm_roberta_mdeberta_v1,
newkey_129123,newkey,0.0,positive,0.2772,0.0,9.7,normal,[],xlm_roberta_mdeberta_v1,
newkey_129011,newkey,0.0,positive,0.3026,0.2,15.59,normal,['no_images_suspicious'],xlm_roberta_mdeberta_v1,
newkey_128919,newkey,0.0,positive,0.3254,0.25,17.64,normal,['external_contact'],xlm_roberta_mdeberta_v1,
newkey_129055,newkey,0.0,positive,0.263,0.2,14.21,normal,['no_images_suspicious'],xlm_roberta_mdeberta_v1,
newkey_128906,newkey,0.0,positive,0.3292,0.0,11.52,normal,[],xlm_roberta_mdeberta_v1,
tunisieannonce_10df09937a99,tunisieannonce,0.0,positive,0.3283,0.55,25.24,suspect,"['urgency_detected', 'external_contact']",xlm_roberta_mdeberta_v1,
newkey_128977,newkey,0.0,positive,0.3237,0.25,17.58,normal,['external_contact'],xlm_roberta_mdeberta_v1,
newkey_129173,newkey,0.0,positive,0.32,0.0,11.2,normal,[],xlm_roberta_mdeberta_v1,
newkey_129152,newkey,0.0,positive,0.2594,0.2,14.08,normal,['no_images_suspicious'],xlm_roberta_mdeberta_v1,
newkey_129231,newkey,0.0,positive,0.291,0.2,15.18,normal,['no_images_suspicious'],xlm_roberta_mdeberta_v1,
newkey_129182,newkey,0.0,positive,0.3657,0.0,12.8,normal,[],xlm_roberta_mdeberta_v1,
newkey_129211,newkey,0.0,positive,0.3659,0.0,12.81,normal,[],xlm_roberta_mdeberta_v1,
newkey_129221,newkey,0.0,positive,0.3215,0.0,11.25,normal,[],xlm_roberta_mdeberta_v1,
newkey_129232,newkey,0.0,positive,0.4043,0.2,19.15,normal,['no_images_suspicious'],xlm_roberta_mdeberta_v1,
newkey_129246,newkey,0.0,positive,0.2446,0.0,8.56,normal,[],xlm_roberta_mdeberta_v1,
newkey_129377,newkey,0.0,positive,0.2043,0.0,7.15,normal,[],xlm_roberta_mdeberta_v1,
newkey_129301,newkey,0.0,positive,0.3701,0.0,12.95,normal,[],xlm_roberta_mdeberta_v1,
newkey_129349,newkey,0.0,positive,0.3046,0.25,16.91,normal,['external_contact'],xlm_roberta_mdeberta_v1,
newkey_129408,newkey,0.0,positive,0.3265,0.0,11.43,normal,[],xlm_roberta_mdeberta_v1,
tunisieannonce_0b2f19989bcf,tunisieannonce,0.0792,neutral,0.3357,0.0,14.92,normal,[],xlm_roberta_mdeberta_v1,
newkey_129334,newkey,0.0,positive,0.3129,0.2,15.95,normal,['no_images_suspicious'],xlm_roberta_mdeberta_v1,
newkey_129335,newkey,0.0,positive,0.2965,0.0,10.38,normal,[],xlm_roberta_mdeberta_v1,
newkey_129337,newkey,0.0,positive,0.2841,0.0,9.94,normal,[],xlm_roberta_mdeberta_v1,
newkey_129409,newkey,0.0,positive,0.3058,0.2,15.7,normal,['no_images_suspicious'],xlm_roberta_mdeberta_v1,
newkey_129576,newkey,0.0,positive,0.279,0.25,16.02,normal,['external_contact'],xlm_roberta_mdeberta_v1,
newkey_129686,newkey,0.0,positive,0.3051,0.0,10.68,normal,[],xlm_roberta_mdeberta_v1,
newkey_129704,newkey,0.0,positive,0.3188,0.0,11.16,normal,[],xlm_roberta_mdeberta_v1,
newkey_129653,newkey,0.0,positive,0.3573,0.45,23.76,suspect,"['external_contact', 'no_images_suspicious']",xlm_roberta_mdeberta_v1,
newkey_129656,newkey,0.0,positive,0.3181,0.25,17.38,normal,['external_contact'],xlm_roberta_mdeberta_v1,
newkey_129608,newkey,0.0,positive,0.3946,0.25,20.06,normal,['external_contact'],xlm_roberta_mdeberta_v1,
newkey_129726,newkey,0.0,positive,0.3512,0.2,17.29,normal,['no_images_suspicious'],xlm_roberta_mdeberta_v1,
newkey_129730,newkey,0.0,positive,0.2743,0.0,9.6,normal,[],xlm_roberta_mdeberta_v1,
newkey_129917,newkey,0.0,positive,0.2938,0.0,10.28,normal,[],xlm_roberta_mdeberta_v1,
newkey_129734,newkey,0.0,positive,0.2816,0.25,16.11,normal,['external_contact'],xlm_roberta_mdeberta_v1,
newkey_129729,newkey,0.0,positive,0.2791,0.0,9.77,normal,[],xlm_roberta_mdeberta_v1,
newkey_129741,newkey,0.0,positive,0.2913,0.25,16.45,normal,['external_contact'],xlm_roberta_mdeberta_v1,
newkey_130174,newkey,0.0,positive,0.345,0.0,12.07,normal,[],xlm_roberta_mdeberta_v1,
newkey_129987,newkey,0.0,positive,0.3725,0.0,13.04,normal,[],xlm_roberta_mdeberta_v1,
newkey_129977,newkey,0.0,positive,0.3391,0.2,16.87,normal,['no_images_suspicious'],xlm_roberta_mdeberta_v1,
newkey_130027,newkey,0.0,positive,0.3306,0.0,11.57,normal,[],xlm_roberta_mdeberta_v1,
newkey_129872,newkey,0.0,positive,0.3341,0.0,11.69,normal,[],xlm_roberta_mdeberta_v1,
newkey_129926,newkey,0.0,positive,0.3335,0.0,11.67,normal,[],xlm_roberta_mdeberta_v1,
newkey_129869,newkey,0.0,positive,0.2456,0.2,13.6,normal,['no_images_suspicious'],xlm_roberta_mdeberta_v1,
newkey_130157,newkey,0.0,positive,0.331,0.25,17.84,normal,['external_contact'],xlm_roberta_mdeberta_v1,
newkey_130098,newkey,0.0,positive,0.3639,0.0,12.74,normal,[],xlm_roberta_mdeberta_v1,
newkey_130153,newkey,0.0,positive,0.3157,0.0,11.05,normal,[],xlm_roberta_mdeberta_v1,
tunisieannonce_0b5ceabe48b0,tunisieannonce,0.0,positive,0.3537,0.45,23.63,suspect,"['external_contact', 'no_images_suspicious']",xlm_roberta_mdeberta_v1,
newkey_130159,newkey,0.0,positive,0.3602,0.0,12.61,normal,[],xlm_roberta_mdeberta_v1,
newkey_130160,newkey,0.0,positive,0.3276,0.0,11.47,normal,[],xlm_roberta_mdeberta_v1,
newkey_130077,newkey,0.0,positive,0.3276,0.0,11.47,normal,[],xlm_roberta_mdeberta_v1,
newkey_130136,newkey,0.0,positive,0.3292,0.0,11.52,normal,[],xlm_roberta_mdeberta_v1,
newkey_130156,newkey,0.0,positive,0.3185,0.2,16.15,normal,['no_images_suspicious'],xlm_roberta_mdeberta_v1,
newkey_130181,newkey,0.0,positive,0.3346,0.0,11.71,normal,[],xlm_roberta_mdeberta_v1,
newkey_130395,newkey,0.0,positive,0.2593,0.0,9.08,normal,[],xlm_roberta_mdeberta_v1,
newkey_130322,newkey,0.0,positive,0.3096,0.0,10.84,normal,[],xlm_roberta_mdeberta_v1,
newkey_130171,newkey,0.0,positive,0.3049,0.2,15.67,normal,['no_images_suspicious'],xlm_roberta_mdeberta_v1,
newkey_130399,newkey,0.0,positive,0.3584,0.0,12.54,normal,[],xlm_roberta_mdeberta_v1,
newkey_130191,newkey,0.0,positive,0.343,0.2,17.0,normal,['no_images_suspicious'],xlm_roberta_mdeberta_v1,
newkey_130466,newkey,0.0,positive,0.3644,0.0,12.75,normal,[],xlm_roberta_mdeberta_v1,
newkey_130467,newkey,0.0,positive,0.3004,0.2,15.51,normal,['no_images_suspicious'],xlm_roberta_mdeberta_v1,
newkey_130447,newkey,0.0,positive,0.248,0.0,8.68,normal,[],xlm_roberta_mdeberta_v1,
newkey_130454,newkey,0.0,positive,0.3555,0.0,12.44,normal,[],xlm_roberta_mdeberta_v1,
newkey_130442,newkey,0.0,positive,0.3194,0.25,17.43,normal,['external_contact'],xlm_roberta_mdeberta_v1,
newkey_130433,newkey,0.0,positive,0.3188,0.25,17.41,normal,['external_contact'],xlm_roberta_mdeberta_v1,
newkey_130439,newkey,0.0,positive,0.3227,0.25,17.54,normal,['external_contact'],xlm_roberta_mdeberta_v1,
newkey_130526,newkey,0.0,positive,0.2799,0.0,9.8,normal,[],xlm_roberta_mdeberta_v1,
tunisieannonce_8cb4c774edbf,tunisieannonce,0.0851,neutral,0.3144,0.2,19.41,normal,['no_images_suspicious'],xlm_roberta_mdeberta_v1,
newkey_130600,newkey,0.0,positive,0.3571,0.2,17.5,normal,['no_images_suspicious'],xlm_roberta_mdeberta_v1,
newkey_130603,newkey,0.0,positive,0.3505,0.0,12.27,normal,[],xlm_roberta_mdeberta_v1,
newkey_130640,newkey,0.0,positive,0.3161,0.0,11.06,normal,[],xlm_roberta_mdeberta_v1,
newkey_130515,newkey,0.0,positive,0.3405,0.0,11.92,normal,[],xlm_roberta_mdeberta_v1,
newkey_130577,newkey,0.0,positive,0.3486,0.0,12.2,normal,[],xlm_roberta_mdeberta_v1,
newkey_130868,newkey,0.0,positive,0.2906,0.2,15.17,normal,['no_images_suspicious'],xlm_roberta_mdeberta_v1,
newkey_95276,newkey,0.0,positive,0.3765,0.0,13.18,normal,[],xlm_roberta_mdeberta_v1,
tunisieannonce_0b120cd33729,tunisieannonce,0.0,positive,0.3323,0.25,17.88,normal,['external_contact'],xlm_roberta_mdeberta_v1,
newkey_131038,newkey,0.0,positive,0.3928,0.0,13.75,normal,[],xlm_roberta_mdeberta_v1,
tunisieannonce_446935f3cf13,tunisieannonce,0.0,positive,0.3739,0.2,18.09,normal,['no_images_suspicious'],xlm_roberta_mdeberta_v1,
newkey_131067,newkey,0.0,positive,0.3375,0.2,16.81,normal,['no_images_suspicious'],xlm_roberta_mdeberta_v1,
newkey_131042,newkey,0.0,positive,0.281,0.0,9.84,normal,[],xlm_roberta_mdeberta_v1,
newkey_130985,newkey,0.0,positive,0.329,0.25,17.77,normal,['external_contact'],xlm_roberta_mdeberta_v1,
tunisieannonce_8ca413ec8108,tunisieannonce,0.6178,negative,0.3422,0.0,36.69,suspect,[],xlm_roberta_mdeberta_v1,
newkey_130815,newkey,0.0,positive,0.3706,0.2,17.97,normal,['no_images_suspicious'],xlm_roberta_mdeberta_v1,
newkey_78799,newkey,0.0,positive,0.3387,0.2,16.85,normal,['no_images_suspicious'],xlm_roberta_mdeberta_v1,
45572,tecnocasa,0.0,positive,0.4108,0.2,19.38,normal,['no_images_suspicious'],xlm_roberta_mdeberta_v1,
newkey_97511,newkey,0.0,positive,0.3494,0.2,17.23,normal,['no_images_suspicious'],xlm_roberta_mdeberta_v1,
44766,tecnocasa,0.0,positive,0.3787,0.2,18.25,normal,['no_images_suspicious'],xlm_roberta_mdeberta_v1,
52712,tecnocasa,0.0,positive,0.2722,0.2,14.53,normal,['no_images_suspicious'],xlm_roberta_mdeberta_v1,
tunisieannonce_448a1d77b44d,tunisieannonce,0.4528,negative,0.3297,0.0,29.65,suspect,[],xlm_roberta_mdeberta_v1,
48225,tecnocasa,0.0,positive,0.4096,0.2,19.34,normal,['no_images_suspicious'],xlm_roberta_mdeberta_v1,
57451,tecnocasa,0.0,positive,0.3393,0.2,16.88,normal,['no_images_suspicious'],xlm_roberta_mdeberta_v1,
tunisieannonce_0102efdce75b,tunisieannonce,0.2423,negative,0.3275,0.0,21.15,suspect,[],xlm_roberta_mdeberta_v1,
64891,tecnocasa,0.0,positive,0.3905,0.2,18.67,normal,['no_images_suspicious'],xlm_roberta_mdeberta_v1,
tunisieannonce_00a2cd419a10,tunisieannonce,0.0,positive,0.3544,0.55,26.15,suspect,"['urgency_detected', 'external_contact']",xlm_roberta_mdeberta_v1,
tunisieannonce_00b5d39933da,tunisieannonce,0.0895,neutral,0.3604,0.55,29.94,suspect,"['urgency_detected', 'external_contact']",xlm_roberta_mdeberta_v1,
tunisieannonce_40a08d801f42,tunisieannonce,0.4031,negative,0.3404,0.0,28.04,suspect,[],xlm_roberta_mdeberta_v1,
tunisieannonce_00ba1cecdaee,tunisieannonce,0.0,positive,0.2935,0.2,15.27,normal,['no_images_suspicious'],xlm_roberta_mdeberta_v1,
tunisieannonce_01a591b48bc9,tunisieannonce,0.0,positive,0.3761,0.3,20.66,normal,['urgency_detected'],xlm_roberta_mdeberta_v1,
tunisieannonce_01649ca226e2,tunisieannonce,0.0,positive,0.3071,0.0,10.75,normal,[],xlm_roberta_mdeberta_v1,
tunisieannonce_00f2852cdaa4,tunisieannonce,0.0,positive,0.3417,0.0,11.96,normal,[],xlm_roberta_mdeberta_v1,
tunisieannonce_01454f26106a,tunisieannonce,0.0,positive,0.3354,0.0,11.74,normal,[],xlm_roberta_mdeberta_v1,
tunisieannonce_00f93567485c,tunisieannonce,0.3286,negative,0.3189,0.25,30.56,suspect,['external_contact'],xlm_roberta_mdeberta_v1,
tunisieannonce_014944fc82c3,tunisieannonce,0.0,positive,0.3229,0.0,11.3,normal,[],xlm_roberta_mdeberta_v1,
tunisieannonce_00fd1abfa402,tunisieannonce,0.0,positive,0.3407,0.2,16.92,normal,['no_images_suspicious'],xlm_roberta_mdeberta_v1,
tunisieannonce_0259675a899d,tunisieannonce,0.0,positive,0.4022,0.0,14.08,normal,[],xlm_roberta_mdeberta_v1,
tunisieannonce_01a68d2cfaff,tunisieannonce,0.0792,neutral,0.3532,0.0,15.53,normal,[],xlm_roberta_mdeberta_v1,
tunisieannonce_020b8df56b3a,tunisieannonce,0.3051,negative,0.3315,0.45,35.06,suspect,"['external_contact', 'no_images_suspicious']",xlm_roberta_mdeberta_v1,
tunisieannonce_0290cbea1104,tunisieannonce,0.4979,negative,0.3126,0.2,35.86,suspect,['no_images_suspicious'],xlm_roberta_mdeberta_v1,
tunisieannonce_0287d2e9090c,tunisieannonce,0.0,positive,0.3913,0.0,13.7,normal,[],xlm_roberta_mdeberta_v1,
tunisieannonce_01bbd5782b56,tunisieannonce,0.0,positive,0.3601,0.3,20.1,normal,['urgency_detected'],xlm_roberta_mdeberta_v1,
tunisieannonce_01cf564d2b12,tunisieannonce,0.2523,negative,0.3674,0.2,27.95,suspect,['no_images_suspicious'],xlm_roberta_mdeberta_v1,
tunisieannonce_02869ae2f422,tunisieannonce,0.0,positive,0.3205,0.55,24.97,suspect,"['urgency_detected', 'external_contact']",xlm_roberta_mdeberta_v1,
tunisieannonce_02a3ab07da20,tunisieannonce,0.0,positive,0.3349,0.0,11.72,normal,[],xlm_roberta_mdeberta_v1,
tunisieannonce_03156a384774,tunisieannonce,0.0,positive,0.3531,0.0,12.36,normal,[],xlm_roberta_mdeberta_v1,
tunisieannonce_033135da23fa,tunisieannonce,0.0,positive,0.3565,0.0,12.48,normal,[],xlm_roberta_mdeberta_v1,
tunisieannonce_508c2ba97cd5,tunisieannonce,0.5046,negative,0.2908,0.25,36.61,suspect,['external_contact'],xlm_roberta_mdeberta_v1,
tunisieannonce_02fc987a8abb,tunisieannonce,0.0,positive,0.3501,0.25,18.5,normal,['external_contact'],xlm_roberta_mdeberta_v1,
tunisieannonce_0307b3044753,tunisieannonce,0.4203,negative,0.3716,0.75,48.57,suspect,"['urgency_detected', 'external_contact', 'no_images_suspicious']",xlm_roberta_mdeberta_v1,
tunisieannonce_0368c14fdbf0,tunisieannonce,0.0,positive,0.2984,0.0,10.44,normal,[],xlm_roberta_mdeberta_v1,
tunisieannonce_037880e6e507,tunisieannonce,0.0,positive,0.3142,0.55,24.75,suspect,"['urgency_detected', 'external_contact']",xlm_roberta_mdeberta_v1,
tunisieannonce_03b6a0a40864,tunisieannonce,0.0,positive,0.3496,0.5,24.74,suspect,"['urgency_detected', 'no_images_suspicious']",xlm_roberta_mdeberta_v1,
tunisieannonce_04267a454063,tunisieannonce,0.0,positive,0.3342,0.0,11.7,normal,[],xlm_roberta_mdeberta_v1,
tunisieannonce_03749bb94200,tunisieannonce,0.4666,negative,0.3368,0.3,37.95,suspect,['urgency_detected'],xlm_roberta_mdeberta_v1,
tunisieannonce_03f04c96da22,tunisieannonce,0.0,positive,0.3189,0.55,24.91,suspect,"['urgency_detected', 'external_contact']",xlm_roberta_mdeberta_v1,
tunisieannonce_0406fb6ac205,tunisieannonce,0.4133,negative,0.3768,0.0,29.72,suspect,[],xlm_roberta_mdeberta_v1,
tunisieannonce_03cbbfc39e22,tunisieannonce,0.0,positive,0.2962,0.0,10.37,normal,[],xlm_roberta_mdeberta_v1,
tunisieannonce_03da0f1df399,tunisieannonce,0.0,positive,0.3327,0.3,19.14,normal,['urgency_detected'],xlm_roberta_mdeberta_v1,
tunisieannonce_045bde8a30f5,tunisieannonce,0.0,positive,0.3438,0.0,12.03,normal,[],xlm_roberta_mdeberta_v1,
tunisieannonce_0468be769d64,tunisieannonce,0.0,positive,0.3655,0.25,19.04,normal,['external_contact'],xlm_roberta_mdeberta_v1,
tunisieannonce_04693ec5cfbd,tunisieannonce,0.3149,negative,0.3532,0.45,36.21,suspect,"['external_contact', 'no_images_suspicious']",xlm_roberta_mdeberta_v1,
tunisieannonce_0464164d707f,tunisieannonce,0.0,positive,0.3156,0.0,11.05,normal,[],xlm_roberta_mdeberta_v1,
tunisieannonce_0430a4509366,tunisieannonce,0.5531,negative,0.304,0.25,39.01,suspect,['external_contact'],xlm_roberta_mdeberta_v1,
tunisieannonce_049bf41cd95f,tunisieannonce,0.0,positive,0.3557,0.0,12.45,normal,[],xlm_roberta_mdeberta_v1,
tunisieannonce_06847063124b,tunisieannonce,0.0,positive,0.3536,0.0,12.38,normal,[],xlm_roberta_mdeberta_v1,
tunisieannonce_05abb1207076,tunisieannonce,0.3618,negative,0.3298,0.0,26.02,suspect,[],xlm_roberta_mdeberta_v1,
tunisieannonce_05c72801126e,tunisieannonce,0.0,positive,0.3531,0.2,17.36,normal,['no_images_suspicious'],xlm_roberta_mdeberta_v1,
tunisieannonce_053c84536e7c,tunisieannonce,0.0,positive,0.371,0.2,17.98,normal,['no_images_suspicious'],xlm_roberta_mdeberta_v1,
tunisieannonce_0551a4c56a15,tunisieannonce,0.3215,negative,0.3261,0.0,24.27,suspect,[],xlm_roberta_mdeberta_v1,
tunisieannonce_053de6813d3b,tunisieannonce,0.0,positive,0.3143,0.0,11.0,normal,[],xlm_roberta_mdeberta_v1,
tunisieannonce_05f3c0431ce2,tunisieannonce,0.0,positive,0.2971,0.3,17.9,normal,['urgency_detected'],xlm_roberta_mdeberta_v1,
tunisieannonce_05590d78d04b,tunisieannonce,0.0834,neutral,0.358,0.55,29.62,suspect,"['urgency_detected', 'external_contact']",xlm_roberta_mdeberta_v1,
tunisieannonce_061503a8a58b,tunisieannonce,0.0,positive,0.3551,0.2,17.43,normal,['no_images_suspicious'],xlm_roberta_mdeberta_v1,
tunisieannonce_0727e65110e8,tunisieannonce,0.0,positive,0.3478,0.2,17.17,normal,['no_images_suspicious'],xlm_roberta_mdeberta_v1,
tunisieannonce_072385f98195,tunisieannonce,0.4259,negative,0.3904,0.0,30.7,suspect,[],xlm_roberta_mdeberta_v1,
tunisieannonce_075fed7f87a6,tunisieannonce,0.2517,negative,0.475,0.55,40.44,suspect,"['urgency_detected', 'external_contact']",xlm_roberta_mdeberta_v1,
tunisieannonce_06afe10695cb,tunisieannonce,0.0709,neutral,0.3337,0.2,19.52,normal,['no_images_suspicious'],xlm_roberta_mdeberta_v1,
tunisieannonce_0720e717e71d,tunisieannonce,0.0,positive,0.3586,0.75,31.3,suspect,"['urgency_detected', 'external_contact', 'no_images_suspicious']",xlm_roberta_mdeberta_v1,
tunisieannonce_073b0c8b8dc5,tunisieannonce,0.0,positive,0.318,0.0,11.13,normal,[],xlm_roberta_mdeberta_v1,
tunisieannonce_088e727d9b40,tunisieannonce,0.0,positive,0.2998,0.2,15.49,normal,['no_images_suspicious'],xlm_roberta_mdeberta_v1,
tunisieannonce_085b1b09cab7,tunisieannonce,0.0,positive,0.3569,0.25,18.74,normal,['external_contact'],xlm_roberta_mdeberta_v1,
tunisieannonce_077490ff5aa3,tunisieannonce,0.0735,neutral,0.3179,0.2,19.07,normal,['no_images_suspicious'],xlm_roberta_mdeberta_v1,
tunisieannonce_076d584afc2e,tunisieannonce,0.0,positive,0.2714,0.0,9.5,normal,[],xlm_roberta_mdeberta_v1,
tunisieannonce_07e5d0bd45ff,tunisieannonce,0.0886,neutral,0.3343,0.2,20.24,normal,['no_images_suspicious'],xlm_roberta_mdeberta_v1,
tunisieannonce_0935bc5caeae,tunisieannonce,0.0,positive,0.3309,0.3,19.08,normal,['urgency_detected'],xlm_roberta_mdeberta_v1,
tunisieannonce_0914a8decb29,tunisieannonce,0.0,positive,0.3156,0.3,18.55,normal,['urgency_detected'],xlm_roberta_mdeberta_v1,
tunisieannonce_094a54878c8b,tunisieannonce,0.0,positive,0.3215,0.0,11.25,normal,[],xlm_roberta_mdeberta_v1,
tunisieannonce_08c69987e354,tunisieannonce,0.0,positive,0.3836,0.25,19.68,normal,['external_contact'],xlm_roberta_mdeberta_v1,
tunisieannonce_08a41cd2fa7c,tunisieannonce,0.0,positive,0.3636,0.25,18.98,normal,['external_contact'],xlm_roberta_mdeberta_v1,
tunisieannonce_08e78c2214de,tunisieannonce,0.4981,negative,0.3117,0.25,37.08,suspect,['external_contact'],xlm_roberta_mdeberta_v1,
tunisieannonce_08fa04fdd058,tunisieannonce,0.0,positive,0.3271,0.3,18.95,normal,['urgency_detected'],xlm_roberta_mdeberta_v1,
tunisieannonce_09628e12a6c0,tunisieannonce,0.0,positive,0.3276,0.2,16.47,normal,['no_images_suspicious'],xlm_roberta_mdeberta_v1,
tunisieannonce_094c6596b3bd,tunisieannonce,0.0,positive,0.3483,0.2,17.19,normal,['no_images_suspicious'],xlm_roberta_mdeberta_v1,
tunisieannonce_099577accd09,tunisieannonce,0.0,positive,0.4264,0.45,26.17,suspect,"['external_contact', 'no_images_suspicious']",xlm_roberta_mdeberta_v1,
tunisieannonce_09ac64171363,tunisieannonce,0.0,positive,0.325,0.0,11.37,normal,[],xlm_roberta_mdeberta_v1,
tunisieannonce_09a96ed88562,tunisieannonce,0.0,positive,0.3746,0.0,13.11,normal,[],xlm_roberta_mdeberta_v1,
tunisieannonce_09848afcdda0,tunisieannonce,0.0,positive,0.3529,0.2,17.35,normal,['no_images_suspicious'],xlm_roberta_mdeberta_v1,
tunisieannonce_0bd0d4593dbf,tunisieannonce,0.2385,negative,0.3034,0.45,31.41,suspect,"['vague_description', 'no_images_suspicious']",xlm_roberta_mdeberta_v1,
tunisieannonce_0a38957d113e,tunisieannonce,0.0,positive,0.3381,0.55,25.58,suspect,"['urgency_detected', 'external_contact']",xlm_roberta_mdeberta_v1,
tunisieannonce_0acde6a2ca42,tunisieannonce,0.0,positive,0.311,0.55,24.64,suspect,"['urgency_detected', 'external_contact']",xlm_roberta_mdeberta_v1,
tunisieannonce_0ac6c48c3159,tunisieannonce,0.0,positive,0.4204,0.0,14.71,normal,[],xlm_roberta_mdeberta_v1,
tunisieannonce_0a57727d2877,tunisieannonce,0.0,positive,0.3212,0.0,11.24,normal,[],xlm_roberta_mdeberta_v1,
tunisieannonce_0b29a922f73c,tunisieannonce,0.0,positive,0.3752,0.45,24.38,suspect,"['external_contact', 'no_images_suspicious']",xlm_roberta_mdeberta_v1,
tunisieannonce_0a75553baa42,tunisieannonce,0.0,positive,0.3749,0.25,19.37,normal,['external_contact'],xlm_roberta_mdeberta_v1,
tunisieannonce_0aa186455012,tunisieannonce,0.0,positive,0.3634,0.0,12.72,normal,[],xlm_roberta_mdeberta_v1,
tunisieannonce_0a939fa08934,tunisieannonce,0.3341,negative,0.3277,0.75,43.58,suspect,"['urgency_detected', 'external_contact', 'no_images_suspicious']",xlm_roberta_mdeberta_v1,
tunisieannonce_0ae8847b67f5,tunisieannonce,0.0,positive,0.3688,0.55,26.66,suspect,"['urgency_detected', 'external_contact']",xlm_roberta_mdeberta_v1,
tunisieannonce_0b3c2fe64281,tunisieannonce,0.0,positive,0.3415,0.0,11.95,normal,[],xlm_roberta_mdeberta_v1,
tunisieannonce_0ae246cd60e4,tunisieannonce,0.0,positive,0.3276,0.25,17.72,normal,['external_contact'],xlm_roberta_mdeberta_v1,
tunisieannonce_0aec81343423,tunisieannonce,0.3165,negative,0.3401,0.2,29.56,suspect,['no_images_suspicious'],xlm_roberta_mdeberta_v1,
tunisieannonce_10e04a58eaa3,tunisieannonce,0.0,positive,0.3677,0.2,17.87,normal,['no_images_suspicious'],xlm_roberta_mdeberta_v1,
tunisieannonce_0b901f8d21f3,tunisieannonce,0.0,positive,0.3263,0.3,18.92,normal,['urgency_detected'],xlm_roberta_mdeberta_v1,
tunisieannonce_0b97934ec6c4,tunisieannonce,0.0,positive,0.4039,0.0,14.14,normal,[],xlm_roberta_mdeberta_v1,
tunisieannonce_0bbb5b8bee3a,tunisieannonce,0.0,positive,0.3505,0.0,12.27,normal,[],xlm_roberta_mdeberta_v1,
tunisieannonce_0bc260983e98,tunisieannonce,0.0,positive,0.3572,0.3,20.0,normal,['urgency_detected'],xlm_roberta_mdeberta_v1,
tunisieannonce_0be4bb434987,tunisieannonce,0.0,positive,0.3943,0.3,21.3,suspect,['urgency_detected'],xlm_roberta_mdeberta_v1,
tunisieannonce_637358fa89a7,tunisieannonce,0.0,positive,0.3248,0.2,16.37,normal,['no_images_suspicious'],xlm_roberta_mdeberta_v1,
tunisieannonce_0ba75e2afce2,tunisieannonce,0.0,positive,0.318,0.0,11.13,normal,[],xlm_roberta_mdeberta_v1,
tunisieannonce_0c3e1beb1853,tunisieannonce,0.0735,neutral,0.3407,0.0,14.86,normal,[],xlm_roberta_mdeberta_v1,
tunisieannonce_0c9aeddd5593,tunisieannonce,0.0,positive,0.3316,0.0,11.61,normal,[],xlm_roberta_mdeberta_v1,
tunisieannonce_0ce10763a4f8,tunisieannonce,0.0,positive,0.3344,0.55,25.45,suspect,"['urgency_detected', 'external_contact']",xlm_roberta_mdeberta_v1,
tunisieannonce_0c4ddb8a49d7,tunisieannonce,0.0,positive,0.3948,0.2,18.82,normal,['no_images_suspicious'],xlm_roberta_mdeberta_v1,
tunisieannonce_0d2a534e8c8f,tunisieannonce,0.3434,negative,0.3547,0.0,26.15,suspect,[],xlm_roberta_mdeberta_v1,
tunisieannonce_0d109c555e9d,tunisieannonce,0.0,positive,0.3906,0.55,27.42,suspect,"['urgency_detected', 'external_contact']",xlm_roberta_mdeberta_v1,
tunisieannonce_0c7abdcdf32c,tunisieannonce,0.0,positive,0.2812,0.0,9.84,normal,[],xlm_roberta_mdeberta_v1,
tunisieannonce_0c3d2ae1d817,tunisieannonce,0.0,positive,0.367,0.0,12.84,normal,[],xlm_roberta_mdeberta_v1,
tunisieannonce_0cb5f0564ed4,tunisieannonce,0.0,positive,0.327,0.55,25.2,suspect,"['urgency_detected', 'external_contact']",xlm_roberta_mdeberta_v1,
tunisieannonce_0dbc92d27a1e,tunisieannonce,0.0,positive,0.3396,0.0,11.89,normal,[],xlm_roberta_mdeberta_v1,
tunisieannonce_0d9eb160d7ca,tunisieannonce,0.0,positive,0.3705,0.3,20.47,normal,['urgency_detected'],xlm_roberta_mdeberta_v1,
tunisieannonce_0d34a1ef0e60,tunisieannonce,0.0,positive,0.2904,0.0,10.16,normal,[],xlm_roberta_mdeberta_v1,
tunisieannonce_0d3023a540db,tunisieannonce,0.0,positive,0.3327,0.45,22.89,suspect,"['external_contact', 'no_images_suspicious']",xlm_roberta_mdeberta_v1,
tunisieannonce_0d242aa4306f,tunisieannonce,0.0,positive,0.3394,0.2,16.88,normal,['no_images_suspicious'],xlm_roberta_mdeberta_v1,
tunisieannonce_0de6d4dfd3fe,tunisieannonce,0.0,positive,0.352,0.2,17.32,normal,['no_images_suspicious'],xlm_roberta_mdeberta_v1,
tunisieannonce_0dd925d98dfa,tunisieannonce,0.0,positive,0.3495,0.75,30.98,suspect,"['urgency_detected', 'external_contact', 'no_images_suspicious']",xlm_roberta_mdeberta_v1,
tunisieannonce_0e4481dad55d,tunisieannonce,0.0,positive,0.3292,0.0,11.52,normal,[],xlm_roberta_mdeberta_v1,
tunisieannonce_0de93a11a9d4,tunisieannonce,0.0,positive,0.3252,0.45,22.63,suspect,"['external_contact', 'no_images_suspicious']",xlm_roberta_mdeberta_v1,
tunisieannonce_0e87dba4f25d,tunisieannonce,0.4747,negative,0.2881,0.5,41.57,suspect,"['urgency_detected', 'no_images_suspicious']",xlm_roberta_mdeberta_v1,
tunisieannonce_0e4757926032,tunisieannonce,0.0,positive,0.3628,0.5,25.2,suspect,"['urgency_detected', 'no_images_suspicious']",xlm_roberta_mdeberta_v1,
tunisieannonce_0eaa52929d43,tunisieannonce,0.3299,negative,0.4474,0.55,42.61,suspect,"['urgency_detected', 'external_contact']",xlm_roberta_mdeberta_v1,
tunisieannonce_0e022635418c,tunisieannonce,0.0,positive,0.3984,0.45,25.19,suspect,"['external_contact', 'no_images_suspicious']",xlm_roberta_mdeberta_v1,
tunisieannonce_0df52d78b889,tunisieannonce,0.0,positive,0.3192,0.0,11.17,normal,[],xlm_roberta_mdeberta_v1,
tunisieannonce_0df019faa686,tunisieannonce,0.0866,neutral,0.3543,0.2,20.86,normal,['no_images_suspicious'],xlm_roberta_mdeberta_v1,
tunisieannonce_0ee16d0d2595,tunisieannonce,0.0,positive,0.3571,0.0,12.5,normal,[],xlm_roberta_mdeberta_v1,
tunisieannonce_db1d2a04b66a,tunisieannonce,0.0,positive,0.3122,0.25,17.18,normal,['external_contact'],xlm_roberta_mdeberta_v1,
tunisieannonce_0edfe060db84,tunisieannonce,0.0,positive,0.3779,0.25,19.48,normal,['external_contact'],xlm_roberta_mdeberta_v1,
tunisieannonce_0ef318211d40,tunisieannonce,0.0,positive,0.3575,0.25,18.76,normal,['external_contact'],xlm_roberta_mdeberta_v1,
tunisieannonce_0e90bb491bab,tunisieannonce,0.0,positive,0.345,0.25,18.32,normal,['external_contact'],xlm_roberta_mdeberta_v1,
tunisieannonce_0eaf86ad1fa5,tunisieannonce,0.0,positive,0.3305,0.25,17.82,normal,['external_contact'],xlm_roberta_mdeberta_v1,
tunisieannonce_0ee5e6352934,tunisieannonce,0.0,positive,0.3583,0.55,26.29,suspect,"['urgency_detected', 'external_contact']",xlm_roberta_mdeberta_v1,
tunisieannonce_0ff72381b8cd,tunisieannonce,0.0,positive,0.2992,0.25,16.72,normal,['external_contact'],xlm_roberta_mdeberta_v1,
tunisieannonce_0f264139420f,tunisieannonce,0.0,positive,0.3385,0.55,25.6,suspect,"['urgency_detected', 'external_contact']",xlm_roberta_mdeberta_v1,
tunisieannonce_109da333cf6b,tunisieannonce,0.0846,neutral,0.3442,0.45,26.68,suspect,"['external_contact', 'no_images_suspicious']",xlm_roberta_mdeberta_v1,
tunisieannonce_10cfca54a849,tunisieannonce,0.0,positive,0.3895,0.2,18.63,normal,['no_images_suspicious'],xlm_roberta_mdeberta_v1,
tunisieannonce_11c447a1074a,tunisieannonce,0.0,positive,0.3479,0.25,18.43,normal,['external_contact'],xlm_roberta_mdeberta_v1,
tunisieannonce_1129d908500e,tunisieannonce,0.0,positive,0.3337,0.0,11.68,normal,[],xlm_roberta_mdeberta_v1,
tunisieannonce_648527a93d9c,tunisieannonce,0.37,negative,0.3331,0.25,32.71,suspect,['external_contact'],xlm_roberta_mdeberta_v1,
tunisieannonce_1107c586a7ac,tunisieannonce,0.0693,neutral,0.3503,0.25,21.28,suspect,['external_contact'],xlm_roberta_mdeberta_v1,
tunisieannonce_110f7f440743,tunisieannonce,0.2895,negative,0.3138,0.25,28.81,suspect,['external_contact'],xlm_roberta_mdeberta_v1,
tunisieannonce_1194d95765ea,tunisieannonce,0.745,negative,0.3296,0.3,48.84,suspect,"['urgency_detected', 'strong_negative_sentiment']",xlm_roberta_mdeberta_v1,
tunisieannonce_1117f5038cd1,tunisieannonce,0.3008,negative,0.3608,0.25,30.91,suspect,['external_contact'],xlm_roberta_mdeberta_v1,
tunisieannonce_11c03bef8b23,tunisieannonce,0.0,positive,0.3287,0.3,19.0,normal,['urgency_detected'],xlm_roberta_mdeberta_v1,
tunisieannonce_1205996060f2,tunisieannonce,0.4084,negative,0.3497,0.2,33.58,suspect,['no_images_suspicious'],xlm_roberta_mdeberta_v1,
tunisieannonce_128ed2c9c37f,tunisieannonce,0.4925,negative,0.3864,0.55,46.97,suspect,"['urgency_detected', 'external_contact']",xlm_roberta_mdeberta_v1,
tunisieannonce_12cb38d0f798,tunisieannonce,0.0,positive,0.3799,0.3,20.8,normal,['urgency_detected'],xlm_roberta_mdeberta_v1,
tunisieannonce_126eb8547b09,tunisieannonce,0.0,positive,0.3362,0.0,11.77,normal,[],xlm_roberta_mdeberta_v1,
tunisieannonce_12d6de481375,tunisieannonce,0.0847,neutral,0.3402,0.55,29.04,suspect,"['urgency_detected', 'external_contact']",xlm_roberta_mdeberta_v1,
tunisieannonce_652de7231c61,tunisieannonce,0.2907,negative,0.3245,0.25,29.24,suspect,['external_contact'],xlm_roberta_mdeberta_v1,
tunisieannonce_12a9fc7a542b,tunisieannonce,0.0,positive,0.3712,0.0,12.99,normal,[],xlm_roberta_mdeberta_v1,
tunisieannonce_122dd65aae5e,tunisieannonce,0.0,positive,0.2856,0.0,10.0,normal,[],xlm_roberta_mdeberta_v1,
tunisieannonce_1316acbb0b98,tunisieannonce,0.0,positive,0.2984,0.0,10.44,normal,[],xlm_roberta_mdeberta_v1,
tunisieannonce_139042b721fa,tunisieannonce,0.0,positive,0.3037,0.0,10.63,normal,[],xlm_roberta_mdeberta_v1,
tunisieannonce_12eb0752259c,tunisieannonce,0.0,positive,0.3711,0.2,17.99,normal,['no_images_suspicious'],xlm_roberta_mdeberta_v1,
tunisieannonce_145178a3ccfa,tunisieannonce,0.0,positive,0.3167,0.5,23.58,suspect,"['urgency_detected', 'no_images_suspicious']",xlm_roberta_mdeberta_v1,
tunisieannonce_13211e33b977,tunisieannonce,0.3756,negative,0.3768,0.0,28.21,suspect,[],xlm_roberta_mdeberta_v1,
tunisieannonce_13f838802223,tunisieannonce,0.0,positive,0.3594,0.2,17.58,normal,['no_images_suspicious'],xlm_roberta_mdeberta_v1,
tunisieannonce_1422707687ca,tunisieannonce,0.0,positive,0.2899,0.45,21.4,suspect,"['external_contact', 'no_images_suspicious']",xlm_roberta_mdeberta_v1,
tunisieannonce_130b5f496613,tunisieannonce,0.2622,negative,0.369,0.2,28.4,suspect,['no_images_suspicious'],xlm_roberta_mdeberta_v1,
tunisieannonce_13a25a9d7183,tunisieannonce,0.355,negative,0.3454,0.0,26.29,suspect,[],xlm_roberta_mdeberta_v1,
tunisieannonce_14d3d6c34813,tunisieannonce,0.0,positive,0.3351,0.0,11.73,normal,[],xlm_roberta_mdeberta_v1,
tunisieannonce_151ea568d922,tunisieannonce,0.0,positive,0.3083,0.75,29.54,suspect,"['urgency_detected', 'external_contact', 'no_images_suspicious']",xlm_roberta_mdeberta_v1,
tunisieannonce_15177a34f2e2,tunisieannonce,0.0,positive,0.3584,0.2,17.54,normal,['no_images_suspicious'],xlm_roberta_mdeberta_v1,
tunisieannonce_14f241a5ffda,tunisieannonce,0.0,positive,0.3407,0.45,23.17,suspect,"['external_contact', 'no_images_suspicious']",xlm_roberta_mdeberta_v1,
tunisieannonce_15166db1e935,tunisieannonce,0.0,positive,0.3269,0.0,11.44,normal,[],xlm_roberta_mdeberta_v1,
tunisieannonce_14c2014cf693,tunisieannonce,0.3666,negative,0.3651,0.2,32.44,suspect,['no_images_suspicious'],xlm_roberta_mdeberta_v1,
tunisieannonce_1484c3f3a0b2,tunisieannonce,0.0,positive,0.3181,0.0,11.13,normal,[],xlm_roberta_mdeberta_v1,
tunisieannonce_153feb2a0744,tunisieannonce,0.0,positive,0.3028,0.0,10.6,normal,[],xlm_roberta_mdeberta_v1,
tunisieannonce_1563ad69b76c,tunisieannonce,0.4041,negative,0.3251,0.25,33.79,suspect,['external_contact'],xlm_roberta_mdeberta_v1,
tunisieannonce_1540ef867535,tunisieannonce,0.5189,negative,0.3618,0.0,33.42,suspect,[],xlm_roberta_mdeberta_v1,
tunisieannonce_15a51926da91,tunisieannonce,0.0,positive,0.3412,0.0,11.94,normal,[],xlm_roberta_mdeberta_v1,
tunisieannonce_153563eb13f9,tunisieannonce,0.0,positive,0.3915,0.3,21.2,suspect,['urgency_detected'],xlm_roberta_mdeberta_v1,
tunisieannonce_16332bc2660b,tunisieannonce,0.0,positive,0.3545,0.0,12.41,normal,[],xlm_roberta_mdeberta_v1,
tunisieannonce_162f78214c71,tunisieannonce,0.0,positive,0.3576,0.25,18.77,normal,['external_contact'],xlm_roberta_mdeberta_v1,
tunisieannonce_1603b46f7c94,tunisieannonce,0.0,positive,0.4012,0.25,20.29,normal,['external_contact'],xlm_roberta_mdeberta_v1,
tunisieannonce_166425aeeabb,tunisieannonce,0.0796,neutral,0.3116,0.3,21.59,suspect,['urgency_detected'],xlm_roberta_mdeberta_v1,
tunisieannonce_16456a8ce2f4,tunisieannonce,0.0,positive,0.3131,0.2,15.96,normal,['no_images_suspicious'],xlm_roberta_mdeberta_v1,
tunisieannonce_15d2458ccf03,tunisieannonce,0.0,positive,0.3632,0.45,23.96,suspect,"['external_contact', 'no_images_suspicious']",xlm_roberta_mdeberta_v1,
tunisieannonce_16fd3d5fd8d2,tunisieannonce,0.0,positive,0.3237,0.3,18.83,normal,['urgency_detected'],xlm_roberta_mdeberta_v1,
tunisieannonce_169a10994f45,tunisieannonce,0.0,positive,0.3174,0.25,17.36,normal,['external_contact'],xlm_roberta_mdeberta_v1,
tunisieannonce_167c7d7cc654,tunisieannonce,0.0,positive,0.2996,0.55,24.24,suspect,"['urgency_detected', 'external_contact']",xlm_roberta_mdeberta_v1,
tunisieannonce_166ad0db3c18,tunisieannonce,0.0,positive,0.3677,0.0,12.87,normal,[],xlm_roberta_mdeberta_v1,
tunisieannonce_1692bf567567,tunisieannonce,0.0,positive,0.334,0.55,25.44,suspect,"['urgency_detected', 'external_contact']",xlm_roberta_mdeberta_v1,
tunisieannonce_16839c856c97,tunisieannonce,0.0,positive,0.3695,0.25,19.18,normal,['external_contact'],xlm_roberta_mdeberta_v1,
tunisieannonce_652f062cc334,tunisieannonce,0.0,positive,0.3281,0.25,17.73,normal,['external_contact'],xlm_roberta_mdeberta_v1,
tunisieannonce_1723ac816f4d,tunisieannonce,0.5186,negative,0.3692,0.0,33.67,suspect,[],xlm_roberta_mdeberta_v1,
tunisieannonce_16d3a4eb710a,tunisieannonce,0.0,positive,0.3564,0.25,18.72,normal,['external_contact'],xlm_roberta_mdeberta_v1,
tunisieannonce_18147f746ed5,tunisieannonce,0.0,positive,0.2526,0.0,8.84,normal,[],xlm_roberta_mdeberta_v1,
tunisieannonce_1745ab6fe193,tunisieannonce,0.0,positive,0.3514,0.55,26.05,suspect,"['urgency_detected', 'external_contact']",xlm_roberta_mdeberta_v1,
tunisieannonce_17ba8a3cd592,tunisieannonce,0.0,positive,0.3656,0.55,26.55,suspect,"['urgency_detected', 'external_contact']",xlm_roberta_mdeberta_v1,
tunisieannonce_1724d18a05d8,tunisieannonce,0.0,positive,0.369,0.5,25.41,suspect,"['urgency_detected', 'no_images_suspicious']",xlm_roberta_mdeberta_v1,
tunisieannonce_182df7f13060,tunisieannonce,0.0,positive,0.3415,0.0,11.95,normal,[],xlm_roberta_mdeberta_v1,
tunisieannonce_179d9ae759f3,tunisieannonce,0.0,positive,0.3463,0.75,30.87,suspect,"['urgency_detected', 'external_contact', 'no_images_suspicious']",xlm_roberta_mdeberta_v1,
tunisieannonce_17a8a68ade94,tunisieannonce,0.0,positive,0.3629,0.25,18.95,normal,['external_contact'],xlm_roberta_mdeberta_v1,
tunisieannonce_186619cca042,tunisieannonce,0.0,positive,0.372,0.2,18.02,normal,['no_images_suspicious'],xlm_roberta_mdeberta_v1,
tunisieannonce_187bf62b6cd6,tunisieannonce,0.0,positive,0.3121,0.3,18.42,normal,['urgency_detected'],xlm_roberta_mdeberta_v1,
tunisieannonce_186c5471b7e0,tunisieannonce,0.2651,negative,0.3743,0.0,23.7,suspect,[],xlm_roberta_mdeberta_v1,
tunisieannonce_18feefc312a9,tunisieannonce,0.4031,negative,0.3404,0.0,28.04,suspect,[],xlm_roberta_mdeberta_v1,
tunisieannonce_183b4e37c833,tunisieannonce,0.0,positive,0.3739,0.0,13.09,normal,[],xlm_roberta_mdeberta_v1,
tunisieannonce_18bb84f107a6,tunisieannonce,0.0,positive,0.3719,0.25,19.27,normal,['external_contact'],xlm_roberta_mdeberta_v1,
tunisieannonce_187aa99c9ddb,tunisieannonce,0.0,positive,0.3448,0.2,17.07,normal,['no_images_suspicious'],xlm_roberta_mdeberta_v1,
tunisieannonce_19d4182318c6,tunisieannonce,0.0,positive,0.3303,0.25,17.81,normal,['external_contact'],xlm_roberta_mdeberta_v1,
tunisieannonce_18f90e379b8b,tunisieannonce,0.0,positive,0.3523,0.0,12.33,normal,[],xlm_roberta_mdeberta_v1,
tunisieannonce_1903b90db69f,tunisieannonce,0.0,positive,0.367,0.0,12.84,normal,[],xlm_roberta_mdeberta_v1,
tunisieannonce_19024dc4ec3d,tunisieannonce,0.0,positive,0.411,0.25,20.63,normal,['external_contact'],xlm_roberta_mdeberta_v1,
tunisieannonce_18e266a3c2be,tunisieannonce,0.2498,negative,0.3887,0.0,23.6,suspect,[],xlm_roberta_mdeberta_v1,
tunisieannonce_1915bc7428c9,tunisieannonce,0.0,positive,0.3377,0.3,19.32,normal,['urgency_detected'],xlm_roberta_mdeberta_v1,
tunisieannonce_18d9d0ad9b91,tunisieannonce,0.0,positive,0.3612,0.75,31.39,suspect,"['urgency_detected', 'external_contact', 'no_images_suspicious']",xlm_roberta_mdeberta_v1,
tunisieannonce_1a2e69c32212,tunisieannonce,0.0,positive,0.3493,0.3,19.73,normal,['urgency_detected'],xlm_roberta_mdeberta_v1,
tunisieannonce_1a57134492b6,tunisieannonce,0.3139,negative,0.3555,0.75,43.75,suspect,"['urgency_detected', 'external_contact', 'no_images_suspicious']",xlm_roberta_mdeberta_v1,
tunisieannonce_19be7fb7db0b,tunisieannonce,0.0,positive,0.3223,0.55,25.03,suspect,"['urgency_detected', 'external_contact']",xlm_roberta_mdeberta_v1,
tunisieannonce_19f81fe03c1d,tunisieannonce,0.0,positive,0.3122,0.0,10.93,normal,[],xlm_roberta_mdeberta_v1,
tunisieannonce_1a56a16d264a,tunisieannonce,0.0,positive,0.3279,0.0,11.48,normal,[],xlm_roberta_mdeberta_v1,
tunisieannonce_196bd89b912e,tunisieannonce,0.0,positive,0.3446,0.0,12.06,normal,[],xlm_roberta_mdeberta_v1,
tunisieannonce_44c06c1651d9,tunisieannonce,0.0,positive,0.3675,0.0,12.86,normal,[],xlm_roberta_mdeberta_v1,
tunisieannonce_1a5007b6454a,tunisieannonce,0.0,positive,0.3959,0.75,32.61,suspect,"['urgency_detected', 'external_contact', 'no_images_suspicious']",xlm_roberta_mdeberta_v1,
tunisieannonce_1c235342b7aa,tunisieannonce,0.4347,negative,0.2908,0.25,33.82,suspect,['external_contact'],xlm_roberta_mdeberta_v1,
tunisieannonce_1ae68320546e,tunisieannonce,0.0,positive,0.4073,0.0,14.26,normal,[],xlm_roberta_mdeberta_v1,
tunisieannonce_1ae4b6cc5c8c,tunisieannonce,0.0,positive,0.2696,0.55,23.19,suspect,"['urgency_detected', 'external_contact']",xlm_roberta_mdeberta_v1,
tunisieannonce_1a591338b79a,tunisieannonce,0.2676,negative,0.3051,0.45,32.63,suspect,"['external_contact', 'no_images_suspicious']",xlm_roberta_mdeberta_v1,
tunisieannonce_1a5745f075e1,tunisieannonce,0.0,positive,0.3251,0.0,11.38,normal,[],xlm_roberta_mdeberta_v1,
tunisieannonce_1a7bfdd83711,tunisieannonce,0.0,positive,0.4163,0.25,20.82,normal,['external_contact'],xlm_roberta_mdeberta_v1,
tunisieannonce_1a5a46681781,tunisieannonce,0.3582,negative,0.3857,0.55,41.58,suspect,"['urgency_detected', 'external_contact']",xlm_roberta_mdeberta_v1,
tunisieannonce_1a7b6aa919fa,tunisieannonce,0.0,positive,0.3701,0.55,26.7,suspect,"['urgency_detected', 'external_contact']",xlm_roberta_mdeberta_v1,
tunisieannonce_1aa9070ed366,tunisieannonce,0.0,positive,0.1646,0.25,12.01,normal,['external_contact'],xlm_roberta_mdeberta_v1,
tunisieannonce_1b1065d27ddd,tunisieannonce,0.0,positive,0.2796,0.0,9.79,normal,[],xlm_roberta_mdeberta_v1,
tunisieannonce_1b95ef6efcad,tunisieannonce,0.0687,neutral,0.3394,0.0,14.63,normal,[],xlm_roberta_mdeberta_v1,
tunisieannonce_1b06447354ae,tunisieannonce,0.0,positive,0.3035,0.0,10.62,normal,[],xlm_roberta_mdeberta_v1,
tunisieannonce_1bcad1fbed6f,tunisieannonce,0.0734,neutral,0.3326,0.0,14.58,normal,[],xlm_roberta_mdeberta_v1,
tunisieannonce_1b59765b0764,tunisieannonce,0.0,positive,0.3532,0.3,19.86,normal,['urgency_detected'],xlm_roberta_mdeberta_v1,
tunisieannonce_1b6f5aa489a0,tunisieannonce,0.4588,negative,0.3746,0.2,36.46,suspect,['no_images_suspicious'],xlm_roberta_mdeberta_v1,
tunisieannonce_1c89ac8a7304,tunisieannonce,0.447,negative,0.3195,0.25,35.31,suspect,['external_contact'],xlm_roberta_mdeberta_v1,
tunisieannonce_1c04e4cd0494,tunisieannonce,0.4379,negative,0.3404,0.2,34.43,suspect,['no_images_suspicious'],xlm_roberta_mdeberta_v1,
tunisieannonce_1cd9763991ec,tunisieannonce,0.0,positive,0.2939,0.55,24.04,suspect,"['urgency_detected', 'external_contact']",xlm_roberta_mdeberta_v1,
tunisieannonce_1c6ea13c1edc,tunisieannonce,0.0,positive,0.377,0.5,25.7,suspect,"['urgency_detected', 'no_images_suspicious']",xlm_roberta_mdeberta_v1,
tunisieannonce_4446da4e426f,tunisieannonce,0.0,positive,0.264,0.0,9.24,normal,[],xlm_roberta_mdeberta_v1,
tunisieannonce_1ce28a9b2797,tunisieannonce,0.0869,neutral,0.3335,0.0,15.15,normal,[],xlm_roberta_mdeberta_v1,
tunisieannonce_1c10a52cfba0,tunisieannonce,0.0,positive,0.3262,0.25,17.67,normal,['external_contact'],xlm_roberta_mdeberta_v1,
tunisieannonce_1d332ed78a3a,tunisieannonce,0.0697,neutral,0.3944,0.55,30.34,suspect,"['urgency_detected', 'external_contact']",xlm_roberta_mdeberta_v1,
tunisieannonce_1d1c108e8b99,tunisieannonce,0.2889,negative,0.3515,0.25,30.11,suspect,['external_contact'],xlm_roberta_mdeberta_v1,
tunisieannonce_1d2f5bc45ddf,tunisieannonce,0.4048,negative,0.3374,0.2,33.0,suspect,['no_images_suspicious'],xlm_roberta_mdeberta_v1,
tunisieannonce_1d2cba7f8d0c,tunisieannonce,0.0,positive,0.2991,0.55,24.22,suspect,"['urgency_detected', 'external_contact']",xlm_roberta_mdeberta_v1,
tunisieannonce_1d34c13c32f8,tunisieannonce,0.2682,negative,0.3298,0.25,28.52,suspect,['external_contact'],xlm_roberta_mdeberta_v1,
tunisieannonce_c5654b64ed75,tunisieannonce,0.0,positive,0.3171,0.25,17.35,normal,['external_contact'],xlm_roberta_mdeberta_v1,
tunisieannonce_1d47ccb22dde,tunisieannonce,0.0,positive,0.3438,0.0,12.03,normal,[],xlm_roberta_mdeberta_v1,
tunisieannonce_1d3b8d5467a6,tunisieannonce,0.0,positive,0.3033,0.0,10.62,normal,[],xlm_roberta_mdeberta_v1,
tunisieannonce_1d224a1f6aca,tunisieannonce,0.0,positive,0.3208,0.55,24.98,suspect,"['urgency_detected', 'external_contact']",xlm_roberta_mdeberta_v1,
tunisieannonce_1d5e0645adbf,tunisieannonce,0.0,positive,0.4088,0.55,28.06,suspect,"['urgency_detected', 'external_contact']",xlm_roberta_mdeberta_v1,
tunisieannonce_1df66c27c00e,tunisieannonce,0.0,positive,0.3158,0.0,11.05,normal,[],xlm_roberta_mdeberta_v1,
tunisieannonce_1d537d2bbebf,tunisieannonce,0.0,positive,0.3514,0.2,17.3,normal,['no_images_suspicious'],xlm_roberta_mdeberta_v1,
tunisieannonce_1d844da68565,tunisieannonce,0.5794,negative,0.3412,0.55,48.87,suspect,"['urgency_detected', 'external_contact']",xlm_roberta_mdeberta_v1,
tunisieannonce_1db89dbf3a61,tunisieannonce,0.0,positive,0.3793,0.3,20.78,normal,['urgency_detected'],xlm_roberta_mdeberta_v1,
tunisieannonce_1de5f54fc5f2,tunisieannonce,0.0,positive,0.3011,0.0,10.54,normal,[],xlm_roberta_mdeberta_v1,
tunisieannonce_1e315a1ede3f,tunisieannonce,0.0847,neutral,0.3493,0.2,20.61,normal,['no_images_suspicious'],xlm_roberta_mdeberta_v1,
tunisieannonce_1ebef9329f55,tunisieannonce,0.0,positive,0.3353,0.55,25.49,suspect,"['urgency_detected', 'external_contact']",xlm_roberta_mdeberta_v1,
tunisieannonce_1ec739739319,tunisieannonce,0.0,positive,0.3124,0.2,15.93,normal,['no_images_suspicious'],xlm_roberta_mdeberta_v1,
tunisieannonce_1ebcf166d6d9,tunisieannonce,0.0,positive,0.3586,0.75,31.3,suspect,"['urgency_detected', 'external_contact', 'no_images_suspicious']",xlm_roberta_mdeberta_v1,
tunisieannonce_1e49ff1c6b53,tunisieannonce,0.0,positive,0.3345,0.75,30.46,suspect,"['urgency_detected', 'external_contact', 'no_images_suspicious']",xlm_roberta_mdeberta_v1,
tunisieannonce_1e5bf7fc9559,tunisieannonce,0.0,positive,0.3173,0.25,17.36,normal,['external_contact'],xlm_roberta_mdeberta_v1,
tunisieannonce_1e18206c3c16,tunisieannonce,0.0,positive,0.3528,0.0,12.35,normal,[],xlm_roberta_mdeberta_v1,
tunisieannonce_1f627bb0f4c0,tunisieannonce,0.0,positive,0.3354,0.2,16.74,normal,['no_images_suspicious'],xlm_roberta_mdeberta_v1,
tunisieannonce_1fdf4710fc27,tunisieannonce,0.0,positive,0.3809,0.55,27.08,suspect,"['urgency_detected', 'external_contact']",xlm_roberta_mdeberta_v1,
tunisieannonce_1ecc552551c3,tunisieannonce,0.0,positive,0.2857,0.0,10.0,normal,[],xlm_roberta_mdeberta_v1,
tunisieannonce_1f87239c449f,tunisieannonce,0.3736,negative,0.3443,0.0,26.99,suspect,[],xlm_roberta_mdeberta_v1,
tunisieannonce_1fda1700362b,tunisieannonce,0.0,positive,0.3509,0.0,12.28,normal,[],xlm_roberta_mdeberta_v1,
tunisieannonce_1fef47a75618,tunisieannonce,0.2894,negative,0.3557,0.25,30.28,suspect,['external_contact'],xlm_roberta_mdeberta_v1,
tunisieannonce_1effb02fa507,tunisieannonce,0.0,positive,0.3459,0.0,12.11,normal,[],xlm_roberta_mdeberta_v1,
tunisieannonce_1f6687c3a8e0,tunisieannonce,0.0,positive,0.3744,0.0,13.1,normal,[],xlm_roberta_mdeberta_v1,
tunisieannonce_202f43d784ea,tunisieannonce,0.0,positive,0.3302,0.0,11.56,normal,[],xlm_roberta_mdeberta_v1,
tunisieannonce_201f06a6c722,tunisieannonce,0.4965,negative,0.386,0.25,39.62,suspect,['external_contact'],xlm_roberta_mdeberta_v1,
tunisieannonce_1ffa4eeb121d,tunisieannonce,0.0,positive,0.3271,0.25,17.7,normal,['external_contact'],xlm_roberta_mdeberta_v1,
tunisieannonce_204f1325be7c,tunisieannonce,0.0,positive,0.3448,0.0,12.07,normal,[],xlm_roberta_mdeberta_v1,
tunisieannonce_2003bc1c5d34,tunisieannonce,0.0,positive,0.371,0.0,12.98,normal,[],xlm_roberta_mdeberta_v1,
tunisieannonce_1ff37ccbab86,tunisieannonce,0.0,positive,0.3169,0.0,11.09,normal,[],xlm_roberta_mdeberta_v1,
tunisieannonce_20455b704dfb,tunisieannonce,0.2393,negative,0.3429,0.2,26.57,suspect,['no_images_suspicious'],xlm_roberta_mdeberta_v1,
tunisieannonce_205474692b7f,tunisieannonce,0.0,positive,0.3781,0.2,18.23,normal,['no_images_suspicious'],xlm_roberta_mdeberta_v1,
tunisieannonce_209a8cf64789,tunisieannonce,0.0,positive,0.3418,0.25,18.21,normal,['external_contact'],xlm_roberta_mdeberta_v1,
tunisieannonce_20ac74ff6bb6,tunisieannonce,0.0,positive,0.3588,0.0,12.56,normal,[],xlm_roberta_mdeberta_v1,
tunisieannonce_20b9dd39bfaf,tunisieannonce,0.0,positive,0.324,0.0,11.34,normal,[],xlm_roberta_mdeberta_v1,
tunisieannonce_2064e0d11027,tunisieannonce,0.0,positive,0.3237,0.25,17.58,normal,['external_contact'],xlm_roberta_mdeberta_v1,
tunisieannonce_2091e416c9b6,tunisieannonce,0.0,positive,0.3655,0.0,12.79,normal,[],xlm_roberta_mdeberta_v1,
tunisieannonce_20a33d20e091,tunisieannonce,0.0,positive,0.2942,0.0,10.3,normal,[],xlm_roberta_mdeberta_v1,
tunisieannonce_205bfc0f493b,tunisieannonce,0.0,positive,0.2552,0.55,22.68,suspect,"['urgency_detected', 'external_contact']",xlm_roberta_mdeberta_v1,
tunisieannonce_218ef1f51dad,tunisieannonce,0.0,positive,0.3915,0.25,19.95,normal,['external_contact'],xlm_roberta_mdeberta_v1,
tunisieannonce_211d1037152f,tunisieannonce,0.0,positive,0.3458,0.0,12.1,normal,[],xlm_roberta_mdeberta_v1,
tunisieannonce_20ffd424a5f8,tunisieannonce,0.0,positive,0.3148,0.3,18.52,normal,['urgency_detected'],xlm_roberta_mdeberta_v1,
tunisieannonce_219618f44562,tunisieannonce,0.0,positive,0.3099,0.25,17.1,normal,['external_contact'],xlm_roberta_mdeberta_v1,
tunisieannonce_213e0501ee0f,tunisieannonce,0.0,positive,0.2824,0.0,9.88,normal,[],xlm_roberta_mdeberta_v1,
tunisieannonce_219f48bfcfe8,tunisieannonce,0.0,positive,0.3301,0.0,11.55,normal,[],xlm_roberta_mdeberta_v1,
tunisieannonce_22132d25a9ef,tunisieannonce,0.0,positive,0.3486,0.2,17.2,normal,['no_images_suspicious'],xlm_roberta_mdeberta_v1,
tunisieannonce_21ca4adade13,tunisieannonce,0.0,positive,0.2876,0.0,10.07,normal,[],xlm_roberta_mdeberta_v1,
tunisieannonce_225687ad3f48,tunisieannonce,0.078,neutral,0.3139,0.2,19.11,normal,['no_images_suspicious'],xlm_roberta_mdeberta_v1,
tunisieannonce_2202608feaa6,tunisieannonce,0.0,positive,0.3064,0.55,24.47,suspect,"['urgency_detected', 'external_contact']",xlm_roberta_mdeberta_v1,
tunisieannonce_233dbc2d1cce,tunisieannonce,0.0,positive,0.3593,0.0,12.58,normal,[],xlm_roberta_mdeberta_v1,
tunisieannonce_21f132bb3b93,tunisieannonce,0.0,positive,0.2796,0.0,9.79,normal,[],xlm_roberta_mdeberta_v1,
tunisieannonce_2266ec683b77,tunisieannonce,0.0,positive,0.386,0.55,27.26,suspect,"['urgency_detected', 'external_contact']",xlm_roberta_mdeberta_v1,
tunisieannonce_21b91bbc4782,tunisieannonce,0.293,negative,0.3422,0.45,34.95,suspect,"['external_contact', 'no_images_suspicious']",xlm_roberta_mdeberta_v1,
tunisieannonce_226eb217d1e7,tunisieannonce,0.1013,neutral,0.3684,0.0,16.95,normal,[],xlm_roberta_mdeberta_v1,
tunisieannonce_22920bd6fc77,tunisieannonce,0.2661,negative,0.3666,0.2,28.48,suspect,['no_images_suspicious'],xlm_roberta_mdeberta_v1,
tunisieannonce_2333a4f3da14,tunisieannonce,0.0,positive,0.3331,0.0,11.66,normal,[],xlm_roberta_mdeberta_v1,
tunisieannonce_22911a35b148,tunisieannonce,0.0,positive,0.3058,0.0,10.7,normal,[],xlm_roberta_mdeberta_v1,
tunisieannonce_22fd0c6117fd,tunisieannonce,0.0,positive,0.3168,0.55,24.84,suspect,"['urgency_detected', 'external_contact']",xlm_roberta_mdeberta_v1,
tunisieannonce_234dbc7019b5,tunisieannonce,0.0727,neutral,0.343,0.0,14.91,normal,[],xlm_roberta_mdeberta_v1,
tunisieannonce_234642c767e4,tunisieannonce,0.0,positive,0.3036,0.2,15.63,normal,['no_images_suspicious'],xlm_roberta_mdeberta_v1,
tunisieannonce_239a4b9bbb5d,tunisieannonce,0.3263,negative,0.3559,0.75,44.26,suspect,"['urgency_detected', 'external_contact', 'no_images_suspicious']",xlm_roberta_mdeberta_v1,
tunisieannonce_23ec3ed60bb6,tunisieannonce,0.0,positive,0.3368,0.2,16.79,normal,['no_images_suspicious'],xlm_roberta_mdeberta_v1,
tunisieannonce_23a791f1d38f,tunisieannonce,0.0,positive,0.334,0.0,11.69,normal,[],xlm_roberta_mdeberta_v1,
tunisieannonce_23b17e6d24f0,tunisieannonce,0.2682,negative,0.3681,0.55,37.36,suspect,"['urgency_detected', 'external_contact']",xlm_roberta_mdeberta_v1,
tunisieannonce_23cb610ae33c,tunisieannonce,0.4031,negative,0.3404,0.0,28.04,suspect,[],xlm_roberta_mdeberta_v1,
tunisieannonce_25119f836bbd,tunisieannonce,0.0,positive,0.407,0.2,19.25,normal,['no_images_suspicious'],xlm_roberta_mdeberta_v1,
tunisieannonce_24e1fa8bb351,tunisieannonce,0.6335,negative,0.4013,0.55,53.14,fraud_likely,"['urgency_detected', 'external_contact']",xlm_roberta_mdeberta_v1,"Cette annonce immobilière est suspecte en raison de plusieurs signaux détectés : un score fraude élevé (53.1/100), un sentiment négatif (score 0.63), un score zero-shot fraude élevé (0.40) et l'activation des flags urgence détectée et contact externe."
tunisieannonce_23a69b74d64c,tunisieannonce,0.0,positive,0.3896,0.45,24.89,suspect,"['external_contact', 'no_images_suspicious']",xlm_roberta_mdeberta_v1,
tunisieannonce_23cdcdcd0781,tunisieannonce,0.0,positive,0.3305,0.25,17.82,normal,['external_contact'],xlm_roberta_mdeberta_v1,
tunisieannonce_2457931bf6db,tunisieannonce,0.0,positive,0.3436,0.0,12.03,normal,[],xlm_roberta_mdeberta_v1,
tunisieannonce_24566b6d4d65,tunisieannonce,0.0,positive,0.3377,0.0,11.82,normal,[],xlm_roberta_mdeberta_v1,
tunisieannonce_24e6961d6bbd,tunisieannonce,0.0,positive,0.3311,0.25,17.84,normal,['external_contact'],xlm_roberta_mdeberta_v1,
tunisieannonce_25bef0412b0d,tunisieannonce,0.0,positive,0.4498,0.55,29.49,suspect,"['urgency_detected', 'external_contact']",xlm_roberta_mdeberta_v1,
tunisieannonce_25a8914c5bc1,tunisieannonce,0.0,positive,0.3842,0.25,19.7,normal,['external_contact'],xlm_roberta_mdeberta_v1,
tunisieannonce_254c4a889414,tunisieannonce,0.0,positive,0.3257,0.25,17.65,normal,['external_contact'],xlm_roberta_mdeberta_v1,
tunisieannonce_c8f2fe0903cc,tunisieannonce,0.0,positive,0.2968,0.2,15.39,normal,['no_images_suspicious'],xlm_roberta_mdeberta_v1,
tunisieannonce_2592ac8b6838,tunisieannonce,0.0,positive,0.3028,0.55,24.35,suspect,"['urgency_detected', 'external_contact']",xlm_roberta_mdeberta_v1,
tunisieannonce_2592917e3776,tunisieannonce,0.0,positive,0.337,0.0,11.79,normal,[],xlm_roberta_mdeberta_v1,
tunisieannonce_25cec9e29f28,tunisieannonce,0.0,positive,0.3586,0.0,12.55,normal,[],xlm_roberta_mdeberta_v1,
tunisieannonce_2b134503ad3b,tunisieannonce,0.0,positive,0.3357,0.3,19.25,normal,['urgency_detected'],xlm_roberta_mdeberta_v1,
tunisieannonce_25f29899dcdb,tunisieannonce,0.0,positive,0.3581,0.2,17.53,normal,['no_images_suspicious'],xlm_roberta_mdeberta_v1,
tunisieannonce_26e7547cc7ff,tunisieannonce,0.0662,neutral,0.362,0.2,20.32,normal,['no_images_suspicious'],xlm_roberta_mdeberta_v1,
tunisieannonce_26ac0a6b9e4d,tunisieannonce,0.0837,neutral,0.3545,0.55,29.51,suspect,"['urgency_detected', 'external_contact']",xlm_roberta_mdeberta_v1,
tunisieannonce_26d2b20ece46,tunisieannonce,0.0657,neutral,0.3634,0.0,15.35,normal,[],xlm_roberta_mdeberta_v1,
tunisieannonce_25d97fdc9ec6,tunisieannonce,0.0,positive,0.3175,0.0,11.11,normal,[],xlm_roberta_mdeberta_v1,
tunisieannonce_2685ef7abe7d,tunisieannonce,0.0,positive,0.3301,0.0,11.55,normal,[],xlm_roberta_mdeberta_v1,
tunisieannonce_25e967c08624,tunisieannonce,0.0,positive,0.3485,0.25,18.45,normal,['external_contact'],xlm_roberta_mdeberta_v1,
tunisieannonce_26d7b8c2d99e,tunisieannonce,0.0,positive,0.3059,0.0,10.71,normal,[],xlm_roberta_mdeberta_v1,
tunisieannonce_27d80ca716fe,tunisieannonce,0.0,positive,0.4018,0.0,14.06,normal,[],xlm_roberta_mdeberta_v1,
tunisieannonce_27a63288ee51,tunisieannonce,0.0,positive,0.3534,0.0,12.37,normal,[],xlm_roberta_mdeberta_v1,
tunisieannonce_2746f71fce56,tunisieannonce,0.3857,negative,0.3507,0.0,27.7,suspect,[],xlm_roberta_mdeberta_v1,
tunisieannonce_2787eb36396b,tunisieannonce,0.0,positive,0.3594,0.25,18.83,normal,['external_contact'],xlm_roberta_mdeberta_v1,
tunisieannonce_2768007c2e90,tunisieannonce,0.0,positive,0.4173,0.0,14.61,normal,[],xlm_roberta_mdeberta_v1,
tunisieannonce_27646b9bca13,tunisieannonce,0.0,positive,0.3406,0.0,11.92,normal,[],xlm_roberta_mdeberta_v1,
tunisieannonce_279a906eae74,tunisieannonce,0.0,positive,0.3497,0.0,12.24,normal,[],xlm_roberta_mdeberta_v1,
tunisieannonce_285af69f2076,tunisieannonce,0.0,positive,0.2977,0.3,17.92,normal,['urgency_detected'],xlm_roberta_mdeberta_v1,
tunisieannonce_2811f064217e,tunisieannonce,0.0,positive,0.2199,0.0,7.7,normal,[],xlm_roberta_mdeberta_v1,
tunisieannonce_27ec8c04fb30,tunisieannonce,0.0,positive,0.3919,0.3,21.22,suspect,['urgency_detected'],xlm_roberta_mdeberta_v1,
tunisieannonce_280e4af72865,tunisieannonce,0.0,positive,0.3443,0.0,12.05,normal,[],xlm_roberta_mdeberta_v1,
tunisieannonce_288b30af0dd1,tunisieannonce,0.0,positive,0.4023,0.2,19.08,normal,['no_images_suspicious'],xlm_roberta_mdeberta_v1,
tunisieannonce_28c8ef73a11a,tunisieannonce,0.0,positive,0.3186,0.2,16.15,normal,['no_images_suspicious'],xlm_roberta_mdeberta_v1,
tunisieannonce_2825a5075b52,tunisieannonce,0.0,positive,0.3588,0.45,23.81,suspect,"['external_contact', 'no_images_suspicious']",xlm_roberta_mdeberta_v1,
tunisieannonce_27f38440a64b,tunisieannonce,0.0,positive,0.3491,0.0,12.22,normal,[],xlm_roberta_mdeberta_v1,
tunisieannonce_28ab2626be83,tunisieannonce,0.279,negative,0.3398,0.75,41.8,suspect,"['urgency_detected', 'external_contact', 'no_images_suspicious']",xlm_roberta_mdeberta_v1,
tunisieannonce_2899313f6200,tunisieannonce,0.081,neutral,0.3413,0.0,15.19,normal,[],xlm_roberta_mdeberta_v1,
tunisieannonce_28eafb8c801b,tunisieannonce,0.0,positive,0.319,0.0,11.16,normal,[],xlm_roberta_mdeberta_v1,
tunisieannonce_2985f18af07c,tunisieannonce,0.6269,negative,0.3497,0.0,37.32,suspect,[],xlm_roberta_mdeberta_v1,
tunisieannonce_289396c5a2d9,tunisieannonce,0.0,positive,0.3158,0.0,11.05,normal,[],xlm_roberta_mdeberta_v1,
tunisieannonce_28bfe44070ca,tunisieannonce,0.2549,negative,0.3251,0.0,21.57,suspect,[],xlm_roberta_mdeberta_v1,
tunisieannonce_28b9e383da44,tunisieannonce,0.0,positive,0.3246,0.75,30.11,suspect,"['urgency_detected', 'external_contact', 'no_images_suspicious']",xlm_roberta_mdeberta_v1,
tunisieannonce_28bf682bfd5f,tunisieannonce,0.0,positive,0.3745,0.25,19.36,normal,['external_contact'],xlm_roberta_mdeberta_v1,
tunisieannonce_29bd0ce5368c,tunisieannonce,0.39,negative,0.3423,0.3,35.08,suspect,['urgency_detected'],xlm_roberta_mdeberta_v1,
tunisieannonce_299ddbf31fdc,tunisieannonce,0.5365,negative,0.3329,0.25,39.36,suspect,['external_contact'],xlm_roberta_mdeberta_v1,
tunisieannonce_299133f48ee8,tunisieannonce,0.0,positive,0.3593,0.0,12.58,normal,[],xlm_roberta_mdeberta_v1,
tunisieannonce_295b6df824e2,tunisieannonce,0.0952,neutral,0.355,0.0,16.23,normal,[],xlm_roberta_mdeberta_v1,
tunisieannonce_2953ab95139c,tunisieannonce,0.3926,negative,0.3463,0.0,27.82,suspect,[],xlm_roberta_mdeberta_v1,
tunisieannonce_29b86daaa44d,tunisieannonce,0.0,positive,0.3285,0.0,11.5,normal,[],xlm_roberta_mdeberta_v1,
tunisieannonce_2a043ebc423a,tunisieannonce,0.0,positive,0.3166,0.25,17.33,normal,['external_contact'],xlm_roberta_mdeberta_v1,
tunisieannonce_296c03b9e55d,tunisieannonce,0.0,positive,0.3562,0.0,12.47,normal,[],xlm_roberta_mdeberta_v1,
tunisieannonce_2a7a3e99f07e,tunisieannonce,0.0,positive,0.3385,0.0,11.85,normal,[],xlm_roberta_mdeberta_v1,
tunisieannonce_2a6bd6f563a7,tunisieannonce,0.0,positive,0.3777,0.0,13.22,normal,[],xlm_roberta_mdeberta_v1,
tunisieannonce_2a2c2895ebbd,tunisieannonce,0.1071,neutral,0.3633,0.25,23.25,suspect,['external_contact'],xlm_roberta_mdeberta_v1,
tunisieannonce_29ee88df00c8,tunisieannonce,0.0,positive,0.3395,0.0,11.88,normal,[],xlm_roberta_mdeberta_v1,
tunisieannonce_2a7d825c835b,tunisieannonce,0.0,positive,0.3784,0.0,13.24,normal,[],xlm_roberta_mdeberta_v1,
tunisieannonce_29bebb7c34c2,tunisieannonce,0.3204,negative,0.3376,0.0,24.63,suspect,[],xlm_roberta_mdeberta_v1,
tunisieannonce_2ac46e0683e6,tunisieannonce,0.532,negative,0.4059,0.0,35.49,suspect,[],xlm_roberta_mdeberta_v1,
tunisieannonce_2abffe744fb3,tunisieannonce,0.0,positive,0.3928,0.55,27.5,suspect,"['urgency_detected', 'external_contact']",xlm_roberta_mdeberta_v1,
tunisieannonce_2ab3cdce6860,tunisieannonce,0.0,positive,0.353,0.2,17.35,normal,['no_images_suspicious'],xlm_roberta_mdeberta_v1,
tunisieannonce_2aa275ee265e,tunisieannonce,0.0,positive,0.3297,0.3,19.04,normal,['urgency_detected'],xlm_roberta_mdeberta_v1,
tunisieannonce_2aa9b549c42c,tunisieannonce,0.0,positive,0.354,0.0,12.39,normal,[],xlm_roberta_mdeberta_v1,
tunisieannonce_2ac22186d716,tunisieannonce,0.0,positive,0.3122,0.75,29.68,suspect,"['urgency_detected', 'external_contact', 'no_images_suspicious']",xlm_roberta_mdeberta_v1,
tunisieannonce_2af11613c4e7,tunisieannonce,0.0,positive,0.3596,0.25,18.84,normal,['external_contact'],xlm_roberta_mdeberta_v1,
tunisieannonce_2af68d2f30ff,tunisieannonce,0.0,positive,0.3379,0.0,11.83,normal,[],xlm_roberta_mdeberta_v1,
tunisieannonce_2ba0f59cff79,tunisieannonce,0.0,positive,0.3932,0.3,21.26,suspect,['urgency_detected'],xlm_roberta_mdeberta_v1,
tunisieannonce_2b240f97fa50,tunisieannonce,0.0,positive,0.3423,0.0,11.98,normal,[],xlm_roberta_mdeberta_v1,
tunisieannonce_2b3527ebdd0f,tunisieannonce,0.0,positive,0.3368,0.0,11.79,normal,[],xlm_roberta_mdeberta_v1,
tunisieannonce_2b4be0228e1d,tunisieannonce,0.0,positive,0.2996,0.25,16.74,normal,['external_contact'],xlm_roberta_mdeberta_v1,
tunisieannonce_2b2bcb8277dd,tunisieannonce,0.0,positive,0.337,0.55,25.55,suspect,"['urgency_detected', 'external_contact']",xlm_roberta_mdeberta_v1,
tunisieannonce_2b2c082e79b7,tunisieannonce,0.0,positive,0.356,0.45,23.71,suspect,"['external_contact', 'no_images_suspicious']",xlm_roberta_mdeberta_v1,
tunisieannonce_2c3955746c45,tunisieannonce,0.1156,neutral,0.3907,0.0,18.3,normal,[],xlm_roberta_mdeberta_v1,
tunisieannonce_2be4ea76d55c,tunisieannonce,0.0875,neutral,0.381,0.55,30.59,suspect,"['urgency_detected', 'external_contact']",xlm_roberta_mdeberta_v1,
tunisieannonce_2c48776a456c,tunisieannonce,0.0,positive,0.36,0.2,17.6,normal,['no_images_suspicious'],xlm_roberta_mdeberta_v1,
tunisieannonce_2bf33c9c3ca1,tunisieannonce,0.0,positive,0.3833,0.0,13.42,normal,[],xlm_roberta_mdeberta_v1,
tunisieannonce_2c4291705f3e,tunisieannonce,0.1156,neutral,0.3907,0.0,18.3,normal,[],xlm_roberta_mdeberta_v1,
tunisieannonce_2c2a7588a1e9,tunisieannonce,0.0,positive,0.3315,0.2,16.6,normal,['no_images_suspicious'],xlm_roberta_mdeberta_v1,
tunisieannonce_2c49fbcbc845,tunisieannonce,0.6749,negative,0.3315,0.45,49.85,suspect,"['external_contact', 'no_images_suspicious']",xlm_roberta_mdeberta_v1,
tunisieannonce_2dbdbed11011,tunisieannonce,0.0,positive,0.314,0.45,22.24,suspect,"['external_contact', 'no_images_suspicious']",xlm_roberta_mdeberta_v1,
tunisieannonce_2cf1fd9dc485,tunisieannonce,0.0,positive,0.3318,0.0,11.61,normal,[],xlm_roberta_mdeberta_v1,
tunisieannonce_2c93a34a2c86,tunisieannonce,0.0,positive,0.3236,0.2,16.33,normal,['no_images_suspicious'],xlm_roberta_mdeberta_v1,
tunisieannonce_2f3b3d5bc278,tunisieannonce,0.5654,negative,0.3593,0.0,35.19,suspect,[],xlm_roberta_mdeberta_v1,
tunisieannonce_2ce57115435c,tunisieannonce,0.0,positive,0.3546,0.0,12.41,normal,[],xlm_roberta_mdeberta_v1,
tunisieannonce_2cdcec61d586,tunisieannonce,0.0,positive,0.3636,0.3,20.23,normal,['urgency_detected'],xlm_roberta_mdeberta_v1,
tunisieannonce_2caa6e036de6,tunisieannonce,0.0,positive,0.3217,0.25,17.51,normal,['external_contact'],xlm_roberta_mdeberta_v1,
tunisieannonce_2c6e42e55188,tunisieannonce,0.0,positive,0.3508,0.0,12.28,normal,[],xlm_roberta_mdeberta_v1,
tunisieannonce_2e3bc8ce8ebb,tunisieannonce,0.0,positive,0.3285,0.0,11.5,normal,[],xlm_roberta_mdeberta_v1,
tunisieannonce_2e14c2ee40c3,tunisieannonce,0.0781,neutral,0.3648,0.45,27.14,suspect,"['external_contact', 'no_images_suspicious']",xlm_roberta_mdeberta_v1,
tunisieannonce_2ec88ce3f168,tunisieannonce,0.0,positive,0.3539,0.75,31.14,suspect,"['urgency_detected', 'external_contact', 'no_images_suspicious']",xlm_roberta_mdeberta_v1,
tunisieannonce_2ea4acb7a101,tunisieannonce,0.2879,negative,0.3345,0.2,28.22,suspect,['no_images_suspicious'],xlm_roberta_mdeberta_v1,
tunisieannonce_2e1c52dbeeaf,tunisieannonce,0.0715,neutral,0.3342,0.3,22.06,suspect,['urgency_detected'],xlm_roberta_mdeberta_v1,
tunisieannonce_2f734aa7a7e5,tunisieannonce,0.0,positive,0.305,0.0,10.67,normal,[],xlm_roberta_mdeberta_v1,
tunisieannonce_2ed67fd520a3,tunisieannonce,0.3801,negative,0.3769,0.2,33.4,suspect,['no_images_suspicious'],xlm_roberta_mdeberta_v1,
tunisieannonce_2f78eeabe70e,tunisieannonce,0.0,positive,0.3064,0.25,16.97,normal,['external_contact'],xlm_roberta_mdeberta_v1,
tunisieannonce_2f48e42708d9,tunisieannonce,0.0,positive,0.3328,0.0,11.65,normal,[],xlm_roberta_mdeberta_v1,
tunisieannonce_2f57b0ccb302,tunisieannonce,0.0,positive,0.3422,0.0,11.98,normal,[],xlm_roberta_mdeberta_v1,
tunisieannonce_2f4de7295a5a,tunisieannonce,0.0,positive,0.2887,0.25,16.35,normal,['external_contact'],xlm_roberta_mdeberta_v1,
tunisieannonce_2fb781415683,tunisieannonce,0.0,positive,0.3122,0.0,10.93,normal,[],xlm_roberta_mdeberta_v1,
tunisieannonce_3024b54c8646,tunisieannonce,0.0,positive,0.3566,0.0,12.48,normal,[],xlm_roberta_mdeberta_v1,
tunisieannonce_2fcf9bec8c25,tunisieannonce,0.0,positive,0.3665,0.3,20.33,normal,['urgency_detected'],xlm_roberta_mdeberta_v1,
tunisieannonce_2fbb272e7eeb,tunisieannonce,0.4558,negative,0.3524,0.2,35.57,suspect,['no_images_suspicious'],xlm_roberta_mdeberta_v1,
tunisieannonce_2fadf3e06544,tunisieannonce,0.0,positive,0.3746,0.0,13.11,normal,[],xlm_roberta_mdeberta_v1,
tunisieannonce_2fa470c21bf3,tunisieannonce,0.2634,negative,0.4018,0.3,32.1,suspect,['urgency_detected'],xlm_roberta_mdeberta_v1,
tunisieannonce_31f1737f5415,tunisieannonce,0.0,positive,0.3041,0.55,24.39,suspect,"['urgency_detected', 'external_contact']",xlm_roberta_mdeberta_v1,
tunisieannonce_30ea16790b42,tunisieannonce,0.4239,negative,0.3449,0.0,29.03,suspect,[],xlm_roberta_mdeberta_v1,
tunisieannonce_30ba0e46a952,tunisieannonce,0.0,positive,0.3199,0.0,11.2,normal,[],xlm_roberta_mdeberta_v1,
tunisieannonce_30ad2e2320ec,tunisieannonce,0.0,positive,0.3878,0.55,27.32,suspect,"['urgency_detected', 'external_contact']",xlm_roberta_mdeberta_v1,
tunisieannonce_3038f28f5a0c,tunisieannonce,0.0,positive,0.276,0.0,9.66,normal,[],xlm_roberta_mdeberta_v1,
tunisieannonce_3511b9f00dac,tunisieannonce,0.6937,negative,0.338,0.2,44.58,suspect,['no_images_suspicious'],xlm_roberta_mdeberta_v1,
tunisieannonce_30407dcd9318,tunisieannonce,0.0,positive,0.3408,0.0,11.93,normal,[],xlm_roberta_mdeberta_v1,
tunisieannonce_305e2eb89baf,tunisieannonce,0.0,positive,0.3396,0.25,18.14,normal,['external_contact'],xlm_roberta_mdeberta_v1,
tunisieannonce_310e9320ded0,tunisieannonce,0.0,positive,0.3318,0.2,16.61,normal,['no_images_suspicious'],xlm_roberta_mdeberta_v1,
tunisieannonce_323d87f1f9a7,tunisieannonce,0.0,positive,0.346,0.0,12.11,normal,[],xlm_roberta_mdeberta_v1,
tunisieannonce_325ab4eb2eff,tunisieannonce,0.0,positive,0.2766,0.25,15.93,normal,['external_contact'],xlm_roberta_mdeberta_v1,
tunisieannonce_328e00ee69b7,tunisieannonce,0.0,positive,0.4008,0.0,14.03,normal,[],xlm_roberta_mdeberta_v1,
tunisieannonce_31bca9b4fba6,tunisieannonce,0.0,positive,0.346,0.3,19.61,normal,['urgency_detected'],xlm_roberta_mdeberta_v1,
tunisieannonce_3412a1258c0b,tunisieannonce,0.0,positive,0.3788,0.25,19.51,normal,['external_contact'],xlm_roberta_mdeberta_v1,
tunisieannonce_31595d929680,tunisieannonce,0.0,positive,0.4039,0.75,32.89,suspect,"['urgency_detected', 'external_contact', 'no_images_suspicious']",xlm_roberta_mdeberta_v1,
tunisieannonce_33c44ec763a8,tunisieannonce,0.0,positive,0.3054,0.55,24.44,suspect,"['urgency_detected', 'external_contact']",xlm_roberta_mdeberta_v1,
tunisieannonce_3324c774bc68,tunisieannonce,0.0,positive,0.3447,0.0,12.06,normal,[],xlm_roberta_mdeberta_v1,
tunisieannonce_330806f58127,tunisieannonce,0.0,positive,0.3523,0.0,12.33,normal,[],xlm_roberta_mdeberta_v1,
tunisieannonce_32c9f04fe454,tunisieannonce,0.1716,negative,0.3624,0.0,19.55,normal,[],xlm_roberta_mdeberta_v1,
tunisieannonce_33b824baf06c,tunisieannonce,0.0,positive,0.3707,0.0,12.97,normal,[],xlm_roberta_mdeberta_v1,
tunisieannonce_32c4a2e84b86,tunisieannonce,0.0,positive,0.3742,0.55,26.85,suspect,"['urgency_detected', 'external_contact']",xlm_roberta_mdeberta_v1,
tunisieannonce_33f05c669ec4,tunisieannonce,0.0,positive,0.4118,0.2,19.41,normal,['no_images_suspicious'],xlm_roberta_mdeberta_v1,
tunisieannonce_35056cd3ee2e,tunisieannonce,0.0838,neutral,0.3571,0.55,29.6,suspect,"['urgency_detected', 'external_contact']",xlm_roberta_mdeberta_v1,
tunisieannonce_34f5967623f6,tunisieannonce,0.081,neutral,0.3444,0.25,21.54,suspect,['external_contact'],xlm_roberta_mdeberta_v1,
tunisieannonce_445431929246,tunisieannonce,0.0,positive,0.2905,0.0,10.17,normal,[],xlm_roberta_mdeberta_v1,
tunisieannonce_3451ecdb5a16,tunisieannonce,0.0,positive,0.3519,0.25,18.57,normal,['external_contact'],xlm_roberta_mdeberta_v1,
tunisieannonce_34e136333672,tunisieannonce,0.0,positive,0.336,0.0,11.76,normal,[],xlm_roberta_mdeberta_v1,
tunisieannonce_34a773a6c668,tunisieannonce,0.0,positive,0.3915,0.3,21.2,suspect,['urgency_detected'],xlm_roberta_mdeberta_v1,
tunisieannonce_3460372b56ef,tunisieannonce,0.0,positive,0.4078,0.55,28.02,suspect,"['urgency_detected', 'external_contact']",xlm_roberta_mdeberta_v1,
tunisieannonce_ab20b6858e59,tunisieannonce,0.0,positive,0.3405,0.0,11.92,normal,[],xlm_roberta_mdeberta_v1,
tunisieannonce_34b5103319c5,tunisieannonce,0.0,positive,0.3987,0.55,27.7,suspect,"['urgency_detected', 'external_contact']",xlm_roberta_mdeberta_v1,
tunisieannonce_35462656addd,tunisieannonce,0.0,positive,0.3882,0.2,18.59,normal,['no_images_suspicious'],xlm_roberta_mdeberta_v1,
tunisieannonce_357d9d2c733c,tunisieannonce,0.0,positive,0.3342,0.0,11.7,normal,[],xlm_roberta_mdeberta_v1,
tunisieannonce_35fcac4a6215,tunisieannonce,0.0,positive,0.3679,0.0,12.88,normal,[],xlm_roberta_mdeberta_v1,
tunisieannonce_351aeaf65d09,tunisieannonce,0.0,positive,0.3658,0.0,12.8,normal,[],xlm_roberta_mdeberta_v1,
tunisieannonce_353900532643,tunisieannonce,0.0,positive,0.412,0.2,19.42,normal,['no_images_suspicious'],xlm_roberta_mdeberta_v1,
tunisieannonce_351dbe69fad1,tunisieannonce,0.0,positive,0.3168,0.2,16.09,normal,['no_images_suspicious'],xlm_roberta_mdeberta_v1,
tunisieannonce_352ffd48c84c,tunisieannonce,0.0,positive,0.321,0.0,11.23,normal,[],xlm_roberta_mdeberta_v1,
tunisieannonce_359464efac1e,tunisieannonce,0.0,positive,0.3357,0.0,11.75,normal,[],xlm_roberta_mdeberta_v1,
tunisieannonce_355ea5dc9b5b,tunisieannonce,0.0,positive,0.3227,0.0,11.29,normal,[],xlm_roberta_mdeberta_v1,
tunisieannonce_364fdf328ffa,tunisieannonce,0.0,positive,0.3239,0.2,16.34,normal,['no_images_suspicious'],xlm_roberta_mdeberta_v1,
tunisieannonce_362761486af8,tunisieannonce,0.0,positive,0.3636,0.0,12.73,normal,[],xlm_roberta_mdeberta_v1,
tunisieannonce_36aa7f083ed6,tunisieannonce,0.0,positive,0.334,0.0,11.69,normal,[],xlm_roberta_mdeberta_v1,
tunisieannonce_3648f1b67ee8,tunisieannonce,0.0,positive,0.3594,0.0,12.58,normal,[],xlm_roberta_mdeberta_v1,
tunisieannonce_36145fbed1ac,tunisieannonce,0.2451,negative,0.3039,0.2,25.44,suspect,['no_images_suspicious'],xlm_roberta_mdeberta_v1,
tunisieannonce_36a9a39871b1,tunisieannonce,0.0,positive,0.3058,0.0,10.7,normal,[],xlm_roberta_mdeberta_v1,
tunisieannonce_3787fa89424f,tunisieannonce,0.0,positive,0.3176,0.55,24.87,suspect,"['urgency_detected', 'external_contact']",xlm_roberta_mdeberta_v1,
tunisieannonce_373eb5068f00,tunisieannonce,0.0,positive,0.3149,0.0,11.02,normal,[],xlm_roberta_mdeberta_v1,
tunisieannonce_370e89d38223,tunisieannonce,0.0,positive,0.3347,0.25,17.96,normal,['external_contact'],xlm_roberta_mdeberta_v1,
tunisieannonce_36e3954244b5,tunisieannonce,0.0,positive,0.3145,0.25,17.26,normal,['external_contact'],xlm_roberta_mdeberta_v1,
tunisieannonce_36edf357b72f,tunisieannonce,0.0,positive,0.3132,0.25,17.21,normal,['external_contact'],xlm_roberta_mdeberta_v1,
tunisieannonce_372e502b5423,tunisieannonce,0.5135,negative,0.3127,0.0,31.48,suspect,[],xlm_roberta_mdeberta_v1,
tunisieannonce_37cf5e34568f,tunisieannonce,0.0,positive,0.3325,0.0,11.64,normal,[],xlm_roberta_mdeberta_v1,
tunisieannonce_37d4ceb50547,tunisieannonce,0.0,positive,0.4259,0.25,21.16,suspect,['external_contact'],xlm_roberta_mdeberta_v1,
tunisieannonce_384160d4f8e9,tunisieannonce,0.0,positive,0.3671,0.55,26.6,suspect,"['urgency_detected', 'external_contact']",xlm_roberta_mdeberta_v1,
tunisieannonce_37d990ac1b09,tunisieannonce,0.3787,negative,0.3263,0.2,31.57,suspect,['no_images_suspicious'],xlm_roberta_mdeberta_v1,
tunisieannonce_37f5d734cc8f,tunisieannonce,0.0,positive,0.362,0.25,18.92,normal,['external_contact'],xlm_roberta_mdeberta_v1,
tunisieannonce_37db4b8ee7b2,tunisieannonce,0.0,positive,0.3198,0.0,11.19,normal,[],xlm_roberta_mdeberta_v1,
tunisieannonce_38a97fb01111,tunisieannonce,0.0,positive,0.3786,0.0,13.25,normal,[],xlm_roberta_mdeberta_v1,
tunisieannonce_3914bcc606bf,tunisieannonce,0.0,positive,0.2838,0.0,9.93,normal,[],xlm_roberta_mdeberta_v1,
tunisieannonce_39fccdb6b2fd,tunisieannonce,0.0,positive,0.3131,0.25,17.21,normal,['external_contact'],xlm_roberta_mdeberta_v1,
tunisieannonce_3947d02e31c5,tunisieannonce,0.0,positive,0.3174,0.55,24.86,suspect,"['urgency_detected', 'external_contact']",xlm_roberta_mdeberta_v1,
tunisieannonce_39208223e449,tunisieannonce,0.0766,neutral,0.336,0.0,14.82,normal,[],xlm_roberta_mdeberta_v1,
tunisieannonce_38ff3225010d,tunisieannonce,0.0,positive,0.3316,0.2,16.61,normal,['no_images_suspicious'],xlm_roberta_mdeberta_v1,
tunisieannonce_397b762133fe,tunisieannonce,0.0,positive,0.3507,0.75,31.02,suspect,"['urgency_detected', 'external_contact', 'no_images_suspicious']",xlm_roberta_mdeberta_v1,
tunisieannonce_394a652f8db6,tunisieannonce,0.3232,negative,0.3247,0.55,38.04,suspect,"['urgency_detected', 'external_contact']",xlm_roberta_mdeberta_v1,
tunisieannonce_ca56f17f4b55,tunisieannonce,0.3889,negative,0.3081,0.25,32.59,suspect,['external_contact'],xlm_roberta_mdeberta_v1,
tunisieannonce_39c8ffbfbff8,tunisieannonce,0.0,positive,0.3838,0.25,19.68,normal,['external_contact'],xlm_roberta_mdeberta_v1,
tunisieannonce_3a2aef5b7c0f,tunisieannonce,0.2637,negative,0.3286,0.2,27.05,suspect,['no_images_suspicious'],xlm_roberta_mdeberta_v1,
tunisieannonce_39eb24d0cb91,tunisieannonce,0.0785,neutral,0.3635,0.55,29.61,suspect,"['urgency_detected', 'external_contact']",xlm_roberta_mdeberta_v1,
tunisieannonce_39f994465fe1,tunisieannonce,0.0,positive,0.28,0.75,28.55,suspect,"['urgency_detected', 'external_contact', 'no_images_suspicious']",xlm_roberta_mdeberta_v1,
tunisieannonce_39ad5a5484f2,tunisieannonce,0.0,positive,0.3759,0.0,13.16,normal,[],xlm_roberta_mdeberta_v1,
tunisieannonce_3ab6cf5178b7,tunisieannonce,0.0829,neutral,0.3395,0.0,15.2,normal,[],xlm_roberta_mdeberta_v1,
tunisieannonce_3b4e7c45598f,tunisieannonce,0.0,positive,0.3142,0.0,11.0,normal,[],xlm_roberta_mdeberta_v1,
tunisieannonce_3ae74b6e3cce,tunisieannonce,0.0,positive,0.3264,0.0,11.42,normal,[],xlm_roberta_mdeberta_v1,
tunisieannonce_3ab7872ce32a,tunisieannonce,0.0,positive,0.2999,0.55,24.25,suspect,"['urgency_detected', 'external_contact']",xlm_roberta_mdeberta_v1,
tunisieannonce_3af71ada6b3d,tunisieannonce,0.3186,negative,0.4247,0.75,46.36,suspect,"['urgency_detected', 'external_contact', 'no_images_suspicious']",xlm_roberta_mdeberta_v1,
tunisieannonce_3a9f4f094009,tunisieannonce,0.3874,negative,0.3768,0.2,33.68,suspect,['no_images_suspicious'],xlm_roberta_mdeberta_v1,
tunisieannonce_3b14bc9cd72a,tunisieannonce,0.0,positive,0.305,0.0,10.67,normal,[],xlm_roberta_mdeberta_v1,
tunisieannonce_3b084eff09ba,tunisieannonce,0.0,positive,0.3714,0.75,31.75,suspect,"['urgency_detected', 'external_contact', 'no_images_suspicious']",xlm_roberta_mdeberta_v1,
tunisieannonce_3c372976aced,tunisieannonce,0.0,positive,0.3472,0.0,12.15,normal,[],xlm_roberta_mdeberta_v1,
tunisieannonce_3c21581f909f,tunisieannonce,0.0,positive,0.2868,0.0,10.04,normal,[],xlm_roberta_mdeberta_v1,
tunisieannonce_3b7f0e9a0e4b,tunisieannonce,0.0858,neutral,0.3941,0.55,30.98,suspect,"['urgency_detected', 'external_contact']",xlm_roberta_mdeberta_v1,
tunisieannonce_3bb8f2950b00,tunisieannonce,0.0,positive,0.3232,0.0,11.31,normal,[],xlm_roberta_mdeberta_v1,
tunisieannonce_3c2692a82cf8,tunisieannonce,0.0,positive,0.3033,0.25,16.87,normal,['external_contact'],xlm_roberta_mdeberta_v1,
tunisieannonce_3bcc8d26ccf9,tunisieannonce,0.0,positive,0.3648,0.0,12.77,normal,[],xlm_roberta_mdeberta_v1,
tunisieannonce_ef7697c9101f,tunisieannonce,0.0,positive,0.2412,0.0,8.44,normal,[],xlm_roberta_mdeberta_v1,
tunisieannonce_3c76d2e866ea,tunisieannonce,0.0,positive,0.341,0.0,11.94,normal,[],xlm_roberta_mdeberta_v1,
tunisieannonce_3c6ad23b4193,tunisieannonce,0.0,positive,0.2637,0.0,9.23,normal,[],xlm_roberta_mdeberta_v1,
tunisieannonce_3cc185a692e7,tunisieannonce,0.0,positive,0.3416,0.2,16.96,normal,['no_images_suspicious'],xlm_roberta_mdeberta_v1,
tunisieannonce_3d148c7a29da,tunisieannonce,0.0,positive,0.3535,0.55,26.12,suspect,"['urgency_detected', 'external_contact']",xlm_roberta_mdeberta_v1,
tunisieannonce_3cd9263973b9,tunisieannonce,0.0,positive,0.3204,0.75,29.96,suspect,"['urgency_detected', 'external_contact', 'no_images_suspicious']",xlm_roberta_mdeberta_v1,
tunisieannonce_3cd8f1b429cd,tunisieannonce,0.0,positive,0.0678,0.0,2.37,normal,[],xlm_roberta_mdeberta_v1,
tunisieannonce_3c6dd4490686,tunisieannonce,0.0,positive,0.3522,0.25,18.58,normal,['external_contact'],xlm_roberta_mdeberta_v1,
tunisieannonce_3dc00a81d9f0,tunisieannonce,0.0,positive,0.3815,0.3,20.85,normal,['urgency_detected'],xlm_roberta_mdeberta_v1,
tunisieannonce_3d4752c24e53,tunisieannonce,0.0,positive,0.3602,0.2,17.61,normal,['no_images_suspicious'],xlm_roberta_mdeberta_v1,
tunisieannonce_acb53faca082,tunisieannonce,0.0,positive,0.3098,0.55,24.59,suspect,"['urgency_detected', 'external_contact']",xlm_roberta_mdeberta_v1,
tunisieannonce_3dfa7ff36410,tunisieannonce,0.0,positive,0.3511,0.25,18.54,normal,['external_contact'],xlm_roberta_mdeberta_v1,
tunisieannonce_3d48b7ac3756,tunisieannonce,0.0,positive,0.3202,0.55,24.96,suspect,"['urgency_detected', 'external_contact']",xlm_roberta_mdeberta_v1,
tunisieannonce_3e07726b1f39,tunisieannonce,0.0,positive,0.2959,0.55,24.11,suspect,"['urgency_detected', 'external_contact']",xlm_roberta_mdeberta_v1,
tunisieannonce_3e0c80de0ea8,tunisieannonce,0.0,positive,0.3776,0.45,24.47,suspect,"['external_contact', 'no_images_suspicious']",xlm_roberta_mdeberta_v1,
tunisieannonce_3e52fec83fd8,tunisieannonce,0.0,positive,0.2974,0.2,15.41,normal,['no_images_suspicious'],xlm_roberta_mdeberta_v1,
tunisieannonce_3e6c885e145e,tunisieannonce,0.0,positive,0.3514,0.55,26.05,suspect,"['urgency_detected', 'external_contact']",xlm_roberta_mdeberta_v1,
tunisieannonce_3e209c670b48,tunisieannonce,0.0,positive,0.3684,0.0,12.89,normal,[],xlm_roberta_mdeberta_v1,
tunisieannonce_3e0dd355f64a,tunisieannonce,0.267,negative,0.3621,0.45,34.6,suspect,"['external_contact', 'no_images_suspicious']",xlm_roberta_mdeberta_v1,
tunisieannonce_3e3fe08a6079,tunisieannonce,0.0,positive,0.3774,0.0,13.21,normal,[],xlm_roberta_mdeberta_v1,
tunisieannonce_3e351e9017c6,tunisieannonce,0.3555,negative,0.3635,0.2,31.94,suspect,['no_images_suspicious'],xlm_roberta_mdeberta_v1,
tunisieannonce_40df5cc5b776,tunisieannonce,0.1178,neutral,0.3493,0.2,21.94,suspect,['no_images_suspicious'],xlm_roberta_mdeberta_v1,
tunisieannonce_3e314a411cc5,tunisieannonce,0.0,positive,0.3125,0.25,17.19,normal,['external_contact'],xlm_roberta_mdeberta_v1,
tunisieannonce_3e4165c83f86,tunisieannonce,0.3378,negative,0.3749,0.25,32.88,suspect,['external_contact'],xlm_roberta_mdeberta_v1,
tunisieannonce_3e1c50ff0464,tunisieannonce,0.0,positive,0.3143,0.25,17.25,normal,['external_contact'],xlm_roberta_mdeberta_v1,
tunisieannonce_3f0e3508c949,tunisieannonce,0.0,positive,0.3506,0.0,12.27,normal,[],xlm_roberta_mdeberta_v1,
tunisieannonce_4072d5bb68bc,tunisieannonce,0.0844,neutral,0.3993,0.0,17.35,normal,[],xlm_roberta_mdeberta_v1,
tunisieannonce_3eb06934c530,tunisieannonce,0.0,positive,0.4263,0.75,33.67,suspect,"['urgency_detected', 'external_contact', 'no_images_suspicious']",xlm_roberta_mdeberta_v1,
tunisieannonce_3f768c3d7534,tunisieannonce,0.0,positive,0.419,0.25,20.91,normal,['external_contact'],xlm_roberta_mdeberta_v1,
tunisieannonce_3e7abf575811,tunisieannonce,0.0727,neutral,0.3648,0.0,15.68,normal,[],xlm_roberta_mdeberta_v1,
tunisieannonce_3f4d43ae4f92,tunisieannonce,0.0,positive,0.3327,0.55,25.39,suspect,"['urgency_detected', 'external_contact']",xlm_roberta_mdeberta_v1,
tunisieannonce_3f5bc29c51e3,tunisieannonce,0.0,positive,0.3128,0.25,17.2,normal,['external_contact'],xlm_roberta_mdeberta_v1,
tunisieannonce_3fc151489f3d,tunisieannonce,0.1193,neutral,0.378,0.25,24.25,suspect,['external_contact'],xlm_roberta_mdeberta_v1,
tunisieannonce_400ec7d5c687,tunisieannonce,0.0,positive,0.4011,0.2,19.04,normal,['no_images_suspicious'],xlm_roberta_mdeberta_v1,
tunisieannonce_3f78cdbd8e30,tunisieannonce,0.0,positive,0.3356,0.55,25.5,suspect,"['urgency_detected', 'external_contact']",xlm_roberta_mdeberta_v1,
tunisieannonce_3f9984df6e1e,tunisieannonce,0.0,positive,0.3637,0.25,18.98,normal,['external_contact'],xlm_roberta_mdeberta_v1,
tunisieannonce_404de3e2560f,tunisieannonce,0.0,positive,0.3304,0.0,11.56,normal,[],xlm_roberta_mdeberta_v1,
tunisieannonce_4032ada95e7c,tunisieannonce,0.2463,negative,0.3389,0.7,39.21,suspect,"['vague_description', 'external_contact', 'no_images_suspicious']",xlm_roberta_mdeberta_v1,
tunisieannonce_405d0fa2c7b8,tunisieannonce,0.0766,neutral,0.3386,0.0,14.92,normal,[],xlm_roberta_mdeberta_v1,
tunisieannonce_41095e7ba91a,tunisieannonce,0.0,positive,0.2803,0.0,9.81,normal,[],xlm_roberta_mdeberta_v1,
tunisieannonce_405e734d0681,tunisieannonce,0.0,positive,0.33,0.0,11.55,normal,[],xlm_roberta_mdeberta_v1,
tunisieannonce_41061e733d81,tunisieannonce,0.0,positive,0.3173,0.25,17.36,normal,['external_contact'],xlm_roberta_mdeberta_v1,
tunisieannonce_407d75362a9a,tunisieannonce,0.0,positive,0.3311,0.0,11.59,normal,[],xlm_roberta_mdeberta_v1,
tunisieannonce_40fd169a12d5,tunisieannonce,0.2945,negative,0.3007,0.0,22.3,suspect,[],xlm_roberta_mdeberta_v1,
tunisieannonce_41d850a026b5,tunisieannonce,0.0,positive,0.352,0.0,12.32,normal,[],xlm_roberta_mdeberta_v1,
tunisieannonce_ac3d9dc6c510,tunisieannonce,0.6052,negative,0.3428,0.0,36.21,suspect,[],xlm_roberta_mdeberta_v1,
tunisieannonce_41fa3f6ac913,tunisieannonce,0.3913,negative,0.3196,0.0,26.84,suspect,[],xlm_roberta_mdeberta_v1,
tunisieannonce_41f46228cad0,tunisieannonce,0.0,positive,0.3605,0.0,12.62,normal,[],xlm_roberta_mdeberta_v1,
tunisieannonce_412fdf2445ef,tunisieannonce,0.0,positive,0.3348,0.55,25.47,suspect,"['urgency_detected', 'external_contact']",xlm_roberta_mdeberta_v1,
tunisieannonce_411fd40bf3ee,tunisieannonce,0.0,positive,0.3235,0.0,11.32,normal,[],xlm_roberta_mdeberta_v1,
tunisieannonce_4272da4e662b,tunisieannonce,0.0,positive,0.335,0.0,11.72,normal,[],xlm_roberta_mdeberta_v1,
tunisieannonce_42140cc3ca8d,tunisieannonce,0.0,positive,0.3993,0.2,18.98,normal,['no_images_suspicious'],xlm_roberta_mdeberta_v1,
tunisieannonce_428def87d6fd,tunisieannonce,0.0,positive,0.364,0.0,12.74,normal,[],xlm_roberta_mdeberta_v1,
tunisieannonce_42e314f998d7,tunisieannonce,0.0,positive,0.3222,0.0,11.28,normal,[],xlm_roberta_mdeberta_v1,
tunisieannonce_4233082bee5b,tunisieannonce,0.0,positive,0.3805,0.25,19.57,normal,['external_contact'],xlm_roberta_mdeberta_v1,
tunisieannonce_421fdb7b6a0c,tunisieannonce,0.0,positive,0.3323,0.0,11.63,normal,[],xlm_roberta_mdeberta_v1,
tunisieannonce_42b8bccf0a2c,tunisieannonce,0.0,positive,0.3448,0.0,12.07,normal,[],xlm_roberta_mdeberta_v1,
tunisieannonce_4203e87eda94,tunisieannonce,0.0,positive,0.344,0.0,12.04,normal,[],xlm_roberta_mdeberta_v1,
tunisieannonce_425031fbca4a,tunisieannonce,0.0,positive,0.3,0.25,16.75,normal,['external_contact'],xlm_roberta_mdeberta_v1,
tunisieannonce_4330117f5b20,tunisieannonce,0.1015,neutral,0.3111,0.0,14.95,normal,[],xlm_roberta_mdeberta_v1,
tunisieannonce_430d62475abb,tunisieannonce,0.0,positive,0.335,0.25,17.97,normal,['external_contact'],xlm_roberta_mdeberta_v1,
tunisieannonce_431ec0b30e06,tunisieannonce,0.3001,negative,0.3342,0.2,28.7,suspect,['no_images_suspicious'],xlm_roberta_mdeberta_v1,
tunisieannonce_43316239f019,tunisieannonce,0.0,positive,0.3435,0.25,18.27,normal,['external_contact'],xlm_roberta_mdeberta_v1,
tunisieannonce_430b226dd4be,tunisieannonce,0.0,positive,0.3976,0.2,18.92,normal,['no_images_suspicious'],xlm_roberta_mdeberta_v1,
tunisieannonce_43359b97e9c9,tunisieannonce,0.0,positive,0.2632,0.2,14.21,normal,['no_images_suspicious'],xlm_roberta_mdeberta_v1,
tunisieannonce_442e522606f3,tunisieannonce,0.0,positive,0.4107,0.3,21.87,suspect,['urgency_detected'],xlm_roberta_mdeberta_v1,
tunisieannonce_439514783af4,tunisieannonce,0.354,negative,0.371,0.2,32.14,suspect,['no_images_suspicious'],xlm_roberta_mdeberta_v1,
tunisieannonce_438cb74e4f5a,tunisieannonce,0.0,positive,0.3304,0.0,11.56,normal,[],xlm_roberta_mdeberta_v1,
tunisieannonce_44d5963c25a2,tunisieannonce,0.0,positive,0.3267,0.75,30.18,suspect,"['urgency_detected', 'external_contact', 'no_images_suspicious']",xlm_roberta_mdeberta_v1,
tunisieannonce_44cc78f07353,tunisieannonce,0.0,positive,0.3609,0.25,18.88,normal,['external_contact'],xlm_roberta_mdeberta_v1,
tunisieannonce_4550d80a1b71,tunisieannonce,0.0,positive,0.3244,0.3,18.85,normal,['urgency_detected'],xlm_roberta_mdeberta_v1,
tunisieannonce_451517acfa75,tunisieannonce,0.3499,negative,0.3304,0.55,39.31,suspect,"['urgency_detected', 'external_contact']",xlm_roberta_mdeberta_v1,
tunisieannonce_47139cbc172a,tunisieannonce,0.0,positive,0.3468,0.45,23.39,suspect,"['external_contact', 'no_images_suspicious']",xlm_roberta_mdeberta_v1,
tunisieannonce_44d0c051b305,tunisieannonce,0.0,positive,0.3365,0.55,25.53,suspect,"['urgency_detected', 'external_contact']",xlm_roberta_mdeberta_v1,
tunisieannonce_44c77263872c,tunisieannonce,0.3341,negative,0.3379,0.0,25.19,suspect,[],xlm_roberta_mdeberta_v1,
tunisieannonce_44ce64e8e633,tunisieannonce,0.0,positive,0.4165,0.2,19.58,normal,['no_images_suspicious'],xlm_roberta_mdeberta_v1,
tunisieannonce_453c4a29a3bd,tunisieannonce,0.0,positive,0.3787,0.0,13.25,normal,[],xlm_roberta_mdeberta_v1,
tunisieannonce_462d48929e57,tunisieannonce,0.3169,negative,0.3147,0.0,23.69,suspect,[],xlm_roberta_mdeberta_v1,
tunisieannonce_45d4cd751bb9,tunisieannonce,0.4743,negative,0.3546,0.75,50.13,suspect,"['urgency_detected', 'external_contact', 'no_images_suspicious']",xlm_roberta_mdeberta_v1,"Cette annonce immobilière est suspecte en raison de plusieurs éléments : le score de fraude élevé (50.1/100), un sentiment négatif (score 0.47), la détection d'urgence, l'indication d'un contact externe et l'absence de photographies susceptibles de susciter des doutes."
tunisieannonce_45ec628b0bbe,tunisieannonce,0.0,positive,0.3108,0.0,10.88,normal,[],xlm_roberta_mdeberta_v1,
tunisieannonce_45d96702556c,tunisieannonce,0.7063,negative,0.3601,0.25,47.11,suspect,"['external_contact', 'strong_negative_sentiment']",xlm_roberta_mdeberta_v1,
tunisieannonce_477acc5ca8b0,tunisieannonce,0.0,positive,0.3806,0.0,13.32,normal,[],xlm_roberta_mdeberta_v1,
tunisieannonce_45f397ba1938,tunisieannonce,0.0,positive,0.3304,0.55,25.31,suspect,"['urgency_detected', 'external_contact']",xlm_roberta_mdeberta_v1,
tunisieannonce_46c67c05bb5e,tunisieannonce,0.0,positive,0.329,0.0,11.52,normal,[],xlm_roberta_mdeberta_v1,
tunisieannonce_46a15f55b03d,tunisieannonce,0.0,positive,0.3789,0.45,24.51,suspect,"['external_contact', 'no_images_suspicious']",xlm_roberta_mdeberta_v1,
tunisieannonce_4693673e5466,tunisieannonce,0.0,positive,0.3905,0.2,18.67,normal,['no_images_suspicious'],xlm_roberta_mdeberta_v1,
tunisieannonce_4696fc8bc3a7,tunisieannonce,0.0,positive,0.3773,0.5,25.71,suspect,"['urgency_detected', 'no_images_suspicious']",xlm_roberta_mdeberta_v1,
tunisieannonce_46439113e909,tunisieannonce,0.469,negative,0.4086,0.45,44.31,suspect,"['external_contact', 'no_images_suspicious']",xlm_roberta_mdeberta_v1,
tunisieannonce_46dbb3404304,tunisieannonce,0.0755,neutral,0.3798,0.55,30.06,suspect,"['urgency_detected', 'external_contact']",xlm_roberta_mdeberta_v1,
tunisieannonce_4678076f3ab6,tunisieannonce,0.0,positive,0.3089,0.55,24.56,suspect,"['urgency_detected', 'external_contact']",xlm_roberta_mdeberta_v1,
tunisieannonce_4663cb15acf6,tunisieannonce,0.0979,neutral,0.3227,0.0,15.21,normal,[],xlm_roberta_mdeberta_v1,
tunisieannonce_475d44c6d8db,tunisieannonce,0.0,positive,0.3683,0.55,26.64,suspect,"['urgency_detected', 'external_contact']",xlm_roberta_mdeberta_v1,
tunisieannonce_4751752e932b,tunisieannonce,0.0,positive,0.3578,0.75,31.27,suspect,"['urgency_detected', 'external_contact', 'no_images_suspicious']",xlm_roberta_mdeberta_v1,
tunisieannonce_4770d9d9daf7,tunisieannonce,0.0,positive,0.3318,0.25,17.86,normal,['external_contact'],xlm_roberta_mdeberta_v1,
tunisieannonce_46df34f9a422,tunisieannonce,0.5112,negative,0.3852,0.55,47.68,suspect,"['urgency_detected', 'external_contact']",xlm_roberta_mdeberta_v1,
tunisieannonce_4775ac6dfd79,tunisieannonce,0.0663,neutral,0.3333,0.75,33.07,suspect,"['urgency_detected', 'external_contact', 'no_images_suspicious']",xlm_roberta_mdeberta_v1,
tunisieannonce_46f60057a6e7,tunisieannonce,0.0,positive,0.3322,0.0,11.63,normal,[],xlm_roberta_mdeberta_v1,
tunisieannonce_acbd0ecb3990,tunisieannonce,0.7137,negative,0.3678,0.0,41.42,suspect,['strong_negative_sentiment'],xlm_roberta_mdeberta_v1,
tunisieannonce_48020958fb75,tunisieannonce,0.3502,negative,0.3515,0.2,31.31,suspect,['no_images_suspicious'],xlm_roberta_mdeberta_v1,
tunisieannonce_47cc07d163fc,tunisieannonce,0.0,positive,0.3448,0.0,12.07,normal,[],xlm_roberta_mdeberta_v1,
tunisieannonce_47af029cd8cc,tunisieannonce,0.0,positive,0.3333,0.0,11.67,normal,[],xlm_roberta_mdeberta_v1,
tunisieannonce_48139e6aa5f3,tunisieannonce,0.0,positive,0.3264,0.3,18.92,normal,['urgency_detected'],xlm_roberta_mdeberta_v1,
tunisieannonce_495c99c1b892,tunisieannonce,0.0,positive,0.3549,0.0,12.42,normal,[],xlm_roberta_mdeberta_v1,
tunisieannonce_47d3eb785d83,tunisieannonce,0.0,positive,0.3475,0.0,12.16,normal,[],xlm_roberta_mdeberta_v1,
tunisieannonce_47b7c4ed7f79,tunisieannonce,0.0807,neutral,0.3098,0.3,21.57,suspect,['urgency_detected'],xlm_roberta_mdeberta_v1,
tunisieannonce_48dc982d6bbc,tunisieannonce,0.0,positive,0.336,0.0,11.76,normal,[],xlm_roberta_mdeberta_v1,
tunisieannonce_496a39dfdbce,tunisieannonce,0.0983,neutral,0.3943,0.2,22.73,suspect,['no_images_suspicious'],xlm_roberta_mdeberta_v1,
tunisieannonce_481986253bdd,tunisieannonce,0.0,positive,0.2922,0.75,28.98,suspect,"['urgency_detected', 'external_contact', 'no_images_suspicious']",xlm_roberta_mdeberta_v1,
tunisieannonce_482ae3b9f843,tunisieannonce,0.0,positive,0.4117,0.3,21.91,suspect,['urgency_detected'],xlm_roberta_mdeberta_v1,
tunisieannonce_483e5fb3877c,tunisieannonce,0.2541,negative,0.3714,0.45,34.41,suspect,"['external_contact', 'no_images_suspicious']",xlm_roberta_mdeberta_v1,
tunisieannonce_496a6bc4560a,tunisieannonce,0.0,positive,0.3053,0.25,16.94,normal,['external_contact'],xlm_roberta_mdeberta_v1,
tunisieannonce_48a858817e94,tunisieannonce,0.2618,negative,0.3354,0.55,35.96,suspect,"['urgency_detected', 'external_contact']",xlm_roberta_mdeberta_v1,
tunisieannonce_496ce2192c3a,tunisieannonce,0.0,positive,0.3956,0.55,27.6,suspect,"['urgency_detected', 'external_contact']",xlm_roberta_mdeberta_v1,
tunisieannonce_498683e0bb79,tunisieannonce,0.3125,negative,0.3936,0.2,31.28,suspect,['no_images_suspicious'],xlm_roberta_mdeberta_v1,
tunisieannonce_4995e9817213,tunisieannonce,0.0,positive,0.335,0.25,17.97,normal,['external_contact'],xlm_roberta_mdeberta_v1,
tunisieannonce_49cfeb388e4a,tunisieannonce,0.0,positive,0.3004,0.55,24.26,suspect,"['urgency_detected', 'external_contact']",xlm_roberta_mdeberta_v1,
tunisieannonce_4974eed63a03,tunisieannonce,0.0,positive,0.4024,0.25,20.33,normal,['external_contact'],xlm_roberta_mdeberta_v1,
tunisieannonce_49c1bb8888ff,tunisieannonce,0.0,positive,0.4255,0.2,19.89,normal,['no_images_suspicious'],xlm_roberta_mdeberta_v1,
tunisieannonce_49ce4adfde98,tunisieannonce,0.0,positive,0.3176,0.25,17.37,normal,['external_contact'],xlm_roberta_mdeberta_v1,
tunisieannonce_4a61d055d8dc,tunisieannonce,0.0,positive,0.397,0.3,21.39,suspect,['urgency_detected'],xlm_roberta_mdeberta_v1,
tunisieannonce_4a7e622f4b20,tunisieannonce,0.0,positive,0.3193,0.5,23.68,suspect,"['urgency_detected', 'no_images_suspicious']",xlm_roberta_mdeberta_v1,
tunisieannonce_4a5ab8ac2c44,tunisieannonce,0.0,positive,0.3523,0.3,19.83,normal,['urgency_detected'],xlm_roberta_mdeberta_v1,
tunisieannonce_49f6812c26ce,tunisieannonce,0.0,positive,0.3175,0.0,11.11,normal,[],xlm_roberta_mdeberta_v1,
tunisieannonce_4a1013d6939b,tunisieannonce,0.0,positive,0.2869,0.55,23.79,suspect,"['urgency_detected', 'external_contact']",xlm_roberta_mdeberta_v1,
tunisieannonce_4a5048a817fa,tunisieannonce,0.0,positive,0.3418,0.0,11.96,normal,[],xlm_roberta_mdeberta_v1,
tunisieannonce_4a20ecbf958e,tunisieannonce,0.0,positive,0.3692,0.3,20.42,normal,['urgency_detected'],xlm_roberta_mdeberta_v1,
tunisieannonce_4a28e57506f7,tunisieannonce,0.072,neutral,0.3886,0.25,22.73,suspect,['external_contact'],xlm_roberta_mdeberta_v1,
tunisieannonce_4aafb8643b54,tunisieannonce,0.0688,neutral,0.3698,0.75,34.45,suspect,"['urgency_detected', 'external_contact', 'no_images_suspicious']",xlm_roberta_mdeberta_v1,
tunisieannonce_4cea5f3a1927,tunisieannonce,0.106,neutral,0.3527,0.25,22.83,suspect,['external_contact'],xlm_roberta_mdeberta_v1,
tunisieannonce_4b2f4e5affa2,tunisieannonce,0.4456,negative,0.4167,0.55,46.16,suspect,"['urgency_detected', 'external_contact']",xlm_roberta_mdeberta_v1,
tunisieannonce_4ad81e76324b,tunisieannonce,0.0,positive,0.279,0.45,21.02,suspect,"['external_contact', 'no_images_suspicious']",xlm_roberta_mdeberta_v1,
tunisieannonce_4a98ea345a99,tunisieannonce,0.3413,negative,0.3483,0.2,30.84,suspect,['no_images_suspicious'],xlm_roberta_mdeberta_v1,
tunisieannonce_4b046b39f92e,tunisieannonce,0.0,positive,0.384,0.0,13.44,normal,[],xlm_roberta_mdeberta_v1,
tunisieannonce_4b17f5b305b5,tunisieannonce,0.0,positive,0.3577,0.2,17.52,normal,['no_images_suspicious'],xlm_roberta_mdeberta_v1,
tunisieannonce_4aa9f70866d5,tunisieannonce,0.0,positive,0.3123,0.25,17.18,normal,['external_contact'],xlm_roberta_mdeberta_v1,
tunisieannonce_4a9528b81049,tunisieannonce,0.0,positive,0.3467,0.55,25.88,suspect,"['urgency_detected', 'external_contact']",xlm_roberta_mdeberta_v1,
tunisieannonce_4b486182d298,tunisieannonce,0.0,positive,0.2993,0.55,24.23,suspect,"['urgency_detected', 'external_contact']",xlm_roberta_mdeberta_v1,
tunisieannonce_4ba5788d720f,tunisieannonce,0.0,positive,0.3329,0.0,11.65,normal,[],xlm_roberta_mdeberta_v1,
tunisieannonce_4b65e116d566,tunisieannonce,0.0,positive,0.3901,0.0,13.65,normal,[],xlm_roberta_mdeberta_v1,
tunisieannonce_4d6ba6ac8abf,tunisieannonce,0.2542,negative,0.327,0.2,26.61,suspect,['no_images_suspicious'],xlm_roberta_mdeberta_v1,
tunisieannonce_4b4e08c1d365,tunisieannonce,0.0,positive,0.3337,0.5,24.18,suspect,"['urgency_detected', 'no_images_suspicious']",xlm_roberta_mdeberta_v1,
tunisieannonce_4b9669f7873e,tunisieannonce,0.0,positive,0.3771,0.45,24.45,suspect,"['external_contact', 'no_images_suspicious']",xlm_roberta_mdeberta_v1,
tunisieannonce_4b7deb7bbe1d,tunisieannonce,0.0,positive,0.4126,0.0,14.44,normal,[],xlm_roberta_mdeberta_v1,
tunisieannonce_4b410a4f2bd8,tunisieannonce,0.0,positive,0.3498,0.0,12.24,normal,[],xlm_roberta_mdeberta_v1,
tunisieannonce_4ba5b6e90ac1,tunisieannonce,0.0,positive,0.3597,0.2,17.59,normal,['no_images_suspicious'],xlm_roberta_mdeberta_v1,
tunisieannonce_4bb4a40a63fc,tunisieannonce,0.0,positive,0.3971,0.0,13.9,normal,[],xlm_roberta_mdeberta_v1,
tunisieannonce_4c111753c0d7,tunisieannonce,0.0,positive,0.3705,0.0,12.97,normal,[],xlm_roberta_mdeberta_v1,
tunisieannonce_4c6f04ae6982,tunisieannonce,0.0,positive,0.3369,0.55,25.54,suspect,"['urgency_detected', 'external_contact']",xlm_roberta_mdeberta_v1,
tunisieannonce_4c801f7e601a,tunisieannonce,0.0,positive,0.3474,0.55,25.91,suspect,"['urgency_detected', 'external_contact']",xlm_roberta_mdeberta_v1,
tunisieannonce_4bd7b4952bc9,tunisieannonce,0.4461,negative,0.3853,0.75,50.08,suspect,"['urgency_detected', 'external_contact', 'no_images_suspicious']",xlm_roberta_mdeberta_v1,"Cette annonce immobilière est suspecte en raison de plusieurs signaux détectés : le score fraude élevé (50.1/100), la note de sentiment négative, l'absence d'images, et l'invitation à contacter un numéro externe."
tunisieannonce_4bdfd519e8b0,tunisieannonce,0.0,positive,0.308,0.45,22.03,suspect,"['external_contact', 'no_images_suspicious']",xlm_roberta_mdeberta_v1,
tunisieannonce_4c3b2c7a13ce,tunisieannonce,0.0,positive,0.305,0.55,24.43,suspect,"['urgency_detected', 'external_contact']",xlm_roberta_mdeberta_v1,
tunisieannonce_4cc0a1ea7dfb,tunisieannonce,0.0,positive,0.329,0.2,16.52,normal,['no_images_suspicious'],xlm_roberta_mdeberta_v1,
tunisieannonce_4daa6005a586,tunisieannonce,0.0,positive,0.2934,0.0,10.27,normal,[],xlm_roberta_mdeberta_v1,
tunisieannonce_4c9e88880152,tunisieannonce,0.0,positive,0.3476,0.2,17.17,normal,['no_images_suspicious'],xlm_roberta_mdeberta_v1,
tunisieannonce_4d287749044b,tunisieannonce,0.0,positive,0.3056,0.25,16.95,normal,['external_contact'],xlm_roberta_mdeberta_v1,
tunisieannonce_4d060837db01,tunisieannonce,0.0,positive,0.3147,0.5,23.51,suspect,"['urgency_detected', 'no_images_suspicious']",xlm_roberta_mdeberta_v1,
tunisieannonce_4d617a4c7315,tunisieannonce,0.0,positive,0.345,0.3,19.57,normal,['urgency_detected'],xlm_roberta_mdeberta_v1,
tunisieannonce_4ca380371056,tunisieannonce,0.091,neutral,0.3422,0.0,15.62,normal,[],xlm_roberta_mdeberta_v1,
tunisieannonce_4e02ec455b18,tunisieannonce,0.0,positive,0.3608,0.0,12.63,normal,[],xlm_roberta_mdeberta_v1,
tunisieannonce_4e1400f292f9,tunisieannonce,0.0,positive,0.3408,0.0,11.93,normal,[],xlm_roberta_mdeberta_v1,
tunisieannonce_4e013835e8ff,tunisieannonce,0.0,positive,0.2913,0.2,15.2,normal,['no_images_suspicious'],xlm_roberta_mdeberta_v1,
tunisieannonce_4d6e3b2d689d,tunisieannonce,0.0,positive,0.3249,0.75,30.12,suspect,"['urgency_detected', 'external_contact', 'no_images_suspicious']",xlm_roberta_mdeberta_v1,
tunisieannonce_4e0fc993f6d4,tunisieannonce,0.0,positive,0.3743,0.25,19.35,normal,['external_contact'],xlm_roberta_mdeberta_v1,
tunisieannonce_4dd0db8567e5,tunisieannonce,0.0,positive,0.3151,0.0,11.03,normal,[],xlm_roberta_mdeberta_v1,
tunisieannonce_4e3897a7add8,tunisieannonce,0.0,positive,0.3949,0.0,13.82,normal,[],xlm_roberta_mdeberta_v1,
tunisieannonce_4e7fb6286b92,tunisieannonce,0.0,positive,0.3516,0.2,17.31,normal,['no_images_suspicious'],xlm_roberta_mdeberta_v1,
tunisieannonce_4f944b8718ce,tunisieannonce,0.0,positive,0.3057,0.3,18.2,normal,['urgency_detected'],xlm_roberta_mdeberta_v1,
tunisieannonce_4e512e0ef131,tunisieannonce,0.0,positive,0.3739,0.55,26.84,suspect,"['urgency_detected', 'external_contact']",xlm_roberta_mdeberta_v1,
tunisieannonce_4e7b32de1597,tunisieannonce,0.0,positive,0.3604,0.75,31.36,suspect,"['urgency_detected', 'external_contact', 'no_images_suspicious']",xlm_roberta_mdeberta_v1,
tunisieannonce_4e296666ad75,tunisieannonce,0.0,positive,0.3155,0.0,11.04,normal,[],xlm_roberta_mdeberta_v1,
tunisieannonce_4e4097eafd8d,tunisieannonce,0.0,positive,0.4171,0.45,25.85,suspect,"['external_contact', 'no_images_suspicious']",xlm_roberta_mdeberta_v1,
tunisieannonce_4fbd5dfc3931,tunisieannonce,0.0,positive,0.3689,0.75,31.66,suspect,"['urgency_detected', 'external_contact', 'no_images_suspicious']",xlm_roberta_mdeberta_v1,
tunisieannonce_4eb698aecec2,tunisieannonce,0.0,positive,0.4181,0.25,20.88,normal,['external_contact'],xlm_roberta_mdeberta_v1,
tunisieannonce_4f48c892c061,tunisieannonce,0.0,positive,0.3372,0.0,11.8,normal,[],xlm_roberta_mdeberta_v1,
tunisieannonce_4efd6cf929c7,tunisieannonce,0.658,negative,0.3834,0.55,53.49,fraud_likely,"['urgency_detected', 'external_contact']",xlm_roberta_mdeberta_v1,"Cette annonce immobilière est suspecte en raison de son score élevé de fraude (53.5/100), sentiment négatif (score 0.66), et des flags urgence détectés ainsi que contact externe. Le locataire est invité à contacter un numéro extérieur, ce qui peut indiquer une tentative de fraude."
tunisieannonce_4ebf363ab32a,tunisieannonce,0.0,positive,0.3447,0.0,12.06,normal,[],xlm_roberta_mdeberta_v1,
tunisieannonce_4f2d21232197,tunisieannonce,0.0,positive,0.3354,0.0,11.74,normal,[],xlm_roberta_mdeberta_v1,
tunisieannonce_4f304f484185,tunisieannonce,0.0,positive,0.3352,0.0,11.73,normal,[],xlm_roberta_mdeberta_v1,
tunisieannonce_4ebe09e5354f,tunisieannonce,0.0826,neutral,0.3534,0.25,21.92,suspect,['external_contact'],xlm_roberta_mdeberta_v1,
tunisieannonce_4f12fc91c1d9,tunisieannonce,0.0802,neutral,0.3327,0.5,27.35,suspect,"['urgency_detected', 'no_images_suspicious']",xlm_roberta_mdeberta_v1,
tunisieannonce_4ff45d140a5f,tunisieannonce,0.0,positive,0.3955,0.55,27.59,suspect,"['urgency_detected', 'external_contact']",xlm_roberta_mdeberta_v1,
tunisieannonce_4fe0bc0cefdd,tunisieannonce,0.0,positive,0.3574,0.2,17.51,normal,['no_images_suspicious'],xlm_roberta_mdeberta_v1,
tunisieannonce_4fe78cfa75e7,tunisieannonce,0.0,positive,0.383,0.55,27.16,suspect,"['urgency_detected', 'external_contact']",xlm_roberta_mdeberta_v1,
tunisieannonce_50225084d665,tunisieannonce,0.0,positive,0.337,0.0,11.79,normal,[],xlm_roberta_mdeberta_v1,
tunisieannonce_5071422f36de,tunisieannonce,0.0,positive,0.3997,0.25,20.24,normal,['external_contact'],xlm_roberta_mdeberta_v1,
tunisieannonce_50df4d91a336,tunisieannonce,0.0,positive,0.4083,0.0,14.29,normal,[],xlm_roberta_mdeberta_v1,
tunisieannonce_50e1ce0c7857,tunisieannonce,0.0,positive,0.3382,0.0,11.84,normal,[],xlm_roberta_mdeberta_v1,
tunisieannonce_51daf570db18,tunisieannonce,0.1105,neutral,0.3083,0.55,28.96,suspect,"['urgency_detected', 'external_contact']",xlm_roberta_mdeberta_v1,
tunisieannonce_52624a874cf2,tunisieannonce,0.0791,neutral,0.3857,0.5,29.16,suspect,"['urgency_detected', 'no_images_suspicious']",xlm_roberta_mdeberta_v1,
tunisieannonce_50f6507b9477,tunisieannonce,0.0,positive,0.341,0.0,11.94,normal,[],xlm_roberta_mdeberta_v1,
tunisieannonce_5090be80d8f4,tunisieannonce,0.0,positive,0.2758,0.5,22.15,suspect,"['urgency_detected', 'no_images_suspicious']",xlm_roberta_mdeberta_v1,
tunisieannonce_51326fdd3c13,tunisieannonce,0.0,positive,0.3415,0.2,16.95,normal,['no_images_suspicious'],xlm_roberta_mdeberta_v1,
tunisieannonce_5158fc05d3ec,tunisieannonce,0.0,positive,0.3174,0.0,11.11,normal,[],xlm_roberta_mdeberta_v1,
tunisieannonce_516bdd96995b,tunisieannonce,0.0,positive,0.3347,0.5,24.21,suspect,"['urgency_detected', 'no_images_suspicious']",xlm_roberta_mdeberta_v1,
tunisieannonce_51e98d48a7df,tunisieannonce,0.0,positive,0.323,0.0,11.3,normal,[],xlm_roberta_mdeberta_v1,
tunisieannonce_51d98e2852e2,tunisieannonce,0.3498,negative,0.3778,0.55,40.97,suspect,"['urgency_detected', 'external_contact']",xlm_roberta_mdeberta_v1,
tunisieannonce_515483f8ea84,tunisieannonce,0.0,positive,0.2851,0.2,14.98,normal,['no_images_suspicious'],xlm_roberta_mdeberta_v1,
tunisieannonce_51fec7e3a164,tunisieannonce,0.0,positive,0.3241,0.0,11.34,normal,[],xlm_roberta_mdeberta_v1,
tunisieannonce_52624283208d,tunisieannonce,0.0,positive,0.3253,0.0,11.39,normal,[],xlm_roberta_mdeberta_v1,
tunisieannonce_521ed5e019b5,tunisieannonce,0.0,positive,0.295,0.55,24.08,suspect,"['urgency_detected', 'external_contact']",xlm_roberta_mdeberta_v1,
tunisieannonce_520a61996c59,tunisieannonce,0.369,negative,0.3366,0.75,45.29,suspect,"['urgency_detected', 'external_contact', 'no_images_suspicious']",xlm_roberta_mdeberta_v1,
tunisieannonce_523a5950ac30,tunisieannonce,0.0,positive,0.3416,0.25,18.21,normal,['external_contact'],xlm_roberta_mdeberta_v1,
tunisieannonce_527c30d5da6c,tunisieannonce,0.5219,negative,0.3296,0.0,32.41,suspect,[],xlm_roberta_mdeberta_v1,
tunisieannonce_526ad3c5f0cb,tunisieannonce,0.4975,negative,0.375,0.3,40.52,suspect,['urgency_detected'],xlm_roberta_mdeberta_v1,
tunisieannonce_521375910b7b,tunisieannonce,0.0,positive,0.3461,0.0,12.11,normal,[],xlm_roberta_mdeberta_v1,
tunisieannonce_5328b2ba2ba5,tunisieannonce,0.0,positive,0.311,0.2,15.88,normal,['no_images_suspicious'],xlm_roberta_mdeberta_v1,
tunisieannonce_534840dc3aea,tunisieannonce,0.0,positive,0.3725,0.0,13.04,normal,[],xlm_roberta_mdeberta_v1,
tunisieannonce_530ef15a269e,tunisieannonce,0.0,positive,0.3464,0.75,30.87,suspect,"['urgency_detected', 'external_contact', 'no_images_suspicious']",xlm_roberta_mdeberta_v1,
tunisieannonce_52cecde36365,tunisieannonce,0.2851,negative,0.4052,0.55,39.34,suspect,"['urgency_detected', 'external_contact']",xlm_roberta_mdeberta_v1,
tunisieannonce_5390a23ee838,tunisieannonce,0.0,positive,0.3003,0.0,10.51,normal,[],xlm_roberta_mdeberta_v1,
tunisieannonce_52f135bea356,tunisieannonce,0.0,positive,0.3853,0.2,18.49,normal,['no_images_suspicious'],xlm_roberta_mdeberta_v1,
tunisieannonce_52d767c04d43,tunisieannonce,0.0,positive,0.3638,0.0,12.73,normal,[],xlm_roberta_mdeberta_v1,
tunisieannonce_53b9c72eaf50,tunisieannonce,0.0,positive,0.3892,0.55,27.37,suspect,"['urgency_detected', 'external_contact']",xlm_roberta_mdeberta_v1,
tunisieannonce_53be4ead104e,tunisieannonce,0.0,positive,0.3408,0.2,16.93,normal,['no_images_suspicious'],xlm_roberta_mdeberta_v1,
tunisieannonce_53ee41576ff9,tunisieannonce,0.0,positive,0.3212,0.0,11.24,normal,[],xlm_roberta_mdeberta_v1,
tunisieannonce_53573f16af08,tunisieannonce,0.0,positive,0.3665,0.2,17.83,normal,['no_images_suspicious'],xlm_roberta_mdeberta_v1,
tunisieannonce_538611def430,tunisieannonce,0.0,positive,0.2968,0.25,16.64,normal,['external_contact'],xlm_roberta_mdeberta_v1,
tunisieannonce_54097741deae,tunisieannonce,0.0,positive,0.3172,0.0,11.1,normal,[],xlm_roberta_mdeberta_v1,
tunisieannonce_556f4df44690,tunisieannonce,0.0,positive,0.2988,0.2,15.46,normal,['no_images_suspicious'],xlm_roberta_mdeberta_v1,
tunisieannonce_544deda4a052,tunisieannonce,0.0897,neutral,0.3527,0.25,22.18,suspect,['external_contact'],xlm_roberta_mdeberta_v1,
tunisieannonce_54814fac5dd7,tunisieannonce,0.0,positive,0.3248,0.45,22.62,suspect,"['external_contact', 'no_images_suspicious']",xlm_roberta_mdeberta_v1,
tunisieannonce_5464eef70801,tunisieannonce,0.0,positive,0.3431,0.2,17.01,normal,['no_images_suspicious'],xlm_roberta_mdeberta_v1,
tunisieannonce_5464e1f30426,tunisieannonce,0.5028,negative,0.389,0.55,47.48,suspect,"['urgency_detected', 'external_contact']",xlm_roberta_mdeberta_v1,
tunisieannonce_5471924b4943,tunisieannonce,0.0,positive,0.2904,0.25,16.41,normal,['external_contact'],xlm_roberta_mdeberta_v1,
tunisieannonce_542b23859f52,tunisieannonce,0.2938,negative,0.3153,0.55,36.54,suspect,"['urgency_detected', 'external_contact']",xlm_roberta_mdeberta_v1,
tunisieannonce_5488c6d40650,tunisieannonce,0.0,positive,0.3128,0.55,24.7,suspect,"['urgency_detected', 'external_contact']",xlm_roberta_mdeberta_v1,
tunisieannonce_54d37a846ce8,tunisieannonce,0.0,positive,0.341,0.0,11.94,normal,[],xlm_roberta_mdeberta_v1,
tunisieannonce_54cb4a9d55b9,tunisieannonce,0.0,positive,0.3651,0.25,19.03,normal,['external_contact'],xlm_roberta_mdeberta_v1,
tunisieannonce_551533a16425,tunisieannonce,0.0,positive,0.3618,0.3,20.16,normal,['urgency_detected'],xlm_roberta_mdeberta_v1,
tunisieannonce_54aec977472e,tunisieannonce,0.0,positive,0.3162,0.0,11.07,normal,[],xlm_roberta_mdeberta_v1,
tunisieannonce_55180a40e0bd,tunisieannonce,0.0,positive,0.3841,0.0,13.44,normal,[],xlm_roberta_mdeberta_v1,
tunisieannonce_54ae05d89e78,tunisieannonce,0.3603,negative,0.3961,0.55,42.03,suspect,"['urgency_detected', 'external_contact']",xlm_roberta_mdeberta_v1,
tunisieannonce_54d678079b4e,tunisieannonce,0.0,positive,0.2807,0.25,16.07,normal,['external_contact'],xlm_roberta_mdeberta_v1,
tunisieannonce_5502ceb816f1,tunisieannonce,0.2552,negative,0.3743,0.25,29.56,suspect,['external_contact'],xlm_roberta_mdeberta_v1,
tunisieannonce_5504e7a4fcbe,tunisieannonce,0.0,positive,0.3608,0.25,18.88,normal,['external_contact'],xlm_roberta_mdeberta_v1,
tunisieannonce_55e0d3b92416,tunisieannonce,0.0,positive,0.3487,0.25,18.45,normal,['external_contact'],xlm_roberta_mdeberta_v1,
tunisieannonce_554a063eaab6,tunisieannonce,0.0,positive,0.3084,0.2,15.79,normal,['no_images_suspicious'],xlm_roberta_mdeberta_v1,
tunisieannonce_55ce3994a836,tunisieannonce,0.0,positive,0.3638,0.75,31.48,suspect,"['urgency_detected', 'external_contact', 'no_images_suspicious']",xlm_roberta_mdeberta_v1,
tunisieannonce_55337763f80b,tunisieannonce,0.0,positive,0.2977,0.0,10.42,normal,[],xlm_roberta_mdeberta_v1,
tunisieannonce_562f9d4bbf81,tunisieannonce,0.0,positive,0.325,0.75,30.12,suspect,"['urgency_detected', 'external_contact', 'no_images_suspicious']",xlm_roberta_mdeberta_v1,
tunisieannonce_55e17dc82f18,tunisieannonce,0.0,positive,0.3404,0.5,24.41,suspect,"['urgency_detected', 'no_images_suspicious']",xlm_roberta_mdeberta_v1,
tunisieannonce_567e0907bc20,tunisieannonce,0.0,positive,0.321,0.0,11.23,normal,[],xlm_roberta_mdeberta_v1,
tunisieannonce_561565786eef,tunisieannonce,0.0,positive,0.3463,0.0,12.12,normal,[],xlm_roberta_mdeberta_v1,
tunisieannonce_5660467f774f,tunisieannonce,0.0916,neutral,0.3489,0.0,15.88,normal,[],xlm_roberta_mdeberta_v1,
tunisieannonce_f9ae64495239,tunisieannonce,0.4165,negative,0.3719,0.0,29.68,suspect,[],xlm_roberta_mdeberta_v1,
tunisieannonce_561641cca499,tunisieannonce,0.0,positive,0.3726,0.0,13.04,normal,[],xlm_roberta_mdeberta_v1,
tunisieannonce_5621efb3408b,tunisieannonce,0.0,positive,0.3998,0.2,18.99,normal,['no_images_suspicious'],xlm_roberta_mdeberta_v1,
tunisieannonce_565726eff083,tunisieannonce,0.0,positive,0.4183,0.0,14.64,normal,[],xlm_roberta_mdeberta_v1,
tunisieannonce_5630049a3963,tunisieannonce,0.3883,negative,0.3265,0.0,26.96,suspect,[],xlm_roberta_mdeberta_v1,
tunisieannonce_576e6e7bc307,tunisieannonce,0.0,positive,0.3553,0.2,17.44,normal,['no_images_suspicious'],xlm_roberta_mdeberta_v1,
tunisieannonce_57a2b2c721bc,tunisieannonce,0.0,positive,0.3289,0.0,11.51,normal,[],xlm_roberta_mdeberta_v1,
tunisieannonce_57677c4c8a99,tunisieannonce,0.0,positive,0.3366,0.0,11.78,normal,[],xlm_roberta_mdeberta_v1,
tunisieannonce_56e3db2a6407,tunisieannonce,0.0874,neutral,0.3388,0.2,20.35,normal,['no_images_suspicious'],xlm_roberta_mdeberta_v1,
tunisieannonce_571e1a9b86e1,tunisieannonce,0.0,positive,0.3465,0.0,12.13,normal,[],xlm_roberta_mdeberta_v1,
tunisieannonce_569dbccd3e54,tunisieannonce,0.0,positive,0.3311,0.2,16.59,normal,['no_images_suspicious'],xlm_roberta_mdeberta_v1,
tunisieannonce_56fda5e89195,tunisieannonce,0.5303,negative,0.3301,0.45,44.02,suspect,"['external_contact', 'no_images_suspicious']",xlm_roberta_mdeberta_v1,
tunisieannonce_57b377fe3dca,tunisieannonce,0.0994,neutral,0.3887,0.3,25.08,suspect,['urgency_detected'],xlm_roberta_mdeberta_v1,
tunisieannonce_57d9ff225b4e,tunisieannonce,0.0,positive,0.3956,0.0,13.85,normal,[],xlm_roberta_mdeberta_v1,
tunisieannonce_57a4e4ac4950,tunisieannonce,0.0,positive,0.3607,0.2,17.62,normal,['no_images_suspicious'],xlm_roberta_mdeberta_v1,
tunisieannonce_581bc214a6c4,tunisieannonce,0.2592,negative,0.3611,0.25,29.26,suspect,['external_contact'],xlm_roberta_mdeberta_v1,
tunisieannonce_57bc1c175471,tunisieannonce,0.0,positive,0.3668,0.0,12.84,normal,[],xlm_roberta_mdeberta_v1,
tunisieannonce_75c69583caea,tunisieannonce,0.0,positive,0.3248,0.0,11.37,normal,[],xlm_roberta_mdeberta_v1,
tunisieannonce_580331a4c8af,tunisieannonce,0.0,positive,0.3342,0.0,11.7,normal,[],xlm_roberta_mdeberta_v1,
tunisieannonce_5805f5c12bd5,tunisieannonce,0.4954,negative,0.351,0.3,39.6,suspect,['urgency_detected'],xlm_roberta_mdeberta_v1,
tunisieannonce_591c5dcda566,tunisieannonce,0.0,positive,0.352,0.55,26.07,suspect,"['urgency_detected', 'external_contact']",xlm_roberta_mdeberta_v1,
tunisieannonce_58894e6e0a4a,tunisieannonce,0.0879,neutral,0.3042,0.0,14.16,normal,[],xlm_roberta_mdeberta_v1,
tunisieannonce_592391f89f1e,tunisieannonce,0.0935,neutral,0.3785,0.0,16.99,normal,[],xlm_roberta_mdeberta_v1,
tunisieannonce_5938f5830b3b,tunisieannonce,0.0877,neutral,0.3559,0.45,27.21,suspect,"['external_contact', 'no_images_suspicious']",xlm_roberta_mdeberta_v1,
tunisieannonce_5917f71dfded,tunisieannonce,0.0,positive,0.3284,0.0,11.49,normal,[],xlm_roberta_mdeberta_v1,
tunisieannonce_58e67753af03,tunisieannonce,0.0,positive,0.3928,0.0,13.75,normal,[],xlm_roberta_mdeberta_v1,
tunisieannonce_59e32351de9e,tunisieannonce,0.0,positive,0.3148,0.3,18.52,normal,['urgency_detected'],xlm_roberta_mdeberta_v1,
tunisieannonce_59a1f9f344db,tunisieannonce,0.0,positive,0.4234,0.75,33.57,suspect,"['urgency_detected', 'external_contact', 'no_images_suspicious']",xlm_roberta_mdeberta_v1,
tunisieannonce_59671fea113f,tunisieannonce,0.0,positive,0.3548,0.2,17.42,normal,['no_images_suspicious'],xlm_roberta_mdeberta_v1,
tunisieannonce_59510db33c91,tunisieannonce,0.0,positive,0.3588,0.0,12.56,normal,[],xlm_roberta_mdeberta_v1,
tunisieannonce_593f3b99ccaa,tunisieannonce,0.0,positive,0.3192,0.25,17.42,normal,['external_contact'],xlm_roberta_mdeberta_v1,
tunisieannonce_5a00742213d1,tunisieannonce,0.3833,negative,0.3664,0.55,41.91,suspect,"['urgency_detected', 'external_contact']",xlm_roberta_mdeberta_v1,
tunisieannonce_5a4e43e40982,tunisieannonce,0.0,positive,0.3468,0.0,12.14,normal,[],xlm_roberta_mdeberta_v1,
tunisieannonce_5b1f9dc148aa,tunisieannonce,0.5466,negative,0.3554,0.0,34.3,suspect,[],xlm_roberta_mdeberta_v1,
tunisieannonce_5a7020f9b898,tunisieannonce,0.604,negative,0.3715,0.55,50.91,suspect,"['urgency_detected', 'external_contact']",xlm_roberta_mdeberta_v1,"Cette annonce immobilière est suspecte en raison de plusieurs signaux détectés : un score fraude élevé (50.9/100), sentiment négatif (score 0.60), un score zero-shot fraude élevé (0.37) et l'activation des flags urgence détectée et contact externe. Le locataire est invité à contacter directement le propriétaire via un numéro de téléphone, ce qui peut indiquer une tentative de fraude immobilière."
tunisieannonce_5a7302b0fbf0,tunisieannonce,0.0,positive,0.4459,0.0,15.61,normal,[],xlm_roberta_mdeberta_v1,
tunisieannonce_613543899e83,tunisieannonce,0.0,positive,0.3669,0.3,20.34,normal,['urgency_detected'],xlm_roberta_mdeberta_v1,
tunisieannonce_5aa1e65b855d,tunisieannonce,0.0,positive,0.3264,0.0,11.42,normal,[],xlm_roberta_mdeberta_v1,
tunisieannonce_7647a4849805,tunisieannonce,0.0,positive,0.325,0.2,16.38,normal,['no_images_suspicious'],xlm_roberta_mdeberta_v1,
tunisieannonce_5b0dd0c68676,tunisieannonce,0.0,positive,0.3723,0.3,20.53,normal,['urgency_detected'],xlm_roberta_mdeberta_v1,
tunisieannonce_5af4e3e82f53,tunisieannonce,0.0692,neutral,0.3532,0.2,20.13,normal,['no_images_suspicious'],xlm_roberta_mdeberta_v1,
tunisieannonce_5a95fdfda2b5,tunisieannonce,0.0,positive,0.3054,0.25,16.94,normal,['external_contact'],xlm_roberta_mdeberta_v1,
tunisieannonce_5b4c78981f30,tunisieannonce,0.0921,neutral,0.3168,0.0,14.77,normal,[],xlm_roberta_mdeberta_v1,
tunisieannonce_5c199cba4d0e,tunisieannonce,0.0,positive,0.3509,0.2,17.28,normal,['no_images_suspicious'],xlm_roberta_mdeberta_v1,
tunisieannonce_5b8954aee4e7,tunisieannonce,0.1911,negative,0.3832,0.75,39.81,suspect,"['urgency_detected', 'external_contact', 'no_images_suspicious']",xlm_roberta_mdeberta_v1,
tunisieannonce_5b675fd0170b,tunisieannonce,0.0,positive,0.3607,0.2,17.62,normal,['no_images_suspicious'],xlm_roberta_mdeberta_v1,
tunisieannonce_5b58fa15edd1,tunisieannonce,0.0,positive,0.3497,0.0,12.24,normal,[],xlm_roberta_mdeberta_v1,
tunisieannonce_5c1df78124cf,tunisieannonce,0.1014,neutral,0.3679,0.25,23.18,suspect,['external_contact'],xlm_roberta_mdeberta_v1,
tunisieannonce_5b6822b854d2,tunisieannonce,0.0,positive,0.364,0.25,18.99,normal,['external_contact'],xlm_roberta_mdeberta_v1,
tunisieannonce_5b336a1e3d70,tunisieannonce,0.3772,negative,0.3334,0.25,33.01,suspect,['external_contact'],xlm_roberta_mdeberta_v1,
tunisieannonce_5c1dd1f96980,tunisieannonce,0.5174,negative,0.3237,0.2,37.03,suspect,['no_images_suspicious'],xlm_roberta_mdeberta_v1,
tunisieannonce_5c5ae00c88fa,tunisieannonce,0.0,positive,0.3264,0.0,11.42,normal,[],xlm_roberta_mdeberta_v1,
tunisieannonce_5ef13d394259,tunisieannonce,0.0,positive,0.3632,0.55,26.46,suspect,"['urgency_detected', 'external_contact']",xlm_roberta_mdeberta_v1,
tunisieannonce_5bf834a40145,tunisieannonce,0.0,positive,0.3736,0.2,18.08,normal,['no_images_suspicious'],xlm_roberta_mdeberta_v1,
tunisieannonce_5c7fc7c7e024,tunisieannonce,0.0,positive,0.3373,0.0,11.81,normal,[],xlm_roberta_mdeberta_v1,
tunisieannonce_5c4608708085,tunisieannonce,0.0,positive,0.3751,0.0,13.13,normal,[],xlm_roberta_mdeberta_v1,
tunisieannonce_5c0d1b784fec,tunisieannonce,0.0,positive,0.3887,0.3,21.1,suspect,['urgency_detected'],xlm_roberta_mdeberta_v1,
tunisieannonce_5c6e70ce8ada,tunisieannonce,0.0,positive,0.4009,0.0,14.03,normal,[],xlm_roberta_mdeberta_v1,
tunisieannonce_5ced761bfb5d,tunisieannonce,0.0,positive,0.3768,0.0,13.19,normal,[],xlm_roberta_mdeberta_v1,
tunisieannonce_5ca41dc6bbe0,tunisieannonce,0.0,positive,0.3148,0.2,16.02,normal,['no_images_suspicious'],xlm_roberta_mdeberta_v1,
tunisieannonce_5d47bd4710d8,tunisieannonce,0.0,positive,0.3201,0.75,29.95,suspect,"['urgency_detected', 'external_contact', 'no_images_suspicious']",xlm_roberta_mdeberta_v1,
tunisieannonce_5ceb2e601b87,tunisieannonce,0.2524,negative,0.3736,0.25,29.42,suspect,['external_contact'],xlm_roberta_mdeberta_v1,
tunisieannonce_5cf4eeb88d30,tunisieannonce,0.0,positive,0.3814,0.0,13.35,normal,[],xlm_roberta_mdeberta_v1,
tunisieannonce_5d972ecb60c1,tunisieannonce,0.289,negative,0.3575,0.25,30.32,suspect,['external_contact'],xlm_roberta_mdeberta_v1,
tunisieannonce_d5f7bba52ebb,tunisieannonce,0.0,positive,0.348,0.55,25.93,suspect,"['urgency_detected', 'external_contact']",xlm_roberta_mdeberta_v1,
tunisieannonce_5d67bf66c895,tunisieannonce,0.0,positive,0.3943,0.25,20.05,normal,['external_contact'],xlm_roberta_mdeberta_v1,
tunisieannonce_5dc9962ca673,tunisieannonce,0.0,positive,0.3437,0.0,12.03,normal,[],xlm_roberta_mdeberta_v1,
tunisieannonce_5d862408d9d3,tunisieannonce,0.0,positive,0.3428,0.55,25.75,suspect,"['urgency_detected', 'external_contact']",xlm_roberta_mdeberta_v1,
tunisieannonce_5da78bc089ce,tunisieannonce,0.0,positive,0.2844,0.25,16.2,normal,['external_contact'],xlm_roberta_mdeberta_v1,
tunisieannonce_5d62c3f96fe3,tunisieannonce,0.0,positive,0.3512,0.55,26.04,suspect,"['urgency_detected', 'external_contact']",xlm_roberta_mdeberta_v1,
tunisieannonce_5dce420d4d5a,tunisieannonce,0.0,positive,0.3475,0.45,23.41,suspect,"['external_contact', 'no_images_suspicious']",xlm_roberta_mdeberta_v1,
tunisieannonce_5d7fcf2a91b7,tunisieannonce,0.0,positive,0.3596,0.5,25.09,suspect,"['urgency_detected', 'no_images_suspicious']",xlm_roberta_mdeberta_v1,
tunisieannonce_5d7ec9790685,tunisieannonce,0.0,positive,0.3769,0.0,13.19,normal,[],xlm_roberta_mdeberta_v1,
tunisieannonce_5eb02283623f,tunisieannonce,0.5883,negative,0.3305,0.2,40.1,suspect,['no_images_suspicious'],xlm_roberta_mdeberta_v1,
tunisieannonce_5e9d0a56c7cf,tunisieannonce,0.0,positive,0.3302,0.55,25.31,suspect,"['urgency_detected', 'external_contact']",xlm_roberta_mdeberta_v1,
tunisieannonce_5ee2f7b51653,tunisieannonce,0.0,positive,0.3418,0.25,18.21,normal,['external_contact'],xlm_roberta_mdeberta_v1,
tunisieannonce_5ddf5ef268c1,tunisieannonce,0.0,positive,0.3309,0.0,11.58,normal,[],xlm_roberta_mdeberta_v1,
tunisieannonce_5f146e619bfc,tunisieannonce,0.0,positive,0.3451,0.0,12.08,normal,[],xlm_roberta_mdeberta_v1,
tunisieannonce_5ec9fc20bb53,tunisieannonce,0.0688,neutral,0.3283,0.25,20.49,normal,['external_contact'],xlm_roberta_mdeberta_v1,
tunisieannonce_5e4573a2d95a,tunisieannonce,0.0,positive,0.3064,0.55,24.47,suspect,"['urgency_detected', 'external_contact']",xlm_roberta_mdeberta_v1,
tunisieannonce_5f3ce9f78a25,tunisieannonce,0.0,positive,0.3229,0.55,25.05,suspect,"['urgency_detected', 'external_contact']",xlm_roberta_mdeberta_v1,
tunisieannonce_6006dd2640e9,tunisieannonce,0.0952,neutral,0.332,0.0,15.43,normal,[],xlm_roberta_mdeberta_v1,
tunisieannonce_5f440b7f897f,tunisieannonce,0.0,positive,0.3592,0.0,12.57,normal,[],xlm_roberta_mdeberta_v1,
tunisieannonce_5f9133b9f807,tunisieannonce,0.0,positive,0.3554,0.55,26.19,suspect,"['urgency_detected', 'external_contact']",xlm_roberta_mdeberta_v1,
tunisieannonce_5fd454342f74,tunisieannonce,0.0,positive,0.3482,0.45,23.44,suspect,"['external_contact', 'no_images_suspicious']",xlm_roberta_mdeberta_v1,
tunisieannonce_60080a95f6dd,tunisieannonce,0.2546,negative,0.3421,0.0,22.16,suspect,[],xlm_roberta_mdeberta_v1,
tunisieannonce_60b6c99d6e32,tunisieannonce,0.0,positive,0.2962,0.55,24.12,suspect,"['urgency_detected', 'external_contact']",xlm_roberta_mdeberta_v1,
tunisieannonce_60a832cc2035,tunisieannonce,0.0,positive,0.3134,0.55,24.72,suspect,"['urgency_detected', 'external_contact']",xlm_roberta_mdeberta_v1,
tunisieannonce_60691cd45381,tunisieannonce,0.0,positive,0.3598,0.0,12.59,normal,[],xlm_roberta_mdeberta_v1,
tunisieannonce_601b5f58c701,tunisieannonce,0.0,positive,0.3681,0.0,12.88,normal,[],xlm_roberta_mdeberta_v1,
tunisieannonce_60ef0648c0ee,tunisieannonce,0.0,positive,0.3186,0.75,29.9,suspect,"['urgency_detected', 'external_contact', 'no_images_suspicious']",xlm_roberta_mdeberta_v1,
tunisieannonce_618309e073a3,tunisieannonce,0.0,positive,0.2894,0.25,16.38,normal,['external_contact'],xlm_roberta_mdeberta_v1,
tunisieannonce_60a0ef251ef4,tunisieannonce,0.0,positive,0.2821,0.0,9.87,normal,[],xlm_roberta_mdeberta_v1,
tunisieannonce_60548cf803e9,tunisieannonce,0.0,positive,0.374,0.3,20.59,normal,['urgency_detected'],xlm_roberta_mdeberta_v1,
tunisieannonce_6102956dae70,tunisieannonce,0.0,positive,0.3329,0.3,19.15,normal,['urgency_detected'],xlm_roberta_mdeberta_v1,
tunisieannonce_6141794b26f7,tunisieannonce,0.0,positive,0.3293,0.2,16.53,normal,['no_images_suspicious'],xlm_roberta_mdeberta_v1,
tunisieannonce_616c1aba1369,tunisieannonce,0.0,positive,0.3257,0.25,17.65,normal,['external_contact'],xlm_roberta_mdeberta_v1,
tunisieannonce_616e41100a90,tunisieannonce,0.0,positive,0.4012,0.0,14.04,normal,[],xlm_roberta_mdeberta_v1,
tunisieannonce_617ced251bef,tunisieannonce,0.0,positive,0.339,0.45,23.12,suspect,"['external_contact', 'no_images_suspicious']",xlm_roberta_mdeberta_v1,
tunisieannonce_60f3686d9a7a,tunisieannonce,0.0,positive,0.3747,0.55,26.86,suspect,"['urgency_detected', 'external_contact']",xlm_roberta_mdeberta_v1,
tunisieannonce_6253c76b7e92,tunisieannonce,0.2974,negative,0.3546,0.25,30.56,suspect,['external_contact'],xlm_roberta_mdeberta_v1,
tunisieannonce_62a15b2b41f6,tunisieannonce,0.0,positive,0.3581,0.2,17.53,normal,['no_images_suspicious'],xlm_roberta_mdeberta_v1,
tunisieannonce_61992ac1f893,tunisieannonce,0.0,positive,0.3072,0.2,15.75,normal,['no_images_suspicious'],xlm_roberta_mdeberta_v1,
tunisieannonce_61d77e3cbd40,tunisieannonce,0.0,positive,0.3775,0.3,20.71,normal,['urgency_detected'],xlm_roberta_mdeberta_v1,
tunisieannonce_623b7e4859f4,tunisieannonce,0.0,positive,0.332,0.0,11.62,normal,[],xlm_roberta_mdeberta_v1,
tunisieannonce_620967e772a1,tunisieannonce,0.0,positive,0.3438,0.25,18.28,normal,['external_contact'],xlm_roberta_mdeberta_v1,
tunisieannonce_61c896d2d0cc,tunisieannonce,0.0833,neutral,0.3713,0.2,21.33,suspect,['no_images_suspicious'],xlm_roberta_mdeberta_v1,
tunisieannonce_6233a4e093c7,tunisieannonce,0.0,positive,0.3298,0.0,11.54,normal,[],xlm_roberta_mdeberta_v1,
tunisieannonce_631aafe5ff8d,tunisieannonce,0.0939,neutral,0.2786,0.0,13.51,normal,[],xlm_roberta_mdeberta_v1,
tunisieannonce_62f78d758d7c,tunisieannonce,0.0,positive,0.2987,0.2,15.45,normal,['no_images_suspicious'],xlm_roberta_mdeberta_v1,
tunisieannonce_633dff6c169d,tunisieannonce,0.0,positive,0.341,0.0,11.94,normal,[],xlm_roberta_mdeberta_v1,
tunisieannonce_62f9cd4a351f,tunisieannonce,0.2111,negative,0.3092,0.0,19.27,normal,[],xlm_roberta_mdeberta_v1,
tunisieannonce_62c90b699023,tunisieannonce,0.0,positive,0.3448,0.0,12.07,normal,[],xlm_roberta_mdeberta_v1,
tunisieannonce_6336ae21c5b2,tunisieannonce,0.0,positive,0.297,0.0,10.39,normal,[],xlm_roberta_mdeberta_v1,
tunisieannonce_63a085c50b29,tunisieannonce,0.0,positive,0.3064,0.2,15.72,normal,['no_images_suspicious'],xlm_roberta_mdeberta_v1,
tunisieannonce_6377e54d21aa,tunisieannonce,0.0,positive,0.3562,0.3,19.97,normal,['urgency_detected'],xlm_roberta_mdeberta_v1,
tunisieannonce_63c9f7e63a26,tunisieannonce,0.0,positive,0.3467,0.55,25.88,suspect,"['urgency_detected', 'external_contact']",xlm_roberta_mdeberta_v1,
tunisieannonce_63ced28dc4df,tunisieannonce,0.0,positive,0.3477,0.55,25.92,suspect,"['urgency_detected', 'external_contact']",xlm_roberta_mdeberta_v1,
tunisieannonce_63a89046e15f,tunisieannonce,0.0,positive,0.379,0.0,13.26,normal,[],xlm_roberta_mdeberta_v1,
tunisieannonce_6379f21abca3,tunisieannonce,0.0,positive,0.3174,0.25,17.36,normal,['external_contact'],xlm_roberta_mdeberta_v1,
tunisieannonce_6438b1c4be18,tunisieannonce,0.0,positive,0.3198,0.0,11.19,normal,[],xlm_roberta_mdeberta_v1,
tunisieannonce_651c5a0b1a76,tunisieannonce,0.0,positive,0.4023,0.0,14.08,normal,[],xlm_roberta_mdeberta_v1,
tunisieannonce_65699e1f079c,tunisieannonce,0.0,positive,0.3337,0.55,25.43,suspect,"['urgency_detected', 'external_contact']",xlm_roberta_mdeberta_v1,
tunisieannonce_643bd90d2479,tunisieannonce,0.0,positive,0.3024,0.0,10.58,normal,[],xlm_roberta_mdeberta_v1,
tunisieannonce_649adb8b252a,tunisieannonce,0.0,positive,0.3283,0.0,11.49,normal,[],xlm_roberta_mdeberta_v1,
tunisieannonce_646bd6967684,tunisieannonce,0.0,positive,0.3611,0.45,23.89,suspect,"['external_contact', 'no_images_suspicious']",xlm_roberta_mdeberta_v1,
tunisieannonce_6458b5e402e0,tunisieannonce,0.0,positive,0.2262,0.0,7.92,normal,[],xlm_roberta_mdeberta_v1,
tunisieannonce_6508073142bd,tunisieannonce,0.0,positive,0.3163,0.0,11.07,normal,[],xlm_roberta_mdeberta_v1,
tunisieannonce_65969b9b2b05,tunisieannonce,0.0812,neutral,0.3999,0.2,22.24,suspect,['no_images_suspicious'],xlm_roberta_mdeberta_v1,
tunisieannonce_65bea0abce4d,tunisieannonce,0.0,positive,0.2835,0.0,9.92,normal,[],xlm_roberta_mdeberta_v1,
tunisieannonce_656d089619e1,tunisieannonce,0.0,positive,0.3153,0.25,17.29,normal,['external_contact'],xlm_roberta_mdeberta_v1,
tunisieannonce_6578e39caf9e,tunisieannonce,0.0,positive,0.3678,0.0,12.87,normal,[],xlm_roberta_mdeberta_v1,
tunisieannonce_65d300141020,tunisieannonce,0.0,positive,0.3052,0.2,15.68,normal,['no_images_suspicious'],xlm_roberta_mdeberta_v1,
tunisieannonce_6623f0fd8289,tunisieannonce,0.0,positive,0.3976,0.25,20.17,normal,['external_contact'],xlm_roberta_mdeberta_v1,
tunisieannonce_66238c2adbeb,tunisieannonce,0.0,positive,0.3015,0.2,15.55,normal,['no_images_suspicious'],xlm_roberta_mdeberta_v1,
tunisieannonce_65e0578513b2,tunisieannonce,0.0,positive,0.2995,0.75,29.23,suspect,"['urgency_detected', 'external_contact', 'no_images_suspicious']",xlm_roberta_mdeberta_v1,
tunisieannonce_668d3c990f77,tunisieannonce,0.0,positive,0.3835,0.0,13.42,normal,[],xlm_roberta_mdeberta_v1,
tunisieannonce_665d74b730a6,tunisieannonce,0.391,negative,0.3517,0.0,27.95,suspect,[],xlm_roberta_mdeberta_v1,
tunisieannonce_66e020c62c08,tunisieannonce,0.0,positive,0.3225,0.0,11.29,normal,[],xlm_roberta_mdeberta_v1,
tunisieannonce_67522c568828,tunisieannonce,0.4278,negative,0.3948,0.75,49.68,suspect,"['urgency_detected', 'external_contact', 'no_images_suspicious']",xlm_roberta_mdeberta_v1,
tunisieannonce_66f054c331ba,tunisieannonce,0.0,positive,0.3354,0.0,11.74,normal,[],xlm_roberta_mdeberta_v1,
tunisieannonce_674cf89e6934,tunisieannonce,0.0,positive,0.3383,0.25,18.09,normal,['external_contact'],xlm_roberta_mdeberta_v1,
tunisieannonce_66ad08a1a2dd,tunisieannonce,0.0,positive,0.3156,0.0,11.05,normal,[],xlm_roberta_mdeberta_v1,
tunisieannonce_6747015d61f4,tunisieannonce,0.0,positive,0.3075,0.25,17.01,normal,['external_contact'],xlm_roberta_mdeberta_v1,
tunisieannonce_66cfe12b6402,tunisieannonce,0.0,positive,0.3712,0.75,31.74,suspect,"['urgency_detected', 'external_contact', 'no_images_suspicious']",xlm_roberta_mdeberta_v1,
tunisieannonce_6765406a6f62,tunisieannonce,0.0,positive,0.3636,0.2,17.73,normal,['no_images_suspicious'],xlm_roberta_mdeberta_v1,
tunisieannonce_677236f55e96,tunisieannonce,0.0,positive,0.3581,0.0,12.53,normal,[],xlm_roberta_mdeberta_v1,
tunisieannonce_67ebe1caa5b8,tunisieannonce,0.0,positive,0.3155,0.55,24.79,suspect,"['urgency_detected', 'external_contact']",xlm_roberta_mdeberta_v1,
tunisieannonce_679fa71cc4f4,tunisieannonce,0.0,positive,0.37,0.0,12.95,normal,[],xlm_roberta_mdeberta_v1,
tunisieannonce_67c704980676,tunisieannonce,0.0,positive,0.3284,0.0,11.49,normal,[],xlm_roberta_mdeberta_v1,
tunisieannonce_678ff5712a76,tunisieannonce,0.0,positive,0.378,0.25,19.48,normal,['external_contact'],xlm_roberta_mdeberta_v1,
tunisieannonce_67d0d07d6287,tunisieannonce,0.2155,negative,0.3783,0.0,21.86,suspect,[],xlm_roberta_mdeberta_v1,
tunisieannonce_692824197c10,tunisieannonce,0.0,positive,0.3398,0.2,16.89,normal,['no_images_suspicious'],xlm_roberta_mdeberta_v1,
tunisieannonce_68267cdf6998,tunisieannonce,0.3475,negative,0.3924,0.0,27.63,suspect,[],xlm_roberta_mdeberta_v1,
tunisieannonce_6935f9cc3ef1,tunisieannonce,0.0,positive,0.3313,0.0,11.6,normal,[],xlm_roberta_mdeberta_v1,
tunisieannonce_68576b2cc9a0,tunisieannonce,0.0,positive,0.3734,0.0,13.07,normal,[],xlm_roberta_mdeberta_v1,
tunisieannonce_680577eb789f,tunisieannonce,0.0,positive,0.3688,0.25,19.16,normal,['external_contact'],xlm_roberta_mdeberta_v1,
tunisieannonce_6888ccbf6790,tunisieannonce,0.0,positive,0.3251,0.55,25.13,suspect,"['urgency_detected', 'external_contact']",xlm_roberta_mdeberta_v1,
tunisieannonce_6cb4c6475a5c,tunisieannonce,0.0768,neutral,0.3441,0.2,20.12,normal,['no_images_suspicious'],xlm_roberta_mdeberta_v1,
tunisieannonce_693b0128fef3,tunisieannonce,0.0,positive,0.3212,0.3,18.74,normal,['urgency_detected'],xlm_roberta_mdeberta_v1,
tunisieannonce_69bc4cf92933,tunisieannonce,0.0,positive,0.3574,0.55,26.26,suspect,"['urgency_detected', 'external_contact']",xlm_roberta_mdeberta_v1,
tunisieannonce_6a219aa522a7,tunisieannonce,0.0891,neutral,0.3388,0.0,15.42,normal,[],xlm_roberta_mdeberta_v1,
tunisieannonce_69b900069876,tunisieannonce,0.0,positive,0.3924,0.0,13.73,normal,[],xlm_roberta_mdeberta_v1,
tunisieannonce_69ffe7759d4a,tunisieannonce,0.0,positive,0.307,0.0,10.74,normal,[],xlm_roberta_mdeberta_v1,
tunisieannonce_6a6e4f5b75da,tunisieannonce,0.0,positive,0.3976,0.5,26.42,suspect,"['urgency_detected', 'no_images_suspicious']",xlm_roberta_mdeberta_v1,
tunisieannonce_69a9726ec148,tunisieannonce,0.0,positive,0.3976,0.25,20.17,normal,['external_contact'],xlm_roberta_mdeberta_v1,
tunisieannonce_6a13a8d62860,tunisieannonce,0.0,positive,0.2965,0.2,15.38,normal,['no_images_suspicious'],xlm_roberta_mdeberta_v1,
tunisieannonce_6b3fe491e4c0,tunisieannonce,0.0,positive,0.3089,0.55,24.56,suspect,"['urgency_detected', 'external_contact']",xlm_roberta_mdeberta_v1,
tunisieannonce_6b26f8a8f6b4,tunisieannonce,0.0,positive,0.3716,0.0,13.01,normal,[],xlm_roberta_mdeberta_v1,
tunisieannonce_6a7a97b07d62,tunisieannonce,0.0,positive,0.3043,0.0,10.65,normal,[],xlm_roberta_mdeberta_v1,
tunisieannonce_6b54acf9dba6,tunisieannonce,0.0,positive,0.3547,0.75,31.16,suspect,"['urgency_detected', 'external_contact', 'no_images_suspicious']",xlm_roberta_mdeberta_v1,
tunisieannonce_6c284c1af08e,tunisieannonce,0.0,positive,0.351,0.25,18.54,normal,['external_contact'],xlm_roberta_mdeberta_v1,
tunisieannonce_6baa4a29e926,tunisieannonce,0.2533,negative,0.3444,0.2,27.19,suspect,['no_images_suspicious'],xlm_roberta_mdeberta_v1,
tunisieannonce_6bb26a47790e,tunisieannonce,0.0,positive,0.3519,0.0,12.32,normal,[],xlm_roberta_mdeberta_v1,
tunisieannonce_6b276eb98483,tunisieannonce,0.0,positive,0.4037,0.0,14.13,normal,[],xlm_roberta_mdeberta_v1,
tunisieannonce_6a7451578109,tunisieannonce,0.0,positive,0.3182,0.0,11.14,normal,[],xlm_roberta_mdeberta_v1,
tunisieannonce_6c268f0bcb99,tunisieannonce,0.0,positive,0.3351,0.55,25.48,suspect,"['urgency_detected', 'external_contact']",xlm_roberta_mdeberta_v1,
tunisieannonce_6b90e5f03002,tunisieannonce,0.0,positive,0.3441,0.2,17.04,normal,['no_images_suspicious'],xlm_roberta_mdeberta_v1,
tunisieannonce_6b5e74df515b,tunisieannonce,0.0,positive,0.3428,0.0,12.0,normal,[],xlm_roberta_mdeberta_v1,
tunisieannonce_6bf167abc4f5,tunisieannonce,0.0,positive,0.388,0.2,18.58,normal,['no_images_suspicious'],xlm_roberta_mdeberta_v1,
tunisieannonce_6cd5a6d9f327,tunisieannonce,0.0,positive,0.3529,0.2,17.35,normal,['no_images_suspicious'],xlm_roberta_mdeberta_v1,
tunisieannonce_6d6f0f7609ae,tunisieannonce,0.0,positive,0.365,0.75,31.53,suspect,"['urgency_detected', 'external_contact', 'no_images_suspicious']",xlm_roberta_mdeberta_v1,
tunisieannonce_6cd39d0393f1,tunisieannonce,0.0,positive,0.3445,0.25,18.31,normal,['external_contact'],xlm_roberta_mdeberta_v1,
tunisieannonce_6cc98b8e1ed4,tunisieannonce,0.0,positive,0.3883,0.2,18.59,normal,['no_images_suspicious'],xlm_roberta_mdeberta_v1,
tunisieannonce_6db5b083253c,tunisieannonce,0.0,positive,0.346,0.0,12.11,normal,[],xlm_roberta_mdeberta_v1,
tunisieannonce_70722bbef1ab,tunisieannonce,0.0,positive,0.3059,0.2,15.71,normal,['no_images_suspicious'],xlm_roberta_mdeberta_v1,
tunisieannonce_6e402c52cecf,tunisieannonce,0.7096,negative,0.3619,0.2,46.05,suspect,"['no_images_suspicious', 'strong_negative_sentiment']",xlm_roberta_mdeberta_v1,
tunisieannonce_6df068363682,tunisieannonce,0.0,positive,0.3313,0.75,30.35,suspect,"['urgency_detected', 'external_contact', 'no_images_suspicious']",xlm_roberta_mdeberta_v1,
tunisieannonce_6e74ef504b06,tunisieannonce,0.0,positive,0.3136,0.0,10.98,normal,[],xlm_roberta_mdeberta_v1,
tunisieannonce_6e33243a359c,tunisieannonce,0.0,positive,0.3671,0.25,19.1,normal,['external_contact'],xlm_roberta_mdeberta_v1,
tunisieannonce_849b836f1cc5,tunisieannonce,0.0,positive,0.3218,0.2,16.26,normal,['no_images_suspicious'],xlm_roberta_mdeberta_v1,
tunisieannonce_6e7f4ea59028,tunisieannonce,0.0,positive,0.361,0.0,12.63,normal,[],xlm_roberta_mdeberta_v1,
tunisieannonce_6e70b226fe99,tunisieannonce,0.0,positive,0.421,0.2,19.73,normal,['no_images_suspicious'],xlm_roberta_mdeberta_v1,
tunisieannonce_6e14100ae997,tunisieannonce,0.0,positive,0.2734,0.75,28.32,suspect,"['urgency_detected', 'external_contact', 'no_images_suspicious']",xlm_roberta_mdeberta_v1,
tunisieannonce_6f01fb0facc3,tunisieannonce,0.0,positive,0.3531,0.75,31.11,suspect,"['urgency_detected', 'external_contact', 'no_images_suspicious']",xlm_roberta_mdeberta_v1,
tunisieannonce_6efab3b3e20e,tunisieannonce,0.0,positive,0.3347,0.2,16.71,normal,['no_images_suspicious'],xlm_roberta_mdeberta_v1,
tunisieannonce_6e92a01a52b3,tunisieannonce,0.0,positive,0.3225,0.0,11.29,normal,[],xlm_roberta_mdeberta_v1,
tunisieannonce_6e912f3a29b3,tunisieannonce,0.0,positive,0.3344,0.55,25.45,suspect,"['urgency_detected', 'external_contact']",xlm_roberta_mdeberta_v1,
tunisieannonce_6ecbe65f8512,tunisieannonce,0.0,positive,0.3487,0.45,23.45,suspect,"['external_contact', 'no_images_suspicious']",xlm_roberta_mdeberta_v1,
tunisieannonce_6eb7877c122f,tunisieannonce,0.0,positive,0.3792,0.55,27.02,suspect,"['urgency_detected', 'external_contact']",xlm_roberta_mdeberta_v1,
tunisieannonce_6edbaaafbd21,tunisieannonce,0.0,positive,0.3177,0.75,29.87,suspect,"['urgency_detected', 'external_contact', 'no_images_suspicious']",xlm_roberta_mdeberta_v1,
tunisieannonce_6ee80a364e37,tunisieannonce,0.0,positive,0.3282,0.0,11.49,normal,[],xlm_roberta_mdeberta_v1,
tunisieannonce_6fca8072cc72,tunisieannonce,0.217,negative,0.4143,0.2,28.18,suspect,['no_images_suspicious'],xlm_roberta_mdeberta_v1,
tunisieannonce_7008da957198,tunisieannonce,0.0,positive,0.2343,0.0,8.2,normal,[],xlm_roberta_mdeberta_v1,
tunisieannonce_6fd03e0ec019,tunisieannonce,0.0,positive,0.2752,0.25,15.88,normal,['external_contact'],xlm_roberta_mdeberta_v1,
tunisieannonce_6f898db3583d,tunisieannonce,0.0,positive,0.3232,0.55,25.06,suspect,"['urgency_detected', 'external_contact']",xlm_roberta_mdeberta_v1,
tunisieannonce_6f65f492a732,tunisieannonce,0.0,positive,0.3301,0.0,11.55,normal,[],xlm_roberta_mdeberta_v1,
tunisieannonce_6fd9e6ad0c6e,tunisieannonce,0.0,positive,0.3035,0.0,10.62,normal,[],xlm_roberta_mdeberta_v1,
tunisieannonce_6f8c9ac88dc5,tunisieannonce,0.0,positive,0.3386,0.0,11.85,normal,[],xlm_roberta_mdeberta_v1,
tunisieannonce_6ff89170966a,tunisieannonce,0.0,positive,0.3434,0.25,18.27,normal,['external_contact'],xlm_roberta_mdeberta_v1,
tunisieannonce_6fac1f769c30,tunisieannonce,0.4589,negative,0.3085,0.2,34.15,suspect,['no_images_suspicious'],xlm_roberta_mdeberta_v1,
tunisieannonce_70cad5f767ee,tunisieannonce,0.2837,negative,0.3288,0.3,30.36,suspect,['urgency_detected'],xlm_roberta_mdeberta_v1,
tunisieannonce_70d254671d91,tunisieannonce,0.0,positive,0.3296,0.45,22.79,suspect,"['external_contact', 'no_images_suspicious']",xlm_roberta_mdeberta_v1,
tunisieannonce_704a9aa99e44,tunisieannonce,0.0,positive,0.3093,0.75,29.58,suspect,"['urgency_detected', 'external_contact', 'no_images_suspicious']",xlm_roberta_mdeberta_v1,
tunisieannonce_70c41828b2b0,tunisieannonce,0.0,positive,0.3781,0.0,13.23,normal,[],xlm_roberta_mdeberta_v1,
tunisieannonce_705617c18b31,tunisieannonce,0.0,positive,0.4143,0.25,20.75,normal,['external_contact'],xlm_roberta_mdeberta_v1,
tunisieannonce_7088ab0702f9,tunisieannonce,0.0,positive,0.3664,0.25,19.07,normal,['external_contact'],xlm_roberta_mdeberta_v1,
tunisieannonce_709de1179081,tunisieannonce,0.0,positive,0.2702,0.2,14.46,normal,['no_images_suspicious'],xlm_roberta_mdeberta_v1,
tunisieannonce_717dc5223ebd,tunisieannonce,0.0,positive,0.302,0.0,10.57,normal,[],xlm_roberta_mdeberta_v1,
tunisieannonce_71d0b889f599,tunisieannonce,0.0735,neutral,0.3359,0.3,22.2,suspect,['urgency_detected'],xlm_roberta_mdeberta_v1,
tunisieannonce_71ba59ef471a,tunisieannonce,0.0,positive,0.3313,0.0,11.6,normal,[],xlm_roberta_mdeberta_v1,
tunisieannonce_71a343c3b054,tunisieannonce,0.0,positive,0.3487,0.0,12.2,normal,[],xlm_roberta_mdeberta_v1,
tunisieannonce_70df6f20ac2d,tunisieannonce,0.0,positive,0.3431,0.25,18.26,normal,['external_contact'],xlm_roberta_mdeberta_v1,
tunisieannonce_71af7678cfae,tunisieannonce,0.0,positive,0.381,0.2,18.34,normal,['no_images_suspicious'],xlm_roberta_mdeberta_v1,
tunisieannonce_71e8006851c0,tunisieannonce,0.4061,negative,0.449,0.2,36.96,suspect,['no_images_suspicious'],xlm_roberta_mdeberta_v1,
tunisieannonce_71ea2303fc4e,tunisieannonce,0.0751,neutral,0.3075,0.2,18.77,normal,['no_images_suspicious'],xlm_roberta_mdeberta_v1,
tunisieannonce_721c5e93fdb8,tunisieannonce,0.0,positive,0.3316,0.0,11.61,normal,[],xlm_roberta_mdeberta_v1,
tunisieannonce_71f1326ded8d,tunisieannonce,0.0,positive,0.3869,0.0,13.54,normal,[],xlm_roberta_mdeberta_v1,
tunisieannonce_721d65dcfbfa,tunisieannonce,0.0873,neutral,0.377,0.25,22.94,suspect,['external_contact'],xlm_roberta_mdeberta_v1,
tunisieannonce_724a23c7f09e,tunisieannonce,0.0,positive,0.392,0.0,13.72,normal,[],xlm_roberta_mdeberta_v1,
tunisieannonce_72795fd7594f,tunisieannonce,0.0,positive,0.3319,0.55,25.37,suspect,"['urgency_detected', 'external_contact']",xlm_roberta_mdeberta_v1,
tunisieannonce_723775c494f6,tunisieannonce,0.4923,negative,0.3875,0.0,33.25,suspect,[],xlm_roberta_mdeberta_v1,
tunisieannonce_732c73bbb962,tunisieannonce,0.4075,negative,0.3496,0.25,34.79,suspect,['external_contact'],xlm_roberta_mdeberta_v1,
tunisieannonce_73373a8583a6,tunisieannonce,0.0,positive,0.3182,0.0,11.14,normal,[],xlm_roberta_mdeberta_v1,
tunisieannonce_72d66eb44f21,tunisieannonce,0.0,positive,0.3687,0.2,17.9,normal,['no_images_suspicious'],xlm_roberta_mdeberta_v1,
tunisieannonce_734d597c8381,tunisieannonce,0.0,positive,0.3367,0.0,11.78,normal,[],xlm_roberta_mdeberta_v1,
tunisieannonce_734cea8dd245,tunisieannonce,0.0,positive,0.3751,0.0,13.13,normal,[],xlm_roberta_mdeberta_v1,
tunisieannonce_72f4f2a09c4f,tunisieannonce,0.0,positive,0.4188,0.0,14.66,normal,[],xlm_roberta_mdeberta_v1,
tunisieannonce_72e382cd0c3f,tunisieannonce,0.0,positive,0.386,0.25,19.76,normal,['external_contact'],xlm_roberta_mdeberta_v1,
tunisieannonce_7469e1fcaf0a,tunisieannonce,0.3207,negative,0.3889,0.25,32.69,suspect,['external_contact'],xlm_roberta_mdeberta_v1,
tunisieannonce_73978a636162,tunisieannonce,0.0,positive,0.3559,0.25,18.71,normal,['external_contact'],xlm_roberta_mdeberta_v1,
tunisieannonce_a530ad5f7a1d,tunisieannonce,0.0,positive,0.3485,0.0,12.2,normal,[],xlm_roberta_mdeberta_v1,
tunisieannonce_746e8ed4cfd0,tunisieannonce,0.0,positive,0.3225,0.25,17.54,normal,['external_contact'],xlm_roberta_mdeberta_v1,
tunisieannonce_747f5c867050,tunisieannonce,0.0777,neutral,0.372,0.25,22.38,suspect,['external_contact'],xlm_roberta_mdeberta_v1,
tunisieannonce_73624e6e4d89,tunisieannonce,0.0,positive,0.3705,0.0,12.97,normal,[],xlm_roberta_mdeberta_v1,
tunisieannonce_7451938a31f5,tunisieannonce,0.0,positive,0.3349,0.2,16.72,normal,['no_images_suspicious'],xlm_roberta_mdeberta_v1,
tunisieannonce_75205b1f6b0e,tunisieannonce,0.0,positive,0.3267,0.55,25.18,suspect,"['urgency_detected', 'external_contact']",xlm_roberta_mdeberta_v1,
tunisieannonce_74eee9721bf2,tunisieannonce,0.0,positive,0.3784,0.2,18.24,normal,['no_images_suspicious'],xlm_roberta_mdeberta_v1,
tunisieannonce_7511fbd498a4,tunisieannonce,0.0,positive,0.3438,0.0,12.03,normal,[],xlm_roberta_mdeberta_v1,
tunisieannonce_74ec786c3cec,tunisieannonce,0.0,positive,0.3156,0.0,11.05,normal,[],xlm_roberta_mdeberta_v1,
tunisieannonce_7506900ddf07,tunisieannonce,0.0,positive,0.3843,0.0,13.45,normal,[],xlm_roberta_mdeberta_v1,
tunisieannonce_751e7a0e3bbe,tunisieannonce,0.0851,neutral,0.3411,0.2,20.34,normal,['no_images_suspicious'],xlm_roberta_mdeberta_v1,
tunisieannonce_752f673b30fc,tunisieannonce,0.0,positive,0.3608,0.3,20.13,normal,['urgency_detected'],xlm_roberta_mdeberta_v1,
tunisieannonce_75a5db96ca2b,tunisieannonce,0.0915,neutral,0.3332,0.0,15.32,normal,[],xlm_roberta_mdeberta_v1,
tunisieannonce_75749c49a955,tunisieannonce,0.0774,neutral,0.3368,0.25,21.13,suspect,['external_contact'],xlm_roberta_mdeberta_v1,
tunisieannonce_a47a6df1f030,tunisieannonce,0.0,positive,0.3574,0.45,23.76,suspect,"['external_contact', 'no_images_suspicious']",xlm_roberta_mdeberta_v1,
tunisieannonce_75f4d021bc6e,tunisieannonce,0.0,positive,0.3191,0.0,11.17,normal,[],xlm_roberta_mdeberta_v1,
tunisieannonce_75cf896dcfe7,tunisieannonce,0.0774,neutral,0.3462,0.0,15.21,normal,[],xlm_roberta_mdeberta_v1,
tunisieannonce_7601bf5318e2,tunisieannonce,0.0,positive,0.3932,0.2,18.76,normal,['no_images_suspicious'],xlm_roberta_mdeberta_v1,
tunisieannonce_7574c129aef7,tunisieannonce,0.2296,negative,0.3653,0.25,28.22,suspect,['external_contact'],xlm_roberta_mdeberta_v1,
tunisieannonce_76fec8e4ed83,tunisieannonce,0.4899,negative,0.3304,0.3,38.66,suspect,['urgency_detected'],xlm_roberta_mdeberta_v1,
tunisieannonce_76779bcb42ae,tunisieannonce,0.0,positive,0.3182,0.0,11.14,normal,[],xlm_roberta_mdeberta_v1,
tunisieannonce_7612f7fbfe5a,tunisieannonce,0.361,negative,0.3653,0.55,40.98,suspect,"['urgency_detected', 'external_contact']",xlm_roberta_mdeberta_v1,
tunisieannonce_7681c41f8106,tunisieannonce,0.0,positive,0.3465,0.0,12.13,normal,[],xlm_roberta_mdeberta_v1,
tunisieannonce_7610cb972a8e,tunisieannonce,0.0,positive,0.4108,0.55,28.13,suspect,"['urgency_detected', 'external_contact']",xlm_roberta_mdeberta_v1,
tunisieannonce_76352ff9d4a8,tunisieannonce,0.0,positive,0.3412,0.2,16.94,normal,['no_images_suspicious'],xlm_roberta_mdeberta_v1,
tunisieannonce_7795c5f3eac1,tunisieannonce,0.0,positive,0.3109,0.0,10.88,normal,[],xlm_roberta_mdeberta_v1,
tunisieannonce_774439851962,tunisieannonce,0.0,positive,0.3689,0.0,12.91,normal,[],xlm_roberta_mdeberta_v1,
tunisieannonce_a50641300e48,tunisieannonce,0.1049,neutral,0.3694,0.0,17.12,normal,[],xlm_roberta_mdeberta_v1,
tunisieannonce_771c205639b7,tunisieannonce,0.0,positive,0.3737,0.45,24.33,suspect,"['external_contact', 'no_images_suspicious']",xlm_roberta_mdeberta_v1,
tunisieannonce_7780cb75c9e2,tunisieannonce,0.4909,negative,0.3649,0.25,38.66,suspect,['external_contact'],xlm_roberta_mdeberta_v1,
tunisieannonce_7713978df36c,tunisieannonce,0.0,positive,0.3256,0.25,17.65,normal,['external_contact'],xlm_roberta_mdeberta_v1,
tunisieannonce_770f87d38025,tunisieannonce,0.0,positive,0.3219,0.2,16.27,normal,['no_images_suspicious'],xlm_roberta_mdeberta_v1,
tunisieannonce_781a1505120d,tunisieannonce,0.0856,neutral,0.3673,0.0,16.28,normal,[],xlm_roberta_mdeberta_v1,
tunisieannonce_788d450d1375,tunisieannonce,0.0,positive,0.3483,0.0,12.19,normal,[],xlm_roberta_mdeberta_v1,
tunisieannonce_788f2fdc68c1,tunisieannonce,0.0,positive,0.3725,0.2,18.04,normal,['no_images_suspicious'],xlm_roberta_mdeberta_v1,
tunisieannonce_780c217c7b38,tunisieannonce,0.0,positive,0.3195,0.25,17.43,normal,['external_contact'],xlm_roberta_mdeberta_v1,
tunisieannonce_77f3e222bd16,tunisieannonce,0.0,positive,0.3774,0.0,13.21,normal,[],xlm_roberta_mdeberta_v1,
tunisieannonce_788c1a5538de,tunisieannonce,0.573,negative,0.323,0.25,40.48,suspect,['external_contact'],xlm_roberta_mdeberta_v1,
tunisieannonce_77d6797dfecd,tunisieannonce,0.413,negative,0.3217,0.0,27.78,suspect,[],xlm_roberta_mdeberta_v1,
tunisieannonce_77d3f8adda96,tunisieannonce,0.1645,negative,0.3617,0.3,26.74,suspect,['urgency_detected'],xlm_roberta_mdeberta_v1,
tunisieannonce_791139101f69,tunisieannonce,0.1681,negative,0.3944,0.25,26.78,suspect,['external_contact'],xlm_roberta_mdeberta_v1,
tunisieannonce_797fd6c9d053,tunisieannonce,0.2412,negative,0.3317,0.0,21.26,suspect,[],xlm_roberta_mdeberta_v1,
tunisieannonce_7893564b2e7b,tunisieannonce,0.0,positive,0.3436,0.55,25.78,suspect,"['urgency_detected', 'external_contact']",xlm_roberta_mdeberta_v1,
tunisieannonce_78f0e9cb237d,tunisieannonce,0.0,positive,0.3463,0.5,24.62,suspect,"['urgency_detected', 'no_images_suspicious']",xlm_roberta_mdeberta_v1,
tunisieannonce_78992835ae97,tunisieannonce,0.0,positive,0.3323,0.0,11.63,normal,[],xlm_roberta_mdeberta_v1,
tunisieannonce_78bc2bc50481,tunisieannonce,0.4896,negative,0.3284,0.0,31.08,suspect,[],xlm_roberta_mdeberta_v1,
tunisieannonce_7a06d1bd650a,tunisieannonce,0.0,positive,0.3398,0.0,11.89,normal,[],xlm_roberta_mdeberta_v1,
tunisieannonce_79fcebcbed5f,tunisieannonce,0.0,positive,0.3757,0.3,20.65,normal,['urgency_detected'],xlm_roberta_mdeberta_v1,
tunisieannonce_79fb3130ad55,tunisieannonce,0.0,positive,0.3376,0.0,11.82,normal,[],xlm_roberta_mdeberta_v1,
tunisieannonce_79e69a17c84d,tunisieannonce,0.0,positive,0.2957,0.0,10.35,normal,[],xlm_roberta_mdeberta_v1,
tunisieannonce_7a228c70aba6,tunisieannonce,0.0784,neutral,0.3439,0.2,20.17,normal,['no_images_suspicious'],xlm_roberta_mdeberta_v1,
tunisieannonce_79ea68ea9d71,tunisieannonce,0.0758,neutral,0.3002,0.45,24.79,suspect,"['vague_description', 'no_images_suspicious']",xlm_roberta_mdeberta_v1,
tunisieannonce_7d51cf844b1f,tunisieannonce,0.0,positive,0.3257,0.3,18.9,normal,['urgency_detected'],xlm_roberta_mdeberta_v1,
tunisieannonce_798c505047d2,tunisieannonce,0.0,positive,0.3487,0.3,19.7,normal,['urgency_detected'],xlm_roberta_mdeberta_v1,
tunisieannonce_79cc9ccd4519,tunisieannonce,0.0,positive,0.3991,0.0,13.97,normal,[],xlm_roberta_mdeberta_v1,
tunisieannonce_7a762aed8f6c,tunisieannonce,0.0,positive,0.3434,0.0,12.02,normal,[],xlm_roberta_mdeberta_v1,
tunisieannonce_7f4b9561e3f5,tunisieannonce,0.0,positive,0.3083,0.0,10.79,normal,[],xlm_roberta_mdeberta_v1,
tunisieannonce_7ab9396ade75,tunisieannonce,0.0,positive,0.3575,0.25,18.76,normal,['external_contact'],xlm_roberta_mdeberta_v1,
tunisieannonce_7abfb2fb8f20,tunisieannonce,0.0,positive,0.37,0.25,19.2,normal,['external_contact'],xlm_roberta_mdeberta_v1,
tunisieannonce_7aa095e6319a,tunisieannonce,0.0,positive,0.3415,0.55,25.7,suspect,"['urgency_detected', 'external_contact']",xlm_roberta_mdeberta_v1,
tunisieannonce_7a8d02abe76b,tunisieannonce,0.4171,negative,0.3412,0.0,28.63,suspect,[],xlm_roberta_mdeberta_v1,
tunisieannonce_84793424cd7f,tunisieannonce,0.2584,negative,0.3494,0.0,22.56,suspect,[],xlm_roberta_mdeberta_v1,
tunisieannonce_7a775a0c30b5,tunisieannonce,0.0,positive,0.3713,0.0,13.0,normal,[],xlm_roberta_mdeberta_v1,
tunisieannonce_7a538b426c54,tunisieannonce,0.0,positive,0.4087,0.5,26.8,suspect,"['urgency_detected', 'no_images_suspicious']",xlm_roberta_mdeberta_v1,
tunisieannonce_7b89280925ae,tunisieannonce,0.0,positive,0.3401,0.55,25.65,suspect,"['urgency_detected', 'external_contact']",xlm_roberta_mdeberta_v1,
tunisieannonce_7b84bd1ab71f,tunisieannonce,0.0,positive,0.4204,0.0,14.71,normal,[],xlm_roberta_mdeberta_v1,
tunisieannonce_7b3ca2e23885,tunisieannonce,0.0,positive,0.3622,0.2,17.68,normal,['no_images_suspicious'],xlm_roberta_mdeberta_v1,
tunisieannonce_7beb81cb3304,tunisieannonce,0.0,positive,0.3014,0.0,10.55,normal,[],xlm_roberta_mdeberta_v1,
tunisieannonce_7bf6fe61a509,tunisieannonce,0.0,positive,0.3366,0.0,11.78,normal,[],xlm_roberta_mdeberta_v1,
tunisieannonce_8dcab4e101dc,tunisieannonce,0.0,positive,0.3246,0.0,11.36,normal,[],xlm_roberta_mdeberta_v1,
tunisieannonce_7b80f613901f,tunisieannonce,0.0,positive,0.3278,0.2,16.47,normal,['no_images_suspicious'],xlm_roberta_mdeberta_v1,
tunisieannonce_7c4a902acb27,tunisieannonce,0.0,positive,0.3539,0.55,26.14,suspect,"['urgency_detected', 'external_contact']",xlm_roberta_mdeberta_v1,
tunisieannonce_7c5912db7d14,tunisieannonce,0.0,positive,0.3905,0.2,18.67,normal,['no_images_suspicious'],xlm_roberta_mdeberta_v1,
tunisieannonce_7c0c47530a05,tunisieannonce,0.0,positive,0.3013,0.0,10.55,normal,[],xlm_roberta_mdeberta_v1,
tunisieannonce_7c11adaffe36,tunisieannonce,0.0,positive,0.3886,0.55,27.35,suspect,"['urgency_detected', 'external_contact']",xlm_roberta_mdeberta_v1,
tunisieannonce_7c8da9611189,tunisieannonce,0.0,positive,0.2789,0.25,16.01,normal,['external_contact'],xlm_roberta_mdeberta_v1,
tunisieannonce_7c2d70a3b0bf,tunisieannonce,0.0,positive,0.3258,0.25,17.65,normal,['external_contact'],xlm_roberta_mdeberta_v1,
tunisieannonce_7c9ee6699fda,tunisieannonce,0.0,positive,0.337,0.55,25.55,suspect,"['urgency_detected', 'external_contact']",xlm_roberta_mdeberta_v1,
tunisieannonce_7c2711b16493,tunisieannonce,0.0,positive,0.4317,0.0,15.11,normal,[],xlm_roberta_mdeberta_v1,
tunisieannonce_7bf989f82969,tunisieannonce,0.0,positive,0.3051,0.3,18.18,normal,['urgency_detected'],xlm_roberta_mdeberta_v1,
tunisieannonce_7d0ebff84e0d,tunisieannonce,0.2452,negative,0.3631,0.25,28.77,suspect,['external_contact'],xlm_roberta_mdeberta_v1,
tunisieannonce_7cd4df13678a,tunisieannonce,0.0,positive,0.3008,0.2,15.53,normal,['no_images_suspicious'],xlm_roberta_mdeberta_v1,
tunisieannonce_7cb17619ce84,tunisieannonce,0.0,positive,0.3933,0.3,21.27,suspect,['urgency_detected'],xlm_roberta_mdeberta_v1,
tunisieannonce_7cf0ceca918f,tunisieannonce,0.0,positive,0.3701,0.55,26.7,suspect,"['urgency_detected', 'external_contact']",xlm_roberta_mdeberta_v1,
tunisieannonce_7cc16dde4f17,tunisieannonce,0.0,positive,0.3148,0.45,22.27,suspect,"['external_contact', 'no_images_suspicious']",xlm_roberta_mdeberta_v1,
tunisieannonce_7d7d0ed8a93e,tunisieannonce,0.0,positive,0.3812,0.45,24.59,suspect,"['external_contact', 'no_images_suspicious']",xlm_roberta_mdeberta_v1,
tunisieannonce_7d0c08c38ff6,tunisieannonce,0.0,positive,0.3468,0.0,12.14,normal,[],xlm_roberta_mdeberta_v1,
tunisieannonce_7dbd23376097,tunisieannonce,0.3352,negative,0.3252,0.0,24.79,suspect,[],xlm_roberta_mdeberta_v1,
tunisieannonce_7d6a1a2c4853,tunisieannonce,0.0,positive,0.3339,0.0,11.69,normal,[],xlm_roberta_mdeberta_v1,
tunisieannonce_7d79ddad196f,tunisieannonce,0.0,positive,0.3011,0.0,10.54,normal,[],xlm_roberta_mdeberta_v1,
tunisieannonce_7d7784d1a686,tunisieannonce,0.0,positive,0.3604,0.25,18.86,normal,['external_contact'],xlm_roberta_mdeberta_v1,
tunisieannonce_7dae5e008bde,tunisieannonce,0.0,positive,0.3478,0.0,12.17,normal,[],xlm_roberta_mdeberta_v1,
tunisieannonce_a520b9c9eb33,tunisieannonce,0.0,positive,0.3426,0.0,11.99,normal,[],xlm_roberta_mdeberta_v1,
tunisieannonce_7dfbf73883be,tunisieannonce,0.0,positive,0.2623,0.2,14.18,normal,['no_images_suspicious'],xlm_roberta_mdeberta_v1,
tunisieannonce_7decb3699308,tunisieannonce,0.0,positive,0.3176,0.0,11.12,normal,[],xlm_roberta_mdeberta_v1,
tunisieannonce_7e47adee27c8,tunisieannonce,0.0,positive,0.3472,0.55,25.9,suspect,"['urgency_detected', 'external_contact']",xlm_roberta_mdeberta_v1,
tunisieannonce_7e6879a856b4,tunisieannonce,0.0,positive,0.3879,0.2,18.58,normal,['no_images_suspicious'],xlm_roberta_mdeberta_v1,
tunisieannonce_7de79e11ab6b,tunisieannonce,0.0,positive,0.3235,0.25,17.57,normal,['external_contact'],xlm_roberta_mdeberta_v1,
tunisieannonce_7e09d5397342,tunisieannonce,0.0,positive,0.332,0.55,25.37,suspect,"['urgency_detected', 'external_contact']",xlm_roberta_mdeberta_v1,
tunisieannonce_7ebaf3d69904,tunisieannonce,0.0,positive,0.368,0.0,12.88,normal,[],xlm_roberta_mdeberta_v1,
tunisieannonce_7e9ca4440610,tunisieannonce,0.0,positive,0.3617,0.75,31.41,suspect,"['urgency_detected', 'external_contact', 'no_images_suspicious']",xlm_roberta_mdeberta_v1,
tunisieannonce_7ec8ca7712bc,tunisieannonce,0.0,positive,0.3318,0.0,11.61,normal,[],xlm_roberta_mdeberta_v1,
tunisieannonce_7fb16a1d4ab8,tunisieannonce,0.0,positive,0.3611,0.3,20.14,normal,['urgency_detected'],xlm_roberta_mdeberta_v1,
tunisieannonce_7ec2f003ab9b,tunisieannonce,0.0,positive,0.3842,0.0,13.45,normal,[],xlm_roberta_mdeberta_v1,
tunisieannonce_7e93d024fbe4,tunisieannonce,0.0,positive,0.3724,0.0,13.03,normal,[],xlm_roberta_mdeberta_v1,
tunisieannonce_7eeb99db1213,tunisieannonce,0.0,positive,0.3794,0.3,20.78,normal,['urgency_detected'],xlm_roberta_mdeberta_v1,
tunisieannonce_7ea4be7ff5a3,tunisieannonce,0.0,positive,0.3226,0.0,11.29,normal,[],xlm_roberta_mdeberta_v1,
tunisieannonce_7eaf1e9c724c,tunisieannonce,0.2253,negative,0.3778,0.0,22.23,suspect,[],xlm_roberta_mdeberta_v1,
tunisieannonce_7fd2337dec78,tunisieannonce,0.0,positive,0.3179,0.0,11.13,normal,[],xlm_roberta_mdeberta_v1,
tunisieannonce_7f16b0f254bd,tunisieannonce,0.352,negative,0.412,0.75,47.25,suspect,"['urgency_detected', 'external_contact', 'no_images_suspicious']",xlm_roberta_mdeberta_v1,
tunisieannonce_7fa50165fa09,tunisieannonce,0.0,positive,0.3252,0.55,25.13,suspect,"['urgency_detected', 'external_contact']",xlm_roberta_mdeberta_v1,
tunisieannonce_7f2a3a50c5b7,tunisieannonce,0.0,positive,0.3622,0.0,12.68,normal,[],xlm_roberta_mdeberta_v1,
tunisieannonce_800c00dfef47,tunisieannonce,0.0,positive,0.2982,0.5,22.94,suspect,"['urgency_detected', 'no_images_suspicious']",xlm_roberta_mdeberta_v1,
tunisieannonce_7fe9ef5fde5a,tunisieannonce,0.0869,neutral,0.3579,0.0,16.0,normal,[],xlm_roberta_mdeberta_v1,
tunisieannonce_8048591bcb8e,tunisieannonce,0.0,positive,0.2935,0.3,17.77,normal,['urgency_detected'],xlm_roberta_mdeberta_v1,
tunisieannonce_8037dc0bb4ee,tunisieannonce,0.0,positive,0.3854,0.0,13.49,normal,[],xlm_roberta_mdeberta_v1,
tunisieannonce_803f9990c073,tunisieannonce,0.0,positive,0.3858,0.2,18.5,normal,['no_images_suspicious'],xlm_roberta_mdeberta_v1,
tunisieannonce_80363653634f,tunisieannonce,0.0,positive,0.3405,0.25,18.17,normal,['external_contact'],xlm_roberta_mdeberta_v1,
tunisieannonce_8093ec5f19ec,tunisieannonce,0.2498,negative,0.2834,0.0,19.91,normal,[],xlm_roberta_mdeberta_v1,
tunisieannonce_809daed0e783,tunisieannonce,0.0,positive,0.34,0.0,11.9,normal,[],xlm_roberta_mdeberta_v1,
tunisieannonce_80432ccca63f,tunisieannonce,0.0,positive,0.3988,0.55,27.71,suspect,"['urgency_detected', 'external_contact']",xlm_roberta_mdeberta_v1,
tunisieannonce_948042d1340d,tunisieannonce,0.2783,negative,0.3559,0.2,28.59,suspect,['no_images_suspicious'],xlm_roberta_mdeberta_v1,
tunisieannonce_8129b0d64191,tunisieannonce,0.0,positive,0.3584,0.0,12.54,normal,[],xlm_roberta_mdeberta_v1,
tunisieannonce_81116f7aa8cb,tunisieannonce,0.0,positive,0.3235,0.2,16.32,normal,['no_images_suspicious'],xlm_roberta_mdeberta_v1,
tunisieannonce_815de63384c1,tunisieannonce,0.0,positive,0.3226,0.25,17.54,normal,['external_contact'],xlm_roberta_mdeberta_v1,
tunisieannonce_812b0109affa,tunisieannonce,0.4954,negative,0.351,0.3,39.6,suspect,['urgency_detected'],xlm_roberta_mdeberta_v1,
tunisieannonce_9a5fb26392f1,tunisieannonce,0.0,positive,0.3392,0.0,11.87,normal,[],xlm_roberta_mdeberta_v1,
tunisieannonce_80fea7b4c739,tunisieannonce,0.0,positive,0.3454,0.0,12.09,normal,[],xlm_roberta_mdeberta_v1,
tunisieannonce_81335960e149,tunisieannonce,0.2686,negative,0.3779,0.2,28.97,suspect,['no_images_suspicious'],xlm_roberta_mdeberta_v1,
tunisieannonce_81a8512d229c,tunisieannonce,0.0,positive,0.3329,0.55,25.4,suspect,"['urgency_detected', 'external_contact']",xlm_roberta_mdeberta_v1,
tunisieannonce_822a15f7a6c6,tunisieannonce,0.0,positive,0.376,0.25,19.41,normal,['external_contact'],xlm_roberta_mdeberta_v1,
tunisieannonce_8229c53c7302,tunisieannonce,0.0,positive,0.3252,0.0,11.38,normal,[],xlm_roberta_mdeberta_v1,
tunisieannonce_819b33037b31,tunisieannonce,0.4058,negative,0.3985,0.75,48.93,suspect,"['urgency_detected', 'external_contact', 'no_images_suspicious']",xlm_roberta_mdeberta_v1,
tunisieannonce_81d279a00d73,tunisieannonce,0.0,positive,0.3184,0.0,11.14,normal,[],xlm_roberta_mdeberta_v1,
tunisieannonce_8223f049a047,tunisieannonce,0.0,positive,0.3797,0.0,13.29,normal,[],xlm_roberta_mdeberta_v1,
tunisieannonce_81ac39c222f9,tunisieannonce,0.0,positive,0.3152,0.0,11.03,normal,[],xlm_roberta_mdeberta_v1,
tunisieannonce_81b1504d787c,tunisieannonce,0.0,positive,0.3521,0.0,12.32,normal,[],xlm_roberta_mdeberta_v1,
tunisieannonce_9bf77edccea1,tunisieannonce,0.0827,neutral,0.3035,0.0,13.93,normal,[],xlm_roberta_mdeberta_v1,
tunisieannonce_82e40191ff9b,tunisieannonce,0.2338,negative,0.3166,0.25,26.68,suspect,['external_contact'],xlm_roberta_mdeberta_v1,
tunisieannonce_828618fc4ee0,tunisieannonce,0.065,neutral,0.3679,0.55,29.23,suspect,"['urgency_detected', 'external_contact']",xlm_roberta_mdeberta_v1,
tunisieannonce_827cbe0e65a8,tunisieannonce,0.0,positive,0.3325,0.75,30.39,suspect,"['urgency_detected', 'external_contact', 'no_images_suspicious']",xlm_roberta_mdeberta_v1,
tunisieannonce_8296d82b539b,tunisieannonce,0.0,positive,0.3006,0.0,10.52,normal,[],xlm_roberta_mdeberta_v1,
tunisieannonce_83257c9dd49c,tunisieannonce,0.0,positive,0.3608,0.25,18.88,normal,['external_contact'],xlm_roberta_mdeberta_v1,
tunisieannonce_826db0a31866,tunisieannonce,0.0,positive,0.3794,0.2,18.28,normal,['no_images_suspicious'],xlm_roberta_mdeberta_v1,
tunisieannonce_82a862572c4c,tunisieannonce,0.0,positive,0.3866,0.2,18.53,normal,['no_images_suspicious'],xlm_roberta_mdeberta_v1,
tunisieannonce_82feae374ea3,tunisieannonce,0.0,positive,0.3008,0.0,10.53,normal,[],xlm_roberta_mdeberta_v1,
tunisieannonce_84211b99923c,tunisieannonce,0.0841,neutral,0.3308,0.0,14.94,normal,[],xlm_roberta_mdeberta_v1,
tunisieannonce_831c1aa086ef,tunisieannonce,0.0,positive,0.2875,0.3,17.56,normal,['urgency_detected'],xlm_roberta_mdeberta_v1,
tunisieannonce_83db409cce41,tunisieannonce,0.0,positive,0.3885,0.0,13.6,normal,[],xlm_roberta_mdeberta_v1,
tunisieannonce_83b23204a682,tunisieannonce,0.0,positive,0.3618,0.2,17.66,normal,['no_images_suspicious'],xlm_roberta_mdeberta_v1,
tunisieannonce_841fd55b3173,tunisieannonce,0.0,positive,0.3479,0.55,25.93,suspect,"['urgency_detected', 'external_contact']",xlm_roberta_mdeberta_v1,
tunisieannonce_83613355b3d4,tunisieannonce,0.0,positive,0.3114,0.55,24.65,suspect,"['urgency_detected', 'external_contact']",xlm_roberta_mdeberta_v1,
tunisieannonce_837057e4cd47,tunisieannonce,0.3485,negative,0.3961,0.2,32.8,suspect,['no_images_suspicious'],xlm_roberta_mdeberta_v1,
tunisieannonce_8475bcb09134,tunisieannonce,0.0,positive,0.3276,0.25,17.72,normal,['external_contact'],xlm_roberta_mdeberta_v1,
tunisieannonce_848847620f7b,tunisieannonce,0.0,positive,0.3969,0.0,13.89,normal,[],xlm_roberta_mdeberta_v1,
tunisieannonce_8481f6d5b02a,tunisieannonce,0.0,positive,0.3691,0.2,17.92,normal,['no_images_suspicious'],xlm_roberta_mdeberta_v1,
tunisieannonce_8468ee84213e,tunisieannonce,0.1467,negative,0.3414,0.0,17.82,normal,[],xlm_roberta_mdeberta_v1,
tunisieannonce_84cf412a14a4,tunisieannonce,0.5247,negative,0.3709,0.3,41.47,suspect,['urgency_detected'],xlm_roberta_mdeberta_v1,
tunisieannonce_84d0d122bd71,tunisieannonce,0.0,positive,0.3746,0.45,24.36,suspect,"['external_contact', 'no_images_suspicious']",xlm_roberta_mdeberta_v1,
tunisieannonce_85313dc902ee,tunisieannonce,0.0,positive,0.37,0.2,17.95,normal,['no_images_suspicious'],xlm_roberta_mdeberta_v1,
tunisieannonce_853885c0452f,tunisieannonce,0.0,positive,0.33,0.0,11.55,normal,[],xlm_roberta_mdeberta_v1,
tunisieannonce_85203899d2ba,tunisieannonce,0.0,positive,0.3872,0.55,27.3,suspect,"['urgency_detected', 'external_contact']",xlm_roberta_mdeberta_v1,
tunisieannonce_85d8baa246f9,tunisieannonce,0.3226,negative,0.3829,0.45,37.56,suspect,"['external_contact', 'no_images_suspicious']",xlm_roberta_mdeberta_v1,
tunisieannonce_84e1f13b050d,tunisieannonce,0.0,positive,0.3619,0.55,26.42,suspect,"['urgency_detected', 'external_contact']",xlm_roberta_mdeberta_v1,
tunisieannonce_8546e79d524b,tunisieannonce,0.0727,neutral,0.368,0.2,20.79,normal,['no_images_suspicious'],xlm_roberta_mdeberta_v1,
tunisieannonce_8515bff1c3c4,tunisieannonce,0.0791,neutral,0.381,0.55,30.25,suspect,"['urgency_detected', 'external_contact']",xlm_roberta_mdeberta_v1,
tunisieannonce_8609c17d67eb,tunisieannonce,0.0,positive,0.0987,0.25,9.7,normal,['external_contact'],xlm_roberta_mdeberta_v1,
tunisieannonce_85a94198be85,tunisieannonce,0.0,positive,0.3592,0.0,12.57,normal,[],xlm_roberta_mdeberta_v1,
tunisieannonce_8564f181f131,tunisieannonce,0.0,positive,0.3925,0.5,26.24,suspect,"['urgency_detected', 'no_images_suspicious']",xlm_roberta_mdeberta_v1,
tunisieannonce_859dd19be4f3,tunisieannonce,0.0,positive,0.3793,0.0,13.28,normal,[],xlm_roberta_mdeberta_v1,
tunisieannonce_860b0b30da10,tunisieannonce,0.6311,negative,0.3548,0.55,51.41,fraud_likely,"['urgency_detected', 'external_contact']",xlm_roberta_mdeberta_v1,"Cette annonce immobilière est suspecte en raison de plusieurs signaux détectés : un score fraude élevé (51.4/100), un sentiment négatif (score 0.63), un score zero-shot fraude élevé (0.35) et l'activation des flags urgence détectée et contact externe."
tunisieannonce_85adb0e0516c,tunisieannonce,0.0892,neutral,0.3711,0.2,21.56,suspect,['no_images_suspicious'],xlm_roberta_mdeberta_v1,
tunisieannonce_85ec01a8ade0,tunisieannonce,0.0,positive,0.34,0.25,18.15,normal,['external_contact'],xlm_roberta_mdeberta_v1,
tunisieannonce_86013a22675c,tunisieannonce,0.0,positive,0.1696,0.0,5.94,normal,[],xlm_roberta_mdeberta_v1,
tunisieannonce_86bcea137980,tunisieannonce,0.0,positive,0.3382,0.75,30.59,suspect,"['urgency_detected', 'external_contact', 'no_images_suspicious']",xlm_roberta_mdeberta_v1,
tunisieannonce_868e60465a7f,tunisieannonce,0.0,positive,0.3589,0.0,12.56,normal,[],xlm_roberta_mdeberta_v1,
tunisieannonce_869be450ed80,tunisieannonce,0.0,positive,0.3249,0.0,11.37,normal,[],xlm_roberta_mdeberta_v1,
tunisieannonce_8637c6490098,tunisieannonce,0.0,positive,0.3652,0.0,12.78,normal,[],xlm_roberta_mdeberta_v1,
tunisieannonce_8880941cfe46,tunisieannonce,0.0,positive,0.3135,0.25,17.22,normal,['external_contact'],xlm_roberta_mdeberta_v1,
tunisieannonce_86458a4f1c52,tunisieannonce,0.0,positive,0.3557,0.45,23.7,suspect,"['external_contact', 'no_images_suspicious']",xlm_roberta_mdeberta_v1,
tunisieannonce_8629b28d0355,tunisieannonce,0.0,positive,0.3578,0.55,26.27,suspect,"['urgency_detected', 'external_contact']",xlm_roberta_mdeberta_v1,
tunisieannonce_861db9688a1f,tunisieannonce,0.0836,neutral,0.3528,0.0,15.69,normal,[],xlm_roberta_mdeberta_v1,
tunisieannonce_86bd92e2fc11,tunisieannonce,0.0,positive,0.3351,0.0,11.73,normal,[],xlm_roberta_mdeberta_v1,
tunisieannonce_871e0dbe9345,tunisieannonce,0.0,positive,0.34,0.55,25.65,suspect,"['urgency_detected', 'external_contact']",xlm_roberta_mdeberta_v1,
tunisieannonce_87330f525e0a,tunisieannonce,0.4937,negative,0.3315,0.0,31.35,suspect,[],xlm_roberta_mdeberta_v1,
tunisieannonce_86c4041f4eaf,tunisieannonce,0.0,positive,0.3628,0.3,20.2,normal,['urgency_detected'],xlm_roberta_mdeberta_v1,
tunisieannonce_86ea8c1cb641,tunisieannonce,0.0,positive,0.4207,0.0,14.72,normal,[],xlm_roberta_mdeberta_v1,
tunisieannonce_87ec946d8e04,tunisieannonce,0.0,positive,0.4182,0.45,25.89,suspect,"['external_contact', 'no_images_suspicious']",xlm_roberta_mdeberta_v1,
tunisieannonce_8757ed6fac95,tunisieannonce,0.0,positive,0.3621,0.3,20.17,normal,['urgency_detected'],xlm_roberta_mdeberta_v1,
tunisieannonce_86f69a861aa0,tunisieannonce,0.0,positive,0.2949,0.0,10.32,normal,[],xlm_roberta_mdeberta_v1,
tunisieannonce_87d39534c936,tunisieannonce,0.0,positive,0.2743,0.3,17.1,normal,['urgency_detected'],xlm_roberta_mdeberta_v1,
tunisieannonce_87ee5f5f7d46,tunisieannonce,0.3189,negative,0.334,0.25,30.7,suspect,['external_contact'],xlm_roberta_mdeberta_v1,
tunisieannonce_89c93c933e1b,tunisieannonce,0.5772,negative,0.3755,0.0,36.23,suspect,[],xlm_roberta_mdeberta_v1,
tunisieannonce_87acbbb2c2e9,tunisieannonce,0.0,positive,0.3529,0.2,17.35,normal,['no_images_suspicious'],xlm_roberta_mdeberta_v1,
tunisieannonce_877b557a870b,tunisieannonce,0.0,positive,0.3524,0.0,12.33,normal,[],xlm_roberta_mdeberta_v1,
tunisieannonce_87662a983eb3,tunisieannonce,0.0,positive,0.3379,0.2,16.83,normal,['no_images_suspicious'],xlm_roberta_mdeberta_v1,
tunisieannonce_87e4874badf0,tunisieannonce,0.0,positive,0.3429,0.0,12.0,normal,[],xlm_roberta_mdeberta_v1,
tunisieannonce_a5fc98869edc,tunisieannonce,0.0,positive,0.3536,0.75,31.13,suspect,"['urgency_detected', 'external_contact', 'no_images_suspicious']",xlm_roberta_mdeberta_v1,
tunisieannonce_87ea4fe80ec3,tunisieannonce,0.0,positive,0.2627,0.2,14.19,normal,['no_images_suspicious'],xlm_roberta_mdeberta_v1,
tunisieannonce_88ce9fb538cc,tunisieannonce,0.0,positive,0.2889,0.2,15.11,normal,['no_images_suspicious'],xlm_roberta_mdeberta_v1,
tunisieannonce_881f1953cd75,tunisieannonce,0.0,positive,0.3111,0.0,10.89,normal,[],xlm_roberta_mdeberta_v1,
tunisieannonce_883c1565cc68,tunisieannonce,0.2548,negative,0.3605,0.0,22.81,suspect,[],xlm_roberta_mdeberta_v1,
tunisieannonce_88093a67568f,tunisieannonce,0.0,positive,0.3397,0.25,18.14,normal,['external_contact'],xlm_roberta_mdeberta_v1,
tunisieannonce_88193dcf4800,tunisieannonce,0.0,positive,0.3121,0.0,10.92,normal,[],xlm_roberta_mdeberta_v1,
tunisieannonce_89d6c97077d4,tunisieannonce,0.0,positive,0.3549,0.15,16.17,normal,['information_incomplete'],xlm_roberta_mdeberta_v1,
tunisieannonce_88088d9994eb,tunisieannonce,0.0,positive,0.2875,0.3,17.56,normal,['urgency_detected'],xlm_roberta_mdeberta_v1,
tunisieannonce_890ba8f5bb3b,tunisieannonce,0.0,positive,0.3195,0.25,17.43,normal,['external_contact'],xlm_roberta_mdeberta_v1,
tunisieannonce_893db027f0c5,tunisieannonce,0.0,positive,0.3859,0.0,13.51,normal,[],xlm_roberta_mdeberta_v1,
tunisieannonce_892d42cceb5e,tunisieannonce,0.0,positive,0.3632,0.45,23.96,suspect,"['external_contact', 'no_images_suspicious']",xlm_roberta_mdeberta_v1,
tunisieannonce_89106cc7c06a,tunisieannonce,0.0,positive,0.3624,0.2,17.68,normal,['no_images_suspicious'],xlm_roberta_mdeberta_v1,
tunisieannonce_88d2a74e3671,tunisieannonce,0.1049,neutral,0.2997,0.45,25.94,suspect,"['external_contact', 'no_images_suspicious']",xlm_roberta_mdeberta_v1,
tunisieannonce_891fe49a143e,tunisieannonce,0.0,positive,0.3279,0.0,11.48,normal,[],xlm_roberta_mdeberta_v1,
tunisieannonce_8937f5642c0c,tunisieannonce,0.0,positive,0.3479,0.75,30.93,suspect,"['urgency_detected', 'external_contact', 'no_images_suspicious']",xlm_roberta_mdeberta_v1,
tunisieannonce_88ed4f59c425,tunisieannonce,0.5914,negative,0.3429,0.25,41.91,suspect,['external_contact'],xlm_roberta_mdeberta_v1,
tunisieannonce_89e1e9033938,tunisieannonce,0.4148,negative,0.3601,0.3,36.7,suspect,['urgency_detected'],xlm_roberta_mdeberta_v1,
tunisieannonce_89cac1f25bd5,tunisieannonce,0.0,positive,0.3308,0.0,11.58,normal,[],xlm_roberta_mdeberta_v1,
tunisieannonce_89bf7c780375,tunisieannonce,0.0,positive,0.339,0.3,19.36,normal,['urgency_detected'],xlm_roberta_mdeberta_v1,
tunisieannonce_89e803673868,tunisieannonce,0.0,positive,0.3941,0.3,21.29,suspect,['urgency_detected'],xlm_roberta_mdeberta_v1,
tunisieannonce_89c4db936c72,tunisieannonce,0.0,positive,0.3321,0.55,25.37,suspect,"['urgency_detected', 'external_contact']",xlm_roberta_mdeberta_v1,
tunisieannonce_898c3c8189af,tunisieannonce,0.0,positive,0.3466,0.2,17.13,normal,['no_images_suspicious'],xlm_roberta_mdeberta_v1,
tunisieannonce_89f0ddba6e21,tunisieannonce,0.0,positive,0.3453,0.0,12.09,normal,[],xlm_roberta_mdeberta_v1,
tunisieannonce_89f410a7a757,tunisieannonce,0.2788,negative,0.3689,0.0,24.06,suspect,[],xlm_roberta_mdeberta_v1,
tunisieannonce_8ae134bc6106,tunisieannonce,0.0,positive,0.3327,0.2,16.64,normal,['no_images_suspicious'],xlm_roberta_mdeberta_v1,
tunisieannonce_8a5ca8028c2c,tunisieannonce,0.0,positive,0.3181,0.5,23.63,suspect,"['urgency_detected', 'no_images_suspicious']",xlm_roberta_mdeberta_v1,
tunisieannonce_a5954dca440b,tunisieannonce,0.0,positive,0.3271,0.0,11.45,normal,[],xlm_roberta_mdeberta_v1,
tunisieannonce_8a45f7645162,tunisieannonce,0.0,positive,0.2928,0.25,16.5,normal,['external_contact'],xlm_roberta_mdeberta_v1,
tunisieannonce_8a07ad8e0de4,tunisieannonce,0.1054,neutral,0.3688,0.25,23.37,suspect,['external_contact'],xlm_roberta_mdeberta_v1,
tunisieannonce_8c8226292ad2,tunisieannonce,0.0854,neutral,0.3656,0.0,16.21,normal,[],xlm_roberta_mdeberta_v1,
tunisieannonce_8a59981e3dbf,tunisieannonce,0.4087,negative,0.4293,0.2,36.37,suspect,['no_images_suspicious'],xlm_roberta_mdeberta_v1,
tunisieannonce_8ba64f73bb87,tunisieannonce,0.0,positive,0.3553,0.2,17.44,normal,['no_images_suspicious'],xlm_roberta_mdeberta_v1,
tunisieannonce_8b76362661dc,tunisieannonce,0.0,positive,0.3219,0.0,11.27,normal,[],xlm_roberta_mdeberta_v1,
tunisieannonce_8afde2712cd6,tunisieannonce,0.0,positive,0.2997,0.0,10.49,normal,[],xlm_roberta_mdeberta_v1,
tunisieannonce_8b47f89f4ad6,tunisieannonce,0.0689,neutral,0.4022,0.55,30.58,suspect,"['urgency_detected', 'external_contact']",xlm_roberta_mdeberta_v1,
tunisieannonce_8b60994e8e5d,tunisieannonce,0.0,positive,0.3134,0.25,17.22,normal,['external_contact'],xlm_roberta_mdeberta_v1,
tunisieannonce_8ba2d8c8f7d3,tunisieannonce,0.0,positive,0.3016,0.25,16.81,normal,['external_contact'],xlm_roberta_mdeberta_v1,
tunisieannonce_8b3ab9b7633e,tunisieannonce,0.0,positive,0.3592,0.55,26.32,suspect,"['urgency_detected', 'external_contact']",xlm_roberta_mdeberta_v1,
tunisieannonce_8ae77316d3e7,tunisieannonce,0.0,positive,0.3274,0.45,22.71,suspect,"['external_contact', 'no_images_suspicious']",xlm_roberta_mdeberta_v1,
tunisieannonce_8c76ec7e9c5b,tunisieannonce,0.0,positive,0.3609,0.55,26.38,suspect,"['urgency_detected', 'external_contact']",xlm_roberta_mdeberta_v1,
tunisieannonce_8be318ae414f,tunisieannonce,0.0,positive,0.3508,0.45,23.53,suspect,"['external_contact', 'no_images_suspicious']",xlm_roberta_mdeberta_v1,
tunisieannonce_8c132be7aa2e,tunisieannonce,0.3973,negative,0.3429,0.55,41.64,suspect,"['urgency_detected', 'external_contact']",xlm_roberta_mdeberta_v1,
tunisieannonce_8bd751145455,tunisieannonce,0.0,positive,0.3882,0.55,27.34,suspect,"['urgency_detected', 'external_contact']",xlm_roberta_mdeberta_v1,
tunisieannonce_8c20cf8eeb71,tunisieannonce,0.0,positive,0.3085,0.25,17.05,normal,['external_contact'],xlm_roberta_mdeberta_v1,
tunisieannonce_8baad15ab910,tunisieannonce,0.0,positive,0.353,0.0,12.35,normal,[],xlm_roberta_mdeberta_v1,
tunisieannonce_8cbb2a111668,tunisieannonce,0.0,positive,0.3344,0.2,16.7,normal,['no_images_suspicious'],xlm_roberta_mdeberta_v1,
tunisieannonce_8ccfd5708583,tunisieannonce,0.0,positive,0.2739,0.0,9.59,normal,[],xlm_roberta_mdeberta_v1,
tunisieannonce_8cdfaedd158c,tunisieannonce,0.6481,negative,0.3104,0.0,36.79,suspect,[],xlm_roberta_mdeberta_v1,
tunisieannonce_8c8e7e1d9e79,tunisieannonce,0.0,positive,0.3015,0.55,24.3,suspect,"['urgency_detected', 'external_contact']",xlm_roberta_mdeberta_v1,
tunisieannonce_8d7c8d60f747,tunisieannonce,0.0,positive,0.3534,0.55,26.12,suspect,"['urgency_detected', 'external_contact']",xlm_roberta_mdeberta_v1,
tunisieannonce_8d9cbec39b84,tunisieannonce,0.0,positive,0.3063,0.75,29.47,suspect,"['urgency_detected', 'external_contact', 'no_images_suspicious']",xlm_roberta_mdeberta_v1,
tunisieannonce_8d7bca4b6548,tunisieannonce,0.0664,neutral,0.358,0.0,15.19,normal,[],xlm_roberta_mdeberta_v1,
tunisieannonce_8d7e1fc8e14b,tunisieannonce,0.0,positive,0.3502,0.0,12.26,normal,[],xlm_roberta_mdeberta_v1,
tunisieannonce_8d8cab88b6e1,tunisieannonce,0.1958,negative,0.3425,0.0,19.82,normal,[],xlm_roberta_mdeberta_v1,
tunisieannonce_8cf13bd34c9e,tunisieannonce,0.2985,negative,0.3408,0.25,30.12,suspect,['external_contact'],xlm_roberta_mdeberta_v1,
tunisieannonce_8ce9d73294cb,tunisieannonce,0.0,positive,0.3157,0.0,11.05,normal,[],xlm_roberta_mdeberta_v1,
tunisieannonce_8ea448746671,tunisieannonce,0.0,positive,0.323,0.55,25.05,suspect,"['urgency_detected', 'external_contact']",xlm_roberta_mdeberta_v1,
tunisieannonce_8dd8c17c5a98,tunisieannonce,0.0,positive,0.3256,0.55,25.15,suspect,"['urgency_detected', 'external_contact']",xlm_roberta_mdeberta_v1,
tunisieannonce_8e700834de77,tunisieannonce,0.0,positive,0.3129,0.3,18.45,normal,['urgency_detected'],xlm_roberta_mdeberta_v1,
tunisieannonce_8e3939fa0296,tunisieannonce,0.0,positive,0.2232,0.75,26.56,suspect,"['urgency_detected', 'external_contact', 'no_images_suspicious']",xlm_roberta_mdeberta_v1,
tunisieannonce_8e5ae426d5b1,tunisieannonce,0.5951,negative,0.4007,0.55,51.58,fraud_likely,"['urgency_detected', 'external_contact']",xlm_roberta_mdeberta_v1,"Cette annonce immobilière est suspecte en raison de plusieurs signaux détectés : un score fraude élevé (51.6/100), un sentiment négatif (score 0.60), un score zero-shot fraude élevé (0.40) et la présence de flags tels que urgency_detected et external_contact, qui indiquent une demande d'urgence et un contact externe fourni, ce qui peut être associé à des pratiques frauduleuses."
tunisieannonce_8e3edd4a8576,tunisieannonce,0.0,positive,0.3228,0.0,11.3,normal,[],xlm_roberta_mdeberta_v1,
tunisieannonce_8dbe5220ae12,tunisieannonce,0.0,positive,0.3185,0.25,17.4,normal,['external_contact'],xlm_roberta_mdeberta_v1,
tunisieannonce_8ecbefd5aded,tunisieannonce,0.0,positive,0.3478,0.75,30.92,suspect,"['urgency_detected', 'external_contact', 'no_images_suspicious']",xlm_roberta_mdeberta_v1,
tunisieannonce_8fbb9cb55cfd,tunisieannonce,0.2287,negative,0.3777,0.0,22.37,suspect,[],xlm_roberta_mdeberta_v1,
tunisieannonce_8f0982a54795,tunisieannonce,0.0,positive,0.341,0.2,16.93,normal,['no_images_suspicious'],xlm_roberta_mdeberta_v1,
tunisieannonce_8ec99f8d132d,tunisieannonce,0.0,positive,0.4339,0.2,20.19,normal,['no_images_suspicious'],xlm_roberta_mdeberta_v1,
tunisieannonce_8ecbfa533b2e,tunisieannonce,0.0,positive,0.2803,0.75,28.56,suspect,"['urgency_detected', 'external_contact', 'no_images_suspicious']",xlm_roberta_mdeberta_v1,
tunisieannonce_8f43f19e07ed,tunisieannonce,0.0,positive,0.3386,0.0,11.85,normal,[],xlm_roberta_mdeberta_v1,
tunisieannonce_8ea808a8efa0,tunisieannonce,0.0,positive,0.3607,0.0,12.62,normal,[],xlm_roberta_mdeberta_v1,
tunisieannonce_8f1481905024,tunisieannonce,0.0,positive,0.4131,0.0,14.46,normal,[],xlm_roberta_mdeberta_v1,
tunisieannonce_8fd94d9d2bad,tunisieannonce,0.0,positive,0.2881,0.0,10.08,normal,[],xlm_roberta_mdeberta_v1,
tunisieannonce_908554ae27b5,tunisieannonce,0.0,positive,0.2868,0.55,23.79,suspect,"['urgency_detected', 'external_contact']",xlm_roberta_mdeberta_v1,
tunisieannonce_90bb7826d89b,tunisieannonce,0.0,positive,0.3237,0.2,16.33,normal,['no_images_suspicious'],xlm_roberta_mdeberta_v1,
tunisieannonce_9011524dfd50,tunisieannonce,0.0,positive,0.3609,0.25,18.88,normal,['external_contact'],xlm_roberta_mdeberta_v1,
tunisieannonce_9010e9829052,tunisieannonce,0.0,positive,0.3121,0.25,17.17,normal,['external_contact'],xlm_roberta_mdeberta_v1,
tunisieannonce_913f955e6d72,tunisieannonce,0.0,positive,0.2999,0.0,10.5,normal,[],xlm_roberta_mdeberta_v1,
tunisieannonce_90f61c240531,tunisieannonce,0.0,positive,0.385,0.2,18.47,normal,['no_images_suspicious'],xlm_roberta_mdeberta_v1,
tunisieannonce_918f79289c5d,tunisieannonce,0.0,positive,0.3697,0.2,17.94,normal,['no_images_suspicious'],xlm_roberta_mdeberta_v1,
tunisieannonce_91b6757e8d50,tunisieannonce,0.0,positive,0.3587,0.55,26.3,suspect,"['urgency_detected', 'external_contact']",xlm_roberta_mdeberta_v1,
tunisieannonce_9161b7fb8933,tunisieannonce,0.5078,negative,0.355,0.0,32.74,suspect,[],xlm_roberta_mdeberta_v1,
tunisieannonce_91975d0559a8,tunisieannonce,0.0,positive,0.3446,0.5,24.56,suspect,"['urgency_detected', 'no_images_suspicious']",xlm_roberta_mdeberta_v1,
tunisieannonce_918c17c891ea,tunisieannonce,0.0,positive,0.4191,0.2,19.67,normal,['no_images_suspicious'],xlm_roberta_mdeberta_v1,
tunisieannonce_91bd532fe109,tunisieannonce,0.0,positive,0.3494,0.2,17.23,normal,['no_images_suspicious'],xlm_roberta_mdeberta_v1,
tunisieannonce_928c86653c41,tunisieannonce,0.0,positive,0.3381,0.0,11.83,normal,[],xlm_roberta_mdeberta_v1,
tunisieannonce_929960d0e382,tunisieannonce,0.0,positive,0.3353,0.55,25.49,suspect,"['urgency_detected', 'external_contact']",xlm_roberta_mdeberta_v1,
tunisieannonce_926f1effc2ce,tunisieannonce,0.0,positive,0.3302,0.25,17.81,normal,['external_contact'],xlm_roberta_mdeberta_v1,
tunisieannonce_91ccd4bbc38a,tunisieannonce,0.0,positive,0.3342,0.5,24.2,suspect,"['urgency_detected', 'no_images_suspicious']",xlm_roberta_mdeberta_v1,
tunisieannonce_91c91ac06a9f,tunisieannonce,0.0,positive,0.3309,0.2,16.58,normal,['no_images_suspicious'],xlm_roberta_mdeberta_v1,
tunisieannonce_91dde6132682,tunisieannonce,0.0,positive,0.3453,0.2,17.09,normal,['no_images_suspicious'],xlm_roberta_mdeberta_v1,
tunisieannonce_a747b25778e9,tunisieannonce,0.0,positive,0.3128,0.0,10.95,normal,[],xlm_roberta_mdeberta_v1,
tunisieannonce_93128ae2ece0,tunisieannonce,0.0,positive,0.353,0.55,26.11,suspect,"['urgency_detected', 'external_contact']",xlm_roberta_mdeberta_v1,
tunisieannonce_9305d75c4883,tunisieannonce,0.2412,negative,0.3317,0.0,21.26,suspect,[],xlm_roberta_mdeberta_v1,
tunisieannonce_93281af11bc3,tunisieannonce,0.5043,negative,0.3628,0.55,46.62,suspect,"['urgency_detected', 'external_contact']",xlm_roberta_mdeberta_v1,
tunisieannonce_933ce3074ea0,tunisieannonce,0.0,positive,0.3781,0.25,19.48,normal,['external_contact'],xlm_roberta_mdeberta_v1,
tunisieannonce_930b6882da33,tunisieannonce,0.5274,negative,0.3659,0.45,45.15,suspect,"['external_contact', 'no_images_suspicious']",xlm_roberta_mdeberta_v1,
tunisieannonce_932d2374ac34,tunisieannonce,0.0,positive,0.3162,0.25,17.32,normal,['external_contact'],xlm_roberta_mdeberta_v1,
tunisieannonce_92bbb6754dd1,tunisieannonce,0.0,positive,0.3467,0.25,18.38,normal,['external_contact'],xlm_roberta_mdeberta_v1,
tunisieannonce_9511ef5bbe30,tunisieannonce,0.0,positive,0.3558,0.0,12.45,normal,[],xlm_roberta_mdeberta_v1,
tunisieannonce_935f124b51d8,tunisieannonce,0.0,positive,0.3307,0.55,25.32,suspect,"['urgency_detected', 'external_contact']",xlm_roberta_mdeberta_v1,
tunisieannonce_941353d49dd2,tunisieannonce,0.0,positive,0.3652,0.25,19.03,normal,['external_contact'],xlm_roberta_mdeberta_v1,
tunisieannonce_937d47d58866,tunisieannonce,0.0,positive,0.3614,0.55,26.4,suspect,"['urgency_detected', 'external_contact']",xlm_roberta_mdeberta_v1,
tunisieannonce_93492f3bc17e,tunisieannonce,0.417,negative,0.3968,0.2,35.57,suspect,['no_images_suspicious'],xlm_roberta_mdeberta_v1,
tunisieannonce_938eaf5b8b77,tunisieannonce,0.0,positive,0.2666,0.0,9.33,normal,[],xlm_roberta_mdeberta_v1,
tunisieannonce_941f91443ba9,tunisieannonce,0.0,positive,0.3117,0.3,18.41,normal,['urgency_detected'],xlm_roberta_mdeberta_v1,
tunisieannonce_94f504e48f71,tunisieannonce,0.0,positive,0.1584,0.2,10.54,normal,['no_images_suspicious'],xlm_roberta_mdeberta_v1,
tunisieannonce_9456b816f5ef,tunisieannonce,0.4711,negative,0.3983,0.2,37.78,suspect,['no_images_suspicious'],xlm_roberta_mdeberta_v1,
tunisieannonce_944b9fcac884,tunisieannonce,0.0693,neutral,0.3599,0.0,15.37,normal,[],xlm_roberta_mdeberta_v1,
tunisieannonce_949690f8bc9a,tunisieannonce,0.0,positive,0.338,0.25,18.08,normal,['external_contact'],xlm_roberta_mdeberta_v1,
tunisieannonce_95690480fe5b,tunisieannonce,0.3215,negative,0.3261,0.0,24.27,suspect,[],xlm_roberta_mdeberta_v1,
tunisieannonce_95a66afec265,tunisieannonce,0.0,positive,0.2681,0.5,21.88,suspect,"['urgency_detected', 'no_images_suspicious']",xlm_roberta_mdeberta_v1,
tunisieannonce_956ee6e52f69,tunisieannonce,0.0,positive,0.341,0.0,11.94,normal,[],xlm_roberta_mdeberta_v1,
tunisieannonce_95d97f5d7d8f,tunisieannonce,0.0,positive,0.4036,0.75,32.88,suspect,"['urgency_detected', 'external_contact', 'no_images_suspicious']",xlm_roberta_mdeberta_v1,
tunisieannonce_95a1fe1aadf1,tunisieannonce,0.0,positive,0.3344,0.75,30.45,suspect,"['urgency_detected', 'external_contact', 'no_images_suspicious']",xlm_roberta_mdeberta_v1,
tunisieannonce_951b82a40c32,tunisieannonce,0.0,positive,0.2796,0.0,9.79,normal,[],xlm_roberta_mdeberta_v1,
tunisieannonce_95e9c52af6fa,tunisieannonce,0.52,negative,0.3054,0.25,37.74,suspect,['external_contact'],xlm_roberta_mdeberta_v1,
tunisieannonce_96067e648b08,tunisieannonce,0.0,positive,0.2982,0.75,29.19,suspect,"['urgency_detected', 'external_contact', 'no_images_suspicious']",xlm_roberta_mdeberta_v1,
tunisieannonce_967acf662a0a,tunisieannonce,0.0,positive,0.3014,0.0,10.55,normal,[],xlm_roberta_mdeberta_v1,
tunisieannonce_965766297491,tunisieannonce,0.0,positive,0.2929,0.0,10.25,normal,[],xlm_roberta_mdeberta_v1,
tunisieannonce_96c9a5b1f8de,tunisieannonce,0.0,positive,0.3768,0.75,31.94,suspect,"['urgency_detected', 'external_contact', 'no_images_suspicious']",xlm_roberta_mdeberta_v1,
tunisieannonce_964306bf6327,tunisieannonce,0.4607,negative,0.3575,0.0,30.94,suspect,[],xlm_roberta_mdeberta_v1,
tunisieannonce_966d4ab15e12,tunisieannonce,0.0,positive,0.383,0.0,13.41,normal,[],xlm_roberta_mdeberta_v1,
tunisieannonce_9671435fb249,tunisieannonce,0.0,positive,0.3871,0.45,24.8,suspect,"['external_contact', 'no_images_suspicious']",xlm_roberta_mdeberta_v1,
tunisieannonce_9684cbb6ab54,tunisieannonce,0.0,positive,0.2922,0.2,15.23,normal,['no_images_suspicious'],xlm_roberta_mdeberta_v1,
tunisieannonce_96aa7aafa167,tunisieannonce,0.0,positive,0.3192,0.2,16.17,normal,['no_images_suspicious'],xlm_roberta_mdeberta_v1,
tunisieannonce_972ab2ab32ec,tunisieannonce,0.0,positive,0.3409,0.45,23.18,suspect,"['external_contact', 'no_images_suspicious']",xlm_roberta_mdeberta_v1,
tunisieannonce_96fbb5eb5ee4,tunisieannonce,0.0,positive,0.3861,0.25,19.76,normal,['external_contact'],xlm_roberta_mdeberta_v1,
tunisieannonce_97626e7096a3,tunisieannonce,0.2341,negative,0.3021,0.55,33.69,suspect,"['urgency_detected', 'external_contact']",xlm_roberta_mdeberta_v1,
tunisieannonce_96e7329a6c19,tunisieannonce,0.0,positive,0.3557,0.55,26.2,suspect,"['urgency_detected', 'external_contact']",xlm_roberta_mdeberta_v1,
tunisieannonce_96e5c4495c4c,tunisieannonce,0.5531,negative,0.3595,0.25,40.96,suspect,['external_contact'],xlm_roberta_mdeberta_v1,
tunisieannonce_975951b88f64,tunisieannonce,0.0,positive,0.3245,0.0,11.36,normal,[],xlm_roberta_mdeberta_v1,
tunisieannonce_999e0dc955eb,tunisieannonce,0.0,positive,0.362,0.55,26.42,suspect,"['urgency_detected', 'external_contact']",xlm_roberta_mdeberta_v1,
tunisieannonce_972b12c29b09,tunisieannonce,0.0,positive,0.3487,0.3,19.7,normal,['urgency_detected'],xlm_roberta_mdeberta_v1,
tunisieannonce_976de0d4b1d7,tunisieannonce,0.0,positive,0.3237,0.75,30.08,suspect,"['urgency_detected', 'external_contact', 'no_images_suspicious']",xlm_roberta_mdeberta_v1,
tunisieannonce_96cff3fe0da5,tunisieannonce,0.0,positive,0.2998,0.0,10.49,normal,[],xlm_roberta_mdeberta_v1,
tunisieannonce_9866d99d803c,tunisieannonce,0.0,positive,0.3436,0.3,19.53,normal,['urgency_detected'],xlm_roberta_mdeberta_v1,
tunisieannonce_9b64e12cd89a,tunisieannonce,0.09,neutral,0.33,0.0,15.15,normal,[],xlm_roberta_mdeberta_v1,
tunisieannonce_97e422c9eb87,tunisieannonce,0.0,positive,0.3021,0.25,16.82,normal,['external_contact'],xlm_roberta_mdeberta_v1,
tunisieannonce_98251557e424,tunisieannonce,0.0,positive,0.3482,0.25,18.44,normal,['external_contact'],xlm_roberta_mdeberta_v1,
tunisieannonce_97fb17c6c0f3,tunisieannonce,0.0915,neutral,0.3213,0.0,14.91,normal,[],xlm_roberta_mdeberta_v1,
tunisieannonce_986d0391606d,tunisieannonce,0.0,positive,0.3583,0.25,18.79,normal,['external_contact'],xlm_roberta_mdeberta_v1,
tunisieannonce_99678ae517f3,tunisieannonce,0.2629,negative,0.3296,0.0,22.05,suspect,[],xlm_roberta_mdeberta_v1,
tunisieannonce_99553297ac15,tunisieannonce,0.0,positive,0.3464,0.0,12.12,normal,[],xlm_roberta_mdeberta_v1,
tunisieannonce_98ded1559ae0,tunisieannonce,0.0,positive,0.3651,0.55,26.53,suspect,"['urgency_detected', 'external_contact']",xlm_roberta_mdeberta_v1,
tunisieannonce_998cd1ae88cb,tunisieannonce,0.0,positive,0.3553,0.75,31.19,suspect,"['urgency_detected', 'external_contact', 'no_images_suspicious']",xlm_roberta_mdeberta_v1,
tunisieannonce_98d9c7283939,tunisieannonce,0.0,positive,0.298,0.0,10.43,normal,[],xlm_roberta_mdeberta_v1,
tunisieannonce_a55cb3db0dfe,tunisieannonce,0.0,positive,0.2644,0.0,9.25,normal,[],xlm_roberta_mdeberta_v1,
tunisieannonce_98ee86b59df1,tunisieannonce,0.0,positive,0.3399,0.75,30.65,suspect,"['urgency_detected', 'external_contact', 'no_images_suspicious']",xlm_roberta_mdeberta_v1,
tunisieannonce_997b69288e6e,tunisieannonce,0.0,positive,0.3298,0.0,11.54,normal,[],xlm_roberta_mdeberta_v1,
tunisieannonce_98e4a46a88d7,tunisieannonce,0.3002,negative,0.3328,0.55,37.41,suspect,"['urgency_detected', 'external_contact']",xlm_roberta_mdeberta_v1,
tunisieannonce_9a118a618cc5,tunisieannonce,0.0,positive,0.3625,0.45,23.94,suspect,"['external_contact', 'no_images_suspicious']",xlm_roberta_mdeberta_v1,
tunisieannonce_9a24a9db9bcd,tunisieannonce,0.2562,negative,0.3132,0.0,21.21,suspect,[],xlm_roberta_mdeberta_v1,
tunisieannonce_9a0e6767f5a8,tunisieannonce,0.6044,negative,0.3186,0.25,41.58,suspect,['external_contact'],xlm_roberta_mdeberta_v1,
tunisieannonce_9a116859da77,tunisieannonce,0.0,positive,0.4043,0.75,32.9,suspect,"['urgency_detected', 'external_contact', 'no_images_suspicious']",xlm_roberta_mdeberta_v1,
tunisieannonce_9a36fc1af0ef,tunisieannonce,0.0749,neutral,0.3381,0.2,19.83,normal,['no_images_suspicious'],xlm_roberta_mdeberta_v1,
tunisieannonce_99e1cb3a99f7,tunisieannonce,0.0,positive,0.3853,0.25,19.74,normal,['external_contact'],xlm_roberta_mdeberta_v1,
tunisieannonce_9a1513cde85a,tunisieannonce,0.0,positive,0.3893,0.2,18.63,normal,['no_images_suspicious'],xlm_roberta_mdeberta_v1,
tunisieannonce_99b3b37fb907,tunisieannonce,0.0,positive,0.3519,0.75,31.07,suspect,"['urgency_detected', 'external_contact', 'no_images_suspicious']",xlm_roberta_mdeberta_v1,
tunisieannonce_9a335748b0fb,tunisieannonce,0.0,positive,0.3596,0.55,26.34,suspect,"['urgency_detected', 'external_contact']",xlm_roberta_mdeberta_v1,
tunisieannonce_9ae4b8143502,tunisieannonce,0.0,positive,0.3606,0.0,12.62,normal,[],xlm_roberta_mdeberta_v1,
tunisieannonce_9ad177b82858,tunisieannonce,0.0,positive,0.3379,0.25,18.08,normal,['external_contact'],xlm_roberta_mdeberta_v1,
tunisieannonce_9aa1afbb096f,tunisieannonce,0.0,positive,0.3442,0.3,19.55,normal,['urgency_detected'],xlm_roberta_mdeberta_v1,
tunisieannonce_9a7ad5646695,tunisieannonce,0.0,positive,0.3185,0.0,11.15,normal,[],xlm_roberta_mdeberta_v1,
tunisieannonce_9b3058140ca6,tunisieannonce,0.0891,neutral,0.3491,0.0,15.78,normal,[],xlm_roberta_mdeberta_v1,
tunisieannonce_9c42b3e56fb6,tunisieannonce,0.3348,negative,0.3625,0.0,26.08,suspect,[],xlm_roberta_mdeberta_v1,
tunisieannonce_9c6872bd438e,tunisieannonce,0.0,positive,0.3538,0.0,12.38,normal,[],xlm_roberta_mdeberta_v1,
tunisieannonce_9c52cb0186b0,tunisieannonce,0.0,positive,0.3804,0.0,13.31,normal,[],xlm_roberta_mdeberta_v1,
tunisieannonce_9c2deae1aed2,tunisieannonce,0.1681,negative,0.3944,0.25,26.78,suspect,['external_contact'],xlm_roberta_mdeberta_v1,
tunisieannonce_9c6c79f666a9,tunisieannonce,0.0,positive,0.3633,0.55,26.47,suspect,"['urgency_detected', 'external_contact']",xlm_roberta_mdeberta_v1,
tunisieannonce_9be1f2c4a07d,tunisieannonce,0.0,positive,0.3686,0.0,12.9,normal,[],xlm_roberta_mdeberta_v1,
tunisieannonce_9c4c7ea49485,tunisieannonce,0.5661,negative,0.3895,0.55,50.03,suspect,"['urgency_detected', 'external_contact']",xlm_roberta_mdeberta_v1,"Cette annonce immobilière est suspecte en raison de plusieurs signaux détectés : un score de fraude élevé (50/100), un sentiment négatif (score 0,57), un score de fraude zero-shot élevé (0,39) et l'activation des drapeaux urgence_detected et external_contact. Le locataire est invité à contacter un numéro externe et le WhatsApp, ce qui peut indiquer une tentative de fraude immobilière."
tunisieannonce_9d6eb25426b4,tunisieannonce,0.0,positive,0.31,0.25,17.1,normal,['external_contact'],xlm_roberta_mdeberta_v1,
tunisieannonce_9d4432a0911f,tunisieannonce,0.5046,negative,0.3673,0.55,46.79,suspect,"['urgency_detected', 'external_contact']",xlm_roberta_mdeberta_v1,
tunisieannonce_9d79bf024488,tunisieannonce,0.0,positive,0.3802,0.25,19.56,normal,['external_contact'],xlm_roberta_mdeberta_v1,
tunisieannonce_9d397848ac6d,tunisieannonce,0.0,positive,0.3577,0.25,18.77,normal,['external_contact'],xlm_roberta_mdeberta_v1,
tunisieannonce_9d4e9085dfa3,tunisieannonce,0.0,positive,0.3248,0.3,18.87,normal,['urgency_detected'],xlm_roberta_mdeberta_v1,
tunisieannonce_9e516aa30a30,tunisieannonce,0.0,positive,0.3617,0.75,31.41,suspect,"['urgency_detected', 'external_contact', 'no_images_suspicious']",xlm_roberta_mdeberta_v1,
tunisieannonce_9db56089d6cd,tunisieannonce,0.0,positive,0.3416,0.0,11.96,normal,[],xlm_roberta_mdeberta_v1,
tunisieannonce_9d674a9d3691,tunisieannonce,0.1001,neutral,0.342,0.0,15.97,normal,[],xlm_roberta_mdeberta_v1,
tunisieannonce_9d0decc4eb99,tunisieannonce,0.0,positive,0.3248,0.0,11.37,normal,[],xlm_roberta_mdeberta_v1,
tunisieannonce_9da11b04aae2,tunisieannonce,0.0,positive,0.3678,0.0,12.87,normal,[],xlm_roberta_mdeberta_v1,
tunisieannonce_9e990f2d3b36,tunisieannonce,0.5545,negative,0.3391,0.45,45.3,suspect,"['external_contact', 'no_images_suspicious']",xlm_roberta_mdeberta_v1,
tunisieannonce_9df24712f1c5,tunisieannonce,0.0,positive,0.3061,0.0,10.71,normal,[],xlm_roberta_mdeberta_v1,
tunisieannonce_9df6a1cb6837,tunisieannonce,0.0,positive,0.374,0.5,25.59,suspect,"['urgency_detected', 'no_images_suspicious']",xlm_roberta_mdeberta_v1,
tunisieannonce_9dd96d885459,tunisieannonce,0.2662,negative,0.3964,0.0,24.52,suspect,[],xlm_roberta_mdeberta_v1,
tunisieannonce_9e2024d7f64c,tunisieannonce,0.0,positive,0.3124,0.0,10.93,normal,[],xlm_roberta_mdeberta_v1,
tunisieannonce_9e99eda3b1be,tunisieannonce,0.0,positive,0.3054,0.0,10.69,normal,[],xlm_roberta_mdeberta_v1,
tunisieannonce_9f395802e784,tunisieannonce,0.4806,negative,0.4151,0.0,33.75,suspect,[],xlm_roberta_mdeberta_v1,
tunisieannonce_9ee51a7d7eae,tunisieannonce,0.0,positive,0.3392,0.2,16.87,normal,['no_images_suspicious'],xlm_roberta_mdeberta_v1,
tunisieannonce_9ed2c6e82a31,tunisieannonce,0.0,positive,0.3379,0.0,11.83,normal,[],xlm_roberta_mdeberta_v1,
tunisieannonce_9f286dc309ad,tunisieannonce,0.0,positive,0.3825,0.45,24.64,suspect,"['external_contact', 'no_images_suspicious']",xlm_roberta_mdeberta_v1,
tunisieannonce_9ee8385709cc,tunisieannonce,0.0,positive,0.3588,0.2,17.56,normal,['no_images_suspicious'],xlm_roberta_mdeberta_v1,
tunisieannonce_9ed4eaea31ae,tunisieannonce,0.0,positive,0.3655,0.0,12.79,normal,[],xlm_roberta_mdeberta_v1,
tunisieannonce_9fcc54f9406d,tunisieannonce,0.0,positive,0.3712,0.0,12.99,normal,[],xlm_roberta_mdeberta_v1,
tunisieannonce_9fc226a74f7f,tunisieannonce,0.0,positive,0.3754,0.0,13.14,normal,[],xlm_roberta_mdeberta_v1,
tunisieannonce_a13f5ae591b8,tunisieannonce,0.0,positive,0.3791,0.2,18.27,normal,['no_images_suspicious'],xlm_roberta_mdeberta_v1,
tunisieannonce_9f911ed75b00,tunisieannonce,0.0,positive,0.3603,0.25,18.86,normal,['external_contact'],xlm_roberta_mdeberta_v1,
tunisieannonce_9fda6f504e60,tunisieannonce,0.0,positive,0.313,0.0,10.96,normal,[],xlm_roberta_mdeberta_v1,
tunisieannonce_9f889b988d55,tunisieannonce,0.0,positive,0.3643,0.0,12.75,normal,[],xlm_roberta_mdeberta_v1,
tunisieannonce_9f9510d34d21,tunisieannonce,0.0,positive,0.3249,0.55,25.12,suspect,"['urgency_detected', 'external_contact']",xlm_roberta_mdeberta_v1,
tunisieannonce_9f612bab523f,tunisieannonce,0.0,positive,0.3274,0.55,25.21,suspect,"['urgency_detected', 'external_contact']",xlm_roberta_mdeberta_v1,
tunisieannonce_aa489ed457af,tunisieannonce,0.0,positive,0.2774,0.0,9.71,normal,[],xlm_roberta_mdeberta_v1,
tunisieannonce_a0c5706e3e71,tunisieannonce,0.6266,negative,0.3846,0.2,43.52,suspect,['no_images_suspicious'],xlm_roberta_mdeberta_v1,
tunisieannonce_9fe74a37dea3,tunisieannonce,0.0,positive,0.3227,0.25,17.54,normal,['external_contact'],xlm_roberta_mdeberta_v1,
tunisieannonce_a045bc36a251,tunisieannonce,0.0,positive,0.345,0.0,12.07,normal,[],xlm_roberta_mdeberta_v1,
tunisieannonce_a038d6725d95,tunisieannonce,0.0,positive,0.3185,0.0,11.15,normal,[],xlm_roberta_mdeberta_v1,
tunisieannonce_a08bc3b9de9a,tunisieannonce,0.0,positive,0.2706,0.0,9.47,normal,[],xlm_roberta_mdeberta_v1,
tunisieannonce_a259059ade47,tunisieannonce,0.0,positive,0.3511,0.0,12.29,normal,[],xlm_roberta_mdeberta_v1,
tunisieannonce_a0b13beed0cd,tunisieannonce,0.5298,negative,0.3662,0.2,39.01,suspect,['no_images_suspicious'],xlm_roberta_mdeberta_v1,
tunisieannonce_a0a7f300cf0c,tunisieannonce,0.0,positive,0.331,0.0,11.58,normal,[],xlm_roberta_mdeberta_v1,
tunisieannonce_a5e5d5ca5c53,tunisieannonce,0.0,positive,0.3098,0.0,10.84,normal,[],xlm_roberta_mdeberta_v1,
tunisieannonce_a09269c0f956,tunisieannonce,0.0,positive,0.3437,0.55,25.78,suspect,"['urgency_detected', 'external_contact']",xlm_roberta_mdeberta_v1,
tunisieannonce_a0a35bba84f7,tunisieannonce,0.0,positive,0.4259,0.5,27.41,suspect,"['urgency_detected', 'no_images_suspicious']",xlm_roberta_mdeberta_v1,
tunisieannonce_a14e71dbfb12,tunisieannonce,0.2691,negative,0.4254,0.55,39.4,suspect,"['urgency_detected', 'external_contact']",xlm_roberta_mdeberta_v1,
tunisieannonce_a152c7a31f67,tunisieannonce,0.6257,negative,0.3625,0.55,51.47,fraud_likely,"['urgency_detected', 'external_contact']",xlm_roberta_mdeberta_v1,"Cette annonce immobilière est suspecte en raison de plusieurs signaux détectés : un score fraude élevé (51.5/100), un sentiment négatif (score 0.63), un score zero-shot fraude élevé (0.36) et la présence de flags tels que urgency_detected et external_contact, qui indiquent une demande d'urgence et un contact externe fourni."
tunisieannonce_a2c2f61bcefc,tunisieannonce,0.0,positive,0.2801,0.2,14.8,normal,['no_images_suspicious'],xlm_roberta_mdeberta_v1,
tunisieannonce_a1615617b877,tunisieannonce,0.0,positive,0.3787,0.25,19.5,normal,['external_contact'],xlm_roberta_mdeberta_v1,
tunisieannonce_a0f40f4ab338,tunisieannonce,0.0924,neutral,0.3484,0.25,22.14,suspect,['external_contact'],xlm_roberta_mdeberta_v1,
tunisieannonce_a14bbafa4826,tunisieannonce,0.0,positive,0.3195,0.25,17.43,normal,['external_contact'],xlm_roberta_mdeberta_v1,
tunisieannonce_a171db5307f3,tunisieannonce,0.0,positive,0.3743,0.3,20.6,normal,['urgency_detected'],xlm_roberta_mdeberta_v1,
tunisieannonce_a101a28aff9d,tunisieannonce,0.0,positive,0.3238,0.25,17.58,normal,['external_contact'],xlm_roberta_mdeberta_v1,
tunisieannonce_a542327c004a,tunisieannonce,0.5656,negative,0.3308,0.0,34.2,suspect,[],xlm_roberta_mdeberta_v1,
tunisieannonce_a201987dd890,tunisieannonce,0.0,positive,0.2897,0.0,10.14,normal,[],xlm_roberta_mdeberta_v1,
tunisieannonce_a1ee30f7a7db,tunisieannonce,0.6796,negative,0.3812,0.25,46.78,suspect,['external_contact'],xlm_roberta_mdeberta_v1,
tunisieannonce_a1a2d8f28267,tunisieannonce,0.0722,neutral,0.3185,0.2,19.04,normal,['no_images_suspicious'],xlm_roberta_mdeberta_v1,
tunisieannonce_a65e2099ce06,tunisieannonce,0.0,positive,0.3291,0.55,25.27,suspect,"['urgency_detected', 'external_contact']",xlm_roberta_mdeberta_v1,
tunisieannonce_a1c5e555a24a,tunisieannonce,0.0,positive,0.2871,0.0,10.05,normal,[],xlm_roberta_mdeberta_v1,
tunisieannonce_a1e5bc01b10d,tunisieannonce,0.0,positive,0.3579,0.75,31.28,suspect,"['urgency_detected', 'external_contact', 'no_images_suspicious']",xlm_roberta_mdeberta_v1,
tunisieannonce_a226264e52b5,tunisieannonce,0.0,positive,0.3467,0.15,15.88,normal,['information_incomplete'],xlm_roberta_mdeberta_v1,
tunisieannonce_a17e9bc8aaab,tunisieannonce,0.2763,negative,0.3818,0.25,30.66,suspect,['external_contact'],xlm_roberta_mdeberta_v1,
tunisieannonce_a28e9dd150f0,tunisieannonce,0.0,positive,0.3474,0.2,17.16,normal,['no_images_suspicious'],xlm_roberta_mdeberta_v1,
tunisieannonce_a285ce91302f,tunisieannonce,0.0,positive,0.3394,0.25,18.13,normal,['external_contact'],xlm_roberta_mdeberta_v1,
tunisieannonce_a2bd6be7684d,tunisieannonce,0.0,positive,0.3504,0.55,26.01,suspect,"['urgency_detected', 'external_contact']",xlm_roberta_mdeberta_v1,
tunisieannonce_a2dc7aae84e1,tunisieannonce,0.0,positive,0.3899,0.2,18.65,normal,['no_images_suspicious'],xlm_roberta_mdeberta_v1,
tunisieannonce_a2e15b3bb831,tunisieannonce,0.0,positive,0.3292,0.3,19.02,normal,['urgency_detected'],xlm_roberta_mdeberta_v1,
tunisieannonce_a2b7cd077e57,tunisieannonce,0.0,positive,0.3728,0.0,13.05,normal,[],xlm_roberta_mdeberta_v1,
tunisieannonce_a45e8d5bad6d,tunisieannonce,0.3618,negative,0.3298,0.0,26.02,suspect,[],xlm_roberta_mdeberta_v1,
tunisieannonce_a31247f8ce76,tunisieannonce,0.0,positive,0.3319,0.0,11.62,normal,[],xlm_roberta_mdeberta_v1,
tunisieannonce_a3677120afe9,tunisieannonce,0.0,positive,0.3554,0.0,12.44,normal,[],xlm_roberta_mdeberta_v1,
tunisieannonce_a576baf4fed6,tunisieannonce,0.268,negative,0.354,0.2,28.11,suspect,['no_images_suspicious'],xlm_roberta_mdeberta_v1,
tunisieannonce_a3ab28ec4cfe,tunisieannonce,0.0,positive,0.3278,0.0,11.47,normal,[],xlm_roberta_mdeberta_v1,
tunisieannonce_a3e40cb1e576,tunisieannonce,0.0,positive,0.3699,0.0,12.95,normal,[],xlm_roberta_mdeberta_v1,
tunisieannonce_a452ea233d98,tunisieannonce,0.0,positive,0.3207,0.55,24.97,suspect,"['urgency_detected', 'external_contact']",xlm_roberta_mdeberta_v1,
tunisieannonce_a4ef2c9d8c53,tunisieannonce,0.0,positive,0.3239,0.2,16.34,normal,['no_images_suspicious'],xlm_roberta_mdeberta_v1,
tunisieannonce_a4b07497a9cf,tunisieannonce,0.0852,neutral,0.3502,0.0,15.67,normal,[],xlm_roberta_mdeberta_v1,
tunisieannonce_a50a1757a9d5,tunisieannonce,0.0,positive,0.3153,0.0,11.04,normal,[],xlm_roberta_mdeberta_v1,
tunisieannonce_a6af27a16a00,tunisieannonce,0.26,negative,0.319,0.0,21.57,suspect,[],xlm_roberta_mdeberta_v1,
tunisieannonce_a65f66b70bb1,tunisieannonce,0.0,positive,0.3767,0.55,26.93,suspect,"['urgency_detected', 'external_contact']",xlm_roberta_mdeberta_v1,
tunisieannonce_a6dc6be93140,tunisieannonce,0.0,positive,0.2884,0.55,23.84,suspect,"['urgency_detected', 'external_contact']",xlm_roberta_mdeberta_v1,
tunisieannonce_a6b67244b115,tunisieannonce,0.2379,negative,0.3715,0.45,33.77,suspect,"['external_contact', 'no_images_suspicious']",xlm_roberta_mdeberta_v1,
tunisieannonce_a66e5b721abc,tunisieannonce,0.0,positive,0.3541,0.75,31.14,suspect,"['urgency_detected', 'external_contact', 'no_images_suspicious']",xlm_roberta_mdeberta_v1,
tunisieannonce_a699ac96f0d0,tunisieannonce,0.0,positive,0.328,0.0,11.48,normal,[],xlm_roberta_mdeberta_v1,
tunisieannonce_a77d7c8d748a,tunisieannonce,0.0811,neutral,0.3056,0.2,18.94,normal,['no_images_suspicious'],xlm_roberta_mdeberta_v1,
tunisieannonce_a730ffb30323,tunisieannonce,0.0,positive,0.3147,0.0,11.01,normal,[],xlm_roberta_mdeberta_v1,
tunisieannonce_a739766d50e2,tunisieannonce,0.0,positive,0.3268,0.2,16.44,normal,['no_images_suspicious'],xlm_roberta_mdeberta_v1,
tunisieannonce_a739c1f49732,tunisieannonce,0.0,positive,0.3803,0.25,19.56,normal,['external_contact'],xlm_roberta_mdeberta_v1,
tunisieannonce_a7672321d98e,tunisieannonce,0.2534,negative,0.3444,0.45,33.44,suspect,"['external_contact', 'no_images_suspicious']",xlm_roberta_mdeberta_v1,
tunisieannonce_a7f91fe28a06,tunisieannonce,0.0,positive,0.326,0.0,11.41,normal,[],xlm_roberta_mdeberta_v1,
tunisieannonce_a7e6bd050dc0,tunisieannonce,0.0,positive,0.3886,0.0,13.6,normal,[],xlm_roberta_mdeberta_v1,
tunisieannonce_a7e9b3fbcfbd,tunisieannonce,0.0,positive,0.3755,0.0,13.14,normal,[],xlm_roberta_mdeberta_v1,
tunisieannonce_a84136c0a519,tunisieannonce,0.2361,negative,0.3918,0.25,29.41,suspect,['external_contact'],xlm_roberta_mdeberta_v1,
tunisieannonce_a7c027deeac9,tunisieannonce,0.0,positive,0.3632,0.45,23.96,suspect,"['external_contact', 'no_images_suspicious']",xlm_roberta_mdeberta_v1,
tunisieannonce_a7aaecb4e2c0,tunisieannonce,0.0,positive,0.3974,0.2,18.91,normal,['no_images_suspicious'],xlm_roberta_mdeberta_v1,
tunisieannonce_a8a42effbd49,tunisieannonce,0.0,positive,0.3002,0.2,15.51,normal,['no_images_suspicious'],xlm_roberta_mdeberta_v1,
tunisieannonce_a8f235fb76a9,tunisieannonce,0.4801,negative,0.3425,0.55,44.94,suspect,"['urgency_detected', 'external_contact']",xlm_roberta_mdeberta_v1,
tunisieannonce_a858f4e89e3e,tunisieannonce,0.0,positive,0.2861,0.0,10.01,normal,[],xlm_roberta_mdeberta_v1,
tunisieannonce_a8effa05df7f,tunisieannonce,0.0,positive,0.2943,0.5,22.8,suspect,"['urgency_detected', 'no_images_suspicious']",xlm_roberta_mdeberta_v1,
tunisieannonce_a897ee4acfc1,tunisieannonce,0.3535,negative,0.3092,0.0,24.96,suspect,[],xlm_roberta_mdeberta_v1,
tunisieannonce_a85c3bc0d892,tunisieannonce,0.0,positive,0.3564,0.25,18.72,normal,['external_contact'],xlm_roberta_mdeberta_v1,
tunisieannonce_a8cab1c92337,tunisieannonce,0.0,positive,0.3409,0.0,11.93,normal,[],xlm_roberta_mdeberta_v1,
tunisieannonce_a945ffcdd76c,tunisieannonce,0.599,negative,0.4026,0.25,44.3,suspect,['external_contact'],xlm_roberta_mdeberta_v1,
tunisieannonce_a9ab719cdcfb,tunisieannonce,0.0,positive,0.3682,0.25,19.14,normal,['external_contact'],xlm_roberta_mdeberta_v1,
tunisieannonce_a9663fbbebfa,tunisieannonce,0.2677,negative,0.3496,0.2,27.94,suspect,['no_images_suspicious'],xlm_roberta_mdeberta_v1,
tunisieannonce_a91a3298af52,tunisieannonce,0.0,positive,0.4157,0.0,14.55,normal,[],xlm_roberta_mdeberta_v1,
tunisieannonce_a986774116b8,tunisieannonce,0.5304,negative,0.388,0.55,48.55,suspect,"['urgency_detected', 'external_contact']",xlm_roberta_mdeberta_v1,
tunisieannonce_a912eee8b5cd,tunisieannonce,0.0,positive,0.3546,0.25,18.66,normal,['external_contact'],xlm_roberta_mdeberta_v1,
tunisieannonce_a907fa710f6c,tunisieannonce,0.4711,negative,0.3633,0.0,31.56,suspect,[],xlm_roberta_mdeberta_v1,
tunisieannonce_a90ca4cd3525,tunisieannonce,0.0,positive,0.2947,0.0,10.31,normal,[],xlm_roberta_mdeberta_v1,
tunisieannonce_aa0cb2735f60,tunisieannonce,0.0,positive,0.4339,0.45,26.44,suspect,"['external_contact', 'no_images_suspicious']",xlm_roberta_mdeberta_v1,
tunisieannonce_aa50382e7fa0,tunisieannonce,0.0,positive,0.3503,0.0,12.26,normal,[],xlm_roberta_mdeberta_v1,
tunisieannonce_a9e3dc065c33,tunisieannonce,0.2844,negative,0.3309,0.2,27.96,suspect,['no_images_suspicious'],xlm_roberta_mdeberta_v1,
tunisieannonce_a9d7b39d537e,tunisieannonce,0.2997,negative,0.377,0.2,30.18,suspect,['no_images_suspicious'],xlm_roberta_mdeberta_v1,
tunisieannonce_a9ec96c52fda,tunisieannonce,0.0,positive,0.3345,0.5,24.21,suspect,"['urgency_detected', 'no_images_suspicious']",xlm_roberta_mdeberta_v1,
tunisieannonce_aa4ba8ff6033,tunisieannonce,0.0,positive,0.359,0.75,31.31,suspect,"['urgency_detected', 'external_contact', 'no_images_suspicious']",xlm_roberta_mdeberta_v1,
tunisieannonce_aa73f1175e48,tunisieannonce,0.0,positive,0.298,0.0,10.43,normal,[],xlm_roberta_mdeberta_v1,
tunisieannonce_ad73f23b3b8e,tunisieannonce,0.0,positive,0.3155,0.55,24.79,suspect,"['urgency_detected', 'external_contact']",xlm_roberta_mdeberta_v1,
tunisieannonce_aae437c55f11,tunisieannonce,0.0,positive,0.3296,0.25,17.79,normal,['external_contact'],xlm_roberta_mdeberta_v1,
tunisieannonce_aaa30730fa00,tunisieannonce,0.0,positive,0.3557,0.3,19.95,normal,['urgency_detected'],xlm_roberta_mdeberta_v1,
tunisieannonce_aab55fb84e34,tunisieannonce,0.0925,neutral,0.3612,0.55,30.09,suspect,"['urgency_detected', 'external_contact']",xlm_roberta_mdeberta_v1,
tunisieannonce_aaaea14b275b,tunisieannonce,0.4694,negative,0.3832,0.2,37.19,suspect,['no_images_suspicious'],xlm_roberta_mdeberta_v1,
tunisieannonce_aab3822e8c1c,tunisieannonce,0.0,positive,0.3462,0.0,12.12,normal,[],xlm_roberta_mdeberta_v1,
tunisieannonce_aacb70db2f17,tunisieannonce,0.0,positive,0.3308,0.0,11.58,normal,[],xlm_roberta_mdeberta_v1,
tunisieannonce_ab9d358ca651,tunisieannonce,0.0,positive,0.3922,0.3,21.23,suspect,['urgency_detected'],xlm_roberta_mdeberta_v1,
tunisieannonce_abbac6481942,tunisieannonce,0.0,positive,0.3505,0.3,19.77,normal,['urgency_detected'],xlm_roberta_mdeberta_v1,
tunisieannonce_ab41d48fef4f,tunisieannonce,0.0,positive,0.3427,0.3,19.49,normal,['urgency_detected'],xlm_roberta_mdeberta_v1,
tunisieannonce_ab86120c26fc,tunisieannonce,0.0,positive,0.3437,0.0,12.03,normal,[],xlm_roberta_mdeberta_v1,
tunisieannonce_abac8365b90f,tunisieannonce,0.0,positive,0.3362,0.2,16.77,normal,['no_images_suspicious'],xlm_roberta_mdeberta_v1,
tunisieannonce_aae66fc88da9,tunisieannonce,0.0,positive,0.3788,0.0,13.26,normal,[],xlm_roberta_mdeberta_v1,
tunisieannonce_ac8f8fab5dc8,tunisieannonce,0.0,positive,0.3154,0.3,18.54,normal,['urgency_detected'],xlm_roberta_mdeberta_v1,
tunisieannonce_ac22ebd138cb,tunisieannonce,0.0,positive,0.3503,0.55,26.01,suspect,"['urgency_detected', 'external_contact']",xlm_roberta_mdeberta_v1,
tunisieannonce_acc05b086bcd,tunisieannonce,0.0,positive,0.3678,0.0,12.87,normal,[],xlm_roberta_mdeberta_v1,
tunisieannonce_ace5a0a3796a,tunisieannonce,0.0,positive,0.3262,0.0,11.42,normal,[],xlm_roberta_mdeberta_v1,
tunisieannonce_acd42ac8ab18,tunisieannonce,0.0,positive,0.3503,0.5,24.76,suspect,"['urgency_detected', 'no_images_suspicious']",xlm_roberta_mdeberta_v1,
tunisieannonce_acf8977f777b,tunisieannonce,0.0,positive,0.3705,0.0,12.97,normal,[],xlm_roberta_mdeberta_v1,
tunisieannonce_ad16ea448b7b,tunisieannonce,0.4036,negative,0.3141,0.2,32.14,suspect,['no_images_suspicious'],xlm_roberta_mdeberta_v1,
tunisieannonce_ae4c91996539,tunisieannonce,0.3345,negative,0.3547,0.0,25.79,suspect,[],xlm_roberta_mdeberta_v1,
tunisieannonce_acc9d9df19ed,tunisieannonce,0.0,positive,0.3895,0.3,21.13,suspect,['urgency_detected'],xlm_roberta_mdeberta_v1,
tunisieannonce_ad2a86adc9e2,tunisieannonce,0.0,positive,0.3327,0.25,17.89,normal,['external_contact'],xlm_roberta_mdeberta_v1,
tunisieannonce_acc5e91a24d7,tunisieannonce,0.5214,negative,0.3254,0.3,39.75,suspect,['urgency_detected'],xlm_roberta_mdeberta_v1,
tunisieannonce_adae9d2ca665,tunisieannonce,0.5503,negative,0.3502,0.5,46.77,suspect,"['urgency_detected', 'no_images_suspicious']",xlm_roberta_mdeberta_v1,
tunisieannonce_adb18b5dfefb,tunisieannonce,0.0,positive,0.3058,0.0,10.7,normal,[],xlm_roberta_mdeberta_v1,
tunisieannonce_add5dcb7ee1c,tunisieannonce,0.0,positive,0.3482,0.25,18.44,normal,['external_contact'],xlm_roberta_mdeberta_v1,
tunisieannonce_ad76a8db225c,tunisieannonce,0.3092,negative,0.3048,0.45,34.29,suspect,"['external_contact', 'no_images_suspicious']",xlm_roberta_mdeberta_v1,
tunisieannonce_adf323152d28,tunisieannonce,0.0,positive,0.393,0.25,20.0,normal,['external_contact'],xlm_roberta_mdeberta_v1,
tunisieannonce_ad306a75fe58,tunisieannonce,0.0,positive,0.2961,0.0,10.36,normal,[],xlm_roberta_mdeberta_v1,
tunisieannonce_adf47ccc06c1,tunisieannonce,0.4188,negative,0.3478,0.55,42.68,suspect,"['urgency_detected', 'external_contact']",xlm_roberta_mdeberta_v1,
tunisieannonce_ae5e74440619,tunisieannonce,0.0,positive,0.3493,0.2,17.23,normal,['no_images_suspicious'],xlm_roberta_mdeberta_v1,
tunisieannonce_ae604b5e2997,tunisieannonce,0.0,positive,0.3385,0.25,18.1,normal,['external_contact'],xlm_roberta_mdeberta_v1,
tunisieannonce_ae71712b4c56,tunisieannonce,0.0,positive,0.3223,0.25,17.53,normal,['external_contact'],xlm_roberta_mdeberta_v1,
tunisieannonce_ae2edd28503b,tunisieannonce,0.0,positive,0.3489,0.55,25.96,suspect,"['urgency_detected', 'external_contact']",xlm_roberta_mdeberta_v1,
tunisieannonce_ae161fd127d2,tunisieannonce,0.0,positive,0.3501,0.5,24.75,suspect,"['urgency_detected', 'no_images_suspicious']",xlm_roberta_mdeberta_v1,
tunisieannonce_ae40235d83de,tunisieannonce,0.0,positive,0.3045,0.0,10.66,normal,[],xlm_roberta_mdeberta_v1,
tunisieannonce_af79ee3148f0,tunisieannonce,0.0,positive,0.3361,0.0,11.76,normal,[],xlm_roberta_mdeberta_v1,
tunisieannonce_aec090b5e31a,tunisieannonce,0.0,positive,0.309,0.0,10.81,normal,[],xlm_roberta_mdeberta_v1,
tunisieannonce_af42611dc701,tunisieannonce,0.0,positive,0.3373,0.0,11.81,normal,[],xlm_roberta_mdeberta_v1,
tunisieannonce_ae827ad8524e,tunisieannonce,0.0,positive,0.3682,0.75,31.64,suspect,"['urgency_detected', 'external_contact', 'no_images_suspicious']",xlm_roberta_mdeberta_v1,
tunisieannonce_af7a266d1b6a,tunisieannonce,0.0,positive,0.2755,0.55,23.39,suspect,"['urgency_detected', 'external_contact']",xlm_roberta_mdeberta_v1,
tunisieannonce_ae879996cd3f,tunisieannonce,0.3618,negative,0.3298,0.0,26.02,suspect,[],xlm_roberta_mdeberta_v1,
tunisieannonce_ae99b681ede0,tunisieannonce,0.0,positive,0.2985,0.0,10.45,normal,[],xlm_roberta_mdeberta_v1,
tunisieannonce_af8b0d586bfc,tunisieannonce,0.0,positive,0.308,0.55,24.53,suspect,"['urgency_detected', 'external_contact']",xlm_roberta_mdeberta_v1,
tunisieannonce_af013ac69614,tunisieannonce,0.0,positive,0.357,0.0,12.49,normal,[],xlm_roberta_mdeberta_v1,
tunisieannonce_afae778c298e,tunisieannonce,0.0,positive,0.3158,0.2,16.05,normal,['no_images_suspicious'],xlm_roberta_mdeberta_v1,
tunisieannonce_afa99144d968,tunisieannonce,0.0,positive,0.286,0.0,10.01,normal,[],xlm_roberta_mdeberta_v1,
tunisieannonce_afe797293ad7,tunisieannonce,0.439,negative,0.3951,0.0,31.39,suspect,[],xlm_roberta_mdeberta_v1,
tunisieannonce_afb67cff80c0,tunisieannonce,0.0,positive,0.2985,0.2,15.45,normal,['no_images_suspicious'],xlm_roberta_mdeberta_v1,
tunisieannonce_afd6885873e4,tunisieannonce,0.3197,negative,0.3481,0.25,31.22,suspect,['external_contact'],xlm_roberta_mdeberta_v1,
tunisieannonce_afbc3ccb856d,tunisieannonce,0.0,positive,0.3055,0.0,10.69,normal,[],xlm_roberta_mdeberta_v1,
tunisieannonce_b0672323c19f,tunisieannonce,0.0,positive,0.3192,0.2,16.17,normal,['no_images_suspicious'],xlm_roberta_mdeberta_v1,
tunisieannonce_b08fa5f07f97,tunisieannonce,0.0,positive,0.3345,0.0,11.71,normal,[],xlm_roberta_mdeberta_v1,
tunisieannonce_b04b05227913,tunisieannonce,0.0,positive,0.3501,0.0,12.25,normal,[],xlm_roberta_mdeberta_v1,
tunisieannonce_b028112fdbd7,tunisieannonce,0.0,positive,0.3032,0.5,23.11,suspect,"['urgency_detected', 'no_images_suspicious']",xlm_roberta_mdeberta_v1,
tunisieannonce_b02fb3dcc63f,tunisieannonce,0.0,positive,0.3896,0.55,27.39,suspect,"['urgency_detected', 'external_contact']",xlm_roberta_mdeberta_v1,
tunisieannonce_b02b5f1808c8,tunisieannonce,0.0794,neutral,0.3811,0.75,35.26,suspect,"['urgency_detected', 'external_contact', 'no_images_suspicious']",xlm_roberta_mdeberta_v1,
tunisieannonce_b04b2e214bd5,tunisieannonce,0.0,positive,0.3759,0.0,13.16,normal,[],xlm_roberta_mdeberta_v1,
tunisieannonce_b0ebe56a4687,tunisieannonce,0.0,positive,0.3356,0.25,18.0,normal,['external_contact'],xlm_roberta_mdeberta_v1,
tunisieannonce_b0d9a56126b5,tunisieannonce,0.0,positive,0.3541,0.0,12.39,normal,[],xlm_roberta_mdeberta_v1,
tunisieannonce_b104314f1e43,tunisieannonce,0.0,positive,0.3223,0.2,16.28,normal,['no_images_suspicious'],xlm_roberta_mdeberta_v1,
tunisieannonce_b0c6a43aa5b6,tunisieannonce,0.0,positive,0.3197,0.0,11.19,normal,[],xlm_roberta_mdeberta_v1,
tunisieannonce_b0fad9915891,tunisieannonce,0.0,positive,0.3466,0.45,23.38,suspect,"['external_contact', 'no_images_suspicious']",xlm_roberta_mdeberta_v1,
tunisieannonce_b0ff7d7d1e05,tunisieannonce,0.0,positive,0.3747,0.25,19.36,normal,['external_contact'],xlm_roberta_mdeberta_v1,
tunisieannonce_b116de36f9a7,tunisieannonce,0.0,positive,0.3507,0.0,12.27,normal,[],xlm_roberta_mdeberta_v1,
tunisieannonce_b0c90398bcc8,tunisieannonce,0.0,positive,0.3796,0.55,27.04,suspect,"['urgency_detected', 'external_contact']",xlm_roberta_mdeberta_v1,
tunisieannonce_b1258897286b,tunisieannonce,0.0,positive,0.3239,0.3,18.84,normal,['urgency_detected'],xlm_roberta_mdeberta_v1,
tunisieannonce_b1f0251e727d,tunisieannonce,0.0,positive,0.3432,0.0,12.01,normal,[],xlm_roberta_mdeberta_v1,
tunisieannonce_b117ac1347b2,tunisieannonce,0.0,positive,0.3338,0.0,11.68,normal,[],xlm_roberta_mdeberta_v1,
tunisieannonce_b174f9c1b6ec,tunisieannonce,0.2804,negative,0.3349,0.2,27.94,suspect,['no_images_suspicious'],xlm_roberta_mdeberta_v1,
tunisieannonce_b18ab18132fb,tunisieannonce,0.0,positive,0.3539,0.0,12.39,normal,[],xlm_roberta_mdeberta_v1,
tunisieannonce_b1442df73b74,tunisieannonce,0.0,positive,0.3831,0.25,19.66,normal,['external_contact'],xlm_roberta_mdeberta_v1,
tunisieannonce_b153bc8dd957,tunisieannonce,0.0768,neutral,0.3033,0.45,24.94,suspect,"['vague_description', 'no_images_suspicious']",xlm_roberta_mdeberta_v1,
tunisieannonce_b15d3b866a82,tunisieannonce,0.0,positive,0.3325,0.3,19.14,normal,['urgency_detected'],xlm_roberta_mdeberta_v1,
tunisieannonce_b2307bb32ae6,tunisieannonce,0.2401,negative,0.3952,0.2,28.44,suspect,['no_images_suspicious'],xlm_roberta_mdeberta_v1,
tunisieannonce_b2319bf8a90d,tunisieannonce,0.0,positive,0.3862,0.2,18.52,normal,['no_images_suspicious'],xlm_roberta_mdeberta_v1,
tunisieannonce_b2c4d88b3d64,tunisieannonce,0.3723,negative,0.3562,0.0,27.36,suspect,[],xlm_roberta_mdeberta_v1,
tunisieannonce_b2c3ff67f368,tunisieannonce,0.0,positive,0.3583,0.25,18.79,normal,['external_contact'],xlm_roberta_mdeberta_v1,
tunisieannonce_b27181019bda,tunisieannonce,0.0,positive,0.3231,0.0,11.31,normal,[],xlm_roberta_mdeberta_v1,
tunisieannonce_b2c4a30d657e,tunisieannonce,0.0,positive,0.346,0.0,12.11,normal,[],xlm_roberta_mdeberta_v1,
tunisieannonce_b449e3268dea,tunisieannonce,0.0,positive,0.3311,0.0,11.59,normal,[],xlm_roberta_mdeberta_v1,
tunisieannonce_b2611112ecb7,tunisieannonce,0.0,positive,0.3485,0.0,12.2,normal,[],xlm_roberta_mdeberta_v1,
tunisieannonce_b377bf9a63f9,tunisieannonce,0.0,positive,0.3685,0.0,12.9,normal,[],xlm_roberta_mdeberta_v1,
tunisieannonce_b3edb2e04319,tunisieannonce,0.0,positive,0.2203,0.2,12.71,normal,['no_images_suspicious'],xlm_roberta_mdeberta_v1,
tunisieannonce_b3de11a60d0e,tunisieannonce,0.0,positive,0.3409,0.0,11.93,normal,[],xlm_roberta_mdeberta_v1,
tunisieannonce_b3e5f0028c52,tunisieannonce,0.0,positive,0.3757,0.25,19.4,normal,['external_contact'],xlm_roberta_mdeberta_v1,
tunisieannonce_b38b463f8f1e,tunisieannonce,0.0,positive,0.3413,0.0,11.95,normal,[],xlm_roberta_mdeberta_v1,
tunisieannonce_b3d62b5e0c8e,tunisieannonce,0.1791,negative,0.3797,0.25,26.7,suspect,['external_contact'],xlm_roberta_mdeberta_v1,
tunisieannonce_b37c7228f4ad,tunisieannonce,0.0,positive,0.3491,0.0,12.22,normal,[],xlm_roberta_mdeberta_v1,
tunisieannonce_b3254aedc9ac,tunisieannonce,0.0,positive,0.3757,0.0,13.15,normal,[],xlm_roberta_mdeberta_v1,
tunisieannonce_b40d365cb299,tunisieannonce,0.0,positive,0.3282,0.2,16.49,normal,['no_images_suspicious'],xlm_roberta_mdeberta_v1,
tunisieannonce_b404338cf2c6,tunisieannonce,0.0,positive,0.3186,0.2,16.15,normal,['no_images_suspicious'],xlm_roberta_mdeberta_v1,
tunisieannonce_b4aeaf982187,tunisieannonce,0.0,positive,0.3462,0.25,18.37,normal,['external_contact'],xlm_roberta_mdeberta_v1,
tunisieannonce_bcf2660d1d76,tunisieannonce,0.5282,negative,0.359,0.55,47.44,suspect,"['urgency_detected', 'external_contact']",xlm_roberta_mdeberta_v1,
tunisieannonce_b44866176e1c,tunisieannonce,0.0,positive,0.3982,0.3,21.44,suspect,['urgency_detected'],xlm_roberta_mdeberta_v1,
tunisieannonce_b4751c11f7d3,tunisieannonce,0.0895,neutral,0.3604,0.55,29.94,suspect,"['urgency_detected', 'external_contact']",xlm_roberta_mdeberta_v1,
tunisieannonce_b449be6c5342,tunisieannonce,0.5382,negative,0.3539,0.55,47.66,suspect,"['urgency_detected', 'external_contact']",xlm_roberta_mdeberta_v1,
tunisieannonce_b5315fe24c8b,tunisieannonce,0.0,positive,0.3205,0.55,24.97,suspect,"['urgency_detected', 'external_contact']",xlm_roberta_mdeberta_v1,
tunisieannonce_b595769e4fb6,tunisieannonce,0.0,positive,0.3396,0.55,25.64,suspect,"['urgency_detected', 'external_contact']",xlm_roberta_mdeberta_v1,
tunisieannonce_b55877236cab,tunisieannonce,0.0,positive,0.358,0.0,12.53,normal,[],xlm_roberta_mdeberta_v1,
tunisieannonce_b51a4e2ccc0b,tunisieannonce,0.0,positive,0.314,0.25,17.24,normal,['external_contact'],xlm_roberta_mdeberta_v1,
tunisieannonce_b4b62617e354,tunisieannonce,0.0,positive,0.2988,0.55,24.21,suspect,"['urgency_detected', 'external_contact']",xlm_roberta_mdeberta_v1,
tunisieannonce_b4f89ae3032b,tunisieannonce,0.0,positive,0.3349,0.5,24.22,suspect,"['urgency_detected', 'no_images_suspicious']",xlm_roberta_mdeberta_v1,
tunisieannonce_b5a480e2cbd8,tunisieannonce,0.0,positive,0.3464,0.45,23.37,suspect,"['external_contact', 'no_images_suspicious']",xlm_roberta_mdeberta_v1,
tunisieannonce_b62139de86f2,tunisieannonce,0.0,positive,0.3121,0.0,10.92,normal,[],xlm_roberta_mdeberta_v1,
tunisieannonce_b5eeb3561ff2,tunisieannonce,0.0,positive,0.3703,0.2,17.96,normal,['no_images_suspicious'],xlm_roberta_mdeberta_v1,
tunisieannonce_b598452723ff,tunisieannonce,0.3504,negative,0.33,0.55,39.32,suspect,"['urgency_detected', 'external_contact']",xlm_roberta_mdeberta_v1,
tunisieannonce_b6254fdbedf9,tunisieannonce,0.0,positive,0.3278,0.0,11.47,normal,[],xlm_roberta_mdeberta_v1,
tunisieannonce_b64fec55d374,tunisieannonce,0.0,positive,0.3924,0.2,18.73,normal,['no_images_suspicious'],xlm_roberta_mdeberta_v1,
tunisieannonce_b7450e2435b1,tunisieannonce,0.086,neutral,0.3495,0.2,20.67,normal,['no_images_suspicious'],xlm_roberta_mdeberta_v1,
tunisieannonce_b70f2718f1bd,tunisieannonce,0.0,positive,0.2752,0.3,17.13,normal,['urgency_detected'],xlm_roberta_mdeberta_v1,
tunisieannonce_b7603e60767d,tunisieannonce,0.0,positive,0.3477,0.25,18.42,normal,['external_contact'],xlm_roberta_mdeberta_v1,
tunisieannonce_b67b6478e819,tunisieannonce,0.0,positive,0.327,0.0,11.45,normal,[],xlm_roberta_mdeberta_v1,
tunisieannonce_b6dc2129976f,tunisieannonce,0.3925,negative,0.3417,0.0,27.66,suspect,[],xlm_roberta_mdeberta_v1,
tunisieannonce_b67c00d538e4,tunisieannonce,0.0,positive,0.3299,0.0,11.55,normal,[],xlm_roberta_mdeberta_v1,
tunisieannonce_b6811306383f,tunisieannonce,0.0,positive,0.4253,0.5,27.39,suspect,"['urgency_detected', 'no_images_suspicious']",xlm_roberta_mdeberta_v1,
tunisieannonce_b7aeea25854e,tunisieannonce,0.0,positive,0.328,0.5,23.98,suspect,"['urgency_detected', 'no_images_suspicious']",xlm_roberta_mdeberta_v1,
tunisieannonce_b77c81642685,tunisieannonce,0.3243,negative,0.3225,0.25,30.51,suspect,['external_contact'],xlm_roberta_mdeberta_v1,
tunisieannonce_b7b67d236e75,tunisieannonce,0.0,positive,0.3163,0.25,17.32,normal,['external_contact'],xlm_roberta_mdeberta_v1,
tunisieannonce_b80d1abbdfa9,tunisieannonce,0.0,positive,0.332,0.2,16.62,normal,['no_images_suspicious'],xlm_roberta_mdeberta_v1,
tunisieannonce_b7b1e9f18179,tunisieannonce,0.0,positive,0.3365,0.75,30.53,suspect,"['urgency_detected', 'external_contact', 'no_images_suspicious']",xlm_roberta_mdeberta_v1,
tunisieannonce_b7a5febb1362,tunisieannonce,0.0,positive,0.34,0.3,19.4,normal,['urgency_detected'],xlm_roberta_mdeberta_v1,
tunisieannonce_b7d03b24d997,tunisieannonce,0.0,positive,0.343,0.55,25.75,suspect,"['urgency_detected', 'external_contact']",xlm_roberta_mdeberta_v1,
tunisieannonce_b8cfde7bfc60,tunisieannonce,0.0,positive,0.313,0.0,10.96,normal,[],xlm_roberta_mdeberta_v1,
tunisieannonce_b9063ad23687,tunisieannonce,0.0,positive,0.3128,0.0,10.95,normal,[],xlm_roberta_mdeberta_v1,
tunisieannonce_b875d916c176,tunisieannonce,0.0782,neutral,0.3071,0.45,25.13,suspect,"['vague_description', 'no_images_suspicious']",xlm_roberta_mdeberta_v1,
tunisieannonce_8a121017c312,tunisieannonce,0.0,positive,0.4049,0.0,14.17,normal,[],xlm_roberta_mdeberta_v1,
tunisieannonce_c00963c34ca5,tunisieannonce,0.0,positive,0.2858,0.25,16.25,normal,['external_contact'],xlm_roberta_mdeberta_v1,
tunisieannonce_c08195746e5c,tunisieannonce,0.0,positive,0.3338,0.0,11.68,normal,[],xlm_roberta_mdeberta_v1,
tunisieannonce_c0be8ccfa51c,tunisieannonce,0.0,positive,0.3235,0.2,16.32,normal,['no_images_suspicious'],xlm_roberta_mdeberta_v1,
tunisieannonce_c038767f0ac7,tunisieannonce,0.0,positive,0.2711,0.0,9.49,normal,[],xlm_roberta_mdeberta_v1,
tunisieannonce_cc2d3ed92ee7,tunisieannonce,0.0,positive,0.3805,0.25,19.57,normal,['external_contact'],xlm_roberta_mdeberta_v1,
tunisieannonce_c04e07755fdd,tunisieannonce,0.0,positive,0.3771,0.75,31.95,suspect,"['urgency_detected', 'external_contact', 'no_images_suspicious']",xlm_roberta_mdeberta_v1,
tunisieannonce_c08b1815a59c,tunisieannonce,0.0837,neutral,0.3545,0.55,29.51,suspect,"['urgency_detected', 'external_contact']",xlm_roberta_mdeberta_v1,
tunisieannonce_c19ddfc90149,tunisieannonce,0.0,positive,0.3404,0.0,11.91,normal,[],xlm_roberta_mdeberta_v1,
tunisieannonce_c197cb104034,tunisieannonce,0.0,positive,0.2745,0.0,9.61,normal,[],xlm_roberta_mdeberta_v1,
tunisieannonce_c1751ae81b28,tunisieannonce,0.0,positive,0.3198,0.25,17.44,normal,['external_contact'],xlm_roberta_mdeberta_v1,
tunisieannonce_c14688eb54e4,tunisieannonce,0.0,positive,0.2772,0.55,23.45,suspect,"['urgency_detected', 'external_contact']",xlm_roberta_mdeberta_v1,
tunisieannonce_c137504f574e,tunisieannonce,0.494,negative,0.3594,0.55,46.09,suspect,"['urgency_detected', 'external_contact']",xlm_roberta_mdeberta_v1,
tunisieannonce_c163b33fca04,tunisieannonce,0.0,positive,0.3514,0.2,17.3,normal,['no_images_suspicious'],xlm_roberta_mdeberta_v1,
tunisieannonce_c15fa88161e2,tunisieannonce,0.0,positive,0.3831,0.0,13.41,normal,[],xlm_roberta_mdeberta_v1,
tunisieannonce_c25f2d2052cd,tunisieannonce,0.0,positive,0.3614,0.75,31.4,suspect,"['urgency_detected', 'external_contact', 'no_images_suspicious']",xlm_roberta_mdeberta_v1,
tunisieannonce_c1d01f244f0e,tunisieannonce,0.0,positive,0.3037,0.2,15.63,normal,['no_images_suspicious'],xlm_roberta_mdeberta_v1,
tunisieannonce_c1f9dae2f848,tunisieannonce,0.1433,neutral,0.309,0.0,16.55,normal,[],xlm_roberta_mdeberta_v1,
tunisieannonce_c1ee2a76764c,tunisieannonce,0.0,positive,0.3162,0.25,17.32,normal,['external_contact'],xlm_roberta_mdeberta_v1,
tunisieannonce_c1b4cec19f80,tunisieannonce,0.0939,neutral,0.3205,0.25,21.22,suspect,['external_contact'],xlm_roberta_mdeberta_v1,
tunisieannonce_c1feafe38471,tunisieannonce,0.0,positive,0.3137,0.25,17.23,normal,['external_contact'],xlm_roberta_mdeberta_v1,
tunisieannonce_c32e7d59f818,tunisieannonce,0.0745,neutral,0.3628,0.3,23.18,suspect,['urgency_detected'],xlm_roberta_mdeberta_v1,
tunisieannonce_c2975a45b8f0,tunisieannonce,0.0,positive,0.3708,0.55,26.73,suspect,"['urgency_detected', 'external_contact']",xlm_roberta_mdeberta_v1,
tunisieannonce_c32addb218b6,tunisieannonce,0.2876,negative,0.3252,0.0,22.89,suspect,[],xlm_roberta_mdeberta_v1,
tunisieannonce_c3254b84a17d,tunisieannonce,0.0,positive,0.3472,0.0,12.15,normal,[],xlm_roberta_mdeberta_v1,
tunisieannonce_c291e19f598e,tunisieannonce,0.0,positive,0.3194,0.25,17.43,normal,['external_contact'],xlm_roberta_mdeberta_v1,
tunisieannonce_c2eaf56c260a,tunisieannonce,0.0,positive,0.3551,0.0,12.43,normal,[],xlm_roberta_mdeberta_v1,
tunisieannonce_c3d1f62674e7,tunisieannonce,0.0,positive,0.3372,0.55,25.55,suspect,"['urgency_detected', 'external_contact']",xlm_roberta_mdeberta_v1,
tunisieannonce_c3ca9a82d430,tunisieannonce,0.0,positive,0.3536,0.25,18.63,normal,['external_contact'],xlm_roberta_mdeberta_v1,
tunisieannonce_c3cfa392e2e2,tunisieannonce,0.466,negative,0.3989,0.55,46.35,suspect,"['urgency_detected', 'external_contact']",xlm_roberta_mdeberta_v1,
tunisieannonce_c385995c38c0,tunisieannonce,0.0,positive,0.3702,0.2,17.96,normal,['no_images_suspicious'],xlm_roberta_mdeberta_v1,
tunisieannonce_c494584a7b6a,tunisieannonce,0.0,positive,0.3812,0.25,19.59,normal,['external_contact'],xlm_roberta_mdeberta_v1,
tunisieannonce_c38325ce8c41,tunisieannonce,0.0,positive,0.3249,0.0,11.37,normal,[],xlm_roberta_mdeberta_v1,
tunisieannonce_c3ff2df16712,tunisieannonce,0.0,positive,0.3548,0.55,26.17,suspect,"['urgency_detected', 'external_contact']",xlm_roberta_mdeberta_v1,
tunisieannonce_c38eff4e107f,tunisieannonce,0.0,positive,0.3315,0.0,11.6,normal,[],xlm_roberta_mdeberta_v1,
tunisieannonce_c4b78e56bcda,tunisieannonce,0.0,positive,0.3269,0.2,16.44,normal,['no_images_suspicious'],xlm_roberta_mdeberta_v1,
tunisieannonce_c48a90847bda,tunisieannonce,0.0,positive,0.3691,0.3,20.42,normal,['urgency_detected'],xlm_roberta_mdeberta_v1,
tunisieannonce_c46def614d2f,tunisieannonce,0.4,negative,0.3737,0.0,29.08,suspect,[],xlm_roberta_mdeberta_v1,
tunisieannonce_c4c72e60befd,tunisieannonce,0.0,positive,0.3322,0.75,30.38,suspect,"['urgency_detected', 'external_contact', 'no_images_suspicious']",xlm_roberta_mdeberta_v1,
tunisieannonce_c3ff2e0ecb8c,tunisieannonce,0.27,negative,0.3161,0.25,28.11,suspect,['external_contact'],xlm_roberta_mdeberta_v1,
tunisieannonce_c402cdc93f98,tunisieannonce,0.0,positive,0.3106,0.25,17.12,normal,['external_contact'],xlm_roberta_mdeberta_v1,
tunisieannonce_c5baf517a92b,tunisieannonce,0.0,positive,0.3822,0.25,19.63,normal,['external_contact'],xlm_roberta_mdeberta_v1,
tunisieannonce_c5676ea2d586,tunisieannonce,0.2519,negative,0.2903,0.55,33.99,suspect,"['urgency_detected', 'external_contact']",xlm_roberta_mdeberta_v1,
tunisieannonce_c524df88b6b0,tunisieannonce,0.0,positive,0.2707,0.0,9.47,normal,[],xlm_roberta_mdeberta_v1,
tunisieannonce_c51f09e4e6fc,tunisieannonce,0.0,positive,0.3702,0.25,19.21,normal,['external_contact'],xlm_roberta_mdeberta_v1,
tunisieannonce_c4dde0f704c2,tunisieannonce,0.1974,negative,0.3559,0.0,20.35,normal,[],xlm_roberta_mdeberta_v1,
tunisieannonce_c51618c988c3,tunisieannonce,0.2786,negative,0.3303,0.3,30.2,suspect,['urgency_detected'],xlm_roberta_mdeberta_v1,
tunisieannonce_c6158b92b889,tunisieannonce,0.0,positive,0.2543,0.0,8.9,normal,[],xlm_roberta_mdeberta_v1,
tunisieannonce_c65f566e263a,tunisieannonce,0.0,positive,0.376,0.2,18.16,normal,['no_images_suspicious'],xlm_roberta_mdeberta_v1,
tunisieannonce_c62914893ead,tunisieannonce,0.0,positive,0.3106,0.0,10.87,normal,[],xlm_roberta_mdeberta_v1,
tunisieannonce_c5cd980e85af,tunisieannonce,0.3277,negative,0.349,0.0,25.32,suspect,[],xlm_roberta_mdeberta_v1,
tunisieannonce_c5c57264984e,tunisieannonce,0.3987,negative,0.3448,0.25,34.27,suspect,['external_contact'],xlm_roberta_mdeberta_v1,
tunisieannonce_c667def3eb46,tunisieannonce,0.0,positive,0.3166,0.0,11.08,normal,[],xlm_roberta_mdeberta_v1,
tunisieannonce_c6564e44fd71,tunisieannonce,0.0,positive,0.2664,0.2,14.32,normal,['no_images_suspicious'],xlm_roberta_mdeberta_v1,
tunisieannonce_c70691ebe7f0,tunisieannonce,0.0,positive,0.3757,0.3,20.65,normal,['urgency_detected'],xlm_roberta_mdeberta_v1,
tunisieannonce_c67de2d12a40,tunisieannonce,0.0,positive,0.3325,0.0,11.64,normal,[],xlm_roberta_mdeberta_v1,
tunisieannonce_c6c4a612ad06,tunisieannonce,0.0,positive,0.3684,0.75,31.64,suspect,"['urgency_detected', 'external_contact', 'no_images_suspicious']",xlm_roberta_mdeberta_v1,
tunisieannonce_c69e13f270d4,tunisieannonce,0.0,positive,0.348,0.55,25.93,suspect,"['urgency_detected', 'external_contact']",xlm_roberta_mdeberta_v1,
tunisieannonce_c70d943ec3d5,tunisieannonce,0.6618,negative,0.4004,0.55,54.24,fraud_likely,"['urgency_detected', 'external_contact']",xlm_roberta_mdeberta_v1,"Cette annonce immobilière est suspecte en raison de son score élevé de fraude (54.2/100), sentiment négatif (score 0.66), et des flags urgence détectée et contact externe déclenchés. Le locataire est invité à contacter un numéro extérieur, ce qui peut indiquer une tentative de fraude immobilière."
tunisieannonce_c704b4986809,tunisieannonce,0.0,positive,0.3756,0.25,19.4,normal,['external_contact'],xlm_roberta_mdeberta_v1,
tunisieannonce_c687ab7ccb24,tunisieannonce,0.0,positive,0.3371,0.0,11.8,normal,[],xlm_roberta_mdeberta_v1,
tunisieannonce_c7466d13a606,tunisieannonce,0.271,negative,0.3384,0.2,27.68,suspect,['no_images_suspicious'],xlm_roberta_mdeberta_v1,
tunisieannonce_c79a3c410892,tunisieannonce,0.0719,neutral,0.3389,0.25,20.99,normal,['external_contact'],xlm_roberta_mdeberta_v1,
tunisieannonce_c7af7d438b73,tunisieannonce,0.0,positive,0.357,0.3,19.99,normal,['urgency_detected'],xlm_roberta_mdeberta_v1,
tunisieannonce_c7e1bd9319d4,tunisieannonce,0.0,positive,0.3254,0.0,11.39,normal,[],xlm_roberta_mdeberta_v1,
tunisieannonce_c7c2e37cc652,tunisieannonce,0.0,positive,0.346,0.55,25.86,suspect,"['urgency_detected', 'external_contact']",xlm_roberta_mdeberta_v1,
tunisieannonce_c7e06ee51130,tunisieannonce,0.0,positive,0.3891,0.0,13.62,normal,[],xlm_roberta_mdeberta_v1,
tunisieannonce_c7c15f866d62,tunisieannonce,0.0,positive,0.323,0.0,11.3,normal,[],xlm_roberta_mdeberta_v1,
tunisieannonce_c75298b85d9e,tunisieannonce,0.0,positive,0.3757,0.0,13.15,normal,[],xlm_roberta_mdeberta_v1,
tunisieannonce_c8b1831c4afe,tunisieannonce,0.0,positive,0.3952,0.0,13.83,normal,[],xlm_roberta_mdeberta_v1,
tunisieannonce_c886afdadfab,tunisieannonce,0.0,positive,0.2796,0.0,9.79,normal,[],xlm_roberta_mdeberta_v1,
tunisieannonce_c8b4c86a8214,tunisieannonce,0.0,positive,0.3949,0.0,13.82,normal,[],xlm_roberta_mdeberta_v1,
tunisieannonce_cf56e6e49700,tunisieannonce,0.4516,negative,0.3334,0.75,48.48,suspect,"['urgency_detected', 'external_contact', 'no_images_suspicious']",xlm_roberta_mdeberta_v1,
tunisieannonce_c7f2e2a33326,tunisieannonce,0.0,positive,0.3536,0.0,12.38,normal,[],xlm_roberta_mdeberta_v1,
tunisieannonce_c85ae82eacce,tunisieannonce,0.0,positive,0.3996,0.2,18.99,normal,['no_images_suspicious'],xlm_roberta_mdeberta_v1,
tunisieannonce_c896b75ba739,tunisieannonce,0.0,positive,0.3096,0.0,10.84,normal,[],xlm_roberta_mdeberta_v1,
tunisieannonce_c875be591ac6,tunisieannonce,0.0,positive,0.3826,0.2,18.39,normal,['no_images_suspicious'],xlm_roberta_mdeberta_v1,
tunisieannonce_c84adc4aafef,tunisieannonce,0.0,positive,0.3428,0.25,18.25,normal,['external_contact'],xlm_roberta_mdeberta_v1,
tunisieannonce_c8f87bc50092,tunisieannonce,0.0,positive,0.1612,0.0,5.64,normal,[],xlm_roberta_mdeberta_v1,
tunisieannonce_c8e14a401452,tunisieannonce,0.0,positive,0.3709,0.3,20.48,normal,['urgency_detected'],xlm_roberta_mdeberta_v1,
tunisieannonce_c8f5ce0aad1f,tunisieannonce,0.2539,negative,0.3028,0.0,20.75,normal,[],xlm_roberta_mdeberta_v1,
tunisieannonce_c8da6d26e7f0,tunisieannonce,0.0,positive,0.2873,0.0,10.06,normal,[],xlm_roberta_mdeberta_v1,
tunisieannonce_c8e54a86f8c9,tunisieannonce,0.4729,negative,0.3941,0.2,37.71,suspect,['no_images_suspicious'],xlm_roberta_mdeberta_v1,
tunisieannonce_c8c34db22f52,tunisieannonce,0.0871,neutral,0.3537,0.55,29.61,suspect,"['urgency_detected', 'external_contact']",xlm_roberta_mdeberta_v1,
tunisieannonce_c8bc3901a02b,tunisieannonce,0.0,positive,0.3461,0.2,17.11,normal,['no_images_suspicious'],xlm_roberta_mdeberta_v1,
tunisieannonce_c93ce59804d3,tunisieannonce,0.0,positive,0.3936,0.45,25.03,suspect,"['external_contact', 'no_images_suspicious']",xlm_roberta_mdeberta_v1,
tunisieannonce_c92b0df59597,tunisieannonce,0.0,positive,0.3868,0.0,13.54,normal,[],xlm_roberta_mdeberta_v1,
tunisieannonce_c948ca368b03,tunisieannonce,0.0,positive,0.3472,0.55,25.9,suspect,"['urgency_detected', 'external_contact']",xlm_roberta_mdeberta_v1,
tunisieannonce_c90f17cc1517,tunisieannonce,0.0,positive,0.3525,0.0,12.34,normal,[],xlm_roberta_mdeberta_v1,
tunisieannonce_c96e0e302a5a,tunisieannonce,0.0,positive,0.3072,0.0,10.75,normal,[],xlm_roberta_mdeberta_v1,
tunisieannonce_c9212afed157,tunisieannonce,0.0,positive,0.3668,0.55,26.59,suspect,"['urgency_detected', 'external_contact']",xlm_roberta_mdeberta_v1,
tunisieannonce_c9299471c5e0,tunisieannonce,0.0,positive,0.3739,0.0,13.09,normal,[],xlm_roberta_mdeberta_v1,
tunisieannonce_ca4b458fe306,tunisieannonce,0.0,positive,0.3483,0.25,18.44,normal,['external_contact'],xlm_roberta_mdeberta_v1,
tunisieannonce_c9c8d9abc72f,tunisieannonce,0.0,positive,0.3745,0.55,26.86,suspect,"['urgency_detected', 'external_contact']",xlm_roberta_mdeberta_v1,
tunisieannonce_ca5842042a5b,tunisieannonce,0.0,positive,0.3478,0.25,18.42,normal,['external_contact'],xlm_roberta_mdeberta_v1,
tunisieannonce_c9a47cb156ad,tunisieannonce,0.0,positive,0.4187,0.3,22.15,suspect,['urgency_detected'],xlm_roberta_mdeberta_v1,
tunisieannonce_ca41d418ad4a,tunisieannonce,0.1841,negative,0.3471,0.0,19.51,normal,[],xlm_roberta_mdeberta_v1,
tunisieannonce_cabf21a075b6,tunisieannonce,0.0,positive,0.359,0.0,12.56,normal,[],xlm_roberta_mdeberta_v1,
tunisieannonce_ca6a84cbdd2e,tunisieannonce,0.5269,negative,0.3454,0.3,40.66,suspect,['urgency_detected'],xlm_roberta_mdeberta_v1,
tunisieannonce_cae4fb0e8a1e,tunisieannonce,0.0,positive,0.3509,0.0,12.28,normal,[],xlm_roberta_mdeberta_v1,
tunisieannonce_cb61c13e97ec,tunisieannonce,0.0,positive,0.3613,0.55,26.4,suspect,"['urgency_detected', 'external_contact']",xlm_roberta_mdeberta_v1,
tunisieannonce_caaffe1a6f8d,tunisieannonce,0.0,positive,0.3398,0.0,11.89,normal,[],xlm_roberta_mdeberta_v1,
tunisieannonce_caaa5937bf81,tunisieannonce,0.0,positive,0.3378,0.0,11.82,normal,[],xlm_roberta_mdeberta_v1,
tunisieannonce_cb4e743d784f,tunisieannonce,0.0,positive,0.3755,0.0,13.14,normal,[],xlm_roberta_mdeberta_v1,
tunisieannonce_ca68e5119aab,tunisieannonce,0.0,positive,0.3591,0.0,12.57,normal,[],xlm_roberta_mdeberta_v1,
tunisieannonce_ca66e7516eee,tunisieannonce,0.0,positive,0.4035,0.25,20.37,normal,['external_contact'],xlm_roberta_mdeberta_v1,
tunisieannonce_cba130ad6cc9,tunisieannonce,0.0,positive,0.3449,0.2,17.07,normal,['no_images_suspicious'],xlm_roberta_mdeberta_v1,
tunisieannonce_cb7717bfc45d,tunisieannonce,0.0,positive,0.3277,0.0,11.47,normal,[],xlm_roberta_mdeberta_v1,
tunisieannonce_cb63d2cb41d6,tunisieannonce,0.0,positive,0.3227,0.55,25.04,suspect,"['urgency_detected', 'external_contact']",xlm_roberta_mdeberta_v1,
tunisieannonce_cbf4319fcfbd,tunisieannonce,0.0,positive,0.3518,0.3,19.81,normal,['urgency_detected'],xlm_roberta_mdeberta_v1,
tunisieannonce_cba37ec37944,tunisieannonce,0.0,positive,0.3686,0.0,12.9,normal,[],xlm_roberta_mdeberta_v1,
tunisieannonce_cc5b9822c8c7,tunisieannonce,0.5479,negative,0.3214,0.25,39.41,suspect,['external_contact'],xlm_roberta_mdeberta_v1,
tunisieannonce_cc294ef4374e,tunisieannonce,0.0,positive,0.3819,0.3,20.87,normal,['urgency_detected'],xlm_roberta_mdeberta_v1,
tunisieannonce_cd1381c3e291,tunisieannonce,0.0,positive,0.3103,0.3,18.36,normal,['urgency_detected'],xlm_roberta_mdeberta_v1,
tunisieannonce_cca84071882d,tunisieannonce,0.0,positive,0.3272,0.0,11.45,normal,[],xlm_roberta_mdeberta_v1,
tunisieannonce_cc4579f3bd79,tunisieannonce,0.0,positive,0.3623,0.25,18.93,normal,['external_contact'],xlm_roberta_mdeberta_v1,
tunisieannonce_cc5316314755,tunisieannonce,0.0,positive,0.2933,0.0,10.27,normal,[],xlm_roberta_mdeberta_v1,
tunisieannonce_ccee8068d3a5,tunisieannonce,0.0,positive,0.3235,0.0,11.32,normal,[],xlm_roberta_mdeberta_v1,
tunisieannonce_ce4b5f1a3199,tunisieannonce,0.0,positive,0.3636,0.3,20.23,normal,['urgency_detected'],xlm_roberta_mdeberta_v1,
tunisieannonce_d6ebc778c5e1,tunisieannonce,0.0,positive,0.3005,0.2,15.52,normal,['no_images_suspicious'],xlm_roberta_mdeberta_v1,
tunisieannonce_cd1dedc2c148,tunisieannonce,0.0,positive,0.3401,0.25,18.15,normal,['external_contact'],xlm_roberta_mdeberta_v1,
tunisieannonce_ce4347710539,tunisieannonce,0.0,positive,0.39,0.45,24.9,suspect,"['external_contact', 'no_images_suspicious']",xlm_roberta_mdeberta_v1,
tunisieannonce_ce5e17b5c70c,tunisieannonce,0.0,positive,0.3131,0.2,15.96,normal,['no_images_suspicious'],xlm_roberta_mdeberta_v1,
tunisieannonce_cde49c11b916,tunisieannonce,0.0,positive,0.3509,0.55,26.03,suspect,"['urgency_detected', 'external_contact']",xlm_roberta_mdeberta_v1,
tunisieannonce_cd811699453f,tunisieannonce,0.0,positive,0.3595,0.0,12.58,normal,[],xlm_roberta_mdeberta_v1,
tunisieannonce_cd3d1164d787,tunisieannonce,0.4172,negative,0.2931,0.0,26.95,suspect,[],xlm_roberta_mdeberta_v1,
tunisieannonce_ceb718bca8e8,tunisieannonce,0.0,positive,0.3409,0.0,11.93,normal,[],xlm_roberta_mdeberta_v1,
tunisieannonce_cee9b6baebf6,tunisieannonce,0.0,positive,0.3051,0.0,10.68,normal,[],xlm_roberta_mdeberta_v1,
tunisieannonce_cef2ba1fe9d1,tunisieannonce,0.0,positive,0.3508,0.0,12.28,normal,[],xlm_roberta_mdeberta_v1,
tunisieannonce_cfc8bce5fa5b,tunisieannonce,0.0,positive,0.3197,0.3,18.69,normal,['urgency_detected'],xlm_roberta_mdeberta_v1,
tunisieannonce_cf2d70233d5d,tunisieannonce,0.0,positive,0.3447,0.25,18.31,normal,['external_contact'],xlm_roberta_mdeberta_v1,
tunisieannonce_cf1ca85c26d7,tunisieannonce,0.0,positive,0.2606,0.2,14.12,normal,['no_images_suspicious'],xlm_roberta_mdeberta_v1,
tunisieannonce_cf104f053646,tunisieannonce,0.0,positive,0.3592,0.45,23.82,suspect,"['external_contact', 'no_images_suspicious']",xlm_roberta_mdeberta_v1,
tunisieannonce_cf55eededf0c,tunisieannonce,0.0,positive,0.3333,0.0,11.67,normal,[],xlm_roberta_mdeberta_v1,
tunisieannonce_cf3741bf77f2,tunisieannonce,0.0,positive,0.3741,0.25,19.34,normal,['external_contact'],xlm_roberta_mdeberta_v1,
tunisieannonce_cfa89707e361,tunisieannonce,0.5222,negative,0.3821,0.2,39.26,suspect,['no_images_suspicious'],xlm_roberta_mdeberta_v1,
tunisieannonce_cf584c21a69e,tunisieannonce,0.0,positive,0.3049,0.2,15.67,normal,['no_images_suspicious'],xlm_roberta_mdeberta_v1,
tunisieannonce_cf9455c75a33,tunisieannonce,0.2696,negative,0.3132,0.2,26.75,suspect,['no_images_suspicious'],xlm_roberta_mdeberta_v1,
tunisieannonce_cf7f8185fc2d,tunisieannonce,0.0,positive,0.3793,0.2,18.28,normal,['no_images_suspicious'],xlm_roberta_mdeberta_v1,
tunisieannonce_f1b07c331fc1,tunisieannonce,0.575,negative,0.3363,0.0,34.77,suspect,[],xlm_roberta_mdeberta_v1,
tunisieannonce_d038a14a2360,tunisieannonce,0.0,positive,0.3255,0.25,17.64,normal,['external_contact'],xlm_roberta_mdeberta_v1,
tunisieannonce_805d6f2b8515,tunisieannonce,0.0,positive,0.3438,0.0,12.03,normal,[],xlm_roberta_mdeberta_v1,
tunisieannonce_80a729254ea2,tunisieannonce,0.4511,negative,0.3637,0.25,37.02,suspect,['external_contact'],xlm_roberta_mdeberta_v1,
tunisieannonce_80c799c735fd,tunisieannonce,0.0,positive,0.3809,0.55,27.08,suspect,"['urgency_detected', 'external_contact']",xlm_roberta_mdeberta_v1,
tunisieannonce_817dfcfbc2d7,tunisieannonce,0.0,positive,0.3522,0.2,17.33,normal,['no_images_suspicious'],xlm_roberta_mdeberta_v1,
tunisieannonce_80cd418b6825,tunisieannonce,0.0,positive,0.3365,0.25,18.03,normal,['external_contact'],xlm_roberta_mdeberta_v1,
tunisieannonce_8169c45ca872,tunisieannonce,0.0,positive,0.291,0.3,17.68,normal,['urgency_detected'],xlm_roberta_mdeberta_v1,
tunisieannonce_816be171d360,tunisieannonce,0.0,positive,0.3374,0.0,11.81,normal,[],xlm_roberta_mdeberta_v1,
tunisieannonce_8223a6539294,tunisieannonce,0.0,positive,0.3514,0.0,12.3,normal,[],xlm_roberta_mdeberta_v1,
tunisieannonce_81c43847aa3a,tunisieannonce,0.0,positive,0.3774,0.3,20.71,normal,['urgency_detected'],xlm_roberta_mdeberta_v1,
tunisieannonce_82d192a2c02c,tunisieannonce,0.0868,neutral,0.3246,0.0,14.83,normal,[],xlm_roberta_mdeberta_v1,
tunisieannonce_824afcef2e1e,tunisieannonce,0.0,positive,0.3347,0.25,17.96,normal,['external_contact'],xlm_roberta_mdeberta_v1,
tunisieannonce_823a11ebee81,tunisieannonce,0.0,positive,0.336,0.0,11.76,normal,[],xlm_roberta_mdeberta_v1,
tunisieannonce_842040c9ad68,tunisieannonce,0.3578,negative,0.4102,0.0,28.67,suspect,[],xlm_roberta_mdeberta_v1,
tunisieannonce_83450115053d,tunisieannonce,0.0,positive,0.3604,0.25,18.86,normal,['external_contact'],xlm_roberta_mdeberta_v1,
tunisieannonce_84a748d7cdc2,tunisieannonce,0.0,positive,0.3938,0.25,20.03,normal,['external_contact'],xlm_roberta_mdeberta_v1,
tunisieannonce_84922976c493,tunisieannonce,0.0893,neutral,0.4038,0.55,31.45,suspect,"['urgency_detected', 'external_contact']",xlm_roberta_mdeberta_v1,
tunisieannonce_8459381bd3a2,tunisieannonce,0.0,positive,0.3636,0.2,17.73,normal,['no_images_suspicious'],xlm_roberta_mdeberta_v1,
tunisieannonce_85319bd7d697,tunisieannonce,0.0,positive,0.3981,0.2,18.93,normal,['no_images_suspicious'],xlm_roberta_mdeberta_v1,
tunisieannonce_84d6f28ea298,tunisieannonce,0.0,positive,0.4009,0.5,26.53,suspect,"['urgency_detected', 'no_images_suspicious']",xlm_roberta_mdeberta_v1,
tunisieannonce_85495587462c,tunisieannonce,0.2205,negative,0.3487,0.75,39.77,suspect,"['urgency_detected', 'external_contact', 'no_images_suspicious']",xlm_roberta_mdeberta_v1,
tunisieannonce_8569ed483c9e,tunisieannonce,0.0,positive,0.3282,0.0,11.49,normal,[],xlm_roberta_mdeberta_v1,
tunisieannonce_a13de41c6a12,tunisieannonce,0.0,positive,0.354,0.3,19.89,normal,['urgency_detected'],xlm_roberta_mdeberta_v1,
tunisieannonce_86392d0502e8,tunisieannonce,0.0,positive,0.3615,0.55,26.4,suspect,"['urgency_detected', 'external_contact']",xlm_roberta_mdeberta_v1,
tunisieannonce_864fe7ac01c0,tunisieannonce,0.2987,negative,0.3616,0.0,24.6,suspect,[],xlm_roberta_mdeberta_v1,
tunisieannonce_861772258b9e,tunisieannonce,0.0,positive,0.3127,0.0,10.94,normal,[],xlm_roberta_mdeberta_v1,
tunisieannonce_86e510028915,tunisieannonce,0.0,positive,0.3444,0.55,25.8,suspect,"['urgency_detected', 'external_contact']",xlm_roberta_mdeberta_v1,
tunisieannonce_8716f14162d6,tunisieannonce,0.0,positive,0.2989,0.8,30.46,suspect,"['urgency_detected', 'vague_description', 'external_contact']",xlm_roberta_mdeberta_v1,
tunisieannonce_86e3cb5ddd19,tunisieannonce,0.4862,negative,0.4014,0.25,39.75,suspect,['external_contact'],xlm_roberta_mdeberta_v1,
tunisieannonce_877f06003777,tunisieannonce,0.0,positive,0.3356,0.75,30.5,suspect,"['urgency_detected', 'external_contact', 'no_images_suspicious']",xlm_roberta_mdeberta_v1,
tunisieannonce_8788f40efe29,tunisieannonce,0.0,positive,0.2735,0.2,14.57,normal,['no_images_suspicious'],xlm_roberta_mdeberta_v1,
tunisieannonce_88565c3fcfcc,tunisieannonce,0.0,positive,0.3326,0.55,25.39,suspect,"['urgency_detected', 'external_contact']",xlm_roberta_mdeberta_v1,
tunisieannonce_8a0db430c52f,tunisieannonce,0.0,positive,0.3118,0.0,10.91,normal,[],xlm_roberta_mdeberta_v1,
tunisieannonce_884f571e59e7,tunisieannonce,0.0,positive,0.3195,0.0,11.18,normal,[],xlm_roberta_mdeberta_v1,
tunisieannonce_88bf6579e464,tunisieannonce,0.0,positive,0.3672,0.0,12.85,normal,[],xlm_roberta_mdeberta_v1,
tunisieannonce_88e516c4a18b,tunisieannonce,0.0,positive,0.285,0.0,9.97,normal,[],xlm_roberta_mdeberta_v1,
tunisieannonce_8904093ee250,tunisieannonce,0.0,positive,0.3319,0.75,30.37,suspect,"['urgency_detected', 'external_contact', 'no_images_suspicious']",xlm_roberta_mdeberta_v1,
tunisieannonce_89d01f10e845,tunisieannonce,0.0,positive,0.3793,0.45,24.53,suspect,"['external_contact', 'no_images_suspicious']",xlm_roberta_mdeberta_v1,
tunisieannonce_8aa7f094c458,tunisieannonce,0.0,positive,0.411,0.0,14.38,normal,[],xlm_roberta_mdeberta_v1,
tunisieannonce_8a79dcecdfc2,tunisieannonce,0.088,neutral,0.3747,0.2,21.63,suspect,['no_images_suspicious'],xlm_roberta_mdeberta_v1,
tunisieannonce_c0c7f505ab80,tunisieannonce,0.0,positive,0.3412,0.3,19.44,normal,['urgency_detected'],xlm_roberta_mdeberta_v1,
tunisieannonce_8b7cc2f6f8e2,tunisieannonce,0.0,positive,0.3842,0.55,27.2,suspect,"['urgency_detected', 'external_contact']",xlm_roberta_mdeberta_v1,
tunisieannonce_8b168c85598c,tunisieannonce,0.0,positive,0.3977,0.0,13.92,normal,[],xlm_roberta_mdeberta_v1,
tunisieannonce_8bbaaa3a3f4e,tunisieannonce,0.0,positive,0.2965,0.25,16.63,normal,['external_contact'],xlm_roberta_mdeberta_v1,
tunisieannonce_8c247d43e0cb,tunisieannonce,0.0,positive,0.3721,0.0,13.02,normal,[],xlm_roberta_mdeberta_v1,
tunisieannonce_8ce056272e95,tunisieannonce,0.0,positive,0.3348,0.0,11.72,normal,[],xlm_roberta_mdeberta_v1,
tunisieannonce_8cc7cd94e0ea,tunisieannonce,0.0,positive,0.2887,0.55,23.85,suspect,"['urgency_detected', 'external_contact']",xlm_roberta_mdeberta_v1,
tunisieannonce_8cb1891a2309,tunisieannonce,0.0,positive,0.2041,0.2,12.14,normal,['no_images_suspicious'],xlm_roberta_mdeberta_v1,
tunisieannonce_8d31f9bfd885,tunisieannonce,0.0,positive,0.3335,0.55,25.42,suspect,"['urgency_detected', 'external_contact']",xlm_roberta_mdeberta_v1,
tunisieannonce_8d07f2dd30fc,tunisieannonce,0.0,positive,0.2064,0.0,7.22,normal,[],xlm_roberta_mdeberta_v1,
tunisieannonce_8d8a88d6777c,tunisieannonce,0.0,positive,0.3239,0.55,25.09,suspect,"['urgency_detected', 'external_contact']",xlm_roberta_mdeberta_v1,
tunisieannonce_8e0e394ea5d0,tunisieannonce,0.0,positive,0.3575,0.2,17.51,normal,['no_images_suspicious'],xlm_roberta_mdeberta_v1,
tunisieannonce_8ea0c356781a,tunisieannonce,0.0,positive,0.3832,0.25,19.66,normal,['external_contact'],xlm_roberta_mdeberta_v1,
tunisieannonce_8f0aeabc6001,tunisieannonce,0.0,positive,0.3964,0.25,20.12,normal,['external_contact'],xlm_roberta_mdeberta_v1,
tunisieannonce_9143024237e6,tunisieannonce,0.0,positive,0.339,0.0,11.87,normal,[],xlm_roberta_mdeberta_v1,
tunisieannonce_910fbfbaa7c9,tunisieannonce,0.0,positive,0.3148,0.3,18.52,normal,['urgency_detected'],xlm_roberta_mdeberta_v1,
tunisieannonce_8fdd4ccb710a,tunisieannonce,0.0,positive,0.3323,0.55,25.38,suspect,"['urgency_detected', 'external_contact']",xlm_roberta_mdeberta_v1,
tunisieannonce_914475bca569,tunisieannonce,0.2447,negative,0.3114,0.0,20.69,normal,[],xlm_roberta_mdeberta_v1,
tunisieannonce_9177503ea620,tunisieannonce,0.0,positive,0.2867,0.3,17.53,normal,['urgency_detected'],xlm_roberta_mdeberta_v1,
tunisieannonce_91a2b2a2bc0d,tunisieannonce,0.0,positive,0.2986,0.2,15.45,normal,['no_images_suspicious'],xlm_roberta_mdeberta_v1,
tunisieannonce_917fd52d7f1b,tunisieannonce,0.0,positive,0.3242,0.2,16.35,normal,['no_images_suspicious'],xlm_roberta_mdeberta_v1,
tunisieannonce_91787b327f3c,tunisieannonce,0.0,positive,0.3444,0.0,12.05,normal,[],xlm_roberta_mdeberta_v1,
tunisieannonce_91ea892e9eb0,tunisieannonce,0.0,positive,0.3513,0.75,31.05,suspect,"['urgency_detected', 'external_contact', 'no_images_suspicious']",xlm_roberta_mdeberta_v1,
tunisieannonce_930ee5285e41,tunisieannonce,0.2361,negative,0.3918,0.25,29.41,suspect,['external_contact'],xlm_roberta_mdeberta_v1,
tunisieannonce_9298561954e2,tunisieannonce,0.0,positive,0.4035,0.2,19.12,normal,['no_images_suspicious'],xlm_roberta_mdeberta_v1,
tunisieannonce_920097b0c386,tunisieannonce,0.0,positive,0.409,0.55,28.06,suspect,"['urgency_detected', 'external_contact']",xlm_roberta_mdeberta_v1,
tunisieannonce_926b62ae3e42,tunisieannonce,0.0,positive,0.3286,0.5,24.0,suspect,"['urgency_detected', 'no_images_suspicious']",xlm_roberta_mdeberta_v1,
tunisieannonce_9341566120c5,tunisieannonce,0.1011,neutral,0.3365,0.55,29.57,suspect,"['urgency_detected', 'external_contact']",xlm_roberta_mdeberta_v1,
tunisieannonce_92c971ee2d2f,tunisieannonce,0.0,positive,0.2982,0.25,16.69,normal,['external_contact'],xlm_roberta_mdeberta_v1,
tunisieannonce_a6ee7d8c3e9f,tunisieannonce,0.0,positive,0.32,0.0,11.2,normal,[],xlm_roberta_mdeberta_v1,
tunisieannonce_942462b0a25b,tunisieannonce,0.0,positive,0.4409,0.2,20.43,normal,['no_images_suspicious'],xlm_roberta_mdeberta_v1,
tunisieannonce_943ec82b6f1b,tunisieannonce,0.0,positive,0.2209,0.0,7.73,normal,[],xlm_roberta_mdeberta_v1,
tunisieannonce_93f79628b803,tunisieannonce,0.0,positive,0.4237,0.25,21.08,suspect,['external_contact'],xlm_roberta_mdeberta_v1,
tunisieannonce_93e4cc665ddb,tunisieannonce,0.0,positive,0.3306,0.0,11.57,normal,[],xlm_roberta_mdeberta_v1,
tunisieannonce_94c9a4ce7722,tunisieannonce,0.0,positive,0.3068,0.0,10.74,normal,[],xlm_roberta_mdeberta_v1,
tunisieannonce_94eaf40c9c4c,tunisieannonce,0.0,positive,0.3288,0.0,11.51,normal,[],xlm_roberta_mdeberta_v1,
tunisieannonce_94c742af6d30,tunisieannonce,0.0,positive,0.3901,0.3,21.15,suspect,['urgency_detected'],xlm_roberta_mdeberta_v1,
tunisieannonce_94b6932130e8,tunisieannonce,0.0,positive,0.3867,0.0,13.53,normal,[],xlm_roberta_mdeberta_v1,
tunisieannonce_957cc89bd7b7,tunisieannonce,0.3169,negative,0.3599,0.0,25.27,suspect,[],xlm_roberta_mdeberta_v1,
tunisieannonce_95525d2f452e,tunisieannonce,0.0,positive,0.309,0.55,24.57,suspect,"['urgency_detected', 'external_contact']",xlm_roberta_mdeberta_v1,
tunisieannonce_98a05e04e781,tunisieannonce,0.0,positive,0.3217,0.55,25.01,suspect,"['urgency_detected', 'external_contact']",xlm_roberta_mdeberta_v1,
tunisieannonce_967614d9a485,tunisieannonce,0.0,positive,0.3585,0.3,20.05,normal,['urgency_detected'],xlm_roberta_mdeberta_v1,
tunisieannonce_962fcf8ba4b3,tunisieannonce,0.0,positive,0.356,0.0,12.46,normal,[],xlm_roberta_mdeberta_v1,
tunisieannonce_97d9795d50ca,tunisieannonce,0.0,positive,0.3217,0.0,11.26,normal,[],xlm_roberta_mdeberta_v1,
tunisieannonce_98c32f824d4d,tunisieannonce,0.0,positive,0.3319,0.0,11.62,normal,[],xlm_roberta_mdeberta_v1,
tunisieannonce_98c11558e072,tunisieannonce,0.0,positive,0.3308,0.75,30.33,suspect,"['urgency_detected', 'external_contact', 'no_images_suspicious']",xlm_roberta_mdeberta_v1,
tunisieannonce_99d8041b9ce2,tunisieannonce,0.0733,neutral,0.2699,0.45,23.63,suspect,"['vague_description', 'no_images_suspicious']",xlm_roberta_mdeberta_v1,
tunisieannonce_99b3a885a5e7,tunisieannonce,0.0,positive,0.3802,0.55,27.06,suspect,"['urgency_detected', 'external_contact']",xlm_roberta_mdeberta_v1,
tunisieannonce_9ba3760e13ee,tunisieannonce,0.0,positive,0.4061,0.0,14.21,normal,[],xlm_roberta_mdeberta_v1,
tunisieannonce_9ad67b998427,tunisieannonce,0.0,positive,0.3649,0.0,12.77,normal,[],xlm_roberta_mdeberta_v1,
tunisieannonce_9c2107573054,tunisieannonce,0.0,positive,0.3399,0.2,16.9,normal,['no_images_suspicious'],xlm_roberta_mdeberta_v1,
tunisieannonce_a7cab14c012b,tunisieannonce,0.4758,negative,0.315,0.0,30.06,suspect,[],xlm_roberta_mdeberta_v1,
tunisieannonce_9c674a2196a5,tunisieannonce,0.0,positive,0.3214,0.3,18.75,normal,['urgency_detected'],xlm_roberta_mdeberta_v1,
tunisieannonce_9d7b5144de6f,tunisieannonce,0.0,positive,0.3543,0.0,12.4,normal,[],xlm_roberta_mdeberta_v1,
tunisieannonce_9db87f6a4784,tunisieannonce,0.0,positive,0.3595,0.2,17.58,normal,['no_images_suspicious'],xlm_roberta_mdeberta_v1,
tunisieannonce_9e0bd18a13f4,tunisieannonce,0.0,positive,0.3956,0.3,21.35,suspect,['urgency_detected'],xlm_roberta_mdeberta_v1,
tunisieannonce_9e35c5041d19,tunisieannonce,0.4933,negative,0.3566,0.0,32.21,suspect,[],xlm_roberta_mdeberta_v1,
tunisieannonce_9df58d9d9bb8,tunisieannonce,0.0,positive,0.3285,0.0,11.5,normal,[],xlm_roberta_mdeberta_v1,
tunisieannonce_9f3a2819d99d,tunisieannonce,0.0,positive,0.3577,0.55,26.27,suspect,"['urgency_detected', 'external_contact']",xlm_roberta_mdeberta_v1,
tunisieannonce_9f56bc6336b5,tunisieannonce,0.0,positive,0.3542,0.55,26.15,suspect,"['urgency_detected', 'external_contact']",xlm_roberta_mdeberta_v1,
tunisieannonce_9f190783b36c,tunisieannonce,0.0,positive,0.3783,0.0,13.24,normal,[],xlm_roberta_mdeberta_v1,
tunisieannonce_9f630403a889,tunisieannonce,0.0,positive,0.3901,0.55,27.4,suspect,"['urgency_detected', 'external_contact']",xlm_roberta_mdeberta_v1,
tunisieannonce_9f596c59f6f7,tunisieannonce,0.0,positive,0.3464,0.3,19.62,normal,['urgency_detected'],xlm_roberta_mdeberta_v1,
tunisieannonce_9ff6561e7ea2,tunisieannonce,0.0,positive,0.342,0.0,11.97,normal,[],xlm_roberta_mdeberta_v1,
tunisieannonce_a14d2a9ef8c4,tunisieannonce,0.0,positive,0.3953,0.0,13.84,normal,[],xlm_roberta_mdeberta_v1,
tunisieannonce_a1b01372793d,tunisieannonce,0.0,positive,0.3439,0.3,19.54,normal,['urgency_detected'],xlm_roberta_mdeberta_v1,
tunisieannonce_a1f2a494b77b,tunisieannonce,0.0,positive,0.3086,0.3,18.3,normal,['urgency_detected'],xlm_roberta_mdeberta_v1,
tunisieannonce_a1e595c29df2,tunisieannonce,0.0,positive,0.3466,0.55,25.88,suspect,"['urgency_detected', 'external_contact']",xlm_roberta_mdeberta_v1,
tunisieannonce_a2d9a97c93e7,tunisieannonce,0.0,positive,0.3272,0.0,11.45,normal,[],xlm_roberta_mdeberta_v1,
tunisieannonce_a290ac09c90c,tunisieannonce,0.0,positive,0.3548,0.2,17.42,normal,['no_images_suspicious'],xlm_roberta_mdeberta_v1,
tunisieannonce_a4231a25a745,tunisieannonce,0.0,positive,0.3834,0.25,19.67,normal,['external_contact'],xlm_roberta_mdeberta_v1,
tunisieannonce_a3b50604b73c,tunisieannonce,0.0,positive,0.3088,0.75,29.56,suspect,"['urgency_detected', 'external_contact', 'no_images_suspicious']",xlm_roberta_mdeberta_v1,
tunisieannonce_a452a0d2bbd0,tunisieannonce,0.0,positive,0.3765,0.2,18.18,normal,['no_images_suspicious'],xlm_roberta_mdeberta_v1,
tunisieannonce_a330797fc8d3,tunisieannonce,0.0,positive,0.3598,0.75,31.34,suspect,"['urgency_detected', 'external_contact', 'no_images_suspicious']",xlm_roberta_mdeberta_v1,
tunisieannonce_a4a16ff32a71,tunisieannonce,0.0,positive,0.2861,0.3,17.51,normal,['urgency_detected'],xlm_roberta_mdeberta_v1,
tunisieannonce_a4d717482c57,tunisieannonce,0.0,positive,0.3861,0.25,19.76,normal,['external_contact'],xlm_roberta_mdeberta_v1,
tunisieannonce_a5b4dcf41ba8,tunisieannonce,0.0,positive,0.279,0.0,9.77,normal,[],xlm_roberta_mdeberta_v1,
tunisieannonce_a63768a6519c,tunisieannonce,0.0922,neutral,0.3434,0.5,28.21,suspect,"['urgency_detected', 'no_images_suspicious']",xlm_roberta_mdeberta_v1,
tunisieannonce_a6945f0c8c82,tunisieannonce,0.0,positive,0.3227,0.45,22.54,suspect,"['external_contact', 'no_images_suspicious']",xlm_roberta_mdeberta_v1,
tunisieannonce_a747feb952a1,tunisieannonce,0.0,positive,0.283,0.3,17.4,normal,['urgency_detected'],xlm_roberta_mdeberta_v1,
tunisieannonce_a787788c24c8,tunisieannonce,0.0,positive,0.4047,0.3,21.66,suspect,['urgency_detected'],xlm_roberta_mdeberta_v1,
tunisieannonce_a74a875bc533,tunisieannonce,0.0,positive,0.3784,0.25,19.49,normal,['external_contact'],xlm_roberta_mdeberta_v1,
tunisieannonce_a82caf022500,tunisieannonce,0.0,positive,0.2744,0.0,9.6,normal,[],xlm_roberta_mdeberta_v1,
tunisieannonce_a7e7521df88c,tunisieannonce,0.0,positive,0.3861,0.25,19.76,normal,['external_contact'],xlm_roberta_mdeberta_v1,
tunisieannonce_a82e0f47bb2a,tunisieannonce,0.0,positive,0.322,0.0,11.27,normal,[],xlm_roberta_mdeberta_v1,
tunisieannonce_a88830aa21c1,tunisieannonce,0.0,positive,0.3515,0.55,26.05,suspect,"['urgency_detected', 'external_contact']",xlm_roberta_mdeberta_v1,
tunisieannonce_a87d6a7d133d,tunisieannonce,0.0,positive,0.3986,0.3,21.45,suspect,['urgency_detected'],xlm_roberta_mdeberta_v1,
tunisieannonce_a8fd79ad8a0f,tunisieannonce,0.0,positive,0.3821,0.0,13.37,normal,[],xlm_roberta_mdeberta_v1,
tunisieannonce_a9688acef7d3,tunisieannonce,0.0,positive,0.3847,0.0,13.46,normal,[],xlm_roberta_mdeberta_v1,
tunisieannonce_a93300d95374,tunisieannonce,0.0,positive,0.3819,0.0,13.37,normal,[],xlm_roberta_mdeberta_v1,
tunisieannonce_a9eae3f5f183,tunisieannonce,0.0,positive,0.3543,0.0,12.4,normal,[],xlm_roberta_mdeberta_v1,
tunisieannonce_aa1a8762bf7c,tunisieannonce,0.0,positive,0.4006,0.55,27.77,suspect,"['urgency_detected', 'external_contact']",xlm_roberta_mdeberta_v1,
tunisieannonce_aaa2b1d126e5,tunisieannonce,0.0,positive,0.3514,0.75,31.05,suspect,"['urgency_detected', 'external_contact', 'no_images_suspicious']",xlm_roberta_mdeberta_v1,
tunisieannonce_aaa33171b956,tunisieannonce,0.0,positive,0.3996,0.3,21.49,suspect,['urgency_detected'],xlm_roberta_mdeberta_v1,
tunisieannonce_ac35ac5fafe3,tunisieannonce,0.0,positive,0.3147,0.45,22.26,suspect,"['external_contact', 'no_images_suspicious']",xlm_roberta_mdeberta_v1,
tunisieannonce_aa781fc4dfae,tunisieannonce,0.0,positive,0.3069,0.0,10.74,normal,[],xlm_roberta_mdeberta_v1,
tunisieannonce_aa8a14214fb3,tunisieannonce,0.0,positive,0.3415,0.0,11.95,normal,[],xlm_roberta_mdeberta_v1,
tunisieannonce_abc073fc113f,tunisieannonce,0.0,positive,0.3512,0.2,17.29,normal,['no_images_suspicious'],xlm_roberta_mdeberta_v1,
tunisieannonce_abb491fb0cc5,tunisieannonce,0.0,positive,0.3642,0.3,20.25,normal,['urgency_detected'],xlm_roberta_mdeberta_v1,
tunisieannonce_ab70814c8177,tunisieannonce,0.0,positive,0.3505,0.55,26.02,suspect,"['urgency_detected', 'external_contact']",xlm_roberta_mdeberta_v1,
tunisieannonce_ac2cf4a18f1d,tunisieannonce,0.0,positive,0.318,0.0,11.13,normal,[],xlm_roberta_mdeberta_v1,
tunisieannonce_ac859983a318,tunisieannonce,0.0,positive,0.3568,0.55,26.24,suspect,"['urgency_detected', 'external_contact']",xlm_roberta_mdeberta_v1,
tunisieannonce_abe6a9fafcd1,tunisieannonce,0.0,positive,0.3463,0.0,12.12,normal,[],xlm_roberta_mdeberta_v1,
tunisieannonce_ad0c61f6a93c,tunisieannonce,0.0,positive,0.4031,0.45,25.36,suspect,"['external_contact', 'no_images_suspicious']",xlm_roberta_mdeberta_v1,
tunisieannonce_ad28bf220b34,tunisieannonce,0.0,positive,0.3501,0.0,12.25,normal,[],xlm_roberta_mdeberta_v1,
tunisieannonce_ad13997d98ce,tunisieannonce,0.0,positive,0.3301,0.0,11.55,normal,[],xlm_roberta_mdeberta_v1,
tunisieannonce_ad34b2762cd9,tunisieannonce,0.0,positive,0.3603,0.3,20.11,normal,['urgency_detected'],xlm_roberta_mdeberta_v1,
tunisieannonce_ad5710dfd2cb,tunisieannonce,0.0,positive,0.4087,0.25,20.55,normal,['external_contact'],xlm_roberta_mdeberta_v1,
tunisieannonce_ad7578c18454,tunisieannonce,0.0,positive,0.3228,0.25,17.55,normal,['external_contact'],xlm_roberta_mdeberta_v1,
tunisieannonce_ae2c6f8a950c,tunisieannonce,0.2671,negative,0.3799,0.0,23.98,suspect,[],xlm_roberta_mdeberta_v1,
tunisieannonce_d2f31688a329,tunisieannonce,0.0,positive,0.3478,0.0,12.17,normal,[],xlm_roberta_mdeberta_v1,
tunisieannonce_ae0f81f4a8b5,tunisieannonce,0.0,positive,0.365,0.2,17.78,normal,['no_images_suspicious'],xlm_roberta_mdeberta_v1,
tunisieannonce_af806344657f,tunisieannonce,0.0,positive,0.371,0.55,26.73,suspect,"['urgency_detected', 'external_contact']",xlm_roberta_mdeberta_v1,
tunisieannonce_af966db0bf46,tunisieannonce,0.0,positive,0.3471,0.2,17.15,normal,['no_images_suspicious'],xlm_roberta_mdeberta_v1,
tunisieannonce_affa7b785fae,tunisieannonce,0.0,positive,0.2559,0.0,8.96,normal,[],xlm_roberta_mdeberta_v1,
tunisieannonce_b0015c8bcdc5,tunisieannonce,0.0,positive,0.3348,0.0,11.72,normal,[],xlm_roberta_mdeberta_v1,
tunisieannonce_b0279b58752d,tunisieannonce,0.0,positive,0.3309,0.0,11.58,normal,[],xlm_roberta_mdeberta_v1,
tunisieannonce_b022d79232d3,tunisieannonce,0.0,positive,0.3774,0.45,24.46,suspect,"['external_contact', 'no_images_suspicious']",xlm_roberta_mdeberta_v1,
tunisieannonce_b0119fac7cfe,tunisieannonce,0.0,positive,0.3678,0.0,12.87,normal,[],xlm_roberta_mdeberta_v1,
tunisieannonce_b0c5eaa17aa3,tunisieannonce,0.0,positive,0.3288,0.0,11.51,normal,[],xlm_roberta_mdeberta_v1,
tunisieannonce_b0b8f3a38ff7,tunisieannonce,0.0,positive,0.3458,0.55,25.85,suspect,"['urgency_detected', 'external_contact']",xlm_roberta_mdeberta_v1,
tunisieannonce_b22981c607cc,tunisieannonce,0.422,negative,0.3548,0.75,48.05,suspect,"['urgency_detected', 'external_contact', 'no_images_suspicious']",xlm_roberta_mdeberta_v1,
tunisieannonce_b18508697e46,tunisieannonce,0.0,positive,0.3504,0.55,26.01,suspect,"['urgency_detected', 'external_contact']",xlm_roberta_mdeberta_v1,
tunisieannonce_b23237e555f4,tunisieannonce,0.0,positive,0.382,0.2,18.37,normal,['no_images_suspicious'],xlm_roberta_mdeberta_v1,
tunisieannonce_b25fb5308912,tunisieannonce,0.0,positive,0.3705,0.25,19.22,normal,['external_contact'],xlm_roberta_mdeberta_v1,
tunisieannonce_b2406f6c4f2e,tunisieannonce,0.0,positive,0.2838,0.0,9.93,normal,[],xlm_roberta_mdeberta_v1,
tunisieannonce_b33291abb6fd,tunisieannonce,0.0,positive,0.2924,0.5,22.73,suspect,"['urgency_detected', 'no_images_suspicious']",xlm_roberta_mdeberta_v1,
tunisieannonce_b34ffb604913,tunisieannonce,0.0,positive,0.4005,0.25,20.27,normal,['external_contact'],xlm_roberta_mdeberta_v1,
tunisieannonce_b4a812131e46,tunisieannonce,0.0,positive,0.3093,0.75,29.58,suspect,"['urgency_detected', 'external_contact', 'no_images_suspicious']",xlm_roberta_mdeberta_v1,
tunisieannonce_b4838e34110b,tunisieannonce,0.0,positive,0.3808,0.25,19.58,normal,['external_contact'],xlm_roberta_mdeberta_v1,
tunisieannonce_b486612efec4,tunisieannonce,0.0,positive,0.2125,0.0,7.44,normal,[],xlm_roberta_mdeberta_v1,
tunisieannonce_b4ec04f7c9c7,tunisieannonce,0.0,positive,0.3711,0.3,20.49,normal,['urgency_detected'],xlm_roberta_mdeberta_v1,
tunisieannonce_b533c076d978,tunisieannonce,0.0,positive,0.3587,0.0,12.55,normal,[],xlm_roberta_mdeberta_v1,
tunisieannonce_b56921a7a22f,tunisieannonce,0.0,positive,0.3143,0.0,11.0,normal,[],xlm_roberta_mdeberta_v1,
tunisieannonce_d7f1b500cdae,tunisieannonce,0.0,positive,0.2942,0.25,16.55,normal,['external_contact'],xlm_roberta_mdeberta_v1,
tunisieannonce_b57fb4317295,tunisieannonce,0.0,positive,0.4,0.2,19.0,normal,['no_images_suspicious'],xlm_roberta_mdeberta_v1,
tunisieannonce_b6128969994a,tunisieannonce,0.0,positive,0.3991,0.55,27.72,suspect,"['urgency_detected', 'external_contact']",xlm_roberta_mdeberta_v1,
tunisieannonce_b642204fae10,tunisieannonce,0.0,positive,0.3695,0.0,12.93,normal,[],xlm_roberta_mdeberta_v1,
tunisieannonce_b65a971be8d4,tunisieannonce,0.0,positive,0.3644,0.3,20.25,normal,['urgency_detected'],xlm_roberta_mdeberta_v1,
tunisieannonce_b6329a1a87e8,tunisieannonce,0.0,positive,0.3696,0.0,12.94,normal,[],xlm_roberta_mdeberta_v1,
tunisieannonce_b69206f8f799,tunisieannonce,0.0,positive,0.3859,0.5,26.01,suspect,"['urgency_detected', 'no_images_suspicious']",xlm_roberta_mdeberta_v1,
tunisieannonce_b706d42e085c,tunisieannonce,0.0,positive,0.353,0.3,19.85,normal,['urgency_detected'],xlm_roberta_mdeberta_v1,
tunisieannonce_b67c2d9dde59,tunisieannonce,0.0,positive,0.3496,0.55,25.99,suspect,"['urgency_detected', 'external_contact']",xlm_roberta_mdeberta_v1,
tunisieannonce_b7c8627a88fc,tunisieannonce,0.0,positive,0.3828,0.55,27.15,suspect,"['urgency_detected', 'external_contact']",xlm_roberta_mdeberta_v1,
tunisieannonce_b7e51664b0a4,tunisieannonce,0.0,positive,0.296,0.55,24.11,suspect,"['urgency_detected', 'external_contact']",xlm_roberta_mdeberta_v1,
tunisieannonce_b7ead478b019,tunisieannonce,0.0,positive,0.3702,0.55,26.71,suspect,"['urgency_detected', 'external_contact']",xlm_roberta_mdeberta_v1,
tunisieannonce_b8145b1758a4,tunisieannonce,0.0,positive,0.3201,0.2,16.2,normal,['no_images_suspicious'],xlm_roberta_mdeberta_v1,
tunisieannonce_b964213632ec,tunisieannonce,0.0,positive,0.3307,0.0,11.57,normal,[],xlm_roberta_mdeberta_v1,
tunisieannonce_b9a535693b32,tunisieannonce,0.0,positive,0.3304,0.45,22.81,suspect,"['external_contact', 'no_images_suspicious']",xlm_roberta_mdeberta_v1,
tunisieannonce_ba009db074ff,tunisieannonce,0.0,positive,0.3791,0.0,13.27,normal,[],xlm_roberta_mdeberta_v1,
tunisieannonce_ba15f36dd97d,tunisieannonce,0.0,positive,0.36,0.55,26.35,suspect,"['urgency_detected', 'external_contact']",xlm_roberta_mdeberta_v1,
tunisieannonce_b9dbfc8ba171,tunisieannonce,0.0,positive,0.3177,0.0,11.12,normal,[],xlm_roberta_mdeberta_v1,
tunisieannonce_bab963606a82,tunisieannonce,0.0,positive,0.3793,0.25,19.53,normal,['external_contact'],xlm_roberta_mdeberta_v1,
tunisieannonce_bad1ed80c9d5,tunisieannonce,0.0,positive,0.3914,0.45,24.95,suspect,"['external_contact', 'no_images_suspicious']",xlm_roberta_mdeberta_v1,
tunisieannonce_ba526f92afa9,tunisieannonce,0.0,positive,0.3565,0.0,12.48,normal,[],xlm_roberta_mdeberta_v1,
tunisieannonce_bb36b6f1feef,tunisieannonce,0.0,positive,0.3764,0.0,13.17,normal,[],xlm_roberta_mdeberta_v1,
tunisieannonce_bb9613b25b67,tunisieannonce,0.0,positive,0.3596,0.45,23.84,suspect,"['external_contact', 'no_images_suspicious']",xlm_roberta_mdeberta_v1,
tunisieannonce_bcb8642adfb8,tunisieannonce,0.2953,negative,0.377,0.0,25.01,suspect,[],xlm_roberta_mdeberta_v1,
tunisieannonce_bc13d3852208,tunisieannonce,0.0,positive,0.3251,0.25,17.63,normal,['external_contact'],xlm_roberta_mdeberta_v1,
tunisieannonce_bda595972c5c,tunisieannonce,0.2223,negative,0.3906,0.5,35.06,suspect,"['urgency_detected', 'no_images_suspicious']",xlm_roberta_mdeberta_v1,
tunisieannonce_bdafb92047ef,tunisieannonce,0.0,positive,0.3433,0.2,17.02,normal,['no_images_suspicious'],xlm_roberta_mdeberta_v1,
tunisieannonce_bcfae60dcdc2,tunisieannonce,0.0,positive,0.2556,0.0,8.95,normal,[],xlm_roberta_mdeberta_v1,
tunisieannonce_be5540b47f5b,tunisieannonce,0.0,positive,0.4086,0.2,19.3,normal,['no_images_suspicious'],xlm_roberta_mdeberta_v1,
tunisieannonce_be53e3c4ff68,tunisieannonce,0.0,positive,0.3541,0.55,26.14,suspect,"['urgency_detected', 'external_contact']",xlm_roberta_mdeberta_v1,
tunisieannonce_be96d32f74ef,tunisieannonce,0.0,positive,0.3243,0.0,11.35,normal,[],xlm_roberta_mdeberta_v1,
tunisieannonce_d812e8a03d1d,tunisieannonce,0.2817,negative,0.3578,0.5,36.29,suspect,"['urgency_detected', 'no_images_suspicious']",xlm_roberta_mdeberta_v1,
tunisieannonce_bed97384fc98,tunisieannonce,0.0,positive,0.3335,0.0,11.67,normal,[],xlm_roberta_mdeberta_v1,
tunisieannonce_bf40234cdae0,tunisieannonce,0.0,positive,0.3581,0.0,12.53,normal,[],xlm_roberta_mdeberta_v1,
tunisieannonce_bf51024c6ad3,tunisieannonce,0.0,positive,0.3427,0.25,18.24,normal,['external_contact'],xlm_roberta_mdeberta_v1,
tunisieannonce_c0278887cb61,tunisieannonce,0.0,positive,0.3832,0.2,18.41,normal,['no_images_suspicious'],xlm_roberta_mdeberta_v1,
tunisieannonce_c0431e9fbefe,tunisieannonce,0.0,positive,0.3601,0.25,18.85,normal,['external_contact'],xlm_roberta_mdeberta_v1,
tunisieannonce_c0d2ecee14a0,tunisieannonce,0.4363,negative,0.3346,0.25,35.41,suspect,['external_contact'],xlm_roberta_mdeberta_v1,
tunisieannonce_c120cedfd17a,tunisieannonce,0.0,positive,0.3388,0.55,25.61,suspect,"['urgency_detected', 'external_contact']",xlm_roberta_mdeberta_v1,
tunisieannonce_c18a6b03510c,tunisieannonce,0.0,positive,0.3728,0.0,13.05,normal,[],xlm_roberta_mdeberta_v1,
tunisieannonce_c17c381a103f,tunisieannonce,0.0,positive,0.3745,0.25,19.36,normal,['external_contact'],xlm_roberta_mdeberta_v1,
tunisieannonce_c19f24f3cd53,tunisieannonce,0.0,positive,0.3181,0.2,16.13,normal,['no_images_suspicious'],xlm_roberta_mdeberta_v1,
tunisieannonce_c1c0354dbc00,tunisieannonce,0.0,positive,0.3566,0.2,17.48,normal,['no_images_suspicious'],xlm_roberta_mdeberta_v1,
tunisieannonce_c1e705a70abf,tunisieannonce,0.0,positive,0.2743,0.3,17.1,normal,['urgency_detected'],xlm_roberta_mdeberta_v1,
tunisieannonce_c2d800afa96c,tunisieannonce,0.0,positive,0.3524,0.45,23.58,suspect,"['external_contact', 'no_images_suspicious']",xlm_roberta_mdeberta_v1,
tunisieannonce_c32234da694e,tunisieannonce,0.3838,negative,0.3497,0.0,27.59,suspect,[],xlm_roberta_mdeberta_v1,
tunisieannonce_c2d9e0bc09bb,tunisieannonce,0.0,positive,0.3626,0.0,12.69,normal,[],xlm_roberta_mdeberta_v1,
tunisieannonce_c2dde2ab88e7,tunisieannonce,0.0,positive,0.4131,0.0,14.46,normal,[],xlm_roberta_mdeberta_v1,
tunisieannonce_c3734a31cd52,tunisieannonce,0.0,positive,0.3632,0.3,20.21,normal,['urgency_detected'],xlm_roberta_mdeberta_v1,
tunisieannonce_c3f9603cfb1b,tunisieannonce,0.0,positive,0.3633,0.55,26.47,suspect,"['urgency_detected', 'external_contact']",xlm_roberta_mdeberta_v1,
tunisieannonce_c3a3d24eec4d,tunisieannonce,0.0,positive,0.3336,0.25,17.93,normal,['external_contact'],xlm_roberta_mdeberta_v1,
tunisieannonce_c48836fad02e,tunisieannonce,0.0,positive,0.4329,0.25,21.4,suspect,['external_contact'],xlm_roberta_mdeberta_v1,
tunisieannonce_c434c1b7fee8,tunisieannonce,0.0,positive,0.3389,0.25,18.11,normal,['external_contact'],xlm_roberta_mdeberta_v1,
tunisieannonce_c5f63bff8db3,tunisieannonce,0.0,positive,0.3135,0.0,10.97,normal,[],xlm_roberta_mdeberta_v1,
tunisieannonce_c46c59dae716,tunisieannonce,0.2848,negative,0.3174,0.0,22.5,suspect,[],xlm_roberta_mdeberta_v1,
tunisieannonce_c4f4bb2e6b03,tunisieannonce,0.0846,neutral,0.3532,0.0,15.75,normal,[],xlm_roberta_mdeberta_v1,
tunisieannonce_c4da413bfd7d,tunisieannonce,0.0,positive,0.1787,0.0,6.25,normal,[],xlm_roberta_mdeberta_v1,
tunisieannonce_c584d1dd4cd5,tunisieannonce,0.0,positive,0.3549,0.45,23.67,suspect,"['external_contact', 'no_images_suspicious']",xlm_roberta_mdeberta_v1,
tunisieannonce_c64f78463188,tunisieannonce,0.0,positive,0.347,0.0,12.14,normal,[],xlm_roberta_mdeberta_v1,
tunisieannonce_c62c652d0976,tunisieannonce,0.2457,negative,0.3364,0.55,35.35,suspect,"['urgency_detected', 'external_contact']",xlm_roberta_mdeberta_v1,
tunisieannonce_c6c568dbb6d4,tunisieannonce,0.0,positive,0.3558,0.2,17.45,normal,['no_images_suspicious'],xlm_roberta_mdeberta_v1,
tunisieannonce_c729d370c670,tunisieannonce,0.0,positive,0.3849,0.0,13.47,normal,[],xlm_roberta_mdeberta_v1,
tunisieannonce_c786d9b20328,tunisieannonce,0.0,positive,0.3688,0.0,12.91,normal,[],xlm_roberta_mdeberta_v1,
tunisieannonce_c796fe40bf98,tunisieannonce,0.0,positive,0.3617,0.0,12.66,normal,[],xlm_roberta_mdeberta_v1,
tunisieannonce_c9982fea1b30,tunisieannonce,0.0,positive,0.3628,0.25,18.95,normal,['external_contact'],xlm_roberta_mdeberta_v1,
tunisieannonce_c7571d8e7be3,tunisieannonce,0.0,positive,0.3558,0.3,19.95,normal,['urgency_detected'],xlm_roberta_mdeberta_v1,
tunisieannonce_c8764eea5d99,tunisieannonce,0.0,positive,0.3671,0.55,26.6,suspect,"['urgency_detected', 'external_contact']",xlm_roberta_mdeberta_v1,
tunisieannonce_c80df33751c3,tunisieannonce,0.0,positive,0.3373,0.25,18.06,normal,['external_contact'],xlm_roberta_mdeberta_v1,
tunisieannonce_c8b6d20fdb6e,tunisieannonce,0.2629,negative,0.3383,0.0,22.36,suspect,[],xlm_roberta_mdeberta_v1,
tunisieannonce_c90638612ae4,tunisieannonce,0.0,positive,0.353,0.0,12.35,normal,[],xlm_roberta_mdeberta_v1,
tunisieannonce_c96308696bfe,tunisieannonce,0.0,positive,0.3233,0.2,16.32,normal,['no_images_suspicious'],xlm_roberta_mdeberta_v1,
tunisieannonce_c9ebb6f7e2d9,tunisieannonce,0.0,positive,0.3811,0.25,19.59,normal,['external_contact'],xlm_roberta_mdeberta_v1,
tunisieannonce_c98857297873,tunisieannonce,0.0,positive,0.3079,0.3,18.28,normal,['urgency_detected'],xlm_roberta_mdeberta_v1,
tunisieannonce_c9ad145e05e6,tunisieannonce,0.3876,negative,0.3571,0.2,33.0,suspect,['no_images_suspicious'],xlm_roberta_mdeberta_v1,
tunisieannonce_ca597a4f2e87,tunisieannonce,0.0,positive,0.2286,0.0,8.0,normal,[],xlm_roberta_mdeberta_v1,
tunisieannonce_cacced1be0e8,tunisieannonce,0.0,positive,0.3303,0.0,11.56,normal,[],xlm_roberta_mdeberta_v1,
tunisieannonce_cbb3a3a15424,tunisieannonce,0.0,positive,0.3295,0.25,17.78,normal,['external_contact'],xlm_roberta_mdeberta_v1,
tunisieannonce_cbee5feea895,tunisieannonce,0.0,positive,0.3274,0.0,11.46,normal,[],xlm_roberta_mdeberta_v1,
tunisieannonce_cb9a5043af52,tunisieannonce,0.0,positive,0.3139,0.0,10.99,normal,[],xlm_roberta_mdeberta_v1,
tunisieannonce_cbf251aa77a0,tunisieannonce,0.0,positive,0.391,0.0,13.69,normal,[],xlm_roberta_mdeberta_v1,
tunisieannonce_cce26098f218,tunisieannonce,0.0,positive,0.3576,0.25,18.77,normal,['external_contact'],xlm_roberta_mdeberta_v1,
tunisieannonce_cc52ad1147ba,tunisieannonce,0.0,positive,0.3609,0.0,12.63,normal,[],xlm_roberta_mdeberta_v1,
tunisieannonce_ce69745f4c8d,tunisieannonce,0.0,positive,0.3608,0.25,18.88,normal,['external_contact'],xlm_roberta_mdeberta_v1,
tunisieannonce_cd38b5a8dfe1,tunisieannonce,0.0,positive,0.3778,0.45,24.47,suspect,"['external_contact', 'no_images_suspicious']",xlm_roberta_mdeberta_v1,
tunisieannonce_ce70805a17dd,tunisieannonce,0.0,positive,0.3759,0.0,13.16,normal,[],xlm_roberta_mdeberta_v1,
tunisieannonce_ce80579c8d98,tunisieannonce,0.0,positive,0.2664,0.0,9.32,normal,[],xlm_roberta_mdeberta_v1,
tunisieannonce_cee19a119575,tunisieannonce,0.0,positive,0.3539,0.75,31.14,suspect,"['urgency_detected', 'external_contact', 'no_images_suspicious']",xlm_roberta_mdeberta_v1,
tunisieannonce_cee2df0ea2de,tunisieannonce,0.0,positive,0.3003,0.5,23.01,suspect,"['urgency_detected', 'no_images_suspicious']",xlm_roberta_mdeberta_v1,
tunisieannonce_cf30dfb96af1,tunisieannonce,0.0,positive,0.2901,0.2,15.15,normal,['no_images_suspicious'],xlm_roberta_mdeberta_v1,
tunisieannonce_cf3b344010cf,tunisieannonce,0.0,positive,0.3858,0.5,26.0,suspect,"['urgency_detected', 'no_images_suspicious']",xlm_roberta_mdeberta_v1,
tunisieannonce_cf5c1d3a77bb,tunisieannonce,0.0,positive,0.3954,0.0,13.84,normal,[],xlm_roberta_mdeberta_v1,
tunisieannonce_d072354bc8d2,tunisieannonce,0.0,positive,0.2603,0.0,9.11,normal,[],xlm_roberta_mdeberta_v1,
tunisieannonce_d02ba1045133,tunisieannonce,0.0,positive,0.3856,0.0,13.5,normal,[],xlm_roberta_mdeberta_v1,
tunisieannonce_cffb93775ca9,tunisieannonce,0.0,positive,0.4078,0.2,19.27,normal,['no_images_suspicious'],xlm_roberta_mdeberta_v1,
tunisieannonce_d0ebe66a1b58,tunisieannonce,0.0,positive,0.2988,0.3,17.96,normal,['urgency_detected'],xlm_roberta_mdeberta_v1,
tunisieannonce_d1297cf1a24c,tunisieannonce,0.0,positive,0.2394,0.0,8.38,normal,[],xlm_roberta_mdeberta_v1,
tunisieannonce_d1987d53c08b,tunisieannonce,0.0,positive,0.324,0.55,25.09,suspect,"['urgency_detected', 'external_contact']",xlm_roberta_mdeberta_v1,
tunisieannonce_d225bdf0c130,tunisieannonce,0.0,positive,0.3536,0.3,19.88,normal,['urgency_detected'],xlm_roberta_mdeberta_v1,
tunisieannonce_d14dc9623bd9,tunisieannonce,0.0,positive,0.3472,0.3,19.65,normal,['urgency_detected'],xlm_roberta_mdeberta_v1,
tunisieannonce_d2ed16290867,tunisieannonce,0.0,positive,0.3852,0.0,13.48,normal,[],xlm_roberta_mdeberta_v1,
tunisieannonce_d293424f2d34,tunisieannonce,0.0,positive,0.3658,0.75,31.55,suspect,"['urgency_detected', 'external_contact', 'no_images_suspicious']",xlm_roberta_mdeberta_v1,
tunisieannonce_d2725f40e2bc,tunisieannonce,0.0,positive,0.358,0.55,26.28,suspect,"['urgency_detected', 'external_contact']",xlm_roberta_mdeberta_v1,
tunisieannonce_d353cf441dd1,tunisieannonce,0.0,positive,0.3701,0.0,12.95,normal,[],xlm_roberta_mdeberta_v1,
tunisieannonce_d39793b33a2d,tunisieannonce,0.0,positive,0.3751,0.25,19.38,normal,['external_contact'],xlm_roberta_mdeberta_v1,
tunisieannonce_d5062918e147,tunisieannonce,0.0,positive,0.3481,0.45,23.43,suspect,"['external_contact', 'no_images_suspicious']",xlm_roberta_mdeberta_v1,
tunisieannonce_d43b669b41a8,tunisieannonce,0.2672,negative,0.3245,0.2,27.05,suspect,['no_images_suspicious'],xlm_roberta_mdeberta_v1,
tunisieannonce_da3a9a7b80b9,tunisieannonce,0.0,positive,0.411,0.25,20.63,normal,['external_contact'],xlm_roberta_mdeberta_v1,
tunisieannonce_d41a262f02a2,tunisieannonce,0.0,positive,0.4355,0.45,26.49,suspect,"['external_contact', 'no_images_suspicious']",xlm_roberta_mdeberta_v1,
tunisieannonce_d506fad0fc56,tunisieannonce,0.0,positive,0.4149,0.2,19.52,normal,['no_images_suspicious'],xlm_roberta_mdeberta_v1,
tunisieannonce_d5324447ff0e,tunisieannonce,0.0,positive,0.3508,0.55,26.03,suspect,"['urgency_detected', 'external_contact']",xlm_roberta_mdeberta_v1,
tunisieannonce_d5cf927c3a14,tunisieannonce,0.0,positive,0.3703,0.55,26.71,suspect,"['urgency_detected', 'external_contact']",xlm_roberta_mdeberta_v1,
tunisieannonce_d60634c5ef5d,tunisieannonce,0.0,positive,0.3835,0.45,24.67,suspect,"['external_contact', 'no_images_suspicious']",xlm_roberta_mdeberta_v1,
tunisieannonce_dc213a1c06b1,tunisieannonce,0.0,positive,0.2891,0.25,16.37,normal,['external_contact'],xlm_roberta_mdeberta_v1,
tunisieannonce_d63e28d0f029,tunisieannonce,0.0,positive,0.3972,0.45,25.15,suspect,"['external_contact', 'no_images_suspicious']",xlm_roberta_mdeberta_v1,
tunisieannonce_d70f7f1e15ca,tunisieannonce,0.0,positive,0.3337,0.0,11.68,normal,[],xlm_roberta_mdeberta_v1,
tunisieannonce_d77376259aa8,tunisieannonce,0.0,positive,0.2687,0.0,9.4,normal,[],xlm_roberta_mdeberta_v1,
tunisieannonce_d71c7dc2083c,tunisieannonce,0.0,positive,0.3247,0.25,17.61,normal,['external_contact'],xlm_roberta_mdeberta_v1,
tunisieannonce_d7ae28d32e89,tunisieannonce,0.0,positive,0.414,0.0,14.49,normal,[],xlm_roberta_mdeberta_v1,
tunisieannonce_d7ed8783ecbe,tunisieannonce,0.0,positive,0.3907,0.0,13.67,normal,[],xlm_roberta_mdeberta_v1,
tunisieannonce_d83ea51c8d09,tunisieannonce,0.3722,negative,0.3364,0.0,26.66,suspect,[],xlm_roberta_mdeberta_v1,
tunisieannonce_d8cb02881935,tunisieannonce,0.5331,negative,0.4026,0.55,49.17,suspect,"['urgency_detected', 'external_contact']",xlm_roberta_mdeberta_v1,
tunisieannonce_d89cd5b5007d,tunisieannonce,0.0,positive,0.3506,0.0,12.27,normal,[],xlm_roberta_mdeberta_v1,
tunisieannonce_d847ed510f0d,tunisieannonce,0.0,positive,0.3505,0.2,17.27,normal,['no_images_suspicious'],xlm_roberta_mdeberta_v1,
tunisieannonce_dd3ecd383596,tunisieannonce,0.0,positive,0.3519,0.0,12.32,normal,[],xlm_roberta_mdeberta_v1,
tunisieannonce_d82f1a97da72,tunisieannonce,0.0,positive,0.3233,0.2,16.32,normal,['no_images_suspicious'],xlm_roberta_mdeberta_v1,
tunisieannonce_d9192c45c09c,tunisieannonce,0.0,positive,0.2059,0.55,20.96,normal,"['urgency_detected', 'external_contact']",xlm_roberta_mdeberta_v1,
tunisieannonce_d90b8ef2cdc8,tunisieannonce,0.0,positive,0.2891,0.25,16.37,normal,['external_contact'],xlm_roberta_mdeberta_v1,
tunisieannonce_d9111200f681,tunisieannonce,0.0,positive,0.32,0.25,17.45,normal,['external_contact'],xlm_roberta_mdeberta_v1,
tunisieannonce_da2745dc2f0a,tunisieannonce,0.0,positive,0.3814,0.25,19.6,normal,['external_contact'],xlm_roberta_mdeberta_v1,
tunisieannonce_da94e139395d,tunisieannonce,0.0,positive,0.3617,0.75,31.41,suspect,"['urgency_detected', 'external_contact', 'no_images_suspicious']",xlm_roberta_mdeberta_v1,
tunisieannonce_db5f4652e111,tunisieannonce,0.0,positive,0.3498,0.0,12.24,normal,[],xlm_roberta_mdeberta_v1,
tunisieannonce_dc0ca9717a3a,tunisieannonce,0.0,positive,0.3421,0.2,16.97,normal,['no_images_suspicious'],xlm_roberta_mdeberta_v1,
tunisieannonce_dad3cf08a511,tunisieannonce,0.0,positive,0.3696,0.45,24.19,suspect,"['external_contact', 'no_images_suspicious']",xlm_roberta_mdeberta_v1,
tunisieannonce_dc7056ed1195,tunisieannonce,0.0,positive,0.3542,0.55,26.15,suspect,"['urgency_detected', 'external_contact']",xlm_roberta_mdeberta_v1,
tunisieannonce_dc4d1b378189,tunisieannonce,0.0,positive,0.3032,0.55,24.36,suspect,"['urgency_detected', 'external_contact']",xlm_roberta_mdeberta_v1,
tunisieannonce_dcf63aaba4b4,tunisieannonce,0.0,positive,0.3479,0.3,19.68,normal,['urgency_detected'],xlm_roberta_mdeberta_v1,
tunisieannonce_dda2ad61515f,tunisieannonce,0.0902,neutral,0.436,0.2,23.87,suspect,['no_images_suspicious'],xlm_roberta_mdeberta_v1,
tunisieannonce_dd80263a4d56,tunisieannonce,0.0,positive,0.3243,0.0,11.35,normal,[],xlm_roberta_mdeberta_v1,
tunisieannonce_de0fc46e0895,tunisieannonce,0.0,positive,0.3935,0.25,20.02,normal,['external_contact'],xlm_roberta_mdeberta_v1,
tunisieannonce_de201c7178b0,tunisieannonce,0.0,positive,0.3778,0.25,19.47,normal,['external_contact'],xlm_roberta_mdeberta_v1,
tunisieannonce_df6153f5ffbe,tunisieannonce,0.0,positive,0.3324,0.25,17.88,normal,['external_contact'],xlm_roberta_mdeberta_v1,
tunisieannonce_dee741a67962,tunisieannonce,0.0,positive,0.3495,0.55,25.98,suspect,"['urgency_detected', 'external_contact']",xlm_roberta_mdeberta_v1,
tunisieannonce_df62c79d6569,tunisieannonce,0.0,positive,0.3312,0.25,17.84,normal,['external_contact'],xlm_roberta_mdeberta_v1,
tunisieannonce_e0fb69e107ca,tunisieannonce,0.0,positive,0.2631,0.0,9.21,normal,[],xlm_roberta_mdeberta_v1,
tunisieannonce_e0538f77fe3c,tunisieannonce,0.0,positive,0.3987,0.25,20.2,normal,['external_contact'],xlm_roberta_mdeberta_v1,
tunisieannonce_e15a63fc850f,tunisieannonce,0.0,positive,0.3669,0.75,31.59,suspect,"['urgency_detected', 'external_contact', 'no_images_suspicious']",xlm_roberta_mdeberta_v1,
tunisieannonce_e162b8600fa8,tunisieannonce,0.0,positive,0.3074,0.0,10.76,normal,[],xlm_roberta_mdeberta_v1,
tunisieannonce_e1a2c34f4968,tunisieannonce,0.078,neutral,0.3589,0.0,15.68,normal,[],xlm_roberta_mdeberta_v1,
tunisieannonce_e1674e039c5c,tunisieannonce,0.0,positive,0.3933,0.25,20.02,normal,['external_contact'],xlm_roberta_mdeberta_v1,
tunisieannonce_e15bc3b8ade9,tunisieannonce,0.0,positive,0.2818,0.2,14.86,normal,['no_images_suspicious'],xlm_roberta_mdeberta_v1,
tunisieannonce_e251eb00a43c,tunisieannonce,0.0,positive,0.3169,0.5,23.59,suspect,"['urgency_detected', 'no_images_suspicious']",xlm_roberta_mdeberta_v1,
tunisieannonce_e24a38ad6539,tunisieannonce,0.0,positive,0.3699,0.25,19.2,normal,['external_contact'],xlm_roberta_mdeberta_v1,
tunisieannonce_e24c775a4e42,tunisieannonce,0.0,positive,0.242,0.3,15.97,normal,['urgency_detected'],xlm_roberta_mdeberta_v1,
tunisieannonce_e2edd43f3c8d,tunisieannonce,0.0,positive,0.2802,0.75,28.56,suspect,"['urgency_detected', 'external_contact', 'no_images_suspicious']",xlm_roberta_mdeberta_v1,
tunisieannonce_e8fdd15fd04e,tunisieannonce,0.0,positive,0.3666,0.0,12.83,normal,[],xlm_roberta_mdeberta_v1,
tunisieannonce_e43816d9935c,tunisieannonce,0.0,positive,0.3618,0.2,17.66,normal,['no_images_suspicious'],xlm_roberta_mdeberta_v1,
tunisieannonce_e435486a26a2,tunisieannonce,0.0764,neutral,0.37,0.75,34.76,suspect,"['urgency_detected', 'external_contact', 'no_images_suspicious']",xlm_roberta_mdeberta_v1,
tunisieannonce_e463bc0c3ede,tunisieannonce,0.0,positive,0.3216,0.3,18.76,normal,['urgency_detected'],xlm_roberta_mdeberta_v1,
tunisieannonce_e4cd69214cb2,tunisieannonce,0.0,positive,0.3592,0.2,17.57,normal,['no_images_suspicious'],xlm_roberta_mdeberta_v1,
tunisieannonce_e509a468ab82,tunisieannonce,0.0,positive,0.3605,0.55,26.37,suspect,"['urgency_detected', 'external_contact']",xlm_roberta_mdeberta_v1,
tunisieannonce_e520c053a7f9,tunisieannonce,0.0,positive,0.353,0.2,17.35,normal,['no_images_suspicious'],xlm_roberta_mdeberta_v1,
tunisieannonce_e5896d727484,tunisieannonce,0.0,positive,0.3643,0.3,20.25,normal,['urgency_detected'],xlm_roberta_mdeberta_v1,
tunisieannonce_e52afc362e98,tunisieannonce,0.0,positive,0.329,0.0,11.52,normal,[],xlm_roberta_mdeberta_v1,
tunisieannonce_e5be8124bba9,tunisieannonce,0.0,positive,0.3516,0.5,24.81,suspect,"['urgency_detected', 'no_images_suspicious']",xlm_roberta_mdeberta_v1,
tunisieannonce_e6c5fe83727e,tunisieannonce,0.0,positive,0.3432,0.25,18.26,normal,['external_contact'],xlm_roberta_mdeberta_v1,
tunisieannonce_e6e40ad60c38,tunisieannonce,0.0,positive,0.3336,0.75,30.43,suspect,"['urgency_detected', 'external_contact', 'no_images_suspicious']",xlm_roberta_mdeberta_v1,
tunisieannonce_e75cd1d34069,tunisieannonce,0.2151,negative,0.3631,0.0,21.31,suspect,[],xlm_roberta_mdeberta_v1,
tunisieannonce_e7a3e60bfc3d,tunisieannonce,0.0,positive,0.3847,0.75,32.21,suspect,"['urgency_detected', 'external_contact', 'no_images_suspicious']",xlm_roberta_mdeberta_v1,
tunisieannonce_e7e59dbe18d9,tunisieannonce,0.0,positive,0.2766,0.2,14.68,normal,['no_images_suspicious'],xlm_roberta_mdeberta_v1,
tunisieannonce_e7bc47deafb9,tunisieannonce,0.0,positive,0.3555,0.3,19.94,normal,['urgency_detected'],xlm_roberta_mdeberta_v1,
tunisieannonce_e823ceb05f62,tunisieannonce,0.0,positive,0.3602,0.2,17.61,normal,['no_images_suspicious'],xlm_roberta_mdeberta_v1,
tunisieannonce_e863a63ba0f5,tunisieannonce,0.0,positive,0.3032,0.5,23.11,suspect,"['urgency_detected', 'no_images_suspicious']",xlm_roberta_mdeberta_v1,
tunisieannonce_e86e9a70251f,tunisieannonce,0.0,positive,0.3,0.25,16.75,normal,['external_contact'],xlm_roberta_mdeberta_v1,
tunisieannonce_e8e6c9757d83,tunisieannonce,0.0,positive,0.3427,0.2,16.99,normal,['no_images_suspicious'],xlm_roberta_mdeberta_v1,
tunisieannonce_e86814e2785e,tunisieannonce,0.0,positive,0.3768,0.45,24.44,suspect,"['external_contact', 'no_images_suspicious']",xlm_roberta_mdeberta_v1,
tunisieannonce_e96d6bf3cde0,tunisieannonce,0.4209,negative,0.3548,0.25,35.5,suspect,['external_contact'],xlm_roberta_mdeberta_v1,
tunisieannonce_e9f173c6a21c,tunisieannonce,0.0,positive,0.3854,0.0,13.49,normal,[],xlm_roberta_mdeberta_v1,
tunisieannonce_eaf4c2dfe8f9,tunisieannonce,0.0,positive,0.3377,0.0,11.82,normal,[],xlm_roberta_mdeberta_v1,
tunisieannonce_eb4a1e362773,tunisieannonce,0.0,positive,0.3707,0.0,12.97,normal,[],xlm_roberta_mdeberta_v1,
tunisieannonce_eae1dff35db6,tunisieannonce,0.0,positive,0.3669,0.0,12.84,normal,[],xlm_roberta_mdeberta_v1,
tunisieannonce_ead846eb49ca,tunisieannonce,0.0,positive,0.3597,0.0,12.59,normal,[],xlm_roberta_mdeberta_v1,
tunisieannonce_ea6be3bd6a5a,tunisieannonce,0.0,positive,0.3601,0.55,26.35,suspect,"['urgency_detected', 'external_contact']",xlm_roberta_mdeberta_v1,
tunisieannonce_ebf1a2781425,tunisieannonce,0.0,positive,0.4084,0.0,14.29,normal,[],xlm_roberta_mdeberta_v1,
tunisieannonce_eb60ac9017c1,tunisieannonce,0.0,positive,0.422,0.0,14.77,normal,[],xlm_roberta_mdeberta_v1,
tunisieannonce_eb4e4fe154c7,tunisieannonce,0.0898,neutral,0.3561,0.0,16.06,normal,[],xlm_roberta_mdeberta_v1,
tunisieannonce_ed6c74c651af,tunisieannonce,0.0,positive,0.3667,0.0,12.83,normal,[],xlm_roberta_mdeberta_v1,
tunisieannonce_edbbcda9cf7b,tunisieannonce,0.0,positive,0.3011,0.3,18.04,normal,['urgency_detected'],xlm_roberta_mdeberta_v1,
tunisieannonce_edcd8730922a,tunisieannonce,0.0,positive,0.3562,0.0,12.47,normal,[],xlm_roberta_mdeberta_v1,
tunisieannonce_ee112ace7485,tunisieannonce,0.0,positive,0.3661,0.25,19.06,normal,['external_contact'],xlm_roberta_mdeberta_v1,
tunisieannonce_ee7ce7755fa6,tunisieannonce,0.0,positive,0.3793,0.0,13.28,normal,[],xlm_roberta_mdeberta_v1,
tunisieannonce_ee2531eeb12c,tunisieannonce,0.0,positive,0.3394,0.55,25.63,suspect,"['urgency_detected', 'external_contact']",xlm_roberta_mdeberta_v1,
tunisieannonce_ee8aa9960716,tunisieannonce,0.0995,neutral,0.3076,0.2,19.75,normal,['no_images_suspicious'],xlm_roberta_mdeberta_v1,
tunisieannonce_eec1f544795c,tunisieannonce,0.0,positive,0.3531,0.3,19.86,normal,['urgency_detected'],xlm_roberta_mdeberta_v1,
tunisieannonce_ef3117b1baf9,tunisieannonce,0.0,positive,0.314,0.55,24.74,suspect,"['urgency_detected', 'external_contact']",xlm_roberta_mdeberta_v1,
tunisieannonce_ef245867a363,tunisieannonce,0.3228,negative,0.3304,0.2,29.48,suspect,['no_images_suspicious'],xlm_roberta_mdeberta_v1,
tunisieannonce_efb8484d8329,tunisieannonce,0.0,positive,0.386,0.75,32.26,suspect,"['urgency_detected', 'external_contact', 'no_images_suspicious']",xlm_roberta_mdeberta_v1,
tunisieannonce_f0060b2bd2d5,tunisieannonce,0.0,positive,0.4353,0.55,28.99,suspect,"['urgency_detected', 'external_contact']",xlm_roberta_mdeberta_v1,
tunisieannonce_ef7ae81cb8f7,tunisieannonce,0.0,positive,0.3102,0.55,24.61,suspect,"['urgency_detected', 'external_contact']",xlm_roberta_mdeberta_v1,
tunisieannonce_f06f7df4498c,tunisieannonce,0.0,positive,0.385,0.0,13.47,normal,[],xlm_roberta_mdeberta_v1,
tunisieannonce_f05f2939bba9,tunisieannonce,0.0,positive,0.3562,0.0,12.47,normal,[],xlm_roberta_mdeberta_v1,
tunisieannonce_f027154ab45a,tunisieannonce,0.0,positive,0.3765,0.0,13.18,normal,[],xlm_roberta_mdeberta_v1,
tunisieannonce_f0dd6205dc59,tunisieannonce,0.0,positive,0.2978,0.0,10.42,normal,[],xlm_roberta_mdeberta_v1,
tunisieannonce_f102e7831f5e,tunisieannonce,0.0,positive,0.416,0.45,25.81,suspect,"['external_contact', 'no_images_suspicious']",xlm_roberta_mdeberta_v1,
tunisieannonce_f093a48d7b31,tunisieannonce,0.0,positive,0.3738,0.0,13.08,normal,[],xlm_roberta_mdeberta_v1,
tunisieannonce_f10715cdc6b9,tunisieannonce,0.0,positive,0.2891,0.25,16.37,normal,['external_contact'],xlm_roberta_mdeberta_v1,
tunisieannonce_f2316dd1e4c9,tunisieannonce,0.0,positive,0.3289,0.45,22.76,suspect,"['external_contact', 'no_images_suspicious']",xlm_roberta_mdeberta_v1,
tunisieannonce_f236f6880fa8,tunisieannonce,0.0,positive,0.3258,0.55,25.15,suspect,"['urgency_detected', 'external_contact']",xlm_roberta_mdeberta_v1,
tunisieannonce_f1b453f7a6a8,tunisieannonce,0.0,positive,0.3896,0.25,19.89,normal,['external_contact'],xlm_roberta_mdeberta_v1,
tunisieannonce_f23bf7a61676,tunisieannonce,0.2516,negative,0.3,0.45,31.81,suspect,"['vague_description', 'no_images_suspicious']",xlm_roberta_mdeberta_v1,
tunisieannonce_f2d516c5cb62,tunisieannonce,0.0,positive,0.3398,0.25,18.14,normal,['external_contact'],xlm_roberta_mdeberta_v1,
tunisieannonce_f38d12183bda,tunisieannonce,0.4828,negative,0.3803,0.0,32.62,suspect,[],xlm_roberta_mdeberta_v1,
tunisieannonce_f32e4d912c4c,tunisieannonce,0.0,positive,0.358,0.3,20.03,normal,['urgency_detected'],xlm_roberta_mdeberta_v1,
tunisieannonce_f495bcd23ec4,tunisieannonce,0.0,positive,0.3246,0.2,16.36,normal,['no_images_suspicious'],xlm_roberta_mdeberta_v1,
tunisieannonce_f3e80d950386,tunisieannonce,0.0,positive,0.3545,0.0,12.41,normal,[],xlm_roberta_mdeberta_v1,
tunisieannonce_f44d75b4d2a7,tunisieannonce,0.0,positive,0.325,0.55,25.12,suspect,"['urgency_detected', 'external_contact']",xlm_roberta_mdeberta_v1,
tunisieannonce_f4443b088c7a,tunisieannonce,0.0916,neutral,0.3566,0.0,16.14,normal,[],xlm_roberta_mdeberta_v1,
tunisieannonce_f4f1189de9e9,tunisieannonce,0.0,positive,0.391,0.0,13.69,normal,[],xlm_roberta_mdeberta_v1,
tunisieannonce_f51e47af7462,tunisieannonce,0.0,positive,0.3707,0.0,12.97,normal,[],xlm_roberta_mdeberta_v1,
tunisieannonce_f520b793092c,tunisieannonce,0.0,positive,0.3531,0.0,12.36,normal,[],xlm_roberta_mdeberta_v1,
tunisieannonce_f55dd760ec92,tunisieannonce,0.0,positive,0.3114,0.0,10.9,normal,[],xlm_roberta_mdeberta_v1,
tunisieannonce_f559e089d0e4,tunisieannonce,0.0,positive,0.4319,0.75,33.87,suspect,"['urgency_detected', 'external_contact', 'no_images_suspicious']",xlm_roberta_mdeberta_v1,
tunisieannonce_f56aa1594451,tunisieannonce,0.0,positive,0.3581,0.5,25.03,suspect,"['urgency_detected', 'no_images_suspicious']",xlm_roberta_mdeberta_v1,
tunisieannonce_f654f18dd65b,tunisieannonce,0.0,positive,0.3454,0.3,19.59,normal,['urgency_detected'],xlm_roberta_mdeberta_v1,
tunisieannonce_f62dbb95e1c1,tunisieannonce,0.0,positive,0.2583,0.0,9.04,normal,[],xlm_roberta_mdeberta_v1,
tunisieannonce_f705ce4fd65d,tunisieannonce,0.0,positive,0.4107,0.45,25.62,suspect,"['external_contact', 'no_images_suspicious']",xlm_roberta_mdeberta_v1,
tunisieannonce_f6e47b617f4e,tunisieannonce,0.0,positive,0.3537,0.55,26.13,suspect,"['urgency_detected', 'external_contact']",xlm_roberta_mdeberta_v1,
tunisieannonce_f85054e263e3,tunisieannonce,0.0,positive,0.2905,0.0,10.17,normal,[],xlm_roberta_mdeberta_v1,
tunisieannonce_f886a7622052,tunisieannonce,0.0,positive,0.1975,0.3,14.41,normal,['urgency_detected'],xlm_roberta_mdeberta_v1,
tunisieannonce_f8753e837204,tunisieannonce,0.0,positive,0.3583,0.3,20.04,normal,['urgency_detected'],xlm_roberta_mdeberta_v1,
tunisieannonce_fa1a7d5eacaa,tunisieannonce,0.0,positive,0.3119,0.0,10.92,normal,[],xlm_roberta_mdeberta_v1,
tunisieannonce_fa311696db20,tunisieannonce,0.0,positive,0.3891,0.5,26.12,suspect,"['urgency_detected', 'no_images_suspicious']",xlm_roberta_mdeberta_v1,
tunisieannonce_fa5ebd3e1f9b,tunisieannonce,0.0,positive,0.338,0.75,30.58,suspect,"['urgency_detected', 'external_contact', 'no_images_suspicious']",xlm_roberta_mdeberta_v1,
tunisieannonce_fb98ee861dd3,tunisieannonce,0.0,positive,0.4023,0.25,20.33,normal,['external_contact'],xlm_roberta_mdeberta_v1,
tunisieannonce_fb72ccbe0b92,tunisieannonce,0.0,positive,0.3694,0.3,20.43,normal,['urgency_detected'],xlm_roberta_mdeberta_v1,
tunisieannonce_fc00e23bbc90,tunisieannonce,0.0,positive,0.4007,0.75,32.77,suspect,"['urgency_detected', 'external_contact', 'no_images_suspicious']",xlm_roberta_mdeberta_v1,
tunisieannonce_fb514d268c86,tunisieannonce,0.0,positive,0.4181,0.0,14.63,normal,[],xlm_roberta_mdeberta_v1,
tunisieannonce_fc42ac955de3,tunisieannonce,0.0,positive,0.3879,0.45,24.83,suspect,"['external_contact', 'no_images_suspicious']",xlm_roberta_mdeberta_v1,
tunisieannonce_fca723f4431d,tunisieannonce,0.0,positive,0.3654,0.0,12.79,normal,[],xlm_roberta_mdeberta_v1,
tunisieannonce_fc2bcfb04129,tunisieannonce,0.0,positive,0.4156,0.55,28.3,suspect,"['urgency_detected', 'external_contact']",xlm_roberta_mdeberta_v1,
tunisieannonce_fdc3dfac9ac7,tunisieannonce,0.0,positive,0.4042,0.45,25.4,suspect,"['external_contact', 'no_images_suspicious']",xlm_roberta_mdeberta_v1,
tunisieannonce_fcc381bc8951,tunisieannonce,0.0,positive,0.4021,0.25,20.32,normal,['external_contact'],xlm_roberta_mdeberta_v1,
tunisieannonce_fce4319dfbdc,tunisieannonce,0.0,positive,0.3724,0.55,26.78,suspect,"['urgency_detected', 'external_contact']",xlm_roberta_mdeberta_v1,
tunisieannonce_fe88d51390d9,tunisieannonce,0.3284,negative,0.395,0.55,40.71,suspect,"['urgency_detected', 'external_contact']",xlm_roberta_mdeberta_v1,
tunisieannonce_feb90d3e6137,tunisieannonce,0.18,negative,0.3622,0.0,19.88,normal,[],xlm_roberta_mdeberta_v1,
tunisieannonce_ff91b0a4a576,tunisieannonce,0.0,positive,0.3398,0.45,23.14,suspect,"['external_contact', 'no_images_suspicious']",xlm_roberta_mdeberta_v1,
tunisieannonce_ff97cdf117d8,tunisieannonce,0.0,positive,0.3567,0.3,19.98,normal,['urgency_detected'],xlm_roberta_mdeberta_v1,
verdar_124576,verdar,0.2386,negative,0.306,0.25,26.5,suspect,['vague_description'],xlm_roberta_mdeberta_v1,
verdar_40687,verdar,0.3243,negative,0.318,0.45,35.35,suspect,"['vague_description', 'no_images_suspicious']",xlm_roberta_mdeberta_v1,
zitouna_immo_3316,zitouna_immo,0.0,positive,0.3353,0.0,11.74,normal,[],xlm_roberta_mdeberta_v1,
zitouna_immo_6458,zitouna_immo,0.0,positive,0.2521,0.0,8.82,normal,[],xlm_roberta_mdeberta_v1,
zitouna_immo_5804,zitouna_immo,0.0,positive,0.246,0.0,8.61,normal,[],xlm_roberta_mdeberta_v1,
zitouna_immo_6434,zitouna_immo,0.0,positive,0.2637,0.2,14.23,normal,['no_images_suspicious'],xlm_roberta_mdeberta_v1,
zitouna_immo_5518,zitouna_immo,0.0,positive,0.3277,0.0,11.47,normal,[],xlm_roberta_mdeberta_v1,
zitouna_immo_6548,zitouna_immo,0.0,positive,0.25,0.0,8.75,normal,[],xlm_roberta_mdeberta_v1,
zitouna_immo_6538,zitouna_immo,0.0,positive,0.3514,0.2,17.3,normal,['no_images_suspicious'],xlm_roberta_mdeberta_v1,
tunisieannonce_d027ed840a4a,tunisieannonce,0.0,positive,0.3565,0.3,19.98,normal,['urgency_detected'],xlm_roberta_mdeberta_v1,
tunisieannonce_d08332be323b,tunisieannonce,0.0,positive,0.3575,0.2,17.51,normal,['no_images_suspicious'],xlm_roberta_mdeberta_v1,
tunisieannonce_d56ff8fc3ecc,tunisieannonce,0.0,positive,0.3593,0.45,23.83,suspect,"['external_contact', 'no_images_suspicious']",xlm_roberta_mdeberta_v1,
tunisieannonce_d0b6abc66c02,tunisieannonce,0.2438,negative,0.3742,0.0,22.85,suspect,[],xlm_roberta_mdeberta_v1,
tunisieannonce_d05031f6d9dd,tunisieannonce,0.5638,negative,0.4032,0.25,42.91,suspect,['external_contact'],xlm_roberta_mdeberta_v1,
tunisieannonce_d0bb58c8ae4b,tunisieannonce,0.0,positive,0.2956,0.0,10.35,normal,[],xlm_roberta_mdeberta_v1,
tunisieannonce_d00b0538fade,tunisieannonce,0.2808,negative,0.3839,0.25,30.92,suspect,['external_contact'],xlm_roberta_mdeberta_v1,
tunisieannonce_d1ae283d6ea3,tunisieannonce,0.0,positive,0.3088,0.0,10.81,normal,[],xlm_roberta_mdeberta_v1,
tunisieannonce_d1808b51bf08,tunisieannonce,0.0,positive,0.3005,0.0,10.52,normal,[],xlm_roberta_mdeberta_v1,
tunisieannonce_d169429fab3e,tunisieannonce,0.0,positive,0.4389,0.45,26.61,suspect,"['external_contact', 'no_images_suspicious']",xlm_roberta_mdeberta_v1,
tunisieannonce_d0fd8086fdeb,tunisieannonce,0.0,positive,0.3573,0.55,26.26,suspect,"['urgency_detected', 'external_contact']",xlm_roberta_mdeberta_v1,
tunisieannonce_d17d710bdd39,tunisieannonce,0.0,positive,0.3354,0.2,16.74,normal,['no_images_suspicious'],xlm_roberta_mdeberta_v1,
tunisieannonce_d26120a0b294,tunisieannonce,0.0,positive,0.3706,0.0,12.97,normal,[],xlm_roberta_mdeberta_v1,
tunisieannonce_d22f8d99482a,tunisieannonce,0.0,positive,0.3609,0.25,18.88,normal,['external_contact'],xlm_roberta_mdeberta_v1,
tunisieannonce_d2ae34950763,tunisieannonce,0.0,positive,0.3284,0.0,11.49,normal,[],xlm_roberta_mdeberta_v1,
tunisieannonce_d23b38f36e34,tunisieannonce,0.0,positive,0.3025,0.2,15.59,normal,['no_images_suspicious'],xlm_roberta_mdeberta_v1,
tunisieannonce_d2c0829fd5ee,tunisieannonce,0.0,positive,0.3398,0.2,16.89,normal,['no_images_suspicious'],xlm_roberta_mdeberta_v1,
tunisieannonce_e307d451eeb5,tunisieannonce,0.0,positive,0.3056,0.45,21.95,suspect,"['external_contact', 'no_images_suspicious']",xlm_roberta_mdeberta_v1,
tunisieannonce_d2424087c9f7,tunisieannonce,0.0,positive,0.3108,0.0,10.88,normal,[],xlm_roberta_mdeberta_v1,
tunisieannonce_d3b769365efa,tunisieannonce,0.0804,neutral,0.3687,0.0,16.12,normal,[],xlm_roberta_mdeberta_v1,
tunisieannonce_d3c19b04635d,tunisieannonce,0.0,positive,0.3373,0.5,24.31,suspect,"['urgency_detected', 'no_images_suspicious']",xlm_roberta_mdeberta_v1,
tunisieannonce_d31d8ce95a85,tunisieannonce,0.0,positive,0.3258,0.3,18.9,normal,['urgency_detected'],xlm_roberta_mdeberta_v1,
tunisieannonce_d38daa049260,tunisieannonce,0.0,positive,0.3312,0.0,11.59,normal,[],xlm_roberta_mdeberta_v1,
tunisieannonce_d309dc69cec0,tunisieannonce,0.0,positive,0.3514,0.0,12.3,normal,[],xlm_roberta_mdeberta_v1,
tunisieannonce_d3b54964c1cb,tunisieannonce,0.5346,negative,0.359,0.25,40.2,suspect,['external_contact'],xlm_roberta_mdeberta_v1,
tunisieannonce_d31fb8f5bb01,tunisieannonce,0.0,positive,0.3289,0.25,17.76,normal,['external_contact'],xlm_roberta_mdeberta_v1,
tunisieannonce_d307a3e2c840,tunisieannonce,0.0,positive,0.3304,0.25,17.81,normal,['external_contact'],xlm_roberta_mdeberta_v1,
tunisieannonce_d40d7d7f1e00,tunisieannonce,0.0,positive,0.3655,0.3,20.29,normal,['urgency_detected'],xlm_roberta_mdeberta_v1,
tunisieannonce_d46da00ddae0,tunisieannonce,0.0,positive,0.2513,0.0,8.8,normal,[],xlm_roberta_mdeberta_v1,
tunisieannonce_d4666176a974,tunisieannonce,0.3245,negative,0.3708,0.55,39.71,suspect,"['urgency_detected', 'external_contact']",xlm_roberta_mdeberta_v1,
tunisieannonce_d3d1a35487fe,tunisieannonce,0.0,positive,0.3317,0.0,11.61,normal,[],xlm_roberta_mdeberta_v1,
tunisieannonce_d3ceaad8328e,tunisieannonce,0.0,positive,0.3536,0.2,17.38,normal,['no_images_suspicious'],xlm_roberta_mdeberta_v1,
tunisieannonce_d3e62cd12fc2,tunisieannonce,0.0753,neutral,0.4017,0.25,23.32,suspect,['external_contact'],xlm_roberta_mdeberta_v1,
tunisieannonce_d4130b77c452,tunisieannonce,0.5247,negative,0.3709,0.3,41.47,suspect,['urgency_detected'],xlm_roberta_mdeberta_v1,
tunisieannonce_d5904fde4f46,tunisieannonce,0.0,positive,0.3708,0.2,17.98,normal,['no_images_suspicious'],xlm_roberta_mdeberta_v1,
tunisieannonce_d5e99cbfe737,tunisieannonce,0.0,positive,0.3707,0.0,12.97,normal,[],xlm_roberta_mdeberta_v1,
tunisieannonce_d57ef64a9b76,tunisieannonce,0.2412,negative,0.3317,0.0,21.26,suspect,[],xlm_roberta_mdeberta_v1,
tunisieannonce_d5f5f14b3389,tunisieannonce,0.0,positive,0.2862,0.0,10.02,normal,[],xlm_roberta_mdeberta_v1,
tunisieannonce_d5d784a4024e,tunisieannonce,0.0,positive,0.4012,0.55,27.79,suspect,"['urgency_detected', 'external_contact']",xlm_roberta_mdeberta_v1,
tunisieannonce_d643c7701da2,tunisieannonce,0.0,positive,0.3639,0.55,26.49,suspect,"['urgency_detected', 'external_contact']",xlm_roberta_mdeberta_v1,
tunisieannonce_d5f8cc2ce1b8,tunisieannonce,0.0,positive,0.3707,0.0,12.97,normal,[],xlm_roberta_mdeberta_v1,
tunisieannonce_d67684422ae9,tunisieannonce,0.0,positive,0.3357,0.2,16.75,normal,['no_images_suspicious'],xlm_roberta_mdeberta_v1,
tunisieannonce_d66152602b4c,tunisieannonce,0.0,positive,0.3431,0.0,12.01,normal,[],xlm_roberta_mdeberta_v1,
tunisieannonce_d641804f6def,tunisieannonce,0.0,positive,0.3651,0.0,12.78,normal,[],xlm_roberta_mdeberta_v1,
tunisieannonce_d61fd05d7195,tunisieannonce,0.0,positive,0.337,0.25,18.05,normal,['external_contact'],xlm_roberta_mdeberta_v1,
tunisieannonce_d67ac8436b5a,tunisieannonce,0.0906,neutral,0.3738,0.2,21.71,suspect,['no_images_suspicious'],xlm_roberta_mdeberta_v1,
tunisieannonce_d7786fa23358,tunisieannonce,0.2139,negative,0.3218,0.0,19.82,normal,[],xlm_roberta_mdeberta_v1,
tunisieannonce_d7068e9d57ed,tunisieannonce,0.0,positive,0.3238,0.55,25.08,suspect,"['urgency_detected', 'external_contact']",xlm_roberta_mdeberta_v1,
tunisieannonce_d773249bfd01,tunisieannonce,0.2383,negative,0.3401,0.55,35.19,suspect,"['urgency_detected', 'external_contact']",xlm_roberta_mdeberta_v1,
tunisieannonce_d6f96933e8e4,tunisieannonce,0.0,positive,0.3795,0.25,19.53,normal,['external_contact'],xlm_roberta_mdeberta_v1,
tunisieannonce_d7cbb482f5ea,tunisieannonce,0.0,positive,0.3647,0.0,12.76,normal,[],xlm_roberta_mdeberta_v1,
tunisieannonce_d775feac8da7,tunisieannonce,0.0,positive,0.359,0.25,18.81,normal,['external_contact'],xlm_roberta_mdeberta_v1,
tunisieannonce_d742b35978bc,tunisieannonce,0.0,positive,0.3297,0.0,11.54,normal,[],xlm_roberta_mdeberta_v1,
tunisieannonce_d7333a5f57cb,tunisieannonce,0.4598,negative,0.3667,0.2,36.23,suspect,['no_images_suspicious'],xlm_roberta_mdeberta_v1,
tunisieannonce_d7c07dc3a6cd,tunisieannonce,0.0693,neutral,0.3599,0.0,15.37,normal,[],xlm_roberta_mdeberta_v1,
tunisieannonce_d7dcf13a2f6a,tunisieannonce,0.0,positive,0.3602,0.0,12.61,normal,[],xlm_roberta_mdeberta_v1,
tunisieannonce_d791f5dbc32e,tunisieannonce,0.0,positive,0.326,0.0,11.41,normal,[],xlm_roberta_mdeberta_v1,
tunisieannonce_d7cbb4968424,tunisieannonce,0.5451,negative,0.3828,0.0,35.2,suspect,[],xlm_roberta_mdeberta_v1,
tunisieannonce_d81cd9dfdf75,tunisieannonce,0.3701,negative,0.3865,0.2,33.33,suspect,['no_images_suspicious'],xlm_roberta_mdeberta_v1,
tunisieannonce_d8d3f2b412ab,tunisieannonce,0.2749,negative,0.3291,0.45,33.76,suspect,"['vague_description', 'no_images_suspicious']",xlm_roberta_mdeberta_v1,
tunisieannonce_d8443be2bbe3,tunisieannonce,0.0,positive,0.364,0.0,12.74,normal,[],xlm_roberta_mdeberta_v1,
tunisieannonce_d87639cb1be8,tunisieannonce,0.5649,negative,0.3244,0.25,40.2,suspect,['external_contact'],xlm_roberta_mdeberta_v1,
tunisieannonce_d8cbc646dc3c,tunisieannonce,0.0,positive,0.3291,0.0,11.52,normal,[],xlm_roberta_mdeberta_v1,
tunisieannonce_d83938bf9429,tunisieannonce,0.095,neutral,0.3382,0.25,21.89,suspect,['external_contact'],xlm_roberta_mdeberta_v1,
tunisieannonce_d93fe0030d86,tunisieannonce,0.0,positive,0.2888,0.55,23.86,suspect,"['urgency_detected', 'external_contact']",xlm_roberta_mdeberta_v1,
tunisieannonce_d8f60d8a881c,tunisieannonce,0.0,positive,0.3746,0.0,13.11,normal,[],xlm_roberta_mdeberta_v1,
tunisieannonce_d9190797412f,tunisieannonce,0.0,positive,0.3799,0.0,13.3,normal,[],xlm_roberta_mdeberta_v1,
tunisieannonce_d92329ab20f0,tunisieannonce,0.0,positive,0.3573,0.2,17.51,normal,['no_images_suspicious'],xlm_roberta_mdeberta_v1,
tunisieannonce_d9161954dd61,tunisieannonce,0.0,positive,0.3177,0.25,17.37,normal,['external_contact'],xlm_roberta_mdeberta_v1,
tunisieannonce_d8ea40350ec5,tunisieannonce,0.0,positive,0.3555,0.45,23.69,suspect,"['external_contact', 'no_images_suspicious']",xlm_roberta_mdeberta_v1,
tunisieannonce_d98b113d42b4,tunisieannonce,0.0,positive,0.3588,0.0,12.56,normal,[],xlm_roberta_mdeberta_v1,
tunisieannonce_da4a06fe9b76,tunisieannonce,0.091,neutral,0.3698,0.3,24.08,suspect,['urgency_detected'],xlm_roberta_mdeberta_v1,
tunisieannonce_d9b68400c595,tunisieannonce,0.0,positive,0.3736,0.55,26.83,suspect,"['urgency_detected', 'external_contact']",xlm_roberta_mdeberta_v1,
tunisieannonce_da2cb99e600d,tunisieannonce,0.0,positive,0.3096,0.0,10.84,normal,[],xlm_roberta_mdeberta_v1,
tunisieannonce_d9e5f908e148,tunisieannonce,0.0,positive,0.3812,0.55,27.09,suspect,"['urgency_detected', 'external_contact']",xlm_roberta_mdeberta_v1,
tunisieannonce_da2b07839c8c,tunisieannonce,0.4017,negative,0.3512,0.25,34.61,suspect,['external_contact'],xlm_roberta_mdeberta_v1,
tunisieannonce_da5288e146f7,tunisieannonce,0.0744,neutral,0.3897,0.0,16.62,normal,[],xlm_roberta_mdeberta_v1,
tunisieannonce_da03e7286e64,tunisieannonce,0.2412,negative,0.3317,0.0,21.26,suspect,[],xlm_roberta_mdeberta_v1,
tunisieannonce_dbc4d9a65414,tunisieannonce,0.0,positive,0.3537,0.55,26.13,suspect,"['urgency_detected', 'external_contact']",xlm_roberta_mdeberta_v1,
tunisieannonce_db359af98363,tunisieannonce,0.0,positive,0.3509,0.5,24.78,suspect,"['urgency_detected', 'no_images_suspicious']",xlm_roberta_mdeberta_v1,
tunisieannonce_dbbe6933dcb4,tunisieannonce,0.0,positive,0.4097,0.0,14.34,normal,[],xlm_roberta_mdeberta_v1,
tunisieannonce_dabc1eb2d660,tunisieannonce,0.0,positive,0.3187,0.2,16.15,normal,['no_images_suspicious'],xlm_roberta_mdeberta_v1,
tunisieannonce_dbe7f384c87a,tunisieannonce,0.0,positive,0.3779,0.0,13.23,normal,[],xlm_roberta_mdeberta_v1,
tunisieannonce_db2bae061fae,tunisieannonce,0.0,positive,0.2801,0.0,9.8,normal,[],xlm_roberta_mdeberta_v1,
tunisieannonce_dc1e390cc57e,tunisieannonce,0.0,positive,0.4047,0.45,25.41,suspect,"['external_contact', 'no_images_suspicious']",xlm_roberta_mdeberta_v1,
tunisieannonce_dc0f123ebfed,tunisieannonce,0.0,positive,0.3479,0.55,25.93,suspect,"['urgency_detected', 'external_contact']",xlm_roberta_mdeberta_v1,
tunisieannonce_dc789e1e9e7d,tunisieannonce,0.0,positive,0.4061,0.25,20.46,normal,['external_contact'],xlm_roberta_mdeberta_v1,
tunisieannonce_dc4fd21dd5f6,tunisieannonce,0.0,positive,0.3344,0.25,17.95,normal,['external_contact'],xlm_roberta_mdeberta_v1,
tunisieannonce_dc9ea37d008e,tunisieannonce,0.0,positive,0.3623,0.45,23.93,suspect,"['external_contact', 'no_images_suspicious']",xlm_roberta_mdeberta_v1,
tunisieannonce_dc73964beb79,tunisieannonce,0.0708,neutral,0.3198,0.55,27.77,suspect,"['urgency_detected', 'external_contact']",xlm_roberta_mdeberta_v1,
tunisieannonce_dc5009485d76,tunisieannonce,0.0,positive,0.33,0.0,11.55,normal,[],xlm_roberta_mdeberta_v1,
tunisieannonce_dcf9cd7dea90,tunisieannonce,0.0,positive,0.3201,0.55,24.95,suspect,"['urgency_detected', 'external_contact']",xlm_roberta_mdeberta_v1,
tunisieannonce_dcb8638c32c6,tunisieannonce,0.0,positive,0.2831,0.0,9.91,normal,[],xlm_roberta_mdeberta_v1,
tunisieannonce_de7b89f31f6f,tunisieannonce,0.0,positive,0.366,0.0,12.81,normal,[],xlm_roberta_mdeberta_v1,
tunisieannonce_dcc4a7a67cba,tunisieannonce,0.0,positive,0.3453,0.3,19.59,normal,['urgency_detected'],xlm_roberta_mdeberta_v1,
tunisieannonce_dd4c0ef97e62,tunisieannonce,0.0,positive,0.3609,0.25,18.88,normal,['external_contact'],xlm_roberta_mdeberta_v1,
tunisieannonce_dd073c31419d,tunisieannonce,0.0,positive,0.3388,0.75,30.61,suspect,"['urgency_detected', 'external_contact', 'no_images_suspicious']",xlm_roberta_mdeberta_v1,
tunisieannonce_dd485185e789,tunisieannonce,0.2588,negative,0.3249,0.45,32.97,suspect,"['vague_description', 'no_images_suspicious']",xlm_roberta_mdeberta_v1,
tunisieannonce_dd65c2b82a0b,tunisieannonce,0.0,positive,0.3302,0.25,17.81,normal,['external_contact'],xlm_roberta_mdeberta_v1,
tunisieannonce_dd0145ba7850,tunisieannonce,0.0,positive,0.3166,0.3,18.58,normal,['urgency_detected'],xlm_roberta_mdeberta_v1,
tunisieannonce_e3e6f8ce6a68,tunisieannonce,0.0,positive,0.3184,0.55,24.89,suspect,"['urgency_detected', 'external_contact']",xlm_roberta_mdeberta_v1,
tunisieannonce_ddd95273f93e,tunisieannonce,0.2892,negative,0.3165,0.25,28.9,suspect,['external_contact'],xlm_roberta_mdeberta_v1,
tunisieannonce_de00dc07a4fe,tunisieannonce,0.0,positive,0.3662,0.3,20.32,normal,['urgency_detected'],xlm_roberta_mdeberta_v1,
tunisieannonce_de0b20b93a19,tunisieannonce,0.4576,negative,0.3317,0.2,34.91,suspect,['no_images_suspicious'],xlm_roberta_mdeberta_v1,
tunisieannonce_dde374b82344,tunisieannonce,0.4149,negative,0.3466,0.0,28.73,suspect,[],xlm_roberta_mdeberta_v1,
tunisieannonce_dd85b97b9214,tunisieannonce,0.0,positive,0.3191,0.45,22.42,suspect,"['external_contact', 'no_images_suspicious']",xlm_roberta_mdeberta_v1,
tunisieannonce_dde91a616e46,tunisieannonce,0.0877,neutral,0.3456,0.2,20.6,normal,['no_images_suspicious'],xlm_roberta_mdeberta_v1,
tunisieannonce_de0b414db052,tunisieannonce,0.4432,negative,0.3669,0.45,41.82,suspect,"['external_contact', 'no_images_suspicious']",xlm_roberta_mdeberta_v1,
tunisieannonce_de747a3f5382,tunisieannonce,0.65,negative,0.3228,0.25,43.55,suspect,['external_contact'],xlm_roberta_mdeberta_v1,
tunisieannonce_de928394dda1,tunisieannonce,0.0,positive,0.3121,0.0,10.92,normal,[],xlm_roberta_mdeberta_v1,
tunisieannonce_de0fd9f6879f,tunisieannonce,0.4506,negative,0.3623,0.55,44.45,suspect,"['urgency_detected', 'external_contact']",xlm_roberta_mdeberta_v1,
tunisieannonce_e46c9ed31853,tunisieannonce,0.0,positive,0.3438,0.0,12.03,normal,[],xlm_roberta_mdeberta_v1,
tunisieannonce_de25cf25f347,tunisieannonce,0.0,positive,0.3109,0.25,17.13,normal,['external_contact'],xlm_roberta_mdeberta_v1,
tunisieannonce_de48fa944175,tunisieannonce,0.0,positive,0.3533,0.75,31.12,suspect,"['urgency_detected', 'external_contact', 'no_images_suspicious']",xlm_roberta_mdeberta_v1,
tunisieannonce_de61e4d077e3,tunisieannonce,0.0,positive,0.3315,0.0,11.6,normal,[],xlm_roberta_mdeberta_v1,
tunisieannonce_debdac03fcb0,tunisieannonce,0.0,positive,0.3671,0.55,26.6,suspect,"['urgency_detected', 'external_contact']",xlm_roberta_mdeberta_v1,
tunisieannonce_de29fa30e289,tunisieannonce,0.0,positive,0.3815,0.3,20.85,normal,['urgency_detected'],xlm_roberta_mdeberta_v1,
tunisieannonce_e5827ccfddd3,tunisieannonce,0.0,positive,0.3018,0.3,18.06,normal,['urgency_detected'],xlm_roberta_mdeberta_v1,
tunisieannonce_dfad4edd7316,tunisieannonce,0.0,positive,0.3904,0.5,26.16,suspect,"['urgency_detected', 'no_images_suspicious']",xlm_roberta_mdeberta_v1,
tunisieannonce_df13b744c84f,tunisieannonce,0.5487,negative,0.3841,0.25,41.64,suspect,['external_contact'],xlm_roberta_mdeberta_v1,
tunisieannonce_df29b5c0b146,tunisieannonce,0.0,positive,0.3412,0.0,11.94,normal,[],xlm_roberta_mdeberta_v1,
tunisieannonce_dfb1cbcca9d9,tunisieannonce,0.0,positive,0.3311,0.0,11.59,normal,[],xlm_roberta_mdeberta_v1,
tunisieannonce_ded729bc311d,tunisieannonce,0.2883,negative,0.3301,0.25,29.34,suspect,['external_contact'],xlm_roberta_mdeberta_v1,
tunisieannonce_defd3b4e739b,tunisieannonce,0.0,positive,0.2828,0.0,9.9,normal,[],xlm_roberta_mdeberta_v1,
tunisieannonce_deec0506b07b,tunisieannonce,0.0877,neutral,0.3163,0.0,14.58,normal,[],xlm_roberta_mdeberta_v1,
tunisieannonce_dffdbd36eee9,tunisieannonce,0.0,positive,0.3301,0.0,11.55,normal,[],xlm_roberta_mdeberta_v1,
tunisieannonce_e105ffc41498,tunisieannonce,0.0,positive,0.3131,0.0,10.96,normal,[],xlm_roberta_mdeberta_v1,
tunisieannonce_e052768ca911,tunisieannonce,0.0,positive,0.3239,0.25,17.59,normal,['external_contact'],xlm_roberta_mdeberta_v1,
tunisieannonce_dfd83c3518ff,tunisieannonce,0.0,positive,0.3186,0.0,11.15,normal,[],xlm_roberta_mdeberta_v1,
tunisieannonce_e05518a34705,tunisieannonce,0.0,positive,0.3565,0.45,23.73,suspect,"['external_contact', 'no_images_suspicious']",xlm_roberta_mdeberta_v1,
tunisieannonce_e02be31bd499,tunisieannonce,0.0,positive,0.2562,0.0,8.97,normal,[],xlm_roberta_mdeberta_v1,
tunisieannonce_e0eeeb56bbfd,tunisieannonce,0.0,positive,0.3434,0.55,25.77,suspect,"['urgency_detected', 'external_contact']",xlm_roberta_mdeberta_v1,
tunisieannonce_dfb5d74718a3,tunisieannonce,0.1177,neutral,0.295,0.0,15.03,normal,[],xlm_roberta_mdeberta_v1,
tunisieannonce_e20b876cc3e7,tunisieannonce,0.0,positive,0.2979,0.0,10.43,normal,[],xlm_roberta_mdeberta_v1,
tunisieannonce_e1ca89dec6b8,tunisieannonce,0.0,positive,0.3338,0.2,16.68,normal,['no_images_suspicious'],xlm_roberta_mdeberta_v1,
tunisieannonce_e1f187c9bab9,tunisieannonce,0.0,positive,0.3265,0.0,11.43,normal,[],xlm_roberta_mdeberta_v1,
tunisieannonce_e11b8f9cc8d0,tunisieannonce,0.0,positive,0.3306,0.25,17.82,normal,['external_contact'],xlm_roberta_mdeberta_v1,
tunisieannonce_e18f9e150e22,tunisieannonce,0.0,positive,0.4079,0.0,14.28,normal,[],xlm_roberta_mdeberta_v1,
tunisieannonce_e4d8ddd03710,tunisieannonce,0.2528,negative,0.3368,0.2,26.9,suspect,['no_images_suspicious'],xlm_roberta_mdeberta_v1,
tunisieannonce_e2e186d39c86,tunisieannonce,0.3373,negative,0.3389,0.55,39.1,suspect,"['urgency_detected', 'external_contact']",xlm_roberta_mdeberta_v1,
tunisieannonce_e2b0dcdf9dd0,tunisieannonce,0.0,positive,0.3522,0.45,23.58,suspect,"['external_contact', 'no_images_suspicious']",xlm_roberta_mdeberta_v1,
tunisieannonce_e2748c688636,tunisieannonce,0.0,positive,0.3266,0.25,17.68,normal,['external_contact'],xlm_roberta_mdeberta_v1,
tunisieannonce_e2d4bb6364c1,tunisieannonce,0.0,positive,0.3276,0.45,22.72,suspect,"['external_contact', 'no_images_suspicious']",xlm_roberta_mdeberta_v1,
tunisieannonce_e592d2a68928,tunisieannonce,0.0,positive,0.346,0.0,12.11,normal,[],xlm_roberta_mdeberta_v1,
tunisieannonce_e2969e723cdc,tunisieannonce,0.3452,negative,0.4009,0.0,27.84,suspect,[],xlm_roberta_mdeberta_v1,
tunisieannonce_e2548228f2b5,tunisieannonce,0.0,positive,0.3707,0.0,12.97,normal,[],xlm_roberta_mdeberta_v1,
tunisieannonce_e29f963afe37,tunisieannonce,0.0,positive,0.3008,0.0,10.53,normal,[],xlm_roberta_mdeberta_v1,
tunisieannonce_e32d2b29a308,tunisieannonce,0.0,positive,0.3657,0.55,26.55,suspect,"['urgency_detected', 'external_contact']",xlm_roberta_mdeberta_v1,
tunisieannonce_e37f46c82ad4,tunisieannonce,0.2837,negative,0.3288,0.3,30.36,suspect,['urgency_detected'],xlm_roberta_mdeberta_v1,
tunisieannonce_e30f4d75a162,tunisieannonce,0.2315,negative,0.365,0.75,40.79,suspect,"['urgency_detected', 'external_contact', 'no_images_suspicious']",xlm_roberta_mdeberta_v1,
tunisieannonce_e307d7b03cdc,tunisieannonce,0.0,positive,0.3277,0.0,11.47,normal,[],xlm_roberta_mdeberta_v1,
tunisieannonce_e3d278e74558,tunisieannonce,0.0,positive,0.334,0.25,17.94,normal,['external_contact'],xlm_roberta_mdeberta_v1,
tunisieannonce_e30603668937,tunisieannonce,0.0,positive,0.4209,0.0,14.73,normal,[],xlm_roberta_mdeberta_v1,
tunisieannonce_e3154f7cb07e,tunisieannonce,0.0,positive,0.3796,0.75,32.04,suspect,"['urgency_detected', 'external_contact', 'no_images_suspicious']",xlm_roberta_mdeberta_v1,
tunisieannonce_e3b4e621074e,tunisieannonce,0.4017,negative,0.3702,0.2,34.02,suspect,['no_images_suspicious'],xlm_roberta_mdeberta_v1,
tunisieannonce_e422ecd46b86,tunisieannonce,0.3274,negative,0.3062,0.25,30.06,suspect,['external_contact'],xlm_roberta_mdeberta_v1,
tunisieannonce_e40a5ba8a325,tunisieannonce,0.0915,neutral,0.3777,0.55,30.63,suspect,"['urgency_detected', 'external_contact']",xlm_roberta_mdeberta_v1,
tunisieannonce_e40c70e05642,tunisieannonce,0.0,positive,0.3705,0.45,24.22,suspect,"['external_contact', 'no_images_suspicious']",xlm_roberta_mdeberta_v1,
tunisieannonce_e449b764b070,tunisieannonce,0.0,positive,0.3212,0.0,11.24,normal,[],xlm_roberta_mdeberta_v1,
tunisieannonce_e45ae7a2b7a3,tunisieannonce,0.0,positive,0.3608,0.3,20.13,normal,['urgency_detected'],xlm_roberta_mdeberta_v1,
tunisieannonce_e400817e88bf,tunisieannonce,0.0,positive,0.3378,0.25,18.07,normal,['external_contact'],xlm_roberta_mdeberta_v1,
tunisieannonce_712254797322,tunisieannonce,0.0,positive,0.3832,0.55,27.16,suspect,"['urgency_detected', 'external_contact']",xlm_roberta_mdeberta_v1,
tunisieannonce_e43b069a084a,tunisieannonce,0.0,positive,0.337,0.45,23.04,suspect,"['external_contact', 'no_images_suspicious']",xlm_roberta_mdeberta_v1,
tunisieannonce_e49805507a61,tunisieannonce,0.0,positive,0.333,0.55,25.41,suspect,"['urgency_detected', 'external_contact']",xlm_roberta_mdeberta_v1,
tunisieannonce_e485529ed3bb,tunisieannonce,0.0,positive,0.2531,0.0,8.86,normal,[],xlm_roberta_mdeberta_v1,
tunisieannonce_e4d7665c42bd,tunisieannonce,0.0,positive,0.3625,0.0,12.69,normal,[],xlm_roberta_mdeberta_v1,
tunisieannonce_e520f9dd8766,tunisieannonce,0.2529,negative,0.3355,0.25,28.11,suspect,['external_contact'],xlm_roberta_mdeberta_v1,
tunisieannonce_e5600eb695dd,tunisieannonce,0.0,positive,0.3744,0.75,31.85,suspect,"['urgency_detected', 'external_contact', 'no_images_suspicious']",xlm_roberta_mdeberta_v1,
tunisieannonce_e59391f11f17,tunisieannonce,0.0,positive,0.3128,0.55,24.7,suspect,"['urgency_detected', 'external_contact']",xlm_roberta_mdeberta_v1,
tunisieannonce_e53fafc6c333,tunisieannonce,0.0,positive,0.3434,0.0,12.02,normal,[],xlm_roberta_mdeberta_v1,
tunisieannonce_e553314d3395,tunisieannonce,0.0,positive,0.3788,0.2,18.26,normal,['no_images_suspicious'],xlm_roberta_mdeberta_v1,
tunisieannonce_e59203957fd6,tunisieannonce,0.4305,negative,0.3396,0.25,35.36,suspect,['external_contact'],xlm_roberta_mdeberta_v1,
tunisieannonce_e5272ca1fbc2,tunisieannonce,0.0,positive,0.3407,0.0,11.92,normal,[],xlm_roberta_mdeberta_v1,
tunisieannonce_e6b76bb87f50,tunisieannonce,0.4979,negative,0.3961,0.0,33.78,suspect,[],xlm_roberta_mdeberta_v1,
tunisieannonce_e608e29ec9ea,tunisieannonce,0.0,positive,0.3575,0.0,12.51,normal,[],xlm_roberta_mdeberta_v1,
tunisieannonce_e6f8e001c994,tunisieannonce,0.0,positive,0.3831,0.0,13.41,normal,[],xlm_roberta_mdeberta_v1,
tunisieannonce_e65e4edcfc9f,tunisieannonce,0.0,positive,0.2948,0.2,15.32,normal,['no_images_suspicious'],xlm_roberta_mdeberta_v1,
tunisieannonce_e66e81621225,tunisieannonce,0.0,positive,0.3559,0.0,12.46,normal,[],xlm_roberta_mdeberta_v1,
tunisieannonce_e62945d40c8e,tunisieannonce,0.3648,negative,0.3363,0.25,32.61,suspect,['external_contact'],xlm_roberta_mdeberta_v1,
tunisieannonce_e6dcd3315615,tunisieannonce,0.2959,negative,0.3877,0.25,31.66,suspect,['external_contact'],xlm_roberta_mdeberta_v1,
tunisieannonce_e78196ee21b7,tunisieannonce,0.0,positive,0.4033,0.25,20.37,normal,['external_contact'],xlm_roberta_mdeberta_v1,
tunisieannonce_e716f877cb88,tunisieannonce,0.0,positive,0.3695,0.0,12.93,normal,[],xlm_roberta_mdeberta_v1,
tunisieannonce_ea58ff2ab777,tunisieannonce,0.0,positive,0.4183,0.55,28.39,suspect,"['urgency_detected', 'external_contact']",xlm_roberta_mdeberta_v1,
tunisieannonce_e79300cf035c,tunisieannonce,0.0,positive,0.3636,0.0,12.73,normal,[],xlm_roberta_mdeberta_v1,
tunisieannonce_e7b5ca9c6858,tunisieannonce,0.2488,negative,0.2867,0.45,31.24,suspect,"['vague_description', 'no_images_suspicious']",xlm_roberta_mdeberta_v1,
tunisieannonce_e73d83b82d24,tunisieannonce,0.2196,negative,0.3607,0.0,21.41,suspect,[],xlm_roberta_mdeberta_v1,
tunisieannonce_e7aa2189ef88,tunisieannonce,0.0,positive,0.3781,0.25,19.48,normal,['external_contact'],xlm_roberta_mdeberta_v1,
tunisieannonce_e70b86171d25,tunisieannonce,0.0803,neutral,0.3499,0.0,15.46,normal,[],xlm_roberta_mdeberta_v1,
tunisieannonce_e71d57abe04d,tunisieannonce,0.0,positive,0.36,0.2,17.6,normal,['no_images_suspicious'],xlm_roberta_mdeberta_v1,
tunisieannonce_e810298f3d7c,tunisieannonce,0.0,positive,0.3311,0.55,25.34,suspect,"['urgency_detected', 'external_contact']",xlm_roberta_mdeberta_v1,
tunisieannonce_e849ba4d9e35,tunisieannonce,0.0,positive,0.3625,0.0,12.69,normal,[],xlm_roberta_mdeberta_v1,
tunisieannonce_e819ebaf9bf3,tunisieannonce,0.0775,neutral,0.3366,0.0,14.88,normal,[],xlm_roberta_mdeberta_v1,
tunisieannonce_e84c61bee54d,tunisieannonce,0.3304,negative,0.3692,0.75,44.89,suspect,"['urgency_detected', 'external_contact', 'no_images_suspicious']",xlm_roberta_mdeberta_v1,
tunisieannonce_e8096311e0e5,tunisieannonce,0.0,positive,0.3097,0.0,10.84,normal,[],xlm_roberta_mdeberta_v1,
tunisieannonce_e818b9747621,tunisieannonce,0.0,positive,0.3887,0.25,19.85,normal,['external_contact'],xlm_roberta_mdeberta_v1,
tunisieannonce_e83856777643,tunisieannonce,0.0,positive,0.3926,0.0,13.74,normal,[],xlm_roberta_mdeberta_v1,
tunisieannonce_e8924c3c4efa,tunisieannonce,0.0697,neutral,0.4015,0.0,16.84,normal,[],xlm_roberta_mdeberta_v1,
tunisieannonce_e8789bc0530d,tunisieannonce,0.0,positive,0.3739,0.0,13.09,normal,[],xlm_roberta_mdeberta_v1,
tunisieannonce_e886728330ae,tunisieannonce,0.0,positive,0.3311,0.0,11.59,normal,[],xlm_roberta_mdeberta_v1,
tunisieannonce_e8be24594462,tunisieannonce,0.3618,negative,0.3298,0.0,26.02,suspect,[],xlm_roberta_mdeberta_v1,
tunisieannonce_e8ea844c656c,tunisieannonce,0.0,positive,0.3588,0.2,17.56,normal,['no_images_suspicious'],xlm_roberta_mdeberta_v1,
tunisieannonce_e89946323c5f,tunisieannonce,0.0,positive,0.3231,0.25,17.56,normal,['external_contact'],xlm_roberta_mdeberta_v1,
tunisieannonce_ea3e129377bf,tunisieannonce,0.0,positive,0.338,0.75,30.58,suspect,"['urgency_detected', 'external_contact', 'no_images_suspicious']",xlm_roberta_mdeberta_v1,
tunisieannonce_e9361eb18ef5,tunisieannonce,0.0,positive,0.3004,0.55,24.26,suspect,"['urgency_detected', 'external_contact']",xlm_roberta_mdeberta_v1,
tunisieannonce_e95e031c9316,tunisieannonce,0.0,positive,0.3532,0.75,31.11,suspect,"['urgency_detected', 'external_contact', 'no_images_suspicious']",xlm_roberta_mdeberta_v1,
tunisieannonce_e993c2e71992,tunisieannonce,0.0,positive,0.4001,0.2,19.0,normal,['no_images_suspicious'],xlm_roberta_mdeberta_v1,
tunisieannonce_e996ee11f842,tunisieannonce,0.0723,neutral,0.3953,0.0,16.73,normal,[],xlm_roberta_mdeberta_v1,
tunisieannonce_ea1d4ab322bd,tunisieannonce,0.0,positive,0.2902,0.0,10.16,normal,[],xlm_roberta_mdeberta_v1,
tunisieannonce_eaaf95715eb6,tunisieannonce,0.0,positive,0.3947,0.0,13.81,normal,[],xlm_roberta_mdeberta_v1,
tunisieannonce_ebefe1bf8f05,tunisieannonce,0.0676,neutral,0.4004,0.0,16.72,normal,[],xlm_roberta_mdeberta_v1,
tunisieannonce_ea5a68a423c0,tunisieannonce,0.0,positive,0.3437,0.0,12.03,normal,[],xlm_roberta_mdeberta_v1,
tunisieannonce_eaed88dc36ca,tunisieannonce,0.0,positive,0.3165,0.0,11.08,normal,[],xlm_roberta_mdeberta_v1,
tunisieannonce_eaf6ccec4db6,tunisieannonce,0.0,positive,0.3028,0.2,15.6,normal,['no_images_suspicious'],xlm_roberta_mdeberta_v1,
tunisieannonce_ec5f69207939,tunisieannonce,0.0,positive,0.3459,0.0,12.11,normal,[],xlm_roberta_mdeberta_v1,
tunisieannonce_eaac0ad2cfa5,tunisieannonce,0.0,positive,0.3724,0.55,26.78,suspect,"['urgency_detected', 'external_contact']",xlm_roberta_mdeberta_v1,
tunisieannonce_ecc1901bbbe4,tunisieannonce,0.0,positive,0.3093,0.2,15.83,normal,['no_images_suspicious'],xlm_roberta_mdeberta_v1,
tunisieannonce_ec09939ebcf0,tunisieannonce,0.0,positive,0.3501,0.5,24.75,suspect,"['urgency_detected', 'no_images_suspicious']",xlm_roberta_mdeberta_v1,
tunisieannonce_ed0487b1e26c,tunisieannonce,0.0,positive,0.3557,0.0,12.45,normal,[],xlm_roberta_mdeberta_v1,
tunisieannonce_ecb76998f479,tunisieannonce,0.0,positive,0.3151,0.2,16.03,normal,['no_images_suspicious'],xlm_roberta_mdeberta_v1,
tunisieannonce_ebaea63a490b,tunisieannonce,0.2054,negative,0.3701,0.0,21.17,suspect,[],xlm_roberta_mdeberta_v1,
tunisieannonce_ed4aa773981e,tunisieannonce,0.0,positive,0.3168,0.0,11.09,normal,[],xlm_roberta_mdeberta_v1,
tunisieannonce_ed992e1b8d24,tunisieannonce,0.0,positive,0.3284,0.0,11.49,normal,[],xlm_roberta_mdeberta_v1,
tunisieannonce_edc46e693ac5,tunisieannonce,0.0,positive,0.2999,0.25,16.75,normal,['external_contact'],xlm_roberta_mdeberta_v1,
tunisieannonce_edb1fabc5462,tunisieannonce,0.0,positive,0.3106,0.0,10.87,normal,[],xlm_roberta_mdeberta_v1,
tunisieannonce_eda577b02d2d,tunisieannonce,0.0,positive,0.3324,0.75,30.38,suspect,"['urgency_detected', 'external_contact', 'no_images_suspicious']",xlm_roberta_mdeberta_v1,
tunisieannonce_edf59f2be237,tunisieannonce,0.3966,negative,0.3707,0.55,42.59,suspect,"['urgency_detected', 'external_contact']",xlm_roberta_mdeberta_v1,
tunisieannonce_ed77801afb3e,tunisieannonce,0.0,positive,0.2804,0.0,9.81,normal,[],xlm_roberta_mdeberta_v1,
tunisieannonce_ee746b3e455d,tunisieannonce,0.0,positive,0.3446,0.0,12.06,normal,[],xlm_roberta_mdeberta_v1,
tunisieannonce_ef33373b1809,tunisieannonce,0.0,positive,0.3497,0.3,19.74,normal,['urgency_detected'],xlm_roberta_mdeberta_v1,
tunisieannonce_edf94b8f7a4c,tunisieannonce,0.0849,neutral,0.3581,0.0,15.93,normal,[],xlm_roberta_mdeberta_v1,
tunisieannonce_ee2ba601707b,tunisieannonce,0.0,positive,0.3261,0.3,18.91,normal,['urgency_detected'],xlm_roberta_mdeberta_v1,
tunisieannonce_ee675ac3d1ff,tunisieannonce,0.2944,negative,0.3573,0.2,29.28,suspect,['no_images_suspicious'],xlm_roberta_mdeberta_v1,
tunisieannonce_ee32c25e4380,tunisieannonce,0.0,positive,0.4155,0.2,19.54,normal,['no_images_suspicious'],xlm_roberta_mdeberta_v1,
tunisieannonce_edfe2b386555,tunisieannonce,0.074,neutral,0.3725,0.55,29.75,suspect,"['urgency_detected', 'external_contact']",xlm_roberta_mdeberta_v1,
tunisieannonce_ef6459fc02d7,tunisieannonce,0.0,positive,0.2992,0.55,24.22,suspect,"['urgency_detected', 'external_contact']",xlm_roberta_mdeberta_v1,
tunisieannonce_ee896a0f72fe,tunisieannonce,0.0,positive,0.3015,0.2,15.55,normal,['no_images_suspicious'],xlm_roberta_mdeberta_v1,
tunisieannonce_eeb3637fe705,tunisieannonce,0.0,positive,0.3552,0.55,26.18,suspect,"['urgency_detected', 'external_contact']",xlm_roberta_mdeberta_v1,
tunisieannonce_eed2f2c8148b,tunisieannonce,0.0,positive,0.3536,0.0,12.38,normal,[],xlm_roberta_mdeberta_v1,
tunisieannonce_eeac308d78b6,tunisieannonce,0.2525,negative,0.3623,0.0,22.78,suspect,[],xlm_roberta_mdeberta_v1,
tunisieannonce_eedf6fbb3c75,tunisieannonce,0.432,negative,0.325,0.0,28.65,suspect,[],xlm_roberta_mdeberta_v1,
tunisieannonce_ee9382b8bd65,tunisieannonce,0.0,positive,0.3727,0.25,19.29,normal,['external_contact'],xlm_roberta_mdeberta_v1,
tunisieannonce_ef01d0b781d3,tunisieannonce,0.091,neutral,0.3708,0.5,29.12,suspect,"['urgency_detected', 'no_images_suspicious']",xlm_roberta_mdeberta_v1,
tunisieannonce_eeb5c1af37e1,tunisieannonce,0.0,positive,0.3351,0.0,11.73,normal,[],xlm_roberta_mdeberta_v1,
tunisieannonce_eed126aba97f,tunisieannonce,0.3047,negative,0.4082,0.55,40.23,suspect,"['urgency_detected', 'external_contact']",xlm_roberta_mdeberta_v1,
tunisieannonce_ef21bb23683c,tunisieannonce,0.0,positive,0.2319,0.0,8.12,normal,[],xlm_roberta_mdeberta_v1,
tunisieannonce_ef2279ad76c8,tunisieannonce,0.0,positive,0.3688,0.75,31.66,suspect,"['urgency_detected', 'external_contact', 'no_images_suspicious']",xlm_roberta_mdeberta_v1,
tunisieannonce_ef4832b7076c,tunisieannonce,0.0,positive,0.3263,0.3,18.92,normal,['urgency_detected'],xlm_roberta_mdeberta_v1,
tunisieannonce_ef28b458322a,tunisieannonce,0.5098,negative,0.3592,0.45,44.21,suspect,"['external_contact', 'no_images_suspicious']",xlm_roberta_mdeberta_v1,
tunisieannonce_ef4ca97853b5,tunisieannonce,0.3034,negative,0.3317,0.45,35.0,suspect,"['external_contact', 'no_images_suspicious']",xlm_roberta_mdeberta_v1,
tunisieannonce_efe28348bbe8,tunisieannonce,0.0,positive,0.3779,0.0,13.23,normal,[],xlm_roberta_mdeberta_v1,
tunisieannonce_efa827dd20a9,tunisieannonce,0.0,positive,0.3248,0.0,11.37,normal,[],xlm_roberta_mdeberta_v1,
tunisieannonce_f007d810dc3d,tunisieannonce,0.4315,negative,0.3398,0.2,34.15,suspect,['no_images_suspicious'],xlm_roberta_mdeberta_v1,
tunisieannonce_f00a0a5a03c9,tunisieannonce,0.0,positive,0.3708,0.0,12.98,normal,[],xlm_roberta_mdeberta_v1,
tunisieannonce_f2f4b7f76ff1,tunisieannonce,0.0,positive,0.3814,0.0,13.35,normal,[],xlm_roberta_mdeberta_v1,
tunisieannonce_efe9ef91f6dc,tunisieannonce,0.0,positive,0.3229,0.0,11.3,normal,[],xlm_roberta_mdeberta_v1,
tunisieannonce_efca12570f55,tunisieannonce,0.0,positive,0.3345,0.3,19.21,normal,['urgency_detected'],xlm_roberta_mdeberta_v1,
tunisieannonce_ef905fb69fe1,tunisieannonce,0.2727,negative,0.3676,0.0,23.77,suspect,[],xlm_roberta_mdeberta_v1,
tunisieannonce_f0428dd133c9,tunisieannonce,0.0,positive,0.3546,0.55,26.16,suspect,"['urgency_detected', 'external_contact']",xlm_roberta_mdeberta_v1,
tunisieannonce_f03739bba189,tunisieannonce,0.0,positive,0.3283,0.0,11.49,normal,[],xlm_roberta_mdeberta_v1,
tunisieannonce_f2500fa81d42,tunisieannonce,0.0,positive,0.3527,0.25,18.59,normal,['external_contact'],xlm_roberta_mdeberta_v1,
tunisieannonce_f0329e503e7d,tunisieannonce,0.0,positive,0.3525,0.2,17.34,normal,['no_images_suspicious'],xlm_roberta_mdeberta_v1,
tunisieannonce_f06e43dc2230,tunisieannonce,0.2028,negative,0.3551,0.3,28.04,suspect,['urgency_detected'],xlm_roberta_mdeberta_v1,
tunisieannonce_f05b2ce18084,tunisieannonce,0.0,positive,0.3422,0.0,11.98,normal,[],xlm_roberta_mdeberta_v1,
tunisieannonce_f05e67cfbe5a,tunisieannonce,0.0,positive,0.3815,0.2,18.35,normal,['no_images_suspicious'],xlm_roberta_mdeberta_v1,
tunisieannonce_f02ad6311155,tunisieannonce,0.0,positive,0.3383,0.0,11.84,normal,[],xlm_roberta_mdeberta_v1,
tunisieannonce_f089d4b5782c,tunisieannonce,0.0,positive,0.3103,0.55,24.61,suspect,"['urgency_detected', 'external_contact']",xlm_roberta_mdeberta_v1,
tunisieannonce_f0b47ba8aea4,tunisieannonce,0.0,positive,0.3901,0.3,21.15,suspect,['urgency_detected'],xlm_roberta_mdeberta_v1,
tunisieannonce_f0c344bc7fa7,tunisieannonce,0.0,positive,0.2699,0.0,9.45,normal,[],xlm_roberta_mdeberta_v1,
tunisieannonce_f0fe6de79eef,tunisieannonce,0.5847,negative,0.3686,0.3,43.79,suspect,['urgency_detected'],xlm_roberta_mdeberta_v1,
tunisieannonce_f0e74a3a157c,tunisieannonce,0.0,positive,0.3078,0.0,10.77,normal,[],xlm_roberta_mdeberta_v1,
tunisieannonce_f11f0a049d1a,tunisieannonce,0.0,positive,0.3408,0.25,18.18,normal,['external_contact'],xlm_roberta_mdeberta_v1,
tunisieannonce_f1507b456e30,tunisieannonce,0.0,positive,0.2993,0.3,17.98,normal,['urgency_detected'],xlm_roberta_mdeberta_v1,
tunisieannonce_f20450df4095,tunisieannonce,0.0,positive,0.3653,0.0,12.79,normal,[],xlm_roberta_mdeberta_v1,
tunisieannonce_f1ba5d16910c,tunisieannonce,0.385,negative,0.4109,0.0,29.78,suspect,[],xlm_roberta_mdeberta_v1,
tunisieannonce_f1730039d570,tunisieannonce,0.0,positive,0.3336,0.0,11.68,normal,[],xlm_roberta_mdeberta_v1,
tunisieannonce_f14d01e5cd35,tunisieannonce,0.0,positive,0.2985,0.25,16.7,normal,['external_contact'],xlm_roberta_mdeberta_v1,
tunisieannonce_f26a9eb45525,tunisieannonce,0.2985,negative,0.3408,0.25,30.12,suspect,['external_contact'],xlm_roberta_mdeberta_v1,
tunisieannonce_f18abc632ff8,tunisieannonce,0.0,positive,0.4021,0.3,21.57,suspect,['urgency_detected'],xlm_roberta_mdeberta_v1,
tunisieannonce_f292dc7e465a,tunisieannonce,0.0,positive,0.3331,0.25,17.91,normal,['external_contact'],xlm_roberta_mdeberta_v1,
tunisieannonce_f28bc81d55e0,tunisieannonce,0.0,positive,0.4112,0.45,25.64,suspect,"['external_contact', 'no_images_suspicious']",xlm_roberta_mdeberta_v1,
tunisieannonce_f2af9a2da096,tunisieannonce,0.0,positive,0.4088,0.55,28.06,suspect,"['urgency_detected', 'external_contact']",xlm_roberta_mdeberta_v1,
tunisieannonce_f27be118202f,tunisieannonce,0.5516,negative,0.3534,0.2,39.43,suspect,['no_images_suspicious'],xlm_roberta_mdeberta_v1,
tunisieannonce_f306d842aab4,tunisieannonce,0.0,positive,0.3522,0.0,12.33,normal,[],xlm_roberta_mdeberta_v1,
tunisieannonce_f3d77a4f7e05,tunisieannonce,0.0,positive,0.3462,0.25,18.37,normal,['external_contact'],xlm_roberta_mdeberta_v1,
tunisieannonce_f3b1952e652c,tunisieannonce,0.0,positive,0.3502,0.0,12.26,normal,[],xlm_roberta_mdeberta_v1,
tunisieannonce_f32d33736980,tunisieannonce,0.0,positive,0.3859,0.0,13.51,normal,[],xlm_roberta_mdeberta_v1,
tunisieannonce_f33897979d9a,tunisieannonce,0.0,positive,0.3768,0.25,19.44,normal,['external_contact'],xlm_roberta_mdeberta_v1,
tunisieannonce_f3b6e57d5ac8,tunisieannonce,0.0,positive,0.3937,0.25,20.03,normal,['external_contact'],xlm_roberta_mdeberta_v1,
tunisieannonce_f383ad3e8647,tunisieannonce,0.0,positive,0.2254,0.2,12.89,normal,['no_images_suspicious'],xlm_roberta_mdeberta_v1,
tunisieannonce_f3cae25d67b5,tunisieannonce,0.0,positive,0.3308,0.2,16.58,normal,['no_images_suspicious'],xlm_roberta_mdeberta_v1,
tunisieannonce_f439df6765e0,tunisieannonce,0.0,positive,0.3275,0.0,11.46,normal,[],xlm_roberta_mdeberta_v1,
tunisieannonce_f4314256fc42,tunisieannonce,0.0,positive,0.3466,0.0,12.13,normal,[],xlm_roberta_mdeberta_v1,
tunisieannonce_f462739e3843,tunisieannonce,0.0,positive,0.3834,0.55,27.17,suspect,"['urgency_detected', 'external_contact']",xlm_roberta_mdeberta_v1,
tunisieannonce_f425e46a1df6,tunisieannonce,0.0,positive,0.337,0.55,25.55,suspect,"['urgency_detected', 'external_contact']",xlm_roberta_mdeberta_v1,
tunisieannonce_f49634729007,tunisieannonce,0.0705,neutral,0.3508,0.25,21.35,suspect,['external_contact'],xlm_roberta_mdeberta_v1,
tunisieannonce_f400bd16c156,tunisieannonce,0.0876,neutral,0.3604,0.45,27.37,suspect,"['external_contact', 'no_images_suspicious']",xlm_roberta_mdeberta_v1,
tunisieannonce_f53f2182cf6c,tunisieannonce,0.2971,negative,0.3949,0.55,39.46,suspect,"['urgency_detected', 'external_contact']",xlm_roberta_mdeberta_v1,
tunisieannonce_f515245144ea,tunisieannonce,0.0,positive,0.3331,0.25,17.91,normal,['external_contact'],xlm_roberta_mdeberta_v1,
tunisieannonce_f53d5ebc4439,tunisieannonce,0.0,positive,0.3314,0.0,11.6,normal,[],xlm_roberta_mdeberta_v1,
tunisieannonce_f50cf29bcfe6,tunisieannonce,0.0,positive,0.2115,0.0,7.4,normal,[],xlm_roberta_mdeberta_v1,
tunisieannonce_f49905c6737c,tunisieannonce,0.0,positive,0.3751,0.0,13.13,normal,[],xlm_roberta_mdeberta_v1,
tunisieannonce_f4aa1189224c,tunisieannonce,0.0,positive,0.3641,0.0,12.74,normal,[],xlm_roberta_mdeberta_v1,
tunisieannonce_f511a11da1ea,tunisieannonce,0.0,positive,0.3165,0.25,17.33,normal,['external_contact'],xlm_roberta_mdeberta_v1,
tunisieannonce_f588707c2758,tunisieannonce,0.0,positive,0.3919,0.45,24.97,suspect,"['external_contact', 'no_images_suspicious']",xlm_roberta_mdeberta_v1,
tunisieannonce_f5b0961887d5,tunisieannonce,0.0,positive,0.3628,0.3,20.2,normal,['urgency_detected'],xlm_roberta_mdeberta_v1,
tunisieannonce_f5a8a59d21bd,tunisieannonce,0.0,positive,0.339,0.0,11.87,normal,[],xlm_roberta_mdeberta_v1,
tunisieannonce_f550d5671ac3,tunisieannonce,0.0,positive,0.3645,0.2,17.76,normal,['no_images_suspicious'],xlm_roberta_mdeberta_v1,
tunisieannonce_f558305251fd,tunisieannonce,0.0,positive,0.2719,0.3,17.02,normal,['urgency_detected'],xlm_roberta_mdeberta_v1,
tunisieannonce_f56db4a192b6,tunisieannonce,0.0778,neutral,0.3412,0.25,21.3,suspect,['vague_description'],xlm_roberta_mdeberta_v1,
tunisieannonce_f541e96b4c9b,tunisieannonce,0.376,negative,0.377,0.25,34.48,suspect,['external_contact'],xlm_roberta_mdeberta_v1,
tunisieannonce_f5a4ca1a78c0,tunisieannonce,0.0,positive,0.3659,0.0,12.81,normal,[],xlm_roberta_mdeberta_v1,
tunisieannonce_f5ae73edd696,tunisieannonce,0.0,positive,0.354,0.0,12.39,normal,[],xlm_roberta_mdeberta_v1,
tunisieannonce_f68f2b674750,tunisieannonce,0.0,positive,0.3763,0.45,24.42,suspect,"['external_contact', 'no_images_suspicious']",xlm_roberta_mdeberta_v1,
tunisieannonce_f6bea70ecb92,tunisieannonce,0.0,positive,0.3314,0.5,24.1,suspect,"['urgency_detected', 'no_images_suspicious']",xlm_roberta_mdeberta_v1,
tunisieannonce_f6235bcded80,tunisieannonce,0.0,positive,0.3219,0.0,11.27,normal,[],xlm_roberta_mdeberta_v1,
tunisieannonce_f6510b18e137,tunisieannonce,0.0,positive,0.3796,0.0,13.29,normal,[],xlm_roberta_mdeberta_v1,
tunisieannonce_f68e2cbe9c6e,tunisieannonce,0.0,positive,0.3051,0.0,10.68,normal,[],xlm_roberta_mdeberta_v1,
tunisieannonce_f5e99260feef,tunisieannonce,0.1033,neutral,0.3139,0.0,15.12,normal,[],xlm_roberta_mdeberta_v1,
tunisieannonce_f7313e0710b1,tunisieannonce,0.0,positive,0.3336,0.0,11.68,normal,[],xlm_roberta_mdeberta_v1,
tunisieannonce_f77e32a9f2ad,tunisieannonce,0.3363,negative,0.3351,0.0,25.18,suspect,[],xlm_roberta_mdeberta_v1,
tunisieannonce_f758f038ec33,tunisieannonce,0.0,positive,0.2963,0.0,10.37,normal,[],xlm_roberta_mdeberta_v1,
tunisieannonce_f867f4a1d70b,tunisieannonce,0.3989,negative,0.3391,0.55,41.57,suspect,"['urgency_detected', 'external_contact']",xlm_roberta_mdeberta_v1,
tunisieannonce_f71cc7c96823,tunisieannonce,0.0957,neutral,0.3132,0.0,14.79,normal,[],xlm_roberta_mdeberta_v1,
tunisieannonce_f76a2d4aaf1b,tunisieannonce,0.3739,negative,0.3717,0.0,27.97,suspect,[],xlm_roberta_mdeberta_v1,
tunisieannonce_f7037af8ccbb,tunisieannonce,0.0,positive,0.3256,0.0,11.4,normal,[],xlm_roberta_mdeberta_v1,
tunisieannonce_f7b1492787a9,tunisieannonce,0.2298,negative,0.3461,0.45,32.56,suspect,"['external_contact', 'no_images_suspicious']",xlm_roberta_mdeberta_v1,
tunisieannonce_f70733d5ca8a,tunisieannonce,0.0,positive,0.3518,0.25,18.56,normal,['external_contact'],xlm_roberta_mdeberta_v1,
tunisieannonce_f7c5a2c38288,tunisieannonce,0.0,positive,0.3393,0.0,11.88,normal,[],xlm_roberta_mdeberta_v1,
tunisieannonce_f7b4beeaa00f,tunisieannonce,0.0,positive,0.3207,0.5,23.72,suspect,"['urgency_detected', 'no_images_suspicious']",xlm_roberta_mdeberta_v1,
tunisieannonce_f7bef9551ab6,tunisieannonce,0.0,positive,0.3259,0.0,11.41,normal,[],xlm_roberta_mdeberta_v1,
tunisieannonce_f841d3f8a8f0,tunisieannonce,0.2645,negative,0.3232,0.75,40.64,suspect,"['urgency_detected', 'external_contact', 'no_images_suspicious']",xlm_roberta_mdeberta_v1,
tunisieannonce_f8012fcb13a0,tunisieannonce,0.0,positive,0.4153,0.2,19.54,normal,['no_images_suspicious'],xlm_roberta_mdeberta_v1,
tunisieannonce_f81c0240673f,tunisieannonce,0.0,positive,0.3917,0.0,13.71,normal,[],xlm_roberta_mdeberta_v1,
tunisieannonce_f91511d7b3df,tunisieannonce,0.0,positive,0.3522,0.25,18.58,normal,['external_contact'],xlm_roberta_mdeberta_v1,
tunisieannonce_f92c05bbac3e,tunisieannonce,0.0,positive,0.295,0.0,10.32,normal,[],xlm_roberta_mdeberta_v1,
tunisieannonce_f95ca3532983,tunisieannonce,0.0,positive,0.3666,0.0,12.83,normal,[],xlm_roberta_mdeberta_v1,
tunisieannonce_f95ffd43fe4e,tunisieannonce,0.0,positive,0.3928,0.0,13.75,normal,[],xlm_roberta_mdeberta_v1,
tunisieannonce_f9408f0e54a6,tunisieannonce,0.0,positive,0.2989,0.3,17.96,normal,['urgency_detected'],xlm_roberta_mdeberta_v1,
tunisieannonce_f8d191fbcb77,tunisieannonce,0.286,negative,0.361,0.25,30.33,suspect,['external_contact'],xlm_roberta_mdeberta_v1,
tunisieannonce_f8dfae0723d6,tunisieannonce,0.0,positive,0.312,0.0,10.92,normal,[],xlm_roberta_mdeberta_v1,
tunisieannonce_f8f88ba7dffe,tunisieannonce,0.0,positive,0.32,0.2,16.2,normal,['no_images_suspicious'],xlm_roberta_mdeberta_v1,
tunisieannonce_fa398caa86e9,tunisieannonce,0.2837,negative,0.3288,0.3,30.36,suspect,['urgency_detected'],xlm_roberta_mdeberta_v1,
tunisieannonce_fa2c6e26efce,tunisieannonce,0.0,positive,0.3639,0.2,17.74,normal,['no_images_suspicious'],xlm_roberta_mdeberta_v1,
tunisieannonce_fa5143a2fc20,tunisieannonce,0.0,positive,0.3364,0.0,11.77,normal,[],xlm_roberta_mdeberta_v1,
tunisieannonce_fa61059878f5,tunisieannonce,0.0,positive,0.3252,0.0,11.38,normal,[],xlm_roberta_mdeberta_v1,
tunisieannonce_fa8661d90e0a,tunisieannonce,0.0,positive,0.3334,0.25,17.92,normal,['external_contact'],xlm_roberta_mdeberta_v1,
tunisieannonce_fa2abe49f6b4,tunisieannonce,0.0,positive,0.3215,0.2,16.25,normal,['no_images_suspicious'],xlm_roberta_mdeberta_v1,
tunisieannonce_fa457f6c9b3c,tunisieannonce,0.0,positive,0.3178,0.55,24.87,suspect,"['urgency_detected', 'external_contact']",xlm_roberta_mdeberta_v1,
tunisieannonce_fa462d4cca04,tunisieannonce,0.0,positive,0.3517,0.55,26.06,suspect,"['urgency_detected', 'external_contact']",xlm_roberta_mdeberta_v1,
tunisieannonce_fb10781018c7,tunisieannonce,0.0,positive,0.3239,0.0,11.34,normal,[],xlm_roberta_mdeberta_v1,
tunisieannonce_fc0e79d69c78,tunisieannonce,0.0,positive,0.3578,0.0,12.52,normal,[],xlm_roberta_mdeberta_v1,
tunisieannonce_fba4854ee68e,tunisieannonce,0.0,positive,0.3967,0.3,21.38,suspect,['urgency_detected'],xlm_roberta_mdeberta_v1,
tunisieannonce_fc16c9b5817c,tunisieannonce,0.0981,neutral,0.3137,0.2,19.9,normal,['no_images_suspicious'],xlm_roberta_mdeberta_v1,
tunisieannonce_fbca2c33df75,tunisieannonce,0.5505,negative,0.3976,0.55,49.69,suspect,"['urgency_detected', 'external_contact']",xlm_roberta_mdeberta_v1,
tunisieannonce_fc0614781c35,tunisieannonce,0.0,positive,0.3001,0.0,10.5,normal,[],xlm_roberta_mdeberta_v1,
tunisieannonce_feb7a32ba646,tunisieannonce,0.0,positive,0.3649,0.2,17.77,normal,['no_images_suspicious'],xlm_roberta_mdeberta_v1,
tunisieannonce_fc8b1f1314dc,tunisieannonce,0.0,positive,0.4052,0.0,14.18,normal,[],xlm_roberta_mdeberta_v1,
tunisieannonce_fca7fd99f9f4,tunisieannonce,0.0,positive,0.3331,0.55,25.41,suspect,"['urgency_detected', 'external_contact']",xlm_roberta_mdeberta_v1,
tunisieannonce_fc21e19086f8,tunisieannonce,0.0,positive,0.2787,0.0,9.75,normal,[],xlm_roberta_mdeberta_v1,
tunisieannonce_fcb00a92fa5b,tunisieannonce,0.2522,negative,0.3603,0.55,36.45,suspect,"['urgency_detected', 'external_contact']",xlm_roberta_mdeberta_v1,
tunisieannonce_fc4e1e43cc06,tunisieannonce,0.1027,neutral,0.3183,0.25,21.5,suspect,['external_contact'],xlm_roberta_mdeberta_v1,
verdar_124713,verdar,0.0714,neutral,0.3589,0.25,21.67,suspect,['vague_description'],xlm_roberta_mdeberta_v1,
tunisieannonce_fc5cfc21d25c,tunisieannonce,0.0,positive,0.2707,0.0,9.47,normal,[],xlm_roberta_mdeberta_v1,
tunisieannonce_fc99568983af,tunisieannonce,0.084,neutral,0.3738,0.0,16.44,normal,[],xlm_roberta_mdeberta_v1,
tunisieannonce_fd9ac8135b58,tunisieannonce,0.0,positive,0.3435,0.55,25.77,suspect,"['urgency_detected', 'external_contact']",xlm_roberta_mdeberta_v1,
tunisieannonce_fdcc67e74fca,tunisieannonce,0.2312,negative,0.3885,0.0,22.85,suspect,[],xlm_roberta_mdeberta_v1,
tunisieannonce_fe61949c4712,tunisieannonce,0.0,positive,0.41,0.3,21.85,suspect,['urgency_detected'],xlm_roberta_mdeberta_v1,
tunisieannonce_fccc87a8b4a4,tunisieannonce,0.0,positive,0.4185,0.25,20.9,normal,['external_contact'],xlm_roberta_mdeberta_v1,
tunisieannonce_fd375e9c4bfe,tunisieannonce,0.0,positive,0.352,0.55,26.07,suspect,"['urgency_detected', 'external_contact']",xlm_roberta_mdeberta_v1,
tunisieannonce_fd55b0425d7d,tunisieannonce,0.0,positive,0.3302,0.2,16.56,normal,['no_images_suspicious'],xlm_roberta_mdeberta_v1,
tunisieannonce_fd4dc52eaf72,tunisieannonce,0.5431,negative,0.3136,0.25,38.95,suspect,['external_contact'],xlm_roberta_mdeberta_v1,
verdar_124362,verdar,0.2945,negative,0.3636,0.25,30.76,suspect,['vague_description'],xlm_roberta_mdeberta_v1,
tunisieannonce_fed169b110cd,tunisieannonce,0.0,positive,0.2849,0.0,9.97,normal,[],xlm_roberta_mdeberta_v1,
tunisieannonce_fe6681195043,tunisieannonce,0.0,positive,0.3283,0.0,11.49,normal,[],xlm_roberta_mdeberta_v1,
tunisieannonce_fec88f005da2,tunisieannonce,0.0,positive,0.2737,0.0,9.58,normal,[],xlm_roberta_mdeberta_v1,
tunisieannonce_feceeb068418,tunisieannonce,0.0,positive,0.2402,0.0,8.41,normal,[],xlm_roberta_mdeberta_v1,
tunisieannonce_fe6dbe96201a,tunisieannonce,0.0,positive,0.354,0.0,12.39,normal,[],xlm_roberta_mdeberta_v1,
tunisieannonce_fe641bcc05bb,tunisieannonce,0.0,positive,0.3962,0.0,13.87,normal,[],xlm_roberta_mdeberta_v1,
tunisieannonce_feb77d950a39,tunisieannonce,0.0,positive,0.3424,0.0,11.98,normal,[],xlm_roberta_mdeberta_v1,
tunisieannonce_ff229d9cfb03,tunisieannonce,0.2459,negative,0.3478,0.0,22.01,suspect,[],xlm_roberta_mdeberta_v1,
tunisieannonce_feff2669533b,tunisieannonce,0.0,positive,0.4254,0.45,26.14,suspect,"['external_contact', 'no_images_suspicious']",xlm_roberta_mdeberta_v1,
tunisieannonce_ffa581a3f0e1,tunisieannonce,0.3609,negative,0.3549,0.2,31.86,suspect,['no_images_suspicious'],xlm_roberta_mdeberta_v1,
tunisieannonce_fef3bcb11d26,tunisieannonce,0.0,positive,0.3467,0.25,18.38,normal,['external_contact'],xlm_roberta_mdeberta_v1,
tunisieannonce_ff132a23305a,tunisieannonce,0.0,positive,0.3532,0.0,12.36,normal,[],xlm_roberta_mdeberta_v1,
tunisieannonce_ffc2540309b2,tunisieannonce,0.1004,neutral,0.3413,0.0,15.96,normal,[],xlm_roberta_mdeberta_v1,
tunisieannonce_ff4626f2eba0,tunisieannonce,0.0,positive,0.3277,0.25,17.72,normal,['external_contact'],xlm_roberta_mdeberta_v1,
tunisieannonce_ff749665e943,tunisieannonce,0.0,positive,0.3177,0.55,24.87,suspect,"['urgency_detected', 'external_contact']",xlm_roberta_mdeberta_v1,
verdar_124672,verdar,0.3938,negative,0.339,0.25,33.87,suspect,['vague_description'],xlm_roberta_mdeberta_v1,
verdar_107846,verdar,0.4222,negative,0.3158,0.25,34.19,suspect,['vague_description'],xlm_roberta_mdeberta_v1,
verdar_113788,verdar,0.0755,neutral,0.2886,0.25,19.37,normal,['vague_description'],xlm_roberta_mdeberta_v1,
verdar_129894,verdar,0.377,negative,0.3415,0.45,38.28,suspect,"['vague_description', 'no_images_suspicious']",xlm_roberta_mdeberta_v1,
verdar_127969,verdar,0.2487,negative,0.3093,0.25,27.02,suspect,['vague_description'],xlm_roberta_mdeberta_v1,
verdar_124421,verdar,0.0,positive,0.3356,0.25,18.0,normal,['vague_description'],xlm_roberta_mdeberta_v1,
tunisieannonce_ffd74fab3458,tunisieannonce,0.0,positive,0.3644,0.25,19.0,normal,['external_contact'],xlm_roberta_mdeberta_v1,
zitouna_immo_5320,zitouna_immo,0.0829,neutral,0.3333,0.0,14.98,normal,[],xlm_roberta_mdeberta_v1,
verdar_130820,verdar,0.0,positive,0.3541,0.25,18.64,normal,['vague_description'],xlm_roberta_mdeberta_v1,
verdar_131071,verdar,0.417,negative,0.3063,0.45,38.65,suspect,"['vague_description', 'no_images_suspicious']",xlm_roberta_mdeberta_v1,
verdar_130541,verdar,0.4029,negative,0.3062,0.45,38.08,suspect,"['vague_description', 'no_images_suspicious']",xlm_roberta_mdeberta_v1,
verdar_129904,verdar,0.4059,negative,0.2909,0.45,37.67,suspect,"['vague_description', 'no_images_suspicious']",xlm_roberta_mdeberta_v1,
verdar_91041,verdar,0.6269,negative,0.3972,0.55,52.73,fraud_likely,"['description_too_short', 'no_images_suspicious', 'information_incomplete']",xlm_roberta_mdeberta_v1,"Cette annonce immobilière est suspecte en raison de son score de fraude élevé (52.7/100), un sentiment négatif (score 0.63), un score de fraude zero-shot élevé (0.40), et des déclenchements de drapeaux pour une description trop courte, l'absence suspecte d'images, et des informations incomplètes."
verdar_92821,verdar,0.4411,negative,0.3146,0.45,39.9,suspect,"['vague_description', 'no_images_suspicious']",xlm_roberta_mdeberta_v1,
verdar_130764,verdar,0.4079,negative,0.2905,0.45,37.73,suspect,"['vague_description', 'no_images_suspicious']",xlm_roberta_mdeberta_v1,
zitouna_immo_5707,zitouna_immo,0.0,positive,0.2493,0.3,16.23,normal,['urgency_detected'],xlm_roberta_mdeberta_v1,
zitouna_immo_5825,zitouna_immo,0.0,positive,0.2514,0.2,13.8,normal,['no_images_suspicious'],xlm_roberta_mdeberta_v1,
zitouna_immo_6349,zitouna_immo,0.0,positive,0.2552,0.3,16.43,normal,['urgency_detected'],xlm_roberta_mdeberta_v1,
zitouna_immo_5557,zitouna_immo,0.0,positive,0.1605,0.0,5.62,normal,[],xlm_roberta_mdeberta_v1,
zitouna_immo_5775,zitouna_immo,0.0,positive,0.1813,0.0,6.35,normal,[],xlm_roberta_mdeberta_v1,
zitouna_immo_5442,zitouna_immo,0.3164,negative,0.3415,0.0,24.61,suspect,[],xlm_roberta_mdeberta_v1,
zitouna_immo_6543,zitouna_immo,0.0,positive,0.2562,0.0,8.97,normal,[],xlm_roberta_mdeberta_v1,
zitouna_immo_6536,zitouna_immo,0.0,positive,0.3447,0.5,24.56,suspect,"['urgency_detected', 'no_images_suspicious']",xlm_roberta_mdeberta_v1,
zitouna_immo_6547,zitouna_immo,0.0,positive,0.2649,0.0,9.27,normal,[],xlm_roberta_mdeberta_v1,
zitouna_immo_6546,zitouna_immo,0.0,positive,0.2484,0.0,8.69,normal,[],xlm_roberta_mdeberta_v1,
zitouna_immo_6549,zitouna_immo,0.0,positive,0.27,0.3,16.95,normal,['urgency_detected'],xlm_roberta_mdeberta_v1,
zitouna_immo_6535,zitouna_immo,0.0,positive,0.3027,0.0,10.59,normal,[],xlm_roberta_mdeberta_v1,
zitouna_immo_6545,zitouna_immo,0.0,positive,0.2821,0.0,9.87,normal,[],xlm_roberta_mdeberta_v1,
zitouna_immo_6534,zitouna_immo,0.6269,negative,0.3972,0.35,47.73,suspect,"['description_too_short', 'information_incomplete']",xlm_roberta_mdeberta_v1,
zitouna_immo_6550,zitouna_immo,0.0,positive,0.2503,0.0,8.76,normal,[],xlm_roberta_mdeberta_v1,
tunisieannonce_52a568671688,tunisieannonce,0.0,positive,0.3326,0.2,16.64,normal,['no_images_suspicious'],xlm_roberta_mdeberta_v1,
tunisieannonce_1cc51d6d4dbe,tunisieannonce,0.0,positive,0.2839,0.55,23.69,suspect,"['urgency_detected', 'external_contact']",xlm_roberta_mdeberta_v1,
tunisieannonce_1d249a67951f,tunisieannonce,0.0,positive,0.2982,0.55,24.19,suspect,"['urgency_detected', 'external_contact']",xlm_roberta_mdeberta_v1,
tunisieannonce_1d10d87d86c8,tunisieannonce,0.0,positive,0.2762,0.55,23.42,suspect,"['urgency_detected', 'external_contact']",xlm_roberta_mdeberta_v1,
tunisieannonce_24778fd25bad,tunisieannonce,0.3409,negative,0.3176,0.0,24.75,suspect,[],xlm_roberta_mdeberta_v1,
century21_14bad5d9b3c1,century21,0.3166,negative,0.3984,0.0,26.61,suspect,[],xlm_roberta_mdeberta_v1,
century21_1c856cc1789a,century21,0.0,positive,0.3745,0.55,26.86,suspect,"['urgency_detected', 'external_contact']",xlm_roberta_mdeberta_v1,
tunisieannonce_726c41a65c2a,tunisieannonce,0.0,positive,0.3777,0.0,13.22,normal,[],xlm_roberta_mdeberta_v1,
tunisieannonce_7212aa40c6e8,tunisieannonce,0.0,positive,0.4079,0.75,33.03,suspect,"['urgency_detected', 'external_contact', 'no_images_suspicious']",xlm_roberta_mdeberta_v1,
tunisieannonce_72a0c47361ce,tunisieannonce,0.0,positive,0.3326,0.45,22.89,suspect,"['external_contact', 'no_images_suspicious']",xlm_roberta_mdeberta_v1,
tunisieannonce_72e7c5196b07,tunisieannonce,0.0,positive,0.2965,0.0,10.38,normal,[],xlm_roberta_mdeberta_v1,
tunisieannonce_bf3fd0cd97af,tunisieannonce,0.0,positive,0.3652,0.3,20.28,normal,['urgency_detected'],xlm_roberta_mdeberta_v1,
tunisieannonce_be6bde8cb453,tunisieannonce,0.0,positive,0.3122,0.55,24.68,suspect,"['urgency_detected', 'external_contact']",xlm_roberta_mdeberta_v1,
newkey_130362,newkey,0.0,positive,0.2942,0.0,10.3,normal,[],xlm_roberta_mdeberta_v1,
tunisieannonce_7322cf3ffb6e,tunisieannonce,0.0,positive,0.3773,0.3,20.71,normal,['urgency_detected'],xlm_roberta_mdeberta_v1,
century21_8f3d937612a6,century21,0.2664,negative,0.3923,0.0,24.39,suspect,[],xlm_roberta_mdeberta_v1,
tunisieannonce_7320f937cdc7,tunisieannonce,0.33,negative,0.4033,0.75,46.07,suspect,"['urgency_detected', 'external_contact', 'no_images_suspicious']",xlm_roberta_mdeberta_v1,
century21_4b4643733019,century21,0.0,positive,0.368,0.0,12.88,normal,[],xlm_roberta_mdeberta_v1,
tunisieannonce_0451ce3c3af2,tunisieannonce,0.0,positive,0.33,0.55,25.3,suspect,"['urgency_detected', 'external_contact']",xlm_roberta_mdeberta_v1,
tunisieannonce_11839c09fd25,tunisieannonce,0.0,positive,0.3045,0.0,10.66,normal,[],xlm_roberta_mdeberta_v1,
tunisieannonce_75259710c0a3,tunisieannonce,0.5012,negative,0.3596,0.0,32.63,suspect,[],xlm_roberta_mdeberta_v1,
affare_259301,affare,0.0,positive,0.3773,0.0,13.21,normal,[],xlm_roberta_mdeberta_v1,
tunisieannonce_250b89ec7525,tunisieannonce,0.0,positive,0.3,0.55,24.25,suspect,"['urgency_detected', 'external_contact']",xlm_roberta_mdeberta_v1,
affare_146110,affare,0.0,positive,0.388,0.3,21.08,suspect,['urgency_detected'],xlm_roberta_mdeberta_v1,
affare_195701,affare,0.0,positive,0.3192,0.25,17.42,normal,['external_contact'],xlm_roberta_mdeberta_v1,
affare_241003,affare,0.0,positive,0.3409,0.55,25.68,suspect,"['urgency_detected', 'external_contact']",xlm_roberta_mdeberta_v1,
affare_241022,affare,0.0,positive,0.394,0.55,27.54,suspect,"['urgency_detected', 'external_contact']",xlm_roberta_mdeberta_v1,
affare_243813,affare,0.0,positive,0.3919,0.3,21.22,suspect,['urgency_detected'],xlm_roberta_mdeberta_v1,
affare_246809,affare,0.0,positive,0.406,0.25,20.46,normal,['external_contact'],xlm_roberta_mdeberta_v1,
affare_247794,affare,0.4453,negative,0.3323,0.2,34.44,suspect,['no_images_suspicious'],xlm_roberta_mdeberta_v1,
affare_253257,affare,0.0,positive,0.3809,0.75,32.08,suspect,"['urgency_detected', 'external_contact', 'no_images_suspicious']",xlm_roberta_mdeberta_v1,
affare_254506,affare,0.0,positive,0.3493,0.3,19.73,normal,['urgency_detected'],xlm_roberta_mdeberta_v1,
affare_254877,affare,0.0726,neutral,0.3595,0.75,34.24,suspect,"['urgency_detected', 'external_contact', 'no_images_suspicious']",xlm_roberta_mdeberta_v1,
tunisieannonce_251de01c5c48,tunisieannonce,0.0,positive,0.3907,0.3,21.17,suspect,['urgency_detected'],xlm_roberta_mdeberta_v1,
affare_256532,affare,0.0,positive,0.3022,0.0,10.58,normal,[],xlm_roberta_mdeberta_v1,
affare_255746,affare,0.2668,negative,0.3399,0.0,22.57,suspect,[],xlm_roberta_mdeberta_v1,
affare_256673,affare,0.0914,neutral,0.2542,0.2,17.55,normal,['no_images_suspicious'],xlm_roberta_mdeberta_v1,
affare_256894,affare,0.0927,neutral,0.3499,0.0,15.95,normal,[],xlm_roberta_mdeberta_v1,
affare_256888,affare,0.0864,neutral,0.3335,0.3,22.63,suspect,['urgency_detected'],xlm_roberta_mdeberta_v1,
affare_257667,affare,0.0,positive,0.3268,0.0,11.44,normal,[],xlm_roberta_mdeberta_v1,
affare_258248,affare,0.0,positive,0.3565,0.55,26.23,suspect,"['urgency_detected', 'external_contact']",xlm_roberta_mdeberta_v1,
affare_257898,affare,0.0879,neutral,0.4458,0.25,25.37,suspect,['external_contact'],xlm_roberta_mdeberta_v1,
affare_258481,affare,0.0,positive,0.3736,0.3,20.58,normal,['urgency_detected'],xlm_roberta_mdeberta_v1,
affare_258941,affare,0.398,negative,0.3527,0.3,35.76,suspect,['urgency_detected'],xlm_roberta_mdeberta_v1,
affare_258435,affare,0.0,positive,0.2504,0.75,27.51,suspect,"['urgency_detected', 'external_contact', 'no_images_suspicious']",xlm_roberta_mdeberta_v1,
affare_259179,affare,0.2444,negative,0.2589,0.75,37.59,suspect,"['urgency_detected', 'external_contact', 'no_images_suspicious']",xlm_roberta_mdeberta_v1,
affare_259180,affare,0.0,positive,0.2707,0.75,28.22,suspect,"['urgency_detected', 'external_contact', 'no_images_suspicious']",xlm_roberta_mdeberta_v1,
affare_259182,affare,0.0,positive,0.2584,0.55,22.79,suspect,"['urgency_detected', 'external_contact']",xlm_roberta_mdeberta_v1,
affare_259503,affare,0.0,positive,0.3478,0.2,17.17,normal,['no_images_suspicious'],xlm_roberta_mdeberta_v1,
affare_259187,affare,0.3388,negative,0.2996,0.55,37.79,suspect,"['urgency_detected', 'external_contact']",xlm_roberta_mdeberta_v1,
affare_259233,affare,0.0,positive,0.3915,0.55,27.45,suspect,"['urgency_detected', 'external_contact']",xlm_roberta_mdeberta_v1,
affare_259249,affare,0.0795,neutral,0.3591,0.55,29.5,suspect,"['urgency_detected', 'external_contact']",xlm_roberta_mdeberta_v1,
affare_259240,affare,0.0681,neutral,0.3775,0.55,29.69,suspect,"['urgency_detected', 'external_contact']",xlm_roberta_mdeberta_v1,
affare_259302,affare,0.3292,negative,0.3435,0.75,43.94,suspect,"['urgency_detected', 'external_contact', 'no_images_suspicious']",xlm_roberta_mdeberta_v1,
affare_259300,affare,0.2489,negative,0.3632,0.55,36.42,suspect,"['urgency_detected', 'external_contact']",xlm_roberta_mdeberta_v1,
affare_259314,affare,0.088,neutral,0.3513,0.75,34.57,suspect,"['urgency_detected', 'external_contact', 'no_images_suspicious']",xlm_roberta_mdeberta_v1,
affare_259306,affare,0.0844,neutral,0.4054,0.55,31.32,suspect,"['urgency_detected', 'external_contact']",xlm_roberta_mdeberta_v1,
affare_259311,affare,0.3687,negative,0.3199,0.55,39.69,suspect,"['urgency_detected', 'external_contact']",xlm_roberta_mdeberta_v1,
affare_259309,affare,0.3901,negative,0.3523,0.55,41.68,suspect,"['urgency_detected', 'external_contact']",xlm_roberta_mdeberta_v1,
affare_259414,affare,0.0,positive,0.4072,0.2,19.25,normal,['no_images_suspicious'],xlm_roberta_mdeberta_v1,
affare_259422,affare,0.0,positive,0.3498,0.0,12.24,normal,[],xlm_roberta_mdeberta_v1,
affare_259409,affare,0.0,positive,0.3351,0.2,16.73,normal,['no_images_suspicious'],xlm_roberta_mdeberta_v1,
affare_259411,affare,0.0908,neutral,0.3552,0.25,22.31,suspect,['external_contact'],xlm_roberta_mdeberta_v1,
affare_259416,affare,0.0,positive,0.3123,0.0,10.93,normal,[],xlm_roberta_mdeberta_v1,
affare_259424,affare,0.0,positive,0.3612,0.0,12.64,normal,[],xlm_roberta_mdeberta_v1,
affare_259427,affare,0.0,positive,0.3332,0.55,25.41,suspect,"['urgency_detected', 'external_contact']",xlm_roberta_mdeberta_v1,
affare_259420,affare,0.0998,neutral,0.3489,0.0,16.2,normal,[],xlm_roberta_mdeberta_v1,
affare_259485,affare,0.0,positive,0.3328,0.2,16.65,normal,['no_images_suspicious'],xlm_roberta_mdeberta_v1,
affare_259482,affare,0.0,positive,0.3246,0.0,11.36,normal,[],xlm_roberta_mdeberta_v1,
affare_259497,affare,0.4456,negative,0.2713,0.75,46.07,suspect,"['urgency_detected', 'external_contact', 'no_images_suspicious']",xlm_roberta_mdeberta_v1,
affare_259499,affare,0.2586,negative,0.2603,0.75,38.2,suspect,"['urgency_detected', 'external_contact', 'no_images_suspicious']",xlm_roberta_mdeberta_v1,
affare_259492,affare,0.0,positive,0.2951,0.0,10.33,normal,[],xlm_roberta_mdeberta_v1,
affare_259493,affare,0.0,positive,0.339,0.2,16.87,normal,['no_images_suspicious'],xlm_roberta_mdeberta_v1,
affare_259509,affare,0.3415,negative,0.307,0.75,43.16,suspect,"['urgency_detected', 'external_contact', 'no_images_suspicious']",xlm_roberta_mdeberta_v1,
affare_259511,affare,0.0744,neutral,0.3498,0.75,33.97,suspect,"['urgency_detected', 'external_contact', 'no_images_suspicious']",xlm_roberta_mdeberta_v1,
affare_259513,affare,0.0,positive,0.2783,0.75,28.49,suspect,"['urgency_detected', 'external_contact', 'no_images_suspicious']",xlm_roberta_mdeberta_v1,
tunisieannonce_6ab79e61127f,tunisieannonce,0.0,positive,0.2892,0.55,23.87,suspect,"['urgency_detected', 'external_contact']",xlm_roberta_mdeberta_v1,
affare_259557,affare,0.0,positive,0.248,0.75,27.43,suspect,"['urgency_detected', 'external_contact', 'no_images_suspicious']",xlm_roberta_mdeberta_v1,
affare_259552,affare,0.0,positive,0.3549,0.55,26.17,suspect,"['urgency_detected', 'external_contact']",xlm_roberta_mdeberta_v1,
affare_259514,affare,0.0,positive,0.3626,0.0,12.69,normal,[],xlm_roberta_mdeberta_v1,
affare_259561,affare,0.0,positive,0.3387,0.0,11.85,normal,[],xlm_roberta_mdeberta_v1,
affare_259571,affare,0.0998,neutral,0.3489,0.0,16.2,normal,[],xlm_roberta_mdeberta_v1,
affare_259572,affare,0.0,positive,0.3206,0.0,11.22,normal,[],xlm_roberta_mdeberta_v1,
tunisieannonce_6c71b2e3caf6,tunisieannonce,0.0,positive,0.3753,0.55,26.89,suspect,"['urgency_detected', 'external_contact']",xlm_roberta_mdeberta_v1,
tunisieannonce_6c87cde9e2fa,tunisieannonce,0.0,positive,0.3188,0.55,24.91,suspect,"['urgency_detected', 'external_contact']",xlm_roberta_mdeberta_v1,
tunisieannonce_6b5b235edee9,tunisieannonce,0.0,positive,0.3629,0.55,26.45,suspect,"['urgency_detected', 'external_contact']",xlm_roberta_mdeberta_v1,
tunisieannonce_6cc8819cfa02,tunisieannonce,0.0947,neutral,0.2944,0.0,14.09,normal,[],xlm_roberta_mdeberta_v1,
tunisieannonce_6d9aae4d211a,tunisieannonce,0.0,positive,0.3512,0.5,24.79,suspect,"['urgency_detected', 'no_images_suspicious']",xlm_roberta_mdeberta_v1,
tunisieannonce_6dd02084dcad,tunisieannonce,0.0,positive,0.3471,0.0,12.15,normal,[],xlm_roberta_mdeberta_v1,
tunisieannonce_6e7d256193ee,tunisieannonce,0.0,positive,0.3348,0.55,25.47,suspect,"['urgency_detected', 'external_contact']",xlm_roberta_mdeberta_v1,
tunisieannonce_6e62789d5800,tunisieannonce,0.0,positive,0.3649,0.0,12.77,normal,[],xlm_roberta_mdeberta_v1,
tunisieannonce_6e7d924fc2b0,tunisieannonce,0.0,positive,0.3695,0.3,20.43,normal,['urgency_detected'],xlm_roberta_mdeberta_v1,
tunisieannonce_6ead0b19cddc,tunisieannonce,0.0,positive,0.3554,0.55,26.19,suspect,"['urgency_detected', 'external_contact']",xlm_roberta_mdeberta_v1,
tunisieannonce_6edaf827b784,tunisieannonce,0.0,positive,0.3525,0.2,17.34,normal,['no_images_suspicious'],xlm_roberta_mdeberta_v1,
tunisieannonce_6f872d90d533,tunisieannonce,0.3471,negative,0.3502,0.55,39.89,suspect,"['urgency_detected', 'external_contact']",xlm_roberta_mdeberta_v1,
tunisieannonce_707d89c2e283,tunisieannonce,0.0,positive,0.3522,0.55,26.08,suspect,"['urgency_detected', 'external_contact']",xlm_roberta_mdeberta_v1,
tunisieannonce_70265f0f9cb7,tunisieannonce,0.0,positive,0.3118,0.75,29.66,suspect,"['urgency_detected', 'external_contact', 'no_images_suspicious']",xlm_roberta_mdeberta_v1,
tunisieannonce_719ebf6433a5,tunisieannonce,0.0,positive,0.3903,0.5,26.16,suspect,"['urgency_detected', 'no_images_suspicious']",xlm_roberta_mdeberta_v1,
tunisieannonce_734874d3caa5,tunisieannonce,0.0,positive,0.3619,0.0,12.67,normal,[],xlm_roberta_mdeberta_v1,
tunisieannonce_74606f928dcb,tunisieannonce,0.0,positive,0.3315,0.2,16.6,normal,['no_images_suspicious'],xlm_roberta_mdeberta_v1,
tunisieannonce_7470bdeb24c5,tunisieannonce,0.0,positive,0.3241,0.0,11.34,normal,[],xlm_roberta_mdeberta_v1,
tunisieannonce_7424f3276e72,tunisieannonce,0.0,positive,0.2887,0.75,28.85,suspect,"['urgency_detected', 'external_contact', 'no_images_suspicious']",xlm_roberta_mdeberta_v1,
tunisieannonce_751dc868c870,tunisieannonce,0.0,positive,0.413,0.0,14.45,normal,[],xlm_roberta_mdeberta_v1,
tunisieannonce_74d090929fc4,tunisieannonce,0.0,positive,0.3991,0.55,27.72,suspect,"['urgency_detected', 'external_contact']",xlm_roberta_mdeberta_v1,
affare_2600,affare,0.0,positive,0.3733,0.55,26.82,suspect,"['urgency_detected', 'external_contact']",xlm_roberta_mdeberta_v1,
century21_0ad72d4b28d6,century21,0.0,positive,0.412,0.55,28.17,suspect,"['urgency_detected', 'external_contact']",xlm_roberta_mdeberta_v1,
century21_13a378e74370,century21,0.0,positive,0.3797,0.0,13.29,normal,[],xlm_roberta_mdeberta_v1,
century21_224386c48ec5,century21,0.0,positive,0.3563,0.0,12.47,normal,[],xlm_roberta_mdeberta_v1,
century21_3239d5ef5c92,century21,0.0,positive,0.3536,0.0,12.38,normal,[],xlm_roberta_mdeberta_v1,
century21_3839f8e04965,century21,0.0,positive,0.3082,0.5,23.29,suspect,"['urgency_detected', 'no_images_suspicious']",xlm_roberta_mdeberta_v1,
century21_3c6dd314328c,century21,0.0822,neutral,0.407,0.2,22.53,suspect,['no_images_suspicious'],xlm_roberta_mdeberta_v1,
century21_43c73f15dc02,century21,0.0,positive,0.3308,0.0,11.58,normal,[],xlm_roberta_mdeberta_v1,
century21_4cba290f2698,century21,0.0845,neutral,0.3878,0.0,16.95,normal,[],xlm_roberta_mdeberta_v1,
century21_50f64f9a56ed,century21,0.0,positive,0.3676,0.0,12.87,normal,[],xlm_roberta_mdeberta_v1,
century21_54aaa0e8825a,century21,0.0,positive,0.346,0.0,12.11,normal,[],xlm_roberta_mdeberta_v1,
century21_60e51c18fffa,century21,0.2756,negative,0.3211,0.75,41.01,suspect,"['urgency_detected', 'external_contact', 'no_images_suspicious']",xlm_roberta_mdeberta_v1,
century21_6b303403443a,century21,0.0,positive,0.3449,0.55,25.82,suspect,"['urgency_detected', 'external_contact']",xlm_roberta_mdeberta_v1,
century21_76f0d31fb910,century21,0.303,negative,0.3762,0.0,25.29,suspect,[],xlm_roberta_mdeberta_v1,
century21_755a4e572bd1,century21,0.0935,neutral,0.4191,0.0,18.41,normal,[],xlm_roberta_mdeberta_v1,
century21_7c7f2091cc8a,century21,0.0812,neutral,0.415,0.2,22.77,suspect,['no_images_suspicious'],xlm_roberta_mdeberta_v1,
century21_7cd1268382a3,century21,0.0,positive,0.3336,0.0,11.68,normal,[],xlm_roberta_mdeberta_v1,
century21_85675cfd030e,century21,0.0,positive,0.3907,0.55,27.42,suspect,"['urgency_detected', 'external_contact']",xlm_roberta_mdeberta_v1,
century21_817792fa4c7e,century21,0.0,positive,0.3761,0.0,13.16,normal,[],xlm_roberta_mdeberta_v1,
century21_863cb3c3f707,century21,0.0,positive,0.3586,0.0,12.55,normal,[],xlm_roberta_mdeberta_v1,
century21_8aa08f52aae1,century21,0.0796,neutral,0.3367,0.0,14.97,normal,[],xlm_roberta_mdeberta_v1,
century21_a009a6e3ead9,century21,0.0,positive,0.4135,0.2,19.47,normal,['no_images_suspicious'],xlm_roberta_mdeberta_v1,
century21_b1676b1d46e9,century21,0.0891,neutral,0.3544,0.0,15.97,normal,[],xlm_roberta_mdeberta_v1,
century21_b9e77cf616bb,century21,0.0,positive,0.3985,0.0,13.95,normal,[],xlm_roberta_mdeberta_v1,
century21_be5ecde39864,century21,0.087,neutral,0.3934,0.0,17.25,normal,[],xlm_roberta_mdeberta_v1,
century21_c78c5c8758e5,century21,0.0,positive,0.3706,0.0,12.97,normal,[],xlm_roberta_mdeberta_v1,
century21_c440acfc52c4,century21,0.0,positive,0.3815,0.55,27.1,suspect,"['urgency_detected', 'external_contact']",xlm_roberta_mdeberta_v1,
century21_cb8c891a2bca,century21,0.0,positive,0.3552,0.3,19.93,normal,['urgency_detected'],xlm_roberta_mdeberta_v1,
century21_d4d2b10ba32f,century21,0.0,positive,0.3292,0.0,11.52,normal,[],xlm_roberta_mdeberta_v1,
century21_e285bce4335a,century21,0.0,positive,0.37,0.0,12.95,normal,[],xlm_roberta_mdeberta_v1,
century21_ef697770a6d0,century21,0.0,positive,0.3227,0.0,11.29,normal,[],xlm_roberta_mdeberta_v1,
century21_efcf24789982,century21,0.0,positive,0.4113,0.0,14.4,normal,[],xlm_roberta_mdeberta_v1,
century21_f409707d38d3,century21,0.0836,neutral,0.3259,0.2,19.75,normal,['no_images_suspicious'],xlm_roberta_mdeberta_v1,
century21_f50ed763a489,century21,0.2596,negative,0.358,0.75,41.66,suspect,"['urgency_detected', 'external_contact', 'no_images_suspicious']",xlm_roberta_mdeberta_v1,
century21_fad542b26bd9,century21,0.0,positive,0.3744,0.0,13.1,normal,[],xlm_roberta_mdeberta_v1,
darcom_78287,darcom,0.0,positive,0.2729,0.0,9.55,normal,[],xlm_roberta_mdeberta_v1,
darcom_40201,darcom,0.0,positive,0.3345,0.2,16.71,normal,['no_images_suspicious'],xlm_roberta_mdeberta_v1,
darcom_66895,darcom,0.0,positive,0.3828,0.0,13.4,normal,[],xlm_roberta_mdeberta_v1,
tunisieannonce_75e4f1b73c61,tunisieannonce,0.0,positive,0.2996,0.55,24.24,suspect,"['urgency_detected', 'external_contact']",xlm_roberta_mdeberta_v1,
mubawab_7296630,mubawab,0.6269,negative,0.3972,0.35,47.73,suspect,"['description_too_short', 'information_incomplete']",xlm_roberta_mdeberta_v1,
mubawab_7334380,mubawab,0.6269,negative,0.3972,0.35,47.73,suspect,"['description_too_short', 'information_incomplete']",xlm_roberta_mdeberta_v1,
mubawab_7333882,mubawab,0.6269,negative,0.3972,0.35,47.73,suspect,"['description_too_short', 'information_incomplete']",xlm_roberta_mdeberta_v1,
mubawab_7453632,mubawab,0.6269,negative,0.3972,0.35,47.73,suspect,"['description_too_short', 'information_incomplete']",xlm_roberta_mdeberta_v1,
mubawab_7811154,mubawab,0.6269,negative,0.3972,0.35,47.73,suspect,"['description_too_short', 'information_incomplete']",xlm_roberta_mdeberta_v1,
mubawab_7828788,mubawab,0.6269,negative,0.3972,0.35,47.73,suspect,"['description_too_short', 'information_incomplete']",xlm_roberta_mdeberta_v1,
mubawab_7793714,mubawab,0.6269,negative,0.3972,0.35,47.73,suspect,"['description_too_short', 'information_incomplete']",xlm_roberta_mdeberta_v1,
mubawab_7846475,mubawab,0.6269,negative,0.3972,0.35,47.73,suspect,"['description_too_short', 'information_incomplete']",xlm_roberta_mdeberta_v1,
mubawab_7887859,mubawab,0.6269,negative,0.3972,0.35,47.73,suspect,"['description_too_short', 'information_incomplete']",xlm_roberta_mdeberta_v1,
mubawab_7925569,mubawab,0.6269,negative,0.3972,0.35,47.73,suspect,"['description_too_short', 'information_incomplete']",xlm_roberta_mdeberta_v1,
mubawab_7925546,mubawab,0.6269,negative,0.3972,0.35,47.73,suspect,"['description_too_short', 'information_incomplete']",xlm_roberta_mdeberta_v1,
mubawab_7925557,mubawab,0.6269,negative,0.3972,0.35,47.73,suspect,"['description_too_short', 'information_incomplete']",xlm_roberta_mdeberta_v1,
mubawab_7916891,mubawab,0.6269,negative,0.3972,0.35,47.73,suspect,"['description_too_short', 'information_incomplete']",xlm_roberta_mdeberta_v1,
mubawab_7905866,mubawab,0.6269,negative,0.3972,0.35,47.73,suspect,"['description_too_short', 'information_incomplete']",xlm_roberta_mdeberta_v1,
mubawab_7981263,mubawab,0.6269,negative,0.3972,0.35,47.73,suspect,"['description_too_short', 'information_incomplete']",xlm_roberta_mdeberta_v1,
mubawab_7942062,mubawab,0.6269,negative,0.3972,0.35,47.73,suspect,"['description_too_short', 'information_incomplete']",xlm_roberta_mdeberta_v1,
mubawab_8175380,mubawab,0.6269,negative,0.3972,0.35,47.73,suspect,"['description_too_short', 'information_incomplete']",xlm_roberta_mdeberta_v1,
newkey_116112,newkey,0.0,positive,0.3526,0.0,12.34,normal,[],xlm_roberta_mdeberta_v1,
mubawab_7937182,mubawab,0.6269,negative,0.3972,0.35,47.73,suspect,"['description_too_short', 'information_incomplete']",xlm_roberta_mdeberta_v1,
mubawab_7966179,mubawab,0.6269,negative,0.3972,0.35,47.73,suspect,"['description_too_short', 'information_incomplete']",xlm_roberta_mdeberta_v1,
mubawab_7951202,mubawab,0.6269,negative,0.3972,0.35,47.73,suspect,"['description_too_short', 'information_incomplete']",xlm_roberta_mdeberta_v1,
mubawab_7983456,mubawab,0.6269,negative,0.3972,0.35,47.73,suspect,"['description_too_short', 'information_incomplete']",xlm_roberta_mdeberta_v1,
mubawab_7976802,mubawab,0.6269,negative,0.3972,0.35,47.73,suspect,"['description_too_short', 'information_incomplete']",xlm_roberta_mdeberta_v1,
mubawab_7996452,mubawab,0.6269,negative,0.3972,0.35,47.73,suspect,"['description_too_short', 'information_incomplete']",xlm_roberta_mdeberta_v1,
mubawab_7936878,mubawab,0.6269,negative,0.3972,0.35,47.73,suspect,"['description_too_short', 'information_incomplete']",xlm_roberta_mdeberta_v1,
mubawab_7966175,mubawab,0.6269,negative,0.3972,0.35,47.73,suspect,"['description_too_short', 'information_incomplete']",xlm_roberta_mdeberta_v1,
mubawab_8025531,mubawab,0.6269,negative,0.3972,0.35,47.73,suspect,"['description_too_short', 'information_incomplete']",xlm_roberta_mdeberta_v1,
mubawab_8003051,mubawab,0.6269,negative,0.3972,0.35,47.73,suspect,"['description_too_short', 'information_incomplete']",xlm_roberta_mdeberta_v1,
mubawab_7999581,mubawab,0.6269,negative,0.3972,0.35,47.73,suspect,"['description_too_short', 'information_incomplete']",xlm_roberta_mdeberta_v1,
mubawab_8021942,mubawab,0.6269,negative,0.3972,0.35,47.73,suspect,"['description_too_short', 'information_incomplete']",xlm_roberta_mdeberta_v1,
mubawab_8011728,mubawab,0.6269,negative,0.3972,0.35,47.73,suspect,"['description_too_short', 'information_incomplete']",xlm_roberta_mdeberta_v1,
mubawab_8013854,mubawab,0.6269,negative,0.3972,0.35,47.73,suspect,"['description_too_short', 'information_incomplete']",xlm_roberta_mdeberta_v1,
mubawab_8029899,mubawab,0.6269,negative,0.3972,0.35,47.73,suspect,"['description_too_short', 'information_incomplete']",xlm_roberta_mdeberta_v1,
newkey_115599,newkey,0.0,positive,0.3347,0.0,11.71,normal,[],xlm_roberta_mdeberta_v1,
mubawab_8010030,mubawab,0.6269,negative,0.3972,0.35,47.73,suspect,"['description_too_short', 'information_incomplete']",xlm_roberta_mdeberta_v1,
tunisieannonce_296d7dd924a2,tunisieannonce,0.5553,negative,0.3715,0.0,35.21,suspect,[],xlm_roberta_mdeberta_v1,
mubawab_8034639,mubawab,0.6269,negative,0.3972,0.35,47.73,suspect,"['description_too_short', 'information_incomplete']",xlm_roberta_mdeberta_v1,
mubawab_8040538,mubawab,0.6269,negative,0.3972,0.35,47.73,suspect,"['description_too_short', 'information_incomplete']",xlm_roberta_mdeberta_v1,
mubawab_8034640,mubawab,0.6269,negative,0.3972,0.35,47.73,suspect,"['description_too_short', 'information_incomplete']",xlm_roberta_mdeberta_v1,
mubawab_8047864,mubawab,0.6269,negative,0.3972,0.35,47.73,suspect,"['description_too_short', 'information_incomplete']",xlm_roberta_mdeberta_v1,
newkey_105144,newkey,0.0,positive,0.3809,0.0,13.33,normal,[],xlm_roberta_mdeberta_v1,
mubawab_8035209,mubawab,0.6269,negative,0.3972,0.35,47.73,suspect,"['description_too_short', 'information_incomplete']",xlm_roberta_mdeberta_v1,
mubawab_8035987,mubawab,0.6269,negative,0.3972,0.35,47.73,suspect,"['description_too_short', 'information_incomplete']",xlm_roberta_mdeberta_v1,
mubawab_8035208,mubawab,0.6269,negative,0.3972,0.35,47.73,suspect,"['description_too_short', 'information_incomplete']",xlm_roberta_mdeberta_v1,
mubawab_8035205,mubawab,0.6269,negative,0.3972,0.35,47.73,suspect,"['description_too_short', 'information_incomplete']",xlm_roberta_mdeberta_v1,
mubawab_8035210,mubawab,0.6269,negative,0.3972,0.35,47.73,suspect,"['description_too_short', 'information_incomplete']",xlm_roberta_mdeberta_v1,
mubawab_8043789,mubawab,0.6269,negative,0.3972,0.35,47.73,suspect,"['description_too_short', 'information_incomplete']",xlm_roberta_mdeberta_v1,
newkey_116510,newkey,0.0,positive,0.4016,0.2,19.06,normal,['no_images_suspicious'],xlm_roberta_mdeberta_v1,
mubawab_8080232,mubawab,0.6269,negative,0.3972,0.35,47.73,suspect,"['description_too_short', 'information_incomplete']",xlm_roberta_mdeberta_v1,
mubawab_8042065,mubawab,0.6269,negative,0.3972,0.35,47.73,suspect,"['description_too_short', 'information_incomplete']",xlm_roberta_mdeberta_v1,
mubawab_8047871,mubawab,0.6269,negative,0.3972,0.35,47.73,suspect,"['description_too_short', 'information_incomplete']",xlm_roberta_mdeberta_v1,
mubawab_8052909,mubawab,0.6269,negative,0.3972,0.35,47.73,suspect,"['description_too_short', 'information_incomplete']",xlm_roberta_mdeberta_v1,
mubawab_8077321,mubawab,0.6269,negative,0.3972,0.35,47.73,suspect,"['description_too_short', 'information_incomplete']",xlm_roberta_mdeberta_v1,
mubawab_8050040,mubawab,0.6269,negative,0.3972,0.35,47.73,suspect,"['description_too_short', 'information_incomplete']",xlm_roberta_mdeberta_v1,
mubawab_8070745,mubawab,0.6269,negative,0.3972,0.35,47.73,suspect,"['description_too_short', 'information_incomplete']",xlm_roberta_mdeberta_v1,
mubawab_8053642,mubawab,0.6269,negative,0.3972,0.35,47.73,suspect,"['description_too_short', 'information_incomplete']",xlm_roberta_mdeberta_v1,
mubawab_8048872,mubawab,0.6269,negative,0.3972,0.35,47.73,suspect,"['description_too_short', 'information_incomplete']",xlm_roberta_mdeberta_v1,
mubawab_8077591,mubawab,0.6269,negative,0.3972,0.35,47.73,suspect,"['description_too_short', 'information_incomplete']",xlm_roberta_mdeberta_v1,
newkey_123342,newkey,0.0,positive,0.3491,0.0,12.22,normal,[],xlm_roberta_mdeberta_v1,
mubawab_8078082,mubawab,0.6269,negative,0.3972,0.35,47.73,suspect,"['description_too_short', 'information_incomplete']",xlm_roberta_mdeberta_v1,
mubawab_8102030,mubawab,0.6269,negative,0.3972,0.35,47.73,suspect,"['description_too_short', 'information_incomplete']",xlm_roberta_mdeberta_v1,
mubawab_8100525,mubawab,0.6269,negative,0.3972,0.35,47.73,suspect,"['description_too_short', 'information_incomplete']",xlm_roberta_mdeberta_v1,
mubawab_8097608,mubawab,0.6269,negative,0.3972,0.35,47.73,suspect,"['description_too_short', 'information_incomplete']",xlm_roberta_mdeberta_v1,
mubawab_8080990,mubawab,0.6269,negative,0.3972,0.35,47.73,suspect,"['description_too_short', 'information_incomplete']",xlm_roberta_mdeberta_v1,
mubawab_8084600,mubawab,0.6269,negative,0.3972,0.35,47.73,suspect,"['description_too_short', 'information_incomplete']",xlm_roberta_mdeberta_v1,
mubawab_8092362,mubawab,0.6269,negative,0.3972,0.35,47.73,suspect,"['description_too_short', 'information_incomplete']",xlm_roberta_mdeberta_v1,
mubawab_8102336,mubawab,0.6269,negative,0.3972,0.35,47.73,suspect,"['description_too_short', 'information_incomplete']",xlm_roberta_mdeberta_v1,
mubawab_8087122,mubawab,0.6269,negative,0.3972,0.35,47.73,suspect,"['description_too_short', 'information_incomplete']",xlm_roberta_mdeberta_v1,
mubawab_8103162,mubawab,0.6269,negative,0.3972,0.35,47.73,suspect,"['description_too_short', 'information_incomplete']",xlm_roberta_mdeberta_v1,
mubawab_8124657,mubawab,0.6269,negative,0.3972,0.35,47.73,suspect,"['description_too_short', 'information_incomplete']",xlm_roberta_mdeberta_v1,
newkey_103478,newkey,0.0,positive,0.3357,0.0,11.75,normal,[],xlm_roberta_mdeberta_v1,
mubawab_8114326,mubawab,0.6269,negative,0.3972,0.35,47.73,suspect,"['description_too_short', 'information_incomplete']",xlm_roberta_mdeberta_v1,
mubawab_8102727,mubawab,0.6269,negative,0.3972,0.35,47.73,suspect,"['description_too_short', 'information_incomplete']",xlm_roberta_mdeberta_v1,
newkey_122278,newkey,0.0,positive,0.3462,0.2,17.12,normal,['no_images_suspicious'],xlm_roberta_mdeberta_v1,
mubawab_8113870,mubawab,0.6269,negative,0.3972,0.35,47.73,suspect,"['description_too_short', 'information_incomplete']",xlm_roberta_mdeberta_v1,
mubawab_8114014,mubawab,0.6269,negative,0.3972,0.35,47.73,suspect,"['description_too_short', 'information_incomplete']",xlm_roberta_mdeberta_v1,
newkey_123632,newkey,0.0,positive,0.3796,0.0,13.29,normal,[],xlm_roberta_mdeberta_v1,
mubawab_8120904,mubawab,0.6269,negative,0.3972,0.35,47.73,suspect,"['description_too_short', 'information_incomplete']",xlm_roberta_mdeberta_v1,
newkey_119602,newkey,0.0,positive,0.382,0.45,24.62,suspect,"['external_contact', 'no_images_suspicious']",xlm_roberta_mdeberta_v1,
mubawab_8113018,mubawab,0.6269,negative,0.3972,0.35,47.73,suspect,"['description_too_short', 'information_incomplete']",xlm_roberta_mdeberta_v1,
mubawab_8127986,mubawab,0.6269,negative,0.3972,0.35,47.73,suspect,"['description_too_short', 'information_incomplete']",xlm_roberta_mdeberta_v1,
mubawab_8127680,mubawab,0.6269,negative,0.3972,0.35,47.73,suspect,"['description_too_short', 'information_incomplete']",xlm_roberta_mdeberta_v1,
mubawab_8127117,mubawab,0.6269,negative,0.3972,0.35,47.73,suspect,"['description_too_short', 'information_incomplete']",xlm_roberta_mdeberta_v1,
mubawab_8148309,mubawab,0.6269,negative,0.3972,0.35,47.73,suspect,"['description_too_short', 'information_incomplete']",xlm_roberta_mdeberta_v1,
mubawab_8149121,mubawab,0.6269,negative,0.3972,0.35,47.73,suspect,"['description_too_short', 'information_incomplete']",xlm_roberta_mdeberta_v1,
mubawab_8162141,mubawab,0.6269,negative,0.3972,0.35,47.73,suspect,"['description_too_short', 'information_incomplete']",xlm_roberta_mdeberta_v1,
mubawab_8155025,mubawab,0.6269,negative,0.3972,0.35,47.73,suspect,"['description_too_short', 'information_incomplete']",xlm_roberta_mdeberta_v1,
mubawab_8166867,mubawab,0.6269,negative,0.3972,0.35,47.73,suspect,"['description_too_short', 'information_incomplete']",xlm_roberta_mdeberta_v1,
mubawab_8164140,mubawab,0.6269,negative,0.3972,0.35,47.73,suspect,"['description_too_short', 'information_incomplete']",xlm_roberta_mdeberta_v1,
mubawab_8167149,mubawab,0.6269,negative,0.3972,0.35,47.73,suspect,"['description_too_short', 'information_incomplete']",xlm_roberta_mdeberta_v1,
mubawab_8164224,mubawab,0.6269,negative,0.3972,0.35,47.73,suspect,"['description_too_short', 'information_incomplete']",xlm_roberta_mdeberta_v1,
mubawab_8189013,mubawab,0.6269,negative,0.3972,0.35,47.73,suspect,"['description_too_short', 'information_incomplete']",xlm_roberta_mdeberta_v1,
mubawab_8179736,mubawab,0.6269,negative,0.3972,0.35,47.73,suspect,"['description_too_short', 'information_incomplete']",xlm_roberta_mdeberta_v1,
mubawab_8183364,mubawab,0.6269,negative,0.3972,0.35,47.73,suspect,"['description_too_short', 'information_incomplete']",xlm_roberta_mdeberta_v1,
mubawab_8217405,mubawab,0.6269,negative,0.3972,0.35,47.73,suspect,"['description_too_short', 'information_incomplete']",xlm_roberta_mdeberta_v1,
tunisieannonce_2c30b584efa7,tunisieannonce,0.0,positive,0.3203,0.2,16.21,normal,['no_images_suspicious'],xlm_roberta_mdeberta_v1,
mubawab_8189506,mubawab,0.6269,negative,0.3972,0.35,47.73,suspect,"['description_too_short', 'information_incomplete']",xlm_roberta_mdeberta_v1,
mubawab_8226515,mubawab,0.6269,negative,0.3972,0.35,47.73,suspect,"['description_too_short', 'information_incomplete']",xlm_roberta_mdeberta_v1,
mubawab_8229849,mubawab,0.6269,negative,0.3972,0.35,47.73,suspect,"['description_too_short', 'information_incomplete']",xlm_roberta_mdeberta_v1,
mubawab_8228807,mubawab,0.6269,negative,0.3972,0.35,47.73,suspect,"['description_too_short', 'information_incomplete']",xlm_roberta_mdeberta_v1,
mubawab_8218911,mubawab,0.6269,negative,0.3972,0.35,47.73,suspect,"['description_too_short', 'information_incomplete']",xlm_roberta_mdeberta_v1,
mubawab_8235414,mubawab,0.6269,negative,0.3972,0.35,47.73,suspect,"['description_too_short', 'information_incomplete']",xlm_roberta_mdeberta_v1,
mubawab_8240197,mubawab,0.6269,negative,0.3972,0.35,47.73,suspect,"['description_too_short', 'information_incomplete']",xlm_roberta_mdeberta_v1,
mubawab_8238617,mubawab,0.6269,negative,0.3972,0.35,47.73,suspect,"['description_too_short', 'information_incomplete']",xlm_roberta_mdeberta_v1,
mubawab_8240827,mubawab,0.6269,negative,0.3972,0.35,47.73,suspect,"['description_too_short', 'information_incomplete']",xlm_roberta_mdeberta_v1,
mubawab_8242179,mubawab,0.6269,negative,0.3972,0.35,47.73,suspect,"['description_too_short', 'information_incomplete']",xlm_roberta_mdeberta_v1,
mubawab_8251002,mubawab,0.6269,negative,0.3972,0.35,47.73,suspect,"['description_too_short', 'information_incomplete']",xlm_roberta_mdeberta_v1,
mubawab_8244846,mubawab,0.6269,negative,0.3972,0.35,47.73,suspect,"['description_too_short', 'information_incomplete']",xlm_roberta_mdeberta_v1,
mubawab_8248661,mubawab,0.6269,negative,0.3972,0.35,47.73,suspect,"['description_too_short', 'information_incomplete']",xlm_roberta_mdeberta_v1,
mubawab_8248300,mubawab,0.6269,negative,0.3972,0.35,47.73,suspect,"['description_too_short', 'information_incomplete']",xlm_roberta_mdeberta_v1,
mubawab_8251237,mubawab,0.6269,negative,0.3972,0.35,47.73,suspect,"['description_too_short', 'information_incomplete']",xlm_roberta_mdeberta_v1,
mubawab_8255178,mubawab,0.6269,negative,0.3972,0.35,47.73,suspect,"['description_too_short', 'information_incomplete']",xlm_roberta_mdeberta_v1,
mubawab_8253811,mubawab,0.6269,negative,0.3972,0.35,47.73,suspect,"['description_too_short', 'information_incomplete']",xlm_roberta_mdeberta_v1,
mubawab_8267307,mubawab,0.6269,negative,0.3972,0.35,47.73,suspect,"['description_too_short', 'information_incomplete']",xlm_roberta_mdeberta_v1,
mubawab_8260592,mubawab,0.6269,negative,0.3972,0.35,47.73,suspect,"['description_too_short', 'information_incomplete']",xlm_roberta_mdeberta_v1,
mubawab_8261527,mubawab,0.6269,negative,0.3972,0.35,47.73,suspect,"['description_too_short', 'information_incomplete']",xlm_roberta_mdeberta_v1,
mubawab_8263584,mubawab,0.6269,negative,0.3972,0.35,47.73,suspect,"['description_too_short', 'information_incomplete']",xlm_roberta_mdeberta_v1,
mubawab_8269216,mubawab,0.6269,negative,0.3972,0.35,47.73,suspect,"['description_too_short', 'information_incomplete']",xlm_roberta_mdeberta_v1,
mubawab_8268829,mubawab,0.6269,negative,0.3972,0.35,47.73,suspect,"['description_too_short', 'information_incomplete']",xlm_roberta_mdeberta_v1,
mubawab_8270682,mubawab,0.6269,negative,0.3972,0.35,47.73,suspect,"['description_too_short', 'information_incomplete']",xlm_roberta_mdeberta_v1,
mubawab_8276074,mubawab,0.6269,negative,0.3972,0.35,47.73,suspect,"['description_too_short', 'information_incomplete']",xlm_roberta_mdeberta_v1,
mubawab_8278029,mubawab,0.6269,negative,0.3972,0.35,47.73,suspect,"['description_too_short', 'information_incomplete']",xlm_roberta_mdeberta_v1,
mubawab_8276869,mubawab,0.6269,negative,0.3972,0.35,47.73,suspect,"['description_too_short', 'information_incomplete']",xlm_roberta_mdeberta_v1,
mubawab_8280475,mubawab,0.6269,negative,0.3972,0.35,47.73,suspect,"['description_too_short', 'information_incomplete']",xlm_roberta_mdeberta_v1,
mubawab_8281539,mubawab,0.6269,negative,0.3972,0.35,47.73,suspect,"['description_too_short', 'information_incomplete']",xlm_roberta_mdeberta_v1,
mubawab_8287747,mubawab,0.6269,negative,0.3972,0.35,47.73,suspect,"['description_too_short', 'information_incomplete']",xlm_roberta_mdeberta_v1,
mubawab_8282249,mubawab,0.6269,negative,0.3972,0.35,47.73,suspect,"['description_too_short', 'information_incomplete']",xlm_roberta_mdeberta_v1,
mubawab_8292099,mubawab,0.6269,negative,0.3972,0.35,47.73,suspect,"['description_too_short', 'information_incomplete']",xlm_roberta_mdeberta_v1,
mubawab_8292175,mubawab,0.6269,negative,0.3972,0.35,47.73,suspect,"['description_too_short', 'information_incomplete']",xlm_roberta_mdeberta_v1,
newkey_114441,newkey,0.0,positive,0.3807,0.0,13.32,normal,[],xlm_roberta_mdeberta_v1,
mubawab_8292094,mubawab,0.6269,negative,0.3972,0.35,47.73,suspect,"['description_too_short', 'information_incomplete']",xlm_roberta_mdeberta_v1,
mubawab_8293014,mubawab,0.6269,negative,0.3972,0.35,47.73,suspect,"['description_too_short', 'information_incomplete']",xlm_roberta_mdeberta_v1,
newkey_122561,newkey,0.0,positive,0.3316,0.2,16.61,normal,['no_images_suspicious'],xlm_roberta_mdeberta_v1,
mubawab_8295232,mubawab,0.6269,negative,0.3972,0.35,47.73,suspect,"['description_too_short', 'information_incomplete']",xlm_roberta_mdeberta_v1,
mubawab_8296977,mubawab,0.6269,negative,0.3972,0.35,47.73,suspect,"['description_too_short', 'information_incomplete']",xlm_roberta_mdeberta_v1,
mubawab_8297277,mubawab,0.6269,negative,0.3972,0.35,47.73,suspect,"['description_too_short', 'information_incomplete']",xlm_roberta_mdeberta_v1,
mubawab_8298148,mubawab,0.6269,negative,0.3972,0.35,47.73,suspect,"['description_too_short', 'information_incomplete']",xlm_roberta_mdeberta_v1,
mubawab_8299140,mubawab,0.6269,negative,0.3972,0.35,47.73,suspect,"['description_too_short', 'information_incomplete']",xlm_roberta_mdeberta_v1,
mubawab_8301610,mubawab,0.6269,negative,0.3972,0.35,47.73,suspect,"['description_too_short', 'information_incomplete']",xlm_roberta_mdeberta_v1,
mubawab_8301360,mubawab,0.6269,negative,0.3972,0.35,47.73,suspect,"['description_too_short', 'information_incomplete']",xlm_roberta_mdeberta_v1,
mubawab_8301346,mubawab,0.6269,negative,0.3972,0.35,47.73,suspect,"['description_too_short', 'information_incomplete']",xlm_roberta_mdeberta_v1,
mubawab_8301411,mubawab,0.6269,negative,0.3972,0.35,47.73,suspect,"['description_too_short', 'information_incomplete']",xlm_roberta_mdeberta_v1,
mubawab_8303273,mubawab,0.6269,negative,0.3972,0.35,47.73,suspect,"['description_too_short', 'information_incomplete']",xlm_roberta_mdeberta_v1,
mubawab_8302491,mubawab,0.6269,negative,0.3972,0.35,47.73,suspect,"['description_too_short', 'information_incomplete']",xlm_roberta_mdeberta_v1,
mubawab_8303025,mubawab,0.6269,negative,0.3972,0.35,47.73,suspect,"['description_too_short', 'information_incomplete']",xlm_roberta_mdeberta_v1,
mubawab_8305431,mubawab,0.6269,negative,0.3972,0.35,47.73,suspect,"['description_too_short', 'information_incomplete']",xlm_roberta_mdeberta_v1,
mubawab_8305342,mubawab,0.6269,negative,0.3972,0.35,47.73,suspect,"['description_too_short', 'information_incomplete']",xlm_roberta_mdeberta_v1,
mubawab_8306626,mubawab,0.6269,negative,0.3972,0.35,47.73,suspect,"['description_too_short', 'information_incomplete']",xlm_roberta_mdeberta_v1,
mubawab_8307736,mubawab,0.6269,negative,0.3972,0.35,47.73,suspect,"['description_too_short', 'information_incomplete']",xlm_roberta_mdeberta_v1,
mubawab_8307944,mubawab,0.6269,negative,0.3972,0.35,47.73,suspect,"['description_too_short', 'information_incomplete']",xlm_roberta_mdeberta_v1,
mubawab_8308913,mubawab,0.6269,negative,0.3972,0.35,47.73,suspect,"['description_too_short', 'information_incomplete']",xlm_roberta_mdeberta_v1,
mubawab_8307794,mubawab,0.6269,negative,0.3972,0.35,47.73,suspect,"['description_too_short', 'information_incomplete']",xlm_roberta_mdeberta_v1,
mubawab_8308365,mubawab,0.6269,negative,0.3972,0.35,47.73,suspect,"['description_too_short', 'information_incomplete']",xlm_roberta_mdeberta_v1,
tunisieannonce_7717eb2ec0c3,tunisieannonce,0.0,positive,0.385,0.2,18.47,normal,['no_images_suspicious'],xlm_roberta_mdeberta_v1,
mubawab_8308446,mubawab,0.6269,negative,0.3972,0.35,47.73,suspect,"['description_too_short', 'information_incomplete']",xlm_roberta_mdeberta_v1,
mubawab_8310540,mubawab,0.6269,negative,0.3972,0.35,47.73,suspect,"['description_too_short', 'information_incomplete']",xlm_roberta_mdeberta_v1,
mubawab_8311823,mubawab,0.6269,negative,0.3972,0.35,47.73,suspect,"['description_too_short', 'information_incomplete']",xlm_roberta_mdeberta_v1,
mubawab_8311576,mubawab,0.6269,negative,0.3972,0.35,47.73,suspect,"['description_too_short', 'information_incomplete']",xlm_roberta_mdeberta_v1,
mubawab_8311870,mubawab,0.6269,negative,0.3972,0.35,47.73,suspect,"['description_too_short', 'information_incomplete']",xlm_roberta_mdeberta_v1,
mubawab_8312841,mubawab,0.6269,negative,0.3972,0.35,47.73,suspect,"['description_too_short', 'information_incomplete']",xlm_roberta_mdeberta_v1,
mubawab_8312549,mubawab,0.6269,negative,0.3972,0.35,47.73,suspect,"['description_too_short', 'information_incomplete']",xlm_roberta_mdeberta_v1,
mubawab_8312682,mubawab,0.6269,negative,0.3972,0.35,47.73,suspect,"['description_too_short', 'information_incomplete']",xlm_roberta_mdeberta_v1,
mubawab_8314567,mubawab,0.6269,negative,0.3972,0.35,47.73,suspect,"['description_too_short', 'information_incomplete']",xlm_roberta_mdeberta_v1,
mubawab_8316525,mubawab,0.6269,negative,0.3972,0.35,47.73,suspect,"['description_too_short', 'information_incomplete']",xlm_roberta_mdeberta_v1,
mubawab_8316180,mubawab,0.6269,negative,0.3972,0.35,47.73,suspect,"['description_too_short', 'information_incomplete']",xlm_roberta_mdeberta_v1,
mubawab_8316039,mubawab,0.6269,negative,0.3972,0.35,47.73,suspect,"['description_too_short', 'information_incomplete']",xlm_roberta_mdeberta_v1,
mubawab_8317120,mubawab,0.6269,negative,0.3972,0.35,47.73,suspect,"['description_too_short', 'information_incomplete']",xlm_roberta_mdeberta_v1,
mubawab_8316877,mubawab,0.6269,negative,0.3972,0.35,47.73,suspect,"['description_too_short', 'information_incomplete']",xlm_roberta_mdeberta_v1,
mubawab_8318072,mubawab,0.6269,negative,0.3972,0.35,47.73,suspect,"['description_too_short', 'information_incomplete']",xlm_roberta_mdeberta_v1,
mubawab_8317100,mubawab,0.6269,negative,0.3972,0.35,47.73,suspect,"['description_too_short', 'information_incomplete']",xlm_roberta_mdeberta_v1,
mubawab_8317786,mubawab,0.6269,negative,0.3972,0.35,47.73,suspect,"['description_too_short', 'information_incomplete']",xlm_roberta_mdeberta_v1,
mubawab_8320004,mubawab,0.6269,negative,0.3972,0.35,47.73,suspect,"['description_too_short', 'information_incomplete']",xlm_roberta_mdeberta_v1,
mubawab_8319548,mubawab,0.6269,negative,0.3972,0.35,47.73,suspect,"['description_too_short', 'information_incomplete']",xlm_roberta_mdeberta_v1,
mubawab_8318361,mubawab,0.6269,negative,0.3972,0.35,47.73,suspect,"['description_too_short', 'information_incomplete']",xlm_roberta_mdeberta_v1,
mubawab_8319924,mubawab,0.6269,negative,0.3972,0.35,47.73,suspect,"['description_too_short', 'information_incomplete']",xlm_roberta_mdeberta_v1,
mubawab_8320338,mubawab,0.6269,negative,0.3972,0.35,47.73,suspect,"['description_too_short', 'information_incomplete']",xlm_roberta_mdeberta_v1,
mubawab_8320349,mubawab,0.6269,negative,0.3972,0.35,47.73,suspect,"['description_too_short', 'information_incomplete']",xlm_roberta_mdeberta_v1,
mubawab_8320569,mubawab,0.6269,negative,0.3972,0.35,47.73,suspect,"['description_too_short', 'information_incomplete']",xlm_roberta_mdeberta_v1,
mubawab_8320358,mubawab,0.6269,negative,0.3972,0.35,47.73,suspect,"['description_too_short', 'information_incomplete']",xlm_roberta_mdeberta_v1,
mubawab_8320963,mubawab,0.6269,negative,0.3972,0.35,47.73,suspect,"['description_too_short', 'information_incomplete']",xlm_roberta_mdeberta_v1,
mubawab_8320856,mubawab,0.6269,negative,0.3972,0.35,47.73,suspect,"['description_too_short', 'information_incomplete']",xlm_roberta_mdeberta_v1,
mubawab_8320802,mubawab,0.6269,negative,0.3972,0.35,47.73,suspect,"['description_too_short', 'information_incomplete']",xlm_roberta_mdeberta_v1,
mubawab_8321523,mubawab,0.6269,negative,0.3972,0.35,47.73,suspect,"['description_too_short', 'information_incomplete']",xlm_roberta_mdeberta_v1,
mubawab_8321473,mubawab,0.6269,negative,0.3972,0.35,47.73,suspect,"['description_too_short', 'information_incomplete']",xlm_roberta_mdeberta_v1,
mubawab_8321192,mubawab,0.6269,negative,0.3972,0.35,47.73,suspect,"['description_too_short', 'information_incomplete']",xlm_roberta_mdeberta_v1,
mubawab_8321011,mubawab,0.6269,negative,0.3972,0.35,47.73,suspect,"['description_too_short', 'information_incomplete']",xlm_roberta_mdeberta_v1,
mubawab_8321375,mubawab,0.6269,negative,0.3972,0.35,47.73,suspect,"['description_too_short', 'information_incomplete']",xlm_roberta_mdeberta_v1,
mubawab_8321713,mubawab,0.6269,negative,0.3972,0.35,47.73,suspect,"['description_too_short', 'information_incomplete']",xlm_roberta_mdeberta_v1,
mubawab_8321620,mubawab,0.6269,negative,0.3972,0.35,47.73,suspect,"['description_too_short', 'information_incomplete']",xlm_roberta_mdeberta_v1,
mubawab_8321682,mubawab,0.6269,negative,0.3972,0.35,47.73,suspect,"['description_too_short', 'information_incomplete']",xlm_roberta_mdeberta_v1,
mubawab_8321631,mubawab,0.6269,negative,0.3972,0.35,47.73,suspect,"['description_too_short', 'information_incomplete']",xlm_roberta_mdeberta_v1,
mubawab_8321936,mubawab,0.6269,negative,0.3972,0.35,47.73,suspect,"['description_too_short', 'information_incomplete']",xlm_roberta_mdeberta_v1,
mubawab_8321845,mubawab,0.6269,negative,0.3972,0.35,47.73,suspect,"['description_too_short', 'information_incomplete']",xlm_roberta_mdeberta_v1,
mubawab_8321821,mubawab,0.6269,negative,0.3972,0.35,47.73,suspect,"['description_too_short', 'information_incomplete']",xlm_roberta_mdeberta_v1,
mubawab_8321802,mubawab,0.6269,negative,0.3972,0.35,47.73,suspect,"['description_too_short', 'information_incomplete']",xlm_roberta_mdeberta_v1,
mubawab_8322113,mubawab,0.6269,negative,0.3972,0.35,47.73,suspect,"['description_too_short', 'information_incomplete']",xlm_roberta_mdeberta_v1,
mubawab_8321993,mubawab,0.6269,negative,0.3972,0.35,47.73,suspect,"['description_too_short', 'information_incomplete']",xlm_roberta_mdeberta_v1,
mubawab_8324856,mubawab,0.6269,negative,0.3972,0.35,47.73,suspect,"['description_too_short', 'information_incomplete']",xlm_roberta_mdeberta_v1,
mubawab_8325464,mubawab,0.6269,negative,0.3972,0.35,47.73,suspect,"['description_too_short', 'information_incomplete']",xlm_roberta_mdeberta_v1,
mubawab_8326059,mubawab,0.6269,negative,0.3972,0.35,47.73,suspect,"['description_too_short', 'information_incomplete']",xlm_roberta_mdeberta_v1,
mubawab_8325135,mubawab,0.6269,negative,0.3972,0.35,47.73,suspect,"['description_too_short', 'information_incomplete']",xlm_roberta_mdeberta_v1,
mubawab_8325137,mubawab,0.6269,negative,0.3972,0.35,47.73,suspect,"['description_too_short', 'information_incomplete']",xlm_roberta_mdeberta_v1,
mubawab_8325449,mubawab,0.6269,negative,0.3972,0.35,47.73,suspect,"['description_too_short', 'information_incomplete']",xlm_roberta_mdeberta_v1,
mubawab_8325546,mubawab,0.6269,negative,0.3972,0.35,47.73,suspect,"['description_too_short', 'information_incomplete']",xlm_roberta_mdeberta_v1,
mubawab_8326264,mubawab,0.6269,negative,0.3972,0.35,47.73,suspect,"['description_too_short', 'information_incomplete']",xlm_roberta_mdeberta_v1,
mubawab_8326574,mubawab,0.6269,negative,0.3972,0.35,47.73,suspect,"['description_too_short', 'information_incomplete']",xlm_roberta_mdeberta_v1,
mubawab_8326104,mubawab,0.6269,negative,0.3972,0.35,47.73,suspect,"['description_too_short', 'information_incomplete']",xlm_roberta_mdeberta_v1,
mubawab_8327250,mubawab,0.6269,negative,0.3972,0.35,47.73,suspect,"['description_too_short', 'information_incomplete']",xlm_roberta_mdeberta_v1,
newkey_115146,newkey,0.0,positive,0.3394,0.2,16.88,normal,['no_images_suspicious'],xlm_roberta_mdeberta_v1,
newkey_112425,newkey,0.0,positive,0.2732,0.0,9.56,normal,[],xlm_roberta_mdeberta_v1,
newkey_113083,newkey,0.0,positive,0.3588,0.0,12.56,normal,[],xlm_roberta_mdeberta_v1,
newkey_113170,newkey,0.0,positive,0.318,0.0,11.13,normal,[],xlm_roberta_mdeberta_v1,
newkey_114413,newkey,0.0,positive,0.3435,0.45,23.27,suspect,"['external_contact', 'no_images_suspicious']",xlm_roberta_mdeberta_v1,
newkey_114373,newkey,0.0,positive,0.2706,0.2,14.47,normal,['no_images_suspicious'],xlm_roberta_mdeberta_v1,
newkey_114365,newkey,0.0,positive,0.2945,0.0,10.31,normal,[],xlm_roberta_mdeberta_v1,
newkey_115184,newkey,0.0,positive,0.3301,0.2,16.55,normal,['no_images_suspicious'],xlm_roberta_mdeberta_v1,
newkey_114452,newkey,0.0,positive,0.3331,0.2,16.66,normal,['no_images_suspicious'],xlm_roberta_mdeberta_v1,
newkey_116335,newkey,0.0,positive,0.3623,0.2,17.68,normal,['no_images_suspicious'],xlm_roberta_mdeberta_v1,
newkey_116679,newkey,0.0,positive,0.4091,0.0,14.32,normal,[],xlm_roberta_mdeberta_v1,
newkey_117917,newkey,0.0,positive,0.3461,0.25,18.36,normal,['external_contact'],xlm_roberta_mdeberta_v1,
newkey_117480,newkey,0.0,positive,0.3336,0.2,16.68,normal,['no_images_suspicious'],xlm_roberta_mdeberta_v1,
newkey_119230,newkey,0.0,positive,0.3022,0.25,16.83,normal,['external_contact'],xlm_roberta_mdeberta_v1,
newkey_120100,newkey,0.0,positive,0.3556,0.45,23.7,suspect,"['external_contact', 'no_images_suspicious']",xlm_roberta_mdeberta_v1,
newkey_118880,newkey,0.0,positive,0.3895,0.0,13.63,normal,[],xlm_roberta_mdeberta_v1,
newkey_120889,newkey,0.0,positive,0.3648,0.0,12.77,normal,[],xlm_roberta_mdeberta_v1,
newkey_120486,newkey,0.0,positive,0.4093,0.0,14.33,normal,[],xlm_roberta_mdeberta_v1,
newkey_121132,newkey,0.0,positive,0.3297,0.45,22.79,suspect,"['external_contact', 'no_images_suspicious']",xlm_roberta_mdeberta_v1,
newkey_122030,newkey,0.0,positive,0.3501,0.2,17.25,normal,['no_images_suspicious'],xlm_roberta_mdeberta_v1,
newkey_122027,newkey,0.0,positive,0.3399,0.0,11.9,normal,[],xlm_roberta_mdeberta_v1,
newkey_122850,newkey,0.0,positive,0.3734,0.2,18.07,normal,['no_images_suspicious'],xlm_roberta_mdeberta_v1,
newkey_122905,newkey,0.0,positive,0.34,0.0,11.9,normal,[],xlm_roberta_mdeberta_v1,
newkey_123672,newkey,0.0,positive,0.3571,0.0,12.5,normal,[],xlm_roberta_mdeberta_v1,
newkey_122909,newkey,0.0,positive,0.3275,0.2,16.46,normal,['no_images_suspicious'],xlm_roberta_mdeberta_v1,
newkey_122982,newkey,0.0,positive,0.3184,0.0,11.14,normal,[],xlm_roberta_mdeberta_v1,
newkey_123044,newkey,0.0,positive,0.3142,0.25,17.25,normal,['external_contact'],xlm_roberta_mdeberta_v1,
newkey_123040,newkey,0.0,positive,0.3442,0.0,12.05,normal,[],xlm_roberta_mdeberta_v1,
newkey_123134,newkey,0.0,positive,0.3231,0.0,11.31,normal,[],xlm_roberta_mdeberta_v1,
newkey_123138,newkey,0.0,positive,0.3092,0.25,17.07,normal,['external_contact'],xlm_roberta_mdeberta_v1,
newkey_123384,newkey,0.0,positive,0.3522,0.0,12.33,normal,[],xlm_roberta_mdeberta_v1,
newkey_123208,newkey,0.0,positive,0.3596,0.2,17.59,normal,['no_images_suspicious'],xlm_roberta_mdeberta_v1,
newkey_123530,newkey,0.0,positive,0.335,0.25,17.97,normal,['external_contact'],xlm_roberta_mdeberta_v1,
newkey_123461,newkey,0.0,positive,0.3878,0.0,13.57,normal,[],xlm_roberta_mdeberta_v1,
newkey_123699,newkey,0.0,positive,0.3331,0.25,17.91,normal,['external_contact'],xlm_roberta_mdeberta_v1,
newkey_124015,newkey,0.0,positive,0.2614,0.0,9.15,normal,[],xlm_roberta_mdeberta_v1,
newkey_124031,newkey,0.0,positive,0.3195,0.75,29.93,suspect,"['urgency_detected', 'external_contact', 'no_images_suspicious']",xlm_roberta_mdeberta_v1,
newkey_124071,newkey,0.0,positive,0.3293,0.0,11.53,normal,[],xlm_roberta_mdeberta_v1,
newkey_128253,newkey,0.0,positive,0.3403,0.0,11.91,normal,[],xlm_roberta_mdeberta_v1,
newkey_124109,newkey,0.0,positive,0.3621,0.0,12.67,normal,[],xlm_roberta_mdeberta_v1,
newkey_124355,newkey,0.0,positive,0.3155,0.25,17.29,normal,['external_contact'],xlm_roberta_mdeberta_v1,
newkey_124523,newkey,0.0,positive,0.3082,0.25,17.04,normal,['external_contact'],xlm_roberta_mdeberta_v1,
newkey_124544,newkey,0.0,positive,0.3674,0.0,12.86,normal,[],xlm_roberta_mdeberta_v1,
newkey_124570,newkey,0.0,positive,0.3411,0.25,18.19,normal,['external_contact'],xlm_roberta_mdeberta_v1,
newkey_124702,newkey,0.0,positive,0.4044,0.0,14.15,normal,[],xlm_roberta_mdeberta_v1,
newkey_125012,newkey,0.0,positive,0.3717,0.0,13.01,normal,[],xlm_roberta_mdeberta_v1,
newkey_124907,newkey,0.0,positive,0.3297,0.25,17.79,normal,['external_contact'],xlm_roberta_mdeberta_v1,
newkey_125024,newkey,0.0,positive,0.3387,0.25,18.1,normal,['external_contact'],xlm_roberta_mdeberta_v1,
newkey_124970,newkey,0.0,positive,0.34,0.0,11.9,normal,[],xlm_roberta_mdeberta_v1,
newkey_127781,newkey,0.0,positive,0.3523,0.25,18.58,normal,['external_contact'],xlm_roberta_mdeberta_v1,
newkey_127728,newkey,0.0,positive,0.3132,0.25,17.21,normal,['external_contact'],xlm_roberta_mdeberta_v1,
newkey_125026,newkey,0.0,positive,0.3142,0.25,17.25,normal,['external_contact'],xlm_roberta_mdeberta_v1,
newkey_127722,newkey,0.0,positive,0.3652,0.25,19.03,normal,['external_contact'],xlm_roberta_mdeberta_v1,
newkey_127771,newkey,0.0,positive,0.382,0.0,13.37,normal,[],xlm_roberta_mdeberta_v1,
newkey_128203,newkey,0.0,positive,0.3985,0.0,13.95,normal,[],xlm_roberta_mdeberta_v1,
newkey_128098,newkey,0.0,positive,0.3526,0.0,12.34,normal,[],xlm_roberta_mdeberta_v1,
newkey_128324,newkey,0.6269,negative,0.3972,0.35,47.73,suspect,"['description_too_short', 'information_incomplete']",xlm_roberta_mdeberta_v1,
newkey_128377,newkey,0.0,positive,0.3708,0.0,12.98,normal,[],xlm_roberta_mdeberta_v1,
newkey_128479,newkey,0.0,positive,0.3303,0.25,17.81,normal,['external_contact'],xlm_roberta_mdeberta_v1,
newkey_128669,newkey,0.0,positive,0.3707,0.0,12.97,normal,[],xlm_roberta_mdeberta_v1,
newkey_128697,newkey,0.0,positive,0.2869,0.0,10.04,normal,[],xlm_roberta_mdeberta_v1,
newkey_128542,newkey,0.0,positive,0.4221,0.2,19.77,normal,['no_images_suspicious'],xlm_roberta_mdeberta_v1,
newkey_128530,newkey,0.0,positive,0.3367,0.0,11.78,normal,[],xlm_roberta_mdeberta_v1,
newkey_128689,newkey,0.0,positive,0.3926,0.0,13.74,normal,[],xlm_roberta_mdeberta_v1,
newkey_128984,newkey,0.0,positive,0.3582,0.0,12.54,normal,[],xlm_roberta_mdeberta_v1,
newkey_128978,newkey,0.0,positive,0.3157,0.25,17.3,normal,['external_contact'],xlm_roberta_mdeberta_v1,
newkey_128925,newkey,0.0,positive,0.3063,0.45,21.97,suspect,"['external_contact', 'no_images_suspicious']",xlm_roberta_mdeberta_v1,
newkey_129223,newkey,0.0,positive,0.3949,0.0,13.82,normal,[],xlm_roberta_mdeberta_v1,
newkey_129207,newkey,0.0,positive,0.3297,0.0,11.54,normal,[],xlm_roberta_mdeberta_v1,
newkey_129493,newkey,0.0,positive,0.262,0.2,14.17,normal,['no_images_suspicious'],xlm_roberta_mdeberta_v1,
newkey_129383,newkey,0.0,positive,0.3181,0.2,16.13,normal,['no_images_suspicious'],xlm_roberta_mdeberta_v1,
newkey_129651,newkey,0.0,positive,0.2919,0.0,10.22,normal,[],xlm_roberta_mdeberta_v1,
newkey_129647,newkey,0.0,positive,0.3786,0.2,18.25,normal,['no_images_suspicious'],xlm_roberta_mdeberta_v1,
newkey_129739,newkey,0.0,positive,0.3341,0.45,22.94,suspect,"['external_contact', 'no_images_suspicious']",xlm_roberta_mdeberta_v1,
newkey_130028,newkey,0.0,positive,0.3084,0.2,15.79,normal,['no_images_suspicious'],xlm_roberta_mdeberta_v1,
newkey_129571,newkey,0.0,positive,0.2904,0.2,15.16,normal,['no_images_suspicious'],xlm_roberta_mdeberta_v1,
newkey_129818,newkey,0.0,positive,0.2888,0.3,17.61,normal,['urgency_detected'],xlm_roberta_mdeberta_v1,
newkey_129849,newkey,0.0,positive,0.2664,0.0,9.32,normal,[],xlm_roberta_mdeberta_v1,
newkey_129791,newkey,0.0,positive,0.328,0.45,22.73,suspect,"['external_contact', 'no_images_suspicious']",xlm_roberta_mdeberta_v1,
newkey_130161,newkey,0.0,positive,0.34,0.2,16.9,normal,['no_images_suspicious'],xlm_roberta_mdeberta_v1,
newkey_129767,newkey,0.0,positive,0.3053,0.25,16.94,normal,['external_contact'],xlm_roberta_mdeberta_v1,
newkey_129766,newkey,0.0,positive,0.3343,0.75,30.45,suspect,"['urgency_detected', 'external_contact', 'no_images_suspicious']",xlm_roberta_mdeberta_v1,
newkey_129864,newkey,0.0,positive,0.3228,0.0,11.3,normal,[],xlm_roberta_mdeberta_v1,
newkey_129924,newkey,0.0,positive,0.2893,0.0,10.13,normal,[],xlm_roberta_mdeberta_v1,
newkey_129867,newkey,0.0,positive,0.3555,0.2,17.44,normal,['no_images_suspicious'],xlm_roberta_mdeberta_v1,
newkey_130222,newkey,0.0,positive,0.3592,0.2,17.57,normal,['no_images_suspicious'],xlm_roberta_mdeberta_v1,
newkey_130380,newkey,0.0,positive,0.3358,0.0,11.75,normal,[],xlm_roberta_mdeberta_v1,
newkey_130189,newkey,0.0,positive,0.3105,0.0,10.87,normal,[],xlm_roberta_mdeberta_v1,
newkey_130430,newkey,0.0,positive,0.3086,0.25,17.05,normal,['external_contact'],xlm_roberta_mdeberta_v1,
newkey_130435,newkey,0.0,positive,0.3747,0.25,19.36,normal,['external_contact'],xlm_roberta_mdeberta_v1,
newkey_130604,newkey,0.0,positive,0.3479,0.0,12.18,normal,[],xlm_roberta_mdeberta_v1,
tunisieannonce_2e7a078000ea,tunisieannonce,0.0,positive,0.3497,0.0,12.24,normal,[],xlm_roberta_mdeberta_v1,
newkey_130525,newkey,0.0,positive,0.3239,0.25,17.59,normal,['external_contact'],xlm_roberta_mdeberta_v1,
newkey_130627,newkey,0.0,positive,0.3696,0.0,12.94,normal,[],xlm_roberta_mdeberta_v1,
newkey_130690,newkey,0.0,positive,0.3211,0.25,17.49,normal,['external_contact'],xlm_roberta_mdeberta_v1,
newkey_70942,newkey,0.0,positive,0.2805,0.2,14.82,normal,['no_images_suspicious'],xlm_roberta_mdeberta_v1,
newkey_130692,newkey,0.0,positive,0.3497,0.25,18.49,normal,['external_contact'],xlm_roberta_mdeberta_v1,
tunisieannonce_008b23cb6a21,tunisieannonce,0.0,positive,0.2477,0.0,8.67,normal,[],xlm_roberta_mdeberta_v1,
tunisieannonce_01872a2d0cba,tunisieannonce,0.0,positive,0.2614,0.0,9.15,normal,[],xlm_roberta_mdeberta_v1,
tunisieannonce_018a3fc4f286,tunisieannonce,0.0,positive,0.3564,0.0,12.47,normal,[],xlm_roberta_mdeberta_v1,
tunisieannonce_0288217ea7e8,tunisieannonce,0.0,positive,0.285,0.0,9.97,normal,[],xlm_roberta_mdeberta_v1,
tunisieannonce_024ee790f4dd,tunisieannonce,0.0,positive,0.3608,0.25,18.88,normal,['external_contact'],xlm_roberta_mdeberta_v1,
tunisieannonce_0317e5929a3e,tunisieannonce,0.0,positive,0.4156,0.5,27.05,suspect,"['urgency_detected', 'no_images_suspicious']",xlm_roberta_mdeberta_v1,
tunisieannonce_03262d41acb4,tunisieannonce,0.0,positive,0.3235,0.2,16.32,normal,['no_images_suspicious'],xlm_roberta_mdeberta_v1,
tunisieannonce_031253e6609c,tunisieannonce,0.0,positive,0.3217,0.0,11.26,normal,[],xlm_roberta_mdeberta_v1,
tunisieannonce_03d85d888e67,tunisieannonce,0.0,positive,0.3111,0.2,15.89,normal,['no_images_suspicious'],xlm_roberta_mdeberta_v1,
tunisieannonce_03fb719ffd85,tunisieannonce,0.0,positive,0.3604,0.0,12.61,normal,[],xlm_roberta_mdeberta_v1,
tunisieannonce_04d647055e17,tunisieannonce,0.0,positive,0.3791,0.55,27.02,suspect,"['urgency_detected', 'external_contact']",xlm_roberta_mdeberta_v1,
tunisieannonce_052f1660b10b,tunisieannonce,0.0,positive,0.4089,0.0,14.31,normal,[],xlm_roberta_mdeberta_v1,
tunisieannonce_050aa74957c5,tunisieannonce,0.0,positive,0.3339,0.25,17.94,normal,['external_contact'],xlm_roberta_mdeberta_v1,
tunisieannonce_067e0d0fa300,tunisieannonce,0.0,positive,0.3255,0.75,30.14,suspect,"['urgency_detected', 'external_contact', 'no_images_suspicious']",xlm_roberta_mdeberta_v1,
tunisieannonce_06dc53b94980,tunisieannonce,0.0,positive,0.3253,0.2,16.39,normal,['no_images_suspicious'],xlm_roberta_mdeberta_v1,
tunisieannonce_069b832aa66d,tunisieannonce,0.0866,neutral,0.3583,0.0,16.0,normal,[],xlm_roberta_mdeberta_v1,
tunisieannonce_303785b68428,tunisieannonce,0.0,positive,0.3044,0.0,10.65,normal,[],xlm_roberta_mdeberta_v1,
tunisieannonce_078d6b6f1d1a,tunisieannonce,0.1003,neutral,0.338,0.2,20.84,normal,['no_images_suspicious'],xlm_roberta_mdeberta_v1,
tunisieannonce_0832fb265089,tunisieannonce,0.0,positive,0.334,0.25,17.94,normal,['external_contact'],xlm_roberta_mdeberta_v1,
tunisieannonce_08a0f3a06940,tunisieannonce,0.0,positive,0.3956,0.55,27.6,suspect,"['urgency_detected', 'external_contact']",xlm_roberta_mdeberta_v1,
tunisieannonce_08ec64f3f2e1,tunisieannonce,0.0,positive,0.3277,0.3,18.97,normal,['urgency_detected'],xlm_roberta_mdeberta_v1,
tunisieannonce_0938c485f8d2,tunisieannonce,0.0,positive,0.4122,0.75,33.18,suspect,"['urgency_detected', 'external_contact', 'no_images_suspicious']",xlm_roberta_mdeberta_v1,
tunisieannonce_0aa1dd089128,tunisieannonce,0.0,positive,0.3305,0.0,11.57,normal,[],xlm_roberta_mdeberta_v1,
tunisieannonce_08e2b11e60a7,tunisieannonce,0.0,positive,0.3329,0.0,11.65,normal,[],xlm_roberta_mdeberta_v1,
tunisieannonce_096bdeceadb3,tunisieannonce,0.0,positive,0.3341,0.0,11.69,normal,[],xlm_roberta_mdeberta_v1,
tunisieannonce_0a1ce4665261,tunisieannonce,0.0,positive,0.333,0.25,17.9,normal,['external_contact'],xlm_roberta_mdeberta_v1,
tunisieannonce_09fd514f05cb,tunisieannonce,0.0,positive,0.3578,0.25,18.77,normal,['external_contact'],xlm_roberta_mdeberta_v1,
tunisieannonce_09b1bae71919,tunisieannonce,0.0,positive,0.3542,0.3,19.9,normal,['urgency_detected'],xlm_roberta_mdeberta_v1,
tunisieannonce_383fbcf28efb,tunisieannonce,0.0,positive,0.2974,0.0,10.41,normal,[],xlm_roberta_mdeberta_v1,
tunisieannonce_0a9a62902297,tunisieannonce,0.0,positive,0.3278,0.0,11.47,normal,[],xlm_roberta_mdeberta_v1,
tunisieannonce_0a325feecb2c,tunisieannonce,0.0,positive,0.3078,0.55,24.52,suspect,"['urgency_detected', 'external_contact']",xlm_roberta_mdeberta_v1,
tunisieannonce_0b8304ef4963,tunisieannonce,0.0,positive,0.3473,0.0,12.16,normal,[],xlm_roberta_mdeberta_v1,
tunisieannonce_0c070504db86,tunisieannonce,0.0,positive,0.3145,0.3,18.51,normal,['urgency_detected'],xlm_roberta_mdeberta_v1,
tunisieannonce_0d701ea516e2,tunisieannonce,0.0,positive,0.3583,0.25,18.79,normal,['external_contact'],xlm_roberta_mdeberta_v1,
tunisieannonce_0c226ed4006a,tunisieannonce,0.0,positive,0.2926,0.0,10.24,normal,[],xlm_roberta_mdeberta_v1,
tunisieannonce_0c0c6db28f6c,tunisieannonce,0.0,positive,0.3347,0.5,24.21,suspect,"['urgency_detected', 'no_images_suspicious']",xlm_roberta_mdeberta_v1,
tunisieannonce_0cac0f203518,tunisieannonce,0.0,positive,0.3019,0.0,10.57,normal,[],xlm_roberta_mdeberta_v1,
tunisieannonce_0cf2492edd95,tunisieannonce,0.0,positive,0.3324,0.0,11.63,normal,[],xlm_roberta_mdeberta_v1,
tunisieannonce_0d4c5de07bf8,tunisieannonce,0.0,positive,0.3585,0.2,17.55,normal,['no_images_suspicious'],xlm_roberta_mdeberta_v1,
tunisieannonce_0e4dd3b183be,tunisieannonce,0.0,positive,0.3378,0.3,19.32,normal,['urgency_detected'],xlm_roberta_mdeberta_v1,
tunisieannonce_0df7b61c664f,tunisieannonce,0.0,positive,0.4152,0.0,14.53,normal,[],xlm_roberta_mdeberta_v1,
tunisieannonce_0e00fd23a870,tunisieannonce,0.0,positive,0.2455,0.0,8.59,normal,[],xlm_roberta_mdeberta_v1,
tunisieannonce_0e99f9eab281,tunisieannonce,0.0,positive,0.3802,0.55,27.06,suspect,"['urgency_detected', 'external_contact']",xlm_roberta_mdeberta_v1,
tunisieannonce_0ec6330c6548,tunisieannonce,0.0,positive,0.3049,0.75,29.42,suspect,"['urgency_detected', 'external_contact', 'no_images_suspicious']",xlm_roberta_mdeberta_v1,
tunisieannonce_0e897ded0f62,tunisieannonce,0.0767,neutral,0.4391,0.25,24.69,suspect,['external_contact'],xlm_roberta_mdeberta_v1,
tunisieannonce_0f1b30afce1d,tunisieannonce,0.0,positive,0.3245,0.0,11.36,normal,[],xlm_roberta_mdeberta_v1,
tunisieannonce_0f4aea7aa51e,tunisieannonce,0.0,positive,0.3632,0.2,17.71,normal,['no_images_suspicious'],xlm_roberta_mdeberta_v1,
tunisieannonce_10117993de70,tunisieannonce,0.0,positive,0.3512,0.0,12.29,normal,[],xlm_roberta_mdeberta_v1,
tunisieannonce_1003dc04cad5,tunisieannonce,0.3515,negative,0.4204,0.55,42.52,suspect,"['urgency_detected', 'external_contact']",xlm_roberta_mdeberta_v1,
tunisieannonce_10834ecd53ad,tunisieannonce,0.0,positive,0.3516,0.3,19.81,normal,['urgency_detected'],xlm_roberta_mdeberta_v1,
tunisieannonce_0ff9a830ac93,tunisieannonce,0.0,positive,0.37,0.2,17.95,normal,['no_images_suspicious'],xlm_roberta_mdeberta_v1,
tunisieannonce_10b0ed26f13b,tunisieannonce,0.0,positive,0.3541,0.0,12.39,normal,[],xlm_roberta_mdeberta_v1,
tunisieannonce_10d7dc8f26ea,tunisieannonce,0.0,positive,0.366,0.45,24.06,suspect,"['external_contact', 'no_images_suspicious']",xlm_roberta_mdeberta_v1,
tunisieannonce_10ec510df311,tunisieannonce,0.0,positive,0.2578,0.75,27.77,suspect,"['urgency_detected', 'external_contact', 'no_images_suspicious']",xlm_roberta_mdeberta_v1,
tunisieannonce_1169b2a65e52,tunisieannonce,0.0,positive,0.2763,0.0,9.67,normal,[],xlm_roberta_mdeberta_v1,
tunisieannonce_1291aae5fc9f,tunisieannonce,0.3256,negative,0.3157,0.5,36.57,suspect,"['urgency_detected', 'no_images_suspicious']",xlm_roberta_mdeberta_v1,
tunisieannonce_12944bc25951,tunisieannonce,0.0,positive,0.3914,0.0,13.7,normal,[],xlm_roberta_mdeberta_v1,
tunisieannonce_128547791feb,tunisieannonce,0.0751,neutral,0.3611,0.0,15.64,normal,[],xlm_roberta_mdeberta_v1,
tunisieannonce_141f8daddc30,tunisieannonce,0.1945,negative,0.3565,0.0,20.26,normal,[],xlm_roberta_mdeberta_v1,
tunisieannonce_53f15882bb3b,tunisieannonce,0.0,positive,0.2997,0.2,15.49,normal,['no_images_suspicious'],xlm_roberta_mdeberta_v1,
tunisieannonce_1335b659aa60,tunisieannonce,0.0,positive,0.3475,0.0,12.16,normal,[],xlm_roberta_mdeberta_v1,
tunisieannonce_14c17f2dd17e,tunisieannonce,0.0773,neutral,0.2925,0.45,24.58,suspect,"['vague_description', 'no_images_suspicious']",xlm_roberta_mdeberta_v1,
tunisieannonce_146df09152c4,tunisieannonce,0.0,positive,0.3838,0.25,19.68,normal,['external_contact'],xlm_roberta_mdeberta_v1,
tunisieannonce_14b5bfb71690,tunisieannonce,0.0,positive,0.4139,0.0,14.49,normal,[],xlm_roberta_mdeberta_v1,
tunisieannonce_1537155e73d2,tunisieannonce,0.0,positive,0.3808,0.55,27.08,suspect,"['urgency_detected', 'external_contact']",xlm_roberta_mdeberta_v1,
tunisieannonce_15873f382255,tunisieannonce,0.0,positive,0.343,0.55,25.75,suspect,"['urgency_detected', 'external_contact']",xlm_roberta_mdeberta_v1,
tunisieannonce_158cc6dcf625,tunisieannonce,0.3429,negative,0.3838,0.55,40.9,suspect,"['urgency_detected', 'external_contact']",xlm_roberta_mdeberta_v1,
tunisieannonce_1629b9730ca9,tunisieannonce,0.0,positive,0.4163,0.25,20.82,normal,['external_contact'],xlm_roberta_mdeberta_v1,
tunisieannonce_1612e325c5b7,tunisieannonce,0.0,positive,0.3463,0.55,25.87,suspect,"['urgency_detected', 'external_contact']",xlm_roberta_mdeberta_v1,
tunisieannonce_174019a4d537,tunisieannonce,0.0,positive,0.3812,0.25,19.59,normal,['external_contact'],xlm_roberta_mdeberta_v1,
tunisieannonce_16489211cab2,tunisieannonce,0.0,positive,0.388,0.0,13.58,normal,[],xlm_roberta_mdeberta_v1,
tunisieannonce_17090bdc8a12,tunisieannonce,0.0935,neutral,0.3225,0.2,20.03,normal,['no_images_suspicious'],xlm_roberta_mdeberta_v1,
tunisieannonce_16fe2d9b12ad,tunisieannonce,0.0,positive,0.3771,0.0,13.2,normal,[],xlm_roberta_mdeberta_v1,
tunisieannonce_1766a8636cdc,tunisieannonce,0.0,positive,0.3761,0.45,24.41,suspect,"['external_contact', 'no_images_suspicious']",xlm_roberta_mdeberta_v1,
tunisieannonce_1742ab409998,tunisieannonce,0.0,positive,0.2526,0.3,16.34,normal,['urgency_detected'],xlm_roberta_mdeberta_v1,
tunisieannonce_18a225d64af2,tunisieannonce,0.0,positive,0.3918,0.45,24.96,suspect,"['external_contact', 'no_images_suspicious']",xlm_roberta_mdeberta_v1,
tunisieannonce_18a8fef8c13b,tunisieannonce,0.0,positive,0.3687,0.75,31.65,suspect,"['urgency_detected', 'external_contact', 'no_images_suspicious']",xlm_roberta_mdeberta_v1,
tunisieannonce_182ffa9a5ef8,tunisieannonce,0.0,positive,0.3387,0.0,11.85,normal,[],xlm_roberta_mdeberta_v1,
tunisieannonce_18893e6d4628,tunisieannonce,0.2499,negative,0.3663,0.0,22.82,suspect,[],xlm_roberta_mdeberta_v1,
tunisieannonce_193d31aa695e,tunisieannonce,0.0,positive,0.3552,0.0,12.43,normal,[],xlm_roberta_mdeberta_v1,
tunisieannonce_19404c7572ab,tunisieannonce,0.0,positive,0.407,0.75,32.99,suspect,"['urgency_detected', 'external_contact', 'no_images_suspicious']",xlm_roberta_mdeberta_v1,
tunisieannonce_1965bab2dcc8,tunisieannonce,0.0,positive,0.2614,0.2,14.15,normal,['no_images_suspicious'],xlm_roberta_mdeberta_v1,
tunisieannonce_19fac143e823,tunisieannonce,0.0,positive,0.3345,0.25,17.96,normal,['external_contact'],xlm_roberta_mdeberta_v1,
tunisieannonce_199d93586d12,tunisieannonce,0.0,positive,0.3125,0.3,18.44,normal,['urgency_detected'],xlm_roberta_mdeberta_v1,
tunisieannonce_1a8dd39a27ee,tunisieannonce,0.0,positive,0.3436,0.0,12.03,normal,[],xlm_roberta_mdeberta_v1,
tunisieannonce_1a5c96024997,tunisieannonce,0.0,positive,0.4025,0.0,14.09,normal,[],xlm_roberta_mdeberta_v1,
tunisieannonce_1b487054cc67,tunisieannonce,0.0,positive,0.3018,0.0,10.56,normal,[],xlm_roberta_mdeberta_v1,
tunisieannonce_1b944dc7ab05,tunisieannonce,0.3174,negative,0.3476,0.45,36.11,suspect,"['external_contact', 'no_images_suspicious']",xlm_roberta_mdeberta_v1,
tunisieannonce_1b4105b95f75,tunisieannonce,0.0,positive,0.3793,0.45,24.53,suspect,"['external_contact', 'no_images_suspicious']",xlm_roberta_mdeberta_v1,
tunisieannonce_1b9a59418cd2,tunisieannonce,0.0,positive,0.373,0.0,13.05,normal,[],xlm_roberta_mdeberta_v1,
tunisieannonce_1d9c6d635652,tunisieannonce,0.0,positive,0.3964,0.0,13.87,normal,[],xlm_roberta_mdeberta_v1,
tunisieannonce_1e133d6f7688,tunisieannonce,0.0,positive,0.3638,0.55,26.48,suspect,"['urgency_detected', 'external_contact']",xlm_roberta_mdeberta_v1,
tunisieannonce_1dacda7de231,tunisieannonce,0.0,positive,0.3702,0.2,17.96,normal,['no_images_suspicious'],xlm_roberta_mdeberta_v1,
tunisieannonce_1d87c0451393,tunisieannonce,0.0,positive,0.3203,0.3,18.71,normal,['urgency_detected'],xlm_roberta_mdeberta_v1,
tunisieannonce_1ecc16626706,tunisieannonce,0.0,positive,0.3383,0.75,30.59,suspect,"['urgency_detected', 'external_contact', 'no_images_suspicious']",xlm_roberta_mdeberta_v1,
tunisieannonce_1e70f780bee1,tunisieannonce,0.0,positive,0.4314,0.75,33.85,suspect,"['urgency_detected', 'external_contact', 'no_images_suspicious']",xlm_roberta_mdeberta_v1,
tunisieannonce_1e4e76a0db3a,tunisieannonce,0.0,positive,0.3618,0.55,26.41,suspect,"['urgency_detected', 'external_contact']",xlm_roberta_mdeberta_v1,
tunisieannonce_1f37519a89e6,tunisieannonce,0.0,positive,0.2974,0.55,24.16,suspect,"['urgency_detected', 'external_contact']",xlm_roberta_mdeberta_v1,
tunisieannonce_1f17a17e3366,tunisieannonce,0.0,positive,0.3564,0.3,19.97,normal,['urgency_detected'],xlm_roberta_mdeberta_v1,
tunisieannonce_204c53062245,tunisieannonce,0.0,positive,0.3089,0.0,10.81,normal,[],xlm_roberta_mdeberta_v1,
tunisieannonce_2010f499a828,tunisieannonce,0.0,positive,0.4037,0.3,21.63,suspect,['urgency_detected'],xlm_roberta_mdeberta_v1,
tunisieannonce_2093df6a1351,tunisieannonce,0.0,positive,0.3524,0.3,19.83,normal,['urgency_detected'],xlm_roberta_mdeberta_v1,
tunisieannonce_206a0f6d3c38,tunisieannonce,0.0,positive,0.42,0.0,14.7,normal,[],xlm_roberta_mdeberta_v1,
tunisieannonce_20e4f49fe5f9,tunisieannonce,0.0,positive,0.3508,0.3,19.78,normal,['urgency_detected'],xlm_roberta_mdeberta_v1,
tunisieannonce_21240771d2e1,tunisieannonce,0.0,positive,0.3941,0.55,27.54,suspect,"['urgency_detected', 'external_contact']",xlm_roberta_mdeberta_v1,
tunisieannonce_21a24afa28c7,tunisieannonce,0.0,positive,0.4166,0.45,25.83,suspect,"['external_contact', 'no_images_suspicious']",xlm_roberta_mdeberta_v1,
tunisieannonce_212e0a512ddd,tunisieannonce,0.0,positive,0.3592,0.0,12.57,normal,[],xlm_roberta_mdeberta_v1,
tunisieannonce_21151b08bf87,tunisieannonce,0.182,negative,0.3795,0.25,26.81,suspect,['external_contact'],xlm_roberta_mdeberta_v1,
tunisieannonce_224fdd8b6e77,tunisieannonce,0.0,positive,0.3789,0.25,19.51,normal,['external_contact'],xlm_roberta_mdeberta_v1,
tunisieannonce_22443521e2c1,tunisieannonce,0.0832,neutral,0.3921,0.55,30.8,suspect,"['urgency_detected', 'external_contact']",xlm_roberta_mdeberta_v1,
tunisieannonce_230119f58d4e,tunisieannonce,0.0,positive,0.3953,0.3,21.34,suspect,['urgency_detected'],xlm_roberta_mdeberta_v1,
tunisieannonce_22ceaded67eb,tunisieannonce,0.0,positive,0.3704,0.0,12.96,normal,[],xlm_roberta_mdeberta_v1,
tunisieannonce_2594aa9a5098,tunisieannonce,0.0,positive,0.2971,0.0,10.4,normal,[],xlm_roberta_mdeberta_v1,
tunisieannonce_237015c5442e,tunisieannonce,0.0,positive,0.338,0.55,25.58,suspect,"['urgency_detected', 'external_contact']",xlm_roberta_mdeberta_v1,
tunisieannonce_238cf3377752,tunisieannonce,0.0802,neutral,0.3434,0.2,20.23,normal,['no_images_suspicious'],xlm_roberta_mdeberta_v1,
tunisieannonce_23bb32ae5379,tunisieannonce,0.0,positive,0.3681,0.5,25.38,suspect,"['urgency_detected', 'no_images_suspicious']",xlm_roberta_mdeberta_v1,
tunisieannonce_239e571fcdc5,tunisieannonce,0.0,positive,0.3122,0.25,17.18,normal,['external_contact'],xlm_roberta_mdeberta_v1,
tunisieannonce_24dbe2fbb920,tunisieannonce,0.0,positive,0.2957,0.3,17.85,normal,['urgency_detected'],xlm_roberta_mdeberta_v1,
tunisieannonce_250e60b9098e,tunisieannonce,0.0,positive,0.327,0.0,11.45,normal,[],xlm_roberta_mdeberta_v1,
tunisieannonce_254e683e6a6f,tunisieannonce,0.0,positive,0.3637,0.55,26.48,suspect,"['urgency_detected', 'external_contact']",xlm_roberta_mdeberta_v1,
tunisieannonce_25d411608b25,tunisieannonce,0.0,positive,0.3488,0.0,12.21,normal,[],xlm_roberta_mdeberta_v1,
tunisieannonce_26fbfd4252b3,tunisieannonce,0.0,positive,0.444,0.55,29.29,suspect,"['urgency_detected', 'external_contact']",xlm_roberta_mdeberta_v1,
tunisieannonce_261cd45aceee,tunisieannonce,0.0,positive,0.3626,0.2,17.69,normal,['no_images_suspicious'],xlm_roberta_mdeberta_v1,
tunisieannonce_2782799597be,tunisieannonce,0.0,positive,0.3386,0.75,30.6,suspect,"['urgency_detected', 'external_contact', 'no_images_suspicious']",xlm_roberta_mdeberta_v1,
tunisieannonce_271148340112,tunisieannonce,0.0,positive,0.3859,0.0,13.51,normal,[],xlm_roberta_mdeberta_v1,
tunisieannonce_2765b150f5b7,tunisieannonce,0.0,positive,0.3608,0.25,18.88,normal,['external_contact'],xlm_roberta_mdeberta_v1,
tunisieannonce_27ddc7b28d62,tunisieannonce,0.0,positive,0.3602,0.0,12.61,normal,[],xlm_roberta_mdeberta_v1,
tunisieannonce_27f2fefff5d1,tunisieannonce,0.0,positive,0.321,0.2,16.23,normal,['no_images_suspicious'],xlm_roberta_mdeberta_v1,
tunisieannonce_28d636c7fa4b,tunisieannonce,0.0,positive,0.3089,0.0,10.81,normal,[],xlm_roberta_mdeberta_v1,
tunisieannonce_293ac0f53432,tunisieannonce,0.0,positive,0.3437,0.75,30.78,suspect,"['urgency_detected', 'external_contact', 'no_images_suspicious']",xlm_roberta_mdeberta_v1,
tunisieannonce_295bb01c8a62,tunisieannonce,0.0,positive,0.3058,0.25,16.95,normal,['external_contact'],xlm_roberta_mdeberta_v1,
tunisieannonce_29ee014c17d1,tunisieannonce,0.3924,negative,0.396,0.2,34.56,suspect,['no_images_suspicious'],xlm_roberta_mdeberta_v1,
tunisieannonce_2a016b563e80,tunisieannonce,0.0,positive,0.2627,0.2,14.19,normal,['no_images_suspicious'],xlm_roberta_mdeberta_v1,
tunisieannonce_2a8a9b13d0e8,tunisieannonce,0.0,positive,0.3483,0.0,12.19,normal,[],xlm_roberta_mdeberta_v1,
tunisieannonce_2bbdafd0cd98,tunisieannonce,0.0,positive,0.3029,0.0,10.6,normal,[],xlm_roberta_mdeberta_v1,
tunisieannonce_2affe687a9c1,tunisieannonce,0.6953,negative,0.3515,0.25,46.36,suspect,['external_contact'],xlm_roberta_mdeberta_v1,
tunisieannonce_2ae0f5c06ae6,tunisieannonce,0.0,positive,0.2964,0.0,10.37,normal,[],xlm_roberta_mdeberta_v1,
tunisieannonce_2b28d9e49cf2,tunisieannonce,0.0,positive,0.2293,0.0,8.03,normal,[],xlm_roberta_mdeberta_v1,
tunisieannonce_2b18598b7101,tunisieannonce,0.0,positive,0.3009,0.0,10.53,normal,[],xlm_roberta_mdeberta_v1,
tunisieannonce_2b94c86c6496,tunisieannonce,0.0,positive,0.406,0.45,25.46,suspect,"['external_contact', 'no_images_suspicious']",xlm_roberta_mdeberta_v1,
tunisieannonce_2bf3296e2ff5,tunisieannonce,0.0,positive,0.404,0.0,14.14,normal,[],xlm_roberta_mdeberta_v1,
tunisieannonce_2cdc19527eb1,tunisieannonce,0.0,positive,0.3228,0.15,15.05,normal,['information_incomplete'],xlm_roberta_mdeberta_v1,
tunisieannonce_2c8c50023f98,tunisieannonce,0.0,positive,0.3513,0.55,26.05,suspect,"['urgency_detected', 'external_contact']",xlm_roberta_mdeberta_v1,
tunisieannonce_2cd9f4474d25,tunisieannonce,0.0,positive,0.3264,0.2,16.42,normal,['no_images_suspicious'],xlm_roberta_mdeberta_v1,
tunisieannonce_2e593fd4ba10,tunisieannonce,0.0,positive,0.3762,0.0,13.17,normal,[],xlm_roberta_mdeberta_v1,
tunisieannonce_2dd5388b8409,tunisieannonce,0.0,positive,0.3288,0.5,24.01,suspect,"['urgency_detected', 'no_images_suspicious']",xlm_roberta_mdeberta_v1,
tunisieannonce_2ec705d24e88,tunisieannonce,0.0,positive,0.372,0.45,24.27,suspect,"['external_contact', 'no_images_suspicious']",xlm_roberta_mdeberta_v1,
tunisieannonce_2e9e1f846fb8,tunisieannonce,0.0,positive,0.3785,0.0,13.25,normal,[],xlm_roberta_mdeberta_v1,
tunisieannonce_2ecafbf607c0,tunisieannonce,0.0,positive,0.3587,0.25,18.8,normal,['external_contact'],xlm_roberta_mdeberta_v1,
tunisieannonce_2f30e2f5bafd,tunisieannonce,0.0,positive,0.2957,0.2,15.35,normal,['no_images_suspicious'],xlm_roberta_mdeberta_v1,
tunisieannonce_2fda92328987,tunisieannonce,0.0,positive,0.4247,0.45,26.11,suspect,"['external_contact', 'no_images_suspicious']",xlm_roberta_mdeberta_v1,
tunisieannonce_302bf775ffd6,tunisieannonce,0.0,positive,0.353,0.75,31.11,suspect,"['urgency_detected', 'external_contact', 'no_images_suspicious']",xlm_roberta_mdeberta_v1,
tunisieannonce_2fb6014ed9fe,tunisieannonce,0.0,positive,0.4129,0.25,20.7,normal,['external_contact'],xlm_roberta_mdeberta_v1,
tunisieannonce_308e5098a710,tunisieannonce,0.0,positive,0.3854,0.0,13.49,normal,[],xlm_roberta_mdeberta_v1,
tunisieannonce_312923c4d7dd,tunisieannonce,0.0,positive,0.3213,0.55,25.0,suspect,"['urgency_detected', 'external_contact']",xlm_roberta_mdeberta_v1,
tunisieannonce_3097699b393e,tunisieannonce,0.0,positive,0.429,0.75,33.77,suspect,"['urgency_detected', 'external_contact', 'no_images_suspicious']",xlm_roberta_mdeberta_v1,
tunisieannonce_323d39bd4f90,tunisieannonce,0.0,positive,0.3169,0.55,24.84,suspect,"['urgency_detected', 'external_contact']",xlm_roberta_mdeberta_v1,
tunisieannonce_31ae222e9443,tunisieannonce,0.0853,neutral,0.3592,0.55,29.73,suspect,"['urgency_detected', 'external_contact']",xlm_roberta_mdeberta_v1,
tunisieannonce_32395bd4ca56,tunisieannonce,0.0,positive,0.2745,0.0,9.61,normal,[],xlm_roberta_mdeberta_v1,
tunisieannonce_323d9a4c0f3a,tunisieannonce,0.0,positive,0.3464,0.25,18.37,normal,['external_contact'],xlm_roberta_mdeberta_v1,
tunisieannonce_339854e8e4b6,tunisieannonce,0.0,positive,0.3412,0.2,16.94,normal,['no_images_suspicious'],xlm_roberta_mdeberta_v1,
tunisieannonce_332e4a5a67cc,tunisieannonce,0.0,positive,0.3229,0.55,25.05,suspect,"['urgency_detected', 'external_contact']",xlm_roberta_mdeberta_v1,
tunisieannonce_33757df96ed8,tunisieannonce,0.0,positive,0.3381,0.55,25.58,suspect,"['urgency_detected', 'external_contact']",xlm_roberta_mdeberta_v1,
tunisieannonce_34c118147160,tunisieannonce,0.0,positive,0.3937,0.0,13.78,normal,[],xlm_roberta_mdeberta_v1,
tunisieannonce_3584b3df6961,tunisieannonce,0.0,positive,0.3067,0.55,24.48,suspect,"['urgency_detected', 'external_contact']",xlm_roberta_mdeberta_v1,
tunisieannonce_362b9c7463d6,tunisieannonce,0.0,positive,0.3257,0.55,25.15,suspect,"['urgency_detected', 'external_contact']",xlm_roberta_mdeberta_v1,
tunisieannonce_36a82c80a74a,tunisieannonce,0.0,positive,0.3167,0.0,11.08,normal,[],xlm_roberta_mdeberta_v1,
tunisieannonce_363f88529048,tunisieannonce,0.0,positive,0.3182,0.0,11.14,normal,[],xlm_roberta_mdeberta_v1,
tunisieannonce_37c1329b46e3,tunisieannonce,0.0,positive,0.3954,0.5,26.34,suspect,"['urgency_detected', 'no_images_suspicious']",xlm_roberta_mdeberta_v1,
tunisieannonce_370e89f168f0,tunisieannonce,0.0,positive,0.3762,0.3,20.67,normal,['urgency_detected'],xlm_roberta_mdeberta_v1,
tunisieannonce_36df1f2893bf,tunisieannonce,0.0,positive,0.353,0.0,12.35,normal,[],xlm_roberta_mdeberta_v1,
tunisieannonce_38164cf26e2f,tunisieannonce,0.0,positive,0.3309,0.2,16.58,normal,['no_images_suspicious'],xlm_roberta_mdeberta_v1,
tunisieannonce_387c6cb1abef,tunisieannonce,0.0,positive,0.2523,0.3,16.33,normal,['urgency_detected'],xlm_roberta_mdeberta_v1,
tunisieannonce_3924c1fce5bb,tunisieannonce,0.0,positive,0.3996,0.3,21.49,suspect,['urgency_detected'],xlm_roberta_mdeberta_v1,
tunisieannonce_391e60776983,tunisieannonce,0.0,positive,0.3801,0.25,19.55,normal,['external_contact'],xlm_roberta_mdeberta_v1,
tunisieannonce_392d2ee885be,tunisieannonce,0.0,positive,0.2814,0.0,9.85,normal,[],xlm_roberta_mdeberta_v1,
tunisieannonce_38eaa3af3806,tunisieannonce,0.0,positive,0.3157,0.55,24.8,suspect,"['urgency_detected', 'external_contact']",xlm_roberta_mdeberta_v1,
tunisieannonce_3a0ff469cd96,tunisieannonce,0.0,positive,0.3423,0.0,11.98,normal,[],xlm_roberta_mdeberta_v1,
tunisieannonce_39dfa06f8ae7,tunisieannonce,0.0,positive,0.36,0.55,26.35,suspect,"['urgency_detected', 'external_contact']",xlm_roberta_mdeberta_v1,
tunisieannonce_3a0a1defc5dc,tunisieannonce,0.0,positive,0.3243,0.75,30.1,suspect,"['urgency_detected', 'external_contact', 'no_images_suspicious']",xlm_roberta_mdeberta_v1,
tunisieannonce_3b3b6bb8b2a2,tunisieannonce,0.5035,negative,0.3655,0.0,32.93,suspect,[],xlm_roberta_mdeberta_v1,
tunisieannonce_3ac5a76ce7ea,tunisieannonce,0.0,positive,0.3763,0.0,13.17,normal,[],xlm_roberta_mdeberta_v1,
tunisieannonce_3bdb70651d9b,tunisieannonce,0.0,positive,0.3096,0.0,10.84,normal,[],xlm_roberta_mdeberta_v1,
tunisieannonce_3ba876696f85,tunisieannonce,0.0,positive,0.3664,0.2,17.82,normal,['no_images_suspicious'],xlm_roberta_mdeberta_v1,
tunisieannonce_3c23f05a1e88,tunisieannonce,0.0,positive,0.355,0.25,18.67,normal,['external_contact'],xlm_roberta_mdeberta_v1,
tunisieannonce_3c4d57a231ad,tunisieannonce,0.0,positive,0.3646,0.2,17.76,normal,['no_images_suspicious'],xlm_roberta_mdeberta_v1,
tunisieannonce_3cd14d625969,tunisieannonce,0.0,positive,0.388,0.55,27.33,suspect,"['urgency_detected', 'external_contact']",xlm_roberta_mdeberta_v1,
tunisieannonce_3c99b5c8d35e,tunisieannonce,0.0,positive,0.3518,0.3,19.81,normal,['urgency_detected'],xlm_roberta_mdeberta_v1,
tunisieannonce_3d5c267c61a1,tunisieannonce,0.0,positive,0.3324,0.0,11.63,normal,[],xlm_roberta_mdeberta_v1,
tunisieannonce_3d6802865453,tunisieannonce,0.0759,neutral,0.4059,0.0,17.24,normal,[],xlm_roberta_mdeberta_v1,
tunisieannonce_59e38df76aad,tunisieannonce,0.0,positive,0.3911,0.25,19.94,normal,['external_contact'],xlm_roberta_mdeberta_v1,
tunisieannonce_3d89f38da69e,tunisieannonce,0.0,positive,0.3922,0.55,27.48,suspect,"['urgency_detected', 'external_contact']",xlm_roberta_mdeberta_v1,
tunisieannonce_3d3f501765cb,tunisieannonce,0.0,positive,0.2497,0.0,8.74,normal,[],xlm_roberta_mdeberta_v1,
tunisieannonce_3e11a80c6c37,tunisieannonce,0.0,positive,0.3326,0.55,25.39,suspect,"['urgency_detected', 'external_contact']",xlm_roberta_mdeberta_v1,
tunisieannonce_3e6f3ed004c0,tunisieannonce,0.0,positive,0.3565,0.2,17.48,normal,['no_images_suspicious'],xlm_roberta_mdeberta_v1,
tunisieannonce_3f6c7b56050c,tunisieannonce,0.0,positive,0.3308,0.0,11.58,normal,[],xlm_roberta_mdeberta_v1,
tunisieannonce_9862880b5324,tunisieannonce,0.0939,neutral,0.3289,0.0,15.27,normal,[],xlm_roberta_mdeberta_v1,
tunisieannonce_3ed93a216620,tunisieannonce,0.0,positive,0.3551,0.0,12.43,normal,[],xlm_roberta_mdeberta_v1,
tunisieannonce_3f61b1f153d9,tunisieannonce,0.0,positive,0.3361,0.0,11.76,normal,[],xlm_roberta_mdeberta_v1,
tunisieannonce_402db9dca218,tunisieannonce,0.0,positive,0.3494,0.0,12.23,normal,[],xlm_roberta_mdeberta_v1,
tunisieannonce_405abd530100,tunisieannonce,0.0,positive,0.2714,0.55,23.25,suspect,"['urgency_detected', 'external_contact']",xlm_roberta_mdeberta_v1,
tunisieannonce_3fde87e84d4c,tunisieannonce,0.0,positive,0.3437,0.2,17.03,normal,['no_images_suspicious'],xlm_roberta_mdeberta_v1,
tunisieannonce_40e57f9a8ec9,tunisieannonce,0.0,positive,0.3595,0.55,26.33,suspect,"['urgency_detected', 'external_contact']",xlm_roberta_mdeberta_v1,
tunisieannonce_40906099fe3b,tunisieannonce,0.0,positive,0.359,0.0,12.56,normal,[],xlm_roberta_mdeberta_v1,
tunisieannonce_414aceef600b,tunisieannonce,0.0,positive,0.3146,0.2,16.01,normal,['no_images_suspicious'],xlm_roberta_mdeberta_v1,
tunisieannonce_41ce4d3d2fd6,tunisieannonce,0.0,positive,0.3162,0.25,17.32,normal,['external_contact'],xlm_roberta_mdeberta_v1,
tunisieannonce_4132e8c81af4,tunisieannonce,0.0,positive,0.3803,0.3,20.81,normal,['urgency_detected'],xlm_roberta_mdeberta_v1,
tunisieannonce_41b99a3a8101,tunisieannonce,0.0,positive,0.2965,0.0,10.38,normal,[],xlm_roberta_mdeberta_v1,
tunisieannonce_41bf23ada899,tunisieannonce,0.0,positive,0.34,0.0,11.9,normal,[],xlm_roberta_mdeberta_v1,
tunisieannonce_429b6294f997,tunisieannonce,0.0,positive,0.3266,0.2,16.43,normal,['no_images_suspicious'],xlm_roberta_mdeberta_v1,
tunisieannonce_41fb6b468054,tunisieannonce,0.0,positive,0.2811,0.0,9.84,normal,[],xlm_roberta_mdeberta_v1,
tunisieannonce_42e61e94c0e9,tunisieannonce,0.0,positive,0.4094,0.75,33.08,suspect,"['urgency_detected', 'external_contact', 'no_images_suspicious']",xlm_roberta_mdeberta_v1,
tunisieannonce_434f7ebe8537,tunisieannonce,0.0,positive,0.3221,0.0,11.27,normal,[],xlm_roberta_mdeberta_v1,
tunisieannonce_433caab68a02,tunisieannonce,0.0,positive,0.3711,0.75,31.74,suspect,"['urgency_detected', 'external_contact', 'no_images_suspicious']",xlm_roberta_mdeberta_v1,
tunisieannonce_43b4e2f32df4,tunisieannonce,0.0,positive,0.4204,0.75,33.46,suspect,"['urgency_detected', 'external_contact', 'no_images_suspicious']",xlm_roberta_mdeberta_v1,
tunisieannonce_43592128fa7a,tunisieannonce,0.0,positive,0.2596,0.0,9.09,normal,[],xlm_roberta_mdeberta_v1,
tunisieannonce_449e4fff3127,tunisieannonce,0.0,positive,0.3637,0.55,26.48,suspect,"['urgency_detected', 'external_contact']",xlm_roberta_mdeberta_v1,
tunisieannonce_449711d5a332,tunisieannonce,0.0,positive,0.3208,0.0,11.23,normal,[],xlm_roberta_mdeberta_v1,
tunisieannonce_4494b8bdaca9,tunisieannonce,0.0,positive,0.3409,0.2,16.93,normal,['no_images_suspicious'],xlm_roberta_mdeberta_v1,
tunisieannonce_4498a9608f1c,tunisieannonce,0.0,positive,0.3804,0.75,32.06,suspect,"['urgency_detected', 'external_contact', 'no_images_suspicious']",xlm_roberta_mdeberta_v1,
tunisieannonce_4522eeea31dc,tunisieannonce,0.0,positive,0.3869,0.25,19.79,normal,['external_contact'],xlm_roberta_mdeberta_v1,
tunisieannonce_45357056027a,tunisieannonce,0.0,positive,0.2993,0.0,10.48,normal,[],xlm_roberta_mdeberta_v1,
tunisieannonce_45865d7ead9b,tunisieannonce,0.0,positive,0.3001,0.0,10.5,normal,[],xlm_roberta_mdeberta_v1,
tunisieannonce_45bcf539cafb,tunisieannonce,0.0,positive,0.3072,0.0,10.75,normal,[],xlm_roberta_mdeberta_v1,
tunisieannonce_45d35c32842c,tunisieannonce,0.0693,neutral,0.3466,0.2,19.9,normal,['no_images_suspicious'],xlm_roberta_mdeberta_v1,
tunisieannonce_460dbad7b5a9,tunisieannonce,0.0,positive,0.3257,0.55,25.15,suspect,"['urgency_detected', 'external_contact']",xlm_roberta_mdeberta_v1,
tunisieannonce_4619c2a0144f,tunisieannonce,0.0,positive,0.349,0.0,12.21,normal,[],xlm_roberta_mdeberta_v1,
tunisieannonce_46bf20a98f20,tunisieannonce,0.0,positive,0.4029,0.75,32.85,suspect,"['urgency_detected', 'external_contact', 'no_images_suspicious']",xlm_roberta_mdeberta_v1,
tunisieannonce_46d75b2b6d92,tunisieannonce,0.0,positive,0.2753,0.0,9.64,normal,[],xlm_roberta_mdeberta_v1,
tunisieannonce_476e56b5f158,tunisieannonce,0.0,positive,0.2454,0.0,8.59,normal,[],xlm_roberta_mdeberta_v1,
tunisieannonce_4a4e4225abce,tunisieannonce,0.0,positive,0.3126,0.3,18.44,normal,['urgency_detected'],xlm_roberta_mdeberta_v1,
tunisieannonce_476d15418301,tunisieannonce,0.0,positive,0.3339,0.75,30.44,suspect,"['urgency_detected', 'external_contact', 'no_images_suspicious']",xlm_roberta_mdeberta_v1,
tunisieannonce_47b827820da7,tunisieannonce,0.0,positive,0.3125,0.0,10.94,normal,[],xlm_roberta_mdeberta_v1,
tunisieannonce_47d0e9f832d4,tunisieannonce,0.0,positive,0.3637,0.55,26.48,suspect,"['urgency_detected', 'external_contact']",xlm_roberta_mdeberta_v1,
tunisieannonce_48166e7a952f,tunisieannonce,0.0,positive,0.3602,0.75,31.36,suspect,"['urgency_detected', 'external_contact', 'no_images_suspicious']",xlm_roberta_mdeberta_v1,
tunisieannonce_4817fbcdff69,tunisieannonce,0.0,positive,0.3582,0.25,18.79,normal,['external_contact'],xlm_roberta_mdeberta_v1,
tunisieannonce_49360c23f013,tunisieannonce,0.0,positive,0.3775,0.0,13.21,normal,[],xlm_roberta_mdeberta_v1,
tunisieannonce_48e747c683a2,tunisieannonce,0.0,positive,0.3755,0.25,19.39,normal,['external_contact'],xlm_roberta_mdeberta_v1,
tunisieannonce_4976ed62cab5,tunisieannonce,0.0,positive,0.3852,0.75,32.23,suspect,"['urgency_detected', 'external_contact', 'no_images_suspicious']",xlm_roberta_mdeberta_v1,
tunisieannonce_499e85b9a277,tunisieannonce,0.0,positive,0.3498,0.2,17.24,normal,['no_images_suspicious'],xlm_roberta_mdeberta_v1,
tunisieannonce_49e469f46e87,tunisieannonce,0.0,positive,0.3818,0.0,13.36,normal,[],xlm_roberta_mdeberta_v1,
tunisieannonce_4a38c6c391f5,tunisieannonce,0.112,neutral,0.3486,0.0,16.68,normal,[],xlm_roberta_mdeberta_v1,
tunisieannonce_50b3c92f9f06,tunisieannonce,0.0,positive,0.3373,0.45,23.06,suspect,"['external_contact', 'no_images_suspicious']",xlm_roberta_mdeberta_v1,
tunisieannonce_4b0d137fe835,tunisieannonce,0.0,positive,0.3209,0.0,11.23,normal,[],xlm_roberta_mdeberta_v1,
tunisieannonce_4b2b2a20a5c7,tunisieannonce,0.0,positive,0.3543,0.25,18.65,normal,['external_contact'],xlm_roberta_mdeberta_v1,
tunisieannonce_4b47e800a887,tunisieannonce,0.0,positive,0.3377,0.0,11.82,normal,[],xlm_roberta_mdeberta_v1,
tunisieannonce_4b3e1a31f1ec,tunisieannonce,0.0,positive,0.3535,0.0,12.37,normal,[],xlm_roberta_mdeberta_v1,
tunisieannonce_4c35a8220b9f,tunisieannonce,0.0,positive,0.2962,0.0,10.37,normal,[],xlm_roberta_mdeberta_v1,
tunisieannonce_5116dfcf32a1,tunisieannonce,0.0,positive,0.3079,0.55,24.53,suspect,"['urgency_detected', 'external_contact']",xlm_roberta_mdeberta_v1,
tunisieannonce_4bf364c460b9,tunisieannonce,0.0,positive,0.36,0.55,26.35,suspect,"['urgency_detected', 'external_contact']",xlm_roberta_mdeberta_v1,
tunisieannonce_4c9be0ee6fd7,tunisieannonce,0.2715,negative,0.3639,0.0,23.6,suspect,[],xlm_roberta_mdeberta_v1,
tunisieannonce_4ca2cd696555,tunisieannonce,0.0,positive,0.3666,0.25,19.08,normal,['external_contact'],xlm_roberta_mdeberta_v1,
tunisieannonce_4cc79b77ed18,tunisieannonce,0.0,positive,0.3611,0.0,12.64,normal,[],xlm_roberta_mdeberta_v1,
tunisieannonce_4de473512b1b,tunisieannonce,0.0,positive,0.4099,0.55,28.1,suspect,"['urgency_detected', 'external_contact']",xlm_roberta_mdeberta_v1,
tunisieannonce_5286c327deed,tunisieannonce,0.0,positive,0.3428,0.55,25.75,suspect,"['urgency_detected', 'external_contact']",xlm_roberta_mdeberta_v1,
tunisieannonce_4da69fa9b53c,tunisieannonce,0.0,positive,0.3895,0.25,19.88,normal,['external_contact'],xlm_roberta_mdeberta_v1,
tunisieannonce_4dc3468cd72b,tunisieannonce,0.0,positive,0.3489,0.0,12.21,normal,[],xlm_roberta_mdeberta_v1,
tunisieannonce_4ebc8e1bfb77,tunisieannonce,0.1023,neutral,0.3381,0.0,15.93,normal,[],xlm_roberta_mdeberta_v1,
tunisieannonce_4e8018f9c6d5,tunisieannonce,0.0,positive,0.3576,0.2,17.52,normal,['no_images_suspicious'],xlm_roberta_mdeberta_v1,
tunisieannonce_4e3ad9b9a55e,tunisieannonce,0.0686,neutral,0.3686,0.55,29.39,suspect,"['urgency_detected', 'external_contact']",xlm_roberta_mdeberta_v1,
tunisieannonce_4f3b1ed901d9,tunisieannonce,0.0,positive,0.3508,0.45,23.53,suspect,"['external_contact', 'no_images_suspicious']",xlm_roberta_mdeberta_v1,
tunisieannonce_4ebd8ecc70d1,tunisieannonce,0.0,positive,0.332,0.0,11.62,normal,[],xlm_roberta_mdeberta_v1,
tunisieannonce_4f4b82644743,tunisieannonce,0.0,positive,0.3149,0.25,17.27,normal,['external_contact'],xlm_roberta_mdeberta_v1,
tunisieannonce_4fc6022a38d1,tunisieannonce,0.0,positive,0.3468,0.0,12.14,normal,[],xlm_roberta_mdeberta_v1,
tunisieannonce_4fe500f36765,tunisieannonce,0.0,positive,0.3536,0.75,31.13,suspect,"['urgency_detected', 'external_contact', 'no_images_suspicious']",xlm_roberta_mdeberta_v1,
tunisieannonce_50df99e5a1fd,tunisieannonce,0.3626,negative,0.4036,0.0,28.63,suspect,[],xlm_roberta_mdeberta_v1,
tunisieannonce_507c64f0fb06,tunisieannonce,0.0,positive,0.3651,0.0,12.78,normal,[],xlm_roberta_mdeberta_v1,
tunisieannonce_51c1cbc37ccc,tunisieannonce,0.0,positive,0.3588,0.2,17.56,normal,['no_images_suspicious'],xlm_roberta_mdeberta_v1,
tunisieannonce_51ffe3ee4a22,tunisieannonce,0.0,positive,0.3229,0.2,16.3,normal,['no_images_suspicious'],xlm_roberta_mdeberta_v1,
tunisieannonce_51bb1234d987,tunisieannonce,0.0,positive,0.3538,0.25,18.63,normal,['external_contact'],xlm_roberta_mdeberta_v1,
tunisieannonce_5278300c0edf,tunisieannonce,0.0,positive,0.3935,0.0,13.77,normal,[],xlm_roberta_mdeberta_v1,
tunisieannonce_524dc859bb7c,tunisieannonce,0.0,positive,0.3957,0.0,13.85,normal,[],xlm_roberta_mdeberta_v1,
tunisieannonce_5352ce839203,tunisieannonce,0.0,positive,0.3608,0.25,18.88,normal,['external_contact'],xlm_roberta_mdeberta_v1,
tunisieannonce_533ad629ffc6,tunisieannonce,0.0,positive,0.3707,0.25,19.22,normal,['external_contact'],xlm_roberta_mdeberta_v1,
tunisieannonce_54283de97970,tunisieannonce,0.0,positive,0.3941,0.2,18.79,normal,['no_images_suspicious'],xlm_roberta_mdeberta_v1,
tunisieannonce_53d23b47f885,tunisieannonce,0.0,positive,0.3714,0.55,26.75,suspect,"['urgency_detected', 'external_contact']",xlm_roberta_mdeberta_v1,
tunisieannonce_548fcda38c55,tunisieannonce,0.3466,negative,0.3477,0.2,31.03,suspect,['no_images_suspicious'],xlm_roberta_mdeberta_v1,
tunisieannonce_54895dc31081,tunisieannonce,0.0,positive,0.3749,0.25,19.37,normal,['external_contact'],xlm_roberta_mdeberta_v1,
tunisieannonce_54a65ff069a0,tunisieannonce,0.0911,neutral,0.3152,0.0,14.68,normal,[],xlm_roberta_mdeberta_v1,
tunisieannonce_980a5264c7ed,tunisieannonce,0.0,positive,0.3522,0.3,19.83,normal,['urgency_detected'],xlm_roberta_mdeberta_v1,
tunisieannonce_550f5d5d54b9,tunisieannonce,0.0,positive,0.3672,0.0,12.85,normal,[],xlm_roberta_mdeberta_v1,
tunisieannonce_55558e23e3b3,tunisieannonce,0.0,positive,0.359,0.2,17.56,normal,['no_images_suspicious'],xlm_roberta_mdeberta_v1,
tunisieannonce_5590226144e3,tunisieannonce,0.0,positive,0.2837,0.55,23.68,suspect,"['urgency_detected', 'external_contact']",xlm_roberta_mdeberta_v1,
tunisieannonce_55da4f6366d4,tunisieannonce,0.0,positive,0.3587,0.25,18.8,normal,['external_contact'],xlm_roberta_mdeberta_v1,
tunisieannonce_551b4408ae44,tunisieannonce,0.0,positive,0.3829,0.75,32.15,suspect,"['urgency_detected', 'external_contact', 'no_images_suspicious']",xlm_roberta_mdeberta_v1,
tunisieannonce_564d0dbfa6ed,tunisieannonce,0.0,positive,0.3748,0.5,25.62,suspect,"['urgency_detected', 'no_images_suspicious']",xlm_roberta_mdeberta_v1,
tunisieannonce_56169ddc5600,tunisieannonce,0.2523,negative,0.4104,0.0,24.46,suspect,[],xlm_roberta_mdeberta_v1,
tunisieannonce_56a660f30695,tunisieannonce,0.0,positive,0.4047,0.3,21.66,suspect,['urgency_detected'],xlm_roberta_mdeberta_v1,
tunisieannonce_570e8481e166,tunisieannonce,0.0,positive,0.3273,0.25,17.71,normal,['external_contact'],xlm_roberta_mdeberta_v1,
tunisieannonce_5687cbdc6279,tunisieannonce,0.0,positive,0.3697,0.45,24.19,suspect,"['external_contact', 'no_images_suspicious']",xlm_roberta_mdeberta_v1,
tunisieannonce_57d92016df48,tunisieannonce,0.5092,negative,0.3283,0.0,31.86,suspect,[],xlm_roberta_mdeberta_v1,
tunisieannonce_57c755d50dde,tunisieannonce,0.0,positive,0.4373,0.0,15.31,normal,[],xlm_roberta_mdeberta_v1,
tunisieannonce_57c480b17be8,tunisieannonce,0.0,positive,0.3695,0.2,17.93,normal,['no_images_suspicious'],xlm_roberta_mdeberta_v1,
tunisieannonce_57ea86679c29,tunisieannonce,0.0,positive,0.2897,0.25,16.39,normal,['external_contact'],xlm_roberta_mdeberta_v1,
tunisieannonce_590f4f5090b8,tunisieannonce,0.4059,negative,0.3706,0.3,36.71,suspect,['urgency_detected'],xlm_roberta_mdeberta_v1,
tunisieannonce_58b59e0a41e2,tunisieannonce,0.0,positive,0.3972,0.2,18.9,normal,['no_images_suspicious'],xlm_roberta_mdeberta_v1,
tunisieannonce_5a0f10861994,tunisieannonce,0.0,positive,0.3776,0.55,26.97,suspect,"['urgency_detected', 'external_contact']",xlm_roberta_mdeberta_v1,
tunisieannonce_5a1ff94e77da,tunisieannonce,0.0,positive,0.2912,0.25,16.44,normal,['external_contact'],xlm_roberta_mdeberta_v1,
tunisieannonce_597248aa25a4,tunisieannonce,0.0,positive,0.354,0.5,24.89,suspect,"['urgency_detected', 'no_images_suspicious']",xlm_roberta_mdeberta_v1,
tunisieannonce_5afc91fb99e2,tunisieannonce,0.0,positive,0.3481,0.55,25.93,suspect,"['urgency_detected', 'external_contact']",xlm_roberta_mdeberta_v1,
tunisieannonce_5af98a86e181,tunisieannonce,0.0,positive,0.2869,0.0,10.04,normal,[],xlm_roberta_mdeberta_v1,
tunisieannonce_5b73e503aab2,tunisieannonce,0.0,positive,0.3396,0.0,11.89,normal,[],xlm_roberta_mdeberta_v1,
tunisieannonce_5b5dda85f4c2,tunisieannonce,0.0,positive,0.3329,0.25,17.9,normal,['external_contact'],xlm_roberta_mdeberta_v1,
tunisieannonce_5ba9589a2fe0,tunisieannonce,0.0,positive,0.2806,0.0,9.82,normal,[],xlm_roberta_mdeberta_v1,
tunisieannonce_5b99edd27ee8,tunisieannonce,0.0,positive,0.39,0.2,18.65,normal,['no_images_suspicious'],xlm_roberta_mdeberta_v1,
tunisieannonce_5c81e4469cb8,tunisieannonce,0.0,positive,0.3124,0.2,15.93,normal,['no_images_suspicious'],xlm_roberta_mdeberta_v1,
tunisieannonce_5cac3b0bb5c7,tunisieannonce,0.0,positive,0.3993,0.0,13.98,normal,[],xlm_roberta_mdeberta_v1,
tunisieannonce_5d1a9a42d30b,tunisieannonce,0.0,positive,0.4269,0.25,21.19,suspect,['external_contact'],xlm_roberta_mdeberta_v1,
tunisieannonce_5cce8a35bfac,tunisieannonce,0.0,positive,0.2554,0.2,13.94,normal,['no_images_suspicious'],xlm_roberta_mdeberta_v1,
tunisieannonce_5ca23e25b75a,tunisieannonce,0.0,positive,0.3555,0.2,17.44,normal,['no_images_suspicious'],xlm_roberta_mdeberta_v1,
tunisieannonce_5d2cd6279e32,tunisieannonce,0.0,positive,0.3227,0.2,16.29,normal,['no_images_suspicious'],xlm_roberta_mdeberta_v1,
tunisieannonce_5d668495d9c8,tunisieannonce,0.0,positive,0.382,0.2,18.37,normal,['no_images_suspicious'],xlm_roberta_mdeberta_v1,
tunisieannonce_5e2dbe3ec2d1,tunisieannonce,0.0,positive,0.4141,0.75,33.24,suspect,"['urgency_detected', 'external_contact', 'no_images_suspicious']",xlm_roberta_mdeberta_v1,
tunisieannonce_5e3df743fed7,tunisieannonce,0.0,positive,0.3338,0.75,30.43,suspect,"['urgency_detected', 'external_contact', 'no_images_suspicious']",xlm_roberta_mdeberta_v1,
tunisieannonce_5ddf8d26b61e,tunisieannonce,0.0,positive,0.4187,0.3,22.15,suspect,['urgency_detected'],xlm_roberta_mdeberta_v1,
tunisieannonce_5ff88f282fe9,tunisieannonce,0.0,positive,0.3649,0.0,12.77,normal,[],xlm_roberta_mdeberta_v1,
tunisieannonce_5f30655797c7,tunisieannonce,0.0,positive,0.3126,0.55,24.69,suspect,"['urgency_detected', 'external_contact']",xlm_roberta_mdeberta_v1,
tunisieannonce_5fa710492df4,tunisieannonce,0.0,positive,0.351,0.0,12.28,normal,[],xlm_roberta_mdeberta_v1,
tunisieannonce_609b606a6129,tunisieannonce,0.0,positive,0.3513,0.0,12.3,normal,[],xlm_roberta_mdeberta_v1,
tunisieannonce_6020520c5a5e,tunisieannonce,0.0,positive,0.3788,0.0,13.26,normal,[],xlm_roberta_mdeberta_v1,
tunisieannonce_60c7476f7d62,tunisieannonce,0.0,positive,0.3667,0.25,19.08,normal,['external_contact'],xlm_roberta_mdeberta_v1,
tunisieannonce_61032c320014,tunisieannonce,0.0,positive,0.3318,0.0,11.61,normal,[],xlm_roberta_mdeberta_v1,
tunisieannonce_616623a7aac3,tunisieannonce,0.0,positive,0.3751,0.55,26.88,suspect,"['urgency_detected', 'external_contact']",xlm_roberta_mdeberta_v1,
tunisieannonce_6224b1781179,tunisieannonce,0.0,positive,0.3042,0.0,10.65,normal,[],xlm_roberta_mdeberta_v1,
tunisieannonce_62457a68e532,tunisieannonce,0.0,positive,0.3516,0.75,31.06,suspect,"['urgency_detected', 'external_contact', 'no_images_suspicious']",xlm_roberta_mdeberta_v1,
tunisieannonce_62dcd39d88bf,tunisieannonce,0.0,positive,0.3939,0.25,20.04,normal,['external_contact'],xlm_roberta_mdeberta_v1,
tunisieannonce_62ccafc798c3,tunisieannonce,0.0,positive,0.378,0.45,24.48,suspect,"['external_contact', 'no_images_suspicious']",xlm_roberta_mdeberta_v1,
tunisieannonce_62c8ff8a21bc,tunisieannonce,0.0,positive,0.3439,0.75,30.79,suspect,"['urgency_detected', 'external_contact', 'no_images_suspicious']",xlm_roberta_mdeberta_v1,
tunisieannonce_6589be389409,tunisieannonce,0.0,positive,0.3344,0.0,11.7,normal,[],xlm_roberta_mdeberta_v1,
tunisieannonce_64037c77de14,tunisieannonce,0.0,positive,0.3641,0.2,17.74,normal,['no_images_suspicious'],xlm_roberta_mdeberta_v1,
tunisieannonce_63ac110ddb25,tunisieannonce,0.3674,negative,0.3466,0.2,31.83,suspect,['no_images_suspicious'],xlm_roberta_mdeberta_v1,
tunisieannonce_6396ac5ec633,tunisieannonce,0.0,positive,0.3624,0.0,12.68,normal,[],xlm_roberta_mdeberta_v1,
tunisieannonce_644131056625,tunisieannonce,0.0,positive,0.3884,0.0,13.59,normal,[],xlm_roberta_mdeberta_v1,
tunisieannonce_64fb37638889,tunisieannonce,0.0,positive,0.3123,0.55,24.68,suspect,"['urgency_detected', 'external_contact']",xlm_roberta_mdeberta_v1,
tunisieannonce_64e56244c30c,tunisieannonce,0.0,positive,0.3064,0.3,18.22,normal,['urgency_detected'],xlm_roberta_mdeberta_v1,
tunisieannonce_657ce3bd0021,tunisieannonce,0.0,positive,0.3722,0.25,19.28,normal,['external_contact'],xlm_roberta_mdeberta_v1,
tunisieannonce_658d141a4e37,tunisieannonce,0.0,positive,0.3817,0.0,13.36,normal,[],xlm_roberta_mdeberta_v1,
tunisieannonce_665384643274,tunisieannonce,0.0,positive,0.3466,0.45,23.38,suspect,"['external_contact', 'no_images_suspicious']",xlm_roberta_mdeberta_v1,
tunisieannonce_6653a3479e9f,tunisieannonce,0.0,positive,0.3602,0.55,26.36,suspect,"['urgency_detected', 'external_contact']",xlm_roberta_mdeberta_v1,
tunisieannonce_6604a5fa2e49,tunisieannonce,0.0,positive,0.3459,0.45,23.36,suspect,"['external_contact', 'no_images_suspicious']",xlm_roberta_mdeberta_v1,
tunisieannonce_9f75e90b9eb4,tunisieannonce,0.0,positive,0.3042,0.0,10.65,normal,[],xlm_roberta_mdeberta_v1,
tunisieannonce_6676a89468f7,tunisieannonce,0.0,positive,0.3679,0.0,12.88,normal,[],xlm_roberta_mdeberta_v1,
tunisieannonce_67122044b7ff,tunisieannonce,0.0,positive,0.3395,0.0,11.88,normal,[],xlm_roberta_mdeberta_v1,
tunisieannonce_669fddac78bd,tunisieannonce,0.0,positive,0.3083,0.0,10.79,normal,[],xlm_roberta_mdeberta_v1,
tunisieannonce_66f1fed5cf02,tunisieannonce,0.0,positive,0.324,0.55,25.09,suspect,"['urgency_detected', 'external_contact']",xlm_roberta_mdeberta_v1,
tunisieannonce_679d184cab87,tunisieannonce,0.2425,negative,0.3661,0.2,27.51,suspect,['no_images_suspicious'],xlm_roberta_mdeberta_v1,
tunisieannonce_679f7f12873d,tunisieannonce,0.0,positive,0.3952,0.3,21.33,suspect,['urgency_detected'],xlm_roberta_mdeberta_v1,
tunisieannonce_6795ca027198,tunisieannonce,0.0,positive,0.3944,0.25,20.05,normal,['external_contact'],xlm_roberta_mdeberta_v1,
tunisieannonce_6854fffb3956,tunisieannonce,0.0,positive,0.2862,0.2,15.02,normal,['no_images_suspicious'],xlm_roberta_mdeberta_v1,
tunisieannonce_6889ded8a8bc,tunisieannonce,0.0,positive,0.3799,0.0,13.3,normal,[],xlm_roberta_mdeberta_v1,
tunisieannonce_68ebc52c6746,tunisieannonce,0.3974,negative,0.3559,0.0,28.35,suspect,[],xlm_roberta_mdeberta_v1,
tunisieannonce_6a4f988da241,tunisieannonce,0.0,positive,0.3074,0.0,10.76,normal,[],xlm_roberta_mdeberta_v1,
tunisieannonce_69fd8d95d749,tunisieannonce,0.0,positive,0.3623,0.3,20.18,normal,['urgency_detected'],xlm_roberta_mdeberta_v1,
tunisieannonce_69a3507e2f9e,tunisieannonce,0.4909,negative,0.3339,0.75,50.07,suspect,"['urgency_detected', 'external_contact', 'no_images_suspicious']",xlm_roberta_mdeberta_v1,"Cette annonce immobilière est suspecte en raison de plusieurs signaux détectés : un score fraude élevé (50.1/100), sentiment négatif, déclenchement des flags urgence détectée, contact externe et manque de photos suspectes."
tunisieannonce_6a7913068938,tunisieannonce,0.0,positive,0.3254,0.55,25.14,suspect,"['urgency_detected', 'external_contact']",xlm_roberta_mdeberta_v1,
tunisieannonce_6aa75085bdb1,tunisieannonce,0.0,positive,0.3319,0.0,11.62,normal,[],xlm_roberta_mdeberta_v1,
tunisieannonce_6b3a9766048c,tunisieannonce,0.0,positive,0.3348,0.0,11.72,normal,[],xlm_roberta_mdeberta_v1,
tunisieannonce_752f9c889aa9,tunisieannonce,0.0,positive,0.391,0.5,26.19,suspect,"['urgency_detected', 'no_images_suspicious']",xlm_roberta_mdeberta_v1,
tunisieannonce_75d5311f5a49,tunisieannonce,0.0,positive,0.328,0.25,17.73,normal,['external_contact'],xlm_roberta_mdeberta_v1,
tunisieannonce_7695291b4dfc,tunisieannonce,0.0,positive,0.3002,0.0,10.51,normal,[],xlm_roberta_mdeberta_v1,
tunisieannonce_762661a4a3a3,tunisieannonce,0.0,positive,0.3969,0.55,27.64,suspect,"['urgency_detected', 'external_contact']",xlm_roberta_mdeberta_v1,
tunisieannonce_760b08a8d412,tunisieannonce,0.0,positive,0.3372,0.0,11.8,normal,[],xlm_roberta_mdeberta_v1,
tunisieannonce_77761a1ead59,tunisieannonce,0.0,positive,0.3747,0.0,13.11,normal,[],xlm_roberta_mdeberta_v1,
tunisieannonce_771745d19615,tunisieannonce,0.0,positive,0.3054,0.0,10.69,normal,[],xlm_roberta_mdeberta_v1,
tunisieannonce_77a0d605d3de,tunisieannonce,0.0,positive,0.346,0.0,12.11,normal,[],xlm_roberta_mdeberta_v1,
tunisieannonce_77f985ac0a54,tunisieannonce,0.0,positive,0.4484,0.0,15.69,normal,[],xlm_roberta_mdeberta_v1,
tunisieannonce_77e7c57b43fa,tunisieannonce,0.0,positive,0.4094,0.2,19.33,normal,['no_images_suspicious'],xlm_roberta_mdeberta_v1,
tunisieannonce_7a66cd9fc5a3,tunisieannonce,0.0,positive,0.3967,0.3,21.38,suspect,['urgency_detected'],xlm_roberta_mdeberta_v1,
tunisieannonce_78cd5b4c1d31,tunisieannonce,0.0,positive,0.3023,0.55,24.33,suspect,"['urgency_detected', 'external_contact']",xlm_roberta_mdeberta_v1,
tunisieannonce_7980e59739b9,tunisieannonce,0.3634,negative,0.3562,0.25,33.25,suspect,['external_contact'],xlm_roberta_mdeberta_v1,
tunisieannonce_78d80a1e4abe,tunisieannonce,0.0,positive,0.3082,0.0,10.79,normal,[],xlm_roberta_mdeberta_v1,
tunisieannonce_79ef314bece1,tunisieannonce,0.0,positive,0.3625,0.25,18.94,normal,['external_contact'],xlm_roberta_mdeberta_v1,
tunisieannonce_7a3dde8d885a,tunisieannonce,0.0,positive,0.3521,0.55,26.07,suspect,"['urgency_detected', 'external_contact']",xlm_roberta_mdeberta_v1,
tunisieannonce_7a78f2f1a0ac,tunisieannonce,0.0,positive,0.4035,0.75,32.87,suspect,"['urgency_detected', 'external_contact', 'no_images_suspicious']",xlm_roberta_mdeberta_v1,
tunisieannonce_7abccc02c846,tunisieannonce,0.0,positive,0.3962,0.0,13.87,normal,[],xlm_roberta_mdeberta_v1,
tunisieannonce_7adcdeffb9a8,tunisieannonce,0.0,positive,0.3849,0.0,13.47,normal,[],xlm_roberta_mdeberta_v1,
tunisieannonce_7ae6427a91da,tunisieannonce,0.0,positive,0.3,0.55,24.25,suspect,"['urgency_detected', 'external_contact']",xlm_roberta_mdeberta_v1,
tunisieannonce_7adda5861dd2,tunisieannonce,0.0,positive,0.35,0.0,12.25,normal,[],xlm_roberta_mdeberta_v1,
tunisieannonce_7b0ca0c9c254,tunisieannonce,0.0,positive,0.3652,0.0,12.78,normal,[],xlm_roberta_mdeberta_v1,
tunisieannonce_7c09f06428df,tunisieannonce,0.0792,neutral,0.3375,0.25,21.23,suspect,['external_contact'],xlm_roberta_mdeberta_v1,
tunisieannonce_7d4456811678,tunisieannonce,0.2762,negative,0.3885,0.55,38.4,suspect,"['urgency_detected', 'external_contact']",xlm_roberta_mdeberta_v1,
tunisieannonce_7d421bf4e2e0,tunisieannonce,0.0,positive,0.3857,0.3,21.0,suspect,['urgency_detected'],xlm_roberta_mdeberta_v1,
tunisieannonce_7d246cc1a881,tunisieannonce,0.0,positive,0.3515,0.0,12.3,normal,[],xlm_roberta_mdeberta_v1,
tunisieannonce_7cd1e27c14e9,tunisieannonce,0.0,positive,0.3853,0.0,13.49,normal,[],xlm_roberta_mdeberta_v1,
tunisieannonce_7d9f14caf0df,tunisieannonce,0.0,positive,0.384,0.55,27.19,suspect,"['urgency_detected', 'external_contact']",xlm_roberta_mdeberta_v1,
tunisieannonce_7d7f9ab4f738,tunisieannonce,0.0,positive,0.3024,0.2,15.58,normal,['no_images_suspicious'],xlm_roberta_mdeberta_v1,
tunisieannonce_7d8c0ebd1fe8,tunisieannonce,0.0,positive,0.3349,0.45,22.97,suspect,"['external_contact', 'no_images_suspicious']",xlm_roberta_mdeberta_v1,
tunisieannonce_7de1c174bf45,tunisieannonce,0.0,positive,0.3584,0.25,18.79,normal,['external_contact'],xlm_roberta_mdeberta_v1,
tunisieannonce_7e0c304d26f5,tunisieannonce,0.0,positive,0.3042,0.0,10.65,normal,[],xlm_roberta_mdeberta_v1,
tunisieannonce_7e3b8550b946,tunisieannonce,0.0,positive,0.3635,0.0,12.72,normal,[],xlm_roberta_mdeberta_v1,
tunisieannonce_7dc4205032dd,tunisieannonce,0.0,positive,0.3634,0.2,17.72,normal,['no_images_suspicious'],xlm_roberta_mdeberta_v1,
tunisieannonce_7e694f8fbc52,tunisieannonce,0.0,positive,0.3237,0.2,16.33,normal,['no_images_suspicious'],xlm_roberta_mdeberta_v1,
tunisieannonce_7eb36f18e808,tunisieannonce,0.0,positive,0.3749,0.45,24.37,suspect,"['external_contact', 'no_images_suspicious']",xlm_roberta_mdeberta_v1,
tunisieannonce_7f34ad91b134,tunisieannonce,0.0,positive,0.3361,0.0,11.76,normal,[],xlm_roberta_mdeberta_v1,
tunisieannonce_98e0b6b6a43c,tunisieannonce,0.0,positive,0.3088,0.0,10.81,normal,[],xlm_roberta_mdeberta_v1,
tunisieannonce_7f5e9ee8a7ed,tunisieannonce,0.0,positive,0.4109,0.0,14.38,normal,[],xlm_roberta_mdeberta_v1,
44855,tecnocasa,0.0,positive,0.385,0.2,18.47,normal,['no_images_suspicious'],xlm_roberta_mdeberta_v1,
51182,tecnocasa,0.0,positive,0.4014,0.2,19.05,normal,['no_images_suspicious'],xlm_roberta_mdeberta_v1,
54655,tecnocasa,0.0,positive,0.3027,0.2,15.59,normal,['no_images_suspicious'],xlm_roberta_mdeberta_v1,
47114,tecnocasa,0.0,positive,0.3219,0.2,16.27,normal,['no_images_suspicious'],xlm_roberta_mdeberta_v1,
56075,tecnocasa,0.0,positive,0.304,0.2,15.64,normal,['no_images_suspicious'],xlm_roberta_mdeberta_v1,
50621,tecnocasa,0.0,positive,0.3407,0.2,16.92,normal,['no_images_suspicious'],xlm_roberta_mdeberta_v1,
56466,tecnocasa,0.0,positive,0.3872,0.2,18.55,normal,['no_images_suspicious'],xlm_roberta_mdeberta_v1,
61923,tecnocasa,0.0,positive,0.3717,0.2,18.01,normal,['no_images_suspicious'],xlm_roberta_mdeberta_v1,
62150,tecnocasa,0.0,positive,0.334,0.2,16.69,normal,['no_images_suspicious'],xlm_roberta_mdeberta_v1,
64615,tecnocasa,0.0,positive,0.3571,0.2,17.5,normal,['no_images_suspicious'],xlm_roberta_mdeberta_v1,
62152,tecnocasa,0.0,positive,0.3862,0.2,18.52,normal,['no_images_suspicious'],xlm_roberta_mdeberta_v1,
60194,tecnocasa,0.0,positive,0.2958,0.2,15.35,normal,['no_images_suspicious'],xlm_roberta_mdeberta_v1,
48424,tecnocasa,0.0,positive,0.4086,0.2,19.3,normal,['no_images_suspicious'],xlm_roberta_mdeberta_v1,
55512,tecnocasa,0.0,positive,0.3501,0.2,17.25,normal,['no_images_suspicious'],xlm_roberta_mdeberta_v1,
51464,tecnocasa,0.0,positive,0.3589,0.2,17.56,normal,['no_images_suspicious'],xlm_roberta_mdeberta_v1,
45473,tecnocasa,0.0,positive,0.3689,0.2,17.91,normal,['no_images_suspicious'],xlm_roberta_mdeberta_v1,
39464,tecnocasa,0.0,positive,0.3868,0.2,18.54,normal,['no_images_suspicious'],xlm_roberta_mdeberta_v1,
57915,tecnocasa,0.0,positive,0.3444,0.2,17.05,normal,['no_images_suspicious'],xlm_roberta_mdeberta_v1,
55494,tecnocasa,0.0,positive,0.3645,0.2,17.76,normal,['no_images_suspicious'],xlm_roberta_mdeberta_v1,
50956,tecnocasa,0.0,positive,0.2821,0.2,14.87,normal,['no_images_suspicious'],xlm_roberta_mdeberta_v1,
62463,tecnocasa,0.0,positive,0.396,0.2,18.86,normal,['no_images_suspicious'],xlm_roberta_mdeberta_v1,
64606,tecnocasa,0.0,positive,0.3207,0.0,11.22,normal,[],xlm_roberta_mdeberta_v1,
62625,tecnocasa,0.0,positive,0.3597,0.2,17.59,normal,['no_images_suspicious'],xlm_roberta_mdeberta_v1,
41327,tecnocasa,0.0,positive,0.3146,0.2,16.01,normal,['no_images_suspicious'],xlm_roberta_mdeberta_v1,
65283,tecnocasa,0.0,positive,0.3565,0.2,17.48,normal,['no_images_suspicious'],xlm_roberta_mdeberta_v1,
65235,tecnocasa,0.0,positive,0.3526,0.2,17.34,normal,['no_images_suspicious'],xlm_roberta_mdeberta_v1,
65237,tecnocasa,0.0,positive,0.2473,0.2,13.66,normal,['no_images_suspicious'],xlm_roberta_mdeberta_v1,
61034,tecnocasa,0.0,positive,0.3516,0.2,17.31,normal,['no_images_suspicious'],xlm_roberta_mdeberta_v1,
49149,tecnocasa,0.0,positive,0.3125,0.0,10.94,normal,[],xlm_roberta_mdeberta_v1,
44683,tecnocasa,0.0,positive,0.3828,0.2,18.4,normal,['no_images_suspicious'],xlm_roberta_mdeberta_v1,
52899,tecnocasa,0.0,positive,0.2744,0.0,9.6,normal,[],xlm_roberta_mdeberta_v1,
53911,tecnocasa,0.0,positive,0.366,0.2,17.81,normal,['no_images_suspicious'],xlm_roberta_mdeberta_v1,
58265,tecnocasa,0.0,positive,0.3548,0.2,17.42,normal,['no_images_suspicious'],xlm_roberta_mdeberta_v1,
62260,tecnocasa,0.0,positive,0.3199,0.0,11.2,normal,[],xlm_roberta_mdeberta_v1,
36522,tecnocasa,0.0,positive,0.2667,0.2,14.33,normal,['no_images_suspicious'],xlm_roberta_mdeberta_v1,
64090,tecnocasa,0.0,positive,0.3542,0.0,12.4,normal,[],xlm_roberta_mdeberta_v1,
64617,tecnocasa,0.0,positive,0.378,0.2,18.23,normal,['no_images_suspicious'],xlm_roberta_mdeberta_v1,
64726,tecnocasa,0.0,positive,0.3681,0.2,17.88,normal,['no_images_suspicious'],xlm_roberta_mdeberta_v1,
62155,tecnocasa,0.0,positive,0.3462,0.2,17.12,normal,['no_images_suspicious'],xlm_roberta_mdeberta_v1,
61496,tecnocasa,0.0,positive,0.2711,0.2,14.49,normal,['no_images_suspicious'],xlm_roberta_mdeberta_v1,
63958,tecnocasa,0.0,positive,0.3164,0.2,16.07,normal,['no_images_suspicious'],xlm_roberta_mdeberta_v1,
64421,tecnocasa,0.0,positive,0.3413,0.0,11.95,normal,[],xlm_roberta_mdeberta_v1,
century21_66f53893725b,century21,0.0,positive,0.3538,0.2,17.38,normal,['no_images_suspicious'],xlm_roberta_mdeberta_v1,
century21_d49b75e2cdea,century21,0.0,positive,0.3731,0.3,20.56,normal,['urgency_detected'],xlm_roberta_mdeberta_v1,
century21_2ea2ea0726f8,century21,0.0,positive,0.3273,0.5,23.96,suspect,"['urgency_detected', 'no_images_suspicious']",xlm_roberta_mdeberta_v1,
century21_410a0b71600a,century21,0.0,positive,0.3723,0.45,24.28,suspect,"['external_contact', 'no_images_suspicious']",xlm_roberta_mdeberta_v1,
century21_92fd3ecfc4f3,century21,0.0,positive,0.3649,0.0,12.77,normal,[],xlm_roberta_mdeberta_v1,
century21_5b4b94141d15,century21,0.0,positive,0.3817,0.2,18.36,normal,['no_images_suspicious'],xlm_roberta_mdeberta_v1,
century21_41362ad9c8bf,century21,0.0825,neutral,0.3945,0.75,35.86,suspect,"['urgency_detected', 'external_contact', 'no_images_suspicious']",xlm_roberta_mdeberta_v1,
century21_1c6168d6577f,century21,0.0,positive,0.3312,0.5,24.09,suspect,"['urgency_detected', 'no_images_suspicious']",xlm_roberta_mdeberta_v1,
century21_c06ff58b0763,century21,0.0,positive,0.3786,0.2,18.25,normal,['no_images_suspicious'],xlm_roberta_mdeberta_v1,
century21_0f408eea2767,century21,0.0,positive,0.4241,0.2,19.84,normal,['no_images_suspicious'],xlm_roberta_mdeberta_v1,
century21_d9f20e028159,century21,0.0,positive,0.2919,0.0,10.22,normal,[],xlm_roberta_mdeberta_v1,
century21_123204,century21,0.0,positive,0.3717,0.75,31.76,suspect,"['urgency_detected', 'external_contact', 'no_images_suspicious']",xlm_roberta_mdeberta_v1,
century21_037cf7b28811,century21,0.0,positive,0.4227,0.45,26.04,suspect,"['external_contact', 'no_images_suspicious']",xlm_roberta_mdeberta_v1,
century21_8ed31680d972,century21,0.3268,negative,0.3642,0.2,30.82,suspect,['no_images_suspicious'],xlm_roberta_mdeberta_v1,
century21_c0decbcc04c4,century21,0.3581,negative,0.3747,0.2,32.44,suspect,['no_images_suspicious'],xlm_roberta_mdeberta_v1,
century21_915ad19ef558,century21,0.0,positive,0.3895,0.2,18.63,normal,['no_images_suspicious'],xlm_roberta_mdeberta_v1,
century21_adce1546722c,century21,0.0972,neutral,0.3831,0.2,22.3,suspect,['no_images_suspicious'],xlm_roberta_mdeberta_v1,
century21_b20f401cc684,century21,0.0,positive,0.3444,0.5,24.55,suspect,"['urgency_detected', 'no_images_suspicious']",xlm_roberta_mdeberta_v1,
century21_6b3c84fc87d5,century21,0.0,positive,0.3673,0.2,17.86,normal,['no_images_suspicious'],xlm_roberta_mdeberta_v1,
century21_7ebcc1aefb02,century21,0.0,positive,0.2627,0.5,21.69,suspect,"['urgency_detected', 'no_images_suspicious']",xlm_roberta_mdeberta_v1,
century21_ebbf44fa75da,century21,0.0,positive,0.4507,0.2,20.77,normal,['no_images_suspicious'],xlm_roberta_mdeberta_v1,
century21_ecd48149e43a,century21,0.3897,negative,0.3615,0.0,28.24,suspect,[],xlm_roberta_mdeberta_v1,
century21_98a67292a7cd,century21,0.0873,neutral,0.4037,0.2,22.62,suspect,['no_images_suspicious'],xlm_roberta_mdeberta_v1,
century21_5a23d63ad818,century21,0.0,positive,0.3997,0.5,26.49,suspect,"['urgency_detected', 'no_images_suspicious']",xlm_roberta_mdeberta_v1,
century21_0f4cd89ce29f,century21,0.0,positive,0.3838,0.45,24.68,suspect,"['external_contact', 'no_images_suspicious']",xlm_roberta_mdeberta_v1,
century21_70af2643b56a,century21,0.0,positive,0.3323,0.2,16.63,normal,['no_images_suspicious'],xlm_roberta_mdeberta_v1,
century21_2a406efcab42,century21,0.0,positive,0.417,0.2,19.6,normal,['no_images_suspicious'],xlm_roberta_mdeberta_v1,
century21_4c185080ddfc,century21,0.0,positive,0.4186,0.2,19.65,normal,['no_images_suspicious'],xlm_roberta_mdeberta_v1,
century21_368dafed3dce,century21,0.0,positive,0.3675,0.5,25.36,suspect,"['urgency_detected', 'no_images_suspicious']",xlm_roberta_mdeberta_v1,
century21_f5dc1e34017e,century21,0.0,positive,0.3749,0.2,18.12,normal,['no_images_suspicious'],xlm_roberta_mdeberta_v1,
century21_e3797541c1a6,century21,0.0,positive,0.2973,0.0,10.41,normal,[],xlm_roberta_mdeberta_v1,
century21_eca19f1958e3,century21,0.0804,neutral,0.3693,0.2,21.14,suspect,['no_images_suspicious'],xlm_roberta_mdeberta_v1,
affare_259822,affare,0.0765,neutral,0.3927,0.55,30.55,suspect,"['urgency_detected', 'external_contact']",xlm_roberta_mdeberta_v1,
affare_259829,affare,0.3888,negative,0.2549,0.75,43.22,suspect,"['urgency_detected', 'external_contact', 'no_images_suspicious']",xlm_roberta_mdeberta_v1,
affare_259817,affare,0.0,positive,0.3668,0.0,12.84,normal,[],xlm_roberta_mdeberta_v1,
affare_259828,affare,0.0,positive,0.3516,0.0,12.31,normal,[],xlm_roberta_mdeberta_v1,
affare_259832,affare,0.3687,negative,0.3199,0.55,39.69,suspect,"['urgency_detected', 'external_contact']",xlm_roberta_mdeberta_v1,
affare_259831,affare,0.6511,negative,0.3695,0.55,52.73,fraud_likely,"['urgency_detected', 'external_contact']",xlm_roberta_mdeberta_v1,"Cette annonce immobilière est suspecte en raison de son score élevé de fraude (52.7/100), sentiment négatif (score 0.65), et des flags urgence détectée et contact externe déclenchés. La description de l'appartement comme ""jamais habité"" et la demande d'un visiteur gratuit sans plus d'informations complémentaires peuvent être des signes inquiétants."
affare_259821,affare,0.0,positive,0.3888,0.0,13.61,normal,[],xlm_roberta_mdeberta_v1,
affare_237154,affare,0.0,positive,0.3801,0.55,27.05,suspect,"['urgency_detected', 'external_contact']",xlm_roberta_mdeberta_v1,
affare_259824,affare,0.0,positive,0.3482,0.0,12.19,normal,[],xlm_roberta_mdeberta_v1,
affare_259827,affare,0.0,positive,0.3299,0.2,16.55,normal,['no_images_suspicious'],xlm_roberta_mdeberta_v1,
affare_259838,affare,0.3412,negative,0.3746,0.0,26.76,suspect,[],xlm_roberta_mdeberta_v1,
affare_259839,affare,0.2745,negative,0.3176,0.55,35.85,suspect,"['urgency_detected', 'external_contact']",xlm_roberta_mdeberta_v1,
affare_253704,affare,0.0885,neutral,0.4174,0.3,25.65,suspect,['urgency_detected'],xlm_roberta_mdeberta_v1,
affare_253129,affare,0.0,positive,0.3978,0.0,13.92,normal,[],xlm_roberta_mdeberta_v1,
affare_186134,affare,0.0,positive,0.2622,0.5,21.68,suspect,"['urgency_detected', 'no_images_suspicious']",xlm_roberta_mdeberta_v1,
affare_252438,affare,0.0,positive,0.3937,0.0,13.78,normal,[],xlm_roberta_mdeberta_v1,
affare_249917,affare,0.0,positive,0.3202,0.3,18.71,normal,['urgency_detected'],xlm_roberta_mdeberta_v1,
affare_225379,affare,0.0,positive,0.3629,0.75,31.45,suspect,"['urgency_detected', 'external_contact', 'no_images_suspicious']",xlm_roberta_mdeberta_v1,
affare_259840,affare,0.0,positive,0.254,0.75,27.64,suspect,"['urgency_detected', 'external_contact', 'no_images_suspicious']",xlm_roberta_mdeberta_v1,
affare_259842,affare,0.0,positive,0.2767,1.0,34.68,suspect,"['urgency_detected', 'vague_description', 'external_contact', 'no_images_suspicious']",xlm_roberta_mdeberta_v1,
affare_259841,affare,0.0744,neutral,0.3498,0.75,33.97,suspect,"['urgency_detected', 'external_contact', 'no_images_suspicious']",xlm_roberta_mdeberta_v1,
affare_259843,affare,0.4369,negative,0.2718,0.75,45.74,suspect,"['urgency_detected', 'external_contact', 'no_images_suspicious']",xlm_roberta_mdeberta_v1,
affare_259848,affare,0.2538,negative,0.2475,0.75,37.56,suspect,"['urgency_detected', 'external_contact', 'no_images_suspicious']",xlm_roberta_mdeberta_v1,
affare_259846,affare,0.0,positive,0.2493,0.75,27.48,suspect,"['urgency_detected', 'external_contact', 'no_images_suspicious']",xlm_roberta_mdeberta_v1,
affare_259847,affare,0.0,positive,0.3684,0.2,17.89,normal,['no_images_suspicious'],xlm_roberta_mdeberta_v1,
affare_259845,affare,0.3155,negative,0.3646,0.75,44.13,suspect,"['urgency_detected', 'external_contact', 'no_images_suspicious']",xlm_roberta_mdeberta_v1,
affare_259844,affare,0.2587,negative,0.3286,0.55,35.6,suspect,"['urgency_detected', 'external_contact']",xlm_roberta_mdeberta_v1,
affare_259849,affare,0.0,positive,0.2711,0.55,23.24,suspect,"['urgency_detected', 'external_contact']",xlm_roberta_mdeberta_v1,
affare_259851,affare,0.2633,negative,0.2414,0.75,37.73,suspect,"['urgency_detected', 'external_contact', 'no_images_suspicious']",xlm_roberta_mdeberta_v1,
affare_259852,affare,0.0,positive,0.3374,0.2,16.81,normal,['no_images_suspicious'],xlm_roberta_mdeberta_v1,
century21_bac3293f441b,century21,0.0,positive,0.3883,0.55,27.34,suspect,"['urgency_detected', 'external_contact']",xlm_roberta_mdeberta_v1,
century21_160cca2e3501,century21,0.0,positive,0.3332,0.0,11.66,normal,[],xlm_roberta_mdeberta_v1,
century21_18f970fcc192,century21,0.0,positive,0.3482,0.55,25.94,suspect,"['urgency_detected', 'external_contact']",xlm_roberta_mdeberta_v1,
century21_8876bac772a4,century21,0.0,positive,0.3506,0.0,12.27,normal,[],xlm_roberta_mdeberta_v1,
century21_8ca1d302691c,century21,0.0,positive,0.2781,0.55,23.48,suspect,"['urgency_detected', 'external_contact']",xlm_roberta_mdeberta_v1,
century21_4b5c78f2f511,century21,0.3413,negative,0.3368,0.0,25.44,suspect,[],xlm_roberta_mdeberta_v1,
century21_6d514e90d630,century21,0.0,positive,0.3354,0.0,11.74,normal,[],xlm_roberta_mdeberta_v1,
century21_4c06b43c068a,century21,0.0,positive,0.3749,0.0,13.12,normal,[],xlm_roberta_mdeberta_v1,
century21_c028c312677e,century21,0.0,positive,0.3784,0.0,13.24,normal,[],xlm_roberta_mdeberta_v1,
century21_cb78373dde1f,century21,0.0,positive,0.364,0.0,12.74,normal,[],xlm_roberta_mdeberta_v1,
century21_32c6e6dff074,century21,0.0,positive,0.3743,0.0,13.1,normal,[],xlm_roberta_mdeberta_v1,
century21_310f40b1eedd,century21,0.0,positive,0.4186,0.0,14.65,normal,[],xlm_roberta_mdeberta_v1,
century21_c950a51fcde5,century21,0.2433,negative,0.366,0.0,22.54,suspect,[],xlm_roberta_mdeberta_v1,
century21_063de3910602,century21,0.0,positive,0.3524,0.3,19.83,normal,['urgency_detected'],xlm_roberta_mdeberta_v1,
century21_64c62b5c0537,century21,0.0752,neutral,0.3919,0.55,30.47,suspect,"['urgency_detected', 'external_contact']",xlm_roberta_mdeberta_v1,
century21_0e64ecba232c,century21,0.0,positive,0.395,0.0,13.82,normal,[],xlm_roberta_mdeberta_v1,
century21_1530c85db09d,century21,0.0,positive,0.3856,0.0,13.5,normal,[],xlm_roberta_mdeberta_v1,
century21_3659cd35b042,century21,0.0745,neutral,0.3366,0.55,28.51,suspect,"['urgency_detected', 'external_contact']",xlm_roberta_mdeberta_v1,
century21_214eb3deba0a,century21,0.0,positive,0.2727,0.0,9.54,normal,[],xlm_roberta_mdeberta_v1,
century21_140e079cf58f,century21,0.0,positive,0.3444,0.0,12.05,normal,[],xlm_roberta_mdeberta_v1,
century21_fb0f27a49c45,century21,0.0,positive,0.3575,0.0,12.51,normal,[],xlm_roberta_mdeberta_v1,
century21_319b28be4741,century21,0.0,positive,0.3771,0.0,13.2,normal,[],xlm_roberta_mdeberta_v1,
century21_362465b3895d,century21,0.3258,negative,0.3755,0.0,26.17,suspect,[],xlm_roberta_mdeberta_v1,
century21_4e557c74b52b,century21,0.0,positive,0.3373,0.0,11.81,normal,[],xlm_roberta_mdeberta_v1,
century21_78ae1edde1b1,century21,0.3242,negative,0.385,0.0,26.44,suspect,[],xlm_roberta_mdeberta_v1,
century21_55e26d9bdc16,century21,0.0808,neutral,0.388,0.0,16.81,normal,[],xlm_roberta_mdeberta_v1,
century21_ea76f2296611,century21,0.1021,neutral,0.3877,0.0,17.65,normal,[],xlm_roberta_mdeberta_v1,
century21_24051fa795f3,century21,0.276,negative,0.3921,0.0,24.76,suspect,[],xlm_roberta_mdeberta_v1,
century21_a9d04213f7a8,century21,0.0,positive,0.395,0.55,27.57,suspect,"['urgency_detected', 'external_contact']",xlm_roberta_mdeberta_v1,
century21_b3643df3f7b0,century21,0.0,positive,0.3903,0.0,13.66,normal,[],xlm_roberta_mdeberta_v1,
century21_ebc7ed0ab918,century21,0.0,positive,0.3838,0.0,13.43,normal,[],xlm_roberta_mdeberta_v1,
century21_79562dda3aca,century21,0.3345,negative,0.377,0.0,26.57,suspect,[],xlm_roberta_mdeberta_v1,
century21_377e6962b7a4,century21,0.0,positive,0.3768,0.55,26.94,suspect,"['urgency_detected', 'external_contact']",xlm_roberta_mdeberta_v1,
century21_1194dd37f071,century21,0.0,positive,0.434,0.55,28.94,suspect,"['urgency_detected', 'external_contact']",xlm_roberta_mdeberta_v1,
century21_7a5662f7d123,century21,0.0,positive,0.3925,0.0,13.74,normal,[],xlm_roberta_mdeberta_v1,
century21_5b3849c4f5b0,century21,0.0888,neutral,0.3997,0.0,17.54,normal,[],xlm_roberta_mdeberta_v1,
century21_e52f2140f570,century21,0.0713,neutral,0.3577,0.55,29.12,suspect,"['urgency_detected', 'external_contact']",xlm_roberta_mdeberta_v1,
century21_1756bf078e87,century21,0.0,positive,0.2842,0.0,9.95,normal,[],xlm_roberta_mdeberta_v1,
century21_168b60e86574,century21,0.0738,neutral,0.3573,0.55,29.21,suspect,"['urgency_detected', 'external_contact']",xlm_roberta_mdeberta_v1,
century21_5636634e4b21,century21,0.0981,neutral,0.4078,0.0,18.2,normal,[],xlm_roberta_mdeberta_v1,
century21_4a0465f26015,century21,0.36,negative,0.3864,0.0,27.92,suspect,[],xlm_roberta_mdeberta_v1,
century21_d938af6345b7,century21,0.0,positive,0.3696,0.55,26.69,suspect,"['urgency_detected', 'external_contact']",xlm_roberta_mdeberta_v1,
century21_6e5906eef22c,century21,0.3257,negative,0.3786,0.0,26.28,suspect,[],xlm_roberta_mdeberta_v1,
century21_2404060b7813,century21,0.0,positive,0.3283,0.3,18.99,normal,['urgency_detected'],xlm_roberta_mdeberta_v1,
century21_4e35e4522601,century21,0.0957,neutral,0.425,0.0,18.7,normal,[],xlm_roberta_mdeberta_v1,
century21_4aa9be163c13,century21,0.0931,neutral,0.3349,0.0,15.45,normal,[],xlm_roberta_mdeberta_v1,
century21_4b72034b97c7,century21,0.0,positive,0.3497,0.0,12.24,normal,[],xlm_roberta_mdeberta_v1,
century21_4e520ff08ade,century21,0.0746,neutral,0.4008,0.0,17.01,normal,[],xlm_roberta_mdeberta_v1,
century21_5cb5319c57d3,century21,0.0,positive,0.3517,0.0,12.31,normal,[],xlm_roberta_mdeberta_v1,
century21_d56c9a65e2f8,century21,0.0,positive,0.3909,0.0,13.68,normal,[],xlm_roberta_mdeberta_v1,
century21_982efa4d847c,century21,0.1017,neutral,0.4085,0.0,18.37,normal,[],xlm_roberta_mdeberta_v1,
century21_1b6b14760a20,century21,0.0,positive,0.2727,0.0,9.54,normal,[],xlm_roberta_mdeberta_v1,
century21_87563288e275,century21,0.0,positive,0.3588,0.0,12.56,normal,[],xlm_roberta_mdeberta_v1,
century21_0607f8069d8d,century21,0.0857,neutral,0.3799,0.0,16.72,normal,[],xlm_roberta_mdeberta_v1,
century21_13e835f2d465,century21,0.0832,neutral,0.3999,0.0,17.32,normal,[],xlm_roberta_mdeberta_v1,
century21_ce80a2267e67,century21,0.0,positive,0.4343,0.0,15.2,normal,[],xlm_roberta_mdeberta_v1,
century21_a02b604995b4,century21,0.0,positive,0.4006,0.0,14.02,normal,[],xlm_roberta_mdeberta_v1,
century21_07e70b8f7269,century21,0.0813,neutral,0.4022,0.0,17.33,normal,[],xlm_roberta_mdeberta_v1,
century21_fda2ab4a7a15,century21,0.0,positive,0.3679,0.0,12.88,normal,[],xlm_roberta_mdeberta_v1,
century21_35ff7788ea39,century21,0.0,positive,0.3851,0.0,13.48,normal,[],xlm_roberta_mdeberta_v1,
century21_25c2b58dd678,century21,0.0,positive,0.3718,0.0,13.01,normal,[],xlm_roberta_mdeberta_v1,
century21_6b9de478b7b1,century21,0.0,positive,0.3682,0.0,12.89,normal,[],xlm_roberta_mdeberta_v1,
century21_9ba44f991d99,century21,0.0,positive,0.3787,0.0,13.25,normal,[],xlm_roberta_mdeberta_v1,
century21_d27879a5b5fd,century21,0.0,positive,0.329,0.0,11.52,normal,[],xlm_roberta_mdeberta_v1,
century21_e4079d4a97a2,century21,0.0,positive,0.2968,0.0,10.39,normal,[],xlm_roberta_mdeberta_v1,
century21_954fd78ff3d7,century21,0.0,positive,0.3557,0.0,12.45,normal,[],xlm_roberta_mdeberta_v1,
century21_1271e8f8b6ee,century21,0.0,positive,0.3661,0.0,12.81,normal,[],xlm_roberta_mdeberta_v1,
century21_78c134f96bdf,century21,0.0,positive,0.3828,0.0,13.4,normal,[],xlm_roberta_mdeberta_v1,
century21_3495a010abe8,century21,0.0,positive,0.3617,0.0,12.66,normal,[],xlm_roberta_mdeberta_v1,
century21_7c90e5a6114e,century21,0.0,positive,0.3757,0.0,13.15,normal,[],xlm_roberta_mdeberta_v1,
century21_a07191c60838,century21,0.0881,neutral,0.3572,0.0,16.03,normal,[],xlm_roberta_mdeberta_v1,
century21_797d3289a1bd,century21,0.0996,neutral,0.3676,0.0,16.85,normal,[],xlm_roberta_mdeberta_v1,
century21_89445e859653,century21,0.0971,neutral,0.4197,0.55,32.32,suspect,"['urgency_detected', 'external_contact']",xlm_roberta_mdeberta_v1,
century21_f6db4c744e5d,century21,0.0,positive,0.2934,0.55,24.02,suspect,"['urgency_detected', 'external_contact']",xlm_roberta_mdeberta_v1,
century21_eeb7228fc2bc,century21,0.0,positive,0.3756,0.55,26.9,suspect,"['urgency_detected', 'external_contact']",xlm_roberta_mdeberta_v1,
century21_e0e492bfa475,century21,0.0,positive,0.3334,0.55,25.42,suspect,"['urgency_detected', 'external_contact']",xlm_roberta_mdeberta_v1,
century21_aa16342cd061,century21,0.0882,neutral,0.3579,0.0,16.05,normal,[],xlm_roberta_mdeberta_v1,
century21_7e1182994e06,century21,0.0,positive,0.3482,0.55,25.94,suspect,"['urgency_detected', 'external_contact']",xlm_roberta_mdeberta_v1,
century21_5c83f0549d96,century21,0.0816,neutral,0.4386,0.0,18.61,normal,[],xlm_roberta_mdeberta_v1,
century21_0d265a7d9772,century21,0.0,positive,0.4188,0.55,28.41,suspect,"['urgency_detected', 'external_contact']",xlm_roberta_mdeberta_v1,
century21_6b1862e17012,century21,0.0,positive,0.4273,0.55,28.71,suspect,"['urgency_detected', 'external_contact']",xlm_roberta_mdeberta_v1,
century21_d25abe9c031d,century21,0.2742,negative,0.4439,0.0,26.5,suspect,[],xlm_roberta_mdeberta_v1,
century21_606a84720887,century21,0.081,neutral,0.3304,0.0,14.8,normal,[],xlm_roberta_mdeberta_v1,
century21_ed6fd14140be,century21,0.305,negative,0.3941,0.0,25.99,suspect,[],xlm_roberta_mdeberta_v1,
century21_cca8c541d68c,century21,0.0,positive,0.4185,0.55,28.4,suspect,"['urgency_detected', 'external_contact']",xlm_roberta_mdeberta_v1,
century21_18028b0069cf,century21,0.0,positive,0.3566,0.55,26.23,suspect,"['urgency_detected', 'external_contact']",xlm_roberta_mdeberta_v1,
century21_0a1b0e2764eb,century21,0.0,positive,0.3654,0.0,12.79,normal,[],xlm_roberta_mdeberta_v1,
century21_4d1586b241c3,century21,0.0,positive,0.3988,0.0,13.96,normal,[],xlm_roberta_mdeberta_v1,
century21_715f4f05e1a8,century21,0.0,positive,0.2464,0.0,8.62,normal,[],xlm_roberta_mdeberta_v1,
century21_69433dc68bd9,century21,0.0,positive,0.3524,0.0,12.33,normal,[],xlm_roberta_mdeberta_v1,
century21_e7c32a92a29e,century21,0.0,positive,0.3649,0.3,20.27,normal,['urgency_detected'],xlm_roberta_mdeberta_v1,
century21_9369dff19f87,century21,0.0,positive,0.3953,0.55,27.59,suspect,"['urgency_detected', 'external_contact']",xlm_roberta_mdeberta_v1,
century21_9cf3fdfda16c,century21,0.0,positive,0.3837,0.0,13.43,normal,[],xlm_roberta_mdeberta_v1,
century21_319852d318ad,century21,0.089,neutral,0.4082,0.55,31.6,suspect,"['urgency_detected', 'external_contact']",xlm_roberta_mdeberta_v1,
century21_56990915eb9c,century21,0.0,positive,0.3914,0.0,13.7,normal,[],xlm_roberta_mdeberta_v1,
century21_4acfa28aca98,century21,0.0,positive,0.4231,0.0,14.81,normal,[],xlm_roberta_mdeberta_v1,
century21_ccc4b9753bc8,century21,0.2876,negative,0.4329,0.0,26.66,suspect,[],xlm_roberta_mdeberta_v1,
century21_6f8a0f16ae24,century21,0.0,positive,0.4288,0.0,15.01,normal,[],xlm_roberta_mdeberta_v1,
century21_48a338069c96,century21,0.0828,neutral,0.4332,0.0,18.47,normal,[],xlm_roberta_mdeberta_v1,
century21_e2a854890153,century21,0.0958,neutral,0.3746,0.0,16.94,normal,[],xlm_roberta_mdeberta_v1,
century21_e733e70b6acc,century21,0.276,negative,0.4379,0.0,26.37,suspect,[],xlm_roberta_mdeberta_v1,
century21_382b13c51da5,century21,0.0,positive,0.3851,0.55,27.23,suspect,"['urgency_detected', 'external_contact']",xlm_roberta_mdeberta_v1,
century21_5fc3eaf382f4,century21,0.0,positive,0.3672,0.0,12.85,normal,[],xlm_roberta_mdeberta_v1,
century21_5175b1d86474,century21,0.0,positive,0.2732,0.0,9.56,normal,[],xlm_roberta_mdeberta_v1,
century21_bd8d4e1f9c91,century21,0.0,positive,0.3679,0.0,12.88,normal,[],xlm_roberta_mdeberta_v1,
century21_441c2b67d518,century21,0.0,positive,0.3515,0.0,12.3,normal,[],xlm_roberta_mdeberta_v1,
century21_2d4299a3b59d,century21,0.0,positive,0.3784,0.55,26.99,suspect,"['urgency_detected', 'external_contact']",xlm_roberta_mdeberta_v1,
century21_a93eda39ddee,century21,0.0,positive,0.4119,0.0,14.42,normal,[],xlm_roberta_mdeberta_v1,
century21_32ae573b2d5f,century21,0.0,positive,0.4205,0.55,28.47,suspect,"['urgency_detected', 'external_contact']",xlm_roberta_mdeberta_v1,
century21_9df234e5e3f8,century21,0.0751,neutral,0.3932,0.0,16.77,normal,[],xlm_roberta_mdeberta_v1,
century21_5ce2cc2b2a07,century21,0.0812,neutral,0.3647,0.0,16.01,normal,[],xlm_roberta_mdeberta_v1,
century21_d15ec4cb4f10,century21,0.0,positive,0.3647,0.55,26.51,suspect,"['urgency_detected', 'external_contact']",xlm_roberta_mdeberta_v1,
century21_fa9375b0749a,century21,0.0715,neutral,0.3504,0.0,15.12,normal,[],xlm_roberta_mdeberta_v1,
century21_b36d9194b10a,century21,0.0811,neutral,0.3533,0.55,29.36,suspect,"['urgency_detected', 'external_contact']",xlm_roberta_mdeberta_v1,
century21_44254b91cccd,century21,0.324,negative,0.3698,0.0,25.9,suspect,[],xlm_roberta_mdeberta_v1,
century21_9fe77edf4bfa,century21,0.0764,neutral,0.3913,0.0,16.75,normal,[],xlm_roberta_mdeberta_v1,
century21_e5ce5177865c,century21,0.3465,negative,0.4141,0.0,28.35,suspect,[],xlm_roberta_mdeberta_v1,
century21_1ad355021e8b,century21,0.3032,negative,0.4178,0.0,26.75,suspect,[],xlm_roberta_mdeberta_v1,
century21_914c6d402ad3,century21,0.0,positive,0.3454,0.0,12.09,normal,[],xlm_roberta_mdeberta_v1,
century21_d9ea7c81a744,century21,0.0,positive,0.3544,0.55,26.15,suspect,"['urgency_detected', 'external_contact']",xlm_roberta_mdeberta_v1,
century21_fe25be0676f0,century21,0.0764,neutral,0.3744,0.55,29.91,suspect,"['urgency_detected', 'external_contact']",xlm_roberta_mdeberta_v1,
century21_15e1680a01d4,century21,0.0862,neutral,0.339,0.55,29.06,suspect,"['urgency_detected', 'external_contact']",xlm_roberta_mdeberta_v1,
century21_9d3e71647225,century21,0.0,positive,0.3364,0.55,25.52,suspect,"['urgency_detected', 'external_contact']",xlm_roberta_mdeberta_v1,
century21_a2369ff213af,century21,0.0749,neutral,0.4162,0.55,31.31,suspect,"['urgency_detected', 'external_contact']",xlm_roberta_mdeberta_v1,
century21_96f0f477874a,century21,0.0,positive,0.4315,0.0,15.1,normal,[],xlm_roberta_mdeberta_v1,
century21_9ea34b5c74d4,century21,0.0,positive,0.4222,0.55,28.53,suspect,"['urgency_detected', 'external_contact']",xlm_roberta_mdeberta_v1,
century21_1f148f418fac,century21,0.0,positive,0.4254,0.55,28.64,suspect,"['urgency_detected', 'external_contact']",xlm_roberta_mdeberta_v1,
century21_52e967d9c03b,century21,0.0,positive,0.338,0.0,11.83,normal,[],xlm_roberta_mdeberta_v1,
century21_74796a53e2b3,century21,0.0,positive,0.3499,0.0,12.25,normal,[],xlm_roberta_mdeberta_v1,
century21_a7e8f40ae690,century21,0.0,positive,0.3246,0.0,11.36,normal,[],xlm_roberta_mdeberta_v1,
century21_437f42836bb1,century21,0.0881,neutral,0.4178,0.55,31.9,suspect,"['urgency_detected', 'external_contact']",xlm_roberta_mdeberta_v1,
century21_863ff2255218,century21,0.0,positive,0.3557,0.25,18.7,normal,['external_contact'],xlm_roberta_mdeberta_v1,
century21_655c978f14b7,century21,0.0,positive,0.34,0.0,11.9,normal,[],xlm_roberta_mdeberta_v1,
century21_202cb46368f5,century21,0.0,positive,0.3979,0.0,13.93,normal,[],xlm_roberta_mdeberta_v1,
century21_9c63963d046c,century21,0.0,positive,0.3705,0.45,24.22,suspect,"['external_contact', 'no_images_suspicious']",xlm_roberta_mdeberta_v1,
century21_d6c48fc8e491,century21,0.0,positive,0.3469,0.5,24.64,suspect,"['urgency_detected', 'no_images_suspicious']",xlm_roberta_mdeberta_v1,
century21_c0ecaf174a23,century21,0.0,positive,0.3841,0.2,18.44,normal,['no_images_suspicious'],xlm_roberta_mdeberta_v1,
century21_9a1bc93ebfc2,century21,0.3133,negative,0.3859,0.2,31.04,suspect,['no_images_suspicious'],xlm_roberta_mdeberta_v1,
century21_f20c4c7342bc,century21,0.0,positive,0.3947,0.2,18.81,normal,['no_images_suspicious'],xlm_roberta_mdeberta_v1,
century21_037ddbc9a6b9,century21,0.0,positive,0.3402,0.2,16.91,normal,['no_images_suspicious'],xlm_roberta_mdeberta_v1,
century21_ab82ea90c784,century21,0.0,positive,0.4135,0.2,19.47,normal,['no_images_suspicious'],xlm_roberta_mdeberta_v1,
century21_4d5476cf977d,century21,0.0,positive,0.3673,0.2,17.86,normal,['no_images_suspicious'],xlm_roberta_mdeberta_v1,
century21_7ae50c871d49,century21,0.0,positive,0.3727,0.2,18.04,normal,['no_images_suspicious'],xlm_roberta_mdeberta_v1,
century21_7de5971479c9,century21,0.0,positive,0.412,0.45,25.67,suspect,"['external_contact', 'no_images_suspicious']",xlm_roberta_mdeberta_v1,
century21_96acb2681314,century21,0.0,positive,0.4166,0.2,19.58,normal,['no_images_suspicious'],xlm_roberta_mdeberta_v1,
century21_796a61586351,century21,0.0,positive,0.3084,0.2,15.79,normal,['no_images_suspicious'],xlm_roberta_mdeberta_v1,
century21_d7dd31824e1a,century21,0.0,positive,0.4479,0.2,20.68,normal,['no_images_suspicious'],xlm_roberta_mdeberta_v1,
century21_87de32be35fe,century21,0.0,positive,0.4204,0.2,19.71,normal,['no_images_suspicious'],xlm_roberta_mdeberta_v1,
century21_50eca2e7224c,century21,0.0,positive,0.4089,0.0,14.31,normal,[],xlm_roberta_mdeberta_v1,
century21_08cc17d22f20,century21,0.0,positive,0.3543,0.2,17.4,normal,['no_images_suspicious'],xlm_roberta_mdeberta_v1,
century21_d7af84ba82b0,century21,0.0,positive,0.3508,0.2,17.28,normal,['no_images_suspicious'],xlm_roberta_mdeberta_v1,
century21_10601fa24c71,century21,0.0,positive,0.4089,0.2,19.31,normal,['no_images_suspicious'],xlm_roberta_mdeberta_v1,
century21_5a375f842354,century21,0.0,positive,0.386,0.2,18.51,normal,['no_images_suspicious'],xlm_roberta_mdeberta_v1,
century21_f755abe65a02,century21,0.0,positive,0.3897,0.2,18.64,normal,['no_images_suspicious'],xlm_roberta_mdeberta_v1,
century21_07cdcbbbc116,century21,0.0,positive,0.4061,0.2,19.21,normal,['no_images_suspicious'],xlm_roberta_mdeberta_v1,
century21_61962845b5e5,century21,0.0801,neutral,0.4054,0.2,22.39,suspect,['no_images_suspicious'],xlm_roberta_mdeberta_v1,
century21_3eb5b0e9318b,century21,0.0,positive,0.3627,0.0,12.69,normal,[],xlm_roberta_mdeberta_v1,
century21_2798f9b04a84,century21,0.0,positive,0.3388,0.2,16.86,normal,['no_images_suspicious'],xlm_roberta_mdeberta_v1,
century21_a31b48686fd2,century21,0.0,positive,0.3967,0.2,18.88,normal,['no_images_suspicious'],xlm_roberta_mdeberta_v1,
century21_42bcdb78bfaf,century21,0.0,positive,0.3528,0.45,23.6,suspect,"['external_contact', 'no_images_suspicious']",xlm_roberta_mdeberta_v1,
century21_12046e292fd8,century21,0.0,positive,0.3528,0.45,23.6,suspect,"['external_contact', 'no_images_suspicious']",xlm_roberta_mdeberta_v1,
century21_276c7ffa4642,century21,0.0,positive,0.4223,0.2,19.78,normal,['no_images_suspicious'],xlm_roberta_mdeberta_v1,
century21_50d25f4fe096,century21,0.0,positive,0.3178,0.0,11.12,normal,[],xlm_roberta_mdeberta_v1,
century21_ac31f05e19b3,century21,0.0,positive,0.4193,0.75,33.43,suspect,"['urgency_detected', 'external_contact', 'no_images_suspicious']",xlm_roberta_mdeberta_v1,
century21_e32244c8782b,century21,0.0,positive,0.316,0.0,11.06,normal,[],xlm_roberta_mdeberta_v1,
century21_261a83aea510,century21,0.0,positive,0.3381,0.2,16.83,normal,['no_images_suspicious'],xlm_roberta_mdeberta_v1,
century21_8f341ed5e892,century21,0.0,positive,0.2707,0.2,14.47,normal,['no_images_suspicious'],xlm_roberta_mdeberta_v1,
century21_778bb258cbd3,century21,0.0,positive,0.3361,0.2,16.76,normal,['no_images_suspicious'],xlm_roberta_mdeberta_v1,
century21_4a1a3f49ab4f,century21,0.0,positive,0.3685,0.2,17.9,normal,['no_images_suspicious'],xlm_roberta_mdeberta_v1,
century21_4a3c491f25fd,century21,0.0,positive,0.3682,0.2,17.89,normal,['no_images_suspicious'],xlm_roberta_mdeberta_v1,
century21_39fc5f9a7f3d,century21,0.0,positive,0.3628,0.2,17.7,normal,['no_images_suspicious'],xlm_roberta_mdeberta_v1,
century21_e5d010f4154f,century21,0.0,positive,0.3623,0.2,17.68,normal,['no_images_suspicious'],xlm_roberta_mdeberta_v1,
century21_d270a2e827e9,century21,0.081,neutral,0.3382,0.2,20.08,normal,['no_images_suspicious'],xlm_roberta_mdeberta_v1,
century21_08a2bf3ea23a,century21,0.0,positive,0.4271,0.75,33.7,suspect,"['urgency_detected', 'external_contact', 'no_images_suspicious']",xlm_roberta_mdeberta_v1,
century21_c7841bfe5cda,century21,0.0,positive,0.4034,0.2,19.12,normal,['no_images_suspicious'],xlm_roberta_mdeberta_v1,
century21_fb379b24c81d,century21,0.302,negative,0.3812,0.2,30.42,suspect,['no_images_suspicious'],xlm_roberta_mdeberta_v1,
century21_992cedccc482,century21,0.2632,negative,0.3159,0.0,21.58,suspect,[],xlm_roberta_mdeberta_v1,
century21_f3163877fa3b,century21,0.0,positive,0.3738,0.2,18.08,normal,['no_images_suspicious'],xlm_roberta_mdeberta_v1,
century21_f77de57bee4f,century21,0.0,positive,0.3374,0.2,16.81,normal,['no_images_suspicious'],xlm_roberta_mdeberta_v1,
century21_ec2eaed7327d,century21,0.0,positive,0.3246,0.2,16.36,normal,['no_images_suspicious'],xlm_roberta_mdeberta_v1,
century21_5f6930bea10f,century21,0.0,positive,0.432,0.75,33.87,suspect,"['urgency_detected', 'external_contact', 'no_images_suspicious']",xlm_roberta_mdeberta_v1,
century21_fc7f9af2fe34,century21,0.0,positive,0.3457,0.2,17.1,normal,['no_images_suspicious'],xlm_roberta_mdeberta_v1,
century21_67d2a22be7ae,century21,0.0,positive,0.3969,0.2,18.89,normal,['no_images_suspicious'],xlm_roberta_mdeberta_v1,
century21_53e37616a1dc,century21,0.0,positive,0.4097,0.2,19.34,normal,['no_images_suspicious'],xlm_roberta_mdeberta_v1,
century21_ae400a4c8edd,century21,0.0,positive,0.419,0.2,19.66,normal,['no_images_suspicious'],xlm_roberta_mdeberta_v1,
century21_904e83b8948a,century21,0.0,positive,0.4175,0.2,19.61,normal,['no_images_suspicious'],xlm_roberta_mdeberta_v1,
century21_66561502f479,century21,0.0,positive,0.3799,0.2,18.3,normal,['no_images_suspicious'],xlm_roberta_mdeberta_v1,
century21_4b21ebbe8ee4,century21,0.0,positive,0.3864,0.2,18.52,normal,['no_images_suspicious'],xlm_roberta_mdeberta_v1,
century21_92e6ed659740,century21,0.0,positive,0.3516,0.55,26.06,suspect,"['urgency_detected', 'external_contact']",xlm_roberta_mdeberta_v1,
century21_68c028a02771,century21,0.0,positive,0.4092,0.75,33.07,suspect,"['urgency_detected', 'external_contact', 'no_images_suspicious']",xlm_roberta_mdeberta_v1,
century21_787c22963e1a,century21,0.0,positive,0.3494,0.45,23.48,suspect,"['external_contact', 'no_images_suspicious']",xlm_roberta_mdeberta_v1,
century21_bd89dbaf14b8,century21,0.0,positive,0.3461,0.2,17.11,normal,['no_images_suspicious'],xlm_roberta_mdeberta_v1,
century21_b6f8fced0fd5,century21,0.234,negative,0.3819,0.2,27.73,suspect,['no_images_suspicious'],xlm_roberta_mdeberta_v1,
century21_82d0cde74c9a,century21,0.0,positive,0.4327,0.5,27.64,suspect,"['urgency_detected', 'no_images_suspicious']",xlm_roberta_mdeberta_v1,
century21_3e30dfca147e,century21,0.388,negative,0.3918,0.2,34.23,suspect,['no_images_suspicious'],xlm_roberta_mdeberta_v1,
century21_f70dffb8e157,century21,0.0,positive,0.362,0.3,20.17,normal,['urgency_detected'],xlm_roberta_mdeberta_v1,
century21_8b582faccb74,century21,0.0,positive,0.3426,0.2,16.99,normal,['no_images_suspicious'],xlm_roberta_mdeberta_v1,
century21_2000,century21,0.0,positive,0.228,0.3,15.48,normal,['urgency_detected'],xlm_roberta_mdeberta_v1,
century21_9d6f9eaf4122,century21,0.3448,negative,0.3989,0.2,32.75,suspect,['no_images_suspicious'],xlm_roberta_mdeberta_v1,
century21_162d10266d98,century21,0.0,positive,0.4417,0.2,20.46,normal,['no_images_suspicious'],xlm_roberta_mdeberta_v1,
century21_4ee525e2ee79,century21,0.0,positive,0.3572,0.45,23.75,suspect,"['external_contact', 'no_images_suspicious']",xlm_roberta_mdeberta_v1,
century21_21453b0d564b,century21,0.0895,neutral,0.4028,0.2,22.68,suspect,['no_images_suspicious'],xlm_roberta_mdeberta_v1,
century21_c6474a5a2456,century21,0.0,positive,0.3664,0.5,25.32,suspect,"['urgency_detected', 'no_images_suspicious']",xlm_roberta_mdeberta_v1,
century21_31aae087b601,century21,0.0,positive,0.3444,0.3,19.55,normal,['urgency_detected'],xlm_roberta_mdeberta_v1,
century21_4a4184c24202,century21,0.0707,neutral,0.3863,0.2,21.35,suspect,['no_images_suspicious'],xlm_roberta_mdeberta_v1,
century21_9d34722db65a,century21,0.0,positive,0.3807,0.2,18.32,normal,['no_images_suspicious'],xlm_roberta_mdeberta_v1,
century21_7f0a5399e2b4,century21,0.075,neutral,0.4403,0.75,37.16,suspect,"['urgency_detected', 'external_contact', 'no_images_suspicious']",xlm_roberta_mdeberta_v1,
century21_6ddd941d84b6,century21,0.0,positive,0.3977,0.2,18.92,normal,['no_images_suspicious'],xlm_roberta_mdeberta_v1,
century21_4f7ed59b0d73,century21,0.0,positive,0.4224,0.2,19.78,normal,['no_images_suspicious'],xlm_roberta_mdeberta_v1,
century21_e5b823de522f,century21,0.0,positive,0.3799,0.2,18.3,normal,['no_images_suspicious'],xlm_roberta_mdeberta_v1,
century21_3a705557f848,century21,0.3392,negative,0.3413,0.0,25.51,suspect,[],xlm_roberta_mdeberta_v1,
century21_446a679ce31f,century21,0.0,positive,0.4012,0.2,19.04,normal,['no_images_suspicious'],xlm_roberta_mdeberta_v1,
century21_9b5af356af02,century21,0.0,positive,0.3411,0.2,16.94,normal,['no_images_suspicious'],xlm_roberta_mdeberta_v1,
century21_283146c5e295,century21,0.0,positive,0.3388,0.0,11.86,normal,[],xlm_roberta_mdeberta_v1,
century21_b0eb189339f8,century21,0.0,positive,0.3382,0.2,16.84,normal,['no_images_suspicious'],xlm_roberta_mdeberta_v1,
century21_9bbc7470bfb3,century21,0.0,positive,0.3823,0.2,18.38,normal,['no_images_suspicious'],xlm_roberta_mdeberta_v1,
century21_bf926b86995c,century21,0.0,positive,0.3157,0.2,16.05,normal,['no_images_suspicious'],xlm_roberta_mdeberta_v1,
century21_6c697f88f16a,century21,0.0,positive,0.4209,0.2,19.73,normal,['no_images_suspicious'],xlm_roberta_mdeberta_v1,
century21_86942b73fbcf,century21,0.0,positive,0.3734,0.2,18.07,normal,['no_images_suspicious'],xlm_roberta_mdeberta_v1,
century21_5633c68db875,century21,0.2964,negative,0.4034,0.2,30.97,suspect,['no_images_suspicious'],xlm_roberta_mdeberta_v1,
century21_634063f0598a,century21,0.0756,neutral,0.3938,0.2,21.81,suspect,['no_images_suspicious'],xlm_roberta_mdeberta_v1,
century21_de6f012cd678,century21,0.0,positive,0.4059,0.2,19.21,normal,['no_images_suspicious'],xlm_roberta_mdeberta_v1,
century21_3d40f647ef38,century21,0.0,positive,0.3981,0.2,18.93,normal,['no_images_suspicious'],xlm_roberta_mdeberta_v1,
century21_45b1a02669b7,century21,0.0,positive,0.3981,0.75,32.68,suspect,"['urgency_detected', 'external_contact', 'no_images_suspicious']",xlm_roberta_mdeberta_v1,
century21_6e681489a461,century21,0.0,positive,0.4126,0.45,25.69,suspect,"['external_contact', 'no_images_suspicious']",xlm_roberta_mdeberta_v1,
century21_789146430df3,century21,0.0,positive,0.3932,0.2,18.76,normal,['no_images_suspicious'],xlm_roberta_mdeberta_v1,
century21_50a847604d7c,century21,0.0845,neutral,0.391,0.2,22.07,suspect,['no_images_suspicious'],xlm_roberta_mdeberta_v1,
century21_afbba0d454ff,century21,0.0,positive,0.3796,0.75,32.04,suspect,"['urgency_detected', 'external_contact', 'no_images_suspicious']",xlm_roberta_mdeberta_v1,
century21_683bdd2cc312,century21,0.0744,neutral,0.3407,0.0,14.9,normal,[],xlm_roberta_mdeberta_v1,
century21_4a769158cac2,century21,0.0,positive,0.3924,0.45,24.98,suspect,"['external_contact', 'no_images_suspicious']",xlm_roberta_mdeberta_v1,
century21_f33bd8ade83f,century21,0.0703,neutral,0.3873,0.75,35.12,suspect,"['urgency_detected', 'external_contact', 'no_images_suspicious']",xlm_roberta_mdeberta_v1,
century21_6fd33c2263ab,century21,0.0,positive,0.3784,0.2,18.24,normal,['no_images_suspicious'],xlm_roberta_mdeberta_v1,
century21_2b7128069939,century21,0.0,positive,0.3754,0.45,24.39,suspect,"['external_contact', 'no_images_suspicious']",xlm_roberta_mdeberta_v1,
century21_a4cd98821e4d,century21,0.2947,negative,0.403,0.2,30.89,suspect,['no_images_suspicious'],xlm_roberta_mdeberta_v1,
century21_7a3cb91b277d,century21,0.0,positive,0.4049,0.75,32.92,suspect,"['urgency_detected', 'external_contact', 'no_images_suspicious']",xlm_roberta_mdeberta_v1,
century21_8c94c982120f,century21,0.2541,negative,0.3919,0.2,28.88,suspect,['no_images_suspicious'],xlm_roberta_mdeberta_v1,
century21_7ec361936ec1,century21,0.0,positive,0.413,0.2,19.45,normal,['no_images_suspicious'],xlm_roberta_mdeberta_v1,
century21_43de84c63f1a,century21,0.0,positive,0.4534,0.2,20.87,normal,['no_images_suspicious'],xlm_roberta_mdeberta_v1,
century21_1034d26c3d2b,century21,0.3254,negative,0.3882,0.2,31.6,suspect,['no_images_suspicious'],xlm_roberta_mdeberta_v1,
century21_1cc124869d3c,century21,0.0,positive,0.396,0.2,18.86,normal,['no_images_suspicious'],xlm_roberta_mdeberta_v1,
century21_dc0c7c392e3c,century21,0.3454,negative,0.3445,0.0,25.87,suspect,[],xlm_roberta_mdeberta_v1,
century21_455946eedb91,century21,0.3348,negative,0.3374,0.0,25.2,suspect,[],xlm_roberta_mdeberta_v1,
century21_c82cde1ea907,century21,0.3378,negative,0.3447,0.0,25.58,suspect,[],xlm_roberta_mdeberta_v1,
century21_fcfea98f929e,century21,0.0,positive,0.3679,0.2,17.88,normal,['no_images_suspicious'],xlm_roberta_mdeberta_v1,
century21_79c05035778c,century21,0.078,neutral,0.3768,0.75,35.06,suspect,"['urgency_detected', 'external_contact', 'no_images_suspicious']",xlm_roberta_mdeberta_v1,
century21_3317a93cc234,century21,0.0,positive,0.3086,0.0,10.8,normal,[],xlm_roberta_mdeberta_v1,
century21_e6c219155011,century21,0.0,positive,0.3846,0.2,18.46,normal,['no_images_suspicious'],xlm_roberta_mdeberta_v1,
century21_d56a438d4c46,century21,0.0,positive,0.2692,0.3,16.92,normal,['urgency_detected'],xlm_roberta_mdeberta_v1,
century21_6835a1029b1e,century21,0.2714,negative,0.3944,0.2,29.66,suspect,['no_images_suspicious'],xlm_roberta_mdeberta_v1,
century21_6d854c28ccad,century21,0.0,positive,0.3558,0.2,17.45,normal,['no_images_suspicious'],xlm_roberta_mdeberta_v1,
century21_4b02b4e15188,century21,0.0,positive,0.3247,0.55,25.11,suspect,"['urgency_detected', 'external_contact']",xlm_roberta_mdeberta_v1,
century21_0027ce442d20,century21,0.0,positive,0.3435,0.5,24.52,suspect,"['urgency_detected', 'no_images_suspicious']",xlm_roberta_mdeberta_v1,
century21_399e190c1aab,century21,0.3188,negative,0.3583,0.2,30.29,suspect,['no_images_suspicious'],xlm_roberta_mdeberta_v1,
century21_b48f2079acdb,century21,0.0,positive,0.4023,0.2,19.08,normal,['no_images_suspicious'],xlm_roberta_mdeberta_v1,
century21_bb9e7d54a5c5,century21,0.0,positive,0.4413,0.2,20.45,normal,['no_images_suspicious'],xlm_roberta_mdeberta_v1,
century21_301919c5622c,century21,0.0,positive,0.4383,0.75,34.09,suspect,"['urgency_detected', 'external_contact', 'no_images_suspicious']",xlm_roberta_mdeberta_v1,
century21_5bd2ca303bbf,century21,0.0,positive,0.3565,0.75,31.23,suspect,"['urgency_detected', 'external_contact', 'no_images_suspicious']",xlm_roberta_mdeberta_v1,
century21_29a98f100e00,century21,0.0,positive,0.4235,0.5,27.32,suspect,"['urgency_detected', 'no_images_suspicious']",xlm_roberta_mdeberta_v1,
century21_ec133e434570,century21,0.3224,negative,0.3384,0.55,38.49,suspect,"['urgency_detected', 'external_contact']",xlm_roberta_mdeberta_v1,
century21_781d74614b9f,century21,0.0,positive,0.3778,0.75,31.97,suspect,"['urgency_detected', 'external_contact', 'no_images_suspicious']",xlm_roberta_mdeberta_v1,
century21_06c58998e013,century21,0.0,positive,0.391,0.2,18.69,normal,['no_images_suspicious'],xlm_roberta_mdeberta_v1,
century21_b72f877d814c,century21,0.0,positive,0.3616,0.2,17.66,normal,['no_images_suspicious'],xlm_roberta_mdeberta_v1,
century21_756e82d9bb3b,century21,0.0802,neutral,0.4081,0.2,22.49,suspect,['no_images_suspicious'],xlm_roberta_mdeberta_v1,
century21_bd763bd2bef0,century21,0.0848,neutral,0.3519,0.2,20.71,normal,['no_images_suspicious'],xlm_roberta_mdeberta_v1,
century21_d996c5e1e837,century21,0.0,positive,0.3512,0.2,17.29,normal,['no_images_suspicious'],xlm_roberta_mdeberta_v1,
century21_de42e2c2f37f,century21,0.0,positive,0.4081,0.2,19.28,normal,['no_images_suspicious'],xlm_roberta_mdeberta_v1,
century21_9ea4d1e31d61,century21,0.0,positive,0.3857,0.2,18.5,normal,['no_images_suspicious'],xlm_roberta_mdeberta_v1,
century21_48c58b99c641,century21,0.0,positive,0.3718,0.2,18.01,normal,['no_images_suspicious'],xlm_roberta_mdeberta_v1,
century21_f9dee0ee3ac8,century21,0.0757,neutral,0.3601,0.2,20.63,normal,['no_images_suspicious'],xlm_roberta_mdeberta_v1,
century21_42260c34c5da,century21,0.0,positive,0.3691,0.75,31.67,suspect,"['urgency_detected', 'external_contact', 'no_images_suspicious']",xlm_roberta_mdeberta_v1,
century21_348d3180e07b,century21,0.0852,neutral,0.385,0.2,21.88,suspect,['no_images_suspicious'],xlm_roberta_mdeberta_v1,
century21_f521ab4e9e21,century21,0.0,positive,0.4097,0.75,33.09,suspect,"['urgency_detected', 'external_contact', 'no_images_suspicious']",xlm_roberta_mdeberta_v1,
century21_7c20e31eae96,century21,0.0849,neutral,0.3914,0.2,22.09,suspect,['no_images_suspicious'],xlm_roberta_mdeberta_v1,
century21_117d78a44d48,century21,0.0869,neutral,0.3983,0.2,22.42,suspect,['no_images_suspicious'],xlm_roberta_mdeberta_v1,
century21_5111d5dc5fea,century21,0.0,positive,0.4143,0.2,19.5,normal,['no_images_suspicious'],xlm_roberta_mdeberta_v1,
century21_66ed816f387a,century21,0.0,positive,0.4074,0.2,19.26,normal,['no_images_suspicious'],xlm_roberta_mdeberta_v1,
century21_60a7a39355a7,century21,0.0,positive,0.3866,0.2,18.53,normal,['no_images_suspicious'],xlm_roberta_mdeberta_v1,
century21_323a0986bf3a,century21,0.0,positive,0.4107,0.2,19.37,normal,['no_images_suspicious'],xlm_roberta_mdeberta_v1,
century21_bbd80e1c67a8,century21,0.0,positive,0.3966,0.2,18.88,normal,['no_images_suspicious'],xlm_roberta_mdeberta_v1,
century21_26f19bea40c4,century21,0.0,positive,0.3403,0.3,19.41,normal,['urgency_detected'],xlm_roberta_mdeberta_v1,
century21_bfef1c49c331,century21,0.3074,negative,0.3955,0.2,31.14,suspect,['no_images_suspicious'],xlm_roberta_mdeberta_v1,
century21_420cd5529767,century21,0.0,positive,0.4223,0.45,26.03,suspect,"['external_contact', 'no_images_suspicious']",xlm_roberta_mdeberta_v1,
century21_0bdd5100d556,century21,0.0,positive,0.3858,0.2,18.5,normal,['no_images_suspicious'],xlm_roberta_mdeberta_v1,
century21_03c93edcedb8,century21,0.0848,neutral,0.4063,0.2,22.61,suspect,['no_images_suspicious'],xlm_roberta_mdeberta_v1,
century21_cdeb60875dd1,century21,0.0893,neutral,0.4248,0.2,23.44,suspect,['no_images_suspicious'],xlm_roberta_mdeberta_v1,
century21_d02abd4d8288,century21,0.0,positive,0.4201,0.75,33.45,suspect,"['urgency_detected', 'external_contact', 'no_images_suspicious']",xlm_roberta_mdeberta_v1,
century21_ce552746b95c,century21,0.0,positive,0.4192,0.2,19.67,normal,['no_images_suspicious'],xlm_roberta_mdeberta_v1,
century21_4cf331615c12,century21,0.0,positive,0.3819,0.2,18.37,normal,['no_images_suspicious'],xlm_roberta_mdeberta_v1,
century21_a1c179145a7d,century21,0.3094,negative,0.3635,0.2,30.1,suspect,['no_images_suspicious'],xlm_roberta_mdeberta_v1,
century21_0342fde358d5,century21,0.0,positive,0.3815,0.5,25.85,suspect,"['urgency_detected', 'no_images_suspicious']",xlm_roberta_mdeberta_v1,
century21_96d230cd3f3a,century21,0.0,positive,0.2556,0.2,13.95,normal,['no_images_suspicious'],xlm_roberta_mdeberta_v1,
century21_d8c6b1b77dfd,century21,0.0,positive,0.3786,0.2,18.25,normal,['no_images_suspicious'],xlm_roberta_mdeberta_v1,
century21_e3276bb58790,century21,0.0,positive,0.3833,0.75,32.17,suspect,"['urgency_detected', 'external_contact', 'no_images_suspicious']",xlm_roberta_mdeberta_v1,
century21_454a67412dcd,century21,0.0,positive,0.3593,0.2,17.58,normal,['no_images_suspicious'],xlm_roberta_mdeberta_v1,
century21_55557437e201,century21,0.0,positive,0.3816,0.75,32.11,suspect,"['urgency_detected', 'external_contact', 'no_images_suspicious']",xlm_roberta_mdeberta_v1,
century21_7b93cd6012fd,century21,0.0,positive,0.3002,0.55,24.26,suspect,"['urgency_detected', 'external_contact']",xlm_roberta_mdeberta_v1,
century21_05842bee20be,century21,0.0,positive,0.3608,0.75,31.38,suspect,"['urgency_detected', 'external_contact', 'no_images_suspicious']",xlm_roberta_mdeberta_v1,
century21_3f205d16f592,century21,0.0,positive,0.3848,0.75,32.22,suspect,"['urgency_detected', 'external_contact', 'no_images_suspicious']",xlm_roberta_mdeberta_v1,
century21_57d83ad63794,century21,0.0,positive,0.4031,0.2,19.11,normal,['no_images_suspicious'],xlm_roberta_mdeberta_v1,
century21_95273a01f9ee,century21,0.0,positive,0.4092,0.75,33.07,suspect,"['urgency_detected', 'external_contact', 'no_images_suspicious']",xlm_roberta_mdeberta_v1,
century21_554f6b93c12d,century21,0.0,positive,0.3797,0.75,32.04,suspect,"['urgency_detected', 'external_contact', 'no_images_suspicious']",xlm_roberta_mdeberta_v1,
century21_f3fcc5331e9d,century21,0.0,positive,0.4207,0.2,19.72,normal,['no_images_suspicious'],xlm_roberta_mdeberta_v1,
century21_71418f16d6b7,century21,0.0,positive,0.3905,0.2,18.67,normal,['no_images_suspicious'],xlm_roberta_mdeberta_v1,
century21_67a436262ac3,century21,0.0,positive,0.3807,0.2,18.32,normal,['no_images_suspicious'],xlm_roberta_mdeberta_v1,
century21_1f35a181ef40,century21,0.0864,neutral,0.3663,0.2,21.28,suspect,['no_images_suspicious'],xlm_roberta_mdeberta_v1,
century21_4196db6434b8,century21,0.0,positive,0.4258,0.2,19.9,normal,['no_images_suspicious'],xlm_roberta_mdeberta_v1,
century21_9cceaf175769,century21,0.0,positive,0.415,0.2,19.52,normal,['no_images_suspicious'],xlm_roberta_mdeberta_v1,
century21_32a517cc816c,century21,0.0,positive,0.3848,0.2,18.47,normal,['no_images_suspicious'],xlm_roberta_mdeberta_v1,
century21_8f8ad4aac843,century21,0.0,positive,0.3755,0.75,31.89,suspect,"['urgency_detected', 'external_contact', 'no_images_suspicious']",xlm_roberta_mdeberta_v1,
century21_6bcf54d6f21d,century21,0.0,positive,0.3764,0.2,18.17,normal,['no_images_suspicious'],xlm_roberta_mdeberta_v1,
century21_555940efb1b7,century21,0.0842,neutral,0.4147,0.2,22.88,suspect,['no_images_suspicious'],xlm_roberta_mdeberta_v1,
century21_d94b092f37ed,century21,0.0,positive,0.443,0.2,20.51,normal,['no_images_suspicious'],xlm_roberta_mdeberta_v1,
century21_b001da9cc091,century21,0.0,positive,0.3952,0.5,26.33,suspect,"['urgency_detected', 'no_images_suspicious']",xlm_roberta_mdeberta_v1,
century21_4c89b42fd0c2,century21,0.0,positive,0.3785,0.75,32.0,suspect,"['urgency_detected', 'external_contact', 'no_images_suspicious']",xlm_roberta_mdeberta_v1,
century21_af15de6e5bca,century21,0.0,positive,0.3797,0.75,32.04,suspect,"['urgency_detected', 'external_contact', 'no_images_suspicious']",xlm_roberta_mdeberta_v1,
century21_88a20d51f82b,century21,0.0,positive,0.389,0.2,18.61,normal,['no_images_suspicious'],xlm_roberta_mdeberta_v1,
century21_b5c0f1ddb8d2,century21,0.0,positive,0.3524,0.5,24.83,suspect,"['urgency_detected', 'no_images_suspicious']",xlm_roberta_mdeberta_v1,
century21_d189a1535ad2,century21,0.0,positive,0.3878,0.2,18.57,normal,['no_images_suspicious'],xlm_roberta_mdeberta_v1,
century21_430a2b3e3d56,century21,0.0,positive,0.3853,0.2,18.49,normal,['no_images_suspicious'],xlm_roberta_mdeberta_v1,
century21_90093f2b1bc6,century21,0.0,positive,0.4236,0.2,19.83,normal,['no_images_suspicious'],xlm_roberta_mdeberta_v1,
century21_9d724b6fc2dc,century21,0.3312,negative,0.4071,0.2,32.5,suspect,['no_images_suspicious'],xlm_roberta_mdeberta_v1,
century21_42fb7038d453,century21,0.0,positive,0.3613,0.2,17.65,normal,['no_images_suspicious'],xlm_roberta_mdeberta_v1,
century21_77a87c9b22ca,century21,0.0,positive,0.4181,0.2,19.63,normal,['no_images_suspicious'],xlm_roberta_mdeberta_v1,
century21_129a726b0a24,century21,0.4362,negative,0.3745,0.2,35.56,suspect,['no_images_suspicious'],xlm_roberta_mdeberta_v1,
century21_fa23a476f621,century21,0.0763,neutral,0.3743,0.75,34.9,suspect,"['urgency_detected', 'external_contact', 'no_images_suspicious']",xlm_roberta_mdeberta_v1,
century21_3b3a0294fbe0,century21,0.0,positive,0.3316,0.2,16.61,normal,['no_images_suspicious'],xlm_roberta_mdeberta_v1,
century21_2df47e285e43,century21,0.0,positive,0.3619,0.75,31.42,suspect,"['urgency_detected', 'external_contact', 'no_images_suspicious']",xlm_roberta_mdeberta_v1,
century21_56323e22b752,century21,0.0,positive,0.3661,0.2,17.81,normal,['no_images_suspicious'],xlm_roberta_mdeberta_v1,
century21_d354ff33b994,century21,0.0,positive,0.3482,0.5,24.69,suspect,"['urgency_detected', 'no_images_suspicious']",xlm_roberta_mdeberta_v1,
century21_c346b130c69d,century21,0.0,positive,0.3468,0.2,17.14,normal,['no_images_suspicious'],xlm_roberta_mdeberta_v1,
century21_e5d94885825e,century21,0.0881,neutral,0.3981,0.2,22.46,suspect,['no_images_suspicious'],xlm_roberta_mdeberta_v1,
century21_0bc0b9fb7922,century21,0.0841,neutral,0.4028,0.2,22.46,suspect,['no_images_suspicious'],xlm_roberta_mdeberta_v1,
century21_cca3d6a69383,century21,0.2732,negative,0.3935,0.2,29.7,suspect,['no_images_suspicious'],xlm_roberta_mdeberta_v1,
century21_811e0372fb55,century21,0.0832,neutral,0.2113,0.2,15.72,normal,['no_images_suspicious'],xlm_roberta_mdeberta_v1,
century21_198a658d9ee7,century21,0.0,positive,0.3877,0.2,18.57,normal,['no_images_suspicious'],xlm_roberta_mdeberta_v1,
century21_394dc6c6335c,century21,0.0,positive,0.3114,0.0,10.9,normal,[],xlm_roberta_mdeberta_v1,
century21_81bf62316cc6,century21,0.0,positive,0.3405,0.2,16.92,normal,['no_images_suspicious'],xlm_roberta_mdeberta_v1,
century21_4932612e76ef,century21,0.4375,negative,0.3419,0.0,29.47,suspect,[],xlm_roberta_mdeberta_v1,
century21_7f852209cff0,century21,0.091,neutral,0.4284,0.2,23.63,suspect,['no_images_suspicious'],xlm_roberta_mdeberta_v1,
century21_06fe8c9d3a64,century21,0.0,positive,0.3565,0.2,17.48,normal,['no_images_suspicious'],xlm_roberta_mdeberta_v1,
century21_253b51184d95,century21,0.0,positive,0.4013,0.2,19.05,normal,['no_images_suspicious'],xlm_roberta_mdeberta_v1,
century21_4a6df658f0a8,century21,0.0,positive,0.4227,0.45,26.04,suspect,"['external_contact', 'no_images_suspicious']",xlm_roberta_mdeberta_v1,
affare_259703,affare,0.0,positive,0.3461,0.2,17.11,normal,['no_images_suspicious'],xlm_roberta_mdeberta_v1,
affare_259700,affare,0.0,positive,0.3398,0.0,11.89,normal,[],xlm_roberta_mdeberta_v1,
affare_259705,affare,0.0,positive,0.3242,0.0,11.35,normal,[],xlm_roberta_mdeberta_v1,
affare_259707,affare,0.0,positive,0.3446,0.2,17.06,normal,['no_images_suspicious'],xlm_roberta_mdeberta_v1,
affare_259708,affare,0.0,positive,0.4158,0.55,28.3,suspect,"['urgency_detected', 'external_contact']",xlm_roberta_mdeberta_v1,
affare_259713,affare,0.0,positive,0.3571,0.2,17.5,normal,['no_images_suspicious'],xlm_roberta_mdeberta_v1,
affare_259712,affare,0.0,positive,0.3722,0.2,18.03,normal,['no_images_suspicious'],xlm_roberta_mdeberta_v1,
affare_259709,affare,0.0,positive,0.3405,0.55,25.67,suspect,"['urgency_detected', 'external_contact']",xlm_roberta_mdeberta_v1,
affare_259711,affare,0.0,positive,0.3184,0.0,11.14,normal,[],xlm_roberta_mdeberta_v1,
affare_259719,affare,0.0,positive,0.2797,0.0,9.79,normal,[],xlm_roberta_mdeberta_v1,
affare_259699,affare,0.0,positive,0.3218,0.2,16.26,normal,['no_images_suspicious'],xlm_roberta_mdeberta_v1,
affare_259706,affare,0.0,positive,0.3495,0.75,30.98,suspect,"['urgency_detected', 'external_contact', 'no_images_suspicious']",xlm_roberta_mdeberta_v1,
affare_259710,affare,0.0,positive,0.3328,0.2,16.65,normal,['no_images_suspicious'],xlm_roberta_mdeberta_v1,
affare_1000,affare,0.0,positive,0.3725,0.55,26.79,suspect,"['urgency_detected', 'external_contact']",xlm_roberta_mdeberta_v1,
affare_259715,affare,0.0,positive,0.3052,0.2,15.68,normal,['no_images_suspicious'],xlm_roberta_mdeberta_v1,
affare_259718,affare,0.0,positive,0.3281,0.75,30.23,suspect,"['urgency_detected', 'external_contact', 'no_images_suspicious']",xlm_roberta_mdeberta_v1,
affare_259714,affare,0.0,positive,0.3755,0.75,31.89,suspect,"['urgency_detected', 'external_contact', 'no_images_suspicious']",xlm_roberta_mdeberta_v1,
affare_259716,affare,0.0935,neutral,0.2783,0.55,27.23,suspect,"['urgency_detected', 'external_contact']",xlm_roberta_mdeberta_v1,
affare_259717,affare,0.0,positive,0.3653,0.2,17.79,normal,['no_images_suspicious'],xlm_roberta_mdeberta_v1,
affare_259722,affare,0.0,positive,0.324,0.55,25.09,suspect,"['urgency_detected', 'external_contact']",xlm_roberta_mdeberta_v1,
affare_259721,affare,0.0824,neutral,0.3382,0.55,28.88,suspect,"['urgency_detected', 'external_contact']",xlm_roberta_mdeberta_v1,
affare_259725,affare,0.0,positive,0.3337,0.55,25.43,suspect,"['urgency_detected', 'external_contact']",xlm_roberta_mdeberta_v1,
affare_259726,affare,0.0941,neutral,0.383,0.0,17.17,normal,[],xlm_roberta_mdeberta_v1,
affare_259727,affare,0.0,positive,0.3683,0.25,19.14,normal,['external_contact'],xlm_roberta_mdeberta_v1,
affare_259729,affare,0.0,positive,0.3706,0.25,19.22,normal,['external_contact'],xlm_roberta_mdeberta_v1,
affare_259550,affare,0.0,positive,0.0781,0.25,8.98,normal,['external_contact'],xlm_roberta_mdeberta_v1,
affare_259728,affare,0.3088,negative,0.4003,0.55,40.11,suspect,"['urgency_detected', 'external_contact']",xlm_roberta_mdeberta_v1,
affare_8200,affare,0.0,positive,0.2767,1.0,34.68,suspect,"['urgency_detected', 'vague_description', 'external_contact', 'no_images_suspicious']",xlm_roberta_mdeberta_v1,
affare_259695,affare,0.0,positive,0.2527,0.75,27.59,suspect,"['urgency_detected', 'external_contact', 'no_images_suspicious']",xlm_roberta_mdeberta_v1,
affare_259694,affare,0.3901,negative,0.3523,0.55,41.68,suspect,"['urgency_detected', 'external_contact']",xlm_roberta_mdeberta_v1,
affare_259698,affare,0.0,positive,0.248,0.75,27.43,suspect,"['urgency_detected', 'external_contact', 'no_images_suspicious']",xlm_roberta_mdeberta_v1,
affare_259293,affare,0.0,positive,0.4002,0.2,19.01,normal,['no_images_suspicious'],xlm_roberta_mdeberta_v1,
affare_258515,affare,0.0,positive,0.3203,0.25,17.46,normal,['external_contact'],xlm_roberta_mdeberta_v1,
affare_259702,affare,0.0674,neutral,0.3258,0.75,32.85,suspect,"['urgency_detected', 'external_contact', 'no_images_suspicious']",xlm_roberta_mdeberta_v1,
affare_259704,affare,0.0,positive,0.3756,0.0,13.15,normal,[],xlm_roberta_mdeberta_v1,
affare_259696,affare,0.0,positive,0.3317,0.2,16.61,normal,['no_images_suspicious'],xlm_roberta_mdeberta_v1,
affare_259697,affare,0.0,positive,0.2491,0.75,27.47,suspect,"['urgency_detected', 'external_contact', 'no_images_suspicious']",xlm_roberta_mdeberta_v1,
affare_257806,affare,0.3417,negative,0.3826,0.75,45.81,suspect,"['urgency_detected', 'external_contact', 'no_images_suspicious']",xlm_roberta_mdeberta_v1,
affare_256867,affare,0.0,positive,0.3653,0.75,31.54,suspect,"['urgency_detected', 'external_contact', 'no_images_suspicious']",xlm_roberta_mdeberta_v1,
affare_259678,affare,0.0752,neutral,0.2948,0.25,19.58,normal,['vague_description'],xlm_roberta_mdeberta_v1,
affare_223096,affare,0.0,positive,0.3278,0.55,25.22,suspect,"['urgency_detected', 'external_contact']",xlm_roberta_mdeberta_v1,
affare_259679,affare,0.0,positive,0.3785,0.2,18.25,normal,['no_images_suspicious'],xlm_roberta_mdeberta_v1,
affare_259681,affare,0.0,positive,0.3712,0.2,17.99,normal,['no_images_suspicious'],xlm_roberta_mdeberta_v1,
affare_259682,affare,0.0,positive,0.3247,0.2,16.36,normal,['no_images_suspicious'],xlm_roberta_mdeberta_v1,
affare_259680,affare,0.0,positive,0.3204,0.2,16.21,normal,['no_images_suspicious'],xlm_roberta_mdeberta_v1,
affare_259683,affare,0.0897,neutral,0.3782,0.55,30.57,suspect,"['urgency_detected', 'external_contact']",xlm_roberta_mdeberta_v1,
affare_259685,affare,0.0,positive,0.4319,0.3,22.62,suspect,['urgency_detected'],xlm_roberta_mdeberta_v1,
affare_259684,affare,0.3292,negative,0.3435,0.75,43.94,suspect,"['urgency_detected', 'external_contact', 'no_images_suspicious']",xlm_roberta_mdeberta_v1,
affare_259687,affare,0.0,positive,0.3482,0.0,12.19,normal,[],xlm_roberta_mdeberta_v1,
affare_259686,affare,0.4082,negative,0.3721,0.0,29.35,suspect,[],xlm_roberta_mdeberta_v1,
affare_259688,affare,0.0,positive,0.3446,0.2,17.06,normal,['no_images_suspicious'],xlm_roberta_mdeberta_v1,
affare_259689,affare,0.2789,negative,0.4256,0.55,39.8,suspect,"['urgency_detected', 'external_contact']",xlm_roberta_mdeberta_v1,
