id,ipim_type,property_type,price,currency,city,municipality,region,surface,rooms,price_per_m2,latitude,longitude,reliability_score,reliability_level,is_outlier,scraped_at,last_updated
0f0a9255-5fb4-43f3-8559-cb2ba124e841,appartement,apartment,600000.0,TND,Ariana,,,500.0,3.0,1200.0,36.80810288730512,10.184881573529989,50.0,GOOD,False,2026-04-15 16:26:02.521918+00,2026-04-15 16:26:02.521918+00
1f57d1a4-8e01-490e-9a73-9a4c6b0bff87,appartement,apartment,350000.0,TND,Tunis,,,120.0,3.0,2916.67,,,50.0,GOOD,False,2026-04-15 12:24:41.701199+00,2026-04-15 12:24:41.701435+00
2419a8c3-eb2b-4f69-ac6d-103265d8cc6d,appartement,apartment,800000.0,TND,Ariana,,,500.0,3.0,1600.0,36.80605477987068,10.174213553078008,50.0,GOOD,False,2026-04-15 16:30:08.029003+00,2026-04-15 16:30:08.029003+00
4986636c-66d6-44c9-940e-22a72e93bd68,appartement,apartment,2000000.0,TND,Gabès,,,1200.0,3.0,1666.67,36.799987284485375,10.172133142981531,50.0,GOOD,False,2026-04-15 16:32:46.033799+00,2026-04-15 16:32:46.033799+00
679f4cd0-71d1-4008-b610-b82da630befb,appartement,apartment,200000.0,TND,Ariana,,,100.0,3.0,2000.0,,,50.0,GOOD,False,2026-04-15 14:52:18.321366+00,2026-04-15 14:52:18.321366+00
75033308-79b7-4e85-a5eb-87990aca1ef9,appartement,apartment,200000.0,TND,Sousse,,,500.0,3.0,400.0,36.59158817910076,10.505138298288578,50.0,GOOD,False,2026-04-15 15:08:11.26374+00,2026-04-15 15:08:11.26374+00
905256f5-04d9-4efe-949e-1d81a8878647,appartement,apartment,800000.0,TND,Ariana,,,500.0,3.0,1600.0,36.80810288730512,10.184881573529989,50.0,GOOD,False,2026-04-15 16:27:33.401227+00,2026-04-15 16:27:33.401227+00
affare:affare_1000,terrain,land,550.0,TND,Bizerte Nord,Bizerte Nord,BIZERTE,1000.0,,0.55,37.2803,9.8205,85.0,HIGH,True,2026-03-27 11:16:21.832237+00,2026-04-09 15:38:07.719401+00
affare:affare_136985,terrain,land,2500.0,TND,Sfax Ville,Sfax Ville,SFAX,661.0,7.0,3.78,34.7406,10.76,90.0,HIGH,True,2026-03-27 11:14:57.776841+00,2026-04-09 15:38:07.923627+00
affare:affare_146110,terrain,land,2500.0,TND,Sfax Ville,Sfax Ville,SFAX,660.0,,3.79,34.7406,10.76,80.0,GOOD,True,2026-03-27 11:14:40.395781+00,2026-04-09 15:38:08.829297+00
affare:affare_164918,terrain,land,1500.0,TND,Bir Mchergua,Zaghouan,ZAGHOUAN,,,,36.4025,10.1431,45.0,LOW,True,2026-03-27 00:38:38.690187+00,2026-04-09 15:38:08.07932+00
affare:affare_195701,maison,villa,1290.0,TND,,,,430.0,3.0,,33.8439408,9.400138,,,False,2026-04-09 09:23:04.401719+00,2026-04-09 15:38:08.478567+00
affare:affare_220450,terrain,land,155000.0,TND,Bir Mchergua,Zaghouan,ZAGHOUAN,,,,36.4025,10.1431,60.0,GOOD,False,2026-03-27 00:39:17.551397+00,2026-04-09 15:38:06.238835+00
affare:affare_223096,terrain,land,78000.0,TND,,,,312.0,,,33.8439408,9.400138,,,False,2026-04-09 10:47:44.239064+00,2026-04-09 15:38:09.071762+00
affare:affare_226855,terrain,land,430.0,TND,,,,202.0,,2.13,33.8439408,9.400138,20.0,DROP,True,2026-04-06 08:20:06.964392+00,2026-04-09 15:38:10.300427+00
affare:affare_228981,maison,villa,,TND,,,,2500.0,10.0,,33.8439408,9.400138,30.0,LOW,False,2026-04-06 18:11:05.580332+00,2026-04-09 15:38:09.861681+00
affare:affare_235663,terrain,land,950000.0,TND,,,,730.0,,1301.37,33.8439408,9.400138,20.0,DROP,False,2026-04-06 08:19:40.105229+00,2026-04-09 15:38:05.995698+00
affare:affare_236234,terrain,land,580000.0,TND,,,,300.0,4.0,1933.33,33.8439408,9.400138,45.0,LOW,False,2026-04-06 18:11:26.554994+00,2026-04-09 15:38:06.385597+00
affare:affare_236238,terrain,land,2600.0,TND,,,,,,,33.8439408,9.400138,0.0,DROP,True,2026-04-06 18:11:15.868606+00,2026-04-09 15:38:10.203059+00
affare:affare_2400,terrain,land,1000.0,TND,Sousse Jawhara,Sidi El Heni,SOUSSE,2400.0,,0.42,35.6756,10.3106,80.0,GOOD,True,2026-04-01 16:46:47.722434+00,2026-04-09 15:38:09.471827+00
affare:affare_241003,terrain,land,165000.0,TND,Bir Mchergua,Zaghouan,ZAGHOUAN,,,,36.4025,10.1431,60.0,GOOD,False,2026-03-27 00:38:52.654623+00,2026-04-09 15:38:09.373952+00
affare:affare_241022,terrain,land,1500.0,TND,Bir Mchergua,Zaghouan,ZAGHOUAN,13.0,,115.38,36.4025,10.1431,85.0,HIGH,True,2026-03-27 00:38:26.178137+00,2026-04-09 15:38:07.821233+00
affare:affare_241047,appartement,apartment,,TND,Monastir,Monastir,MONASTIR,,1.0,,35.7644,10.8,50.0,LOW,False,2026-03-27 11:13:19.68751+00,2026-04-09 15:38:07.57196+00
affare:affare_241651,terrain,land,960000.0,TND,Bir Mchergua,Zaghouan,ZAGHOUAN,,,,36.4025,10.1431,60.0,GOOD,False,2026-03-27 00:39:05.119503+00,2026-04-09 15:38:10.251+00
affare:affare_243701,terrain,land,450.0,TND,,,,430.0,,1.05,33.8439408,9.400138,20.0,DROP,True,2026-04-06 08:20:20.108309+00,2026-04-09 15:38:08.27992+00
affare:affare_243813,appartement,apartment,,TND,Monastir,Monastir,MONASTIR,,3.0,,35.7644,10.8,50.0,LOW,False,2026-03-27 11:13:07.858269+00,2026-04-09 15:38:07.875443+00
affare:affare_246809,appartement,apartment,2000.0,TND,L'Aouina,Jebel Jelloud,TUNIS,208.0,4.0,9.62,36.7667,10.1833,90.0,HIGH,True,2026-03-31 08:10:51.761866+00,2026-04-09 15:38:10.15467+00
affare:affare_246872,appartement,apartment,2000.0,TND,,,,209.0,4.0,,33.8439408,9.400138,,,False,2026-04-09 09:22:52.465855+00,2026-04-09 15:38:10.05554+00
affare:affare_247788,appartement,apartment,,TND,Ennasr,Ariana Ville,ARIANA,194.0,3.0,,36.866011,10.193923,90.0,HIGH,False,2026-03-28 23:51:29.470384+00,2026-04-09 15:38:05.940751+00
affare:affare_247794,maison,villa,600000.0,TND,Ennasr,Ariana Ville,ARIANA,212.0,3.0,2830.19,36.866011,10.193923,100.0,HIGH,False,2026-03-27 11:13:49.925649+00,2026-04-09 15:38:08.586089+00
affare:affare_248366,terrain,land,320000.0,TND,Bir Mchergua,Zaghouan,ZAGHOUAN,,,,36.4025,10.1431,65.0,GOOD,False,2026-03-26 16:50:47.073392+00,2026-04-09 15:38:06.978565+00
affare:affare_248970,terrain,land,1350.0,TND,,,,875.0,3.0,1.54,33.8439408,9.400138,25.0,LOW,True,2026-04-06 18:10:43.468907+00,2026-04-09 15:38:06.285873+00
affare:affare_249009,appartement,apartment,100000.0,TND,Radès,Rades,BEN AROUS,75.0,2.0,1333.33,36.7782,10.2815,100.0,HIGH,False,2026-04-01 16:47:02.791189+00,2026-04-09 15:38:10.456228+00
affare:affare_249844,terrain,land,,TND,Bizerte Nord,Bizerte Nord,BIZERTE,254.0,,,37.2803,9.8205,55.0,LOW,False,2026-03-27 11:15:45.353837+00,2026-04-09 15:38:09.024381+00
affare:affare_250291,terrain,land,,TND,Menzah,Ariana Ville,ARIANA,621.0,,,36.866011,10.193923,55.0,LOW,False,2026-03-31 08:11:15.092778+00,2026-04-09 15:38:08.780467+00
affare:affare_250596,appartement,apartment,355000.0,TND,,,,147.0,3.0,,33.8439408,9.400138,,,False,2026-04-09 09:22:41.936613+00,2026-04-09 15:38:06.929586+00
affare:affare_252013,appartement,apartment,406000.0,TND,,,,129.0,3.0,,33.8439408,9.400138,,,False,2026-04-09 10:49:20.532963+00,2026-04-09 15:38:10.007504+00
affare:affare_253257,terrain,land,600000.0,TND,Kalâat El Andalous,Ariana Ville,ARIANA,865.0,2.0,693.64,36.866011,10.193923,100.0,HIGH,False,2026-03-31 08:12:03.162109+00,2026-04-09 15:38:07.367556+00
affare:affare_253269,appartement,apartment,380000.0,TND,,,,190.0,3.0,2000.0,33.8439408,9.400138,55.0,LOW,False,2026-04-06 08:17:55.752507+00,2026-04-09 15:38:06.686449+00
affare:affare_254506,maison,villa,5500.0,TND,Les Berges Du Lac,Jebel Jelloud,TUNIS,180.0,2.0,30.56,36.7667,10.1833,90.0,HIGH,True,2026-03-28 23:49:34.694292+00,2026-04-09 15:38:07.523289+00
affare:affare_254550,maison,villa,245000.0,TND,,,,269.0,3.0,910.78,33.8439408,9.400138,45.0,LOW,False,2026-04-06 08:18:15.857834+00,2026-04-09 15:38:07.767384+00
affare:affare_254771,terrain,land,340000.0,TND,,,,315.0,6.0,,33.8439408,9.400138,,,False,2026-04-09 10:49:08.057251+00,2026-04-09 15:38:09.569507+00
affare:affare_254877,maison,villa,380000.0,TND,,,,139.0,3.0,,33.8439408,9.400138,,,False,2026-04-09 09:21:38.383923+00,2026-04-09 15:38:07.620441+00
affare:affare_255365,terrain,land,1200.0,TND,,,,650.0,4.0,,33.8439408,9.400138,,,False,2026-04-09 10:48:55.333742+00,2026-04-09 15:38:07.415927+00
affare:affare_255449,terrain,land,,TND,,,,100.0,2.0,,33.8439408,9.400138,40.0,LOW,False,2026-04-06 08:19:24.506618+00,2026-04-09 15:38:09.617681+00
affare:affare_255524,maison,villa,1500.0,TND,,,,180.0,3.0,,33.8439408,9.400138,,,False,2026-04-09 09:22:21.062132+00,2026-04-09 15:38:09.959262+00
affare:affare_255746,terrain,land,48000.0,TND,Raoued,Raoued,ARIANA,300.0,,160.0,36.908,10.2,100.0,HIGH,False,2026-03-31 08:10:12.4466+00,2026-04-09 15:38:07.816242+00
affare:affare_256673,appartement,apartment,395000.0,TND,Ennasr,Ariana Ville,ARIANA,155.0,3.0,2548.39,36.866011,10.193923,100.0,HIGH,False,2026-03-27 11:14:18.755457+00,2026-04-09 15:38:08.484491+00
affare:affare_256718,terrain,land,780000.0,TND,,,,500.0,7.0,,33.8439408,9.400138,,,False,2026-04-09 09:21:50.507428+00,2026-04-09 15:38:09.326128+00
affare:affare_256795,maison,villa,280.0,TND,,,,195.0,4.0,,33.8439408,9.400138,,,False,2026-04-09 09:23:32.546405+00,2026-04-09 15:38:08.225144+00
affare:affare_256867,terrain,land,890000.0,TND,,,,500.0,4.0,,33.8439408,9.400138,,,False,2026-04-09 10:48:09.303164+00,2026-04-09 15:38:08.878098+00
affare:affare_257282,terrain,land,,TND,Hammamet,Hammamet,NABEUL,737.0,4.0,,36.4,10.6167,90.0,HIGH,False,2026-04-01 16:49:19.729142+00,2026-04-09 15:38:08.332812+00
affare:affare_257357,appartement,apartment,1200.0,TND,Ennasr,Ariana Ville,ARIANA,74.0,1.0,16.22,36.866011,10.193923,90.0,HIGH,True,2026-03-31 08:11:03.055994+00,2026-04-09 15:38:09.764819+00
affare:affare_257369,terrain,land,3000.0,TND,,,,1200.0,,2.5,33.8439408,9.400138,0.0,DROP,True,2026-04-06 08:16:15.825442+00,2026-04-09 15:38:10.104674+00
affare:affare_257450,terrain,land,,TND,,,,614.0,4.0,,33.8439408,9.400138,,,False,2026-04-09 10:48:42.119844+00,2026-04-09 15:38:08.429432+00
affare:affare_257453,terrain,land,930000.0,TND,,,,510.0,4.0,1823.53,33.8439408,9.400138,75.0,GOOD,False,2026-04-06 08:15:20.946826+00,2026-04-09 15:38:07.124412+00
affare:affare_257455,terrain,land,300000.0,TND,,,,500.0,2.0,600.0,33.8439408,9.400138,45.0,LOW,False,2026-04-06 08:15:03.460521+00,2026-04-09 15:38:06.589386+00
affare:affare_257460,terrain,land,750000.0,TND,,,,250.0,4.0,3000.0,33.8439408,9.400138,45.0,LOW,False,2026-04-06 08:14:20.567521+00,2026-04-09 15:38:07.025933+00
affare:affare_257543,appartement,apartment,315000.0,TND,Ennasr,Ariana Ville,ARIANA,122.0,2.0,2581.97,36.866011,10.193923,100.0,HIGH,False,2026-03-27 00:38:09.44384+00,2026-04-09 15:38:06.879753+00
affare:affare_257683,appartement,apartment,1600.0,TND,,,,125.0,2.0,,33.8439408,9.400138,,,False,2026-04-09 09:22:58.434452+00,2026-04-09 15:38:06.390554+00
affare:affare_257799,appartement,apartment,255000.0,TND,,,,81.0,2.0,3148.15,33.8439408,9.400138,45.0,LOW,False,2026-04-06 08:16:10.399345+00,2026-04-09 15:38:09.716002+00
affare:affare_257803,terrain,land,830000.0,TND,Hammamet,Hammamet,NABEUL,400.0,4.0,2075.0,36.4,10.6167,100.0,HIGH,False,2026-04-01 16:49:36.843819+00,2026-04-09 15:38:07.269263+00
affare:affare_257804,terrain,land,580000.0,TND,,,,170.0,4.0,3411.76,33.8439408,9.400138,45.0,LOW,False,2026-04-06 08:15:57.016074+00,2026-04-09 15:38:08.926964+00
affare:affare_257805,terrain,land,1400.0,TND,,,,650.0,4.0,2.15,33.8439408,9.400138,55.0,LOW,True,2026-04-06 08:15:39.663042+00,2026-04-09 15:38:09.66684+00
affare:affare_257806,maison,villa,380000.0,TND,,,,107.0,3.0,,33.8439408,9.400138,,,False,2026-04-09 10:48:22.523593+00,2026-04-09 15:38:09.131122+00
affare:affare_257808,terrain,land,850000.0,TND,,,,300.0,4.0,,33.8439408,9.400138,,,False,2026-04-09 10:48:30.147172+00,2026-04-09 15:38:08.176916+00
affare:affare_257898,appartement,apartment,1600.0,TND,Ennasr,Ariana Ville,ARIANA,125.0,2.0,12.8,36.866011,10.193923,90.0,HIGH,True,2026-03-31 08:10:57.538893+00,2026-04-09 15:38:06.443318+00
affare:affare_257950,maison,villa,,TND,,,,75.0,3.0,,33.8439408,9.400138,30.0,LOW,False,2026-04-06 08:19:54.779549+00,2026-04-09 15:38:05.929604+00
affare:affare_258435,terrain,land,750000.0,TND,Kalâat El Andalous,Ariana Ville,ARIANA,935.0,4.0,802.14,36.866011,10.193923,100.0,HIGH,False,2026-03-31 08:11:27.415449+00,2026-04-09 15:38:06.140978+00
affare:affare_258480,terrain,land,,TND,Menzah,Ariana Ville,ARIANA,842.0,5.0,,36.866011,10.193923,90.0,HIGH,False,2026-03-28 23:52:16.236359+00,2026-04-09 15:38:06.190826+00
affare:affare_258612,appartement,apartment,,TND,Ennasr,Ariana Ville,ARIANA,140.0,2.0,,36.866011,10.193923,90.0,HIGH,False,2026-03-27 00:38:04.62354+00,2026-04-09 15:38:08.128256+00
affare:affare_258966,terrain,land,,TND,,,,400.0,,,33.8439408,9.400138,30.0,LOW,False,2026-04-06 08:19:08.935467+00,2026-04-09 15:38:11.429504+00
affare:affare_259174,appartement,apartment,366000.0,TND,Sousse Jawhara,Sidi El Heni,SOUSSE,140.0,4.0,2614.29,35.6756,10.3106,100.0,HIGH,False,2026-03-26 16:51:00.198133+00,2026-04-09 15:38:15.165697+00
affare:affare_259175,appartement,apartment,450000.0,TND,Sahloul,Sidi El Heni,SOUSSE,150.0,4.0,3000.0,35.6756,10.3106,100.0,HIGH,False,2026-03-27 00:37:02.236151+00,2026-04-09 15:38:13.165202+00
affare:affare_259176,appartement,apartment,69000.0,TND,Sousse Riadh,Sousse Riadh,SOUSSE,85.0,3.0,811.76,35.8269,10.63,100.0,HIGH,False,2026-03-27 00:36:43.139037+00,2026-04-09 15:38:10.942653+00
affare:affare_259177,appartement,apartment,174000.0,TND,Sousse Riadh,Sousse Riadh,SOUSSE,92.0,3.0,1891.3,35.8269,10.63,100.0,HIGH,False,2026-03-27 00:37:09.158093+00,2026-04-09 15:38:14.730957+00
affare:affare_259178,appartement,apartment,298000.0,TND,Kantaoui,Sidi El Heni,SOUSSE,67.0,2.0,4447.76,35.6756,10.3106,100.0,HIGH,False,2026-03-27 00:36:56.548282+00,2026-04-09 15:38:13.699591+00
affare:affare_259179,appartement,apartment,269000.0,TND,Sousse Jawhara,Sidi El Heni,SOUSSE,85.0,3.0,3164.71,35.6756,10.3106,100.0,HIGH,False,2026-03-27 00:37:22.186866+00,2026-04-09 15:38:12.726004+00
affare:affare_259180,appartement,apartment,420000.0,TND,Hammam Sousse,Hammam Sousse,SOUSSE,106.0,3.0,3962.26,35.8592,10.59,100.0,HIGH,False,2026-03-27 00:36:37.520691+00,2026-04-09 15:38:12.822944+00
affare:affare_259181,terrain,land,150000.0,TND,Bou Argoub,Bou Argoub,NABEUL,5500.0,,27.27,36.55,10.55,70.0,GOOD,True,2026-03-27 00:36:10.567285+00,2026-04-09 15:38:12.375461+00
affare:affare_259183,terrain,land,1500.0,TND,Akouda,Akouda,SOUSSE,482.0,,3.11,35.8667,10.5667,80.0,GOOD,True,2026-03-27 00:35:43.593593+00,2026-04-09 15:38:12.273375+00
affare:affare_259184,terrain,land,250000.0,TND,Béni Khiar,Beni Khiar,NABEUL,240.0,3.0,1041.67,36.45,10.7833,100.0,HIGH,False,2026-03-27 00:35:56.482718+00,2026-04-09 15:38:12.170003+00
affare:affare_259185,terrain,land,2500.0,TND,Hammamet,Hammamet,NABEUL,1200.0,4.0,2.08,36.4,10.6167,90.0,HIGH,True,2026-03-27 00:35:08.403357+00,2026-04-09 15:38:11.137426+00
affare:affare_259186,maison,villa,6.0,TND,Sousse Jawhara,Sidi El Heni,SOUSSE,305.0,,0.02,35.6756,10.3106,85.0,HIGH,True,2026-03-27 00:35:31.010073+00,2026-04-09 15:38:14.195573+00
affare:affare_259187,appartement,apartment,145000.0,TND,Akouda,Akouda,SOUSSE,35.0,1.0,4142.86,35.8667,10.5667,100.0,HIGH,False,2026-03-27 00:35:20.328615+00,2026-04-09 15:38:14.045996+00
affare:affare_259189,appartement,apartment,248000.0,TND,Akouda,Akouda,SOUSSE,90.0,2.0,2755.56,35.8667,10.5667,100.0,HIGH,False,2026-03-27 00:34:19.977748+00,2026-04-09 15:38:14.439272+00
affare:affare_259192,terrain,land,685000.0,TND,Kélibia,Kelibia,NABEUL,200.0,4.0,3425.0,36.8472,11.0944,100.0,HIGH,False,2026-03-27 00:34:42.66253+00,2026-04-09 15:38:14.099103+00
affare:affare_259196,appartement,apartment,480000.0,TND,Sousse Jawhara,Sidi El Heni,SOUSSE,,4.0,,35.6756,10.3106,95.0,HIGH,False,2026-03-27 11:14:34.308583+00,2026-04-09 15:38:15.021768+00
affare:affare_259233,appartement,apartment,750.0,TND,Menzah,Ariana Ville,ARIANA,,1.0,,36.866011,10.193923,75.0,GOOD,True,2026-03-28 23:50:50.752014+00,2026-04-09 15:38:14.925436+00
affare:affare_259234,maison,villa,950.0,TND,Manar,Ariana Ville,ARIANA,,2.0,,36.866011,10.193923,75.0,GOOD,True,2026-03-28 23:51:15.489147+00,2026-04-09 15:38:12.676432+00
affare:affare_259235,appartement,apartment,900.0,TND,Manar,Ariana Ville,ARIANA,,1.0,,36.866011,10.193923,75.0,GOOD,True,2026-03-28 23:51:02.998377+00,2026-04-09 15:38:12.472351+00
affare:affare_259238,appartement,apartment,162000.0,TND,Sousse Jawhara,Sidi El Heni,SOUSSE,,2.0,,35.6756,10.3106,95.0,HIGH,False,2026-03-28 23:48:48.258455+00,2026-04-09 15:38:12.92054+00
affare:affare_259239,terrain,land,324000.0,TND,Hergla,Hergla,SOUSSE,450.0,,720.0,36.0333,10.5,100.0,HIGH,False,2026-03-28 23:49:00.35762+00,2026-04-09 15:38:11.380963+00
affare:affare_259240,appartement,apartment,130000.0,TND,Dar Châabane El Fehri,Nabeul,NABEUL,100.0,2.0,1300.0,36.4561,10.7358,100.0,HIGH,False,2026-03-28 23:48:35.39821+00,2026-04-09 15:38:14.390705+00
affare:affare_259241,terrain,land,57000.0,TND,Sousse Sidi Abdelhamid,Sidi El Heni,SOUSSE,152.0,,375.0,35.6756,10.3106,100.0,HIGH,False,2026-03-28 23:48:24.687221+00,2026-04-09 15:38:11.089782+00
affare:affare_259242,maison,villa,420000.0,TND,Sahloul,Sidi El Heni,SOUSSE,149.0,5.0,2818.79,35.6756,10.3106,100.0,HIGH,False,2026-03-28 23:47:59.0292+00,2026-04-09 15:38:14.292738+00
affare:affare_259243,appartement,apartment,210000.0,TND,Sousse Riadh,Sousse Riadh,SOUSSE,90.0,3.0,2333.33,35.8269,10.63,100.0,HIGH,False,2026-03-28 23:48:11.694521+00,2026-04-09 15:38:13.261605+00
affare:affare_259244,terrain,land,150000.0,TND,Akouda,Akouda,SOUSSE,314.0,,477.71,35.8667,10.5667,100.0,HIGH,False,2026-03-28 23:47:46.928529+00,2026-04-09 15:38:12.218664+00
affare:affare_259245,terrain,land,860000.0,TND,Akouda,Akouda,SOUSSE,400.0,4.0,2150.0,35.8667,10.5667,100.0,HIGH,False,2026-03-28 23:47:33.536136+00,2026-04-09 15:38:13.211942+00
affare:affare_259246,terrain,land,369000.0,TND,Sousse Médina,Sidi El Heni,SOUSSE,250.0,4.0,1476.0,35.6756,10.3106,100.0,HIGH,False,2026-03-28 23:47:20.310213+00,2026-04-09 15:38:11.877203+00
affare:affare_259249,terrain,land,,TND,Kasserine Nord,Kasserine Nord,KASSERINE,,,,35.1711,8.8325,40.0,LOW,False,2026-04-01 16:42:59.977309+00,2026-04-09 15:38:11.634707+00
affare:affare_259293,appartement,apartment,275000.0,TND,Manar,Ariana Ville,ARIANA,,3.0,,36.866011,10.193923,95.0,HIGH,False,2026-03-31 08:15:14.662196+00,2026-04-09 15:38:12.774149+00
affare:affare_259296,appartement,apartment,1100.0,TND,Hammamet,Hammamet,NABEUL,70.0,2.0,15.71,36.4,10.6167,90.0,HIGH,True,2026-03-31 08:13:28.135765+00,2026-04-09 15:38:10.747928+00
affare:affare_259298,terrain,land,400000.0,TND,Djerba-Houmt Souk,Houmet Essouk,MEDENINE,164.0,3.0,2439.02,33.8814,10.85,100.0,HIGH,False,2026-03-31 08:14:50.460139+00,2026-04-09 15:38:12.969098+00
affare:affare_259299,appartement,apartment,4500.0,TND,Jardin De Carthage,Carthage,TUNIS,,2.0,,36.8536,10.3256,75.0,GOOD,True,2026-03-31 08:13:40.821788+00,2026-04-09 15:38:12.121153+00
affare:affare_259300,terrain,land,1600.0,TND,La Soukra,La Soukra,ARIANA,1884.0,,0.85,36.885212,10.245301,80.0,GOOD,True,2026-03-31 08:14:15.781959+00,2026-04-09 15:38:11.731648+00
affare:affare_259301,appartement,apartment,1500.0,TND,Mrezga,Nabeul,NABEUL,115.0,2.0,13.04,36.4561,10.7358,90.0,HIGH,True,2026-03-31 08:12:16.6836+00,2026-04-09 15:38:11.976364+00
affare:affare_259302,appartement,apartment,247000.0,TND,Kantaoui,Sidi El Heni,SOUSSE,,2.0,,35.6756,10.3106,95.0,HIGH,False,2026-03-31 08:13:21.724698+00,2026-04-09 15:38:13.018146+00
affare:affare_259304,terrain,land,720000.0,TND,Akouda,Akouda,SOUSSE,482.0,,1493.78,35.8667,10.5667,100.0,HIGH,False,2026-03-31 08:14:04.417989+00,2026-04-09 15:38:14.682652+00
affare:affare_259305,terrain,land,215000.0,TND,Kantaoui,Sidi El Heni,SOUSSE,250.0,,860.0,35.6756,10.3106,100.0,HIGH,False,2026-03-31 08:12:41.039023+00,2026-04-09 15:38:13.99155+00
affare:affare_259306,terrain,land,830.0,TND,Kantaoui,Sidi El Heni,SOUSSE,250.0,3.0,3.32,35.6756,10.3106,90.0,HIGH,True,2026-03-31 08:12:27.802342+00,2026-04-09 15:38:13.357935+00
affare:affare_259307,maison,villa,6000.0,TND,Carthage,Carthage,TUNIS,,4.0,,36.8536,10.3256,95.0,HIGH,False,2026-03-31 08:14:25.777765+00,2026-04-09 15:38:15.070484+00
affare:affare_259308,appartement,apartment,538000.0,TND,Kantaoui,Sidi El Heni,SOUSSE,133.0,4.0,4045.11,35.6756,10.3106,100.0,HIGH,False,2026-03-31 08:12:21.473448+00,2026-04-09 15:38:11.780267+00
affare:affare_259309,appartement,apartment,115000.0,TND,Sousse Riadh,Sousse Riadh,SOUSSE,88.0,2.0,1306.82,35.8269,10.63,100.0,HIGH,False,2026-03-31 08:14:36.900728+00,2026-04-09 15:38:13.115524+00
affare:affare_259310,appartement,apartment,1300.0,TND,Kantaoui,Sidi El Heni,SOUSSE,98.0,2.0,13.27,35.6756,10.3106,90.0,HIGH,True,2026-03-31 08:12:52.430105+00,2026-04-09 15:38:10.650306+00
affare:affare_259311,appartement,apartment,145000.0,TND,Kantaoui,Sidi El Heni,SOUSSE,35.0,1.0,4142.86,35.6756,10.3106,100.0,HIGH,False,2026-03-31 08:13:09.941988+00,2026-04-09 15:38:13.845576+00
affare:affare_259314,terrain,land,340000.0,TND,Sousse Riadh,Sousse Riadh,SOUSSE,128.0,5.0,2656.25,35.8269,10.63,100.0,HIGH,False,2026-03-31 08:12:57.394099+00,2026-04-09 15:38:14.342261+00
affare:affare_259315,appartement,apartment,580.0,TND,Kantaoui,Sidi El Heni,SOUSSE,90.0,2.0,6.44,35.6756,10.3106,90.0,HIGH,True,2026-03-31 08:11:08.530539+00,2026-04-09 15:38:13.748046+00
affare:affare_259403,appartement,apartment,,TND,Sousse Jawhara,Sidi El Heni,SOUSSE,100.0,2.0,,35.6756,10.3106,90.0,HIGH,False,2026-04-01 16:47:16.251097+00,2026-04-09 15:38:11.186353+00
affare:affare_259405,maison,villa,1200.0,TND,Hammamet,Hammamet,NABEUL,320.0,5.0,3.75,36.4,10.6167,90.0,HIGH,True,2026-04-01 16:48:51.320285+00,2026-04-09 15:38:12.871849+00
affare:affare_259406,terrain,land,895000.0,TND,Djerba-Houmt Souk,Houmet Essouk,MEDENINE,275.0,4.0,3254.55,33.8814,10.85,100.0,HIGH,False,2026-04-01 16:48:34.461141+00,2026-04-09 15:38:12.628009+00
affare:affare_259409,maison,villa,980000.0,TND,Hammamet,Hammamet,NABEUL,241.0,3.0,4066.39,36.4,10.6167,100.0,HIGH,False,2026-04-01 16:48:19.678663+00,2026-04-09 15:38:14.487502+00
affare:affare_259412,terrain,land,700000.0,TND,Sidi Bou Ali,Sidi Bou Ali,SOUSSE,,,,35.9833,10.4667,60.0,GOOD,False,2026-04-01 16:46:33.523952+00,2026-04-09 15:38:12.531963+00
affare:affare_259414,appartement,apartment,275000.0,TND,Manar,Ariana Ville,ARIANA,,3.0,,36.866011,10.193923,95.0,HIGH,False,2026-04-01 16:47:30.682436+00,2026-04-09 15:38:12.072949+00
affare:affare_259415,maison,villa,700.0,TND,Hammamet Sud,Hammamet,NABEUL,,4.0,,36.4,10.6167,75.0,GOOD,True,2026-04-01 16:44:29.8212+00,2026-04-09 15:38:14.58559+00
affare:affare_259416,maison,villa,1250.0,TND,Hammamet Nord,Hammamet,NABEUL,,4.0,,36.4,10.6167,75.0,GOOD,True,2026-04-01 16:44:04.69221+00,2026-04-09 15:38:10.797601+00
affare:affare_259417,appartement,apartment,159000.0,TND,Hergla,Hergla,SOUSSE,60.0,2.0,2650.0,36.0333,10.5,100.0,HIGH,False,2026-04-01 16:43:52.342974+00,2026-04-09 15:38:11.040049+00
affare:affare_259418,terrain,land,240000.0,TND,Hammamet,Hammamet,NABEUL,200.0,,1200.0,36.4,10.6167,100.0,HIGH,False,2026-04-01 16:45:52.562237+00,2026-04-09 15:38:12.423233+00
affare:affare_259419,appartement,apartment,1800.0,TND,Jardin De Carthage,Carthage,TUNIS,,1.0,,36.8536,10.3256,75.0,GOOD,True,2026-04-01 16:46:17.477505+00,2026-04-09 15:38:10.505326+00
affare:affare_259422,maison,villa,1200.0,TND,Hammamet,Hammamet,NABEUL,,4.0,,36.4,10.6167,75.0,GOOD,True,2026-04-01 16:45:08.808186+00,2026-04-09 15:38:10.894124+00
affare:affare_259423,maison,villa,1000.0,TND,Hammamet Sud,Hammamet,NABEUL,,3.0,,36.4,10.6167,75.0,GOOD,True,2026-04-01 16:45:36.119309+00,2026-04-09 15:38:15.214022+00
affare:affare_259425,maison,villa,2600.0,TND,Les Berges Du Lac,Jebel Jelloud,TUNIS,,2.0,,36.7667,10.1833,75.0,GOOD,True,2026-04-01 16:45:47.246144+00,2026-04-09 15:38:14.779494+00
affare:affare_259426,terrain,land,240000.0,TND,Hammamet,Hammamet,NABEUL,200.0,,1200.0,36.4,10.6167,100.0,HIGH,False,2026-04-01 16:46:06.11579+00,2026-04-09 15:38:12.325992+00
affare:affare_259427,appartement,apartment,169000.0,TND,Hergla,Hergla,SOUSSE,94.0,3.0,1797.87,36.0333,10.5,100.0,HIGH,False,2026-04-01 16:44:40.798073+00,2026-04-09 15:38:13.45597+00
affare:affare_259428,terrain,land,60000.0,TND,Akouda,Akouda,SOUSSE,506.0,,118.58,35.8667,10.5667,100.0,HIGH,False,2026-04-01 16:44:55.785205+00,2026-04-09 15:38:11.585906+00
affare:affare_259429,terrain,land,488000.0,TND,Sousse Jawhara,Sidi El Heni,SOUSSE,488.0,,1000.0,35.6756,10.3106,100.0,HIGH,False,2026-04-01 16:43:27.453301+00,2026-04-09 15:38:14.244716+00
affare:affare_259480,terrain,land,1111.0,TND,,,,,7.0,,33.8439408,9.400138,0.0,DROP,True,2026-04-03 18:39:14.861448+00,2026-04-09 15:38:13.310348+00
affare:affare_259482,terrain,land,6000.0,TND,,,,,4.0,,33.8439408,9.400138,5.0,DROP,False,2026-04-03 18:38:19.338614+00,2026-04-09 15:38:13.504679+00
affare:affare_259483,terrain,land,440000.0,TND,,,,362.0,,1215.47,33.8439408,9.400138,10.0,DROP,False,2026-04-03 18:37:32.808332+00,2026-04-09 15:38:14.877485+00
affare:affare_259485,maison,villa,870000.0,TND,,,,600.0,4.0,1450.0,33.8439408,9.400138,75.0,GOOD,False,2026-04-03 18:38:59.659652+00,2026-04-09 15:38:13.796944+00
affare:affare_259488,maison,villa,1350.0,TND,,,,650.0,4.0,2.08,33.8439408,9.400138,55.0,LOW,True,2026-04-03 18:38:45.775736+00,2026-04-09 15:38:11.234524+00
affare:affare_259489,terrain,land,114800.0,TND,,,,328.0,,350.0,33.8439408,9.400138,10.0,DROP,False,2026-04-03 18:37:48.562172+00,2026-04-09 15:38:14.040129+00
affare:affare_259490,maison,villa,650000.0,TND,,,,500.0,3.0,1300.0,33.8439408,9.400138,45.0,LOW,False,2026-04-03 18:38:03.06006+00,2026-04-09 15:38:14.536456+00
affare:affare_259491,maison,villa,730000.0,TND,,,,350.0,4.0,2085.71,33.8439408,9.400138,75.0,GOOD,False,2026-04-03 18:35:30.70813+00,2026-04-09 15:38:11.283983+00
affare:affare_259493,terrain,land,760000.0,TND,,,,750.0,4.0,1013.33,33.8439408,9.400138,75.0,GOOD,False,2026-04-03 18:37:02.409851+00,2026-04-09 15:38:10.600954+00
affare:affare_259494,terrain,land,1750.0,TND,,,,490.0,,3.57,33.8439408,9.400138,0.0,DROP,True,2026-04-03 18:37:19.125725+00,2026-04-09 15:38:11.527455+00
affare:affare_259496,appartement,apartment,298000.0,TND,,,,67.0,2.0,4447.76,33.8439408,9.400138,45.0,LOW,False,2026-04-03 18:34:39.401207+00,2026-04-09 15:38:11.829402+00
affare:affare_259497,appartement,apartment,320000.0,TND,,,,103.0,3.0,3106.8,33.8439408,9.400138,45.0,LOW,False,2026-04-03 18:34:07.296044+00,2026-04-09 15:38:13.406995+00
affare:affare_259498,maison,villa,680000.0,TND,,,,8750.0,,77.71,33.8439408,9.400138,10.0,DROP,True,2026-04-03 18:36:45.3523+00,2026-04-09 15:38:11.331804+00
affare:affare_259499,appartement,apartment,269000.0,TND,,,,85.0,3.0,3164.71,33.8439408,9.400138,75.0,GOOD,False,2026-04-03 18:36:05.39655+00,2026-04-09 15:38:11.925867+00
affare:affare_259501,appartement,apartment,950000.0,TND,,,,427.0,3.0,2224.82,33.8439408,9.400138,75.0,GOOD,False,2026-04-03 18:36:24.158442+00,2026-04-09 15:38:10.991849+00
affare:affare_259503,terrain,land,420000.0,TND,,,,156.0,2.0,2692.31,33.8439408,9.400138,45.0,LOW,False,2026-04-03 18:35:12.796253+00,2026-04-09 15:38:19.329953+00
affare:affare_259504,appartement,apartment,65000.0,TND,,,,70.0,3.0,928.57,33.8439408,9.400138,75.0,GOOD,False,2026-04-03 18:34:55.914814+00,2026-04-09 15:38:15.521436+00
affare:affare_259506,maison,villa,330000.0,TND,,,,297.0,4.0,1111.11,33.8439408,9.400138,45.0,LOW,False,2026-04-03 18:34:21.821743+00,2026-04-09 15:38:17.592875+00
affare:affare_259507,terrain,land,159000.0,TND,,,,60.0,2.0,2650.0,33.8439408,9.400138,45.0,LOW,False,2026-04-03 18:33:50.591694+00,2026-04-09 15:38:16.250906+00
affare:affare_259508,appartement,apartment,290000.0,TND,,,,100.0,3.0,2900.0,33.8439408,9.400138,45.0,LOW,False,2026-04-03 18:32:35.986207+00,2026-04-09 15:38:18.294295+00
affare:affare_259509,appartement,apartment,349000.0,TND,,,,144.0,4.0,2423.61,33.8439408,9.400138,45.0,LOW,False,2026-04-03 18:31:38.901872+00,2026-04-09 15:38:17.075004+00
affare:affare_259510,terrain,land,2300.0,TND,,,,,,,33.8439408,9.400138,0.0,DROP,True,2026-04-03 18:32:02.348575+00,2026-04-09 15:38:16.538862+00
affare:affare_259512,terrain,land,57000.0,TND,,,,152.0,,375.0,33.8439408,9.400138,40.0,LOW,False,2026-04-03 18:33:13.97199+00,2026-04-09 15:38:18.897462+00
affare:affare_259513,terrain,land,237000.0,TND,,,,364.0,,651.1,33.8439408,9.400138,10.0,DROP,False,2026-04-03 18:32:55.821396+00,2026-04-09 15:38:19.623224+00
affare:affare_259514,appartement,apartment,2000.0,TND,,,,,2.0,,33.8439408,9.400138,15.0,DROP,True,2026-04-03 18:30:45.092666+00,2026-04-09 15:38:15.905381+00
affare:affare_259515,terrain,land,2500.0,TND,,,,1200.0,4.0,2.08,33.8439408,9.400138,25.0,LOW,True,2026-04-03 18:29:55.563913+00,2026-04-09 15:38:17.996873+00
affare:affare_259547,appartement,apartment,,TND,,,,65.0,1.0,,33.8439408,9.400138,30.0,LOW,False,2026-04-06 18:12:01.259684+00,2026-04-09 15:38:16.345918+00
affare:affare_259550,terrain,land,18750.0,TND,,,,150.0,,125.0,33.8439408,9.400138,35.0,LOW,False,2026-04-06 18:11:51.188475+00,2026-04-09 15:38:15.952736+00
affare:affare_259551,terrain,land,255000.0,TND,,,,365.0,,698.63,33.8439408,9.400138,5.0,DROP,False,2026-04-06 18:10:34.640383+00,2026-04-09 15:38:18.191124+00
affare:affare_259552,appartement,apartment,,TND,,,,76.0,3.0,,33.8439408,9.400138,30.0,LOW,False,2026-04-06 18:10:28.597614+00,2026-04-09 15:38:15.568792+00
affare:affare_259554,terrain,land,369000.0,TND,,,,250.0,4.0,1476.0,33.8439408,9.400138,45.0,LOW,False,2026-04-06 18:10:01.641973+00,2026-04-09 15:38:19.089236+00
affare:affare_259555,appartement,apartment,420000.0,TND,,,,150.0,4.0,2800.0,33.8439408,9.400138,45.0,LOW,False,2026-04-06 18:10:12.228166+00,2026-04-09 15:38:19.47525+00
affare:affare_259557,appartement,apartment,530000.0,TND,,,,95.0,3.0,5578.95,33.8439408,9.400138,25.0,LOW,True,2026-04-06 18:09:55.01056+00,2026-04-09 15:38:19.376112+00
affare:affare_259558,maison,villa,325000.0,TND,,,,170.0,4.0,1911.76,33.8439408,9.400138,75.0,GOOD,False,2026-04-06 18:09:33.465226+00,2026-04-09 15:38:18.092482+00
affare:affare_259559,terrain,land,490000.0,TND,,,,499.0,4.0,981.96,33.8439408,9.400138,45.0,LOW,False,2026-04-06 18:09:44.115037+00,2026-04-09 15:38:16.05801+00
affare:affare_259560,appartement,apartment,300.0,TND,,,,,1.0,,33.8439408,9.400138,15.0,DROP,True,2026-04-06 18:09:24.462035+00,2026-04-09 15:38:15.957901+00
affare:affare_259561,maison,villa,950.0,TND,,,,,3.0,,33.8439408,9.400138,15.0,DROP,True,2026-04-06 18:09:13.953477+00,2026-04-09 15:38:18.513628+00
affare:affare_259562,maison,villa,1100.0,TND,,,,,4.0,,33.8439408,9.400138,0.0,DROP,True,2026-04-06 18:09:04.631858+00,2026-04-09 15:38:17.381484+00
affare:affare_259563,terrain,land,1200.0,TND,,,,,6.0,,33.8439408,9.400138,0.0,DROP,True,2026-04-06 18:08:53.061085+00,2026-04-09 15:38:18.850341+00
affare:affare_259564,maison,villa,1000.0,TND,,,,,4.0,,33.8439408,9.400138,0.0,DROP,True,2026-04-06 18:08:44.872651+00,2026-04-09 15:38:18.045038+00
affare:affare_259565,appartement,apartment,1200.0,TND,,,,,2.0,,33.8439408,9.400138,15.0,DROP,True,2026-04-06 18:08:28.083179+00,2026-04-09 15:38:18.658864+00
affare:affare_259566,maison,villa,700.0,TND,,,,,4.0,,33.8439408,9.400138,15.0,DROP,True,2026-04-06 18:08:35.204253+00,2026-04-09 15:38:16.298611+00
affare:affare_259567,maison,villa,4000.0,TND,,,,,3.0,,33.8439408,9.400138,0.0,DROP,True,2026-04-06 18:08:17.217184+00,2026-04-09 15:38:17.896504+00
affare:affare_259568,maison,villa,1900.0,TND,,,,,2.0,,33.8439408,9.400138,0.0,DROP,True,2026-04-06 18:07:04.794432+00,2026-04-09 15:38:18.462157+00
affare:affare_259569,terrain,land,27000.0,TND,,,,,,,33.8439408,9.400138,20.0,DROP,False,2026-04-06 18:07:34.903026+00,2026-04-09 15:38:15.261814+00
affare:affare_259572,terrain,land,27000.0,TND,,,,,,,33.8439408,9.400138,20.0,DROP,False,2026-04-06 18:07:24.143324+00,2026-04-09 15:38:15.464189+00
affare:affare_259573,appartement,apartment,300.0,TND,,,,30.0,1.0,10.0,33.8439408,9.400138,50.0,LOW,True,2026-04-06 18:07:54.889019+00,2026-04-09 15:38:19.723405+00
affare:affare_259628,terrain,land,500000.0,TND,,,,160.0,3.0,,33.8439408,9.400138,,,False,2026-04-09 10:44:41.927854+00,2026-04-09 15:38:15.266406+00
affare:affare_259669,terrain,land,2400.0,TND,,,,640.0,4.0,,33.8439408,9.400138,,,False,2026-04-09 09:24:15.237292+00,2026-04-09 15:38:18.141022+00
affare:affare_259670,maison,villa,1500.0,TND,,,,135.0,3.0,,33.8439408,9.400138,,,False,2026-04-09 09:24:10.153213+00,2026-04-09 15:38:15.416502+00
affare:affare_259671,terrain,land,950000.0,TND,,,,600.0,,,33.8439408,9.400138,,,False,2026-04-09 09:23:56.142945+00,2026-04-09 15:38:18.389871+00
affare:affare_259679,maison,villa,690000.0,TND,,,,650.0,3.0,,33.8439408,9.400138,,,False,2026-04-09 10:47:30.141919+00,2026-04-09 15:38:16.739656+00
affare:affare_259680,maison,villa,870000.0,TND,,,,,4.0,,33.8439408,9.400138,,,False,2026-04-09 10:46:53.49036+00,2026-04-09 15:38:16.98017+00
affare:affare_259681,maison,villa,720000.0,TND,,,,500.0,3.0,,33.8439408,9.400138,,,False,2026-04-09 10:47:17.263536+00,2026-04-09 15:38:16.883074+00
affare:affare_259682,terrain,land,740000.0,TND,,,,400.0,4.0,,33.8439408,9.400138,,,False,2026-04-09 10:47:06.320291+00,2026-04-09 15:38:17.31699+00
affare:affare_259683,maison,villa,3800.0,TND,,,,,3.0,,33.8439408,9.400138,,,False,2026-04-09 10:46:40.152578+00,2026-04-09 15:38:16.682306+00
affare:affare_259684,appartement,apartment,248000.0,TND,,,,90.0,2.0,,33.8439408,9.400138,,,False,2026-04-09 10:46:14.265164+00,2026-04-09 15:38:16.787804+00
affare:affare_259685,maison,villa,1500.0,TND,,,,,3.0,,33.8439408,9.400138,,,False,2026-04-09 10:46:27.746736+00,2026-04-09 15:38:15.468706+00
affare:affare_259686,terrain,land,30000.0,TND,,,,220.0,,,33.8439408,9.400138,,,False,2026-04-09 10:45:47.872391+00,2026-04-09 15:38:18.455096+00
affare:affare_259687,terrain,land,1050.0,TND,,,,580.0,4.0,,33.8439408,9.400138,,,False,2026-04-09 10:46:00.789997+00,2026-04-09 15:38:17.438876+00
affare:affare_259688,terrain,land,750000.0,TND,,,,587.0,4.0,,33.8439408,9.400138,,,False,2026-04-09 10:45:34.226679+00,2026-04-09 15:38:15.367925+00
affare:affare_259689,terrain,land,1600.0,TND,,,,489.0,,,33.8439408,9.400138,,,False,2026-04-09 10:45:20.064144+00,2026-04-09 15:38:17.68942+00
affare:affare_259690,terrain,land,820000.0,TND,,,,540.0,4.0,,33.8439408,9.400138,,,False,2026-04-09 10:45:08.02151+00,2026-04-09 15:38:17.694315+00
affare:affare_259691,terrain,land,180000.0,TND,,,,90.0,2.0,,33.8439408,9.400138,,,False,2026-04-09 10:44:55.881028+00,2026-04-09 15:38:17.219545+00
affare:affare_259692,appartement,apartment,1200.0,TND,,,,111.0,3.0,,33.8439408,9.400138,,,False,2026-04-09 10:44:34.997184+00,2026-04-09 15:38:16.395283+00
affare:affare_259693,maison,villa,760000.0,TND,,,,220.0,3.0,,33.8439408,9.400138,,,False,2026-04-09 10:44:23.927504+00,2026-04-09 15:38:16.634937+00
affare:affare_259694,appartement,apartment,115000.0,TND,,,,88.0,2.0,,33.8439408,9.400138,,,False,2026-04-09 10:43:50.724382+00,2026-04-09 15:38:16.010428+00
affare:affare_259695,appartement,apartment,325000.0,TND,,,,84.0,3.0,,33.8439408,9.400138,,,False,2026-04-09 10:43:44.300125+00,2026-04-09 15:38:15.859521+00
affare:affare_259696,maison,villa,890000.0,TND,,,,500.0,4.0,,33.8439408,9.400138,,,False,2026-04-09 10:44:10.815288+00,2026-04-09 15:38:18.245879+00
affare:affare_259698,appartement,apartment,530000.0,TND,,,,95.0,3.0,,33.8439408,9.400138,,,False,2026-04-09 10:42:26.309487+00,2026-04-09 15:38:18.562186+00
affare:affare_3770,terrain,land,603200.0,TND,Akouda,Akouda,SOUSSE,3770.0,,160.0,35.8667,10.5667,100.0,HIGH,False,2026-03-27 00:34:32.615586+00,2026-04-09 15:38:17.496875+00
affare:affare_4000,terrain,land,,TND,Kantaoui,Sidi El Heni,SOUSSE,4000.0,3.0,,35.6756,10.3106,90.0,HIGH,False,2026-04-01 16:47:45.277936+00,2026-04-09 15:38:19.521118+00
affare:affare_7000,terrain,land,2600.0,TND,Sousse Sidi Abdelhamid,Sidi El Heni,SOUSSE,,,,35.6756,10.3106,40.0,LOW,True,2026-04-01 16:49:04.57929+00,2026-04-09 15:38:15.808536+00
affare:affare_8200,terrain,land,700000.0,TND,Hammamet Sud,Hammamet,NABEUL,8200.0,,85.37,36.4,10.6167,70.0,GOOD,True,2026-03-27 00:34:56.727641+00,2026-04-09 15:38:17.746893+00
bae2337b-74ca-4a6e-a969-8c91254de74c,appartement,apartment,99995.0,TND,Sousse,,,100.0,3.0,999.95,,,50.0,GOOD,False,2026-04-15 12:24:56.334223+00,2026-04-15 12:24:56.334223+00
c1e9c971-3018-4583-822f-f4f14fb65732,appartement,apartment,200000.0,TND,Nabeul,,,95.0,3.0,2105.26,36.83647081114297,10.318075446401018,50.0,GOOD,False,2026-04-15 16:35:40.421723+00,2026-04-15 16:35:40.421723+00
century21:century21_0027ce442d20,maison,villa,720000.0,TND,Hammamet,Hammamet Nord,Nabeul,210.0,3.0,,36.4252308,10.6309169,,,False,2026-04-09 11:19:15.598244+00,2026-04-09 15:38:16.586334+00
century21:century21_012583dc5e95,appartement,apartment,444000.0,TND,Hammamet,Hammamet Sud,Nabeul,200.0,2.0,,36.4040068,10.5689948,,,False,2026-04-06 19:04:23.763392+00,2026-04-09 15:38:18.994653+00
century21:century21_0342fde358d5,appartement,apartment,523000.0,TND,Jardins de Carthage,Jardins de carthage,Tunis,88.0,2.0,,36.8524621,10.2964735,,,False,2026-04-09 11:09:30.45766+00,2026-04-09 15:38:17.842963+00
century21:century21_037cf7b28811,terrain,land,590000.0,TND,Le Bardo,Ksar Said Bardo,Tunis,300.0,3.0,,36.8125194,10.1269163,,,False,2026-04-09 10:54:20.332696+00,2026-04-09 15:38:19.424744+00
century21:century21_03c93edcedb8,appartement,apartment,400000.0,TND,Ain Zaghouan,Ain zaghouan sud,Tunis,146.0,4.0,,36.86044,10.277262,,,False,2026-04-09 11:11:14.367218+00,2026-04-09 15:38:19.042841+00
century21:century21_05842bee20be,appartement,apartment,690000.0,TND,Aouina,Jardins d'El Aouina,Tunis,160.0,3.0,,36.8535165,10.2558337,,,False,2026-04-09 11:08:15.235757+00,2026-04-09 15:38:17.94872+00
century21:century21_06c58998e013,appartement,apartment,450000.0,TND,Nabeul,Cité El Wafa AFH 2,Nabeul,147.0,3.0,,36.4420874,10.6944554,,,False,2026-04-09 11:16:33.532348+00,2026-04-09 15:38:19.280569+00
century21:century21_07c08a212998,appartement,apartment,230000.0,TND,Aouina,Jardins d'El Aouina,Tunis,86.0,2.0,,36.8535165,10.2558337,,,False,2026-04-06 19:05:34.501705+00,2026-04-09 15:38:17.544874+00
century21:century21_07cdcbbbc116,appartement,apartment,750000.0,TND,Jardins de Carthage,Jardins de carthage,Tunis,188.0,3.0,,36.8524621,10.2964735,,,False,2026-04-06 18:59:50.68973+00,2026-04-09 15:38:16.6876+00
century21:century21_084a6d73e689,appartement,apartment,930000.0,TND,Jardins de Carthage,Jardins de carthage,Tunis,160.0,3.0,,36.8524621,10.2964735,,,False,2026-04-06 19:05:03.85665+00,2026-04-09 15:38:18.752619+00
century21:century21_08a2bf3ea23a,maison,villa,280000.0,TND,Gammarth,Gammarth Village,Tunis,85.0,2.0,,36.9173042,10.2852532,,,False,2026-04-06 18:53:45.035048+00,2026-04-09 15:38:15.318952+00
century21:century21_08cc17d22f20,maison,villa,1400000.0,TND,Jardins de Carthage,Jardins de carthage,Tunis,292.0,3.0,,36.8524621,10.2964735,,,False,2026-04-06 19:00:40.955936+00,2026-04-09 15:38:16.154893+00
century21:century21_0918ae159c1c,appartement,apartment,370000.0,TND,Ennasr,Cite Ennasr 1,ARIANA,168.0,3.0,2202.38,36.862482,10.169195,100.0,HIGH,False,2026-04-03 19:57:26.27529+00,2026-04-09 15:38:18.800645+00
century21:century21_0bc0b9fb7922,appartement,apartment,240000.0,TND,La Soukra,La Nouvelle Soukra,Ariana,75.0,,,36.8645031,10.2721983,,,False,2026-04-09 11:00:06.041449+00,2026-04-09 15:38:19.186676+00
century21:century21_0bdd5100d556,appartement,apartment,430000.0,TND,Jardins de Carthage,Jardins de carthage,Tunis,73.0,,,36.8524621,10.2964735,,,False,2026-04-09 11:11:33.602776+00,2026-04-09 15:38:16.201989+00
century21:century21_0f408eea2767,appartement,apartment,378600.0,TND,Hammamet,Hammamet Sud,Nabeul,130.0,2.0,,36.4040068,10.5689948,,,False,2026-04-09 10:54:57.10756+00,2026-04-09 15:38:23.972935+00
century21:century21_0f4cd89ce29f,appartement,apartment,1500000.0,TND,Jardins de Carthage,Jardins de carthage,Tunis,373.0,5.0,,36.8524621,10.2964735,,,False,2026-04-06 18:59:19.413274+00,2026-04-09 15:38:23.469848+00
century21:century21_1034d26c3d2b,maison,villa,970000.0,TND,La Soukra,La Soukra,Ariana,230.0,3.0,,36.8791039,10.2656209,,,False,2026-04-09 11:22:07.291395+00,2026-04-09 15:38:19.818721+00
century21:century21_10601fa24c71,appartement,apartment,870000.0,TND,Jardins de Carthage,Jardins de carthage,Tunis,153.0,3.0,,36.8524621,10.2964735,,,False,2026-04-06 19:00:20.38162+00,2026-04-09 15:38:20.529021+00
century21:century21_110268,terrain,land,271000.0,TND,Bou Mhel El Bassatine,Cité Bou Mhel,BEN AROUS,301.0,,900.33,36.7177686,10.3133067,100.0,HIGH,False,2026-03-26 19:59:04.960252+00,2026-04-09 15:38:23.412565+00
century21:century21_117d78a44d48,appartement,apartment,250000.0,TND,La Soukra,La Nouvelle Soukra,Ariana,77.0,,,36.8645031,10.2721983,,,False,2026-04-09 11:13:30.820079+00,2026-04-09 15:38:20.269507+00
century21:century21_12046e292fd8,appartement,apartment,280000.0,TND,Mannouba,La Mannouba,Mannouba,112.0,2.0,,36.8093284,10.0863269,,,False,2026-04-06 18:57:40.847863+00,2026-04-09 15:38:21.450785+00
century21:century21_123204,terrain,land,2000000.0,TND,Cité Mahrajène,Cité Mahrajène,Tunis,681.0,,,36.829708,10.178039,,,False,2026-04-09 10:54:31.996555+00,2026-04-09 15:38:22.072947+00
century21:century21_129a726b0a24,maison,villa,1300000.0,TND,Les berges du Lac,Les berges du Lac 2,Tunis,243.0,3.0,,36.8472959,10.2744566,,,False,2026-04-09 11:02:04.792671+00,2026-04-09 15:38:20.875577+00
century21:century21_162d10266d98,terrain,land,960000.0,TND,Hammamet,Hammamet Nord,Nabeul,170.0,5.0,,36.4252308,10.6309169,,,False,2026-04-09 11:31:18.146249+00,2026-04-09 15:38:22.409311+00
century21:century21_198a658d9ee7,appartement,apartment,760000.0,TND,Jardins de Carthage,Jardins de carthage,Tunis,155.0,3.0,,36.8524621,10.2964735,,,False,2026-04-09 10:59:24.100266+00,2026-04-09 15:38:21.114549+00
century21:century21_1c6168d6577f,terrain,land,2600000.0,TND,Jardins de Carthage,Jardins de carthage,Tunis,650.0,,,36.8524621,10.2964735,,,False,2026-04-09 10:55:38.832909+00,2026-04-09 15:38:20.37117+00
century21:century21_1cc124869d3c,appartement,apartment,430000.0,TND,Ennasr,Cite Ennasr 1,Ariana,140.0,3.0,,36.862482,10.169195,,,False,2026-04-09 11:21:56.384442+00,2026-04-09 15:38:23.814099+00
century21:century21_1f35a181ef40,appartement,apartment,300000.0,TND,Jardins de Carthage,Jardins de carthage,Tunis,80.0,,,36.8524621,10.2964735,,,False,2026-04-09 11:06:40.66137+00,2026-04-09 15:38:23.663999+00
century21:century21_2000,terrain,land,1600.0,TND,La Marsa,Sidi Daoud,Tunis,2000.0,,,36.8660009,10.3090981,,,False,2026-04-09 11:31:49.809967+00,2026-04-09 15:38:22.506291+00
century21:century21_21453b0d564b,appartement,apartment,275000.0,TND,El Menzah,El Manar 2,Tunis,121.0,2.0,,36.8391789,10.1577208,,,False,2026-04-09 11:30:17.939288+00,2026-04-09 15:38:23.920166+00
century21:century21_21f11a52cd51,terrain,land,1950000.0,TND,La Soukra,La Soukra,ARIANA,800.0,5.0,2437.5,36.8791039,10.2656209,100.0,HIGH,False,2026-03-31 09:21:22.506993+00,2026-04-09 15:38:20.969851+00
century21:century21_2230fbcaa37d,maison,villa,2100000.0,TND,El Menzah,El Menzah 5,ARIANA,541.0,5.0,3881.7,36.8483853,10.1745278,100.0,HIGH,False,2026-03-31 09:18:10.708899+00,2026-04-09 15:38:20.827017+00
century21:century21_241d85dc368f,appartement,apartment,840000.0,TND,La Soukra,Chotrana 1,Ariana,286.0,3.0,,36.8862706,10.2185958,,,False,2026-04-06 18:46:44.03732+00,2026-04-09 15:38:23.306399+00
century21:century21_253b51184d95,appartement,apartment,460000.0,TND,Nabeul,Cité El Wafa AFH 2,Nabeul,136.0,3.0,,36.4420874,10.6944554,,,False,2026-04-09 10:58:13.071705+00,2026-04-09 15:38:20.05902+00
century21:century21_261a83aea510,terrain,land,1276000.0,TND,El Menzah,El Menzah 9,Ariana,880.0,,,36.84708,10.151694,,,False,2026-04-06 18:56:05.531524+00,2026-04-09 15:38:23.808115+00
century21:century21_2769d491c77a,terrain,land,1000.0,TND,Mahras,Chaffar,SFAX,548.0,,1.82,34.537523,10.5774363,80.0,GOOD,True,2026-04-03 19:56:31.253481+00,2026-04-09 15:38:22.65915+00
century21:century21_276c7ffa4642,appartement,apartment,941000.0,TND,Jardins de Carthage,Jardins de carthage,Tunis,160.0,3.0,,36.8524621,10.2964735,,,False,2026-04-06 18:57:20.494054+00,2026-04-09 15:38:20.922774+00
century21:century21_29a98f100e00,maison,villa,1550000.0,TND,El Menzah,El Menzah 9,Ariana,700.0,6.0,,36.84708,10.151694,,,False,2026-04-09 11:17:42.168804+00,2026-04-09 15:38:19.86755+00
century21:century21_2a406efcab42,maison,villa,1380000.0,TND,Jardins de Carthage,Jardins de carthage,Tunis,240.0,3.0,,36.8524621,10.2964735,,,False,2026-04-09 10:55:59.204622+00,2026-04-09 15:38:21.401999+00
century21:century21_2b7128069939,appartement,apartment,380000.0,TND,La Soukra,La Soukra,Ariana,124.0,2.0,,36.8791039,10.2656209,,,False,2026-04-09 11:23:13.643596+00,2026-04-09 15:38:23.205326+00
century21:century21_2df47e285e43,appartement,apartment,320000.0,TND,La Soukra,La Soukra,Ariana,124.0,3.0,,36.8791039,10.2656209,,,False,2026-04-09 11:01:12.50357+00,2026-04-09 15:38:21.641435+00
century21:century21_2ea2ea0726f8,terrain,land,790000.0,TND,Hammamet,Hammamet Sud,Nabeul,240.0,3.0,,36.4040068,10.5689948,,,False,2026-04-09 10:57:12.546102+00,2026-04-09 15:38:20.375167+00
century21:century21_301919c5622c,appartement,apartment,600000.0,TND,Gammarth,Gammarth Forêt,Tunis,147.0,3.0,,36.898385,10.300732,,,False,2026-04-09 11:18:01.929286+00,2026-04-09 15:38:22.957489+00
century21:century21_302c0dba16da,appartement,apartment,249000.0,TND,La Soukra,Chotrana 1,ARIANA,81.0,,3074.07,36.8862706,10.2185958,100.0,HIGH,False,2026-03-31 09:17:59.629875+00,2026-04-09 15:38:23.364761+00
century21:century21_323a0986bf3a,maison,villa,480000.0,TND,El Menzah,El Manar 1,Tunis,281.0,4.0,,36.8447375,10.1395169,,,False,2026-04-09 11:12:36.061225+00,2026-04-09 15:38:22.510109+00
century21:century21_32a517cc816c,maison,villa,1400000.0,TND,Ain Zaghouan,Ain Zaghouan Nord,Tunis,389.0,4.0,,36.8626346,10.2866556,,,False,2026-04-09 11:05:56.051886+00,2026-04-09 15:38:23.103756+00
century21:century21_32dce02693df,appartement,apartment,795000.0,TND,Jardins De Carthage,Jardins de carthage,TUNIS,228.0,3.0,3486.84,36.8524621,10.2964735,100.0,HIGH,False,2026-03-31 09:20:18.807985+00,2026-04-09 15:38:21.499149+00
century21:century21_3317a93cc234,maison,villa,185000.0,TND,Nabeul,Nabeul centre,Nabeul,61.0,2.0,,36.4512893,10.7356634,,,False,2026-04-09 11:20:44.02715+00,2026-04-09 15:38:23.615589+00
century21:century21_3452f4daaec0,appartement,apartment,682000.0,TND,Jardins de Carthage,Jardins de carthage,Tunis,117.0,2.0,,36.8524621,10.2964735,,,False,2026-04-06 19:05:52.97617+00,2026-04-09 15:38:22.8624+00
century21:century21_348d3180e07b,appartement,apartment,395000.0,TND,Ennasr,Cite Ennasr 1,Ariana,155.0,3.0,,36.862482,10.169195,,,False,2026-04-09 11:14:16.63411+00,2026-04-09 15:38:22.12223+00
century21:century21_3839f8e04965,terrain,land,1800000.0,TND,El Menzah,El Menzah 5,ARIANA,480.0,5.0,3750.0,36.8483853,10.1745278,100.0,HIGH,False,2026-03-31 09:19:39.123742+00,2026-04-09 15:38:26.969802+00
century21:century21_399e190c1aab,appartement,apartment,205000.0,TND,La Soukra,La Nouvelle Soukra,Ariana,54.0,,,36.8645031,10.2721983,,,False,2026-04-09 11:18:29.207219+00,2026-04-09 15:38:25.123876+00
century21:century21_39fc5f9a7f3d,appartement,apartment,239000.0,TND,La Soukra,Chotrana 1,Ariana,78.0,,,36.8862706,10.2185958,,,False,2026-04-06 18:55:02.168181+00,2026-04-09 15:38:25.675283+00
century21:century21_3b3a0294fbe0,appartement,apartment,800000.0,TND,Raoued,Raoued,Ariana,200.0,3.0,,36.9487824,10.1983431,,,False,2026-04-09 11:01:23.925965+00,2026-04-09 15:38:26.01114+00
century21:century21_3c1ae4d49e2c,maison,villa,1200000.0,TND,La Soukra,Dar Fadhal,ARIANA,352.0,5.0,3409.09,36.8679869,10.2403858,100.0,HIGH,False,2026-03-26 19:58:51.132254+00,2026-04-09 15:38:28.497717+00
century21:century21_3c6dd314328c,appartement,apartment,215000.0,TND,Ennasr,Cite Ennasr 1,ARIANA,62.0,,3467.74,36.862482,10.169195,100.0,HIGH,False,2026-04-01 17:29:32.382861+00,2026-04-09 15:38:26.264005+00
century21:century21_3cd545d39ca4,terrain,land,53000.0,TND,Menzel Temime,Lebna,NABEUL,307.0,,172.64,36.7822911,10.9863525,100.0,HIGH,False,2026-03-26 19:59:28.291506+00,2026-04-09 15:38:25.566204+00
century21:century21_3d6c56be89e6,terrain,land,950000.0,TND,El Menzah,El Menzah 5,ARIANA,200.0,3.0,4750.0,36.8483853,10.1745278,100.0,HIGH,False,2026-04-03 19:58:03.290163+00,2026-04-09 15:38:24.176527+00
century21:century21_3e30dfca147e,terrain,land,665600.0,TND,La Soukra,Sidi Frej,Ariana,832.0,,,36.8737239,10.2650253,,,False,2026-04-09 11:32:32.3687+00,2026-04-09 15:38:27.268118+00
century21:century21_3f205d16f592,maison,villa,490000.0,TND,Ariana Ville,Nouvelle Ariana,Ariana,174.0,4.0,,36.8549235,10.1836329,,,False,2026-04-09 11:08:04.428903+00,2026-04-09 15:38:24.530545+00
century21:century21_410a0b71600a,maison,villa,330000.0,TND,La Soukra,La Soukra,Ariana,120.0,2.0,,36.8791039,10.2656209,,,False,2026-04-09 10:56:41.169331+00,2026-04-09 15:38:26.766625+00
century21:century21_41362ad9c8bf,appartement,apartment,830000.0,TND,Les berges du Lac,Les berges du Lac 2,Tunis,183.0,3.0,,36.8472959,10.2744566,,,False,2026-04-09 10:55:48.865046+00,2026-04-09 15:38:28.245985+00
century21:century21_4196db6434b8,appartement,apartment,800000.0,TND,Ennasr,Cite Ennasr 2,Ariana,199.0,4.0,,36.862482,10.169195,,,False,2026-04-09 11:06:30.371877+00,2026-04-09 15:38:28.197665+00
century21:century21_420cd5529767,terrain,land,900000.0,TND,Nabeul,AFH1,Nabeul,238.0,3.0,,36.4512893,10.7356634,,,False,2026-04-09 11:11:44.426854+00,2026-04-09 15:38:27.114657+00
century21:century21_42260c34c5da,appartement,apartment,220000.0,TND,Aouina,Aouina,Tunis,64.0,,,36.8556514,10.2557635,,,False,2026-04-09 11:14:26.068591+00,2026-04-09 15:38:25.771141+00
century21:century21_42bcdb78bfaf,appartement,apartment,280000.0,TND,Mannouba,La Mannouba,Mannouba,112.0,2.0,,36.8093284,10.0863269,,,False,2026-04-06 18:58:08.883045+00,2026-04-09 15:38:24.873594+00
century21:century21_42fb7038d453,terrain,land,1800000.0,TND,El Menzah,El Menzah 5,Ariana,925.0,12.0,,36.8483853,10.1745278,,,False,2026-04-09 11:02:38.764809+00,2026-04-09 15:38:28.341858+00
century21:century21_430a2b3e3d56,appartement,apartment,390000.0,TND,Jardins de Carthage,Jardins de carthage,Tunis,90.0,,,36.8524621,10.2964735,,,False,2026-04-09 11:03:25.317383+00,2026-04-09 15:38:28.448216+00
century21:century21_43de84c63f1a,terrain,land,1700000.0,TND,La Soukra,Chotrana 2,Ariana,400.0,4.0,,36.8885571,10.2318816,,,False,2026-04-09 11:22:15.884193+00,2026-04-09 15:38:25.621904+00
century21:century21_446a679ce31f,appartement,apartment,350000.0,TND,Jardins d'El Menzah,Jardins d'el Menzah 1,Ariana,128.0,3.0,,36.8447375,10.1395169,,,False,2026-04-09 11:27:56.41545+00,2026-04-09 15:38:25.017178+00
century21:century21_454a67412dcd,appartement,apartment,340000.0,TND,Gammarth,Gammarth Forêt,Tunis,154.0,2.0,,36.898385,10.300732,,,False,2026-04-09 11:08:46.500863+00,2026-04-09 15:38:26.621724+00
century21:century21_455946eedb91,terrain,land,55.0,TND,Kalaa Essghira,Kalaa Essghira,Sousse,5000.0,,,35.8217563,10.5605541,,,False,2026-04-09 11:21:37.534159+00,2026-04-09 15:38:26.360697+00
century21:century21_45b1a02669b7,appartement,apartment,610000.0,TND,Jardins de Carthage,Jardins de carthage,Tunis,153.0,4.0,,36.8524621,10.2964735,,,False,2026-04-09 11:25:17.452618+00,2026-04-09 15:38:27.36479+00
century21:century21_48c58b99c641,appartement,apartment,400000.0,TND,Nabeul,Cité El Wafa AFH 2,Nabeul,97.0,2.0,,36.4420874,10.6944554,,,False,2026-04-09 11:14:45.875219+00,2026-04-09 15:38:24.223969+00
century21:century21_48d7fd5f468a,maison,villa,2100000.0,TND,Gammarth,Gammarth Sup,TUNIS,285.0,4.0,7368.42,36.8923669,10.3119038,80.0,GOOD,True,2026-04-06 18:39:35.693299+00,2026-04-09 15:38:26.109134+00
century21:century21_4932612e76ef,appartement,apartment,135000.0,TND,Ariana Ville,Cite Ennouzha,Ariana,120.0,2.0,,36.866939,10.191911,,,False,2026-04-09 10:58:52.461542+00,2026-04-09 15:38:25.177493+00
century21:century21_4a1a3f49ab4f,appartement,apartment,640000.0,TND,Jardins de Carthage,Jardins de carthage,Tunis,129.0,2.0,,36.8524621,10.2964735,,,False,2026-04-06 18:55:22.747865+00,2026-04-09 15:38:24.727731+00
century21:century21_4a3c491f25fd,appartement,apartment,650000.0,TND,Jardins de Carthage,Jardins de carthage,Tunis,131.0,2.0,,36.8524621,10.2964735,,,False,2026-04-06 18:55:12.024381+00,2026-04-09 15:38:24.273247+00
century21:century21_4a4184c24202,terrain,land,900000.0,TND,Beni Khalled,Beni Khalled,Nabeul,1100.0,,,36.6478364,10.5915072,,,False,2026-04-09 11:29:26.777875+00,2026-04-09 15:38:25.616914+00
century21:century21_4a6df658f0a8,terrain,land,590000.0,TND,Le Bardo,Ksar Said Bardo,Tunis,300.0,3.0,,36.8125194,10.1269163,,,False,2026-04-09 10:58:03.894379+00,2026-04-09 15:38:25.62751+00
century21:century21_4a769158cac2,appartement,apartment,650000.0,TND,Nabeul,Cité jasmin,Nabeul,160.0,3.0,,36.4512893,10.7356634,,,False,2026-04-09 11:23:44.886179+00,2026-04-09 15:38:28.004599+00
century21:century21_4b21ebbe8ee4,appartement,apartment,490000.0,TND,Ain Zaghouan,Ain Zaghouan Nord,Tunis,117.0,2.0,,36.8626346,10.2866556,,,False,2026-04-09 11:34:08.650413+00,2026-04-09 15:38:27.665868+00
century21:century21_4c89b42fd0c2,terrain,land,700000.0,TND,Aouina,Aouina,Tunis,382.0,,,36.8556514,10.2557635,,,False,2026-04-09 11:04:27.329763+00,2026-04-09 15:38:26.922977+00
century21:century21_4cf331615c12,appartement,apartment,210000.0,TND,El Menzah,El Menzah 8,Ariana,120.0,2.0,,36.856615,10.1717264,,,False,2026-04-09 11:10:33.008791+00,2026-04-09 15:38:26.365731+00
century21:century21_4d5476cf977d,terrain,land,1100000.0,TND,La Soukra,Dar Fadhal,Ariana,750.0,,,36.8679869,10.2403858,,,False,2026-04-06 19:02:10.893199+00,2026-04-09 15:38:27.859709+00
century21:century21_4ee525e2ee79,maison,villa,500000.0,TND,Nabeul,Nabeul centre,Nabeul,192.0,2.0,,36.4512893,10.7356634,,,False,2026-04-09 11:30:28.347287+00,2026-04-09 15:38:26.669445+00
century21:century21_4f7ed59b0d73,terrain,land,920000.0,TND,Gammarth,Gammarth Village,Tunis,231.0,5.0,,36.9173042,10.2852532,,,False,2026-04-09 11:28:38.381248+00,2026-04-09 15:38:28.293804+00
century21:century21_50636c9a39c7,appartement,apartment,670000.0,TND,Gammarth,Gammarth Touristique,Tunis,91.0,2.0,,36.9173042,10.2852532,,,False,2026-04-06 19:05:13.756528+00,2026-04-09 15:38:25.473322+00
century21:century21_50a847604d7c,appartement,apartment,320000.0,TND,La Soukra,La Soukra,Ariana,110.0,3.0,,36.8791039,10.2656209,,,False,2026-04-09 11:24:47.60288+00,2026-04-09 15:38:26.815036+00
century21:century21_50eca2e7224c,appartement,apartment,170000.0,TND,Nabeul,Nabeul centre,Nabeul,51.0,,,36.4512893,10.7356634,,,False,2026-04-06 19:00:50.877836+00,2026-04-09 15:38:24.969042+00
century21:century21_5111d5dc5fea,appartement,apartment,520000.0,TND,Gammarth,Gammarth Forêt,Tunis,120.0,2.0,,36.898385,10.300732,,,False,2026-04-09 11:13:21.429661+00,2026-04-09 15:38:26.061163+00
century21:century21_539749d7e32e,appartement,apartment,500000.0,TND,La Soukra,Dar Fadhal,ARIANA,144.0,3.0,3472.22,36.8679869,10.2403858,100.0,HIGH,False,2026-03-31 09:21:33.338953+00,2026-04-09 15:38:28.101255+00
century21:century21_53e37616a1dc,terrain,land,1300000.0,TND,El Menzah,El Menzah 5,Ariana,200.0,3.0,,36.8483853,10.1745278,,,False,2026-04-09 11:35:03.604861+00,2026-04-09 15:38:24.321146+00
century21:century21_554f6b93c12d,appartement,apartment,720000.0,TND,La Soukra,Chotrana 2,Ariana,184.0,3.0,,36.8885571,10.2318816,,,False,2026-04-09 11:07:22.132667+00,2026-04-09 15:38:24.467121+00
century21:century21_55557437e201,appartement,apartment,650000.0,TND,La Soukra,Chotrana 3,Ariana,155.0,3.0,,36.8844931,10.2554316,,,False,2026-04-09 11:08:35.18186+00,2026-04-09 15:38:27.422748+00
century21:century21_555940efb1b7,appartement,apartment,615000.0,TND,Jardins de Carthage,Jardins de carthage,Tunis,160.0,4.0,,36.8524621,10.2964735,,,False,2026-04-09 11:05:00.069536+00,2026-04-09 15:38:25.916836+00
century21:century21_56323e22b752,terrain,land,3500000.0,TND,Carthage,Sidi Bousaid,Tunis,550.0,8.0,,36.8698325,10.3413691,,,False,2026-04-09 11:00:59.378247+00,2026-04-09 15:38:24.63003+00
century21:century21_5633c68db875,appartement,apartment,360000.0,TND,Ain Zaghouan,Ain Zaghouan,Tunis,117.0,3.0,,36.859234,10.277161,,,False,2026-04-09 11:26:13.656306+00,2026-04-09 15:38:27.162774+00
century21:century21_59cde04c053e,appartement,apartment,385000.0,TND,Ain Zaghouan,Ain Zaghouan Nord,Tunis,88.0,2.0,,36.8626346,10.2866556,,,False,2026-04-06 19:05:43.299034+00,2026-04-09 15:38:30.294773+00
century21:century21_5a375f842354,maison,villa,2400000.0,TND,La Soukra,Chotrana 3,Ariana,500.0,4.0,,36.8844931,10.2554316,,,False,2026-04-06 19:00:09.690346+00,2026-04-09 15:38:30.19889+00
century21:century21_5b4b94141d15,maison,villa,700000.0,TND,El Menzah,Mutuelleville,Tunis,397.0,4.0,,36.832405,10.174527,,,False,2026-04-09 10:56:20.540698+00,2026-04-09 15:38:28.690199+00
century21:century21_5bd2ca303bbf,appartement,apartment,370000.0,TND,Jardins de Carthage,Jardins de carthage,Tunis,79.0,,,36.8524621,10.2964735,,,False,2026-04-09 11:17:52.157087+00,2026-04-09 15:38:29.560289+00
century21:century21_5f6930bea10f,terrain,land,1300000.0,TND,La Soukra,La Soukra,Ariana,500.0,6.0,,36.8791039,10.2656209,,,False,2026-04-06 18:52:17.26633+00,2026-04-09 15:38:29.46399+00
century21:century21_60a7a39355a7,appartement,apartment,355000.0,TND,Aouina,Cité Les Palmeraies,Tunis,130.0,3.0,,36.8598675,10.2649198,,,False,2026-04-09 11:12:47.226379+00,2026-04-09 15:38:28.592217+00
century21:century21_60e51c18fffa,maison,villa,1600000.0,TND,El Menzah,Mutuelleville,Tunis,320.0,3.0,,36.832405,10.174527,,,False,2026-04-06 19:04:34.713836+00,2026-04-09 15:38:30.440367+00
century21:century21_616d0dc6d4f0,terrain,land,950000.0,TND,El Menzah,El Menzah 8,ARIANA,500.0,9.0,1900.0,36.856615,10.1717264,100.0,HIGH,False,2026-03-31 09:20:41.631643+00,2026-04-09 15:38:30.090956+00
century21:century21_61962845b5e5,appartement,apartment,435000.0,TND,El Menzah,El Menzah 7,Ariana,151.0,3.0,,36.8524946,10.1577208,,,False,2026-04-06 18:59:28.981485+00,2026-04-09 15:38:33.167552+00
century21:century21_627a3854a9b4,terrain,land,1050000.0,TND,El Menzah,El Menzah 9,TUNIS,550.0,10.0,1909.09,36.84708,10.151694,100.0,HIGH,False,2026-03-31 09:19:15.70759+00,2026-04-09 15:38:33.263489+00
century21:century21_634063f0598a,maison,villa,530000.0,TND,El Menzah,El Menzah 6,Ariana,162.0,4.0,,36.8491088,10.1661239,,,False,2026-04-09 11:25:44.183162+00,2026-04-09 15:38:32.294744+00
century21:century21_66561502f479,maison,villa,1600000.0,TND,Les berges du Lac,Les berges du Lac 2,Tunis,320.0,4.0,,36.8472959,10.2744566,,,False,2026-04-09 11:34:20.239346+00,2026-04-09 15:38:29.125343+00
century21:century21_66ed816f387a,appartement,apartment,590000.0,TND,La Soukra,Chotrana 1,Ariana,125.0,2.0,,36.8862706,10.2185958,,,False,2026-04-09 11:12:57.344048+00,2026-04-09 15:38:31.410915+00
century21:century21_66f53893725b,appartement,apartment,270000.0,TND,El Menzah,El Menzah 7,Ariana,104.0,3.0,,36.8524946,10.1577208,,,False,2026-04-09 10:57:54.536812+00,2026-04-09 15:38:30.246835+00
century21:century21_67a436262ac3,terrain,land,2400000.0,TND,Jardins de Carthage,Jardins de carthage,Tunis,450.0,3.0,,36.8524621,10.2964735,,,False,2026-04-09 11:06:50.752732+00,2026-04-09 15:38:31.798728+00
century21:century21_67d2a22be7ae,appartement,apartment,515000.0,TND,Cite El Khadra,Centre urbain nord,Tunis,151.0,4.0,,36.8491156,10.196942,,,False,2026-04-09 11:35:26.890888+00,2026-04-09 15:38:29.897751+00
century21:century21_6835a1029b1e,appartement,apartment,320000.0,TND,Ennasr,Cite Ennasr 1,Ariana,100.0,2.0,,36.862482,10.169195,,,False,2026-04-09 11:20:00.860253+00,2026-04-09 15:38:31.362385+00
century21:century21_683bdd2cc312,terrain,land,2800.0,TND,Jardins de Carthage,Jardins de carthage,Tunis,586.0,,,36.8524621,10.2964735,,,False,2026-04-09 11:23:54.181358+00,2026-04-09 15:38:30.140257+00
century21:century21_68c028a02771,maison,villa,950000.0,TND,La Soukra,La Soukra,Ariana,293.0,5.0,,36.8791039,10.2656209,,,False,2026-04-09 11:33:48.406848+00,2026-04-09 15:38:32.924725+00
century21:century21_6c697f88f16a,appartement,apartment,420000.0,TND,La Soukra,Chotrana 1,Ariana,128.0,,,36.8862706,10.2185958,,,False,2026-04-09 11:26:34.00334+00,2026-04-09 15:38:31.312745+00
century21:century21_6d854c28ccad,appartement,apartment,279000.0,TND,Mnihla,Jardins d'El Menzah 2,Ariana,130.0,2.0,,36.8611961,10.1339164,,,False,2026-04-09 11:19:50.431176+00,2026-04-09 15:38:29.995476+00
century21:century21_6ddd941d84b6,appartement,apartment,564000.0,TND,Jardins de Carthage,Jardins de carthage,Tunis,97.0,2.0,,36.8524621,10.2964735,,,False,2026-04-09 11:28:48.219213+00,2026-04-09 15:38:32.632333+00
century21:century21_6e681489a461,terrain,land,650000.0,TND,El Kram,Le Kram Est,Tunis,200.0,3.0,,36.83332,10.3175155,,,False,2026-04-09 11:25:08.212107+00,2026-04-09 15:38:30.488487+00
century21:century21_6fd33c2263ab,appartement,apartment,211000.0,TND,Jardins d'El Menzah,Jardins d'el Menzah 1,Ariana,67.0,,,36.8447375,10.1395169,,,False,2026-04-09 11:23:25.231356+00,2026-04-09 15:38:32.34154+00
century21:century21_71418f16d6b7,appartement,apartment,376000.0,TND,Jardins de Carthage,Jardins de carthage,Tunis,65.0,,,36.8524621,10.2964735,,,False,2026-04-09 11:07:00.191182+00,2026-04-09 15:38:30.63423+00
century21:century21_756e82d9bb3b,appartement,apartment,330000.0,TND,Raoued,Raoued,Ariana,80.0,2.0,,36.9487824,10.1983431,,,False,2026-04-09 11:15:56.800782+00,2026-04-09 15:38:30.731038+00
century21:century21_75ab39b53f3f,maison,villa,830000.0,TND,La Soukra,Cite Des Juges,ARIANA,284.0,3.0,2922.54,36.882768,10.3156812,100.0,HIGH,False,2026-03-31 09:22:21.289167+00,2026-04-09 15:38:31.701719+00
century21:century21_76f0d31fb910,terrain,land,69000.0,TND,Menzel Temime,Lebna,NABEUL,404.0,,170.79,36.7822911,10.9863525,100.0,HIGH,False,2026-03-26 19:59:42.324338+00,2026-04-09 15:38:29.608686+00
century21:century21_778bb258cbd3,maison,villa,257500.0,TND,Mannouba,La Mannouba,Mannouba,144.0,3.0,,36.8093284,10.0863269,,,False,2026-04-06 18:55:44.667951+00,2026-04-09 15:38:30.682001+00
century21:century21_77a87c9b22ca,appartement,apartment,1040000.0,TND,Jardins de Carthage,Jardins de carthage,Tunis,175.0,3.0,,36.8524621,10.2964735,,,False,2026-04-09 11:02:15.266407+00,2026-04-09 15:38:32.002245+00
century21:century21_787c22963e1a,terrain,land,370000.0,TND,La Soukra,Dar Fadhal,Ariana,160.0,4.0,,36.8679869,10.2403858,,,False,2026-04-09 11:33:38.18089+00,2026-04-09 15:38:32.14869+00
century21:century21_789146430df3,appartement,apartment,247000.0,TND,Nabeul,Cité El Wafa AFH 2,Nabeul,67.0,,,36.4420874,10.6944554,,,False,2026-04-09 11:24:58.070082+00,2026-04-09 15:38:33.070746+00
century21:century21_796a61586351,maison,villa,1500000.0,TND,La Soukra,Dar Fadhal,Ariana,500.0,3.0,,36.8679869,10.2403858,,,False,2026-04-06 19:01:30.879356+00,2026-04-09 15:38:31.264647+00
century21:century21_79c05035778c,appartement,apartment,450000.0,TND,Les berges du Lac,Les berges du Lac 1,Tunis,150.0,3.0,,36.8396823,10.2466798,,,False,2026-04-09 11:21:06.807174+00,2026-04-09 15:38:28.83554+00
century21:century21_7a3cb91b277d,terrain,land,750000.0,TND,La Soukra,La Soukra,Ariana,250.0,3.0,,36.8791039,10.2656209,,,False,2026-04-09 11:22:53.182068+00,2026-04-09 15:38:33.119049+00
century21:century21_7ae50c871d49,terrain,land,1150000.0,TND,El Menzah,El Menzah 7,Ariana,1100.0,9.0,,36.8524946,10.1577208,,,False,2026-04-06 19:02:01.105675+00,2026-04-09 15:38:30.585007+00
century21:century21_7c20e31eae96,appartement,apartment,610000.0,TND,Jardins de Carthage,Jardins de carthage,Tunis,153.0,4.0,,36.8524621,10.2964735,,,False,2026-04-09 11:13:41.922662+00,2026-04-09 15:38:32.585438+00
century21:century21_7c7f2091cc8a,maison,villa,1550000.0,TND,Gammarth,Gammarth Sup,TUNIS,285.0,4.0,5438.6,36.8923669,10.3119038,100.0,HIGH,False,2026-04-06 18:29:05.520125+00,2026-04-09 15:38:30.34382+00
century21:century21_7de5971479c9,appartement,apartment,335000.0,TND,Nabeul,Cité El Mahrsi 2,Nabeul,103.0,2.0,,36.4371103,10.7069688,,,False,2026-04-06 19:01:50.962006+00,2026-04-09 15:38:29.802056+00
century21:century21_7ec361936ec1,appartement,apartment,400000.0,TND,Ariana Ville,Riadh Landlous,Ariana,137.0,3.0,,36.8805752,10.1717264,,,False,2026-04-09 11:22:26.545858+00,2026-04-09 15:38:32.730551+00
century21:century21_7f0a5399e2b4,maison,villa,320000.0,TND,Ain Zaghouan,Ain Zaghouan Nord,Tunis,101.0,2.0,,36.4025,10.1431,,,False,2026-04-09 11:28:58.520332+00,2026-04-09 15:38:31.555933+00
century21:century21_7f852209cff0,appartement,apartment,300000.0,TND,Ennasr,Cite Ennasr 2,Ariana,134.0,3.0,,36.864679,10.160655,,,False,2026-04-09 10:58:32.363026+00,2026-04-09 15:38:31.118251+00
century21:century21_7f914016776d,terrain,land,1000.0,TND,Korba,Korba Hached,NABEUL,987.0,,1.01,36.5806067,10.8620804,80.0,GOOD,True,2026-03-31 09:20:30.849553+00,2026-04-09 15:38:30.973313+00
century21:century21_81bf62316cc6,terrain,land,1650000.0,TND,Sidi Thabet,Cebalet Ben Ammar,Ariana,900.0,7.0,,36.8945542,10.0863269,,,False,2026-04-09 10:59:02.437445+00,2026-04-09 15:38:35.312843+00
century21:century21_82d0cde74c9a,appartement,apartment,900000.0,TND,Jardins de Carthage,Jardins de carthage,Tunis,170.0,3.0,,36.8524621,10.2964735,,,False,2026-04-09 11:33:08.849684+00,2026-04-09 15:38:34.87483+00
century21:century21_834d120ea15d,terrain,land,675000.0,TND,La Soukra,Chotrana 3,ARIANA,500.0,,1350.0,36.8844931,10.2554316,100.0,HIGH,False,2026-03-26 19:59:15.274817+00,2026-04-09 15:38:37.536247+00
century21:century21_8489febc2177,terrain,land,970000.0,TND,La Soukra,La Soukra,Ariana,230.0,3.0,,36.8791039,10.2656209,,,False,2026-04-06 19:06:12.295814+00,2026-04-09 15:38:34.002237+00
century21:century21_86942b73fbcf,appartement,apartment,370000.0,TND,Mnihla,Jardins d'El Menzah 2,Ariana,166.0,3.0,,36.8611961,10.1339164,,,False,2026-04-09 11:26:23.923943+00,2026-04-09 15:38:34.827402+00
century21:century21_87de32be35fe,appartement,apartment,310000.0,TND,El Menzah,El Menzah 9,Ariana,113.0,3.0,,36.84708,10.151694,,,False,2026-04-06 19:01:01.188086+00,2026-04-09 15:38:34.779023+00
century21:century21_88a20d51f82b,appartement,apartment,650000.0,TND,Jardins de Carthage,Jardins de carthage,Tunis,183.0,3.0,,36.8524621,10.2964735,,,False,2026-04-09 11:03:56.909896+00,2026-04-09 15:38:33.856893+00
century21:century21_8a292d382327,appartement,apartment,530000.0,TND,Ennasr,Cite Ennasr 2,ARIANA,193.0,3.0,2746.11,36.864679,10.160655,100.0,HIGH,False,2026-04-06 18:22:31.02578+00,2026-04-09 15:38:34.681675+00
century21:century21_8b582faccb74,appartement,apartment,535000.0,TND,Nabeul,Cité El Wafa AFH 2,Nabeul,144.0,3.0,,36.4420874,10.6944554,,,False,2026-04-09 11:31:59.635378+00,2026-04-09 15:38:35.11895+00
century21:century21_8c94c982120f,appartement,apartment,440000.0,TND,La Soukra,La Nouvelle Soukra,Ariana,110.0,2.0,,36.8645031,10.2721983,,,False,2026-04-09 11:22:43.295732+00,2026-04-09 15:38:36.78817+00
century21:century21_8ed31680d972,terrain,land,740000.0,TND,La Soukra,Chotrana 3,Ariana,676.0,,,36.8844931,10.2554316,,,False,2026-04-09 10:54:10.685383+00,2026-04-09 15:38:35.991223+00
century21:century21_8f341ed5e892,terrain,land,3000000.0,TND,La Soukra,La Soukra,Ariana,800.0,5.0,,36.8791039,10.2656209,,,False,2026-04-06 18:55:54.123161+00,2026-04-09 15:38:34.391042+00
century21:century21_90093f2b1bc6,appartement,apartment,350000.0,TND,Aouina,Cité Les Palmeraies,Tunis,96.0,2.0,,36.8598675,10.2649198,,,False,2026-04-09 11:03:14.473438+00,2026-04-09 15:38:36.642475+00
century21:century21_904e83b8948a,appartement,apartment,680000.0,TND,Gammarth,Gammarth Forêt,Tunis,197.0,3.0,,36.898385,10.300732,,,False,2026-04-09 11:34:30.786707+00,2026-04-09 15:38:37.030921+00
century21:century21_915ad19ef558,maison,villa,1800000.0,TND,Gammarth,Golden Tulipe,Tunis,161.0,3.0,,36.9173042,10.2852532,,,False,2026-04-09 10:53:48.970003+00,2026-04-09 15:38:37.273669+00
century21:century21_92e6ed659740,appartement,apartment,195000.0,TND,Ariana Ville,Cite Ennouzha,Ariana,130.0,3.0,,36.866939,10.191911,,,False,2026-04-09 11:33:57.420073+00,2026-04-09 15:38:34.293613+00
century21:century21_95273a01f9ee,terrain,land,1350000.0,TND,La Soukra,Chotrana 1,Ariana,295.0,4.0,,36.8862706,10.2185958,,,False,2026-04-09 11:07:32.145142+00,2026-04-09 15:38:34.196514+00
century21:century21_96acb2681314,appartement,apartment,790000.0,TND,Jardins de Carthage,Jardins de carthage,Tunis,183.0,3.0,,36.8524621,10.2964735,,,False,2026-04-06 19:01:40.526765+00,2026-04-09 15:38:35.996647+00
century21:century21_96d230cd3f3a,terrain,land,1200000.0,TND,El Menzah,Cité jardin,Tunis,390.0,4.0,,36.827095,10.18384,,,False,2026-04-09 11:09:20.67294+00,2026-04-09 15:38:36.447888+00
century21:century21_98a67292a7cd,appartement,apartment,235000.0,TND,Aouina,Cité Les Palmeraies,Tunis,100.0,2.0,,36.8598675,10.2649198,,,False,2026-04-09 10:57:43.485872+00,2026-04-09 15:38:33.361736+00
century21:century21_9a1bc93ebfc2,appartement,apartment,635000.0,TND,Ain Zaghouan,Ain Zaghouan Nord,Tunis,170.0,3.0,,36.8626346,10.2866556,,,False,2026-04-06 19:03:10.821799+00,2026-04-09 15:38:37.322698+00
century21:century21_9b5af356af02,appartement,apartment,340000.0,TND,Nabeul,Cité El Wafa AFH 2,Nabeul,94.0,2.0,,36.4420874,10.6944554,,,False,2026-04-09 11:27:46.692551+00,2026-04-09 15:38:34.43925+00
century21:century21_9bbc7470bfb3,appartement,apartment,385000.0,TND,Nabeul,Cité El Wafa AFH 2,Nabeul,107.0,2.0,,36.4420874,10.6944554,,,False,2026-04-09 11:26:53.308886+00,2026-04-09 15:38:37.594139+00
century21:century21_9c63963d046c,appartement,apartment,370000.0,TND,Nabeul,Cité El Wafa AFH 2,Nabeul,91.0,2.0,,36.4420874,10.6944554,,,False,2026-04-06 19:03:39.855461+00,2026-04-09 15:38:34.633391+00
century21:century21_9cceaf175769,terrain,land,400000.0,TND,Soliman,Cité Hotel des Andalous,Nabeul,142.0,3.0,,36.6966213,10.4930564,,,False,2026-04-09 11:06:21.482941+00,2026-04-09 15:38:33.953417+00
century21:century21_9d34722db65a,maison,villa,530000.0,TND,Jardins d'El Menzah,Jardins d'El Menzah 2,Ariana,274.0,2.0,,36.8611961,10.1339164,,,False,2026-04-09 11:29:07.435925+00,2026-04-09 15:38:37.895929+00
century21:century21_9d6f9eaf4122,maison,villa,850000.0,TND,Megrine,Sidi Rezig,Ben Arous,240.0,2.0,,36.7648258,10.2473948,,,False,2026-04-09 11:31:39.494285+00,2026-04-09 15:38:36.885642+00
century21:century21_9d724b6fc2dc,appartement,apartment,255000.0,TND,Ennasr,Cite Ennasr 2,Ariana,87.0,,,36.864679,10.160655,,,False,2026-04-09 11:02:49.550927+00,2026-04-09 15:38:37.224913+00
century21:century21_9ea4d1e31d61,maison,villa,420000.0,TND,Hammamet,Hammamet Sud,Nabeul,180.0,2.0,,36.4040068,10.5689948,,,False,2026-04-09 11:15:13.295064+00,2026-04-09 15:38:35.894487+00
century21:century21_a009a6e3ead9,appartement,apartment,475000.0,TND,Nabeul,Cité El Wafa AFH 2,NABEUL,104.0,2.0,4567.31,36.4420874,10.6944554,100.0,HIGH,False,2026-04-03 19:57:12.44127+00,2026-04-09 15:38:33.603584+00
century21:century21_a06a868f83c9,appartement,apartment,280000.0,TND,El Menzah,El Menzah 8,ARIANA,151.0,3.0,1854.3,36.856615,10.1717264,100.0,HIGH,False,2026-03-31 09:18:23.247074+00,2026-04-09 15:38:37.176882+00
century21:century21_a1a09a825273,appartement,apartment,350000.0,TND,Jardins de Carthage,Jardins de carthage,Tunis,70.0,,,36.8524621,10.2964735,,,False,2026-04-06 19:05:23.834457+00,2026-04-09 15:38:34.730447+00
century21:century21_a1c179145a7d,appartement,apartment,380000.0,TND,Mnihla,Jardins d'el Menzah 1,Ariana,180.0,3.0,,36.8447375,10.1395169,,,False,2026-04-09 11:09:49.498326+00,2026-04-09 15:38:34.147927+00
century21:century21_a31b48686fd2,terrain,land,1200000.0,TND,El Menzah,El Menzah 9,Ariana,599.0,8.0,,36.84708,10.151694,,,False,2026-04-06 18:58:30.882205+00,2026-04-09 15:38:33.459308+00
century21:century21_a4cd98821e4d,maison,villa,750000.0,TND,Ain Zaghouan,Ain Zaghouan,Tunis,150.0,3.0,,36.859234,10.277161,,,False,2026-04-09 11:23:02.421559+00,2026-04-09 15:38:37.486692+00
century21:century21_a5b93b9d14bf,appartement,apartment,838000.0,TND,Ain Zaghouan,Ain Zaghouan,TUNIS,138.0,2.0,6072.46,36.859234,10.277161,100.0,HIGH,False,2026-04-03 19:58:51.491972+00,2026-04-09 15:38:33.507602+00
century21:century21_ab6cd2a478c7,terrain,land,1400000.0,TND,El Menzah,El Menzah 6,ARIANA,400.0,6.0,3500.0,36.8491088,10.1661239,100.0,HIGH,False,2026-03-31 09:22:55.061939+00,2026-04-09 15:38:36.390414+00
century21:century21_ab82ea90c784,maison,villa,1450000.0,TND,La Soukra,La Soukra,Ariana,289.0,4.0,,36.8654419,10.2603873,,,False,2026-04-06 19:02:20.750772+00,2026-04-09 15:38:35.701377+00
century21:century21_ae400a4c8edd,appartement,apartment,300000.0,TND,Ain Zaghouan,Ain Zaghouan,Tunis,128.0,2.0,,36.859234,10.277161,,,False,2026-04-09 11:34:53.230087+00,2026-04-09 15:38:35.412971+00
century21:century21_af15de6e5bca,appartement,apartment,720000.0,TND,La Soukra,Chotrana 2,Ariana,184.0,3.0,,36.8885571,10.2318816,,,False,2026-04-09 11:04:07.796949+00,2026-04-09 15:38:34.050659+00
century21:century21_afb0b252cb12,maison,villa,850000.0,TND,La Soukra,Chotrana 2,ARIANA,226.0,3.0,3761.06,36.8885571,10.2318816,100.0,HIGH,False,2026-03-31 09:17:47.488007+00,2026-04-09 15:38:35.266196+00
century21:century21_afbba0d454ff,maison,villa,850000.0,TND,La Marsa,Cité des Juges 2,Tunis,130.0,3.0,,36.882768,10.3156812,,,False,2026-04-09 11:24:04.351076+00,2026-04-09 15:38:35.16675+00
century21:century21_b001da9cc091,terrain,land,1580000.0,TND,El Menzah,El Menzah 5,Ariana,200.0,5.0,,36.8483853,10.1745278,,,False,2026-04-09 11:04:37.807701+00,2026-04-09 15:38:39.574596+00
century21:century21_b09359734e9a,appartement,apartment,350000.0,TND,El Menzah,El Manar 1,TUNIS,104.0,3.0,3365.38,36.8391789,10.1577208,100.0,HIGH,False,2026-03-27 11:59:10.503041+00,2026-04-09 15:38:39.06099+00
century21:century21_b0eb189339f8,maison,villa,760000.0,TND,Nabeul,Cité mora,Nabeul,180.0,3.0,,36.4512893,10.7356634,,,False,2026-04-09 11:27:03.334617+00,2026-04-09 15:38:38.730802+00
century21:century21_b193ec1b84d6,maison,villa,1150000.0,TND,La Marsa,Cité El Khalil,TUNIS,320.0,3.0,3593.75,36.8900683,10.3032483,100.0,HIGH,False,2026-03-27 12:01:52.63615+00,2026-04-09 15:38:38.681535+00
century21:century21_b48f2079acdb,appartement,apartment,650000.0,TND,Ennasr,Cite Ennasr 2,Ariana,198.0,3.0,,36.864679,10.160655,,,False,2026-04-09 11:18:19.895881+00,2026-04-09 15:38:42.40179+00
century21:century21_b5c0f1ddb8d2,terrain,land,2400000.0,TND,La Marsa,Route du Relais,Tunis,450.0,4.0,,36.8891165,10.3222671,,,False,2026-04-09 11:03:47.277123+00,2026-04-09 15:38:38.33204+00
century21:century21_b6f8fced0fd5,terrain,land,446500.0,TND,Menzel Temime,Lebna,Nabeul,1786.0,,,36.7822911,10.9863525,,,False,2026-04-09 11:33:18.6973+00,2026-04-09 15:38:40.532345+00
century21:century21_b72f877d814c,appartement,apartment,480000.0,TND,Gammarth,Gammarth Forêt,Tunis,155.0,3.0,,36.898385,10.300732,,,False,2026-04-09 11:16:07.293561+00,2026-04-09 15:38:39.205871+00
century21:century21_b9da3a56c371,terrain,land,1000.0,TND,La Soukra,Chotrana 2,ARIANA,633.0,,1.58,36.8885571,10.2318816,80.0,GOOD,True,2026-03-27 11:33:58.644701+00,2026-04-09 15:38:40.358102+00
century21:century21_bb9e7d54a5c5,appartement,apartment,620000.0,TND,La Marsa,Route du Relais,Tunis,200.0,3.0,,36.8891165,10.3222671,,,False,2026-04-09 11:18:11.543757+00,2026-04-09 15:38:40.164909+00
century21:century21_bbd80e1c67a8,appartement,apartment,290000.0,TND,Nabeul,Cité El Wafa AFH 2,Nabeul,63.0,,,36.4420874,10.6944554,,,False,2026-04-09 11:12:26.868634+00,2026-04-09 15:38:42.159699+00
century21:century21_bd763bd2bef0,appartement,apartment,250000.0,TND,Aouina,Cité Les Palmeraies,Tunis,70.0,,,36.8598675,10.2649198,,,False,2026-04-09 11:15:47.00371+00,2026-04-09 15:38:40.008707+00
century21:century21_bd89dbaf14b8,maison,villa,1800000.0,TND,Jardins de Carthage,Jardins de carthage,Tunis,223.0,3.0,,36.8524621,10.2964735,,,False,2026-04-09 11:33:28.680285+00,2026-04-09 15:38:39.624069+00
century21:century21_bdc45546d4a9,maison,villa,1200000.0,TND,Korba,Korba Hached,Nabeul,416.0,5.0,,36.5806067,10.8620804,,,False,2026-04-06 19:04:12.223725+00,2026-04-09 15:38:39.369673+00
century21:century21_bf926b86995c,terrain,land,507200.0,TND,Mnihla,Jardins d'El Menzah 2,Ariana,317.0,,,36.8611961,10.1339164,,,False,2026-04-09 11:26:43.731663+00,2026-04-09 15:38:42.54857+00
century21:century21_bfef1c49c331,appartement,apartment,280000.0,TND,Aouina,Cité Les Palmeraies,Tunis,128.0,3.0,,36.8598675,10.2649198,,,False,2026-04-09 11:11:56.049959+00,2026-04-09 15:38:41.422849+00
century21:century21_c06ff58b0763,appartement,apartment,380000.0,TND,Hammamet,Hammamet Sud,Nabeul,89.0,2.0,,36.4040068,10.5689948,,,False,2026-04-09 10:55:28.81042+00,2026-04-09 15:38:40.364578+00
century21:century21_c0decbcc04c4,appartement,apartment,795000.0,TND,La Soukra,Chotrana 1,Ariana,286.0,3.0,,36.8862706,10.2185958,,,False,2026-04-09 10:54:01.174627+00,2026-04-09 15:38:40.41627+00
century21:century21_c0ecaf174a23,appartement,apartment,385000.0,TND,Ain Zaghouan,Ain Zaghouan Nord,Tunis,85.0,,,36.8626346,10.2866556,,,False,2026-04-06 19:03:20.421173+00,2026-04-09 15:38:40.11591+00
century21:century21_c1433851a314,appartement,apartment,1100000.0,TND,La Soukra,Chotrana 1,ARIANA,406.0,4.0,2709.36,36.8862706,10.2185958,90.0,HIGH,True,2026-03-31 09:18:55.830084+00,2026-04-09 15:38:38.849153+00
century21:century21_c346b130c69d,appartement,apartment,300000.0,TND,Aouina,Cité Les Palmeraies,Tunis,114.0,2.0,,36.8598675,10.2649198,,,False,2026-04-09 11:00:38.677957+00,2026-04-09 15:38:41.820853+00
century21:century21_c6474a5a2456,terrain,land,310000.0,TND,Nabeul,Cité El Wafa AFH 2,Nabeul,207.0,,,36.4420874,10.6944554,,,False,2026-04-09 11:30:08.474271+00,2026-04-09 15:38:38.83734+00
century21:century21_c7841bfe5cda,maison,villa,620000.0,TND,Ain Zaghouan,Ain Zaghouan Nord,Tunis,140.0,2.0,,36.8626346,10.2866556,,,False,2026-04-06 18:53:23.678288+00,2026-04-09 15:38:40.882309+00
century21:century21_c82cde1ea907,terrain,land,45.0,TND,Kalaa Essghira,Kalaa Essghira,Sousse,6800.0,,,35.8217563,10.5605541,,,False,2026-04-09 11:21:27.743129+00,2026-04-09 15:38:40.929971+00
century21:century21_ca5fa10c92e9,appartement,apartment,720000.0,TND,Jardins De Carthage,Jardins de carthage,TUNIS,200.0,3.0,3600.0,36.8524621,10.2964735,100.0,HIGH,False,2026-04-03 19:57:48.447639+00,2026-04-09 15:38:41.627711+00
century21:century21_cca3d6a69383,appartement,apartment,370000.0,TND,Ain Zaghouan,Ain zaghouan sud,Tunis,124.0,2.0,,36.86044,10.277262,,,False,2026-04-09 10:59:55.132093+00,2026-04-09 15:38:41.580086+00
century21:century21_cd93db8d518d,appartement,apartment,550000.0,TND,La Soukra,Dar Fadhal,ARIANA,142.0,2.0,3873.24,36.8679869,10.2403858,100.0,HIGH,False,2026-03-26 19:58:39.001873+00,2026-04-09 15:38:40.98821+00
century21:century21_cdeb60875dd1,appartement,apartment,450000.0,TND,Cité Mahrajène,Notre Dame,Tunis,168.0,3.0,,36.832989,10.16319,,,False,2026-04-09 11:11:03.304869+00,2026-04-09 15:38:41.326536+00
century21:century21_ce552746b95c,maison,villa,2000000.0,TND,El Menzah,El Menzah 1,Tunis,300.0,4.0,,36.8396719,10.1829325,,,False,2026-04-09 11:10:41.973052+00,2026-04-09 15:38:41.471401+00
century21:century21_d02abd4d8288,appartement,apartment,330000.0,TND,Cite El Khadra,Centre urbain nord,Tunis,100.0,2.0,,36.8491156,10.196942,,,False,2026-04-09 11:10:53.720781+00,2026-04-09 15:38:38.585062+00
century21:century21_d189a1535ad2,appartement,apartment,1300000.0,TND,Les berges du Lac,Les berges du Lac 2,Tunis,185.0,3.0,,36.8472959,10.2744566,,,False,2026-04-09 11:03:36.722726+00,2026-04-09 15:38:42.305746+00
century21:century21_d270a2e827e9,terrain,land,315000.0,TND,Ennasr,Cite Ennasr 2,Ariana,700.0,,,36.864679,10.160655,,,False,2026-04-06 18:53:57.89865+00,2026-04-09 15:38:38.905316+00
century21:century21_d354ff33b994,appartement,apartment,330000.0,TND,Ain Zaghouan,Ain Zaghouan,Tunis,120.0,2.0,,36.859234,10.277161,,,False,2026-04-09 11:00:49.281164+00,2026-04-09 15:38:39.914103+00
century21:century21_d635b16cce35,appartement,apartment,395000.0,TND,Ain Zaghouan,Ain Zaghouan,TUNIS,140.0,2.0,2821.43,36.859234,10.277161,100.0,HIGH,False,2026-04-03 19:56:57.637487+00,2026-04-09 15:38:41.520916+00
century21:century21_d66e9462eb06,maison,villa,520000.0,TND,Beni Khiar,Béni khiar plage,NABEUL,330.0,5.0,1575.76,36.451221,10.7785374,100.0,HIGH,False,2026-03-31 09:21:44.3061+00,2026-04-09 15:38:39.255219+00
century21:century21_d699f484a5b5,appartement,apartment,720000.0,TND,La Soukra,Chotrana 2,ARIANA,178.0,3.0,4044.94,36.8885571,10.2318816,100.0,HIGH,False,2026-03-31 09:19:27.990477+00,2026-04-09 15:38:40.068152+00
century21:century21_d6c48fc8e491,appartement,apartment,315000.0,TND,La Soukra,La Soukra,Ariana,77.0,,,36.8791039,10.2656209,,,False,2026-04-06 19:03:30.821114+00,2026-04-09 15:38:42.498411+00
century21:century21_d7af84ba82b0,appartement,apartment,680000.0,TND,Nabeul,Cité El Wafa AFH 2,Nabeul,178.0,3.0,,36.4420874,10.6944554,,,False,2026-04-06 19:00:31.39562+00,2026-04-09 15:38:39.478031+00
century21:century21_d7dd31824e1a,terrain,land,1500000.0,TND,La Soukra,La Soukra,Ariana,350.0,3.0,,36.8791039,10.2656209,,,False,2026-04-06 19:01:10.562599+00,2026-04-09 15:38:39.156654+00
century21:century21_d94b092f37ed,terrain,land,1500000.0,TND,Ennasr,Cite Ennasr 2,Ariana,575.0,6.0,,36.864679,10.160655,,,False,2026-04-09 11:04:48.761488+00,2026-04-09 15:38:41.182125+00
century21:century21_d996c5e1e837,appartement,apartment,410000.0,TND,Nabeul,Cité El Wafa AFH 2,Nabeul,100.0,2.0,,36.4420874,10.6944554,,,False,2026-04-09 11:15:36.63104+00,2026-04-09 15:38:41.230841+00
century21:century21_dc0c7c392e3c,terrain,land,45.0,TND,Kalaa Essghira,Kalaa Essghira,Sousse,3430.0,,,35.8217563,10.5605541,,,False,2026-04-09 11:21:46.155973+00,2026-04-09 15:38:46.192207+00
century21:century21_de42e2c2f37f,terrain,land,1250000.0,TND,El Menzah,El Menzah 7,Ariana,300.0,4.0,,36.8524946,10.1577208,,,False,2026-04-09 11:15:24.870502+00,2026-04-09 15:38:45.990049+00
century21:century21_e3276bb58790,appartement,apartment,630000.0,TND,Jardins de Carthage,Jardins de carthage,Tunis,150.0,2.0,,36.8524621,10.2964735,,,False,2026-04-09 11:08:57.32822+00,2026-04-09 15:38:44.125801+00
century21:century21_e5b823de522f,terrain,land,2050000.0,TND,La Marsa,Route du Relais,Tunis,450.0,7.0,,36.8891165,10.3222671,,,False,2026-04-09 11:28:29.057977+00,2026-04-09 15:38:43.031202+00
century21:century21_e5d010f4154f,appartement,apartment,350000.0,TND,Nabeul,Cité El Wafa AFH 2,Nabeul,104.0,2.0,,36.4420874,10.6944554,,,False,2026-04-06 18:54:16.51478+00,2026-04-09 15:38:46.042635+00
century21:century21_e5d94885825e,appartement,apartment,230000.0,TND,Aouina,Cité Les Palmeraies,Tunis,55.0,,,36.8598675,10.2649198,,,False,2026-04-09 11:00:17.302623+00,2026-04-09 15:38:45.887657+00
century21:century21_e6c219155011,appartement,apartment,265000.0,TND,Nabeul,Cité El Wafa AFH 2,Nabeul,64.0,,,36.4420874,10.6944554,,,False,2026-04-09 11:20:22.159277+00,2026-04-09 15:38:45.587436+00
century21:century21_ec2eaed7327d,maison,villa,225000.0,TND,Nabeul,AFH1,Nabeul,86.0,2.0,,36.4512893,10.7356634,,,False,2026-04-06 18:52:27.723289+00,2026-04-09 15:38:43.825474+00
century21:century21_eca19f1958e3,terrain,land,375000.0,TND,Hammamet,Hammamet Nord,Nabeul,750.0,,,36.4252308,10.6309169,,,False,2026-04-09 11:26:03.804744+00,2026-04-09 15:38:46.546549+00
century21:century21_eeb35d57da96,terrain,land,335000.0,TND,La Soukra,Chotrana 3,Ariana,394.0,,,36.8844931,10.2554316,,,False,2026-04-06 19:04:01.248235+00,2026-04-09 15:38:43.41889+00
century21:century21_f20c4c7342bc,maison,villa,1100000.0,TND,La Soukra,Chotrana 3,Ariana,300.0,3.0,,36.8844931,10.2554316,,,False,2026-04-06 19:02:52.085128+00,2026-04-09 15:38:45.326744+00
century21:century21_f26c77d6cb87,maison,villa,1580000.0,TND,Gammarth,Golden Tulipe,TUNIS,155.0,3.0,10193.55,36.9173042,10.2852532,90.0,HIGH,True,2026-03-31 09:20:57.515294+00,2026-04-09 15:38:46.653632+00
century21:century21_f3163877fa3b,terrain,land,1550000.0,TND,El Menzah,El Manar 2,Tunis,400.0,6.0,,36.8391789,10.1577208,,,False,2026-04-06 18:52:50.551134+00,2026-04-09 15:38:42.903927+00
century21:century21_f33bd8ade83f,appartement,apartment,325000.0,TND,La Marsa,Marsa Stade,Tunis,50.0,,,36.874035,10.318656,,,False,2026-04-09 11:23:35.382956+00,2026-04-09 15:38:44.581528+00
century21:century21_f3fcc5331e9d,maison,villa,800000.0,TND,El Menzah,El Menzah 9,Tunis,241.0,3.0,,36.84708,10.151694,,,False,2026-04-09 11:07:11.221236+00,2026-04-09 15:38:44.532264+00
century21:century21_f521ab4e9e21,appartement,apartment,230000.0,TND,Cite El Khadra,Cité El Khadra,Tunis,134.0,3.0,,36.8304736,10.196942,,,False,2026-04-09 11:14:06.017175+00,2026-04-09 15:38:46.700547+00
century21:century21_f70dffb8e157,terrain,land,1500.0,TND,La Soukra,Chotrana 3,Ariana,419.0,,,36.8844931,10.2554316,,,False,2026-04-09 11:32:21.567974+00,2026-04-09 15:38:44.677641+00
century21:century21_f755abe65a02,maison,villa,1100000.0,TND,La Soukra,Sidi Frej,Ariana,450.0,4.0,,36.8737239,10.2650253,,,False,2026-04-06 19:00:01.024054+00,2026-04-09 15:38:45.270415+00
century21:century21_f77de57bee4f,maison,villa,2500000.0,TND,Gammarth,Gammarth Sup,Tunis,320.0,4.0,,36.8923669,10.3119038,,,False,2026-04-06 18:52:38.995306+00,2026-04-09 15:38:44.435841+00
century21:century21_f9dee0ee3ac8,maison,villa,1400000.0,TND,Ennasr,Cite Ennasr 2,Ariana,450.0,6.0,,36.864679,10.160655,,,False,2026-04-09 11:14:35.686715+00,2026-04-09 15:38:45.936588+00
century21:century21_fa23a476f621,appartement,apartment,690000.0,TND,Les berges du Lac,Les berges du Lac 2,Tunis,14.0,3.0,,36.8472959,10.2744566,,,False,2026-04-09 11:01:53.698806+00,2026-04-09 15:38:42.708035+00
century21:century21_fb379b24c81d,appartement,apartment,460000.0,TND,La Soukra,Chotrana 1,Ariana,128.0,2.0,,36.8862706,10.2185958,,,False,2026-04-06 18:53:14.855431+00,2026-04-09 15:38:45.68682+00
century21:century21_fc7f9af2fe34,appartement,apartment,2100000.0,TND,Les berges du Lac,Les berges du Lac 2,Tunis,300.0,4.0,,36.8472959,10.2744566,,,False,2026-04-06 18:52:05.760894+00,2026-04-09 15:38:43.525563+00
century21:century21_ffd642e8de7d,maison,villa,4000000.0,TND,Gammarth,Gammarth Touristique,TUNIS,100.0,2.0,40000.0,36.9173042,10.2852532,90.0,HIGH,True,2026-03-31 09:20:06.70753+00,2026-04-09 15:38:46.396459+00
darcom:darcom_130422,terrain,land,,TND,Gammarthtunis,,TUNIS,1086.0,,,33.8439408,9.400138,50.0,LOW,False,2026-03-27 13:45:02.61513+00,2026-04-09 15:38:45.201156+00
darcom:darcom_130423,terrain,land,1100.0,TND,Le Kram,,TUNIS,270.0,,4.07,33.8439408,9.400138,75.0,GOOD,True,2026-03-27 13:44:50.835532+00,2026-04-09 15:38:43.969257+00
darcom:darcom_130676,terrain,land,,TND,Ariana,Ariana Ville,ARIANA,776.0,,,36.866011,10.193923,50.0,LOW,False,2026-04-06 08:43:38.372171+00,2026-04-09 15:38:43.176525+00
darcom:darcom_130681,terrain,land,,TND,Ariana,Ariana Ville,ARIANA,993.0,,,36.866011,10.193923,50.0,LOW,False,2026-04-06 08:43:22.61824+00,2026-04-09 15:38:44.290414+00
darcom:darcom_40201,terrain,land,560000.0,TND,Ariana,Ariana Ville,ARIANA,808.0,,693.07,36.866011,10.193923,95.0,HIGH,False,2026-04-06 08:43:08.524604+00,2026-04-09 15:38:44.238424+00
darcom:darcom_47067,terrain,land,680.0,TND,Ariana,Ariana Ville,ARIANA,808.0,,0.84,36.866011,10.193923,75.0,GOOD,True,2026-04-06 08:42:51.785521+00,2026-04-09 15:38:42.653312+00
darcom:darcom_66895,terrain,land,1250.0,TND,Ariana,Ariana Ville,ARIANA,3697.0,,0.34,36.866011,10.193923,75.0,GOOD,True,2026-04-06 08:42:34.870827+00,2026-04-09 15:38:45.093142+00
darcom:darcom_76700,terrain,land,720.0,TND,Ariana,Ariana Ville,ARIANA,1354.0,,0.53,36.866011,10.193923,75.0,GOOD,True,2026-04-06 08:42:19.905333+00,2026-04-09 15:38:46.091438+00
ffc91f5b-c5e7-42f9-b18d-65d5cf7f5b82,appartement,apartment,200000.0,TND,Sousse,,,500.0,3.0,400.0,36.59158817910076,10.505138298288578,50.0,GOOD,False,2026-04-15 15:05:56.602892+00,2026-04-15 15:05:56.602892+00
mubawab:mubawab_7120194,maison,villa,,TND,,,,990.0,8.0,,33.8439408,9.400138,25.0,LOW,False,2026-03-29 06:05:50.699482+00,2026-04-09 15:38:44.185381+00
mubawab:mubawab_7670672,appartement,apartment,,TND,El Kantaoui,Sidi El Heni,SOUSSE,,3.0,,35.6756,10.3106,40.0,LOW,False,2026-03-29 05:33:56.864958+00,2026-04-09 15:38:49.653337+00
mubawab:mubawab_7731750,appartement,apartment,,TND,,Jebel Jelloud,TUNIS,175.0,4.0,,36.7667,10.1833,35.0,LOW,False,2026-04-06 08:56:36.249612+00,2026-04-09 15:38:48.908559+00
mubawab:mubawab_7793714,maison,villa,,TND,,,,909.0,20.0,,33.8439408,9.400138,25.0,LOW,False,2026-03-27 12:47:58.103238+00,2026-04-09 15:38:49.408735+00
mubawab:mubawab_7811154,maison,villa,,TND,,,,391.0,7.0,,33.8439408,9.400138,25.0,LOW,False,2026-03-29 09:03:08.88073+00,2026-04-09 15:38:48.528516+00
mubawab:mubawab_7828788,terrain,land,,TND,,,,1631.0,,,33.8439408,9.400138,15.0,DROP,False,2026-03-27 12:50:26.421915+00,2026-04-09 15:38:47.562767+00
mubawab:mubawab_7830273,maison,villa,,TND,,,,241.0,12.0,,33.8439408,9.400138,25.0,LOW,False,2026-03-29 09:02:40.118113+00,2026-04-09 15:38:49.856855+00
mubawab:mubawab_7846475,maison,villa,,TND,,,,292.0,10.0,,33.8439408,9.400138,25.0,LOW,False,2026-03-27 08:14:00.065419+00,2026-04-09 15:38:49.702001+00
mubawab:mubawab_7901510,maison,villa,,TND,,,,550.0,11.0,,33.8439408,9.400138,25.0,LOW,False,2026-03-29 06:04:21.654043+00,2026-04-09 15:38:50.001952+00
mubawab:mubawab_7901519,maison,villa,,TND,,Jebel Jelloud,TUNIS,600.0,5.0,,36.7667,10.1833,45.0,LOW,False,2026-03-29 09:03:42.516063+00,2026-04-09 15:38:50.679937+00
mubawab:mubawab_7901634,appartement,apartment,,TND,,Jebel Jelloud,TUNIS,195.0,2.0,,36.7667,10.1833,30.0,LOW,False,2026-04-06 08:56:47.382654+00,2026-04-09 15:38:48.627431+00
mubawab:mubawab_7925569,maison,villa,,TND,,,,500.0,3.0,,33.8439408,9.400138,25.0,LOW,False,2026-03-29 06:02:42.688281+00,2026-04-09 15:38:48.523547+00
mubawab:mubawab_7936878,terrain,land,,TND,,,,117.0,,,33.8439408,9.400138,15.0,DROP,False,2026-03-27 12:52:00.805072+00,2026-04-09 15:38:50.264125+00
mubawab:mubawab_7942062,terrain,land,,TND,,,,159.0,,,33.8439408,9.400138,15.0,DROP,False,2026-03-27 12:50:31.577324+00,2026-04-09 15:38:46.797323+00
mubawab:mubawab_7951202,appartement,apartment,,TND,,Ariana Ville,ARIANA,100.0,2.0,,36.866011,10.193923,45.0,LOW,False,2026-03-29 05:36:38.161512+00,2026-04-09 15:38:47.736608+00
mubawab:mubawab_7966175,appartement,apartment,,TND,,,,90.0,1.0,,33.8439408,9.400138,15.0,DROP,False,2026-04-06 09:02:02.269853+00,2026-04-09 15:38:47.634956+00
mubawab:mubawab_7966179,maison,villa,,TND,,,,189.0,,,33.8439408,9.400138,15.0,DROP,False,2026-03-29 05:53:35.391978+00,2026-04-09 15:38:49.305832+00
mubawab:mubawab_7976802,terrain,land,,TND,,Jebel Jelloud,TUNIS,664.0,,,36.7667,10.1833,35.0,LOW,False,2026-03-27 12:52:07.408145+00,2026-04-09 15:38:49.353285+00
mubawab:mubawab_7981263,terrain,land,,TND,,Jebel Jelloud,TUNIS,148.0,,,36.7667,10.1833,35.0,LOW,False,2026-03-27 12:50:47.167703+00,2026-04-09 15:38:46.895255+00
mubawab:mubawab_7996452,maison,villa,,TND,,,,200.0,12.0,,33.8439408,9.400138,25.0,LOW,False,2026-03-27 12:47:54.017595+00,2026-04-09 15:38:48.206303+00
mubawab:mubawab_8011728,maison,villa,,TND,,,,780.0,14.0,,33.8439408,9.400138,25.0,LOW,False,2026-03-29 09:03:13.414414+00,2026-04-09 15:38:48.857057+00
mubawab:mubawab_8021942,maison,villa,,TND,,,,400.0,5.0,,33.8439408,9.400138,25.0,LOW,False,2026-03-27 12:48:02.913291+00,2026-04-09 15:38:49.257329+00
mubawab:mubawab_8025531,appartement,apartment,,TND,,Jebel Jelloud,TUNIS,131.0,2.0,,36.7667,10.1833,45.0,LOW,False,2026-03-29 05:34:13.142731+00,2026-04-09 15:38:46.943091+00
mubawab:mubawab_8029899,maison,villa,,TND,,Jebel Jelloud,TUNIS,600.0,3.0,,36.7667,10.1833,45.0,LOW,False,2026-03-29 09:03:25.131301+00,2026-04-09 15:38:48.26973+00
mubawab:mubawab_8034639,appartement,apartment,,TND,,,,120.0,1.0,,33.8439408,9.400138,15.0,DROP,False,2026-04-06 08:58:40.26511+00,2026-04-09 15:38:48.801753+00
mubawab:mubawab_8034640,appartement,apartment,,TND,,,,120.0,1.0,,33.8439408,9.400138,25.0,LOW,False,2026-03-29 05:51:06.786863+00,2026-04-09 15:38:46.991579+00
mubawab:mubawab_8035205,appartement,apartment,,TND,,Jebel Jelloud,TUNIS,81.0,1.0,,36.7667,10.1833,35.0,LOW,False,2026-04-06 09:01:20.243066+00,2026-04-09 15:38:49.149849+00
mubawab:mubawab_8035208,appartement,apartment,,TND,,Jebel Jelloud,TUNIS,90.0,1.0,,36.7667,10.1833,30.0,LOW,False,2026-04-06 09:01:00.556296+00,2026-04-09 15:38:49.807991+00
mubawab:mubawab_8035209,appartement,apartment,,TND,,,,81.0,1.0,,33.8439408,9.400138,25.0,LOW,False,2026-04-06 09:01:30.372329+00,2026-04-09 15:38:49.103702+00
mubawab:mubawab_8035210,appartement,apartment,,TND,,,,118.0,1.0,,33.8439408,9.400138,25.0,LOW,False,2026-03-29 05:50:21.573654+00,2026-04-09 15:38:49.508761+00
mubawab:mubawab_8035987,appartement,apartment,,TND,,,,78.0,13.0,,33.8439408,9.400138,15.0,DROP,False,2026-04-06 08:58:33.124848+00,2026-04-09 15:38:50.631912+00
mubawab:mubawab_8042065,appartement,apartment,,TND,,,,152.0,6.0,,33.8439408,9.400138,25.0,LOW,False,2026-03-27 05:40:39.030913+00,2026-04-09 15:38:47.415922+00
mubawab:mubawab_8043789,appartement,apartment,,TND,,Jebel Jelloud,TUNIS,120.0,2.0,,36.7667,10.1833,35.0,LOW,False,2026-04-06 08:56:19.337632+00,2026-04-09 15:38:48.046801+00
mubawab:mubawab_8047871,appartement,apartment,,TND,,,,288.0,7.0,,33.8439408,9.400138,15.0,DROP,False,2026-04-06 08:59:52.565036+00,2026-04-09 15:38:47.993749+00
mubawab:mubawab_8053642,appartement,apartment,,TND,,,,123.0,,,33.8439408,9.400138,5.0,DROP,False,2026-04-06 08:56:28.873057+00,2026-04-09 15:38:48.956701+00
mubawab:mubawab_8078124,maison,villa,,TND,,Jebel Jelloud,TUNIS,200.0,3.0,,36.7667,10.1833,45.0,LOW,False,2026-03-27 12:47:01.71125+00,2026-04-09 15:38:48.318126+00
mubawab:mubawab_8078453,appartement,apartment,,TND,,Jebel Jelloud,TUNIS,62.0,2.0,,36.7667,10.1833,35.0,LOW,False,2026-04-06 08:57:50.286081+00,2026-04-09 15:38:48.472442+00
mubawab:mubawab_8087122,maison,villa,,TND,,,,270.0,,,33.8439408,9.400138,15.0,DROP,False,2026-03-29 05:58:02.195201+00,2026-04-09 15:38:47.68867+00
mubawab:mubawab_8097608,terrain,land,,TND,,,,4000.0,,,33.8439408,9.400138,15.0,DROP,False,2026-03-27 12:51:32.193889+00,2026-04-09 15:38:49.759994+00
mubawab:mubawab_8100525,maison,villa,,TND,,,,300.0,3.0,,33.8439408,9.400138,25.0,LOW,False,2026-03-29 09:02:59.1338+00,2026-04-09 15:38:48.72976+00
mubawab:mubawab_8102336,appartement,apartment,,TND,,,,140.0,3.0,,33.8439408,9.400138,25.0,LOW,False,2026-03-29 05:47:06.23045+00,2026-04-09 15:38:47.039722+00
mubawab:mubawab_8106603,terrain,land,,TND,,,,2900.0,,,33.8439408,9.400138,15.0,DROP,False,2026-03-27 12:52:49.654725+00,2026-04-09 15:38:50.207562+00
mubawab:mubawab_8114014,maison,villa,,TND,,,,600.0,3.0,,33.8439408,9.400138,25.0,LOW,False,2026-03-27 12:49:06.611487+00,2026-04-09 15:38:50.72765+00
mubawab:mubawab_8114326,maison,villa,,TND,,,,312.0,5.0,,33.8439408,9.400138,25.0,LOW,False,2026-03-29 05:57:02.269675+00,2026-04-09 15:38:49.706593+00
mubawab:mubawab_8120904,maison,villa,,TND,,,,400.0,13.0,,33.8439408,9.400138,25.0,LOW,False,2026-03-27 12:47:35.577533+00,2026-04-09 15:38:49.606064+00
mubawab:mubawab_8124657,appartement,apartment,,TND,,,,40.5,4.0,,33.8439408,9.400138,25.0,LOW,False,2026-03-29 05:39:12.247086+00,2026-04-09 15:38:47.940705+00
mubawab:mubawab_8127940,appartement,apartment,,TND,,,,,4.0,,33.8439408,9.400138,10.0,DROP,False,2026-03-27 05:39:50.499674+00,2026-04-09 15:38:47.044851+00
mubawab:mubawab_8127986,terrain,land,,TND,,,,500.0,,,33.8439408,9.400138,15.0,DROP,False,2026-03-27 12:50:56.684016+00,2026-04-09 15:38:47.786088+00
mubawab:mubawab_8130938,appartement,apartment,,TND,,Jebel Jelloud,TUNIS,102.0,3.0,,36.7667,10.1833,40.0,LOW,False,2026-03-29 05:40:41.641358+00,2026-04-09 15:38:50.311199+00
mubawab:mubawab_8130939,appartement,apartment,,TND,,Jebel Jelloud,TUNIS,130.0,1.0,,36.7667,10.1833,45.0,LOW,False,2026-04-06 08:59:41.139115+00,2026-04-09 15:38:47.514827+00
mubawab:mubawab_8130955,maison,villa,,TND,,,,360.0,9.0,,33.8439408,9.400138,25.0,LOW,False,2026-03-27 12:49:43.244991+00,2026-04-09 15:38:50.466163+00
mubawab:mubawab_8134846,terrain,land,,TND,,,,250.0,,,33.8439408,9.400138,15.0,DROP,False,2026-03-27 12:51:40.916335+00,2026-04-09 15:38:50.408259+00
mubawab:mubawab_8149121,maison,villa,,TND,,,,1975.0,4.0,,33.8439408,9.400138,25.0,LOW,False,2026-03-27 08:14:12.296139+00,2026-04-09 15:38:51.424488+00
mubawab:mubawab_8155025,maison,villa,,TND,,,,116.0,6.0,,33.8439408,9.400138,25.0,LOW,False,2026-03-27 08:56:51.969893+00,2026-04-09 15:38:52.625636+00
mubawab:mubawab_8161889,maison,villa,,TND,,,,367.0,20.0,,33.8439408,9.400138,25.0,LOW,False,2026-03-29 05:52:50.983495+00,2026-04-09 15:38:51.124504+00
mubawab:mubawab_8163675,maison,villa,,TND,,,,300.0,9.0,,,,15.0,DROP,False,2026-03-29 06:50:30.546942+00,2026-04-09 15:38:52.829026+00
mubawab:mubawab_8164140,terrain,land,,TND,,,,1004.0,1.0,,33.8439408,9.400138,25.0,LOW,False,2026-03-27 12:49:53.494567+00,2026-04-09 15:38:52.21888+00
mubawab:mubawab_8164224,terrain,land,,TND,,,,622.0,1.0,,33.8439408,9.400138,25.0,LOW,False,2026-03-26 16:37:53.372716+00,2026-04-09 15:38:53.321375+00
mubawab:mubawab_8164228,terrain,land,,TND,,Jebel Jelloud,TUNIS,900.0,,,36.7667,10.1833,35.0,LOW,False,2026-03-27 12:50:37.537102+00,2026-04-09 15:38:53.985677+00
mubawab:mubawab_8167149,appartement,apartment,,TND,,,,580.0,7.0,,33.8439408,9.400138,15.0,DROP,False,2026-04-06 09:02:26.620901+00,2026-04-09 15:38:52.427125+00
mubawab:mubawab_8167245,appartement,apartment,,TND,,,,100.0,16.0,,33.8439408,9.400138,25.0,LOW,False,2026-03-29 05:43:57.212785+00,2026-04-09 15:38:50.834975+00
mubawab:mubawab_8169129,appartement,apartment,,TND,,Ariana Ville,ARIANA,,3.0,,36.866011,10.193923,20.0,DROP,False,2026-04-06 08:57:11.148863+00,2026-04-09 15:38:53.119081+00
mubawab:mubawab_8169406,appartement,apartment,,TND,,,,175.0,7.0,,33.8439408,9.400138,15.0,DROP,False,2026-04-06 09:00:14.380759+00,2026-04-09 15:38:51.173039+00
mubawab:mubawab_8171622,maison,villa,,TND,,,,196.0,18.0,,33.8439408,9.400138,25.0,LOW,False,2026-03-29 06:05:05.811775+00,2026-04-09 15:38:51.429102+00
mubawab:mubawab_8176158,appartement,apartment,,TND,,Jebel Jelloud,TUNIS,230.0,6.0,,36.7667,10.1833,35.0,LOW,False,2026-04-06 09:00:04.332421+00,2026-04-09 15:38:51.952491+00
mubawab:mubawab_8183364,appartement,apartment,,TND,,,,80.0,5.0,,33.8439408,9.400138,15.0,DROP,False,2026-04-06 08:57:43.476115+00,2026-04-09 15:38:53.786771+00
mubawab:mubawab_8185172,appartement,apartment,,TND,,,,120.0,2.0,,33.8439408,9.400138,25.0,LOW,False,2026-03-27 05:38:51.535852+00,2026-04-09 15:38:53.467021+00
mubawab:mubawab_8189013,terrain,land,,TND,,,,3634.0,,,33.8439408,9.400138,15.0,DROP,False,2026-03-27 12:52:33.67019+00,2026-04-09 15:38:54.82261+00
mubawab:mubawab_8189506,appartement,apartment,,TND,,,,154.0,3.0,,33.8439408,9.400138,25.0,LOW,False,2026-03-27 05:40:06.055775+00,2026-04-09 15:38:52.062944+00
mubawab:mubawab_8194985,appartement,apartment,,TND,,,,105.0,4.0,,33.8439408,9.400138,25.0,LOW,False,2026-03-27 05:40:48.499978+00,2026-04-09 15:38:50.932357+00
mubawab:mubawab_8198766,appartement,apartment,,TND,,Jebel Jelloud,TUNIS,156.0,4.0,,36.7667,10.1833,40.0,LOW,False,2026-03-27 05:38:56.26815+00,2026-04-09 15:38:54.230343+00
mubawab:mubawab_8210272,maison,villa,,TND,,Jebel Jelloud,TUNIS,400.0,4.0,,36.7667,10.1833,45.0,LOW,False,2026-03-27 12:46:51.567019+00,2026-04-09 15:38:51.328003+00
mubawab:mubawab_8211968,maison,villa,,TND,,,,254.0,6.0,,33.8439408,9.400138,25.0,LOW,False,2026-03-27 08:14:17.155977+00,2026-04-09 15:38:54.619537+00
mubawab:mubawab_8212588,maison,villa,,TND,,,,245.0,9.0,,33.8439408,9.400138,25.0,LOW,False,2026-03-27 08:58:30.9556+00,2026-04-09 15:38:53.882996+00
mubawab:mubawab_8214838,maison,villa,,TND,,,,214.0,,,33.8439408,9.400138,15.0,DROP,False,2026-03-27 08:57:53.36537+00,2026-04-09 15:38:51.482899+00
mubawab:mubawab_8217405,appartement,apartment,,TND,,,,145.0,9.0,,33.8439408,9.400138,25.0,LOW,False,2026-03-27 05:41:29.40921+00,2026-04-09 15:38:54.474038+00
mubawab:mubawab_8219101,maison,villa,,TND,,Jebel Jelloud,TUNIS,156.0,3.0,,36.7667,10.1833,45.0,LOW,False,2026-03-27 08:58:40.826524+00,2026-04-09 15:38:51.638104+00
mubawab:mubawab_8223097,maison,villa,,TND,,Jebel Jelloud,TUNIS,320.0,4.0,,36.7667,10.1833,45.0,LOW,False,2026-03-27 12:48:30.265539+00,2026-04-09 15:38:53.834923+00
mubawab:mubawab_8226515,maison,villa,,TND,,,,203.0,6.0,,33.8439408,9.400138,25.0,LOW,False,2026-03-27 08:56:01.819926+00,2026-04-09 15:38:52.270845+00
mubawab:mubawab_8227631,appartement,apartment,,TND,,Jebel Jelloud,TUNIS,85.0,3.0,,36.7667,10.1833,30.0,LOW,False,2026-04-06 08:58:01.259613+00,2026-04-09 15:38:52.576813+00
mubawab:mubawab_8234831,maison,villa,,TND,,,,500.0,19.0,,33.8439408,9.400138,25.0,LOW,False,2026-03-27 08:58:34.704456+00,2026-04-09 15:38:52.421854+00
mubawab:mubawab_8235414,appartement,apartment,,TND,Hammam Sousse,Hammam Sousse,SOUSSE,145.0,2.0,,35.8592,10.59,75.0,GOOD,False,2026-03-29 05:51:52.128239+00,2026-04-09 15:38:54.774879+00
mubawab:mubawab_8239703,terrain,land,,TND,,,,1277.0,,,33.8439408,9.400138,15.0,DROP,False,2026-03-27 12:50:09.020601+00,2026-04-09 15:38:53.5782+00
mubawab:mubawab_8240197,appartement,apartment,,TND,,,,117.0,15.0,,33.8439408,9.400138,25.0,LOW,False,2026-03-27 05:41:19.541204+00,2026-04-09 15:38:53.690034+00
mubawab:mubawab_8240198,appartement,apartment,,TND,,,,100.0,10.0,,33.8439408,9.400138,25.0,LOW,False,2026-03-27 05:41:24.038302+00,2026-04-09 15:38:51.786735+00
mubawab:mubawab_8240199,appartement,apartment,,TND,,,,90.0,3.0,,33.8439408,9.400138,25.0,LOW,False,2026-03-27 05:41:08.919466+00,2026-04-09 15:38:51.375999+00
mubawab:mubawab_8240435,terrain,land,,TND,,,,304.0,,,33.8439408,9.400138,15.0,DROP,False,2026-03-27 12:51:36.246489+00,2026-04-09 15:38:51.222292+00
mubawab:mubawab_8240827,maison,villa,,TND,,,,902.0,5.0,,33.8439408,9.400138,25.0,LOW,False,2026-03-27 08:56:56.433965+00,2026-04-09 15:38:52.9255+00
mubawab:mubawab_8241301,appartement,apartment,,TND,,,,150.0,12.0,,33.8439408,9.400138,25.0,LOW,False,2026-03-27 05:41:14.65285+00,2026-04-09 15:38:54.183544+00
mubawab:mubawab_8242179,terrain,land,,TND,,,,266.0,,,33.8439408,9.400138,15.0,DROP,False,2026-03-27 12:51:21.539413+00,2026-04-09 15:38:52.732277+00
mubawab:mubawab_8242807,maison,villa,,TND,,,,280.0,3.0,,33.8439408,9.400138,25.0,LOW,False,2026-03-29 09:03:18.789841+00,2026-04-09 15:38:53.635273+00
mubawab:mubawab_8244846,maison,villa,,TND,,,,300.0,10.0,,33.8439408,9.400138,25.0,LOW,False,2026-03-27 08:57:33.613114+00,2026-04-09 15:38:54.67803+00
mubawab:mubawab_8245872,maison,villa,,TND,,,,500.0,6.0,,33.8439408,9.400138,25.0,LOW,False,2026-03-27 12:47:43.43421+00,2026-04-09 15:38:51.077534+00
mubawab:mubawab_8246532,appartement,apartment,,TND,,Jebel Jelloud,TUNIS,113.0,3.0,,36.7667,10.1833,45.0,LOW,False,2026-04-06 08:58:15.115614+00,2026-04-09 15:38:54.424996+00
mubawab:mubawab_8246599,terrain,land,,TND,,Jebel Jelloud,TUNIS,514.0,,,36.7667,10.1833,35.0,LOW,False,2026-03-27 12:51:45.595694+00,2026-04-09 15:38:54.087071+00
mubawab:mubawab_8252989,appartement,apartment,,TND,,Jebel Jelloud,TUNIS,205.0,3.0,,36.7667,10.1833,35.0,LOW,False,2026-04-06 08:59:29.727116+00,2026-04-09 15:38:54.134769+00
mubawab:mubawab_8253811,appartement,apartment,,TND,,Jebel Jelloud,TUNIS,129.0,4.0,,36.7667,10.1833,40.0,LOW,False,2026-03-27 05:39:30.894095+00,2026-04-09 15:38:52.372604+00
mubawab:mubawab_8254026,appartement,apartment,,TND,,Jebel Jelloud,TUNIS,93.0,3.0,,36.7667,10.1833,35.0,LOW,False,2026-04-06 08:57:21.135734+00,2026-04-09 15:38:52.780582+00
mubawab:mubawab_8255178,appartement,apartment,,TND,,,,105.0,2.0,,33.8439408,9.400138,25.0,LOW,False,2026-03-29 05:40:55.159296+00,2026-04-09 15:38:52.324857+00
mubawab:mubawab_8257777,appartement,apartment,,TND,,,,158.0,10.0,,33.8439408,9.400138,25.0,LOW,False,2026-04-06 08:58:25.809187+00,2026-04-09 15:38:51.531654+00
mubawab:mubawab_8260592,maison,villa,,TND,,,,,,,33.8439408,9.400138,0.0,DROP,False,2026-03-29 05:54:19.766637+00,2026-04-09 15:38:54.521593+00
mubawab:mubawab_8261527,maison,villa,,TND,,,,607.0,5.0,,33.8439408,9.400138,25.0,LOW,False,2026-03-27 08:56:12.386592+00,2026-04-09 15:38:52.266845+00
mubawab:mubawab_8263584,terrain,land,,TND,,,,1000.0,2.0,,33.8439408,9.400138,25.0,LOW,False,2026-03-27 12:52:27.47148+00,2026-04-09 15:38:53.574056+00
mubawab:mubawab_8266226,maison,villa,,TND,,,,262.0,15.0,,33.8439408,9.400138,25.0,LOW,False,2026-03-27 12:47:30.908348+00,2026-04-09 15:38:53.583249+00
mubawab:mubawab_8266350,maison,villa,,TND,,,,200.0,5.0,,33.8439408,9.400138,25.0,LOW,False,2026-03-27 12:47:48.821661+00,2026-04-09 15:38:50.883146+00
mubawab:mubawab_8267307,maison,villa,,TND,,,,250.0,,,33.8439408,9.400138,15.0,DROP,False,2026-03-29 06:01:57.496961+00,2026-04-09 15:38:52.112468+00
mubawab:mubawab_8267431,maison,villa,,TND,,,,350.0,5.0,,33.8439408,9.400138,25.0,LOW,False,2026-03-27 12:49:28.631368+00,2026-04-09 15:38:52.681171+00
mubawab:mubawab_8268309,maison,villa,,TND,,,,117.0,1.0,,33.8439408,9.400138,25.0,LOW,False,2026-03-27 08:14:22.048984+00,2026-04-09 15:38:51.947487+00
mubawab:mubawab_8268829,maison,villa,,TND,,,,390.0,4.0,,33.8439408,9.400138,25.0,LOW,False,2026-03-29 06:00:18.536548+00,2026-04-09 15:38:55.818829+00
mubawab:mubawab_8269216,terrain,land,,TND,,,,360.0,,,33.8439408,9.400138,15.0,DROP,False,2026-03-27 12:51:16.337597+00,2026-04-09 15:38:57.610691+00
mubawab:mubawab_8269526,maison,villa,,TND,,Jebel Jelloud,TUNIS,915.0,3.0,,36.7667,10.1833,45.0,LOW,False,2026-03-29 06:01:02.294608+00,2026-04-09 15:38:57.513346+00
mubawab:mubawab_8270682,maison,villa,,TND,,,,500.0,8.0,,33.8439408,9.400138,25.0,LOW,False,2026-03-29 09:03:52.10394+00,2026-04-09 15:38:55.031301+00
mubawab:mubawab_8274100,maison,villa,,TND,,,,,12.0,,33.8439408,9.400138,10.0,DROP,False,2026-03-27 12:49:38.179708+00,2026-04-09 15:38:57.454961+00
mubawab:mubawab_8275424,appartement,apartment,,TND,,,,288.0,13.0,,33.8439408,9.400138,15.0,DROP,False,2026-04-06 09:01:14.168363+00,2026-04-09 15:38:55.441305+00
mubawab:mubawab_8276074,terrain,land,,TND,,,,,2.0,,33.8439408,9.400138,10.0,DROP,False,2026-03-27 12:52:22.571603+00,2026-04-09 15:38:56.071708+00
mubawab:mubawab_8276594,appartement,apartment,,TND,,,,112.0,1.0,,33.8439408,9.400138,25.0,LOW,False,2026-03-29 05:48:53.243054+00,2026-04-09 15:38:57.238283+00
mubawab:mubawab_8276629,maison,villa,,TND,,,,440.0,5.0,,33.8439408,9.400138,25.0,LOW,False,2026-03-27 08:55:57.229406+00,2026-04-09 15:38:55.926092+00
mubawab:mubawab_8276869,appartement,apartment,,TND,,,,201.5,20.0,,33.8439408,9.400138,25.0,LOW,False,2026-03-27 05:39:55.31861+00,2026-04-09 15:38:58.849835+00
mubawab:mubawab_8278029,appartement,apartment,,TND,,,,102.0,5.0,,33.8439408,9.400138,25.0,LOW,False,2026-03-29 05:42:26.562422+00,2026-04-09 15:38:55.617009+00
mubawab:mubawab_8278630,terrain,land,,TND,,,,1115.0,,,33.8439408,9.400138,15.0,DROP,False,2026-03-27 12:50:03.685772+00,2026-04-09 15:38:57.107083+00
mubawab:mubawab_8280475,terrain,land,,TND,,,,382.0,,,33.8439408,9.400138,15.0,DROP,False,2026-03-27 12:51:11.812296+00,2026-04-09 15:38:55.190779+00
mubawab:mubawab_8280515,terrain,land,,TND,,Jebel Jelloud,TUNIS,284.0,,,36.7667,10.1833,35.0,LOW,False,2026-03-27 12:51:02.308733+00,2026-04-09 15:38:55.296222+00
mubawab:mubawab_8281300,terrain,land,,TND,,,,840.0,,,33.8439408,9.400138,15.0,DROP,False,2026-03-27 12:52:17.814935+00,2026-04-09 15:38:58.258756+00
mubawab:mubawab_8281539,maison,villa,,TND,,,,538.0,8.0,,33.8439408,9.400138,25.0,LOW,False,2026-03-27 08:57:57.572444+00,2026-04-09 15:38:55.084875+00
mubawab:mubawab_8283549,appartement,apartment,,TND,,,,110.0,7.0,,33.8439408,9.400138,25.0,LOW,False,2026-03-29 05:35:08.779152+00,2026-04-09 15:38:56.023014+00
mubawab:mubawab_8283565,appartement,apartment,,TND,,,,39.0,4.0,,33.8439408,9.400138,25.0,LOW,False,2026-03-29 05:44:43.224601+00,2026-04-09 15:38:57.812641+00
mubawab:mubawab_8287385,maison,villa,,TND,,Jebel Jelloud,TUNIS,380.0,6.0,,36.7667,10.1833,45.0,LOW,False,2026-03-27 08:56:31.759639+00,2026-04-09 15:38:57.861906+00
mubawab:mubawab_8287747,maison,villa,,TND,,,,130.0,2.0,,33.8439408,9.400138,25.0,LOW,False,2026-03-27 08:56:16.811696+00,2026-04-09 15:38:54.87003+00
mubawab:mubawab_8287930,maison,villa,,TND,,,,480.0,3.0,,33.8439408,9.400138,25.0,LOW,False,2026-03-29 09:03:04.994187+00,2026-04-09 15:38:58.994219+00
mubawab:mubawab_8287932,appartement,apartment,,TND,,,,100.0,5.0,,33.8439408,9.400138,25.0,LOW,False,2026-03-27 05:41:33.734329+00,2026-04-09 15:38:58.655024+00
mubawab:mubawab_8287934,appartement,apartment,,TND,,,,95.0,4.0,,33.8439408,9.400138,25.0,LOW,False,2026-03-27 05:41:04.180511+00,2026-04-09 15:38:54.929146+00
mubawab:mubawab_8289614,appartement,apartment,,TND,,,,136.0,10.0,,33.8439408,9.400138,25.0,LOW,False,2026-03-29 05:39:57.69745+00,2026-04-09 15:38:57.910331+00
mubawab:mubawab_8291063,maison,villa,,TND,,Jebel Jelloud,TUNIS,300.0,4.0,,36.7667,10.1833,45.0,LOW,False,2026-03-29 05:57:47.483732+00,2026-04-09 15:38:58.363562+00
mubawab:mubawab_8292175,maison,villa,,TND,,,,550.0,6.0,,33.8439408,9.400138,25.0,LOW,False,2026-03-27 08:55:37.608028+00,2026-04-09 15:38:55.761104+00
mubawab:mubawab_8293135,maison,villa,,TND,,,,300.0,,,33.8439408,9.400138,15.0,DROP,False,2026-03-29 06:01:12.325794+00,2026-04-09 15:38:56.419235+00
mubawab:mubawab_8293337,terrain,land,,TND,,Jebel Jelloud,TUNIS,508.0,,,36.7667,10.1833,35.0,LOW,False,2026-03-27 12:50:17.900567+00,2026-04-09 15:38:58.751506+00
mubawab:mubawab_8293385,maison,villa,,TND,,,,750.0,8.0,,33.8439408,9.400138,25.0,LOW,False,2026-03-27 12:48:12.662583+00,2026-04-09 15:38:55.025812+00
mubawab:mubawab_8295232,maison,villa,,TND,,,,490.0,6.0,,33.8439408,9.400138,25.0,LOW,False,2026-03-27 08:56:47.874095+00,2026-04-09 15:38:57.172849+00
mubawab:mubawab_8296977,appartement,apartment,,TND,,,,70.0,3.0,,33.8439408,9.400138,25.0,LOW,False,2026-03-29 05:46:22.119692+00,2026-04-09 15:38:57.057763+00
mubawab:mubawab_8297021,maison,villa,,TND,,Jebel Jelloud,TUNIS,575.0,4.0,,36.7667,10.1833,45.0,LOW,False,2026-03-29 06:03:27.051582+00,2026-04-09 15:38:57.658455+00
mubawab:mubawab_8298590,maison,villa,,TND,,Jebel Jelloud,TUNIS,275.0,5.0,,36.7667,10.1833,45.0,LOW,False,2026-03-27 12:49:18.659953+00,2026-04-09 15:38:56.516013+00
mubawab:mubawab_8299021,maison,villa,,TND,,,,420.0,4.0,,33.8439408,9.400138,25.0,LOW,False,2026-03-27 12:47:20.796051+00,2026-04-09 15:38:55.34439+00
mubawab:mubawab_8299140,appartement,apartment,,TND,,,,109.0,8.0,,33.8439408,9.400138,25.0,LOW,False,2026-03-29 05:35:53.942672+00,2026-04-09 15:38:58.412708+00
mubawab:mubawab_8299323,maison,villa,,TND,,,,230.0,6.0,,33.8439408,9.400138,25.0,LOW,False,2026-03-29 05:59:32.678341+00,2026-04-09 15:38:57.357362+00
mubawab:mubawab_8300185,terrain,land,,TND,,Jebel Jelloud,TUNIS,616.0,,,36.7667,10.1833,35.0,LOW,False,2026-03-27 12:53:09.184615+00,2026-04-09 15:38:54.977483+00
mubawab:mubawab_8300418,appartement,apartment,,TND,,Jebel Jelloud,TUNIS,116.0,2.0,,36.7667,10.1833,45.0,LOW,False,2026-03-27 05:39:17.346866+00,2026-04-09 15:38:56.855241+00
mubawab:mubawab_8301345,appartement,apartment,,TND,,Jebel Jelloud,TUNIS,73.0,1.0,,36.7667,10.1833,45.0,LOW,False,2026-03-27 05:39:40.021198+00,2026-04-09 15:38:58.510517+00
mubawab:mubawab_8301346,appartement,apartment,,TND,,,,73.0,1.0,,33.8439408,9.400138,25.0,LOW,False,2026-03-29 05:38:28.006652+00,2026-04-09 15:38:58.703893+00
mubawab:mubawab_8301360,appartement,apartment,,TND,,,,73.0,1.0,,33.8439408,9.400138,25.0,LOW,False,2026-04-06 08:57:38.703869+00,2026-04-09 15:38:56.661526+00
mubawab:mubawab_8302433,appartement,apartment,,TND,,,,134.0,7.0,,33.8439408,9.400138,25.0,LOW,False,2026-03-29 05:52:01.767003+00,2026-04-09 15:38:55.562015+00
mubawab:mubawab_8302491,appartement,apartment,,TND,,,,68.0,3.0,,33.8439408,9.400138,25.0,LOW,False,2026-03-27 05:39:07.100389+00,2026-04-09 15:38:56.17769+00
mubawab:mubawab_8302514,maison,villa,,TND,,,,220.0,8.0,,33.8439408,9.400138,25.0,LOW,False,2026-03-27 12:47:15.177957+00,2026-04-09 15:38:55.974704+00
mubawab:mubawab_8302707,appartement,apartment,,TND,,,,138.0,11.0,,33.8439408,9.400138,25.0,LOW,False,2026-03-27 05:40:28.814693+00,2026-04-09 15:38:56.46734+00
mubawab:mubawab_8303273,maison,villa,,TND,,,,900.0,8.0,,33.8439408,9.400138,25.0,LOW,False,2026-03-27 05:41:46.566917+00,2026-04-09 15:38:55.196076+00
mubawab:mubawab_8304928,maison,villa,,TND,,,,704.0,6.0,,33.8439408,9.400138,25.0,LOW,False,2026-03-27 08:57:38.047153+00,2026-04-09 15:38:59.090715+00
mubawab:mubawab_8305946,maison,villa,,TND,,,,121.0,3.0,,33.8439408,9.400138,25.0,LOW,False,2026-03-27 08:56:25.875999+00,2026-04-09 15:38:57.301478+00
mubawab:mubawab_8306211,maison,villa,,TND,,,,300.0,4.0,,33.8439408,9.400138,25.0,LOW,False,2026-03-27 08:57:01.893734+00,2026-04-09 15:38:57.959006+00
mubawab:mubawab_8306337,appartement,apartment,,TND,,,,168.0,9.0,,33.8439408,9.400138,15.0,DROP,False,2026-04-06 09:00:36.074313+00,2026-04-09 15:38:57.45994+00
mubawab:mubawab_8307443,maison,villa,,TND,,,,320.0,18.0,,33.8439408,9.400138,25.0,LOW,False,2026-03-27 12:48:21.206634+00,2026-04-09 15:38:56.807641+00
mubawab:mubawab_8307736,maison,villa,,TND,,,,856.0,11.0,,33.8439408,9.400138,25.0,LOW,False,2026-03-27 12:49:32.364837+00,2026-04-09 15:38:55.248172+00
mubawab:mubawab_8307794,terrain,land,,TND,,,,1369.0,,,33.8439408,9.400138,15.0,DROP,False,2026-03-27 12:50:13.353525+00,2026-04-09 15:38:56.710583+00
mubawab:mubawab_8307885,appartement,apartment,,TND,,,,60.0,4.0,,33.8439408,9.400138,25.0,LOW,False,2026-03-29 05:36:57.994207+00,2026-04-09 15:38:57.113064+00
mubawab:mubawab_8308365,appartement,apartment,,TND,,,,287.0,1.0,,33.8439408,9.400138,25.0,LOW,False,2026-03-29 05:34:23.31109+00,2026-04-09 15:39:01.530713+00
mubawab:mubawab_8308446,appartement,apartment,,TND,Hammam Sousse,Hammam Sousse,SOUSSE,74.0,1.0,,35.8592,10.59,75.0,GOOD,False,2026-03-29 05:51:56.79928+00,2026-04-09 15:39:00.912961+00
mubawab:mubawab_8308827,maison,villa,,TND,,,,140.0,1.0,,33.8439408,9.400138,25.0,LOW,False,2026-03-29 06:06:35.087416+00,2026-04-09 15:38:59.663694+00
mubawab:mubawab_8308831,appartement,apartment,,TND,,,,125.0,1.0,,33.8439408,9.400138,25.0,LOW,False,2026-03-27 05:39:35.692271+00,2026-04-09 15:39:02.518316+00
mubawab:mubawab_8309582,maison,villa,,TND,,Jebel Jelloud,TUNIS,350.0,4.0,,36.7667,10.1833,45.0,LOW,False,2026-03-27 08:58:16.513228+00,2026-04-09 15:39:00.378908+00
mubawab:mubawab_8309594,maison,villa,,TND,,Jebel Jelloud,TUNIS,270.0,3.0,,36.7667,10.1833,40.0,LOW,False,2026-03-27 08:58:05.135131+00,2026-04-09 15:39:00.107729+00
mubawab:mubawab_8311356,appartement,apartment,,TND,,,,86.0,3.0,,33.8439408,9.400138,15.0,DROP,False,2026-04-06 08:59:58.044277+00,2026-04-09 15:39:00.326885+00
mubawab:mubawab_8311576,maison,villa,,TND,,,,117.0,2.0,,33.8439408,9.400138,25.0,LOW,False,2026-03-29 09:02:46.465045+00,2026-04-09 15:39:01.589671+00
mubawab:mubawab_8311728,appartement,apartment,,TND,,,,136.0,16.0,,33.8439408,9.400138,15.0,DROP,False,2026-04-06 09:01:55.830253+00,2026-04-09 15:39:00.591761+00
mubawab:mubawab_8311823,appartement,apartment,,TND,,,,128.0,4.0,,33.8439408,9.400138,25.0,LOW,False,2026-03-27 05:40:10.292995+00,2026-04-09 15:39:02.265127+00
mubawab:mubawab_8311825,appartement,apartment,,TND,,Jebel Jelloud,TUNIS,81.0,2.0,,36.7667,10.1833,45.0,LOW,False,2026-03-29 05:45:28.992776+00,2026-04-09 15:39:00.485463+00
mubawab:mubawab_8311862,appartement,apartment,,TND,,Jebel Jelloud,TUNIS,144.0,4.0,,36.7667,10.1833,30.0,LOW,False,2026-04-06 09:02:08.221665+00,2026-04-09 15:39:01.327726+00
mubawab:mubawab_8312162,maison,villa,,TND,,,,400.0,3.0,,33.8439408,9.400138,25.0,LOW,False,2026-03-27 08:57:42.854403+00,2026-04-09 15:39:02.624167+00
mubawab:mubawab_8312659,appartement,apartment,,TND,,Jebel Jelloud,TUNIS,63.0,1.0,,36.7667,10.1833,30.0,LOW,False,2026-04-06 09:01:40.90896+00,2026-04-09 15:39:01.734235+00
mubawab:mubawab_8312666,appartement,apartment,,TND,,,,117.0,1.0,,33.8439408,9.400138,25.0,LOW,False,2026-03-29 05:45:37.493201+00,2026-04-09 15:38:59.609556+00
mubawab:mubawab_8312759,maison,villa,,TND,,,,300.0,7.0,,33.8439408,9.400138,25.0,LOW,False,2026-03-29 05:58:47.998842+00,2026-04-09 15:39:00.164968+00
mubawab:mubawab_8312771,maison,villa,,TND,,,,670.0,5.0,,33.8439408,9.400138,25.0,LOW,False,2026-03-27 08:57:47.715059+00,2026-04-09 15:39:02.731746+00
mubawab:mubawab_8314566,maison,villa,,TND,,,,125.0,3.0,,33.8439408,9.400138,25.0,LOW,False,2026-03-27 08:58:26.132579+00,2026-04-09 15:39:00.537322+00
mubawab:mubawab_8314567,maison,villa,,TND,,,,446.0,5.0,,33.8439408,9.400138,25.0,LOW,False,2026-03-27 08:14:07.138208+00,2026-04-09 15:38:59.554818+00
mubawab:mubawab_8316021,appartement,apartment,,TND,,,,147.0,5.0,,33.8439408,9.400138,25.0,LOW,False,2026-03-29 05:43:11.654305+00,2026-04-09 15:39:02.470214+00
mubawab:mubawab_8316039,appartement,apartment,,TND,,Jebel Jelloud,TUNIS,74.0,2.0,,36.7667,10.1833,40.0,LOW,False,2026-03-27 05:40:34.637713+00,2026-04-09 15:39:02.049477+00
mubawab:mubawab_8316180,appartement,apartment,,TND,,,,115.0,5.0,,33.8439408,9.400138,15.0,DROP,False,2026-04-06 08:58:48.045067+00,2026-04-09 15:39:02.101925+00
mubawab:mubawab_8316549,terrain,land,,TND,,Jebel Jelloud,TUNIS,330.0,,,36.7667,10.1833,35.0,LOW,False,2026-03-27 12:52:55.169922+00,2026-04-09 15:39:01.637568+00
mubawab:mubawab_8316856,terrain,land,,TND,,,,324.0,,,33.8439408,9.400138,15.0,DROP,False,2026-03-27 12:49:58.020568+00,2026-04-09 15:39:01.985835+00
mubawab:mubawab_8317905,maison,villa,,TND,,,,200.0,7.0,,33.8439408,9.400138,25.0,LOW,False,2026-03-27 12:47:10.715461+00,2026-04-09 15:39:02.166193+00
mubawab:mubawab_8319548,maison,villa,,TND,,,,400.0,8.0,,33.8439408,9.400138,25.0,LOW,False,2026-03-29 09:02:53.940582+00,2026-04-09 15:39:02.150304+00
mubawab:mubawab_8319823,maison,villa,,TND,,,,150.0,5.0,,33.8439408,9.400138,25.0,LOW,False,2026-03-27 08:55:42.245418+00,2026-04-09 15:39:01.787066+00
mubawab:mubawab_8319826,terrain,land,,TND,,,,1086.0,,,33.8439408,9.400138,15.0,DROP,False,2026-03-27 12:51:27.362752+00,2026-04-09 15:39:00.655746+00
mubawab:mubawab_8320235,appartement,apartment,,TND,,Ariana Ville,ARIANA,63.0,2.0,,36.866011,10.193923,40.0,LOW,False,2026-03-29 05:47:51.81823+00,2026-04-09 15:39:01.066755+00
mubawab:mubawab_8320365,maison,villa,,TND,,,,160.0,12.0,,33.8439408,9.400138,25.0,LOW,False,2026-03-27 08:56:22.052585+00,2026-04-09 15:39:00.059217+00
mubawab:mubawab_8320769,maison,villa,,TND,,Jebel Jelloud,TUNIS,170.0,3.0,,36.7667,10.1833,45.0,LOW,False,2026-03-27 08:57:17.562906+00,2026-04-09 15:39:00.602754+00
mubawab:mubawab_8320802,appartement,apartment,,TND,,,,273.0,3.0,,33.8439408,9.400138,25.0,LOW,False,2026-03-27 05:39:11.458753+00,2026-04-09 15:38:59.957042+00
mubawab:mubawab_8320921,terrain,land,,TND,,,,532.0,,,33.8439408,9.400138,15.0,DROP,False,2026-03-27 12:53:03.63137+00,2026-04-09 15:38:59.256954+00
mubawab:mubawab_8321011,appartement,apartment,,TND,,,,145.0,9.0,,33.8439408,9.400138,25.0,LOW,False,2026-03-27 05:40:23.548569+00,2026-04-09 15:39:01.162593+00
mubawab:mubawab_8321192,maison,villa,,TND,,,,260.0,7.0,,33.8439408,9.400138,25.0,LOW,False,2026-03-27 08:57:28.090621+00,2026-04-09 15:38:59.757548+00
mubawab:mubawab_8321344,maison,villa,,TND,,,,310.0,,,33.8439408,9.400138,15.0,DROP,False,2026-03-27 08:56:07.279573+00,2026-04-09 15:38:59.408941+00
mubawab:mubawab_8321473,terrain,land,,TND,,,,2200.0,,,33.8439408,9.400138,15.0,DROP,False,2026-03-27 12:51:55.592377+00,2026-04-09 15:39:01.322549+00
mubawab:mubawab_8321523,maison,villa,,TND,,,,439.0,,,33.8439408,9.400138,15.0,DROP,False,2026-03-27 08:55:47.016651+00,2026-04-09 15:39:02.362811+00
mubawab:mubawab_8321593,maison,villa,,TND,,,,193.0,13.0,,33.8439408,9.400138,25.0,LOW,False,2026-03-27 08:55:52.269559+00,2026-04-09 15:39:01.481979+00
mubawab:mubawab_8321620,appartement,apartment,,TND,,,,190.0,5.0,,33.8439408,9.400138,15.0,DROP,False,2026-04-06 08:57:04.810888+00,2026-04-09 15:38:59.904322+00
mubawab:mubawab_8321802,appartement,apartment,,TND,,Jebel Jelloud,TUNIS,159.0,6.0,,36.7667,10.1833,40.0,LOW,False,2026-03-27 05:39:26.080322+00,2026-04-09 15:39:03.976574+00
mubawab:mubawab_8321845,appartement,apartment,,TND,,,,95.0,,,33.8439408,9.400138,15.0,DROP,False,2026-03-27 05:40:58.998827+00,2026-04-09 15:39:05.634908+00
mubawab:mubawab_8321936,maison,villa,,TND,,Jebel Jelloud,TUNIS,500.0,5.0,,36.7667,10.1833,40.0,LOW,False,2026-03-27 08:57:07.442298+00,2026-04-09 15:39:03.564343+00
mubawab:mubawab_8322004,maison,villa,,TND,,,,240.0,4.0,,33.8439408,9.400138,25.0,LOW,False,2026-03-27 12:49:12.996017+00,2026-04-09 15:39:05.480699+00
mubawab:mubawab_8322130,terrain,land,,TND,,Jebel Jelloud,TUNIS,210.0,,,36.7667,10.1833,35.0,LOW,False,2026-03-27 12:52:38.746465+00,2026-04-09 15:39:04.667271+00
mubawab:mubawab_8322193,maison,villa,,TND,,,,380.0,3.0,,33.8439408,9.400138,25.0,LOW,False,2026-03-29 06:03:37.523616+00,2026-04-09 15:39:04.125239+00
mubawab:mubawab_8322557,appartement,apartment,,TND,,Jebel Jelloud,TUNIS,60.0,2.0,,36.7667,10.1833,45.0,LOW,False,2026-03-29 05:36:48.147195+00,2026-04-09 15:39:03.049156+00
mubawab:mubawab_8322635,appartement,apartment,,TND,,,,137.0,3.0,,33.8439408,9.400138,25.0,LOW,False,2026-03-29 05:41:41.130081+00,2026-04-09 15:39:04.231593+00
mubawab:mubawab_8322888,appartement,apartment,,TND,,,,90.0,6.0,,33.8439408,9.400138,25.0,LOW,False,2026-03-29 05:48:06.740443+00,2026-04-09 15:39:06.854744+00
mubawab:mubawab_8323438,appartement,apartment,,TND,,Jebel Jelloud,TUNIS,126.0,4.0,,36.7667,10.1833,35.0,LOW,False,2026-04-06 09:00:19.458613+00,2026-04-09 15:39:05.32788+00
mubawab:mubawab_8325546,appartement,apartment,,TND,,,,160.0,,,33.8439408,9.400138,5.0,DROP,False,2026-04-06 08:57:33.010418+00,2026-04-09 15:39:02.747453+00
mubawab:mubawab_8327272,appartement,apartment,,TND,,,,106.0,1.0,,33.8439408,9.400138,15.0,DROP,False,2026-04-06 09:00:52.520096+00,2026-04-09 15:39:05.322099+00
mubawab:mubawab_8327297,appartement,apartment,,TND,,Jebel Jelloud,TUNIS,88.0,3.0,,36.7667,10.1833,35.0,LOW,False,2026-04-06 09:00:42.000563+00,2026-04-09 15:39:02.952176+00
mubawab:mubawab_8327402,appartement,apartment,,TND,,,,95.0,5.0,,33.8439408,9.400138,15.0,DROP,False,2026-04-06 09:00:31.132962+00,2026-04-09 15:39:07.05047+00
newkey:newkey_101421,appartement,apartment,540000.0,TND,Appartement,Hammamet Est,,,,,36.4019341,10.6121188,45.0,LOW,False,2026-04-06 09:30:36.948042+00,2026-04-09 15:39:03.263556+00
newkey:newkey_103478,maison,villa,1400.0,TND,Maison / Villa,الهوارية,,,,,37.0565576,11.0104527,25.0,LOW,True,2026-04-06 09:43:06.176676+00,2026-04-09 15:39:04.618828+00
newkey:newkey_105144,appartement,apartment,,TND,Appartement,,,,,,36.40107,10.6124745,20.0,DROP,False,2026-04-06 09:51:46.214655+00,2026-04-09 15:39:06.744985+00
newkey:newkey_106974,maison,villa,540000.0,TND,Maison / Villa,,,,,,,,30.0,LOW,False,2026-04-06 09:50:06.752284+00,2026-04-09 15:39:06.64331+00
newkey:newkey_112566,appartement,apartment,,TND,Appartement,,,,,,36.40107,10.6124745,20.0,DROP,False,2026-03-31 11:25:14.188942+00,2026-04-09 15:39:04.376617+00
newkey:newkey_112596,terrain,land,,TND,Maison / Villa,الهوارية,,,,,37.0565576,11.0104527,25.0,LOW,False,2026-04-01 19:59:17.50213+00,2026-04-09 15:39:04.280097+00
newkey:newkey_112673,appartement,apartment,325000.0,TND,Appartement,Hammamet Est,,,,,36.4019341,10.6121188,15.0,DROP,False,2026-04-01 19:58:10.676432+00,2026-04-09 15:39:03.466929+00
newkey:newkey_112688,maison,villa,,TND,Maison / Villa,الهوارية,,,,,37.0565576,11.0104527,25.0,LOW,False,2026-04-01 19:57:51.441927+00,2026-04-09 15:39:03.514963+00
newkey:newkey_112699,terrain,land,,TND,Terrain,,,,,,36.8326074,10.0984587,20.0,DROP,False,2026-04-01 19:58:51.726703+00,2026-04-09 15:39:06.591134+00
newkey:newkey_112712,appartement,apartment,620000.0,TND,Appartement,Hammamet Est,,,,,36.4019341,10.6121188,45.0,LOW,False,2026-04-01 19:58:27.137693+00,2026-04-09 15:39:06.114955+00
newkey:newkey_113083,maison,villa,3500.0,TND,Maison / Villa,الهوارية,,,,,37.0565576,11.0104527,15.0,DROP,True,2026-04-06 09:21:29.971884+00,2026-04-09 15:39:04.136746+00
newkey:newkey_113170,terrain,land,,TND,Terrain,,,,,,36.8326074,10.0984587,20.0,DROP,False,2026-04-01 19:57:32.89324+00,2026-04-09 15:39:04.571127+00
newkey:newkey_113192,terrain,land,,TND,Terrain,,,,,,36.8326074,10.0984587,20.0,DROP,False,2026-04-01 19:56:59.805428+00,2026-04-09 15:39:03.767699+00
newkey:newkey_113194,terrain,land,,TND,Terrain,,,,,,36.8326074,10.0984587,20.0,DROP,False,2026-04-01 19:57:16.474288+00,2026-04-09 15:39:02.79844+00
newkey:newkey_113506,appartement,apartment,360000.0,TND,Appartement,Hammamet Est,,,,,36.4019341,10.6121188,45.0,LOW,False,2026-04-01 19:56:38.508206+00,2026-04-09 15:39:06.062106+00
newkey:newkey_113637,terrain,land,1000.0,TND,Terrain,,,,,,36.8326074,10.0984587,20.0,DROP,True,2026-04-01 19:56:17.610442+00,2026-04-09 15:39:06.110104+00
newkey:newkey_113642,maison,villa,2200.0,TND,Maison / Villa,الهوارية,,,,,37.0565576,11.0104527,25.0,LOW,True,2026-04-01 19:55:58.748218+00,2026-04-09 15:39:04.720741+00
newkey:newkey_114284,appartement,apartment,380000.0,TND,Appartement,Hammamet Est,,,,,36.4019341,10.6121188,15.0,DROP,False,2026-04-01 19:55:43.369413+00,2026-04-09 15:39:05.382897+00
newkey:newkey_114343,maison,villa,1950.0,TND,Maison / Villa,الهوارية,,,,,37.0565576,11.0104527,25.0,LOW,True,2026-04-01 19:55:36.930478+00,2026-04-09 15:39:05.113399+00
newkey:newkey_114365,maison,villa,1850.0,TND,Maison / Villa,الهوارية,,,,,37.0565576,11.0104527,25.0,LOW,True,2026-04-06 09:30:54.981269+00,2026-04-09 15:39:07.001218+00
newkey:newkey_114373,appartement,apartment,290000.0,TND,Appartement,Hammamet Est,,,,,36.4019341,10.6121188,15.0,DROP,False,2026-04-01 19:55:30.532839+00,2026-04-09 15:39:03.114941+00
newkey:newkey_114413,appartement,apartment,583275.0,TND,Appartement,Hammamet Est,,,,,36.4019341,10.6121188,45.0,LOW,False,2026-04-01 19:55:08.159741+00,2026-04-09 15:39:05.267711+00
newkey:newkey_114452,appartement,apartment,720000.0,TND,Appartement,Hammamet Est,,,,,36.4019341,10.6121188,45.0,LOW,False,2026-04-06 09:33:20.344023+00,2026-04-09 15:39:03.215423+00
newkey:newkey_114586,appartement,apartment,360000.0,TND,Appartement,Hammamet Est,,,,,36.4019341,10.6121188,45.0,LOW,False,2026-04-01 19:54:19.190053+00,2026-04-09 15:39:06.904028+00
newkey:newkey_114592,appartement,apartment,547800.0,TND,Appartement,Hammamet Est,,,,,36.4019341,10.6121188,45.0,LOW,False,2026-04-01 19:54:26.297925+00,2026-04-09 15:39:05.534434+00
newkey:newkey_114754,appartement,apartment,388800.0,TND,Appartement,Hammamet Est,,,,,36.4019341,10.6121188,15.0,DROP,False,2026-04-01 19:54:02.943425+00,2026-04-09 15:39:02.84577+00
newkey:newkey_115067,appartement,apartment,799000.0,TND,Appartement,Hammamet Est,,,,,36.4019341,10.6121188,45.0,LOW,False,2026-04-01 19:53:44.604009+00,2026-04-09 15:39:04.182604+00
newkey:newkey_115146,appartement,apartment,232200.0,TND,Appartement,Hammamet Est,,,,,36.4019341,10.6121188,45.0,LOW,False,2026-04-01 19:53:37.58723+00,2026-04-09 15:39:04.329279+00
newkey:newkey_115151,appartement,apartment,582700.0,TND,Appartement,Hammamet Est,,,,,36.4019341,10.6121188,45.0,LOW,False,2026-04-01 19:53:31.686483+00,2026-04-09 15:39:06.332426+00
newkey:newkey_115184,appartement,apartment,421500.0,TND,Appartement,,,,,,36.40107,10.6124745,10.0,DROP,False,2026-04-06 09:27:47.525846+00,2026-04-09 15:39:04.077229+00
newkey:newkey_115365,appartement,apartment,703000.0,TND,Appartement,Hammamet Est,,,,,36.4019341,10.6121188,45.0,LOW,False,2026-04-01 19:29:05.203632+00,2026-04-09 15:39:04.871867+00
newkey:newkey_115396,appartement,apartment,800000.0,TND,Appartement,Hammamet Est,,,,,36.4019341,10.6121188,45.0,LOW,False,2026-04-01 19:53:03.01212+00,2026-04-09 15:39:04.42528+00
newkey:newkey_115599,terrain,land,,TND,Terrain,,,,,,36.8326074,10.0984587,20.0,DROP,False,2026-04-01 19:52:39.85853+00,2026-04-09 15:39:06.585864+00
newkey:newkey_115928,maison,villa,,TND,Maison / Villa,الهوارية,,,,,37.0565576,11.0104527,25.0,LOW,False,2026-04-06 09:29:47.400844+00,2026-04-09 15:39:05.858354+00
newkey:newkey_116112,maison,villa,1150.0,TND,Maison / Villa,الهوارية,,,,,37.0565576,11.0104527,25.0,LOW,True,2026-04-01 19:52:24.6053+00,2026-04-09 15:39:06.69165+00
newkey:newkey_116282,maison,villa,1850.0,TND,Maison / Villa,الهوارية,,,,,37.0565576,11.0104527,25.0,LOW,True,2026-04-01 19:52:09.02445+00,2026-04-09 15:39:05.696931+00
newkey:newkey_116335,maison,villa,750000.0,TND,Maison / Villa,,,,,,,,0.0,DROP,False,2026-04-06 09:30:16.068224+00,2026-04-09 15:39:04.822385+00
newkey:newkey_116350,maison,villa,860000.0,TND,Maison / Villa,,,,,,,,0.0,DROP,False,2026-04-01 19:51:55.799868+00,2026-04-09 15:39:04.028436+00
newkey:newkey_116510,maison,villa,390000.0,TND,Appartement,,,,,,,,0.0,DROP,False,2026-04-01 19:51:40.672525+00,2026-04-09 15:39:04.918541+00
newkey:newkey_117418,appartement,apartment,1700.0,TND,Appartement,Hammamet Est,,,,,36.4019341,10.6121188,25.0,LOW,True,2026-04-01 19:51:03.003973+00,2026-04-09 15:39:09.424186+00
newkey:newkey_117480,appartement,apartment,575000.0,TND,Appartement,Hammamet Est,,,,,36.4019341,10.6121188,45.0,LOW,False,2026-04-01 19:50:56.514834+00,2026-04-09 15:39:07.156744+00
newkey:newkey_117484,maison,villa,990000.0,TND,Maison / Villa,الهوارية,,,,,37.0565576,11.0104527,45.0,LOW,False,2026-04-06 09:32:47.028795+00,2026-04-09 15:39:10.004344+00
newkey:newkey_117917,appartement,apartment,1090.0,TND,Appartement,Hammamet Est,,,,,36.4019341,10.6121188,25.0,LOW,True,2026-04-01 19:54:59.10211+00,2026-04-09 15:39:08.227636+00
newkey:newkey_117970,appartement,apartment,450000.0,TND,Appartement,Hammamet Est,,,,,36.4019341,10.6121188,45.0,LOW,False,2026-04-01 19:50:40.611943+00,2026-04-09 15:39:07.465427+00
newkey:newkey_118531,appartement,apartment,,TND,Appartement,Hammamet Est,,,,,36.4019341,10.6121188,25.0,LOW,False,2026-04-06 09:31:25.824228+00,2026-04-09 15:39:10.904091+00
newkey:newkey_118534,appartement,apartment,,TND,Appartement,Hammamet Est,,,,,36.4019341,10.6121188,25.0,LOW,False,2026-04-06 09:31:00.932196+00,2026-04-09 15:39:09.52869+00
newkey:newkey_118549,appartement,apartment,560000.0,TND,Appartement,Hammamet Est,,,,,36.4019341,10.6121188,45.0,LOW,False,2026-04-01 19:50:19.756382+00,2026-04-09 15:39:07.767285+00
newkey:newkey_118880,maison,villa,1820.0,TND,Maison / Villa,,,,,,,,10.0,DROP,True,2026-04-06 09:30:46.748365+00,2026-04-09 15:39:08.772383+00
newkey:newkey_119230,appartement,apartment,,TND,Appartement,سيدي محرصي,TUNIS,,,,36.4360619,10.7045291,40.0,LOW,False,2026-03-26 15:56:18.076466+00,2026-04-09 15:39:10.51609+00
newkey:newkey_119602,appartement,apartment,730000.0,TND,Appartement,Hammamet Est,,,,,36.4019341,10.6121188,45.0,LOW,False,2026-04-01 19:49:22.844862+00,2026-04-09 15:39:08.677712+00
newkey:newkey_119629,appartement,apartment,290000.0,TND,Appartement,Hammamet Est,,,,,36.4019341,10.6121188,15.0,DROP,False,2026-04-01 19:49:07.009411+00,2026-04-09 15:39:10.419881+00
newkey:newkey_119690,appartement,apartment,300000.0,TND,Appartement,Hammamet Est,,,,,36.4019341,10.6121188,15.0,DROP,False,2026-04-01 19:49:54.232267+00,2026-04-09 15:39:08.726752+00
newkey:newkey_119867,appartement,apartment,320000.0,TND,Appartement,Hammamet Est,,,,,36.4019341,10.6121188,15.0,DROP,False,2026-04-01 19:48:59.50151+00,2026-04-09 15:39:09.473453+00
newkey:newkey_119886,terrain,land,1574.0,TND,Terrain,,,,,,36.8326074,10.0984587,20.0,DROP,True,2026-04-01 19:48:36.085468+00,2026-04-09 15:39:07.264033+00
newkey:newkey_120100,appartement,apartment,580000.0,TND,Appartement,Hammamet Est,,,,,36.4019341,10.6121188,45.0,LOW,False,2026-04-01 19:48:29.006825+00,2026-04-09 15:39:11.110166+00
newkey:newkey_120147,appartement,apartment,260000.0,TND,Appartement,Hammamet Est,,,,,36.4019341,10.6121188,15.0,DROP,False,2026-04-01 19:48:13.252146+00,2026-04-09 15:39:09.945797+00
newkey:newkey_120186,terrain,land,,TND,Maison / Villa,الهوارية,,,,,37.0565576,11.0104527,25.0,LOW,False,2026-04-01 19:48:07.160854+00,2026-04-09 15:39:08.327114+00
newkey:newkey_120230,terrain,land,,TND,Maison / Villa,الهوارية,,,,,37.0565576,11.0104527,25.0,LOW,False,2026-04-01 19:47:50.523285+00,2026-04-09 15:39:10.711475+00
newkey:newkey_120349,maison,villa,1580.0,TND,Maison / Villa,,,,,,,,10.0,DROP,True,2026-04-01 19:51:18.022749+00,2026-04-09 15:39:07.098264+00
newkey:newkey_120480,terrain,land,,TND,Terrain,,,,,,36.8326074,10.0984587,20.0,DROP,False,2026-04-06 10:01:17.234799+00,2026-04-09 15:39:07.318127+00
newkey:newkey_120486,maison,villa,1250.0,TND,Maison / Villa,الهوارية,,,,,37.0565576,11.0104527,25.0,LOW,True,2026-04-06 09:30:26.681202+00,2026-04-09 15:39:08.066777+00
newkey:newkey_120857,maison,villa,1320.0,TND,Appartement,,,,,,36.40107,10.6124745,0.0,DROP,True,2026-04-06 10:01:02.271182+00,2026-04-09 15:39:10.21322+00
newkey:newkey_120889,maison,villa,1250.0,TND,Maison / Villa,الهوارية,,,,,37.0565576,11.0104527,25.0,LOW,True,2026-04-06 10:00:54.989114+00,2026-04-09 15:39:09.084396+00
newkey:newkey_120905,terrain,land,,TND,Terrain,,,,,,36.8326074,10.0984587,20.0,DROP,False,2026-04-06 10:00:21.16275+00,2026-04-09 15:39:07.871775+00
newkey:newkey_121132,appartement,apartment,975000.0,TND,Appartement,,,,,,,,0.0,DROP,False,2026-04-06 09:52:53.177798+00,2026-04-09 15:39:10.61454+00
newkey:newkey_121438,appartement,apartment,465000.0,TND,Appartement,,,,,,36.40107,10.6124745,40.0,LOW,False,2026-04-06 09:52:25.988529+00,2026-04-09 15:39:08.880507+00
newkey:newkey_121527,terrain,land,2200.0,TND,Bureau Et Local...,,,,,,,,10.0,DROP,True,2026-04-06 09:51:52.252112+00,2026-04-09 15:39:09.99869+00
newkey:newkey_121561,maison,villa,620000.0,TND,Appartement,,,,,,,,30.0,LOW,False,2026-04-06 09:52:07.931323+00,2026-04-09 15:39:07.416503+00
newkey:newkey_121593,maison,villa,215000.0,TND,Appartement,,,,,,36.40107,10.6124745,40.0,LOW,False,2026-04-06 09:51:29.382393+00,2026-04-09 15:39:08.619017+00
newkey:newkey_121656,terrain,land,,TND,Terrain,,,,,,36.8326074,10.0984587,20.0,DROP,False,2026-04-06 09:51:13.069464+00,2026-04-09 15:39:09.691302+00
newkey:newkey_121769,maison,villa,650000.0,TND,Appartement,Hammamet Est,,,,,36.4019341,10.6121188,15.0,DROP,False,2026-04-06 09:50:43.98661+00,2026-04-09 15:39:08.927667+00
newkey:newkey_121819,appartement,apartment,340000.0,TND,Appartement,Hammamet Est,,,,,36.4019341,10.6121188,15.0,DROP,False,2026-04-06 09:50:28.709709+00,2026-04-09 15:39:09.686181+00
newkey:newkey_121821,maison,villa,330000.0,TND,Appartement,Hammamet Est,,,,,36.4019341,10.6121188,15.0,DROP,False,2026-04-06 09:50:13.666632+00,2026-04-09 15:39:09.750997+00
newkey:newkey_121980,appartement,apartment,1400.0,TND,Immeuble,Ben Arous,BEN AROUS,,,,36.745,10.225,35.0,LOW,True,2026-04-06 09:49:51.420594+00,2026-04-09 15:39:10.9529+00
newkey:newkey_122018,appartement,apartment,530000.0,TND,Appartement,,,,,,36.40107,10.6124745,40.0,LOW,False,2026-04-06 09:34:43.759752+00,2026-04-09 15:39:09.036175+00
newkey:newkey_122027,appartement,apartment,,TND,Appartement,Hammamet Est,,,,,36.4019341,10.6121188,25.0,LOW,False,2026-04-06 09:49:43.887455+00,2026-04-09 15:39:08.826861+00
newkey:newkey_122030,appartement,apartment,430000.0,TND,Appartement,Hammamet Est,,,,,36.4019341,10.6121188,15.0,DROP,False,2026-04-06 09:49:28.470915+00,2026-04-09 15:39:10.759112+00
newkey:newkey_122217,appartement,apartment,270000.0,TND,Appartement,Hammamet Est,,,,,36.4019341,10.6121188,15.0,DROP,False,2026-04-06 09:49:10.197757+00,2026-04-09 15:39:07.515084+00
newkey:newkey_122277,appartement,apartment,328000.0,TND,Appartement,Hammamet Est,,,,,36.4019341,10.6121188,15.0,DROP,False,2026-04-06 09:48:33.995256+00,2026-04-09 15:39:10.80776+00
newkey:newkey_122278,appartement,apartment,534000.0,TND,Appartement,,,,,,36.40107,10.6124745,40.0,LOW,False,2026-04-06 09:48:11.249291+00,2026-04-09 15:39:09.897603+00
newkey:newkey_122398,maison,villa,980000.0,TND,Appartement,,,,,,,,30.0,LOW,False,2026-04-06 09:47:53.516984+00,2026-04-09 15:39:08.475734+00
newkey:newkey_122561,appartement,apartment,427000.0,TND,Appartement,Hammamet Est,,,,,36.4019341,10.6121188,15.0,DROP,False,2026-04-06 09:47:37.994166+00,2026-04-09 15:39:10.052397+00
newkey:newkey_122564,appartement,apartment,545000.0,TND,Appartement,Hammamet Est,,,,,36.4019341,10.6121188,45.0,LOW,False,2026-04-06 09:47:16.357539+00,2026-04-09 15:39:09.131709+00
newkey:newkey_122694,maison,villa,750000.0,TND,Maison / Villa,الهوارية,,,,,37.0565576,11.0104527,15.0,DROP,False,2026-04-06 09:46:57.992791+00,2026-04-09 15:39:07.205355+00
newkey:newkey_122835,appartement,apartment,685000.0,TND,Appartement,Hammamet Est,,,,,36.4019341,10.6121188,45.0,LOW,False,2026-04-01 19:49:39.659054+00,2026-04-09 15:39:08.62474+00
newkey:newkey_122850,terrain,land,215000.0,TND,Appartement,,,,,,36.40107,10.6124745,40.0,LOW,False,2026-04-06 09:46:29.379677+00,2026-04-09 15:39:10.100966+00
newkey:newkey_122909,appartement,apartment,320000.0,TND,Appartement,,,,,,36.40107,10.6124745,10.0,DROP,False,2026-04-06 09:46:48.833994+00,2026-04-09 15:39:08.42454+00
newkey:newkey_122978,appartement,apartment,,TND,Appartement,,,,,,36.40107,10.6124745,20.0,DROP,False,2026-04-06 09:46:09.031804+00,2026-04-09 15:39:08.978208+00
newkey:newkey_122982,appartement,apartment,,TND,Appartement,,,,,,36.40107,10.6124745,20.0,DROP,False,2026-04-06 09:45:54.313024+00,2026-04-09 15:39:09.311663+00
newkey:newkey_123092,appartement,apartment,830000.0,TND,Appartement,,,,,,36.40107,10.6124745,40.0,LOW,False,2026-04-06 09:45:37.944121+00,2026-04-09 15:39:09.848688+00
newkey:newkey_123100,maison,villa,3050.0,TND,Maison / Villa,الهوارية,,,,,37.0565576,11.0104527,25.0,LOW,True,2026-04-06 09:45:18.374732+00,2026-04-09 15:39:10.323401+00
newkey:newkey_123127,maison,villa,1273.0,TND,Maison / Villa,,,,,,,,10.0,DROP,True,2026-04-06 09:45:11.870681+00,2026-04-09 15:39:10.149785+00
newkey:newkey_123208,appartement,apartment,790000.0,TND,Appartement,Hammamet Est,,,,,36.4019341,10.6121188,45.0,LOW,False,2026-04-06 09:44:38.426795+00,2026-04-09 15:39:10.855377+00
newkey:newkey_123220,appartement,apartment,211000.0,TND,Appartement,Hammamet Est,,,,,36.4019341,10.6121188,45.0,LOW,False,2026-04-06 09:44:22.101052+00,2026-04-09 15:39:09.800409+00
newkey:newkey_123269,maison,villa,1300.0,TND,Maison / Villa,الهوارية,,,,,37.0565576,11.0104527,25.0,LOW,True,2026-04-06 09:44:07.148917+00,2026-04-09 15:39:10.467823+00
newkey:newkey_123529,appartement,apartment,1600.0,TND,Appartement,,,,,,36.40107,10.6124745,20.0,DROP,True,2026-04-06 09:43:27.337235+00,2026-04-09 15:39:09.196659+00
newkey:newkey_123567,terrain,land,1100.0,TND,Terrain,,,,,,,,0.0,DROP,True,2026-04-06 09:43:11.814991+00,2026-04-09 15:39:10.208062+00
newkey:newkey_123804,terrain,land,900000.0,TND,Terrain,,,,,,36.8326074,10.0984587,10.0,DROP,False,2026-04-06 09:42:44.455767+00,2026-04-09 15:39:10.269588+00
newkey:newkey_123954,terrain,land,900000.0,TND,Terrain,,,,,,36.8326074,10.0984587,10.0,DROP,False,2026-04-06 09:42:13.65491+00,2026-04-09 15:39:13.611124+00
newkey:newkey_123960,appartement,apartment,235000.0,TND,Appartement,,,,,,36.40107,10.6124745,40.0,LOW,False,2026-04-06 09:41:56.689968+00,2026-04-09 15:39:11.834901+00
newkey:newkey_124027,appartement,apartment,330000.0,TND,Appartement,,,,,,36.40107,10.6124745,40.0,LOW,False,2026-04-06 09:40:34.829366+00,2026-04-09 15:39:13.780192+00
newkey:newkey_124031,maison,villa,277000.0,TND,Appartement,,,,,,36.40107,10.6124745,40.0,LOW,False,2026-04-06 09:40:15.580938+00,2026-04-09 15:39:13.402916+00
newkey:newkey_124047,terrain,land,700000.0,TND,Terrain,,,,,,36.8326074,10.0984587,40.0,LOW,False,2026-04-06 09:41:42.061093+00,2026-04-09 15:39:12.95699+00
newkey:newkey_124048,maison,villa,835000.0,TND,Appartement,,,,,,,,30.0,LOW,False,2026-04-06 09:41:22.179668+00,2026-04-09 15:39:12.908681+00
newkey:newkey_124049,maison,villa,820000.0,TND,Appartement,,,,,,,,30.0,LOW,False,2026-04-06 09:29:15.015644+00,2026-04-09 15:39:11.408078+00
newkey:newkey_124059,appartement,apartment,250000.0,TND,Appartement,Hammamet Est,,,,,36.4019341,10.6121188,15.0,DROP,False,2026-04-06 09:40:56.429097+00,2026-04-09 15:39:14.795829+00
newkey:newkey_124109,appartement,apartment,1300.0,TND,Appartement,,,,,,36.40107,10.6124745,20.0,DROP,True,2026-04-06 09:39:57.818227+00,2026-04-09 15:39:12.463759+00
newkey:newkey_124117,appartement,apartment,258000.0,TND,Appartement,,,,,,36.40107,10.6124745,10.0,DROP,False,2026-04-06 09:39:50.376193+00,2026-04-09 15:39:12.202033+00
newkey:newkey_124562,terrain,land,295000.0,TND,Terrain,,,,,,36.8326074,10.0984587,10.0,DROP,False,2026-04-06 09:39:35.82615+00,2026-04-09 15:39:13.355028+00
newkey:newkey_124623,maison,villa,920000.0,TND,Maison / Villa,الهوارية,,,,,37.0565576,11.0104527,45.0,LOW,False,2026-04-06 09:39:12.463775+00,2026-04-09 15:39:12.413561+00
newkey:newkey_124702,maison,villa,,TND,Maison / Villa,الهوارية,,,,,37.0565576,11.0104527,25.0,LOW,False,2026-04-06 09:22:33.441915+00,2026-04-09 15:39:13.255566+00
newkey:newkey_124735,terrain,land,1120.0,TND,Terrain,,,,,,36.8326074,10.0984587,0.0,DROP,True,2026-04-06 09:38:56.106084+00,2026-04-09 15:39:13.508573+00
newkey:newkey_124741,terrain,land,,TND,Terrain,,,,,,,,10.0,DROP,False,2026-04-06 09:38:40.6685+00,2026-04-09 15:39:11.259002+00
newkey:newkey_124768,appartement,apartment,220000.0,TND,Appartement,Hammamet Est,,,,,36.4019341,10.6121188,45.0,LOW,False,2026-04-06 09:38:12.202932+00,2026-04-09 15:39:12.618634+00
newkey:newkey_124936,appartement,apartment,355000.0,TND,Appartement,Hammamet Est,,,,,36.4019341,10.6121188,15.0,DROP,False,2026-04-06 09:38:04.809998+00,2026-04-09 15:39:13.208898+00
newkey:newkey_124968,maison,villa,3900.0,TND,Maison / Villa,الهوارية,,,,,37.0565576,11.0104527,25.0,LOW,True,2026-04-01 19:53:18.522243+00,2026-04-09 15:39:11.359678+00
newkey:newkey_127704,appartement,apartment,700000.0,TND,Appartement,Hammamet Est,,,,,36.4019341,10.6121188,45.0,LOW,False,2026-04-06 09:37:31.57152+00,2026-04-09 15:39:11.950338+00
newkey:newkey_127866,terrain,land,398000.0,TND,Terrain,,,,,,36.8326074,10.0984587,40.0,LOW,False,2026-04-06 09:36:50.999041+00,2026-04-09 15:39:12.66603+00
newkey:newkey_127868,terrain,land,425000.0,TND,Terrain,,,,,,36.8326074,10.0984587,10.0,DROP,False,2026-04-06 09:36:34.660031+00,2026-04-09 15:39:11.264831+00
newkey:newkey_127869,terrain,land,397000.0,TND,Terrain,,,,,,36.8326074,10.0984587,40.0,LOW,False,2026-04-06 09:36:17.829764+00,2026-04-09 15:39:11.46204+00
newkey:newkey_127870,terrain,land,1225.0,TND,Terrain,,,,,,36.8326074,10.0984587,20.0,DROP,True,2026-04-06 09:37:07.190003+00,2026-04-09 15:39:13.06188+00
newkey:newkey_128037,appartement,apartment,325000.0,TND,Appartement,Hammamet Est,,,,,36.4019341,10.6121188,15.0,DROP,False,2026-04-06 09:36:01.785124+00,2026-04-09 15:39:14.437961+00
newkey:newkey_128542,appartement,apartment,750000.0,TND,Appartement,,,,,,36.40107,10.6124745,40.0,LOW,False,2026-04-06 09:43:47.024351+00,2026-04-09 15:39:17.766944+00
newkey:newkey_128646,maison,villa,330000.0,TND,Appartement,,,,,,36.40107,10.6124745,10.0,DROP,False,2026-04-06 09:34:50.521755+00,2026-04-09 15:39:18.280887+00
newkey:newkey_128669,appartement,apartment,1350.0,TND,Appartement,,,,,,,,10.0,DROP,True,2026-04-06 09:35:23.669564+00,2026-04-09 15:39:16.788792+00
newkey:newkey_128925,appartement,apartment,440000.0,TND,Appartement,,,,,,36.40107,10.6124745,40.0,LOW,False,2026-04-06 09:34:18.395287+00,2026-04-09 15:39:16.044947+00
newkey:newkey_129011,appartement,apartment,250000.0,TND,Appartement,,,,,,36.40107,10.6124745,10.0,DROP,False,2026-04-06 09:33:55.343086+00,2026-04-09 15:39:17.041568+00
newkey:newkey_129055,appartement,apartment,375000.0,TND,Appartement,,,,,,36.40107,10.6124745,10.0,DROP,False,2026-04-06 09:34:11.79487+00,2026-04-09 15:39:16.838133+00
newkey:newkey_129152,terrain,land,672000.0,TND,Terrain,,,,,,36.8326074,10.0984587,40.0,LOW,False,2026-04-06 09:33:38.343132+00,2026-04-09 15:39:15.193373+00
newkey:newkey_129223,terrain,land,1300.0,TND,Maison / Villa,Jebel Jelloud,TUNIS,,,,36.7667,10.1833,35.0,LOW,True,2026-04-06 09:32:29.796347+00,2026-04-09 15:39:17.971327+00
newkey:newkey_129231,appartement,apartment,290000.0,TND,Appartement,Hammamet Est,,,,,36.4019341,10.6121188,15.0,DROP,False,2026-04-06 09:32:08.384881+00,2026-04-09 15:39:16.103722+00
newkey:newkey_129232,terrain,land,975000.0,TND,Terrain,,,,,,,,0.0,DROP,False,2026-04-06 09:31:51.470751+00,2026-04-09 15:39:15.655069+00
newkey:newkey_129334,appartement,apartment,406000.0,TND,Appartement,,,,,,36.40107,10.6124745,40.0,LOW,False,2026-04-06 09:29:40.455706+00,2026-04-09 15:39:16.499804+00
newkey:newkey_129335,appartement,apartment,,TND,Appartement,,,,,,36.40107,10.6124745,20.0,DROP,False,2026-04-06 09:29:33.977268+00,2026-04-09 15:39:15.492546+00
newkey:newkey_129383,appartement,apartment,325000.0,TND,Appartement,,,,,,36.40107,10.6124745,10.0,DROP,False,2026-04-06 09:29:08.731733+00,2026-04-09 15:39:18.328719+00
newkey:newkey_129409,appartement,apartment,453000.0,TND,Appartement,,,,,,36.40107,10.6124745,40.0,LOW,False,2026-04-06 09:28:54.335507+00,2026-04-09 15:39:17.349363+00
newkey:newkey_129493,appartement,apartment,370000.0,TND,Appartement,,,,,,36.40107,10.6124745,10.0,DROP,False,2026-04-06 09:28:40.093007+00,2026-04-09 15:39:18.16903+00
newkey:newkey_129571,appartement,apartment,275000.0,TND,Appartement,,,,,,36.40107,10.6124745,10.0,DROP,False,2026-04-06 09:28:32.220871+00,2026-04-09 15:39:16.200025+00
newkey:newkey_129647,appartement,apartment,353000.0,TND,Appartement,,,,,,36.40107,10.6124745,10.0,DROP,False,2026-04-06 09:28:11.210908+00,2026-04-09 15:39:16.596897+00
newkey:newkey_129653,appartement,apartment,290000.0,TND,Appartement,,,,,,36.40107,10.6124745,10.0,DROP,False,2026-04-06 09:27:54.934977+00,2026-04-09 15:39:15.44437+00
newkey:newkey_129726,appartement,apartment,550000.0,TND,Appartement,,,,,,36.40107,10.6124745,40.0,LOW,False,2026-04-06 09:27:40.36883+00,2026-04-09 15:39:17.25375+00
newkey:newkey_129739,appartement,apartment,550000.0,TND,Appartement,Hammamet Est,,,,,36.4019341,10.6121188,45.0,LOW,False,2026-04-06 09:27:13.662428+00,2026-04-09 15:39:18.018859+00
newkey:newkey_129766,appartement,apartment,650000.0,TND,Appartement,Hammamet Est,,,,,36.4019341,10.6121188,45.0,LOW,False,2026-04-06 09:27:07.754802+00,2026-04-09 15:39:18.115368+00
newkey:newkey_129791,appartement,apartment,550000.0,TND,Appartement,Hammamet Est,,,,,36.4019341,10.6121188,45.0,LOW,False,2026-04-06 09:26:47.047069+00,2026-04-09 15:39:15.397531+00
newkey:newkey_129818,maison,villa,,TND,Appartement,,,,,,,,10.0,DROP,False,2026-04-06 09:27:01.930574+00,2026-04-09 15:39:17.912626+00
newkey:newkey_129849,maison,villa,,TND,Maison / Villa,الهوارية,,,,,37.0565576,11.0104527,25.0,LOW,False,2026-04-06 09:26:01.582452+00,2026-04-09 15:39:18.37546+00
newkey:newkey_129867,appartement,apartment,433000.0,TND,Appartement,,,,,,36.40107,10.6124745,40.0,LOW,False,2026-04-06 09:26:23.456199+00,2026-04-09 15:39:18.677176+00
newkey:newkey_129869,appartement,apartment,700000.0,TND,Appartement,,,,,,36.40107,10.6124745,40.0,LOW,False,2026-04-06 09:26:08.854931+00,2026-04-09 15:39:15.540986+00
newkey:newkey_129977,maison,villa,395000.0,TND,Appartement,,,,,,36.40107,10.6124745,40.0,LOW,False,2026-04-06 09:25:45.457368+00,2026-04-09 15:39:15.589722+00
newkey:newkey_130028,appartement,apartment,450000.0,TND,Maison / Villa,الهوارية,,,,,37.0565576,11.0104527,45.0,LOW,False,2026-04-06 09:25:29.802681+00,2026-04-09 15:39:16.548319+00
newkey:newkey_130077,terrain,land,1750.0,TND,Maison / Villa,الهوارية,,,,,37.0565576,11.0104527,0.0,DROP,True,2026-04-06 09:25:11.968233+00,2026-04-09 15:39:17.656333+00
newkey:newkey_130156,appartement,apartment,440000.0,TND,Appartement,Hammamet Est,,,,,36.4019341,10.6121188,45.0,LOW,False,2026-04-06 09:24:40.441102+00,2026-04-09 15:39:16.344683+00
newkey:newkey_130160,appartement,apartment,7000.0,TND,Maison / Villa,الهوارية,,,,,37.0565576,11.0104527,45.0,LOW,False,2026-04-06 09:23:56.525447+00,2026-04-09 15:39:18.628941+00
newkey:newkey_130161,appartement,apartment,370000.0,TND,Appartement,Hammamet Est,,,,,36.4019341,10.6121188,15.0,DROP,False,2026-04-06 09:23:43.33701+00,2026-04-09 15:39:18.880075+00
newkey:newkey_130191,appartement,apartment,410000.0,TND,Appartement,Hammamet Est,,,,,36.4019341,10.6121188,15.0,DROP,False,2026-04-06 09:23:29.327623+00,2026-04-09 15:39:15.250699+00
newkey:newkey_130222,appartement,apartment,270000.0,TND,Appartement,,,,,,36.40107,10.6124745,10.0,DROP,False,2026-04-06 09:22:46.366388+00,2026-04-09 15:39:14.949839+00
newkey:newkey_130467,appartement,apartment,350000.0,TND,Appartement,,,,,,36.40107,10.6124745,10.0,DROP,False,2026-04-06 09:21:18.37272+00,2026-04-09 15:39:17.446959+00
newkey:newkey_130577,maison,villa,2000.0,TND,Maison / Villa,الهوارية,,,,,37.0565576,11.0104527,25.0,LOW,True,2026-04-06 09:20:39.934554+00,2026-04-09 15:39:20.660259+00
newkey:newkey_130600,maison,villa,790000.0,TND,Maison / Villa,الهوارية,,,,,37.0565576,11.0104527,45.0,LOW,False,2026-04-06 09:20:31.859598+00,2026-04-09 15:39:21.474827+00
newkey:newkey_130640,maison,villa,1150.0,TND,Immeuble,Ben Arous,BEN AROUS,,,,36.745,10.225,35.0,LOW,True,2026-04-06 09:21:02.460605+00,2026-04-09 15:39:21.116147+00
newkey:newkey_130815,maison,villa,350000.0,TND,Appartement,,,,,,36.40107,10.6124745,40.0,LOW,False,2026-04-06 09:20:19.496098+00,2026-04-09 15:39:19.877201+00
newkey:newkey_130868,appartement,apartment,270000.0,TND,Appartement,Hammamet Est,,,,,36.4019341,10.6121188,15.0,DROP,False,2026-04-06 09:35:06.173004+00,2026-04-09 15:39:22.935757+00
newkey:newkey_130985,appartement,apartment,2000.0,TND,Appartement,,,,,,36.40107,10.6124745,0.0,DROP,True,2026-04-06 09:21:57.803593+00,2026-04-09 15:39:20.467919+00
newkey:newkey_131038,appartement,apartment,2500.0,TND,Appartement,,,,,,36.40107,10.6124745,10.0,DROP,True,2026-04-06 09:21:50.209923+00,2026-04-09 15:39:23.089811+00
newkey:newkey_131067,appartement,apartment,703000.0,TND,Appartement,,,,,,36.40107,10.6124745,30.0,LOW,False,2026-04-06 09:20:12.084489+00,2026-04-09 15:39:23.191677+00
newkey:newkey_70942,appartement,apartment,410000.0,TND,Appartement,Hammamet Est,,,,,36.4019341,10.6121188,15.0,DROP,False,2026-04-01 19:58:43.9725+00,2026-04-09 15:39:19.976882+00
newkey:newkey_78799,maison,villa,850000.0,TND,Maison / Villa,,,,,,,,0.0,DROP,False,2026-04-01 19:50:02.538704+00,2026-04-09 15:39:22.646015+00
newkey:newkey_95276,maison,villa,,TND,Maison / Villa,الهوارية,,,,,37.0565576,11.0104527,25.0,LOW,False,2026-04-06 09:31:41.10797+00,2026-04-09 15:39:19.316529+00
newkey:newkey_97511,appartement,apartment,385000.0,TND,Appartement,Hammamet Est,,,,,36.4019341,10.6121188,15.0,DROP,False,2026-04-06 09:33:04.0796+00,2026-04-09 15:39:22.69335+00
tecnocasa:36522,terrain,land,211420.0,TND,Hammamet,Hammamet,Cap Bon,341.0,,620.0,36.4219,10.6546,100.0,HIGH,False,2026-04-06 10:03:03.715065+00,2026-04-09 15:39:20.913111+00
tecnocasa:39464,appartement,apartment,390000.0,TND,Hammamet,Hammamet,Cap Bon,116.0,,3362.07,36.4205,10.6644,100.0,HIGH,False,2026-04-06 10:05:20.025684+00,2026-04-09 15:39:22.839359+00
tecnocasa:44683,terrain,land,210000.0,TND,Hammamet,Hammamet,Cap Bon,350.0,,600.0,36.41900174113641,10.601221942817284,100.0,HIGH,False,2026-04-06 10:03:43.364257+00,2026-04-09 15:39:23.080261+00
tecnocasa:44766,appartement,apartment,475000.0,TND,Hammamet,Hammamet,Cap Bon,130.0,,3653.85,36.4004,10.565,100.0,HIGH,False,2026-04-06 10:06:00.308313+00,2026-04-09 15:39:22.548751+00
tecnocasa:44855,terrain,land,2300000.0,TND,Hammamet,Hammamet,Cap Bon,2200.0,,1045.45,36.3997,10.566,80.0,GOOD,True,2026-04-06 10:08:25.577819+00,2026-04-09 15:39:21.765244+00
tecnocasa:45473,appartement,apartment,320000.0,TND,Hammamet,Hammamet,Cap Bon,100.0,,3200.0,36.4035,10.5577,100.0,HIGH,False,2026-04-06 10:05:27.183734+00,2026-04-09 15:39:22.740714+00
tecnocasa:45572,appartement,apartment,320000.0,TND,Hammamet,Hammamet,Cap Bon,120.0,,2666.67,36.3945,10.554,100.0,HIGH,False,2026-04-06 10:05:52.906598+00,2026-04-09 15:39:21.618539+00
tecnocasa:47114,maison,villa,820000.0,TND,Hammamet,Hammamet,Cap Bon,337.0,,2433.23,36.4212,10.6556,100.0,HIGH,False,2026-04-06 10:08:03.404801+00,2026-04-09 15:39:20.022437+00
tecnocasa:48225,appartement,apartment,640000.0,TND,Hammamet,Hammamet,Cap Bon,180.0,,3555.56,36.3999,10.5653,100.0,HIGH,False,2026-04-06 10:06:07.583671+00,2026-04-09 15:39:19.372803+00
tecnocasa:48424,appartement,apartment,450000.0,TND,Hammamet,Hammamet,Cap Bon,116.0,,3879.31,36.3746,10.5356,100.0,HIGH,False,2026-04-06 10:05:47.375629+00,2026-04-09 15:39:21.958354+00
tecnocasa:49149,terrain,land,151740.0,TND,Hammamet,Hammamet,Cap Bon,281.0,,540.0,36.4329,10.6753,100.0,HIGH,False,2026-04-06 10:03:50.867154+00,2026-04-09 15:39:21.015867+00
tecnocasa:50621,maison,villa,805000.0,TND,Hammamet,Hammamet,Cap Bon,236.0,,3411.02,36.4104017411364,10.576821951459412,100.0,HIGH,False,2026-04-06 10:07:40.951804+00,2026-04-09 15:39:19.829638+00
tecnocasa:51182,terrain,land,1200000.0,TND,Hammamet,Hammamet,Cap Bon,659.0,,1820.94,36.3882,10.5499,100.0,HIGH,False,2026-04-06 10:08:19.492548+00,2026-04-09 15:39:23.34143+00
tecnocasa:51464,appartement,apartment,320000.0,TND,Hammamet,Hammamet,Cap Bon,77.0,,4155.84,36.3993,10.5699,100.0,HIGH,False,2026-04-06 10:05:34.304687+00,2026-04-09 15:39:22.200051+00
tecnocasa:52712,terrain,land,620000.0,TND,Hammamet,Hammamet,Cap Bon,215.0,,2883.72,36.40800174113642,10.582621953870513,100.0,HIGH,False,2026-04-01 20:47:44.325078+00,2026-04-09 15:39:21.221806+00
tecnocasa:52899,terrain,land,146000.0,TND,Hammamet,Hammamet,Cap Bon,248.0,,588.71,36.41100174113642,10.61262195085659,100.0,HIGH,False,2026-04-06 10:03:35.856988+00,2026-04-09 15:39:20.071397+00
tecnocasa:53911,terrain,land,730000.0,TND,Hammamet,Hammamet,Cap Bon,410.0,,1780.49,36.40160174113642,10.606521960298718,100.0,HIGH,False,2026-04-06 10:03:28.236755+00,2026-04-09 15:39:23.641872+00
tecnocasa:54655,maison,villa,440000.0,TND,Hammamet,Hammamet,Cap Bon,367.0,,1198.91,36.4113,10.5599,100.0,HIGH,False,2026-04-06 10:08:09.712258+00,2026-04-09 15:39:23.487212+00
tecnocasa:55494,appartement,apartment,435000.0,TND,Hammamet,Hammamet,Cap Bon,131.0,,3320.61,36.4236,10.666,100.0,HIGH,False,2026-04-06 10:05:08.310225+00,2026-04-09 15:39:19.925206+00
tecnocasa:55512,appartement,apartment,600000.0,TND,Hammamet,Hammamet,Cap Bon,165.0,,3636.36,36.3985,10.5594,100.0,HIGH,False,2026-04-06 10:05:42.900188+00,2026-04-09 15:39:22.101354+00
tecnocasa:56075,terrain,land,540000.0,TND,Hammamet,Hammamet,Cap Bon,270.0,,2000.0,36.4171,10.6518,100.0,HIGH,False,2026-04-06 10:07:56.414966+00,2026-04-09 15:39:19.218853+00
tecnocasa:56466,terrain,land,1050000.0,TND,Hammamet,Hammamet,Cap Bon,280.0,,3750.0,36.406701741136416,10.577221955176404,80.0,GOOD,True,2026-04-06 10:07:36.085818+00,2026-04-09 15:39:21.907793+00
tecnocasa:57451,terrain,land,860000.0,TND,Hammamet,Hammamet,Cap Bon,603.0,,1426.2,36.4146,10.653,100.0,HIGH,False,2026-03-29 09:41:01.511607+00,2026-04-09 15:39:21.176081+00
tecnocasa:57915,appartement,apartment,460000.0,TND,Hammamet,Hammamet,Cap Bon,120.0,,3833.33,36.4232,10.6663,100.0,HIGH,False,2026-04-06 10:05:14.937384+00,2026-04-09 15:39:20.564844+00
tecnocasa:58265,terrain,land,858000.0,TND,Hammamet,Hammamet,Cap Bon,858.0,,1000.0,36.406701741136416,10.577721955176406,100.0,HIGH,False,2026-04-06 10:03:19.218952+00,2026-04-09 15:39:21.813735+00
tecnocasa:60194,maison,villa,1050000.0,TND,Hammamet,Hammamet,Cap Bon,440.0,,2386.36,36.4211017411364,10.603021940706435,100.0,HIGH,False,2026-04-06 10:06:49.334549+00,2026-04-09 15:39:23.032296+00
tecnocasa:61034,terrain,land,225000.0,TND,Hammamet,Hammamet,Cap Bon,340.0,,661.76,36.435,10.6735,100.0,HIGH,False,2026-04-06 10:03:56.881138+00,2026-04-09 15:39:20.225796+00
tecnocasa:61496,terrain,land,349000.0,TND,Hammamet,Hammamet,Cap Bon,349.0,,1000.0,36.41070174113644,10.576521951158004,100.0,HIGH,False,2026-04-06 10:02:28.678221+00,2026-04-09 15:39:23.085257+00
tecnocasa:61923,maison,villa,685000.0,TND,Hammamet,Hammamet,Cap Bon,203.0,,3374.38,36.41070174113644,10.573821951158004,100.0,HIGH,False,2026-04-06 10:07:29.384139+00,2026-04-09 15:39:20.179781+00
tecnocasa:62150,maison,villa,580000.0,TND,Hammamet,Hammamet,Cap Bon,200.0,,2900.0,36.40600174113643,10.587821955879544,100.0,HIGH,False,2026-04-06 10:07:24.97249+00,2026-04-09 15:39:19.732225+00
tecnocasa:62152,maison,villa,750000.0,TND,Hammamet,Hammamet,Cap Bon,230.0,,3260.87,36.40380174113643,10.63242195808925,100.0,HIGH,False,2026-04-06 10:07:07.290797+00,2026-04-09 15:39:23.294321+00
tecnocasa:62155,terrain,land,320000.0,TND,Hammamet,Hammamet,Cap Bon,543.0,,589.32,36.41390174113642,10.614021947942708,100.0,HIGH,False,2026-04-06 10:02:37.004088+00,2026-04-09 15:39:23.186552+00
tecnocasa:62260,terrain,land,157000.0,TND,Hammamet,Hammamet,Cap Bon,157.0,,1000.0,36.403101741136425,10.62652195879229,100.0,HIGH,False,2026-04-06 10:03:11.460845+00,2026-04-09 15:39:23.53544+00
tecnocasa:62463,appartement,apartment,430000.0,TND,Hammamet,Hammamet,Cap Bon,130.0,,3307.69,36.404401741136425,10.586721957486626,100.0,HIGH,False,2026-04-06 10:04:55.970772+00,2026-04-09 15:39:23.439327+00
tecnocasa:62625,appartement,apartment,315000.0,TND,Hammamet,Hammamet,Cap Bon,130.0,,2423.08,36.4325,10.6853,100.0,HIGH,False,2026-04-06 10:04:42.689024+00,2026-04-09 15:39:21.716139+00
tecnocasa:63958,terrain,land,230100.0,TND,Hammamet,Hammamet,Cap Bon,354.0,,650.0,36.4105,10.6369,100.0,HIGH,False,2026-04-06 10:02:20.86319+00,2026-04-09 15:39:23.540788+00
tecnocasa:64090,terrain,land,162000.0,TND,Hammamet,Hammamet,Cap Bon,186.0,,870.97,36.40720174113642,10.604321954674148,100.0,HIGH,False,2026-04-06 10:02:56.322209+00,2026-04-09 15:39:23.390868+00
tecnocasa:64421,terrain,land,138000.0,TND,Hammamet,Hammamet,Cap Bon,200.0,,690.0,36.4223,10.6508,100.0,HIGH,False,2026-04-06 10:02:13.162722+00,2026-04-09 15:39:21.318602+00
tecnocasa:64606,appartement,apartment,200000.0,TND,Hammamet,Hammamet,Cap Bon,78.0,,2564.1,36.39710174113643,10.617021964817337,100.0,HIGH,False,2026-04-06 10:04:49.545504+00,2026-04-09 15:39:22.404746+00
tecnocasa:64615,maison,villa,1250000.0,TND,Hammamet,Hammamet,Cap Bon,320.0,,3906.25,36.40720174113642,10.59222195467415,80.0,GOOD,True,2026-04-06 10:07:18.001041+00,2026-04-09 15:39:19.527628+00
tecnocasa:64617,terrain,land,370600.0,TND,Hammamet,Hammamet,Cap Bon,436.0,,850.0,36.40760174113642,10.604321954272333,100.0,HIGH,False,2026-04-06 10:02:51.145312+00,2026-04-09 15:39:21.271117+00
tecnocasa:64726,terrain,land,222300.0,TND,Hammamet,Hammamet,Cap Bon,234.0,,950.0,36.4194,10.6532,100.0,HIGH,False,2026-04-06 10:02:42.59536+00,2026-04-09 15:39:19.684806+00
tecnocasa:64891,maison,villa,680000.0,TND,Hammamet,Hammamet,Cap Bon,210.0,,3238.1,36.40760174113642,10.592321954272334,100.0,HIGH,False,2026-04-06 10:07:01.623012+00,2026-04-09 15:39:19.635909+00
tunisieannonce:tunisieannonce_00b5d39933da,terrain,land,170000.0,TND,Denden,Jebel Jelloud,TUNIS,200.0,,850.0,36.7667,10.1833,90.0,HIGH,False,2026-03-26 23:43:01.73892+00,2026-04-09 15:39:23.690019+00
tunisieannonce:tunisieannonce_00ba1cecdaee,appartement,apartment,240000.0,TND,Ezzahra,Ezzahra,TUNIS,92.0,2.0,2608.7,36.743,10.308,100.0,HIGH,False,2026-04-06 11:31:27.768361+00,2026-04-09 15:39:21.523213+00
tunisieannonce:tunisieannonce_01a68d2cfaff,terrain,land,150000.0,TND,Cite El Mbarka,Jebel Jelloud,TUNIS,525.0,,285.71,36.7667,10.1833,85.0,HIGH,False,2026-04-06 14:23:07.73064+00,2026-04-09 15:39:21.009812+00
tunisieannonce:tunisieannonce_01cf564d2b12,terrain,land,291000.0,TND,Chatt Meriem,Jebel Jelloud,TUNIS,485.0,,600.0,36.7667,10.1833,100.0,HIGH,False,2026-03-27 17:54:20.18823+00,2026-04-09 15:39:22.984588+00
tunisieannonce:tunisieannonce_020b8df56b3a,terrain,land,300000.0,TND,Diar Ben Salem,Jebel Jelloud,TUNIS,,,,36.7667,10.1833,60.0,GOOD,False,2026-03-29 14:45:06.186138+00,2026-04-09 15:39:20.816164+00
tunisieannonce:tunisieannonce_0290cbea1104,terrain,land,443840.0,TND,Kalaa El Kebira,Kalaa El Kebira,TUNIS,387.0,,1146.87,35.8697,10.5544,100.0,HIGH,False,2026-04-01 21:39:23.423661+00,2026-04-09 15:39:22.006873+00
tunisieannonce:tunisieannonce_02d567d77144,terrain,land,4000.0,TND,Cite El Ghazala 1,Jebel Jelloud,TUNIS,,,,36.7667,10.1833,35.0,LOW,True,2026-04-06 12:32:39.257714+00,2026-04-09 15:39:19.17264+00
tunisieannonce:tunisieannonce_0307b3044753,terrain,land,630000.0,TND,Hammam Sousse,Hammam Sousse,TUNIS,383.0,,1644.91,35.8592,10.59,100.0,HIGH,False,2026-03-26 23:12:30.207299+00,2026-04-09 15:39:20.370781+00
tunisieannonce:tunisieannonce_0317e5929a3e,maison,villa,550000.0,TND,Akouda,Akouda,TUNIS,373.0,2.0,1474.53,35.8667,10.5667,100.0,HIGH,False,2026-03-29 10:42:07.514523+00,2026-04-09 15:39:22.295779+00
tunisieannonce:tunisieannonce_03262d41acb4,appartement,apartment,208000.0,TND,Ain Zaghouan,Zaghouan,TUNIS,58.0,2.0,3586.21,36.4025,10.1431,100.0,HIGH,False,2026-03-29 11:27:16.53732+00,2026-04-09 15:39:20.961476+00
tunisieannonce:tunisieannonce_03b6a0a40864,maison,villa,225000.0,TND,Raoued,Raoued,TUNIS,150.0,4.0,1500.0,36.908,10.2,100.0,HIGH,False,2026-04-06 15:15:01.299306+00,2026-04-09 15:39:24.097027+00
tunisieannonce:tunisieannonce_03d85d888e67,appartement,apartment,395000.0,TND,El Kantaoui,Jebel Jelloud,TUNIS,87.0,1.0,4540.23,36.7667,10.1833,100.0,HIGH,False,2026-03-29 10:20:12.82634+00,2026-04-09 15:39:25.529779+00
tunisieannonce:tunisieannonce_03f04c96da22,terrain,land,28000.0,TND,Residence Ellissa,Jebel Jelloud,TUNIS,290.0,,96.55,36.7667,10.1833,90.0,HIGH,False,2026-03-26 23:44:06.826838+00,2026-04-09 15:39:26.945756+00
tunisieannonce:tunisieannonce_0406fb6ac205,terrain,land,145000.0,TND,Mejez El Bab,Mejez El Bab,TUNIS,,,,36.6492,9.6108,60.0,GOOD,False,2026-04-01 20:55:59.238203+00,2026-04-09 15:39:27.678335+00
tunisieannonce:tunisieannonce_04267a454063,terrain,land,2280.0,TND,Chotrana 3,Jebel Jelloud,TUNIS,900.0,,2.53,36.7667,10.1833,80.0,GOOD,True,2026-04-01 20:49:59.497719+00,2026-04-09 15:39:26.274378+00
tunisieannonce:tunisieannonce_0430a4509366,terrain,land,2000.0,TND,Mejez El Bab,Mejez El Bab,TUNIS,,,,36.6492,9.6108,35.0,LOW,True,2026-04-01 20:53:38.226693+00,2026-04-09 15:39:24.785105+00
tunisieannonce:tunisieannonce_0451ce3c3af2,appartement,apartment,170000.0,TND,El Mourouj,El Mourouj,TUNIS,100.0,2.0,1700.0,36.7405,10.2042,100.0,HIGH,False,2026-04-02 09:50:49.515719+00,2026-04-09 15:39:27.194206+00
tunisieannonce:tunisieannonce_0464164d707f,terrain,land,65000.0,TND,Mornaguia,Mornaguia,TUNIS,500.0,,130.0,36.7833,9.95,100.0,HIGH,False,2026-03-27 16:07:47.650617+00,2026-04-09 15:39:23.892747+00
tunisieannonce:tunisieannonce_04693ec5cfbd,terrain,land,350000.0,TND,Mateur,Mateur,TUNIS,,,,37.038,9.665,55.0,LOW,False,2026-03-29 10:17:56.599568+00,2026-04-09 15:39:23.796802+00
tunisieannonce:tunisieannonce_049bf41cd95f,terrain,land,144760.0,TND,Hergla,Hergla,TUNIS,658.0,,220.0,36.0333,10.5,100.0,HIGH,False,2026-03-29 12:05:52.587576+00,2026-04-09 15:39:24.048477+00
tunisieannonce:tunisieannonce_05590d78d04b,terrain,land,157500.0,TND,Borj Cedria,Jebel Jelloud,TUNIS,328.0,,480.18,36.7667,10.1833,100.0,HIGH,False,2026-03-26 15:49:09.7611+00,2026-04-09 15:39:25.771306+00
tunisieannonce:tunisieannonce_05abb1207076,terrain,land,1230.0,TND,Sidi Daoud,Jebel Jelloud,TUNIS,948.0,,1.3,36.7667,10.1833,80.0,GOOD,True,2026-03-29 14:49:09.299553+00,2026-04-09 15:39:26.024676+00
tunisieannonce:tunisieannonce_05c72801126e,terrain,land,880000.0,TND,Hammamet,Hammamet,TUNIS,300.0,,2933.33,36.4,10.6167,100.0,HIGH,False,2026-04-06 17:31:41.799235+00,2026-04-09 15:39:26.795604+00
tunisieannonce:tunisieannonce_05f3c0431ce2,terrain,land,1000.0,TND,Kerkouane,Jebel Jelloud,TUNIS,,,,36.7667,10.1833,30.0,LOW,True,2026-04-06 12:00:32.960444+00,2026-04-09 15:39:25.965584+00
tunisieannonce:tunisieannonce_067e0d0fa300,terrain,land,340000.0,TND,Cite Touristique,Jebel Jelloud,TUNIS,275.0,3.0,1236.36,36.7667,10.1833,100.0,HIGH,False,2026-03-27 18:00:27.467582+00,2026-04-09 15:39:24.98736+00
tunisieannonce:tunisieannonce_06afe10695cb,appartement,apartment,255000.0,TND,Cite Ennasr 1,Jebel Jelloud,TUNIS,88.0,4.0,2897.73,36.7667,10.1833,100.0,HIGH,False,2026-03-29 13:05:37.75332+00,2026-04-09 15:39:27.973096+00
tunisieannonce:tunisieannonce_06dc53b94980,terrain,land,950000.0,TND,Merkez Sahnoun,Jebel Jelloud,TUNIS,400.0,3.0,2375.0,36.7667,10.1833,100.0,HIGH,False,2026-04-06 14:13:39.832182+00,2026-04-09 15:39:27.14715+00
tunisieannonce:tunisieannonce_0720e717e71d,maison,villa,245000.0,TND,Hammamet,Hammamet,TUNIS,400.0,2.0,612.5,36.4,10.6167,100.0,HIGH,False,2026-04-06 10:31:28.5195+00,2026-04-09 15:39:28.124529+00
tunisieannonce:tunisieannonce_072385f98195,terrain,land,1214.0,TND,Hammam Sousse,Hammam Sousse,TUNIS,48.0,,25.29,35.8592,10.59,70.0,GOOD,True,2026-04-06 15:08:32.053414+00,2026-04-09 15:39:26.323123+00
tunisieannonce:tunisieannonce_0727e65110e8,terrain,land,460000.0,TND,Akouda,Akouda,TUNIS,496.0,1.0,927.42,35.8667,10.5667,100.0,HIGH,False,2026-04-01 22:18:10.644038+00,2026-04-09 15:39:25.191039+00
tunisieannonce:tunisieannonce_075a905d57da,appartement,apartment,90000.0,TND,Bab El Jazira,Jebel Jelloud,TUNIS,100.0,4.0,900.0,36.7667,10.1833,100.0,HIGH,False,2026-03-26 23:37:20.423898+00,2026-04-09 15:39:27.774617+00
tunisieannonce:tunisieannonce_075fed7f87a6,terrain,land,56000.0,TND,Zaouiet Sousse,Sidi El Heni,TUNIS,140.0,,400.0,35.6756,10.3106,100.0,HIGH,False,2026-03-31 14:20:15.761925+00,2026-04-09 15:39:24.542425+00
tunisieannonce:tunisieannonce_076d584afc2e,terrain,land,157000.0,TND,Hammam Lif,Hammam Lif,TUNIS,231.0,,679.65,36.728,10.336,100.0,HIGH,False,2026-03-26 16:18:31.941647+00,2026-04-09 15:39:25.28741+00
tunisieannonce:tunisieannonce_077490ff5aa3,maison,villa,580000.0,TND,El Omrane Superieur,El Omrane Superieur,TUNIS,250.0,2.0,2320.0,36.8264,10.1506,100.0,HIGH,False,2026-04-06 12:14:57.666179+00,2026-04-09 15:39:26.371516+00
tunisieannonce:tunisieannonce_078d6b6f1d1a,appartement,apartment,490000.0,TND,Cite Ennasr 1,Jebel Jelloud,TUNIS,155.0,2.0,3161.29,36.7667,10.1833,100.0,HIGH,False,2026-04-02 09:16:45.890534+00,2026-04-09 15:39:26.071468+00
tunisieannonce:tunisieannonce_07d21c505e6e,terrain,land,330000.0,TND,Hammamet,Hammamet,TUNIS,366.0,,901.64,36.4,10.6167,90.0,HIGH,False,2026-04-06 17:49:11.931354+00,2026-04-09 15:39:25.578554+00
tunisieannonce:tunisieannonce_07e5d0bd45ff,terrain,land,222300.0,TND,Chatt Meriem,Jebel Jelloud,TUNIS,390.0,,570.0,36.7667,10.1833,100.0,HIGH,False,2026-04-02 08:28:46.399422+00,2026-04-09 15:39:27.629737+00
tunisieannonce:tunisieannonce_08a0f3a06940,terrain,land,175000.0,TND,Bir Mcherga,Bir Mcherga,TUNIS,400.0,,437.5,36.5167,10.0,100.0,HIGH,False,2026-03-26 16:31:48.159695+00,2026-04-09 15:39:27.919573+00
tunisieannonce:tunisieannonce_08e78c2214de,terrain,land,1050.0,TND,Mejez El Bab,Mejez El Bab,TUNIS,,,,36.6492,9.6108,35.0,LOW,True,2026-04-01 20:53:29.473462+00,2026-04-09 15:39:25.035771+00
tunisieannonce:tunisieannonce_0938c485f8d2,terrain,land,875000.0,TND,Ezzahra,Ezzahra,TUNIS,400.0,3.0,2187.5,36.743,10.308,100.0,HIGH,False,2026-04-06 15:06:22.253826+00,2026-04-09 15:39:26.478298+00
tunisieannonce:tunisieannonce_094c6596b3bd,appartement,apartment,400000.0,TND,El Kantaoui,Jebel Jelloud,TUNIS,200.0,3.0,2000.0,36.7667,10.1833,100.0,HIGH,False,2026-03-27 16:16:12.443217+00,2026-04-09 15:39:26.681195+00
tunisieannonce:tunisieannonce_09628e12a6c0,terrain,land,900000.0,TND,Sidi Daoud,Jebel Jelloud,TUNIS,345.0,3.0,2608.7,36.7667,10.1833,100.0,HIGH,False,2026-03-31 14:04:38.974528+00,2026-04-09 15:39:27.726471+00
tunisieannonce:tunisieannonce_096bdeceadb3,terrain,land,55000.0,TND,Borj Ennour,Jebel Jelloud,TUNIS,500.0,,110.0,36.7667,10.1833,100.0,HIGH,False,2026-03-27 18:07:16.750836+00,2026-04-09 15:39:27.483958+00
tunisieannonce:tunisieannonce_09848afcdda0,appartement,apartment,300000.0,TND,El Kantaoui,Jebel Jelloud,TUNIS,35.0,2.0,8571.43,36.7667,10.1833,100.0,HIGH,False,2026-03-31 12:56:17.498183+00,2026-04-09 15:39:24.687243+00
tunisieannonce:tunisieannonce_099577accd09,appartement,apartment,650000.0,TND,Jardins De Carthage,Carthage,TUNIS,170.0,3.0,3823.53,36.8536,10.3256,100.0,HIGH,False,2026-03-29 12:33:19.160333+00,2026-04-09 15:39:24.395605+00
tunisieannonce:tunisieannonce_0a939fa08934,terrain,land,720000.0,TND,El Omrane Superieur,El Omrane Superieur,TUNIS,822.0,,875.91,36.8264,10.1506,100.0,HIGH,False,2026-04-02 09:32:26.874347+00,2026-04-09 15:39:27.532826+00
tunisieannonce:tunisieannonce_0acde6a2ca42,terrain,land,85000.0,TND,Hammamet,Hammamet,TUNIS,1000.0,,85.0,36.4,10.6167,80.0,GOOD,False,2026-04-06 10:40:45.522243+00,2026-04-09 15:39:28.171799+00
tunisieannonce:tunisieannonce_0ae8847b67f5,terrain,land,2400.0,TND,Raoued,Raoued,TUNIS,820.0,,2.93,36.908,10.2,70.0,GOOD,True,2026-04-06 12:19:08.844828+00,2026-04-09 15:39:26.585022+00
tunisieannonce:tunisieannonce_0aec81343423,terrain,land,650000.0,TND,Hergla,Hergla,TUNIS,741.0,,877.19,36.0333,10.5,100.0,HIGH,False,2026-03-26 16:08:29.326648+00,2026-04-09 15:39:25.722321+00
tunisieannonce:tunisieannonce_0b29a922f73c,maison,villa,420000.0,TND,Marsa Erriadh,Jebel Jelloud,TUNIS,200.0,3.0,2100.0,36.7667,10.1833,100.0,HIGH,False,2026-03-29 13:02:25.219283+00,2026-04-09 15:39:23.948266+00
tunisieannonce:tunisieannonce_0b2f19989bcf,terrain,land,100580.0,TND,Akouda,Akouda,TUNIS,214.0,,470.0,35.8667,10.5667,100.0,HIGH,False,2026-03-26 23:32:25.846862+00,2026-04-09 15:39:24.736359+00
tunisieannonce:tunisieannonce_0b3c2fe64281,maison,villa,165000.0,TND,Ariana,Ariana Ville,TUNIS,115.0,3.0,1434.78,36.866011,10.193923,100.0,HIGH,False,2026-04-01 22:23:52.892612+00,2026-04-09 15:39:25.626804+00
tunisieannonce:tunisieannonce_0b5ceabe48b0,terrain,land,570000.0,TND,Bou Mhel,Jebel Jelloud,TUNIS,1000.0,,570.0,36.7667,10.1833,95.0,HIGH,False,2026-03-29 10:02:44.217995+00,2026-04-09 15:39:26.526441+00
tunisieannonce:tunisieannonce_0bd0d4593dbf,terrain,land,692250.0,TND,Cebalet Ben Ammar,Jebel Jelloud,TUNIS,65.0,,10650.0,36.7667,10.1833,75.0,GOOD,True,2026-04-06 12:19:23.865492+00,2026-04-09 15:39:26.531494+00
tunisieannonce:tunisieannonce_0c0c6db28f6c,terrain,land,690000.0,TND,Riadh Landlous,Jebel Jelloud,TUNIS,345.0,3.0,2000.0,36.7667,10.1833,100.0,HIGH,False,2026-04-01 22:03:00.721691+00,2026-04-09 15:39:27.289613+00
tunisieannonce:tunisieannonce_0c3e1beb1853,terrain,land,175000.0,TND,Cebalet Ben Ammar,Jebel Jelloud,TUNIS,700.0,,250.0,36.7667,10.1833,95.0,HIGH,False,2026-04-06 15:22:25.155068+00,2026-04-09 15:39:32.847588+00
tunisieannonce:tunisieannonce_0c4ddb8a49d7,appartement,apartment,235000.0,TND,El Aouina,Jebel Jelloud,TUNIS,105.0,2.0,2238.1,36.7667,10.1833,100.0,HIGH,False,2026-03-29 10:26:31.000515+00,2026-04-09 15:39:31.356765+00
tunisieannonce:tunisieannonce_0cac0f203518,terrain,land,50000.0,TND,Charaf,Jebel Jelloud,TUNIS,300.0,,166.67,36.7667,10.1833,100.0,HIGH,False,2026-03-29 10:09:54.254007+00,2026-04-09 15:39:32.393542+00
tunisieannonce:tunisieannonce_0d242aa4306f,terrain,land,630000.0,TND,Marsa Erriadh,Jebel Jelloud,TUNIS,210.0,3.0,3000.0,36.7667,10.1833,100.0,HIGH,False,2026-03-29 11:19:52.49447+00,2026-04-09 15:39:30.321091+00
tunisieannonce:tunisieannonce_0d2a534e8c8f,terrain,land,1400.0,TND,Hammam Sousse,Hammam Sousse,TUNIS,800.0,3.0,1.75,35.8592,10.59,90.0,HIGH,True,2026-03-29 12:06:01.868989+00,2026-04-09 15:39:30.515249+00
tunisieannonce:tunisieannonce_0d3023a540db,maison,villa,550000.0,TND,El Mourouj,El Mourouj,TUNIS,365.0,2.0,1506.85,36.7405,10.2042,100.0,HIGH,False,2026-03-27 16:19:14.664284+00,2026-04-09 15:39:32.556853+00
tunisieannonce:tunisieannonce_0d4c5de07bf8,maison,villa,920000.0,TND,Hammamet,Hammamet,TUNIS,500.0,2.0,1840.0,36.4,10.6167,100.0,HIGH,False,2026-04-06 12:07:22.674981+00,2026-04-09 15:39:29.246951+00
tunisieannonce:tunisieannonce_0d701ea516e2,terrain,land,4800.0,TND,Le Kram,Jebel Jelloud,TUNIS,500.0,3.0,9.6,36.7667,10.1833,80.0,GOOD,True,2026-04-06 14:42:37.110958+00,2026-04-09 15:39:28.859314+00
tunisieannonce:tunisieannonce_0d9eb160d7ca,terrain,land,110000.0,TND,Sidi Hmed,Jebel Jelloud,TUNIS,500.0,2.0,220.0,36.7667,10.1833,100.0,HIGH,False,2026-03-26 23:36:10.932443+00,2026-04-09 15:39:31.405694+00
tunisieannonce:tunisieannonce_0dd925d98dfa,terrain,land,218000.0,TND,Cite Bhar Lazreg,Jebel Jelloud,TUNIS,190.0,,1147.37,36.7667,10.1833,100.0,HIGH,False,2026-03-26 16:32:51.960813+00,2026-04-09 15:39:32.896063+00
tunisieannonce:tunisieannonce_0de6d4dfd3fe,maison,villa,430000.0,TND,Ksar Said,Jebel Jelloud,TUNIS,280.0,3.0,1535.71,36.7667,10.1833,100.0,HIGH,False,2026-03-26 23:15:33.542227+00,2026-04-09 15:39:31.597793+00
tunisieannonce:tunisieannonce_0df019faa686,maison,villa,460000.0,TND,El Menzah 7,El Menzah,TUNIS,162.0,3.0,2839.51,36.8528,10.1703,100.0,HIGH,False,2026-03-31 14:52:16.090086+00,2026-04-09 15:39:29.341713+00
tunisieannonce:tunisieannonce_0e022635418c,appartement,apartment,650000.0,TND,Chotrana 2,Jebel Jelloud,TUNIS,156.0,3.0,4166.67,36.7667,10.1833,100.0,HIGH,False,2026-03-26 16:06:21.579086+00,2026-04-09 15:39:29.74003+00
tunisieannonce:tunisieannonce_0e4481dad55d,terrain,land,7790.0,TND,Kelibia,Kelibia,TUNIS,116.0,,67.16,36.8472,11.0944,75.0,GOOD,False,2026-03-31 15:08:06.297848+00,2026-04-09 15:39:29.45023+00
tunisieannonce:tunisieannonce_0e4757926032,terrain,land,519000.0,TND,Chatt Meriem,Jebel Jelloud,TUNIS,154.0,,3370.13,36.7667,10.1833,100.0,HIGH,False,2026-03-26 23:35:51.367741+00,2026-04-09 15:39:28.364208+00
tunisieannonce:tunisieannonce_0e87dba4f25d,terrain,land,980000.0,TND,Cite Ennasr 2,Jebel Jelloud,TUNIS,530.0,,1849.06,36.7667,10.1833,100.0,HIGH,False,2026-04-01 22:16:24.352802+00,2026-04-09 15:39:30.030783+00
tunisieannonce:tunisieannonce_0eaa52929d43,terrain,land,138150.0,TND,Zaouiet Sousse,Sidi El Heni,TUNIS,307.0,,450.0,35.6756,10.3106,100.0,HIGH,False,2026-03-31 14:19:55.72505+00,2026-04-09 15:39:30.224743+00
tunisieannonce:tunisieannonce_0eaf86ad1fa5,appartement,apartment,750.0,TND,Zone Urbaine Nord,Jebel Jelloud,TUNIS,90.0,2.0,8.33,36.7667,10.1833,85.0,HIGH,True,2026-04-01 20:52:06.524308+00,2026-04-09 15:39:28.810858+00
tunisieannonce:tunisieannonce_0ec6330c6548,terrain,land,210000.0,TND,Cite Touristique,Jebel Jelloud,TUNIS,185.0,3.0,1135.14,36.7667,10.1833,100.0,HIGH,False,2026-04-01 22:26:14.61948+00,2026-04-09 15:39:28.908525+00
tunisieannonce:tunisieannonce_0ee16d0d2595,terrain,land,2200.0,TND,El Menzah 4,El Menzah,TUNIS,200.0,3.0,11.0,36.8528,10.1703,90.0,HIGH,True,2026-03-31 13:56:07.453814+00,2026-04-09 15:39:29.498639+00
tunisieannonce:tunisieannonce_0f4aea7aa51e,maison,villa,650000.0,TND,La Mannouba,Mannouba,TUNIS,420.0,3.0,1547.62,36.8097,10.0928,100.0,HIGH,False,2026-04-01 22:14:51.43861+00,2026-04-09 15:39:28.617551+00
tunisieannonce:tunisieannonce_0f5c4f2ab6c4,terrain,land,460000.0,TND,El Mourouj,El Mourouj,TUNIS,356.0,3.0,1292.13,36.7405,10.2042,100.0,HIGH,False,2026-03-29 11:47:54.605115+00,2026-04-09 15:39:28.664852+00
tunisieannonce:tunisieannonce_0f6ea9ea0ffa,terrain,land,850000.0,TND,Sidi Daoud,Jebel Jelloud,TUNIS,636.0,,1336.48,36.7667,10.1833,100.0,HIGH,False,2026-04-01 22:13:02.812713+00,2026-04-09 15:39:29.98228+00
tunisieannonce:tunisieannonce_0ff9a830ac93,terrain,land,275000.0,TND,Ariana,Ariana Ville,TUNIS,550.0,,500.0,36.866011,10.193923,100.0,HIGH,False,2026-03-31 13:24:00.553586+00,2026-04-09 15:39:29.595153+00
tunisieannonce:tunisieannonce_1003dc04cad5,terrain,land,1650.0,TND,Gammart,Jebel Jelloud,TUNIS,630.0,,2.62,36.7667,10.1833,80.0,GOOD,True,2026-03-31 13:49:40.23745+00,2026-04-09 15:39:28.414018+00
tunisieannonce:tunisieannonce_10099aacf90d,terrain,land,1240.0,TND,Sidi Daoud,Jebel Jelloud,TUNIS,32.0,,38.75,36.7667,10.1833,80.0,GOOD,True,2026-03-27 15:57:05.574407+00,2026-04-09 15:39:30.765438+00
tunisieannonce:tunisieannonce_104b143e6900,terrain,land,35000.0,TND,Jemna,Jebel Jelloud,TUNIS,300.0,,116.67,36.7667,10.1833,100.0,HIGH,False,2026-04-01 20:50:23.211936+00,2026-04-09 15:39:30.176065+00
tunisieannonce:tunisieannonce_1057803f323a,appartement,apartment,400000.0,TND,La Soukra,La Soukra,TUNIS,125.0,2.0,3200.0,36.885212,10.245301,100.0,HIGH,False,2026-04-06 11:13:54.822269+00,2026-04-09 15:39:32.954587+00
tunisieannonce:tunisieannonce_105c1d87f56d,maison,villa,620000.0,TND,Ben Arous,Ben Arous,TUNIS,500.0,,1240.0,36.745,10.225,95.0,HIGH,False,2026-03-26 23:37:11.579091+00,2026-04-09 15:39:30.911601+00
tunisieannonce:tunisieannonce_109da333cf6b,terrain,land,750000.0,TND,Cite El Ghazala 1,Jebel Jelloud,TUNIS,450.0,3.0,1666.67,36.7667,10.1833,100.0,HIGH,False,2026-03-26 16:10:17.196508+00,2026-04-09 15:39:29.150378+00
tunisieannonce:tunisieannonce_10a924a36ad8,terrain,land,36000.0,TND,Essalloum,Jebel Jelloud,TUNIS,300.0,,120.0,36.7667,10.1833,100.0,HIGH,False,2026-04-01 21:47:57.580929+00,2026-04-09 15:39:31.995847+00
tunisieannonce:tunisieannonce_10caa8390bb7,terrain,land,150000.0,TND,Hammamet,Hammamet,TUNIS,1000.0,,150.0,36.4,10.6167,100.0,HIGH,False,2026-03-29 10:30:07.192204+00,2026-04-09 15:39:28.763122+00
tunisieannonce:tunisieannonce_10cfca54a849,terrain,land,450000.0,TND,Akouda,Akouda,TUNIS,400.0,4.0,1125.0,35.8667,10.5667,100.0,HIGH,False,2026-03-29 10:48:38.928767+00,2026-04-09 15:39:29.88507+00
tunisieannonce:tunisieannonce_10d7dc8f26ea,maison,villa,986000.0,TND,Chotrana 1,Jebel Jelloud,TUNIS,158.0,3.0,6240.51,36.7667,10.1833,100.0,HIGH,False,2026-03-29 12:22:14.911833+00,2026-04-09 15:39:30.718161+00
tunisieannonce:tunisieannonce_10e04a58eaa3,appartement,apartment,390000.0,TND,Riadh Landlous,Jebel Jelloud,TUNIS,123.0,3.0,3170.73,36.7667,10.1833,100.0,HIGH,False,2026-04-06 10:30:13.757134+00,2026-04-09 15:39:31.105366+00
tunisieannonce:tunisieannonce_10ec510df311,terrain,land,299500.0,TND,Borj Cedria,Jebel Jelloud,TUNIS,521.0,,574.86,36.7667,10.1833,100.0,HIGH,False,2026-03-27 18:10:14.13306+00,2026-04-09 15:39:31.947878+00
tunisieannonce:tunisieannonce_1169b2a65e52,terrain,land,1150.0,TND,Sousse Riadh,Sousse Riadh,TUNIS,289.0,,3.98,35.8269,10.63,80.0,GOOD,True,2026-04-01 22:35:04.461719+00,2026-04-09 15:39:29.198129+00
tunisieannonce:tunisieannonce_11c03bef8b23,terrain,land,1450.0,TND,La Soukra,La Soukra,TUNIS,1000.0,,1.45,36.885212,10.245301,80.0,GOOD,True,2026-04-01 22:03:28.451319+00,2026-04-09 15:39:31.839282+00
tunisieannonce:tunisieannonce_11c447a1074a,appartement,apartment,135000.0,TND,Village Mediterranee,Jebel Jelloud,TUNIS,80.0,2.0,1687.5,36.7667,10.1833,100.0,HIGH,False,2026-03-29 11:25:20.906828+00,2026-04-09 15:39:32.28585+00
tunisieannonce:tunisieannonce_1205996060f2,terrain,land,270000.0,TND,Boucha,Jebel Jelloud,TUNIS,,,,36.7667,10.1833,60.0,GOOD,False,2026-04-01 20:56:07.698894+00,2026-04-09 15:39:29.837018+00
tunisieannonce:tunisieannonce_128547791feb,terrain,land,1468.0,TND,Ghar El Melh,Ghar El Melh,TUNIS,632.0,,2.32,37.1458,10.1752,80.0,GOOD,True,2026-03-27 16:10:10.308798+00,2026-04-09 15:39:30.563743+00
tunisieannonce:tunisieannonce_1291aae5fc9f,appartement,apartment,315000.0,TND,Cite Ennasr 2,Jebel Jelloud,TUNIS,122.0,2.0,2581.97,36.7667,10.1833,100.0,HIGH,False,2026-04-06 11:36:18.86352+00,2026-04-09 15:39:31.057079+00
tunisieannonce:tunisieannonce_12cb38d0f798,maison,villa,1300.0,TND,El Manar 1,Jebel Jelloud,TUNIS,2024.0,3.0,0.64,36.7667,10.1833,90.0,HIGH,True,2026-04-01 21:33:30.218348+00,2026-04-09 15:39:30.813765+00
tunisieannonce:tunisieannonce_12d6de481375,terrain,land,115000.0,TND,Hammamet,Hammamet,TUNIS,680.0,,169.12,36.4,10.6167,100.0,HIGH,False,2026-03-29 12:57:27.744107+00,2026-04-09 15:39:31.154237+00
tunisieannonce:tunisieannonce_12eb0752259c,terrain,land,570000.0,TND,Riadh Landlous,Jebel Jelloud,TUNIS,379.0,,1503.96,36.7667,10.1833,100.0,HIGH,False,2026-04-01 22:17:38.11655+00,2026-04-09 15:39:29.295674+00
tunisieannonce:tunisieannonce_130b5f496613,terrain,land,591000.0,TND,Cite Hached,Jebel Jelloud,TUNIS,473.0,,1249.47,36.7667,10.1833,100.0,HIGH,False,2026-03-31 15:51:00.79737+00,2026-04-09 15:39:31.255345+00
tunisieannonce:tunisieannonce_13a25a9d7183,terrain,land,170000.0,TND,Chatt Meriem,Jebel Jelloud,TUNIS,1000.0,,170.0,36.7667,10.1833,100.0,HIGH,False,2026-03-31 15:31:34.839419+00,2026-04-09 15:39:29.101074+00
tunisieannonce:tunisieannonce_13f838802223,terrain,land,227000.0,TND,Raoued,Raoued,TUNIS,454.0,,500.0,36.908,10.2,100.0,HIGH,False,2026-04-06 12:32:49.861896+00,2026-04-09 15:39:33.002716+00
tunisieannonce:tunisieannonce_1422707687ca,appartement,apartment,240000.0,TND,El Aouina,Jebel Jelloud,TUNIS,75.0,3.0,3200.0,36.7667,10.1833,100.0,HIGH,False,2026-03-26 23:44:52.967164+00,2026-04-09 15:39:31.501427+00
tunisieannonce:tunisieannonce_145178a3ccfa,terrain,land,800000.0,TND,Raoued,Raoued,TUNIS,753.0,,1062.42,36.908,10.2,100.0,HIGH,False,2026-03-27 17:55:19.846411+00,2026-04-09 15:39:36.294021+00
tunisieannonce:tunisieannonce_14c17f2dd17e,terrain,land,206400.0,TND,Oued Ellil,Oued Ellil,TUNIS,344.0,,600.0,36.8311,10.0347,95.0,HIGH,False,2026-03-31 14:42:07.724485+00,2026-04-09 15:39:37.059015+00
tunisieannonce:tunisieannonce_14c2014cf693,terrain,land,216000.0,TND,Sidi Thabet,Sidi Thabet,TUNIS,482.0,,448.13,36.933,10.039,100.0,HIGH,False,2026-04-01 22:37:28.236953+00,2026-04-09 15:39:33.612769+00
tunisieannonce:tunisieannonce_14f241a5ffda,terrain,land,250000.0,TND,Zone Industrielle Saint Gobin,Jebel Jelloud,TUNIS,100.0,,2500.0,36.7667,10.1833,100.0,HIGH,False,2026-03-26 16:10:08.950741+00,2026-04-09 15:39:37.010927+00
tunisieannonce:tunisieannonce_15177a34f2e2,maison,villa,690000.0,TND,Hammamet,Hammamet,TUNIS,210.0,2.0,3285.71,36.4,10.6167,100.0,HIGH,False,2026-04-06 11:48:37.971753+00,2026-04-09 15:39:33.303167+00
tunisieannonce:tunisieannonce_151ea568d922,terrain,land,400000.0,TND,Mornag,Mornag,TUNIS,200.0,,2000.0,36.6715,10.258,95.0,HIGH,False,2026-03-29 12:35:38.002899+00,2026-04-09 15:39:36.952978+00
tunisieannonce:tunisieannonce_1537155e73d2,terrain,land,1950.0,TND,Bir Mcherga,Bir Mcherga,TUNIS,5000.0,,0.39,36.5167,10.0,80.0,GOOD,True,2026-03-26 16:16:36.116141+00,2026-04-09 15:39:34.657596+00
tunisieannonce:tunisieannonce_1563ad69b76c,terrain,land,1700.0,TND,El Menzah 1,El Menzah,TUNIS,750.0,,2.27,36.8528,10.1703,75.0,GOOD,True,2026-04-06 11:28:21.109972+00,2026-04-09 15:39:34.514134+00
tunisieannonce:tunisieannonce_158cc6dcf625,terrain,land,1675.0,TND,El Fahs,El Fahs,TUNIS,,,,36.3747,9.9017,45.0,LOW,True,2026-03-26 16:30:21.262092+00,2026-04-09 15:39:33.351481+00
tunisieannonce:tunisieannonce_15d2458ccf03,appartement,apartment,430000.0,TND,Riadh Landlous,Jebel Jelloud,TUNIS,137.0,3.0,3138.69,36.7667,10.1833,100.0,HIGH,False,2026-03-26 23:09:13.790779+00,2026-04-09 15:39:36.145135+00
tunisieannonce:tunisieannonce_16456a8ce2f4,maison,villa,980000.0,TND,Hammamet,Hammamet,TUNIS,750.0,,1306.67,36.4,10.6167,100.0,HIGH,False,2026-04-01 22:04:58.578569+00,2026-04-09 15:39:35.248194+00
tunisieannonce:tunisieannonce_167c7d7cc654,terrain,land,160000.0,TND,Cite Ennasr 2,Jebel Jelloud,TUNIS,400.0,,400.0,36.7667,10.1833,100.0,HIGH,False,2026-04-06 12:24:02.702565+00,2026-04-09 15:39:37.205401+00
tunisieannonce:tunisieannonce_16fd3d5fd8d2,terrain,land,2500.0,TND,Cite Ennasr 2,Jebel Jelloud,TUNIS,500.0,3.0,5.0,36.7667,10.1833,90.0,HIGH,True,2026-04-01 21:11:53.780722+00,2026-04-09 15:39:35.800233+00
tunisieannonce:tunisieannonce_17090bdc8a12,appartement,apartment,520000.0,TND,Chatt Meriem,Jebel Jelloud,TUNIS,76.0,2.0,6842.11,36.7667,10.1833,100.0,HIGH,False,2026-03-31 13:09:02.481801+00,2026-04-09 15:39:34.059523+00
tunisieannonce:tunisieannonce_1724d18a05d8,terrain,land,300000.0,TND,Hergla,Hergla,TUNIS,420.0,,714.29,36.0333,10.5,100.0,HIGH,False,2026-03-31 12:47:07.843378+00,2026-04-09 15:39:34.899652+00
tunisieannonce:tunisieannonce_1745ab6fe193,appartement,apartment,140000.0,TND,El Mourouj,El Mourouj,TUNIS,90.0,2.0,1555.56,36.7405,10.2042,100.0,HIGH,False,2026-04-06 17:32:41.785371+00,2026-04-09 15:39:36.759024+00
tunisieannonce:tunisieannonce_1766a8636cdc,appartement,apartment,345000.0,TND,Residence Jinene El Mourouj,El Mourouj,TUNIS,160.0,2.0,2156.25,36.7405,10.2042,100.0,HIGH,False,2026-03-31 14:31:30.746675+00,2026-04-09 15:39:34.75529+00
tunisieannonce:tunisieannonce_179d9ae759f3,terrain,land,830000.0,TND,Hammamet,Hammamet,TUNIS,400.0,3.0,2075.0,36.4,10.6167,100.0,HIGH,False,2026-04-06 15:18:11.795697+00,2026-04-09 15:39:36.855725+00
tunisieannonce:tunisieannonce_17ba8a3cd592,maison,villa,170000.0,TND,Hammamet,Hammamet,TUNIS,120.0,2.0,1416.67,36.4,10.6167,100.0,HIGH,False,2026-03-31 12:53:46.90839+00,2026-04-09 15:39:36.957736+00
tunisieannonce:tunisieannonce_186619cca042,maison,villa,280000.0,TND,Hammam Sousse,Hammam Sousse,TUNIS,350.0,2.0,800.0,35.8592,10.59,100.0,HIGH,False,2026-03-31 15:52:58.220584+00,2026-04-09 15:39:36.450323+00
tunisieannonce:tunisieannonce_186c5471b7e0,terrain,land,150000.0,TND,Kalaa Essghira,Kalaa Essghira,TUNIS,325.0,,461.54,35.8381,10.5736,100.0,HIGH,False,2026-04-01 21:22:56.905187+00,2026-04-09 15:39:34.948016+00
tunisieannonce:tunisieannonce_187aa99c9ddb,appartement,apartment,325000.0,TND,Sahloul,Jebel Jelloud,TUNIS,100.0,2.0,3250.0,36.7667,10.1833,100.0,HIGH,False,2026-03-27 16:15:33.791313+00,2026-04-09 15:39:37.649602+00
tunisieannonce:tunisieannonce_187bf62b6cd6,terrain,land,1700.0,TND,Hammam Sousse,Hammam Sousse,TUNIS,367.0,3.0,4.63,35.8592,10.59,80.0,GOOD,True,2026-04-06 17:48:36.765432+00,2026-04-09 15:39:36.60476+00
tunisieannonce:tunisieannonce_18a225d64af2,terrain,land,980000.0,TND,Borj Cedria,Jebel Jelloud,TUNIS,529.0,4.0,1852.55,36.7667,10.1833,100.0,HIGH,False,2026-03-29 11:33:26.375973+00,2026-04-09 15:39:34.996026+00
tunisieannonce:tunisieannonce_18a8fef8c13b,terrain,land,980000.0,TND,Sidi Jedidi,Jebel Jelloud,TUNIS,635.0,3.0,1543.31,36.7667,10.1833,100.0,HIGH,False,2026-04-06 15:15:58.19191+00,2026-04-09 15:39:33.496552+00
tunisieannonce:tunisieannonce_18d9d0ad9b91,maison,villa,245000.0,TND,Hammamet,Hammamet,TUNIS,400.0,2.0,612.5,36.4,10.6167,100.0,HIGH,False,2026-03-31 12:28:43.421209+00,2026-04-09 15:39:35.993916+00
tunisieannonce:tunisieannonce_18e266a3c2be,appartement,apartment,145000.0,TND,Sahloul,Jebel Jelloud,TUNIS,90.0,2.0,1611.11,36.7667,10.1833,100.0,HIGH,False,2026-03-29 11:46:59.540876+00,2026-04-09 15:39:35.849236+00
tunisieannonce:tunisieannonce_18feefc312a9,terrain,land,1200.0,TND,Sidi Daoud,Jebel Jelloud,TUNIS,1000.0,,1.2,36.7667,10.1833,80.0,GOOD,True,2026-03-31 14:55:41.924964+00,2026-04-09 15:39:36.50792+00
tunisieannonce:tunisieannonce_1915bc7428c9,terrain,land,4000.0,TND,Cite Ennasr 2,Jebel Jelloud,TUNIS,800.0,4.0,5.0,36.7667,10.1833,85.0,HIGH,True,2026-03-29 11:22:33.789095+00,2026-04-09 15:39:35.254657+00
tunisieannonce:tunisieannonce_19404c7572ab,terrain,land,490000.0,TND,El Amaiem,Jebel Jelloud,TUNIS,,,,36.7667,10.1833,65.0,GOOD,False,2026-03-26 16:30:53.264238+00,2026-04-09 15:39:33.75793+00
tunisieannonce:tunisieannonce_1965bab2dcc8,terrain,land,260000.0,TND,El Fejja,Jebel Jelloud,TUNIS,40.0,,6500.0,36.7667,10.1833,80.0,GOOD,True,2026-04-01 21:41:27.090616+00,2026-04-09 15:39:36.661947+00
tunisieannonce:tunisieannonce_199d93586d12,terrain,land,5445.0,TND,Riadh Landlous,Jebel Jelloud,TUNIS,300.0,3.0,18.15,36.7667,10.1833,75.0,GOOD,True,2026-04-06 12:24:57.241238+00,2026-04-09 15:39:37.406398+00
tunisieannonce:tunisieannonce_19be7fb7db0b,appartement,apartment,140000.0,TND,El Mourouj,El Mourouj,TUNIS,60.0,2.0,2333.33,36.7405,10.2042,100.0,HIGH,False,2026-04-01 22:25:12.892711+00,2026-04-09 15:39:35.596905+00
tunisieannonce:tunisieannonce_1a56a16d264a,terrain,land,1000.0,TND,Kelibia,Kelibia,TUNIS,,,,36.8472,11.0944,40.0,LOW,True,2026-03-31 13:26:28.45058+00,2026-04-09 15:39:37.601098+00
tunisieannonce:tunisieannonce_1a57134492b6,terrain,land,250000.0,TND,Khelidia,Jebel Jelloud,TUNIS,,,,36.7667,10.1833,55.0,LOW,False,2026-04-02 08:41:52.605618+00,2026-04-09 15:39:35.354913+00
tunisieannonce:tunisieannonce_1a591338b79a,terrain,land,650000.0,TND,Cite Ennasr 1,Jebel Jelloud,TUNIS,325.0,3.0,2000.0,36.7667,10.1833,100.0,HIGH,False,2026-03-26 23:30:46.983792+00,2026-04-09 15:39:36.807764+00
tunisieannonce:tunisieannonce_1a7b6aa919fa,maison,villa,95000.0,TND,Hammamet,Hammamet,TUNIS,200.0,2.0,475.0,36.4,10.6167,100.0,HIGH,False,2026-04-06 10:43:26.20833+00,2026-04-09 15:39:35.897091+00
tunisieannonce:tunisieannonce_1b1065d27ddd,terrain,land,1700.0,TND,Sidi Daoud,Jebel Jelloud,TUNIS,800.0,,2.12,36.7667,10.1833,80.0,GOOD,True,2026-03-27 17:54:55.34479+00,2026-04-09 15:39:35.499948+00
tunisieannonce:tunisieannonce_1b4105b95f75,maison,villa,530000.0,TND,Chotrana 1,Jebel Jelloud,TUNIS,100.0,2.0,5300.0,36.7667,10.1833,100.0,HIGH,False,2026-03-26 15:44:53.016856+00,2026-04-09 15:39:34.802725+00
tunisieannonce:tunisieannonce_1b6f5aa489a0,terrain,land,520000.0,TND,El Kantaoui,Jebel Jelloud,TUNIS,800.0,,650.0,36.7667,10.1833,100.0,HIGH,False,2026-04-01 22:34:33.322789+00,2026-04-09 15:39:37.697471+00
tunisieannonce:tunisieannonce_1b944dc7ab05,maison,villa,715000.0,TND,El Aouina,Jebel Jelloud,TUNIS,193.0,3.0,3704.66,36.7667,10.1833,100.0,HIGH,False,2026-04-02 09:11:04.790158+00,2026-04-09 15:39:33.805931+00
tunisieannonce:tunisieannonce_1b9a59418cd2,terrain,land,1500.0,TND,Cite Oplympique,Jebel Jelloud,TUNIS,623.0,,2.41,36.7667,10.1833,75.0,GOOD,True,2026-03-29 11:18:26.727236+00,2026-04-09 15:39:33.951583+00
tunisieannonce:tunisieannonce_1c04e4cd0494,terrain,land,450000.0,TND,Kairouan Sud,Kairouan Sud,TUNIS,,,,35.6772,10.098,55.0,LOW,False,2026-03-29 12:23:42.67577+00,2026-04-09 15:39:40.244908+00
tunisieannonce:tunisieannonce_1c235342b7aa,terrain,land,4000.0,TND,Mejez El Bab,Mejez El Bab,TUNIS,,,,36.6492,9.6108,35.0,LOW,True,2026-04-01 20:53:21.680739+00,2026-04-09 15:39:40.138069+00
tunisieannonce:tunisieannonce_1c52da4a4f70,terrain,land,650000.0,TND,Sousse Riadh,Sousse Riadh,TUNIS,468.0,,1388.89,35.8269,10.63,100.0,HIGH,False,2026-03-26 23:12:07.270923+00,2026-04-09 15:39:40.981047+00
tunisieannonce:tunisieannonce_1c6ea13c1edc,appartement,apartment,400000.0,TND,Cite Ennasr 2,Jebel Jelloud,TUNIS,2025.0,3.0,197.53,36.7667,10.1833,100.0,HIGH,False,2026-04-01 22:02:46.325983+00,2026-04-09 15:39:41.870926+00
tunisieannonce:tunisieannonce_1d1c108e8b99,terrain,land,150000.0,TND,Ain El Mayel,Jebel Jelloud,TUNIS,928.0,,161.64,36.7667,10.1833,100.0,HIGH,False,2026-04-06 15:09:53.328317+00,2026-04-09 15:39:38.250171+00
tunisieannonce:tunisieannonce_1d2f5bc45ddf,terrain,land,252000.0,TND,Ettahrir 1,Ettahrir,TUNIS,280.0,,900.0,36.8344,10.1431,95.0,HIGH,False,2026-03-31 14:29:07.12084+00,2026-04-09 15:39:37.939864+00
tunisieannonce:tunisieannonce_1d332ed78a3a,appartement,apartment,175000.0,TND,Ariana,Ariana Ville,TUNIS,105.0,2.0,1666.67,36.866011,10.193923,100.0,HIGH,False,2026-03-29 12:05:27.306814+00,2026-04-09 15:39:40.35103+00
tunisieannonce:tunisieannonce_1d537d2bbebf,appartement,apartment,280000.0,TND,Cite De La Plage 2,Jebel Jelloud,TUNIS,230.0,3.0,1217.39,36.7667,10.1833,100.0,HIGH,False,2026-03-27 16:13:20.368927+00,2026-04-09 15:39:38.561078+00
tunisieannonce:tunisieannonce_1dacda7de231,terrain,land,240000.0,TND,El Kantaoui,Jebel Jelloud,TUNIS,400.0,,600.0,36.7667,10.1833,100.0,HIGH,False,2026-03-29 12:04:21.450064+00,2026-04-09 15:39:41.377858+00
tunisieannonce:tunisieannonce_1de5f54fc5f2,terrain,land,192000.0,TND,Soliman,Soliman,TUNIS,400.0,,480.0,36.7,10.4833,100.0,HIGH,False,2026-03-26 15:42:03.849826+00,2026-04-09 15:39:40.448091+00
tunisieannonce:tunisieannonce_1e315a1ede3f,terrain,land,362000.0,TND,El Kantaoui,Jebel Jelloud,TUNIS,425.0,,851.76,36.7667,10.1833,95.0,HIGH,False,2026-03-29 11:24:12.689364+00,2026-04-09 15:39:39.992982+00
tunisieannonce:tunisieannonce_1e70f780bee1,terrain,land,500000.0,TND,Ain El Asker,Jebel Jelloud,TUNIS,,,,36.7667,10.1833,60.0,GOOD,False,2026-03-26 16:30:13.523245+00,2026-04-09 15:39:41.484383+00
tunisieannonce:tunisieannonce_1ebcf166d6d9,appartement,apartment,250000.0,TND,El Mourouj,El Mourouj,TUNIS,140.0,2.0,1785.71,36.7405,10.2042,100.0,HIGH,False,2026-04-06 17:31:29.514645+00,2026-04-09 15:39:40.689665+00
tunisieannonce:tunisieannonce_1ecc16626706,appartement,apartment,285000.0,TND,Tantana,Jebel Jelloud,TUNIS,52.0,1.0,5480.77,36.7667,10.1833,100.0,HIGH,False,2026-04-02 08:42:34.206542+00,2026-04-09 15:39:39.945062+00
tunisieannonce:tunisieannonce_1ecc552551c3,terrain,land,1083.0,TND,La Soukra,La Soukra,TUNIS,722.0,,1.5,36.885212,10.245301,70.0,GOOD,True,2026-04-06 10:45:57.986225+00,2026-04-09 15:39:41.968714+00
tunisieannonce:tunisieannonce_1effb02fa507,maison,villa,1000.0,TND,Ezzahra,Ezzahra,TUNIS,624.0,3.0,1.6,36.743,10.308,85.0,HIGH,True,2026-03-31 12:58:01.866136+00,2026-04-09 15:39:38.298662+00
tunisieannonce:tunisieannonce_1f37519a89e6,terrain,land,1500.0,TND,Jardins De Carthage,Carthage,TUNIS,750.0,4.0,2.0,36.8536,10.3256,90.0,HIGH,True,2026-04-01 21:33:41.582525+00,2026-04-09 15:39:38.007928+00
tunisieannonce:tunisieannonce_1f627bb0f4c0,terrain,land,217000.0,TND,El Araydhia,Jebel Jelloud,TUNIS,560.0,,387.5,36.7667,10.1833,90.0,HIGH,False,2026-04-06 14:56:49.157334+00,2026-04-09 15:39:40.195712+00
tunisieannonce:tunisieannonce_1ff37ccbab86,appartement,apartment,150000.0,TND,Bab Bhar,Bab Bhar,TUNIS,70.0,3.0,2142.86,36.7981,10.1803,100.0,HIGH,False,2026-03-29 14:46:13.425914+00,2026-04-09 15:39:39.352271+00
tunisieannonce:tunisieannonce_201f06a6c722,terrain,land,4000.0,TND,Douar El Houch,Jebel Jelloud,TUNIS,,,,36.7667,10.1833,35.0,LOW,True,2026-04-01 21:00:03.296605+00,2026-04-09 15:39:40.041717+00
tunisieannonce:tunisieannonce_20455b704dfb,terrain,land,257000.0,TND,Chatt Meriem,Jebel Jelloud,TUNIS,681.0,,377.39,36.7667,10.1833,90.0,HIGH,False,2026-04-06 15:03:19.45514+00,2026-04-09 15:39:39.24604+00
tunisieannonce:tunisieannonce_205474692b7f,terrain,land,900000.0,TND,Chatt Meriem,Jebel Jelloud,TUNIS,500.0,,1800.0,36.7667,10.1833,100.0,HIGH,False,2026-03-27 18:03:33.532794+00,2026-04-09 15:39:38.15284+00
tunisieannonce:tunisieannonce_205bfc0f493b,terrain,land,68000.0,TND,Hammamet,Hammamet,TUNIS,600.0,,113.33,36.4,10.6167,100.0,HIGH,False,2026-03-29 10:50:58.137542+00,2026-04-09 15:39:40.089294+00
tunisieannonce:tunisieannonce_20a33d20e091,terrain,land,1246.0,TND,Borj Louzir,Jebel Jelloud,TUNIS,400.0,2.0,3.12,36.7667,10.1833,90.0,HIGH,True,2026-03-29 12:13:16.409365+00,2026-04-09 15:39:42.414534+00
tunisieannonce:tunisieannonce_20ffd424a5f8,terrain,land,1119.0,TND,Riadh Landlous,Jebel Jelloud,TUNIS,772.0,,1.45,36.7667,10.1833,80.0,GOOD,True,2026-04-01 22:59:21.184161+00,2026-04-09 15:39:38.607987+00
tunisieannonce:tunisieannonce_21a24afa28c7,terrain,land,460000.0,TND,El Mourouj,El Mourouj,TUNIS,180.0,2.0,2555.56,36.7405,10.2042,100.0,HIGH,False,2026-03-31 14:06:03.799932+00,2026-04-09 15:39:39.401757+00
tunisieannonce:tunisieannonce_21b91bbc4782,terrain,land,370000.0,TND,Tazarka,Jebel Jelloud,TUNIS,,,,36.7667,10.1833,50.0,LOW,False,2026-04-06 11:08:31.827786+00,2026-04-09 15:39:42.017031+00
tunisieannonce:tunisieannonce_21f132bb3b93,terrain,land,1700.0,TND,Sidi Daoud,Jebel Jelloud,TUNIS,800.0,,2.12,36.7667,10.1833,80.0,GOOD,True,2026-03-26 16:13:57.247641+00,2026-04-09 15:39:40.144067+00
tunisieannonce:tunisieannonce_22132d25a9ef,terrain,land,920000.0,TND,Cite Ennasr 2,Jebel Jelloud,TUNIS,585.0,,1572.65,36.7667,10.1833,100.0,HIGH,False,2026-03-29 10:52:55.60431+00,2026-04-09 15:39:39.895787+00
tunisieannonce:tunisieannonce_225687ad3f48,maison,villa,600000.0,TND,Borj Touil,Jebel Jelloud,TUNIS,630.0,4.0,952.38,36.7667,10.1833,100.0,HIGH,False,2026-04-06 14:10:41.773859+00,2026-04-09 15:39:38.65631+00
tunisieannonce:tunisieannonce_2266ec683b77,terrain,land,1200.0,TND,Cite Ennasr 2,Jebel Jelloud,TUNIS,450.0,3.0,2.67,36.7667,10.1833,90.0,HIGH,True,2026-03-31 13:42:47.674826+00,2026-04-09 15:39:41.629212+00
tunisieannonce:tunisieannonce_226eb217d1e7,terrain,land,8000.0,TND,El Kantaoui,Jebel Jelloud,TUNIS,521.0,2.0,15.36,36.7667,10.1833,90.0,HIGH,True,2026-03-31 15:51:31.163316+00,2026-04-09 15:39:39.102159+00
tunisieannonce:tunisieannonce_22920bd6fc77,maison,villa,350000.0,TND,Hammam Sousse,Hammam Sousse,TUNIS,460.0,2.0,760.87,35.8592,10.59,100.0,HIGH,False,2026-03-31 13:31:09.97258+00,2026-04-09 15:39:38.995409+00
tunisieannonce:tunisieannonce_2333a4f3da14,terrain,land,1200.0,TND,Chotrana 3,Jebel Jelloud,TUNIS,1000.0,,1.2,36.7667,10.1833,80.0,GOOD,True,2026-04-01 20:53:46.760423+00,2026-04-09 15:39:41.580488+00
tunisieannonce:tunisieannonce_234642c767e4,appartement,apartment,355000.0,TND,La Soukra,La Soukra,TUNIS,90.0,3.0,3944.44,36.885212,10.245301,100.0,HIGH,False,2026-03-31 12:40:37.627107+00,2026-04-09 15:39:39.702223+00
tunisieannonce:tunisieannonce_238cf3377752,terrain,land,271000.0,TND,Hammam Sousse Gharbi,Hammam Sousse,TUNIS,271.0,,1000.0,35.8592,10.59,100.0,HIGH,False,2026-04-01 21:43:57.942112+00,2026-04-09 15:39:43.227606+00
tunisieannonce:tunisieannonce_239a4b9bbb5d,terrain,land,220000.0,TND,Borj Louzir,Jebel Jelloud,TUNIS,359.0,,612.81,36.7667,10.1833,100.0,HIGH,False,2026-04-01 20:54:18.41787+00,2026-04-09 15:39:44.495749+00
tunisieannonce:tunisieannonce_23a69b74d64c,appartement,apartment,632000.0,TND,Ain Zaghouan,Zaghouan,TUNIS,166.0,2.0,3807.23,36.4025,10.1431,100.0,HIGH,False,2026-03-29 11:58:22.508402+00,2026-04-09 15:39:46.024801+00
tunisieannonce:tunisieannonce_23b17e6d24f0,appartement,apartment,11111.0,TND,Ezzahra,Ezzahra,TUNIS,70.0,3.0,158.73,36.743,10.308,85.0,HIGH,True,2026-03-29 11:12:01.54723+00,2026-04-09 15:39:43.943172+00
tunisieannonce:tunisieannonce_23bb32ae5379,terrain,land,950000.0,TND,Hergla,Hergla,TUNIS,600.0,2.0,1583.33,36.0333,10.5,100.0,HIGH,False,2026-03-29 12:33:58.036036+00,2026-04-09 15:39:45.318514+00
tunisieannonce:tunisieannonce_23cb610ae33c,terrain,land,1200.0,TND,Sidi Daoud,Jebel Jelloud,TUNIS,1000.0,,1.2,36.7667,10.1833,85.0,HIGH,True,2026-03-26 16:02:05.70394+00,2026-04-09 15:39:44.302197+00
tunisieannonce:tunisieannonce_23ec3ed60bb6,terrain,land,600000.0,TND,Chotrana 3,Jebel Jelloud,TUNIS,500.0,,1200.0,36.7667,10.1833,100.0,HIGH,False,2026-04-01 22:08:31.536282+00,2026-04-09 15:39:45.027945+00
tunisieannonce:tunisieannonce_25119f836bbd,terrain,land,440000.0,TND,Bou Mhel,Jebel Jelloud,TUNIS,113.0,3.0,3893.81,36.7667,10.1833,100.0,HIGH,False,2026-04-02 08:33:04.968982+00,2026-04-09 15:39:44.881511+00
tunisieannonce:tunisieannonce_251de01c5c48,maison,villa,165000.0,TND,El Yasminette,Jebel Jelloud,TUNIS,140.0,2.0,1178.57,36.7667,10.1833,100.0,HIGH,False,2026-04-01 21:02:45.704554+00,2026-04-09 15:39:45.821548+00
tunisieannonce:tunisieannonce_25bef0412b0d,terrain,land,154000.0,TND,Djerba,Jebel Jelloud,TUNIS,590.0,,261.02,36.7667,10.1833,100.0,HIGH,False,2026-03-31 12:52:36.430085+00,2026-04-09 15:39:45.377188+00
tunisieannonce:tunisieannonce_25f29899dcdb,terrain,land,677500.0,TND,Cite Sahloul,Jebel Jelloud,TUNIS,271.0,,2500.0,36.7667,10.1833,100.0,HIGH,False,2026-03-29 10:18:40.046845+00,2026-04-09 15:39:44.146905+00
tunisieannonce:tunisieannonce_261cd45aceee,maison,villa,900000.0,TND,El Menzah 8,El Menzah,TUNIS,310.0,3.0,2903.23,36.8528,10.1703,100.0,HIGH,False,2026-04-06 12:33:23.978069+00,2026-04-09 15:39:47.287763+00
tunisieannonce:tunisieannonce_26ac0a6b9e4d,terrain,land,115000.0,TND,Hammamet,Hammamet,TUNIS,680.0,,169.12,36.4,10.6167,100.0,HIGH,False,2026-03-27 18:00:38.836642+00,2026-04-09 15:39:46.073098+00
tunisieannonce:tunisieannonce_26e7547cc7ff,maison,villa,570000.0,TND,Beni Khiar,Beni Khiar,TUNIS,240.0,4.0,2375.0,36.45,10.7833,100.0,HIGH,False,2026-03-31 12:55:01.38545+00,2026-04-09 15:39:45.880735+00
tunisieannonce:tunisieannonce_26fbfd4252b3,terrain,land,150000.0,TND,Bir Mcherga,Bir Mcherga,TUNIS,3000.0,,50.0,36.5167,10.0,90.0,HIGH,False,2026-03-26 16:28:21.184176+00,2026-04-09 15:39:45.221209+00
tunisieannonce:tunisieannonce_2782799597be,terrain,land,300000.0,TND,Cite El Ghazala 1,Jebel Jelloud,TUNIS,170.0,3.0,1764.71,36.7667,10.1833,100.0,HIGH,False,2026-03-27 16:09:04.13989+00,2026-04-09 15:39:44.737761+00
tunisieannonce:tunisieannonce_27d80ca716fe,terrain,land,115000.0,TND,Khezama Ouest,Jebel Jelloud,TUNIS,184.0,3.0,625.0,36.7667,10.1833,100.0,HIGH,False,2026-04-06 17:47:59.005+00,2026-04-09 15:39:43.536953+00
tunisieannonce:tunisieannonce_27f2fefff5d1,maison,villa,638000.0,TND,La Soukra,La Soukra,TUNIS,168.0,2.0,3797.62,36.885212,10.245301,100.0,HIGH,False,2026-03-29 11:32:54.97791+00,2026-04-09 15:39:45.269455+00
tunisieannonce:tunisieannonce_27f38440a64b,maison,villa,1250.0,TND,Kheireddine,Jebel Jelloud,TUNIS,500.0,1.0,2.5,36.7667,10.1833,90.0,HIGH,True,2026-04-01 22:38:21.70951+00,2026-04-09 15:39:44.931044+00
tunisieannonce:tunisieannonce_2825a5075b52,appartement,apartment,607000.0,TND,Chotrana 1,Jebel Jelloud,TUNIS,113.0,3.0,5371.68,36.7667,10.1833,100.0,HIGH,False,2026-03-31 12:45:40.696247+00,2026-04-09 15:39:46.218628+00
tunisieannonce:tunisieannonce_28376d78bfd5,terrain,land,565000.0,TND,La Soukra,La Soukra,TUNIS,665.0,2.0,849.62,36.885212,10.245301,100.0,HIGH,False,2026-04-06 10:54:07.228736+00,2026-04-09 15:39:46.828786+00
tunisieannonce:tunisieannonce_288b30af0dd1,maison,villa,760000.0,TND,Hammamet,Hammamet,TUNIS,220.0,2.0,3454.55,36.4,10.6167,100.0,HIGH,False,2026-03-31 13:20:01.463578+00,2026-04-09 15:39:43.324235+00
tunisieannonce:tunisieannonce_2899313f6200,terrain,land,198000.0,TND,Chotrana 1,Jebel Jelloud,TUNIS,600.0,,330.0,36.7667,10.1833,100.0,HIGH,False,2026-03-27 15:52:53.681644+00,2026-04-09 15:39:42.762723+00
tunisieannonce:tunisieannonce_28ab2626be83,terrain,land,650000.0,TND,Bir Mcherga,Bir Mcherga,TUNIS,,,,36.5167,10.0,60.0,GOOD,False,2026-03-26 16:28:12.135701+00,2026-04-09 15:39:42.986721+00
tunisieannonce:tunisieannonce_28b9e383da44,terrain,land,328000.0,TND,Cite Chaker,Jebel Jelloud,TUNIS,595.0,,551.26,36.7667,10.1833,100.0,HIGH,False,2026-03-31 14:04:13.772806+00,2026-04-09 15:39:44.19572+00
tunisieannonce:tunisieannonce_28bfe44070ca,terrain,land,160000.0,TND,Jabbes,Jebel Jelloud,TUNIS,914.0,,175.05,36.7667,10.1833,95.0,HIGH,False,2026-04-06 10:47:02.384128+00,2026-04-09 15:39:45.424963+00
tunisieannonce:tunisieannonce_28c8ef73a11a,appartement,apartment,240000.0,TND,Ezzahra,Ezzahra,TUNIS,100.0,3.0,2400.0,36.743,10.308,100.0,HIGH,False,2026-03-26 23:33:25.651003+00,2026-04-09 15:39:43.275259+00
tunisieannonce:tunisieannonce_296c03b9e55d,terrain,land,2300.0,TND,Grombalia,Grombalia,TUNIS,714.0,4.0,3.22,36.6,10.5,90.0,HIGH,True,2026-04-06 15:10:56.250421+00,2026-04-09 15:39:43.178585+00
tunisieannonce:tunisieannonce_296d7dd924a2,appartement,apartment,165000.0,TND,Chatt Meriem,Jebel Jelloud,TUNIS,46.0,1.0,3586.96,36.7667,10.1833,100.0,HIGH,False,2026-03-29 10:26:12.864085+00,2026-04-09 15:39:45.723289+00
tunisieannonce:tunisieannonce_299133f48ee8,maison,villa,1400.0,TND,Hammam Sousse,Hammam Sousse,TUNIS,140.0,2.0,10.0,35.8592,10.59,75.0,GOOD,True,2026-04-06 11:35:50.502917+00,2026-04-09 15:39:45.472202+00
tunisieannonce:tunisieannonce_299ddbf31fdc,terrain,land,100000.0,TND,Testour,Testour,TUNIS,,,,36.5525,9.4436,55.0,LOW,False,2026-03-31 14:25:31.928133+00,2026-04-09 15:39:43.421385+00
tunisieannonce:tunisieannonce_29ee014c17d1,terrain,land,280000.0,TND,Hammam Sousse,Hammam Sousse,TUNIS,295.0,1.0,949.15,35.8592,10.59,100.0,HIGH,False,2026-04-01 21:38:59.318127+00,2026-04-09 15:39:46.97295+00
tunisieannonce:tunisieannonce_2a016b563e80,maison,villa,930000.0,TND,Borj Cedria,Jebel Jelloud,TUNIS,380.0,3.0,2447.37,36.7667,10.1833,100.0,HIGH,False,2026-04-01 23:00:07.098935+00,2026-04-09 15:39:45.928314+00
tunisieannonce:tunisieannonce_2aa9b549c42c,appartement,apartment,180000.0,TND,Cite El Mourouj 3 Bis,El Mourouj,TUNIS,110.0,3.0,1636.36,36.7405,10.2042,100.0,HIGH,False,2026-03-29 09:43:51.352123+00,2026-04-09 15:39:47.070352+00
tunisieannonce:tunisieannonce_2ac22186d716,maison,villa,230000.0,TND,La Mannouba,Mannouba,TUNIS,100.0,1.0,2300.0,36.8097,10.0928,100.0,HIGH,False,2026-03-31 14:05:52.577511+00,2026-04-09 15:39:44.979594+00
tunisieannonce:tunisieannonce_2ac46e0683e6,terrain,land,28000.0,TND,Mejez El Bab,Mejez El Bab,TUNIS,,,,36.6492,9.6108,50.0,LOW,False,2026-04-06 17:19:02.295134+00,2026-04-09 15:39:43.586278+00
tunisieannonce:tunisieannonce_2b18598b7101,appartement,apartment,157000.0,TND,Borj Cedria,Jebel Jelloud,TUNIS,82.0,2.0,1914.63,36.7667,10.1833,100.0,HIGH,False,2026-04-01 22:21:48.874601+00,2026-04-09 15:39:47.554601+00
tunisieannonce:tunisieannonce_2b28d9e49cf2,terrain,land,1120.0,TND,Henchir Gort,Jebel Jelloud,TUNIS,,,,36.7667,10.1833,30.0,LOW,True,2026-04-06 14:29:30.783946+00,2026-04-09 15:39:50.317706+00
tunisieannonce:tunisieannonce_2b2c082e79b7,terrain,land,240000.0,TND,Bab Bhar,Bab Bhar,TUNIS,200.0,5.0,1200.0,36.7981,10.1803,100.0,HIGH,False,2026-04-06 11:31:42.104834+00,2026-04-09 15:39:50.265016+00
tunisieannonce:tunisieannonce_2b94c86c6496,appartement,apartment,745000.0,TND,Berge Du Lac,Jebel Jelloud,TUNIS,158.0,1.0,4715.19,36.7667,10.1833,100.0,HIGH,False,2026-03-31 14:45:07.122794+00,2026-04-09 15:39:50.477414+00
tunisieannonce:tunisieannonce_2be4ea76d55c,terrain,land,1150.0,TND,Cite Sahloul,Jebel Jelloud,TUNIS,,,,36.7667,10.1833,40.0,LOW,True,2026-03-29 10:52:35.990525+00,2026-04-09 15:39:49.325544+00
tunisieannonce:tunisieannonce_2c2a7588a1e9,terrain,land,740000.0,TND,Hammamet,Hammamet,TUNIS,400.0,2.0,1850.0,36.4,10.6167,100.0,HIGH,False,2026-03-31 13:50:17.215762+00,2026-04-09 15:39:49.469145+00
tunisieannonce:tunisieannonce_2c30b584efa7,maison,villa,220000.0,TND,El Mourouj,El Mourouj,TUNIS,100.0,2.0,2200.0,36.7405,10.2042,100.0,HIGH,False,2026-04-06 17:25:02.002838+00,2026-04-09 15:39:50.717845+00
tunisieannonce:tunisieannonce_2c48776a456c,terrain,land,290000.0,TND,El Menzah 9,El Menzah,TUNIS,265.0,,1094.34,36.8528,10.1703,100.0,HIGH,False,2026-04-06 10:29:38.649107+00,2026-04-09 15:39:49.56699+00
tunisieannonce:tunisieannonce_2c49fbcbc845,maison,villa,270000.0,TND,La Mannouba,Mannouba,TUNIS,150.0,1.0,1800.0,36.8097,10.0928,100.0,HIGH,False,2026-03-31 14:00:20.654411+00,2026-04-09 15:39:50.156717+00
tunisieannonce:tunisieannonce_2cd9f4474d25,terrain,land,550000.0,TND,Mornaguia,Mornaguia,TUNIS,330.0,2.0,1666.67,36.7833,9.95,100.0,HIGH,False,2026-03-27 16:20:17.574574+00,2026-04-09 15:39:49.131869+00
tunisieannonce:tunisieannonce_2cf1fd9dc485,terrain,land,175000.0,TND,Sidi Thabet,Sidi Thabet,TUNIS,420.0,,416.67,36.933,10.039,100.0,HIGH,False,2026-03-31 15:39:28.841387+00,2026-04-09 15:39:50.889114+00
tunisieannonce:tunisieannonce_2dbdbed11011,terrain,land,277000.0,TND,Borj Touil,Jebel Jelloud,TUNIS,631.0,,438.99,36.7667,10.1833,100.0,HIGH,False,2026-04-01 22:40:20.328163+00,2026-04-09 15:39:48.095647+00
tunisieannonce:tunisieannonce_2dd5388b8409,appartement,apartment,240000.0,TND,El Aouina,Jebel Jelloud,TUNIS,60.0,2.0,4000.0,36.7667,10.1833,100.0,HIGH,False,2026-04-01 22:07:56.159574+00,2026-04-09 15:39:47.346736+00
tunisieannonce:tunisieannonce_2e14c2ee40c3,terrain,land,259000.0,TND,Djerba,Jebel Jelloud,TUNIS,700.0,,370.0,36.7667,10.1833,85.0,HIGH,False,2026-04-06 14:11:33.914653+00,2026-04-09 15:39:50.37116+00
tunisieannonce:tunisieannonce_2e9e1f846fb8,maison,villa,1300.0,TND,Menzel Temime,Menzel Temime,TUNIS,375.0,3.0,3.47,36.7833,11.0167,90.0,HIGH,True,2026-04-01 20:59:05.789383+00,2026-04-09 15:39:48.192992+00
tunisieannonce:tunisieannonce_2ea4acb7a101,terrain,land,275000.0,TND,Sahloul,Jebel Jelloud,TUNIS,210.0,,1309.52,36.7667,10.1833,95.0,HIGH,False,2026-03-27 16:15:24.498113+00,2026-04-09 15:39:48.599999+00
tunisieannonce:tunisieannonce_2ec705d24e88,maison,villa,450000.0,TND,Ezzahra,Ezzahra,TUNIS,104.0,3.0,4326.92,36.743,10.308,100.0,HIGH,False,2026-04-02 08:41:19.934201+00,2026-04-09 15:39:49.906292+00
tunisieannonce:tunisieannonce_2ec88ce3f168,terrain,land,231000.0,TND,Soliman,Soliman,TUNIS,420.0,,550.0,36.7,10.4833,100.0,HIGH,False,2026-03-26 15:50:25.750181+00,2026-04-09 15:39:51.096935+00
tunisieannonce:tunisieannonce_2ed67fd520a3,terrain,land,680000.0,TND,Sidi Bou Ali,Sidi Bou Ali,TUNIS,600.0,,1133.33,35.9833,10.4667,100.0,HIGH,False,2026-03-29 12:57:52.866949+00,2026-04-09 15:39:49.663627+00
tunisieannonce:tunisieannonce_2f30e2f5bafd,maison,villa,370000.0,TND,Bou Mhel,Jebel Jelloud,TUNIS,154.0,3.0,2402.6,36.7667,10.1833,100.0,HIGH,False,2026-04-01 21:07:06.426852+00,2026-04-09 15:39:48.84102+00
tunisieannonce:tunisieannonce_2f3b3d5bc278,maison,villa,140000.0,TND,Cite Moez 4,Jebel Jelloud,TUNIS,172.0,3.0,813.95,36.7667,10.1833,100.0,HIGH,False,2026-03-29 10:10:19.46645+00,2026-04-09 15:39:51.91969+00
tunisieannonce:tunisieannonce_2f57b0ccb302,terrain,land,123000.0,TND,Raoued,Raoued,TUNIS,410.0,,300.0,36.908,10.2,95.0,HIGH,False,2026-03-26 23:37:50.192251+00,2026-04-09 15:39:49.953974+00
tunisieannonce:tunisieannonce_2fa470c21bf3,terrain,land,77500.0,TND,Kelibia,Kelibia,TUNIS,115.0,,673.91,36.8472,11.0944,100.0,HIGH,False,2026-03-29 10:11:37.932982+00,2026-04-09 15:39:47.649761+00
tunisieannonce:tunisieannonce_2fda92328987,terrain,land,650000.0,TND,Cite El Bochra,Jebel Jelloud,TUNIS,270.0,2.0,2407.41,36.7667,10.1833,100.0,HIGH,False,2026-03-29 10:06:25.237678+00,2026-04-09 15:39:50.109495+00
tunisieannonce:tunisieannonce_302bf775ffd6,maison,villa,500000.0,TND,Cite El Ghazala 1,Jebel Jelloud,TUNIS,210.0,4.0,2380.95,36.7667,10.1833,100.0,HIGH,False,2026-03-26 16:10:28.217677+00,2026-04-09 15:39:49.083007+00
tunisieannonce:tunisieannonce_303785b68428,appartement,apartment,155000.0,TND,Bou Mhel,Jebel Jelloud,TUNIS,57.0,3.0,2719.3,36.7667,10.1833,100.0,HIGH,False,2026-04-02 08:51:32.594978+00,2026-04-09 15:39:49.277434+00
tunisieannonce:tunisieannonce_3038f28f5a0c,terrain,land,7500.0,TND,Republique,Jebel Jelloud,TUNIS,370.0,3.0,20.27,36.7667,10.1833,90.0,HIGH,True,2026-03-29 11:58:13.828098+00,2026-04-09 15:39:47.409736+00
tunisieannonce:tunisieannonce_3097699b393e,terrain,land,260000.0,TND,Ain El Asker,Jebel Jelloud,TUNIS,7000.0,,37.14,36.7667,10.1833,70.0,GOOD,True,2026-03-26 16:33:24.160224+00,2026-04-09 15:39:51.338656+00
tunisieannonce:tunisieannonce_30ba0e46a952,terrain,land,3450.0,TND,El Kantaoui,Jebel Jelloud,TUNIS,970.0,1.0,3.56,36.7667,10.1833,90.0,HIGH,True,2026-03-29 10:23:29.935963+00,2026-04-09 15:39:48.144546+00
tunisieannonce:tunisieannonce_30ea16790b42,appartement,apartment,,TND,Cite Ennasr 2,Jebel Jelloud,TUNIS,2026.0,1.0,,36.7667,10.1833,75.0,GOOD,False,2026-04-06 17:38:21.643938+00,2026-04-09 15:39:51.43522+00
tunisieannonce:tunisieannonce_310e9320ded0,terrain,land,320000.0,TND,Chouchet Rades,Rades,TUNIS,206.0,,1553.4,36.7782,10.2815,95.0,HIGH,False,2026-04-06 14:56:39.127365+00,2026-04-09 15:39:50.989425+00
tunisieannonce:tunisieannonce_31595d929680,appartement,apartment,395000.0,TND,La Soukra,La Soukra,TUNIS,150.0,3.0,2633.33,36.885212,10.245301,100.0,HIGH,False,2026-03-31 14:18:17.527022+00,2026-04-09 15:39:51.774306+00
tunisieannonce:tunisieannonce_31bca9b4fba6,terrain,land,1385.0,TND,Cite El Ghazala 1,Jebel Jelloud,TUNIS,205.0,,6.76,36.7667,10.1833,80.0,GOOD,True,2026-03-31 15:19:11.036544+00,2026-04-09 15:39:48.395787+00
tunisieannonce:tunisieannonce_323d87f1f9a7,terrain,land,1700.0,TND,Sidi Daoud,Jebel Jelloud,TUNIS,1000.0,,1.7,36.7667,10.1833,80.0,GOOD,True,2026-03-29 11:10:36.422868+00,2026-04-09 15:39:47.602667+00
tunisieannonce:tunisieannonce_32c4a2e84b86,appartement,apartment,125000.0,TND,El Ouerdia,El Ouerdia,TUNIS,92.0,3.0,1358.7,36.775,10.1886,100.0,HIGH,False,2026-03-31 15:44:28.745626+00,2026-04-09 15:39:48.695776+00
tunisieannonce:tunisieannonce_33757df96ed8,terrain,land,1190.0,TND,El Frinine,Jebel Jelloud,TUNIS,,5.0,,36.7667,10.1833,70.0,GOOD,True,2026-04-06 14:22:32.03803+00,2026-04-09 15:39:50.99597+00
tunisieannonce:tunisieannonce_339854e8e4b6,terrain,land,750000.0,TND,Hammamet,Hammamet,TUNIS,587.0,2.0,1277.68,36.4,10.6167,100.0,HIGH,False,2026-03-31 13:24:52.991562+00,2026-04-09 15:39:50.670907+00
tunisieannonce:tunisieannonce_33f05c669ec4,appartement,apartment,220000.0,TND,Cite El Hidhab,Jebel Jelloud,TUNIS,110.0,2.0,2000.0,36.7667,10.1833,100.0,HIGH,False,2026-04-01 20:49:28.838606+00,2026-04-09 15:39:52.014884+00
tunisieannonce:tunisieannonce_3412a1258c0b,terrain,land,1280.0,TND,Cite El Khadra,Cite El Khadra,TUNIS,513.0,3.0,2.5,36.8319,10.1942,90.0,HIGH,True,2026-04-01 21:01:30.106965+00,2026-04-09 15:39:49.518746+00
tunisieannonce:tunisieannonce_3451ecdb5a16,appartement,apartment,135000.0,TND,Cite Ennouzha,Jebel Jelloud,TUNIS,90.0,3.0,1500.0,36.7667,10.1833,100.0,HIGH,False,2026-04-02 09:11:44.169871+00,2026-04-09 15:39:50.06048+00
tunisieannonce:tunisieannonce_3460372b56ef,maison,villa,1990.0,TND,Cite Ennasr 2,Jebel Jelloud,TUNIS,711.0,2.0,2.8,36.7667,10.1833,90.0,HIGH,True,2026-03-27 18:06:43.33147+00,2026-04-09 15:39:47.950607+00
tunisieannonce:tunisieannonce_34b5103319c5,terrain,land,2000.0,TND,Sousse Riadh,Sousse Riadh,TUNIS,100.0,,20.0,35.8269,10.63,80.0,GOOD,True,2026-03-31 14:31:18.701166+00,2026-04-09 15:39:51.242334+00
tunisieannonce:tunisieannonce_35056cd3ee2e,terrain,land,115000.0,TND,Hammamet,Hammamet,TUNIS,680.0,,169.12,36.4,10.6167,100.0,HIGH,False,2026-03-29 12:10:36.067143+00,2026-04-09 15:39:51.048497+00
tunisieannonce:tunisieannonce_351dbe69fad1,appartement,apartment,210000.0,TND,Cite Ennasr 2,Jebel Jelloud,TUNIS,50.0,3.0,4200.0,36.7667,10.1833,100.0,HIGH,False,2026-04-01 22:42:30.657708+00,2026-04-09 15:39:56.00373+00
tunisieannonce:tunisieannonce_353900532643,terrain,land,660000.0,TND,Hammam Sousse,Hammam Sousse,TUNIS,429.0,3.0,1538.46,35.8592,10.59,100.0,HIGH,False,2026-04-06 17:39:42.488291+00,2026-04-09 15:39:52.509215+00
tunisieannonce:tunisieannonce_35462656addd,appartement,apartment,410000.0,TND,Sousse,Sidi El Heni,TUNIS,115.0,3.0,3565.22,35.6756,10.3106,100.0,HIGH,False,2026-04-01 22:28:15.524523+00,2026-04-09 15:39:54.658935+00
tunisieannonce:tunisieannonce_355ea5dc9b5b,terrain,land,11111.0,TND,Oudhref,Jebel Jelloud,TUNIS,336.0,,33.07,36.7667,10.1833,70.0,GOOD,True,2026-04-06 15:16:43.406841+00,2026-04-09 15:39:53.139306+00
tunisieannonce:tunisieannonce_36145fbed1ac,terrain,land,420000.0,TND,Jabbes,Jebel Jelloud,TUNIS,500.0,,840.0,36.7667,10.1833,95.0,HIGH,False,2026-04-06 12:32:29.121728+00,2026-04-09 15:39:53.042193+00
tunisieannonce:tunisieannonce_3628475c999a,terrain,land,260000.0,TND,Cite Chaker,Jebel Jelloud,TUNIS,470.0,,553.19,36.7667,10.1833,100.0,HIGH,False,2026-03-29 11:39:44.150649+00,2026-04-09 15:39:53.582643+00
tunisieannonce:tunisieannonce_364fdf328ffa,appartement,apartment,700000.0,TND,Marsa Safsaf,Jebel Jelloud,TUNIS,65.0,2.0,10769.23,36.7667,10.1833,85.0,HIGH,True,2026-03-29 11:07:50.418076+00,2026-04-09 15:39:55.45195+00
tunisieannonce:tunisieannonce_36c54e2dccdd,terrain,land,20000.0,TND,Cite Ellouata,Jebel Jelloud,TUNIS,300.0,,66.67,36.7667,10.1833,85.0,HIGH,False,2026-04-01 20:59:55.775877+00,2026-04-09 15:39:55.559577+00
tunisieannonce:tunisieannonce_36df1f2893bf,terrain,land,1500.0,TND,Marsa Safsaf,Jebel Jelloud,TUNIS,330.0,3.0,4.55,36.7667,10.1833,90.0,HIGH,True,2026-04-02 08:41:10.350206+00,2026-04-09 15:39:52.75205+00
tunisieannonce:tunisieannonce_370e89d38223,terrain,land,165000.0,TND,Hammamet,Hammamet,TUNIS,100.0,,1650.0,36.4,10.6167,100.0,HIGH,False,2026-03-29 11:59:30.024596+00,2026-04-09 15:39:52.558198+00
tunisieannonce:tunisieannonce_37c1329b46e3,appartement,apartment,400000.0,TND,El Kantaoui,Jebel Jelloud,TUNIS,115.0,3.0,3478.26,36.7667,10.1833,100.0,HIGH,False,2026-04-06 10:24:34.286096+00,2026-04-09 15:39:54.804687+00
tunisieannonce:tunisieannonce_37cf5e34568f,terrain,land,75000.0,TND,Borj Youssef,Jebel Jelloud,TUNIS,500.0,,150.0,36.7667,10.1833,95.0,HIGH,False,2026-03-29 10:23:49.662484+00,2026-04-09 15:39:56.545778+00
tunisieannonce:tunisieannonce_37d4ceb50547,terrain,land,1200.0,TND,Hammam Chatt,Hammam Chatt,TUNIS,505.0,3.0,2.38,36.7036,10.3625,90.0,HIGH,True,2026-03-27 18:05:39.420651+00,2026-04-09 15:39:54.068375+00
tunisieannonce:tunisieannonce_37d990ac1b09,terrain,land,798100.0,TND,Khezama Ouest,Jebel Jelloud,TUNIS,694.0,,1150.0,36.7667,10.1833,100.0,HIGH,False,2026-03-31 14:07:06.911853+00,2026-04-09 15:39:54.115234+00
tunisieannonce:tunisieannonce_38164cf26e2f,maison,villa,890000.0,TND,Hammamet,Hammamet,TUNIS,500.0,2.0,1780.0,36.4,10.6167,100.0,HIGH,False,2026-03-31 13:11:16.077006+00,2026-04-09 15:39:56.246053+00
tunisieannonce:tunisieannonce_387c6cb1abef,terrain,land,3014.0,TND,Dar Fadhal,Jebel Jelloud,TUNIS,884.0,,3.41,36.7667,10.1833,80.0,GOOD,True,2026-03-31 15:21:58.588624+00,2026-04-09 15:39:54.560168+00
tunisieannonce:tunisieannonce_38a97fb01111,maison,villa,1800.0,TND,Jardins De Carthage,Carthage,TUNIS,223.0,3.0,8.07,36.8536,10.3256,90.0,HIGH,True,2026-03-29 11:50:33.423595+00,2026-04-09 15:39:56.447941+00
tunisieannonce:tunisieannonce_38ff3225010d,terrain,land,485000.0,TND,Rades Plage,Rades,TUNIS,320.0,2.0,1515.62,36.7782,10.2815,100.0,HIGH,False,2026-03-31 14:23:04.163693+00,2026-04-09 15:39:52.460519+00
tunisieannonce:tunisieannonce_3914bcc606bf,terrain,land,4000.0,TND,Seltene,Jebel Jelloud,TUNIS,,4.0,,36.7667,10.1833,65.0,GOOD,True,2026-04-06 14:35:44.437559+00,2026-04-09 15:39:54.358279+00
tunisieannonce:tunisieannonce_392d2ee885be,terrain,land,85000.0,TND,Jemna,Jebel Jelloud,TUNIS,725.0,,117.24,36.7667,10.1833,100.0,HIGH,False,2026-03-27 16:07:28.877256+00,2026-04-09 15:39:54.21267+00
tunisieannonce:tunisieannonce_3947d02e31c5,terrain,land,1550.0,TND,El Menzah 4,El Menzah,TUNIS,663.0,3.0,2.34,36.8528,10.1703,90.0,HIGH,True,2026-04-01 22:13:56.395611+00,2026-04-09 15:39:56.593127+00
tunisieannonce:tunisieannonce_397b762133fe,terrain,land,840000.0,TND,La Goulette,La Goulette,TUNIS,269.0,,3122.68,36.8197,10.2936,100.0,HIGH,False,2026-04-01 22:13:46.281134+00,2026-04-09 15:39:56.299605+00
tunisieannonce:tunisieannonce_39dfa06f8ae7,terrain,land,75000.0,TND,Bou Achir,Jebel Jelloud,TUNIS,100.0,,750.0,36.7667,10.1833,100.0,HIGH,False,2026-03-29 10:48:58.057187+00,2026-04-09 15:39:53.187295+00
tunisieannonce:tunisieannonce_39eb24d0cb91,terrain,land,1200.0,TND,Chotrana 3,Jebel Jelloud,TUNIS,500.0,,2.4,36.7667,10.1833,80.0,GOOD,True,2026-04-01 22:13:12.284039+00,2026-04-09 15:39:52.896759+00
tunisieannonce:tunisieannonce_39f994465fe1,maison,villa,300000.0,TND,Raoued,Raoued,TUNIS,300.0,3.0,1000.0,36.908,10.2,100.0,HIGH,False,2026-03-26 23:37:57.998049+00,2026-04-09 15:39:56.294168+00
tunisieannonce:tunisieannonce_3a0a1defc5dc,maison,villa,560000.0,TND,El Mourouj,El Mourouj,TUNIS,452.0,2.0,1238.94,36.7405,10.2042,100.0,HIGH,False,2026-03-31 14:06:15.832149+00,2026-04-09 15:39:54.509502+00
tunisieannonce:tunisieannonce_3a2aef5b7c0f,terrain,land,680000.0,TND,Borj Touil,Jebel Jelloud,TUNIS,890.0,,764.04,36.7667,10.1833,95.0,HIGH,False,2026-03-31 15:15:31.464661+00,2026-04-09 15:39:55.858567+00
tunisieannonce:tunisieannonce_3a9f4f094009,terrain,land,500000.0,TND,Chatt Meriem,Jebel Jelloud,TUNIS,600.0,,833.33,36.7667,10.1833,100.0,HIGH,False,2026-04-01 21:48:45.4506+00,2026-04-09 15:39:56.100757+00
tunisieannonce:tunisieannonce_3ab6cf5178b7,terrain,land,1600.0,TND,Hammam Sousse,Hammam Sousse,TUNIS,200.0,,8.0,35.8592,10.59,75.0,GOOD,True,2026-03-29 11:24:03.986648+00,2026-04-09 15:39:55.007882+00
tunisieannonce:tunisieannonce_3af71ada6b3d,terrain,land,900000.0,TND,El Kharrouba,Jebel Jelloud,TUNIS,,,,36.7667,10.1833,55.0,LOW,False,2026-04-06 14:21:36.630896+00,2026-04-09 15:39:53.632528+00
tunisieannonce:tunisieannonce_3b084eff09ba,maison,villa,750000.0,TND,Cite Touristique,Jebel Jelloud,TUNIS,375.0,4.0,2000.0,36.7667,10.1833,100.0,HIGH,False,2026-03-29 10:04:59.14803+00,2026-04-09 15:39:53.535229+00
tunisieannonce:tunisieannonce_3ba876696f85,appartement,apartment,800000.0,TND,Berge Du Lac,Jebel Jelloud,TUNIS,220.0,3.0,3636.36,36.7667,10.1833,95.0,HIGH,False,2026-04-06 11:39:48.635219+00,2026-04-09 15:39:56.352348+00
tunisieannonce:tunisieannonce_3c21581f909f,terrain,land,1710.0,TND,La Soukra,La Soukra,TUNIS,368.0,,4.65,36.885212,10.245301,70.0,GOOD,True,2026-04-06 10:14:43.131063+00,2026-04-09 15:39:53.284168+00
tunisieannonce:tunisieannonce_3c372976aced,terrain,land,3935.0,TND,Cite Borj Louzir,Jebel Jelloud,TUNIS,870.0,,4.52,36.7667,10.1833,80.0,GOOD,True,2026-04-02 08:39:14.163448+00,2026-04-09 15:39:53.235291+00
tunisieannonce:tunisieannonce_3c3a09a2341b,maison,villa,780000.0,TND,Hammamet,Hammamet,TUNIS,500.0,,1560.0,36.4,10.6167,100.0,HIGH,False,2026-04-02 08:27:24.176937+00,2026-04-09 15:39:55.355038+00
tunisieannonce:tunisieannonce_3c4d57a231ad,maison,villa,920000.0,TND,Gammart,Jebel Jelloud,TUNIS,400.0,5.0,2300.0,36.7667,10.1833,100.0,HIGH,False,2026-04-01 21:23:28.164928+00,2026-04-09 15:39:56.197175+00
tunisieannonce:tunisieannonce_3c6dd4490686,terrain,land,170000.0,TND,Sidi Thabet,Sidi Thabet,TUNIS,1000.0,,170.0,36.933,10.039,100.0,HIGH,False,2026-03-27 15:58:02.075706+00,2026-04-09 15:39:54.706602+00
tunisieannonce:tunisieannonce_3cd9263973b9,appartement,apartment,205000.0,TND,El Manar 2,Jebel Jelloud,TUNIS,120.0,3.0,1708.33,36.7667,10.1833,100.0,HIGH,False,2026-04-06 17:20:41.141172+00,2026-04-09 15:39:52.606113+00
tunisieannonce:tunisieannonce_3d148c7a29da,terrain,land,1200.0,TND,Sidi Hmed,Jebel Jelloud,TUNIS,650.0,3.0,1.85,36.7667,10.1833,90.0,HIGH,True,2026-04-06 15:18:26.607956+00,2026-04-09 15:39:55.761288+00
tunisieannonce:tunisieannonce_3d4752c24e53,terrain,land,300000.0,TND,Kalaa Essghira,Kalaa Essghira,TUNIS,387.0,2.0,775.19,35.8381,10.5736,100.0,HIGH,False,2026-03-31 13:03:34.647274+00,2026-04-09 15:39:55.61597+00
tunisieannonce:tunisieannonce_3d89f38da69e,terrain,land,1600.0,TND,Bab Saadoun,Jebel Jelloud,TUNIS,84.0,,19.05,36.7667,10.1833,80.0,GOOD,True,2026-04-02 08:41:30.184386+00,2026-04-09 15:39:55.1616+00
tunisieannonce:tunisieannonce_3e0c80de0ea8,terrain,land,320000.0,TND,Nouvelle Medina,Nouvelle Medina,TUNIS,105.0,2.0,3047.62,36.75,10.23,100.0,HIGH,False,2026-03-27 18:07:24.794597+00,2026-04-09 15:39:52.847871+00
tunisieannonce:tunisieannonce_3e0dd355f64a,terrain,land,320000.0,TND,Merkez Chihya,Jebel Jelloud,TUNIS,290.0,,1103.45,36.7667,10.1833,100.0,HIGH,False,2026-03-29 12:21:19.75758+00,2026-04-09 15:39:58.925481+00
tunisieannonce:tunisieannonce_3e209c670b48,terrain,land,40000.0,TND,Menzel Abderrahman,Jebel Jelloud,TUNIS,115.0,,347.83,36.7667,10.1833,100.0,HIGH,False,2026-03-26 15:42:16.625209+00,2026-04-09 15:39:57.717026+00
tunisieannonce:tunisieannonce_3e351e9017c6,terrain,land,390000.0,TND,Kalaa El Kebira,Kalaa El Kebira,TUNIS,995.0,,391.96,35.8697,10.5544,100.0,HIGH,False,2026-04-01 22:28:40.035043+00,2026-04-09 15:40:01.104184+00
tunisieannonce:tunisieannonce_3e52fec83fd8,appartement,apartment,506000.0,TND,Ain Zaghouan,Zaghouan,TUNIS,158.0,2.0,3202.53,36.4025,10.1431,100.0,HIGH,False,2026-03-29 11:58:40.207587+00,2026-04-09 15:40:00.767089+00
tunisieannonce:tunisieannonce_3e6f3ed004c0,appartement,apartment,350000.0,TND,Hammam Sousse,Hammam Sousse,TUNIS,100.0,2.0,3500.0,35.8592,10.59,100.0,HIGH,False,2026-03-31 12:47:16.343329+00,2026-04-09 15:39:59.701621+00
tunisieannonce:tunisieannonce_3eb06934c530,terrain,land,700000.0,TND,Boucha,Jebel Jelloud,TUNIS,,,,36.7667,10.1833,65.0,GOOD,False,2026-03-26 16:28:00.087614+00,2026-04-09 15:40:00.619877+00
tunisieannonce:tunisieannonce_3f61b1f153d9,terrain,land,1800.0,TND,Borj El Amri,Borj El Amri,TUNIS,500.0,,3.6,36.7189,9.9425,80.0,GOOD,True,2026-03-31 13:29:34.310634+00,2026-04-09 15:39:57.029579+00
tunisieannonce:tunisieannonce_3f6c7b56050c,maison,villa,1580.0,TND,Gammart,Jebel Jelloud,TUNIS,155.0,3.0,10.19,36.7667,10.1833,90.0,HIGH,True,2026-03-31 12:25:02.836153+00,2026-04-09 15:39:59.798451+00
tunisieannonce:tunisieannonce_3f78cdbd8e30,terrain,land,1300.0,TND,Gammart,Jebel Jelloud,TUNIS,500.0,,2.6,36.7667,10.1833,80.0,GOOD,True,2026-03-31 13:30:48.449012+00,2026-04-09 15:39:56.981602+00
tunisieannonce:tunisieannonce_3f9984df6e1e,terrain,land,2000.0,TND,Montplaisir,Jebel Jelloud,TUNIS,820.0,,2.44,36.7667,10.1833,75.0,GOOD,True,2026-03-31 13:40:47.80998+00,2026-04-09 15:39:56.836411+00
tunisieannonce:tunisieannonce_3fc151489f3d,maison,villa,1150.0,TND,Cite Oplympique,Jebel Jelloud,TUNIS,624.0,4.0,1.84,36.7667,10.1833,85.0,HIGH,True,2026-03-29 11:26:09.934517+00,2026-04-09 15:39:58.781287+00
tunisieannonce:tunisieannonce_3fde87e84d4c,maison,villa,920000.0,TND,Gammart,Jebel Jelloud,TUNIS,2026.0,5.0,454.1,36.7667,10.1833,100.0,HIGH,False,2026-04-02 09:06:44.971524+00,2026-04-09 15:39:57.223588+00
tunisieannonce:tunisieannonce_405abd530100,terrain,land,160000.0,TND,Cite Ennasr 1,Jebel Jelloud,TUNIS,400.0,,400.0,36.7667,10.1833,100.0,HIGH,False,2026-04-06 12:24:14.78909+00,2026-04-09 15:39:56.884566+00
tunisieannonce:tunisieannonce_4072d5bb68bc,terrain,land,35000.0,TND,Cite Des Juges,Jebel Jelloud,TUNIS,200.0,,175.0,36.7667,10.1833,80.0,GOOD,False,2026-03-27 15:59:41.431315+00,2026-04-09 15:40:01.453619+00
tunisieannonce:tunisieannonce_40a08d801f42,terrain,land,1200.0,TND,Sidi Daoud,Jebel Jelloud,TUNIS,1000.0,,1.2,36.7667,10.1833,80.0,GOOD,True,2026-03-29 11:03:01.268689+00,2026-04-09 15:40:00.961003+00
tunisieannonce:tunisieannonce_40df5cc5b776,terrain,land,325000.0,TND,Borj Louzir,Jebel Jelloud,TUNIS,325.0,2.0,1000.0,36.7667,10.1833,100.0,HIGH,False,2026-03-29 10:21:34.087486+00,2026-04-09 15:39:59.409382+00
tunisieannonce:tunisieannonce_411fd40bf3ee,terrain,land,1500.0,TND,Berge Du Lac,Jebel Jelloud,TUNIS,700.0,2.0,2.14,36.7667,10.1833,90.0,HIGH,True,2026-04-01 21:07:51.520436+00,2026-04-09 15:40:01.357477+00
tunisieannonce:tunisieannonce_414aceef600b,appartement,apartment,265000.0,TND,Zone Urbaine Nord,Jebel Jelloud,TUNIS,80.0,1.0,3312.5,36.7667,10.1833,100.0,HIGH,False,2026-03-26 23:45:18.781568+00,2026-04-09 15:39:59.120189+00
tunisieannonce:tunisieannonce_41ce4d3d2fd6,terrain,land,147000.0,TND,Ariana,Ariana Ville,TUNIS,210.0,,700.0,36.866011,10.193923,95.0,HIGH,False,2026-04-06 15:16:52.509232+00,2026-04-09 15:39:59.265065+00
tunisieannonce:tunisieannonce_42140cc3ca8d,terrain,land,650000.0,TND,Tazarka,Jebel Jelloud,TUNIS,160.0,,4062.5,36.7667,10.1833,100.0,HIGH,False,2026-03-27 18:02:56.285535+00,2026-04-09 15:39:58.055751+00
tunisieannonce:tunisieannonce_4233082bee5b,maison,villa,110000.0,TND,Borj Cedria,Jebel Jelloud,TUNIS,265.0,,415.09,36.7667,10.1833,85.0,HIGH,False,2026-04-06 10:30:01.609616+00,2026-04-09 15:39:59.071684+00
tunisieannonce:tunisieannonce_425031fbca4a,maison,villa,1070.0,TND,Chotrana 2,Jebel Jelloud,TUNIS,250.0,3.0,4.28,36.7667,10.1833,90.0,HIGH,True,2026-04-01 22:55:35.857307+00,2026-04-09 15:39:58.007024+00
tunisieannonce:tunisieannonce_42b8bccf0a2c,appartement,apartment,4500.0,TND,Utique,Utique,TUNIS,900.0,9.0,5.0,37.0857,10.0259,95.0,HIGH,True,2026-03-26 23:40:05.888641+00,2026-04-09 15:40:00.814718+00
tunisieannonce:tunisieannonce_42e61e94c0e9,appartement,apartment,230000.0,TND,Chaabet El Mrezga,Jebel Jelloud,TUNIS,41.0,1.0,5609.76,36.7667,10.1833,100.0,HIGH,False,2026-03-29 09:59:44.110899+00,2026-04-09 15:39:57.663751+00
tunisieannonce:tunisieannonce_430b226dd4be,appartement,apartment,870000.0,TND,Cite De La Plage 1,Jebel Jelloud,TUNIS,220.0,4.0,3954.55,36.7667,10.1833,100.0,HIGH,False,2026-03-29 10:23:18.821154+00,2026-04-09 15:40:01.20762+00
tunisieannonce:tunisieannonce_431ec0b30e06,terrain,land,258000.0,TND,Hammamet,Hammamet,TUNIS,430.0,,600.0,36.4,10.6167,100.0,HIGH,False,2026-03-29 14:45:14.393277+00,2026-04-09 15:40:01.202474+00
tunisieannonce:tunisieannonce_43359b97e9c9,terrain,land,768300.0,TND,Hammam Sousse Gharbi,Hammam Sousse,TUNIS,591.0,,1300.0,35.8592,10.59,100.0,HIGH,False,2026-04-01 22:04:22.081964+00,2026-04-09 15:39:58.104071+00
tunisieannonce:tunisieannonce_433caab68a02,appartement,apartment,245000.0,TND,El Aouina,Jebel Jelloud,TUNIS,104.0,2.0,2355.77,36.7667,10.1833,100.0,HIGH,False,2026-04-01 21:01:53.675076+00,2026-04-09 15:40:00.911146+00
tunisieannonce:tunisieannonce_439514783af4,terrain,land,400000.0,TND,Mornaguia,Mornaguia,TUNIS,,,,36.7833,9.95,60.0,GOOD,False,2026-04-01 21:04:47.569954+00,2026-04-09 15:40:00.281739+00
tunisieannonce:tunisieannonce_43b4e2f32df4,terrain,land,280000.0,TND,Zaghouan,Zaghouan,TUNIS,,,,36.4025,10.1431,60.0,GOOD,False,2026-03-26 16:30:04.363074+00,2026-04-09 15:39:59.652134+00
tunisieannonce:tunisieannonce_43e4d8cddfd7,maison,villa,770000.0,TND,Marsa Safsaf,Jebel Jelloud,TUNIS,150.0,3.0,5133.33,36.7667,10.1833,100.0,HIGH,False,2026-03-29 11:07:59.314714+00,2026-04-09 15:39:58.249373+00
tunisieannonce:tunisieannonce_43ecf99ff26a,appartement,apartment,110000.0,TND,Bou Kornine,Jebel Jelloud,TUNIS,90.0,2.0,1222.22,36.7667,10.1833,100.0,HIGH,False,2026-03-31 14:07:15.632563+00,2026-04-09 15:39:59.604653+00
tunisieannonce:tunisieannonce_44332b065e9e,terrain,land,320000.0,TND,Cite Chragui,Jebel Jelloud,TUNIS,261.0,,1226.05,36.7667,10.1833,100.0,HIGH,False,2026-03-29 12:30:09.707108+00,2026-04-09 15:39:59.02311+00
tunisieannonce:tunisieannonce_4446da4e426f,terrain,land,11111.0,TND,Cite Eddyr,Jebel Jelloud,TUNIS,654.0,,16.99,36.7667,10.1833,75.0,GOOD,True,2026-03-26 23:07:36.185512+00,2026-04-09 15:39:58.296585+00
tunisieannonce:tunisieannonce_446935f3cf13,appartement,apartment,410000.0,TND,La Soukra,La Soukra,TUNIS,125.0,2.0,3280.0,36.885212,10.245301,100.0,HIGH,False,2026-03-27 15:53:28.189758+00,2026-04-09 15:39:57.415143+00
tunisieannonce:tunisieannonce_448a1d77b44d,terrain,land,143150.0,TND,Chatt Meriem,Jebel Jelloud,TUNIS,409.0,,350.0,36.7667,10.1833,100.0,HIGH,False,2026-03-29 12:01:36.422727+00,2026-04-09 15:40:00.040675+00
tunisieannonce:tunisieannonce_4494b8bdaca9,terrain,land,798000.0,TND,Chotrana 3,Jebel Jelloud,TUNIS,665.0,,1200.0,36.7667,10.1833,100.0,HIGH,False,2026-04-01 22:08:22.095469+00,2026-04-09 15:40:00.37871+00
tunisieannonce:tunisieannonce_4498a9608f1c,terrain,land,360000.0,TND,Bir Mcherga,Bir Mcherga,TUNIS,,,,36.5167,10.0,65.0,GOOD,False,2026-03-26 16:24:57.805194+00,2026-04-09 15:39:58.345972+00
tunisieannonce:tunisieannonce_44c77263872c,appartement,apartment,150000.0,TND,El Mourouj,El Mourouj,TUNIS,100.0,2.0,1500.0,36.7405,10.2042,100.0,HIGH,False,2026-04-06 14:34:07.899307+00,2026-04-09 15:39:58.539207+00
tunisieannonce:tunisieannonce_44ce64e8e633,terrain,land,580000.0,TND,Akouda,Akouda,TUNIS,373.0,2.0,1554.96,35.8667,10.5667,100.0,HIGH,False,2026-03-31 12:46:36.564673+00,2026-04-09 15:40:01.30907+00
tunisieannonce:tunisieannonce_44d5963c25a2,terrain,land,448000.0,TND,Hammamet,Hammamet,TUNIS,592.0,2.0,756.76,36.4,10.6167,100.0,HIGH,False,2026-03-29 10:49:16.221175+00,2026-04-09 15:40:00.185145+00
tunisieannonce:tunisieannonce_451517acfa75,terrain,land,26000.0,TND,Dar Allouche,Jebel Jelloud,TUNIS,186.0,,139.78,36.7667,10.1833,100.0,HIGH,False,2026-03-26 15:49:19.93411+00,2026-04-09 15:39:58.636661+00
tunisieannonce:tunisieannonce_45d35c32842c,terrain,land,420000.0,TND,Nouvelle Medina,Nouvelle Medina,TUNIS,210.0,2.0,2000.0,36.75,10.23,100.0,HIGH,False,2026-03-31 12:23:40.665237+00,2026-04-09 15:40:03.739564+00
tunisieannonce:tunisieannonce_45d4cd751bb9,maison,villa,520000.0,TND,Ariana,Ariana Ville,TUNIS,300.0,2.0,1733.33,36.866011,10.193923,100.0,HIGH,False,2026-03-29 12:05:36.238166+00,2026-04-09 15:40:05.211515+00
tunisieannonce:tunisieannonce_46439113e909,terrain,land,263000.0,TND,Cite Bhar Lazreg,Jebel Jelloud,TUNIS,203.0,,1295.57,36.7667,10.1833,100.0,HIGH,False,2026-03-26 23:44:36.439607+00,2026-04-09 15:40:03.216669+00
tunisieannonce:tunisieannonce_4663cb15acf6,terrain,land,190000.0,TND,Hammam Sousse,Hammam Sousse,TUNIS,270.0,2.0,703.7,35.8592,10.59,100.0,HIGH,False,2026-03-29 12:21:02.60322+00,2026-04-09 15:40:01.802724+00
tunisieannonce:tunisieannonce_4693673e5466,terrain,land,550000.0,TND,Rades Plage,Rades,TUNIS,350.0,2.0,1571.43,36.7782,10.2815,100.0,HIGH,False,2026-04-01 20:56:18.08286+00,2026-04-09 15:40:05.801807+00
tunisieannonce:tunisieannonce_4696fc8bc3a7,terrain,land,850000.0,TND,Cite El Ghazala 1,Jebel Jelloud,TUNIS,400.0,2.0,2125.0,36.7667,10.1833,100.0,HIGH,False,2026-04-01 21:11:28.60195+00,2026-04-09 15:40:02.683572+00
tunisieannonce:tunisieannonce_46a15f55b03d,maison,villa,520000.0,TND,Rades Plage,Rades,TUNIS,175.0,2.0,2971.43,36.7782,10.2815,100.0,HIGH,False,2026-03-27 18:05:12.786226+00,2026-04-09 15:40:05.702826+00
tunisieannonce:tunisieannonce_46bf20a98f20,terrain,land,370000.0,TND,Borj Hafaiedh,Jebel Jelloud,TUNIS,251.0,,1474.1,36.7667,10.1833,90.0,HIGH,False,2026-04-06 14:29:49.925404+00,2026-04-09 15:40:02.383387+00
tunisieannonce:tunisieannonce_46dbb3404304,terrain,land,1050.0,TND,Chotrana 3,Jebel Jelloud,TUNIS,826.0,,1.27,36.7667,10.1833,80.0,GOOD,True,2026-03-29 11:30:11.000932+00,2026-04-09 15:40:01.752772+00
tunisieannonce:tunisieannonce_46f60057a6e7,maison,villa,1200.0,TND,Hammamet,Hammamet,TUNIS,400.0,2.0,3.0,36.4,10.6167,80.0,GOOD,True,2026-04-06 11:49:22.320269+00,2026-04-09 15:40:03.264821+00
tunisieannonce:tunisieannonce_47139cbc172a,appartement,apartment,370000.0,TND,Ariana,Ariana Ville,TUNIS,150.0,2.0,2466.67,36.866011,10.193923,95.0,HIGH,False,2026-04-06 11:09:33.43749+00,2026-04-09 15:40:06.139874+00
tunisieannonce:tunisieannonce_4751752e932b,appartement,apartment,250000.0,TND,Ezzahra,Ezzahra,TUNIS,120.0,3.0,2083.33,36.743,10.308,100.0,HIGH,False,2026-03-29 11:11:35.203387+00,2026-04-09 15:40:02.334585+00
tunisieannonce:tunisieannonce_4775ac6dfd79,terrain,land,270000.0,TND,Raoued,Raoued,TUNIS,225.0,,1200.0,36.908,10.2,100.0,HIGH,False,2026-03-31 14:13:50.572926+00,2026-04-09 15:40:03.468766+00
tunisieannonce:tunisieannonce_47af029cd8cc,terrain,land,78000.0,TND,El Brarja,Jebel Jelloud,TUNIS,295.0,2.0,264.41,36.7667,10.1833,100.0,HIGH,False,2026-04-01 21:06:34.881783+00,2026-04-09 15:40:01.850567+00
tunisieannonce:tunisieannonce_47cc07d163fc,terrain,land,2230.0,TND,Mornag,Mornag,TUNIS,590.0,1.0,3.78,36.6715,10.258,90.0,HIGH,True,2026-04-01 21:13:40.540528+00,2026-04-09 15:40:04.561494+00
tunisieannonce:tunisieannonce_48020958fb75,terrain,land,402500.0,TND,El Kantaoui,Jebel Jelloud,TUNIS,150.0,,2683.33,36.7667,10.1833,100.0,HIGH,False,2026-04-01 21:54:32.503613+00,2026-04-09 15:40:04.320617+00
tunisieannonce:tunisieannonce_48166e7a952f,terrain,land,890000.0,TND,Hammamet,Hammamet,TUNIS,500.0,2.0,1780.0,36.4,10.6167,100.0,HIGH,False,2026-04-06 10:14:53.279254+00,2026-04-09 15:40:04.71706+00
tunisieannonce:tunisieannonce_481986253bdd,appartement,apartment,220000.0,TND,Cite El Ghazala 1,Jebel Jelloud,TUNIS,88.0,2.0,2500.0,36.7667,10.1833,100.0,HIGH,False,2026-04-01 21:17:07.117647+00,2026-04-09 15:40:02.527542+00
tunisieannonce:tunisieannonce_483e5fb3877c,terrain,land,200900.0,TND,Mnihla,Mnihla,TUNIS,287.0,,700.0,36.8648,10.1021,100.0,HIGH,False,2026-04-01 21:48:33.772796+00,2026-04-09 15:40:03.367119+00
tunisieannonce:tunisieannonce_495c99c1b892,maison,villa,110000.0,TND,Hammamet,Hammamet,TUNIS,50.0,2.0,2200.0,36.4,10.6167,100.0,HIGH,False,2026-03-27 15:57:26.960415+00,2026-04-09 15:40:01.560051+00
tunisieannonce:tunisieannonce_496a39dfdbce,terrain,land,300000.0,TND,Borj Cedria,Jebel Jelloud,TUNIS,500.0,2.0,600.0,36.7667,10.1833,95.0,HIGH,False,2026-04-06 14:35:57.394923+00,2026-04-09 15:40:04.417277+00
tunisieannonce:tunisieannonce_4974eed63a03,terrain,land,1462.0,TND,La Soukra,La Soukra,TUNIS,590.0,,2.48,36.885212,10.245301,80.0,GOOD,True,2026-04-01 22:34:01.780029+00,2026-04-09 15:40:05.994892+00
tunisieannonce:tunisieannonce_4976ed62cab5,maison,villa,350000.0,TND,Jaafar 2,Jebel Jelloud,TUNIS,562.0,3.0,622.78,36.7667,10.1833,100.0,HIGH,False,2026-03-26 23:23:57.653713+00,2026-04-09 15:40:05.114926+00
tunisieannonce:tunisieannonce_498683e0bb79,terrain,land,400000.0,TND,Zaouiet Sousse,Sidi El Heni,TUNIS,402.0,,995.02,35.6756,10.3106,100.0,HIGH,False,2026-03-31 14:20:04.886671+00,2026-04-09 15:40:03.313516+00
tunisieannonce:tunisieannonce_499e85b9a277,terrain,land,463200.0,TND,Hammam Sousse,Hammam Sousse,TUNIS,386.0,,1200.0,35.8592,10.59,100.0,HIGH,False,2026-03-29 12:30:18.657063+00,2026-04-09 15:40:06.043271+00
tunisieannonce:tunisieannonce_49c1bb8888ff,terrain,land,680000.0,TND,Menzel Bouzelfa,Menzel Bouzelfa,TUNIS,613.0,,1109.3,36.6833,10.5833,100.0,HIGH,False,2026-04-02 09:05:39.650164+00,2026-04-09 15:40:05.356889+00
tunisieannonce:tunisieannonce_49f6812c26ce,appartement,apartment,157000.0,TND,Borj Cedria,Jebel Jelloud,TUNIS,82.0,2.0,1914.63,36.7667,10.1833,100.0,HIGH,False,2026-04-01 22:47:47.85563+00,2026-04-09 15:40:04.621791+00
tunisieannonce:tunisieannonce_4a1013d6939b,maison,villa,1050.0,TND,Cite Ennasr 2,Jebel Jelloud,TUNIS,350.0,2.0,3.0,36.7667,10.1833,90.0,HIGH,True,2026-04-06 17:20:00.388959+00,2026-04-09 15:40:04.465491+00
tunisieannonce:tunisieannonce_4a28e57506f7,terrain,land,1800.0,TND,Le Bardo,Le Bardo,TUNIS,200.0,,9.0,36.8111,10.1364,80.0,GOOD,True,2026-03-26 23:29:44.688693+00,2026-04-09 15:40:03.022194+00
tunisieannonce:tunisieannonce_4a9528b81049,terrain,land,65000.0,TND,Hammamet,Hammamet,TUNIS,250.0,,260.0,36.4,10.6167,100.0,HIGH,False,2026-03-29 11:59:38.891207+00,2026-04-09 15:40:01.657998+00
tunisieannonce:tunisieannonce_4a98ea345a99,terrain,land,360000.0,TND,Kalaa Essghira,Kalaa Essghira,TUNIS,616.0,,584.42,35.8381,10.5736,100.0,HIGH,False,2026-04-01 22:34:42.972433+00,2026-04-09 15:40:01.609085+00
tunisieannonce:tunisieannonce_4aafb8643b54,terrain,land,350000.0,TND,La Soukra,La Soukra,TUNIS,342.0,,1023.39,36.885212,10.245301,100.0,HIGH,False,2026-03-29 11:12:25.411205+00,2026-04-09 15:40:06.092858+00
tunisieannonce:tunisieannonce_4b17f5b305b5,appartement,apartment,450000.0,TND,Sousse,Sidi El Heni,TUNIS,136.0,2.0,3308.82,35.6756,10.3106,95.0,HIGH,False,2026-04-06 10:53:46.335598+00,2026-04-09 15:40:04.813869+00
tunisieannonce:tunisieannonce_4b2f4e5affa2,terrain,land,3350.0,TND,Marsa Ennassim,Jebel Jelloud,TUNIS,,,,36.7667,10.1833,35.0,LOW,True,2026-03-31 13:48:49.862076+00,2026-04-09 15:40:02.924954+00
tunisieannonce:tunisieannonce_4b4e08c1d365,terrain,land,330000.0,TND,Chatt Meriem,Jebel Jelloud,TUNIS,300.0,,1100.0,36.7667,10.1833,100.0,HIGH,False,2026-03-27 17:54:00.907586+00,2026-04-09 15:40:02.636443+00
tunisieannonce:tunisieannonce_4b9669f7873e,terrain,land,320000.0,TND,Marsa Ennassim,Jebel Jelloud,TUNIS,395.0,2.0,810.13,36.7667,10.1833,100.0,HIGH,False,2026-04-06 12:27:27.290828+00,2026-04-09 15:40:02.432326+00
tunisieannonce:tunisieannonce_4ba5b6e90ac1,terrain,land,920000.0,TND,Cite Sahloul,Jebel Jelloud,TUNIS,530.0,3.0,1735.85,36.7667,10.1833,100.0,HIGH,False,2026-03-31 12:24:18.195082+00,2026-04-09 15:40:05.259882+00
tunisieannonce:tunisieannonce_4bd7b4952bc9,terrain,land,840000.0,TND,Midoun,Midoun,TUNIS,576.0,,1458.33,33.8042,10.9725,100.0,HIGH,False,2026-03-29 10:21:42.167618+00,2026-04-09 15:40:03.361208+00
tunisieannonce:tunisieannonce_4bdfd519e8b0,maison,villa,630000.0,TND,Riadh Landlous,Jebel Jelloud,TUNIS,600.0,2.0,1050.0,36.7667,10.1833,100.0,HIGH,False,2026-04-06 14:14:20.403001+00,2026-04-09 15:40:03.981276+00
tunisieannonce:tunisieannonce_4bf364c460b9,terrain,land,3500.0,TND,Cartage Byrsa,Jebel Jelloud,TUNIS,957.0,3.0,3.66,36.7667,10.1833,90.0,HIGH,True,2026-03-29 11:29:46.099548+00,2026-04-09 15:40:05.065629+00
tunisieannonce:tunisieannonce_4c9e88880152,appartement,apartment,335000.0,TND,Ezzahra,Ezzahra,TUNIS,122.0,3.0,2745.9,36.743,10.308,100.0,HIGH,False,2026-04-01 22:50:02.365644+00,2026-04-09 15:40:06.28491+00
tunisieannonce:tunisieannonce_4cc0a1ea7dfb,appartement,apartment,340000.0,TND,Cite Ennasr 2,Jebel Jelloud,TUNIS,125.0,3.0,2720.0,36.7667,10.1833,100.0,HIGH,False,2026-04-01 22:57:31.274357+00,2026-04-09 15:40:07.119059+00
tunisieannonce:tunisieannonce_4cea5f3a1927,terrain,land,75000.0,TND,Raoued,Raoued,TUNIS,238.0,,315.13,36.908,10.2,95.0,HIGH,False,2026-03-27 16:07:12.124656+00,2026-04-09 15:40:08.648747+00
tunisieannonce:tunisieannonce_4d060837db01,maison,villa,240000.0,TND,Cite El Ghazala 1,Jebel Jelloud,TUNIS,82.0,2.0,2926.83,36.7667,10.1833,100.0,HIGH,False,2026-04-01 22:56:04.754112+00,2026-04-09 15:40:10.759006+00
tunisieannonce:tunisieannonce_4d287749044b,terrain,land,120000.0,TND,Oued Ellil,Oued Ellil,TUNIS,250.0,,480.0,36.8311,10.0347,100.0,HIGH,False,2026-03-29 11:21:19.083343+00,2026-04-09 15:40:07.71976+00
tunisieannonce:tunisieannonce_4d6e3b2d689d,terrain,land,750000.0,TND,Chotrana 3,Jebel Jelloud,TUNIS,508.0,,1476.38,36.7667,10.1833,100.0,HIGH,False,2026-03-27 16:00:47.946898+00,2026-04-09 15:40:09.840179+00
tunisieannonce:tunisieannonce_4e013835e8ff,terrain,land,950000.0,TND,Jardins D'El Menzah,El Menzah,TUNIS,738.0,,1287.26,36.8528,10.1703,95.0,HIGH,False,2026-03-26 23:17:51.912065+00,2026-04-09 15:40:10.371659+00
tunisieannonce:tunisieannonce_4e3ad9b9a55e,terrain,land,1500.0,TND,Jebel El Oust,Jebel Jelloud,TUNIS,13.0,2.0,115.38,36.7667,10.1833,95.0,HIGH,True,2026-03-26 16:06:42.144876+00,2026-04-09 15:40:09.549425+00
tunisieannonce:tunisieannonce_4e4097eafd8d,appartement,apartment,950000.0,TND,Berge Du Lac,Jebel Jelloud,TUNIS,200.0,3.0,4750.0,36.7667,10.1833,100.0,HIGH,False,2026-03-29 12:07:58.294036+00,2026-04-09 15:40:09.597679+00
tunisieannonce:tunisieannonce_4e7b32de1597,maison,villa,245000.0,TND,Hammamet,Hammamet,TUNIS,400.0,2.0,612.5,36.4,10.6167,100.0,HIGH,False,2026-03-31 13:07:27.102145+00,2026-04-09 15:40:08.552654+00
tunisieannonce:tunisieannonce_4e7fb6286b92,appartement,apartment,350000.0,TND,Hammam Sousse,Hammam Sousse,TUNIS,780.0,2.0,448.72,35.8592,10.59,100.0,HIGH,False,2026-03-31 15:53:16.38092+00,2026-04-09 15:40:09.142733+00
tunisieannonce:tunisieannonce_4e8018f9c6d5,appartement,apartment,641900.0,TND,Jardins De Carthage,Carthage,TUNIS,,2.0,,36.8536,10.3256,95.0,HIGH,False,2026-03-31 12:44:53.282735+00,2026-04-09 15:40:08.204058+00
tunisieannonce:tunisieannonce_4ebd8ecc70d1,terrain,land,1300.0,TND,Gammart,Jebel Jelloud,TUNIS,500.0,5.0,2.6,36.7667,10.1833,90.0,HIGH,True,2026-03-27 17:49:43.86489+00,2026-04-09 15:40:08.755957+00
tunisieannonce:tunisieannonce_4ebf363ab32a,terrain,land,45000.0,TND,Bou Mhel,Jebel Jelloud,TUNIS,84.0,3.0,535.71,36.7667,10.1833,100.0,HIGH,False,2026-04-01 21:50:06.484735+00,2026-04-09 15:40:08.503877+00
tunisieannonce:tunisieannonce_4f12fc91c1d9,terrain,land,643000.0,TND,Kalaa El Kebira,Kalaa El Kebira,TUNIS,360.0,,1786.11,35.8697,10.5544,100.0,HIGH,False,2026-04-01 21:46:49.126067+00,2026-04-09 15:40:08.949395+00
tunisieannonce:tunisieannonce_4f304f484185,maison,villa,2200.0,TND,Nabeul,Nabeul,TUNIS,702.0,4.0,3.13,36.4561,10.7358,90.0,HIGH,True,2026-03-31 15:48:29.730165+00,2026-04-09 15:40:06.635884+00
tunisieannonce:tunisieannonce_4f3b1ed901d9,appartement,apartment,665000.0,TND,Jardins De Carthage,Carthage,TUNIS,117.0,2.0,5683.76,36.8536,10.3256,100.0,HIGH,False,2026-04-01 21:19:12.387568+00,2026-04-09 15:40:10.614586+00
tunisieannonce:tunisieannonce_4f944b8718ce,terrain,land,1000.0,TND,Hammam Jebli,Jebel Jelloud,TUNIS,,,,36.7667,10.1833,40.0,LOW,True,2026-03-31 13:30:08.283389+00,2026-04-09 15:40:07.767688+00
tunisieannonce:tunisieannonce_4fbd5dfc3931,terrain,land,680000.0,TND,El Menzah 9,El Menzah,TUNIS,402.0,,1691.54,36.8528,10.1703,100.0,HIGH,False,2026-03-31 14:37:16.532322+00,2026-04-09 15:40:10.467951+00
tunisieannonce:tunisieannonce_4fe0bc0cefdd,terrain,land,280000.0,TND,Nabeul,Nabeul,TUNIS,356.0,,786.52,36.4561,10.7358,100.0,HIGH,False,2026-03-27 16:03:21.831559+00,2026-04-09 15:40:07.274659+00
tunisieannonce:tunisieannonce_4fe500f36765,terrain,land,204000.0,TND,Jaafar 1,Jebel Jelloud,TUNIS,300.0,,680.0,36.7667,10.1833,100.0,HIGH,False,2026-03-26 23:18:12.389753+00,2026-04-09 15:40:09.888701+00
tunisieannonce:tunisieannonce_4fe78cfa75e7,maison,villa,1450.0,TND,Cite Jardins,Jebel Jelloud,TUNIS,400.0,2.0,3.62,36.7667,10.1833,80.0,GOOD,True,2026-04-06 12:19:57.001282+00,2026-04-09 15:40:08.601033+00
tunisieannonce:tunisieannonce_505d29472b2a,maison,villa,670000.0,TND,Hammamet,Hammamet,TUNIS,500.0,,1340.0,36.4,10.6167,100.0,HIGH,False,2026-04-01 22:04:51.096967+00,2026-04-09 15:40:07.216393+00
tunisieannonce:tunisieannonce_5090be80d8f4,terrain,land,228000.0,TND,Borj Cedria,Jebel Jelloud,TUNIS,317.0,,719.24,36.7667,10.1833,100.0,HIGH,False,2026-03-26 15:48:54.863565+00,2026-04-09 15:40:09.402998+00
tunisieannonce:tunisieannonce_50b3c92f9f06,appartement,apartment,275000.0,TND,El Omrane Superieur,El Omrane Superieur,TUNIS,120.0,2.0,2291.67,36.8264,10.1506,100.0,HIGH,False,2026-03-31 13:42:37.842807+00,2026-04-09 15:40:10.03446+00
tunisieannonce:tunisieannonce_5116dfcf32a1,appartement,apartment,135000.0,TND,El Mourouj,El Mourouj,TUNIS,80.0,2.0,1687.5,36.7405,10.2042,100.0,HIGH,False,2026-03-31 14:04:04.305919+00,2026-04-09 15:40:06.780581+00
tunisieannonce:tunisieannonce_51326fdd3c13,maison,villa,290000.0,TND,Cite El Khadra,Cite El Khadra,TUNIS,80.0,4.0,3625.0,36.8319,10.1942,90.0,HIGH,False,2026-04-01 20:54:37.006565+00,2026-04-09 15:40:08.456428+00
tunisieannonce:tunisieannonce_515483f8ea84,terrain,land,450000.0,TND,Merkez Sebai,Jebel Jelloud,TUNIS,710.0,,633.8,36.7667,10.1833,95.0,HIGH,False,2026-03-29 12:30:55.72663+00,2026-04-09 15:40:07.221319+00
tunisieannonce:tunisieannonce_516bdd96995b,appartement,apartment,380000.0,TND,Cite Ennasr 2,Jebel Jelloud,TUNIS,140.0,2.0,2714.29,36.7667,10.1833,100.0,HIGH,False,2026-04-02 08:27:56.868642+00,2026-04-09 15:40:10.516851+00
tunisieannonce:tunisieannonce_51c1cbc37ccc,terrain,land,240000.0,TND,Hammamet,Hammamet,TUNIS,200.0,,1200.0,36.4,10.6167,100.0,HIGH,False,2026-04-01 21:18:43.929555+00,2026-04-09 15:40:09.046294+00
tunisieannonce:tunisieannonce_51d98e2852e2,maison,villa,170000.0,TND,Jaafar 2,Jebel Jelloud,TUNIS,170.0,2.0,1000.0,36.7667,10.1833,100.0,HIGH,False,2026-03-29 12:09:38.128322+00,2026-04-09 15:40:10.808849+00
tunisieannonce:tunisieannonce_51ffe3ee4a22,terrain,land,268000.0,TND,Borj Cedria,Jebel Jelloud,TUNIS,400.0,,670.0,36.7667,10.1833,100.0,HIGH,False,2026-03-26 16:19:23.734623+00,2026-04-09 15:40:06.925252+00
tunisieannonce:tunisieannonce_520a61996c59,terrain,land,820000.0,TND,El Omrane Superieur,El Omrane Superieur,TUNIS,822.0,,997.57,36.8264,10.1506,95.0,HIGH,False,2026-03-27 16:10:34.227767+00,2026-04-09 15:40:06.48978+00
tunisieannonce:tunisieannonce_521ed5e019b5,terrain,land,150000.0,TND,Hammamet,Hammamet,TUNIS,1000.0,,150.0,36.4,10.6167,100.0,HIGH,False,2026-03-26 23:43:33.822057+00,2026-04-09 15:40:09.191119+00
tunisieannonce:tunisieannonce_52624a874cf2,terrain,land,425000.0,TND,Chatt Meriem,Jebel Jelloud,TUNIS,387.0,,1098.19,36.7667,10.1833,100.0,HIGH,False,2026-03-31 12:33:13.647415+00,2026-04-09 15:40:08.252099+00
tunisieannonce:tunisieannonce_5278300c0edf,terrain,land,1320.0,TND,Berge Du Lac,Jebel Jelloud,TUNIS,300.0,1.0,4.4,36.7667,10.1833,90.0,HIGH,True,2026-03-31 12:23:20.499942+00,2026-04-09 15:40:07.574931+00
tunisieannonce:tunisieannonce_52a568671688,appartement,apartment,632000.0,TND,Jardins De Carthage,Carthage,TUNIS,157.0,4.0,4025.48,36.8536,10.3256,100.0,HIGH,False,2026-04-02 09:07:42.966808+00,2026-04-09 15:40:09.094821+00
tunisieannonce:tunisieannonce_530ef15a269e,maison,villa,230000.0,TND,Mnihla,Mnihla,TUNIS,300.0,2.0,766.67,36.8648,10.1021,100.0,HIGH,False,2026-03-26 23:18:45.864134+00,2026-04-09 15:40:09.33748+00
tunisieannonce:tunisieannonce_53573f16af08,terrain,land,950000.0,TND,Le Bardo,Le Bardo,TUNIS,710.0,3.0,1338.03,36.8111,10.1364,100.0,HIGH,False,2026-03-27 18:01:47.882163+00,2026-04-09 15:40:10.22771+00
tunisieannonce:tunisieannonce_538611def430,terrain,land,115000.0,TND,La Mannouba,Mannouba,TUNIS,250.0,,460.0,36.8097,10.0928,95.0,HIGH,False,2026-03-31 15:05:06.608356+00,2026-04-09 15:40:10.855937+00
tunisieannonce:tunisieannonce_53be4ead104e,appartement,apartment,240000.0,TND,Hammam Sousse Gharbi,Hammam Sousse,TUNIS,110.0,3.0,2181.82,35.8592,10.59,100.0,HIGH,False,2026-04-06 15:05:05.623685+00,2026-04-09 15:40:10.17901+00
tunisieannonce:tunisieannonce_53d23b47f885,appartement,apartment,200000.0,TND,Cite Touristique,Jebel Jelloud,TUNIS,160.0,2.0,1250.0,36.7667,10.1833,100.0,HIGH,False,2026-03-31 15:59:14.285831+00,2026-04-09 15:40:07.332898+00
tunisieannonce:tunisieannonce_54283de97970,terrain,land,420000.0,TND,El Mourouj,El Mourouj,TUNIS,100.0,2.0,4200.0,36.7405,10.2042,90.0,HIGH,True,2026-03-29 12:03:49.459794+00,2026-04-09 15:40:09.64709+00
tunisieannonce:tunisieannonce_542b23859f52,terrain,land,66000.0,TND,Cite El Bassatine Ancien,Jebel Jelloud,TUNIS,180.0,,366.67,36.7667,10.1833,95.0,HIGH,False,2026-03-31 12:37:06.94237+00,2026-04-09 15:40:12.461712+00
tunisieannonce:tunisieannonce_5464eef70801,terrain,land,388800.0,TND,Hammamet,Hammamet,TUNIS,432.0,2.0,900.0,36.4,10.6167,100.0,HIGH,False,2026-03-26 23:16:52.850183+00,2026-04-09 15:40:13.682703+00
tunisieannonce:tunisieannonce_54814fac5dd7,maison,villa,470000.0,TND,Bab Djedid,Jebel Jelloud,TUNIS,222.0,5.0,2117.12,36.7667,10.1833,100.0,HIGH,False,2026-04-06 17:23:58.854446+00,2026-04-09 15:40:15.473638+00
tunisieannonce:tunisieannonce_548fcda38c55,terrain,land,324000.0,TND,Hergla,Hergla,TUNIS,450.0,,720.0,36.0333,10.5,100.0,HIGH,False,2026-03-29 10:30:16.07067+00,2026-04-09 15:40:11.339379+00
tunisieannonce:tunisieannonce_54a65ff069a0,terrain,land,1800.0,TND,Akouda,Akouda,TUNIS,,,,35.8667,10.5667,40.0,LOW,True,2026-03-29 12:21:11.48486+00,2026-04-09 15:40:13.972641+00
tunisieannonce:tunisieannonce_54cb4a9d55b9,terrain,land,190000.0,TND,Mnihla,Mnihla,TUNIS,257.0,,739.3,36.8648,10.1021,100.0,HIGH,False,2026-03-31 13:44:37.981618+00,2026-04-09 15:40:13.73134+00
tunisieannonce:tunisieannonce_5502ceb816f1,terrain,land,100000.0,TND,Mornaguia,Mornaguia,TUNIS,49.0,,2040.82,36.7833,9.95,100.0,HIGH,False,2026-03-31 15:04:58.969746+00,2026-04-09 15:40:12.364319+00
tunisieannonce:tunisieannonce_55180a40e0bd,maison,villa,150000.0,TND,Soliman,Soliman,TUNIS,140.0,3.0,1071.43,36.7,10.4833,100.0,HIGH,False,2026-04-02 08:20:01.800847+00,2026-04-09 15:40:13.876804+00
tunisieannonce:tunisieannonce_551b4408ae44,appartement,apartment,535000.0,TND,Ain Zaghouan,Zaghouan,TUNIS,115.0,2.0,4652.17,36.4025,10.1431,100.0,HIGH,False,2026-04-02 08:38:20.63701+00,2026-04-09 15:40:15.135115+00
tunisieannonce:tunisieannonce_554a063eaab6,maison,villa,350000.0,TND,Kelibia,Kelibia,TUNIS,250.0,2.0,1400.0,36.8472,11.0944,100.0,HIGH,False,2026-03-26 23:28:40.080224+00,2026-04-09 15:40:14.409155+00
tunisieannonce:tunisieannonce_55558e23e3b3,terrain,land,530000.0,TND,Hammam Sousse,Hammam Sousse,TUNIS,328.0,2.0,1615.85,35.8592,10.59,100.0,HIGH,False,2026-03-29 13:00:19.291399+00,2026-04-09 15:40:14.698927+00
tunisieannonce:tunisieannonce_556f4df44690,terrain,land,853400.0,TND,El Kantaoui,Jebel Jelloud,TUNIS,502.0,2.0,1700.0,36.7667,10.1833,100.0,HIGH,False,2026-04-02 08:32:42.019713+00,2026-04-09 15:40:12.811433+00
tunisieannonce:tunisieannonce_5590226144e3,terrain,land,7500.0,TND,Cite Industrielle,Jebel Jelloud,TUNIS,,2.0,,36.7667,10.1833,95.0,HIGH,False,2026-03-27 18:06:24.818429+00,2026-04-09 15:40:12.762796+00
tunisieannonce:tunisieannonce_55ce3994a836,terrain,land,700000.0,TND,Cite Touristique,Jebel Jelloud,TUNIS,300.0,3.0,2333.33,36.7667,10.1833,100.0,HIGH,False,2026-04-01 21:40:45.227501+00,2026-04-09 15:40:13.585975+00
tunisieannonce:tunisieannonce_55e17dc82f18,appartement,apartment,230000.0,TND,Cite Ennasr 2,Jebel Jelloud,TUNIS,60.0,3.0,3833.33,36.7667,10.1833,100.0,HIGH,False,2026-03-31 14:27:03.047981+00,2026-04-09 15:40:13.150866+00
tunisieannonce:tunisieannonce_5621efb3408b,terrain,land,442000.0,TND,Riadh Landlous,Jebel Jelloud,TUNIS,850.0,,520.0,36.7667,10.1833,85.0,HIGH,False,2026-04-06 12:25:33.706198+00,2026-04-09 15:40:12.559312+00
tunisieannonce:tunisieannonce_564d0dbfa6ed,appartement,apartment,470000.0,TND,El Kantaoui,Jebel Jelloud,TUNIS,126.0,2.0,3730.16,36.7667,10.1833,100.0,HIGH,False,2026-03-26 15:43:17.107517+00,2026-04-09 15:40:12.858832+00
tunisieannonce:tunisieannonce_5687cbdc6279,terrain,land,695000.0,TND,Chotrana 2,Jebel Jelloud,TUNIS,695.0,,1000.0,36.7667,10.1833,95.0,HIGH,False,2026-03-29 09:50:40.795858+00,2026-04-09 15:40:15.086823+00
tunisieannonce:tunisieannonce_569dbccd3e54,appartement,apartment,220000.0,TND,Hammam Sousse,Hammam Sousse,TUNIS,190.0,2.0,1157.89,35.8592,10.59,100.0,HIGH,False,2026-03-31 13:08:13.95259+00,2026-04-09 15:40:14.747181+00
tunisieannonce:tunisieannonce_56e3db2a6407,terrain,land,233000.0,TND,Chatt Meriem,Jebel Jelloud,TUNIS,465.0,,501.08,36.7667,10.1833,95.0,HIGH,False,2026-03-31 13:42:27.879052+00,2026-04-09 15:40:12.714902+00
tunisieannonce:tunisieannonce_56fda5e89195,terrain,land,576000.0,TND,El Battan,El Battan,TUNIS,18.0,,32000.0,36.8167,9.85,80.0,GOOD,True,2026-03-26 23:26:06.055472+00,2026-04-09 15:40:12.656397+00
tunisieannonce:tunisieannonce_571e1a9b86e1,appartement,apartment,85000.0,TND,Douar Hicher,Douar Hicher,TUNIS,104.0,2.0,817.31,36.8333,10.0667,100.0,HIGH,False,2026-03-29 11:15:19.004795+00,2026-04-09 15:40:12.608681+00
tunisieannonce:tunisieannonce_57677c4c8a99,terrain,land,1100.0,TND,Cite Bou Mhel,Jebel Jelloud,TUNIS,600.0,5.0,1.83,36.7667,10.1833,85.0,HIGH,True,2026-04-01 22:17:12.385391+00,2026-04-09 15:40:11.436249+00
tunisieannonce:tunisieannonce_576e6e7bc307,maison,villa,250000.0,TND,Chaabet El Mrezga,Jebel Jelloud,TUNIS,200.0,2.0,1250.0,36.7667,10.1833,100.0,HIGH,False,2026-03-27 15:51:40.57761+00,2026-04-09 15:40:11.871989+00
tunisieannonce:tunisieannonce_57a4e4ac4950,terrain,land,880000.0,TND,Kalaa Essghira,Kalaa Essghira,TUNIS,400.0,3.0,2200.0,35.8381,10.5736,100.0,HIGH,False,2026-04-06 15:08:08.286839+00,2026-04-09 15:40:13.296122+00
tunisieannonce:tunisieannonce_57c480b17be8,appartement,apartment,355000.0,TND,Cite El Ghazala 1,Jebel Jelloud,TUNIS,147.0,,2414.97,36.7667,10.1833,100.0,HIGH,False,2026-04-01 22:06:47.715411+00,2026-04-09 15:40:14.602533+00
tunisieannonce:tunisieannonce_5866975d79f2,maison,villa,1220.0,TND,Cite Ennasr 2,Jebel Jelloud,TUNIS,598.0,3.0,2.04,36.7667,10.1833,75.0,GOOD,True,2026-03-31 14:14:40.141+00,2026-04-09 15:40:13.489355+00
tunisieannonce:tunisieannonce_58b59e0a41e2,terrain,land,680000.0,TND,El Hamayem,Jebel Jelloud,TUNIS,,4.0,,36.7667,10.1833,90.0,HIGH,False,2026-04-01 22:16:34.489002+00,2026-04-09 15:40:11.243543+00
tunisieannonce:tunisieannonce_590f4f5090b8,terrain,land,2200.0,TND,El Kantaoui,Jebel Jelloud,TUNIS,215.0,1.0,10.23,36.7667,10.1833,90.0,HIGH,True,2026-03-29 10:33:55.969184+00,2026-04-09 15:40:14.021619+00
tunisieannonce:tunisieannonce_5938f5830b3b,appartement,apartment,280000.0,TND,Riadh Landlous,Jebel Jelloud,TUNIS,130.0,3.0,2153.85,36.7667,10.1833,100.0,HIGH,False,2026-03-31 14:49:32.63635+00,2026-04-09 15:40:13.440928+00
tunisieannonce:tunisieannonce_59671fea113f,terrain,land,700000.0,TND,Sidi Bou Ali,Sidi Bou Ali,TUNIS,,,,35.9833,10.4667,60.0,GOOD,False,2026-04-02 09:40:32.894609+00,2026-04-09 15:40:11.921484+00
tunisieannonce:tunisieannonce_597248aa25a4,appartement,apartment,255000.0,TND,Republique,Jebel Jelloud,TUNIS,155.0,4.0,1645.16,36.7667,10.1833,100.0,HIGH,False,2026-04-01 21:41:42.072199+00,2026-04-09 15:40:13.924678+00
tunisieannonce:tunisieannonce_59a1f9f344db,terrain,land,700000.0,TND,Boucha,Jebel Jelloud,TUNIS,,,,36.7667,10.1833,60.0,GOOD,False,2026-03-26 16:30:43.906616+00,2026-04-09 15:40:13.101401+00
tunisieannonce:tunisieannonce_5a0f10861994,appartement,apartment,185000.0,TND,Rades Foret,Rades,TUNIS,150.0,3.0,1233.33,36.7782,10.2815,100.0,HIGH,False,2026-03-29 11:11:52.591224+00,2026-04-09 15:40:12.511592+00
tunisieannonce:tunisieannonce_5a4e43e40982,terrain,land,175900.0,TND,Soliman,Soliman,TUNIS,359.0,,489.97,36.7,10.4833,100.0,HIGH,False,2026-03-26 15:41:42.061919+00,2026-04-09 15:40:15.329018+00
tunisieannonce:tunisieannonce_5a7302b0fbf0,terrain,land,75000.0,TND,Menzel Bouzelfa,Menzel Bouzelfa,TUNIS,276.0,,271.74,36.6833,10.5833,95.0,HIGH,False,2026-04-02 08:19:42.002696+00,2026-04-09 15:40:12.308669+00
tunisieannonce:tunisieannonce_5af4e3e82f53,terrain,land,520000.0,TND,Chotrana 3,Jebel Jelloud,TUNIS,400.0,,1300.0,36.7667,10.1833,100.0,HIGH,False,2026-04-06 14:37:50.322594+00,2026-04-09 15:40:14.892624+00
tunisieannonce:tunisieannonce_5af98a86e181,terrain,land,2700.0,TND,Merkez Sebai,Jebel Jelloud,TUNIS,190.0,,14.21,36.7667,10.1833,75.0,GOOD,True,2026-03-31 13:40:28.558969+00,2026-04-09 15:40:10.905185+00
tunisieannonce:tunisieannonce_5b1f9dc148aa,terrain,land,1265.0,TND,Mateur,Mateur,TUNIS,,,,37.038,9.665,35.0,LOW,True,2026-03-31 14:46:44.580101+00,2026-04-09 15:40:15.376962+00
tunisieannonce:tunisieannonce_5b5dda85f4c2,terrain,land,2500.0,TND,Mutuelle Ville,Jebel Jelloud,TUNIS,600.0,3.0,4.17,36.7667,10.1833,90.0,HIGH,True,2026-04-01 22:48:18.704747+00,2026-04-09 15:40:10.952149+00
tunisieannonce:tunisieannonce_5b675fd0170b,appartement,apartment,247000.0,TND,Nabeul,Nabeul,TUNIS,75.0,1.0,3293.33,36.4561,10.7358,100.0,HIGH,False,2026-03-29 11:42:45.556554+00,2026-04-09 15:40:11.146734+00
tunisieannonce:tunisieannonce_5b8954aee4e7,maison,villa,680000.0,TND,Riadh Landlous,Jebel Jelloud,TUNIS,230.0,4.0,2956.52,36.7667,10.1833,100.0,HIGH,False,2026-03-29 09:47:38.778299+00,2026-04-09 15:40:14.069731+00
tunisieannonce:tunisieannonce_5b99edd27ee8,terrain,land,625000.0,TND,Hammam Sousse,Hammam Sousse,TUNIS,382.0,2.0,1636.13,35.8592,10.59,100.0,HIGH,False,2026-03-31 13:41:29.557993+00,2026-04-09 15:40:14.11863+00
tunisieannonce:tunisieannonce_5bf834a40145,maison,villa,480000.0,TND,Hammam Sousse,Hammam Sousse,TUNIS,480.0,3.0,1000.0,35.8592,10.59,100.0,HIGH,False,2026-03-27 18:09:39.604426+00,2026-04-09 15:40:16.116261+00
tunisieannonce:tunisieannonce_5c199cba4d0e,appartement,apartment,270000.0,TND,Cite De La Plage 1,Jebel Jelloud,TUNIS,170.0,4.0,1588.24,36.7667,10.1833,100.0,HIGH,False,2026-03-26 16:07:57.986004+00,2026-04-09 15:40:20.117693+00
tunisieannonce:tunisieannonce_5c1dd1f96980,terrain,land,280000.0,TND,El Menzah 8,El Menzah,TUNIS,135.0,2.0,2074.07,36.8528,10.1703,100.0,HIGH,False,2026-03-27 18:08:30.175801+00,2026-04-09 15:40:17.147763+00
tunisieannonce:tunisieannonce_5c81e4469cb8,terrain,land,232000.0,TND,Ariana,Ariana Ville,TUNIS,290.0,,800.0,36.866011,10.193923,100.0,HIGH,False,2026-03-31 15:33:57.075196+00,2026-04-09 15:40:20.069498+00
tunisieannonce:tunisieannonce_5ca23e25b75a,appartement,apartment,335000.0,TND,Ain Zaghouan,Zaghouan,TUNIS,122.0,1.0,2745.9,36.4025,10.1431,100.0,HIGH,False,2026-03-26 23:29:04.869249+00,2026-04-09 15:40:16.808824+00
tunisieannonce:tunisieannonce_5ca41dc6bbe0,appartement,apartment,330000.0,TND,Ezzahra,Ezzahra,TUNIS,122.0,3.0,2704.92,36.743,10.308,100.0,HIGH,False,2026-04-02 08:50:31.853395+00,2026-04-09 15:40:16.954149+00
tunisieannonce:tunisieannonce_5cce8a35bfac,appartement,apartment,590000.0,TND,El Kantaoui,Jebel Jelloud,TUNIS,146.0,2.0,4041.1,36.7667,10.1833,100.0,HIGH,False,2026-04-06 10:40:08.284532+00,2026-04-09 15:40:17.099753+00
tunisieannonce:tunisieannonce_5ceb2e601b87,terrain,land,11111.0,TND,Bizerte,Menzel Jemil,TUNIS,200.0,3.0,55.55,37.237,9.91,90.0,HIGH,True,2026-03-26 16:05:32.888064+00,2026-04-09 15:40:17.196584+00
tunisieannonce:tunisieannonce_5d47bd4710d8,terrain,land,625000.0,TND,Oued Ellil,Oued Ellil,TUNIS,500.0,,1250.0,36.8311,10.0347,95.0,HIGH,False,2026-03-29 12:10:18.63729+00,2026-04-09 15:40:18.124103+00
tunisieannonce:tunisieannonce_5d62c3f96fe3,appartement,apartment,150000.0,TND,El Mourouj,El Mourouj,TUNIS,85.0,2.0,1764.71,36.7405,10.2042,100.0,HIGH,False,2026-03-31 12:33:55.43438+00,2026-04-09 15:40:17.785445+00
tunisieannonce:tunisieannonce_5d668495d9c8,maison,villa,720000.0,TND,Hammamet,Hammamet,TUNIS,500.0,2.0,1440.0,36.4,10.6167,100.0,HIGH,False,2026-03-31 13:54:08.438057+00,2026-04-09 15:40:18.908712+00
tunisieannonce:tunisieannonce_5d67bf66c895,appartement,apartment,90000.0,TND,Cite Taieb Mhiri,Jebel Jelloud,TUNIS,96.0,3.0,937.5,36.7667,10.1833,100.0,HIGH,False,2026-03-31 13:45:09.33902+00,2026-04-09 15:40:17.641137+00
tunisieannonce:tunisieannonce_5d7fcf2a91b7,appartement,apartment,280000.0,TND,Hammam Sousse Gharbi,Hammam Sousse,TUNIS,110.0,3.0,2545.45,35.8592,10.59,100.0,HIGH,False,2026-03-26 23:36:01.060427+00,2026-04-09 15:40:18.374677+00
tunisieannonce:tunisieannonce_5d862408d9d3,terrain,land,1538.0,TND,La Soukra,La Soukra,TUNIS,538.0,,2.86,36.885212,10.245301,80.0,GOOD,True,2026-03-27 17:55:02.751767+00,2026-04-09 15:40:17.243515+00
tunisieannonce:tunisieannonce_5dce420d4d5a,terrain,land,400000.0,TND,Ben Arous,Ben Arous,TUNIS,301.0,2.0,1328.9,36.745,10.225,100.0,HIGH,False,2026-04-06 11:09:22.085924+00,2026-04-09 15:40:16.218345+00
tunisieannonce:tunisieannonce_5e2dbe3ec2d1,terrain,land,334000.0,TND,El May,Jebel Jelloud,TUNIS,658.0,,507.6,36.7667,10.1833,100.0,HIGH,False,2026-03-31 12:59:00.956422+00,2026-04-09 15:40:18.715474+00
tunisieannonce:tunisieannonce_5e3df743fed7,maison,villa,630000.0,TND,Beni Khiar,Beni Khiar,TUNIS,150.0,2.0,4200.0,36.45,10.7833,100.0,HIGH,False,2026-04-06 14:19:21.498206+00,2026-04-09 15:40:18.270026+00
tunisieannonce:tunisieannonce_5e4573a2d95a,terrain,land,50000.0,TND,Hammamet,Hammamet,TUNIS,200.0,,250.0,36.4,10.6167,100.0,HIGH,False,2026-03-31 13:32:42.855745+00,2026-04-09 15:40:18.618559+00
tunisieannonce:tunisieannonce_5eb02283623f,terrain,land,450000.0,TND,Kalaa El Kebira,Kalaa El Kebira,TUNIS,615.0,,731.71,35.8697,10.5544,100.0,HIGH,False,2026-03-29 11:02:07.704116+00,2026-04-09 15:40:18.075871+00
tunisieannonce:tunisieannonce_5ef13d394259,terrain,land,170000.0,TND,Hammamet,Hammamet,TUNIS,500.0,,340.0,36.4,10.6167,100.0,HIGH,False,2026-03-29 12:11:04.299116+00,2026-04-09 15:40:18.424447+00
tunisieannonce:tunisieannonce_5fd454342f74,appartement,apartment,285000.0,TND,Borj El Baccouche,Jebel Jelloud,TUNIS,105.0,3.0,2714.29,36.7667,10.1833,100.0,HIGH,False,2026-03-26 23:30:29.340569+00,2026-04-09 15:40:19.102842+00
tunisieannonce:tunisieannonce_5ff88f282fe9,maison,villa,1650.0,TND,El Menzah 9,El Menzah,TUNIS,740.0,3.0,2.23,36.8528,10.1703,90.0,HIGH,True,2026-03-29 10:07:03.368367+00,2026-04-09 15:40:17.833903+00
tunisieannonce:tunisieannonce_6020520c5a5e,maison,villa,200000.0,TND,El Omrane,El Omrane,TUNIS,75.0,3.0,2666.67,36.8167,10.1667,100.0,HIGH,False,2026-03-29 10:34:33.899206+00,2026-04-09 15:40:18.322739+00
tunisieannonce:tunisieannonce_60a832cc2035,appartement,apartment,130000.0,TND,El Mourouj,El Mourouj,TUNIS,2024.0,2.0,64.23,36.7405,10.2042,100.0,HIGH,False,2026-04-06 10:40:23.377258+00,2026-04-09 15:40:20.215429+00
tunisieannonce:tunisieannonce_60ef0648c0ee,terrain,land,360000.0,TND,El Haouaria,El Haouaria,TUNIS,300.0,3.0,1200.0,37.0481,11.0189,100.0,HIGH,False,2026-04-02 09:39:44.511212+00,2026-04-09 15:40:17.445903+00
tunisieannonce:tunisieannonce_613543899e83,terrain,land,8055.0,TND,Cite Rous El Harayek,Jebel Jelloud,TUNIS,537.0,,15.0,36.7667,10.1833,75.0,GOOD,True,2026-03-29 12:09:30.076257+00,2026-04-09 15:40:19.440985+00
tunisieannonce:tunisieannonce_6141794b26f7,maison,villa,330000.0,TND,El Brarja,Jebel Jelloud,TUNIS,290.0,3.0,1137.93,36.7667,10.1833,100.0,HIGH,False,2026-03-26 15:46:52.775928+00,2026-04-09 15:40:19.489843+00
tunisieannonce:tunisieannonce_616623a7aac3,terrain,land,1450.0,TND,Boucha,Jebel Jelloud,TUNIS,7000.0,,0.21,36.7667,10.1833,75.0,GOOD,True,2026-03-26 16:33:12.11733+00,2026-04-09 15:40:19.633705+00
tunisieannonce:tunisieannonce_616c1aba1369,maison,villa,145000.0,TND,Sakiet Ezzit,Sakiet Ezzit,TUNIS,280.0,3.0,517.86,34.8183,10.7469,100.0,HIGH,False,2026-03-29 12:34:18.052428+00,2026-04-09 15:40:16.90551+00
tunisieannonce:tunisieannonce_617ced251bef,terrain,land,234000.0,TND,Borj Cedria,Jebel Jelloud,TUNIS,426.0,,549.3,36.7667,10.1833,85.0,HIGH,False,2026-04-06 11:51:09.000676+00,2026-04-09 15:40:18.027553+00
tunisieannonce:tunisieannonce_61992ac1f893,maison,villa,870000.0,TND,Hammamet,Hammamet,TUNIS,530.0,,1641.51,36.4,10.6167,100.0,HIGH,False,2026-04-01 22:04:43.561851+00,2026-04-09 15:40:18.317883+00
tunisieannonce:tunisieannonce_61c896d2d0cc,terrain,land,300000.0,TND,Chotrana 1,Jebel Jelloud,TUNIS,,,,36.7667,10.1833,30.0,LOW,False,2026-04-06 12:46:57.026943+00,2026-04-09 15:40:19.198762+00
tunisieannonce:tunisieannonce_620967e772a1,terrain,land,115000.0,TND,Rades,Rades,TUNIS,316.0,,363.92,36.7782,10.2815,95.0,HIGH,False,2026-03-29 11:25:11.925773+00,2026-04-09 15:40:17.387892+00
tunisieannonce:tunisieannonce_62457a68e532,terrain,land,950000.0,TND,Naassen,Jebel Jelloud,TUNIS,400.0,,2375.0,36.7667,10.1833,100.0,HIGH,False,2026-04-01 22:44:56.067578+00,2026-04-09 15:40:16.170086+00
tunisieannonce:tunisieannonce_62a15b2b41f6,appartement,apartment,675000.0,TND,Ain Zaghouan,Zaghouan,TUNIS,177.0,2.0,3813.56,36.4025,10.1431,100.0,HIGH,False,2026-03-29 11:50:52.012879+00,2026-04-09 15:40:19.683425+00
tunisieannonce:tunisieannonce_62c8ff8a21bc,maison,villa,750000.0,TND,El Mourouj,El Mourouj,TUNIS,420.0,2.0,1785.71,36.7405,10.2042,100.0,HIGH,False,2026-04-02 08:47:17.778188+00,2026-04-09 15:40:15.666777+00
tunisieannonce:tunisieannonce_62ccafc798c3,terrain,land,720000.0,TND,Cite El Ghazala 1,Jebel Jelloud,TUNIS,477.0,3.0,1509.43,36.7667,10.1833,100.0,HIGH,False,2026-03-27 17:55:28.218333+00,2026-04-09 15:40:15.909902+00
tunisieannonce:tunisieannonce_62f78d758d7c,maison,villa,550000.0,TND,Hammam Chatt,Hammam Chatt,TUNIS,614.0,2.0,895.77,36.7036,10.3625,100.0,HIGH,False,2026-04-06 12:03:58.949416+00,2026-04-09 15:40:16.005411+00
tunisieannonce:tunisieannonce_631aafe5ff8d,terrain,land,1000.0,TND,Kelibia,Kelibia,TUNIS,,,,36.8472,11.0944,40.0,LOW,True,2026-04-01 22:57:56.818482+00,2026-04-09 15:40:19.054171+00
tunisieannonce:tunisieannonce_637358fa89a7,maison,villa,230000.0,TND,Hammam Sousse,Hammam Sousse,TUNIS,150.0,3.0,1533.33,35.8592,10.59,95.0,HIGH,False,2026-04-06 15:04:54.959259+00,2026-04-09 15:40:16.111003+00
tunisieannonce:tunisieannonce_6377e54d21aa,terrain,land,180000.0,TND,Mornag,Mornag,TUNIS,,,,36.6715,10.258,60.0,GOOD,False,2026-03-29 12:02:11.918655+00,2026-04-09 15:40:16.615441+00
tunisieannonce:tunisieannonce_63a085c50b29,terrain,land,740000.0,TND,El Omrane,El Omrane,TUNIS,505.0,3.0,1465.35,36.8167,10.1667,100.0,HIGH,False,2026-03-29 11:00:12.079841+00,2026-04-09 15:40:19.343942+00
tunisieannonce:tunisieannonce_63ac110ddb25,terrain,land,294150.0,TND,Chatt Meriem,Jebel Jelloud,TUNIS,961.0,,306.09,36.7667,10.1833,100.0,HIGH,False,2026-03-31 14:04:30.805687+00,2026-04-09 15:40:15.81249+00
tunisieannonce:tunisieannonce_63c9f7e63a26,terrain,land,65000.0,TND,Hammamet,Hammamet,TUNIS,250.0,,260.0,36.4,10.6167,100.0,HIGH,False,2026-03-26 23:43:42.01471+00,2026-04-09 15:40:17.592354+00
tunisieannonce:tunisieannonce_63ced28dc4df,terrain,land,1350.0,TND,Hammamet,Hammamet,TUNIS,580.0,2.0,2.33,36.4,10.6167,80.0,GOOD,True,2026-04-06 12:26:01.183234+00,2026-04-09 15:40:16.412924+00
tunisieannonce:tunisieannonce_64037c77de14,appartement,apartment,650000.0,TND,Jardins De Carthage,Carthage,TUNIS,148.0,3.0,4391.89,36.8536,10.3256,100.0,HIGH,False,2026-04-06 10:23:45.42898+00,2026-04-09 15:40:19.53806+00
tunisieannonce:tunisieannonce_646bd6967684,terrain,land,500000.0,TND,Nabeul,Nabeul,TUNIS,500.0,,1000.0,36.4561,10.7358,90.0,HIGH,False,2026-04-06 10:52:57.045253+00,2026-04-09 15:40:20.746889+00
tunisieannonce:tunisieannonce_648527a93d9c,terrain,land,3700.0,TND,El Aouina,Jebel Jelloud,TUNIS,,3.0,,36.7667,10.1833,75.0,GOOD,True,2026-04-02 09:11:31.988106+00,2026-04-09 15:40:25.005276+00
tunisieannonce:tunisieannonce_64e56244c30c,terrain,land,134000.0,TND,Soliman,Soliman,TUNIS,244.0,,549.18,36.7,10.4833,100.0,HIGH,False,2026-03-26 16:16:53.472206+00,2026-04-09 15:40:23.495953+00
tunisieannonce:tunisieannonce_651c5a0b1a76,terrain,land,133000.0,TND,El May,Jebel Jelloud,TUNIS,822.0,,161.8,36.7667,10.1833,100.0,HIGH,False,2026-03-31 12:58:51.231928+00,2026-04-09 15:40:24.415325+00
tunisieannonce:tunisieannonce_652f062cc334,terrain,land,175000.0,TND,Mornag,Mornag,TUNIS,502.0,1.0,348.61,36.6715,10.258,100.0,HIGH,False,2026-04-02 09:01:49.2599+00,2026-04-09 15:40:21.133872+00
tunisieannonce:tunisieannonce_6578e39caf9e,maison,villa,105000.0,TND,Oued Ellil,Oued Ellil,TUNIS,110.0,3.0,954.55,36.8311,10.0347,100.0,HIGH,False,2026-03-26 23:12:21.064779+00,2026-04-09 15:40:20.408333+00
tunisieannonce:tunisieannonce_65969b9b2b05,terrain,land,220000.0,TND,Hammam Sousse Gharbi,Hammam Sousse,TUNIS,323.0,,681.11,35.8592,10.59,95.0,HIGH,False,2026-03-29 10:13:15.030034+00,2026-04-09 15:40:23.001859+00
tunisieannonce:tunisieannonce_65bea0abce4d,terrain,land,85000.0,TND,Jemna,Jebel Jelloud,TUNIS,725.0,,117.24,36.7667,10.1833,100.0,HIGH,False,2026-04-01 20:50:33.328909+00,2026-04-09 15:40:21.279287+00
tunisieannonce:tunisieannonce_65e0578513b2,maison,villa,380000.0,TND,El Aouina,Jebel Jelloud,TUNIS,107.0,2.0,3551.4,36.7667,10.1833,100.0,HIGH,False,2026-04-06 10:15:04.852003+00,2026-04-09 15:40:23.544626+00
tunisieannonce:tunisieannonce_6604a5fa2e49,terrain,land,224000.0,TND,Borj Cedria,Jebel Jelloud,TUNIS,270.0,,829.63,36.7667,10.1833,90.0,HIGH,False,2026-04-06 11:49:57.140705+00,2026-04-09 15:40:21.917377+00
tunisieannonce:tunisieannonce_66238c2adbeb,terrain,land,260000.0,TND,Borj Cedria,Jebel Jelloud,TUNIS,372.0,,698.92,36.7667,10.1833,100.0,HIGH,False,2026-04-01 22:26:53.592205+00,2026-04-09 15:40:24.076141+00
tunisieannonce:tunisieannonce_6623f0fd8289,terrain,land,1480.0,TND,Zaghouan,Zaghouan,TUNIS,,,,36.4025,10.1431,30.0,LOW,True,2026-04-06 17:30:37.163868+00,2026-04-09 15:40:23.108309+00
tunisieannonce:tunisieannonce_665384643274,terrain,land,320000.0,TND,Sidi Thabet,Sidi Thabet,TUNIS,409.0,,782.4,36.933,10.039,90.0,HIGH,False,2026-04-06 17:25:49.827472+00,2026-04-09 15:40:20.843964+00
tunisieannonce:tunisieannonce_6676a89468f7,appartement,apartment,160000.0,TND,Jardins D'El Menzah,El Menzah,TUNIS,39.0,,4102.56,36.8528,10.1703,100.0,HIGH,False,2026-04-01 22:51:50.485301+00,2026-04-09 15:40:22.405128+00
tunisieannonce:tunisieannonce_668d3c990f77,terrain,land,150000.0,TND,Borj Touil,Jebel Jelloud,TUNIS,435.0,,344.83,36.7667,10.1833,100.0,HIGH,False,2026-03-27 16:13:12.230194+00,2026-04-09 15:40:24.666813+00
tunisieannonce:tunisieannonce_669fddac78bd,terrain,land,2400.0,TND,Cite Du Stade,Jebel Jelloud,TUNIS,800.0,2.0,3.0,36.7667,10.1833,90.0,HIGH,True,2026-03-29 10:53:41.2999+00,2026-04-09 15:40:24.763782+00
tunisieannonce:tunisieannonce_66cfe12b6402,maison,villa,880000.0,TND,Berge Du Lac,Jebel Jelloud,TUNIS,200.0,2.0,4400.0,36.7667,10.1833,100.0,HIGH,False,2026-04-01 22:55:27.157919+00,2026-04-09 15:40:23.399103+00
tunisieannonce:tunisieannonce_66f1fed5cf02,appartement,apartment,111111.0,TND,Cite Ennasr 1,Jebel Jelloud,TUNIS,63.0,1.0,1763.67,36.7667,10.1833,100.0,HIGH,False,2026-04-06 12:21:21.216905+00,2026-04-09 15:40:21.376418+00
tunisieannonce:tunisieannonce_67522c568828,terrain,land,853200.0,TND,Khezama Ouest,Jebel Jelloud,TUNIS,711.0,,1200.0,36.7667,10.1833,100.0,HIGH,False,2026-03-31 12:39:17.872627+00,2026-04-09 15:40:24.812441+00
tunisieannonce:tunisieannonce_6765406a6f62,terrain,land,219000.0,TND,Hammam Sousse Gharbi,Hammam Sousse,TUNIS,313.0,,699.68,35.8592,10.59,100.0,HIGH,False,2026-04-02 08:32:33.044112+00,2026-04-09 15:40:23.302831+00
tunisieannonce:tunisieannonce_679d184cab87,terrain,land,526900.0,TND,Sahloul,Jebel Jelloud,TUNIS,479.0,,1100.0,36.7667,10.1833,100.0,HIGH,False,2026-03-26 23:36:45.03893+00,2026-04-09 15:40:24.570587+00
tunisieannonce:tunisieannonce_67ebe1caa5b8,terrain,land,140000.0,TND,Bou Achir,Jebel Jelloud,TUNIS,9000.0,,15.56,36.7667,10.1833,70.0,GOOD,True,2026-03-31 13:33:27.378342+00,2026-04-09 15:40:22.353286+00
tunisieannonce:tunisieannonce_6854fffb3956,terrain,land,860000.0,TND,Bent Saidane,Jebel Jelloud,TUNIS,500.0,,1720.0,36.7667,10.1833,100.0,HIGH,False,2026-03-26 16:17:06.407096+00,2026-04-09 15:40:21.675576+00
tunisieannonce:tunisieannonce_6888ccbf6790,maison,villa,135000.0,TND,Residence El Ouns,Jebel Jelloud,TUNIS,100.0,4.0,1350.0,36.7667,10.1833,100.0,HIGH,False,2026-04-06 17:49:27.06045+00,2026-04-09 15:40:22.208595+00
tunisieannonce:tunisieannonce_68ebc52c6746,terrain,land,180000.0,TND,Ennagr,Jebel Jelloud,TUNIS,1000.0,1.0,180.0,36.7667,10.1833,100.0,HIGH,False,2026-03-31 12:24:30.782458+00,2026-04-09 15:40:24.125151+00
tunisieannonce:tunisieannonce_692824197c10,appartement,apartment,351000.0,TND,El Aouina,Jebel Jelloud,TUNIS,101.0,2.0,3475.25,36.7667,10.1833,100.0,HIGH,False,2026-03-31 14:45:20.0987+00,2026-04-09 15:40:23.350205+00
tunisieannonce:tunisieannonce_6935f9cc3ef1,terrain,land,150000.0,TND,Borj Cedria,Jebel Jelloud,TUNIS,150.0,3.0,1000.0,36.7667,10.1833,100.0,HIGH,False,2026-03-26 16:06:30.885832+00,2026-04-09 15:40:24.172683+00
tunisieannonce:tunisieannonce_69a3507e2f9e,terrain,land,400000.0,TND,Cite El Bokri,Jebel Jelloud,TUNIS,520.0,,769.23,36.7667,10.1833,95.0,HIGH,False,2026-03-26 16:11:33.534576+00,2026-04-09 15:40:24.270557+00
tunisieannonce:tunisieannonce_69ffe7759d4a,terrain,land,35000.0,TND,El Ansarine,Jebel Jelloud,TUNIS,,3.0,,36.7667,10.1833,95.0,HIGH,False,2026-03-29 11:16:18.124371+00,2026-04-09 15:40:23.060263+00
tunisieannonce:tunisieannonce_6a13a8d62860,maison,villa,550000.0,TND,Hammam Chatt,Hammam Chatt,TUNIS,614.0,3.0,895.77,36.7036,10.3625,100.0,HIGH,False,2026-03-31 14:16:06.64772+00,2026-04-09 15:40:23.689093+00
tunisieannonce:tunisieannonce_6a4f988da241,terrain,land,181000.0,TND,Borj Cedria,Jebel Jelloud,TUNIS,377.0,,480.11,36.7667,10.1833,100.0,HIGH,False,2026-03-26 16:07:15.707076+00,2026-04-09 15:40:23.157483+00
tunisieannonce:tunisieannonce_6a7451578109,terrain,land,1700.0,TND,Sidi Daoud,Jebel Jelloud,TUNIS,,,,36.7667,10.1833,40.0,LOW,True,2026-03-27 18:05:31.102058+00,2026-04-09 15:40:21.326919+00
tunisieannonce:tunisieannonce_6aa75085bdb1,terrain,land,1050.0,TND,Hammamet,Hammamet,TUNIS,580.0,2.0,1.81,36.4,10.6167,90.0,HIGH,True,2026-03-31 13:41:51.976551+00,2026-04-09 15:40:21.037114+00
tunisieannonce:tunisieannonce_6b3a9766048c,maison,villa,2000.0,TND,Hammamet,Hammamet,TUNIS,777.0,2.0,2.57,36.4,10.6167,90.0,HIGH,True,2026-03-29 11:37:08.84913+00,2026-04-09 15:40:20.31112+00
tunisieannonce:tunisieannonce_6b3fe491e4c0,terrain,land,1000.0,TND,Ezzahra,Ezzahra,TUNIS,200.0,,5.0,36.743,10.308,80.0,GOOD,True,2026-03-31 14:52:05.876106+00,2026-04-09 15:40:24.521515+00
tunisieannonce:tunisieannonce_6b54acf9dba6,terrain,land,750000.0,TND,El Aouina,Jebel Jelloud,TUNIS,400.0,3.0,1875.0,36.7667,10.1833,100.0,HIGH,False,2026-03-29 12:59:53.11988+00,2026-04-09 15:40:23.59228+00
tunisieannonce:tunisieannonce_6b90e5f03002,terrain,land,280000.0,TND,Mornaguia,Mornaguia,TUNIS,280.0,,1000.0,36.7833,9.95,90.0,HIGH,False,2026-04-06 17:18:48.074729+00,2026-04-09 15:40:23.737635+00
tunisieannonce:tunisieannonce_6baa4a29e926,terrain,land,306000.0,TND,El Kantaoui,Jebel Jelloud,TUNIS,510.0,,600.0,36.7667,10.1833,100.0,HIGH,False,2026-03-29 13:00:47.091666+00,2026-04-09 15:40:20.698902+00
tunisieannonce:tunisieannonce_6bb26a47790e,appartement,apartment,200000.0,TND,El Menzah 7,El Menzah,TUNIS,115.0,3.0,1739.13,36.8528,10.1703,100.0,HIGH,False,2026-04-01 22:35:39.976887+00,2026-04-09 15:40:20.553773+00
tunisieannonce:tunisieannonce_6c268f0bcb99,terrain,land,68000.0,TND,Hammamet,Hammamet,TUNIS,800.0,,85.0,36.4,10.6167,90.0,HIGH,False,2026-03-29 10:49:45.959808+00,2026-04-09 15:40:22.55679+00
tunisieannonce:tunisieannonce_6c87cde9e2fa,appartement,apartment,150000.0,TND,El Mourouj,El Mourouj,TUNIS,85.0,3.0,1764.71,36.7405,10.2042,100.0,HIGH,False,2026-04-06 11:39:06.91236+00,2026-04-09 15:40:21.62833+00
tunisieannonce:tunisieannonce_6cb4c6475a5c,terrain,land,221000.0,TND,La Mannouba,Mannouba,TUNIS,340.0,,650.0,36.8097,10.0928,95.0,HIGH,False,2026-04-06 14:10:32.345394+00,2026-04-09 15:40:20.456603+00
tunisieannonce:tunisieannonce_6cc98b8e1ed4,appartement,apartment,300000.0,TND,El Mourouj,El Mourouj,TUNIS,149.0,2.0,2013.42,36.7405,10.2042,100.0,HIGH,False,2026-04-06 14:33:55.831639+00,2026-04-09 15:40:24.366845+00
tunisieannonce:tunisieannonce_6cd39d0393f1,terrain,land,40000.0,TND,El Mourouj,El Mourouj,TUNIS,140.0,,285.71,36.7405,10.2042,100.0,HIGH,False,2026-04-06 17:35:56.745031+00,2026-04-09 15:40:23.834213+00
tunisieannonce:tunisieannonce_6cd5a6d9f327,appartement,apartment,300000.0,TND,El Kantaoui,Jebel Jelloud,TUNIS,35.0,3.0,8571.43,36.7667,10.1833,100.0,HIGH,False,2026-04-06 14:54:39.82627+00,2026-04-09 15:40:23.205015+00
tunisieannonce:tunisieannonce_6d6f0f7609ae,appartement,apartment,247000.0,TND,Ain Zaghouan,Zaghouan,TUNIS,66.0,1.0,3742.42,36.4025,10.1431,100.0,HIGH,False,2026-03-29 12:32:20.60967+00,2026-04-09 15:40:21.724809+00
tunisieannonce:tunisieannonce_6d9aae4d211a,appartement,apartment,435000.0,TND,Riadh Landlous,Jebel Jelloud,TUNIS,165.0,4.0,2636.36,36.7667,10.1833,100.0,HIGH,False,2026-03-31 14:26:38.56558+00,2026-04-09 15:40:20.504903+00
tunisieannonce:tunisieannonce_6da1fdfb4561,terrain,land,218000.0,TND,Kalaa El Kebira,Kalaa El Kebira,TUNIS,600.0,,363.33,35.8697,10.5544,95.0,HIGH,False,2026-03-31 13:08:24.809678+00,2026-04-09 15:40:24.463733+00
tunisieannonce:tunisieannonce_6db5b083253c,terrain,land,1700.0,TND,Sidi Daoud,Jebel Jelloud,TUNIS,1000.0,,1.7,36.7667,10.1833,85.0,HIGH,True,2026-03-26 16:15:33.886459+00,2026-04-09 15:40:22.014985+00
tunisieannonce:tunisieannonce_6df068363682,maison,villa,210000.0,TND,El Haouaria,El Haouaria,TUNIS,220.0,3.0,954.55,37.0481,11.0189,100.0,HIGH,False,2026-03-26 23:27:27.387527+00,2026-04-09 15:40:26.341264+00
tunisieannonce:tunisieannonce_6e14100ae997,maison,villa,250000.0,TND,Raoued,Raoued,TUNIS,300.0,4.0,833.33,36.908,10.2,100.0,HIGH,False,2026-04-06 15:15:13.138507+00,2026-04-09 15:40:25.740927+00
tunisieannonce:tunisieannonce_6e402c52cecf,appartement,apartment,230000.0,TND,Hammam Sousse,Hammam Sousse,TUNIS,230.0,2.0,1000.0,35.8592,10.59,100.0,HIGH,False,2026-03-31 14:47:20.53145+00,2026-04-09 15:40:27.638879+00
tunisieannonce:tunisieannonce_6ecbe65f8512,terrain,land,503200.0,TND,Chotrana 3,Jebel Jelloud,TUNIS,592.0,,850.0,36.7667,10.1833,95.0,HIGH,False,2026-03-29 09:50:32.18871+00,2026-04-09 15:40:26.101377+00
tunisieannonce:tunisieannonce_6edaf827b784,appartement,apartment,240000.0,TND,Bab Bhar,Bab Bhar,TUNIS,95.0,4.0,2526.32,36.7981,10.1803,100.0,HIGH,False,2026-03-31 12:32:50.909947+00,2026-04-09 15:40:28.272548+00
tunisieannonce:tunisieannonce_6edbaaafbd21,terrain,land,400000.0,TND,Hammamet,Hammamet,TUNIS,200.0,,2000.0,36.4,10.6167,90.0,HIGH,False,2026-04-06 17:32:57.692771+00,2026-04-09 15:40:26.195712+00
tunisieannonce:tunisieannonce_6f01fb0facc3,terrain,land,930000.0,TND,Hammamet,Hammamet,TUNIS,510.0,,1823.53,36.4,10.6167,70.0,GOOD,False,2026-04-06 17:28:16.882868+00,2026-04-09 15:40:29.42934+00
tunisieannonce:tunisieannonce_6fac1f769c30,terrain,land,251580.0,TND,Sidi Bou Ali,Sidi Bou Ali,TUNIS,193.0,,1303.52,35.9833,10.4667,100.0,HIGH,False,2026-03-29 10:19:25.74257+00,2026-04-09 15:40:28.170011+00
tunisieannonce:tunisieannonce_6fca8072cc72,appartement,apartment,300000.0,TND,Hammam Sousse,Hammam Sousse,TUNIS,110.0,2.0,2727.27,35.8592,10.59,100.0,HIGH,False,2026-03-29 10:28:20.750899+00,2026-04-09 15:40:28.518625+00
tunisieannonce:tunisieannonce_6fd9e6ad0c6e,appartement,apartment,116000.0,TND,Denden,Jebel Jelloud,TUNIS,50.0,1.0,2320.0,36.7667,10.1833,100.0,HIGH,False,2026-03-29 11:30:45.281037+00,2026-04-09 15:40:25.354293+00
tunisieannonce:tunisieannonce_7008da957198,terrain,land,1000.0,TND,Ezzahra,Ezzahra,TUNIS,,,,36.743,10.308,40.0,LOW,True,2026-04-01 21:17:54.024462+00,2026-04-09 15:40:28.025083+00
tunisieannonce:tunisieannonce_70265f0f9cb7,maison,villa,355000.0,TND,Borj Cedria,Jebel Jelloud,TUNIS,265.0,2.0,1339.62,36.7667,10.1833,100.0,HIGH,False,2026-04-01 22:24:48.280057+00,2026-04-09 15:40:25.643851+00
tunisieannonce:tunisieannonce_704a9aa99e44,appartement,apartment,308000.0,TND,El Aouina,Jebel Jelloud,TUNIS,72.0,1.0,4277.78,36.7667,10.1833,100.0,HIGH,False,2026-03-29 10:38:40.138584+00,2026-04-09 15:40:27.541329+00
tunisieannonce:tunisieannonce_70722bbef1ab,terrain,land,600000.0,TND,Mnihla,Mnihla,TUNIS,120.0,,5000.0,36.8648,10.1021,75.0,GOOD,True,2026-03-26 16:33:52.14822+00,2026-04-09 15:40:27.29054+00
tunisieannonce:tunisieannonce_709de1179081,terrain,land,750000.0,TND,Cite Ennakhil 1,Jebel Jelloud,TUNIS,259.0,3.0,2895.75,36.7667,10.1833,100.0,HIGH,False,2026-04-01 21:15:54.185064+00,2026-04-09 15:40:29.572703+00
tunisieannonce:tunisieannonce_70d254671d91,terrain,land,550000.0,TND,Caid Mhamed,Jebel Jelloud,TUNIS,50.0,,11000.0,36.7667,10.1833,80.0,GOOD,True,2026-03-27 16:09:30.9886+00,2026-04-09 15:40:25.49894+00
tunisieannonce:tunisieannonce_719ebf6433a5,appartement,apartment,450000.0,TND,Mutuelle Ville,Jebel Jelloud,TUNIS,100.0,3.0,4500.0,36.7667,10.1833,100.0,HIGH,False,2026-04-06 15:10:14.681913+00,2026-04-09 15:40:26.852821+00
tunisieannonce:tunisieannonce_71af7678cfae,terrain,land,280000.0,TND,La Mannouba,Mannouba,TUNIS,200.0,,1400.0,36.8097,10.0928,95.0,HIGH,False,2026-04-06 14:11:55.534351+00,2026-04-09 15:40:26.244695+00
tunisieannonce:tunisieannonce_71d0b889f599,appartement,apartment,107000.0,TND,El Mourouj,El Mourouj,TUNIS,75.0,2.0,1426.67,36.7405,10.2042,100.0,HIGH,False,2026-04-06 17:34:30.807187+00,2026-04-09 15:40:27.590165+00
tunisieannonce:tunisieannonce_71e8006851c0,terrain,land,400000.0,TND,Sidi Mediene,Jebel Jelloud,TUNIS,,,,36.7667,10.1833,60.0,GOOD,False,2026-04-01 21:04:38.55174+00,2026-04-09 15:40:25.746107+00
tunisieannonce:tunisieannonce_71ea2303fc4e,maison,villa,600000.0,TND,Jardins D'El Menzah,El Menzah,TUNIS,470.0,,1276.6,36.8528,10.1703,95.0,HIGH,False,2026-03-29 10:47:26.531011+00,2026-04-09 15:40:25.943823+00
tunisieannonce:tunisieannonce_7212aa40c6e8,appartement,apartment,260000.0,TND,El Mourouj,El Mourouj,TUNIS,100.0,3.0,2600.0,36.7405,10.2042,100.0,HIGH,False,2026-04-06 10:52:18.897503+00,2026-04-09 15:40:27.929774+00
tunisieannonce:tunisieannonce_721c5e93fdb8,terrain,land,1008.0,TND,Hammam Chatt,Hammam Chatt,TUNIS,840.0,,1.2,36.7036,10.3625,80.0,GOOD,True,2026-04-06 12:05:05.617315+00,2026-04-09 15:40:26.593708+00
tunisieannonce:tunisieannonce_723775c494f6,appartement,apartment,200000.0,TND,Hammam Sousse,Hammam Sousse,TUNIS,92.0,1.0,2173.91,35.8592,10.59,100.0,HIGH,False,2026-03-29 10:21:57.863015+00,2026-04-09 15:40:28.420596+00
tunisieannonce:tunisieannonce_72a0c47361ce,terrain,land,470000.0,TND,Cite Ennkhilet,Jebel Jelloud,TUNIS,600.0,4.0,783.33,36.7667,10.1833,100.0,HIGH,False,2026-03-29 11:33:57.488561+00,2026-04-09 15:40:25.45004+00
tunisieannonce:tunisieannonce_72d66eb44f21,appartement,apartment,540000.0,TND,Chatt Meriem,Jebel Jelloud,TUNIS,167.0,3.0,3233.53,36.7667,10.1833,100.0,HIGH,False,2026-04-06 14:54:26.454998+00,2026-04-09 15:40:27.096284+00
tunisieannonce:tunisieannonce_72f4f2a09c4f,terrain,land,60000.0,TND,Borj Youssef,Jebel Jelloud,TUNIS,300.0,,200.0,36.7667,10.1833,85.0,HIGH,False,2026-04-06 17:33:44.769753+00,2026-04-09 15:40:26.53429+00
tunisieannonce:tunisieannonce_7320f937cdc7,appartement,apartment,270000.0,TND,El Manar 2,Jebel Jelloud,TUNIS,115.0,3.0,2347.83,36.7667,10.1833,100.0,HIGH,False,2026-03-31 12:28:12.048155+00,2026-04-09 15:40:28.372743+00
tunisieannonce:tunisieannonce_732c73bbb962,terrain,land,4500.0,TND,El Aouina,Jebel Jelloud,TUNIS,5000.0,,0.9,36.7667,10.1833,75.0,GOOD,True,2026-03-26 23:26:25.015759+00,2026-04-09 15:40:25.102059+00
tunisieannonce:tunisieannonce_73373a8583a6,terrain,land,1700.0,TND,Sidi Daoud,Jebel Jelloud,TUNIS,1000.0,,1.7,36.7667,10.1833,80.0,GOOD,True,2026-03-29 10:38:31.730069+00,2026-04-09 15:40:26.389108+00
tunisieannonce:tunisieannonce_73978a636162,terrain,land,2300.0,TND,La Soukra,La Soukra,TUNIS,250.0,2.0,9.2,36.885212,10.245301,90.0,HIGH,True,2026-03-29 11:01:56.09076+00,2026-04-09 15:40:28.866571+00
tunisieannonce:tunisieannonce_7424f3276e72,terrain,land,340000.0,TND,Cite Touristique,Jebel Jelloud,TUNIS,984.0,3.0,345.53,36.7667,10.1833,100.0,HIGH,False,2026-03-26 22:51:17.830265+00,2026-04-09 15:40:29.214736+00
tunisieannonce:tunisieannonce_7451938a31f5,terrain,land,740000.0,TND,Chatt Meriem,Jebel Jelloud,TUNIS,648.0,,1141.98,36.7667,10.1833,100.0,HIGH,False,2026-03-26 23:18:55.209729+00,2026-04-09 15:40:28.664786+00
tunisieannonce:tunisieannonce_7469e1fcaf0a,terrain,land,110000.0,TND,Bizerte,Menzel Jemil,TUNIS,339.0,3.0,324.48,37.237,9.91,100.0,HIGH,False,2026-03-31 14:57:26.47322+00,2026-04-09 15:40:28.760748+00
tunisieannonce:tunisieannonce_74eee9721bf2,terrain,land,600000.0,TND,Sedghiane,Jebel Jelloud,TUNIS,900.0,,666.67,36.7667,10.1833,100.0,HIGH,False,2026-03-26 23:20:27.055128+00,2026-04-09 15:40:28.962949+00
tunisieannonce:tunisieannonce_751e7a0e3bbe,terrain,land,314550.0,TND,Hammam Sousse,Hammam Sousse,TUNIS,233.0,,1350.0,35.8592,10.59,100.0,HIGH,False,2026-03-27 17:54:29.187441+00,2026-04-09 15:40:26.292234+00
tunisieannonce:tunisieannonce_75259710c0a3,terrain,land,110000.0,TND,Oued Laya,Jebel Jelloud,TUNIS,300.0,,366.67,36.7667,10.1833,100.0,HIGH,False,2026-04-01 21:22:46.84851+00,2026-04-09 15:40:26.99948+00
tunisieannonce:tunisieannonce_752f9c889aa9,appartement,apartment,220000.0,TND,El Mourouj,El Mourouj,TUNIS,90.0,3.0,2444.44,36.7405,10.2042,100.0,HIGH,False,2026-03-29 14:46:44.791847+00,2026-04-09 15:40:29.359822+00
tunisieannonce:tunisieannonce_75a5db96ca2b,terrain,land,105000.0,TND,Akouda,Akouda,TUNIS,287.0,,365.85,35.8667,10.5667,85.0,HIGH,False,2026-04-06 11:35:37.325218+00,2026-04-09 15:40:29.156836+00
tunisieannonce:tunisieannonce_75f4d021bc6e,appartement,apartment,1250.0,TND,Zone Hoteliere,Jebel Jelloud,TUNIS,118.0,3.0,10.59,36.7667,10.1833,90.0,HIGH,True,2026-03-31 15:10:48.802674+00,2026-04-09 15:40:26.950852+00
tunisieannonce:tunisieannonce_7601bf5318e2,maison,villa,250000.0,TND,Ezzouhour 4,Jebel Jelloud,TUNIS,269.0,3.0,929.37,36.7667,10.1833,100.0,HIGH,False,2026-04-01 22:07:01.655428+00,2026-04-09 15:40:25.053949+00
tunisieannonce:tunisieannonce_7610cb972a8e,appartement,apartment,165000.0,TND,Hedi Chaker,Jebel Jelloud,TUNIS,90.0,3.0,1833.33,36.7667,10.1833,100.0,HIGH,False,2026-04-02 09:12:39.567317+00,2026-04-09 15:40:29.863846+00
tunisieannonce:tunisieannonce_762661a4a3a3,terrain,land,1250.0,TND,La Soukra,La Soukra,TUNIS,260.0,3.0,4.81,36.885212,10.245301,90.0,HIGH,True,2026-04-01 21:31:09.844076+00,2026-04-09 15:40:34.192874+00
tunisieannonce:tunisieannonce_7647a4849805,terrain,land,450000.0,TND,Touza,Jebel Jelloud,TUNIS,500.0,,900.0,36.7667,10.1833,85.0,HIGH,False,2026-04-06 14:50:56.890562+00,2026-04-09 15:40:34.290102+00
tunisieannonce:tunisieannonce_76779bcb42ae,terrain,land,1700.0,TND,Sidi Daoud,Jebel Jelloud,TUNIS,1000.0,,1.7,36.7667,10.1833,80.0,GOOD,True,2026-03-29 14:45:31.229615+00,2026-04-09 15:40:31.336432+00
tunisieannonce:tunisieannonce_770f87d38025,terrain,land,800000.0,TND,Akouda,Akouda,TUNIS,1000.0,1.0,800.0,35.8667,10.5667,100.0,HIGH,False,2026-04-02 08:42:12.423665+00,2026-04-09 15:40:33.175266+00
tunisieannonce:tunisieannonce_7717eb2ec0c3,terrain,land,565000.0,TND,Bou Mhel,Jebel Jelloud,TUNIS,680.0,1.0,830.88,36.7667,10.1833,100.0,HIGH,False,2026-03-31 14:19:14.208805+00,2026-04-09 15:40:33.272295+00
tunisieannonce:tunisieannonce_771c205639b7,appartement,apartment,560000.0,TND,Berge Du Lac,Jebel Jelloud,TUNIS,75.0,2.0,7466.67,36.7667,10.1833,100.0,HIGH,False,2026-04-01 22:49:19.46487+00,2026-04-09 15:40:33.030182+00
tunisieannonce:tunisieannonce_7780cb75c9e2,terrain,land,3750.0,TND,Mejez El Bab,Mejez El Bab,TUNIS,,,,36.6492,9.6108,35.0,LOW,True,2026-04-01 20:50:51.339991+00,2026-04-09 15:40:29.961055+00
tunisieannonce:tunisieannonce_77d6797dfecd,terrain,land,4900.0,TND,Riadh Landlous,Jebel Jelloud,TUNIS,,,,36.7667,10.1833,40.0,LOW,True,2026-04-06 14:27:33.669998+00,2026-04-09 15:40:30.154007+00
tunisieannonce:tunisieannonce_77e7c57b43fa,terrain,land,650000.0,TND,Hammam Sousse Gharbi,Hammam Sousse,TUNIS,300.0,3.0,2166.67,35.8592,10.59,100.0,HIGH,False,2026-04-02 06:57:54.377766+00,2026-04-09 15:40:30.396644+00
tunisieannonce:tunisieannonce_781a1505120d,terrain,land,150000.0,TND,Bir El Jedey,Jebel Jelloud,TUNIS,342.0,,438.6,36.7667,10.1833,100.0,HIGH,False,2026-04-01 21:16:03.588336+00,2026-04-09 15:40:32.001839+00
tunisieannonce:tunisieannonce_788c1a5538de,terrain,land,85000.0,TND,Mejez El Bab,Mejez El Bab,TUNIS,,,,36.6492,9.6108,55.0,LOW,False,2026-04-02 09:43:48.44378+00,2026-04-09 15:40:31.885799+00
tunisieannonce:tunisieannonce_788f2fdc68c1,terrain,land,750000.0,TND,Kalaat Landlous,Kalaat Landlous,TUNIS,935.0,2.0,802.14,37.054,10.152,100.0,HIGH,False,2026-04-06 11:13:11.742512+00,2026-04-09 15:40:33.999112+00
tunisieannonce:tunisieannonce_78992835ae97,terrain,land,13805.0,TND,Berge Du Lac,Jebel Jelloud,TUNIS,510.0,3.0,27.07,36.7667,10.1833,90.0,HIGH,True,2026-03-29 11:57:24.417077+00,2026-04-09 15:40:30.784066+00
tunisieannonce:tunisieannonce_78bc2bc50481,terrain,land,1035.0,TND,Chatt Meriem,Jebel Jelloud,TUNIS,300.0,,3.45,36.7667,10.1833,80.0,GOOD,True,2026-03-31 12:24:42.546716+00,2026-04-09 15:40:34.388816+00
tunisieannonce:tunisieannonce_78f0e9cb237d,maison,villa,800000.0,TND,El Manar 2,Jebel Jelloud,TUNIS,264.0,3.0,3030.3,36.7667,10.1833,100.0,HIGH,False,2026-04-01 23:00:29.279116+00,2026-04-09 15:40:29.912654+00
tunisieannonce:tunisieannonce_78fa608ad33c,terrain,land,470000.0,TND,Khazroun,Jebel Jelloud,TUNIS,990.0,,474.75,36.7667,10.1833,95.0,HIGH,False,2026-04-02 06:57:45.025976+00,2026-04-09 15:40:29.815692+00
tunisieannonce:tunisieannonce_791139101f69,terrain,land,96000.0,TND,Sidi Saad,Jebel Jelloud,TUNIS,240.0,,400.0,36.7667,10.1833,90.0,HIGH,False,2026-04-06 12:31:37.596238+00,2026-04-09 15:40:30.444461+00
tunisieannonce:tunisieannonce_797fd6c9d053,terrain,land,1240.0,TND,Sidi Daoud,Jebel Jelloud,TUNIS,32.0,,38.75,36.7667,10.1833,80.0,GOOD,True,2026-03-26 15:58:32.564883+00,2026-04-09 15:40:31.481369+00
tunisieannonce:tunisieannonce_79ea68ea9d71,maison,villa,380000.0,TND,Chorfech,Jebel Jelloud,TUNIS,200.0,,1900.0,36.7667,10.1833,95.0,HIGH,False,2026-04-06 12:31:25.188304+00,2026-04-09 15:40:31.780896+00
tunisieannonce:tunisieannonce_7a228c70aba6,terrain,land,221000.0,TND,La Mannouba,Mannouba,TUNIS,340.0,,650.0,36.8097,10.0928,95.0,HIGH,False,2026-03-31 14:59:09.642757+00,2026-04-09 15:40:31.829016+00
tunisieannonce:tunisieannonce_7a3dde8d885a,terrain,land,180000.0,TND,El Haouaria,El Haouaria,TUNIS,120.0,3.0,1500.0,37.0481,11.0189,100.0,HIGH,False,2026-04-02 09:40:22.011238+00,2026-04-09 15:40:31.094049+00
tunisieannonce:tunisieannonce_7a538b426c54,appartement,apartment,230000.0,TND,Cite Ennasr 2,Jebel Jelloud,TUNIS,64.0,3.0,3593.75,36.7667,10.1833,100.0,HIGH,False,2026-04-01 22:54:19.404605+00,2026-04-09 15:40:33.804909+00
tunisieannonce:tunisieannonce_7a775a0c30b5,terrain,land,2600.0,TND,Jardins D'El Menzah,El Menzah,TUNIS,720.0,,3.61,36.8528,10.1703,75.0,GOOD,True,2026-03-29 09:51:14.032766+00,2026-04-09 15:40:32.488286+00
tunisieannonce:tunisieannonce_7a78f2f1a0ac,maison,villa,430000.0,TND,Borj El Amri,Borj El Amri,TUNIS,400.0,4.0,1075.0,36.7189,9.9425,100.0,HIGH,False,2026-04-02 08:47:47.453391+00,2026-04-09 15:40:32.88509+00
tunisieannonce:tunisieannonce_7aa095e6319a,appartement,apartment,130000.0,TND,El Mourouj,El Mourouj,TUNIS,77.0,3.0,1688.31,36.7405,10.2042,100.0,HIGH,False,2026-04-06 10:52:34.131293+00,2026-04-09 15:40:30.105837+00
tunisieannonce:tunisieannonce_7ab9396ade75,terrain,land,180000.0,TND,Kelibia,Kelibia,TUNIS,161.0,2.0,1118.01,36.8472,11.0944,100.0,HIGH,False,2026-03-29 14:48:06.396875+00,2026-04-09 15:40:32.93286+00
tunisieannonce:tunisieannonce_7ae6427a91da,maison,villa,85000.0,TND,El Haouaria,El Haouaria,TUNIS,216.0,4.0,393.52,37.0481,11.0189,100.0,HIGH,False,2026-04-06 15:01:01.57975+00,2026-04-09 15:40:33.901976+00
tunisieannonce:tunisieannonce_7b80f613901f,maison,villa,370000.0,TND,Bou Mhel,Jebel Jelloud,TUNIS,154.0,3.0,2402.6,36.7667,10.1833,100.0,HIGH,False,2026-04-02 08:42:46.223354+00,2026-04-09 15:40:31.190836+00
tunisieannonce:tunisieannonce_7c5912db7d14,maison,villa,450000.0,TND,Cite Azaiez,Jebel Jelloud,TUNIS,420.0,3.0,1071.43,36.7667,10.1833,100.0,HIGH,False,2026-04-01 21:52:55.775087+00,2026-04-09 15:40:31.577364+00
tunisieannonce:tunisieannonce_7cb17619ce84,maison,villa,3700.0,TND,Cite Ennasr 2,Jebel Jelloud,TUNIS,870.0,3.0,4.25,36.7667,10.1833,90.0,HIGH,True,2026-03-31 14:30:46.12483+00,2026-04-09 15:40:33.078413+00
tunisieannonce:tunisieannonce_7cc16dde4f17,terrain,land,661000.0,TND,La Soukra,La Soukra,TUNIS,575.0,2.0,1149.57,36.885212,10.245301,100.0,HIGH,False,2026-03-26 23:25:04.986668+00,2026-04-09 15:40:31.384516+00
tunisieannonce:tunisieannonce_7cd4df13678a,terrain,land,240000.0,TND,Raoued,Raoued,TUNIS,488.0,,491.8,36.908,10.2,100.0,HIGH,False,2026-03-31 13:50:56.404923+00,2026-04-09 15:40:30.986848+00
tunisieannonce:tunisieannonce_7d0c08c38ff6,terrain,land,175900.0,TND,Borj Cedria,Jebel Jelloud,TUNIS,359.0,,489.97,36.7667,10.1833,100.0,HIGH,False,2026-03-26 15:50:38.965302+00,2026-04-09 15:40:33.659862+00
tunisieannonce:tunisieannonce_7d246cc1a881,terrain,land,5000.0,TND,Kheireddine Pacha,Jebel Jelloud,TUNIS,100.0,3.0,50.0,36.7667,10.1833,100.0,HIGH,False,2026-04-06 10:41:28.634511+00,2026-04-09 15:40:33.562858+00
tunisieannonce:tunisieannonce_7d4456811678,terrain,land,1300.0,TND,La Soukra,La Soukra,TUNIS,500.0,,2.6,36.885212,10.245301,80.0,GOOD,True,2026-03-29 11:36:31.959641+00,2026-04-09 15:40:30.251546+00
tunisieannonce:tunisieannonce_7d7784d1a686,maison,villa,170000.0,TND,El Hrairia,El Hrairia,TUNIS,125.0,2.0,1360.0,36.7833,10.1,100.0,HIGH,False,2026-03-31 12:50:59.58373+00,2026-04-09 15:40:29.718952+00
tunisieannonce:tunisieannonce_7d79ddad196f,terrain,land,1192.0,TND,Borj Cedria,Jebel Jelloud,TUNIS,400.0,,2.98,36.7667,10.1833,80.0,GOOD,True,2026-03-26 15:50:51.049421+00,2026-04-09 15:40:32.536854+00
tunisieannonce:tunisieannonce_7d7d0ed8a93e,terrain,land,800000.0,TND,Fayedh,Jebel Jelloud,TUNIS,,3.0,,36.7667,10.1833,95.0,HIGH,False,2026-04-01 21:51:43.255917+00,2026-04-09 15:40:29.622415+00
tunisieannonce:tunisieannonce_7d7f9ab4f738,maison,villa,275000.0,TND,Hammam Sousse,Hammam Sousse,TUNIS,170.0,2.0,1617.65,35.8592,10.59,100.0,HIGH,False,2026-03-29 11:02:19.53637+00,2026-04-09 15:40:34.144461+00
tunisieannonce:tunisieannonce_7dbd23376097,terrain,land,3000.0,TND,Zaghouan,Zaghouan,TUNIS,,,,36.4025,10.1431,40.0,LOW,True,2026-03-29 10:09:35.564326+00,2026-04-09 15:40:31.890991+00
tunisieannonce:tunisieannonce_7dc4205032dd,terrain,land,850000.0,TND,Hammamet,Hammamet,TUNIS,300.0,2.0,2833.33,36.4,10.6167,100.0,HIGH,False,2026-04-06 11:30:26.592339+00,2026-04-09 15:40:36.836889+00
tunisieannonce:tunisieannonce_7de1c174bf45,terrain,land,3005.0,TND,Charguia 1,Jebel Jelloud,TUNIS,768.0,,3.91,36.7667,10.1833,80.0,GOOD,True,2026-04-01 22:14:28.22491+00,2026-04-09 15:40:38.978459+00
tunisieannonce:tunisieannonce_7dfbf73883be,terrain,land,721600.0,TND,Sidi Jedidi,Jebel Jelloud,TUNIS,200.0,,3608.0,36.7667,10.1833,100.0,HIGH,False,2026-03-29 10:27:09.44409+00,2026-04-09 15:40:37.630865+00
tunisieannonce:tunisieannonce_7e6879a856b4,terrain,land,850000.0,TND,Zrig,Jebel Jelloud,TUNIS,975.0,2.0,871.79,36.7667,10.1833,100.0,HIGH,False,2026-04-01 21:50:51.457231+00,2026-04-09 15:40:36.497851+00
tunisieannonce:tunisieannonce_7e694f8fbc52,terrain,land,268000.0,TND,Soliman,Soliman,TUNIS,400.0,,670.0,36.7,10.4833,100.0,HIGH,False,2026-03-26 16:18:43.33463+00,2026-04-09 15:40:37.224683+00
tunisieannonce:tunisieannonce_7e9ca4440610,maison,villa,245000.0,TND,Hammamet,Hammamet,TUNIS,400.0,2.0,612.5,36.4,10.6167,100.0,HIGH,False,2026-03-27 18:00:47.448899+00,2026-04-09 15:40:35.906644+00
tunisieannonce:tunisieannonce_7eb36f18e808,appartement,apartment,630000.0,TND,Jardins De Carthage,Carthage,TUNIS,153.0,4.0,4117.65,36.8536,10.3256,100.0,HIGH,False,2026-04-01 20:52:40.113036+00,2026-04-09 15:40:36.003686+00
tunisieannonce:tunisieannonce_7f16b0f254bd,maison,villa,820000.0,TND,Borj Cedria,Jebel Jelloud,TUNIS,629.0,2.0,1303.66,36.7667,10.1833,100.0,HIGH,False,2026-04-01 22:24:37.823589+00,2026-04-09 15:40:38.270741+00
tunisieannonce:tunisieannonce_7f2a3a50c5b7,maison,villa,10000.0,TND,El Menzah 5,El Menzah,TUNIS,600.0,,16.67,36.8528,10.1703,75.0,GOOD,True,2026-03-31 12:54:08.351017+00,2026-04-09 15:40:35.015251+00
tunisieannonce:tunisieannonce_7f5e9ee8a7ed,terrain,land,1200.0,TND,Khezama Ouest,Jebel Jelloud,TUNIS,452.0,2.0,2.65,36.7667,10.1833,90.0,HIGH,True,2026-03-31 12:32:28.662953+00,2026-04-09 15:40:37.786197+00
tunisieannonce:tunisieannonce_7fb16a1d4ab8,terrain,land,3250.0,TND,Sidi Bou Ali,Sidi Bou Ali,TUNIS,90.0,,36.11,35.9833,10.4667,80.0,GOOD,True,2026-04-02 08:46:08.881675+00,2026-04-09 15:40:35.160426+00
tunisieannonce:tunisieannonce_800c00dfef47,terrain,land,271200.0,TND,Hergla,Hergla,TUNIS,452.0,,600.0,36.0333,10.5,90.0,HIGH,False,2026-04-06 10:53:07.278115+00,2026-04-09 15:40:36.885692+00
tunisieannonce:tunisieannonce_803f9990c073,maison,villa,520000.0,TND,Ariana,Ariana Ville,TUNIS,468.0,3.0,1111.11,36.866011,10.193923,100.0,HIGH,False,2026-04-06 12:05:49.254399+00,2026-04-09 15:40:38.483458+00
tunisieannonce:tunisieannonce_80432ccca63f,maison,villa,10000.0,TND,Cite Touristique,Jebel Jelloud,TUNIS,727.0,2.0,13.76,36.7667,10.1833,90.0,HIGH,True,2026-03-31 13:20:11.25666+00,2026-04-09 15:40:36.10093+00
tunisieannonce:tunisieannonce_8093ec5f19ec,terrain,land,90000.0,TND,Cite Chebil,Jebel Jelloud,TUNIS,300.0,,300.0,36.7667,10.1833,100.0,HIGH,False,2026-03-31 14:23:15.337919+00,2026-04-09 15:40:35.354962+00
tunisieannonce:tunisieannonce_80cd418b6825,terrain,land,1950.0,TND,El Menzah 1,El Menzah,TUNIS,912.0,3.0,2.14,36.8528,10.1703,90.0,HIGH,True,2026-03-31 12:34:33.536272+00,2026-04-09 15:40:38.221454+00
tunisieannonce:tunisieannonce_80fea7b4c739,terrain,land,1000.0,TND,Khezama Ouest,Jebel Jelloud,TUNIS,420.0,2.0,2.38,36.7667,10.1833,90.0,HIGH,True,2026-03-31 13:04:26.024564+00,2026-04-09 15:40:37.882722+00
tunisieannonce:tunisieannonce_81116f7aa8cb,terrain,land,210000.0,TND,Gammart,Jebel Jelloud,TUNIS,270.0,,777.78,36.7667,10.1833,100.0,HIGH,False,2026-03-26 23:31:36.83773+00,2026-04-09 15:40:37.834795+00
tunisieannonce:tunisieannonce_81335960e149,terrain,land,250000.0,TND,Chorfech,Jebel Jelloud,TUNIS,,,,36.7667,10.1833,55.0,LOW,False,2026-03-31 15:15:59.568832+00,2026-04-09 15:40:35.557079+00
tunisieannonce:tunisieannonce_815de63384c1,terrain,land,190000.0,TND,Sfax,Agareb,TUNIS,417.0,,455.64,34.7392,10.5258,100.0,HIGH,False,2026-03-27 16:09:21.687022+00,2026-04-09 15:40:36.595129+00
tunisieannonce:tunisieannonce_817dfcfbc2d7,maison,villa,380000.0,TND,El Menzah 5,El Menzah,TUNIS,150.0,4.0,2533.33,36.8528,10.1703,100.0,HIGH,False,2026-04-02 09:07:20.731277+00,2026-04-09 15:40:34.918818+00
tunisieannonce:tunisieannonce_819b33037b31,maison,villa,370000.0,TND,El Mourouj,El Mourouj,TUNIS,100.0,2.0,3700.0,36.7405,10.2042,100.0,HIGH,False,2026-03-31 14:04:45.988668+00,2026-04-09 15:40:39.074016+00
tunisieannonce:tunisieannonce_81b1504d787c,terrain,land,1500.0,TND,Cite De La Plage 2,Jebel Jelloud,TUNIS,460.0,2.0,3.26,36.7667,10.1833,90.0,HIGH,True,2026-03-31 12:47:26.037738+00,2026-04-09 15:40:35.85866+00
tunisieannonce:tunisieannonce_823a11ebee81,terrain,land,48000.0,TND,Raoued,Raoued,TUNIS,300.0,,160.0,36.908,10.2,100.0,HIGH,False,2026-04-06 12:18:17.069323+00,2026-04-09 15:40:37.427918+00
tunisieannonce:tunisieannonce_826db0a31866,terrain,land,670000.0,TND,Hammamet,Hammamet,TUNIS,300.0,2.0,2233.33,36.4,10.6167,100.0,HIGH,False,2026-03-31 12:58:28.846346+00,2026-04-09 15:40:37.378176+00
tunisieannonce:tunisieannonce_827cbe0e65a8,terrain,land,448000.0,TND,Hammamet,Hammamet,TUNIS,592.0,2.0,756.76,36.4,10.6167,100.0,HIGH,False,2026-03-26 15:45:59.406804+00,2026-04-09 15:40:35.064138+00
tunisieannonce:tunisieannonce_8296d82b539b,maison,villa,11111.0,TND,Medenine,Houmet Essouk,TUNIS,416.0,,26.71,33.8814,10.85,80.0,GOOD,True,2026-03-29 11:22:52.280874+00,2026-04-09 15:40:36.052503+00
tunisieannonce:tunisieannonce_82a862572c4c,maison,villa,250000.0,TND,Hammamet,Hammamet,TUNIS,170.0,2.0,1470.59,36.4,10.6167,100.0,HIGH,False,2026-03-29 13:06:12.253664+00,2026-04-09 15:40:37.979982+00
tunisieannonce:tunisieannonce_82feae374ea3,terrain,land,198365.0,TND,Borj Cedria,Jebel Jelloud,TUNIS,409.0,,485.0,36.7667,10.1833,100.0,HIGH,False,2026-03-26 16:19:39.409971+00,2026-04-09 15:40:34.724365+00
tunisieannonce:tunisieannonce_837057e4cd47,terrain,land,370000.0,TND,Chiab,Jebel Jelloud,TUNIS,,,,36.7667,10.1833,60.0,GOOD,False,2026-03-29 10:28:30.116239+00,2026-04-09 15:40:38.871013+00
tunisieannonce:tunisieannonce_83b23204a682,terrain,land,260000.0,TND,Raoued,Raoued,TUNIS,400.0,2.0,650.0,36.908,10.2,100.0,HIGH,False,2026-04-01 21:09:14.15584+00,2026-04-09 15:40:34.434381+00
tunisieannonce:tunisieannonce_83db409cce41,terrain,land,11111.0,TND,Bir Bouregba,Jebel Jelloud,TUNIS,920.0,,12.08,36.7667,10.1833,80.0,GOOD,True,2026-04-06 11:43:01.792977+00,2026-04-09 15:40:37.583103+00
tunisieannonce:tunisieannonce_841fd55b3173,terrain,land,140000.0,TND,Hammamet,Hammamet,TUNIS,1000.0,,140.0,36.4,10.6167,100.0,HIGH,False,2026-03-29 12:27:11.754243+00,2026-04-09 15:40:38.628612+00
tunisieannonce:tunisieannonce_8459381bd3a2,maison,villa,550000.0,TND,Hammamet,Hammamet,TUNIS,200.0,4.0,2750.0,36.4,10.6167,100.0,HIGH,False,2026-04-06 17:36:54.94075+00,2026-04-09 15:40:35.809853+00
tunisieannonce:tunisieannonce_8468ee84213e,appartement,apartment,159960.0,TND,Oued Ellil,Oued Ellil,TUNIS,,3.0,,36.8311,10.0347,95.0,HIGH,False,2026-03-26 23:40:52.637888+00,2026-04-09 15:40:36.982029+00
tunisieannonce:tunisieannonce_848847620f7b,terrain,land,5800.0,TND,Sidi Bou Ali,Sidi Bou Ali,TUNIS,500.0,,11.6,35.9833,10.4667,70.0,GOOD,True,2026-04-06 15:00:04.889604+00,2026-04-09 15:40:36.740076+00
tunisieannonce:tunisieannonce_84922976c493,terrain,land,1500.0,TND,Hammamet,Hammamet,TUNIS,,,,36.4,10.6167,35.0,LOW,True,2026-03-31 13:49:20.865496+00,2026-04-09 15:40:37.176407+00
tunisieannonce:tunisieannonce_849b836f1cc5,terrain,land,600000.0,TND,Ezzahra,Ezzahra,TUNIS,444.0,3.0,1351.35,36.743,10.308,100.0,HIGH,False,2026-04-02 09:48:56.116388+00,2026-04-09 15:40:35.451634+00
tunisieannonce:tunisieannonce_84d0d122bd71,terrain,land,325000.0,TND,Bab Bhar,Bab Bhar,TUNIS,85.0,3.0,3823.53,36.7981,10.1803,100.0,HIGH,False,2026-03-29 10:57:42.770356+00,2026-04-09 15:40:38.532208+00
tunisieannonce:tunisieannonce_84d6f28ea298,appartement,apartment,260000.0,TND,Chatt Meriem,Jebel Jelloud,TUNIS,67.0,2.0,3880.6,36.7667,10.1833,100.0,HIGH,False,2026-04-06 15:01:41.031551+00,2026-04-09 15:40:34.532026+00
tunisieannonce:tunisieannonce_85319bd7d697,appartement,apartment,220000.0,TND,Chatt Meriem,Jebel Jelloud,TUNIS,80.0,2.0,2750.0,36.7667,10.1833,100.0,HIGH,False,2026-03-29 11:02:31.001977+00,2026-04-09 15:40:37.432908+00
tunisieannonce:tunisieannonce_8546e79d524b,terrain,land,350000.0,TND,El Aroussa,El Aroussa,TUNIS,,,,36.3333,9.45,60.0,GOOD,False,2026-04-01 21:04:26.354004+00,2026-04-09 15:40:37.732353+00
tunisieannonce:tunisieannonce_85495587462c,terrain,land,750000.0,TND,El Fahs,El Fahs,TUNIS,10000.0,,75.0,36.3747,9.9017,75.0,GOOD,True,2026-03-26 16:17:19.58988+00,2026-04-09 15:40:37.534314+00
tunisieannonce:tunisieannonce_8564f181f131,appartement,apartment,250000.0,TND,Kelibia,Kelibia,TUNIS,200.0,4.0,1250.0,36.8472,11.0944,100.0,HIGH,False,2026-03-26 23:31:52.624269+00,2026-04-09 15:40:42.230081+00
tunisieannonce:tunisieannonce_85adb0e0516c,terrain,land,470000.0,TND,Cite Hached,Jebel Jelloud,TUNIS,470.0,,1000.0,36.7667,10.1833,90.0,HIGH,False,2026-04-06 17:50:20.045233+00,2026-04-09 15:40:43.033072+00
tunisieannonce:tunisieannonce_85d8baa246f9,terrain,land,980000.0,TND,Bou Jerida,Jebel Jelloud,TUNIS,,,,36.7667,10.1833,60.0,GOOD,False,2026-03-26 15:42:34.184312+00,2026-04-09 15:40:41.403806+00
tunisieannonce:tunisieannonce_86013a22675c,terrain,land,1242.0,TND,El Menzah 9,El Menzah,TUNIS,633.0,,1.96,36.8528,10.1703,75.0,GOOD,True,2026-04-06 12:27:13.352578+00,2026-04-09 15:40:41.503877+00
tunisieannonce:tunisieannonce_8629b28d0355,appartement,apartment,185000.0,TND,El Mourouj,El Mourouj,TUNIS,2025.0,2.0,91.36,36.7405,10.2042,100.0,HIGH,False,2026-04-01 22:11:57.983665+00,2026-04-09 15:40:42.790384+00
tunisieannonce:tunisieannonce_8637c6490098,terrain,land,3500.0,TND,Cite Jardins,Jebel Jelloud,TUNIS,650.0,4.0,5.38,36.7667,10.1833,90.0,HIGH,True,2026-04-02 08:39:35.581756+00,2026-04-09 15:40:42.525437+00
tunisieannonce:tunisieannonce_86392d0502e8,maison,villa,95000.0,TND,El Haouaria,El Haouaria,TUNIS,50.0,2.0,1900.0,37.0481,11.0189,100.0,HIGH,False,2026-04-02 09:40:02.458525+00,2026-04-09 15:40:42.037186+00
tunisieannonce:tunisieannonce_86458a4f1c52,terrain,land,941620.0,TND,La Soukra,La Soukra,TUNIS,58.0,,16234.83,36.885212,10.245301,80.0,GOOD,True,2026-04-01 22:14:19.195969+00,2026-04-09 15:40:42.423745+00
tunisieannonce:tunisieannonce_868e60465a7f,maison,villa,180000.0,TND,Hammamet,Hammamet,TUNIS,102.0,2.0,1764.71,36.4,10.6167,100.0,HIGH,False,2026-03-27 15:51:22.297672+00,2026-04-09 15:40:43.517296+00
tunisieannonce:tunisieannonce_86e3cb5ddd19,terrain,land,100000.0,TND,Takelsa,Takelsa,TUNIS,95.0,1.0,1052.63,36.7833,10.6333,100.0,HIGH,False,2026-04-02 09:49:44.813888+00,2026-04-09 15:40:42.578829+00
tunisieannonce:tunisieannonce_86e510028915,terrain,land,150000.0,TND,Cite Sprols,Jebel Jelloud,TUNIS,386.0,3.0,388.6,36.7667,10.1833,100.0,HIGH,False,2026-03-26 23:23:48.988105+00,2026-04-09 15:40:40.119314+00
tunisieannonce:tunisieannonce_86ea8c1cb641,terrain,land,2100.0,TND,Gammart,Jebel Jelloud,TUNIS,331.0,1.0,6.34,36.7667,10.1833,90.0,HIGH,True,2026-03-31 15:38:21.984714+00,2026-04-09 15:40:41.34931+00
tunisieannonce:tunisieannonce_871e0dbe9345,terrain,land,11111.0,TND,Ben Arous,Ben Arous,TUNIS,630.0,3.0,17.64,36.745,10.225,90.0,HIGH,True,2026-03-26 16:01:43.124595+00,2026-04-09 15:40:39.122328+00
tunisieannonce:tunisieannonce_87662a983eb3,appartement,apartment,360000.0,TND,Sousse Khezama,Sidi El Heni,TUNIS,120.0,2.0,3000.0,35.6756,10.3106,100.0,HIGH,False,2026-03-31 13:29:56.691615+00,2026-04-09 15:40:39.723643+00
tunisieannonce:tunisieannonce_8788f40efe29,terrain,land,790000.0,TND,Le Bardo,Le Bardo,TUNIS,375.0,3.0,2106.67,36.8111,10.1364,100.0,HIGH,False,2026-03-27 16:03:29.459484+00,2026-04-09 15:40:41.253395+00
tunisieannonce:tunisieannonce_87acbbb2c2e9,terrain,land,230000.0,TND,Borj Touil,Jebel Jelloud,TUNIS,826.0,,278.45,36.7667,10.1833,100.0,HIGH,False,2026-03-27 16:13:56.523921+00,2026-04-09 15:40:42.375838+00
tunisieannonce:tunisieannonce_87d39534c936,terrain,land,140000.0,TND,Borj Touil,Jebel Jelloud,TUNIS,450.0,,311.11,36.7667,10.1833,100.0,HIGH,False,2026-03-29 10:36:39.794162+00,2026-04-09 15:40:43.323612+00
tunisieannonce:tunisieannonce_87ea4fe80ec3,maison,villa,930000.0,TND,Borj Cedria,Jebel Jelloud,TUNIS,380.0,3.0,2447.37,36.7667,10.1833,100.0,HIGH,False,2026-04-01 22:48:53.839412+00,2026-04-09 15:40:40.85622+00
tunisieannonce:tunisieannonce_87ec946d8e04,maison,villa,390000.0,TND,El Aouina,Jebel Jelloud,TUNIS,153.0,3.0,2549.02,36.7667,10.1833,100.0,HIGH,False,2026-04-06 17:47:05.619932+00,2026-04-09 15:40:40.31339+00
tunisieannonce:tunisieannonce_88093a67568f,terrain,land,2000.0,TND,Mejez El Bab,Mejez El Bab,TUNIS,,,,36.6492,9.6108,40.0,LOW,True,2026-04-01 22:01:46.207161+00,2026-04-09 15:40:40.168287+00
tunisieannonce:tunisieannonce_883c1565cc68,terrain,land,130000.0,TND,Chorfech,Jebel Jelloud,TUNIS,,,,36.7667,10.1833,55.0,LOW,False,2026-03-31 15:15:01.393766+00,2026-04-09 15:40:41.194745+00
tunisieannonce:tunisieannonce_88565c3fcfcc,terrain,land,1500.0,TND,Hammamet,Hammamet,TUNIS,650.0,3.0,2.31,36.4,10.6167,80.0,GOOD,True,2026-04-06 14:55:58.239241+00,2026-04-09 15:40:40.458653+00
tunisieannonce:tunisieannonce_88ce9fb538cc,terrain,land,850000.0,TND,Sidi Messaoud,Jebel Jelloud,TUNIS,,,,36.7667,10.1833,55.0,LOW,False,2026-04-02 08:38:32.10087+00,2026-04-09 15:40:41.745993+00
tunisieannonce:tunisieannonce_88d2a74e3671,appartement,apartment,360000.0,TND,Cite Ennasr 2,Jebel Jelloud,TUNIS,130.0,3.0,2769.23,36.7667,10.1833,100.0,HIGH,False,2026-03-31 12:40:08.287763+00,2026-04-09 15:40:39.975193+00
tunisieannonce:tunisieannonce_88ed4f59c425,terrain,land,9350.0,TND,Zaghouan,Zaghouan,TUNIS,,,,36.4025,10.1431,55.0,LOW,False,2026-03-31 14:33:30.336315+00,2026-04-09 15:40:40.023121+00
tunisieannonce:tunisieannonce_8904093ee250,terrain,land,350000.0,TND,El Messaidine,Jebel Jelloud,TUNIS,,4.0,,36.7667,10.1833,90.0,HIGH,False,2026-04-02 09:43:37.482091+00,2026-04-09 15:40:42.744016+00
tunisieannonce:tunisieannonce_89106cc7c06a,terrain,land,320000.0,TND,Hammam Sousse,Hammam Sousse,TUNIS,300.0,3.0,1066.67,35.8592,10.59,100.0,HIGH,False,2026-04-06 15:03:29.639954+00,2026-04-09 15:40:39.530198+00
tunisieannonce:tunisieannonce_891fe49a143e,terrain,land,1000.0,TND,Kelibia,Kelibia,TUNIS,,,,36.8472,11.0944,30.0,LOW,True,2026-04-06 11:43:15.816433+00,2026-04-09 15:40:43.081758+00
tunisieannonce:tunisieannonce_892d42cceb5e,terrain,land,470000.0,TND,Cite Ennkhilet,Jebel Jelloud,TUNIS,400.0,3.0,1175.0,36.7667,10.1833,100.0,HIGH,False,2026-03-31 14:17:58.052493+00,2026-04-09 15:40:40.507036+00
tunisieannonce:tunisieannonce_8937f5642c0c,terrain,land,220000.0,TND,Cite Touristique,Jebel Jelloud,TUNIS,630.0,,349.21,36.7667,10.1833,100.0,HIGH,False,2026-03-31 15:59:40.838705+00,2026-04-09 15:40:41.098349+00
tunisieannonce:tunisieannonce_898c3c8189af,terrain,land,270000.0,TND,Bou Mhel,Jebel Jelloud,TUNIS,300.0,,900.0,36.7667,10.1833,95.0,HIGH,False,2026-04-02 09:51:45.611017+00,2026-04-09 15:40:41.843601+00
tunisieannonce:tunisieannonce_89c93c933e1b,terrain,land,1200.0,TND,Chouchet Rades,Rades,TUNIS,920.0,,1.3,36.7782,10.2815,75.0,GOOD,True,2026-04-01 22:17:03.587121+00,2026-04-09 15:40:42.520422+00
tunisieannonce:tunisieannonce_89d01f10e845,maison,villa,530000.0,TND,Chotrana 1,Jebel Jelloud,TUNIS,104.0,2.0,5096.15,36.7667,10.1833,100.0,HIGH,False,2026-03-31 13:55:02.966743+00,2026-04-09 15:40:40.658961+00
tunisieannonce:tunisieannonce_89d6c97077d4,terrain,land,12350.0,TND,Ben Arous,Ben Arous,TUNIS,900.0,,13.72,36.745,10.225,75.0,GOOD,True,2026-03-26 23:26:52.550096+00,2026-04-09 15:40:40.710159+00
tunisieannonce:tunisieannonce_89f410a7a757,terrain,land,1300.0,TND,Hammam Sousse,Hammam Sousse,TUNIS,126.0,3.0,10.32,35.8592,10.59,80.0,GOOD,True,2026-04-06 14:52:17.389738+00,2026-04-09 15:40:43.275576+00
tunisieannonce:tunisieannonce_8a07ad8e0de4,terrain,land,150000.0,TND,Raoued,Raoued,TUNIS,476.0,,315.13,36.908,10.2,95.0,HIGH,False,2026-03-27 16:07:03.622126+00,2026-04-09 15:40:39.868826+00
tunisieannonce:tunisieannonce_8a59981e3dbf,terrain,land,420000.0,TND,Ouriemma,Jebel Jelloud,TUNIS,,2.0,,36.7667,10.1833,90.0,HIGH,False,2026-03-29 10:13:06.530958+00,2026-04-09 15:40:40.60547+00
tunisieannonce:tunisieannonce_8a79dcecdfc2,appartement,apartment,450000.0,TND,Cite Ennasr 2,Jebel Jelloud,TUNIS,194.0,3.0,2319.59,36.7667,10.1833,100.0,HIGH,False,2026-03-31 12:38:14.677639+00,2026-04-09 15:40:41.05036+00
tunisieannonce:tunisieannonce_8ae77316d3e7,terrain,land,320000.0,TND,El Ksibi,Jebel Jelloud,TUNIS,,,,36.7667,10.1833,60.0,GOOD,False,2026-04-01 22:43:19.473439+00,2026-04-09 15:40:41.552556+00
tunisieannonce:tunisieannonce_8b168c85598c,maison,villa,130000.0,TND,Ksar Said,Jebel Jelloud,TUNIS,117.0,3.0,1111.11,36.7667,10.1833,100.0,HIGH,False,2026-03-29 12:28:41.518656+00,2026-04-09 15:40:41.601979+00
tunisieannonce:tunisieannonce_8b3ab9b7633e,terrain,land,101010.0,TND,Hammamet,Hammamet,TUNIS,737.0,3.0,137.06,36.4,10.6167,100.0,HIGH,False,2026-04-06 15:15:33.853413+00,2026-04-09 15:40:43.468496+00
tunisieannonce:tunisieannonce_8ba64f73bb87,maison,villa,300000.0,TND,Kalaa El Kebira,Kalaa El Kebira,TUNIS,700.0,2.0,428.57,35.8697,10.5544,95.0,HIGH,False,2026-04-06 15:04:43.491477+00,2026-04-09 15:40:42.636867+00
tunisieannonce:tunisieannonce_8be318ae414f,appartement,apartment,354000.0,TND,Jardins De Carthage,Carthage,TUNIS,62.0,2.0,5709.68,36.8536,10.3256,100.0,HIGH,False,2026-03-31 15:57:09.634413+00,2026-04-09 15:40:40.362998+00
tunisieannonce:tunisieannonce_8c132be7aa2e,terrain,land,24000.0,TND,Kelibia,Kelibia,TUNIS,200.0,,120.0,36.8472,11.0944,100.0,HIGH,False,2026-03-26 15:53:21.036498+00,2026-04-09 15:40:42.888745+00
tunisieannonce:tunisieannonce_8c8226292ad2,terrain,land,186000.0,TND,Cite Sidi Abdelhamid,Jebel Jelloud,TUNIS,310.0,,600.0,36.7667,10.1833,100.0,HIGH,False,2026-03-29 11:47:18.296088+00,2026-04-09 15:40:39.771033+00
tunisieannonce:tunisieannonce_8ca413ec8108,terrain,land,5250.0,TND,Mateur,Mateur,TUNIS,,,,37.038,9.665,55.0,LOW,False,2026-03-31 14:48:26.754629+00,2026-04-09 15:40:47.241643+00
tunisieannonce:tunisieannonce_8cb1891a2309,terrain,land,300000.0,TND,Mnihla,Mnihla,TUNIS,370.0,,810.81,36.8648,10.1021,95.0,HIGH,False,2026-04-02 09:44:11.490799+00,2026-04-09 15:40:45.675028+00
tunisieannonce:tunisieannonce_8cb4c774edbf,terrain,land,750000.0,TND,Mornaguia,Mornaguia,TUNIS,183.0,,4098.36,36.7833,9.95,70.0,GOOD,True,2026-04-06 15:16:31.338005+00,2026-04-09 15:40:46.225908+00
tunisieannonce:tunisieannonce_8cbb2a111668,terrain,land,820000.0,TND,Hammamet,Hammamet,TUNIS,540.0,2.0,1518.52,36.4,10.6167,100.0,HIGH,False,2026-03-31 13:40:08.186243+00,2026-04-09 15:40:44.339654+00
tunisieannonce:tunisieannonce_8cdfaedd158c,terrain,land,6000.0,TND,Bizerte,Menzel Jemil,TUNIS,,3.0,,37.237,9.91,90.0,HIGH,False,2026-03-31 14:49:01.560261+00,2026-04-09 15:40:45.829366+00
tunisieannonce:tunisieannonce_8ce056272e95,appartement,apartment,190000.0,TND,Borj Louzir,Jebel Jelloud,TUNIS,110.0,2.0,1727.27,36.7667,10.1833,100.0,HIGH,False,2026-04-02 09:33:13.656188+00,2026-04-09 15:40:43.807377+00
tunisieannonce:tunisieannonce_8ce4efbdcfc0,terrain,land,850000.0,TND,Oued Ellil,Oued Ellil,TUNIS,400.0,,2125.0,36.8311,10.0347,95.0,HIGH,False,2026-03-31 15:00:12.878253+00,2026-04-09 15:40:46.323096+00
tunisieannonce:tunisieannonce_8d8cab88b6e1,maison,villa,1500.0,TND,Khezama Ouest,Jebel Jelloud,TUNIS,200.0,3.0,7.5,36.7667,10.1833,85.0,HIGH,True,2026-03-31 15:50:42.502763+00,2026-04-09 15:40:44.881579+00
tunisieannonce:tunisieannonce_8d9cbec39b84,terrain,land,245000.0,TND,Bou Ali,Jebel Jelloud,TUNIS,977.0,,250.77,36.7667,10.1833,90.0,HIGH,False,2026-04-06 14:29:12.111273+00,2026-04-09 15:40:46.719488+00
tunisieannonce:tunisieannonce_8dbe5220ae12,terrain,land,150000.0,TND,Hammam Lif,Hammam Lif,TUNIS,100.0,2.0,1500.0,36.728,10.336,100.0,HIGH,False,2026-04-01 22:29:02.582918+00,2026-04-09 15:40:44.145942+00
tunisieannonce:tunisieannonce_8e0e394ea5d0,appartement,apartment,225000.0,TND,Ain Zaghouan,Zaghouan,TUNIS,90.0,2.0,2500.0,36.4025,10.1431,100.0,HIGH,False,2026-04-06 11:37:31.801472+00,2026-04-09 15:40:45.133522+00
tunisieannonce:tunisieannonce_8e3939fa0296,terrain,land,231500.0,TND,Borj Cedria,Jebel Jelloud,TUNIS,421.0,,549.88,36.7667,10.1833,100.0,HIGH,False,2026-03-26 15:41:29.19+00,2026-04-09 15:40:45.984896+00
tunisieannonce:tunisieannonce_8e700834de77,terrain,land,1207.0,TND,Nouvelle Ariana,Ariana Ville,TUNIS,671.0,,1.8,36.866011,10.193923,80.0,GOOD,True,2026-04-01 21:16:46.218838+00,2026-04-09 15:40:45.781608+00
tunisieannonce:tunisieannonce_8ea808a8efa0,maison,villa,1500.0,TND,Hammamet,Hammamet,TUNIS,420.0,2.0,3.57,36.4,10.6167,90.0,HIGH,True,2026-03-29 11:36:57.900734+00,2026-04-09 15:40:44.436537+00
tunisieannonce:tunisieannonce_8ec99f8d132d,terrain,land,550000.0,TND,Kerkouane,Jebel Jelloud,TUNIS,530.0,2.0,1037.74,36.7667,10.1833,100.0,HIGH,False,2026-03-26 23:31:22.50278+00,2026-04-09 15:40:44.292215+00
tunisieannonce:tunisieannonce_8ecbefd5aded,terrain,land,895000.0,TND,Nouvelle Ariana,Ariana Ville,TUNIS,430.0,3.0,2081.4,36.866011,10.193923,100.0,HIGH,False,2026-04-01 21:05:41.744873+00,2026-04-09 15:40:47.54271+00
tunisieannonce:tunisieannonce_8ecbfa533b2e,terrain,land,242000.0,TND,Riadh Landlous,Jebel Jelloud,TUNIS,242.0,,1000.0,36.7667,10.1833,95.0,HIGH,False,2026-04-01 21:17:22.750954+00,2026-04-09 15:40:44.677723+00
tunisieannonce:tunisieannonce_8f0982a54795,terrain,land,240000.0,TND,Sidi Ali El Hattab,Jebel Jelloud,TUNIS,200.0,,1200.0,36.7667,10.1833,90.0,HIGH,False,2026-04-06 17:19:15.502036+00,2026-04-09 15:40:47.934448+00
tunisieannonce:tunisieannonce_90bb7826d89b,appartement,apartment,225000.0,TND,Cite Ennasr 2,Jebel Jelloud,TUNIS,65.0,1.0,3461.54,36.7667,10.1833,100.0,HIGH,False,2026-04-06 10:30:28.512235+00,2026-04-09 15:40:44.581334+00
tunisieannonce:tunisieannonce_90f61c240531,appartement,apartment,480000.0,TND,Sousse Khezama,Sidi El Heni,TUNIS,480.0,3.0,1000.0,35.6756,10.3106,100.0,HIGH,False,2026-03-29 13:03:03.765464+00,2026-04-09 15:40:45.085276+00
tunisieannonce:tunisieannonce_91787b327f3c,terrain,land,6672.0,TND,Mosque Erraoudha,Jebel Jelloud,TUNIS,344.0,,19.4,36.7667,10.1833,80.0,GOOD,True,2026-03-29 10:00:29.636415+00,2026-04-09 15:40:48.132816+00
tunisieannonce:tunisieannonce_917fd52d7f1b,maison,villa,450000.0,TND,El Menzah 5,El Menzah,TUNIS,175.0,4.0,2571.43,36.8528,10.1703,100.0,HIGH,False,2026-03-31 14:37:27.738088+00,2026-04-09 15:40:47.832526+00
tunisieannonce:tunisieannonce_918c17c891ea,terrain,land,350000.0,TND,Raoued,Raoued,TUNIS,382.0,,916.23,36.908,10.2,100.0,HIGH,False,2026-04-06 12:06:03.445102+00,2026-04-09 15:40:45.423095+00
tunisieannonce:tunisieannonce_918f79289c5d,maison,villa,350000.0,TND,Cite Jaouhara,Jebel Jelloud,TUNIS,350.0,,1000.0,36.7667,10.1833,100.0,HIGH,False,2026-04-01 22:17:59.520112+00,2026-04-09 15:40:44.097826+00
tunisieannonce:tunisieannonce_91975d0559a8,terrain,land,329550.0,TND,Kalaa El Kebira,Kalaa El Kebira,TUNIS,535.0,,615.98,35.8697,10.5544,100.0,HIGH,False,2026-04-02 08:46:21.002767+00,2026-04-09 15:40:47.434675+00
tunisieannonce:tunisieannonce_91a2b2a2bc0d,terrain,land,650000.0,TND,El Medina,Jebel Jelloud,TUNIS,237.0,2.0,2742.62,36.7667,10.1833,100.0,HIGH,False,2026-04-01 21:33:15.208277+00,2026-04-09 15:40:45.18224+00
tunisieannonce:tunisieannonce_91b6757e8d50,terrain,land,101010.0,TND,Hammamet,Hammamet,TUNIS,614.0,,164.51,36.4,10.6167,100.0,HIGH,False,2026-04-06 17:21:16.825789+00,2026-04-09 15:40:47.290966+00
tunisieannonce:tunisieannonce_91bd532fe109,terrain,land,500000.0,TND,Hammam Sousse Gharbi,Hammam Sousse,TUNIS,480.0,2.0,1041.67,35.8592,10.59,100.0,HIGH,False,2026-03-31 13:30:17.904035+00,2026-04-09 15:40:46.672203+00
tunisieannonce:tunisieannonce_91c91ac06a9f,appartement,apartment,450000.0,TND,Ain Zaghouan,Zaghouan,TUNIS,150.0,2.0,3000.0,36.4025,10.1431,100.0,HIGH,False,2026-03-31 12:45:30.476704+00,2026-04-09 15:40:45.326758+00
tunisieannonce:tunisieannonce_91ccd4bbc38a,terrain,land,840000.0,TND,Cite Ennasr 2,Jebel Jelloud,TUNIS,840.0,,1000.0,36.7667,10.1833,100.0,HIGH,False,2026-04-01 22:58:39.839404+00,2026-04-09 15:40:45.530184+00
tunisieannonce:tunisieannonce_91dde6132682,appartement,apartment,750000.0,TND,Berge Du Lac,Jebel Jelloud,TUNIS,,3.0,,36.7667,10.1833,95.0,HIGH,False,2026-04-02 09:01:57.332583+00,2026-04-09 15:40:47.385952+00
tunisieannonce:tunisieannonce_91ea892e9eb0,terrain,land,700000.0,TND,Cite Touristique,Jebel Jelloud,TUNIS,375.0,4.0,1866.67,36.7667,10.1833,100.0,HIGH,False,2026-03-29 12:37:40.37882+00,2026-04-09 15:40:45.37458+00
tunisieannonce:tunisieannonce_926b62ae3e42,appartement,apartment,980000.0,TND,Chatt Meriem,Jebel Jelloud,TUNIS,120.0,1.0,8166.67,36.7667,10.1833,100.0,HIGH,False,2026-04-06 17:38:41.14266+00,2026-04-09 15:40:47.078683+00
tunisieannonce:tunisieannonce_9298561954e2,appartement,apartment,480000.0,TND,Riadh Landlous,Jebel Jelloud,TUNIS,200.0,4.0,2400.0,36.7667,10.1833,100.0,HIGH,False,2026-04-02 08:18:35.843163+00,2026-04-09 15:40:44.24221+00
tunisieannonce:tunisieannonce_92bbb6754dd1,terrain,land,1100.0,TND,Hammamet,Hammamet,TUNIS,300.0,2.0,3.67,36.4,10.6167,85.0,HIGH,True,2026-03-29 10:07:31.026281+00,2026-04-09 15:40:47.126393+00
tunisieannonce:tunisieannonce_9305d75c4883,terrain,land,1700.0,TND,Sidi Daoud,Jebel Jelloud,TUNIS,32.0,,53.12,36.7667,10.1833,80.0,GOOD,True,2026-03-31 15:11:37.596149+00,2026-04-09 15:40:47.784041+00
tunisieannonce:tunisieannonce_930b6882da33,terrain,land,650000.0,TND,Borj El Amri,Borj El Amri,TUNIS,,,,36.7189,9.9425,55.0,LOW,False,2026-03-29 10:17:46.983507+00,2026-04-09 15:40:44.775349+00
tunisieannonce:tunisieannonce_930ee5285e41,terrain,land,1000.0,TND,Ain Zaghouan,Zaghouan,TUNIS,400.0,3.0,2.5,36.4025,10.1431,90.0,HIGH,True,2026-03-31 15:35:31.896985+00,2026-04-09 15:40:43.855667+00
tunisieannonce:tunisieannonce_933ce3074ea0,terrain,land,145000.0,TND,Soliman,Soliman,TUNIS,315.0,,460.32,36.7,10.4833,100.0,HIGH,False,2026-03-31 15:30:55.608096+00,2026-04-09 15:40:46.371924+00
tunisieannonce:tunisieannonce_93492f3bc17e,appartement,apartment,265000.0,TND,Habib Thameur,Jebel Jelloud,TUNIS,93.0,3.0,2849.46,36.7667,10.1833,100.0,HIGH,False,2026-03-29 10:49:26.112783+00,2026-04-09 15:40:47.687784+00
tunisieannonce:tunisieannonce_937d47d58866,terrain,land,110000.0,TND,Hammamet,Hammamet,TUNIS,1000.0,,110.0,36.4,10.6167,100.0,HIGH,False,2026-03-29 12:07:16.020563+00,2026-04-09 15:40:45.733104+00
tunisieannonce:tunisieannonce_942462b0a25b,appartement,apartment,450000.0,TND,Cite Afh,Jebel Jelloud,TUNIS,114.0,2.0,3947.37,36.7667,10.1833,100.0,HIGH,False,2026-03-31 14:03:09.100621+00,2026-04-09 15:40:43.759072+00
tunisieannonce:tunisieannonce_9456b816f5ef,maison,villa,350000.0,TND,Cite Ezzouhour,Ezzouhour  (Tunis),TUNIS,330.0,3.0,1060.61,36.7833,10.1333,95.0,HIGH,False,2026-04-06 14:12:17.991162+00,2026-04-09 15:40:46.92368+00
tunisieannonce:tunisieannonce_948042d1340d,terrain,land,600000.0,TND,Hammam Sousse Gharbi,Hammam Sousse,TUNIS,860.0,,697.67,35.8592,10.59,95.0,HIGH,False,2026-03-31 13:08:33.474916+00,2026-04-09 15:40:46.564956+00
tunisieannonce:tunisieannonce_94c742af6d30,appartement,apartment,180000.0,TND,El Mourouj,El Mourouj,TUNIS,88.0,2.0,2045.45,36.7405,10.2042,100.0,HIGH,False,2026-03-31 13:58:49.801118+00,2026-04-09 15:40:47.987602+00
tunisieannonce:tunisieannonce_94f504e48f71,terrain,land,750000.0,TND,Borj Youssef,Jebel Jelloud,TUNIS,600.0,,1250.0,36.7667,10.1833,100.0,HIGH,False,2026-04-02 09:39:32.86787+00,2026-04-09 15:40:47.19377+00
tunisieannonce:tunisieannonce_9511ef5bbe30,maison,villa,200000.0,TND,Sousse Khezama,Sidi El Heni,TUNIS,115.0,2.0,1739.13,35.6756,10.3106,100.0,HIGH,False,2026-03-29 11:47:09.343635+00,2026-04-09 15:40:45.479495+00
tunisieannonce:tunisieannonce_951b82a40c32,terrain,land,1700.0,TND,Sidi Daoud,Jebel Jelloud,TUNIS,800.0,,2.12,36.7667,10.1833,80.0,GOOD,True,2026-03-29 12:57:43.818554+00,2026-04-09 15:40:48.649881+00
tunisieannonce:tunisieannonce_95525d2f452e,terrain,land,100000.0,TND,Dhahri,Jebel Jelloud,TUNIS,500.0,,200.0,36.7667,10.1833,100.0,HIGH,False,2026-03-26 16:06:12.134719+00,2026-04-09 15:40:48.548713+00
tunisieannonce:tunisieannonce_95a66afec265,appartement,apartment,392000.0,TND,El Kantaoui,Jebel Jelloud,TUNIS,113.0,1.0,3469.03,36.7667,10.1833,100.0,HIGH,False,2026-04-01 21:45:47.041359+00,2026-04-09 15:40:49.398868+00
tunisieannonce:tunisieannonce_95d97f5d7d8f,terrain,land,400000.0,TND,Bir Mcherga,Bir Mcherga,TUNIS,11.0,,36363.64,36.5167,10.0,85.0,HIGH,True,2026-03-26 16:32:40.54866+00,2026-04-09 15:40:49.099647+00
tunisieannonce:tunisieannonce_95e9c52af6fa,terrain,land,50000.0,TND,Testour,Testour,TUNIS,,,,36.5525,9.4436,55.0,LOW,False,2026-03-31 14:46:29.569883+00,2026-04-09 15:40:49.148347+00
tunisieannonce:tunisieannonce_96067e648b08,terrain,land,290000.0,TND,Borj Touil,Jebel Jelloud,TUNIS,800.0,1.0,362.5,36.7667,10.1833,95.0,HIGH,False,2026-04-06 10:57:23.13084+00,2026-04-09 15:40:49.998923+00
tunisieannonce:tunisieannonce_9671435fb249,terrain,land,280000.0,TND,Bou Mhel,Jebel Jelloud,TUNIS,130.0,5.0,2153.85,36.7667,10.1833,100.0,HIGH,False,2026-03-26 23:29:12.243935+00,2026-04-09 15:40:49.699153+00
tunisieannonce:tunisieannonce_967614d9a485,terrain,land,1600.0,TND,Cite Sahloul,Jebel Jelloud,TUNIS,430.0,3.0,3.72,36.7667,10.1833,90.0,HIGH,True,2026-04-01 22:51:01.324894+00,2026-04-09 15:40:49.902048+00
tunisieannonce:tunisieannonce_967acf662a0a,appartement,apartment,1600.0,TND,Ain Zaghouan,Zaghouan,TUNIS,960.0,3.0,1.67,36.4025,10.1431,80.0,GOOD,True,2026-04-06 15:21:22.009108+00,2026-04-09 15:40:51.304042+00
tunisieannonce:tunisieannonce_9684cbb6ab54,maison,villa,375000.0,TND,Soliman,Soliman,TUNIS,450.0,3.0,833.33,36.7,10.4833,100.0,HIGH,False,2026-04-06 12:04:08.510568+00,2026-04-09 15:40:50.627344+00
tunisieannonce:tunisieannonce_96aa7aafa167,terrain,land,350000.0,TND,Hammamet,Hammamet,TUNIS,450.0,,777.78,36.4,10.6167,95.0,HIGH,False,2026-03-31 13:43:08.232197+00,2026-04-09 15:40:51.739804+00
tunisieannonce:tunisieannonce_96c9a5b1f8de,appartement,apartment,240000.0,TND,El Aouina,Jebel Jelloud,TUNIS,70.0,2.0,3428.57,36.7667,10.1833,100.0,HIGH,False,2026-03-27 17:56:23.610496+00,2026-04-09 15:40:51.111614+00
tunisieannonce:tunisieannonce_972ab2ab32ec,terrain,land,300000.0,TND,Bou Argoub,Bou Argoub,TUNIS,800.0,,375.0,36.55,10.55,100.0,HIGH,False,2026-04-02 09:50:37.870321+00,2026-04-09 15:40:52.039095+00
tunisieannonce:tunisieannonce_972b12c29b09,terrain,land,1000.0,TND,Chatt Meriem,Jebel Jelloud,TUNIS,,,,36.7667,10.1833,30.0,LOW,True,2026-04-06 14:57:00.604286+00,2026-04-09 15:40:48.278168+00
tunisieannonce:tunisieannonce_976de0d4b1d7,appartement,apartment,230000.0,TND,Monastir,Monastir,TUNIS,66.0,2.0,3484.85,35.7644,10.8,100.0,HIGH,False,2026-03-27 15:57:35.172001+00,2026-04-09 15:40:52.667809+00
tunisieannonce:tunisieannonce_98c11558e072,terrain,land,238800.0,TND,Bizerte,Menzel Jemil,TUNIS,199.0,3.0,1200.0,37.237,9.91,100.0,HIGH,False,2026-04-06 17:49:59.674504+00,2026-04-09 15:40:49.753047+00
tunisieannonce:tunisieannonce_98c32f824d4d,terrain,land,1050.0,TND,Hammamet,Hammamet,TUNIS,580.0,2.0,1.81,36.4,10.6167,90.0,HIGH,True,2026-03-29 11:32:20.164239+00,2026-04-09 15:40:52.281703+00
tunisieannonce:tunisieannonce_98ded1559ae0,maison,villa,95000.0,TND,Hammamet,Hammamet,TUNIS,200.0,2.0,475.0,36.4,10.6167,100.0,HIGH,False,2026-03-31 12:29:01.730848+00,2026-04-09 15:40:48.442703+00
tunisieannonce:tunisieannonce_98ee86b59df1,terrain,land,750000.0,TND,Hammamet,Hammamet,TUNIS,203.0,2.0,3694.58,36.4,10.6167,100.0,HIGH,False,2026-04-06 12:25:45.177315+00,2026-04-09 15:40:52.475523+00
tunisieannonce:tunisieannonce_99553297ac15,terrain,land,1500.0,TND,Hammam Sousse,Hammam Sousse,TUNIS,700.0,3.0,2.14,35.8592,10.59,75.0,GOOD,True,2026-04-06 15:03:07.77097+00,2026-04-09 15:40:50.143741+00
tunisieannonce:tunisieannonce_998cd1ae88cb,terrain,land,337000.0,TND,Bir Bouregba,Jebel Jelloud,TUNIS,160.0,2.0,2106.25,36.7667,10.1833,100.0,HIGH,False,2026-03-26 15:46:33.654061+00,2026-04-09 15:40:49.951391+00
tunisieannonce:tunisieannonce_999e0dc955eb,appartement,apartment,165000.0,TND,Hammamet,Hammamet,TUNIS,70.0,3.0,2357.14,36.4,10.6167,100.0,HIGH,False,2026-04-01 21:58:54.918414+00,2026-04-09 15:40:52.329633+00
tunisieannonce:tunisieannonce_99b3b37fb907,terrain,land,750000.0,TND,Hammamet,Hammamet,TUNIS,250.0,2.0,3000.0,36.4,10.6167,100.0,HIGH,False,2026-04-06 10:23:14.136436+00,2026-04-09 15:40:50.675978+00
tunisieannonce:tunisieannonce_99d8041b9ce2,maison,villa,550000.0,TND,Borj Touil,Jebel Jelloud,TUNIS,365.0,4.0,1506.85,36.7667,10.1833,100.0,HIGH,False,2026-04-06 15:22:44.565222+00,2026-04-09 15:40:51.449294+00
tunisieannonce:tunisieannonce_99e1cb3a99f7,maison,villa,120000.0,TND,Borj Cedria,Jebel Jelloud,TUNIS,190.0,,631.58,36.7667,10.1833,85.0,HIGH,False,2026-04-06 10:25:58.3056+00,2026-04-09 15:40:50.482434+00
tunisieannonce:tunisieannonce_9a116859da77,maison,villa,750000.0,TND,Raoued,Raoued,TUNIS,270.0,4.0,2777.78,36.908,10.2,100.0,HIGH,False,2026-04-06 15:21:48.041509+00,2026-04-09 15:40:51.401371+00
tunisieannonce:tunisieannonce_9a118a618cc5,terrain,land,300000.0,TND,Dar Allouche,Jebel Jelloud,TUNIS,340.0,2.0,882.35,36.7667,10.1833,100.0,HIGH,False,2026-03-29 11:56:35.961183+00,2026-04-09 15:40:49.602842+00
tunisieannonce:tunisieannonce_9a24a9db9bcd,terrain,land,1700.0,TND,Zouaouine,Jebel Jelloud,TUNIS,,,,36.7667,10.1833,35.0,LOW,True,2026-04-06 14:10:51.356896+00,2026-04-09 15:40:51.353366+00
tunisieannonce:tunisieannonce_9a36fc1af0ef,terrain,land,350000.0,TND,Cebalet Ben Ammar,Jebel Jelloud,TUNIS,400.0,,875.0,36.7667,10.1833,95.0,HIGH,False,2026-03-31 14:33:02.100644+00,2026-04-09 15:40:50.047495+00
tunisieannonce:tunisieannonce_9a5fb26392f1,terrain,land,99000.0,TND,Raoued,Raoued,TUNIS,209.0,,473.68,36.908,10.2,90.0,HIGH,False,2026-04-06 14:34:43.385488+00,2026-04-09 15:40:50.917342+00
tunisieannonce:tunisieannonce_9ad67b998427,maison,villa,1126.0,TND,Ain Zaghouan,Zaghouan,TUNIS,170.0,3.0,6.62,36.4025,10.1431,90.0,HIGH,True,2026-03-29 11:37:53.146776+00,2026-04-09 15:40:49.349121+00
tunisieannonce:tunisieannonce_9bf77edccea1,terrain,land,156000.0,TND,Chatt Meriem,Jebel Jelloud,TUNIS,200.0,,780.0,36.7667,10.1833,95.0,HIGH,False,2026-03-26 23:38:38.508244+00,2026-04-09 15:40:50.192696+00
tunisieannonce:tunisieannonce_9c2107573054,terrain,land,580000.0,TND,El Menzah 6,El Menzah,TUNIS,303.0,4.0,1914.19,36.8528,10.1703,100.0,HIGH,False,2026-04-06 17:48:20.471895+00,2026-04-09 15:40:48.596627+00
tunisieannonce:tunisieannonce_9c2deae1aed2,terrain,land,160000.0,TND,Sidi Saad,Jebel Jelloud,TUNIS,400.0,,400.0,36.7667,10.1833,100.0,HIGH,False,2026-04-02 06:58:38.954581+00,2026-04-09 15:40:49.805338+00
tunisieannonce:tunisieannonce_9c42b3e56fb6,appartement,apartment,130000.0,TND,Bayoub,Jebel Jelloud,TUNIS,100.0,2.0,1300.0,36.7667,10.1833,100.0,HIGH,False,2026-03-29 10:18:58.151568+00,2026-04-09 15:40:52.37898+00
tunisieannonce:tunisieannonce_9d4432a0911f,maison,villa,170000.0,TND,Sidi Frej,Jebel Jelloud,TUNIS,131.0,3.0,1297.71,36.7667,10.1833,100.0,HIGH,False,2026-04-06 12:20:35.789041+00,2026-04-09 15:40:52.570937+00
tunisieannonce:tunisieannonce_9d674a9d3691,terrain,land,167000.0,TND,Soliman,Soliman,TUNIS,257.0,,649.81,36.7,10.4833,100.0,HIGH,False,2026-03-26 16:19:10.830902+00,2026-04-09 15:40:51.2089+00
tunisieannonce:tunisieannonce_9da11b04aae2,appartement,apartment,115000.0,TND,Denden,Jebel Jelloud,TUNIS,98.0,3.0,1173.47,36.7667,10.1833,100.0,HIGH,False,2026-04-06 14:11:23.069269+00,2026-04-09 15:40:51.79744+00
tunisieannonce:tunisieannonce_9db87f6a4784,maison,villa,280000.0,TND,Ezzahrouni,Jebel Jelloud,TUNIS,210.0,2.0,1333.33,36.7667,10.1833,100.0,HIGH,False,2026-03-26 23:17:00.022557+00,2026-04-09 15:40:51.845659+00
tunisieannonce:tunisieannonce_9df24712f1c5,terrain,land,1000.0,TND,Ezzahra,Ezzahra,TUNIS,,,,36.743,10.308,30.0,LOW,True,2026-04-06 10:52:46.912558+00,2026-04-09 15:40:48.799529+00
tunisieannonce:tunisieannonce_9df6a1cb6837,terrain,land,322800.0,TND,Chatt Meriem,Jebel Jelloud,TUNIS,269.0,,1200.0,36.7667,10.1833,100.0,HIGH,False,2026-04-01 22:11:48.512594+00,2026-04-09 15:40:51.546173+00
tunisieannonce:tunisieannonce_9e516aa30a30,maison,villa,245000.0,TND,Hammamet,Hammamet,TUNIS,400.0,2.0,612.5,36.4,10.6167,100.0,HIGH,False,2026-03-26 15:43:53.885739+00,2026-04-09 15:40:51.061384+00
tunisieannonce:tunisieannonce_9e990f2d3b36,terrain,land,350000.0,TND,El Aroussa,El Aroussa,TUNIS,,,,36.3333,9.45,55.0,LOW,False,2026-03-31 14:33:16.830525+00,2026-04-09 15:40:48.382511+00
tunisieannonce:tunisieannonce_9e99eda3b1be,terrain,land,1000.0,TND,Ezzahra,Ezzahra,TUNIS,,,,36.743,10.308,40.0,LOW,True,2026-03-31 13:50:48.334059+00,2026-04-09 15:40:56.847769+00
tunisieannonce:tunisieannonce_9ee51a7d7eae,terrain,land,500000.0,TND,Kalaa Essghira,Kalaa Essghira,TUNIS,840.0,2.0,595.24,35.8381,10.5736,100.0,HIGH,False,2026-03-26 23:34:36.705042+00,2026-04-09 15:40:53.605017+00
tunisieannonce:tunisieannonce_9f286dc309ad,terrain,land,462000.0,TND,Chatt Meriem,Jebel Jelloud,TUNIS,850.0,,543.53,36.7667,10.1833,95.0,HIGH,False,2026-03-27 18:05:02.833571+00,2026-04-09 15:40:54.602365+00
tunisieannonce:tunisieannonce_9f3a2819d99d,terrain,land,150000.0,TND,El Haouaria,El Haouaria,TUNIS,2000.0,,75.0,37.0481,11.0189,90.0,HIGH,False,2026-04-01 21:40:07.075416+00,2026-04-09 15:40:54.804987+00
tunisieannonce:tunisieannonce_9f9510d34d21,terrain,land,110000.0,TND,El Fejja,Jebel Jelloud,TUNIS,,,,36.7667,10.1833,60.0,GOOD,False,2026-04-06 14:22:57.45859+00,2026-04-09 15:40:54.505219+00
tunisieannonce:tunisieannonce_a09269c0f956,appartement,apartment,125000.0,TND,El Mourouj,El Mourouj,TUNIS,76.0,2.0,1644.74,36.7405,10.2042,100.0,HIGH,False,2026-04-01 21:01:40.879235+00,2026-04-09 15:40:55.83035+00
tunisieannonce:tunisieannonce_a0a35bba84f7,appartement,apartment,280000.0,TND,Chatt Meriem,Jebel Jelloud,TUNIS,88.0,2.0,3181.82,36.7667,10.1833,100.0,HIGH,False,2026-03-31 13:41:18.080433+00,2026-04-09 15:40:54.021378+00
tunisieannonce:tunisieannonce_a0a7f300cf0c,terrain,land,1500.0,TND,Berge Du Lac,Jebel Jelloud,TUNIS,600.0,3.0,2.5,36.7667,10.1833,90.0,HIGH,True,2026-03-31 13:54:30.065954+00,2026-04-09 15:40:56.7496+00
tunisieannonce:tunisieannonce_a0b13beed0cd,terrain,land,500000.0,TND,Borj Louzir,Jebel Jelloud,TUNIS,385.0,2.0,1298.7,36.7667,10.1833,100.0,HIGH,False,2026-03-26 16:33:35.700536+00,2026-04-09 15:40:56.507045+00
tunisieannonce:tunisieannonce_a0c5706e3e71,terrain,land,900000.0,TND,Cite Ennouzha,Jebel Jelloud,TUNIS,827.0,,1088.27,36.7667,10.1833,95.0,HIGH,False,2026-03-26 16:27:41.696611+00,2026-04-09 15:40:53.925284+00
tunisieannonce:tunisieannonce_a101a28aff9d,maison,villa,140000.0,TND,Cite Brim,Jebel Jelloud,TUNIS,100.0,2.0,1400.0,36.7667,10.1833,95.0,HIGH,False,2026-04-06 10:25:47.447884+00,2026-04-09 15:40:55.197195+00
tunisieannonce:tunisieannonce_a13f5ae591b8,terrain,land,520000.0,TND,Chotrana 2,Jebel Jelloud,TUNIS,434.0,,1198.16,36.7667,10.1833,95.0,HIGH,False,2026-03-29 09:50:48.746893+00,2026-04-09 15:40:52.958065+00
tunisieannonce:tunisieannonce_a14bbafa4826,terrain,land,30000.0,TND,Tazarka,Jebel Jelloud,TUNIS,250.0,,120.0,36.7667,10.1833,100.0,HIGH,False,2026-04-02 09:01:27.419795+00,2026-04-09 15:40:56.410635+00
tunisieannonce:tunisieannonce_a14e71dbfb12,terrain,land,155000.0,TND,Bir Mcherga,Bir Mcherga,TUNIS,500.0,,310.0,36.5167,10.0,100.0,HIGH,False,2026-03-26 16:26:12.659787+00,2026-04-09 15:40:56.31335+00
tunisieannonce:tunisieannonce_a1615617b877,maison,villa,150000.0,TND,Borj Cedria,Jebel Jelloud,TUNIS,100.0,1.0,1500.0,36.7667,10.1833,100.0,HIGH,False,2026-04-06 11:10:20.770773+00,2026-04-09 15:40:55.143529+00
tunisieannonce:tunisieannonce_a1c5e555a24a,terrain,land,4115.0,TND,Cite Jardins,Jebel Jelloud,TUNIS,500.0,3.0,8.23,36.7667,10.1833,90.0,HIGH,True,2026-04-06 11:59:41.692339+00,2026-04-09 15:40:53.005558+00
tunisieannonce:tunisieannonce_a1e595c29df2,terrain,land,140000.0,TND,El Haouaria,El Haouaria,TUNIS,362.0,3.0,386.74,37.0481,11.0189,100.0,HIGH,False,2026-04-01 21:40:35.246026+00,2026-04-09 15:40:53.054678+00
tunisieannonce:tunisieannonce_a1e5bc01b10d,terrain,land,700000.0,TND,Borj Youssef,Jebel Jelloud,TUNIS,,,,36.7667,10.1833,60.0,GOOD,False,2026-03-31 13:42:09.314386+00,2026-04-09 15:40:56.94326+00
tunisieannonce:tunisieannonce_a1ee30f7a7db,terrain,land,115000.0,TND,Mejez El Bab,Mejez El Bab,TUNIS,,,,36.6492,9.6108,55.0,LOW,False,2026-04-02 09:44:19.802735+00,2026-04-09 15:40:53.760351+00
tunisieannonce:tunisieannonce_a259059ade47,appartement,apartment,180000.0,TND,El Menzah 1,El Menzah,TUNIS,35.0,3.0,5142.86,36.8528,10.1703,100.0,HIGH,False,2026-03-29 12:01:07.546578+00,2026-04-09 15:40:54.311806+00
tunisieannonce:tunisieannonce_a28e9dd150f0,appartement,apartment,540000.0,TND,Cite Ennasr 2,Jebel Jelloud,TUNIS,170.0,4.0,3176.47,36.7667,10.1833,100.0,HIGH,False,2026-03-26 16:38:12.711238+00,2026-04-09 15:40:56.168781+00
tunisieannonce:tunisieannonce_a290ac09c90c,terrain,land,840560.0,TND,Jardins D'El Menzah,El Menzah,TUNIS,532.0,,1580.0,36.8528,10.1703,100.0,HIGH,False,2026-04-01 22:40:39.270045+00,2026-04-09 15:40:55.782333+00
tunisieannonce:tunisieannonce_a2b7cd077e57,terrain,land,151000.0,TND,Riadh Landlous,Jebel Jelloud,TUNIS,318.0,,474.84,36.7667,10.1833,85.0,HIGH,False,2026-04-06 12:26:16.84546+00,2026-04-09 15:40:53.295583+00
tunisieannonce:tunisieannonce_a2c2f61bcefc,terrain,land,272040.0,TND,Ghar El Melh,Ghar El Melh,TUNIS,267.0,,1018.88,37.1458,10.1752,100.0,HIGH,False,2026-03-27 16:10:19.158019+00,2026-04-09 15:40:55.975177+00
tunisieannonce:tunisieannonce_a2dc7aae84e1,terrain,land,300000.0,TND,Chatt Meriem,Jebel Jelloud,TUNIS,120.0,1.0,2500.0,36.7667,10.1833,100.0,HIGH,False,2026-03-29 10:53:04.508726+00,2026-04-09 15:40:53.973772+00
tunisieannonce:tunisieannonce_a330797fc8d3,terrain,land,470000.0,TND,Menzel Bouzelfa,Menzel Bouzelfa,TUNIS,,2.0,,36.6833,10.5833,95.0,HIGH,False,2026-04-01 22:22:13.397366+00,2026-04-09 15:40:53.819176+00
tunisieannonce:tunisieannonce_a3b50604b73c,maison,villa,280000.0,TND,El Haouaria,El Haouaria,TUNIS,308.0,3.0,909.09,37.0481,11.0189,100.0,HIGH,False,2026-03-31 15:59:28.268277+00,2026-04-09 15:40:56.071798+00
tunisieannonce:tunisieannonce_a452a0d2bbd0,appartement,apartment,415000.0,TND,Riadh Landlous,Jebel Jelloud,TUNIS,151.0,3.0,2748.34,36.7667,10.1833,100.0,HIGH,False,2026-04-01 20:50:09.575449+00,2026-04-09 15:40:56.604303+00
tunisieannonce:tunisieannonce_a45e8d5bad6d,terrain,land,1230.0,TND,Sidi Daoud,Jebel Jelloud,TUNIS,948.0,,1.3,36.7667,10.1833,80.0,GOOD,True,2026-03-26 15:48:35.888336+00,2026-04-09 15:40:57.281328+00
tunisieannonce:tunisieannonce_a47a6df1f030,terrain,land,234000.0,TND,Bou Jerdga,Jebel Jelloud,TUNIS,650.0,,360.0,36.7667,10.1833,90.0,HIGH,False,2026-04-06 10:43:36.188529+00,2026-04-09 15:40:53.871572+00
tunisieannonce:tunisieannonce_a4ef2c9d8c53,appartement,apartment,245000.0,TND,Hedi Chaker,Jebel Jelloud,TUNIS,124.0,4.0,1975.81,36.7667,10.1833,100.0,HIGH,False,2026-03-26 23:21:10.405905+00,2026-04-09 15:40:55.685283+00
tunisieannonce:tunisieannonce_a50641300e48,terrain,land,8000.0,TND,El Kantaoui,Jebel Jelloud,TUNIS,521.0,2.0,15.36,36.7667,10.1833,90.0,HIGH,True,2026-03-26 23:35:42.985926+00,2026-04-09 15:40:54.408593+00
tunisieannonce:tunisieannonce_a50a1757a9d5,appartement,apartment,170000.0,TND,Bab Bhar,Bab Bhar,TUNIS,50.0,4.0,3400.0,36.7981,10.1803,100.0,HIGH,False,2026-04-02 09:16:18.366706+00,2026-04-09 15:40:55.733581+00
tunisieannonce:tunisieannonce_a576baf4fed6,terrain,land,500000.0,TND,Borj Youssef,Jebel Jelloud,TUNIS,,,,36.7667,10.1833,55.0,LOW,False,2026-03-29 10:28:48.571054+00,2026-04-09 15:40:54.852937+00
tunisieannonce:tunisieannonce_a594db9e20d5,terrain,land,1480.0,TND,La Soukra,La Soukra,TUNIS,350.0,2.0,4.23,36.885212,10.245301,85.0,HIGH,True,2026-03-29 10:17:21.487516+00,2026-04-09 15:40:56.798848+00
tunisieannonce:tunisieannonce_a59de41e91d3,terrain,land,235400.0,TND,Hergla,Hergla,TUNIS,70.0,,3362.86,36.0333,10.5,100.0,HIGH,False,2026-04-02 08:56:57.814594+00,2026-04-09 15:40:53.248688+00
tunisieannonce:tunisieannonce_a5fc98869edc,maison,villa,300000.0,TND,Hergla,Hergla,TUNIS,400.0,3.0,750.0,36.0333,10.5,100.0,HIGH,False,2026-03-29 13:00:39.377415+00,2026-04-09 15:40:54.949594+00
tunisieannonce:tunisieannonce_a63768a6519c,terrain,land,395000.0,TND,Raoued,Raoued,TUNIS,395.0,,1000.0,36.908,10.2,95.0,HIGH,False,2026-03-29 10:10:27.254181+00,2026-04-09 15:40:55.191351+00
tunisieannonce:tunisieannonce_a65f66b70bb1,terrain,land,1250.0,TND,Cite Jasmins Simpar,Jebel Jelloud,TUNIS,471.0,5.0,2.65,36.7667,10.1833,75.0,GOOD,True,2026-04-06 14:22:21.927743+00,2026-04-09 15:40:57.088471+00
tunisieannonce:tunisieannonce_a66e5b721abc,terrain,land,820000.0,TND,Sidi Hmed,Jebel Jelloud,TUNIS,500.0,3.0,1640.0,36.7667,10.1833,100.0,HIGH,False,2026-04-06 15:18:41.621242+00,2026-04-09 15:40:53.664739+00
tunisieannonce:tunisieannonce_a6945f0c8c82,terrain,land,620000.0,TND,Cite Ennouzha,Jebel Jelloud,TUNIS,604.0,3.0,1026.49,36.7667,10.1833,100.0,HIGH,False,2026-03-31 14:14:09.299275+00,2026-04-09 15:40:54.901821+00
tunisieannonce:tunisieannonce_a6dc6be93140,appartement,apartment,195000.0,TND,El Kantaoui,Jebel Jelloud,TUNIS,45.0,3.0,4333.33,36.7667,10.1833,100.0,HIGH,False,2026-04-06 15:01:56.252991+00,2026-04-09 15:40:55.0952+00
tunisieannonce:tunisieannonce_a726b255639b,terrain,land,200000.0,TND,Hammam Sousse Gharbi,Hammam Sousse,TUNIS,335.0,,597.01,35.8592,10.59,90.0,HIGH,False,2026-04-06 17:45:37.649523+00,2026-04-09 15:40:55.636641+00
tunisieannonce:tunisieannonce_a739766d50e2,appartement,apartment,580000.0,TND,Ghannouche,Ghannouche,TUNIS,780.0,3.0,743.59,33.935,10.07,100.0,HIGH,False,2026-03-31 14:31:44.332511+00,2026-04-09 15:40:58.52054+00
tunisieannonce:tunisieannonce_a747feb952a1,terrain,land,21000.0,TND,Ezzahra,Ezzahra,TUNIS,600.0,,35.0,36.743,10.308,70.0,GOOD,True,2026-04-06 14:48:06.533438+00,2026-04-09 15:40:59.933821+00
tunisieannonce:tunisieannonce_a7672321d98e,terrain,land,248000.0,TND,Borj Cedria,Jebel Jelloud,TUNIS,621.0,,399.36,36.7667,10.1833,85.0,HIGH,False,2026-04-06 15:22:03.978687+00,2026-04-09 15:41:01.875451+00
tunisieannonce:tunisieannonce_a77d7c8d748a,terrain,land,320000.0,TND,Hammam Sousse,Hammam Sousse,TUNIS,300.0,,1066.67,35.8592,10.59,95.0,HIGH,False,2026-03-31 13:42:01.159366+00,2026-04-09 15:41:01.463881+00
tunisieannonce:tunisieannonce_a7aaecb4e2c0,maison,villa,620000.0,TND,Sidi Salah,Jebel Jelloud,TUNIS,740.0,3.0,837.84,36.7667,10.1833,100.0,HIGH,False,2026-04-01 22:42:03.625437+00,2026-04-09 15:41:00.283272+00
tunisieannonce:tunisieannonce_a7c027deeac9,terrain,land,470000.0,TND,Cite Ennkhilet,Jebel Jelloud,TUNIS,400.0,3.0,1175.0,36.7667,10.1833,100.0,HIGH,False,2026-03-26 16:09:43.823604+00,2026-04-09 15:41:00.13782+00
tunisieannonce:tunisieannonce_a7e6bd050dc0,appartement,apartment,195000.0,TND,Ain Zaghouan,Zaghouan,TUNIS,77.0,3.0,2532.47,36.4025,10.1431,100.0,HIGH,False,2026-03-27 17:59:11.291385+00,2026-04-09 15:41:01.065918+00
tunisieannonce:tunisieannonce_a82caf022500,maison,villa,3500.0,TND,Sidi Bousaid,Jebel Jelloud,TUNIS,200.0,2.0,17.5,36.7667,10.1833,90.0,HIGH,True,2026-04-06 12:03:10.995997+00,2026-04-09 15:41:00.873936+00
tunisieannonce:tunisieannonce_a84136c0a519,terrain,land,1000.0,TND,El Aouina,Jebel Jelloud,TUNIS,400.0,3.0,2.5,36.7667,10.1833,90.0,HIGH,True,2026-03-31 15:34:22.184844+00,2026-04-09 15:40:57.831689+00
tunisieannonce:tunisieannonce_a88830aa21c1,appartement,apartment,105000.0,TND,El Mourouj,El Mourouj,TUNIS,77.0,2.0,1363.64,36.7405,10.2042,100.0,HIGH,False,2026-03-31 12:23:03.587158+00,2026-04-09 15:41:00.185942+00
tunisieannonce:tunisieannonce_a897ee4acfc1,terrain,land,2155.0,TND,El Manar 2,Jebel Jelloud,TUNIS,155.0,,13.9,36.7667,10.1833,75.0,GOOD,True,2026-03-29 10:53:14.791657+00,2026-04-09 15:40:58.32798+00
tunisieannonce:tunisieannonce_a8effa05df7f,appartement,apartment,240000.0,TND,El Manar 1,Jebel Jelloud,TUNIS,90.0,3.0,2666.67,36.7667,10.1833,100.0,HIGH,False,2026-04-02 09:32:45.696523+00,2026-04-09 15:40:59.198515+00
tunisieannonce:tunisieannonce_a912eee8b5cd,terrain,land,5000.0,TND,Mornaguia,Mornaguia,TUNIS,900.0,,5.56,36.7833,9.95,80.0,GOOD,True,2026-03-31 14:11:46.189082+00,2026-04-09 15:41:01.469333+00
tunisieannonce:tunisieannonce_a945ffcdd76c,terrain,land,40000.0,TND,Testour,Testour,TUNIS,,,,36.5525,9.4436,55.0,LOW,False,2026-03-31 14:46:21.179107+00,2026-04-09 15:41:01.869963+00
tunisieannonce:tunisieannonce_a9663fbbebfa,appartement,apartment,220000.0,TND,La Mannouba,Mannouba,TUNIS,115.0,4.0,1913.04,36.8097,10.0928,100.0,HIGH,False,2026-04-06 14:11:11.735861+00,2026-04-09 15:41:01.626778+00
tunisieannonce:tunisieannonce_a9d7b39d537e,terrain,land,400000.0,TND,Kalaa El Kebira,Kalaa El Kebira,TUNIS,,3.0,,35.8697,10.5544,95.0,HIGH,False,2026-04-02 08:59:06.317595+00,2026-04-09 15:40:57.935608+00
tunisieannonce:tunisieannonce_a9e3dc065c33,maison,villa,500000.0,TND,Le Bardo,Le Bardo,TUNIS,137.0,1.0,3649.64,36.8111,10.1364,100.0,HIGH,False,2026-03-31 14:37:39.98374+00,2026-04-09 15:40:59.740098+00
tunisieannonce:tunisieannonce_a9ec96c52fda,appartement,apartment,235000.0,TND,Ezzahra,Ezzahra,TUNIS,85.0,3.0,2764.71,36.743,10.308,100.0,HIGH,False,2026-03-26 23:29:28.555414+00,2026-04-09 15:40:57.688349+00
tunisieannonce:tunisieannonce_aa0cb2735f60,appartement,apartment,693494.0,TND,Chotrana 3,Jebel Jelloud,TUNIS,162.0,3.0,4280.83,36.7667,10.1833,100.0,HIGH,False,2026-03-31 13:04:50.673133+00,2026-04-09 15:41:01.880769+00
tunisieannonce:tunisieannonce_aa4ba8ff6033,maison,villa,750000.0,TND,Le Bardo,Le Bardo,TUNIS,600.0,3.0,1250.0,36.8111,10.1364,100.0,HIGH,False,2026-04-01 20:59:36.403284+00,2026-04-09 15:41:00.524103+00
tunisieannonce:tunisieannonce_aa73f1175e48,terrain,land,1200.0,TND,Menzel Bouzelfa,Menzel Bouzelfa,TUNIS,,2.0,,36.6833,10.5833,80.0,GOOD,True,2026-03-26 16:16:15.535194+00,2026-04-09 15:41:00.234286+00
tunisieannonce:tunisieannonce_aaa2b1d126e5,appartement,apartment,695000.0,TND,Cite Ennasr 2,Jebel Jelloud,TUNIS,203.0,3.0,3423.65,36.7667,10.1833,100.0,HIGH,False,2026-04-01 22:51:17.918197+00,2026-04-09 15:40:58.47268+00
tunisieannonce:tunisieannonce_aaaea14b275b,terrain,land,300000.0,TND,Kalaa El Kebira,Kalaa El Kebira,TUNIS,300.0,,1000.0,35.8697,10.5544,90.0,HIGH,False,2026-04-06 10:24:49.451804+00,2026-04-09 15:40:59.642071+00
tunisieannonce:tunisieannonce_aab3822e8c1c,terrain,land,38250.0,TND,Ennagr,Jebel Jelloud,TUNIS,425.0,,90.0,36.7667,10.1833,90.0,HIGH,False,2026-04-01 21:23:08.065037+00,2026-04-09 15:40:58.424543+00
tunisieannonce:tunisieannonce_aae437c55f11,terrain,land,1020.0,TND,Megrine,Megrine,TUNIS,680.0,3.0,1.5,36.7836,10.232,85.0,HIGH,True,2026-04-01 22:42:20.579121+00,2026-04-09 15:40:59.986722+00
tunisieannonce:tunisieannonce_aae66fc88da9,terrain,land,1500.0,TND,El Menzah 5,El Menzah,TUNIS,500.0,4.0,3.0,36.8528,10.1703,85.0,HIGH,True,2026-03-26 16:37:45.166784+00,2026-04-09 15:41:00.921404+00
tunisieannonce:tunisieannonce_ab20b6858e59,appartement,apartment,120000.0,TND,Hammam Sousse,Hammam Sousse,TUNIS,50.0,2.0,2400.0,35.8592,10.59,100.0,HIGH,False,2026-03-26 23:38:54.916381+00,2026-04-09 15:41:00.765119+00
tunisieannonce:tunisieannonce_ab70814c8177,terrain,land,4750.0,TND,Bab El Jazira,Jebel Jelloud,TUNIS,612.0,,7.76,36.7667,10.1833,80.0,GOOD,True,2026-04-01 22:43:53.792201+00,2026-04-09 15:40:57.494509+00
tunisieannonce:tunisieannonce_abc073fc113f,terrain,land,850000.0,TND,La Mannouba,Mannouba,TUNIS,500.0,2.0,1700.0,36.8097,10.0928,100.0,HIGH,False,2026-03-31 14:29:20.890634+00,2026-04-09 15:40:58.036834+00
tunisieannonce:tunisieannonce_ac35ac5fafe3,maison,villa,750000.0,TND,Kerkouane,Jebel Jelloud,TUNIS,600.0,2.0,1250.0,36.7667,10.1833,100.0,HIGH,False,2026-03-26 23:32:34.098897+00,2026-04-09 15:40:59.595239+00
tunisieannonce:tunisieannonce_ac3d9dc6c510,terrain,land,20000.0,TND,Testour,Testour,TUNIS,,,,36.5525,9.4436,60.0,GOOD,False,2026-03-26 16:36:59.122022+00,2026-04-09 15:41:01.406272+00
tunisieannonce:tunisieannonce_ac859983a318,appartement,apartment,130000.0,TND,Ben Arous,Ben Arous,TUNIS,80.0,2.0,1625.0,36.745,10.225,100.0,HIGH,False,2026-03-29 11:16:34.293775+00,2026-04-09 15:40:57.445292+00
tunisieannonce:tunisieannonce_acb53faca082,terrain,land,50000.0,TND,Hammamet,Hammamet,TUNIS,200.0,,250.0,36.4,10.6167,100.0,HIGH,False,2026-03-29 13:00:02.793843+00,2026-04-09 15:40:57.784768+00
tunisieannonce:tunisieannonce_acbd0ecb3990,terrain,land,8000.0,TND,La Mannouba,Mannouba,TUNIS,,,,36.8097,10.0928,55.0,LOW,False,2026-03-29 11:21:25.916701+00,2026-04-09 15:41:00.770876+00
tunisieannonce:tunisieannonce_acc5e91a24d7,terrain,land,1500.0,TND,Hammam Sousse,Hammam Sousse,TUNIS,500.0,2.0,3.0,35.8592,10.59,90.0,HIGH,True,2026-03-31 13:41:42.044306+00,2026-04-09 15:41:00.824587+00
tunisieannonce:tunisieannonce_acd42ac8ab18,terrain,land,680000.0,TND,Jardins D'El Menzah,El Menzah,TUNIS,650.0,,1046.15,36.8528,10.1703,100.0,HIGH,False,2026-04-01 22:55:05.190164+00,2026-04-09 15:40:58.133854+00
tunisieannonce:tunisieannonce_ad0c61f6a93c,maison,villa,700000.0,TND,Ain Zaghouan,Zaghouan,TUNIS,140.0,2.0,5000.0,36.4025,10.1431,100.0,HIGH,False,2026-03-31 14:51:15.48801+00,2026-04-09 15:41:00.621263+00
tunisieannonce:tunisieannonce_ad16ea448b7b,terrain,land,550000.0,TND,Chatt Meriem,Jebel Jelloud,TUNIS,494.0,,1113.36,36.7667,10.1833,95.0,HIGH,False,2026-03-27 18:10:05.358208+00,2026-04-09 15:40:57.590698+00
tunisieannonce:tunisieannonce_ad2a86adc9e2,terrain,land,2800.0,TND,Le Kram,Jebel Jelloud,TUNIS,700.0,,4.0,36.7667,10.1833,80.0,GOOD,True,2026-03-26 15:59:35.333537+00,2026-04-09 15:40:59.102303+00
tunisieannonce:tunisieannonce_ad73f23b3b8e,terrain,land,140000.0,TND,Bou Achir,Jebel Jelloud,TUNIS,9000.0,,15.56,36.7667,10.1833,70.0,GOOD,True,2026-03-29 10:44:40.07463+00,2026-04-09 15:40:59.450463+00
tunisieannonce:tunisieannonce_ad76a8db225c,terrain,land,350000.0,TND,La Mannouba,Mannouba,TUNIS,500.0,,700.0,36.8097,10.0928,95.0,HIGH,False,2026-03-31 13:57:37.811588+00,2026-04-09 15:41:00.379361+00
tunisieannonce:tunisieannonce_adae9d2ca665,terrain,land,480000.0,TND,Dar Allouche,Jebel Jelloud,TUNIS,300.0,,1600.0,36.7667,10.1833,95.0,HIGH,False,2026-04-01 21:10:14.844606+00,2026-04-09 15:41:01.773739+00
tunisieannonce:tunisieannonce_ae161fd127d2,terrain,land,280000.0,TND,Soliman,Soliman,TUNIS,444.0,,630.63,36.7,10.4833,100.0,HIGH,False,2026-03-26 15:50:04.06956+00,2026-04-09 15:41:04.318565+00
tunisieannonce:tunisieannonce_ae4c91996539,terrain,land,85000.0,TND,El Haouaria,El Haouaria,TUNIS,4000.0,,21.25,37.0481,11.0189,80.0,GOOD,True,2026-03-26 23:33:34.915371+00,2026-04-09 15:41:05.064763+00
tunisieannonce:tunisieannonce_ae5e74440619,terrain,land,550000.0,TND,Chotrana 1,Jebel Jelloud,TUNIS,527.0,,1043.64,36.7667,10.1833,100.0,HIGH,False,2026-04-06 14:27:46.775074+00,2026-04-09 15:41:02.944668+00
tunisieannonce:tunisieannonce_ae827ad8524e,maison,villa,260000.0,TND,Kerkouane,Jebel Jelloud,TUNIS,250.0,2.0,1040.0,36.7667,10.1833,100.0,HIGH,False,2026-03-31 15:54:45.328493+00,2026-04-09 15:41:03.882633+00
tunisieannonce:tunisieannonce_ae879996cd3f,terrain,land,1230.0,TND,Sidi Daoud,Jebel Jelloud,TUNIS,32.0,,38.44,36.7667,10.1833,80.0,GOOD,True,2026-03-29 11:00:37.616458+00,2026-04-09 15:41:03.090303+00
tunisieannonce:tunisieannonce_af42611dc701,terrain,land,1200.0,TND,Chatt Meriem,Jebel Jelloud,TUNIS,417.0,1.0,2.88,36.7667,10.1833,90.0,HIGH,True,2026-04-02 08:45:57.17694+00,2026-04-09 15:41:06.621762+00
tunisieannonce:tunisieannonce_af7a266d1b6a,terrain,land,110000.0,TND,La Mannouba,Mannouba,TUNIS,,,,36.8097,10.0928,60.0,GOOD,False,2026-04-06 15:09:41.014097+00,2026-04-09 15:41:03.979047+00
tunisieannonce:tunisieannonce_af806344657f,appartement,apartment,145000.0,TND,Jaafar 1,Jebel Jelloud,TUNIS,99.0,2.0,1464.65,36.7667,10.1833,100.0,HIGH,False,2026-04-02 06:57:23.889405+00,2026-04-09 15:41:06.090629+00
tunisieannonce:tunisieannonce_af966db0bf46,maison,villa,599000.0,TND,Hammamet,Hammamet,TUNIS,550.0,2.0,1089.09,36.4,10.6167,100.0,HIGH,False,2026-04-02 08:27:35.570954+00,2026-04-09 15:41:02.848001+00
tunisieannonce:tunisieannonce_afae778c298e,terrain,land,355000.0,TND,Soliman,Soliman,TUNIS,450.0,3.0,788.89,36.7,10.4833,100.0,HIGH,False,2026-03-27 18:07:07.986011+00,2026-04-09 15:41:03.626668+00
tunisieannonce:tunisieannonce_afb67cff80c0,terrain,land,260000.0,TND,Soliman,Soliman,TUNIS,144.0,3.0,1805.56,36.7,10.4833,100.0,HIGH,False,2026-03-26 16:07:03.813019+00,2026-04-09 15:41:03.8348+00
tunisieannonce:tunisieannonce_afe797293ad7,appartement,apartment,85000.0,TND,Hammam El Ghezaz,Hammam El Ghezaz,TUNIS,70.0,2.0,1214.29,37.0711,11.0469,100.0,HIGH,False,2026-03-26 23:31:05.057211+00,2026-04-09 15:41:01.97672+00
tunisieannonce:tunisieannonce_afe994372718,terrain,land,2500.0,TND,Testour,Testour,TUNIS,,,,36.5525,9.4436,35.0,LOW,True,2026-03-31 14:26:12.514493+00,2026-04-09 15:41:03.621498+00
tunisieannonce:tunisieannonce_b022d79232d3,appartement,apartment,620000.0,TND,Jardins De Carthage,Carthage,TUNIS,132.0,2.0,4696.97,36.8536,10.3256,100.0,HIGH,False,2026-03-31 15:29:58.558629+00,2026-04-09 15:41:06.671644+00
tunisieannonce:tunisieannonce_b028112fdbd7,terrain,land,500000.0,TND,Hammamet,Hammamet,TUNIS,1000.0,,500.0,36.4,10.6167,100.0,HIGH,False,2026-03-26 16:11:04.190954+00,2026-04-09 15:41:04.967934+00
tunisieannonce:tunisieannonce_b02b5f1808c8,terrain,land,666666.0,TND,Cite Jardins,Jebel Jelloud,TUNIS,930.0,,716.85,36.7667,10.1833,90.0,HIGH,False,2026-04-06 15:13:32.874031+00,2026-04-09 15:41:03.776312+00
tunisieannonce:tunisieannonce_b0672323c19f,appartement,apartment,280000.0,TND,Rades,Rades,TUNIS,127.0,2.0,2204.72,36.7782,10.2815,100.0,HIGH,False,2026-04-02 08:50:42.153415+00,2026-04-09 15:41:06.428219+00
tunisieannonce:tunisieannonce_b0b8f3a38ff7,terrain,land,123000.0,TND,Raoued,Raoued,TUNIS,410.0,,300.0,36.908,10.2,100.0,HIGH,False,2026-04-06 15:14:47.016564+00,2026-04-09 15:41:06.187426+00
tunisieannonce:tunisieannonce_b0c90398bcc8,maison,villa,110000.0,TND,Hammam Bourguiba,Jebel Jelloud,TUNIS,420.0,,261.9,36.7667,10.1833,95.0,HIGH,False,2026-03-31 14:53:39.912637+00,2026-04-09 15:41:03.332462+00
tunisieannonce:tunisieannonce_b0fad9915891,terrain,land,320000.0,TND,Sidi Thabet,Sidi Thabet,TUNIS,409.0,,782.4,36.933,10.039,100.0,HIGH,False,2026-03-27 15:57:54.825985+00,2026-04-09 15:41:04.415419+00
tunisieannonce:tunisieannonce_b104314f1e43,maison,villa,780000.0,TND,Hammamet,Hammamet,TUNIS,500.0,3.0,1560.0,36.4,10.6167,100.0,HIGH,False,2026-04-02 08:25:55.700425+00,2026-04-09 15:41:04.767759+00
tunisieannonce:tunisieannonce_b153bc8dd957,terrain,land,217000.0,TND,Oued Ellil,Oued Ellil,TUNIS,362.0,,599.45,36.8311,10.0347,95.0,HIGH,False,2026-04-06 12:19:45.757902+00,2026-04-09 15:41:03.93135+00
tunisieannonce:tunisieannonce_b174f9c1b6ec,terrain,land,280000.0,TND,El Araydhia,Jebel Jelloud,TUNIS,680.0,,411.76,36.7667,10.1833,95.0,HIGH,False,2026-03-27 18:09:48.50788+00,2026-04-09 15:41:05.558521+00
tunisieannonce:tunisieannonce_b18508697e46,terrain,land,160000.0,TND,Raoued,Raoued,TUNIS,150.0,,1066.67,36.908,10.2,100.0,HIGH,False,2026-04-06 12:18:27.577387+00,2026-04-09 15:41:03.680335+00
tunisieannonce:tunisieannonce_b22981c607cc,maison,villa,220000.0,TND,Fouchana,Fouchana,TUNIS,85.0,,2588.24,36.7098,10.1693,100.0,HIGH,False,2026-03-31 13:17:12.784627+00,2026-04-09 15:41:02.507774+00
tunisieannonce:tunisieannonce_b2307bb32ae6,terrain,land,790000.0,TND,Nouvelle Ariana,Ariana Ville,TUNIS,313.0,3.0,2523.96,36.866011,10.193923,100.0,HIGH,False,2026-03-26 23:39:11.569136+00,2026-04-09 15:41:05.403641+00
tunisieannonce:tunisieannonce_b2319bf8a90d,appartement,apartment,570000.0,TND,Jardins De Carthage,Carthage,TUNIS,100.0,2.0,5700.0,36.8536,10.3256,100.0,HIGH,False,2026-04-02 09:02:47.561961+00,2026-04-09 15:41:02.751548+00
tunisieannonce:tunisieannonce_b23237e555f4,maison,villa,720000.0,TND,Hammamet,Hammamet,TUNIS,500.0,2.0,1440.0,36.4,10.6167,100.0,HIGH,False,2026-03-29 11:33:06.623075+00,2026-04-09 15:41:05.800412+00
tunisieannonce:tunisieannonce_b2c3ff67f368,appartement,apartment,80000.0,TND,Khelidia,Jebel Jelloud,TUNIS,70.0,1.0,1142.86,36.7667,10.1833,100.0,HIGH,False,2026-04-06 17:43:06.484593+00,2026-04-09 15:41:04.270691+00
tunisieannonce:tunisieannonce_b2c4a30d657e,terrain,land,1700.0,TND,Sidi Daoud,Jebel Jelloud,TUNIS,1000.0,,1.7,36.7667,10.1833,80.0,GOOD,True,2026-03-31 15:20:13.876756+00,2026-04-09 15:41:04.221898+00
tunisieannonce:tunisieannonce_b33291abb6fd,appartement,apartment,510000.0,TND,La Soukra,La Soukra,TUNIS,149.0,3.0,3422.82,36.885212,10.245301,100.0,HIGH,False,2026-04-01 20:48:42.632813+00,2026-04-09 15:41:05.750495+00
tunisieannonce:tunisieannonce_b37c7228f4ad,terrain,land,150000.0,TND,La Mannouba,Mannouba,TUNIS,600.0,,250.0,36.8097,10.0928,95.0,HIGH,False,2026-03-31 14:28:59.402692+00,2026-04-09 15:41:04.174021+00
tunisieannonce:tunisieannonce_b3d62b5e0c8e,terrain,land,100000.0,TND,Rades Plage,Rades,TUNIS,170.0,,588.24,36.7782,10.2815,100.0,HIGH,False,2026-04-06 12:03:25.36335+00,2026-04-09 15:41:02.412057+00
tunisieannonce:tunisieannonce_b3edb2e04319,terrain,land,388000.0,TND,Bellevue,Jebel Jelloud,TUNIS,388.0,,1000.0,36.7667,10.1833,95.0,HIGH,False,2026-03-26 16:38:22.638797+00,2026-04-09 15:41:05.450278+00
tunisieannonce:tunisieannonce_b404338cf2c6,appartement,apartment,280000.0,TND,Ariana,Ariana Ville,TUNIS,100.0,4.0,2800.0,36.866011,10.193923,100.0,HIGH,False,2026-03-29 11:15:09.754391+00,2026-04-09 15:41:04.65863+00
tunisieannonce:tunisieannonce_b4751c11f7d3,terrain,land,120000.0,TND,La Mannouba,Mannouba,TUNIS,250.0,,480.0,36.8097,10.0928,90.0,HIGH,False,2026-03-26 23:42:42.061862+00,2026-04-09 15:41:03.380084+00
tunisieannonce:tunisieannonce_b486612efec4,terrain,land,2000.0,TND,Sousse Riadh,Sousse Riadh,TUNIS,869.0,4.0,2.3,35.8269,10.63,90.0,HIGH,True,2026-04-01 22:27:14.407088+00,2026-04-09 15:41:06.331397+00
tunisieannonce:tunisieannonce_b4a812131e46,terrain,land,786500.0,TND,Cite Bhar Lazreg,Jebel Jelloud,TUNIS,210.0,,3745.24,36.7667,10.1833,100.0,HIGH,False,2026-04-01 22:32:36.71215+00,2026-04-09 15:41:02.218492+00
tunisieannonce:tunisieannonce_b4f89ae3032b,terrain,land,382000.0,TND,Raoued,Raoued,TUNIS,670.0,,570.15,36.908,10.2,100.0,HIGH,False,2026-04-06 17:44:05.243718+00,2026-04-09 15:41:06.52477+00
tunisieannonce:tunisieannonce_b55877236cab,terrain,land,1250.0,TND,Bou Mhel,Jebel Jelloud,TUNIS,550.0,3.0,2.27,36.7667,10.1833,85.0,HIGH,True,2026-04-02 08:51:51.322655+00,2026-04-09 15:41:02.993539+00
tunisieannonce:tunisieannonce_b57fb4317295,appartement,apartment,330000.0,TND,El Aouina,Jebel Jelloud,TUNIS,165.0,3.0,2000.0,36.7667,10.1833,100.0,HIGH,False,2026-04-02 09:52:34.837405+00,2026-04-09 15:41:04.707423+00
tunisieannonce:tunisieannonce_b595769e4fb6,maison,villa,135000.0,TND,Ariana,Ariana Ville,TUNIS,100.0,2.0,1350.0,36.866011,10.193923,100.0,HIGH,False,2026-04-06 10:57:10.719538+00,2026-04-09 15:41:04.609438+00
tunisieannonce:tunisieannonce_b5a480e2cbd8,terrain,land,220000.0,TND,Marsa Ennassim,Jebel Jelloud,TUNIS,150.0,3.0,1466.67,36.7667,10.1833,100.0,HIGH,False,2026-03-29 10:59:24.143998+00,2026-04-09 15:41:08.568661+00
tunisieannonce:tunisieannonce_b5eeb3561ff2,appartement,apartment,812000.0,TND,Berge Du Lac,Jebel Jelloud,TUNIS,140.0,2.0,5800.0,36.7667,10.1833,100.0,HIGH,False,2026-04-06 10:46:16.713752+00,2026-04-09 15:41:09.361723+00
tunisieannonce:tunisieannonce_b62139de86f2,terrain,land,1800.0,TND,Riadh Landlous,Jebel Jelloud,TUNIS,400.0,3.0,4.5,36.7667,10.1833,90.0,HIGH,True,2026-04-01 22:35:51.512247+00,2026-04-09 15:41:11.095257+00
tunisieannonce:tunisieannonce_b64fec55d374,appartement,apartment,648000.0,TND,Ain Zaghouan,Zaghouan,TUNIS,135.0,3.0,4800.0,36.4025,10.1431,100.0,HIGH,False,2026-03-29 11:28:08.600561+00,2026-04-09 15:41:09.709974+00
tunisieannonce:tunisieannonce_b6811306383f,appartement,apartment,280000.0,TND,El Kantaoui,Jebel Jelloud,TUNIS,88.0,2.0,3181.82,36.7667,10.1833,100.0,HIGH,False,2026-04-01 22:05:18.943662+00,2026-04-09 15:41:09.66307+00
tunisieannonce:tunisieannonce_b7450e2435b1,terrain,land,546000.0,TND,Khezama Ouest,Jebel Jelloud,TUNIS,453.0,,1205.3,36.7667,10.1833,100.0,HIGH,False,2026-03-26 23:32:08.220943+00,2026-04-09 15:41:07.203944+00
tunisieannonce:tunisieannonce_b7aeea25854e,maison,villa,430000.0,TND,Bab Menara,Jebel Jelloud,TUNIS,203.0,3.0,2118.23,36.7667,10.1833,100.0,HIGH,False,2026-03-26 16:15:43.470844+00,2026-04-09 15:41:09.014314+00
tunisieannonce:tunisieannonce_b7b1e9f18179,terrain,land,760000.0,TND,Cite Ennacim 1,Jebel Jelloud,TUNIS,900.0,,844.44,36.7667,10.1833,100.0,HIGH,False,2026-03-27 16:18:48.882458+00,2026-04-09 15:41:10.454341+00
tunisieannonce:tunisieannonce_b7b67d236e75,terrain,land,1450.0,TND,Bab Bhar,Bab Bhar,TUNIS,460.0,,3.15,36.7981,10.1803,70.0,GOOD,True,2026-04-06 10:58:01.651801+00,2026-04-09 15:41:08.868896+00
tunisieannonce:tunisieannonce_b80d1abbdfa9,terrain,land,600000.0,TND,Kalaat Landlous,Kalaat Landlous,TUNIS,896.0,2.0,669.64,37.054,10.152,100.0,HIGH,False,2026-04-06 11:12:45.328529+00,2026-04-09 15:41:10.698817+00
tunisieannonce:tunisieannonce_b8145b1758a4,maison,villa,820000.0,TND,Gammart,Jebel Jelloud,TUNIS,140.0,2.0,5857.14,36.7667,10.1833,100.0,HIGH,False,2026-03-31 15:11:58.786843+00,2026-04-09 15:41:11.04615+00
tunisieannonce:tunisieannonce_b84e2934cda6,maison,villa,1170.0,TND,Cite De La Plage 2,Jebel Jelloud,TUNIS,442.0,5.0,2.65,36.7667,10.1833,90.0,HIGH,True,2026-03-29 10:41:57.939206+00,2026-04-09 15:41:09.16412+00
tunisieannonce:tunisieannonce_b875d916c176,maison,villa,500000.0,TND,Sidi Thabet,Sidi Thabet,TUNIS,300.0,,1666.67,36.933,10.039,95.0,HIGH,False,2026-03-27 16:05:31.122731+00,2026-04-09 15:41:07.659093+00
tunisieannonce:tunisieannonce_b893c2e92139,maison,villa,1350.0,TND,Hammamet,Hammamet,TUNIS,732.0,2.0,1.84,36.4,10.6167,90.0,HIGH,True,2026-03-29 11:38:25.239442+00,2026-04-09 15:41:11.2891+00
tunisieannonce:tunisieannonce_b8abb6a805e1,maison,villa,550000.0,TND,Rades Mongil,Rades,TUNIS,300.0,2.0,1833.33,36.7782,10.2815,100.0,HIGH,False,2026-04-02 09:52:05.476378+00,2026-04-09 15:41:09.15909+00
tunisieannonce:tunisieannonce_b9063ad23687,terrain,land,1350.0,TND,Ezzahra,Ezzahra,TUNIS,500.0,3.0,2.7,36.743,10.308,90.0,HIGH,True,2026-04-01 21:40:26.875311+00,2026-04-09 15:41:10.939764+00
tunisieannonce:tunisieannonce_b949cbb58cb0,terrain,land,866000.0,TND,Cite Ennouzha,Jebel Jelloud,TUNIS,827.0,,1047.16,36.7667,10.1833,95.0,HIGH,False,2026-03-26 16:26:40.635695+00,2026-04-09 15:41:10.310864+00
tunisieannonce:tunisieannonce_b9a30b7d42b1,appartement,apartment,400000.0,TND,Chatt Meriem,Jebel Jelloud,TUNIS,50.0,3.0,8000.0,36.7667,10.1833,100.0,HIGH,False,2026-03-26 23:41:46.636926+00,2026-04-09 15:41:08.516356+00
tunisieannonce:tunisieannonce_b9a535693b32,maison,villa,672000.0,TND,Jardins De Carthage,Carthage,TUNIS,120.0,1.0,5600.0,36.8536,10.3256,100.0,HIGH,False,2026-03-26 23:35:01.313503+00,2026-04-09 15:41:08.007207+00
tunisieannonce:tunisieannonce_b9ad3aed4f63,terrain,land,208000.0,TND,Akouda,Akouda,TUNIS,320.0,,650.0,35.8667,10.5667,100.0,HIGH,False,2026-03-29 10:34:17.836019+00,2026-04-09 15:41:08.617583+00
tunisieannonce:tunisieannonce_b9b93dbde4fb,terrain,land,1200.0,TND,Sidi Daoud,Jebel Jelloud,TUNIS,1000.0,,1.2,36.7667,10.1833,80.0,GOOD,True,2026-03-29 12:36:55.165584+00,2026-04-09 15:41:08.104432+00
tunisieannonce:tunisieannonce_b9c0cca6a6d0,terrain,land,219000.0,TND,Chatt Meriem,Jebel Jelloud,TUNIS,219.0,,1000.0,36.7667,10.1833,100.0,HIGH,False,2026-03-26 23:36:53.655551+00,2026-04-09 15:41:08.723736+00
tunisieannonce:tunisieannonce_ba15f36dd97d,terrain,land,3500.0,TND,Cartage Byrsa,Jebel Jelloud,TUNIS,957.0,3.0,3.66,36.7667,10.1833,90.0,HIGH,True,2026-03-29 11:29:34.060528+00,2026-04-09 15:41:09.313713+00
tunisieannonce:tunisieannonce_ba1b6ac3f7a7,maison,villa,1290.0,TND,Hammamet,Hammamet,TUNIS,220.0,5.0,5.86,36.4,10.6167,90.0,HIGH,True,2026-03-31 15:09:12.492917+00,2026-04-09 15:41:11.240061+00
tunisieannonce:tunisieannonce_ba2326f25f90,appartement,apartment,370000.0,TND,La Soukra,La Soukra,TUNIS,143.0,2.0,2587.41,36.885212,10.245301,100.0,HIGH,False,2026-04-02 08:29:48.474733+00,2026-04-09 15:41:10.358824+00
tunisieannonce:tunisieannonce_ba2ed486b646,appartement,apartment,400000.0,TND,Zone Hoteliere,Jebel Jelloud,TUNIS,80.0,2.0,5000.0,36.7667,10.1833,100.0,HIGH,False,2026-03-29 09:59:24.731301+00,2026-04-09 15:41:07.357631+00
tunisieannonce:tunisieannonce_bad1ed80c9d5,appartement,apartment,335000.0,TND,El Aouina,Jebel Jelloud,TUNIS,156.0,3.0,2147.44,36.7667,10.1833,100.0,HIGH,False,2026-04-06 10:56:23.09535+00,2026-04-09 15:41:09.614852+00
tunisieannonce:tunisieannonce_bae4cc19facb,terrain,land,3400.0,TND,Marsa Safsaf,Jebel Jelloud,TUNIS,404.0,2.0,8.42,36.7667,10.1833,90.0,HIGH,True,2026-04-01 22:40:49.324675+00,2026-04-09 15:41:07.414863+00
tunisieannonce:tunisieannonce_bb0a01144f78,terrain,land,1295.0,TND,Sidi Aich,Sidi Aich,TUNIS,,,,34.53,8.8,40.0,LOW,True,2026-03-29 14:48:25.717792+00,2026-04-09 15:41:09.565882+00
tunisieannonce:tunisieannonce_bb36b6f1feef,appartement,apartment,105000.0,TND,Hammam Sousse,Hammam Sousse,TUNIS,59.0,1.0,1779.66,35.8592,10.59,100.0,HIGH,False,2026-04-06 15:05:29.703397+00,2026-04-09 15:41:07.610469+00
tunisieannonce:tunisieannonce_bb37955c6db6,terrain,land,1700.0,TND,Sidi Daoud,Jebel Jelloud,TUNIS,800.0,,2.12,36.7667,10.1833,80.0,GOOD,True,2026-03-29 11:07:41.619904+00,2026-04-09 15:41:10.843716+00
tunisieannonce:tunisieannonce_bb60ae92cc53,terrain,land,329550.0,TND,Kalaa El Kebira,Kalaa El Kebira,TUNIS,535.0,,615.98,35.8697,10.5544,100.0,HIGH,False,2026-03-31 15:34:51.700867+00,2026-04-09 15:41:08.153112+00
tunisieannonce:tunisieannonce_bb7cbf02a8c4,terrain,land,238000.0,TND,Cite Des Juges,Jebel Jelloud,TUNIS,850.0,,280.0,36.7667,10.1833,100.0,HIGH,False,2026-03-31 15:36:34.626402+00,2026-04-09 15:41:10.262991+00
tunisieannonce:tunisieannonce_bb9613b25b67,maison,villa,795000.0,TND,Jardins De Carthage,Carthage,TUNIS,150.0,3.0,5300.0,36.8536,10.3256,100.0,HIGH,False,2026-04-01 21:19:24.914325+00,2026-04-09 15:41:08.356011+00
tunisieannonce:tunisieannonce_bbc24f0ba468,terrain,land,600000.0,TND,Sidi Frej,Jebel Jelloud,TUNIS,270.0,3.0,2222.22,36.7667,10.1833,100.0,HIGH,False,2026-03-29 10:39:39.614794+00,2026-04-09 15:41:06.961607+00
tunisieannonce:tunisieannonce_bc685c9fdb76,terrain,land,920000.0,TND,Sousse Khezama,Sidi El Heni,TUNIS,565.0,1.0,1628.32,35.6756,10.3106,100.0,HIGH,False,2026-03-31 15:29:45.85862+00,2026-04-09 15:41:10.069011+00
tunisieannonce:tunisieannonce_bc9fa0218254,terrain,land,7500.0,TND,Monfleury,Jebel Jelloud,TUNIS,740.0,,10.14,36.7667,10.1833,80.0,GOOD,True,2026-03-29 10:53:32.639607+00,2026-04-09 15:41:10.50498+00
tunisieannonce:tunisieannonce_bd6fced40db5,terrain,land,350000.0,TND,Cebalet Ben Ammar,Jebel Jelloud,TUNIS,,,,36.7667,10.1833,55.0,LOW,False,2026-03-31 14:59:31.0411+00,2026-04-09 15:41:07.909594+00
tunisieannonce:tunisieannonce_bd7082879374,maison,villa,520000.0,TND,Ben Arous,Ben Arous,TUNIS,374.0,2.0,1390.37,36.745,10.225,100.0,HIGH,False,2026-03-31 14:18:55.819777+00,2026-04-09 15:41:08.307514+00
tunisieannonce:tunisieannonce_bda595972c5c,terrain,land,500000.0,TND,Riadh Landlous,Jebel Jelloud,TUNIS,800.0,,625.0,36.7667,10.1833,100.0,HIGH,False,2026-03-31 14:26:51.829006+00,2026-04-09 15:41:08.412754+00
tunisieannonce:tunisieannonce_bdabf3d1438b,terrain,land,700000.0,TND,El Hamayem,Jebel Jelloud,TUNIS,,4.0,,36.7667,10.1833,95.0,HIGH,False,2026-03-26 16:21:07.117462+00,2026-04-09 15:41:06.863333+00
tunisieannonce:tunisieannonce_bdb0ae4322f3,appartement,apartment,80000.0,TND,El Medina,Jebel Jelloud,TUNIS,39.0,2.0,2051.28,36.7667,10.1833,100.0,HIGH,False,2026-04-02 09:32:35.54425+00,2026-04-09 15:41:08.675455+00
tunisieannonce:tunisieannonce_bdc5bfd2276b,terrain,land,270000.0,TND,El Fejja,Jebel Jelloud,TUNIS,886.0,,304.74,36.7667,10.1833,100.0,HIGH,False,2026-03-29 10:06:55.777939+00,2026-04-09 15:41:15.635008+00
tunisieannonce:tunisieannonce_bdf1b4af19ba,terrain,land,1700.0,TND,Sidi Daoud,Jebel Jelloud,TUNIS,1000.0,,1.7,36.7667,10.1833,85.0,HIGH,True,2026-03-27 15:52:20.123611+00,2026-04-09 15:41:13.921388+00
tunisieannonce:tunisieannonce_be26e4cf7851,terrain,land,650000.0,TND,Bir Mcherga,Bir Mcherga,TUNIS,5000.0,,130.0,36.5167,10.0,100.0,HIGH,False,2026-03-26 16:24:48.072492+00,2026-04-09 15:41:12.208139+00
tunisieannonce:tunisieannonce_be4ec2cd6195,maison,villa,205000.0,TND,Jedaida,Jedaida,TUNIS,188.0,2.0,1090.43,36.85,9.9167,100.0,HIGH,False,2026-03-31 15:58:23.08889+00,2026-04-09 15:41:14.899689+00
tunisieannonce:tunisieannonce_be5540b47f5b,maison,villa,569000.0,TND,Chotrana 1,Jebel Jelloud,TUNIS,125.0,2.0,4552.0,36.7667,10.1833,100.0,HIGH,False,2026-03-27 17:58:03.227189+00,2026-04-09 15:41:12.402476+00
tunisieannonce:tunisieannonce_be5f2a5504e4,terrain,land,800000.0,TND,Kalaa El Kebira,Kalaa El Kebira,TUNIS,,,,35.8697,10.5544,20.0,DROP,False,2026-04-06 14:57:12.105693+00,2026-04-09 15:41:15.789593+00
tunisieannonce:tunisieannonce_bea57c3e182a,terrain,land,595000.0,TND,Mateur,Mateur,TUNIS,,,,37.038,9.665,55.0,LOW,False,2026-03-29 11:21:42.934784+00,2026-04-09 15:41:11.579051+00
tunisieannonce:tunisieannonce_beb1bc493c7c,terrain,land,420000.0,TND,Chorfech,Jebel Jelloud,TUNIS,951.0,,441.64,36.7667,10.1833,95.0,HIGH,False,2026-04-06 10:46:51.295696+00,2026-04-09 15:41:15.983504+00
tunisieannonce:tunisieannonce_bee433ebe4cf,terrain,land,78000.0,TND,Zone Hoteliere,Jebel Jelloud,TUNIS,312.0,,250.0,36.7667,10.1833,100.0,HIGH,False,2026-04-06 10:45:46.404265+00,2026-04-09 15:41:14.308824+00
tunisieannonce:tunisieannonce_bf6d96f96ddd,terrain,land,1650.0,TND,El Menzah 4,El Menzah,TUNIS,598.0,4.0,2.76,36.8528,10.1703,80.0,GOOD,True,2026-04-06 10:15:39.064692+00,2026-04-09 15:41:13.283215+00
tunisieannonce:tunisieannonce_bfd06f1a9049,terrain,land,306000.0,TND,Bou Mhel,Jebel Jelloud,TUNIS,361.0,,847.65,36.7667,10.1833,100.0,HIGH,False,2026-04-02 08:59:35.615801+00,2026-04-09 15:41:13.969986+00
tunisieannonce:tunisieannonce_c00963c34ca5,terrain,land,21000.0,TND,Ouled Abdallah,Jebel Jelloud,TUNIS,270.0,,77.78,36.7667,10.1833,90.0,HIGH,False,2026-03-29 11:47:46.356121+00,2026-04-09 15:41:14.066507+00
tunisieannonce:tunisieannonce_c0278887cb61,maison,villa,790000.0,TND,Hammamet,Hammamet,TUNIS,300.0,,2633.33,36.4,10.6167,90.0,HIGH,False,2026-04-06 17:37:45.459198+00,2026-04-09 15:41:14.995408+00
tunisieannonce:tunisieannonce_c038767f0ac7,terrain,land,20000.0,TND,Dar Allouche,Jebel Jelloud,TUNIS,219.0,,91.32,36.7667,10.1833,90.0,HIGH,False,2026-04-06 12:24:38.999921+00,2026-04-09 15:41:15.741337+00
tunisieannonce:tunisieannonce_c04e07755fdd,terrain,land,360000.0,TND,Borj Youssef,Jebel Jelloud,TUNIS,1000.0,,360.0,36.7667,10.1833,100.0,HIGH,False,2026-03-29 11:36:22.31533+00,2026-04-09 15:41:13.389512+00
tunisieannonce:tunisieannonce_c08b1815a59c,terrain,land,115000.0,TND,Hammamet,Hammamet,TUNIS,680.0,,169.12,36.4,10.6167,100.0,HIGH,False,2026-03-29 14:48:14.55801+00,2026-04-09 15:41:13.186464+00
tunisieannonce:tunisieannonce_c0be8ccfa51c,terrain,land,450000.0,TND,El Haouaria,El Haouaria,TUNIS,461.0,3.0,976.14,37.0481,11.0189,100.0,HIGH,False,2026-04-01 21:02:22.985649+00,2026-04-09 15:41:13.088921+00
tunisieannonce:tunisieannonce_c0d2ecee14a0,terrain,land,9000.0,TND,Beja,Testour,TUNIS,,,,36.5525,9.4436,55.0,LOW,False,2026-03-31 14:33:09.44505+00,2026-04-09 15:41:12.546639+00
tunisieannonce:tunisieannonce_c120cedfd17a,terrain,land,130000.0,TND,Cite Touristique,Jebel Jelloud,TUNIS,301.0,,431.89,36.7667,10.1833,100.0,HIGH,False,2026-03-31 13:17:33.614228+00,2026-04-09 15:41:13.534401+00
tunisieannonce:tunisieannonce_c163b33fca04,maison,villa,450000.0,TND,Moknine,Moknine,TUNIS,270.0,3.0,1666.67,35.6311,10.9011,100.0,HIGH,False,2026-04-01 22:43:30.257255+00,2026-04-09 15:41:12.551073+00
tunisieannonce:tunisieannonce_c197cb104034,appartement,apartment,150000.0,TND,Bou Mhel,Jebel Jelloud,TUNIS,57.0,1.0,2631.58,36.7667,10.1833,100.0,HIGH,False,2026-03-26 23:28:17.463544+00,2026-04-09 15:41:14.357082+00
tunisieannonce:tunisieannonce_c19f24f3cd53,terrain,land,250000.0,TND,Mornag,Mornag,TUNIS,,1.0,,36.6715,10.258,95.0,HIGH,False,2026-04-02 08:33:13.653216+00,2026-04-09 15:41:14.744042+00
tunisieannonce:tunisieannonce_c1c0354dbc00,appartement,apartment,632000.0,TND,Jardins De Carthage,Carthage,TUNIS,,4.0,,36.8536,10.3256,65.0,GOOD,False,2026-04-06 11:35:02.897736+00,2026-04-09 15:41:11.724881+00
tunisieannonce:tunisieannonce_c1d01f244f0e,maison,villa,860000.0,TND,Hammamet,Hammamet,TUNIS,800.0,2.0,1075.0,36.4,10.6167,100.0,HIGH,False,2026-03-31 13:13:57.547404+00,2026-04-09 15:41:14.259804+00
tunisieannonce:tunisieannonce_c1e705a70abf,terrain,land,140000.0,TND,Borj Touil,Jebel Jelloud,TUNIS,450.0,,311.11,36.7667,10.1833,90.0,HIGH,False,2026-04-06 15:02:07.425949+00,2026-04-09 15:41:13.680226+00
tunisieannonce:tunisieannonce_c1ee2a76764c,terrain,land,147000.0,TND,Ariana,Ariana Ville,TUNIS,210.0,,700.0,36.866011,10.193923,95.0,HIGH,False,2026-03-27 15:59:59.444654+00,2026-04-09 15:41:15.141381+00
tunisieannonce:tunisieannonce_c249e4c94009,maison,villa,320000.0,TND,Enfidha,Enfidha,TUNIS,320.0,2.0,1000.0,36.1353,10.3817,100.0,HIGH,False,2026-03-31 12:28:22.210739+00,2026-04-09 15:41:13.873341+00
tunisieannonce:tunisieannonce_c25f2d2052cd,terrain,land,250000.0,TND,Kairouan Sud,Kairouan Sud,TUNIS,560.0,,446.43,35.6772,10.098,100.0,HIGH,False,2026-04-06 14:15:04.625347+00,2026-04-09 15:41:13.77663+00
tunisieannonce:tunisieannonce_c2d800afa96c,maison,villa,920000.0,TND,Naassen,Jebel Jelloud,TUNIS,,3.0,,36.7667,10.1833,95.0,HIGH,False,2026-04-02 08:47:38.050052+00,2026-04-09 15:41:13.486107+00
tunisieannonce:tunisieannonce_c2dde2ab88e7,terrain,land,1100.0,TND,Sahloul,Jebel Jelloud,TUNIS,303.0,2.0,3.63,36.7667,10.1833,80.0,GOOD,True,2026-04-06 10:25:02.573621+00,2026-04-09 15:41:13.629883+00
tunisieannonce:tunisieannonce_c32234da694e,appartement,apartment,165000.0,TND,Hammam Sousse,Hammam Sousse,TUNIS,88.0,2.0,1875.0,35.8592,10.59,100.0,HIGH,False,2026-04-01 22:18:23.301955+00,2026-04-09 15:41:14.115349+00
tunisieannonce:tunisieannonce_c32addb218b6,terrain,land,121600.0,TND,Akouda,Akouda,TUNIS,304.0,,400.0,35.8667,10.5667,100.0,HIGH,False,2026-04-01 22:46:41.200229+00,2026-04-09 15:41:15.586901+00
tunisieannonce:tunisieannonce_c32e7d59f818,terrain,land,1255.0,TND,Riadh Landlous,Jebel Jelloud,TUNIS,46.0,,27.28,36.7667,10.1833,75.0,GOOD,True,2026-03-29 10:55:09.170973+00,2026-04-09 15:41:11.918528+00
tunisieannonce:tunisieannonce_c385995c38c0,appartement,apartment,395000.0,TND,El Menzah 7,El Menzah,TUNIS,190.0,3.0,2078.95,36.8528,10.1703,100.0,HIGH,False,2026-04-02 08:19:06.400969+00,2026-04-09 15:41:13.138496+00
tunisieannonce:tunisieannonce_c46c59dae716,terrain,land,150000.0,TND,Mnihla,Mnihla,TUNIS,,,,36.8648,10.1021,60.0,GOOD,False,2026-04-06 12:47:17.067868+00,2026-04-09 15:41:15.6838+00
tunisieannonce:tunisieannonce_c4b78e56bcda,appartement,apartment,572000.0,TND,Jardins De Carthage,Carthage,TUNIS,103.0,2.0,5553.4,36.8536,10.3256,100.0,HIGH,False,2026-03-31 15:39:45.987069+00,2026-04-09 15:41:14.551491+00
tunisieannonce:tunisieannonce_c4c72e60befd,terrain,land,320000.0,TND,Ben Arous,Ben Arous,TUNIS,247.0,2.0,1295.55,36.745,10.225,100.0,HIGH,False,2026-03-31 14:35:30.299257+00,2026-04-09 15:41:14.647638+00
tunisieannonce:tunisieannonce_c4da413bfd7d,maison,villa,1240.0,TND,Berge Du Lac,Jebel Jelloud,TUNIS,230.0,2.0,5.39,36.7667,10.1833,90.0,HIGH,True,2026-04-06 10:42:40.850481+00,2026-04-09 15:41:15.092658+00
tunisieannonce:tunisieannonce_c524df88b6b0,appartement,apartment,1500.0,TND,El Kantaoui,Jebel Jelloud,TUNIS,220.0,3.0,6.82,36.7667,10.1833,80.0,GOOD,True,2026-04-06 17:36:15.755165+00,2026-04-09 15:41:14.454876+00
tunisieannonce:tunisieannonce_c5654b64ed75,terrain,land,1200.0,TND,Hedi Chaker,Jebel Jelloud,TUNIS,425.0,,2.82,36.7667,10.1833,75.0,GOOD,True,2026-04-06 11:29:37.105741+00,2026-04-09 15:41:12.653768+00
tunisieannonce:tunisieannonce_c5676ea2d586,appartement,apartment,1.0,TND,El Mourouj,El Mourouj,TUNIS,69.0,2.0,0.01,36.7405,10.2042,90.0,HIGH,True,2026-03-31 14:34:28.606963+00,2026-04-09 15:41:15.838817+00
tunisieannonce:tunisieannonce_c584d1dd4cd5,appartement,apartment,525000.0,TND,Ain Zaghouan,Zaghouan,TUNIS,156.0,2.0,3365.38,36.4025,10.1431,100.0,HIGH,False,2026-03-29 12:00:06.186111+00,2026-04-09 15:41:12.353733+00
tunisieannonce:tunisieannonce_c6564e44fd71,appartement,apartment,475000.0,TND,Cite El Moustakbel (La Marsa),La Marsa,TUNIS,98.0,2.0,4846.94,36.8775,10.3275,100.0,HIGH,False,2026-04-02 06:59:01.104444+00,2026-04-09 15:41:18.025656+00
tunisieannonce:tunisieannonce_c65f566e263a,terrain,land,700000.0,TND,Hammam Sousse Gharbi,Hammam Sousse,TUNIS,320.0,3.0,2187.5,35.8592,10.59,100.0,HIGH,False,2026-03-27 17:54:38.2009+00,2026-04-09 15:41:19.350644+00
tunisieannonce:tunisieannonce_c69e13f270d4,appartement,apartment,200000.0,TND,Cite Ennasr 2,Jebel Jelloud,TUNIS,63.0,1.0,3174.6,36.7667,10.1833,100.0,HIGH,False,2026-04-06 15:07:03.320221+00,2026-04-09 15:41:16.621854+00
tunisieannonce:tunisieannonce_c6c4a612ad06,terrain,land,760000.0,TND,Borj Youssef,Jebel Jelloud,TUNIS,2000.0,,380.0,36.7667,10.1833,100.0,HIGH,False,2026-04-01 21:03:10.401197+00,2026-04-09 15:41:18.761702+00
tunisieannonce:tunisieannonce_c6c568dbb6d4,terrain,land,320000.0,TND,El Aouina,Jebel Jelloud,TUNIS,395.0,2.0,810.13,36.7667,10.1833,100.0,HIGH,False,2026-03-29 10:08:25.453983+00,2026-04-09 15:41:17.009824+00
tunisieannonce:tunisieannonce_c7466d13a606,terrain,land,603200.0,TND,Akouda,Akouda,TUNIS,770.0,,783.38,35.8667,10.5667,100.0,HIGH,False,2026-03-26 23:19:27.844489+00,2026-04-09 15:41:20.184072+00
tunisieannonce:tunisieannonce_c75298b85d9e,terrain,land,70000.0,TND,Fondouk Jedid,Jebel Jelloud,TUNIS,100.0,5.0,700.0,36.7667,10.1833,100.0,HIGH,False,2026-03-29 12:00:15.381769+00,2026-04-09 15:41:16.090106+00
tunisieannonce:tunisieannonce_c7571d8e7be3,terrain,land,44444.0,TND,Ben Arous,Ben Arous,TUNIS,860.0,,51.68,36.745,10.225,85.0,HIGH,False,2026-03-29 11:51:40.322536+00,2026-04-09 15:41:19.941888+00
tunisieannonce:tunisieannonce_c786d9b20328,appartement,apartment,1100.0,TND,El Kantaoui,Jebel Jelloud,TUNIS,296.0,3.0,3.72,36.7667,10.1833,80.0,GOOD,True,2026-04-06 17:45:57.600082+00,2026-04-09 15:41:17.589882+00
tunisieannonce:tunisieannonce_c79a3c410892,terrain,land,1700.0,TND,Le Bardo,Le Bardo,TUNIS,940.0,,1.81,36.8111,10.1364,75.0,GOOD,True,2026-03-31 15:07:59.464666+00,2026-04-09 15:41:17.929697+00
tunisieannonce:tunisieannonce_c85ae82eacce,terrain,land,410000.0,TND,Sousse,Sidi El Heni,TUNIS,115.0,3.0,3565.22,35.6756,10.3106,100.0,HIGH,False,2026-03-31 14:06:53.423847+00,2026-04-09 15:41:16.186968+00
tunisieannonce:tunisieannonce_c875be591ac6,terrain,land,380000.0,TND,Nabeul,Nabeul,TUNIS,156.0,1.0,2435.9,36.4561,10.7358,100.0,HIGH,False,2026-03-29 14:44:49.193491+00,2026-04-09 15:41:19.545308+00
tunisieannonce:tunisieannonce_c886afdadfab,terrain,land,1700.0,TND,Sidi Daoud,Jebel Jelloud,TUNIS,800.0,,2.12,36.7667,10.1833,80.0,GOOD,True,2026-03-29 10:33:03.589543+00,2026-04-09 15:41:19.795716+00
tunisieannonce:tunisieannonce_c8bc3901a02b,maison,villa,430000.0,TND,La Mannouba,Mannouba,TUNIS,280.0,3.0,1535.71,36.8097,10.0928,100.0,HIGH,False,2026-04-06 14:11:00.358762+00,2026-04-09 15:41:20.580999+00
tunisieannonce:tunisieannonce_c8c34db22f52,terrain,land,180000.0,TND,Hammamet,Hammamet,TUNIS,170.0,,1058.82,36.4,10.6167,100.0,HIGH,False,2026-04-01 22:05:59.862025+00,2026-04-09 15:41:16.670755+00
tunisieannonce:tunisieannonce_c8da6d26e7f0,terrain,land,5400.0,TND,Carthage,Carthage,TUNIS,792.0,3.0,6.82,36.8536,10.3256,90.0,HIGH,True,2026-03-29 10:38:21.384643+00,2026-04-09 15:41:19.10047+00
tunisieannonce:tunisieannonce_c8e54a86f8c9,appartement,apartment,300000.0,TND,Cite De La Plage 1,Jebel Jelloud,TUNIS,300.0,3.0,1000.0,36.7667,10.1833,100.0,HIGH,False,2026-03-29 12:01:44.716865+00,2026-04-09 15:41:17.251006+00
tunisieannonce:tunisieannonce_c8f2fe0903cc,terrain,land,656400.0,TND,Ghar El Melh,Ghar El Melh,TUNIS,188.0,,3491.49,37.1458,10.1752,100.0,HIGH,False,2026-04-01 22:42:48.861668+00,2026-04-09 15:41:19.593863+00
tunisieannonce:tunisieannonce_c8f5ce0aad1f,terrain,land,164520.0,TND,Jabbes,Jebel Jelloud,TUNIS,914.0,,180.0,36.7667,10.1833,95.0,HIGH,False,2026-04-06 12:31:13.144496+00,2026-04-09 15:41:17.444018+00
tunisieannonce:tunisieannonce_c93ce59804d3,appartement,apartment,390000.0,TND,El Aouina,Jebel Jelloud,TUNIS,135.0,3.0,2888.89,36.7667,10.1833,100.0,HIGH,False,2026-03-26 23:27:01.786712+00,2026-04-09 15:41:17.106849+00
tunisieannonce:tunisieannonce_c96308696bfe,maison,villa,870000.0,TND,Hammamet,Hammamet,TUNIS,2026.0,2.0,429.42,36.4,10.6167,100.0,HIGH,False,2026-03-29 11:33:16.05949+00,2026-04-09 15:41:16.864928+00
tunisieannonce:tunisieannonce_c9a47cb156ad,terrain,land,182500.0,TND,La Mannouba,Mannouba,TUNIS,146.0,1.0,1250.0,36.8097,10.0928,100.0,HIGH,False,2026-03-26 16:08:07.288026+00,2026-04-09 15:41:16.138862+00
tunisieannonce:tunisieannonce_c9ad145e05e6,appartement,apartment,370000.0,TND,Cite Ennasr 2,Jebel Jelloud,TUNIS,150.0,3.0,2466.67,36.7667,10.1833,100.0,HIGH,False,2026-03-29 12:00:24.862819+00,2026-04-09 15:41:16.91263+00
tunisieannonce:tunisieannonce_ca089202e44a,appartement,apartment,125000.0,TND,Hammamet,Hammamet,TUNIS,600.0,2.0,208.33,36.4,10.6167,100.0,HIGH,False,2026-03-31 12:30:48.525605+00,2026-04-09 15:41:17.977201+00
tunisieannonce:tunisieannonce_ca5842042a5b,maison,villa,115000.0,TND,Rades,Rades,TUNIS,70.0,2.0,1642.86,36.7782,10.2815,100.0,HIGH,False,2026-04-02 09:52:25.340471+00,2026-04-09 15:41:20.232434+00
tunisieannonce:tunisieannonce_cb61c13e97ec,maison,villa,200000.0,TND,Monfleury,Jebel Jelloud,TUNIS,114.0,3.0,1754.39,36.7667,10.1833,100.0,HIGH,False,2026-04-06 17:40:41.67096+00,2026-04-09 15:41:17.348945+00
tunisieannonce:tunisieannonce_cba130ad6cc9,terrain,land,225000.0,TND,Ariana,Ariana Ville,TUNIS,217.0,4.0,1036.87,36.866011,10.193923,100.0,HIGH,False,2026-03-29 11:42:27.215301+00,2026-04-09 15:41:16.42781+00
tunisieannonce:tunisieannonce_cc4579f3bd79,maison,villa,1150.0,TND,Ariana,Ariana Ville,TUNIS,150.0,,7.67,36.866011,10.193923,80.0,GOOD,True,2026-04-02 09:22:21.130495+00,2026-04-09 15:41:18.955152+00
tunisieannonce:tunisieannonce_cc5b9822c8c7,terrain,land,6750.0,TND,Mejez El Bab,Mejez El Bab,TUNIS,,,,36.6492,9.6108,55.0,LOW,False,2026-04-01 20:59:47.41063+00,2026-04-09 15:41:15.988836+00
tunisieannonce:tunisieannonce_cd38b5a8dfe1,terrain,land,620000.0,TND,El Menzah 5,El Menzah,TUNIS,250.0,3.0,2480.0,36.8528,10.1703,100.0,HIGH,False,2026-03-26 23:09:24.011702+00,2026-04-09 15:41:22.96219+00
tunisieannonce:tunisieannonce_cd3d1164d787,terrain,land,128000.0,TND,Chatt Meriem,Jebel Jelloud,TUNIS,596.0,,214.77,36.7667,10.1833,100.0,HIGH,False,2026-03-29 10:15:00.223334+00,2026-04-09 15:41:24.220395+00
tunisieannonce:tunisieannonce_cd811699453f,terrain,land,125000.0,TND,Chatt Meriem,Jebel Jelloud,TUNIS,500.0,,250.0,36.7667,10.1833,100.0,HIGH,False,2026-04-01 22:04:32.750198+00,2026-04-09 15:41:24.994269+00
tunisieannonce:tunisieannonce_ce4347710539,appartement,apartment,388000.0,TND,Jardins De Carthage,Carthage,TUNIS,70.0,1.0,5542.86,36.8536,10.3256,100.0,HIGH,False,2026-04-02 06:57:04.145043+00,2026-04-09 15:41:23.494794+00
tunisieannonce:tunisieannonce_ce5e17b5c70c,terrain,land,320000.0,TND,Dar Allouche,Jebel Jelloud,TUNIS,,,,36.7667,10.1833,60.0,GOOD,False,2026-04-06 12:24:48.613938+00,2026-04-09 15:41:24.075584+00
tunisieannonce:tunisieannonce_cee19a119575,terrain,land,231000.0,TND,Borj Cedria,Jebel Jelloud,TUNIS,420.0,,550.0,36.7667,10.1833,100.0,HIGH,False,2026-03-26 16:08:17.333443+00,2026-04-09 15:41:25.043271+00
tunisieannonce:tunisieannonce_cee2df0ea2de,terrain,land,780000.0,TND,Chaabet El Mrezga,Jebel Jelloud,TUNIS,204.0,3.0,3823.53,36.7667,10.1833,95.0,HIGH,False,2026-04-06 14:19:05.95993+00,2026-04-09 15:41:21.549115+00
tunisieannonce:tunisieannonce_cf104f053646,terrain,land,230000.0,TND,Dar Fadhal,Jebel Jelloud,TUNIS,378.0,,608.47,36.7667,10.1833,100.0,HIGH,False,2026-03-31 13:25:32.877325+00,2026-04-09 15:41:21.354539+00
tunisieannonce:tunisieannonce_cf1ca85c26d7,maison,villa,900000.0,TND,Kelibia,Kelibia,TUNIS,328.0,2.0,2743.9,36.8472,11.0944,100.0,HIGH,False,2026-03-26 23:27:19.965292+00,2026-04-09 15:41:24.753165+00
tunisieannonce:tunisieannonce_cf30dfb96af1,terrain,land,823200.0,TND,Ariana,Ariana Ville,TUNIS,784.0,,1050.0,36.866011,10.193923,100.0,HIGH,False,2026-04-06 12:06:19.248971+00,2026-04-09 15:41:22.273646+00
tunisieannonce:tunisieannonce_cf3b344010cf,appartement,apartment,220000.0,TND,El Mourouj,El Mourouj,TUNIS,88.0,2.0,2500.0,36.7405,10.2042,100.0,HIGH,False,2026-03-31 12:56:06.799909+00,2026-04-09 15:41:21.452411+00
tunisieannonce:tunisieannonce_cf56e6e49700,appartement,apartment,250000.0,TND,Ezzahra,Ezzahra,TUNIS,120.0,3.0,2083.33,36.743,10.308,100.0,HIGH,False,2026-03-29 12:27:30.194897+00,2026-04-09 15:41:22.517113+00
tunisieannonce:tunisieannonce_cf584c21a69e,appartement,apartment,255000.0,TND,Chouchet Rades,Rades,TUNIS,81.0,2.0,3148.15,36.7782,10.2815,100.0,HIGH,False,2026-04-06 17:33:18.684213+00,2026-04-09 15:41:21.743714+00
tunisieannonce:tunisieannonce_cf7f8185fc2d,appartement,apartment,650000.0,TND,Hammam Sousse,Hammam Sousse,TUNIS,600.0,2.0,1083.33,35.8592,10.59,100.0,HIGH,False,2026-03-26 23:38:46.497912+00,2026-04-09 15:41:21.403053+00
tunisieannonce:tunisieannonce_cf9455c75a33,terrain,land,420000.0,TND,Hammam Sousse,Hammam Sousse,TUNIS,350.0,,1200.0,35.8592,10.59,95.0,HIGH,False,2026-03-31 15:53:07.919323+00,2026-04-09 15:41:25.091667+00
tunisieannonce:tunisieannonce_cfa89707e361,maison,villa,360000.0,TND,Maakel Ezza¤M,Jebel Jelloud,TUNIS,142.0,3.0,2535.21,36.7667,10.1833,100.0,HIGH,False,2026-03-29 12:36:27.307886+00,2026-04-09 15:41:22.709521+00
tunisieannonce:tunisieannonce_cffb93775ca9,maison,villa,405000.0,TND,La Soukra,La Soukra,TUNIS,93.0,2.0,4354.84,36.885212,10.245301,100.0,HIGH,False,2026-03-31 15:30:20.251082+00,2026-04-09 15:41:22.130286+00
tunisieannonce:tunisieannonce_d08332be323b,terrain,land,244120.0,TND,Borj Louzir,Jebel Jelloud,TUNIS,300.0,,813.73,36.7667,10.1833,100.0,HIGH,False,2026-04-02 09:19:21.463617+00,2026-04-09 15:41:24.704343+00
tunisieannonce:tunisieannonce_d0b6abc66c02,terrain,land,7332.0,TND,Cite Ennasr 2,Jebel Jelloud,TUNIS,,,,36.7667,10.1833,60.0,GOOD,False,2026-04-01 22:33:06.364556+00,2026-04-09 15:41:24.946158+00
tunisieannonce:tunisieannonce_d0ebe66a1b58,maison,villa,1790.0,TND,Mutuelle Ville,Jebel Jelloud,TUNIS,568.0,3.0,3.15,36.7667,10.1833,80.0,GOOD,True,2026-04-06 12:21:08.60174+00,2026-04-09 15:41:24.413848+00
tunisieannonce:tunisieannonce_d0fd8086fdeb,appartement,apartment,135000.0,TND,Cite Ettaamir,Jebel Jelloud,TUNIS,115.0,3.0,1173.91,36.7667,10.1833,100.0,HIGH,False,2026-04-06 17:30:18.671149+00,2026-04-09 15:41:24.898092+00
tunisieannonce:tunisieannonce_d169429fab3e,appartement,apartment,340000.0,TND,El Aouina,Jebel Jelloud,TUNIS,154.0,1.0,2207.79,36.7667,10.1833,100.0,HIGH,False,2026-03-31 15:09:02.304496+00,2026-04-09 15:41:22.612104+00
tunisieannonce:tunisieannonce_d17d710bdd39,maison,villa,240000.0,TND,Raoued,Raoued,TUNIS,300.0,,800.0,36.908,10.2,85.0,HIGH,False,2026-04-06 12:18:50.050989+00,2026-04-09 15:41:21.646528+00
tunisieannonce:tunisieannonce_d1987d53c08b,terrain,land,160000.0,TND,Ariana,Ariana Ville,TUNIS,400.0,,400.0,36.866011,10.193923,100.0,HIGH,False,2026-04-06 12:24:26.709162+00,2026-04-09 15:41:21.161619+00
tunisieannonce:tunisieannonce_d23b38f36e34,appartement,apartment,950000.0,TND,Jardins De Carthage,Carthage,TUNIS,184.0,1.0,5163.04,36.8536,10.3256,100.0,HIGH,False,2026-04-06 15:20:47.679403+00,2026-04-09 15:41:23.929931+00
tunisieannonce:tunisieannonce_d293424f2d34,terrain,land,750000.0,TND,Hammamet,Hammamet,TUNIS,500.0,,1500.0,36.4,10.6167,90.0,HIGH,False,2026-04-06 17:27:55.119628+00,2026-04-09 15:41:24.656303+00
tunisieannonce:tunisieannonce_d2c0829fd5ee,appartement,apartment,538118.0,TND,El Kantaoui,Jebel Jelloud,TUNIS,113.0,3.0,4762.11,36.7667,10.1833,100.0,HIGH,False,2026-03-27 18:04:44.553765+00,2026-04-09 15:41:22.758548+00
tunisieannonce:tunisieannonce_d309dc69cec0,terrain,land,100000.0,TND,Chatt Meriem,Jebel Jelloud,TUNIS,211.0,,473.93,36.7667,10.1833,100.0,HIGH,False,2026-04-01 22:17:48.892394+00,2026-04-09 15:41:22.469031+00
tunisieannonce:tunisieannonce_d31d8ce95a85,terrain,land,1350.0,TND,Gammart,Jebel Jelloud,TUNIS,500.0,,2.7,36.7667,10.1833,80.0,GOOD,True,2026-04-01 22:24:29.373111+00,2026-04-09 15:41:25.246429+00
tunisieannonce:tunisieannonce_d3b54964c1cb,terrain,land,7200.0,TND,Raoued,Raoued,TUNIS,80.0,,90.0,36.908,10.2,90.0,HIGH,False,2026-03-26 23:26:16.859732+00,2026-04-09 15:41:22.85551+00
tunisieannonce:tunisieannonce_d3b769365efa,terrain,land,2250.0,TND,Chotrana 1,Jebel Jelloud,TUNIS,,,,36.7667,10.1833,40.0,LOW,True,2026-03-29 14:47:52.49122+00,2026-04-09 15:41:21.500788+00
tunisieannonce:tunisieannonce_d3c19b04635d,terrain,land,300000.0,TND,Sidi Bou Ali,Sidi Bou Ali,TUNIS,252.0,,1190.48,35.9833,10.4667,100.0,HIGH,False,2026-03-29 10:26:59.541616+00,2026-04-09 15:41:22.226158+00
tunisieannonce:tunisieannonce_d41a262f02a2,terrain,land,835000.0,TND,Chotrana 1,Jebel Jelloud,TUNIS,810.0,2.0,1030.86,36.7667,10.1833,100.0,HIGH,False,2026-04-01 21:19:37.540754+00,2026-04-09 15:41:24.462312+00
tunisieannonce:tunisieannonce_d43b669b41a8,terrain,land,257600.0,TND,Cite El Ghazala 1,Jebel Jelloud,TUNIS,644.0,,400.0,36.7667,10.1833,95.0,HIGH,False,2026-04-06 15:22:34.258056+00,2026-04-09 15:41:24.123655+00
tunisieannonce:tunisieannonce_d5062918e147,terrain,land,900000.0,TND,Ezzahra,Ezzahra,TUNIS,410.0,4.0,2195.12,36.743,10.308,100.0,HIGH,False,2026-04-02 08:56:32.224965+00,2026-04-09 15:41:20.968726+00
tunisieannonce:tunisieannonce_d506fad0fc56,maison,villa,540000.0,TND,El Aouina,Jebel Jelloud,TUNIS,186.0,2.0,2903.23,36.7667,10.1833,100.0,HIGH,False,2026-04-01 22:57:21.728209+00,2026-04-09 15:41:22.807694+00
tunisieannonce:tunisieannonce_d5324447ff0e,terrain,land,2900.0,TND,Cite Jardins,Jebel Jelloud,TUNIS,750.0,1.0,3.87,36.7667,10.1833,90.0,HIGH,True,2026-03-26 23:47:48.243912+00,2026-04-09 15:41:21.984316+00
tunisieannonce:tunisieannonce_d56ff8fc3ecc,terrain,land,735500.0,TND,La Soukra,La Soukra,TUNIS,685.0,2.0,1073.72,36.885212,10.245301,100.0,HIGH,False,2026-03-29 11:32:35.937248+00,2026-04-09 15:41:23.348923+00
tunisieannonce:tunisieannonce_d57ef64a9b76,terrain,land,1240.0,TND,Sidi Daoud,Jebel Jelloud,TUNIS,32.0,,38.75,36.7667,10.1833,80.0,GOOD,True,2026-03-27 17:55:37.488755+00,2026-04-09 15:41:24.316437+00
tunisieannonce:tunisieannonce_d5904fde4f46,terrain,land,547000.0,TND,El Menzah 9,El Menzah,TUNIS,365.0,,1498.63,36.8528,10.1703,100.0,HIGH,False,2026-04-01 22:38:11.447987+00,2026-04-09 15:41:24.800881+00
tunisieannonce:tunisieannonce_d5cf927c3a14,appartement,apartment,120000.0,TND,El Mourouj,El Mourouj,TUNIS,80.0,2.0,1500.0,36.7405,10.2042,100.0,HIGH,False,2026-03-31 13:59:39.329774+00,2026-04-09 15:41:23.833145+00
tunisieannonce:tunisieannonce_d60634c5ef5d,terrain,land,330000.0,TND,La Soukra,La Soukra,TUNIS,220.0,2.0,1500.0,36.885212,10.245301,100.0,HIGH,False,2026-04-06 12:00:56.990221+00,2026-04-09 15:41:21.887665+00
tunisieannonce:tunisieannonce_d63e28d0f029,appartement,apartment,510000.0,TND,Cite Ennasr 2,Jebel Jelloud,TUNIS,176.0,3.0,2897.73,36.7667,10.1833,100.0,HIGH,False,2026-03-26 23:09:03.395619+00,2026-04-09 15:41:20.920045+00
tunisieannonce:tunisieannonce_d67ac8436b5a,appartement,apartment,395000.0,TND,Cite Ennasr 2,Jebel Jelloud,TUNIS,155.0,3.0,2548.39,36.7667,10.1833,100.0,HIGH,False,2026-03-29 12:38:32.557662+00,2026-04-09 15:41:21.935629+00
tunisieannonce:tunisieannonce_d6ebc778c5e1,appartement,apartment,240000.0,TND,Ezzahra,Ezzahra,TUNIS,92.0,3.0,2608.7,36.743,10.308,100.0,HIGH,False,2026-04-01 21:23:52.382272+00,2026-04-09 15:41:24.509918+00
tunisieannonce:tunisieannonce_d7068e9d57ed,terrain,land,65000.0,TND,Hammamet,Hammamet,TUNIS,400.0,,162.5,36.4,10.6167,100.0,HIGH,False,2026-03-29 12:09:03.314953+00,2026-04-09 15:41:26.437165+00
tunisieannonce:tunisieannonce_d71c7dc2083c,maison,villa,140000.0,TND,Moknine,Moknine,TUNIS,200.0,,700.0,35.6311,10.9011,100.0,HIGH,False,2026-03-29 11:22:00.316816+00,2026-04-09 15:41:27.665019+00
tunisieannonce:tunisieannonce_d7333a5f57cb,terrain,land,265500.0,TND,El Kantaoui,Jebel Jelloud,TUNIS,590.0,,450.0,36.7667,10.1833,100.0,HIGH,False,2026-03-31 12:46:28.073344+00,2026-04-09 15:41:29.583507+00
tunisieannonce:tunisieannonce_d773249bfd01,terrain,land,2300.0,TND,Bir Mcherga Gare,Bir Mcherga,TUNIS,2000.0,,1.15,36.5167,10.0,85.0,HIGH,True,2026-03-26 16:32:30.543629+00,2026-04-09 15:41:28.343598+00
tunisieannonce:tunisieannonce_d77376259aa8,terrain,land,1600.0,TND,Sousse Riadh,Sousse Riadh,TUNIS,728.0,,2.2,35.8269,10.63,80.0,GOOD,True,2026-03-31 16:00:44.276726+00,2026-04-09 15:41:27.908685+00
tunisieannonce:tunisieannonce_d7ed8783ecbe,terrain,land,3000.0,TND,El Kantaoui,Jebel Jelloud,TUNIS,1000.0,1.0,3.0,36.7667,10.1833,90.0,HIGH,True,2026-04-01 21:54:07.898146+00,2026-04-09 15:41:28.556103+00
tunisieannonce:tunisieannonce_d7f1b500cdae,appartement,apartment,135000.0,TND,Village Mediterranee,Jebel Jelloud,TUNIS,80.0,2.0,1687.5,36.7667,10.1833,100.0,HIGH,False,2026-04-02 09:52:15.877464+00,2026-04-09 15:41:28.755162+00
tunisieannonce:tunisieannonce_d812e8a03d1d,terrain,land,290000.0,TND,Chatt Meriem,Jebel Jelloud,TUNIS,604.0,,480.13,36.7667,10.1833,100.0,HIGH,False,2026-03-31 15:34:41.954761+00,2026-04-09 15:41:28.653159+00
tunisieannonce:tunisieannonce_d81cd9dfdf75,terrain,land,636000.0,TND,Ariana,Ariana Ville,TUNIS,684.0,,929.82,36.866011,10.193923,100.0,HIGH,False,2026-04-01 22:34:21.979045+00,2026-04-09 15:41:28.052313+00
tunisieannonce:tunisieannonce_d82f1a97da72,maison,villa,870000.0,TND,Hammamet,Hammamet,TUNIS,2026.0,,429.42,36.4,10.6167,100.0,HIGH,False,2026-04-02 08:48:12.738671+00,2026-04-09 15:41:28.85727+00
tunisieannonce:tunisieannonce_d83ea51c8d09,terrain,land,164700.0,TND,Chatt Meriem,Jebel Jelloud,TUNIS,353.0,,466.57,36.7667,10.1833,100.0,HIGH,False,2026-04-01 22:50:31.097089+00,2026-04-09 15:41:26.581888+00
tunisieannonce:tunisieannonce_d87639cb1be8,terrain,land,15000.0,TND,Mejez El Bab,Mejez El Bab,TUNIS,,,,36.6492,9.6108,55.0,LOW,False,2026-04-01 20:50:43.476814+00,2026-04-09 15:41:25.739685+00
tunisieannonce:tunisieannonce_d8cbc646dc3c,terrain,land,170000.0,TND,Soliman,Soliman,TUNIS,10.0,,17000.0,36.7,10.4833,75.0,GOOD,True,2026-03-29 10:22:51.293715+00,2026-04-09 15:41:26.829339+00
tunisieannonce:tunisieannonce_d8d3f2b412ab,terrain,land,738500.0,TND,Borj Touil,Jebel Jelloud,TUNIS,211.0,,3500.0,36.7667,10.1833,95.0,HIGH,False,2026-04-06 12:32:19.301671+00,2026-04-09 15:41:26.291739+00
tunisieannonce:tunisieannonce_d8ea40350ec5,terrain,land,215000.0,TND,Mornaguia,Mornaguia,TUNIS,300.0,,716.67,36.7833,9.95,100.0,HIGH,False,2026-03-29 11:58:54.491697+00,2026-04-09 15:41:26.002781+00
tunisieannonce:tunisieannonce_d9111200f681,appartement,apartment,156000.0,TND,Borj Cedria,Jebel Jelloud,TUNIS,82.0,2.0,1902.44,36.7667,10.1833,100.0,HIGH,False,2026-04-06 15:22:14.14443+00,2026-04-09 15:41:27.858759+00
tunisieannonce:tunisieannonce_d9e5f908e148,appartement,apartment,170000.0,TND,El Mourouj,El Mourouj,TUNIS,100.0,2.0,1700.0,36.7405,10.2042,100.0,HIGH,False,2026-04-01 21:10:03.682139+00,2026-04-09 15:41:28.459378+00
tunisieannonce:tunisieannonce_da03e7286e64,terrain,land,1240.0,TND,Sidi Daoud,Jebel Jelloud,TUNIS,32.0,,38.75,36.7667,10.1833,80.0,GOOD,True,2026-03-31 14:56:29.463517+00,2026-04-09 15:41:29.388709+00
tunisieannonce:tunisieannonce_da3a9a7b80b9,terrain,land,4500.0,TND,El Menzah 6,El Menzah,TUNIS,300.0,2.0,15.0,36.8528,10.1703,90.0,HIGH,True,2026-04-06 10:48:18.369828+00,2026-04-09 15:41:29.631293+00
tunisieannonce:tunisieannonce_da94e139395d,maison,villa,498000.0,TND,Mahdia Hiboun,Mahdia,TUNIS,118.0,4.0,4220.34,35.5044,11.0567,100.0,HIGH,False,2026-03-29 12:34:34.184342+00,2026-04-09 15:41:28.247217+00
tunisieannonce:tunisieannonce_dabc1eb2d660,appartement,apartment,473000.0,TND,Ain Zaghouan,Zaghouan,TUNIS,132.0,2.0,3583.33,36.4025,10.1431,100.0,HIGH,False,2026-03-29 10:19:34.134024+00,2026-04-09 15:41:26.098085+00
tunisieannonce:tunisieannonce_dad3cf08a511,appartement,apartment,260000.0,TND,Chotrana 1,Jebel Jelloud,TUNIS,56.0,1.0,4642.86,36.7667,10.1833,100.0,HIGH,False,2026-04-06 10:24:18.361914+00,2026-04-09 15:41:29.436647+00
tunisieannonce:tunisieannonce_db359af98363,terrain,land,410000.0,TND,Raoued,Raoued,TUNIS,570.0,,719.3,36.908,10.2,100.0,HIGH,False,2026-04-06 17:44:25.228609+00,2026-04-09 15:41:25.448729+00
tunisieannonce:tunisieannonce_dc1e390cc57e,maison,villa,370000.0,TND,El Mourouj,El Mourouj,TUNIS,100.0,2.0,3700.0,36.7405,10.2042,100.0,HIGH,False,2026-03-31 12:56:46.465785+00,2026-04-09 15:41:27.811942+00
tunisieannonce:tunisieannonce_dc4d1b378189,terrain,land,120000.0,TND,Hammamet,Hammamet,TUNIS,600.0,,200.0,36.4,10.6167,100.0,HIGH,False,2026-03-27 18:10:34.087096+00,2026-04-09 15:41:26.98869+00
tunisieannonce:tunisieannonce_dc789e1e9e7d,terrain,land,1350.0,TND,El Menzah 9,El Menzah,TUNIS,622.0,3.0,2.17,36.8528,10.1703,90.0,HIGH,True,2026-04-01 22:57:42.14362+00,2026-04-09 15:41:29.921637+00
tunisieannonce:tunisieannonce_dcf9cd7dea90,terrain,land,78000.0,TND,Hammamet,Hammamet,TUNIS,500.0,,156.0,36.4,10.6167,100.0,HIGH,False,2026-03-31 13:07:09.007168+00,2026-04-09 15:41:29.147109+00
tunisieannonce:tunisieannonce_dd073c31419d,appartement,apartment,350000.0,TND,Hammamet,Hammamet,TUNIS,100.0,2.0,3500.0,36.4,10.6167,100.0,HIGH,False,2026-04-06 11:31:11.889516+00,2026-04-09 15:41:25.691911+00
tunisieannonce:tunisieannonce_dd485185e789,terrain,land,460000.0,TND,Douar Hicher,Douar Hicher,TUNIS,200.0,,2300.0,36.8333,10.0667,95.0,HIGH,False,2026-04-06 10:47:26.038424+00,2026-04-09 15:41:26.88198+00
tunisieannonce:tunisieannonce_dd80263a4d56,appartement,apartment,180000.0,TND,Ariana,Ariana Ville,TUNIS,133.0,3.0,1353.38,36.866011,10.193923,100.0,HIGH,False,2026-04-02 09:48:35.853408+00,2026-04-09 15:41:25.497932+00
tunisieannonce:tunisieannonce_dda2ad61515f,terrain,land,700000.0,TND,Kalaa El Kebira,Kalaa El Kebira,TUNIS,315.0,2.0,2222.22,35.8697,10.5544,100.0,HIGH,False,2026-03-31 12:25:13.81995+00,2026-04-09 15:41:29.243943+00
tunisieannonce:tunisieannonce_dde374b82344,terrain,land,90000.0,TND,Chatt Meriem,Jebel Jelloud,TUNIS,905.0,,99.45,36.7667,10.1833,90.0,HIGH,False,2026-04-01 22:34:12.860164+00,2026-04-09 15:41:25.545592+00
tunisieannonce:tunisieannonce_dde91a616e46,terrain,land,350000.0,TND,Kalaa El Kebira,Kalaa El Kebira,TUNIS,160.0,2.0,2187.5,35.8697,10.5544,100.0,HIGH,False,2026-03-31 13:29:44.785993+00,2026-04-09 15:41:28.702131+00
tunisieannonce:tunisieannonce_de0b414db052,terrain,land,400000.0,TND,Bou Arada,Bou Arada,TUNIS,,,,36.3333,9.6333,55.0,LOW,False,2026-04-02 09:44:32.279544+00,2026-04-09 15:41:25.943944+00
tunisieannonce:tunisieannonce_de29fa30e289,terrain,land,1891.0,TND,Cite Jardins,Jebel Jelloud,TUNIS,609.0,,3.11,36.7667,10.1833,80.0,GOOD,True,2026-04-01 22:28:04.867974+00,2026-04-09 15:41:28.953445+00
tunisieannonce:tunisieannonce_de48fa944175,terrain,land,750000.0,TND,Hammamet,Hammamet,TUNIS,300.0,2.0,2500.0,36.4,10.6167,100.0,HIGH,False,2026-04-06 11:30:08.711932+00,2026-04-09 15:41:29.874066+00
tunisieannonce:tunisieannonce_de61e4d077e3,appartement,apartment,155000.0,TND,El Aouina,Jebel Jelloud,TUNIS,54.0,5.0,2870.37,36.7667,10.1833,100.0,HIGH,False,2026-03-27 17:49:34.903471+00,2026-04-09 15:41:28.294273+00
tunisieannonce:tunisieannonce_de7b89f31f6f,maison,villa,130000.0,TND,Sfax,Agareb,TUNIS,430.0,1.0,302.33,34.7392,10.5258,100.0,HIGH,False,2026-04-01 20:58:23.634745+00,2026-04-09 15:41:28.809121+00
tunisieannonce:tunisieannonce_de928394dda1,appartement,apartment,170000.0,TND,Republique,Jebel Jelloud,TUNIS,55.0,1.0,3090.91,36.7667,10.1833,100.0,HIGH,False,2026-04-06 17:49:44.667902+00,2026-04-09 15:41:25.89499+00
tunisieannonce:tunisieannonce_ded729bc311d,terrain,land,2000.0,TND,Naassen,Jebel Jelloud,TUNIS,,,,36.7667,10.1833,35.0,LOW,True,2026-04-06 17:24:43.661741+00,2026-04-09 15:41:32.130102+00
tunisieannonce:tunisieannonce_dee741a67962,maison,villa,135000.0,TND,Ben Arous,Ben Arous,TUNIS,150.0,2.0,900.0,36.745,10.225,100.0,HIGH,False,2026-03-31 13:16:53.370787+00,2026-04-09 15:41:30.260618+00
tunisieannonce:tunisieannonce_df13b744c84f,terrain,land,90000.0,TND,Mejez El Bab,Mejez El Bab,TUNIS,,,,36.6492,9.6108,55.0,LOW,False,2026-03-29 11:21:51.029107+00,2026-04-09 15:41:31.645813+00
tunisieannonce:tunisieannonce_df29b5c0b146,terrain,land,170000.0,TND,Sidi Salah,Jebel Jelloud,TUNIS,225.0,,755.56,36.7667,10.1833,100.0,HIGH,False,2026-04-06 10:52:07.652763+00,2026-04-09 15:41:30.357646+00
tunisieannonce:tunisieannonce_df6153f5ffbe,terrain,land,144000.0,TND,Beni Khalled,Beni Khalled,TUNIS,659.0,,218.51,36.65,10.5833,100.0,HIGH,False,2026-03-26 23:43:58.031072+00,2026-04-09 15:41:33.950106+00
tunisieannonce:tunisieannonce_dfad4edd7316,appartement,apartment,350000.0,TND,Khezama Ouest,Jebel Jelloud,TUNIS,180.0,3.0,1944.44,36.7667,10.1833,100.0,HIGH,False,2026-03-26 23:41:30.443039+00,2026-04-09 15:41:30.802809+00
tunisieannonce:tunisieannonce_e05518a34705,terrain,land,280000.0,TND,Ariana,Ariana Ville,TUNIS,428.0,6.0,654.21,36.866011,10.193923,100.0,HIGH,False,2026-03-27 16:07:20.506356+00,2026-04-09 15:41:31.596787+00
tunisieannonce:tunisieannonce_e0eeeb56bbfd,maison,villa,75000.0,TND,Dar Allouche,Jebel Jelloud,TUNIS,230.0,2.0,326.09,36.7667,10.1833,100.0,HIGH,False,2026-03-26 15:54:33.958511+00,2026-04-09 15:41:31.54959+00
tunisieannonce:tunisieannonce_e15a63fc850f,terrain,land,290000.0,TND,Ouled Amor,Jebel Jelloud,TUNIS,905.0,,320.44,36.7667,10.1833,100.0,HIGH,False,2026-03-31 14:52:56.96719+00,2026-04-09 15:41:30.555738+00
tunisieannonce:tunisieannonce_e15bc3b8ade9,appartement,apartment,580000.0,TND,El Kantaoui,Jebel Jelloud,TUNIS,139.0,2.0,4172.66,36.7667,10.1833,100.0,HIGH,False,2026-03-29 14:44:56.961611+00,2026-04-09 15:41:30.115565+00
tunisieannonce:tunisieannonce_e162b8600fa8,terrain,land,181000.0,TND,Soliman,Soliman,TUNIS,377.0,,480.11,36.7,10.4833,100.0,HIGH,False,2026-03-26 15:49:45.192504+00,2026-04-09 15:41:34.095973+00
tunisieannonce:tunisieannonce_e1ca89dec6b8,appartement,apartment,210000.0,TND,Nouvelle Medina,Nouvelle Medina,TUNIS,75.0,2.0,2800.0,36.75,10.23,100.0,HIGH,False,2026-03-31 14:07:24.931348+00,2026-04-09 15:41:33.853537+00
tunisieannonce:tunisieannonce_e24c775a4e42,appartement,apartment,1300.0,TND,Berge Du Lac,Jebel Jelloud,TUNIS,,3.0,,36.7667,10.1833,75.0,GOOD,True,2026-04-02 09:02:18.041689+00,2026-04-09 15:41:34.628561+00
tunisieannonce:tunisieannonce_e29f963afe37,terrain,land,198365.0,TND,Soliman,Soliman,TUNIS,409.0,,485.0,36.7,10.4833,100.0,HIGH,False,2026-03-26 16:18:58.239775+00,2026-04-09 15:41:32.565902+00
tunisieannonce:tunisieannonce_e2b0dcdf9dd0,terrain,land,400000.0,TND,Rades Meliane,Rades,TUNIS,220.0,2.0,1818.18,36.7782,10.2815,100.0,HIGH,False,2026-03-29 10:46:35.779774+00,2026-04-09 15:41:32.323188+00
tunisieannonce:tunisieannonce_e2d4bb6364c1,terrain,land,468000.0,TND,Hammamet,Hammamet,TUNIS,468.0,,1000.0,36.4,10.6167,90.0,HIGH,False,2026-04-06 14:56:12.746124+00,2026-04-09 15:41:32.468893+00
tunisieannonce:tunisieannonce_e2e186d39c86,terrain,land,99840.0,TND,Bou Mhel,Jebel Jelloud,TUNIS,312.0,,320.0,36.7667,10.1833,95.0,HIGH,False,2026-04-02 08:59:47.799878+00,2026-04-09 15:41:30.212203+00
tunisieannonce:tunisieannonce_e2edd43f3c8d,terrain,land,350000.0,TND,Cite Touristique,Jebel Jelloud,TUNIS,260.0,3.0,1346.15,36.7667,10.1833,100.0,HIGH,False,2026-03-29 11:18:58.699387+00,2026-04-09 15:41:34.724805+00
tunisieannonce:tunisieannonce_e307d451eeb5,appartement,apartment,250000.0,TND,Hammam Chatt,Hammam Chatt,TUNIS,129.0,2.0,1937.98,36.7036,10.3625,100.0,HIGH,False,2026-04-02 09:13:28.28841+00,2026-04-09 15:41:33.70856+00
tunisieannonce:tunisieannonce_e30f4d75a162,maison,villa,235000.0,TND,El Mourouj,El Mourouj,TUNIS,101.0,2.0,2326.73,36.7405,10.2042,100.0,HIGH,False,2026-04-06 17:34:55.142767+00,2026-04-09 15:41:30.30893+00
tunisieannonce:tunisieannonce_e3154f7cb07e,appartement,apartment,350000.0,TND,El Aouina,Jebel Jelloud,TUNIS,154.0,4.0,2272.73,36.7667,10.1833,100.0,HIGH,False,2026-04-06 15:06:49.793407+00,2026-04-09 15:41:32.813485+00
tunisieannonce:tunisieannonce_e3b4e621074e,terrain,land,227600.0,TND,Chatt Meriem,Jebel Jelloud,TUNIS,569.0,,400.0,36.7667,10.1833,100.0,HIGH,False,2026-04-02 08:42:01.207423+00,2026-04-09 15:41:33.805369+00
tunisieannonce:tunisieannonce_e400817e88bf,appartement,apartment,170000.0,TND,El Mourouj,El Mourouj,TUNIS,63.0,2.0,2698.41,36.7405,10.2042,100.0,HIGH,False,2026-03-29 10:18:04.903964+00,2026-04-09 15:41:31.500929+00
tunisieannonce:tunisieannonce_e40c70e05642,appartement,apartment,297000.0,TND,El Aouina,Jebel Jelloud,TUNIS,118.0,2.0,2516.95,36.7667,10.1833,100.0,HIGH,False,2026-03-29 12:07:40.918467+00,2026-04-09 15:41:32.759037+00
tunisieannonce:tunisieannonce_e435486a26a2,appartement,apartment,215000.0,TND,Le Bardo,Le Bardo,TUNIS,105.0,5.0,2047.62,36.8111,10.1364,100.0,HIGH,False,2026-04-02 09:10:33.383901+00,2026-04-09 15:41:31.693965+00
tunisieannonce:tunisieannonce_e43816d9935c,terrain,land,650000.0,TND,Hammamet,Hammamet,TUNIS,220.0,2.0,2954.55,36.4,10.6167,100.0,HIGH,False,2026-04-06 12:25:15.758649+00,2026-04-09 15:41:30.968471+00
tunisieannonce:tunisieannonce_e43b069a084a,terrain,land,230000.0,TND,Ariana,Ariana Ville,TUNIS,200.0,3.0,1150.0,36.866011,10.193923,100.0,HIGH,False,2026-03-31 13:57:28.552418+00,2026-04-09 15:41:30.503321+00
tunisieannonce:tunisieannonce_e4d7665c42bd,terrain,land,1000.0,TND,Ezzahra,Ezzahra,TUNIS,200.0,,5.0,36.743,10.308,80.0,GOOD,True,2026-04-02 06:57:15.289252+00,2026-04-09 15:41:33.32183+00
tunisieannonce:tunisieannonce_e4d8ddd03710,terrain,land,600000.0,TND,Chorfech,Jebel Jelloud,TUNIS,,,,36.7667,10.1833,55.0,LOW,False,2026-04-06 12:31:00.944871+00,2026-04-09 15:41:32.614989+00
tunisieannonce:tunisieannonce_e520c053a7f9,appartement,apartment,295000.0,TND,Cite Universitaire,Jebel Jelloud,TUNIS,104.0,1.0,2836.54,36.7667,10.1833,100.0,HIGH,False,2026-03-29 10:23:58.325385+00,2026-04-09 15:41:30.066306+00
tunisieannonce:tunisieannonce_e553314d3395,maison,villa,300000.0,TND,Cite De La Sante,Jebel Jelloud,TUNIS,150.0,4.0,2000.0,36.7667,10.1833,100.0,HIGH,False,2026-04-01 22:31:58.043236+00,2026-04-09 15:41:30.914213+00
tunisieannonce:tunisieannonce_e5600eb695dd,terrain,land,469000.0,TND,Cite Sahloul,Jebel Jelloud,TUNIS,335.0,,1400.0,36.7667,10.1833,100.0,HIGH,False,2026-04-01 22:21:59.521123+00,2026-04-09 15:41:34.385973+00
tunisieannonce:tunisieannonce_e5827ccfddd3,terrain,land,1000.0,TND,Kerkouane,Jebel Jelloud,TUNIS,,,,36.7667,10.1833,40.0,LOW,True,2026-04-02 09:16:56.207628+00,2026-04-09 15:41:31.065416+00
tunisieannonce:tunisieannonce_e592d2a68928,terrain,land,1700.0,TND,Sidi Daoud,Jebel Jelloud,TUNIS,1000.0,,1.7,36.7667,10.1833,80.0,GOOD,True,2026-03-29 11:30:54.43588+00,2026-04-09 15:41:31.113107+00
tunisieannonce:tunisieannonce_e5be8124bba9,appartement,apartment,350000.0,TND,El Aouina,Jebel Jelloud,TUNIS,109.0,3.0,3211.01,36.7667,10.1833,100.0,HIGH,False,2026-03-29 14:47:03.272565+00,2026-04-09 15:41:30.163831+00
tunisieannonce:tunisieannonce_e65e4edcfc9f,appartement,apartment,350000.0,TND,El Kantaoui,Jebel Jelloud,TUNIS,42.0,2.0,8333.33,36.7667,10.1833,100.0,HIGH,False,2026-03-31 12:32:41.352032+00,2026-04-09 15:41:32.033899+00
tunisieannonce:tunisieannonce_e6b76bb87f50,terrain,land,160000.0,TND,Testour,Testour,TUNIS,,,,36.5525,9.4436,55.0,LOW,False,2026-03-29 11:21:34.462385+00,2026-04-09 15:41:32.808342+00
tunisieannonce:tunisieannonce_e6dcd3315615,terrain,land,2286.0,TND,Borj Chakir,Jebel Jelloud,TUNIS,80.0,,28.57,36.7667,10.1833,75.0,GOOD,True,2026-03-31 14:46:36.497485+00,2026-04-09 15:41:33.12752+00
tunisieannonce:tunisieannonce_e6e40ad60c38,terrain,land,590000.0,TND,El Mourouj,El Mourouj,TUNIS,480.0,2.0,1229.17,36.7405,10.2042,100.0,HIGH,False,2026-03-31 12:55:57.188986+00,2026-04-09 15:41:32.420665+00
tunisieannonce:tunisieannonce_e70b86171d25,terrain,land,42000.0,TND,Chatt Meriem,Jebel Jelloud,TUNIS,420.0,,100.0,36.7667,10.1833,100.0,HIGH,False,2026-04-01 21:18:34.392383+00,2026-04-09 15:41:30.609918+00
tunisieannonce:tunisieannonce_e71d57abe04d,appartement,apartment,300000.0,TND,Chotrana 1,Jebel Jelloud,TUNIS,84.0,1.0,3571.43,36.7667,10.1833,100.0,HIGH,False,2026-03-29 10:43:31.929361+00,2026-04-09 15:41:32.275519+00
tunisieannonce:tunisieannonce_e73d83b82d24,terrain,land,175000.0,TND,Akouda,Akouda,TUNIS,150.0,4.0,1166.67,35.8667,10.5667,100.0,HIGH,False,2026-03-31 14:47:09.724849+00,2026-04-09 15:41:33.999051+00
tunisieannonce:tunisieannonce_e7a3e60bfc3d,terrain,land,550000.0,TND,Bou Mhel,Jebel Jelloud,TUNIS,156.0,1.0,3525.64,36.7667,10.1833,100.0,HIGH,False,2026-03-31 12:37:14.312775+00,2026-04-09 15:41:33.757003+00
tunisieannonce:tunisieannonce_e7aa2189ef88,terrain,land,2721.0,TND,Chotrana 3,Jebel Jelloud,TUNIS,186.0,2.0,14.63,36.7667,10.1833,90.0,HIGH,True,2026-03-29 11:01:25.624399+00,2026-04-09 15:41:32.914448+00
tunisieannonce:tunisieannonce_e7b5ca9c6858,terrain,land,226000.0,TND,Oued Ellil,Oued Ellil,TUNIS,377.0,,599.47,36.8311,10.0347,95.0,HIGH,False,2026-03-31 14:32:43.701907+00,2026-04-09 15:41:30.454912+00
tunisieannonce:tunisieannonce_e7e59dbe18d9,maison,villa,730000.0,TND,Grombalia,Grombalia,TUNIS,410.0,4.0,1780.49,36.6,10.5,100.0,HIGH,False,2026-03-29 10:36:29.152711+00,2026-04-09 15:41:38.637613+00
tunisieannonce:tunisieannonce_e819ebaf9bf3,terrain,land,55000.0,TND,Kalaa El Kebira,Kalaa El Kebira,TUNIS,,,,35.8697,10.5544,55.0,LOW,False,2026-03-29 11:24:21.122432+00,2026-04-09 15:41:36.639722+00
tunisieannonce:tunisieannonce_e823ceb05f62,terrain,land,646800.0,TND,Chatt Meriem,Jebel Jelloud,TUNIS,539.0,,1200.0,36.7667,10.1833,100.0,HIGH,False,2026-03-29 12:20:45.330349+00,2026-04-09 15:41:37.087531+00
tunisieannonce:tunisieannonce_e849ba4d9e35,terrain,land,1000.0,TND,Hammam El Ghezaz,Hammam El Ghezaz,TUNIS,,,,37.0711,11.0469,40.0,LOW,True,2026-04-01 21:33:51.707563+00,2026-04-09 15:41:35.403141+00
tunisieannonce:tunisieannonce_e84c61bee54d,terrain,land,500000.0,TND,Cite El Khalil,Jebel Jelloud,TUNIS,505.0,,990.1,36.7667,10.1833,100.0,HIGH,False,2026-04-01 22:12:42.850048+00,2026-04-09 15:41:34.918919+00
tunisieannonce:tunisieannonce_e863a63ba0f5,appartement,apartment,430000.0,TND,El Aouina,Jebel Jelloud,TUNIS,2025.0,2.0,212.35,36.7667,10.1833,100.0,HIGH,False,2026-04-01 21:11:05.025507+00,2026-04-09 15:41:37.185106+00
tunisieannonce:tunisieannonce_e86814e2785e,appartement,apartment,641400.0,TND,Chotrana 3,Jebel Jelloud,TUNIS,150.0,2.0,4276.0,36.7667,10.1833,100.0,HIGH,False,2026-04-06 10:28:47.524805+00,2026-04-09 15:41:35.654919+00
tunisieannonce:tunisieannonce_e8be24594462,terrain,land,1230.0,TND,Sidi Daoud,Jebel Jelloud,TUNIS,948.0,,1.3,36.7667,10.1833,80.0,GOOD,True,2026-03-29 10:26:22.300391+00,2026-04-09 15:41:36.342853+00
tunisieannonce:tunisieannonce_e95e031c9316,appartement,apartment,268000.0,TND,Cite Jardins,Jebel Jelloud,TUNIS,67.0,1.0,4000.0,36.7667,10.1833,100.0,HIGH,False,2026-03-27 17:54:47.372805+00,2026-04-09 15:41:37.282943+00
tunisieannonce:tunisieannonce_e993c2e71992,appartement,apartment,285000.0,TND,Cite Afh,Jebel Jelloud,TUNIS,66.0,1.0,4318.18,36.7667,10.1833,100.0,HIGH,False,2026-03-31 13:57:46.157864+00,2026-04-09 15:41:38.047162+00
tunisieannonce:tunisieannonce_ea1d4ab322bd,terrain,land,18500.0,TND,Maknassy,Maknassy,TUNIS,300.0,,61.67,34.6053,9.6075,90.0,HIGH,False,2026-04-06 14:44:23.417907+00,2026-04-09 15:41:36.740189+00
tunisieannonce:tunisieannonce_ea58ff2ab777,terrain,land,161850.0,TND,Mnihla,Mnihla,TUNIS,257.0,,629.77,36.8648,10.1021,95.0,HIGH,False,2026-03-29 10:17:11.21466+00,2026-04-09 15:41:36.633676+00
tunisieannonce:tunisieannonce_ea6be3bd6a5a,terrain,land,140000.0,TND,El Haouaria,El Haouaria,TUNIS,362.0,2.0,386.74,37.0481,11.0189,100.0,HIGH,False,2026-03-31 13:20:20.044833+00,2026-04-09 15:41:37.330678+00
tunisieannonce:tunisieannonce_eaf6ccec4db6,appartement,apartment,250000.0,TND,El Aouina,Jebel Jelloud,TUNIS,109.0,2.0,2293.58,36.7667,10.1833,100.0,HIGH,False,2026-03-29 10:39:19.32341+00,2026-04-09 15:41:36.798505+00
tunisieannonce:tunisieannonce_eb4e4fe154c7,terrain,land,111680.0,TND,Chatt Meriem,Jebel Jelloud,TUNIS,349.0,,320.0,36.7667,10.1833,100.0,HIGH,False,2026-03-29 12:06:10.526902+00,2026-04-09 15:41:39.218239+00
tunisieannonce:tunisieannonce_ec09939ebcf0,terrain,land,280000.0,TND,Borj Cedria,Jebel Jelloud,TUNIS,444.0,,630.63,36.7667,10.1833,100.0,HIGH,False,2026-03-26 16:07:43.838475+00,2026-04-09 15:41:36.100901+00
tunisieannonce:tunisieannonce_ecc1901bbbe4,appartement,apartment,298230.0,TND,El Kantaoui,Jebel Jelloud,TUNIS,67.0,1.0,4451.19,36.7667,10.1833,100.0,HIGH,False,2026-03-29 11:05:39.439022+00,2026-04-09 15:41:37.756585+00
tunisieannonce:tunisieannonce_eda577b02d2d,maison,villa,240000.0,TND,Naassen,Jebel Jelloud,TUNIS,60.0,,4000.0,36.7667,10.1833,100.0,HIGH,False,2026-04-06 17:24:26.873221+00,2026-04-09 15:41:38.879351+00
tunisieannonce:tunisieannonce_edb1fabc5462,terrain,land,6400.0,TND,Berge Du Lac,Jebel Jelloud,TUNIS,336.0,3.0,19.05,36.7667,10.1833,90.0,HIGH,True,2026-03-31 13:51:26.430822+00,2026-04-09 15:41:35.063804+00
tunisieannonce:tunisieannonce_edf94b8f7a4c,terrain,land,105000.0,TND,Chatt Meriem,Jebel Jelloud,TUNIS,300.0,,350.0,36.7667,10.1833,100.0,HIGH,False,2026-04-01 22:54:55.434463+00,2026-04-09 15:41:36.246491+00
tunisieannonce:tunisieannonce_ee32c25e4380,terrain,land,580000.0,TND,Chatt Meriem,Jebel Jelloud,TUNIS,385.0,2.0,1506.49,36.7667,10.1833,100.0,HIGH,False,2026-03-29 12:30:36.136008+00,2026-04-09 15:41:35.705011+00
tunisieannonce:tunisieannonce_ee675ac3d1ff,terrain,land,275400.0,TND,Hergla,Hergla,TUNIS,324.0,,850.0,36.0333,10.5,100.0,HIGH,False,2026-03-31 12:34:44.909289+00,2026-04-09 15:41:37.660035+00
tunisieannonce:tunisieannonce_ee746b3e455d,maison,villa,120000.0,TND,Cite Sidi Nasser,Jebel Jelloud,TUNIS,75.0,1.0,1600.0,36.7667,10.1833,100.0,HIGH,False,2026-04-06 12:17:59.465569+00,2026-04-09 15:41:35.812093+00
tunisieannonce:tunisieannonce_ee896a0f72fe,terrain,land,250000.0,TND,Borj Cedria,Jebel Jelloud,TUNIS,372.0,2.0,672.04,36.7667,10.1833,100.0,HIGH,False,2026-04-01 21:49:57.86103+00,2026-04-09 15:41:38.54048+00
tunisieannonce:tunisieannonce_ee8aa9960716,appartement,apartment,360000.0,TND,Cite Ennasr 2,Jebel Jelloud,TUNIS,130.0,3.0,2769.23,36.7667,10.1833,100.0,HIGH,False,2026-03-31 14:15:30.645688+00,2026-04-09 15:41:37.950337+00
tunisieannonce:tunisieannonce_eedf6fbb3c75,terrain,land,4133.0,TND,Hammam Sousse,Hammam Sousse,TUNIS,758.0,,5.45,35.8592,10.59,80.0,GOOD,True,2026-04-02 06:58:16.727481+00,2026-04-09 15:41:34.869884+00
tunisieannonce:tunisieannonce_ef2279ad76c8,maison,villa,500000.0,TND,El Mourouj,El Mourouj,TUNIS,176.0,3.0,2840.91,36.7405,10.2042,100.0,HIGH,False,2026-03-29 11:47:36.446655+00,2026-04-09 15:41:35.408524+00
tunisieannonce:tunisieannonce_ef28b458322a,terrain,land,240000.0,TND,Testour,Testour,TUNIS,,,,36.5525,9.4436,55.0,LOW,False,2026-03-31 14:25:50.735528+00,2026-04-09 15:41:39.266762+00
tunisieannonce:tunisieannonce_ef6459fc02d7,terrain,land,1000.0,TND,Ezzahra,Ezzahra,TUNIS,,,,36.743,10.308,40.0,LOW,True,2026-03-31 14:49:45.127453+00,2026-04-09 15:41:35.461346+00
tunisieannonce:tunisieannonce_ef7697c9101f,terrain,land,185000.0,TND,Ghar El Melh,Ghar El Melh,TUNIS,424.0,,436.32,37.1458,10.1752,100.0,HIGH,False,2026-03-27 16:10:26.26744+00,2026-04-09 15:41:37.136831+00
tunisieannonce:tunisieannonce_ef7ae81cb8f7,terrain,land,9999.0,TND,Rafraf,Jebel Jelloud,TUNIS,120.0,,83.33,36.7667,10.1833,90.0,HIGH,False,2026-03-29 13:01:04.532699+00,2026-04-09 15:41:35.1128+00
tunisieannonce:tunisieannonce_efb8484d8329,appartement,apartment,390000.0,TND,El Aouina,Jebel Jelloud,TUNIS,120.0,2.0,3250.0,36.7667,10.1833,100.0,HIGH,False,2026-04-06 10:54:15.030273+00,2026-04-09 15:41:36.847068+00
tunisieannonce:tunisieannonce_f0060b2bd2d5,terrain,land,1400.0,TND,Bizerte,Menzel Jemil,TUNIS,873.0,3.0,1.6,37.237,9.91,90.0,HIGH,True,2026-03-29 10:25:34.662729+00,2026-04-09 15:41:39.072667+00
tunisieannonce:tunisieannonce_f007d810dc3d,terrain,land,290000.0,TND,Bir Mcherga,Bir Mcherga,TUNIS,,,,36.5167,10.0,55.0,LOW,False,2026-03-31 14:26:29.741202+00,2026-04-09 15:41:37.552373+00
tunisieannonce:tunisieannonce_f0329e503e7d,terrain,land,930000.0,TND,Rohia,Rohia,TUNIS,450.0,,2066.67,35.55,9.0,95.0,HIGH,False,2026-03-26 23:39:48.727516+00,2026-04-09 15:41:42.809029+00
tunisieannonce:tunisieannonce_f0428dd133c9,terrain,land,1180.0,TND,Zone Hoteliere,Jebel Jelloud,TUNIS,446.0,3.0,2.65,36.7667,10.1833,80.0,GOOD,True,2026-04-06 15:15:46.183761+00,2026-04-09 15:41:44.028227+00
tunisieannonce:tunisieannonce_f06e43dc2230,terrain,land,1200.0,TND,Sousse Corniche,Sidi El Heni,TUNIS,636.0,3.0,1.89,35.6756,10.3106,90.0,HIGH,True,2026-04-01 22:09:58.6661+00,2026-04-09 15:41:43.060867+00
tunisieannonce:tunisieannonce_f089d4b5782c,terrain,land,195000.0,TND,Borj Louzir,Jebel Jelloud,TUNIS,340.0,,573.53,36.7667,10.1833,95.0,HIGH,False,2026-03-29 12:05:18.674872+00,2026-04-09 15:41:40.118399+00
tunisieannonce:tunisieannonce_f0b47ba8aea4,terrain,land,1080.0,TND,El Menzah 6,El Menzah,TUNIS,450.0,4.0,2.4,36.8528,10.1703,90.0,HIGH,True,2026-04-02 08:27:45.328215+00,2026-04-09 15:41:43.545192+00
tunisieannonce:tunisieannonce_f0c344bc7fa7,terrain,land,1000.0,TND,Dar Allouche,Jebel Jelloud,TUNIS,,,,36.7667,10.1833,40.0,LOW,True,2026-03-31 12:55:31.158256+00,2026-04-09 15:41:43.641509+00
tunisieannonce:tunisieannonce_f102e7831f5e,appartement,apartment,600000.0,TND,Chotrana 1,Jebel Jelloud,TUNIS,185.0,3.0,3243.24,36.7667,10.1833,100.0,HIGH,False,2026-04-06 10:29:25.894066+00,2026-04-09 15:41:42.122088+00
tunisieannonce:tunisieannonce_f1ba5d16910c,terrain,land,6500.0,TND,El Kantaoui,Jebel Jelloud,TUNIS,,3.0,,36.7667,10.1833,85.0,HIGH,False,2026-04-06 14:52:05.060381+00,2026-04-09 15:41:43.156611+00
tunisieannonce:tunisieannonce_f2316dd1e4c9,maison,villa,900000.0,TND,Cite Ennasr 2,Jebel Jelloud,TUNIS,263.0,3.0,3422.05,36.7667,10.1833,100.0,HIGH,False,2026-03-26 23:30:55.245594+00,2026-04-09 15:41:41.297703+00
tunisieannonce:tunisieannonce_f23bf7a61676,terrain,land,350000.0,TND,Borj Touil,Jebel Jelloud,TUNIS,504.0,,694.44,36.7667,10.1833,95.0,HIGH,False,2026-03-31 14:38:13.553532+00,2026-04-09 15:41:41.88043+00
tunisieannonce:tunisieannonce_f2500fa81d42,maison,villa,200000.0,TND,Hammam Lif,Hammam Lif,TUNIS,100.0,2.0,2000.0,36.728,10.336,100.0,HIGH,False,2026-03-27 17:51:40.249116+00,2026-04-09 15:41:40.719226+00
tunisieannonce:tunisieannonce_f27be118202f,terrain,land,500000.0,TND,El Kraria,Jebel Jelloud,TUNIS,6000.0,,83.33,36.7667,10.1833,80.0,GOOD,False,2026-04-02 08:57:07.992441+00,2026-04-09 15:41:42.02519+00
tunisieannonce:tunisieannonce_f28bc81d55e0,maison,villa,730000.0,TND,La Soukra,La Soukra,TUNIS,160.0,2.0,4562.5,36.885212,10.245301,100.0,HIGH,False,2026-03-31 14:51:43.274734+00,2026-04-09 15:41:40.069952+00
tunisieannonce:tunisieannonce_f32e4d912c4c,terrain,land,2900.0,TND,El Kantaoui,Jebel Jelloud,TUNIS,830.0,1.0,3.49,36.7667,10.1833,90.0,HIGH,True,2026-03-26 15:42:53.331386+00,2026-04-09 15:41:41.831716+00
tunisieannonce:tunisieannonce_f383ad3e8647,maison,villa,330000.0,TND,Kelibia,Kelibia,TUNIS,300.0,2.0,1100.0,36.8472,11.0944,100.0,HIGH,False,2026-03-26 23:30:21.855027+00,2026-04-09 15:41:43.786823+00
tunisieannonce:tunisieannonce_f3b6e57d5ac8,maison,villa,1300.0,TND,Berge Du Lac,Jebel Jelloud,TUNIS,243.0,2.0,5.35,36.7667,10.1833,90.0,HIGH,True,2026-04-01 21:39:32.471896+00,2026-04-09 15:41:40.369833+00
tunisieannonce:tunisieannonce_f3cae25d67b5,appartement,apartment,420000.0,TND,La Soukra,La Soukra,TUNIS,93.0,2.0,4516.13,36.885212,10.245301,100.0,HIGH,False,2026-04-01 20:57:43.939991+00,2026-04-09 15:41:41.541678+00
tunisieannonce:tunisieannonce_f400bd16c156,appartement,apartment,280000.0,TND,Riadh Landlous,Jebel Jelloud,TUNIS,130.0,3.0,2153.85,36.7667,10.1833,100.0,HIGH,False,2026-03-31 14:52:29.1226+00,2026-04-09 15:41:39.37173+00
tunisieannonce:tunisieannonce_f44d75b4d2a7,appartement,apartment,80000.0,TND,Cite Touristique,Jebel Jelloud,TUNIS,60.0,2.0,1333.33,36.7667,10.1833,100.0,HIGH,False,2026-04-06 15:00:44.876305+00,2026-04-09 15:41:42.963722+00
tunisieannonce:tunisieannonce_f495bcd23ec4,terrain,land,850000.0,TND,Bab Bhar,Bab Bhar,TUNIS,220.0,3.0,3863.64,36.7981,10.1803,100.0,HIGH,False,2026-03-29 11:57:42.073133+00,2026-04-09 15:41:43.398801+00
tunisieannonce:tunisieannonce_f511a11da1ea,terrain,land,2600.0,TND,El Kantaoui,Jebel Jelloud,TUNIS,300.0,,8.67,36.7667,10.1833,70.0,GOOD,True,2026-04-06 10:53:18.2175+00,2026-04-09 15:41:42.07344+00
tunisieannonce:tunisieannonce_f550d5671ac3,maison,villa,420000.0,TND,El Menzah 8,El Menzah,TUNIS,170.0,4.0,2470.59,36.8528,10.1703,100.0,HIGH,False,2026-03-29 12:20:10.922468+00,2026-04-09 15:41:41.105531+00
tunisieannonce:tunisieannonce_f559e089d0e4,terrain,land,420000.0,TND,Ain El Asker,Jebel Jelloud,TUNIS,,,,36.7667,10.1833,65.0,GOOD,False,2026-03-26 16:33:01.971197+00,2026-04-09 15:41:41.250842+00
tunisieannonce:tunisieannonce_f56aa1594451,maison,villa,898000.0,TND,Nouvelle Ariana,Ariana Ville,TUNIS,423.0,2.0,2122.93,36.866011,10.193923,100.0,HIGH,False,2026-04-06 10:56:50.047263+00,2026-04-09 15:41:40.815464+00
tunisieannonce:tunisieannonce_f56db4a192b6,terrain,land,2557.0,TND,La Mannouba,Mannouba,TUNIS,341.0,,7.5,36.8097,10.0928,75.0,GOOD,True,2026-04-06 12:19:35.876314+00,2026-04-09 15:41:42.664443+00
tunisieannonce:tunisieannonce_f588707c2758,maison,villa,559000.0,TND,Chotrana 2,Jebel Jelloud,TUNIS,119.0,2.0,4697.48,36.7667,10.1833,100.0,HIGH,False,2026-03-26 15:59:16.513407+00,2026-04-09 15:41:40.273044+00
tunisieannonce:tunisieannonce_f5a4ca1a78c0,appartement,apartment,95000.0,TND,Ksar Said,Jebel Jelloud,TUNIS,74.0,3.0,1283.78,36.7667,10.1833,100.0,HIGH,False,2026-04-01 20:56:29.896175+00,2026-04-09 15:41:41.347823+00
tunisieannonce:tunisieannonce_f62dbb95e1c1,terrain,land,1090.0,TND,Jardins D'El Menzah,El Menzah,TUNIS,680.0,,1.6,36.8528,10.1703,80.0,GOOD,True,2026-04-01 22:59:47.6088+00,2026-04-09 15:41:41.396175+00
tunisieannonce:tunisieannonce_f68f2b674750,terrain,land,300000.0,TND,Dar Fadhal,Jebel Jelloud,TUNIS,500.0,2.0,600.0,36.7667,10.1833,100.0,HIGH,False,2026-03-31 13:26:36.948626+00,2026-04-09 15:41:41.589813+00
tunisieannonce:tunisieannonce_f6bea70ecb92,terrain,land,231000.0,TND,Borj Cedria,Jebel Jelloud,TUNIS,420.0,,550.0,36.7667,10.1833,100.0,HIGH,False,2026-03-26 15:48:44.425157+00,2026-04-09 15:41:41.783539+00
tunisieannonce:tunisieannonce_f6e47b617f4e,terrain,land,150000.0,TND,Cite Touristique,Jebel Jelloud,TUNIS,740.0,,202.7,36.7667,10.1833,100.0,HIGH,False,2026-03-26 23:24:06.210915+00,2026-04-09 15:41:39.663153+00
tunisieannonce:tunisieannonce_f705ce4fd65d,appartement,apartment,560000.0,TND,Berge Du Lac,Jebel Jelloud,TUNIS,120.0,2.0,4666.67,36.7667,10.1833,100.0,HIGH,False,2026-03-29 11:58:30.58738+00,2026-04-09 15:41:42.759599+00
tunisieannonce:tunisieannonce_f76a2d4aaf1b,maison,villa,1200.0,TND,Cite De La Plage 2,Jebel Jelloud,TUNIS,980.0,2.0,1.22,36.7667,10.1833,75.0,GOOD,True,2026-04-06 11:36:05.560527+00,2026-04-09 15:41:40.96096+00
tunisieannonce:tunisieannonce_f7b1492787a9,terrain,land,233160.0,TND,Cite 7 Novembre,Jebel Jelloud,TUNIS,804.0,,290.0,36.7667,10.1833,100.0,HIGH,False,2026-03-27 16:09:38.579508+00,2026-04-09 15:41:41.202129+00
tunisieannonce:tunisieannonce_f7b4beeaa00f,terrain,land,950000.0,TND,Cite Ennasr 2,Jebel Jelloud,TUNIS,600.0,,1583.33,36.7667,10.1833,95.0,HIGH,False,2026-03-26 16:37:36.951952+00,2026-04-09 15:41:46.844683+00
tunisieannonce:tunisieannonce_f8012fcb13a0,appartement,apartment,275000.0,TND,El Manar 2,Jebel Jelloud,TUNIS,275.0,3.0,1000.0,36.7667,10.1833,100.0,HIGH,False,2026-04-01 21:47:02.230838+00,2026-04-09 15:41:44.560902+00
tunisieannonce:tunisieannonce_f841d3f8a8f0,terrain,land,385000.0,TND,Bou Achir,Jebel Jelloud,TUNIS,,,,36.7667,10.1833,60.0,GOOD,False,2026-03-31 12:53:38.692604+00,2026-04-09 15:41:44.963603+00
tunisieannonce:tunisieannonce_f867f4a1d70b,terrain,land,46000.0,TND,Dar Allouche,Jebel Jelloud,TUNIS,200.0,1.0,230.0,36.7667,10.1833,100.0,HIGH,False,2026-03-27 17:53:06.313975+00,2026-04-09 15:41:47.145287+00
tunisieannonce:tunisieannonce_f8753e837204,terrain,land,2500.0,TND,Caid Mhamed,Jebel Jelloud,TUNIS,660.0,,3.79,36.7667,10.1833,80.0,GOOD,True,2026-03-27 15:58:37.523638+00,2026-04-09 15:41:46.5071+00
tunisieannonce:tunisieannonce_f886a7622052,terrain,land,5500.0,TND,Sidi Thabet,Sidi Thabet,TUNIS,800.0,,6.88,36.933,10.039,80.0,GOOD,True,2026-03-29 11:57:12.795128+00,2026-04-09 15:41:44.910071+00
tunisieannonce:tunisieannonce_f8f88ba7dffe,appartement,apartment,275000.0,TND,La Soukra,La Soukra,TUNIS,65.0,1.0,4230.77,36.885212,10.245301,100.0,HIGH,False,2026-04-01 22:45:36.498193+00,2026-04-09 15:41:46.313556+00
tunisieannonce:tunisieannonce_f91511d7b3df,terrain,land,170000.0,TND,Sidi Thabet,Sidi Thabet,TUNIS,1000.0,,170.0,36.933,10.039,90.0,HIGH,False,2026-04-06 17:26:07.867859+00,2026-04-09 15:41:48.229836+00
tunisieannonce:tunisieannonce_fa2abe49f6b4,terrain,land,504000.0,TND,Utique,Utique,TUNIS,600.0,,840.0,37.0857,10.0259,100.0,HIGH,False,2026-04-02 08:55:00.096604+00,2026-04-09 15:41:46.085802+00
tunisieannonce:tunisieannonce_fa2c6e26efce,terrain,land,345000.0,TND,Ezzahra,Ezzahra,TUNIS,290.0,3.0,1189.66,36.743,10.308,100.0,HIGH,False,2026-03-31 14:19:04.802235+00,2026-04-09 15:41:47.241189+00
tunisieannonce:tunisieannonce_fa311696db20,terrain,land,850000.0,TND,Chatt Meriem,Jebel Jelloud,TUNIS,300.0,1.0,2833.33,36.7667,10.1833,100.0,HIGH,False,2026-03-29 10:23:39.5713+00,2026-04-09 15:41:47.890395+00
tunisieannonce:tunisieannonce_fa5ebd3e1f9b,terrain,land,285000.0,TND,Bent Saidane,Jebel Jelloud,TUNIS,,,,36.7667,10.1833,65.0,GOOD,False,2026-03-26 16:32:21.117285+00,2026-04-09 15:41:46.554817+00
tunisieannonce:tunisieannonce_fc00e23bbc90,terrain,land,337000.0,TND,Bir Bouregba,Jebel Jelloud,TUNIS,160.0,4.0,2106.25,36.7667,10.1833,100.0,HIGH,False,2026-03-29 10:50:20.644266+00,2026-04-09 15:41:45.070509+00
tunisieannonce:tunisieannonce_fc0614781c35,maison,villa,1900.0,TND,Cite Sidi Abdelhamid,Jebel Jelloud,TUNIS,650.0,2.0,2.92,36.7667,10.1833,90.0,HIGH,True,2026-03-31 12:46:50.940273+00,2026-04-09 15:41:47.939779+00
tunisieannonce:tunisieannonce_fc16c9b5817c,terrain,land,360000.0,TND,Hammam Lif,Hammam Lif,TUNIS,300.0,2.0,1200.0,36.728,10.336,100.0,HIGH,False,2026-03-31 14:23:24.116718+00,2026-04-09 15:41:46.161112+00
tunisieannonce:tunisieannonce_fc42ac955de3,terrain,land,750000.0,TND,Bou Mhel,Jebel Jelloud,TUNIS,720.0,5.0,1041.67,36.7667,10.1833,100.0,HIGH,False,2026-03-26 23:30:38.412848+00,2026-04-09 15:41:48.037373+00
tunisieannonce:tunisieannonce_fc5cfc21d25c,terrain,land,1000.0,TND,Hammam El Ghezaz,Hammam El Ghezaz,TUNIS,,,,37.0711,11.0469,40.0,LOW,True,2026-04-02 08:48:23.971439+00,2026-04-09 15:41:47.784767+00
tunisieannonce:tunisieannonce_fccc87a8b4a4,terrain,land,99999.0,TND,El Mourouj,El Mourouj,TUNIS,820.0,2.0,121.95,36.7405,10.2042,100.0,HIGH,False,2026-03-31 13:44:57.582867+00,2026-04-09 15:41:47.049028+00
tunisieannonce:tunisieannonce_fd375e9c4bfe,terrain,land,150000.0,TND,Bir Bouregba,Jebel Jelloud,TUNIS,500.0,,300.0,36.7667,10.1833,100.0,HIGH,False,2026-04-02 09:40:57.076003+00,2026-04-09 15:41:48.132459+00
tunisieannonce:tunisieannonce_fd4dc52eaf72,terrain,land,2400.0,TND,Mejez El Bab,Mejez El Bab,TUNIS,,,,36.6492,9.6108,35.0,LOW,True,2026-04-01 20:51:30.652563+00,2026-04-09 15:41:46.139008+00
tunisieannonce:tunisieannonce_fd9ac8135b58,terrain,land,1050.0,TND,Hammamet,Hammamet,TUNIS,420.0,3.0,2.5,36.4,10.6167,80.0,GOOD,True,2026-04-06 14:56:25.525549+00,2026-04-09 15:41:47.732069+00
tunisieannonce:tunisieannonce_fdc3dfac9ac7,appartement,apartment,553000.0,TND,Chotrana 1,Jebel Jelloud,TUNIS,138.0,2.0,4007.25,36.7667,10.1833,100.0,HIGH,False,2026-03-29 11:51:12.239242+00,2026-04-09 15:41:47.678132+00
tunisieannonce:tunisieannonce_feceeb068418,terrain,land,1100.0,TND,Riadh Landlous,Jebel Jelloud,TUNIS,659.0,,1.67,36.7667,10.1833,80.0,GOOD,True,2026-03-27 16:14:21.974379+00,2026-04-09 15:41:44.319447+00
tunisieannonce:tunisieannonce_feff2669533b,appartement,apartment,740000.0,TND,Chotrana 2,Jebel Jelloud,TUNIS,178.0,2.0,4157.3,36.7667,10.1833,100.0,HIGH,False,2026-04-06 11:07:34.393428+00,2026-04-09 15:41:46.032892+00
tunisieannonce:tunisieannonce_ff749665e943,appartement,apartment,110000.0,TND,El Mourouj 2,El Mourouj,TUNIS,90.0,3.0,1222.22,36.7405,10.2042,100.0,HIGH,False,2026-04-06 17:45:01.805834+00,2026-04-09 15:41:47.581595+00
tunisieannonce:tunisieannonce_ff97cdf117d8,terrain,land,2500.0,TND,Caid Mhamed,Jebel Jelloud,TUNIS,660.0,,3.79,36.7667,10.1833,80.0,GOOD,True,2026-03-29 09:55:36.418974+00,2026-04-09 15:41:48.084632+00
tunisieannonce:tunisieannonce_ffa581a3f0e1,terrain,land,228480.0,TND,Kalaa Essghira,Kalaa Essghira,TUNIS,544.0,1.0,420.0,35.8381,10.5736,100.0,HIGH,False,2026-03-31 13:03:53.465753+00,2026-04-09 15:41:46.748075+00
tunisieannonce:tunisieannonce_ffc2540309b2,terrain,land,167000.0,TND,Borj Cedria,Jebel Jelloud,TUNIS,257.0,,649.81,36.7667,10.1833,100.0,HIGH,False,2026-03-26 16:20:22.71478+00,2026-04-09 15:41:44.416387+00
verdar:verdar_107846,terrain,land,105000.0,TND,,,,160.0,,656.25,33.8439408,9.400138,45.0,LOW,False,2026-04-06 17:52:57.518021+00,2026-04-09 15:41:46.253525+00
verdar:verdar_129894,terrain,land,620000.0,TND,,,,622.0,,996.78,33.8439408,9.400138,15.0,DROP,False,2026-04-02 09:57:04.782324+00,2026-04-09 15:41:46.080815+00
verdar:verdar_129904,appartement,apartment,345000.0,TND,,,,,,,33.8439408,9.400138,0.0,DROP,False,2026-04-02 09:56:49.351215+00,2026-04-09 15:41:45.064666+00
verdar:verdar_130541,terrain,land,450000.0,TND,,,,450.0,,1000.0,33.8439408,9.400138,15.0,DROP,False,2026-04-06 17:52:31.527814+00,2026-04-09 15:41:47.726028+00
verdar:verdar_130764,appartement,apartment,385000.0,TND,,,,,,,33.8439408,9.400138,0.0,DROP,False,2026-04-06 17:52:04.115032+00,2026-04-09 15:41:46.144704+00
verdar:verdar_131071,terrain,land,552000.0,TND,,,,460.0,,1200.0,33.8439408,9.400138,5.0,DROP,False,2026-04-06 17:51:20.982502+00,2026-04-09 15:41:46.149669+00
verdar:verdar_40687,terrain,land,335000.0,TND,,,,5000.0,,67.0,33.8439408,9.400138,25.0,LOW,False,2026-04-06 17:51:45.118542+00,2026-04-09 15:41:45.278661+00
verdar:verdar_91041,terrain,land,880000.0,TND,,,,709.0,,1241.18,33.8439408,9.400138,5.0,DROP,False,2026-03-29 14:53:43.136439+00,2026-04-09 15:41:44.958647+00
verdar:verdar_92821,terrain,land,399000.0,TND,,,,532.0,,750.0,33.8439408,9.400138,15.0,DROP,False,2026-04-06 17:53:23.341435+00,2026-04-09 15:41:45.625039+00
zitouna_immo:zitouna_immo_5804,terrain,land,,TND,Sousse Ville,Sousse Ville,SOUSSE,,,,35.8269,10.63,35.0,LOW,False,2026-04-02 10:14:20.270241+00,2026-04-09 15:41:48.525768+00
zitouna_immo:zitouna_immo_5825,maison,villa,970000.0,TND,Raoued,Raoued,ARIANA,,,,36.908,10.2,55.0,LOW,False,2026-04-02 10:14:08.576049+00,2026-04-09 15:41:49.120052+00
zitouna_immo:zitouna_immo_6349,maison,villa,1500.0,TND,Raoued,Raoued,ARIANA,,,,36.908,10.2,5.0,DROP,True,2026-04-02 10:13:59.952078+00,2026-04-09 15:41:48.732926+00
zitouna_immo:zitouna_immo_6534,terrain,land,,TND,Soliman,Nabeul,NABEUL,,,,36.4561,10.7358,25.0,LOW,False,2026-03-27 18:23:49.736752+00,2026-04-09 15:41:48.520215+00
zitouna_immo:zitouna_immo_6535,maison,villa,1250.0,TND,La Goulette,La Goulette,TUNIS,,,,36.8197,10.2936,35.0,LOW,True,2026-03-29 15:04:29.776924+00,2026-04-09 15:41:48.781622+00
zitouna_immo:zitouna_immo_6538,maison,villa,890000.0,TND,La Marsa,La Marsa,TUNIS,,,,36.8775,10.3275,25.0,LOW,False,2026-04-02 10:14:14.00288+00,2026-04-09 15:41:48.583622+00
zitouna_immo:zitouna_immo_6550,terrain,land,,TND,La Soukra,La Soukra,ARIANA,,,,36.885212,10.245301,35.0,LOW,False,2026-04-02 10:13:48.407497+00,2026-04-09 15:41:48.471123+00
