"lat","lon","radius","data","cached_at"
"36.7667","10.1833","750","[{""name"": ""\u0645\u062d\u0645\u062f \u0639\u0644\u064a"", ""category"": ""other"", ""distance_m"": null}, {""name"": ""\u0627\u0644\u0637\u0627\u0647\u0631 \u062d\u062f\u0627\u062f"", ""category"": ""other"", ""distance_m"": null}, {""name"": ""\u0645\u0642\u0647\u064a \u0644\u064a\u0642\u0627"", ""category"": ""restaurant"", ""distance_m"": null}, {""name"": ""\u0634\u0631\u0643\u0629 \u0627\u0644\u0644\u062d\u0648\u0645 \u062a\u0648\u0646\u0633 \u0628\u0627\u0637\u0648\u0627\u0631"", ""category"": ""shopping"", ""distance_m"": null}, {""name"": ""Parc des Princes"", ""category"": ""restaurant"", ""distance_m"": null}, {""name"": ""Soci\u00e9t\u00e9 Amen Service"", ""category"": ""shopping"", ""distance_m"": null}, {""name"": ""FRUITS IBNE SINA"", ""category"": ""shopping"", ""distance_m"": null}, {""name"": ""Poissons Royal"", ""category"": ""shopping"", ""distance_m"": null}, {""name"": ""Moulin Rouge"", ""category"": ""restaurant"", ""distance_m"": null}, {""name"": ""\u0645\u062d\u0645\u062f \u0639\u0644\u064a"", ""category"": ""other"", ""distance_m"": null}]","2026-03-23 12:12:44"
"36.8775","10.3275","750","[{""name"": ""\u0645\u0637\u0639\u0645 \u0627\u0644\u062e\u0644\u064a\u062c"", ""category"": ""restaurant"", ""distance_m"": null}, {""name"": ""\u0635\u064a\u062f\u0644\u064a\u0629 \u0627\u0644\u0645\u0644\u0648\u0644\u064a"", ""category"": ""hospital"", ""distance_m"": null}, {""name"": ""Atmosp'hair"", ""category"": ""shopping"", ""distance_m"": null}, {""name"": ""ChoPain"", ""category"": ""shopping"", ""distance_m"": null}, {""name"": ""Librairie Al Kitab"", ""category"": ""shopping"", ""distance_m"": null}, {""name"": ""Studio Salim"", ""category"": ""shopping"", ""distance_m"": null}, {""name"": ""Spec's Optic"", ""category"": ""shopping"", ""distance_m"": null}, {""name"": ""Cafe Malaga"", ""category"": ""restaurant"", ""distance_m"": null}, {""name"": ""Librairie Clairefontaine"", ""category"": ""shopping"", ""distance_m"": null}, {""name"": ""Superette"", ""category"": ""shopping"", ""distance_m"": null}]","2026-03-23 13:16:25"
"36.8852","10.2453","750","[{""name"": ""Golf de Carthage"", ""category"": ""restaurant"", ""distance_m"": null}, {""name"": ""3 \u0634\u0637\u0631\u0627\u0646\u0629"", ""category"": ""other"", ""distance_m"": null}, {""name"": ""\u0634\u0637\u0631\u0627\u0646\u0629 2"", ""category"": ""other"", ""distance_m"": null}, {""name"": ""\u0642\u0646\u0627\u0629 \u062d\u0646\u0628\u0639\u0644"", ""category"": ""other"", ""distance_m"": null}, {""name"": ""\u0646\u0627\u062f\u064a \u0627\u0644\u0645\u062d\u0627\u0645\u064a\u0646"", ""category"": ""other"", ""distance_m"": null}, {""name"": ""\u0646\u0627\u062f\u064a \u0627\u0644\u062d\u0631\u0633 \u0627\u0644\u0648\u0637\u0646\u064a"", ""category"": ""other"", ""distance_m"": null}]","2026-03-23 13:16:58"
"33.8439","9.4001","750","[]","2026-03-23 14:06:14"
"36.8736","10.2721","750","[{""name"": ""\u0635\u064a\u062f\u0644\u064a\u0629 \u0627\u0644\u0644\u064a\u0644"", ""category"": ""hospital"", ""distance_m"": null}, {""name"": ""\u0643\u0627\u0631\u0641\u0648\u0631 \u0625\u0643\u0633\u0628\u0631\u064a\u0633"", ""category"": ""shopping"", ""distance_m"": null}, {""name"": ""\u0645\u0646\u062a\u0632\u0647 \u0633\u0643\u0631\u0629"", ""category"": ""other"", ""distance_m"": null}, {""name"": ""\u0635\u064a\u062f\u0644\u064a\u0629 \u0627\u0644\u0644\u064a\u0644"", ""category"": ""other"", ""distance_m"": null}, {""name"": ""\u062c\u0627\u0645\u0639 \u0633\u064a\u062f\u064a \u0641\u0631\u062c"", ""category"": ""other"", ""distance_m"": null}]","2026-03-23 14:06:18"
"36.743","10.308","750","[{""name"": ""Boulangerie D\u00e2ad\u00e2a"", ""category"": ""shopping"", ""distance_m"": null}, {""name"": ""Magasin G\u00e9n\u00e9ral - MG;Magasin g\u00e9n\u00e9ral MG"", ""category"": ""shopping"", ""distance_m"": null}, {""name"": ""Pharmacie Wassila Chaabane EP Mhiri"", ""category"": ""hospital"", ""distance_m"": null}, {""name"": ""Librairie Le Bosphore"", ""category"": ""shopping"", ""distance_m"": null}, {""name"": ""\u0635\u064a\u062f\u0644\u064a\u0629 \u0627\u0644\u0644\u064a\u0644"", ""category"": ""hospital"", ""distance_m"": null}, {""name"": ""Boutique Orange"", ""category"": ""shopping"", ""distance_m"": null}, {""name"": ""Pharmacie Sawsen Bouhejba Ep Fourati"", ""category"": ""hospital"", ""distance_m"": null}, {""name"": ""Pharmacie Fatma Boussoffara EP Larbi"", ""category"": ""hospital"", ""distance_m"": null}, {""name"": ""Pharmacie Sonia Ben Slimane EP Jemaa"", ""category"": ""hospital"", ""distance_m"": null}, {""name"": ""Pharmacie Bouassida"", ""category"": ""hospital"", ""distance_m"": null}]","2026-03-23 14:07:04"
"36.8528","10.1703","750","[{""name"": ""Coll\u00e8ge d'El Menzah 6"", ""category"": ""school"", ""distance_m"": null}, {""name"": ""Centre Commerciale Menzah 6"", ""category"": ""shopping"", ""distance_m"": null}, {""name"": ""\u0627\u0644\u0645\u063a\u0627\u0632\u0629 \u0627\u0644\u0639\u0627\u0645\u0629"", ""category"": ""shopping"", ""distance_m"": null}, {""name"": ""\u0627\u0644\u0645\u062f\u0631\u0633\u0629 \u0627\u0644\u0625\u0628\u062a\u062f\u0627\u0626\u064a\u0629"", ""category"": ""school"", ""distance_m"": null}, {""name"": ""Caf\u00e9 Chams"", ""category"": ""restaurant"", ""distance_m"": null}, {""name"": ""Fakhr Eddine"", ""category"": ""restaurant"", ""distance_m"": null}, {""name"": ""Trait d'union"", ""category"": ""restaurant"", ""distance_m"": null}, {""name"": ""\u0625\u0643\u0631\u0627\u0645"", ""category"": ""shopping"", ""distance_m"": null}, {""name"": ""\u0634\u0648\u0632 \u0633\u0646\u062a\u0631"", ""category"": ""shopping"", ""distance_m"": null}, {""name"": ""Pharmacie Sana Ghroubi Ep. Chaabane"", ""category"": ""hospital"", ""distance_m"": null}]","2026-03-23 14:07:28"
"35.9397","10.5548","750","[{""name"": ""Jaidane Mourad"", ""category"": ""hospital"", ""distance_m"": null}, {""name"": ""H\u00f4pital Chatt Mariem vers sousse"", ""category"": ""other"", ""distance_m"": null}, {""name"": ""Ecole Chatt Mariem vers Sousse"", ""category"": ""other"", ""distance_m"": null}, {""name"": ""Mosqu\u00e9e Chatt Mariem vers Sousse"", ""category"": ""other"", ""distance_m"": null}, {""name"": ""H\u00f4pital Chatt Mariem vers hergla"", ""category"": ""other"", ""distance_m"": null}, {""name"": ""Ecole Chatt Mariem Vers Hergla"", ""category"": ""other"", ""distance_m"": null}, {""name"": ""Mosqu\u00e9e Chatt Mariem vers hergla"", ""category"": ""other"", ""distance_m"": null}]","2026-03-23 14:07:36"
"36.8279","10.0896","750","[{""name"": ""Caf\u00e9 Bokhtiwa"", ""category"": ""restaurant"", ""distance_m"": null}, {""name"": ""El FLAYESS"", ""category"": ""shopping"", ""distance_m"": null}, {""name"": ""Monoprix Express"", ""category"": ""shopping"", ""distance_m"": null}, {""name"": ""Pharmacie du nuit"", ""category"": ""hospital"", ""distance_m"": null}, {""name"": ""Coiffure,Anis Sanaaoun"", ""category"": ""shopping"", ""distance_m"": null}, {""name"": ""\u0623\u0637\u0627\u0631"", ""category"": ""shopping"", ""distance_m"": null}, {""name"": ""quincaillerie selmani"", ""category"": ""shopping"", ""distance_m"": null}, {""name"": ""\u0623\u0637\u0627\u0631"", ""category"": ""shopping"", ""distance_m"": null}, {""name"": ""\u0639\u0632\u064a\u0632\u0629"", ""category"": ""shopping"", ""distance_m"": null}, {""name"": ""MHiRSi"", ""category"": ""shopping"", ""distance_m"": null}]","2026-03-23 14:08:26"
"36.4","10.6167","750","[{""name"": ""\u0627\u0644\u0628\u0631\u0628\u0631"", ""category"": ""restaurant"", ""distance_m"": null}, {""name"": ""Le P\u00eacheur"", ""category"": ""restaurant"", ""distance_m"": null}, {""name"": ""Boulangerie Omar Fnina"", ""category"": ""shopping"", ""distance_m"": null}, {""name"": ""Peugeot Scooters"", ""category"": ""shopping"", ""distance_m"": null}, {""name"": ""Pharmacie Hthemi Hdidane Akacha"", ""category"": ""hospital"", ""distance_m"": null}, {""name"": ""\u0639\u0632\u064a\u0632\u0629"", ""category"": ""shopping"", ""distance_m"": null}, {""name"": ""ZEN"", ""category"": ""shopping"", ""distance_m"": null}, {""name"": ""Mercerie et fournitures de costumes traditionnels espace Nadia"", ""category"": ""shopping"", ""distance_m"": null}, {""name"": ""\u0645\u0642\u0647\u0649 \u0633\u064a\u062f\u064a \u0628\u0648\u062d\u062f\u064a\u062f"", ""category"": ""restaurant"", ""distance_m"": null}, {""name"": ""\u0644\u0627 \u0631\u0627\u0645\u0628\u0644\u0627"", ""category"": ""restaurant"", ""distance_m"": null}]","2026-03-23 14:08:39"
"36.8791","10.2656","750","[{""name"": ""\u0635\u064a\u062f\u0644\u064a\u0629 \u0627\u0644\u0644\u064a\u0644"", ""category"": ""hospital"", ""distance_m"": null}, {""name"": ""\u0635\u064a\u062f\u0644\u064a\u0629 \u0627\u0644\u0644\u064a\u0644"", ""category"": ""other"", ""distance_m"": null}, {""name"": ""\u062c\u0627\u0645\u0639 \u0633\u064a\u062f\u064a \u0641\u0631\u062c"", ""category"": ""other"", ""distance_m"": null}, {""name"": ""\u0633\u0643\u0631\u0629"", ""category"": ""other"", ""distance_m"": null}, {""name"": ""P\u00e9pinni\u00e8re"", ""category"": ""shopping"", ""distance_m"": null}]","2026-03-23 14:08:51"
"36.8763","10.2582","750","[{""name"": ""\u062c\u0627\u0645\u0639 \u0633\u064a\u062f\u064a \u0641\u0631\u062c"", ""category"": ""other"", ""distance_m"": null}, {""name"": ""\u0633\u0643\u0631\u0629"", ""category"": ""other"", ""distance_m"": null}, {""name"": ""P\u00e9pinni\u00e8re"", ""category"": ""shopping"", ""distance_m"": null}]","2026-03-23 14:09:48"
"36.8525","10.2965","750","[{""name"": ""Pharmacie Olfa Znazen"", ""category"": ""hospital"", ""distance_m"": null}, {""name"": ""Chic Optic"", ""category"": ""shopping"", ""distance_m"": null}, {""name"": ""Let's Wash"", ""category"": ""shopping"", ""distance_m"": null}, {""name"": ""Goomba's Pizza"", ""category"": ""restaurant"", ""distance_m"": null}, {""name"": ""WIS cr\u00e9a print"", ""category"": ""shopping"", ""distance_m"": null}, {""name"": ""Caf\u00e9 Jardins de Carthage"", ""category"": ""restaurant"", ""distance_m"": null}, {""name"": ""\u0628\u0627\u0631\u064a\u0633\u062a\u0627\u0633 \u062d\u062f\u0627\u0626\u0642 \u0642\u0631\u0637\u0627\u062c"", ""category"": ""restaurant"", ""distance_m"": null}]","2026-03-23 14:09:53"
"36.4421","10.6945","750","[{""name"": ""Studio 55"", ""category"": ""restaurant"", ""distance_m"": null}, {""name"": ""\u00cal wafa market"", ""category"": ""shopping"", ""distance_m"": null}, {""name"": ""Zen"", ""category"": ""shopping"", ""distance_m"": null}]","2026-03-23 14:11:00"
"36.8557","10.2558","750","[{""name"": ""Boulangerie P\u00e2tisserie Bhar"", ""category"": ""shopping"", ""distance_m"": null}, {""name"": ""Yagouta"", ""category"": ""restaurant"", ""distance_m"": null}, {""name"": ""\u0645\u0648\u0646\u0648\u0628\u0631\u064a"", ""category"": ""shopping"", ""distance_m"": null}, {""name"": ""Coiffeur Chez Karim"", ""category"": ""shopping"", ""distance_m"": null}, {""name"": ""Caf\u00e9 Mosai"", ""category"": ""restaurant"", ""distance_m"": null}, {""name"": ""\u0645\u062e\u0628\u0632\u0629 \u0645\u0631\u0637\u0628\u0627\u062a"", ""category"": ""shopping"", ""distance_m"": null}, {""name"": ""Restaurant NasrALLAH"", ""category"": ""restaurant"", ""distance_m"": null}, {""name"": ""Superette Karim"", ""category"": ""shopping"", ""distance_m"": null}, {""name"": ""L'entracte"", ""category"": ""shopping"", ""distance_m"": null}, {""name"": ""Salsa"", ""category"": ""restaurant"", ""distance_m"": null}]","2026-03-23 14:11:02"
"36.8113","10.1806","750","[{""name"": ""\u0633\u0627\u062d\u0629 \u0627\u0644\u062c\u0645\u0647\u0648\u0631\u064a\u0629"", ""category"": ""other"", ""distance_m"": null}, {""name"": ""\u0633\u0627\u062d\u0629 \u0627\u0644\u062c\u0645\u0647\u0648\u0631\u064a\u0629"", ""category"": ""other"", ""distance_m"": null}, {""name"": ""\u0645\u062d\u0645\u062f \u0627\u0644\u062e\u0627\u0645\u0633"", ""category"": ""transport"", ""distance_m"": null}, {""name"": ""\u0633\u0627\u062d\u0629 \u0627\u0644\u062c\u0645\u0647\u0648\u0631\u064a\u0629"", ""category"": ""other"", ""distance_m"": null}, {""name"": ""\u0646\u064a\u0644\u0633\u0648\u0646 \u0645\u0627\u0646\u062f\u064a\u0644\u0627"", ""category"": ""other"", ""distance_m"": null}, {""name"": ""\u0633\u0627\u062d\u0629 \u0627\u0644\u062c\u0645\u0647\u0648\u0631\u064a\u0629"", ""category"": ""other"", ""distance_m"": null}, {""name"": ""\u0628\u0627\u0628 \u0627\u0644\u062e\u0636\u0631\u0627\u0621"", ""category"": ""other"", ""distance_m"": null}, {""name"": ""Caf\u00e9 des Banques"", ""category"": ""restaurant"", ""distance_m"": null}, {""name"": ""El Kenz"", ""category"": ""restaurant"", ""distance_m"": null}, {""name"": ""\u00c9picerie de Ghana"", ""category"": ""shopping"", ""distance_m"": null}]","2026-03-23 14:11:37"
"36.8471","10.1517","750","[{""name"": ""Centre X"", ""category"": ""shopping"", ""distance_m"": null}, {""name"": ""Centre Makni"", ""category"": ""shopping"", ""distance_m"": null}, {""name"": ""\u00c9cole Primaire d'El Menzah 7"", ""category"": ""school"", ""distance_m"": null}, {""name"": ""Foxy Soft"", ""category"": ""shopping"", ""distance_m"": null}, {""name"": ""Champion"", ""category"": ""shopping"", ""distance_m"": null}, {""name"": ""Avicenne Private Business School"", ""category"": ""school"", ""distance_m"": null}, {""name"": ""Mabillon"", ""category"": ""restaurant"", ""distance_m"": null}, {""name"": ""Lilla Arbia"", ""category"": ""restaurant"", ""distance_m"": null}, {""name"": ""FUEGO CAFE"", ""category"": ""restaurant"", ""distance_m"": null}, {""name"": ""Emir Auto"", ""category"": ""shopping"", ""distance_m"": null}]","2026-03-23 14:11:40"
"36.8473","10.2745","750","[{""name"": ""Citezen ship"", ""category"": ""restaurant"", ""distance_m"": null}, {""name"": ""Ephoria"", ""category"": ""shopping"", ""distance_m"": null}, {""name"": ""Break time"", ""category"": ""restaurant"", ""distance_m"": null}, {""name"": ""Lake Side"", ""category"": ""restaurant"", ""distance_m"": null}, {""name"": ""\u0627\u0644\u062c\u0627\u0645\u0639\u0629 \u0627\u0644\u0645\u062a\u0648\u0633\u0637\u064a\u0629 \u0644\u0644\u0623\u0639\u0645\u0627\u0644"", ""category"": ""school"", ""distance_m"": null}, {""name"": ""Macchiato"", ""category"": ""restaurant"", ""distance_m"": null}, {""name"": ""Pizza am\u00e9ricaine"", ""category"": ""restaurant"", ""distance_m"": null}, {""name"": ""SO-BRITISH"", ""category"": ""restaurant"", ""distance_m"": null}, {""name"": ""716 Cafe"", ""category"": ""restaurant"", ""distance_m"": null}, {""name"": ""\u0643\u0627\u0631\u0641\u0648\u0631 \u0645\u0627\u0631\u0643\u062a"", ""category"": ""shopping"", ""distance_m"": null}]","2026-03-23 14:12:03"
"36.4252","10.6309","750","[]","2026-03-23 14:12:23"
"36.8392","10.1577","750","[{""name"": ""\u0643\u0648\u0644\u0632\u064a \u0635\u0648\u0644\u0629"", ""category"": ""shopping"", ""distance_m"": null}, {""name"": ""Centre Ines"", ""category"": ""restaurant"", ""distance_m"": null}, {""name"": ""Brooklin"", ""category"": ""restaurant"", ""distance_m"": null}, {""name"": ""Nomade"", ""category"": ""restaurant"", ""distance_m"": null}, {""name"": ""\u062f\u0644\u062a\u0627 \u0645\u062f\u064a\u0643\u0627\u0644"", ""category"": ""hospital"", ""distance_m"": null}, {""name"": ""Foxy Soft"", ""category"": ""shopping"", ""distance_m"": null}, {""name"": ""Mabillon"", ""category"": ""restaurant"", ""distance_m"": null}, {""name"": ""Meublatex"", ""category"": ""shopping"", ""distance_m"": null}, {""name"": ""\u0648\u0628\u0647\u0648\u0633\u062a\u064a\u0643\u0648"", ""category"": ""shopping"", ""distance_m"": null}, {""name"": ""\u00c9cole Primaire d'El Manar 3"", ""category"": ""school"", ""distance_m"": null}]","2026-03-23 14:12:39"
"36.874","10.3187","750","[{""name"": ""Patisserie d'El Wifek"", ""category"": ""shopping"", ""distance_m"": null}, {""name"": ""Chez Hassan"", ""category"": ""shopping"", ""distance_m"": null}, {""name"": ""Le Delice"", ""category"": ""shopping"", ""distance_m"": null}, {""name"": ""Le Delice"", ""category"": ""shopping"", ""distance_m"": null}, {""name"": ""El Mawaddah Coffee"", ""category"": ""restaurant"", ""distance_m"": null}, {""name"": ""\u062c\u0648\u0632 \u0628\u064a\u062a\u0632\u0627"", ""category"": ""restaurant"", ""distance_m"": null}, {""name"": ""Le Karibou"", ""category"": ""restaurant"", ""distance_m"": null}, {""name"": ""Qian House"", ""category"": ""restaurant"", ""distance_m"": null}, {""name"": ""\u0631\u0648\u0644\u0649 \u0642\u0645\u0631\u062a"", ""category"": ""other"", ""distance_m"": null}, {""name"": ""\u0627\u0644\u0645\u0631\u0633\u0649"", ""category"": ""other"", ""distance_m"": null}]","2026-03-23 14:13:12"
"36.9173","10.2853","750","[{""name"": ""Moods"", ""category"": ""restaurant"", ""distance_m"": null}, {""name"": ""Billionaire"", ""category"": ""restaurant"", ""distance_m"": null}, {""name"": ""\u0646\u0632\u0644 \u0627\u0644\u0645\u0631\u0627\u062f\u064a"", ""category"": ""other"", ""distance_m"": null}, {""name"": ""The Kitchen"", ""category"": ""restaurant"", ""distance_m"": null}, {""name"": ""17 Heures Vin"", ""category"": ""restaurant"", ""distance_m"": null}, {""name"": ""Molo"", ""category"": ""restaurant"", ""distance_m"": null}, {""name"": ""L'Atelier"", ""category"": ""restaurant"", ""distance_m"": null}, {""name"": ""\u0645\u0637\u0639\u0645 \u0644\u064a \u0643\u0627\u0628"", ""category"": ""restaurant"", ""distance_m"": null}, {""name"": ""Tybar Cap"", ""category"": ""restaurant"", ""distance_m"": null}]","2026-03-23 14:13:16"
"36.4561","10.7358","750","[{""name"": ""Nabeul centre"", ""category"": ""other"", ""distance_m"": null}, {""name"": ""Canari"", ""category"": ""shopping"", ""distance_m"": null}, {""name"": ""Banette"", ""category"": ""shopping"", ""distance_m"": null}, {""name"": ""Spiritiueux"", ""category"": ""shopping"", ""distance_m"": null}, {""name"": ""MG City"", ""category"": ""shopping"", ""distance_m"": null}, {""name"": ""Anouar Market"", ""category"": ""shopping"", ""distance_m"": null}, {""name"": ""Le Bon Kif"", ""category"": ""restaurant"", ""distance_m"": null}, {""name"": ""Mytek Nabeul"", ""category"": ""shopping"", ""distance_m"": null}, {""name"": ""Zen"", ""category"": ""shopping"", ""distance_m"": null}, {""name"": ""Chaussures Najoua pour enfants"", ""category"": ""shopping"", ""distance_m"": null}]","2026-03-23 14:14:08"
"36.8397","10.2467","750","[{""name"": ""\u0637\u064a\u0631\u0627\u0646 \u0627\u0644\u0625\u0645\u0627\u0631\u0627\u062a"", ""category"": ""shopping"", ""distance_m"": null}, {""name"": ""Infiniti"", ""category"": ""shopping"", ""distance_m"": null}, {""name"": ""Le Palais de l'Artisanat"", ""category"": ""shopping"", ""distance_m"": null}, {""name"": ""\u0641\u0648\u0643\u0627\u062a\u0633"", ""category"": ""restaurant"", ""distance_m"": null}, {""name"": ""\u0625\u064a\u0631\u0643 \u0642\u064a\u0635\u0631"", ""category"": ""restaurant"", ""distance_m"": null}, {""name"": ""Lac Palace Shopping Mall"", ""category"": ""shopping"", ""distance_m"": null}, {""name"": ""\u0645\u0635\u062d\u0629 \u0639\u0644\u064a\u0633\u0629"", ""category"": ""hospital"", ""distance_m"": null}, {""name"": ""\u0633\u0643\u0633 \u0633\u0627\u0641\u0646"", ""category"": ""restaurant"", ""distance_m"": null}, {""name"": ""\u0645\u0648\u0646\u0631\u064a\u0627\u0644 \u0643\u0627\u0641\u064a"", ""category"": ""restaurant"", ""distance_m"": null}, {""name"": ""Aqua lounge"", ""category"": ""restaurant"", ""distance_m"": null}]","2026-03-23 14:14:11"
"36.4025","10.1431","750","[{""name"": ""\u0623\u0648\u0631\u0646\u062c"", ""category"": ""shopping"", ""distance_m"": null}, {""name"": ""Station de Louages Zaghouan"", ""category"": ""transport"", ""distance_m"": null}, {""name"": ""La Source"", ""category"": ""restaurant"", ""distance_m"": null}, {""name"": ""\u0645\u064a\u0644\u0627\u0646\u0648"", ""category"": ""restaurant"", ""distance_m"": null}, {""name"": ""Pharmacie D.Chourou"", ""category"": ""hospital"", ""distance_m"": null}, {""name"": ""\u0644\u0627\u062c\u0648\u0643\u0646\u062f\u0627"", ""category"": ""restaurant"", ""distance_m"": null}, {""name"": ""\u0643\u0631\u0648\u0629"", ""category"": ""restaurant"", ""distance_m"": null}, {""name"": ""\u0643\u0639\u0643 \u0648\u0631\u0642\u0629"", ""category"": ""shopping"", ""distance_m"": null}]","2026-03-23 14:15:03"
"36.8366","10.1948","750","[{""name"": ""Wiki Charguia"", ""category"": ""shopping"", ""distance_m"": null}, {""name"": ""MyTek"", ""category"": ""shopping"", ""distance_m"": null}, {""name"": ""\u0645\u0642\u0647\u0649 \u0627\u0644\u0631\u064a\u062d\u0627\u0646\u0629"", ""category"": ""restaurant"", ""distance_m"": null}, {""name"": ""\u062c\u064a\u062c\u064a \u0643\u0643\u0632"", ""category"": ""restaurant"", ""distance_m"": null}, {""name"": ""Caf\u00e9 Khmais"", ""category"": ""restaurant"", ""distance_m"": null}, {""name"": ""Le Bon Gout"", ""category"": ""restaurant"", ""distance_m"": null}, {""name"": ""El Mazraa"", ""category"": ""restaurant"", ""distance_m"": null}, {""name"": ""\u062a\u0627\u0631\u0632\u064a"", ""category"": ""shopping"", ""distance_m"": null}, {""name"": ""\u0628\u0627\u0631\u0627\u0641\u0631\u0645\u0627\u0633\u064a"", ""category"": ""shopping"", ""distance_m"": null}, {""name"": ""NEO DISTRIBUTION"", ""category"": ""shopping"", ""distance_m"": null}]","2026-03-23 14:15:24"
"36.8324","10.1745","750","[{""name"": ""\u0627\u0644\u0635\u064a\u062f\u0644\u064a\u0629 \u0627\u0644\u0645\u0631\u0643\u0632\u064a\u0629"", ""category"": ""hospital"", ""distance_m"": null}, {""name"": ""\u0627\u0644\u0634\u0628\u0627\u0628"", ""category"": ""other"", ""distance_m"": null}, {""name"": ""\u0627\u0644\u0634\u0628\u0627\u0628"", ""category"": ""other"", ""distance_m"": null}, {""name"": ""Kim Foto"", ""category"": ""shopping"", ""distance_m"": null}, {""name"": ""Boulangerie Patisserie Ben moussa"", ""category"": ""shopping"", ""distance_m"": null}, {""name"": ""Le zink"", ""category"": ""restaurant"", ""distance_m"": null}, {""name"": ""Dealoo.tn SHOWROOM"", ""category"": ""shopping"", ""distance_m"": null}, {""name"": ""\u0645\u0643\u062a\u0628\u0629 \u0627\u0644\u0645\u0639\u0632"", ""category"": ""shopping"", ""distance_m"": null}, {""name"": ""Pharmacie El Mahraj\u00e8ne"", ""category"": ""hospital"", ""distance_m"": null}, {""name"": ""\u0627\u0644\u0645\u062f\u0631\u0633\u0629 \u0627\u0644\u0644\u064a\u0628\u064a\u0629"", ""category"": ""school"", ""distance_m"": null}]","2026-03-23 14:15:36"
"36.8984","10.3007","750","[{""name"": ""P\u00e2tisserie Ayem Zmen"", ""category"": ""shopping"", ""distance_m"": null}, {""name"": ""Caf\u00e9 Elyes"", ""category"": ""restaurant"", ""distance_m"": null}, {""name"": ""Pharmacie Gammarth"", ""category"": ""hospital"", ""distance_m"": null}, {""name"": ""Plaisirs Sucr\u00e9s"", ""category"": ""shopping"", ""distance_m"": null}, {""name"": ""Les Plaisirs de la bouche"", ""category"": ""shopping"", ""distance_m"": null}, {""name"": ""Caf\u00e9taria L'Avenir"", ""category"": ""restaurant"", ""distance_m"": null}, {""name"": ""\u0645\u0642\u0647\u0627 \u0627\u0644\u0635\u0646\u0648\u0628\u0631"", ""category"": ""restaurant"", ""distance_m"": null}, {""name"": ""Caf\u00e9 Bellevue"", ""category"": ""restaurant"", ""distance_m"": null}, {""name"": ""El Mazraa"", ""category"": ""shopping"", ""distance_m"": null}, {""name"": ""Oueld El 7added"", ""category"": ""shopping"", ""distance_m"": null}]","2026-03-23 14:15:56"
"36.8863","10.2186","750","[{""name"": ""\u0643\u0627\u0631\u0641\u0648\u0631 \u0645\u0627\u0631\u0643\u062a"", ""category"": ""shopping"", ""distance_m"": null}, {""name"": ""\u0633\u064a\u062f\u064a \u0635\u0627\u0644\u062d"", ""category"": ""other"", ""distance_m"": null}, {""name"": ""\u062c\u0627\u0645\u0639 \u0633\u064a\u062f\u064a \u0635\u0627\u0644\u062d"", ""category"": ""other"", ""distance_m"": null}]","2026-03-23 14:16:35"
"36.8645","10.2722","750","[{""name"": ""Harzallah In\u00e8s Ep Louati"", ""category"": ""hospital"", ""distance_m"": null}, {""name"": ""\u0645\u0648\u0646\u0648\u0628\u0631\u064a"", ""category"": ""shopping"", ""distance_m"": null}, {""name"": ""\u0643\u0627\u0631\u0641\u0648\u0631 \u0625\u0643\u0633\u0628\u0631\u064a\u0633"", ""category"": ""shopping"", ""distance_m"": null}, {""name"": ""\u0627\u0633\u0645\u0627\u0643 \u0627\u0644\u0628\u062d\u0631 \u0627\u0644\u0627\u0628\u064a\u0636 \u0627\u0644\u0645\u062a\u0648\u0633\u0637"", ""category"": ""shopping"", ""distance_m"": null}, {""name"": ""\u0645\u062c\u0632\u0631\u0629 \u062d\u0633\u0627\u0646"", ""category"": ""shopping"", ""distance_m"": null}, {""name"": ""\u0639\u0632\u064a\u0632\u0629"", ""category"": ""shopping"", ""distance_m"": null}, {""name"": ""Pharmacie Darghouth"", ""category"": ""hospital"", ""distance_m"": null}, {""name"": ""Orthomed Sant\u00e9"", ""category"": ""shopping"", ""distance_m"": null}, {""name"": ""\u0645\u0637\u0639\u0645 \u0627\u0644\u062e\u064a\u0645\u0629 \u0644\u0644\u0645\u0623\u0643\u0648\u0644\u0627\u062a \u0627\u0644\u0644\u064a\u0628\u064a\u0629"", ""category"": ""restaurant"", ""distance_m"": null}, {""name"": ""\u0627\u0644\u0643\u0648\u064a\u062c\u064a\u0646\u0629"", ""category"": ""restaurant"", ""distance_m"": null}]","2026-03-23 14:16:40"
"36.4513","10.7357","750","[{""name"": ""Nabeul centre"", ""category"": ""other"", ""distance_m"": null}, {""name"": ""Canari"", ""category"": ""shopping"", ""distance_m"": null}, {""name"": ""Banette"", ""category"": ""shopping"", ""distance_m"": null}, {""name"": ""Spiritiueux"", ""category"": ""shopping"", ""distance_m"": null}, {""name"": ""Magro"", ""category"": ""shopping"", ""distance_m"": null}, {""name"": ""MG City"", ""category"": ""shopping"", ""distance_m"": null}, {""name"": ""Pharmacie Ladhib"", ""category"": ""hospital"", ""distance_m"": null}, {""name"": ""Le Bon Kif"", ""category"": ""restaurant"", ""distance_m"": null}, {""name"": ""Zen"", ""category"": ""shopping"", ""distance_m"": null}, {""name"": ""Chaussures Najoua pour enfants"", ""category"": ""shopping"", ""distance_m"": null}]","2026-03-23 14:17:24"
"36.8525","10.1577","750","[{""name"": ""\u0645\u0642\u0647\u0649 \u0627\u0644\u0623\u0645\u064a\u0631"", ""category"": ""restaurant"", ""distance_m"": null}, {""name"": ""\u0627\u0644\u0645\u063a\u0627\u0632\u0629 \u0627\u0644\u0639\u0627\u0645\u0629"", ""category"": ""shopping"", ""distance_m"": null}, {""name"": ""\u00c9cole Primaire d'El Menzah 7"", ""category"": ""school"", ""distance_m"": null}, {""name"": ""Monoprix"", ""category"": ""shopping"", ""distance_m"": null}, {""name"": ""\u0627\u0644\u0645\u062f\u0631\u0633\u0629 \u0627\u0644\u0625\u0628\u062a\u062f\u0627\u0626\u064a\u0629"", ""category"": ""school"", ""distance_m"": null}, {""name"": ""\u0645\u062f\u0631\u0633\u0629 \u062b\u0627\u0646\u0648\u064a\u0629"", ""category"": ""school"", ""distance_m"": null}, {""name"": ""\u062a\u0642\u0627\u0633\u064a\u0645"", ""category"": ""shopping"", ""distance_m"": null}, {""name"": ""\u0643\u0627\u0631\u0648\u0633\u0627\u0644"", ""category"": ""restaurant"", ""distance_m"": null}, {""name"": ""\u062f\u0648\u0644\u062a\u0634\u064a \u0641\u064a\u062a\u0627"", ""category"": ""restaurant"", ""distance_m"": null}, {""name"": ""\u0644\u0646\u0633\u062a\u0631\u0627"", ""category"": ""restaurant"", ""distance_m"": null}]","2026-03-23 14:17:32"
"36.908","10.2","750","[]","2026-03-23 14:17:52"
"36.8698","10.3414","750","[{""name"": ""\u0633\u064a\u062f\u064a \u0627\u0644\u0638\u0631\u064a\u0641"", ""category"": ""other"", ""distance_m"": null}, {""name"": ""\u0633\u064a\u062f\u064a \u0628\u0648\u0633\u0639\u064a\u062f"", ""category"": ""other"", ""distance_m"": null}, {""name"": ""\u0642\u0631\u0637\u0627\u062c \u0623\u0645\u064a\u0644\u0643\u0627\u0631"", ""category"": ""other"", ""distance_m"": null}, {""name"": ""\u0642\u0631\u0637\u0627\u062c \u0623\u0645\u064a\u0644\u0643\u0627\u0631"", ""category"": ""other"", ""distance_m"": null}, {""name"": ""\u0633\u064a\u062f\u064a \u0627\u0644\u0638\u0631\u064a\u0641"", ""category"": ""other"", ""distance_m"": null}, {""name"": ""\u0633\u064a\u062f\u064a \u0628\u0648\u0633\u0639\u064a\u062f"", ""category"": ""other"", ""distance_m"": null}, {""name"": ""High coffee Shop \u0627\u0644\u0642\u0647\u0648\u0629 \u0627\u0644\u0639\u0627\u0644\u064a\u0629"", ""category"": ""restaurant"", ""distance_m"": null}, {""name"": ""Le Tam Tam"", ""category"": ""restaurant"", ""distance_m"": null}, {""name"": ""Hammadi caf\u00e9 lyhoud"", ""category"": ""restaurant"", ""distance_m"": null}, {""name"": ""Art Gallery 'El Artista'"", ""category"": ""shopping"", ""distance_m"": null}]","2026-03-23 14:18:17"
"36.8924","10.3119","750","[{""name"": ""sahbani"", ""category"": ""restaurant"", ""distance_m"": null}, {""name"": ""Caf\u00e9taria BelHsen"", ""category"": ""restaurant"", ""distance_m"": null}, {""name"": ""Le Pain Chaud"", ""category"": ""shopping"", ""distance_m"": null}, {""name"": ""Ben Mehrez"", ""category"": ""restaurant"", ""distance_m"": null}, {""name"": ""\u0639\u0632\u064a\u0632\u0629"", ""category"": ""shopping"", ""distance_m"": null}, {""name"": ""Ooredoo"", ""category"": ""shopping"", ""distance_m"": null}, {""name"": ""Elyes"", ""category"": ""shopping"", ""distance_m"": null}, {""name"": ""Chez Monji"", ""category"": ""restaurant"", ""distance_m"": null}, {""name"": ""Caf\u00e9 Amir"", ""category"": ""restaurant"", ""distance_m"": null}, {""name"": ""\u0627\u0644\u0645\u0632\u0631\u0639\u0629"", ""category"": ""shopping"", ""distance_m"": null}]","2026-03-23 14:18:29"
"36.8607","10.3245","750","[{""name"": ""Le Macaron Mme Bouzguanda"", ""category"": ""restaurant"", ""distance_m"": null}, {""name"": ""The Hills"", ""category"": ""restaurant"", ""distance_m"": null}, {""name"": ""\u0641\u0646\u064a\u0643\u0633 \u0642\u0631\u0637\u0627\u062c"", ""category"": ""other"", ""distance_m"": null}, {""name"": ""\u0645\u0633\u0631\u062d \u0642\u0631\u0637\u0627\u062c"", ""category"": ""other"", ""distance_m"": null}]","2026-03-23 14:18:43"
"36.8271","10.1838","750","[{""name"": ""\u062d\u064a \u0627\u0644\u062e\u0636\u0631\u0627\u0621"", ""category"": ""transport"", ""distance_m"": null}, {""name"": ""\u0627\u0644\u062d\u062f\u0627\u0626\u0642"", ""category"": ""transport"", ""distance_m"": null}, {""name"": ""\u0627\u0644\u0634\u0628\u0627\u0628"", ""category"": ""other"", ""distance_m"": null}, {""name"": ""\u0635\u064a\u062f\u0644\u064a\u0629 \u0627\u0644\u0645\u0639\u0627\u0644\u062c"", ""category"": ""hospital"", ""distance_m"": null}, {""name"": ""\u0627\u0644\u0634\u0628\u0627\u0628"", ""category"": ""other"", ""distance_m"": null}, {""name"": ""\u0633\u064a\u0633\u0627\u0645 \u0645\u062a\u062c\u0631 \u062f\u0628\u0644\u0648\u0645\u0627\u0633\u064a \u0645\u062c\u0627\u0646\u064a"", ""category"": ""shopping"", ""distance_m"": null}, {""name"": ""\u0643\u0627\u0641\u062a\u064a\u0631\u064a\u0627 \u0639\u0632\u064a\u0632"", ""category"": ""restaurant"", ""distance_m"": null}, {""name"": ""\u062a\u0648\u0646\u0633\u064a\u0627\u0646\u062a"", ""category"": ""shopping"", ""distance_m"": null}, {""name"": ""iSpace - Revendeur Agr\u00e9\u00e9 Apple"", ""category"": ""shopping"", ""distance_m"": null}, {""name"": ""Pharmacie El Mahraj\u00e8ne"", ""category"": ""hospital"", ""distance_m"": null}]","2026-03-23 14:18:52"
"36.8491","10.1969","750","[{""name"": ""\u0627\u0644\u0627\u0633\u062a\u0642\u0644\u0627\u0644"", ""category"": ""other"", ""distance_m"": null}, {""name"": ""\u0645\u062f\u064a\u0646\u0629 \u0627\u0644\u0639\u0644\u0648\u0645"", ""category"": ""other"", ""distance_m"": null}, {""name"": ""\u00c9picier"", ""category"": ""shopping"", ""distance_m"": null}, {""name"": ""Caf\u00e9 Garna"", ""category"": ""restaurant"", ""distance_m"": null}, {""name"": ""\u0627\u0644\u0627\u0633\u062a\u0642\u0644\u0627\u0644"", ""category"": ""other"", ""distance_m"": null}, {""name"": ""\u0645\u062f\u064a\u0646\u0629 \u0627\u0644\u0639\u0644\u0648\u0645"", ""category"": ""other"", ""distance_m"": null}, {""name"": ""Alcazar Sal\u00f3n de Th\u00e8"", ""category"": ""restaurant"", ""distance_m"": null}, {""name"": ""Caf\u00e9 Speranza"", ""category"": ""shopping"", ""distance_m"": null}, {""name"": ""Esspresso house"", ""category"": ""restaurant"", ""distance_m"": null}, {""name"": ""Joe's pizza"", ""category"": ""restaurant"", ""distance_m"": null}]","2026-03-23 14:19:06"
"36.8186","10.1801","750","[{""name"": ""\u0645\u062d\u0645\u062f \u0627\u0644\u062e\u0627\u0645\u0633"", ""category"": ""transport"", ""distance_m"": null}, {""name"": ""\u0641\u0644\u0633\u0637\u064a\u0646"", ""category"": ""transport"", ""distance_m"": null}, {""name"": ""\u0627\u0644\u062d\u062f\u0627\u0626\u0642"", ""category"": ""transport"", ""distance_m"": null}, {""name"": ""\u0641\u0644\u0633\u0637\u064a\u0646"", ""category"": ""other"", ""distance_m"": null}, {""name"": ""\u0635\u064a\u062f\u0644\u064a\u0629 \u0627\u0644\u0645\u0639\u0627\u0644\u062c"", ""category"": ""hospital"", ""distance_m"": null}, {""name"": ""\u0643\u0627\u0628\u0648\u062a\u0634\u064a\u0646\u0648"", ""category"": ""restaurant"", ""distance_m"": null}, {""name"": ""\u0646\u0627\u062f\u064a \u0627\u0644\u0636\u0628\u0627\u0637"", ""category"": ""restaurant"", ""distance_m"": null}, {""name"": ""\u0643\u0627\u0631\u0641\u0648\u0631 \u0645\u0627\u0631\u0643\u062a"", ""category"": ""shopping"", ""distance_m"": null}, {""name"": ""\u0641\u064a\u0644\u0627 78"", ""category"": ""restaurant"", ""distance_m"": null}, {""name"": ""\u0627\u0644\u0623\u062b\u064a\u0631"", ""category"": ""shopping"", ""distance_m"": null}]","2026-03-23 14:19:49"
"36.8737","10.265","750","[{""name"": ""\u0635\u064a\u062f\u0644\u064a\u0629 \u0627\u0644\u0644\u064a\u0644"", ""category"": ""hospital"", ""distance_m"": null}, {""name"": ""\u0645\u0646\u062a\u0632\u0647 \u0633\u0643\u0631\u0629"", ""category"": ""other"", ""distance_m"": null}, {""name"": ""\u0635\u064a\u062f\u0644\u064a\u0629 \u0627\u0644\u0644\u064a\u0644"", ""category"": ""other"", ""distance_m"": null}, {""name"": ""\u062c\u0627\u0645\u0639 \u0633\u064a\u062f\u064a \u0641\u0631\u062c"", ""category"": ""other"", ""distance_m"": null}, {""name"": ""P\u00e9pinni\u00e8re"", ""category"": ""shopping"", ""distance_m"": null}]","2026-03-23 14:20:10"
"36.8402","10.1773","750","[{""name"": ""\u0627\u0644\u062d\u064a \u0627\u0644\u0631\u064a\u0627\u0636\u064a"", ""category"": ""other"", ""distance_m"": null}, {""name"": ""Trocadero"", ""category"": ""restaurant"", ""distance_m"": null}, {""name"": ""\u0627\u0644\u062d\u064a \u0627\u0644\u0631\u064a\u0627\u0636\u064a"", ""category"": ""other"", ""distance_m"": null}, {""name"": ""El Matador"", ""category"": ""restaurant"", ""distance_m"": null}, {""name"": ""Kim Foto"", ""category"": ""shopping"", ""distance_m"": null}, {""name"": ""10 \u062f\u064a\u0633\u0645\u0628\u0631 1984"", ""category"": ""other"", ""distance_m"": null}, {""name"": ""Smart Caf\u00e9"", ""category"": ""restaurant"", ""distance_m"": null}, {""name"": ""\u0637\u062c 21"", ""category"": ""transport"", ""distance_m"": null}, {""name"": ""Boulangerie Patisserie Ben moussa"", ""category"": ""shopping"", ""distance_m"": null}, {""name"": ""Le zink"", ""category"": ""restaurant"", ""distance_m"": null}]","2026-03-23 14:20:12"
"36.8891","10.3223","750","[{""name"": ""Librairie Ben Majed"", ""category"": ""shopping"", ""distance_m"": null}, {""name"": ""Boucherie Sallem"", ""category"": ""shopping"", ""distance_m"": null}, {""name"": ""La Librairie"", ""category"": ""shopping"", ""distance_m"": null}, {""name"": ""Vegas Club La Marsa"", ""category"": ""restaurant"", ""distance_m"": null}, {""name"": ""\u00c9cole Primaire de la rue des Roses"", ""category"": ""school"", ""distance_m"": null}, {""name"": ""sahbani"", ""category"": ""restaurant"", ""distance_m"": null}, {""name"": ""Ice'n Roll"", ""category"": ""shopping"", ""distance_m"": null}, {""name"": ""Geek"", ""category"": ""restaurant"", ""distance_m"": null}, {""name"": ""Priv\u00e9 Coiffure"", ""category"": ""shopping"", ""distance_m"": null}, {""name"": ""Amina Optique"", ""category"": ""shopping"", ""distance_m"": null}]","2026-03-23 14:21:06"
"36.4371","10.707","750","[{""name"": ""Sidi Mahrsi"", ""category"": ""restaurant"", ""distance_m"": null}, {""name"": ""The Border Tunisia"", ""category"": ""restaurant"", ""distance_m"": null}, {""name"": ""Super Prix Market"", ""category"": ""shopping"", ""distance_m"": null}, {""name"": ""Sperenza"", ""category"": ""restaurant"", ""distance_m"": null}, {""name"": ""Omar resto"", ""category"": ""restaurant"", ""distance_m"": null}, {""name"": ""El Khalidiya"", ""category"": ""shopping"", ""distance_m"": null}, {""name"": ""Superette Bahroun Afifa"", ""category"": ""shopping"", ""distance_m"": null}, {""name"": ""Alimentation de Salem"", ""category"": ""shopping"", ""distance_m"": null}, {""name"": ""Le Cadre Flower"", ""category"": ""shopping"", ""distance_m"": null}, {""name"": ""Superette S\u00e9lima"", ""category"": ""shopping"", ""distance_m"": null}]","2026-03-23 14:21:32"
"36.8626","10.2867","750","[{""name"": ""\u062d\u0627\u0644\u0629 \u0637\u0648\u0627\u0631\u0626"", ""category"": ""hospital"", ""distance_m"": null}, {""name"": ""\u0627\u0644\u062f\u0648\u0642\u0629"", ""category"": ""restaurant"", ""distance_m"": null}, {""name"": ""Pharmacie Zied Ammar"", ""category"": ""hospital"", ""distance_m"": null}, {""name"": ""Kalifa Coiff"", ""category"": ""shopping"", ""distance_m"": null}, {""name"": ""\u0627\u0644\u0632\u0648\u064a\u062f\u064a\u0629 20\u0623"", ""category"": ""other"", ""distance_m"": null}, {""name"": ""\u0639\u064a\u0646 \u0632\u063a\u0648\u0627\u0646"", ""category"": ""other"", ""distance_m"": null}, {""name"": ""\u0634\u062a\u064a\u0648\u064a"", ""category"": ""other"", ""distance_m"": null}, {""name"": ""\u0645\u0646\u062c\u064a \u0633\u0644\u064a\u0645"", ""category"": ""other"", ""distance_m"": null}, {""name"": ""\u0627\u0644\u0632\u0648\u064a\u062f\u064a\u0629"", ""category"": ""other"", ""distance_m"": null}, {""name"": ""\u0646\u0647\u062c \u0627\u0644\u0639\u0631\u0627\u0642"", ""category"": ""other"", ""distance_m"": null}]","2026-03-23 14:22:03"
"36.7823","10.9864","750","[{""name"": ""\u0627\u0644\u0645\u062f\u0631\u0633\u0629 \u0627\u0644\u0627\u0628\u062a\u062f\u0627\u0626\u064a\u0629 \u0646\u0647\u062c \u0632\u0647\u064a\u0648\u0629"", ""category"": ""school"", ""distance_m"": null}, {""name"": ""La Reine"", ""category"": ""restaurant"", ""distance_m"": null}, {""name"": ""Pharmacie Sahmim"", ""category"": ""hospital"", ""distance_m"": null}, {""name"": ""\u0635\u064a\u062f\u0644\u064a\u0629 \u0627\u0644\u0644\u064a\u0644"", ""category"": ""hospital"", ""distance_m"": null}, {""name"": ""Mandila"", ""category"": ""restaurant"", ""distance_m"": null}, {""name"": ""Caf\u00e9 Zhioua"", ""category"": ""restaurant"", ""distance_m"": null}, {""name"": ""Ben Sedrine"", ""category"": ""hospital"", ""distance_m"": null}, {""name"": ""Patisserie L'Artisto"", ""category"": ""shopping"", ""distance_m"": null}]","2026-03-23 14:22:19"
"36.8682","10.3197","750","[{""name"": ""Patisserie d'El Wifek"", ""category"": ""shopping"", ""distance_m"": null}, {""name"": ""La Brocante Meubles"", ""category"": ""shopping"", ""distance_m"": null}, {""name"": ""Presse Toi"", ""category"": ""shopping"", ""distance_m"": null}, {""name"": ""Chez Hassan"", ""category"": ""shopping"", ""distance_m"": null}, {""name"": ""Le Delice"", ""category"": ""shopping"", ""distance_m"": null}, {""name"": ""Le Delice"", ""category"": ""shopping"", ""distance_m"": null}, {""name"": ""El Mawaddah Coffee"", ""category"": ""restaurant"", ""distance_m"": null}, {""name"": ""Cesar Lounge"", ""category"": ""restaurant"", ""distance_m"": null}, {""name"": ""\u062c\u0648\u0632 \u0628\u064a\u062a\u0632\u0627"", ""category"": ""restaurant"", ""distance_m"": null}, {""name"": ""Le Karibou"", ""category"": ""restaurant"", ""distance_m"": null}]","2026-03-23 14:22:44"
"36.8849","10.2961","750","[{""name"": ""Pain D\u00e9lice"", ""category"": ""shopping"", ""distance_m"": null}, {""name"": ""20b / 52"", ""category"": ""other"", ""distance_m"": null}, {""name"": ""L'\u00e9pi-cerise"", ""category"": ""shopping"", ""distance_m"": null}, {""name"": ""\u0628\u0646 \u0645\u062d\u0645\u0648\u062f"", ""category"": ""other"", ""distance_m"": null}, {""name"": ""\u062d\u064a \u0627\u0644\u062e\u0644\u064a\u0644"", ""category"": ""other"", ""distance_m"": null}]","2026-03-23 14:23:25"
"36.8845","10.2554","750","[{""name"": ""3 \u0634\u0637\u0631\u0627\u0646\u0629"", ""category"": ""other"", ""distance_m"": null}, {""name"": ""\u0633\u0643\u0631\u0629"", ""category"": ""other"", ""distance_m"": null}, {""name"": ""\u0646\u0627\u062f\u064a \u0627\u0644\u062d\u0631\u0633 \u0627\u0644\u0648\u0637\u0646\u064a"", ""category"": ""other"", ""distance_m"": null}]","2026-03-23 14:23:46"
"36.8447","10.1395","750","[{""name"": ""\u062d\u062f\u0627\u0626\u0642 \u0627\u0644\u0645\u0646\u0632\u0647 1"", ""category"": ""other"", ""distance_m"": null}]","2026-03-23 14:24:04"
"36.7836","10.232","750","[{""name"": ""Gaddour"", ""category"": ""shopping"", ""distance_m"": null}, {""name"": ""Microlux"", ""category"": ""shopping"", ""distance_m"": null}, {""name"": ""\u0645\u0642\u0647\u064a \u0639\u064a\u0627\u062f"", ""category"": ""other"", ""distance_m"": null}, {""name"": ""\u0645\u0648\u0627\u062f \u063a\u0630\u0627\u0626\u064a\u0629 \u0639\u0627\u0645\u0629 - \u0645\u0646\u064a\u0629"", ""category"": ""shopping"", ""distance_m"": null}, {""name"": ""\u0637\u0627\u0628\u0648\u0646\u0629"", ""category"": ""shopping"", ""distance_m"": null}, {""name"": ""\u0645\u0648\u0627\u062f \u063a\u0630\u0627\u0626\u064a\u0629 \u0639\u0627\u0645\u0629"", ""category"": ""shopping"", ""distance_m"": null}, {""name"": ""\u0645\u0648\u0627\u062f \u063a\u0630\u0627\u0626\u064a\u0629 \u0639\u0627\u0645\u0629"", ""category"": ""shopping"", ""distance_m"": null}, {""name"": ""\u0628\u064a\u0639 \u0645\u0644\u0627\u0628\u0633 \u0646\u0633\u0627\u0626\u064a\u0629"", ""category"": ""shopping"", ""distance_m"": null}, {""name"": ""\u0639\u0628\u0627\u0633\u064a"", ""category"": ""shopping"", ""distance_m"": null}, {""name"": ""\u062d\u0644\u0627\u0642\u0629 \u0644\u0644\u0631\u062c\u0627\u0644"", ""category"": ""shopping"", ""distance_m"": null}]","2026-03-23 14:24:34"
"36.868","10.2404","750","[{""name"": ""Leaf's"", ""category"": ""restaurant"", ""distance_m"": null}, {""name"": ""Le Petit Golf"", ""category"": ""restaurant"", ""distance_m"": null}, {""name"": ""\u0646\u0627\u062f\u064a \u0627\u0644\u0623\u0645\u0646 \u0627\u0644\u0648\u0637\u0646\u064a"", ""category"": ""other"", ""distance_m"": null}, {""name"": ""\u0634\u0627\u0631\u0639 \u0627\u0644\u0645\u0637\u0627\u0631"", ""category"": ""other"", ""distance_m"": null}, {""name"": ""Caf\u00e9"", ""category"": ""restaurant"", ""distance_m"": null}]","2026-03-23 14:25:34"
"36.866","10.1939","750","[{""name"": ""Pharmacie Hassen Ben Hfaiedh"", ""category"": ""hospital"", ""distance_m"": null}, {""name"": ""\u0645\u0642\u0647\u064a \u0627\u0644\u0632\u064a\u062a\u0648\u0646\u0629"", ""category"": ""restaurant"", ""distance_m"": null}, {""name"": ""\u0645\u0642\u0647\u0649 \u0627\u0644\u0646\u0632\u0647\u0629"", ""category"": ""restaurant"", ""distance_m"": null}, {""name"": ""Soci\u00e9t\u00e9 La Turquoise"", ""category"": ""shopping"", ""distance_m"": null}, {""name"": ""Ghorbel Optic"", ""category"": ""shopping"", ""distance_m"": null}, {""name"": ""\u0645\u063a\u0627\u0632\u0629 \u0628\u0646 \u0633\u062f\u0631\u064a\u0646"", ""category"": ""shopping"", ""distance_m"": null}, {""name"": ""\u0644\u0648\u0627\u0632\u0645 \u0627\u0644\u062e\u064a\u0627\u0637\u0629"", ""category"": ""shopping"", ""distance_m"": null}, {""name"": ""Vente de mat\u00e9riel domestique"", ""category"": ""shopping"", ""distance_m"": null}, {""name"": ""Vente de mat\u00e9riel domestique"", ""category"": ""shopping"", ""distance_m"": null}, {""name"": ""\u0645\u063a\u0627\u0632\u0629 \u062a\u0642\u0627\u0644\u064a\u062f"", ""category"": ""shopping"", ""distance_m"": null}]","2026-03-23 14:25:47"
"36.8599","10.2649","750","[{""name"": ""\u0645\u062e\u0628\u0632\u0629 \u0645\u0631\u0637\u0628\u0627\u062a"", ""category"": ""shopping"", ""distance_m"": null}, {""name"": ""Up & Down"", ""category"": ""restaurant"", ""distance_m"": null}, {""name"": ""Bombay"", ""category"": ""restaurant"", ""distance_m"": null}, {""name"": ""Mon Boucher"", ""category"": ""shopping"", ""distance_m"": null}, {""name"": ""Boulangerie-Patisserie Banette"", ""category"": ""shopping"", ""distance_m"": null}, {""name"": ""Mac Tunis"", ""category"": ""restaurant"", ""distance_m"": null}, {""name"": ""Le petit caf\u00e9"", ""category"": ""restaurant"", ""distance_m"": null}, {""name"": ""Magi"", ""category"": ""shopping"", ""distance_m"": null}, {""name"": ""Magasin"", ""category"": ""shopping"", ""distance_m"": null}, {""name"": ""\u0639\u0632\u064a\u0632\u0629"", ""category"": ""shopping"", ""distance_m"": null}]","2026-03-23 14:26:36"
"36.866","10.3091","750","[{""name"": ""Cafeteria Mosaique"", ""category"": ""restaurant"", ""distance_m"": null}, {""name"": ""Meublatex"", ""category"": ""shopping"", ""distance_m"": null}, {""name"": ""Miel de Foret"", ""category"": ""shopping"", ""distance_m"": null}, {""name"": ""Marsa Mode"", ""category"": ""other"", ""distance_m"": null}, {""name"": ""La Brocante Meubles"", ""category"": ""shopping"", ""distance_m"": null}, {""name"": ""Presse Toi"", ""category"": ""shopping"", ""distance_m"": null}, {""name"": ""Chez Hassan"", ""category"": ""shopping"", ""distance_m"": null}, {""name"": ""Materna"", ""category"": ""shopping"", ""distance_m"": null}, {""name"": ""Geox"", ""category"": ""shopping"", ""distance_m"": null}, {""name"": ""Super Sport Marsa"", ""category"": ""shopping"", ""distance_m"": null}]","2026-03-23 14:26:42"
"36.8806","10.1717","750","[{""name"": ""Takacim"", ""category"": ""shopping"", ""distance_m"": null}, {""name"": ""\u062d\u064a \u0627\u0644\u063a\u0632\u0627\u0644\u0629"", ""category"": ""other"", ""distance_m"": null}, {""name"": ""\u062a\u0642\u0627\u0637\u0639 \u0631\u064a\u0627\u0636 \u0627\u0644\u0627\u0646\u062f\u0644\u0633"", ""category"": ""other"", ""distance_m"": null}, {""name"": ""\u0645\u0639\u0645\u0644 \u0627\u0644\u0631\u062e\u0627\u0645"", ""category"": ""other"", ""distance_m"": null}, {""name"": ""\u0645\u0635\u0646\u0639 \u0627\u0644\u0628\u0644\u0627\u0637"", ""category"": ""other"", ""distance_m"": null}, {""name"": ""\u0627\u0644\u0645\u062f\u0631\u0633\u0629 \u0627\u0644\u0627\u0628\u062a\u062f\u0627\u0626\u064a\u0629 \u0631\u064a\u0627\u0636 \u0627\u0644\u0627\u0646\u062f\u0644\u0633"", ""category"": ""school"", ""distance_m"": null}]","2026-03-23 14:27:00"
"36.8592","10.2772","750","[{""name"": ""Harzallah In\u00e8s Ep Louati"", ""category"": ""hospital"", ""distance_m"": null}, {""name"": ""\u0623\u0631\u064a\u0641\u0644\u0627\u0645 \u0627\u0644\u0645\u0631\u0633\u0649"", ""category"": ""shopping"", ""distance_m"": null}, {""name"": ""\u0643\u0627\u0631\u0641\u0648\u0631 \u0625\u0643\u0633\u0628\u0631\u064a\u0633"", ""category"": ""shopping"", ""distance_m"": null}, {""name"": ""\u0627\u0633\u0645\u0627\u0643 \u0627\u0644\u0628\u062d\u0631 \u0627\u0644\u0627\u0628\u064a\u0636 \u0627\u0644\u0645\u062a\u0648\u0633\u0637"", ""category"": ""shopping"", ""distance_m"": null}, {""name"": ""\u0645\u062c\u0632\u0631\u0629 \u062d\u0633\u0627\u0646"", ""category"": ""shopping"", ""distance_m"": null}, {""name"": ""\u0639\u0632\u064a\u0632\u0629"", ""category"": ""shopping"", ""distance_m"": null}, {""name"": ""\u0628\u0642\u0627\u0644\u0629"", ""category"": ""shopping"", ""distance_m"": null}, {""name"": ""Pharmacie Darghouth"", ""category"": ""hospital"", ""distance_m"": null}, {""name"": ""Orthomed Sant\u00e9"", ""category"": ""shopping"", ""distance_m"": null}, {""name"": ""Kalifa Coiff"", ""category"": ""shopping"", ""distance_m"": null}]","2026-03-23 14:27:13"
"36.8305","10.1969","750","[{""name"": ""\u0628\u064a \u0625\u0645 \u062f\u0628\u0644\u064a\u0648"", ""category"": ""shopping"", ""distance_m"": null}, {""name"": ""\u062d\u064a \u0627\u0644\u062e\u0636\u0631\u0627\u0621"", ""category"": ""transport"", ""distance_m"": null}, {""name"": ""\u0627\u0644\u0645\u0631\u0643\u0632 \u0627\u0644\u0645\u0646\u062f\u0645\u062c \u0644\u0644\u0634\u0628\u0627\u0628 \u0648\u0627\u0644\u0637\u0641\u0648\u0644\u0629 \u0628\u0627\u0644\u062e\u0636\u0631\u0627\u0621"", ""category"": ""hospital"", ""distance_m"": null}, {""name"": ""NafNaf"", ""category"": ""shopping"", ""distance_m"": null}, {""name"": ""\u0645\u0635\u062d\u0629 \u0627\u0628\u0646 \u0632\u0647\u0631"", ""category"": ""hospital"", ""distance_m"": null}, {""name"": ""MyTek"", ""category"": ""shopping"", ""distance_m"": null}, {""name"": ""\u0645\u0642\u0647\u0649 \u0627\u0644\u0631\u064a\u062d\u0627\u0646\u0629"", ""category"": ""restaurant"", ""distance_m"": null}, {""name"": ""\u062c\u064a\u062c\u064a \u0643\u0643\u0632"", ""category"": ""restaurant"", ""distance_m"": null}, {""name"": ""Caf\u00e9 Khmais"", ""category"": ""restaurant"", ""distance_m"": null}, {""name"": ""Le Bon Gout"", ""category"": ""restaurant"", ""distance_m"": null}]","2026-03-23 14:27:51"
"36.8625","10.1692","750","[{""name"": ""\u0625\u0643\u0631\u0627\u0645"", ""category"": ""shopping"", ""distance_m"": null}, {""name"": ""\u0644\u0627 \u0644\u0648\u0646\u0627"", ""category"": ""restaurant"", ""distance_m"": null}, {""name"": ""\u0644\u0627 \u0641\u0627\u0644\u0627\u0646"", ""category"": ""restaurant"", ""distance_m"": null}, {""name"": ""\u0643\u0627\u0628\u0627\u0646\u0627 \u0643\u0627\u0641\u064a"", ""category"": ""restaurant"", ""distance_m"": null}, {""name"": ""Venezia"", ""category"": ""restaurant"", ""distance_m"": null}, {""name"": ""Coll\u00e8ge Riadh Ennasr Ariana"", ""category"": ""school"", ""distance_m"": null}, {""name"": ""\u0643\u0648\u064a\u0646"", ""category"": ""restaurant"", ""distance_m"": null}, {""name"": ""\u0645\u0648\u0646\u0648\u0628\u0631\u064a"", ""category"": ""shopping"", ""distance_m"": null}, {""name"": ""Chabrouch"", ""category"": ""restaurant"", ""distance_m"": null}, {""name"": ""Aladin"", ""category"": ""restaurant"", ""distance_m"": null}]","2026-03-23 14:27:55"
"36.8213","10.1892","750","[{""name"": ""\u0641\u0644\u0633\u0637\u064a\u0646"", ""category"": ""transport"", ""distance_m"": null}, {""name"": ""\u0627\u0644\u062d\u062f\u0627\u0626\u0642"", ""category"": ""transport"", ""distance_m"": null}, {""name"": ""\u0643\u0627\u0628\u0648\u062a\u0634\u064a\u0646\u0648"", ""category"": ""restaurant"", ""distance_m"": null}, {""name"": ""\u0641\u064a\u0644\u0627 78"", ""category"": ""restaurant"", ""distance_m"": null}, {""name"": ""\u0627\u0644\u0623\u062b\u064a\u0631"", ""category"": ""shopping"", ""distance_m"": null}, {""name"": ""\u0633\u064a\u0633\u0627\u0645 \u0645\u062a\u062c\u0631 \u062f\u0628\u0644\u0648\u0645\u0627\u0633\u064a \u0645\u062c\u0627\u0646\u064a"", ""category"": ""shopping"", ""distance_m"": null}, {""name"": ""\u0643\u0627\u0641\u062a\u064a\u0631\u064a\u0627 \u0639\u0632\u064a\u0632"", ""category"": ""restaurant"", ""distance_m"": null}, {""name"": ""\u062a\u0648\u0646\u0633\u064a\u0627\u0646\u062a"", ""category"": ""shopping"", ""distance_m"": null}, {""name"": ""\u0635\u064a\u062f\u0644\u064a\u0629 \u0634\u0643\u0631\u064a \u0634\u0628\u0628\u0629"", ""category"": ""hospital"", ""distance_m"": null}, {""name"": ""\u0623\u064a \u0648\u0627\u064a\u0643"", ""category"": ""shopping"", ""distance_m"": null}]","2026-03-23 14:28:56"
"36.8612","10.1339","750","[{""name"": ""\u0645\u0648\u0646\u0648\u0628\u0631\u064a"", ""category"": ""shopping"", ""distance_m"": null}, {""name"": ""\u0646\u0647\u0627\u064a\u0629 \u062e\u0637 38 \u062a"", ""category"": ""other"", ""distance_m"": null}, {""name"": ""\u0645\u0627\u0631\u0643\u064a\u0631"", ""category"": ""other"", ""distance_m"": null}, {""name"": ""\u062d\u064a \u0627\u0644\u062f\u0631\u064a\u062f\u064a"", ""category"": ""other"", ""distance_m"": null}]","2026-03-23 14:28:58"
"36.8322","10.1465","750","[{""name"": ""\u0645\u0648\u0646\u0648\u0628\u0631\u064a"", ""category"": ""shopping"", ""distance_m"": null}, {""name"": ""\u0623\u0644\u064a\u0633\u0627"", ""category"": ""shopping"", ""distance_m"": null}, {""name"": ""La Rosa"", ""category"": ""restaurant"", ""distance_m"": null}, {""name"": ""\u0627\u0644\u0645\u062f\u0631\u0633\u0629 \u0627\u0644\u0648\u0637\u0646\u064a\u0629 \u0644\u0644\u0645\u0647\u0646\u062f\u0633\u064a\u0646 \u0628\u062a\u0648\u0646\u0633"", ""category"": ""school"", ""distance_m"": null}, {""name"": ""\u0645\u0639\u0647\u062f \u0627\u0644\u0639\u0644\u0648\u0645 \u0641\u064a \u062a\u0648\u0646\u0633"", ""category"": ""school"", ""distance_m"": null}, {""name"": ""\u0623\u0644\u064a\u0633\u0627"", ""category"": ""restaurant"", ""distance_m"": null}, {""name"": ""\u062d\u0631\u0645 \u0627\u0644\u062c\u0627\u0645\u0639\u0629"", ""category"": ""other"", ""distance_m"": null}, {""name"": ""\u0627\u0644\u0645\u0639\u0647\u062f \u0627\u0644\u062a\u062d\u0636\u064a\u0631\u064a \u0644\u0644\u062f\u0631\u0627\u0633\u0627\u062a \u0627\u0644\u0647\u0646\u062f\u0633\u064a\u0629 \u0628\u0627\u0644\u0645\u0646\u0627\u0631"", ""category"": ""school"", ""distance_m"": null}, {""name"": ""\u062f\u0644\u062a\u0627 \u0645\u062f\u064a\u0643\u0627\u0644"", ""category"": ""hospital"", ""distance_m"": null}, {""name"": ""Tools4com"", ""category"": ""shopping"", ""distance_m"": null}]","2026-03-23 14:29:34"
"36.8549","10.2068","750","[{""name"": ""Ben Jemaa Motors"", ""category"": ""shopping"", ""distance_m"": null}, {""name"": ""Karray"", ""category"": ""shopping"", ""distance_m"": null}, {""name"": ""Restaurant Jean"", ""category"": ""restaurant"", ""distance_m"": null}, {""name"": ""LUZ.INA Caf\u00e9"", ""category"": ""restaurant"", ""distance_m"": null}, {""name"": ""\u0628\u0627\u063a\u064a\u062a \u0648\u0628\u0627\u063a\u064a\u062a"", ""category"": ""restaurant"", ""distance_m"": null}, {""name"": ""\u0623\u0628\u0648 \u0623\u062d\u0645\u062f"", ""category"": ""restaurant"", ""distance_m"": null}, {""name"": ""Napoli"", ""category"": ""restaurant"", ""distance_m"": null}, {""name"": ""Take 5"", ""category"": ""restaurant"", ""distance_m"": null}, {""name"": ""Le Coin Bleu"", ""category"": ""restaurant"", ""distance_m"": null}, {""name"": ""Caf\u00e9 Aziz"", ""category"": ""restaurant"", ""distance_m"": null}]","2026-03-23 14:29:36"
"36.7648","10.2474","750","[{""name"": ""Pizza Jazz"", ""category"": ""restaurant"", ""distance_m"": null}, {""name"": ""L'Emeraude"", ""category"": ""restaurant"", ""distance_m"": null}, {""name"": ""Route 66 Megrine"", ""category"": ""restaurant"", ""distance_m"": null}, {""name"": ""Javayou"", ""category"": ""restaurant"", ""distance_m"": null}, {""name"": ""Fronti\u00e8re"", ""category"": ""restaurant"", ""distance_m"": null}, {""name"": ""Salle de fete Lassad"", ""category"": ""shopping"", ""distance_m"": null}, {""name"": ""Caf\u00e9 Z\u00e9nith (Romdhane)"", ""category"": ""restaurant"", ""distance_m"": null}, {""name"": ""Rayan"", ""category"": ""restaurant"", ""distance_m"": null}, {""name"": ""Caf\u00e9 Hamdi"", ""category"": ""restaurant"", ""distance_m"": null}, {""name"": ""Ayachi"", ""category"": ""shopping"", ""distance_m"": null}]","2026-03-23 14:29:59"
"36.8491","10.1661","750","[{""name"": ""\u0645\u0642\u0647\u0649 \u0627\u0644\u0623\u0645\u064a\u0631"", ""category"": ""restaurant"", ""distance_m"": null}, {""name"": ""Lella Aroussia"", ""category"": ""restaurant"", ""distance_m"": null}, {""name"": ""Caf\u00e9 El Houma"", ""category"": ""restaurant"", ""distance_m"": null}, {""name"": ""\u0645\u0648\u0646\u0648\u0628\u0631\u064a"", ""category"": ""shopping"", ""distance_m"": null}, {""name"": ""Coll\u00e8ge d'El Menzah 6"", ""category"": ""school"", ""distance_m"": null}, {""name"": ""Centre Commerciale Menzah 6"", ""category"": ""shopping"", ""distance_m"": null}, {""name"": ""\u0627\u0644\u0645\u063a\u0627\u0632\u0629 \u0627\u0644\u0639\u0627\u0645\u0629"", ""category"": ""shopping"", ""distance_m"": null}, {""name"": ""\u00c9cole Primaire d'El Menzah 7"", ""category"": ""school"", ""distance_m"": null}, {""name"": ""\u0627\u0644\u0645\u062f\u0631\u0633\u0629 \u0627\u0644\u0625\u0628\u062a\u062f\u0627\u0626\u064a\u0629"", ""category"": ""school"", ""distance_m"": null}, {""name"": ""\u0635\u064a\u062f\u0644\u064a\u0629 \u0627\u0644\u0644\u064a\u0644"", ""category"": ""hospital"", ""distance_m"": null}]","2026-03-23 14:30:01"
"36.8886","10.2319","750","[]","2026-03-23 14:31:03"
"36.8828","10.3157","750","[{""name"": ""sahbani"", ""category"": ""restaurant"", ""distance_m"": null}, {""name"": ""El Hana"", ""category"": ""shopping"", ""distance_m"": null}, {""name"": ""Boujeh"", ""category"": ""shopping"", ""distance_m"": null}, {""name"": ""Caf\u00e9taria BelHsen"", ""category"": ""restaurant"", ""distance_m"": null}, {""name"": ""Le Pain Chaud"", ""category"": ""shopping"", ""distance_m"": null}, {""name"": ""Ben Mehrez"", ""category"": ""restaurant"", ""distance_m"": null}, {""name"": ""\u0639\u0632\u064a\u0632\u0629"", ""category"": ""shopping"", ""distance_m"": null}, {""name"": ""Ooredoo"", ""category"": ""shopping"", ""distance_m"": null}, {""name"": ""Pizza Primavera"", ""category"": ""restaurant"", ""distance_m"": null}, {""name"": ""Ayem Ezzmen"", ""category"": ""shopping"", ""distance_m"": null}]","2026-03-23 14:31:13"
"36.8566","10.1717","750","[{""name"": ""Coll\u00e8ge d'El Menzah 6"", ""category"": ""school"", ""distance_m"": null}, {""name"": ""\u0625\u0643\u0631\u0627\u0645"", ""category"": ""shopping"", ""distance_m"": null}, {""name"": ""\u0634\u0648\u0632 \u0633\u0646\u062a\u0631"", ""category"": ""shopping"", ""distance_m"": null}, {""name"": ""Pharmacie Sana Ghroubi Ep. Chaabane"", ""category"": ""hospital"", ""distance_m"": null}, {""name"": ""\u0630\u0648 \u0628\u0627\u0631\u0627\u062f\u0627\u064a\u0632"", ""category"": ""restaurant"", ""distance_m"": null}, {""name"": ""\u00c9cole Django Reinhardt"", ""category"": ""school"", ""distance_m"": null}, {""name"": ""Sport auto"", ""category"": ""shopping"", ""distance_m"": null}, {""name"": ""Farmhouse El menzah"", ""category"": ""restaurant"", ""distance_m"": null}, {""name"": ""l'\u00e9l\u00e9gant"", ""category"": ""shopping"", ""distance_m"": null}, {""name"": ""\u0645\u0633\u062a\u0631 \u0641\u0627\u064a\u0641"", ""category"": ""restaurant"", ""distance_m"": null}]","2026-03-23 14:32:16"
"36.8343","10.3022","750","[{""name"": ""Chantier Kamel"", ""category"": ""restaurant"", ""distance_m"": null}, {""name"": ""5 \u062f\u064a\u0633\u0645\u0628\u0631 1"", ""category"": ""other"", ""distance_m"": null}, {""name"": ""\u0645\u0639\u0631\u0636 \u0627\u0644\u0643\u0631\u0645"", ""category"": ""other"", ""distance_m"": null}]","2026-03-23 14:32:24"
"34.7996","10.8657","750","[{""name"": ""\u0645\u062e\u0628\u0632\u0629 \u063a\u0631\u0633 \u0627\u0644\u0644\u0647"", ""category"": ""shopping"", ""distance_m"": null}, {""name"": ""\u0645\u0642\u0647\u0649 \u0632\u0631\u0648\u0642"", ""category"": ""restaurant"", ""distance_m"": null}, {""name"": ""\u062c\u0627\u0645\u0639 \u0633\u064a\u062f\u064a \u0645\u0646\u0635\u0648\u0631"", ""category"": ""other"", ""distance_m"": null}, {""name"": ""\u0627\u0644\u0645\u062f\u0631\u0633\u0629 \u0627\u0644\u0625\u0628\u062a\u062f\u0627\u0626\u064a\u0629 \u0633\u064a\u062f\u064a \u0645\u0646\u0635\u0648\u0631"", ""category"": ""school"", ""distance_m"": null}, {""name"": ""\u0645\u062d\u0637\u0629 \u0627\u0644\u0635\u0641\u0635\u0627\u0641"", ""category"": ""other"", ""distance_m"": null}, {""name"": ""\u062d\u064a \u0633\u064a\u062f\u064a \u0645\u0646\u0635\u0648\u0631"", ""category"": ""other"", ""distance_m"": null}, {""name"": ""\u062d\u064a \u0633\u064a\u062f\u064a \u0645\u0646\u0635\u0648\u0631"", ""category"": ""other"", ""distance_m"": null}, {""name"": ""Station kasas sidi mansour"", ""category"": ""other"", ""distance_m"": null}, {""name"": ""\u0627\u0644\u0634\u0639\u0628\u0648\u0646\u064a"", ""category"": ""other"", ""distance_m"": null}, {""name"": ""\u0628\u0648\u0631\u064a\u0634\u0629"", ""category"": ""other"", ""distance_m"": null}]","2026-03-23 14:33:02"
"35.8592","10.59","750","[{""name"": ""Sousse-Hammam Sousse"", ""category"": ""other"", ""distance_m"": null}, {""name"": ""Sousse-Hammam Sousse"", ""category"": ""other"", ""distance_m"": null}, {""name"": ""Sousse-Sahloul"", ""category"": ""other"", ""distance_m"": null}, {""name"": ""Sousse-Sahloul"", ""category"": ""other"", ""distance_m"": null}, {""name"": ""\u0645\u0642\u0647\u0649 \u0625\u0641\u0631\u064a\u0642\u064a\u0627"", ""category"": ""restaurant"", ""distance_m"": null}, {""name"": ""Gatousi shih 22283"", ""category"": ""shopping"", ""distance_m"": null}, {""name"": ""Caf\u00e9 Journal"", ""category"": ""restaurant"", ""distance_m"": null}, {""name"": ""\u00c9cole Primaire Habib Bourguiba"", ""category"": ""school"", ""distance_m"": null}, {""name"": ""Pharmacie Ferjani"", ""category"": ""hospital"", ""distance_m"": null}, {""name"": ""March\u00e9 de Hammam-Sousse"", ""category"": ""shopping"", ""distance_m"": null}]","2026-03-23 14:33:37"
"36.813","10.1694","750","[{""name"": ""\u0628\u0627\u0628 \u0627\u0644\u062e\u0636\u0631\u0627\u0621"", ""category"": ""other"", ""distance_m"": null}, {""name"": ""\u0628\u0627\u0628 \u0627\u0644\u0639\u0633\u0644"", ""category"": ""transport"", ""distance_m"": null}, {""name"": ""Kawekeb"", ""category"": ""restaurant"", ""distance_m"": null}, {""name"": ""Bahri Khaled"", ""category"": ""hospital"", ""distance_m"": null}, {""name"": ""\u0635\u064a\u062f\u0644\u064a\u0629 \u0627\u0644\u0644\u064a\u0644"", ""category"": ""hospital"", ""distance_m"": null}, {""name"": ""Top Cycle"", ""category"": ""shopping"", ""distance_m"": null}, {""name"": ""HA"", ""category"": ""shopping"", ""distance_m"": null}, {""name"": ""SUNGLASSES SHOP"", ""category"": ""shopping"", ""distance_m"": null}, {""name"": ""Caf\u00e9 Sidi Amara"", ""category"": ""restaurant"", ""distance_m"": null}, {""name"": ""\u0628\u0627\u0628 \u0627\u0644\u062e\u0636\u0631\u0627\u0621"", ""category"": ""transport"", ""distance_m"": null}]","2026-03-23 14:33:50"
"35.1333","9.2667","750","[]","2026-03-23 14:34:13"
"35.6756","10.3106","750","[{""name"": ""SIDI HANI"", ""category"": ""other"", ""distance_m"": null}]","2026-03-23 14:34:17"
"36.8688","10.2496","750","[{""name"": ""Caf\u00e9 Ezzdine"", ""category"": ""restaurant"", ""distance_m"": null}, {""name"": ""\u062f\u0627\u0631 \u0641\u0636\u0627\u0644"", ""category"": ""other"", ""distance_m"": null}, {""name"": ""\u0631\u0623\u0633 \u0627\u0644\u062c\u062f\u064a\u0631"", ""category"": ""other"", ""distance_m"": null}, {""name"": ""\u0645\u0642\u0628\u0631\u0629 \u062f\u0627\u0631 \u0641\u0636\u0627\u0644"", ""category"": ""other"", ""distance_m"": null}, {""name"": ""Caf\u00e9"", ""category"": ""restaurant"", ""distance_m"": null}]","2026-03-23 14:34:42"
"36.8135","10.1776","750","[{""name"": ""\u0645\u062d\u0645\u062f \u0627\u0644\u062e\u0627\u0645\u0633"", ""category"": ""transport"", ""distance_m"": null}, {""name"": ""\u0646\u064a\u0644\u0633\u0648\u0646 \u0645\u0627\u0646\u062f\u064a\u0644\u0627"", ""category"": ""other"", ""distance_m"": null}, {""name"": ""\u0641\u0644\u0633\u0637\u064a\u0646"", ""category"": ""other"", ""distance_m"": null}, {""name"": ""\u0628\u0627\u0628 \u0627\u0644\u062e\u0636\u0631\u0627\u0621"", ""category"": ""other"", ""distance_m"": null}, {""name"": ""\u0643\u0627\u0628\u0648\u062a\u0634\u064a\u0646\u0648"", ""category"": ""restaurant"", ""distance_m"": null}, {""name"": ""Tunisian Travel Services (TTS)"", ""category"": ""shopping"", ""distance_m"": null}, {""name"": ""Caf\u00e9 Al Khairat"", ""category"": ""restaurant"", ""distance_m"": null}, {""name"": ""Cult"", ""category"": ""restaurant"", ""distance_m"": null}, {""name"": ""Top Cycle"", ""category"": ""shopping"", ""distance_m"": null}, {""name"": ""\u0643\u0627\u0631\u0641\u0648\u0631 \u0645\u0627\u0631\u0643\u062a"", ""category"": ""shopping"", ""distance_m"": null}]","2026-03-23 14:35:16"
"37.0503","9.6381","750","[{""name"": ""Eccole Primaire Cit\u00e9 Ennasr"", ""category"": ""school"", ""distance_m"": null}]","2026-03-23 14:35:44"
"34.7392","10.5258","750","[{""name"": ""\u0635\u064a\u062f\u0644\u064a\u0629 \u0627\u0644\u0644\u064a\u0644 \u0623\u0633\u0627\u0645\u0629 \u0643\u0631\u064a\u0634\u0627\u0646"", ""category"": ""hospital"", ""distance_m"": null}, {""name"": ""\u0645\u0642\u0647\u0649 \u0628\u0648\u062f\u064a\u0645"", ""category"": ""restaurant"", ""distance_m"": null}, {""name"": ""\u0645\u0642\u0647\u0649 \u0628\u0646 \u062d\u0641\u0635\u064a\u0629"", ""category"": ""restaurant"", ""distance_m"": null}, {""name"": ""\u0627\u0644\u0645\u062f\u0631\u0633\u0629 \u0627\u0644\u0627\u0628\u062a\u062f\u0627\u0626\u064a\u0629 \u0639\u0642\u0627\u0631\u0628"", ""category"": ""school"", ""distance_m"": null}, {""name"": ""\u0635\u064a\u062f\u0644\u064a\u0629 \u0623\u0644\u0641\u0629 \u0647\u062f\u0631\u064a\u0634 \u062d\u0631\u0645 \u0643\u0633\u064a\u0633"", ""category"": ""hospital"", ""distance_m"": null}, {""name"": ""\u0635\u064a\u062f\u0644\u064a\u0629 \u0639\u0645\u0631 \u0627\u0644\u0639\u064a\u0627\u062f\u064a"", ""category"": ""hospital"", ""distance_m"": null}, {""name"": ""\u0635\u064a\u062f\u0644\u064a\u0629 \u0645\u0646\u0649 \u0627\u0644\u0643\u0634\u0648 \u062d\u0631\u0645 \u0627\u0644\u0645\u0647\u064a\u0631\u064a"", ""category"": ""hospital"", ""distance_m"": null}]","2026-03-23 14:35:56"
"36.728","10.336","750","[{""name"": ""\u062d\u0645\u0627\u0645 \u0627\u0644\u0623\u0646\u0641"", ""category"": ""other"", ""distance_m"": null}, {""name"": ""\u062d\u0645\u0627\u0645 \u0627\u0644\u0623\u0646\u0641"", ""category"": ""other"", ""distance_m"": null}, {""name"": ""\u062d\u0645\u0627\u0645 \u0627\u0644\u0623\u0646\u0641"", ""category"": ""other"", ""distance_m"": null}, {""name"": ""\u062d\u0645\u0627\u0645 \u0627\u0644\u0623\u0646\u0641"", ""category"": ""other"", ""distance_m"": null}, {""name"": ""\u062d\u0645\u0627\u0645 \u0627\u0644\u0623\u0646\u0641"", ""category"": ""other"", ""distance_m"": null}, {""name"": ""\u062d\u0645\u0627\u0645 \u0627\u0644\u0623\u0646\u0641"", ""category"": ""other"", ""distance_m"": null}, {""name"": ""\u0635\u064a\u062f\u0644\u064a\u0629 \u0627\u0644\u0644\u064a\u0644"", ""category"": ""hospital"", ""distance_m"": null}, {""name"": ""Restaurant Berrayess"", ""category"": ""restaurant"", ""distance_m"": null}, {""name"": ""Mehdi"", ""category"": ""shopping"", ""distance_m"": null}, {""name"": ""Gaddour"", ""category"": ""restaurant"", ""distance_m"": null}]","2026-03-23 14:36:11"
"36.7833","9.95","750","[{""name"": ""\u062d\u064a \u0627\u0644\u0645\u0628\u0627\u0646\u064a (\u0625\u064a\u0627\u0628)"", ""category"": ""other"", ""distance_m"": null}, {""name"": ""\u062d\u064a \u0627\u0644\u0645\u0628\u0627\u0646\u064a (\u0630\u0647\u0627\u0628)"", ""category"": ""other"", ""distance_m"": null}, {""name"": ""\u0645\u062f\u062e\u0644 \u0627\u0644\u0628\u0633\u0627\u062a\u064a\u0646 (\u0625\u064a\u0627\u0628)"", ""category"": ""other"", ""distance_m"": null}, {""name"": ""\u0645\u062f\u062e\u0644 \u0627\u0644\u0628\u0633\u0627\u062a\u064a\u0646 (\u0630\u0647\u0627\u0628)"", ""category"": ""other"", ""distance_m"": null}, {""name"": ""\u0639\u0644\u064a \u0628\u0646 \u0645\u0628\u0627\u0631\u0643 (\u0625\u064a\u0627\u0628)"", ""category"": ""other"", ""distance_m"": null}, {""name"": ""\u0639\u0644\u064a \u0628\u0646 \u0645\u0628\u0627\u0631\u0643 (\u0630\u0647\u0627\u0628)"", ""category"": ""other"", ""distance_m"": null}, {""name"": ""\u0643\u0634\u0628\u0627\u0637\u064a (\u0625\u064a\u0627\u0628)"", ""category"": ""other"", ""distance_m"": null}, {""name"": ""\u0643\u0634\u0628\u0627\u0637\u064a (\u0630\u0647\u0627\u0628)"", ""category"": ""other"", ""distance_m"": null}]","2026-03-23 14:36:23"
"36.7385","10.3268","750","[{""name"": ""Coll\u00e8ge Moufida bourguiba"", ""category"": ""school"", ""distance_m"": null}, {""name"": ""\u00c9cole Primaire Rue Libye"", ""category"": ""school"", ""distance_m"": null}, {""name"": ""Happy Store"", ""category"": ""shopping"", ""distance_m"": null}, {""name"": ""\u0628\u0648\u0642\u0631\u0646\u064a\u0646"", ""category"": ""transport"", ""distance_m"": null}, {""name"": ""\u0628\u0648\u0642\u0631\u0646\u064a\u0646"", ""category"": ""other"", ""distance_m"": null}, {""name"": ""\u0645\u0639\u0647\u062f \u062d\u0645\u0627\u0645 \u0627\u0644\u0627\u0646\u0641"", ""category"": ""other"", ""distance_m"": null}]","2026-03-23 14:36:45"
"36.7045","10.2328","750","[{""name"": ""\u0645\u062d\u0637\u0629 \u0646\u0639\u0633\u0627\u0646"", ""category"": ""transport"", ""distance_m"": null}, {""name"": ""\u0645\u0643\u062a\u0628 \u0628\u0631\u064a\u062f \u0646\u0639\u0633\u0627\u0646"", ""category"": ""other"", ""distance_m"": null}, {""name"": ""\u0646\u0639\u0633\u0627\u0646 2"", ""category"": ""other"", ""distance_m"": null}, {""name"": ""\u0646\u0639\u0633\u0627\u0646 1"", ""category"": ""other"", ""distance_m"": null}, {""name"": ""\u062d\u064a \u0628\u0627\u0644\u0644\u064a\u0644"", ""category"": ""other"", ""distance_m"": null}]","2026-03-23 14:37:28"
"35.8381","10.5736","750","[]","2026-03-23 14:37:46"
"37.2353","10.0459","750","[]","2026-03-23 14:38:21"
"36.7683","10.2759","750","[{""name"": ""\u0631\u0627\u062f\u0633"", ""category"": ""transport"", ""distance_m"": null}, {""name"": ""\u0645\u0639\u0647\u062f \u0627\u0644\u0646\u0647\u0648\u0636 \u0628\u0627\u0644\u0639\u0645\u0644 \u0627\u0644\u0639\u0627\u0644\u064a \u0628\u0646 \u0639\u0631\u0648\u0633"", ""category"": ""school"", ""distance_m"": null}, {""name"": ""\u0631\u0627\u062f\u0633"", ""category"": ""other"", ""distance_m"": null}, {""name"": ""\u0635\u064a\u062f\u0644\u064a\u0629 \u0627\u0644\u0644\u064a\u0644"", ""category"": ""hospital"", ""distance_m"": null}, {""name"": ""\u0627\u0644\u0645\u0642\u0647\u0649"", ""category"": ""restaurant"", ""distance_m"": null}, {""name"": ""\u0627\u0644\u0633\u0627\u0644\u0645"", ""category"": ""shopping"", ""distance_m"": null}, {""name"": ""\u0628\u0646 \u0636\u064a\u0627\u0621\u0641"", ""category"": ""shopping"", ""distance_m"": null}, {""name"": ""\u0628\u0646 \u0639\u0627\u0645\u0631"", ""category"": ""restaurant"", ""distance_m"": null}, {""name"": ""\u0635\u064a\u062f\u0644\u064a\u0629 \u0628\u0646 \u064a\u062d\u064a\u0649"", ""category"": ""hospital"", ""distance_m"": null}, {""name"": ""\u0635\u064a\u062f\u0644\u064a\u0629 \u0628\u0646 \u064a\u062d\u064a\u0649"", ""category"": ""hospital"", ""distance_m"": null}]","2026-03-23 14:38:29"
"36.8333","10.0667","750","[]","2026-03-23 14:39:04"
"36.8371","10.1478","750","[{""name"": ""\u0645\u0648\u0646\u0648\u0628\u0631\u064a"", ""category"": ""shopping"", ""distance_m"": null}, {""name"": ""\u0623\u0644\u064a\u0633\u0627"", ""category"": ""shopping"", ""distance_m"": null}, {""name"": ""La Rosa"", ""category"": ""restaurant"", ""distance_m"": null}, {""name"": ""\u0627\u0644\u0645\u062f\u0631\u0633\u0629 \u0627\u0644\u0648\u0637\u0646\u064a\u0629 \u0644\u0644\u0645\u0647\u0646\u062f\u0633\u064a\u0646 \u0628\u062a\u0648\u0646\u0633"", ""category"": ""school"", ""distance_m"": null}, {""name"": ""\u0645\u0639\u0647\u062f \u0627\u0644\u0639\u0644\u0648\u0645 \u0641\u064a \u062a\u0648\u0646\u0633"", ""category"": ""school"", ""distance_m"": null}, {""name"": ""\u0623\u0644\u064a\u0633\u0627"", ""category"": ""restaurant"", ""distance_m"": null}, {""name"": ""\u062f\u0644\u062a\u0627 \u0645\u062f\u064a\u0643\u0627\u0644"", ""category"": ""hospital"", ""distance_m"": null}, {""name"": ""\u0648\u0628\u0647\u0648\u0633\u062a\u064a\u0643\u0648"", ""category"": ""shopping"", ""distance_m"": null}, {""name"": ""Coeur Sucr\u00e9e"", ""category"": ""restaurant"", ""distance_m"": null}, {""name"": ""Number one"", ""category"": ""shopping"", ""distance_m"": null}]","2026-03-23 14:39:22"
"36.9538","10.0438","750","[{""name"": ""\u0634\u0631\u0641\u0634 3"", ""category"": ""other"", ""distance_m"": null}, {""name"": ""\u0635\u0648\u0646\u0627\u062f"", ""category"": ""other"", ""distance_m"": null}]","2026-03-23 14:40:08"
"36.6671","10.4481","750","[{""name"": ""\u0645\u0642\u0647\u0649 \u0633\u0651\u0644\u0627\u0645 \u0641\u0646\u062f\u0642 \u0627\u0644\u062c\u062f\u064a\u062f"", ""category"": ""restaurant"", ""distance_m"": null}, {""name"": ""\u0641\u0646\u062f\u0642 \u0627\u0644\u062c\u062f\u064a\u062f"", ""category"": ""transport"", ""distance_m"": null}, {""name"": ""Coll\u00e8ge Fondouk Jedid"", ""category"": ""school"", ""distance_m"": null}, {""name"": ""FOND. EJDID"", ""category"": ""other"", ""distance_m"": null}]","2026-03-23 14:40:26"
"36.8233","10.194","750","[{""name"": ""\u0628\u064a \u0625\u0645 \u062f\u0628\u0644\u064a\u0648"", ""category"": ""shopping"", ""distance_m"": null}, {""name"": ""\u062d\u064a \u0627\u0644\u062e\u0636\u0631\u0627\u0621"", ""category"": ""transport"", ""distance_m"": null}, {""name"": ""\u0627\u0644\u062d\u062f\u0627\u0626\u0642"", ""category"": ""transport"", ""distance_m"": null}, {""name"": ""\u0635\u064a\u062f\u0644\u064a\u0629 \u0634\u0643\u0631\u064a \u0634\u0628\u0628\u0629"", ""category"": ""hospital"", ""distance_m"": null}, {""name"": ""NafNaf"", ""category"": ""shopping"", ""distance_m"": null}, {""name"": ""\u0645\u0635\u062d\u0629 \u0627\u0628\u0646 \u0632\u0647\u0631"", ""category"": ""hospital"", ""distance_m"": null}, {""name"": ""\u0646\u0627\u062a \u0625\u0646\u0641\u0648"", ""category"": ""school"", ""distance_m"": null}, {""name"": ""\u0627\u062b\u0627\u062b \u0627\u0644\u0645\u0643\u0627\u062a\u0628"", ""category"": ""shopping"", ""distance_m"": null}, {""name"": ""\u062c\u0627\u0645\u0639\u0629 \u0645\u0648\u0646\u0628\u0644\u064a\u0632\u064a\u0631"", ""category"": ""school"", ""distance_m"": null}, {""name"": ""La Cafette"", ""category"": ""restaurant"", ""distance_m"": null}]","2026-03-23 14:40:55"
"36.702","10.3965","750","[{""name"": ""\u0628\u0631\u062c \u0627\u0644\u0633\u062f\u0631\u064a\u0629"", ""category"": ""other"", ""distance_m"": null}, {""name"": ""\u0628\u0631\u062c \u0627\u0644\u0633\u062f\u0631\u064a\u0629"", ""category"": ""other"", ""distance_m"": null}, {""name"": ""\u0628\u0631\u062c \u0627\u0644\u0633\u062f\u0631\u064a\u0629"", ""category"": ""other"", ""distance_m"": null}, {""name"": ""\u0628\u0631\u062c \u0627\u0644\u0633\u062f\u0631\u064a\u0629"", ""category"": ""other"", ""distance_m"": null}, {""name"": ""Lyc\u00e9e Borj Cedria"", ""category"": ""school"", ""distance_m"": null}, {""name"": ""Borj Cedria"", ""category"": ""other"", ""distance_m"": null}]","2026-03-23 14:41:05"
"35.0881","9.0219","750","[]","2026-03-23 14:41:28"
"36.745","10.225","750","[{""name"": ""Pharmacie Naimi"", ""category"": ""hospital"", ""distance_m"": null}, {""name"": ""\u0628\u0626\u0631 \u0627\u0644\u0642\u0635\u0639\u0629"", ""category"": ""other"", ""distance_m"": null}, {""name"": ""Storyboard Caf\u00e9"", ""category"": ""restaurant"", ""distance_m"": null}, {""name"": ""Anatolia"", ""category"": ""restaurant"", ""distance_m"": null}, {""name"": ""Campus Coffee"", ""category"": ""restaurant"", ""distance_m"": null}, {""name"": ""Louzina"", ""category"": ""restaurant"", ""distance_m"": null}, {""name"": ""Miral"", ""category"": ""restaurant"", ""distance_m"": null}, {""name"": ""Wida Juice"", ""category"": ""restaurant"", ""distance_m"": null}, {""name"": ""Maison du caf\u00e9"", ""category"": ""restaurant"", ""distance_m"": null}, {""name"": ""\u0628\u0626\u0631 \u0627\u0644\u0642\u0635\u0639\u0629"", ""category"": ""transport"", ""distance_m"": null}]","2026-03-23 14:41:34"
"36.8543","10.2028","750","[{""name"": ""\u0627\u0644\u0627\u0633\u062a\u0642\u0644\u0627\u0644"", ""category"": ""other"", ""distance_m"": null}, {""name"": ""Ben Jemaa Motors"", ""category"": ""shopping"", ""distance_m"": null}, {""name"": ""Karray"", ""category"": ""shopping"", ""distance_m"": null}, {""name"": ""\u00c9picier"", ""category"": ""shopping"", ""distance_m"": null}, {""name"": ""\u0645\u0642\u0647\u0649"", ""category"": ""restaurant"", ""distance_m"": null}, {""name"": ""\u0627\u0644\u0627\u0633\u062a\u0642\u0644\u0627\u0644"", ""category"": ""other"", ""distance_m"": null}, {""name"": ""\u063a\u0645\u0632\u0629"", ""category"": ""shopping"", ""distance_m"": null}, {""name"": ""\u0627\u0644\u0627\u0633\u062a\u0642\u0644\u0627\u0644"", ""category"": ""transport"", ""distance_m"": null}, {""name"": ""Restaurant Jean"", ""category"": ""restaurant"", ""distance_m"": null}, {""name"": ""LUZ.INA Caf\u00e9"", ""category"": ""restaurant"", ""distance_m"": null}]","2026-03-23 14:41:58"
"36.8796","10.3273","750","[{""name"": ""\u0634\u0627\u0637\u0626 \u0627\u0644\u0645\u0631\u0633\u0649"", ""category"": ""other"", ""distance_m"": null}, {""name"": ""\u0645\u0648\u0646\u0648\u0628\u0631\u064a"", ""category"": ""shopping"", ""distance_m"": null}, {""name"": ""\u0645\u0637\u0639\u0645 \u0627\u0644\u062e\u0644\u064a\u062c"", ""category"": ""restaurant"", ""distance_m"": null}, {""name"": ""\u0635\u064a\u062f\u0644\u064a\u0629 \u0627\u0644\u0645\u0644\u0648\u0644\u064a"", ""category"": ""hospital"", ""distance_m"": null}, {""name"": ""Au Petit Salem"", ""category"": ""restaurant"", ""distance_m"": null}, {""name"": ""Atmosp'hair"", ""category"": ""shopping"", ""distance_m"": null}, {""name"": ""ChoPain"", ""category"": ""shopping"", ""distance_m"": null}, {""name"": ""\u0627\u0644\u0633\u064a\u062f\u0629 \u0632\u0631\u0648\u0642"", ""category"": ""shopping"", ""distance_m"": null}, {""name"": ""\u0623\u0648\u0631\u064a\u062f\u0648 \u062a\u0648\u0646\u0633"", ""category"": ""shopping"", ""distance_m"": null}, {""name"": ""Librairie Al Kitab"", ""category"": ""shopping"", ""distance_m"": null}]","2026-03-23 14:42:13"
"36.4309","10.5678","750","[{""name"": ""Restaurant Zarda"", ""category"": ""restaurant"", ""distance_m"": null}, {""name"": ""Restaurant Feu Vert"", ""category"": ""restaurant"", ""distance_m"": null}, {""name"": ""Caf\u00e9 Rayan"", ""category"": ""restaurant"", ""distance_m"": null}, {""name"": ""Cafeti\u00e8re Rochdi"", ""category"": ""restaurant"", ""distance_m"": null}, {""name"": ""Caf\u00e9 El-Ghoul"", ""category"": ""restaurant"", ""distance_m"": null}, {""name"": ""Caf\u00e9 Fitouri"", ""category"": ""restaurant"", ""distance_m"": null}, {""name"": ""\u0628\u0626\u0631 \u0628\u0648\u0631\u0642\u0628\u0629"", ""category"": ""transport"", ""distance_m"": null}, {""name"": ""B.BOURAGBA"", ""category"": ""other"", ""distance_m"": null}]","2026-03-23 14:42:45"
"35.9833","10.4667","750","[]","2026-03-23 14:43:01"
"36.8338","10.1061","750","[{""name"": ""tus 7 city naser"", ""category"": ""other"", ""distance_m"": null}, {""name"": ""514 \u0627\u0631\u064a\u0627\u0646\u0629"", ""category"": ""other"", ""distance_m"": null}, {""name"": ""3d (\u0645\u062d\u0637\u0629 \u0639\u0644\u064a \u0628\u0644\u0647\u0648\u0627\u0646)"", ""category"": ""other"", ""distance_m"": null}, {""name"": ""Black"", ""category"": ""shopping"", ""distance_m"": null}, {""name"": ""Big Boss"", ""category"": ""shopping"", ""distance_m"": null}, {""name"": ""Big Boss"", ""category"": ""shopping"", ""distance_m"": null}, {""name"": ""Ahmed"", ""category"": ""shopping"", ""distance_m"": null}, {""name"": ""Big Boss"", ""category"": ""shopping"", ""distance_m"": null}, {""name"": ""Haj mostapha"", ""category"": ""restaurant"", ""distance_m"": null}, {""name"": ""cafe mektaris"", ""category"": ""restaurant"", ""distance_m"": null}]","2026-03-23 14:43:32"
"36.75","10.23","750","[{""name"": ""Cafe Rezgui"", ""category"": ""restaurant"", ""distance_m"": null}, {""name"": ""Little Princess"", ""category"": ""restaurant"", ""distance_m"": null}, {""name"": ""Storyboard Caf\u00e9"", ""category"": ""restaurant"", ""distance_m"": null}, {""name"": ""Anatolia"", ""category"": ""restaurant"", ""distance_m"": null}, {""name"": ""Louzina"", ""category"": ""restaurant"", ""distance_m"": null}, {""name"": ""Wida Juice"", ""category"": ""restaurant"", ""distance_m"": null}, {""name"": ""\u0645\u062d\u0637\u0629 \u0631\u064a\u0627\u0636 \u0627\u0644\u0622\u0637\u0641\u0627\u0644"", ""category"": ""other"", ""distance_m"": null}, {""name"": ""\u0635\u064a\u062f\u0644\u064a\u0629 \u0627\u0644\u0644\u064a\u0644 \u0628\u0646 \u0639\u0631\u0648\u0633"", ""category"": ""other"", ""distance_m"": null}, {""name"": ""\u062c\u0627\u0645\u0639 \u0628\u0646 \u0639\u0631\u0648\u0633"", ""category"": ""other"", ""distance_m"": null}, {""name"": ""\u0627\u0644\u0627\u062a\u062d\u0627\u062f \u0627\u0644\u0639\u0627\u0645 \u0627\u0644\u062a\u0648\u0646\u0633\u064a \u0644\u0644\u0634\u063a\u0644 \u0628\u0628\u0646 \u0639\u0631\u0648\u0633"", ""category"": ""other"", ""distance_m"": null}]","2026-03-23 14:43:45"
"36.7782","10.2815","750","[{""name"": ""Marina Caf\u00e9 Restaurant"", ""category"": ""restaurant"", ""distance_m"": null}, {""name"": ""\u0631\u0627\u062f\u0633 \u0627\u0644\u0634\u0627\u0637\u0626 2"", ""category"": ""other"", ""distance_m"": null}, {""name"": ""\u0631\u0627\u062f\u0633 \u0627\u0644\u0634\u0627\u0637\u0626 1"", ""category"": ""other"", ""distance_m"": null}]","2026-03-23 14:44:32"
"34.6847","10.7065","750","[{""name"": ""\u0635\u064a\u062f\u0644\u064a\u0629 \u0627\u0644\u0644\u064a\u0644 \u0625\u064a\u0646\u0627\u0633 \u0627\u0644\u0643\u0634\u0648 \u062d\u0631\u0645 \u0627\u0644\u0633\u0645\u0627\u0648\u064a"", ""category"": ""hospital"", ""distance_m"": null}, {""name"": ""\u0635\u064a\u062f\u0644\u064a\u0629 \u0627\u0644\u0644\u064a\u0644"", ""category"": ""hospital"", ""distance_m"": null}, {""name"": ""\u0635\u064a\u062f\u0644\u064a\u0629 \u0641\u062f\u0648\u0649 \u0627\u0644\u0637\u0631\u0627\u0628\u0644\u0633\u064a"", ""category"": ""hospital"", ""distance_m"": null}, {""name"": ""Caf\u00e9t\u00e9ria Relaxe"", ""category"": ""restaurant"", ""distance_m"": null}, {""name"": ""\u0627\u0644\u0645\u062e\u0628\u0632\u0629 \u0627\u0644\u062c\u062f\u064a\u062f\u0629"", ""category"": ""shopping"", ""distance_m"": null}, {""name"": ""\u0645\u0642\u0647\u0649 \u0645\u0631\u0645\u0631\u0627"", ""category"": ""restaurant"", ""distance_m"": null}, {""name"": ""\u0645\u0642\u0647\u0649 \u0643\u0631\u064a\u0645"", ""category"": ""restaurant"", ""distance_m"": null}, {""name"": ""\u0645\u0642\u0647\u0649 \u0628\u0648\u0639\u0632\u064a\u0632"", ""category"": ""restaurant"", ""distance_m"": null}, {""name"": ""BUT"", ""category"": ""shopping"", ""distance_m"": null}, {""name"": ""\u0643\u0627\u0641\u064a\u062a\u064a\u0631\u064a\u0627 \u062a\u0627\u062c"", ""category"": ""restaurant"", ""distance_m"": null}]","2026-03-23 14:44:55"
"36.55","10.55","750","[]","2026-03-23 14:45:28"
"36.7036","10.3625","750","[]","2026-03-23 14:45:36"
"34.8183","10.7469","750","[{""name"": ""Hey ons1"", ""category"": ""other"", ""distance_m"": null}, {""name"": ""\u0639\u0628\u064a\u062f\u0629"", ""category"": ""other"", ""distance_m"": null}, {""name"": ""Wzini"", ""category"": ""other"", ""distance_m"": null}, {""name"": ""\u0643\u0633\u0643\u0627\u0633"", ""category"": ""other"", ""distance_m"": null}, {""name"": ""\u0627\u0644\u0645\u0632\u0648\u062f"", ""category"": ""other"", ""distance_m"": null}]","2026-03-23 14:46:21"
"34.53","8.8","750","[]","2026-03-23 14:46:31"
"36.8695","10.3391","750","[{""name"": ""\u0633\u064a\u062f\u064a \u0627\u0644\u0638\u0631\u064a\u0641"", ""category"": ""other"", ""distance_m"": null}, {""name"": ""\u0633\u064a\u062f\u064a \u0628\u0648\u0633\u0639\u064a\u062f"", ""category"": ""other"", ""distance_m"": null}, {""name"": ""\u0642\u0631\u0637\u0627\u062c \u0623\u0645\u064a\u0644\u0643\u0627\u0631"", ""category"": ""other"", ""distance_m"": null}, {""name"": ""\u0642\u0631\u0637\u0627\u062c \u0623\u0645\u064a\u0644\u0643\u0627\u0631"", ""category"": ""other"", ""distance_m"": null}, {""name"": ""\u0633\u064a\u062f\u064a \u0627\u0644\u0638\u0631\u064a\u0641"", ""category"": ""other"", ""distance_m"": null}, {""name"": ""\u0633\u064a\u062f\u064a \u0628\u0648\u0633\u0639\u064a\u062f"", ""category"": ""other"", ""distance_m"": null}, {""name"": ""Le Tam Tam"", ""category"": ""restaurant"", ""distance_m"": null}, {""name"": ""Hammadi caf\u00e9 lyhoud"", ""category"": ""restaurant"", ""distance_m"": null}, {""name"": ""Pharmacie Taieb"", ""category"": ""hospital"", ""distance_m"": null}, {""name"": ""\u0643\u0627\u0641\u064a\u0647 \u064a\u0627\u0633\u0645\u064a\u0646"", ""category"": ""restaurant"", ""distance_m"": null}]","2026-03-23 14:46:51"
"36.8852","10.2438","750","[{""name"": ""Golf de Carthage"", ""category"": ""restaurant"", ""distance_m"": null}, {""name"": ""3 \u0634\u0637\u0631\u0627\u0646\u0629"", ""category"": ""other"", ""distance_m"": null}, {""name"": ""\u0634\u0637\u0631\u0627\u0646\u0629 2"", ""category"": ""other"", ""distance_m"": null}, {""name"": ""\u0642\u0646\u0627\u0629 \u062d\u0646\u0628\u0639\u0644"", ""category"": ""other"", ""distance_m"": null}, {""name"": ""\u0646\u0627\u062f\u064a \u0627\u0644\u0645\u062d\u0627\u0645\u064a\u0646"", ""category"": ""other"", ""distance_m"": null}]","2026-03-23 14:47:26"
"36.8311","10.0347","750","[{""name"": ""\u0627\u0644\u062d\u0631\u0633 \u0627\u0644\u0648\u0637\u0646\u064a \u0648\u0627\u062f\u064a \u0627\u0644\u0644\u064a\u0644"", ""category"": ""other"", ""distance_m"": null}, {""name"": ""\u0645\u0643\u062a\u0628 \u0628\u0631\u064a\u062f \u0648\u0627\u062f\u064a \u0627\u0644\u0644\u064a\u0644"", ""category"": ""other"", ""distance_m"": null}, {""name"": ""\u0648\u0627\u062f\u064a \u0627\u0644\u0644\u064a\u0644 16\u062f 58"", ""category"": ""other"", ""distance_m"": null}, {""name"": ""\u0634\u0648\u0643\u0648\u062a\u0648\u0645"", ""category"": ""other"", ""distance_m"": null}, {""name"": ""\u062c\u0627\u0645\u0639 \u0648\u0627\u062f\u0649 \u0627\u0644\u0644\u064a\u0644"", ""category"": ""other"", ""distance_m"": null}]","2026-03-23 14:47:34"
"36.8167","10.1667","750","[{""name"": ""\u0628\u0627\u0628 \u0627\u0644\u0639\u0633\u0644"", ""category"": ""transport"", ""distance_m"": null}, {""name"": ""Kawekeb"", ""category"": ""restaurant"", ""distance_m"": null}, {""name"": ""Bahri Khaled"", ""category"": ""hospital"", ""distance_m"": null}, {""name"": ""\u0635\u064a\u062f\u0644\u064a\u0629 \u0627\u0644\u0644\u064a\u0644"", ""category"": ""hospital"", ""distance_m"": null}, {""name"": ""\u0628\u0627\u0628 \u0627\u0644\u0639\u0633\u0644"", ""category"": ""other"", ""distance_m"": null}, {""name"": ""Imprimerie & Gravure Laser"", ""category"": ""shopping"", ""distance_m"": null}, {""name"": ""Pharmacie Bab al Assal"", ""category"": ""hospital"", ""distance_m"": null}, {""name"": ""L'Unique"", ""category"": ""restaurant"", ""distance_m"": null}, {""name"": ""\u0627\u0644\u0647\u0627\u062f\u064a \u0641\u0627\u0631\u0648\u0642"", ""category"": ""restaurant"", ""distance_m"": null}, {""name"": ""\u0627\u0633\u0643\u0648\u0628"", ""category"": ""restaurant"", ""distance_m"": null}]","2026-03-23 14:48:31"
"36.8056","10.1458","750","[{""name"": ""\u0634\u0627\u0631\u0639 20 \u0645\u0627\u0631\u0633"", ""category"": ""other"", ""distance_m"": null}, {""name"": ""\u0634\u0627\u0631\u0639 20 \u0645\u0627\u0631\u0633"", ""category"": ""other"", ""distance_m"": null}, {""name"": ""\u0628\u0648\u0634\u0648\u0634\u0629"", ""category"": ""other"", ""distance_m"": null}, {""name"": ""\u0628\u0648\u0634\u0648\u0634\u0629"", ""category"": ""other"", ""distance_m"": null}, {""name"": ""Pharmacie Majed Turki"", ""category"": ""hospital"", ""distance_m"": null}, {""name"": ""Restaurant universitaire Bouchoucha"", ""category"": ""restaurant"", ""distance_m"": null}, {""name"": ""\u0645\u062d\u0637\u0629 \u0628\u0648\u0634\u0648\u0634\u0629"", ""category"": ""transport"", ""distance_m"": null}, {""name"": ""\u0645\u062d\u0637\u0629 \u0628\u0648\u0634\u0648\u0634\u0629"", ""category"": ""transport"", ""distance_m"": null}, {""name"": ""Cit\u00e9 Erraoudha"", ""category"": ""other"", ""distance_m"": null}, {""name"": ""africa"", ""category"": ""restaurant"", ""distance_m"": null}]","2026-03-23 14:48:41"
"34.38","8.95","750","[]","2026-03-23 14:48:58"
"35.8697","10.5544","750","[{""name"": ""\u0627\u0644\u0642\u0644\u0639\u0629 \u0627\u0644\u0643\u0628\u0631\u0649"", ""category"": ""transport"", ""distance_m"": null}]","2026-03-23 14:49:12"
"36.3333","9.45","750","[]","2026-03-23 14:49:48"
"36.8479","10.2176","750","[{""name"": ""Restaurant Seferi"", ""category"": ""restaurant"", ""distance_m"": null}, {""name"": ""Caf\u00e9 Lindo"", ""category"": ""restaurant"", ""distance_m"": null}, {""name"": ""Nouvelair"", ""category"": ""shopping"", ""distance_m"": null}, {""name"": ""Air France"", ""category"": ""shopping"", ""distance_m"": null}, {""name"": ""Tunisair"", ""category"": ""shopping"", ""distance_m"": null}, {""name"": ""Air Malta"", ""category"": ""shopping"", ""distance_m"": null}, {""name"": ""Lufthansa"", ""category"": ""shopping"", ""distance_m"": null}, {""name"": ""Cakes & Bakes"", ""category"": ""restaurant"", ""distance_m"": null}, {""name"": ""Gourmandise A\u00e9roport"", ""category"": ""shopping"", ""distance_m"": null}, {""name"": ""Cigusta"", ""category"": ""restaurant"", ""distance_m"": null}]","2026-03-23 14:49:51"
"36.7704","10.0805","750","[{""name"": ""\u0627\u0644\u0645\u062f\u0631\u0633\u0629 \u0627\u0644\u0627\u0628\u062a\u062f\u0627\u0626\u064a\u0629 \u0628\u0631\u062c \u0634\u0627\u0643\u064a\u0631 \u0627\u064a\u0627\u0628"", ""category"": ""other"", ""distance_m"": null}, {""name"": ""\u0627\u0644\u0645\u062f\u0631\u0633\u0629 \u0625\u0628\u062a\u062f\u0627\u0626\u064a\u0629 \u0628\u0631\u062c \u0634\u0627\u0643\u064a\u0631 (\u0630\u0647\u0627\u0628)"", ""category"": ""other"", ""distance_m"": null}, {""name"": ""( \u0628\u0631\u062c \u0634\u0627\u0643\u064a\u0631 \u0646\u0647\u0627\u064a\u0629 \u062e\u0637( 32 \u0628"", ""category"": ""other"", ""distance_m"": null}, {""name"": ""\u062c\u0627\u0645\u0639 \u0628\u0631\u062c \u0634\u0627\u0643\u064a\u0631 (\u0625\u064a\u0627\u0628)"", ""category"": ""other"", ""distance_m"": null}, {""name"": ""\u062c\u0627\u0645\u0639 \u0628\u0631\u062c \u0634\u0627\u0643\u064a\u0631 (\u0630\u0647\u0627\u0628)"", ""category"": ""other"", ""distance_m"": null}, {""name"": ""\u0628\u0631\u062c \u0634\u0627\u0643\u064a\u0631 1 (\u0630\u0647\u0627\u0628)"", ""category"": ""other"", ""distance_m"": null}, {""name"": ""\u0628\u0631\u062c \u0634\u0627\u0643\u064a\u0631 1 (\u0625\u064a\u0627\u0628)"", ""category"": ""other"", ""distance_m"": null}]","2026-03-23 14:50:35"
"36.7981","10.1803","750","[{""name"": ""Le Capitole"", ""category"": ""restaurant"", ""distance_m"": null}, {""name"": ""Caf\u00e9 de Tunis"", ""category"": ""restaurant"", ""distance_m"": null}, {""name"": ""\u00c9cole"", ""category"": ""school"", ""distance_m"": null}, {""name"": ""\u0641\u0631\u062d\u0627\u062a \u062d\u0634\u0627\u062f"", ""category"": ""other"", ""distance_m"": null}, {""name"": ""\u0627\u0628\u0646 \u0631\u0634\u064a\u0642"", ""category"": ""other"", ""distance_m"": null}, {""name"": ""\u0633\u0627\u062d\u0629 \u0628\u0631\u0634\u0644\u0648\u0646\u0629"", ""category"": ""other"", ""distance_m"": null}, {""name"": ""\u0633\u0627\u062d\u0629 \u0628\u0631\u0634\u0644\u0648\u0646\u0629"", ""category"": ""other"", ""distance_m"": null}, {""name"": ""\u0633\u0627\u062d\u0629 \u0628\u0631\u0634\u0644\u0648\u0646\u0629"", ""category"": ""other"", ""distance_m"": null}, {""name"": ""\u0633\u0627\u062d\u0629 \u0628\u0631\u0634\u0644\u0648\u0646\u0629"", ""category"": ""other"", ""distance_m"": null}, {""name"": ""\u062d\u0628\u064a\u0628 \u062b\u0627\u0645\u0631"", ""category"": ""other"", ""distance_m"": null}]","2026-03-23 14:50:57"
"36.6492","9.6108","750","[{""name"": ""\u0645\u062e\u0628\u0632\u0629 \u0633\u064a\u062f\u064a \u0627\u0644\u0631\u0627\u064a\u0633"", ""category"": ""shopping"", ""distance_m"": null}, {""name"": ""casablanca"", ""category"": ""restaurant"", ""distance_m"": null}, {""name"": ""Caf\u00e9 Casa blanca"", ""category"": ""restaurant"", ""distance_m"": null}, {""name"": ""Pharmacie KHEMAIES BEL KAHLA"", ""category"": ""hospital"", ""distance_m"": null}, {""name"": ""Pharmacie SIHEM GUESMI EP. HACHANI"", ""category"": ""hospital"", ""distance_m"": null}, {""name"": ""\u0635\u064a\u062f\u0644\u064a\u0629 \u0645\u0646\u0630\u0631 \u0627\u0644\u0639\u0643\u0631\u0645\u064a"", ""category"": ""hospital"", ""distance_m"": null}, {""name"": ""Pharmacie de nuit RIAHI YOSRA"", ""category"": ""hospital"", ""distance_m"": null}, {""name"": ""Pharmacie TAIEB GUESMI"", ""category"": ""hospital"", ""distance_m"": null}, {""name"": ""Pharmacie MOUNIR CHAHED"", ""category"": ""hospital"", ""distance_m"": null}]","2026-03-23 14:51:09"
"36.853","10.205","750","[{""name"": ""Ben Jemaa Motors"", ""category"": ""shopping"", ""distance_m"": null}, {""name"": ""\u0645\u064a\u063a\u0627 \u0641\u0627\u0631\u0645"", ""category"": ""hospital"", ""distance_m"": null}, {""name"": ""Restaurant Jean"", ""category"": ""restaurant"", ""distance_m"": null}, {""name"": ""LUZ.INA Caf\u00e9"", ""category"": ""restaurant"", ""distance_m"": null}, {""name"": ""\u0628\u0627\u063a\u064a\u062a \u0648\u0628\u0627\u063a\u064a\u062a"", ""category"": ""restaurant"", ""distance_m"": null}, {""name"": ""Caf\u00e9 Aziz"", ""category"": ""restaurant"", ""distance_m"": null}, {""name"": ""Restaurant Marina"", ""category"": ""restaurant"", ""distance_m"": null}, {""name"": ""Safe Flight Academy"", ""category"": ""school"", ""distance_m"": null}, {""name"": ""\u0645\u0642\u0647\u064a \u062d\u0645\u064a\u062f 18 \u062a"", ""category"": ""other"", ""distance_m"": null}, {""name"": ""\u0627\u0644\u0634\u0631\u0642\u064a\u0629 2"", ""category"": ""other"", ""distance_m"": null}]","2026-03-23 14:51:17"
"36.8319","10.1942","750","[{""name"": ""\u0628\u064a \u0625\u0645 \u062f\u0628\u0644\u064a\u0648"", ""category"": ""shopping"", ""distance_m"": null}, {""name"": ""\u062d\u064a \u0627\u0644\u062e\u0636\u0631\u0627\u0621"", ""category"": ""transport"", ""distance_m"": null}, {""name"": ""\u0627\u0644\u0645\u0631\u0643\u0632 \u0627\u0644\u0645\u0646\u062f\u0645\u062c \u0644\u0644\u0634\u0628\u0627\u0628 \u0648\u0627\u0644\u0637\u0641\u0648\u0644\u0629 \u0628\u0627\u0644\u062e\u0636\u0631\u0627\u0621"", ""category"": ""hospital"", ""distance_m"": null}, {""name"": ""NafNaf"", ""category"": ""shopping"", ""distance_m"": null}, {""name"": ""\u0645\u0635\u062d\u0629 \u0627\u0628\u0646 \u0632\u0647\u0631"", ""category"": ""hospital"", ""distance_m"": null}, {""name"": ""\u0645\u0642\u0647\u0649 \u0627\u0644\u0631\u064a\u062d\u0627\u0646\u0629"", ""category"": ""restaurant"", ""distance_m"": null}, {""name"": ""\u062c\u064a\u062c\u064a \u0643\u0643\u0632"", ""category"": ""restaurant"", ""distance_m"": null}, {""name"": ""Caf\u00e9 Khmais"", ""category"": ""restaurant"", ""distance_m"": null}, {""name"": ""Le Bon Gout"", ""category"": ""restaurant"", ""distance_m"": null}, {""name"": ""El Mazraa"", ""category"": ""restaurant"", ""distance_m"": null}]","2026-03-23 14:51:42"
"37.0507","9.6382","750","[{""name"": ""Eccole Primaire Cit\u00e9 Ennasr"", ""category"": ""school"", ""distance_m"": null}]","2026-03-23 14:51:49"
"36.8858","10.3142","750","[{""name"": ""sahbani"", ""category"": ""restaurant"", ""distance_m"": null}, {""name"": ""Saliha"", ""category"": ""shopping"", ""distance_m"": null}, {""name"": ""Caf\u00e9 Face \u00e0 Face"", ""category"": ""restaurant"", ""distance_m"": null}, {""name"": ""El Hana"", ""category"": ""shopping"", ""distance_m"": null}, {""name"": ""Boujeh"", ""category"": ""shopping"", ""distance_m"": null}, {""name"": ""Caf\u00e9taria BelHsen"", ""category"": ""restaurant"", ""distance_m"": null}, {""name"": ""Le Pain Chaud"", ""category"": ""shopping"", ""distance_m"": null}, {""name"": ""Ben Mehrez"", ""category"": ""restaurant"", ""distance_m"": null}, {""name"": ""\u0639\u0632\u064a\u0632\u0629"", ""category"": ""shopping"", ""distance_m"": null}, {""name"": ""Ooredoo"", ""category"": ""shopping"", ""distance_m"": null}]","2026-03-23 14:52:26"
"36.8648","10.308","750","[{""name"": ""Cafeteria Mosaique"", ""category"": ""restaurant"", ""distance_m"": null}, {""name"": ""Meublatex"", ""category"": ""shopping"", ""distance_m"": null}, {""name"": ""Miel de Foret"", ""category"": ""shopping"", ""distance_m"": null}, {""name"": ""Marsa Mode"", ""category"": ""other"", ""distance_m"": null}, {""name"": ""\u0633\u064a\u062f\u064a \u062f\u0627\u0648\u062f 1"", ""category"": ""other"", ""distance_m"": null}, {""name"": ""\u0633\u064a\u062f\u064a \u062f\u0627\u0648\u062f 2"", ""category"": ""other"", ""distance_m"": null}, {""name"": ""La Brocante Meubles"", ""category"": ""shopping"", ""distance_m"": null}, {""name"": ""Presse Toi"", ""category"": ""shopping"", ""distance_m"": null}, {""name"": ""Chez Hassan"", ""category"": ""shopping"", ""distance_m"": null}, {""name"": ""Materna"", ""category"": ""shopping"", ""distance_m"": null}]","2026-03-23 14:52:29"
"36.8536","10.3256","750","[{""name"": ""\u0642\u0631\u0637\u0627\u062c \u062f\u0631\u0645\u0634"", ""category"": ""other"", ""distance_m"": null}, {""name"": ""\u0642\u0631\u0637\u0627\u062c \u062d\u0646\u0628\u0639\u0644"", ""category"": ""other"", ""distance_m"": null}, {""name"": ""\u0642\u0631\u0637\u0627\u062c \u062f\u0631\u0645\u0634"", ""category"": ""other"", ""distance_m"": null}, {""name"": ""\u0642\u0631\u0637\u0627\u062c \u062d\u0646\u0628\u0639\u0644"", ""category"": ""other"", ""distance_m"": null}, {""name"": ""Uranium"", ""category"": ""restaurant"", ""distance_m"": null}, {""name"": ""\u0641\u064a\u0644\u0627 \u062f\u064a\u062f\u0648\u0646"", ""category"": ""restaurant"", ""distance_m"": null}, {""name"": ""Mirador"", ""category"": ""restaurant"", ""distance_m"": null}, {""name"": ""Le Gavroche"", ""category"": ""restaurant"", ""distance_m"": null}, {""name"": ""Restaurant \""Neptune\"""", ""category"": ""restaurant"", ""distance_m"": null}, {""name"": ""Tchevap"", ""category"": ""restaurant"", ""distance_m"": null}]","2026-03-23 14:53:07"
"35.8667","10.5667","750","[{""name"": ""Carrefour Express"", ""category"": ""shopping"", ""distance_m"": null}, {""name"": ""Mohamed"", ""category"": ""shopping"", ""distance_m"": null}, {""name"": ""Comptoir Moderne D \u00e9quipement G\u00e9n\u00e9ral"", ""category"": ""shopping"", ""distance_m"": null}]","2026-03-23 14:53:28"
"36.9209","10.1371","750","[]","2026-03-23 14:54:02"
"36.8648","10.1021","750","[]","2026-03-23 15:37:10"
"36.8235","10.1808","750","[{""name"": ""\u0641\u0644\u0633\u0637\u064a\u0646"", ""category"": ""transport"", ""distance_m"": null}, {""name"": ""\u0627\u0644\u062d\u062f\u0627\u0626\u0642"", ""category"": ""transport"", ""distance_m"": null}, {""name"": ""\u0641\u0644\u0633\u0637\u064a\u0646"", ""category"": ""other"", ""distance_m"": null}, {""name"": ""\u0635\u064a\u062f\u0644\u064a\u0629 \u0627\u0644\u0645\u0639\u0627\u0644\u062c"", ""category"": ""hospital"", ""distance_m"": null}, {""name"": ""\u0643\u0627\u0628\u0648\u062a\u0634\u064a\u0646\u0648"", ""category"": ""restaurant"", ""distance_m"": null}, {""name"": ""\u0646\u0627\u062f\u064a \u0627\u0644\u0636\u0628\u0627\u0637"", ""category"": ""restaurant"", ""distance_m"": null}, {""name"": ""\u0641\u064a\u0644\u0627 78"", ""category"": ""restaurant"", ""distance_m"": null}, {""name"": ""\u0627\u0644\u0623\u062b\u064a\u0631"", ""category"": ""shopping"", ""distance_m"": null}, {""name"": ""\u062a\u0627\u0646\u063a\u0648"", ""category"": ""restaurant"", ""distance_m"": null}, {""name"": ""2 \u0645"", ""category"": ""restaurant"", ""distance_m"": null}]","2026-03-23 15:38:17"
"36.7833","10.1333","750","[{""name"": ""الزهور 2"", ""category"": ""transport"", ""distance_m"": 697.6}, {""name"": ""الزهور 2"", ""category"": ""transport"", ""distance_m"": 699.0}, {""name"": ""الزهور 2"", ""category"": ""other"", ""distance_m"": 699.9}, {""name"": ""الزهور 2"", ""category"": ""other"", ""distance_m"": 701.1}]","2026-03-26 08:31:26"
"35.8269","10.63","750","[{""name"": ""Shaghaf – شَغَف"", ""category"": ""restaurant"", ""distance_m"": 146.8}, {""name"": ""Cité Universitaire Ibn Sina"", ""category"": ""school"", ""distance_m"": 284.3}, {""name"": ""Monoprix"", ""category"": ""shopping"", ""distance_m"": 325.6}, {""name"": ""Hospital F. Hached"", ""category"": ""hospital"", ""distance_m"": 351.2}, {""name"": ""Hôpital Farhat hached;Service des Urgences Farhat hached"", ""category"": ""hospital"", ""distance_m"": 361.4}, {""name"": ""Lycée tahar sfar (de jeunes filles)"", ""category"": ""school"", ""distance_m"": 372.9}, {""name"": ""Café le Pyramides"", ""category"": ""restaurant"", ""distance_m"": 374.5}, {""name"": ""NEW MONTANA"", ""category"": ""restaurant"", ""distance_m"": 377.2}, {""name"": ""Dr Kmar Brahem"", ""category"": ""hospital"", ""distance_m"": 380.2}, {""name"": ""Lycée Technique de Sousse"", ""category"": ""school"", ""distance_m"": 392.1}]","2026-03-26 08:33:41"
"36.833","10.1632","750","[{""name"": ""المدرسة الإعدادية بالموقع الجميل"", ""category"": ""school"", ""distance_m"": 177.9}, {""name"": ""بلدية متيال فيل"", ""category"": ""other"", ""distance_m"": 368.2}, {""name"": ""Café Patisserie Faycal"", ""category"": ""restaurant"", ""distance_m"": 404.2}, {""name"": ""superette"", ""category"": ""shopping"", ""distance_m"": 404.8}, {""name"": ""صوناد"", ""category"": ""other"", ""distance_m"": 410.1}, {""name"": ""بقالة 7 لينا شب"", ""category"": ""shopping"", ""distance_m"": 446.7}, {""name"": ""Pharmacie Fennira Taoufik"", ""category"": ""hospital"", ""distance_m"": 463.4}, {""name"": ""الأقواس"", ""category"": ""restaurant"", ""distance_m"": 464.9}, {""name"": ""شيليز"", ""category"": ""restaurant"", ""distance_m"": 467.9}, {""name"": ""ميتيال فيل (ذهاب)"", ""category"": ""other"", ""distance_m"": 470.4}]","2026-03-26 08:39:23"
"36.8484","10.1745","750","[{""name"": ""Café Chams"", ""category"": ""restaurant"", ""distance_m"": 108.0}, {""name"": ""كافا جافا"", ""category"": ""restaurant"", ""distance_m"": 112.4}, {""name"": ""ماي بليس"", ""category"": ""restaurant"", ""distance_m"": 117.3}, {""name"": ""Café Amal"", ""category"": ""restaurant"", ""distance_m"": 143.6}, {""name"": ""سفارة كوبا"", ""category"": ""leisure"", ""distance_m"": 311.3}, {""name"": ""كارنوا"", ""category"": ""other"", ""distance_m"": 326.8}, {""name"": ""Fakhr Eddine"", ""category"": ""restaurant"", ""distance_m"": 329.5}, {""name"": ""Auto école tarek"", ""category"": ""other"", ""distance_m"": 329.8}, {""name"": ""Farmhouse El menzah"", ""category"": ""restaurant"", ""distance_m"": 351.2}, {""name"": ""منزه 8"", ""category"": ""other"", ""distance_m"": 352.7}]","2026-03-26 08:40:29"
"36.8647","10.1607","750","[{""name"": ""Aladin"", ""category"": ""restaurant"", ""distance_m"": 295.2}, {""name"": ""Collège Riadh Ennasr Ariana"", ""category"": ""school"", ""distance_m"": 343.6}, {""name"": ""المدرسة الإعدادية"", ""category"": ""school"", ""distance_m"": 362.7}, {""name"": ""rrrrrrrrrrrrr"", ""category"": ""other"", ""distance_m"": 372.3}, {""name"": ""نهاية خط 5د/51أ"", ""category"": ""other"", ""distance_m"": 400.3}, {""name"": ""École Primaire Ennasr 2"", ""category"": ""school"", ""distance_m"": 400.5}, {""name"": ""مجمع كمون الطبي حي النصر"", ""category"": ""hospital"", ""distance_m"": 402.8}, {""name"": ""مونوبري"", ""category"": ""shopping"", ""distance_m"": 417.9}, {""name"": ""Salim School"", ""category"": ""school"", ""distance_m"": 430.3}, {""name"": ""مجطة الهادي نويرة"", ""category"": ""other"", ""distance_m"": 451.7}]","2026-03-26 08:44:18"
"36.404","10.569","750","[{""name"": ""Bar Plage Bao Beach"", ""category"": ""restaurant"", ""distance_m"": 42.7}, {""name"": ""Il Pianetino"", ""category"": ""restaurant"", ""distance_m"": 94.1}, {""name"": ""Tony Burger"", ""category"": ""restaurant"", ""distance_m"": 121.2}, {""name"": ""Havana Food"", ""category"": ""restaurant"", ""distance_m"": 134.4}, {""name"": ""L'artisto"", ""category"": ""restaurant"", ""distance_m"": 144.2}, {""name"": ""Kleines Cafe"", ""category"": ""restaurant"", ""distance_m"": 165.1}, {""name"": ""El Malouf"", ""category"": ""restaurant"", ""distance_m"": 168.5}, {""name"": ""Castella"", ""category"": ""restaurant"", ""distance_m"": 193.8}, {""name"": ""Condor"", ""category"": ""restaurant"", ""distance_m"": 215.8}, {""name"": ""Amigos Food"", ""category"": ""restaurant"", ""distance_m"": 223.4}]","2026-03-26 08:45:01"
"36.9488","10.1983","750","[]","2026-03-26 08:46:38"
"36.0333","10.5","750","[{""name"": ""الطابونة"", ""category"": ""restaurant"", ""distance_m"": 160.5}, {""name"": ""منتزه بيت الكنت"", ""category"": ""leisure"", ""distance_m"": 306.1}, {""name"": ""مطعم بيت الكنت"", ""category"": ""restaurant"", ""distance_m"": 498.0}, {""name"": ""Maison SNIT"", ""category"": ""other"", ""distance_m"": 511.5}, {""name"": ""hopital Hergla"", ""category"": ""hospital"", ""distance_m"": 668.5}, {""name"": ""Rue 18 Janvier vers laribet"", ""category"": ""other"", ""distance_m"": 735.3}, {""name"": ""Usine Sahbi Karwi vers Laribet"", ""category"": ""other"", ""distance_m"": 743.1}, {""name"": ""Rue 18 Janvier vers sousse"", ""category"": ""other"", ""distance_m"": 747.9}, {""name"": ""المدرسة الإعدادية بهرقلة"", ""category"": ""school"", ""distance_m"": 764.2}]","2026-03-26 09:29:13"
"36.8604","10.2773","750","[{""name"": ""كارفور إكسبريس"", ""category"": ""shopping"", ""distance_m"": 52.1}, {""name"": ""عزيزة"", ""category"": ""shopping"", ""distance_m"": 112.1}, {""name"": ""Sofra Restaurant"", ""category"": ""restaurant"", ""distance_m"": 136.4}, {""name"": ""Café Nour"", ""category"": ""restaurant"", ""distance_m"": 153.6}, {""name"": ""Pharmacie Darghouth"", ""category"": ""hospital"", ""distance_m"": 154.7}, {""name"": ""بقالة"", ""category"": ""shopping"", ""distance_m"": 157.0}, {""name"": ""Salon de Thé Nour"", ""category"": ""restaurant"", ""distance_m"": 173.2}, {""name"": ""Pharmacie de Nuit"", ""category"": ""hospital"", ""distance_m"": 208.7}, {""name"": ""91"", ""category"": ""restaurant"", ""distance_m"": 233.7}, {""name"": ""Kool Time"", ""category"": ""restaurant"", ""distance_m"": 241.7}]","2026-03-26 09:39:44"
"35.8218","10.5606","750","[]","2026-03-26 09:57:05"
"36.8333","10.3175","750","[{""name"": ""مونوبري"", ""category"": ""shopping"", ""distance_m"": 230.3}, {""name"": ""مدرسة الجاحظ"", ""category"": ""school"", ""distance_m"": 235.1}, {""name"": ""مقهى السليمي"", ""category"": ""restaurant"", ""distance_m"": 266.3}, {""name"": ""الكرم"", ""category"": ""other"", ""distance_m"": 343.9}, {""name"": ""الكرم"", ""category"": ""transport"", ""distance_m"": 344.7}, {""name"": ""الكرم"", ""category"": ""other"", ""distance_m"": 344.7}, {""name"": ""الكرم"", ""category"": ""other"", ""distance_m"": 345.5}, {""name"": ""الكرم"", ""category"": ""other"", ""distance_m"": 348.9}, {""name"": ""المطار"", ""category"": ""other"", ""distance_m"": 353.1}, {""name"": ""المطار"", ""category"": ""transport"", ""distance_m"": 354.3}]","2026-03-26 10:02:22"
"36.6478","10.5915","750","[{""name"": ""Pizzeria"", ""category"": ""restaurant"", ""distance_m"": 83.7}, {""name"": ""Coffee Khamis Tajouris"", ""category"": ""restaurant"", ""distance_m"": 93.8}, {""name"": ""In Time"", ""category"": ""restaurant"", ""distance_m"": 117.4}, {""name"": ""Restaurant Zaamni"", ""category"": ""restaurant"", ""distance_m"": 174.7}, {""name"": ""Pharmacie El Chahed"", ""category"": ""hospital"", ""distance_m"": 207.7}, {""name"": ""Restaurant Imed"", ""category"": ""restaurant"", ""distance_m"": 210.9}, {""name"": ""Pharmacie de Nuit"", ""category"": ""hospital"", ""distance_m"": 215.6}, {""name"": ""Pharmacie Ali Ben Ali"", ""category"": ""hospital"", ""distance_m"": 244.0}, {""name"": ""Café Boujbel Beni Khalled"", ""category"": ""restaurant"", ""distance_m"": 244.3}, {""name"": ""Pharmacie de Jour"", ""category"": ""hospital"", ""distance_m"": 253.9}]","2026-03-26 10:07:54"
"36.8669","10.1919","750","[{""name"": ""مقهى النزهة"", ""category"": ""restaurant"", ""distance_m"": 282.1}, {""name"": ""حي نزهة"", ""category"": ""other"", ""distance_m"": 329.8}, {""name"": ""المدرسة الإعدادية برج الوزير"", ""category"": ""school"", ""distance_m"": 533.1}, {""name"": ""نهاية خط النخيلات"", ""category"": ""other"", ""distance_m"": 587.0}, {""name"": ""المنصورة"", ""category"": ""other"", ""distance_m"": 637.6}, {""name"": ""Lycée Secondaire Borj Louzir"", ""category"": ""school"", ""distance_m"": 638.7}, {""name"": ""سيدي الجبالي"", ""category"": ""school"", ""distance_m"": 645.6}, {""name"": ""Parking ISI"", ""category"": ""school"", ""distance_m"": 646.3}, {""name"": ""حي الليل"", ""category"": ""other"", ""distance_m"": 656.3}, {""name"": ""وجبات سريعة جمّولة"", ""category"": ""restaurant"", ""distance_m"": 666.6}]","2026-03-26 10:13:12"
