"lat","lon","radius","data","cached_at"
"36.7667","10.1833","750","[{""name"": ""\u0645\u062d\u0645\u062f \u0639\u0644\u064a"", ""category"": ""other"", ""distance_m"": null}, {""name"": ""\u0627\u0644\u0637\u0627\u0647\u0631 \u062d\u062f\u0627\u062f"", ""category"": ""other"", ""distance_m"": null}, {""name"": ""\u0645\u0642\u0647\u064a \u0644\u064a\u0642\u0627"", ""category"": ""restaurant"", ""distance_m"": null}, {""name"": ""\u0634\u0631\u0643\u0629 \u0627\u0644\u0644\u062d\u0648\u0645 \u062a\u0648\u0646\u0633 \u0628\u0627\u0637\u0648\u0627\u0631"", ""category"": ""shopping"", ""distance_m"": null}, {""name"": ""Parc des Princes"", ""category"": ""restaurant"", ""distance_m"": null}, {""name"": ""Soci\u00e9t\u00e9 Amen Service"", ""category"": ""shopping"", ""distance_m"": null}, {""name"": ""FRUITS IBNE SINA"", ""category"": ""shopping"", ""distance_m"": null}, {""name"": ""Poissons Royal"", ""category"": ""shopping"", ""distance_m"": null}, {""name"": ""Moulin Rouge"", ""category"": ""restaurant"", ""distance_m"": null}, {""name"": ""\u0645\u062d\u0645\u062f \u0639\u0644\u064a"", ""category"": ""other"", ""distance_m"": null}]","2026-03-23 12:24:31"
"36.8775","10.3275","750","[{""name"": ""\u0645\u0637\u0639\u0645 \u0627\u0644\u062e\u0644\u064a\u062c"", ""category"": ""restaurant"", ""distance_m"": null}, {""name"": ""\u0635\u064a\u062f\u0644\u064a\u0629 \u0627\u0644\u0645\u0644\u0648\u0644\u064a"", ""category"": ""hospital"", ""distance_m"": null}, {""name"": ""Atmosp'hair"", ""category"": ""shopping"", ""distance_m"": null}, {""name"": ""ChoPain"", ""category"": ""shopping"", ""distance_m"": null}, {""name"": ""Librairie Al Kitab"", ""category"": ""shopping"", ""distance_m"": null}, {""name"": ""Studio Salim"", ""category"": ""shopping"", ""distance_m"": null}, {""name"": ""Spec's Optic"", ""category"": ""shopping"", ""distance_m"": null}, {""name"": ""Cafe Malaga"", ""category"": ""restaurant"", ""distance_m"": null}, {""name"": ""Librairie Clairefontaine"", ""category"": ""shopping"", ""distance_m"": null}, {""name"": ""Superette"", ""category"": ""shopping"", ""distance_m"": null}]","2026-03-23 13:25:13"
"35.6756","10.3106","750","[{""name"": ""SIDI HANI"", ""category"": ""other"", ""distance_m"": null}]","2026-03-23 13:25:15"
"36.8557","10.2558","750","[{""name"": ""Boulangerie P\u00e2tisserie Bhar"", ""category"": ""shopping"", ""distance_m"": null}, {""name"": ""Yagouta"", ""category"": ""restaurant"", ""distance_m"": null}, {""name"": ""\u0645\u0648\u0646\u0648\u0628\u0631\u064a"", ""category"": ""shopping"", ""distance_m"": null}, {""name"": ""Coiffeur Chez Karim"", ""category"": ""shopping"", ""distance_m"": null}, {""name"": ""Caf\u00e9 Mosai"", ""category"": ""restaurant"", ""distance_m"": null}, {""name"": ""\u0645\u062e\u0628\u0632\u0629 \u0645\u0631\u0637\u0628\u0627\u062a"", ""category"": ""shopping"", ""distance_m"": null}, {""name"": ""Restaurant NasrALLAH"", ""category"": ""restaurant"", ""distance_m"": null}, {""name"": ""Superette Karim"", ""category"": ""shopping"", ""distance_m"": null}, {""name"": ""L'entracte"", ""category"": ""shopping"", ""distance_m"": null}, {""name"": ""Salsa"", ""category"": ""restaurant"", ""distance_m"": null}]","2026-03-23 13:25:42"
"33.8439","9.4001","750","[]","2026-03-23 15:26:01"
"36.8648","10.1021","750","[]","2026-03-23 15:26:05"
"36.8279","10.0896","750","[{""name"": ""Caf\u00e9 Bokhtiwa"", ""category"": ""restaurant"", ""distance_m"": null}, {""name"": ""El FLAYESS"", ""category"": ""shopping"", ""distance_m"": null}, {""name"": ""Monoprix Express"", ""category"": ""shopping"", ""distance_m"": null}, {""name"": ""Pharmacie du nuit"", ""category"": ""hospital"", ""distance_m"": null}, {""name"": ""Coiffure,Anis Sanaaoun"", ""category"": ""shopping"", ""distance_m"": null}, {""name"": ""\u0623\u0637\u0627\u0631"", ""category"": ""shopping"", ""distance_m"": null}, {""name"": ""quincaillerie selmani"", ""category"": ""shopping"", ""distance_m"": null}, {""name"": ""\u0623\u0637\u0627\u0631"", ""category"": ""shopping"", ""distance_m"": null}, {""name"": ""\u0639\u0632\u064a\u0632\u0629"", ""category"": ""shopping"", ""distance_m"": null}, {""name"": ""MHiRSi"", ""category"": ""shopping"", ""distance_m"": null}]","2026-03-23 15:26:29"
"36.8763","10.2582","750","[{""name"": ""\u062c\u0627\u0645\u0639 \u0633\u064a\u062f\u064a \u0641\u0631\u062c"", ""category"": ""other"", ""distance_m"": null}, {""name"": ""\u0633\u0643\u0631\u0629"", ""category"": ""other"", ""distance_m"": null}, {""name"": ""P\u00e9pinni\u00e8re"", ""category"": ""shopping"", ""distance_m"": null}]","2026-03-23 15:27:01"
"36.6","10.5","750","[{""name"": ""Caf\u00e9 Maaouia"", ""category"": ""restaurant"", ""distance_m"": null}, {""name"": ""Saliba"", ""category"": ""shopping"", ""distance_m"": null}, {""name"": ""Restaurant Fourguita"", ""category"": ""restaurant"", ""distance_m"": null}, {""name"": ""Cafe L'accacia"", ""category"": ""restaurant"", ""distance_m"": null}, {""name"": ""Caf\u00e9 Terrasse Grombalia"", ""category"": ""restaurant"", ""distance_m"": null}, {""name"": ""Caf\u00e9 Beaux-arts"", ""category"": ""restaurant"", ""distance_m"": null}, {""name"": ""Caf\u00e9 Bilel"", ""category"": ""restaurant"", ""distance_m"": null}, {""name"": ""Caf\u00e9 Mellasine"", ""category"": ""restaurant"", ""distance_m"": null}, {""name"": ""La Libert\u00e9"", ""category"": ""restaurant"", ""distance_m"": null}, {""name"": ""Caf\u00e9 Savana"", ""category"": ""restaurant"", ""distance_m"": null}]","2026-03-23 15:27:06"
"36.8093","10.0863","750","[{""name"": ""\u0623\u0648\u0631\u064a\u062f\u0648 \u062a\u0648\u0646\u0633"", ""category"": ""shopping"", ""distance_m"": null}, {""name"": ""\u0645\u0639\u0647\u062f \u062d\u0645\u0648\u062f\u0629 \u0628\u0627\u0634\u0627"", ""category"": ""school"", ""distance_m"": null}, {""name"": ""\u0627\u0644\u0645\u0646\u0635\u0641 \u0628\u0627\u064a"", ""category"": ""other"", ""distance_m"": null}, {""name"": ""\u0623\u0628\u0648 \u0628\u0643\u0631 \u0627\u0644\u0631\u0627\u0632\u064a"", ""category"": ""other"", ""distance_m"": null}, {""name"": ""\u0623\u0628\u0648 \u0628\u0643\u0631 \u0627\u0644\u0631\u0627\u0632\u064a"", ""category"": ""other"", ""distance_m"": null}, {""name"": ""\u0627\u0644\u0645\u0646\u0635\u0641 \u0628\u0627\u064a"", ""category"": ""other"", ""distance_m"": null}, {""name"": ""\u0627\u0644\u0645\u0646\u0635\u0641 \u0628\u0627\u064a"", ""category"": ""transport"", ""distance_m"": null}, {""name"": ""\u0623\u0628\u0648 \u0628\u0643\u0631 \u0627\u0644\u0631\u0627\u0632\u064a"", ""category"": ""transport"", ""distance_m"": null}, {""name"": ""\u062c\u0627\u0645\u0639 \u0645\u0646\u0648\u0628\u0629"", ""category"": ""other"", ""distance_m"": null}, {""name"": ""\u0627\u0644\u0631\u0627\u0632\u064a 104-410-460"", ""category"": ""other"", ""distance_m"": null}]","2026-03-23 15:27:28"
"36.8305","10.1969","750","[{""name"": ""\u0628\u064a \u0625\u0645 \u062f\u0628\u0644\u064a\u0648"", ""category"": ""shopping"", ""distance_m"": null}, {""name"": ""\u062d\u064a \u0627\u0644\u062e\u0636\u0631\u0627\u0621"", ""category"": ""transport"", ""distance_m"": null}, {""name"": ""\u0627\u0644\u0645\u0631\u0643\u0632 \u0627\u0644\u0645\u0646\u062f\u0645\u062c \u0644\u0644\u0634\u0628\u0627\u0628 \u0648\u0627\u0644\u0637\u0641\u0648\u0644\u0629 \u0628\u0627\u0644\u062e\u0636\u0631\u0627\u0621"", ""category"": ""hospital"", ""distance_m"": null}, {""name"": ""NafNaf"", ""category"": ""shopping"", ""distance_m"": null}, {""name"": ""\u0645\u0635\u062d\u0629 \u0627\u0628\u0646 \u0632\u0647\u0631"", ""category"": ""hospital"", ""distance_m"": null}, {""name"": ""MyTek"", ""category"": ""shopping"", ""distance_m"": null}, {""name"": ""\u0645\u0642\u0647\u0649 \u0627\u0644\u0631\u064a\u062d\u0627\u0646\u0629"", ""category"": ""restaurant"", ""distance_m"": null}, {""name"": ""\u062c\u064a\u062c\u064a \u0643\u0643\u0632"", ""category"": ""restaurant"", ""distance_m"": null}, {""name"": ""Caf\u00e9 Khmais"", ""category"": ""restaurant"", ""distance_m"": null}, {""name"": ""Le Bon Gout"", ""category"": ""restaurant"", ""distance_m"": null}]","2026-03-23 15:27:33"
"36.8612","10.1339","750","[{""name"": ""\u0645\u0648\u0646\u0648\u0628\u0631\u064a"", ""category"": ""shopping"", ""distance_m"": null}, {""name"": ""\u0646\u0647\u0627\u064a\u0629 \u062e\u0637 38 \u062a"", ""category"": ""other"", ""distance_m"": null}, {""name"": ""\u0645\u0627\u0631\u0643\u064a\u0631"", ""category"": ""other"", ""distance_m"": null}, {""name"": ""\u062d\u064a \u0627\u0644\u062f\u0631\u064a\u062f\u064a"", ""category"": ""other"", ""distance_m"": null}]","2026-03-23 15:28:28"
"36.8645","10.2722","750","[{""name"": ""Harzallah In\u00e8s Ep Louati"", ""category"": ""hospital"", ""distance_m"": null}, {""name"": ""\u0645\u0648\u0646\u0648\u0628\u0631\u064a"", ""category"": ""shopping"", ""distance_m"": null}, {""name"": ""\u0643\u0627\u0631\u0641\u0648\u0631 \u0625\u0643\u0633\u0628\u0631\u064a\u0633"", ""category"": ""shopping"", ""distance_m"": null}, {""name"": ""\u0627\u0633\u0645\u0627\u0643 \u0627\u0644\u0628\u062d\u0631 \u0627\u0644\u0627\u0628\u064a\u0636 \u0627\u0644\u0645\u062a\u0648\u0633\u0637"", ""category"": ""shopping"", ""distance_m"": null}, {""name"": ""\u0645\u062c\u0632\u0631\u0629 \u062d\u0633\u0627\u0646"", ""category"": ""shopping"", ""distance_m"": null}, {""name"": ""\u0639\u0632\u064a\u0632\u0629"", ""category"": ""shopping"", ""distance_m"": null}, {""name"": ""Pharmacie Darghouth"", ""category"": ""hospital"", ""distance_m"": null}, {""name"": ""Orthomed Sant\u00e9"", ""category"": ""shopping"", ""distance_m"": null}, {""name"": ""\u0645\u0637\u0639\u0645 \u0627\u0644\u062e\u064a\u0645\u0629 \u0644\u0644\u0645\u0623\u0643\u0648\u0644\u0627\u062a \u0627\u0644\u0644\u064a\u0628\u064a\u0629"", ""category"": ""restaurant"", ""distance_m"": null}, {""name"": ""\u0627\u0644\u0643\u0648\u064a\u062c\u064a\u0646\u0629"", ""category"": ""restaurant"", ""distance_m"": null}]","2026-03-23 15:28:33"
"36.4561","10.7358","750","[{""name"": ""Nabeul centre"", ""category"": ""other"", ""distance_m"": null}, {""name"": ""Canari"", ""category"": ""shopping"", ""distance_m"": null}, {""name"": ""Banette"", ""category"": ""shopping"", ""distance_m"": null}, {""name"": ""Spiritiueux"", ""category"": ""shopping"", ""distance_m"": null}, {""name"": ""MG City"", ""category"": ""shopping"", ""distance_m"": null}, {""name"": ""Anouar Market"", ""category"": ""shopping"", ""distance_m"": null}, {""name"": ""Le Bon Kif"", ""category"": ""restaurant"", ""distance_m"": null}, {""name"": ""Mytek Nabeul"", ""category"": ""shopping"", ""distance_m"": null}, {""name"": ""Zen"", ""category"": ""shopping"", ""distance_m"": null}, {""name"": ""Chaussures Najoua pour enfants"", ""category"": ""shopping"", ""distance_m"": null}]","2026-03-23 17:25:52"
"36.9209","10.1371","750","[]","2026-03-23 17:41:59"
"34.7313","10.6698","750","[{""name"": ""\u0635\u064a\u062f\u0644\u064a\u0629 \u0647\u0627\u062f\u064a\u0629 \u0627\u0644\u0635\u0627\u0645\u062a"", ""category"": ""hospital"", ""distance_m"": null}, {""name"": ""\u0635\u064a\u062f\u0644\u064a\u0629 \u0641\u0627\u0637\u0645\u0629 \u0639\u0645\u0627\u0631"", ""category"": ""hospital"", ""distance_m"": null}, {""name"": ""\u0645\u0642\u0647\u0649 \u0623\u0645\u064a\u0642\u0648\u0633"", ""category"": ""restaurant"", ""distance_m"": null}, {""name"": ""\u0645\u0642\u0647\u0649 \u0627\u0644\u0643\u0648\u0646\u064a"", ""category"": ""restaurant"", ""distance_m"": null}, {""name"": ""\u0645\u0634\u0648\u064a \u0639\u0644\u0648\u0634 \u0648\u062f\u0631\u0627\u0646"", ""category"": ""restaurant"", ""distance_m"": null}, {""name"": ""\u0645\u0642\u0647\u0649 \u0627\u0644\u062c\u0631\u0628\u0648\u0639\u064a"", ""category"": ""restaurant"", ""distance_m"": null}, {""name"": ""\u0627\u0644\u0642\u0631\u0645\u0627\u0632\u064a"", ""category"": ""other"", ""distance_m"": null}, {""name"": ""Cit\u00e9 Riadh"", ""category"": ""other"", ""distance_m"": null}]","2026-03-23 18:48:19"
"35.8504","10.5952","750","[{""name"": ""Lyc\u00e9e Hammam Sousse 2"", ""category"": ""school"", ""distance_m"": null}, {""name"": ""Centre de formation professionel"", ""category"": ""school"", ""distance_m"": null}, {""name"": ""Lyc\u00e9e Hammam Sousse"", ""category"": ""school"", ""distance_m"": null}, {""name"": ""Sousse-Sahloul"", ""category"": ""other"", ""distance_m"": null}, {""name"": ""Sousse-Sahloul"", ""category"": ""other"", ""distance_m"": null}, {""name"": ""Sousse-Sahloul (Arret Souk)"", ""category"": ""other"", ""distance_m"": null}, {""name"": ""Caf\u00e9 Journal"", ""category"": ""restaurant"", ""distance_m"": null}, {""name"": ""Boulangerie Daghrir"", ""category"": ""shopping"", ""distance_m"": null}, {""name"": ""Oisellerie"", ""category"": ""shopping"", ""distance_m"": null}]","2026-03-23 18:49:53"
"36.8917","10.3116","750","[{""name"": ""sahbani"", ""category"": ""restaurant"", ""distance_m"": null}, {""name"": ""Caf\u00e9taria BelHsen"", ""category"": ""restaurant"", ""distance_m"": null}, {""name"": ""Le Pain Chaud"", ""category"": ""shopping"", ""distance_m"": null}, {""name"": ""Ben Mehrez"", ""category"": ""restaurant"", ""distance_m"": null}, {""name"": ""\u0639\u0632\u064a\u0632\u0629"", ""category"": ""shopping"", ""distance_m"": null}, {""name"": ""Ooredoo"", ""category"": ""shopping"", ""distance_m"": null}, {""name"": ""Elyes"", ""category"": ""shopping"", ""distance_m"": null}, {""name"": ""Chez Monji"", ""category"": ""restaurant"", ""distance_m"": null}, {""name"": ""Caf\u00e9 Amir"", ""category"": ""restaurant"", ""distance_m"": null}, {""name"": ""\u0627\u0644\u0645\u0632\u0631\u0639\u0629"", ""category"": ""shopping"", ""distance_m"": null}]","2026-03-23 18:50:10"
"36.4025","10.1431","750","[{""name"": ""المدرسة الإعدادية شارع الاستقلال"", ""category"": ""school"", ""distance_m"": 103.8}, {""name"": ""لاجوكندا"", ""category"": ""restaurant"", ""distance_m"": 104.7}, {""name"": ""كروة"", ""category"": ""restaurant"", ""distance_m"": 203.4}, {""name"": ""ناينتيز"", ""category"": ""restaurant"", ""distance_m"": 266.7}, {""name"": ""المدرسة الابتدائية ابن خلدون"", ""category"": ""school"", ""distance_m"": 292.7}, {""name"": ""إم جي بركسي"", ""category"": ""shopping"", ""distance_m"": 387.3}, {""name"": ""كارفور إكسبريس"", ""category"": ""shopping"", ""distance_m"": 413.0}, {""name"": ""ميلانو"", ""category"": ""restaurant"", ""distance_m"": 418.2}, {""name"": ""Station de Louages Zaghouan"", ""category"": ""transport"", ""distance_m"": 476.6}, {""name"": ""الكهف"", ""category"": ""restaurant"", ""distance_m"": 478.0}]","2026-03-24 10:25:32"
"34.7392","10.5258","750","[{""name"": ""حديقة عبد القادر الجزايري"", ""category"": ""leisure"", ""distance_m"": 151.6}, {""name"": ""المدرسة الإعدادية حليمة الشعبوني"", ""category"": ""school"", ""distance_m"": 176.7}, {""name"": ""معهد عقارب"", ""category"": ""school"", ""distance_m"": 195.6}, {""name"": ""صيدلية منى الكشو حرم المهيري"", ""category"": ""hospital"", ""distance_m"": 214.8}, {""name"": ""حديقة حي الخضراء"", ""category"": ""leisure"", ""distance_m"": 217.2}, {""name"": ""حديقة جميلة بو حيدر"", ""category"": ""leisure"", ""distance_m"": 237.7}, {""name"": ""مقهى بوديم"", ""category"": ""restaurant"", ""distance_m"": 262.2}, {""name"": ""المدرسة الابتدائية 2 مارس 1934"", ""category"": ""school"", ""distance_m"": 276.8}, {""name"": ""صيدلية الليل أسامة كريشان"", ""category"": ""hospital"", ""distance_m"": 277.2}, {""name"": ""المستشفى المحلي عقارب"", ""category"": ""hospital"", ""distance_m"": 296.8}]","2026-03-24 10:26:56"
"35.8667","10.5667","750","[{""name"": ""etikouda"", ""category"": ""leisure"", ""distance_m"": 176.8}, {""name"": ""École Primaire Farhat Hached"", ""category"": ""school"", ""distance_m"": 448.0}, {""name"": ""Dalass Food chez Bassem"", ""category"": ""restaurant"", ""distance_m"": 459.7}, {""name"": ""Carrefour Express"", ""category"": ""shopping"", ""distance_m"": 727.9}]","2026-03-24 10:27:34"
"36.4","10.6167","750","[{""name"": ""La Maison des Saveurs"", ""category"": ""restaurant"", ""distance_m"": 65.5}, {""name"": ""Dar CA"", ""category"": ""restaurant"", ""distance_m"": 94.7}, {""name"": ""Hôpital d'Hammamet"", ""category"": ""hospital"", ""distance_m"": 97.5}, {""name"": ""صيدلية الليل"", ""category"": ""hospital"", ""distance_m"": 113.8}, {""name"": ""Chee'z Pizzeria"", ""category"": ""restaurant"", ""distance_m"": 115.5}, {""name"": ""Hammamet"", ""category"": ""restaurant"", ""distance_m"": 144.0}, {""name"": ""Café Maure SIDI EL KILANI"", ""category"": ""restaurant"", ""distance_m"": 144.7}, {""name"": ""Cafeteria CA"", ""category"": ""restaurant"", ""distance_m"": 151.7}, {""name"": ""Kafteji Hammamet"", ""category"": ""restaurant"", ""distance_m"": 154.5}, {""name"": ""l'Escale Hammamet"", ""category"": ""restaurant"", ""distance_m"": 156.5}]","2026-03-24 10:27:50"
"36.866","10.1939","750","[{""name"": ""حي نزهة"", ""category"": ""other"", ""distance_m"": 291.2}, {""name"": ""مقهى النزهة"", ""category"": ""restaurant"", ""distance_m"": 340.5}, {""name"": ""نهاية خط النخيلات"", ""category"": ""other"", ""distance_m"": 418.8}, {""name"": ""المنصورة"", ""category"": ""other"", ""distance_m"": 472.5}, {""name"": ""سيدي الجبالي"", ""category"": ""school"", ""distance_m"": 509.8}, {""name"": ""حي الزهاني"", ""category"": ""other"", ""distance_m"": 528.2}, {""name"": ""مقهي الزيتونة"", ""category"": ""restaurant"", ""distance_m"": 533.1}, {""name"": ""مركز شرطة-قسم"", ""category"": ""other"", ""distance_m"": 539.3}, {""name"": ""Pharmacie Hassen Ben Hfaiedh"", ""category"": ""hospital"", ""distance_m"": 548.8}, {""name"": ""المدرسة الإعدادية برج الوزير"", ""category"": ""school"", ""distance_m"": 553.0}]","2026-03-24 10:28:24"
"35.8592","10.59","750","[{""name"": ""École Primaire Habib Bourguiba"", ""category"": ""school"", ""distance_m"": 158.7}, {""name"": ""Pharmacie Ferjani"", ""category"": ""hospital"", ""distance_m"": 315.4}, {""name"": ""مقهى إفريقيا"", ""category"": ""restaurant"", ""distance_m"": 509.7}, {""name"": ""Sousse-Sahloul"", ""category"": ""other"", ""distance_m"": 599.1}, {""name"": ""Café Journal"", ""category"": ""restaurant"", ""distance_m"": 619.7}, {""name"": ""Gatousi shih 22283"", ""category"": ""shopping"", ""distance_m"": 723.2}, {""name"": ""Sousse-Sahloul"", ""category"": ""other"", ""distance_m"": 729.5}, {""name"": ""Sousse-Hammam Sousse"", ""category"": ""other"", ""distance_m"": 738.5}, {""name"": ""Sousse-Hammam Sousse"", ""category"": ""other"", ""distance_m"": 741.7}]","2026-03-24 10:29:23"
"35.8269","10.63","750","[{""name"": ""Shaghaf – شَغَف"", ""category"": ""restaurant"", ""distance_m"": 146.8}, {""name"": ""Cité Universitaire Ibn Sina"", ""category"": ""school"", ""distance_m"": 284.3}, {""name"": ""Monoprix"", ""category"": ""shopping"", ""distance_m"": 325.6}, {""name"": ""Hospital F. Hached"", ""category"": ""hospital"", ""distance_m"": 351.2}, {""name"": ""Hôpital Farhat hached;Service des Urgences Farhat hached"", ""category"": ""hospital"", ""distance_m"": 361.4}, {""name"": ""Lycée tahar sfar (de jeunes filles)"", ""category"": ""school"", ""distance_m"": 372.9}, {""name"": ""Café le Pyramides"", ""category"": ""restaurant"", ""distance_m"": 374.5}, {""name"": ""NEW MONTANA"", ""category"": ""restaurant"", ""distance_m"": 377.2}, {""name"": ""Dr Kmar Brahem"", ""category"": ""hospital"", ""distance_m"": 380.2}, {""name"": ""Lycée Technique de Sousse"", ""category"": ""school"", ""distance_m"": 392.1}]","2026-03-24 10:35:18"
"36.8863","10.2186","750","[{""name"": ""سيدي صالح"", ""category"": ""other"", ""distance_m"": 321.0}, {""name"": ""كارفور ماركت"", ""category"": ""shopping"", ""distance_m"": 335.2}, {""name"": ""جامع سيدي صالح"", ""category"": ""other"", ""distance_m"": 411.4}]","2026-03-24 12:24:52"
"36.8484","10.1745","750","[{""name"": ""Café Chams"", ""category"": ""restaurant"", ""distance_m"": 108.0}, {""name"": ""كافا جافا"", ""category"": ""restaurant"", ""distance_m"": 112.4}, {""name"": ""ماي بليس"", ""category"": ""restaurant"", ""distance_m"": 117.3}, {""name"": ""Café Amal"", ""category"": ""restaurant"", ""distance_m"": 143.6}, {""name"": ""سفارة كوبا"", ""category"": ""leisure"", ""distance_m"": 311.3}, {""name"": ""كارنوا"", ""category"": ""other"", ""distance_m"": 326.8}, {""name"": ""Fakhr Eddine"", ""category"": ""restaurant"", ""distance_m"": 329.5}, {""name"": ""Auto école tarek"", ""category"": ""other"", ""distance_m"": 329.8}, {""name"": ""Farmhouse El menzah"", ""category"": ""restaurant"", ""distance_m"": 351.2}, {""name"": ""منزه 8"", ""category"": ""other"", ""distance_m"": 352.7}]","2026-03-24 12:25:07"
"36.8625","10.1692","750","[{""name"": ""المدرسة الابتدائية النصر 1 اريانة"", ""category"": ""school"", ""distance_m"": 88.1}, {""name"": ""مقهى رندة"", ""category"": ""restaurant"", ""distance_m"": 108.4}, {""name"": ""Bon goût"", ""category"": ""shopping"", ""distance_m"": 108.8}, {""name"": ""حي النصر 1"", ""category"": ""other"", ""distance_m"": 124.9}, {""name"": ""لا لونا"", ""category"": ""restaurant"", ""distance_m"": 244.7}, {""name"": ""لا فالان"", ""category"": ""restaurant"", ""distance_m"": 246.1}, {""name"": ""MM Café"", ""category"": ""restaurant"", ""distance_m"": 264.4}, {""name"": ""Chabrouch"", ""category"": ""restaurant"", ""distance_m"": 272.4}, {""name"": ""كابانا كافي"", ""category"": ""restaurant"", ""distance_m"": 273.8}, {""name"": ""Broadway"", ""category"": ""restaurant"", ""distance_m"": 287.6}]","2026-03-24 12:26:24"
"36.8647","10.1607","750","[{""name"": ""Aladin"", ""category"": ""restaurant"", ""distance_m"": 295.2}, {""name"": ""Collège Riadh Ennasr Ariana"", ""category"": ""school"", ""distance_m"": 343.6}, {""name"": ""المدرسة الإعدادية"", ""category"": ""school"", ""distance_m"": 362.7}, {""name"": ""rrrrrrrrrrrrr"", ""category"": ""other"", ""distance_m"": 372.3}, {""name"": ""نهاية خط 5د/51أ"", ""category"": ""other"", ""distance_m"": 400.3}, {""name"": ""École Primaire Ennasr 2"", ""category"": ""school"", ""distance_m"": 400.5}, {""name"": ""مجمع كمون الطبي حي النصر"", ""category"": ""hospital"", ""distance_m"": 402.8}, {""name"": ""مونوبري"", ""category"": ""shopping"", ""distance_m"": 417.9}, {""name"": ""Salim School"", ""category"": ""school"", ""distance_m"": 430.3}, {""name"": ""مجطة الهادي نويرة"", ""category"": ""other"", ""distance_m"": 451.7}]","2026-03-24 12:26:51"
"36.8525","10.1577","750","[{""name"": ""مقهى الأمير"", ""category"": ""restaurant"", ""distance_m"": 160.4}, {""name"": ""Boulangerie Patisserie - chez Fanny"", ""category"": ""shopping"", ""distance_m"": 167.6}, {""name"": ""Café des Arts"", ""category"": ""restaurant"", ""distance_m"": 196.1}, {""name"": ""École Primaire d'El Menzah 7"", ""category"": ""school"", ""distance_m"": 357.2}, {""name"": ""لنسترا"", ""category"": ""restaurant"", ""distance_m"": 373.8}, {""name"": ""ايكوزي"", ""category"": ""restaurant"", ""distance_m"": 374.7}, {""name"": ""مراكش"", ""category"": ""shopping"", ""distance_m"": 383.1}, {""name"": ""دولتشي فيتا"", ""category"": ""restaurant"", ""distance_m"": 388.5}, {""name"": ""شال المنزه 7"", ""category"": ""other"", ""distance_m"": 388.9}, {""name"": ""سوبرت 53"", ""category"": ""shopping"", ""distance_m"": 408.7}]","2026-03-24 12:27:49"
"36.8599","10.2649","750","[{""name"": ""عزيزة"", ""category"": ""shopping"", ""distance_m"": 97.5}, {""name"": ""Oasis Garden"", ""category"": ""leisure"", ""distance_m"": 160.2}, {""name"": ""Red Castle Restaurant"", ""category"": ""restaurant"", ""distance_m"": 216.6}, {""name"": ""Boulangerie-Patisserie Banette"", ""category"": ""shopping"", ""distance_m"": 247.4}, {""name"": ""Up & Down"", ""category"": ""restaurant"", ""distance_m"": 264.6}, {""name"": ""Le petit café"", ""category"": ""restaurant"", ""distance_m"": 277.9}, {""name"": ""Mac Tunis"", ""category"": ""restaurant"", ""distance_m"": 281.0}, {""name"": ""Bombay"", ""category"": ""restaurant"", ""distance_m"": 288.5}, {""name"": ""صيدلية الواحات"", ""category"": ""hospital"", ""distance_m"": 304.3}, {""name"": ""Mattys Fast Food"", ""category"": ""restaurant"", ""distance_m"": 306.6}]","2026-03-24 12:28:54"
"36.8984","10.3007","750","[{""name"": ""Fattouma"", ""category"": ""shopping"", ""distance_m"": 593.1}, {""name"": ""Café Bellevue"", ""category"": ""restaurant"", ""distance_m"": 609.9}, {""name"": ""حي الحبيب"", ""category"": ""other"", ""distance_m"": 638.7}, {""name"": ""Andiamo Pizza"", ""category"": ""restaurant"", ""distance_m"": 650.2}, {""name"": ""مركز التكوين بقمرت"", ""category"": ""other"", ""distance_m"": 688.9}, {""name"": ""Cafétaria L'Avenir"", ""category"": ""restaurant"", ""distance_m"": 711.3}, {""name"": ""Chappati"", ""category"": ""restaurant"", ""distance_m"": 715.2}, {""name"": ""Rapido Café"", ""category"": ""restaurant"", ""distance_m"": 715.4}, {""name"": ""جامع قمرت"", ""category"": ""other"", ""distance_m"": 719.6}, {""name"": ""Friends Café"", ""category"": ""restaurant"", ""distance_m"": 723.5}]","2026-03-24 12:29:14"
"36.8473","10.2745","750","[{""name"": ""Issa's Kaftéji royale"", ""category"": ""restaurant"", ""distance_m"": 85.2}, {""name"": ""Collège Pilote Les Berges Du Lac"", ""category"": ""school"", ""distance_m"": 159.0}, {""name"": ""L'Academie du Lac"", ""category"": ""school"", ""distance_m"": 179.2}, {""name"": ""أروما"", ""category"": ""restaurant"", ""distance_m"": 210.9}, {""name"": ""PHARMACIE DE LA BOURSE"", ""category"": ""hospital"", ""distance_m"": 321.3}, {""name"": ""Pizza américaine"", ""category"": ""restaurant"", ""distance_m"": 343.5}, {""name"": ""George V"", ""category"": ""restaurant"", ""distance_m"": 374.1}, {""name"": ""Pomme De Pain"", ""category"": ""restaurant"", ""distance_m"": 376.4}, {""name"": ""Macchiato"", ""category"": ""restaurant"", ""distance_m"": 377.3}, {""name"": ""كارفور ماركت"", ""category"": ""shopping"", ""distance_m"": 392.0}]","2026-03-24 12:30:00"
"36.8471","10.1517","750","[{""name"": ""Avicenne Private Business School"", ""category"": ""school"", ""distance_m"": 141.3}, {""name"": ""المركز التجاري مقني"", ""category"": ""other"", ""distance_m"": 165.1}, {""name"": ""Centre Makni"", ""category"": ""shopping"", ""distance_m"": 199.5}, {""name"": ""Universite Aeronautique et des Technologies"", ""category"": ""school"", ""distance_m"": 202.7}, {""name"": ""Shaving Time Coiffure"", ""category"": ""shopping"", ""distance_m"": 216.1}, {""name"": ""Centre X"", ""category"": ""shopping"", ""distance_m"": 238.9}, {""name"": ""باغيت وباغيت"", ""category"": ""restaurant"", ""distance_m"": 252.9}, {""name"": ""منزه 9"", ""category"": ""other"", ""distance_m"": 262.3}, {""name"": ""Champion"", ""category"": ""shopping"", ""distance_m"": 266.8}, {""name"": ""كارفور ماركت"", ""category"": ""shopping"", ""distance_m"": 267.8}]","2026-03-24 12:31:03"
"36.8891","10.3223","750","[{""name"": ""3am Hbib"", ""category"": ""restaurant"", ""distance_m"": 21.0}, {""name"": ""Blue House cafe"", ""category"": ""restaurant"", ""distance_m"": 28.7}, {""name"": ""بيتزا نوفا"", ""category"": ""restaurant"", ""distance_m"": 31.1}, {""name"": ""Blues House"", ""category"": ""restaurant"", ""distance_m"": 35.0}, {""name"": ""Maradona"", ""category"": ""restaurant"", ""distance_m"": 36.8}, {""name"": ""Monoprix Express"", ""category"": ""shopping"", ""distance_m"": 114.0}, {""name"": ""Café Face à Face"", ""category"": ""restaurant"", ""distance_m"": 115.0}, {""name"": ""Laa Marggherita"", ""category"": ""restaurant"", ""distance_m"": 123.9}, {""name"": ""Biwaï"", ""category"": ""restaurant"", ""distance_m"": 150.3}, {""name"": ""سيدي عبد العزيز"", ""category"": ""other"", ""distance_m"": 179.1}]","2026-03-24 12:31:31"
"36.4252","10.6309","750","[]","2026-03-24 12:32:05"
"36.4513","10.7357","750","[{""name"": ""Pharmacie Amine Salah"", ""category"": ""hospital"", ""distance_m"": 31.5}, {""name"": ""L'escale"", ""category"": ""restaurant"", ""distance_m"": 33.2}, {""name"": ""الجرة"", ""category"": ""shopping"", ""distance_m"": 40.1}, {""name"": ""المحطة القطارات"", ""category"": ""other"", ""distance_m"": 67.6}, {""name"": ""Immeuble City Center"", ""category"": ""hospital"", ""distance_m"": 70.5}, {""name"": ""نابل"", ""category"": ""transport"", ""distance_m"": 73.5}, {""name"": ""Café du Parc"", ""category"": ""restaurant"", ""distance_m"": 74.9}, {""name"": ""Parc de Nabeul"", ""category"": ""leisure"", ""distance_m"": 78.8}, {""name"": ""Dr Wahib el Asmi"", ""category"": ""hospital"", ""distance_m"": 79.1}, {""name"": ""Buvette Saber"", ""category"": ""restaurant"", ""distance_m"": 123.8}]","2026-03-24 12:33:36"
"35.8218","10.5606","750","[]","2026-03-24 12:34:04"
"36.8886","10.2319","750","[]","2026-03-24 12:34:40"
"36.8806","10.1717","750","[{""name"": ""المدرسة الابتدائية رياض الاندلس"", ""category"": ""school"", ""distance_m"": 287.2}, {""name"": ""حي الغزالة"", ""category"": ""other"", ""distance_m"": 355.6}, {""name"": ""مصنع البلاط"", ""category"": ""other"", ""distance_m"": 415.4}, {""name"": ""معمل الرخام"", ""category"": ""other"", ""distance_m"": 549.8}, {""name"": ""تقاطع رياض الاندلس"", ""category"": ""other"", ""distance_m"": 652.8}, {""name"": ""كارفور ماركت"", ""category"": ""shopping"", ""distance_m"": 776.3}]","2026-03-24 12:35:08"
"36.8271","10.1838","750","[{""name"": ""ملاوي"", ""category"": ""restaurant"", ""distance_m"": 38.0}, {""name"": ""Pate à Bouf"", ""category"": ""restaurant"", ""distance_m"": 79.2}, {""name"": ""Pharmasprint"", ""category"": ""hospital"", ""distance_m"": 88.9}, {""name"": ""Arabesque"", ""category"": ""restaurant"", ""distance_m"": 176.2}, {""name"": ""كافتيريا عزيز"", ""category"": ""restaurant"", ""distance_m"": 198.7}, {""name"": ""Institut de leadership et de gouvernance de tunis"", ""category"": ""other"", ""distance_m"": 258.3}, {""name"": ""Ministère de l'Agriculture"", ""category"": ""other"", ""distance_m"": 279.3}, {""name"": ""عمدة"", ""category"": ""shopping"", ""distance_m"": 285.4}, {""name"": ""Restaurant Le 15ème"", ""category"": ""restaurant"", ""distance_m"": 295.0}, {""name"": ""سفارة إسبانيا"", ""category"": ""leisure"", ""distance_m"": 312.8}]","2026-03-24 12:35:22"
"36.8924","10.3119","750","[{""name"": ""École Farhat Hached"", ""category"": ""school"", ""distance_m"": 360.7}, {""name"": ""Lycée Marsa El Riadh"", ""category"": ""school"", ""distance_m"": 384.0}, {""name"": ""Café Journal"", ""category"": ""restaurant"", ""distance_m"": 424.2}, {""name"": ""Café Amir"", ""category"": ""restaurant"", ""distance_m"": 603.6}, {""name"": ""Chez Monji"", ""category"": ""restaurant"", ""distance_m"": 615.9}, {""name"": ""sahbani"", ""category"": ""restaurant"", ""distance_m"": 650.0}, {""name"": ""Club Sandwich"", ""category"": ""restaurant"", ""distance_m"": 667.0}, {""name"": ""نزل الموفنبيك"", ""category"": ""other"", ""distance_m"": 675.5}, {""name"": ""Ben Mehrez"", ""category"": ""restaurant"", ""distance_m"": 733.2}, {""name"": ""عزيزة"", ""category"": ""shopping"", ""distance_m"": 733.4}]","2026-03-24 12:36:15"
"36.8447","10.1395","750","[{""name"": ""حدائق المنزه 1"", ""category"": ""other"", ""distance_m"": 702.5}]","2026-03-24 12:36:23"
"36.874","10.3187","750","[{""name"": ""Le Karibou"", ""category"": ""restaurant"", ""distance_m"": 62.0}, {""name"": ""Le Delice"", ""category"": ""shopping"", ""distance_m"": 65.3}, {""name"": ""El Mawaddah Coffee"", ""category"": ""restaurant"", ""distance_m"": 75.5}, {""name"": ""جوز بيتزا"", ""category"": ""restaurant"", ""distance_m"": 160.5}, {""name"": ""ملعب رجاء حيدر"", ""category"": ""other"", ""distance_m"": 205.7}, {""name"": ""سكن السفير البريطاني"", ""category"": ""leisure"", ""distance_m"": 259.0}, {""name"": ""Qian House"", ""category"": ""restaurant"", ""distance_m"": 518.4}, {""name"": ""عيادة سيدى صلاح"", ""category"": ""hospital"", ""distance_m"": 583.5}, {""name"": ""المرسى"", ""category"": ""other"", ""distance_m"": 585.2}, {""name"": ""Jardin d'Enfants \""Mon'ecole\"""", ""category"": ""leisure"", ""distance_m"": 599.4}]","2026-03-24 12:36:59"
"36.8525","10.2965","750","[{""name"": ""باريستاس حدائق قرطاج"", ""category"": ""restaurant"", ""distance_m"": 668.2}, {""name"": ""Café Jardins de Carthage"", ""category"": ""restaurant"", ""distance_m"": 673.5}, {""name"": ""Pharmacie Olfa Znazen"", ""category"": ""hospital"", ""distance_m"": 691.3}, {""name"": ""Goomba's Pizza"", ""category"": ""restaurant"", ""distance_m"": 697.8}, {""name"": ""L'Académie des Arts"", ""category"": ""other"", ""distance_m"": 730.5}]","2026-03-24 12:37:13"
"36.8791","10.2656","750","[{""name"": ""جامع سيدي فرج"", ""category"": ""other"", ""distance_m"": 150.5}, {""name"": ""جـامعة تـونس قـرطاج الخـاصة"", ""category"": ""school"", ""distance_m"": 181.4}, {""name"": ""صيدلية الليل"", ""category"": ""hospital"", ""distance_m"": 314.8}, {""name"": ""سكرة"", ""category"": ""other"", ""distance_m"": 438.4}, {""name"": ""صيدلية الليل"", ""category"": ""other"", ""distance_m"": 473.6}]","2026-03-24 12:38:08"
"36.4421","10.6945","750","[{""name"": ""Collège Pilote de Nabeul"", ""category"": ""school"", ""distance_m"": 463.9}, {""name"": ""Centre de formation professionnelle"", ""category"": ""school"", ""distance_m"": 664.1}, {""name"": ""Êl wafa market"", ""category"": ""shopping"", ""distance_m"": 730.1}, {""name"": ""Lycée Pilote de Nabeul"", ""category"": ""school"", ""distance_m"": 741.4}, {""name"": ""Studio 55"", ""category"": ""restaurant"", ""distance_m"": 748.5}, {""name"": ""Restaurant Universitaire de Nabeul"", ""category"": ""restaurant"", ""distance_m"": 794.0}, {""name"": ""FSEGN"", ""category"": ""school"", ""distance_m"": 879.1}]","2026-03-24 12:38:27"
"36.8322","10.1465","750","[{""name"": ""المدرسة الوطنية للمهندسين بتونس"", ""category"": ""school"", ""distance_m"": 114.2}, {""name"": ""Restaurant Universitaire Campus El Manar"", ""category"": ""restaurant"", ""distance_m"": 122.9}, {""name"": ""كلية العلوم بتونس"", ""category"": ""other"", ""distance_m"": 157.8}, {""name"": ""espace des clubs"", ""category"": ""leisure"", ""distance_m"": 173.9}, {""name"": ""معهد العلوم في تونس"", ""category"": ""school"", ""distance_m"": 188.9}, {""name"": ""المدرسة الوطنية للمهندسين بتونس"", ""category"": ""school"", ""distance_m"": 267.9}, {""name"": ""جامعة تونس المنار"", ""category"": ""school"", ""distance_m"": 323.0}, {""name"": ""La Rosa"", ""category"": ""restaurant"", ""distance_m"": 330.6}, {""name"": ""Number one"", ""category"": ""shopping"", ""distance_m"": 339.9}, {""name"": ""مدرسة مالك الصغير"", ""category"": ""school"", ""distance_m"": 354.5}]","2026-03-24 12:39:11"
"36.8491","10.1661","750","[{""name"": ""Route 66 menzah 6"", ""category"": ""restaurant"", ""distance_m"": 80.3}, {""name"": ""إمبكت اسبورت نوترشن"", ""category"": ""shopping"", ""distance_m"": 111.1}, {""name"": ""Pharmacie ROFAIDA Moadeb"", ""category"": ""hospital"", ""distance_m"": 122.5}, {""name"": ""Trait d'union"", ""category"": ""restaurant"", ""distance_m"": 146.6}, {""name"": ""Polyclinique el Farabi"", ""category"": ""hospital"", ""distance_m"": 174.6}, {""name"": ""Centre Commerciale Menzah 6"", ""category"": ""shopping"", ""distance_m"": 225.3}, {""name"": ""Abou Firas"", ""category"": ""restaurant"", ""distance_m"": 241.6}, {""name"": ""Collège d'El Menzah 6"", ""category"": ""school"", ""distance_m"": 243.1}, {""name"": ""مقهي الفنون"", ""category"": ""restaurant"", ""distance_m"": 251.5}, {""name"": ""صيدلية المنزه 6"", ""category"": ""other"", ""distance_m"": 253.4}]","2026-03-24 12:39:31"
"36.8592","10.2772","750","[{""name"": ""عزيزة"", ""category"": ""shopping"", ""distance_m"": 101.2}, {""name"": ""بقالة"", ""category"": ""shopping"", ""distance_m"": 113.2}, {""name"": ""كارفور إكسبريس"", ""category"": ""shopping"", ""distance_m"": 185.1}, {""name"": ""Sofra Restaurant"", ""category"": ""restaurant"", ""distance_m"": 259.8}, {""name"": ""Café Nour"", ""category"": ""restaurant"", ""distance_m"": 280.3}, {""name"": ""Pharmacie de Nuit"", ""category"": ""hospital"", ""distance_m"": 283.9}, {""name"": ""Pharmacie Darghouth"", ""category"": ""hospital"", ""distance_m"": 284.4}, {""name"": ""91"", ""category"": ""restaurant"", ""distance_m"": 285.8}, {""name"": ""Salon de Thé Nour"", ""category"": ""restaurant"", ""distance_m"": 302.5}, {""name"": ""Cosi Café"", ""category"": ""restaurant"", ""distance_m"": 312.7}]","2026-03-24 12:39:59"
"36.8392","10.1577","750","[{""name"": ""Brooklin"", ""category"": ""restaurant"", ""distance_m"": 35.6}, {""name"": ""Brooklin"", ""category"": ""restaurant"", ""distance_m"": 36.2}, {""name"": ""Pyramide"", ""category"": ""restaurant"", ""distance_m"": 42.1}, {""name"": ""Nomade"", ""category"": ""restaurant"", ""distance_m"": 46.6}, {""name"": ""Pyramide"", ""category"": ""shopping"", ""distance_m"": 50.7}, {""name"": ""محطة المنار1"", ""category"": ""transport"", ""distance_m"": 79.5}, {""name"": ""صولا"", ""category"": ""other"", ""distance_m"": 82.5}, {""name"": ""تركي"", ""category"": ""restaurant"", ""distance_m"": 138.8}, {""name"": ""مونوبري"", ""category"": ""shopping"", ""distance_m"": 151.2}, {""name"": ""Go! Sushi"", ""category"": ""restaurant"", ""distance_m"": 164.1}]","2026-03-24 12:42:07"
"36.9173","10.2853","750","[{""name"": ""نزل المرادي"", ""category"": ""other"", ""distance_m"": 424.5}, {""name"": ""L'Atelier"", ""category"": ""restaurant"", ""distance_m"": 430.4}, {""name"": ""Molo"", ""category"": ""restaurant"", ""distance_m"": 500.6}, {""name"": ""Secret Room"", ""category"": ""restaurant"", ""distance_m"": 513.3}, {""name"": ""Rosamel"", ""category"": ""restaurant"", ""distance_m"": 514.8}, {""name"": ""مطعم لي كاب"", ""category"": ""restaurant"", ""distance_m"": 528.3}, {""name"": ""Tybar Cap"", ""category"": ""restaurant"", ""distance_m"": 532.8}, {""name"": ""17 Heures Vin"", ""category"": ""restaurant"", ""distance_m"": 540.7}, {""name"": ""Tangerine Rooftop"", ""category"": ""restaurant"", ""distance_m"": 544.4}, {""name"": ""Le Lagoon"", ""category"": ""restaurant"", ""distance_m"": 571.7}]","2026-03-24 12:42:21"
"36.8491","10.1969","750","[{""name"": ""Gourmandise"", ""category"": ""restaurant"", ""distance_m"": 126.1}, {""name"": ""مصحة باستور"", ""category"": ""hospital"", ""distance_m"": 155.4}, {""name"": ""Fayrouz Centre"", ""category"": ""restaurant"", ""distance_m"": 178.2}, {""name"": ""Pharmacie Masmoudi"", ""category"": ""hospital"", ""distance_m"": 191.6}, {""name"": ""Pegasus: Coffee And Grill"", ""category"": ""restaurant"", ""distance_m"": 191.8}, {""name"": ""Pharmacie Pasteur"", ""category"": ""hospital"", ""distance_m"": 193.0}, {""name"": ""Esspresso house"", ""category"": ""restaurant"", ""distance_m"": 205.1}, {""name"": ""Joe's pizza"", ""category"": ""restaurant"", ""distance_m"": 229.7}, {""name"": ""Golden Brown"", ""category"": ""restaurant"", ""distance_m"": 256.2}, {""name"": ""Restaurant El Qods"", ""category"": ""restaurant"", ""distance_m"": 274.5}]","2026-03-24 12:45:45"
"36.8845","10.2554","750","[{""name"": ""نادي الحرس الوطني"", ""category"": ""other"", ""distance_m"": 547.6}, {""name"": ""3 شطرانة"", ""category"": ""other"", ""distance_m"": 651.1}, {""name"": ""سكرة"", ""category"": ""other"", ""distance_m"": 697.3}]","2026-03-24 12:46:13"
"36.868","10.2404","750","[{""name"": ""Café"", ""category"": ""restaurant"", ""distance_m"": 595.3}, {""name"": ""شارع المطار"", ""category"": ""other"", ""distance_m"": 663.4}, {""name"": ""Le Petit Golf"", ""category"": ""restaurant"", ""distance_m"": 705.9}, {""name"": ""نادي الأمن الوطني"", ""category"": ""other"", ""distance_m"": 722.7}, {""name"": ""Leaf's"", ""category"": ""restaurant"", ""distance_m"": 732.1}]","2026-03-24 12:47:10"
"36.8324","10.1745","750","[{""name"": ""المدرسة الوطنية للإدارة"", ""category"": ""school"", ""distance_m"": 75.2}, {""name"": ""Chez Panou"", ""category"": ""restaurant"", ""distance_m"": 157.1}, {""name"": ""المعهد الثانوي بيير منديس فرانس"", ""category"": ""school"", ""distance_m"": 158.8}, {""name"": ""مصحة سان أوقستان"", ""category"": ""hospital"", ""distance_m"": 195.1}, {""name"": ""PHARMACIE MENDES FRANCE"", ""category"": ""hospital"", ""distance_m"": 218.7}, {""name"": ""Bronx Pizza"", ""category"": ""restaurant"", ""distance_m"": 225.0}, {""name"": ""Supérette Place Mendès France"", ""category"": ""shopping"", ""distance_m"": 227.7}, {""name"": ""Munchies"", ""category"": ""restaurant"", ""distance_m"": 230.0}, {""name"": ""Miam's Burger"", ""category"": ""restaurant"", ""distance_m"": 232.8}, {""name"": ""الجامعة الإفتراضية"", ""category"": ""school"", ""distance_m"": 255.2}]","2026-03-24 12:48:45"
"36.8737","10.265","750","[{""name"": ""صيدلية الليل"", ""category"": ""other"", ""distance_m"": 412.9}, {""name"": ""جـامعة تـونس قـرطاج الخـاصة"", ""category"": ""school"", ""distance_m"": 431.5}, {""name"": ""صيدلية الليل"", ""category"": ""hospital"", ""distance_m"": 435.1}, {""name"": ""جامع سيدي فرج"", ""category"": ""other"", ""distance_m"": 462.9}, {""name"": ""منتزه سكرة"", ""category"": ""other"", ""distance_m"": 672.0}, {""name"": ""British International School of Tunis"", ""category"": ""school"", ""distance_m"": 720.7}]","2026-03-24 12:56:13"
"36.8901","10.3032","750","[{""name"": ""Lambada"", ""category"": ""restaurant"", ""distance_m"": 193.3}, {""name"": ""عزيزة"", ""category"": ""shopping"", ""distance_m"": 202.3}, {""name"": ""Club Sandwich"", ""category"": ""restaurant"", ""distance_m"": 240.6}, {""name"": ""Chez Monji"", ""category"": ""restaurant"", ""distance_m"": 248.4}, {""name"": ""Café Amir"", ""category"": ""restaurant"", ""distance_m"": 257.4}, {""name"": ""supérette de mehdi (3atar)"", ""category"": ""shopping"", ""distance_m"": 316.1}, {""name"": ""L'épi-cerise"", ""category"": ""shopping"", ""distance_m"": 318.8}, {""name"": ""Pain Délice"", ""category"": ""shopping"", ""distance_m"": 352.3}, {""name"": ""20b / 52"", ""category"": ""other"", ""distance_m"": 359.3}, {""name"": ""بن محمود"", ""category"": ""other"", ""distance_m"": 364.7}]","2026-03-24 12:57:21"
"36.8946","10.0863","750","[{""name"": ""سوناد 44س"", ""category"": ""other"", ""distance_m"": 194.3}, {""name"": ""جباس البرج"", ""category"": ""other"", ""distance_m"": 238.3}, {""name"": ""جباس"", ""category"": ""other"", ""distance_m"": 633.4}, {""name"": ""مستوصف جباس"", ""category"": ""other"", ""distance_m"": 747.5}]","2026-03-24 12:57:40"
"36.4371","10.707","750","[{""name"": ""The Border Tunisia"", ""category"": ""restaurant"", ""distance_m"": 180.6}, {""name"": ""Alimentation de Salem"", ""category"": ""shopping"", ""distance_m"": 261.5}, {""name"": ""Zizou beach"", ""category"": ""restaurant"", ""distance_m"": 311.4}, {""name"": ""Super Prix Market"", ""category"": ""shopping"", ""distance_m"": 342.0}, {""name"": ""Superette Bahroun Afifa"", ""category"": ""shopping"", ""distance_m"": 395.6}, {""name"": ""Superette Sélima"", ""category"": ""shopping"", ""distance_m"": 488.6}, {""name"": ""Sperenza"", ""category"": ""restaurant"", ""distance_m"": 554.0}, {""name"": ""Omar resto"", ""category"": ""restaurant"", ""distance_m"": 599.2}, {""name"": ""Sidi Mahrsi"", ""category"": ""restaurant"", ""distance_m"": 646.0}, {""name"": ""Sidi Mahrsi"", ""category"": ""leisure"", ""distance_m"": 661.9}]","2026-03-24 12:58:14"
"36.8654","10.2604","750","[{""name"": ""British International School of Tunis"", ""category"": ""school"", ""distance_m"": 423.1}, {""name"": ""Red Castle Restaurant"", ""category"": ""restaurant"", ""distance_m"": 522.9}, {""name"": ""Pharmacie La Soukrea"", ""category"": ""hospital"", ""distance_m"": 634.3}, {""name"": ""جوك احلئ جو"", ""category"": ""restaurant"", ""distance_m"": 652.6}, {""name"": ""مقبرة دار فضال"", ""category"": ""other"", ""distance_m"": 693.5}, {""name"": ""Bambaloni"", ""category"": ""restaurant"", ""distance_m"": 719.1}]","2026-03-24 12:58:40"
"36.8626","10.2867","750","[{""name"": ""الدوقة"", ""category"": ""restaurant"", ""distance_m"": 245.4}, {""name"": ""Big Jaw"", ""category"": ""restaurant"", ""distance_m"": 265.5}, {""name"": ""عين زغوان"", ""category"": ""other"", ""distance_m"": 363.3}, {""name"": ""Pharmacie Zied Ammar"", ""category"": ""hospital"", ""distance_m"": 372.0}, {""name"": ""شتيوي"", ""category"": ""other"", ""distance_m"": 387.4}, {""name"": ""الزويدية 20أ"", ""category"": ""other"", ""distance_m"": 417.4}, {""name"": ""Dr Lilia Bahrini Dabloun"", ""category"": ""hospital"", ""distance_m"": 421.4}, {""name"": ""Dr Mokhtar Ben Yahia"", ""category"": ""hospital"", ""distance_m"": 466.1}, {""name"": ""منجي سليم"", ""category"": ""other"", ""distance_m"": 495.7}, {""name"": ""China Town Resto"", ""category"": ""restaurant"", ""distance_m"": 520.0}]","2026-03-24 12:59:45"
"36.404","10.569","750","[{""name"": ""Bar Plage Bao Beach"", ""category"": ""restaurant"", ""distance_m"": 42.7}, {""name"": ""Il Pianetino"", ""category"": ""restaurant"", ""distance_m"": 94.1}, {""name"": ""Tony Burger"", ""category"": ""restaurant"", ""distance_m"": 121.2}, {""name"": ""Havana Food"", ""category"": ""restaurant"", ""distance_m"": 134.4}, {""name"": ""L'artisto"", ""category"": ""restaurant"", ""distance_m"": 144.2}, {""name"": ""Kleines Cafe"", ""category"": ""restaurant"", ""distance_m"": 165.1}, {""name"": ""El Malouf"", ""category"": ""restaurant"", ""distance_m"": 168.5}, {""name"": ""Castella"", ""category"": ""restaurant"", ""distance_m"": 193.8}, {""name"": ""Condor"", ""category"": ""restaurant"", ""distance_m"": 215.8}, {""name"": ""Amigos Food"", ""category"": ""restaurant"", ""distance_m"": 223.4}]","2026-03-24 13:00:41"
"34.5375","10.5774","750","[{""name"": ""Station des Bus et Louage"", ""category"": ""transport"", ""distance_m"": 524.1}]","2026-03-24 13:02:35"
"36.8566","10.1717","750","[{""name"": ""Selimo's Bar"", ""category"": ""restaurant"", ""distance_m"": 128.4}, {""name"": ""المركز الطبي"", ""category"": ""hospital"", ""distance_m"": 281.4}, {""name"": ""مطعم دمشق"", ""category"": ""restaurant"", ""distance_m"": 298.7}, {""name"": ""Gourmandise"", ""category"": ""restaurant"", ""distance_m"": 307.9}, {""name"": ""منزه 6"", ""category"": ""other"", ""distance_m"": 308.0}, {""name"": ""المركز التجاري إكرام"", ""category"": ""other"", ""distance_m"": 315.4}, {""name"": ""École Django Reinhardt"", ""category"": ""school"", ""distance_m"": 316.0}, {""name"": ""La Kamora Pizza"", ""category"": ""restaurant"", ""distance_m"": 331.7}, {""name"": ""ذا هد"", ""category"": ""restaurant"", ""distance_m"": 336.2}, {""name"": ""ووك فشن"", ""category"": ""restaurant"", ""distance_m"": 343.7}]","2026-03-24 13:04:23"
"36.8125","10.1269","750","[{""name"": ""مدرسة ثانوية"", ""category"": ""school"", ""distance_m"": 135.4}, {""name"": ""سان كليمان (ذهاب)"", ""category"": ""other"", ""distance_m"": 234.4}, {""name"": ""محطة الملعب التونسي"", ""category"": ""other"", ""distance_m"": 309.1}, {""name"": ""Palais Ksar Saïd"", ""category"": ""leisure"", ""distance_m"": 361.5}, {""name"": ""صيدلية ليلى ميلي غديرة"", ""category"": ""hospital"", ""distance_m"": 377.9}, {""name"": ""Collège Mohamed Attia"", ""category"": ""school"", ""distance_m"": 480.8}, {""name"": ""الشابي (إياب)"", ""category"": ""other"", ""distance_m"": 509.3}, {""name"": ""الشابي (ذهاب)"", ""category"": ""other"", ""distance_m"": 510.0}, {""name"": ""فطومة بورقيبة"", ""category"": ""other"", ""distance_m"": 523.5}, {""name"": ""Dash"", ""category"": ""restaurant"", ""distance_m"": 554.9}]","2026-03-24 13:04:30"
"36.8828","10.3157","750","[{""name"": ""نهاية خط حي الرياض"", ""category"": ""other"", ""distance_m"": 356.2}, {""name"": ""عزيزة"", ""category"": ""shopping"", ""distance_m"": 406.2}, {""name"": ""Le Pain Chaud"", ""category"": ""shopping"", ""distance_m"": 413.1}, {""name"": ""جبل الخاوي"", ""category"": ""other"", ""distance_m"": 423.1}, {""name"": ""Ben Mehrez"", ""category"": ""restaurant"", ""distance_m"": 425.7}, {""name"": ""Cafétaria BelHsen"", ""category"": ""restaurant"", ""distance_m"": 438.7}, {""name"": ""Ben Yaghlane La Marsa"", ""category"": ""shopping"", ""distance_m"": 469.3}, {""name"": ""Motez"", ""category"": ""other"", ""distance_m"": 478.2}, {""name"": ""Le Royame des Epices"", ""category"": ""shopping"", ""distance_m"": 484.4}, {""name"": ""Pharmacie Ali Farhat"", ""category"": ""hospital"", ""distance_m"": 487.8}]","2026-03-24 13:07:12"
"36.7178","10.3133","750","[]","2026-03-24 13:08:06"
"36.7823","10.9864","750","[{""name"": ""La Reine"", ""category"": ""restaurant"", ""distance_m"": 179.5}, {""name"": ""Pharmacie Sahmim"", ""category"": ""hospital"", ""distance_m"": 197.5}, {""name"": ""Mandila"", ""category"": ""restaurant"", ""distance_m"": 204.9}, {""name"": ""MG City"", ""category"": ""shopping"", ""distance_m"": 216.6}, {""name"": ""Monoprix"", ""category"": ""shopping"", ""distance_m"": 226.3}, {""name"": ""Café Zhioua"", ""category"": ""restaurant"", ""distance_m"": 230.4}, {""name"": ""صيدلية الليل"", ""category"": ""hospital"", ""distance_m"": 235.6}, {""name"": ""Jardin Public"", ""category"": ""leisure"", ""distance_m"": 258.0}, {""name"": ""Ben Sedrine"", ""category"": ""hospital"", ""distance_m"": 272.8}, {""name"": ""الدكتورة نبيهة الدرويش اختصاصية في امراض المعدة و الكبد و العذر و الكشف بالمنظار"", ""category"": ""hospital"", ""distance_m"": 308.2}]","2026-03-24 13:08:21"
"36.8651","10.2124","750","[{""name"": ""مونوبري"", ""category"": ""other"", ""distance_m"": 318.0}, {""name"": ""مونوبري"", ""category"": ""shopping"", ""distance_m"": 325.9}, {""name"": ""صيدلية الليل"", ""category"": ""hospital"", ""distance_m"": 352.6}, {""name"": ""سيدي سفيان"", ""category"": ""other"", ""distance_m"": 457.7}, {""name"": ""Club 71"", ""category"": ""restaurant"", ""distance_m"": 544.0}, {""name"": ""Napoli"", ""category"": ""restaurant"", ""distance_m"": 560.0}, {""name"": ""Club 7eventy One"", ""category"": ""restaurant"", ""distance_m"": 563.2}, {""name"": ""CAFÉ \""KENZA\""(Houma)"", ""category"": ""restaurant"", ""distance_m"": 570.7}, {""name"": ""Take 5"", ""category"": ""restaurant"", ""distance_m"": 626.7}, {""name"": ""carrefour"", ""category"": ""shopping"", ""distance_m"": 640.6}]","2026-03-24 13:10:36"
"36.8155","10.1857","750","[{""name"": ""Maison Blanche"", ""category"": ""other"", ""distance_m"": 62.6}, {""name"": ""Taraji"", ""category"": ""shopping"", ""distance_m"": 65.7}, {""name"": ""Mohamed V"", ""category"": ""other"", ""distance_m"": 159.6}, {""name"": ""عيادة مونبليزير"", ""category"": ""hospital"", ""distance_m"": 171.3}, {""name"": ""Café Ennesrine"", ""category"": ""restaurant"", ""distance_m"": 176.7}, {""name"": ""Mohamed V"", ""category"": ""other"", ""distance_m"": 179.0}, {""name"": ""مجمع عيادات خاصة"", ""category"": ""hospital"", ""distance_m"": 179.8}, {""name"": ""قيصر"", ""category"": ""restaurant"", ""distance_m"": 215.0}, {""name"": ""محمد الخامس"", ""category"": ""transport"", ""distance_m"": 231.1}, {""name"": ""Menif Montasir"", ""category"": ""hospital"", ""distance_m"": 232.7}]","2026-03-24 13:10:44"
"36.7969","10.1766","750","[{""name"": ""ماي كافي"", ""category"": ""restaurant"", ""distance_m"": 132.8}, {""name"": ""معهد نهج روسيا"", ""category"": ""school"", ""distance_m"": 138.8}, {""name"": ""Pharmacie Drira Othman"", ""category"": ""hospital"", ""distance_m"": 154.5}, {""name"": ""Ecole Primaire 'Rue de Russie'"", ""category"": ""school"", ""distance_m"": 181.5}, {""name"": ""Souk Sidi Boumendil"", ""category"": ""shopping"", ""distance_m"": 190.7}, {""name"": ""الجزيرة"", ""category"": ""restaurant"", ""distance_m"": 197.5}, {""name"": ""إتصالات تونس"", ""category"": ""shopping"", ""distance_m"": 199.7}, {""name"": ""بن يدر"", ""category"": ""restaurant"", ""distance_m"": 202.6}, {""name"": ""Golf Resto"", ""category"": ""restaurant"", ""distance_m"": 216.7}, {""name"": ""بابارن"", ""category"": ""restaurant"", ""distance_m"": 230.5}]","2026-03-24 13:11:24"
"36.8397","10.2467","750","[{""name"": ""The delton"", ""category"": ""restaurant"", ""distance_m"": 132.0}, {""name"": ""مصحة عليسة"", ""category"": ""hospital"", ""distance_m"": 182.7}, {""name"": ""صيدلة سامية جازي"", ""category"": ""hospital"", ""distance_m"": 227.3}, {""name"": ""Crepello"", ""category"": ""restaurant"", ""distance_m"": 291.7}, {""name"": ""École Primaire Les Berges du Lac"", ""category"": ""school"", ""distance_m"": 341.8}, {""name"": ""بابريكا"", ""category"": ""restaurant"", ""distance_m"": 357.9}, {""name"": ""السفارة الإندونيسية"", ""category"": ""leisure"", ""distance_m"": 395.9}, {""name"": ""KFC"", ""category"": ""restaurant"", ""distance_m"": 420.1}, {""name"": ""لي فرفالي"", ""category"": ""restaurant"", ""distance_m"": 449.9}, {""name"": ""صيدلية كميلة العباسي"", ""category"": ""hospital"", ""distance_m"": 459.1}]","2026-03-24 13:12:20"
"36.9201","10.307","750","[{""name"": ""Le Palace"", ""category"": ""leisure"", ""distance_m"": 898.0}]","2026-03-24 13:12:31"
"36.822","10.1717","750","[{""name"": ""منتزه البلفيدير"", ""category"": ""leisure"", ""distance_m"": 282.0}, {""name"": ""نادي الضباط"", ""category"": ""restaurant"", ""distance_m"": 364.8}, {""name"": ""نادي الضباط"", ""category"": ""restaurant"", ""distance_m"": 367.6}, {""name"": ""Lycée Pilote des Arts El Omrane"", ""category"": ""school"", ""distance_m"": 481.8}, {""name"": ""La Perla"", ""category"": ""restaurant"", ""distance_m"": 528.9}, {""name"": ""ساحة باستور (ذهاب)"", ""category"": ""other"", ""distance_m"": 543.4}, {""name"": ""Bahri Khaled"", ""category"": ""hospital"", ""distance_m"": 545.9}, {""name"": ""معهد الدراسات العليا في تونس"", ""category"": ""school"", ""distance_m"": 569.2}, {""name"": ""مكتب بريد بستور"", ""category"": ""other"", ""distance_m"": 583.5}, {""name"": ""إقامة سفير المملكة المغربية في تونس"", ""category"": ""leisure"", ""distance_m"": 584.9}]","2026-03-24 13:15:24"
"36.8682","10.3197","750","[{""name"": ""Qian House"", ""category"": ""restaurant"", ""distance_m"": 154.6}, {""name"": ""سكن السفير البريطاني"", ""category"": ""leisure"", ""distance_m"": 412.9}, {""name"": ""Boulangerie d'El Wifek"", ""category"": ""shopping"", ""distance_m"": 485.4}, {""name"": ""Les Co'pains d'Abord"", ""category"": ""shopping"", ""distance_m"": 499.6}, {""name"": ""Cesar Lounge"", ""category"": ""restaurant"", ""distance_m"": 514.2}, {""name"": ""جوز بيتزا"", ""category"": ""restaurant"", ""distance_m"": 630.3}, {""name"": ""ملعب رجاء حيدر"", ""category"": ""other"", ""distance_m"": 663.9}, {""name"": ""Le Karibou"", ""category"": ""restaurant"", ""distance_m"": 699.3}, {""name"": ""Le Delice"", ""category"": ""shopping"", ""distance_m"": 714.0}, {""name"": ""El Mawaddah Coffee"", ""category"": ""restaurant"", ""distance_m"": 724.4}]","2026-03-24 13:16:03"
"36.8343","10.3022","750","[{""name"": ""École Primaire Lokman Hakim"", ""category"": ""school"", ""distance_m"": 273.2}, {""name"": ""معرض الكرم"", ""category"": ""other"", ""distance_m"": 438.4}, {""name"": ""المدرسة العليا الخاصة للتقنياتتونس"", ""category"": ""school"", ""distance_m"": 580.6}, {""name"": ""Chantier Kamel"", ""category"": ""restaurant"", ""distance_m"": 642.4}, {""name"": ""5 ديسمبر 1"", ""category"": ""other"", ""distance_m"": 656.3}, {""name"": ""كارفور"", ""category"": ""shopping"", ""distance_m"": 691.5}]","2026-03-24 13:16:59"
"36.8186","10.1801","750","[{""name"": ""ساحة أفريقيا"", ""category"": ""leisure"", ""distance_m"": 22.4}, {""name"": ""ساحة جان دارك (ذهاب)"", ""category"": ""other"", ""distance_m"": 56.4}, {""name"": ""فلسطين"", ""category"": ""other"", ""distance_m"": 95.2}, {""name"": ""La Calèche"", ""category"": ""restaurant"", ""distance_m"": 140.9}, {""name"": ""2 م"", ""category"": ""restaurant"", ""distance_m"": 145.9}, {""name"": ""فيلا 78"", ""category"": ""restaurant"", ""distance_m"": 170.1}, {""name"": ""معهد عبدليلي مدرسة جان دارك"", ""category"": ""school"", ""distance_m"": 175.8}, {""name"": ""محطة محمد الخامس"", ""category"": ""transport"", ""distance_m"": 185.0}, {""name"": ""Maison Bleue"", ""category"": ""restaurant"", ""distance_m"": 189.7}, {""name"": ""الصفراء"", ""category"": ""restaurant"", ""distance_m"": 202.5}]","2026-03-24 13:17:35"
"36.8607","10.3245","750","[{""name"": ""The Hills"", ""category"": ""restaurant"", ""distance_m"": 186.7}, {""name"": ""فنيكس قرطاج"", ""category"": ""other"", ""distance_m"": 464.6}, {""name"": ""Le Macaron Mme Bouzguanda"", ""category"": ""restaurant"", ""distance_m"": 584.9}, {""name"": ""مسرح قرطاج"", ""category"": ""other"", ""distance_m"": 631.1}, {""name"": ""Le Phénix de Carthage"", ""category"": ""restaurant"", ""distance_m"": 636.7}, {""name"": ""عيادة قرطاج"", ""category"": ""hospital"", ""distance_m"": 657.0}]","2026-03-24 13:18:11"
"36.8333","10.3175","750","[{""name"": ""مونوبري"", ""category"": ""shopping"", ""distance_m"": 230.3}, {""name"": ""مدرسة الجاحظ"", ""category"": ""school"", ""distance_m"": 235.1}, {""name"": ""مقهى السليمي"", ""category"": ""restaurant"", ""distance_m"": 266.3}, {""name"": ""الكرم"", ""category"": ""other"", ""distance_m"": 343.9}, {""name"": ""الكرم"", ""category"": ""transport"", ""distance_m"": 344.7}, {""name"": ""الكرم"", ""category"": ""other"", ""distance_m"": 344.7}, {""name"": ""الكرم"", ""category"": ""other"", ""distance_m"": 345.5}, {""name"": ""الكرم"", ""category"": ""other"", ""distance_m"": 348.9}, {""name"": ""المطار"", ""category"": ""other"", ""distance_m"": 353.1}, {""name"": ""المطار"", ""category"": ""transport"", ""distance_m"": 354.3}]","2026-03-24 13:18:38"
"36.8297","10.178","750","[{""name"": ""المغازة العامة"", ""category"": ""shopping"", ""distance_m"": 57.0}, {""name"": ""سفارة مملكة هولندا"", ""category"": ""leisure"", ""distance_m"": 91.8}, {""name"": ""Pharmacie El Mahrajène"", ""category"": ""hospital"", ""distance_m"": 119.9}, {""name"": ""maison mrad"", ""category"": ""restaurant"", ""distance_m"": 134.1}, {""name"": ""سفارة جمهورية بلغاريا"", ""category"": ""leisure"", ""distance_m"": 145.9}, {""name"": ""سفارة اليابان"", ""category"": ""leisure"", ""distance_m"": 184.4}, {""name"": ""Negresco"", ""category"": ""restaurant"", ""distance_m"": 197.0}, {""name"": ""Cité Mahrajène"", ""category"": ""other"", ""distance_m"": 205.1}, {""name"": ""مصحة سان أوقستان"", ""category"": ""hospital"", ""distance_m"": 249.9}, {""name"": ""عيادة المنزه"", ""category"": ""hospital"", ""distance_m"": 283.1}]","2026-03-24 13:20:52"
"36.8366","10.1948","750","[{""name"": ""Conservatoire El KIndy"", ""category"": ""other"", ""distance_m"": 54.0}, {""name"": ""مقهى الريحانة"", ""category"": ""restaurant"", ""distance_m"": 149.0}, {""name"": ""MG"", ""category"": ""shopping"", ""distance_m"": 170.3}, {""name"": ""محطة الغسيل حي الخضراء"", ""category"": ""other"", ""distance_m"": 180.2}, {""name"": ""مدرسة الحي الالمبي"", ""category"": ""other"", ""distance_m"": 195.6}, {""name"": ""Premuim Coffee"", ""category"": ""restaurant"", ""distance_m"": 213.8}, {""name"": ""مدرسة المنجي سليم"", ""category"": ""school"", ""distance_m"": 217.9}, {""name"": ""Caffée"", ""category"": ""restaurant"", ""distance_m"": 234.3}, {""name"": ""Institut Supérieur des Langues de Tunis (ISLT)"", ""category"": ""school"", ""distance_m"": 285.4}, {""name"": ""الحي الالمبي"", ""category"": ""other"", ""distance_m"": 298.7}]","2026-03-24 13:21:09"
"36.8402","10.1773","750","[{""name"": ""Swan on the cake"", ""category"": ""restaurant"", ""distance_m"": 103.4}, {""name"": ""Boulangerie Patisserie Ben moussa"", ""category"": ""shopping"", ""distance_m"": 227.5}, {""name"": ""Babylone"", ""category"": ""restaurant"", ""distance_m"": 235.4}, {""name"": ""Pizza Pino"", ""category"": ""restaurant"", ""distance_m"": 299.1}, {""name"": ""panorama"", ""category"": ""restaurant"", ""distance_m"": 317.1}, {""name"": ""École Primaire Hédi Khfécha"", ""category"": ""school"", ""distance_m"": 345.8}, {""name"": ""Le zink"", ""category"": ""restaurant"", ""distance_m"": 346.1}, {""name"": ""معهد الإمام مسلم"", ""category"": ""school"", ""distance_m"": 353.4}, {""name"": ""مقهى دلندا"", ""category"": ""restaurant"", ""distance_m"": 354.6}, {""name"": ""ملاوي"", ""category"": ""restaurant"", ""distance_m"": 374.4}]","2026-03-24 13:21:52"
"36.89","10.3224","750","[{""name"": ""Blues House"", ""category"": ""restaurant"", ""distance_m"": 65.9}, {""name"": ""Blue House cafe"", ""category"": ""restaurant"", ""distance_m"": 70.1}, {""name"": ""3am Hbib"", ""category"": ""restaurant"", ""distance_m"": 98.0}, {""name"": ""بيتزا نوفا"", ""category"": ""restaurant"", ""distance_m"": 106.1}, {""name"": ""Monoprix Express"", ""category"": ""shopping"", ""distance_m"": 107.9}, {""name"": ""Maradona"", ""category"": ""restaurant"", ""distance_m"": 118.8}, {""name"": ""Café Face à Face"", ""category"": ""restaurant"", ""distance_m"": 181.6}, {""name"": ""Laa Marggherita"", ""category"": ""restaurant"", ""distance_m"": 219.3}, {""name"": ""Biwaï"", ""category"": ""restaurant"", ""distance_m"": 242.8}, {""name"": ""سيدي عبد العزيز"", ""category"": ""other"", ""distance_m"": 272.2}]","2026-03-24 13:22:13"
"36.8549","10.2068","750","[{""name"": ""باغيت وباغيت"", ""category"": ""restaurant"", ""distance_m"": 35.3}, {""name"": ""café bilel"", ""category"": ""restaurant"", ""distance_m"": 197.2}, {""name"": ""LUZ.INA Café"", ""category"": ""restaurant"", ""distance_m"": 217.0}, {""name"": ""École Supérieure de l’Aéronautique et des Technologies"", ""category"": ""school"", ""distance_m"": 219.7}, {""name"": ""Restaurant Jean"", ""category"": ""restaurant"", ""distance_m"": 222.2}, {""name"": ""الشرقية 2"", ""category"": ""other"", ""distance_m"": 354.9}, {""name"": ""Safe Flight Academy"", ""category"": ""school"", ""distance_m"": 482.5}, {""name"": ""مقهي حميد 18 ت"", ""category"": ""other"", ""distance_m"": 497.5}, {""name"": ""Restaurant Marina"", ""category"": ""restaurant"", ""distance_m"": 531.6}, {""name"": ""Ecole Supérieure de Technologie et d'Informatique"", ""category"": ""school"", ""distance_m"": 535.6}]","2026-03-24 13:23:25"
"36.8113","10.1806","750","[{""name"": ""Dream Café"", ""category"": ""restaurant"", ""distance_m"": 38.6}, {""name"": ""Mio Mondo"", ""category"": ""restaurant"", ""distance_m"": 64.2}, {""name"": ""Institut Bourguiba des Langues Vivantes معهد بورڨيبة للغات الحية"", ""category"": ""school"", ""distance_m"": 65.4}, {""name"": ""لافيات (ذهاب)"", ""category"": ""other"", ""distance_m"": 78.8}, {""name"": ""دريم"", ""category"": ""restaurant"", ""distance_m"": 88.7}, {""name"": ""Amir Boulangerie"", ""category"": ""shopping"", ""distance_m"": 100.7}, {""name"": ""La Costa"", ""category"": ""restaurant"", ""distance_m"": 104.1}, {""name"": ""كارفور ماركت"", ""category"": ""shopping"", ""distance_m"": 118.9}, {""name"": ""المدرسة الإبترائية"", ""category"": ""school"", ""distance_m"": 120.7}, {""name"": ""Centre Commercial Lafayette"", ""category"": ""shopping"", ""distance_m"": 127.0}]","2026-03-24 13:23:45"
"36.8549","10.1836","750","[{""name"": ""أريانة العليا"", ""category"": ""other"", ""distance_m"": 107.4}, {""name"": ""jardin botanique"", ""category"": ""leisure"", ""distance_m"": 146.1}, {""name"": ""Parc Bir Belhassen"", ""category"": ""leisure"", ""distance_m"": 185.3}, {""name"": ""جامع أريانة الجديدة"", ""category"": ""other"", ""distance_m"": 217.2}, {""name"": ""نهاية خط حى الملاحة"", ""category"": ""other"", ""distance_m"": 234.4}, {""name"": ""معهد خير الدين"", ""category"": ""other"", ""distance_m"": 244.1}, {""name"": ""cafe erriadh"", ""category"": ""restaurant"", ""distance_m"": 255.4}, {""name"": ""la veranda"", ""category"": ""restaurant"", ""distance_m"": 284.7}, {""name"": ""كفتاجي مهدوش ولد الخاج"", ""category"": ""restaurant"", ""distance_m"": 295.9}, {""name"": ""معهد اريانة"", ""category"": ""other"", ""distance_m"": 352.6}]","2026-03-24 13:25:21"
"36.8867","10.3317","750","[{""name"": ""Salon de thé l'Opéra"", ""category"": ""restaurant"", ""distance_m"": 219.2}, {""name"": ""Road 66 Saloon"", ""category"": ""restaurant"", ""distance_m"": 219.8}, {""name"": ""Patisserie L'ouhichi"", ""category"": ""shopping"", ""distance_m"": 221.5}, {""name"": ""Ramello"", ""category"": ""restaurant"", ""distance_m"": 221.7}, {""name"": ""Cafe - Restaurant Fayrouz"", ""category"": ""restaurant"", ""distance_m"": 222.9}, {""name"": ""Au Petit Salem"", ""category"": ""restaurant"", ""distance_m"": 247.4}, {""name"": ""Dokana"", ""category"": ""restaurant"", ""distance_m"": 255.0}, {""name"": ""Porto Coffee"", ""category"": ""restaurant"", ""distance_m"": 260.1}, {""name"": ""Grignotine"", ""category"": ""restaurant"", ""distance_m"": 273.9}, {""name"": ""The Bagel Shop"", ""category"": ""restaurant"", ""distance_m"": 275.2}]","2026-03-24 13:25:30"
"36.4511","10.7269","750","[{""name"": ""Coffee Mahmoud"", ""category"": ""restaurant"", ""distance_m"": 20.2}, {""name"": ""L'amitié"", ""category"": ""restaurant"", ""distance_m"": 34.6}, {""name"": ""Café de Paris"", ""category"": ""restaurant"", ""distance_m"": 64.2}, {""name"": ""La Pulpa"", ""category"": ""restaurant"", ""distance_m"": 94.9}, {""name"": ""SRTN"", ""category"": ""other"", ""distance_m"": 144.5}, {""name"": ""Maxi Food"", ""category"": ""restaurant"", ""distance_m"": 165.0}, {""name"": ""Slim's"", ""category"": ""restaurant"", ""distance_m"": 185.8}, {""name"": ""Flamingo Pizza Sandwich"", ""category"": ""restaurant"", ""distance_m"": 186.4}, {""name"": ""Montana"", ""category"": ""restaurant"", ""distance_m"": 188.0}, {""name"": ""Café sport"", ""category"": ""restaurant"", ""distance_m"": 203.0}]","2026-03-24 13:25:56"
"36.4237","10.6663","750","[{""name"": ""Le Coq Rouge"", ""category"": ""restaurant"", ""distance_m"": 36.7}, {""name"": ""عمر الخيام"", ""category"": ""other"", ""distance_m"": 113.2}, {""name"": ""Omar Khayem"", ""category"": ""other"", ""distance_m"": 224.4}, {""name"": ""Cafe Madera"", ""category"": ""restaurant"", ""distance_m"": 297.2}, {""name"": ""Alia Café"", ""category"": ""restaurant"", ""distance_m"": 363.1}, {""name"": ""Restaurant Orangina"", ""category"": ""restaurant"", ""distance_m"": 395.0}, {""name"": ""Pharmacie Al-Yamama"", ""category"": ""hospital"", ""distance_m"": 430.6}, {""name"": ""Le Mistral"", ""category"": ""restaurant"", ""distance_m"": 449.7}, {""name"": ""Echark Food"", ""category"": ""restaurant"", ""distance_m"": 483.6}, {""name"": ""Hotels Omar Khayam & Dar Khayam"", ""category"": ""leisure"", ""distance_m"": 483.7}]","2026-03-24 13:26:54"
"36.8801","10.3317","750","[{""name"": ""Victor Hugo"", ""category"": ""restaurant"", ""distance_m"": 137.7}, {""name"": ""قصر السعادة"", ""category"": ""leisure"", ""distance_m"": 140.3}, {""name"": ""Pizza Pesto"", ""category"": ""restaurant"", ""distance_m"": 143.5}, {""name"": ""Le Gourmet"", ""category"": ""restaurant"", ""distance_m"": 145.9}, {""name"": ""École primaire privée Da Vinci School"", ""category"": ""school"", ""distance_m"": 169.7}, {""name"": ""مطعم صيني"", ""category"": ""restaurant"", ""distance_m"": 188.7}, {""name"": ""Breizh Bistrot"", ""category"": ""restaurant"", ""distance_m"": 206.8}, {""name"": ""Simple"", ""category"": ""restaurant"", ""distance_m"": 211.0}, {""name"": ""École Nationale Tunisienne de Tatouage"", ""category"": ""school"", ""distance_m"": 225.5}, {""name"": ""بيتزا هت"", ""category"": ""restaurant"", ""distance_m"": 227.1}]","2026-03-24 13:27:27"
"36.866","10.3091","750","[{""name"": ""Pediatre Mariem Darghouth"", ""category"": ""hospital"", ""distance_m"": 170.0}, {""name"": ""Café l'Excellence"", ""category"": ""restaurant"", ""distance_m"": 323.4}, {""name"": ""Biwaï"", ""category"": ""restaurant"", ""distance_m"": 331.5}, {""name"": ""Cafeteria Mosaique"", ""category"": ""restaurant"", ""distance_m"": 332.7}, {""name"": ""Marsa Mode"", ""category"": ""other"", ""distance_m"": 387.8}, {""name"": ""Alimentation General"", ""category"": ""shopping"", ""distance_m"": 428.9}, {""name"": ""مرسى مول"", ""category"": ""shopping"", ""distance_m"": 458.7}, {""name"": ""Magazin Général - MG Maxi"", ""category"": ""shopping"", ""distance_m"": 477.8}, {""name"": ""Les Co'pains d'Abord"", ""category"": ""shopping"", ""distance_m"": 500.6}, {""name"": ""Le Millenium"", ""category"": ""shopping"", ""distance_m"": 525.9}]","2026-03-24 13:28:45"
"36.8849","10.2961","750","[{""name"": ""حي الخليل"", ""category"": ""other"", ""distance_m"": 481.3}, {""name"": ""بن محمود"", ""category"": ""other"", ""distance_m"": 515.1}, {""name"": ""Pain Délice"", ""category"": ""shopping"", ""distance_m"": 534.1}, {""name"": ""20b / 52"", ""category"": ""other"", ""distance_m"": 569.3}, {""name"": ""L'épi-cerise"", ""category"": ""shopping"", ""distance_m"": 577.3}, {""name"": ""كلية"", ""category"": ""school"", ""distance_m"": 788.5}]","2026-03-24 13:30:23"
"36.8213","10.1892","750","[{""name"": ""عند عبده"", ""category"": ""restaurant"", ""distance_m"": 15.6}, {""name"": ""جامعة مونبليزير"", ""category"": ""school"", ""distance_m"": 110.4}, {""name"": ""نات إنفو"", ""category"": ""school"", ""distance_m"": 141.2}, {""name"": ""Université libre de Tunis"", ""category"": ""school"", ""distance_m"": 208.3}, {""name"": ""صيدلية شكري شببة"", ""category"": ""hospital"", ""distance_m"": 221.5}, {""name"": ""L'Émeraude Tunis"", ""category"": ""shopping"", ""distance_m"": 262.2}, {""name"": ""Galai"", ""category"": ""restaurant"", ""distance_m"": 269.5}, {""name"": ""La Cafette"", ""category"": ""restaurant"", ""distance_m"": 280.3}, {""name"": ""بنك الاسكان"", ""category"": ""other"", ""distance_m"": 393.1}, {""name"": ""الحدائق"", ""category"": ""transport"", ""distance_m"": 405.7}]","2026-03-24 13:30:32"
"36.8613","10.2651","750","[{""name"": ""Red Castle Restaurant"", ""category"": ""restaurant"", ""distance_m"": 130.7}, {""name"": ""جوك احلئ جو"", ""category"": ""restaurant"", ""distance_m"": 177.7}, {""name"": ""عزيزة"", ""category"": ""shopping"", ""distance_m"": 235.4}, {""name"": ""La Clochette"", ""category"": ""restaurant"", ""distance_m"": 277.4}, {""name"": ""MG"", ""category"": ""shopping"", ""distance_m"": 307.8}, {""name"": ""Oasis Garden"", ""category"": ""leisure"", ""distance_m"": 316.3}, {""name"": ""Infirmerie"", ""category"": ""hospital"", ""distance_m"": 351.9}, {""name"": ""Boulangerie-Patisserie Banette"", ""category"": ""shopping"", ""distance_m"": 395.6}, {""name"": ""مونوبري"", ""category"": ""shopping"", ""distance_m"": 417.4}, {""name"": ""Le petit café"", ""category"": ""restaurant"", ""distance_m"": 427.4}]","2026-03-24 13:32:00"
"36.8397","10.1829","750","[{""name"": ""Pausa Café"", ""category"": ""restaurant"", ""distance_m"": 145.3}, {""name"": ""الحي الرياضي"", ""category"": ""other"", ""distance_m"": 147.6}, {""name"": ""الحي الرياضي"", ""category"": ""other"", ""distance_m"": 155.0}, {""name"": ""الحي الرياضي"", ""category"": ""transport"", ""distance_m"": 155.4}, {""name"": ""الحي الرياضي"", ""category"": ""other"", ""distance_m"": 155.8}, {""name"": ""الحي الرياضي"", ""category"": ""other"", ""distance_m"": 157.1}, {""name"": ""قهوة مختار"", ""category"": ""restaurant"", ""distance_m"": 221.7}, {""name"": ""انون بيك"", ""category"": ""restaurant"", ""distance_m"": 239.9}, {""name"": ""EIF"", ""category"": ""school"", ""distance_m"": 249.7}, {""name"": ""pârcours de santé"", ""category"": ""leisure"", ""distance_m"": 274.2}]","2026-03-24 13:33:42"
"35.8354","10.6364","750","[{""name"": ""Colise"", ""category"": ""shopping"", ""distance_m"": 34.9}, {""name"": ""Hôtel Karawen"", ""category"": ""other"", ""distance_m"": 120.5}, {""name"": ""MG"", ""category"": ""shopping"", ""distance_m"": 146.9}, {""name"": ""Café Vétéran"", ""category"": ""restaurant"", ""distance_m"": 268.4}, {""name"": ""Collège Ksantina (Constantine)"", ""category"": ""school"", ""distance_m"": 270.3}, {""name"": ""المدرسة الإبتدائية"", ""category"": ""school"", ""distance_m"": 296.8}, {""name"": ""Café Victor Hugo"", ""category"": ""restaurant"", ""distance_m"": 302.8}, {""name"": ""Café le president"", ""category"": ""restaurant"", ""distance_m"": 332.3}, {""name"": ""حديقة النجوم"", ""category"": ""leisure"", ""distance_m"": 368.6}, {""name"": ""Restaurant Chinois"", ""category"": ""restaurant"", ""distance_m"": 430.7}]","2026-03-24 13:38:16"
"36.8544","10.1969","750","[{""name"": ""الاستقلال"", ""category"": ""other"", ""distance_m"": 89.9}, {""name"": ""الاستقلال"", ""category"": ""transport"", ""distance_m"": 91.5}, {""name"": ""الاستقلال"", ""category"": ""other"", ""distance_m"": 91.5}, {""name"": ""الاستقلال"", ""category"": ""other"", ""distance_m"": 93.1}, {""name"": ""Lycée Attarine"", ""category"": ""school"", ""distance_m"": 98.4}, {""name"": ""Café des amis"", ""category"": ""restaurant"", ""distance_m"": 154.9}, {""name"": ""Conservatoire National de Danse"", ""category"": ""school"", ""distance_m"": 220.3}, {""name"": ""Collège Attarine"", ""category"": ""school"", ""distance_m"": 227.9}, {""name"": ""Lycée Pilote Ariana"", ""category"": ""school"", ""distance_m"": 237.7}, {""name"": ""مدرسة تونس الدولية العليا"", ""category"": ""school"", ""distance_m"": 264.8}]","2026-03-24 13:39:07"
"35.8864","10.5915","750","[{""name"": ""Le Palais"", ""category"": ""restaurant"", ""distance_m"": 206.6}, {""name"": ""كوشة سوسة"", ""category"": ""restaurant"", ""distance_m"": 213.6}, {""name"": ""الكوشة"", ""category"": ""shopping"", ""distance_m"": 221.4}, {""name"": ""Aqua Palace"", ""category"": ""other"", ""distance_m"": 348.7}, {""name"": ""My Way"", ""category"": ""restaurant"", ""distance_m"": 406.6}, {""name"": ""Hôtel Vinci vers sousse"", ""category"": ""other"", ""distance_m"": 458.8}, {""name"": ""Hôtel Vinci vers Hergla"", ""category"": ""other"", ""distance_m"": 477.7}, {""name"": ""Romeo et Julia"", ""category"": ""restaurant"", ""distance_m"": 491.2}, {""name"": ""Miami Supermarket"", ""category"": ""shopping"", ""distance_m"": 524.7}, {""name"": ""École de Tourisme"", ""category"": ""school"", ""distance_m"": 544.9}]","2026-03-24 13:39:50"
"36.8408","10.2053","750","[{""name"": ""مستودع الشرقية"", ""category"": ""other"", ""distance_m"": 188.0}, {""name"": ""Cafe Le bon Coin"", ""category"": ""restaurant"", ""distance_m"": 249.7}, {""name"": ""Le petit en-cas"", ""category"": ""restaurant"", ""distance_m"": 409.8}, {""name"": ""Dar El Galia"", ""category"": ""restaurant"", ""distance_m"": 418.3}, {""name"": ""Faculté des Science Economique et des Gestion de Tunis (FSEGT)"", ""category"": ""school"", ""distance_m"": 518.6}, {""name"": ""الديوان الوطني للتطهير"", ""category"": ""other"", ""distance_m"": 537.5}, {""name"": ""بوسبيع"", ""category"": ""other"", ""distance_m"": 541.2}, {""name"": ""Coffeeshop The One"", ""category"": ""restaurant"", ""distance_m"": 617.2}, {""name"": ""محطة الرصد الجوي"", ""category"": ""other"", ""distance_m"": 630.1}, {""name"": ""معرض الشرقية"", ""category"": ""other"", ""distance_m"": 666.1}]","2026-03-24 13:42:05"
"36.8826","10.3305","750","[{""name"": ""وجبات سريعة"", ""category"": ""restaurant"", ""distance_m"": 121.6}, {""name"": ""bar ezzit"", ""category"": ""restaurant"", ""distance_m"": 123.8}, {""name"": ""الصفصاف"", ""category"": ""restaurant"", ""distance_m"": 127.0}, {""name"": ""مقهى"", ""category"": ""restaurant"", ""distance_m"": 135.6}, {""name"": ""Imene Ezzine Ghannouchi"", ""category"": ""hospital"", ""distance_m"": 145.4}, {""name"": ""صيدلية الملولي"", ""category"": ""hospital"", ""distance_m"": 153.0}, {""name"": ""الصفصاف"", ""category"": ""restaurant"", ""distance_m"": 154.0}, {""name"": ""Barbeq"", ""category"": ""restaurant"", ""distance_m"": 168.3}, {""name"": ""بيتزا هت"", ""category"": ""restaurant"", ""distance_m"": 173.7}, {""name"": ""مونوبري"", ""category"": ""shopping"", ""distance_m"": 174.6}]","2026-03-24 13:45:26"
"37.0566","11.0105","750","[{""name"": ""المدرسة الإعدادية بالهوارية"", ""category"": ""school"", ""distance_m"": 412.8}, {""name"": ""مطعم لاراقوستا"", ""category"": ""restaurant"", ""distance_m"": 530.0}, {""name"": ""Hôpital De Haouaria"", ""category"": ""hospital"", ""distance_m"": 709.4}]","2026-03-24 13:57:55"
"36.4361","10.7045","750","[{""name"": ""The Border Tunisia"", ""category"": ""restaurant"", ""distance_m"": 225.3}, {""name"": ""Super Prix Market"", ""category"": ""shopping"", ""distance_m"": 375.9}, {""name"": ""Omar resto"", ""category"": ""restaurant"", ""distance_m"": 386.4}, {""name"": ""Sidi Mahrsi"", ""category"": ""leisure"", ""distance_m"": 436.4}, {""name"": ""Sidi Mahrsi"", ""category"": ""restaurant"", ""distance_m"": 448.1}, {""name"": ""Alimentation de Salem"", ""category"": ""shopping"", ""distance_m"": 457.6}, {""name"": ""Sidi Mahrsi"", ""category"": ""leisure"", ""distance_m"": 457.6}, {""name"": ""Zizou beach"", ""category"": ""restaurant"", ""distance_m"": 472.7}, {""name"": ""Superette Bahroun Afifa"", ""category"": ""shopping"", ""distance_m"": 641.8}, {""name"": ""FunWater Hammamet"", ""category"": ""other"", ""distance_m"": 652.1}]","2026-03-24 13:58:05"
"36.8326","10.0985","750","[{""name"": ""مستشفى التّضامن"", ""category"": ""hospital"", ""distance_m"": 164.0}, {""name"": ""نهاية الخط مستشفى دوار هيشر"", ""category"": ""other"", ""distance_m"": 235.0}, {""name"": ""55"", ""category"": ""transport"", ""distance_m"": 253.0}, {""name"": ""El FLAYESS"", ""category"": ""shopping"", ""distance_m"": 263.4}, {""name"": ""Cafe Jwini"", ""category"": ""restaurant"", ""distance_m"": 290.7}, {""name"": ""الامل"", ""category"": ""hospital"", ""distance_m"": 348.9}, {""name"": ""La joie"", ""category"": ""restaurant"", ""distance_m"": 367.4}, {""name"": ""Cafe Noujoum"", ""category"": ""restaurant"", ""distance_m"": 404.1}, {""name"": ""pharmacie de nuit"", ""category"": ""hospital"", ""distance_m"": 457.0}, {""name"": ""PATTISERIE"", ""category"": ""shopping"", ""distance_m"": 471.7}]","2026-03-24 14:04:39"
"36.8371","10.2465","750","[{""name"": ""Crepello"", ""category"": ""restaurant"", ""distance_m"": 37.0}, {""name"": ""École Primaire Les Berges du Lac"", ""category"": ""school"", ""distance_m"": 64.6}, {""name"": ""بابريكا"", ""category"": ""restaurant"", ""distance_m"": 101.4}, {""name"": ""لي فرفالي"", ""category"": ""restaurant"", ""distance_m"": 166.8}, {""name"": ""KFC"", ""category"": ""restaurant"", ""distance_m"": 173.3}, {""name"": ""صيدلية كميلة العباسي"", ""category"": ""hospital"", ""distance_m"": 175.1}, {""name"": ""Lake Club"", ""category"": ""restaurant"", ""distance_m"": 226.9}, {""name"": ""Aqua lounge"", ""category"": ""restaurant"", ""distance_m"": 238.4}, {""name"": ""السفارة الإندونيسية"", ""category"": ""leisure"", ""distance_m"": 246.2}, {""name"": ""El Baboucha"", ""category"": ""restaurant"", ""distance_m"": 257.1}]","2026-03-24 14:27:47"
"36.8536","10.3256","750","[{""name"": ""فيلا ديدون"", ""category"": ""restaurant"", ""distance_m"": 150.6}, {""name"": ""قرطاج حنبعل"", ""category"": ""other"", ""distance_m"": 160.7}, {""name"": ""Le Macaron Mme Bouzguanda"", ""category"": ""restaurant"", ""distance_m"": 275.9}, {""name"": ""قرطاج حنبعل"", ""category"": ""other"", ""distance_m"": 301.3}, {""name"": ""قرطاج حنبعل"", ""category"": ""other"", ""distance_m"": 302.1}, {""name"": ""قرطاج حنبعل"", ""category"": ""transport"", ""distance_m"": 302.3}, {""name"": ""قرطاج حنبعل"", ""category"": ""other"", ""distance_m"": 303.0}, {""name"": ""site archéologique carthage dermech"", ""category"": ""leisure"", ""distance_m"": 333.4}, {""name"": ""قرطاج درمش"", ""category"": ""other"", ""distance_m"": 377.7}, {""name"": ""قرطاج درمش"", ""category"": ""other"", ""distance_m"": 378.4}]","2026-03-24 15:01:24"
"35.5044","11.0567","750","[{""name"": ""École Primaire Bechir Sfar"", ""category"": ""school"", ""distance_m"": 325.2}, {""name"": ""Paradise"", ""category"": ""hospital"", ""distance_m"": 398.1}, {""name"": ""Superette"", ""category"": ""shopping"", ""distance_m"": 437.4}, {""name"": ""Épicerie Manissa"", ""category"": ""shopping"", ""distance_m"": 472.0}, {""name"": ""كارفور ماركت"", ""category"": ""shopping"", ""distance_m"": 487.2}, {""name"": ""Mashmoom cafe"", ""category"": ""restaurant"", ""distance_m"": 522.7}, {""name"": ""Polyclinique l'Excellence"", ""category"": ""hospital"", ""distance_m"": 594.3}, {""name"": ""صيدلية محمد السقا"", ""category"": ""hospital"", ""distance_m"": 669.3}, {""name"": ""دارنا"", ""category"": ""restaurant"", ""distance_m"": 680.2}, {""name"": ""Neptune"", ""category"": ""restaurant"", ""distance_m"": 698.0}]","2026-03-24 16:17:37"
"36.8604","10.2773","750","[{""name"": ""كارفور إكسبريس"", ""category"": ""shopping"", ""distance_m"": 52.1}, {""name"": ""عزيزة"", ""category"": ""shopping"", ""distance_m"": 112.1}, {""name"": ""Sofra Restaurant"", ""category"": ""restaurant"", ""distance_m"": 136.4}, {""name"": ""Café Nour"", ""category"": ""restaurant"", ""distance_m"": 153.6}, {""name"": ""Pharmacie Darghouth"", ""category"": ""hospital"", ""distance_m"": 154.7}, {""name"": ""بقالة"", ""category"": ""shopping"", ""distance_m"": 157.0}, {""name"": ""Salon de Thé Nour"", ""category"": ""restaurant"", ""distance_m"": 173.2}, {""name"": ""Pharmacie de Nuit"", ""category"": ""hospital"", ""distance_m"": 208.7}, {""name"": ""91"", ""category"": ""restaurant"", ""distance_m"": 233.7}, {""name"": ""Kool Time"", ""category"": ""restaurant"", ""distance_m"": 241.7}]","2026-03-24 16:22:53"
"36.9488","10.1983","750","[]","2026-03-24 16:25:02"
"36.8852","10.2453","750","[{""name"": ""الفيرما"", ""category"": ""restaurant"", ""distance_m"": 48.6}, {""name"": ""شطرانة 2"", ""category"": ""other"", ""distance_m"": 133.0}, {""name"": ""3 شطرانة"", ""category"": ""other"", ""distance_m"": 339.8}, {""name"": ""قناة حنبعل"", ""category"": ""other"", ""distance_m"": 583.8}, {""name"": ""نادي الحرس الوطني"", ""category"": ""other"", ""distance_m"": 727.0}, {""name"": ""Golf de Carthage"", ""category"": ""restaurant"", ""distance_m"": 734.6}, {""name"": ""نادي المحامين"", ""category"": ""other"", ""distance_m"": 739.1}]","2026-03-24 17:43:10"
"35.9833","10.4667","750","[]","2026-03-24 18:58:53"
"36.8669","10.1919","750","[{""name"": ""مقهى النزهة"", ""category"": ""restaurant"", ""distance_m"": 282.1}, {""name"": ""حي نزهة"", ""category"": ""other"", ""distance_m"": 329.8}, {""name"": ""المدرسة الإعدادية برج الوزير"", ""category"": ""school"", ""distance_m"": 533.1}, {""name"": ""نهاية خط النخيلات"", ""category"": ""other"", ""distance_m"": 587.0}, {""name"": ""المنصورة"", ""category"": ""other"", ""distance_m"": 637.6}, {""name"": ""Lycée Secondaire Borj Louzir"", ""category"": ""school"", ""distance_m"": 638.7}, {""name"": ""سيدي الجبالي"", ""category"": ""school"", ""distance_m"": 645.6}, {""name"": ""Parking ISI"", ""category"": ""school"", ""distance_m"": 646.3}, {""name"": ""حي الليل"", ""category"": ""other"", ""distance_m"": 656.3}, {""name"": ""وجبات سريعة جمّولة"", ""category"": ""restaurant"", ""distance_m"": 666.6}]","2026-03-24 19:22:15"
"36.5806","10.8621","750","[{""name"": ""Café du Stade"", ""category"": ""restaurant"", ""distance_m"": 139.0}, {""name"": ""Café Chichkhan"", ""category"": ""restaurant"", ""distance_m"": 268.3}, {""name"": ""Collège Korba"", ""category"": ""school"", ""distance_m"": 346.8}, {""name"": ""Pharmacie Faisal Garbaa"", ""category"": ""hospital"", ""distance_m"": 361.1}, {""name"": ""Lycée 2 Mars Korba"", ""category"": ""school"", ""distance_m"": 363.9}, {""name"": ""انور ماركت"", ""category"": ""shopping"", ""distance_m"": 374.6}, {""name"": ""Cabinet Dentaire Dr. Safa Bouanen Ep Ben Othman"", ""category"": ""hospital"", ""distance_m"": 379.7}, {""name"": ""Pharmacie Faycal Garbaa"", ""category"": ""hospital"", ""distance_m"": 381.0}, {""name"": ""مقهى موزاييك"", ""category"": ""restaurant"", ""distance_m"": 386.7}, {""name"": ""مونوبري"", ""category"": ""shopping"", ""distance_m"": 387.5}]","2026-03-24 19:32:28"
"36.4512","10.7785","750","[{""name"": ""Cafe-Espace Familial"", ""category"": ""restaurant"", ""distance_m"": 291.0}, {""name"": ""Café de la plage"", ""category"": ""restaurant"", ""distance_m"": 726.5}]","2026-03-24 19:38:14"
"36.8551","10.3321","750","[{""name"": ""Nouez-moi"", ""category"": ""restaurant"", ""distance_m"": 222.5}, {""name"": ""بيتزا فون"", ""category"": ""restaurant"", ""distance_m"": 253.7}, {""name"": ""عيادة قرطاج"", ""category"": ""hospital"", ""distance_m"": 255.1}, {""name"": ""قرطاج حنبعل"", ""category"": ""other"", ""distance_m"": 306.2}, {""name"": ""مسرح قرطاج"", ""category"": ""other"", ""distance_m"": 319.4}, {""name"": ""قرطاج حنبعل"", ""category"": ""other"", ""distance_m"": 324.2}, {""name"": ""قرطاج حنبعل"", ""category"": ""transport"", ""distance_m"": 324.5}, {""name"": ""قرطاج حنبعل"", ""category"": ""other"", ""distance_m"": 324.6}, {""name"": ""قرطاج حنبعل"", ""category"": ""other"", ""distance_m"": 325.0}, {""name"": ""قرطاج حنبعل"", ""category"": ""other"", ""distance_m"": 446.7}]","2026-03-24 19:46:11"
"36.8384","10.3203","750","[{""name"": ""WOODS : Pizza & Sandwich"", ""category"": ""restaurant"", ""distance_m"": 237.1}, {""name"": ""قرطاج صلامبو"", ""category"": ""other"", ""distance_m"": 271.2}, {""name"": ""صلامبو"", ""category"": ""other"", ""distance_m"": 271.6}, {""name"": ""Carrefour Express Kram"", ""category"": ""shopping"", ""distance_m"": 331.8}, {""name"": ""الكرم"", ""category"": ""other"", ""distance_m"": 374.9}, {""name"": ""قرطاج صلامبو"", ""category"": ""other"", ""distance_m"": 380.4}, {""name"": ""قرطاج صلامبو"", ""category"": ""transport"", ""distance_m"": 381.2}, {""name"": ""قرطاج صلامبو"", ""category"": ""other"", ""distance_m"": 381.3}, {""name"": ""قرطاج صلامبو"", ""category"": ""other"", ""distance_m"": 382.1}, {""name"": ""الكرم"", ""category"": ""other"", ""distance_m"": 397.5}]","2026-03-24 20:12:17"
"36.8152","10.1654","750","[{""name"": ""المدرسة العربية"", ""category"": ""school"", ""distance_m"": 58.0}, {""name"": ""Down Town"", ""category"": ""restaurant"", ""distance_m"": 183.6}, {""name"": ""Chez Soi"", ""category"": ""restaurant"", ""distance_m"": 191.5}, {""name"": ""ESAD"", ""category"": ""school"", ""distance_m"": 239.0}, {""name"": ""رد هل"", ""category"": ""restaurant"", ""distance_m"": 246.2}, {""name"": ""العربي الكبادي العمران"", ""category"": ""other"", ""distance_m"": 271.2}, {""name"": ""L'Ardoise"", ""category"": ""restaurant"", ""distance_m"": 271.6}, {""name"": ""المدرسة الفرنسية العمران (ذهاب)"", ""category"": ""other"", ""distance_m"": 307.5}, {""name"": ""المدرسة الفرنسية العمران (إياب)"", ""category"": ""other"", ""distance_m"": 313.3}, {""name"": ""باب العسل"", ""category"": ""transport"", ""distance_m"": 324.2}]","2026-03-24 20:16:07"
"36.7782","10.2815","750","[{""name"": ""رادس الشاطئ 2"", ""category"": ""other"", ""distance_m"": 603.4}, {""name"": ""Marina Café Restaurant"", ""category"": ""restaurant"", ""distance_m"": 714.4}, {""name"": ""رادس الشاطئ 1"", ""category"": ""other"", ""distance_m"": 746.3}, {""name"": ""Maxula-Radès"", ""category"": ""school"", ""distance_m"": 778.7}]","2026-03-24 22:24:32"
"36.8116","10.177","750","[{""name"": ""Pharmacie Radhi Darghouth"", ""category"": ""hospital"", ""distance_m"": 27.2}, {""name"": ""Juju's"", ""category"": ""restaurant"", ""distance_m"": 75.0}, {""name"": ""La Couronne"", ""category"": ""restaurant"", ""distance_m"": 108.4}, {""name"": ""El Walima"", ""category"": ""restaurant"", ""distance_m"": 122.3}, {""name"": ""Ben's"", ""category"": ""restaurant"", ""distance_m"": 143.0}, {""name"": ""MD Café"", ""category"": ""restaurant"", ""distance_m"": 177.9}, {""name"": ""Chez Dalloul"", ""category"": ""restaurant"", ""distance_m"": 213.5}, {""name"": ""Amir Boulangerie"", ""category"": ""shopping"", ""distance_m"": 221.9}, {""name"": ""El Petra"", ""category"": ""restaurant"", ""distance_m"": 229.7}, {""name"": ""مونوبري"", ""category"": ""shopping"", ""distance_m"": 230.4}]","2026-03-24 22:25:42"
"36.6478","10.5915","750","[{""name"": ""Pizzeria"", ""category"": ""restaurant"", ""distance_m"": 83.7}, {""name"": ""Coffee Khamis Tajouris"", ""category"": ""restaurant"", ""distance_m"": 93.8}, {""name"": ""In Time"", ""category"": ""restaurant"", ""distance_m"": 117.4}, {""name"": ""Restaurant Zaamni"", ""category"": ""restaurant"", ""distance_m"": 174.7}, {""name"": ""Pharmacie El Chahed"", ""category"": ""hospital"", ""distance_m"": 207.7}, {""name"": ""Restaurant Imed"", ""category"": ""restaurant"", ""distance_m"": 210.9}, {""name"": ""Pharmacie de Nuit"", ""category"": ""hospital"", ""distance_m"": 215.6}, {""name"": ""Pharmacie Ali Ben Ali"", ""category"": ""hospital"", ""distance_m"": 244.0}, {""name"": ""Café Boujbel Beni Khalled"", ""category"": ""restaurant"", ""distance_m"": 244.3}, {""name"": ""Pharmacie de Jour"", ""category"": ""hospital"", ""distance_m"": 253.9}]","2026-03-24 23:45:14"
"36.8535","10.2558","750","[{""name"": ""École les Jardins de l'Aouina"", ""category"": ""school"", ""distance_m"": 24.3}, {""name"": ""Machawi Zin Al Cham"", ""category"": ""restaurant"", ""distance_m"": 123.1}, {""name"": ""Panorama Café"", ""category"": ""restaurant"", ""distance_m"": 150.1}, {""name"": ""Supérette"", ""category"": ""shopping"", ""distance_m"": 173.4}, {""name"": ""النجع"", ""category"": ""restaurant"", ""distance_m"": 182.1}, {""name"": ""قسم)العوينة)"", ""category"": ""other"", ""distance_m"": 182.5}, {""name"": ""TESTOURI"", ""category"": ""other"", ""distance_m"": 184.7}, {""name"": ""RAPIDOO Resto"", ""category"": ""restaurant"", ""distance_m"": 194.8}, {""name"": ""Pharmacie Najet Hamouda Ep Binous"", ""category"": ""hospital"", ""distance_m"": 197.7}, {""name"": ""Restaurant NasrALLAH"", ""category"": ""restaurant"", ""distance_m"": 204.5}]","2026-03-25 00:00:59"
"36.7927","10.1794","750","[{""name"": ""مقهى علاء الدين"", ""category"": ""restaurant"", ""distance_m"": 105.2}, {""name"": ""تونس"", ""category"": ""other"", ""distance_m"": 188.3}, {""name"": ""كارفور"", ""category"": ""shopping"", ""distance_m"": 198.4}, {""name"": ""البرلمان"", ""category"": ""restaurant"", ""distance_m"": 208.6}, {""name"": ""تونس"", ""category"": ""other"", ""distance_m"": 212.8}, {""name"": ""تونس"", ""category"": ""other"", ""distance_m"": 216.4}, {""name"": ""سيدي البشير (ذهاب)"", ""category"": ""other"", ""distance_m"": 218.8}, {""name"": ""Cabinet dentaire Dr Lina Attia"", ""category"": ""hospital"", ""distance_m"": 229.0}, {""name"": ""Restaurant Hedhibi"", ""category"": ""restaurant"", ""distance_m"": 235.3}, {""name"": ""Café Tanit"", ""category"": ""restaurant"", ""distance_m"": 239.2}]","2026-03-25 00:16:04"
"36.833","10.1632","750","[{""name"": ""المدرسة الإعدادية بالموقع الجميل"", ""category"": ""school"", ""distance_m"": 177.9}, {""name"": ""بلدية متيال فيل"", ""category"": ""other"", ""distance_m"": 368.2}, {""name"": ""Café Patisserie Faycal"", ""category"": ""restaurant"", ""distance_m"": 404.2}, {""name"": ""superette"", ""category"": ""shopping"", ""distance_m"": 404.8}, {""name"": ""صوناد"", ""category"": ""other"", ""distance_m"": 410.1}, {""name"": ""بقالة 7 لينا شب"", ""category"": ""shopping"", ""distance_m"": 446.7}, {""name"": ""Pharmacie Fennira Taoufik"", ""category"": ""hospital"", ""distance_m"": 463.4}, {""name"": ""الأقواس"", ""category"": ""restaurant"", ""distance_m"": 464.9}, {""name"": ""شيليز"", ""category"": ""restaurant"", ""distance_m"": 467.9}, {""name"": ""ميتيال فيل (ذهاب)"", ""category"": ""other"", ""distance_m"": 470.4}]","2026-03-25 00:20:27"
"36.745","10.225","750","[{""name"": ""مركز الاحاطة بالمعاقين (رجوع)"", ""category"": ""other"", ""distance_m"": 88.4}, {""name"": ""Louzina"", ""category"": ""restaurant"", ""distance_m"": 94.1}, {""name"": ""Pharmacie Naimi"", ""category"": ""hospital"", ""distance_m"": 94.4}, {""name"": ""Wida Juice"", ""category"": ""restaurant"", ""distance_m"": 161.1}, {""name"": ""1 حي الاسكان"", ""category"": ""other"", ""distance_m"": 164.7}, {""name"": ""مركز الاحاطة بالمعاقين"", ""category"": ""other"", ""distance_m"": 208.1}, {""name"": ""Pizzeria Papa's"", ""category"": ""restaurant"", ""distance_m"": 222.1}, {""name"": ""سليلوز (رجوع)"", ""category"": ""other"", ""distance_m"": 254.5}, {""name"": ""Miral"", ""category"": ""restaurant"", ""distance_m"": 255.8}, {""name"": ""سليلوز"", ""category"": ""other"", ""distance_m"": 329.2}]","2026-03-25 00:23:32"
"36.45","10.7833","750","[{""name"": ""Café de la plage"", ""category"": ""restaurant"", ""distance_m"": 515.0}, {""name"": ""La Pampa"", ""category"": ""restaurant"", ""distance_m"": 543.4}, {""name"": ""Cafe-Espace Familial"", ""category"": ""restaurant"", ""distance_m"": 657.2}]","2026-03-25 13:32:57"
"35.8452","10.6028","750","[{""name"": ""MacDoReMi"", ""category"": ""restaurant"", ""distance_m"": 117.5}, {""name"": ""La Bouffe"", ""category"": ""restaurant"", ""distance_m"": 118.6}, {""name"": ""K-WEST"", ""category"": ""restaurant"", ""distance_m"": 148.2}, {""name"": ""Barbaros"", ""category"": ""restaurant"", ""distance_m"": 177.8}, {""name"": ""Cafe Charfeddine"", ""category"": ""restaurant"", ""distance_m"": 195.4}, {""name"": ""Kaftouj"", ""category"": ""restaurant"", ""distance_m"": 210.8}, {""name"": ""كلوديو"", ""category"": ""restaurant"", ""distance_m"": 266.4}, {""name"": ""المدرسة الإعدادية الخاصة الأمد"", ""category"": ""school"", ""distance_m"": 286.1}, {""name"": ""Central Perk"", ""category"": ""restaurant"", ""distance_m"": 345.1}, {""name"": ""Miams'"", ""category"": ""restaurant"", ""distance_m"": 351.1}]","2026-03-25 14:38:48"
"36.4019","10.6121","750","[{""name"": ""Supermarket"", ""category"": ""shopping"", ""distance_m"": 40.2}, {""name"": ""Negozio Gusto Italia"", ""category"": ""restaurant"", ""distance_m"": 55.1}, {""name"": ""Boulangerie Al Nakhla"", ""category"": ""shopping"", ""distance_m"": 76.7}, {""name"": ""Café Susana"", ""category"": ""restaurant"", ""distance_m"": 98.4}, {""name"": ""Pharmacie Mami Koubakji"", ""category"": ""hospital"", ""distance_m"": 114.7}, {""name"": ""Mc Dyl'"", ""category"": ""restaurant"", ""distance_m"": 122.4}, {""name"": ""محل الشفاء"", ""category"": ""hospital"", ""distance_m"": 141.0}, {""name"": ""Fazoli's"", ""category"": ""restaurant"", ""distance_m"": 154.6}, {""name"": ""Fenina"", ""category"": ""shopping"", ""distance_m"": 156.2}, {""name"": ""Fawara"", ""category"": ""restaurant"", ""distance_m"": 162.7}]","2026-03-25 15:35:05"
"36.8264","10.1506","750","[{""name"": ""نهاية خط 12 حي الزياتين"", ""category"": ""other"", ""distance_m"": 318.7}, {""name"": ""الرمانة"", ""category"": ""other"", ""distance_m"": 319.9}, {""name"": ""الرمانة"", ""category"": ""transport"", ""distance_m"": 320.1}, {""name"": ""الرمانة"", ""category"": ""other"", ""distance_m"": 320.2}, {""name"": ""الرمانة"", ""category"": ""other"", ""distance_m"": 320.5}, {""name"": ""المركب الجامعي"", ""category"": ""other"", ""distance_m"": 342.7}, {""name"": ""كلية الحقوق"", ""category"": ""other"", ""distance_m"": 480.8}, {""name"": ""حي الزياتين (ذهاب)"", ""category"": ""other"", ""distance_m"": 484.7}, {""name"": ""حي الزياتين (إياب)"", ""category"": ""other"", ""distance_m"": 487.6}, {""name"": ""جامعة تونس المنار"", ""category"": ""school"", ""distance_m"": 494.6}]","2026-03-25 17:41:27"
"36.7648","10.2474","750","[{""name"": ""Collège Mongi Slim"", ""category"": ""school"", ""distance_m"": 182.1}, {""name"": ""park Sidi Rézig"", ""category"": ""leisure"", ""distance_m"": 185.3}, {""name"": ""معهد سيدي ارزيق"", ""category"": ""other"", ""distance_m"": 199.5}, {""name"": ""Javayou"", ""category"": ""restaurant"", ""distance_m"": 230.2}, {""name"": ""Frontière"", ""category"": ""restaurant"", ""distance_m"": 237.7}, {""name"": ""سيدي ارزيق قسم (ذهاب)"", ""category"": ""other"", ""distance_m"": 258.0}, {""name"": ""Double Dose"", ""category"": ""restaurant"", ""distance_m"": 259.5}, {""name"": ""Parc du Martyr Lieutenant Maher Kabsi"", ""category"": ""leisure"", ""distance_m"": 278.5}, {""name"": ""Epicerie Mourad"", ""category"": ""shopping"", ""distance_m"": 294.1}, {""name"": ""École Primaire Raboua"", ""category"": ""school"", ""distance_m"": 328.0}]","2026-03-25 18:10:17"
"36.7833","10.1333","750","[{""name"": ""الزهور 2"", ""category"": ""transport"", ""distance_m"": 697.6}, {""name"": ""الزهور 2"", ""category"": ""transport"", ""distance_m"": 699.0}, {""name"": ""الزهور 2"", ""category"": ""other"", ""distance_m"": 699.9}, {""name"": ""الزهور 2"", ""category"": ""other"", ""distance_m"": 701.1}]","2026-03-26 08:47:31"
"36.908","10.2","750","[]","2026-03-26 10:44:30"
"36.85","10.3","750","[]","2026-03-26 13:47:51"
"35.2372","9.1256","750","[{""name"": ""سبيطلة"", ""category"": ""other"", ""distance_m"": 304.9}, {""name"": ""المعهد الثانوي بسبيطلة"", ""category"": ""school"", ""distance_m"": 600.2}, {""name"": ""Lycée Al Athar"", ""category"": ""school"", ""distance_m"": 626.6}, {""name"": ""Relais Erridha"", ""category"": ""restaurant"", ""distance_m"": 626.8}, {""name"": ""آثار رومانية سبيطلة"", ""category"": ""leisure"", ""distance_m"": 692.2}]","2026-03-26 13:52:21"
"37.0711","11.0469","750","[]","2026-03-26 14:06:13"
"36.7981","10.1803","750","[{""name"": ""El Patio"", ""category"": ""restaurant"", ""distance_m"": 74.6}, {""name"": ""Jbali Fastfood"", ""category"": ""restaurant"", ""distance_m"": 86.0}, {""name"": ""Restaurant Le Prince"", ""category"": ""restaurant"", ""distance_m"": 88.8}, {""name"": ""ساحة برشلونة"", ""category"": ""restaurant"", ""distance_m"": 102.9}, {""name"": ""بلماريوم"", ""category"": ""shopping"", ""distance_m"": 108.4}, {""name"": ""ساحة البرشلونة"", ""category"": ""other"", ""distance_m"": 109.3}, {""name"": ""Place de Barcelone"", ""category"": ""other"", ""distance_m"": 112.9}, {""name"": ""Place de Barcelone"", ""category"": ""other"", ""distance_m"": 114.2}, {""name"": ""محطة ساحة البرشلونة"", ""category"": ""transport"", ""distance_m"": 115.2}, {""name"": ""ساحة البرشلونة"", ""category"": ""other"", ""distance_m"": 121.2}]","2026-03-26 14:07:05"
"36.8472","11.0944","750","[{""name"": ""المدرسة الابتدائية طريق الشاطئ"", ""category"": ""school"", ""distance_m"": 104.2}, {""name"": ""Pharmacie Ben Rhouma"", ""category"": ""hospital"", ""distance_m"": 148.1}, {""name"": ""The Twe12Ve"", ""category"": ""restaurant"", ""distance_m"": 212.9}, {""name"": ""La Palma"", ""category"": ""restaurant"", ""distance_m"": 224.8}, {""name"": ""MG Proxi Kélibia"", ""category"": ""shopping"", ""distance_m"": 247.6}, {""name"": ""Café Jeune"", ""category"": ""restaurant"", ""distance_m"": 251.8}, {""name"": ""صيدلية الليل"", ""category"": ""hospital"", ""distance_m"": 263.2}, {""name"": ""Cafeteria C.O.K"", ""category"": ""restaurant"", ""distance_m"": 279.8}, {""name"": ""مقهى دار الشعب"", ""category"": ""restaurant"", ""distance_m"": 283.3}, {""name"": ""المدرسة الابتدائية سيدي ابو ضاوي"", ""category"": ""school"", ""distance_m"": 289.8}]","2026-03-26 14:07:15"
"36.8528","10.1703","750","[{""name"": ""ووك فشن"", ""category"": ""restaurant"", ""distance_m"": 120.1}, {""name"": ""Mouffetarde Creperie"", ""category"": ""restaurant"", ""distance_m"": 133.0}, {""name"": ""بارافرماسي"", ""category"": ""hospital"", ""distance_m"": 156.9}, {""name"": ""بلم استريت"", ""category"": ""restaurant"", ""distance_m"": 161.6}, {""name"": ""ذا هد"", ""category"": ""restaurant"", ""distance_m"": 187.9}, {""name"": ""مستر فايف"", ""category"": ""restaurant"", ""distance_m"": 244.5}, {""name"": ""منزه 5"", ""category"": ""other"", ""distance_m"": 256.9}, {""name"": ""Gourmandise"", ""category"": ""restaurant"", ""distance_m"": 257.4}, {""name"": ""ذو بارادايز"", ""category"": ""restaurant"", ""distance_m"": 269.1}, {""name"": ""مطعم دمشق"", ""category"": ""restaurant"", ""distance_m"": 280.8}]","2026-03-26 14:08:47"
"37.0481","11.0189","750","[{""name"": ""المعهد الثاتوي بالهوارية"", ""category"": ""school"", ""distance_m"": 278.5}, {""name"": ""Restaurant Bella Riva"", ""category"": ""restaurant"", ""distance_m"": 429.9}, {""name"": ""La Fontaine"", ""category"": ""restaurant"", ""distance_m"": 538.0}, {""name"": ""Hôpital De Haouaria"", ""category"": ""hospital"", ""distance_m"": 540.3}, {""name"": ""Café Awej"", ""category"": ""restaurant"", ""distance_m"": 552.0}, {""name"": ""مطعم الباشا"", ""category"": ""restaurant"", ""distance_m"": 554.8}, {""name"": ""Cofe Il Maheta"", ""category"": ""restaurant"", ""distance_m"": 579.9}, {""name"": ""صيدلية مكرم المجيد"", ""category"": ""hospital"", ""distance_m"": 580.5}, {""name"": ""Cafe Achiri"", ""category"": ""restaurant"", ""distance_m"": 628.5}, {""name"": ""مطعم المرجان"", ""category"": ""restaurant"", ""distance_m"": 645.3}]","2026-03-26 14:09:38"
"36.743","10.308","750","[{""name"": ""Magasin Général - MG;Magasin général MG"", ""category"": ""shopping"", ""distance_m"": 113.1}, {""name"": ""Pharmacie Bouassida"", ""category"": ""hospital"", ""distance_m"": 208.3}, {""name"": ""Pâtisserie Hachicha"", ""category"": ""shopping"", ""distance_m"": 229.7}, {""name"": ""Papito"", ""category"": ""restaurant"", ""distance_m"": 258.9}, {""name"": ""Auto-école Kamel"", ""category"": ""other"", ""distance_m"": 370.4}, {""name"": ""Centre médical"", ""category"": ""hospital"", ""distance_m"": 410.3}, {""name"": ""Pharmacie Mohamed El Hedi Guedana"", ""category"": ""hospital"", ""distance_m"": 427.6}, {""name"": ""Pharmacie Sonia Ben Slimane EP Jemaa"", ""category"": ""hospital"", ""distance_m"": 428.8}, {""name"": ""Épicerie"", ""category"": ""shopping"", ""distance_m"": 431.5}, {""name"": ""الزهراء"", ""category"": ""other"", ""distance_m"": 436.9}]","2026-03-26 14:12:29"
"35.8381","10.5736","750","[]","2026-03-26 14:13:53"
"36.8097","10.0928","750","[{""name"": ""جامع منوبة"", ""category"": ""other"", ""distance_m"": 43.6}, {""name"": ""منطقة شرطة منوبة (ذهاب)"", ""category"": ""other"", ""distance_m"": 150.4}, {""name"": ""منطقة شرطة منوبة (إياب)"", ""category"": ""other"", ""distance_m"": 155.5}, {""name"": ""دار المسنين (ذهاب)"", ""category"": ""other"", ""distance_m"": 159.6}, {""name"": ""دار المسنين (إياب)"", ""category"": ""other"", ""distance_m"": 166.3}, {""name"": ""معهد حمودة باشا"", ""category"": ""school"", ""distance_m"": 182.7}, {""name"": ""قصر قبة النحاس"", ""category"": ""leisure"", ""distance_m"": 216.7}, {""name"": ""باغيت & باغيت"", ""category"": ""restaurant"", ""distance_m"": 297.3}, {""name"": ""مكتب بريد منوبة"", ""category"": ""other"", ""distance_m"": 307.1}, {""name"": ""الهادي شاكر منوبة (ذهاب)"", ""category"": ""other"", ""distance_m"": 368.7}]","2026-03-26 14:19:24"
"36.8167","10.1667","750","[{""name"": ""Down Town"", ""category"": ""restaurant"", ""distance_m"": 34.6}, {""name"": ""رد هل"", ""category"": ""restaurant"", ""distance_m"": 119.3}, {""name"": ""Chez Soi"", ""category"": ""restaurant"", ""distance_m"": 133.5}, {""name"": ""L'Ardoise"", ""category"": ""restaurant"", ""distance_m"": 154.2}, {""name"": ""مقهى الكواكب"", ""category"": ""other"", ""distance_m"": 163.2}, {""name"": ""Kawekeb"", ""category"": ""restaurant"", ""distance_m"": 172.0}, {""name"": ""المدرسة الفرنسية العمران (إياب)"", ""category"": ""other"", ""distance_m"": 173.5}, {""name"": ""ESAD"", ""category"": ""school"", ""distance_m"": 173.5}, {""name"": ""المدرسة الفرنسية العمران (ذهاب)"", ""category"": ""other"", ""distance_m"": 175.0}, {""name"": ""Bahri Khaled"", ""category"": ""hospital"", ""distance_m"": 193.7}]","2026-03-26 14:19:44"
"35.55","9.0","750","[]","2026-03-26 14:21:22"
"36.8311","10.0347","750","[{""name"": ""شوكوتوم"", ""category"": ""other"", ""distance_m"": 287.8}, {""name"": ""جامع وادى الليل"", ""category"": ""other"", ""distance_m"": 366.6}, {""name"": ""مكتب بريد وادي الليل"", ""category"": ""other"", ""distance_m"": 499.5}, {""name"": ""الحرس الوطني وادي الليل"", ""category"": ""other"", ""distance_m"": 610.4}, {""name"": ""وادي الليل 16د 58"", ""category"": ""other"", ""distance_m"": 712.0}]","2026-03-26 14:22:51"
"36.8319","10.1942","750","[{""name"": ""سوق حي الخضراء"", ""category"": ""other"", ""distance_m"": 73.3}, {""name"": ""ساحة الشهداء"", ""category"": ""other"", ""distance_m"": 122.1}, {""name"": ""El Mazraa"", ""category"": ""restaurant"", ""distance_m"": 123.7}, {""name"": ""Le Bon Gout"", ""category"": ""restaurant"", ""distance_m"": 138.2}, {""name"": ""Café Khmais"", ""category"": ""restaurant"", ""distance_m"": 156.8}, {""name"": ""مدرسة بورقيبة"", ""category"": ""school"", ""distance_m"": 226.5}, {""name"": ""Institut Supérieur des Langues de Tunis (ISLT)"", ""category"": ""school"", ""distance_m"": 247.1}, {""name"": ""سوق حي الخضراء اياب"", ""category"": ""other"", ""distance_m"": 248.4}, {""name"": ""Pâtisserie"", ""category"": ""shopping"", ""distance_m"": 264.5}, {""name"": ""المركز المندمج للشباب والطفولة بالخضراء"", ""category"": ""hospital"", ""distance_m"": 273.4}]","2026-03-26 14:26:38"
"36.65","10.5833","750","[{""name"": ""École Primaire SIDI BOUYAHYA"", ""category"": ""school"", ""distance_m"": 107.3}, {""name"": ""TC Batrou"", ""category"": ""restaurant"", ""distance_m"": 434.3}, {""name"": ""Pharmacie Hédi Ibn El Feki"", ""category"": ""hospital"", ""distance_m"": 452.7}, {""name"": ""Restaurant Chenaoui"", ""category"": ""restaurant"", ""distance_m"": 456.2}, {""name"": ""Pharmacie de Jour"", ""category"": ""hospital"", ""distance_m"": 524.0}, {""name"": ""Jardin Public"", ""category"": ""leisure"", ""distance_m"": 534.1}, {""name"": ""Restaurant Imed"", ""category"": ""restaurant"", ""distance_m"": 562.9}, {""name"": ""Restaurant Zaamni"", ""category"": ""restaurant"", ""distance_m"": 601.9}, {""name"": ""Station de bus de Béni Khaled"", ""category"": ""transport"", ""distance_m"": 660.9}, {""name"": ""Pizzeria"", ""category"": ""restaurant"", ""distance_m"": 688.0}]","2026-03-26 14:28:17"
"36.7405","10.2042","750","[{""name"": ""Médecin généraliste"", ""category"": ""hospital"", ""distance_m"": 69.6}, {""name"": ""صيدلية هالة الركبي"", ""category"": ""hospital"", ""distance_m"": 89.9}, {""name"": ""Le Gourmand"", ""category"": ""restaurant"", ""distance_m"": 96.6}, {""name"": ""مقهى البالما"", ""category"": ""restaurant"", ""distance_m"": 97.8}, {""name"": ""مفترق المروج 2"", ""category"": ""other"", ""distance_m"": 160.3}, {""name"": ""الورود المروج 1"", ""category"": ""other"", ""distance_m"": 203.1}, {""name"": ""مفترق المروج 2 خط54أ"", ""category"": ""other"", ""distance_m"": 230.2}, {""name"": ""المدرسة الإبتدائية الهناء"", ""category"": ""school"", ""distance_m"": 235.9}, {""name"": ""المدرسة الإبتدائية الغزالي"", ""category"": ""school"", ""distance_m"": 250.8}, {""name"": ""3am Sleh"", ""category"": ""shopping"", ""distance_m"": 255.2}]","2026-03-26 14:39:07"
"36.7098","10.1693","750","[{""name"": ""مرتضى لمنظفات و المطهرات"", ""category"": ""shopping"", ""distance_m"": 130.9}, {""name"": ""قهوة محمد علي"", ""category"": ""restaurant"", ""distance_m"": 133.6}, {""name"": ""عطرية بن عثمان"", ""category"": ""shopping"", ""distance_m"": 146.1}, {""name"": ""فوشانة الشمالية"", ""category"": ""restaurant"", ""distance_m"": 195.1}, {""name"": ""المدرسة الابتدائية حي المسك فوشانة"", ""category"": ""school"", ""distance_m"": 200.7}, {""name"": ""قهوة عمر"", ""category"": ""restaurant"", ""distance_m"": 201.9}, {""name"": ""كوشة حي المسك"", ""category"": ""shopping"", ""distance_m"": 202.5}, {""name"": ""حي الوفاق"", ""category"": ""other"", ""distance_m"": 205.3}, {""name"": ""ija cool"", ""category"": ""restaurant"", ""distance_m"": 235.3}, {""name"": ""café taqassim"", ""category"": ""restaurant"", ""distance_m"": 270.1}]","2026-03-26 14:40:27"
"36.8111","10.1364","750","[{""name"": ""Gourmandise Bardo Center"", ""category"": ""restaurant"", ""distance_m"": 146.9}, {""name"": ""Clinique d'hémodialyse ALYSSA"", ""category"": ""hospital"", ""distance_m"": 157.5}, {""name"": ""Bon Goût Le Bardo"", ""category"": ""restaurant"", ""distance_m"": 171.6}, {""name"": ""Maxi Food"", ""category"": ""restaurant"", ""distance_m"": 172.0}, {""name"": ""صيدلية لطيفة الباسطي حرم يوسفي"", ""category"": ""hospital"", ""distance_m"": 188.7}, {""name"": ""باردو سنتر"", ""category"": ""shopping"", ""distance_m"": 205.6}, {""name"": ""صيدلية زوايدي حسين"", ""category"": ""hospital"", ""distance_m"": 207.6}, {""name"": ""Dr Ben Abdelaziz Ines"", ""category"": ""hospital"", ""distance_m"": 229.7}, {""name"": ""Brothers Coffee Bardo"", ""category"": ""restaurant"", ""distance_m"": 233.5}, {""name"": ""مونوبري"", ""category"": ""shopping"", ""distance_m"": 247.2}]","2026-03-26 14:41:26"
"36.728","10.336","750","[{""name"": ""مركز حمام الانف"", ""category"": ""other"", ""distance_m"": 104.2}, {""name"": ""صيدلية الليل"", ""category"": ""hospital"", ""distance_m"": 126.9}, {""name"": ""Place de la République"", ""category"": ""leisure"", ""distance_m"": 144.1}, {""name"": ""حمام الأنف"", ""category"": ""other"", ""distance_m"": 186.9}, {""name"": ""حمام الأنف"", ""category"": ""other"", ""distance_m"": 189.5}, {""name"": ""Hammam-Lif حمام الأنف"", ""category"": ""other"", ""distance_m"": 190.2}, {""name"": ""حمام الأنف"", ""category"": ""other"", ""distance_m"": 191.0}, {""name"": ""حمام الأنف"", ""category"": ""other"", ""distance_m"": 194.9}, {""name"": ""حمام الأنف"", ""category"": ""other"", ""distance_m"": 196.0}, {""name"": ""حمام الأنف"", ""category"": ""other"", ""distance_m"": 199.7}]","2026-03-26 14:41:51"
"37.1458","10.1752","750","[]","2026-03-26 14:46:26"
"36.75","10.23","750","[{""name"": ""باطا (رجوع)"", ""category"": ""other"", ""distance_m"": 175.5}, {""name"": ""باطا"", ""category"": ""other"", ""distance_m"": 208.2}, {""name"": ""Anatolia"", ""category"": ""restaurant"", ""distance_m"": 327.9}, {""name"": ""Storyboard Café"", ""category"": ""restaurant"", ""distance_m"": 359.6}, {""name"": ""صيدلية الليل بن عروس"", ""category"": ""other"", ""distance_m"": 371.7}, {""name"": ""جامع بن عروس (رجوع)"", ""category"": ""other"", ""distance_m"": 373.3}, {""name"": ""بلدية بن عروس"", ""category"": ""other"", ""distance_m"": 438.9}, {""name"": ""بلدية بن عروس (رجوع)"", ""category"": ""other"", ""distance_m"": 460.4}, {""name"": ""جامع بن عروس"", ""category"": ""other"", ""distance_m"": 498.2}, {""name"": ""محطة رياض الآطفال"", ""category"": ""other"", ""distance_m"": 505.4}]","2026-03-26 15:11:27"
"36.7036","10.3625","750","[]","2026-03-26 15:16:20"
"36.7","10.4833","750","[{""name"": ""Collège de Soliman"", ""category"": ""school"", ""distance_m"": 470.5}, {""name"": ""صيدلية هويم نويهض"", ""category"": ""hospital"", ""distance_m"": 516.9}, {""name"": ""المنتزه البلدي بسليمان"", ""category"": ""leisure"", ""distance_m"": 696.8}, {""name"": ""متجر عزيزة"", ""category"": ""shopping"", ""distance_m"": 700.0}, {""name"": ""اللؤلؤة"", ""category"": ""restaurant"", ""distance_m"": 718.9}, {""name"": ""روضة أطفال بلدية"", ""category"": ""school"", ""distance_m"": 757.8}]","2026-03-26 15:21:12"
"36.4011","10.6125","750","[{""name"": ""محل الشفاء"", ""category"": ""hospital"", ""distance_m"": 40.9}, {""name"": ""Boulangerie Al Nakhla"", ""category"": ""shopping"", ""distance_m"": 53.2}, {""name"": ""Fenina"", ""category"": ""shopping"", ""distance_m"": 69.1}, {""name"": ""Pharmacie Mami Koubakji"", ""category"": ""hospital"", ""distance_m"": 75.0}, {""name"": ""Supermarket"", ""category"": ""shopping"", ""distance_m"": 79.8}, {""name"": ""Restaurant El Fawara"", ""category"": ""restaurant"", ""distance_m"": 113.1}, {""name"": ""Negozio Gusto Italia"", ""category"": ""restaurant"", ""distance_m"": 132.5}, {""name"": ""Restaurant Florida"", ""category"": ""restaurant"", ""distance_m"": 136.3}, {""name"": ""Pharmacie Koubakji Nabiha"", ""category"": ""hospital"", ""distance_m"": 161.6}, {""name"": ""Café Susana"", ""category"": ""restaurant"", ""distance_m"": 199.6}]","2026-03-26 15:22:51"
"36.0333","10.5","750","[{""name"": ""الطابونة"", ""category"": ""restaurant"", ""distance_m"": 160.5}, {""name"": ""منتزه بيت الكنت"", ""category"": ""leisure"", ""distance_m"": 306.1}, {""name"": ""مطعم بيت الكنت"", ""category"": ""restaurant"", ""distance_m"": 498.0}, {""name"": ""Maison SNIT"", ""category"": ""other"", ""distance_m"": 511.5}, {""name"": ""hopital Hergla"", ""category"": ""hospital"", ""distance_m"": 668.5}, {""name"": ""Rue 18 Janvier vers laribet"", ""category"": ""other"", ""distance_m"": 735.3}, {""name"": ""Usine Sahbi Karwi vers Laribet"", ""category"": ""other"", ""distance_m"": 743.1}, {""name"": ""Rue 18 Janvier vers sousse"", ""category"": ""other"", ""distance_m"": 747.9}, {""name"": ""المدرسة الإعدادية بهرقلة"", ""category"": ""school"", ""distance_m"": 764.2}]","2026-03-26 15:23:33"
"37.237","9.91","750","[]","2026-03-26 15:44:39"
"37.0857","10.0259","750","[]","2026-03-26 16:11:19"
"36.5167","10.0","750","[]","2026-03-26 16:16:48"
"36.3747","9.9017","750","[{""name"": ""EL FAHS"", ""category"": ""other"", ""distance_m"": 143.7}, {""name"": ""المدرسة الابتدائية بوشوشة"", ""category"": ""school"", ""distance_m"": 190.8}, {""name"": ""الفحص"", ""category"": ""transport"", ""distance_m"": 205.6}, {""name"": ""المدرسة الابتدائية نهج الشاذلي الشرعبي"", ""category"": ""school"", ""distance_m"": 237.7}, {""name"": ""المدرسة الابتدائية نهج تونس"", ""category"": ""school"", ""distance_m"": 598.7}]","2026-03-26 16:17:28"
"36.933","10.039","750","[{""name"": ""شرفش 1"", ""category"": ""other"", ""distance_m"": 471.1}, {""name"": ""شرفش 2"", ""category"": ""other"", ""distance_m"": 587.6}]","2026-03-26 16:21:51"
"35.7644","10.8","750","[{""name"": ""Café El Majless"", ""category"": ""restaurant"", ""distance_m"": 229.6}, {""name"": ""Café El Majless"", ""category"": ""restaurant"", ""distance_m"": 229.7}, {""name"": ""Restaurante Universitário"", ""category"": ""restaurant"", ""distance_m"": 318.0}, {""name"": ""IPEIM"", ""category"": ""school"", ""distance_m"": 371.6}, {""name"": ""ENIM"", ""category"": ""school"", ""distance_m"": 382.5}, {""name"": ""Millenium"", ""category"": ""restaurant"", ""distance_m"": 432.5}, {""name"": ""cafe del castello"", ""category"": ""restaurant"", ""distance_m"": 442.9}, {""name"": ""Campus Universitaire Skanes Monastir"", ""category"": ""school"", ""distance_m"": 451.8}, {""name"": ""كلية العلوم بالمنستير"", ""category"": ""school"", ""distance_m"": 480.2}, {""name"": ""مركز طب الولدان و التوليد بالمنستير"", ""category"": ""hospital"", ""distance_m"": 542.0}]","2026-03-26 16:29:16"
"33.8042","10.9725","750","[{""name"": ""Boufaden"", ""category"": ""other"", ""distance_m"": 604.5}, {""name"": ""Khazroun"", ""category"": ""other"", ""distance_m"": 749.5}]","2026-03-26 16:34:25"
"36.5525","9.4436","750","[{""name"": ""المدرسة الإبتدائية"", ""category"": ""school"", ""distance_m"": 264.7}, {""name"": ""lycée Ibn Zohr Testour"", ""category"": ""school"", ""distance_m"": 574.5}]","2026-03-26 16:37:05"
"35.6772","10.098","750","[{""name"": ""lotfi"", ""category"": ""restaurant"", ""distance_m"": 373.9}, {""name"": ""Pharmacie Dhib"", ""category"": ""hospital"", ""distance_m"": 381.8}, {""name"": ""Go Cafe"", ""category"": ""restaurant"", ""distance_m"": 405.3}, {""name"": ""Café Beji"", ""category"": ""restaurant"", ""distance_m"": 413.6}, {""name"": ""AGIL"", ""category"": ""other"", ""distance_m"": 436.7}, {""name"": ""ERRAHBA"", ""category"": ""other"", ""distance_m"": 437.2}, {""name"": ""Habib Honda"", ""category"": ""restaurant"", ""distance_m"": 478.3}, {""name"": ""BAB JEDID"", ""category"": ""other"", ""distance_m"": 494.1}, {""name"": ""Café Misk Ellil"", ""category"": ""restaurant"", ""distance_m"": 502.2}, {""name"": ""CROISEMENT ESSAIED"", ""category"": ""other"", ""distance_m"": 537.5}]","2026-03-26 16:38:52"
"36.4139","10.614","750","[{""name"": ""Épicerie Abdesslam Souissi"", ""category"": ""shopping"", ""distance_m"": 608.4}, {""name"": ""Pharmacie Nouha El Korbi EP Saihi"", ""category"": ""hospital"", ""distance_m"": 691.4}, {""name"": ""Brasero"", ""category"": ""restaurant"", ""distance_m"": 705.7}, {""name"": ""الحمامات"", ""category"": ""other"", ""distance_m"": 728.6}, {""name"": ""Cityfood"", ""category"": ""restaurant"", ""distance_m"": 739.4}]","2026-03-26 16:43:18"
"36.4072","10.6043","750","[{""name"": ""Restaurant La Luna"", ""category"": ""restaurant"", ""distance_m"": 143.0}, {""name"": ""Ô'PUB"", ""category"": ""restaurant"", ""distance_m"": 161.4}, {""name"": ""Big Ben Café"", ""category"": ""restaurant"", ""distance_m"": 163.2}, {""name"": ""Ness Cute"", ""category"": ""restaurant"", ""distance_m"": 168.8}, {""name"": ""Hamroun Meubles & Electro"", ""category"": ""shopping"", ""distance_m"": 182.5}, {""name"": ""Café Billard Frizooo"", ""category"": ""restaurant"", ""distance_m"": 185.8}, {""name"": ""Vintage Coffee"", ""category"": ""restaurant"", ""distance_m"": 190.8}, {""name"": ""Dream Coffee"", ""category"": ""restaurant"", ""distance_m"": 194.6}, {""name"": ""Superette Khaled"", ""category"": ""shopping"", ""distance_m"": 210.9}, {""name"": ""Monoprix"", ""category"": ""shopping"", ""distance_m"": 212.5}]","2026-03-26 16:44:28"
"36.4219","10.6546","750","[{""name"": ""Superette Romene"", ""category"": ""shopping"", ""distance_m"": 482.0}, {""name"": ""Café Ezzitouna"", ""category"": ""restaurant"", ""distance_m"": 493.4}, {""name"": ""Pharmacie Derbel"", ""category"": ""hospital"", ""distance_m"": 503.5}, {""name"": ""Pizzeria EROSARIA"", ""category"": ""restaurant"", ""distance_m"": 511.7}, {""name"": ""Carpet City"", ""category"": ""shopping"", ""distance_m"": 570.4}, {""name"": ""Café Caramel"", ""category"": ""restaurant"", ""distance_m"": 724.4}, {""name"": ""Pharmacie BOUAOUINA Mohamed Aymen"", ""category"": ""hospital"", ""distance_m"": 734.1}, {""name"": ""Café Touati"", ""category"": ""restaurant"", ""distance_m"": 744.1}]","2026-03-26 16:44:49"
"36.411","10.6126","750","[{""name"": ""Pharmacie Nouha El Korbi EP Saihi"", ""category"": ""hospital"", ""distance_m"": 355.8}, {""name"": ""Brasero"", ""category"": ""restaurant"", ""distance_m"": 360.0}, {""name"": ""Cityfood"", ""category"": ""restaurant"", ""distance_m"": 395.0}, {""name"": ""الحمامات"", ""category"": ""other"", ""distance_m"": 397.9}, {""name"": ""La Madeleine"", ""category"": ""shopping"", ""distance_m"": 410.8}, {""name"": ""Mamino Cheese Mammi Douja"", ""category"": ""restaurant"", ""distance_m"": 444.5}, {""name"": ""Épicerie Abdesslam Souissi"", ""category"": ""shopping"", ""distance_m"": 444.7}, {""name"": ""صيدلية الليل"", ""category"": ""hospital"", ""distance_m"": 455.2}, {""name"": ""Sandwich Royal"", ""category"": ""restaurant"", ""distance_m"": 458.9}, {""name"": ""Bohemian Café"", ""category"": ""restaurant"", ""distance_m"": 469.3}]","2026-03-26 16:45:44"
"36.8197","10.2936","750","[{""name"": ""م.س 33"", ""category"": ""other"", ""distance_m"": 500.6}, {""name"": ""البكالوريا"", ""category"": ""other"", ""distance_m"": 616.8}, {""name"": ""البكالوريا"", ""category"": ""other"", ""distance_m"": 618.4}, {""name"": ""البطاح"", ""category"": ""transport"", ""distance_m"": 618.5}, {""name"": ""البطاح"", ""category"": ""other"", ""distance_m"": 619.9}, {""name"": ""مقهى إسطنبول"", ""category"": ""restaurant"", ""distance_m"": 711.5}, {""name"": ""لا سبيغولا"", ""category"": ""restaurant"", ""distance_m"": 742.1}, {""name"": ""École Préparatoire Technique"", ""category"": ""school"", ""distance_m"": 742.8}, {""name"": ""حلق الوادي"", ""category"": ""other"", ""distance_m"": 758.6}, {""name"": ""حلق الوادي"", ""category"": ""other"", ""distance_m"": 758.6}]","2026-03-26 16:46:15"
"36.435","10.6735","750","[{""name"": ""المستشفى الجامعي محمد الطاهر المعموري بنابل"", ""category"": ""hospital"", ""distance_m"": 290.2}, {""name"": ""المعهد العالي للدراسات التكنولوجية بنابل"", ""category"": ""school"", ""distance_m"": 378.8}, {""name"": ""Café Tulipe"", ""category"": ""restaurant"", ""distance_m"": 400.3}, {""name"": ""Jardin Campus Mrezga"", ""category"": ""leisure"", ""distance_m"": 477.7}, {""name"": ""University restaurant Alemrazkh Nabeul"", ""category"": ""restaurant"", ""distance_m"": 538.7}, {""name"": ""المعهد التحضيري للدراسات الهندسية بنابل"", ""category"": ""school"", ""distance_m"": 619.5}, {""name"": ""Café Granada"", ""category"": ""restaurant"", ""distance_m"": 729.9}, {""name"": ""Restaurant Delfino"", ""category"": ""restaurant"", ""distance_m"": 746.1}]","2026-03-26 16:46:30"
"36.4325","10.6853","750","[{""name"": ""Rizzo Café"", ""category"": ""restaurant"", ""distance_m"": 57.4}, {""name"": ""L'Erudit École Primaire et préscolaire privé"", ""category"": ""school"", ""distance_m"": 220.1}, {""name"": ""Le Grand Café"", ""category"": ""restaurant"", ""distance_m"": 220.3}, {""name"": ""انور ماركت"", ""category"": ""shopping"", ""distance_m"": 230.2}, {""name"": ""Pianino"", ""category"": ""restaurant"", ""distance_m"": 242.1}, {""name"": ""Salon de thé Miami"", ""category"": ""restaurant"", ""distance_m"": 243.5}, {""name"": ""Taipei 101 drink & food"", ""category"": ""restaurant"", ""distance_m"": 333.4}, {""name"": ""مصحة البنفسج"", ""category"": ""hospital"", ""distance_m"": 334.2}, {""name"": ""Faculté des Beaux arts"", ""category"": ""school"", ""distance_m"": 401.6}, {""name"": ""Bab Bhar"", ""category"": ""restaurant"", ""distance_m"": 407.2}]","2026-03-26 16:47:12"
"36.4154","10.6532","750","[{""name"": ""Pharmacie BOUAOUINA Mohamed Aymen"", ""category"": ""hospital"", ""distance_m"": 23.1}, {""name"": ""Café Caramel"", ""category"": ""restaurant"", ""distance_m"": 55.9}, {""name"": ""Café Touati"", ""category"": ""restaurant"", ""distance_m"": 70.1}, {""name"": ""كارفور ماركت"", ""category"": ""shopping"", ""distance_m"": 159.9}, {""name"": ""Café KHARROUBA"", ""category"": ""restaurant"", ""distance_m"": 187.1}, {""name"": ""Carpet City"", ""category"": ""shopping"", ""distance_m"": 238.5}, {""name"": ""Pizzeria EROSARIA"", ""category"": ""restaurant"", ""distance_m"": 371.0}, {""name"": ""Pharmacie Derbel"", ""category"": ""hospital"", ""distance_m"": 395.9}, {""name"": ""Café Ezzitouna"", ""category"": ""restaurant"", ""distance_m"": 430.1}, {""name"": ""Superette Romene"", ""category"": ""shopping"", ""distance_m"": 509.9}]","2026-03-26 16:47:32"
"36.4205","10.6644","750","[{""name"": ""Restaurant l'Aragosta"", ""category"": ""restaurant"", ""distance_m"": 173.2}, {""name"": ""Café Net"", ""category"": ""restaurant"", ""distance_m"": 182.4}, {""name"": ""Panorama"", ""category"": ""restaurant"", ""distance_m"": 209.8}, {""name"": ""Traviata"", ""category"": ""restaurant"", ""distance_m"": 228.8}, {""name"": ""Le Mistral"", ""category"": ""restaurant"", ""distance_m"": 262.3}, {""name"": ""Restaurant Orangina"", ""category"": ""restaurant"", ""distance_m"": 287.5}, {""name"": ""Alia Café"", ""category"": ""restaurant"", ""distance_m"": 316.6}, {""name"": ""Cafe Madera"", ""category"": ""restaurant"", ""distance_m"": 329.4}, {""name"": ""Hotels Omar Khayam & Dar Khayam"", ""category"": ""leisure"", ""distance_m"": 365.1}, {""name"": ""عمر الخيام"", ""category"": ""other"", ""distance_m"": 409.1}]","2026-03-26 16:48:07"
"36.3993","10.5699","750","[{""name"": ""Hammamet Garden Resort & Spa"", ""category"": ""leisure"", ""distance_m"": 207.4}, {""name"": ""Regency Beach Hotel"", ""category"": ""leisure"", ""distance_m"": 219.3}, {""name"": ""Club El Bousten"", ""category"": ""leisure"", ""distance_m"": 229.0}, {""name"": ""Steigenberger Marhaba Thalasso"", ""category"": ""leisure"", ""distance_m"": 296.9}, {""name"": ""Hotel Byblos"", ""category"": ""leisure"", ""distance_m"": 304.5}, {""name"": ""El Guitoune"", ""category"": ""restaurant"", ""distance_m"": 360.2}, {""name"": ""Le Trident Beach"", ""category"": ""restaurant"", ""distance_m"": 374.1}, {""name"": ""Restaurant Bedwina"", ""category"": ""restaurant"", ""distance_m"": 400.9}, {""name"": ""Phenicia Hotel"", ""category"": ""leisure"", ""distance_m"": 404.7}, {""name"": ""Condor"", ""category"": ""restaurant"", ""distance_m"": 414.1}]","2026-03-26 16:48:38"
"36.4004","10.565","750","[{""name"": ""Dar Zina"", ""category"": ""restaurant"", ""distance_m"": 67.1}, {""name"": ""The Grill House"", ""category"": ""restaurant"", ""distance_m"": 78.1}, {""name"": ""Restaurant Bedwina"", ""category"": ""restaurant"", ""distance_m"": 105.4}, {""name"": ""Hammamet Serail"", ""category"": ""leisure"", ""distance_m"": 150.3}, {""name"": ""Hotel Byblos"", ""category"": ""leisure"", ""distance_m"": 219.5}, {""name"": ""Miranda"", ""category"": ""shopping"", ""distance_m"": 227.1}, {""name"": ""Street Tacos"", ""category"": ""restaurant"", ""distance_m"": 264.5}, {""name"": ""Hôtel Bel Air Hammamet"", ""category"": ""leisure"", ""distance_m"": 266.2}, {""name"": ""Hammamet Garden Resort & Spa"", ""category"": ""leisure"", ""distance_m"": 268.7}, {""name"": ""Condor"", ""category"": ""restaurant"", ""distance_m"": 322.1}]","2026-03-26 16:49:17"
"36.4038","10.6324","750","[{""name"": ""انور ماركت"", ""category"": ""shopping"", ""distance_m"": 182.4}, {""name"": ""الانوار ماركت ابو ظبي"", ""category"": ""shopping"", ""distance_m"": 187.9}, {""name"": ""Romène Shopping Center"", ""category"": ""shopping"", ""distance_m"": 204.0}, {""name"": ""Batam"", ""category"": ""shopping"", ""distance_m"": 255.2}, {""name"": ""Black and White"", ""category"": ""restaurant"", ""distance_m"": 299.2}, {""name"": ""Pharmacie Hedi Ayed"", ""category"": ""hospital"", ""distance_m"": 305.9}, {""name"": ""Café Prestige"", ""category"": ""restaurant"", ""distance_m"": 316.7}, {""name"": ""Le Sultan"", ""category"": ""restaurant"", ""distance_m"": 325.2}, {""name"": ""Woods coffee"", ""category"": ""restaurant"", ""distance_m"": 356.0}, {""name"": ""Collège Hédi Ouali"", ""category"": ""school"", ""distance_m"": 357.3}]","2026-03-26 16:49:56"
"36.4072","10.5922","750","[{""name"": ""Polyclinique Hammamet"", ""category"": ""hospital"", ""distance_m"": 150.0}, {""name"": ""Churros By Zicos"", ""category"": ""restaurant"", ""distance_m"": 163.0}, {""name"": ""Zum Alten Fritz"", ""category"": ""restaurant"", ""distance_m"": 170.9}, {""name"": ""La Palma"", ""category"": ""restaurant"", ""distance_m"": 205.4}, {""name"": ""Dar Sébastien, Centre culturel international de Hammamet"", ""category"": ""leisure"", ""distance_m"": 485.1}, {""name"": ""Dar Kaïs"", ""category"": ""restaurant"", ""distance_m"": 540.4}, {""name"": ""The Famous"", ""category"": ""restaurant"", ""distance_m"": 581.9}, {""name"": ""Hôtel Sindbad"", ""category"": ""leisure"", ""distance_m"": 599.6}, {""name"": ""Pause Cafe My Coffe"", ""category"": ""restaurant"", ""distance_m"": 629.3}, {""name"": ""Delphino Hammamet"", ""category"": ""shopping"", ""distance_m"": 638.3}]","2026-03-26 16:50:04"
"36.4146","10.653","750","[{""name"": ""Pharmacie BOUAOUINA Mohamed Aymen"", ""category"": ""hospital"", ""distance_m"": 92.8}, {""name"": ""Café Touati"", ""category"": ""restaurant"", ""distance_m"": 107.2}, {""name"": ""كارفور ماركت"", ""category"": ""shopping"", ""distance_m"": 113.4}, {""name"": ""Café Caramel"", ""category"": ""restaurant"", ""distance_m"": 114.6}, {""name"": ""Café KHARROUBA"", ""category"": ""restaurant"", ""distance_m"": 153.8}, {""name"": ""Carpet City"", ""category"": ""shopping"", ""distance_m"": 314.9}, {""name"": ""Pizzeria EROSARIA"", ""category"": ""restaurant"", ""distance_m"": 445.2}, {""name"": ""Pharmacie Derbel"", ""category"": ""hospital"", ""distance_m"": 469.9}, {""name"": ""Café Ezzitouna"", ""category"": ""restaurant"", ""distance_m"": 503.8}, {""name"": ""Le Miramar"", ""category"": ""restaurant"", ""distance_m"": 509.0}]","2026-03-26 16:50:16"
"36.408","10.5826","750","[{""name"": ""Ribat"", ""category"": ""restaurant"", ""distance_m"": 245.3}, {""name"": ""Chez Robert"", ""category"": ""restaurant"", ""distance_m"": 262.7}, {""name"": ""شوارما"", ""category"": ""restaurant"", ""distance_m"": 271.1}, {""name"": ""Pharmacie Hachem Kanoun"", ""category"": ""hospital"", ""distance_m"": 320.2}, {""name"": ""Panda Market"", ""category"": ""shopping"", ""distance_m"": 326.8}, {""name"": ""The Famous"", ""category"": ""restaurant"", ""distance_m"": 396.1}, {""name"": ""Delphino Hammamet"", ""category"": ""shopping"", ""distance_m"": 398.9}, {""name"": ""TIME OUT coffe shop"", ""category"": ""restaurant"", ""distance_m"": 458.0}, {""name"": ""La Bella Marina"", ""category"": ""restaurant"", ""distance_m"": 481.9}, {""name"": ""انور ماركت"", ""category"": ""shopping"", ""distance_m"": 526.7}]","2026-03-26 16:51:21"
"36.4104","10.5768","750","[{""name"": ""انور ماركت"", ""category"": ""shopping"", ""distance_m"": 503.3}, {""name"": ""TIME OUT coffe shop"", ""category"": ""restaurant"", ""distance_m"": 543.0}, {""name"": ""Pharmacie Hachem Kanoun"", ""category"": ""hospital"", ""distance_m"": 583.0}, {""name"": ""شوارما"", ""category"": ""restaurant"", ""distance_m"": 616.3}, {""name"": ""Ribat"", ""category"": ""restaurant"", ""distance_m"": 649.8}, {""name"": ""La Bella Marina"", ""category"": ""restaurant"", ""distance_m"": 668.7}]","2026-03-26 16:51:29"
"36.3882","10.5499","750","[{""name"": ""Thalassa Shalimar Hotel"", ""category"": ""leisure"", ""distance_m"": 259.8}, {""name"": ""Café de l'OM Hammamet Sud"", ""category"": ""restaurant"", ""distance_m"": 383.9}, {""name"": ""Hôtel Mirage Beach Club"", ""category"": ""leisure"", ""distance_m"": 447.3}, {""name"": ""TUI SENSIMAR OCEANA RESORT AND SPA"", ""category"": ""leisure"", ""distance_m"": 456.1}, {""name"": ""Café Echarg"", ""category"": ""restaurant"", ""distance_m"": 485.3}, {""name"": ""Hôtel Eldorador Salammbô en Menzels"", ""category"": ""leisure"", ""distance_m"": 526.9}, {""name"": ""Restaurant Orient"", ""category"": ""restaurant"", ""distance_m"": 527.3}, {""name"": ""Rovers Return"", ""category"": ""restaurant"", ""distance_m"": 563.8}, {""name"": ""Pool bar"", ""category"": ""restaurant"", ""distance_m"": 577.4}, {""name"": ""Restaurant El Andalous"", ""category"": ""restaurant"", ""distance_m"": 619.5}]","2026-03-26 16:52:16"
"36.6833","10.5833","750","[{""name"": ""Pharmacie De Nuit"", ""category"": ""hospital"", ""distance_m"": 88.2}, {""name"": ""MAHAAZIME PLUS"", ""category"": ""restaurant"", ""distance_m"": 329.6}, {""name"": ""Pharmacie OUN HAYTHAM"", ""category"": ""hospital"", ""distance_m"": 450.6}, {""name"": ""Superette NOURA"", ""category"": ""shopping"", ""distance_m"": 468.5}]","2026-03-26 18:11:17"
"36.8399","10.3035","750","[{""name"": ""معرض الكرم"", ""category"": ""other"", ""distance_m"": 236.6}, {""name"": ""5 ديسمبر 1"", ""category"": ""other"", ""distance_m"": 322.0}, {""name"": ""Lycée technique Le Kram"", ""category"": ""school"", ""distance_m"": 361.1}, {""name"": ""Collège Sidi Amor"", ""category"": ""school"", ""distance_m"": 527.3}, {""name"": ""École Primaire Lokman Hakim"", ""category"": ""school"", ""distance_m"": 555.6}, {""name"": ""Chantier Kamel"", ""category"": ""restaurant"", ""distance_m"": 645.7}]","2026-03-26 20:48:16"
"36.4194","10.6532","750","[{""name"": ""Carpet City"", ""category"": ""shopping"", ""distance_m"": 341.7}, {""name"": ""Pizzeria EROSARIA"", ""category"": ""restaurant"", ""distance_m"": 353.2}, {""name"": ""Pharmacie Derbel"", ""category"": ""hospital"", ""distance_m"": 360.5}, {""name"": ""Café Ezzitouna"", ""category"": ""restaurant"", ""distance_m"": 372.5}, {""name"": ""Superette Romene"", ""category"": ""shopping"", ""distance_m"": 412.9}, {""name"": ""Café Caramel"", ""category"": ""restaurant"", ""distance_m"": 427.5}, {""name"": ""Pharmacie BOUAOUINA Mohamed Aymen"", ""category"": ""hospital"", ""distance_m"": 441.7}, {""name"": ""Café Touati"", ""category"": ""restaurant"", ""distance_m"": 445.6}, {""name"": ""Café KHARROUBA"", ""category"": ""restaurant"", ""distance_m"": 547.8}, {""name"": ""كارفور ماركت"", ""category"": ""shopping"", ""distance_m"": 552.0}]","2026-03-26 22:42:24"
"36.4076","10.6043","750","[{""name"": ""Restaurant La Luna"", ""category"": ""restaurant"", ""distance_m"": 186.2}, {""name"": ""Vintage Coffee"", ""category"": ""restaurant"", ""distance_m"": 187.6}, {""name"": ""Dream Coffee"", ""category"": ""restaurant"", ""distance_m"": 201.8}, {""name"": ""Ô'PUB"", ""category"": ""restaurant"", ""distance_m"": 204.4}, {""name"": ""Big Ben Café"", ""category"": ""restaurant"", ""distance_m"": 205.7}, {""name"": ""Rose Salée"", ""category"": ""restaurant"", ""distance_m"": 206.7}, {""name"": ""Hamroun Meubles & Electro"", ""category"": ""shopping"", ""distance_m"": 209.7}, {""name"": ""Ness Cute"", ""category"": ""restaurant"", ""distance_m"": 210.5}, {""name"": ""Café Billard Frizooo"", ""category"": ""restaurant"", ""distance_m"": 220.0}, {""name"": ""Monoprix"", ""category"": ""shopping"", ""distance_m"": 239.4}]","2026-03-26 22:42:36"
"36.4031","10.6265","750","[{""name"": ""Pescheria Dy Golfe"", ""category"": ""shopping"", ""distance_m"": 38.9}, {""name"": ""Restaurant Time Out"", ""category"": ""restaurant"", ""distance_m"": 42.6}, {""name"": ""Pharmacie El Fekih"", ""category"": ""hospital"", ""distance_m"": 66.0}, {""name"": ""Pharmacie Drira"", ""category"": ""hospital"", ""distance_m"": 107.1}, {""name"": ""Street Coffee"", ""category"": ""restaurant"", ""distance_m"": 107.2}, {""name"": ""الأنوار"", ""category"": ""shopping"", ""distance_m"": 133.5}, {""name"": ""Bita Coffee"", ""category"": ""restaurant"", ""distance_m"": 150.4}, {""name"": ""Espace Les Romains"", ""category"": ""restaurant"", ""distance_m"": 151.1}, {""name"": ""TOPARAPHARM"", ""category"": ""hospital"", ""distance_m"": 174.3}, {""name"": ""Epicerie Ali Haouel"", ""category"": ""shopping"", ""distance_m"": 186.3}]","2026-03-26 22:43:23"
"36.4067","10.5777","750","[{""name"": ""انور ماركت"", ""category"": ""shopping"", ""distance_m"": 95.6}, {""name"": ""TIME OUT coffe shop"", ""category"": ""restaurant"", ""distance_m"": 128.0}, {""name"": ""Pharmacie Hachem Kanoun"", ""category"": ""hospital"", ""distance_m"": 236.4}, {""name"": ""La Bella Marina"", ""category"": ""restaurant"", ""distance_m"": 257.9}, {""name"": ""شوارما"", ""category"": ""restaurant"", ""distance_m"": 300.4}, {""name"": ""Ribat"", ""category"": ""restaurant"", ""distance_m"": 352.5}, {""name"": ""Salon De Thé Queen"", ""category"": ""restaurant"", ""distance_m"": 371.4}, {""name"": ""Chez Robert"", ""category"": ""restaurant"", ""distance_m"": 510.8}, {""name"": ""Germaine Café Restaurant"", ""category"": ""restaurant"", ""distance_m"": 566.0}, {""name"": ""Restaurant Casa nostra"", ""category"": ""restaurant"", ""distance_m"": 569.5}]","2026-03-26 22:43:44"
"36.4016","10.6065","750","[{""name"": ""Resto Tweety"", ""category"": ""restaurant"", ""distance_m"": 179.7}, {""name"": ""Café Moussa"", ""category"": ""restaurant"", ""distance_m"": 227.1}, {""name"": ""Barbecues Le Pirate"", ""category"": ""restaurant"", ""distance_m"": 234.4}, {""name"": ""Negozio Gusto Italia"", ""category"": ""restaurant"", ""distance_m"": 447.9}, {""name"": ""Espace Yasmina"", ""category"": ""leisure"", ""distance_m"": 449.0}, {""name"": ""Peace & Love Beach La Paix"", ""category"": ""restaurant"", ""distance_m"": 454.7}, {""name"": ""Mc Dyl'"", ""category"": ""restaurant"", ""distance_m"": 455.3}, {""name"": ""Pharmacie Mami Koubakji"", ""category"": ""hospital"", ""distance_m"": 463.8}, {""name"": ""Fazoli's"", ""category"": ""restaurant"", ""distance_m"": 466.1}, {""name"": ""Supérette Fatima"", ""category"": ""shopping"", ""distance_m"": 473.6}]","2026-03-26 22:43:52"
"36.3971","10.617","750","[{""name"": ""عطار"", ""category"": ""shopping"", ""distance_m"": 53.9}, {""name"": ""Pizzeria L'acquolina In Bocca"", ""category"": ""restaurant"", ""distance_m"": 167.2}, {""name"": ""Le Petit Pêcheur 2 Hammamet"", ""category"": ""restaurant"", ""distance_m"": 168.5}, {""name"": ""عطار"", ""category"": ""shopping"", ""distance_m"": 170.0}, {""name"": ""l'Escale Hammamet"", ""category"": ""restaurant"", ""distance_m"": 178.8}, {""name"": ""Movida Club Ristorante"", ""category"": ""restaurant"", ""distance_m"": 182.3}, {""name"": ""Bridge Café"", ""category"": ""restaurant"", ""distance_m"": 188.8}, {""name"": ""Twenty Six Coffee"", ""category"": ""restaurant"", ""distance_m"": 189.3}, {""name"": ""pharmacie djedidi"", ""category"": ""hospital"", ""distance_m"": 189.9}, {""name"": ""Paradise"", ""category"": ""restaurant"", ""distance_m"": 190.1}]","2026-03-26 22:44:59"
"36.4044","10.5867","750","[{""name"": ""Delphino Hammamet"", ""category"": ""shopping"", ""distance_m"": 145.2}, {""name"": ""The Famous"", ""category"": ""restaurant"", ""distance_m"": 157.9}, {""name"": ""Dar Sébastien, Centre culturel international de Hammamet"", ""category"": ""leisure"", ""distance_m"": 194.3}, {""name"": ""Panda Market"", ""category"": ""shopping"", ""distance_m"": 225.6}, {""name"": ""Dar Kaïs"", ""category"": ""restaurant"", ""distance_m"": 308.7}, {""name"": ""Chez Robert"", ""category"": ""restaurant"", ""distance_m"": 339.2}, {""name"": ""المطعم الإيطالي دا فرانكو"", ""category"": ""restaurant"", ""distance_m"": 341.7}, {""name"": ""La Palma"", ""category"": ""restaurant"", ""distance_m"": 409.0}, {""name"": ""El Dorado"", ""category"": ""restaurant"", ""distance_m"": 450.6}, {""name"": ""Polyclinique Hammamet"", ""category"": ""hospital"", ""distance_m"": 465.4}]","2026-03-26 22:45:15"
"36.3945","10.554","750","[{""name"": ""Papaya Beach"", ""category"": ""restaurant"", ""distance_m"": 249.4}, {""name"": ""Caribbean World Hammamet Village"", ""category"": ""leisure"", ""distance_m"": 293.3}, {""name"": ""Hôtel Nesrine"", ""category"": ""leisure"", ""distance_m"": 399.5}, {""name"": ""Hôtel Menara"", ""category"": ""leisure"", ""distance_m"": 416.2}, {""name"": ""Espace Relax"", ""category"": ""restaurant"", ""distance_m"": 455.7}, {""name"": ""Les Jardins Du Nero"", ""category"": ""restaurant"", ""distance_m"": 474.8}, {""name"": ""Pain D'or"", ""category"": ""shopping"", ""distance_m"": 502.5}, {""name"": ""Rovers Return"", ""category"": ""restaurant"", ""distance_m"": 559.1}, {""name"": ""Dar l'Etoile"", ""category"": ""leisure"", ""distance_m"": 608.3}, {""name"": ""The Sixty Eight"", ""category"": ""restaurant"", ""distance_m"": 622.1}]","2026-03-26 22:46:55"
"36.4067","10.5772","750","[{""name"": ""انور ماركت"", ""category"": ""shopping"", ""distance_m"": 90.4}, {""name"": ""TIME OUT coffe shop"", ""category"": ""restaurant"", ""distance_m"": 154.1}, {""name"": ""Pharmacie Hachem Kanoun"", ""category"": ""hospital"", ""distance_m"": 278.3}, {""name"": ""La Bella Marina"", ""category"": ""restaurant"", ""distance_m"": 282.8}, {""name"": ""شوارما"", ""category"": ""restaurant"", ""distance_m"": 343.7}, {""name"": ""Salon De Thé Queen"", ""category"": ""restaurant"", ""distance_m"": 394.4}, {""name"": ""Ribat"", ""category"": ""restaurant"", ""distance_m"": 396.2}, {""name"": ""Cafe Phenicia"", ""category"": ""restaurant"", ""distance_m"": 533.6}, {""name"": ""Chez Robert"", ""category"": ""restaurant"", ""distance_m"": 554.5}, {""name"": ""Amigos Food"", ""category"": ""restaurant"", ""distance_m"": 573.0}]","2026-03-26 22:48:41"
"36.4212","10.6556","750","[{""name"": ""Superette Romene"", ""category"": ""shopping"", ""distance_m"": 368.7}, {""name"": ""Café Ezzitouna"", ""category"": ""restaurant"", ""distance_m"": 388.4}, {""name"": ""Pharmacie Derbel"", ""category"": ""hospital"", ""distance_m"": 402.7}, {""name"": ""Pizzeria EROSARIA"", ""category"": ""restaurant"", ""distance_m"": 414.2}, {""name"": ""Carpet City"", ""category"": ""shopping"", ""distance_m"": 491.0}, {""name"": ""Café Caramel"", ""category"": ""restaurant"", ""distance_m"": 679.1}, {""name"": ""Pharmacie BOUAOUINA Mohamed Aymen"", ""category"": ""hospital"", ""distance_m"": 683.8}, {""name"": ""Café Touati"", ""category"": ""restaurant"", ""distance_m"": 700.7}]","2026-03-26 22:49:24"
"36.3997","10.566","750","[{""name"": ""Hotel Byblos"", ""category"": ""leisure"", ""distance_m"": 104.8}, {""name"": ""Restaurant Bedwina"", ""category"": ""restaurant"", ""distance_m"": 142.1}, {""name"": ""The Grill House"", ""category"": ""restaurant"", ""distance_m"": 170.5}, {""name"": ""Dar Zina"", ""category"": ""restaurant"", ""distance_m"": 180.9}, {""name"": ""Hammamet Serail"", ""category"": ""leisure"", ""distance_m"": 182.0}, {""name"": ""Hammamet Garden Resort & Spa"", ""category"": ""leisure"", ""distance_m"": 194.1}, {""name"": ""Hôtel Bel Air Hammamet"", ""category"": ""leisure"", ""distance_m"": 218.6}, {""name"": ""Miranda"", ""category"": ""shopping"", ""distance_m"": 258.6}, {""name"": ""Street Tacos"", ""category"": ""restaurant"", ""distance_m"": 289.0}, {""name"": ""El Guitoune"", ""category"": ""restaurant"", ""distance_m"": 325.7}]","2026-03-26 22:49:51"
"36.8333","10.0667","750","[{""name"": ""college 9 avril"", ""category"": ""school"", ""distance_m"": 798.5}, {""name"": ""college 9 avril"", ""category"": ""school"", ""distance_m"": 799.9}]","2026-03-26 22:53:06"
"36.775","10.1886","750","[{""name"": ""بيلا فيستا"", ""category"": ""restaurant"", ""distance_m"": 125.6}, {""name"": ""بال في"", ""category"": ""other"", ""distance_m"": 191.5}, {""name"": ""بال في خط 28"", ""category"": ""other"", ""distance_m"": 196.7}, {""name"": ""مطعم Nice View"", ""category"": ""restaurant"", ""distance_m"": 246.6}, {""name"": ""بال في"", ""category"": ""transport"", ""distance_m"": 247.5}, {""name"": ""Nesma"", ""category"": ""restaurant"", ""distance_m"": 248.3}, {""name"": ""بال في (نهاية خط 28)"", ""category"": ""transport"", ""distance_m"": 262.5}, {""name"": ""مقهى ليلى بيه"", ""category"": ""restaurant"", ""distance_m"": 262.9}, {""name"": ""École Primaire el Kharouba"", ""category"": ""school"", ""distance_m"": 334.5}, {""name"": ""Collège Essawsen el Ahmer"", ""category"": ""school"", ""distance_m"": 336.7}]","2026-03-26 22:54:32"
"36.7833","9.95","750","[{""name"": ""مدخل البساتين (ذهاب)"", ""category"": ""other"", ""distance_m"": 218.1}, {""name"": ""مدخل البساتين (إياب)"", ""category"": ""other"", ""distance_m"": 235.5}, {""name"": ""علي بن مبارك (ذهاب)"", ""category"": ""other"", ""distance_m"": 257.5}, {""name"": ""علي بن مبارك (إياب)"", ""category"": ""other"", ""distance_m"": 267.6}, {""name"": ""حي المباني (إياب)"", ""category"": ""other"", ""distance_m"": 651.4}, {""name"": ""حي المباني (ذهاب)"", ""category"": ""other"", ""distance_m"": 662.2}, {""name"": ""كشباطي (ذهاب)"", ""category"": ""other"", ""distance_m"": 704.0}, {""name"": ""كشباطي (إياب)"", ""category"": ""other"", ""distance_m"": 713.2}]","2026-03-26 23:06:26"
"36.8167","9.85","750","[{""name"": ""حي الرمال"", ""category"": ""other"", ""distance_m"": 745.8}]","2026-03-26 23:26:13"
"32.9297","10.4514","750","[{""name"": ""المدرسة الإبتدائية قرطبة"", ""category"": ""school"", ""distance_m"": 71.9}, {""name"": ""auto-école"", ""category"": ""other"", ""distance_m"": 80.9}, {""name"": ""café"", ""category"": ""restaurant"", ""distance_m"": 87.6}, {""name"": ""latinos"", ""category"": ""restaurant"", ""distance_m"": 101.3}, {""name"": ""الدكتور عمر الخرشاني"", ""category"": ""hospital"", ""distance_m"": 105.9}, {""name"": ""مغازة المرجان"", ""category"": ""shopping"", ""distance_m"": 106.1}, {""name"": ""المدرسة الإبتدائية الطيب المهيري"", ""category"": ""school"", ""distance_m"": 106.1}, {""name"": ""مفاتيح"", ""category"": ""shopping"", ""distance_m"": 123.8}, {""name"": ""multitech2"", ""category"": ""shopping"", ""distance_m"": 128.9}, {""name"": ""طبيب عيون"", ""category"": ""hospital"", ""distance_m"": 129.4}]","2026-03-26 23:31:20"
"36.55","10.55","750","[]","2026-03-27 00:36:17"
"36.4223","10.6508","750","[{""name"": ""Pizzeria EROSARIA"", ""category"": ""restaurant"", ""distance_m"": 729.1}, {""name"": ""Carpet City"", ""category"": ""shopping"", ""distance_m"": 729.1}, {""name"": ""Pharmacie Derbel"", ""category"": ""hospital"", ""distance_m"": 731.5}, {""name"": ""Café Ezzitouna"", ""category"": ""restaurant"", ""distance_m"": 735.5}]","2026-03-27 10:24:25"
"36.4232","10.6663","750","[{""name"": ""Le Coq Rouge"", ""category"": ""restaurant"", ""distance_m"": 92.5}, {""name"": ""عمر الخيام"", ""category"": ""other"", ""distance_m"": 103.6}, {""name"": ""Omar Khayem"", ""category"": ""other"", ""distance_m"": 198.4}, {""name"": ""Cafe Madera"", ""category"": ""restaurant"", ""distance_m"": 251.4}, {""name"": ""Alia Café"", ""category"": ""restaurant"", ""distance_m"": 313.9}, {""name"": ""Restaurant Orangina"", ""category"": ""restaurant"", ""distance_m"": 343.0}, {""name"": ""Le Mistral"", ""category"": ""restaurant"", ""distance_m"": 395.4}, {""name"": ""Hotels Omar Khayam & Dar Khayam"", ""category"": ""leisure"", ""distance_m"": 433.7}, {""name"": ""Restaurant l'Aragosta"", ""category"": ""restaurant"", ""distance_m"": 463.0}, {""name"": ""Pharmacie Al-Yamama"", ""category"": ""hospital"", ""distance_m"": 469.0}]","2026-03-27 10:26:44"
"36.406","10.5878","750","[{""name"": ""The Famous"", ""category"": ""restaurant"", ""distance_m"": 167.0}, {""name"": ""Delphino Hammamet"", ""category"": ""shopping"", ""distance_m"": 222.7}, {""name"": ""Dar Sébastien, Centre culturel international de Hammamet"", ""category"": ""leisure"", ""distance_m"": 255.6}, {""name"": ""Panda Market"", ""category"": ""shopping"", ""distance_m"": 288.0}, {""name"": ""La Palma"", ""category"": ""restaurant"", ""distance_m"": 290.5}, {""name"": ""Polyclinique Hammamet"", ""category"": ""hospital"", ""distance_m"": 333.2}, {""name"": ""Dar Kaïs"", ""category"": ""restaurant"", ""distance_m"": 385.2}, {""name"": ""Chez Robert"", ""category"": ""restaurant"", ""distance_m"": 406.7}, {""name"": ""Churros By Zicos"", ""category"": ""restaurant"", ""distance_m"": 409.8}, {""name"": ""Zum Alten Fritz"", ""category"": ""restaurant"", ""distance_m"": 454.5}]","2026-03-27 10:28:41"
"36.4107","10.5738","750","[{""name"": ""انور ماركت"", ""category"": ""shopping"", ""distance_m"": 620.8}, {""name"": ""Cafe Phenicia"", ""category"": ""restaurant"", ""distance_m"": 689.2}, {""name"": ""TIME OUT coffe shop"", ""category"": ""restaurant"", ""distance_m"": 691.7}, {""name"": ""Café Ciambo"", ""category"": ""restaurant"", ""distance_m"": 702.1}, {""name"": ""Amigos Food"", ""category"": ""restaurant"", ""distance_m"": 715.3}, {""name"": ""El Mawel"", ""category"": ""restaurant"", ""distance_m"": 724.8}, {""name"": ""Castella"", ""category"": ""restaurant"", ""distance_m"": 738.5}]","2026-03-27 10:28:53"
"36.4113","10.5599","750","[{""name"": ""لواج تونس العاصمة"", ""category"": ""transport"", ""distance_m"": 391.3}, {""name"": ""Café L'Horizon"", ""category"": ""restaurant"", ""distance_m"": 477.8}, {""name"": ""La Mamma"", ""category"": ""restaurant"", ""distance_m"": 503.8}, {""name"": ""Pharmacie Naâss"", ""category"": ""hospital"", ""distance_m"": 517.1}, {""name"": ""Restaurant Bayrout"", ""category"": ""restaurant"", ""distance_m"": 559.3}, {""name"": ""Café Erriadh"", ""category"": ""restaurant"", ""distance_m"": 653.8}, {""name"": ""3F Pizza"", ""category"": ""restaurant"", ""distance_m"": 685.5}, {""name"": ""Pharmacie Selima Souissi"", ""category"": ""hospital"", ""distance_m"": 716.1}, {""name"": ""Delizia"", ""category"": ""restaurant"", ""distance_m"": 732.7}, {""name"": ""B. ESSAHEL"", ""category"": ""other"", ""distance_m"": 741.6}]","2026-03-27 10:29:44"
"34.8183","10.7469","750","[{""name"": ""المدرسة الإبتدائية الوادي"", ""category"": ""school"", ""distance_m"": 253.9}, {""name"": ""Wzini"", ""category"": ""other"", ""distance_m"": 287.4}, {""name"": ""كسكاس"", ""category"": ""other"", ""distance_m"": 412.3}, {""name"": ""عبيدة"", ""category"": ""other"", ""distance_m"": 598.7}, {""name"": ""المزود"", ""category"": ""other"", ""distance_m"": 627.1}, {""name"": ""Hey ons1"", ""category"": ""other"", ""distance_m"": 747.8}]","2026-03-27 10:37:25"
"36.6715","10.258","750","[{""name"": ""التعاونية"", ""category"": ""other"", ""distance_m"": 750.0}]","2026-03-27 10:40:35"
"34.7406","10.76","750","[{""name"": ""صفاقس 2000"", ""category"": ""shopping"", ""distance_m"": 45.3}, {""name"": ""Espace Er-Ribat"", ""category"": ""restaurant"", ""distance_m"": 71.0}, {""name"": ""مونوبري"", ""category"": ""shopping"", ""distance_m"": 77.7}, {""name"": ""سيدي منصور"", ""category"": ""other"", ""distance_m"": 104.4}, {""name"": ""مصحة الزيتونة"", ""category"": ""hospital"", ""distance_m"": 106.4}, {""name"": ""السلطنية"", ""category"": ""other"", ""distance_m"": 114.8}, {""name"": ""مطعم الزيتونة"", ""category"": ""restaurant"", ""distance_m"": 156.4}, {""name"": ""Station El Karia"", ""category"": ""transport"", ""distance_m"": 160.7}, {""name"": ""ساقية الدائر"", ""category"": ""other"", ""distance_m"": 185.2}, {""name"": ""القطب التكنولوجي"", ""category"": ""other"", ""distance_m"": 186.0}]","2026-03-27 11:15:11"
"37.2803","9.8205","750","[]","2026-03-27 11:15:39"
"36.4105","10.6369","750","[{""name"": ""Pharmacie Slaheddine Bouslama"", ""category"": ""hospital"", ""distance_m"": 339.7}, {""name"": ""Café Olivia"", ""category"": ""restaurant"", ""distance_m"": 431.9}, {""name"": ""Café Vert"", ""category"": ""restaurant"", ""distance_m"": 453.0}, {""name"": ""مخبزة النجاح"", ""category"": ""shopping"", ""distance_m"": 494.3}, {""name"": ""LE MINI GOLF, CHEZ DINO"", ""category"": ""restaurant"", ""distance_m"": 746.6}, {""name"": ""Hôtel Le Khalife"", ""category"": ""leisure"", ""distance_m"": 756.8}, {""name"": ""Hôtel Aziza Thalasso Golf"", ""category"": ""leisure"", ""distance_m"": 848.4}, {""name"": ""Hôtel Mediterranée Thalasso Golf"", ""category"": ""leisure"", ""distance_m"": 855.9}]","2026-03-27 14:16:00"
"36.4329","10.6753","750","[{""name"": ""المعهد العالي للدراسات التكنولوجية بنابل"", ""category"": ""school"", ""distance_m"": 450.3}, {""name"": ""Jardin Campus Mrezga"", ""category"": ""leisure"", ""distance_m"": 456.2}, {""name"": ""Café Granada"", ""category"": ""restaurant"", ""distance_m"": 458.8}, {""name"": ""Restaurant Delfino"", ""category"": ""restaurant"", ""distance_m"": 462.6}, {""name"": ""Pizzeria L'oasis"", ""category"": ""restaurant"", ""distance_m"": 492.6}, {""name"": ""Restaurant DAR Mna"", ""category"": ""restaurant"", ""distance_m"": 497.1}, {""name"": ""المستشفى الجامعي محمد الطاهر المعموري بنابل"", ""category"": ""hospital"", ""distance_m"": 523.2}, {""name"": ""Cesar"", ""category"": ""restaurant"", ""distance_m"": 523.5}, {""name"": ""Boulangerie française maison Longo"", ""category"": ""shopping"", ""distance_m"": 540.8}, {""name"": ""University restaurant Alemrazkh Nabeul"", ""category"": ""restaurant"", ""distance_m"": 546.0}]","2026-03-27 14:17:00"
"36.4236","10.666","750","[{""name"": ""Le Coq Rouge"", ""category"": ""restaurant"", ""distance_m"": 56.2}, {""name"": ""عمر الخيام"", ""category"": ""other"", ""distance_m"": 136.5}, {""name"": ""Omar Khayem"", ""category"": ""other"", ""distance_m"": 242.8}, {""name"": ""Cafe Madera"", ""category"": ""restaurant"", ""distance_m"": 303.2}, {""name"": ""Alia Café"", ""category"": ""restaurant"", ""distance_m"": 365.8}, {""name"": ""Restaurant Orangina"", ""category"": ""restaurant"", ""distance_m"": 394.1}, {""name"": ""Le Mistral"", ""category"": ""restaurant"", ""distance_m"": 444.6}, {""name"": ""Pharmacie Al-Yamama"", ""category"": ""hospital"", ""distance_m"": 461.1}, {""name"": ""Hotels Omar Khayam & Dar Khayam"", ""category"": ""leisure"", ""distance_m"": 485.4}, {""name"": ""Restaurant l'Aragosta"", ""category"": ""restaurant"", ""distance_m"": 502.6}]","2026-03-27 14:17:55"
"36.417","10.6529","750","[{""name"": ""Café Caramel"", ""category"": ""restaurant"", ""distance_m"": 159.5}, {""name"": ""Pharmacie BOUAOUINA Mohamed Aymen"", ""category"": ""hospital"", ""distance_m"": 174.3}, {""name"": ""Café Touati"", ""category"": ""restaurant"", ""distance_m"": 178.5}, {""name"": ""Carpet City"", ""category"": ""shopping"", ""distance_m"": 209.3}, {""name"": ""كارفور ماركت"", ""category"": ""shopping"", ""distance_m"": 288.8}, {""name"": ""Café KHARROUBA"", ""category"": ""restaurant"", ""distance_m"": 291.7}, {""name"": ""Pizzeria EROSARIA"", ""category"": ""restaurant"", ""distance_m"": 317.9}, {""name"": ""Pharmacie Derbel"", ""category"": ""hospital"", ""distance_m"": 340.0}, {""name"": ""Café Ezzitouna"", ""category"": ""restaurant"", ""distance_m"": 370.8}, {""name"": ""Superette Romene"", ""category"": ""shopping"", ""distance_m"": 445.6}]","2026-03-27 14:18:15"
"36.3746","10.5356","750","[{""name"": ""Hôtel Shell Beach"", ""category"": ""leisure"", ""distance_m"": 331.1}, {""name"": ""Hôtel Green Golf"", ""category"": ""leisure"", ""distance_m"": 355.2}, {""name"": ""Hôtel Chich Khan"", ""category"": ""leisure"", ""distance_m"": 355.3}, {""name"": ""إقامة المرجان"", ""category"": ""leisure"", ""distance_m"": 378.0}, {""name"": ""Les Jasmins"", ""category"": ""shopping"", ""distance_m"": 401.1}, {""name"": ""Neptune"", ""category"": ""other"", ""distance_m"": 435.3}, {""name"": ""Hôtel Bravo Hammamet"", ""category"": ""leisure"", ""distance_m"": 437.1}, {""name"": ""Nour et Yasmine"", ""category"": ""hospital"", ""distance_m"": 454.0}, {""name"": ""Quai 27"", ""category"": ""restaurant"", ""distance_m"": 465.5}, {""name"": ""Neptune"", ""category"": ""other"", ""distance_m"": 466.3}]","2026-03-27 14:18:50"
"36.3999","10.5653","750","[{""name"": ""Dar Zina"", ""category"": ""restaurant"", ""distance_m"": 116.5}, {""name"": ""Hammamet Serail"", ""category"": ""leisure"", ""distance_m"": 132.0}, {""name"": ""The Grill House"", ""category"": ""restaurant"", ""distance_m"": 132.3}, {""name"": ""Restaurant Bedwina"", ""category"": ""restaurant"", ""distance_m"": 132.6}, {""name"": ""Hotel Byblos"", ""category"": ""leisure"", ""distance_m"": 160.0}, {""name"": ""Hôtel Bel Air Hammamet"", ""category"": ""leisure"", ""distance_m"": 215.4}, {""name"": ""Hammamet Garden Resort & Spa"", ""category"": ""leisure"", ""distance_m"": 247.4}, {""name"": ""Miranda"", ""category"": ""shopping"", ""distance_m"": 258.9}, {""name"": ""Street Tacos"", ""category"": ""restaurant"", ""distance_m"": 293.9}, {""name"": ""Resto Cafe Khomssa"", ""category"": ""restaurant"", ""distance_m"": 336.9}]","2026-03-27 14:19:12"
"36.6883","10.1345","750","[{""name"": ""شارع المنجي سليم"", ""category"": ""other"", ""distance_m"": 578.3}]","2026-03-27 14:42:16"
"37.054","10.152","750","[]","2026-03-27 15:44:40"
"35.1711","8.8325","750","[{""name"": ""الدنقري فود"", ""category"": ""restaurant"", ""distance_m"": 181.6}, {""name"": ""la magnifique"", ""category"": ""restaurant"", ""distance_m"": 209.4}, {""name"": ""مقهى المرحوم خذيري"", ""category"": ""restaurant"", ""distance_m"": 404.3}, {""name"": ""مدرسة الشرقية"", ""category"": ""school"", ""distance_m"": 417.0}, {""name"": ""المدرسة الإبتدائية الشرقية"", ""category"": ""school"", ""distance_m"": 417.3}, {""name"": ""القصرين"", ""category"": ""transport"", ""distance_m"": 473.1}, {""name"": ""Souk Chaabi"", ""category"": ""shopping"", ""distance_m"": 479.8}, {""name"": ""Kasserine"", ""category"": ""other"", ""distance_m"": 490.2}, {""name"": ""café alkadissiya"", ""category"": ""restaurant"", ""distance_m"": 531.9}, {""name"": ""Ridha al abidi"", ""category"": ""other"", ""distance_m"": 535.2}]","2026-03-28 23:47:02"
"36.3985","10.5594","750","[{""name"": ""The Sixty Eight"", ""category"": ""restaurant"", ""distance_m"": 47.2}, {""name"": ""Aloha Café"", ""category"": ""restaurant"", ""distance_m"": 73.5}, {""name"": ""El Pacha Club"", ""category"": ""restaurant"", ""distance_m"": 91.3}, {""name"": ""Twist Tunisia"", ""category"": ""restaurant"", ""distance_m"": 107.0}, {""name"": ""هافانا كلوب"", ""category"": ""restaurant"", ""distance_m"": 110.6}, {""name"": ""ناكست دور"", ""category"": ""restaurant"", ""distance_m"": 121.1}, {""name"": ""Restaurant Café Touareg"", ""category"": ""restaurant"", ""distance_m"": 168.7}, {""name"": ""Resto Cafe Khomssa"", ""category"": ""restaurant"", ""distance_m"": 220.1}, {""name"": ""Pain D'or"", ""category"": ""shopping"", ""distance_m"": 226.2}, {""name"": ""Grill House"", ""category"": ""restaurant"", ""distance_m"": 239.3}]","2026-03-29 09:39:53"
"36.4076","10.5923","750","[{""name"": ""Polyclinique Hammamet"", ""category"": ""hospital"", ""distance_m"": 194.6}, {""name"": ""Churros By Zicos"", ""category"": ""restaurant"", ""distance_m"": 206.8}, {""name"": ""Zum Alten Fritz"", ""category"": ""restaurant"", ""distance_m"": 210.8}, {""name"": ""La Palma"", ""category"": ""restaurant"", ""distance_m"": 248.5}, {""name"": ""Dar Sébastien, Centre culturel international de Hammamet"", ""category"": ""leisure"", ""distance_m"": 525.5}, {""name"": ""Dar Kaïs"", ""category"": ""restaurant"", ""distance_m"": 584.4}, {""name"": ""The Famous"", ""category"": ""restaurant"", ""distance_m"": 604.6}, {""name"": ""Hôtel Sindbad"", ""category"": ""leisure"", ""distance_m"": 616.1}, {""name"": ""Pause Cafe My Coffe"", ""category"": ""restaurant"", ""distance_m"": 635.7}, {""name"": ""Delphino Hammamet"", ""category"": ""shopping"", ""distance_m"": 662.9}]","2026-03-29 09:40:45"
"36.4171","10.6518","750","[{""name"": ""Café Caramel"", ""category"": ""restaurant"", ""distance_m"": 183.8}, {""name"": ""Café Touati"", ""category"": ""restaurant"", ""distance_m"": 192.4}, {""name"": ""Pharmacie BOUAOUINA Mohamed Aymen"", ""category"": ""hospital"", ""distance_m"": 211.8}, {""name"": ""Café KHARROUBA"", ""category"": ""restaurant"", ""distance_m"": 268.6}, {""name"": ""كارفور ماركت"", ""category"": ""shopping"", ""distance_m"": 280.4}, {""name"": ""Carpet City"", ""category"": ""shopping"", ""distance_m"": 308.3}, {""name"": ""Pizzeria EROSARIA"", ""category"": ""restaurant"", ""distance_m"": 413.6}, {""name"": ""Pharmacie Derbel"", ""category"": ""hospital"", ""distance_m"": 434.9}, {""name"": ""Café Ezzitouna"", ""category"": ""restaurant"", ""distance_m"": 464.4}, {""name"": ""Superette Romene"", ""category"": ""shopping"", ""distance_m"": 536.8}]","2026-03-29 09:41:51"
"36.7836","10.232","750","[{""name"": ""المدرسة الإبتدائية السهل"", ""category"": ""school"", ""distance_m"": 115.7}, {""name"": ""المدرسة الإبتداية مقرين شاكر"", ""category"": ""school"", ""distance_m"": 142.9}, {""name"": ""مواد غذائية ودجاج"", ""category"": ""shopping"", ""distance_m"": 225.4}, {""name"": ""النحام الوردي"", ""category"": ""restaurant"", ""distance_m"": 249.5}, {""name"": ""مخبز"", ""category"": ""shopping"", ""distance_m"": 264.5}, {""name"": ""قهوة المكي"", ""category"": ""restaurant"", ""distance_m"": 292.4}, {""name"": ""مواد غذائية عامة"", ""category"": ""shopping"", ""distance_m"": 294.5}, {""name"": ""محطة حافلات"", ""category"": ""transport"", ""distance_m"": 295.3}, {""name"": ""طابونة"", ""category"": ""shopping"", ""distance_m"": 295.8}, {""name"": ""محل وجبات سريعة"", ""category"": ""restaurant"", ""distance_m"": 299.0}]","2026-03-29 09:50:22"
"36.7189","9.9425","750","[]","2026-03-29 10:17:53"
"37.038","9.665","750","[{""name"": ""مقهى الصلاح"", ""category"": ""restaurant"", ""distance_m"": 189.2}, {""name"": ""مطعم روج"", ""category"": ""restaurant"", ""distance_m"": 278.4}, {""name"": ""ماطر الجنوبية"", ""category"": ""other"", ""distance_m"": 278.5}, {""name"": ""ماطر"", ""category"": ""transport"", ""distance_m"": 283.1}, {""name"": ""مونوبري"", ""category"": ""shopping"", ""distance_m"": 391.5}, {""name"": ""مدرسة الحياة"", ""category"": ""school"", ""distance_m"": 417.7}, {""name"": ""حديقة باستور"", ""category"": ""leisure"", ""distance_m"": 597.9}, {""name"": ""مقهى وايلد سيدي"", ""category"": ""restaurant"", ""distance_m"": 601.7}, {""name"": ""حديقة ملجأ"", ""category"": ""leisure"", ""distance_m"": 604.5}, {""name"": ""منتزه السندباد"", ""category"": ""leisure"", ""distance_m"": 643.2}]","2026-03-29 10:18:02"
"35.8697","10.5544","750","[{""name"": ""القلعة الكبرى"", ""category"": ""transport"", ""distance_m"": 219.4}]","2026-03-29 11:02:16"
"36.7833","10.0667","750","[{""name"": ""صوناد العقبة (ذهاب)"", ""category"": ""other"", ""distance_m"": 311.8}, {""name"": ""صوناد العقبة (إياب)"", ""category"": ""other"", ""distance_m"": 337.0}, {""name"": ""غدير القلة (إياب)"", ""category"": ""other"", ""distance_m"": 461.4}, {""name"": ""غدير القلة (ذهاب)"", ""category"": ""other"", ""distance_m"": 466.3}]","2026-03-29 11:17:46"
"36.6492","9.6108","750","[{""name"": ""Pharmacie SIHEM GUESMI EP. HACHANI"", ""category"": ""hospital"", ""distance_m"": 50.3}, {""name"": ""المدرسة الابتدائية شارع الحبيب بورقيبة"", ""category"": ""school"", ""distance_m"": 154.2}, {""name"": ""Pharmacie MOUNIR CHAHED"", ""category"": ""hospital"", ""distance_m"": 233.1}, {""name"": ""CO.GE.CO"", ""category"": ""shopping"", ""distance_m"": 245.1}, {""name"": ""Pharmacie KHEMAIES BEL KAHLA"", ""category"": ""hospital"", ""distance_m"": 250.3}, {""name"": ""Pharmacie TAIEB GUESMI"", ""category"": ""hospital"", ""distance_m"": 281.4}, {""name"": ""Pharmacie de nuit RIAHI YOSRA"", ""category"": ""hospital"", ""distance_m"": 341.0}, {""name"": ""casablanca"", ""category"": ""restaurant"", ""distance_m"": 476.7}, {""name"": ""Café Casa blanca"", ""category"": ""restaurant"", ""distance_m"": 476.8}, {""name"": ""Membressa"", ""category"": ""restaurant"", ""distance_m"": 486.8}]","2026-03-29 11:21:57"
"35.6311","10.9011","750","[{""name"": ""École Primaire Salah BEN SALAH"", ""category"": ""school"", ""distance_m"": 178.7}, {""name"": ""تفقدية التعليم الإبتدائي بالمكنين"", ""category"": ""school"", ""distance_m"": 180.2}, {""name"": ""مدرسة المهندس صالح بن صالح"", ""category"": ""school"", ""distance_m"": 180.5}, {""name"": ""صيدلية بسباس"", ""category"": ""hospital"", ""distance_m"": 225.1}, {""name"": ""صيدلية الليل"", ""category"": ""hospital"", ""distance_m"": 289.0}, {""name"": ""نمبر وان"", ""category"": ""restaurant"", ""distance_m"": 291.6}, {""name"": ""صيدلية سامي الصكلي"", ""category"": ""hospital"", ""distance_m"": 297.7}, {""name"": ""عزيزة"", ""category"": ""shopping"", ""distance_m"": 303.4}, {""name"": ""مقهى الجمهورية"", ""category"": ""restaurant"", ""distance_m"": 304.4}, {""name"": ""Café 5 septembre"", ""category"": ""restaurant"", ""distance_m"": 344.9}]","2026-03-29 11:22:08"
"33.8814","10.85","750","[{""name"": ""شواية الزموري"", ""category"": ""restaurant"", ""distance_m"": 488.9}, {""name"": ""بيع الدواجن ومشتقاته"", ""category"": ""restaurant"", ""distance_m"": 495.7}, {""name"": ""مغازة الأصدقاء"", ""category"": ""shopping"", ""distance_m"": 501.4}, {""name"": ""فواكه الشهوة - شحن إلكتروني"", ""category"": ""shopping"", ""distance_m"": 505.8}, {""name"": ""La Vague"", ""category"": ""restaurant"", ""distance_m"": 624.6}, {""name"": ""مطعم هارون"", ""category"": ""restaurant"", ""distance_m"": 646.1}, {""name"": ""السقيفة"", ""category"": ""restaurant"", ""distance_m"": 646.1}, {""name"": ""معهد ابن عرفة"", ""category"": ""school"", ""distance_m"": 648.6}, {""name"": ""Café de l'environnement"", ""category"": ""restaurant"", ""distance_m"": 681.4}, {""name"": ""Carrefour Express"", ""category"": ""shopping"", ""distance_m"": 720.9}]","2026-03-29 11:23:00"
"34.6053","9.6075","750","[{""name"": ""المكناسي"", ""category"": ""transport"", ""distance_m"": 209.0}, {""name"": ""école De Base"", ""category"": ""school"", ""distance_m"": 242.6}, {""name"": ""Café Zurich"", ""category"": ""restaurant"", ""distance_m"": 253.4}, {""name"": ""École Primaire Khaled Ibn El Walid"", ""category"": ""school"", ""distance_m"": 679.4}]","2026-03-29 11:23:51"
"36.4107","10.5765","750","[{""name"": ""انور ماركت"", ""category"": ""shopping"", ""distance_m"": 539.5}, {""name"": ""TIME OUT coffe shop"", ""category"": ""restaurant"", ""distance_m"": 582.4}, {""name"": ""Pharmacie Hachem Kanoun"", ""category"": ""hospital"", ""distance_m"": 625.4}, {""name"": ""شوارما"", ""category"": ""restaurant"", ""distance_m"": 659.1}, {""name"": ""Ribat"", ""category"": ""restaurant"", ""distance_m"": 692.6}, {""name"": ""La Bella Marina"", ""category"": ""restaurant"", ""distance_m"": 708.9}]","2026-03-31 12:17:58"
"36.419","10.6012","750","[]","2026-03-31 12:18:55"
"36.4035","10.5577","750","[{""name"": ""Café Kaabar"", ""category"": ""restaurant"", ""distance_m"": 215.4}, {""name"": ""انور ماركت"", ""category"": ""shopping"", ""distance_m"": 272.8}, {""name"": ""3F Pizza"", ""category"": ""restaurant"", ""distance_m"": 289.1}, {""name"": ""Banette"", ""category"": ""shopping"", ""distance_m"": 303.9}, {""name"": ""Café Erriadh"", ""category"": ""restaurant"", ""distance_m"": 312.8}, {""name"": ""Why Not"", ""category"": ""restaurant"", ""distance_m"": 324.1}, {""name"": ""B. ESSAHEL"", ""category"": ""other"", ""distance_m"": 332.3}, {""name"": ""Bab Al Madina"", ""category"": ""restaurant"", ""distance_m"": 339.9}, {""name"": ""Grill House"", ""category"": ""restaurant"", ""distance_m"": 342.7}, {""name"": ""Pharmacie Selima Souissi"", ""category"": ""hospital"", ""distance_m"": 389.7}]","2026-03-31 12:20:20"
"36.1353","10.3817","750","[{""name"": ""ENFIDHA"", ""category"": ""other"", ""distance_m"": 58.4}, {""name"": ""صيدلية سلامي"", ""category"": ""hospital"", ""distance_m"": 123.1}, {""name"": ""Café Elbehi"", ""category"": ""restaurant"", ""distance_m"": 148.6}, {""name"": ""مدرسة ابتدائية الهادي شاكر"", ""category"": ""school"", ""distance_m"": 150.5}, {""name"": ""صيدلية عماد يوسف"", ""category"": ""hospital"", ""distance_m"": 171.6}, {""name"": ""مطعم الريس"", ""category"": ""restaurant"", ""distance_m"": 200.4}, {""name"": ""عائدة"", ""category"": ""restaurant"", ""distance_m"": 205.4}, {""name"": ""CAFE TAHAR JEGHAM"", ""category"": ""restaurant"", ""distance_m"": 210.7}, {""name"": ""Collège Jasmin"", ""category"": ""school"", ""distance_m"": 245.1}, {""name"": ""مقهى دمشق"", ""category"": ""restaurant"", ""distance_m"": 255.1}]","2026-03-31 12:28:30"
"36.7833","10.1","750","[{""name"": ""معهد العقبة 2 (ذهاب)"", ""category"": ""other"", ""distance_m"": 227.7}, {""name"": ""معهد العقبة 2 (إياب)"", ""category"": ""other"", ""distance_m"": 259.1}, {""name"": ""بوقطفة-سيدي حسين"", ""category"": ""other"", ""distance_m"": 376.5}, {""name"": ""بوقطفة-سيدي حسين"", ""category"": ""other"", ""distance_m"": 388.7}, {""name"": ""بوقطفة-سيدي حسين"", ""category"": ""transport"", ""distance_m"": 390.6}, {""name"": ""بوقطفة-سيدي حسين"", ""category"": ""other"", ""distance_m"": 392.1}, {""name"": ""حي حواص (إياب)"", ""category"": ""other"", ""distance_m"": 400.2}, {""name"": ""حي حواص (ذهاب)"", ""category"": ""other"", ""distance_m"": 408.1}, {""name"": ""مقهى زياد"", ""category"": ""other"", ""distance_m"": 416.7}, {""name"": ""محكمة تونس 2"", ""category"": ""other"", ""distance_m"": 444.1}]","2026-03-31 12:51:09"
"37.1533","9.7811","750","[{""name"": ""عزيزة"", ""category"": ""shopping"", ""distance_m"": 379.2}, {""name"": ""عطارة بوزغندة"", ""category"": ""shopping"", ""distance_m"": 525.6}, {""name"": ""Borourou"", ""category"": ""restaurant"", ""distance_m"": 544.0}, {""name"": ""Collège Elkahina"", ""category"": ""school"", ""distance_m"": 562.2}, {""name"": ""المدرسة الإعدادية 9 أفريل"", ""category"": ""school"", ""distance_m"": 568.8}, {""name"": ""Café Carthage"", ""category"": ""restaurant"", ""distance_m"": 597.0}, {""name"": ""Lycée Mixte"", ""category"": ""school"", ""distance_m"": 609.0}, {""name"": ""Pharmacie Jdidi"", ""category"": ""hospital"", ""distance_m"": 617.0}, {""name"": ""مقهى القصري"", ""category"": ""restaurant"", ""distance_m"": 622.6}, {""name"": ""حديقة اشتتغارد"", ""category"": ""leisure"", ""distance_m"": 662.9}]","2026-03-31 15:17:53"
"36.85","9.9167","750","[]","2026-03-31 15:58:07"
"36.6966","10.4931","750","[{""name"": ""صيدلية عزيز سعاد"", ""category"": ""hospital"", ""distance_m"": 152.2}, {""name"": ""Restaurant El Hadded"", ""category"": ""restaurant"", ""distance_m"": 163.5}, {""name"": ""مقهى"", ""category"": ""restaurant"", ""distance_m"": 242.5}, {""name"": ""ميني بري"", ""category"": ""shopping"", ""distance_m"": 254.8}, {""name"": ""متجر عزيزة"", ""category"": ""shopping"", ""distance_m"": 288.1}, {""name"": ""صيدلية الحداد"", ""category"": ""hospital"", ""distance_m"": 302.0}, {""name"": ""محطة الحافلات"", ""category"": ""transport"", ""distance_m"": 374.5}, {""name"": ""Resto Bella Italia"", ""category"": ""restaurant"", ""distance_m"": 382.3}, {""name"": ""مقهى"", ""category"": ""restaurant"", ""distance_m"": 398.0}, {""name"": ""Café Labben - مقهى اللبان"", ""category"": ""restaurant"", ""distance_m"": 457.4}]","2026-04-01 16:57:11"
"36.8046","10.1654","750","[{""name"": ""الحديقة الكبيرة"", ""category"": ""leisure"", ""distance_m"": 105.2}, {""name"": ""شارنيكول (إياب)"", ""category"": ""other"", ""distance_m"": 211.4}, {""name"": ""Café de l'Espérance Sportive de Tunis"", ""category"": ""restaurant"", ""distance_m"": 232.5}, {""name"": ""Lycée El Bécha"", ""category"": ""school"", ""distance_m"": 258.0}, {""name"": ""شارنيكول (ذهاب)"", ""category"": ""other"", ""distance_m"": 258.4}, {""name"": ""chapati beb lakwas"", ""category"": ""restaurant"", ""distance_m"": 314.5}, {""name"": ""سيدي العلوي"", ""category"": ""other"", ""distance_m"": 316.5}, {""name"": ""La Perle Bleu"", ""category"": ""restaurant"", ""distance_m"": 332.0}, {""name"": ""École Sidi El Aloui"", ""category"": ""school"", ""distance_m"": 374.4}, {""name"": ""معهد 9 أبريل 1938"", ""category"": ""school"", ""distance_m"": 417.9}]","2026-04-01 16:57:48"
"36.7833","11.0167","750","[{""name"": ""Polyclinique du Cap Bon"", ""category"": ""hospital"", ""distance_m"": 745.5}]","2026-04-01 20:59:18"
"36.3333","9.45","750","[]","2026-04-01 21:04:34"
"36.3333","9.6333","750","[]","2026-04-02 09:42:43"
"36.4211","10.603","750","[]","2026-04-06 10:06:55"
"36.93","8.68","750","[]","2026-04-06 14:19:45"
