"id","listing_id","source_name","price","surface","rooms","city","region","zone","transaction_type","property_type","scraped_at","change_type","price_delta","price_delta_pct","reliability_score"
"1","93613420-d02a-4bfa-b8b8-174d9bc9d180","aqari","","","","Tunis","TUNIS","north","Sale","Other","2026-03-23T17:33:01.852907","new","","","20"
"2","verdar_124672","verdar","750.0","","","Boumhel Et Pas- De- Porte 22Md","","","Rent","Commercial","2026-03-23T17:43:41.509297","new","","","15"
"3","verdar_129894","verdar","620000.0","","","Boumhel","","","Sale","Land","2026-03-23T17:41:57.423457","new","","","25"
"4","verdar_129904","verdar","345000.0","","","Boumhel","","","Sale","Apartment","2026-03-23T17:42:17.786107","new","","","25"
"5","verdar_124421","verdar","2200.0","","","Ezzahra","BEN AROUS","north","Rent","Commercial","2026-03-23T17:43:30.785929","new","","","40"
"6","verdar_127969","verdar","1300.0","","","Boumhel","","","Rent","Apartment","2026-03-23T17:43:17.783720","new","","","25"
"7","verdar_107846","verdar","105000.0","","","Boumhel","","","Sale","Land","2026-03-23T17:42:27.019357","new","","","25"
"8","verdar_124362","verdar","1900.0","","","Nouvelle Médina","","","Rent","Villa","2026-03-23T17:43:26.658830","new","","","30"
"9","verdar_124713","verdar","3000400.0","","","Hammam Chatt Pour Une Location Estivale Ou Par Nuitée","BEN AROUS","north","Rent","Land","2026-03-23T17:43:04.331804","new","","","20"
"10","verdar_124576","verdar","1300.0","","","Boumhel Belair","","","Rent","Villa","2026-03-23T17:43:00.688185","new","","","15"
"11","verdar_92821","verdar","399000.0","","","Boumhel Cité El Bahri","","","Sale","Land","2026-03-23T17:42:51.473719","new","","","15"
"12","verdar_91041","verdar","880000.0","","","Hammam Chat","BEN AROUS","north","Sale","Land","2026-03-23T17:42:42.831066","new","","","40"
"13","verdar_97543","verdar","980000.0","","","Bélair Boumhel","","","Sale","Land","2026-03-23T17:42:31.824501","new","","","30"
"14","affare_154525","affare","2.0","80.0","3","","","","Sale","Villa","2026-03-23T18:50:37.677573","new","","","50"
"15","affare_257742","affare","3.0","","3","","","","Rent","Villa","2026-03-23T18:50:21.679766","new","","","10"
"16","affare_253130","affare","8702.0","870.0","","","","","Sale","Land","2026-03-23T18:51:08.497624","new","","","10"
"17","affare_254300","affare","2.0","140.0","2","","","","Sale","Villa","2026-03-23T18:50:15.482619","new","","","50"
"18","affare_247865","affare","247865.0","180.0","4","","","","Sale","Villa","2026-03-23T18:50:55.483794","new","","","70"
"19","affare_233390","affare","4082.0","408.0","","","","","Sale","Land","2026-03-23T18:50:44.895600","new","","","10"
"20","affare_238972","affare","2.0","98.0","2","La Marsa","TUNIS","north","Sale","Apartment","2026-03-23T18:50:00.215387","new","","","75"
"21","affare_209759","affare","2.0","60.0","3","","","","Sale","Apartment","2026-03-23T18:50:50.019764","new","","","50"
"22","affare_231619","affare","2.0","80.0","3","","","","Sale","Apartment","2026-03-23T18:51:02.241097","new","","","50"
"23","affare_246045","affare","246045.0","500.0","","Gammarth Supérieur","","","Sale","Land","2026-03-23T18:50:07.317836","new","","","70"
"24","affare_259018","affare","3.0","153.0","3","Sahloul 4 Avec Place De Parking","","","Rent","Apartment","2026-03-23T18:50:31.409701","new","","","50"
"25","affare_259027","affare","259027.0","","","Chott Mariem","","","Sale","Land","2026-03-23T18:49:10.075168","new","","","30"
"26","affare_259026","affare","2.0","90.0","2","Soviva Chott Mariem","","","Sale","Apartment","2026-03-23T18:49:24.440189","new","","","50"
"27","affare_259024","affare","3717.0","400.0","2","","","","Rent","Villa","2026-03-23T18:49:37.339793","new","","","55"
"28","affare_259023","affare","3.0","399.0","","","","","Sale","Land","2026-03-23T18:49:55.134776","new","","","10"
"29","affare_259025","affare","3.0","14.0","3","La Marsa Zvl1567","TUNIS","north","Rent","Villa","2026-03-23T18:49:31.015011","new","","","70"
"30","affare_259022","affare","2.0","100.0","2","Sahloul 3","","","Sale","Apartment","2026-03-23T18:49:49.098971","new","","","60"
"31","affare_259019","affare","259019.0","170.0","3","Hammem Sousse","SOUSSE","east","Sale","Villa","2026-03-23T18:50:24.719623","new","","","90"
"32","affare_259028","affare","","","2","","","","Rent","Apartment","2026-03-23T18:49:04.103767","new","","","10"
"33","affare_259021","affare","2.0","85.0","2","Bouhsina El Ghazali","","","Sale","Apartment","2026-03-23T18:49:42.275337","new","","","45"
"34","affare_259030","affare","259030.0","506.0","","","","","Sale","Land","2026-03-23T18:48:36.159629","new","","","30"
"35","affare_259038","affare","1.0","5400.0","","Sidi Bouali Près De L'Autoroute Et Gp1","","","Sale","Land","2026-03-23T18:48:47.007647","new","","","25"
"36","affare_259034","affare","259034.0","","4","Cité Riadh","","","Sale","Land","2026-03-23T18:48:17.067160","new","","","65"
"37","affare_259035","affare","2.0","152.0","","Sidi Abdelhamid","SOUSSE","east","Sale","Land","2026-03-23T18:47:41.814344","new","","","60"
"38","affare_259037","affare","2.0","106.0","2","Khezema","","","Sale","Apartment","2026-03-23T18:48:40.715358","new","","","45"
"39","affare_259032","affare","259032.0","76.0","","Khezema","","","Rent","Commercial","2026-03-23T18:48:10.542717","new","","","35"
"40","affare_259031","affare","259031.0","606.0","","","","","Sale","Land","2026-03-23T18:48:52.584257","new","","","30"
"41","affare_259029","affare","259029.0","178.0","","","","","Sale","Commercial","2026-03-23T18:48:58.310856","new","","","35"
"42","affare_259036","affare","2.0","92.0","2","Cité Rayhanne","","","Sale","Apartment","2026-03-23T18:48:23.998920","new","","","45"
"43","affare_259033","affare","2.0","73.0","2","Sousse Avec Place De Parking","SOUSSE","east","Sale","Commercial","2026-03-23T18:48:31.373805","new","","","75"
"44","affare_223096","affare","78000.0","312.0","","Hammamet Sud","NABEUL","north","Sale","Land","2026-03-24T10:28:52.289737","new","","","85"
"45","affare_1737","affare","680000.0","1430.0","","Route El Ain","SFAX","east","Sale","Land","2026-03-24T10:27:17.090513","new","","","85"
"46","affare_248364","affare","350000.0","","","Bir Mchergua","ZAGHOUAN","north","Sale","Land","2026-03-24T10:25:18.501761","new","","","70"
"47","affare_241011","affare","245000.0","","","Bir Mchergua","ZAGHOUAN","north","Sale","Land","2026-03-24T10:25:55.786825","new","","","70"
"48","affare_224230","affare","1800.0","230.0","3","Akouda","SOUSSE","east","Sale","Apartment","2026-03-24T10:29:16.224852","new","","","80"
"49","affare_240053","affare","225000.0","60.0","1","Ennasr","ARIANA","north","Sale","Apartment","2026-03-24T10:28:47.733107","new","","","100"
"50","affare_221112","affare","","","","El Fahs","ZAGHOUAN","north","Sale","Land","2026-03-24T10:25:49.665608","new","","","30"
"51","affare_243820","affare","65000.0","10000.0","","Bir Mchergua","ZAGHOUAN","north","Sale","Land","2026-03-24T10:25:30.733264","new","","","55"
"52","affare_228212","affare","1500.0","100.0","2","Hammam Sousse","SOUSSE","east","Sale","Apartment","2026-03-24T10:29:22.096343","new","","","80"
"53","affare_241005","affare","175000.0","","","Bir Mchergua","ZAGHOUAN","north","Sale","Land","2026-03-24T10:25:41.406104","new","","","70"
"54","affare_257858","affare","2300.0","200.0","","Sousse Médina","SOUSSE","east","Sale","Commercial","2026-03-24T10:29:03.521603","new","","","70"
"55","affare_257705","affare","1600.0","120.0","2","Ennasr","ARIANA","north","Rent","Apartment","2026-03-24T10:28:08.417504","new","","","90"
"56","affare_253257","affare","600000.0","865.0","2","Kalâat El Andalous","ARIANA","north","Sale","Land","2026-03-24T10:28:41.386313","new","","","100"
"57","affare_255747","affare","560000.0","148.0","3","Les Berges Du Lac","TUNIS","north","Sale","Commercial","2026-03-24T10:28:36.157160","new","","","100"
"58","affare_248365","affare","185000.0","","","Bir Mchergua","ZAGHOUAN","north","Sale","Land","2026-03-24T10:24:44.101421","new","","","70"
"59","affare_256718","affare","780000.0","500.0","7","Ghazela","ARIANA","north","Sale","Land","2026-03-24T10:28:23.153725","new","","","100"
"60","affare_257399","affare","1320.0","70.0","1","Ennasr","ARIANA","north","Rent","Apartment","2026-03-24T10:28:30.210227","new","","","90"
"61","affare_256542","affare","460000.0","180.0","3","Akouda","SOUSSE","east","Sale","Other","2026-03-24T10:29:11.412913","new","","","100"
"62","affare_257768","affare","1100.0","70.0","","Sousse Médina","SOUSSE","east","Sale","Commercial","2026-03-24T10:28:57.957882","new","","","70"
"63","affare_258711","affare","1500.0","70.0","1","Menzah","ARIANA","north","Rent","Apartment","2026-03-24T10:27:57.174317","new","","","90"
"64","affare_259048","affare","740000.0","400.0","4","Hammamet Sud","NABEUL","north","Sale","Land","2026-03-24T10:27:01.219884","new","","","100"
"65","affare_30000","affare","120.0","","","Sousse Sidi Abdelhamid","SOUSSE","east","Sale","Land","2026-03-24T10:27:23.998741","new","","","50"
"66","affare_259041","affare","260000.0","364.0","4","Akouda","SOUSSE","east","Sale","Land","2026-03-24T10:27:30.749246","new","","","100"
"67","affare_259050","affare","1050.0","580.0","4","Hammamet Sud","NABEUL","north","Sale","Land","2026-03-24T10:26:02.273430","new","","","80"
"68","affare_259042","affare","","130.0","3","Sousse Jawhara","SOUSSE","east","Sale","Apartment","2026-03-24T10:27:39.037710","new","","","80"
"69","affare_259046","affare","410000.0","811.0","","Route El Ain","SFAX","east","Sale","Land","2026-03-24T10:26:52.957815","new","","","85"
"70","affare_259047","affare","1300.0","1200.0","","Sousse Riadh","SOUSSE","east","Sale","Land","2026-03-24T10:26:19.217419","new","","","65"
"71","affare_259049","affare","300000.0","620.0","","Route El Ain","SFAX","east","Sale","Land","2026-03-24T10:26:39.734162","new","","","85"
"72","affare_259051","affare","2300.0","6714.0","","Grombalia","NABEUL","north","Sale","Land","2026-03-24T10:26:32.736686","new","","","55"
"73","affare_259043","affare","720000.0","500.0","3","Hammamet Sud","NABEUL","north","Sale","Villa","2026-03-24T10:27:48.493412","new","","","100"
"74","affare_259052","affare","820000.0","540.0","4","Hammamet Sud","NABEUL","north","Sale","Land","2026-03-24T11:40:35.921393","new","","","100"
"75","affare_259053","affare","850000.0","500.0","3","Akouda","SOUSSE","east","Sale","Villa","2026-03-24T11:40:21.735855","new","","","100"
"76","affare_259054","affare","750000.0","587.0","4","Hammamet Sud","NABEUL","north","Sale","Land","2026-03-24T11:40:30.446504","new","","","100"
"77","affare_259060","affare","760000.0","750.0","4","Hammamet Sud","NABEUL","north","Sale","Land","2026-03-24T12:18:19.875191","new","","","100"
"78","affare_259057","affare","860000.0","800.0","3","Hammamet Sud","NABEUL","north","Sale","Villa","2026-03-24T12:18:35.596570","new","","","100"
"79","affare_259059","affare","1050.0","700.0","4","Hammamet Sud","NABEUL","north","Sale","Land","2026-03-24T12:18:44.522126","new","","","80"
"80","affare_259056","affare","170000.0","95.0","2","Hammamet","NABEUL","north","Sale","Apartment","2026-03-24T12:19:02.079981","new","","","100"
"81","affare_259055","affare","760000.0","220.0","3","Hammamet","NABEUL","north","Sale","Villa","2026-03-24T12:18:52.965558","new","","","100"
"82","affare_259058","affare","890000.0","500.0","4","Hammamet Sud","NABEUL","north","Sale","Villa","2026-03-24T12:18:27.800868","new","","","100"
"83","affare_259061","affare","730000.0","350.0","4","Hammamet Sud","NABEUL","north","Sale","Villa","2026-03-24T12:17:50.197685","new","","","100"
"84","century21_00449ec77402","century21","","","","Cite El Khadra","TUNIS","north","Rent","Commercial","2026-03-24T13:26:32.708055","new","","","25"
"85","century21_0342fde358d5","century21","","","","Jardins De Carthage","TUNIS","north","Sale","Apartment","2026-03-24T13:04:07.880900","new","","","25"
"86","century21_02e0b379ff2b","century21","","","","Jardins De Carthage","TUNIS","north","Rent","Commercial","2026-03-24T13:32:46.837496","new","","","25"
"87","century21_0027ce442d20","century21","","","","Hammamet","NABEUL","north","Sale","Villa","2026-03-24T12:32:00.890340","new","","","25"
"88","century21_02d29ba7dc54","century21","","","","La Marsa","TUNIS","north","Rent","Commercial","2026-03-24T13:33:48.348408","new","","","20"
"89","century21_031b69100d7d","century21","","","","Les Berges Du Lac","TUNIS","north","Rent","Commercial","2026-03-24T13:44:35.673826","new","","","25"
"90","century21_012583dc5e95","century21","","","","Hammamet","NABEUL","north","Sale","Apartment","2026-03-24T13:00:38.578968","new","","","25"
"91","century21_03d226e37dbe","century21","","","","La Marsa","TUNIS","north","Rent","Apartment","2026-03-24T13:17:53.068396","new","","","25"
"92","century21_037ddbc9a6b9","century21","","","","Aouina","TUNIS","north","Sale","Commercial","2026-03-24T12:58:56.240539","new","","","25"
"93","century21_03c93edcedb8","century21","","","","Ain Zaghouan","TUNIS","north","Sale","Apartment","2026-03-24T12:25:34.987382","new","","","25"
"94","century21_063de3910602","century21","","","","Aouina","TUNIS","north","Rent","Commercial","2026-03-24T13:13:43.797387","new","","","20"
"95","century21_08a2bf3ea23a","century21","","","","Gammarth","TUNIS","north","Sale","Villa","2026-03-24T12:50:58.215856","new","","","25"
"96","century21_06bd1bf41367","century21","","","","Les Berges Du Lac","TUNIS","north","Rent","Commercial","2026-03-24T13:21:57.546922","new","","","25"
"97","century21_08cc17d22f20","century21","","","","Jardins De Carthage","TUNIS","north","Sale","Villa","2026-03-24T12:56:53.162102","new","","","25"
"98","century21_07cdcbbbc116","century21","","","","Jardins De Carthage","TUNIS","north","Sale","Apartment","2026-03-24T12:56:04.288465","new","","","25"
"99","century21_07c08a212998","century21","","","","Aouina","TUNIS","north","Sale","Apartment","2026-03-24T13:01:35.137344","new","","","25"
"100","century21_06c58998e013","century21","","","","Nabeul","NABEUL","north","Sale","Apartment","2026-03-24T12:29:31.766748","new","","","25"
"101","century21_084a6d73e689","century21","","","","Jardins De Carthage","TUNIS","north","Sale","Apartment","2026-03-24T13:01:16.112051","new","","","25"
"102","century21_04dfaa09ef8f","century21","","","","Ennasr","ARIANA","north","Rent","Apartment","2026-03-24T13:30:13.112814","new","","","25"
"103","century21_077f2decb003","century21","","","","La Marsa","TUNIS","north","Rent","Apartment","2026-03-24T13:36:44.502535","new","","","25"
"104","century21_0f4cd89ce29f","century21","","","","Jardins De Carthage","TUNIS","north","Sale","Apartment","2026-03-24T12:55:46.060195","new","","","25"
"105","century21_0e64ecba232c","century21","","","","La Soukra","ARIANA","north","Rent","Commercial","2026-03-24T13:13:14.552053","new","","","25"
"106","century21_0ad72d4b28d6","century21","","","","La Marsa","TUNIS","north","Rent","Villa","2026-03-24T13:40:23.458065","new","","","25"
"107","century21_0d265a7d9772","century21","","","","La Marsa","TUNIS","north","Rent","Apartment","2026-03-24T13:10:49.045002","new","","","25"
"108","century21_0f8abe645aaa","century21","","","","La Marsa","TUNIS","north","Rent","Apartment","2026-03-24T13:30:19.237243","new","","","25"
"109","century21_0e7abc0bd304","century21","","","","Jardins De Carthage","TUNIS","north","Rent","Apartment","2026-03-24T13:29:51.579043","new","","","25"
"110","century21_1034d26c3d2b","century21","","","","La Soukra","ARIANA","north","Sale","Villa","2026-03-24T12:34:26.860487","new","","","25"
"111","century21_0e6407551a27","century21","","","","Les Berges Du Lac","TUNIS","north","Rent","Apartment","2026-03-24T13:13:02.804324","new","","","25"
"112","century21_0918ae159c1c","century21","","","","Ennasr","ARIANA","north","Sale","Apartment","2026-03-24T13:02:55.469887","new","","","20"
"113","century21_0dd2bb14d722","century21","","","","Jardins De Carthage","TUNIS","north","Rent","Apartment","2026-03-24T13:23:07.450058","new","","","25"
"114","century21_10601fa24c71","century21","","","","Jardins De Carthage","TUNIS","north","Sale","Apartment","2026-03-24T12:56:25.965168","new","","","25"
"115","century21_110268","century21","","","","Bou Mhel El Bassatine","BEN AROUS","north","Sale","Land","2026-03-24T13:08:04.025656","new","","","20"
"116","century21_117d78a44d48","century21","","","","La Soukra","ARIANA","north","Sale","Apartment","2026-03-24T12:25:28.324832","new","","","20"
"117","century21_11d02ac0f672","century21","","","","La Marsa","TUNIS","north","Rent","Commercial","2026-03-24T13:22:11.035670","new","","","20"
"118","century21_129a726b0a24","century21","","","","Les Berges Du Lac","TUNIS","north","Sale","Villa","2026-03-24T12:40:31.644277","new","","","25"
"119","century21_1194dd37f071","century21","","","","La Marsa","TUNIS","north","Rent","Villa","2026-03-24T13:29:12.459777","new","","","25"
"120","century21_11cb0fbf6950","century21","","","","Bab Bhar","TUNIS","north","Rent","Commercial","2026-03-24T13:40:29.909640","new","","","25"
"121","century21_12046e292fd8","century21","","","","Mannouba","MANNOUBA","","Sale","Apartment","2026-03-24T12:54:32.861821","new","","","25"
"122","century21_10d67c536fe2","century21","","","","Ain Zaghouan","TUNIS","north","Rent","Apartment","2026-03-24T13:46:57.314971","new","","","25"
"123","century21_121d339799e8","century21","","","","La Marsa","TUNIS","north","Rent","Commercial","2026-03-24T13:23:01.824149","new","","","25"
"124","century21_12aa21ee2ba3","century21","","","","El Menzah","ARIANA","north","Rent","Apartment","2026-03-24T13:32:57.325627","new","","","25"
"125","century21_1530c85db09d","century21","","","","La Soukra","ARIANA","north","Rent","Commercial","2026-03-24T13:13:07.715600","new","","","25"
"126","century21_1474ca3bef5d","century21","","","","Jardins De Carthage","TUNIS","north","Rent","Apartment","2026-03-24T13:35:31.391386","new","","","25"
"127","century21_14bad5d9b3c1","century21","","","","La Soukra","ARIANA","north","Rent","Apartment","2026-03-24T13:24:32.998558","new","","","25"
"128","century21_14e920c6f5c5","century21","","","","La Soukra","ARIANA","north","Sale","Apartment","2026-03-24T13:09:04.318139","new","","","25"
"129","century21_13a378e74370","century21","","","","Jardins De Carthage","TUNIS","north","Rent","Commercial","2026-03-24T13:45:37.275650","new","","","25"
"130","century21_162d10266d98","century21","","","","Hammamet","NABEUL","north","Sale","Land","2026-03-24T12:44:42.859141","new","","","25"
"131","century21_16b7287988e9","century21","","","","La Soukra","ARIANA","north","Rent","Apartment","2026-03-24T13:32:41.881208","new","","","25"
"132","century21_140e079cf58f","century21","","","","Gammarth","TUNIS","north","Rent","Apartment","2026-03-24T13:12:28.900261","new","","","25"
"133","century21_160cca2e3501","century21","","","","Nabeul","NABEUL","north","Rent","Villa","2026-03-24T13:16:10.439817","new","","","20"
"134","century21_1aba80c46649","century21","","","","La Marsa","TUNIS","north","Sale","Other","2026-03-24T13:07:29.485723","new","","","25"
"135","century21_1ad355021e8b","century21","","","","Charguia","TUNIS","north","Rent","Commercial","2026-03-24T13:41:50.448116","new","","","25"
"136","century21_18f970fcc192","century21","","","","Cite El Khadra","TUNIS","north","Rent","Commercial","2026-03-24T13:15:54.937923","new","","","25"
"137","century21_196ff1aa5dc3","century21","","","","Les Berges Du Lac","TUNIS","north","Rent","Apartment","2026-03-24T13:17:24.644126","new","","","25"
"138","century21_1cc124869d3c","century21","","","","Ennasr","ARIANA","north","Sale","Apartment","2026-03-24T12:34:21.279177","new","","","25"
"139","century21_1756bf078e87","century21","","","","Les Berges Du Lac","TUNIS","north","Rent","Apartment","2026-03-24T13:12:17.625773","new","","","25"
"140","century21_198a658d9ee7","century21","","","","Jardins De Carthage","TUNIS","north","Sale","Apartment","2026-03-24T12:52:45.658389","new","","","25"
"141","century21_1c856cc1789a","century21","","","","La Soukra","ARIANA","north","Rent","Commercial","2026-03-24T13:25:36.334653","new","","","25"
"142","century21_1b6b14760a20","century21","","","","Gammarth","TUNIS","north","Rent","Land","2026-03-24T13:33:34.566043","new","","","25"
"143","century21_191f35598ac0","century21","","","","Cite El Khadra","TUNIS","north","Rent","Commercial","2026-03-24T13:28:10.944850","new","","","25"
"144","century21_21015be21ea9","century21","","","","Les Berges Du Lac","TUNIS","north","Rent","Commercial","2026-03-24T13:44:15.904570","new","","","25"
"145","century21_2156c0f75904","century21","","","","El Menzah","ARIANA","north","Rent","Commercial","2026-03-24T13:36:36.086604","new","","","25"
"146","century21_215c9ba276f7","century21","","","","La Soukra","ARIANA","north","Rent","Apartment","2026-03-24T13:31:48.019039","new","","","25"
"147","century21_2230fbcaa37d","century21","","","","El Menzah","ARIANA","north","Sale","Villa","2026-03-24T13:04:12.857703","new","","","20"
"148","century21_1f148f418fac","century21","","","","Les Berges Du Lac","TUNIS","north","Rent","Villa","2026-03-24T13:45:31.943843","new","","","25"
"149","century21_2000","century21","","","","La Marsa","TUNIS","north","Sale","Land","2026-03-24T12:45:13.440504","new","","","20"
"150","century21_21f11a52cd51","century21","","","","La Soukra","ARIANA","north","Sale","Land","2026-03-24T13:06:27.471627","new","","","25"
"151","century21_2150","century21","","","","Les Berges Du Lac","TUNIS","north","Rent","Commercial","2026-03-24T13:17:05.975003","new","","","25"
"152","century21_214eb3deba0a","century21","","","","Ain Zaghouan","TUNIS","north","Rent","Commercial","2026-03-24T13:12:47.364640","new","","","20"
"153","century21_21453b0d564b","century21","","","","El Menzah","TUNIS","north","Sale","Apartment","2026-03-24T12:43:58.172283","new","","","25"
"154","century21_2307025f158c","century21","","","","Ain Zaghouan","TUNIS","north","Rent","Apartment","2026-03-24T13:35:36.773303","new","","","25"
"155","century21_24051fa795f3","century21","","","","Ariana Ville","ARIANA","north","Rent","Commercial","2026-03-24T13:10:28.968200","new","","","20"
"156","century21_2769d491c77a","century21","","","","Mahras","SFAX","east","Sale","Land","2026-03-24T13:02:29.690142","new","","","20"
"157","century21_241d85dc368f","century21","","","","La Soukra","ARIANA","north","Sale","Apartment","2026-03-24T12:43:46.800078","new","","","25"
"158","century21_276c7ffa4642","century21","","","","Jardins De Carthage","TUNIS","north","Sale","Apartment","2026-03-24T12:54:16.798513","new","","","25"
"159","century21_261a83aea510","century21","","","","El Menzah","ARIANA","north","Sale","Land","2026-03-24T12:53:18.617986","new","","","20"
"160","century21_2294f82184d4","century21","","","","La Marsa","TUNIS","north","Rent","Apartment","2026-03-24T13:18:22.851717","new","","","25"
"161","century21_26627c5819bc","century21","","","","Les Berges Du Lac","TUNIS","north","Rent","Apartment","2026-03-24T13:17:12.917079","new","","","25"
"162","century21_25e2d5914853","century21","","","","El Menzah","ARIANA","north","Rent","Villa","2026-03-24T13:29:25.456943","new","","","25"
"163","century21_224386c48ec5","century21","","","","Gammarth","TUNIS","north","Rent","Land","2026-03-24T13:32:21.149680","new","","","25"
"164","century21_301919c5622c","century21","","","","Gammarth","TUNIS","north","Sale","Apartment","2026-03-24T12:31:20.704085","new","","","25"
"165","century21_29a98f100e00","century21","","","","El Menzah","ARIANA","north","Sale","Villa","2026-03-24T12:31:00.727700","new","","","25"
"166","century21_2ddd27269d68","century21","","","","El Omrane","TUNIS","north","Rent","Commercial","2026-03-24T13:47:02.803986","new","","","25"
"167","century21_2b58507c48ad","century21","","","","La Marsa","TUNIS","north","Rent","Apartment","2026-03-24T13:34:43.687277","new","","","25"
"168","century21_283146c5e295","century21","","","","Les Berges Du Lac","TUNIS","north","Sale","Commercial","2026-03-24T12:41:00.879077","new","","","20"
"169","century21_2798f9b04a84","century21","","","","Aouina","TUNIS","north","Sale","Commercial","2026-03-24T12:55:02.163942","new","","","20"
"170","century21_2843b00e4c7d","century21","","","","Les Berges Du Lac","TUNIS","north","Rent","Commercial","2026-03-24T13:44:09.333381","new","","","25"
"171","century21_2b7128069939","century21","","","","La Soukra","ARIANA","north","Sale","Apartment","2026-03-24T12:36:00.942916","new","","","25"
"172","century21_2d4b5571ad61","century21","","","","Jardins De Carthage","TUNIS","north","Rent","Commercial","2026-03-24T13:36:14.233261","new","","","25"
"173","century21_302c0dba16da","century21","","","","La Soukra","ARIANA","north","Sale","Apartment","2026-03-24T13:04:03.118671","new","","","25"
"174","century21_32dce02693df","century21","","","","Jardins De Carthage","TUNIS","north","Sale","Apartment","2026-03-24T13:05:43.898595","new","","","25"
"175","century21_323a0986bf3a","century21","","","","Mnihla","ARIANA","north","Sale","Villa","2026-03-24T12:27:32.907858","new","","","25"
"176","century21_319b28be4741","century21","","","","El Kram","TUNIS","north","Rent","Apartment","2026-03-24T13:11:59.216897","new","","","25"
"177","century21_3239d5ef5c92","century21","","","","Jardins De Carthage","TUNIS","north","Rent","Commercial","2026-03-24T13:45:46.486635","new","","","25"
"178","century21_3114d82eed86","century21","","","","Jardins De Carthage","TUNIS","north","Rent","Apartment","2026-03-24T13:27:38.762014","new","","","25"
"179","century21_32e1a28a66b5","century21","","","","Jardins De Carthage","TUNIS","north","Rent","Apartment","2026-03-24T13:31:19.540210","new","","","25"
"180","century21_32c6e6dff074","century21","","","","Jardins De Carthage","TUNIS","north","Rent","Apartment","2026-03-24T13:14:19.214841","new","","","25"
"181","century21_310f40b1eedd","century21","","","","Jardins De Carthage","TUNIS","north","Rent","Apartment","2026-03-24T13:14:13.478810","new","","","25"
"182","century21_3317a93cc234","century21","","","","Nabeul","NABEUL","north","Sale","Villa","2026-03-24T12:33:34.076540","new","","","20"
"183","century21_31aae087b601","century21","","","","Bab Bhar","TUNIS","north","Sale","Commercial","2026-03-24T12:43:09.686904","new","","","25"
"184","century21_3659cd35b042","century21","","","","Les Berges Du Lac","TUNIS","north","Rent","Commercial","2026-03-24T13:12:55.208263","new","","","20"
"185","century21_361caf169058","century21","","","","El Menzah","TUNIS","north","Rent","Apartment","2026-03-24T13:19:36.349176","new","","","25"
"186","century21_347f54f1f121","century21","","","","Ain Zaghouan","TUNIS","north","Rent","Apartment","2026-03-24T13:39:38.026227","new","","","25"
"187","century21_3572353f854b","century21","","","","El Menzah","TUNIS","north","Rent","Apartment","2026-03-24T13:37:25.882329","new","","","20"
"188","century21_366a8e518bcc","century21","","","","Les Berges Du Lac","TUNIS","north","Rent","Villa","2026-03-24T13:42:55.312915","new","","","25"
"189","century21_356e73a2bfcf","century21","","","","El Kram","TUNIS","north","Rent","Commercial","2026-03-24T13:35:02.160753","new","","","25"
"190","century21_362465b3895d","century21","","","","Gammarth","TUNIS","north","Rent","Villa","2026-03-24T13:11:52.674391","new","","","25"
"191","century21_348d3180e07b","century21","","","","Ennasr","ARIANA","north","Sale","Apartment","2026-03-24T12:26:21.025235","new","","","20"
"192","century21_3452f4daaec0","century21","","","","Jardins De Carthage","TUNIS","north","Sale","Apartment","2026-03-24T13:01:59.963136","new","","","25"
"193","century21_353f1ebac7e7","century21","","","","El Menzah","TUNIS","north","Rent","Apartment","2026-03-24T13:18:16.046284","new","","","25"
"194","century21_3c8ed2535105","century21","","","","Les Berges Du Lac","TUNIS","north","Rent","Commercial","2026-03-24T13:40:35.238553","new","","","25"
"195","century21_3c6dd314328c","century21","","","","Ennasr","ARIANA","north","Sale","Apartment","2026-03-24T12:43:52.478850","new","","","25"
"196","century21_377e6962b7a4","century21","","","","La Marsa","TUNIS","north","Rent","Apartment","2026-03-24T13:16:01.340156","new","","","25"
"197","century21_3c1ae4d49e2c","century21","","","","La Soukra","ARIANA","north","Sale","Villa","2026-03-24T13:07:58.233988","new","","","25"
"198","century21_39b0e3338d5c","century21","","","","Bab Bhar","TUNIS","north","Rent","Commercial","2026-03-24T13:28:58.986248","new","","","25"
"199","century21_394dc6c6335c","century21","","","","Jardins De Carthage","TUNIS","north","Sale","Commercial","2026-03-24T12:53:32.544560","new","","","25"
"200","century21_39fc5f9a7f3d","century21","","","","La Soukra","ARIANA","north","Sale","Apartment","2026-03-24T12:51:56.658264","new","","","25"
"201","century21_3a705557f848","century21","","","","La Soukra","ARIANA","north","Sale","Commercial","2026-03-24T12:41:56.105802","new","","","20"
"202","century21_3839f8e04965","century21","","","","El Menzah","ARIANA","north","Sale","Land","2026-03-24T13:05:18.810651","new","","","25"
"203","century21_399e190c1aab","century21","","","","La Soukra","ARIANA","north","Sale","Apartment","2026-03-24T12:31:43.778203","new","","","25"
"204","century21_3e63579bc109","century21","","","","La Soukra","ARIANA","north","Sale","Commercial","2026-03-24T13:03:42.742039","new","","","20"
"205","century21_3cd545d39ca4","century21","","","","Menzel Temime","NABEUL","north","Sale","Land","2026-03-24T13:08:18.238664","new","","","20"
"206","century21_3f9be412ebe8","century21","","","","Bab Bhar","TUNIS","north","Rent","Commercial","2026-03-24T13:21:43.173454","new","","","25"
"207","century21_3e30dfca147e","century21","","","","La Soukra","ARIANA","north","Sale","Land","2026-03-24T12:46:19.019487","new","","","20"
"208","century21_3dd3d5649a08","century21","","","","Nabeul","NABEUL","north","Rent","Commercial","2026-03-24T13:19:54.989904","new","","","20"
"209","century21_4000","century21","","","","Les Berges Du Lac","TUNIS","north","Rent","Commercial","2026-03-24T13:43:45.720069","new","","","25"
"210","century21_3d6c56be89e6","century21","","","","El Menzah","ARIANA","north","Sale","Land","2026-03-24T13:03:22.544989","new","","","20"
"211","century21_3d40f647ef38","century21","","","","Ariana Ville","ARIANA","north","Sale","Commercial","2026-03-24T12:38:54.681180","new","","","25"
"212","century21_3eeb298bd730","century21","","","","El Menzah","TUNIS","north","Rent","Commercial","2026-03-24T13:34:00.823077","new","","","20"
"213","century21_3eb5b0e9318b","century21","","","","Cite El Khadra","TUNIS","north","Sale","Commercial","2026-03-24T12:55:38.573251","new","","","20"
"214","century21_410a0b71600a","century21","","","","La Soukra","ARIANA","north","Sale","Apartment","2026-03-24T12:59:32.119147","new","","","25"
"215","century21_430a2b3e3d56","century21","","","","Jardins De Carthage","TUNIS","north","Sale","Apartment","2026-03-24T12:49:58.789616","new","","","25"
"216","century21_43c73f15dc02","century21","","","","La Marsa","TUNIS","north","Rent","Villa","2026-03-24T13:45:18.746421","new","","","25"
"217","century21_42260c34c5da","century21","","","","Aouina","TUNIS","north","Sale","Apartment","2026-03-24T12:26:43.934275","new","","","25"
"218","century21_411322c92dd6","century21","","","","Jardins De Carthage","TUNIS","north","Rent","Commercial","2026-03-24T13:47:32.807372","new","","","25"
"219","century21_441acd868ad7","century21","","","","Jardins De Carthage","TUNIS","north","Rent","Apartment","2026-03-24T13:44:59.957572","new","","","25"
"220","century21_43de84c63f1a","century21","","","","La Soukra","ARIANA","north","Sale","Land","2026-03-24T12:35:00.090418","new","","","25"
"221","century21_4469dfee02b5","century21","","","","Les Berges Du Lac","TUNIS","north","Rent","Commercial","2026-03-24T13:44:41.365176","new","","","25"
"222","century21_42bcdb78bfaf","century21","","","","Mannouba","MANNOUBA","","Sale","Apartment","2026-03-24T12:54:38.896786","new","","","25"
"223","century21_446a679ce31f","century21","","","","Jardins D'El Menzah","ARIANA","north","Sale","Apartment","2026-03-24T12:41:38.380421","new","","","25"
"224","century21_48d7fd5f468a","century21","","","","Gammarth","TUNIS","north","Sale","Villa","2026-03-24T12:36:13.715561","new","","","25"
"225","century21_490963ff1f23","century21","","","","Les Berges Du Lac","TUNIS","north","Rent","Villa","2026-03-24T13:46:37.239579","new","","","25"
"226","century21_45b1a02669b7","century21","","","","Jardins De Carthage","TUNIS","north","Sale","Apartment","2026-03-24T12:38:47.442123","new","","","25"
"227","century21_462ff2b648c9","century21","","","","Les Berges Du Lac","TUNIS","north","Rent","Villa","2026-03-24T13:22:04.448460","new","","","25"
"228","century21_470ba187fcfe","century21","","","","Les Berges Du Lac","TUNIS","north","Rent","Apartment","2026-03-24T13:34:06.844448","new","","","25"
"229","century21_4986433c866a","century21","","","","El Menzah","ARIANA","north","Rent","Commercial","2026-03-24T13:10:02.783917","new","","","20"
"230","century21_4a1a3f49ab4f","century21","","","","Jardins De Carthage","TUNIS","north","Sale","Apartment","2026-03-24T12:52:10.262487","new","","","25"
"231","century21_455946eedb91","century21","","","","Kalaa Essghira","SOUSSE","east","Sale","Land","2026-03-24T12:34:08.700841","new","","","20"
"232","century21_48c58b99c641","century21","","","","Nabeul","NABEUL","north","Sale","Apartment","2026-03-24T12:26:56.798242","new","","","25"
"233","century21_4a3c491f25fd","century21","","","","Jardins De Carthage","TUNIS","north","Sale","Apartment","2026-03-24T12:52:03.563868","new","","","25"
"234","century21_4a769158cac2","century21","","","","Nabeul","NABEUL","north","Sale","Apartment","2026-03-24T12:37:05.237976","new","","","25"
"235","century21_4b21ebbe8ee4","century21","","","","Ain Zaghouan","TUNIS","north","Sale","Apartment","2026-03-24T12:47:51.330201","new","","","25"
"236","century21_4c06b43c068a","century21","","","","Sidi El Bechir","TUNIS","north","Rent","Commercial","2026-03-24T13:14:59.359600","new","","","25"
"237","century21_4a4184c24202","century21","","","","Beni Khalled","NABEUL","north","Sale","Land","2026-03-24T12:42:57.869379","new","","","25"
"238","century21_4b5c78f2f511","century21","","","","Ariana Ville","ARIANA","north","Rent","Commercial","2026-03-24T13:15:30.679002","new","","","25"
"239","century21_4a6df658f0a8","century21","","","","Le Bardo","TUNIS","north","Sale","Land","2026-03-24T13:04:27.661367","new","","","25"
"240","century21_4b02b4e15188","century21","","","","Aouina","TUNIS","north","Sale","Commercial","2026-03-24T12:32:10.296841","new","","","20"
"241","century21_4b4643733019","century21","","","","La Soukra","ARIANA","north","Rent","Apartment","2026-03-24T13:19:48.466143","new","","","25"
"242","century21_4b5c2188f9db","century21","","","","Jardins De Carthage","TUNIS","north","Sale","Commercial","2026-03-24T13:09:35.070012","new","","","25"
"243","century21_4c157498d1d8","century21","","","","La Soukra","ARIANA","north","Rent","Commercial","2026-03-24T13:47:25.268103","new","","","20"
"244","century21_501b93b327b8","century21","","","","Cite El Khadra","TUNIS","north","Rent","Apartment","2026-03-24T13:21:15.071427","new","","","25"
"245","century21_4cba290f2698","century21","","","","El Menzah","TUNIS","north","Rent","Villa","2026-03-24T13:34:14.447448","new","","","25"
"246","century21_4f7ed59b0d73","century21","","","","Gammarth","TUNIS","north","Sale","Land","2026-03-24T12:42:18.629971","new","","","25"
"247","century21_4e557c74b52b","century21","","","","Charguia","TUNIS","north","Rent","Commercial","2026-03-24T13:11:31.030937","new","","","20"
"248","century21_4c5e7fbb0f02","century21","","","","Les Berges Du Lac","TUNIS","north","Rent","Commercial","2026-03-24T13:43:53.145989","new","","","25"
"249","century21_4ee525e2ee79","century21","","","","Nabeul","NABEUL","north","Sale","Villa","2026-03-24T12:44:05.527860","new","","","25"
"250","century21_4e520ff08ade","century21","","","","El Menzah","TUNIS","north","Rent","Apartment","2026-03-24T13:10:22.759345","new","","","25"
"251","century21_4c7b3f4d179d","century21","","","","Ain Zaghouan","TUNIS","north","Rent","Apartment","2026-03-24T13:17:47.690331","new","","","10"
"252","century21_4d5476cf977d","century21","","","","La Soukra","ARIANA","north","Sale","Land","2026-03-24T12:58:27.498368","new","","","25"
"253","century21_50636c9a39c7","century21","","","","Gammarth","TUNIS","north","Sale","Apartment","2026-03-24T13:01:22.167346","new","","","25"
"254","century21_50a847604d7c","century21","","","","La Soukra","ARIANA","north","Sale","Apartment","2026-03-24T12:38:01.479058","new","","","20"
"255","century21_5175b1d86474","century21","","","","Carthage","TUNIS","north","Rent","Land","2026-03-24T13:14:38.185426","new","","","25"
"256","century21_50ffd55154a0","century21","","","","La Soukra","ARIANA","north","Rent","Commercial","2026-03-24T13:43:19.317457","new","","","25"
"257","century21_508fb5edc35b","century21","","","","La Soukra","ARIANA","north","Rent","Villa","2026-03-24T13:20:05.532715","new","","","10"
"258","century21_51be6fa113ce","century21","","","","Les Berges Du Lac","TUNIS","north","Rent","Apartment","2026-03-24T13:28:28.974740","new","","","25"
"259","century21_5076adb84682","century21","","","","La Marsa","TUNIS","north","Rent","Apartment","2026-03-24T13:31:30.663756","new","","","25"
"260","century21_5111d5dc5fea","century21","","","","Gammarth","TUNIS","north","Sale","Apartment","2026-03-24T12:25:14.954707","new","","","25"
"261","century21_50eca2e7224c","century21","","","","Nabeul","NABEUL","north","Sale","Apartment","2026-03-24T12:56:59.869197","new","","","25"
"262","century21_50d25f4fe096","century21","","","","Jardins De Carthage","TUNIS","north","Sale","Commercial","2026-03-24T12:54:11.074189","new","","","25"
"263","century21_50f64f9a56ed","century21","","","","Les Berges Du Lac","TUNIS","north","Rent","Commercial","2026-03-24T13:44:28.452909","new","","","25"
"264","century21_53e37616a1dc","century21","","","","El Menzah","ARIANA","north","Sale","Land","2026-03-24T12:48:37.270224","new","","","25"
"265","century21_58c425a613bd","century21","","","","La Marsa","TUNIS","north","Rent","Apartment","2026-03-24T13:22:53.989516","new","","","25"
"266","century21_550ea00e206f","century21","","","","Les Berges Du Lac","TUNIS","north","Rent","Apartment","2026-03-24T13:31:03.615643","new","","","25"
"267","century21_5633c68db875","century21","","","","Ain Zaghouan","TUNIS","north","Sale","Apartment","2026-03-24T12:39:55.891131","new","","","25"
"268","century21_54aaa0e8825a","century21","","","","Les Berges Du Lac","TUNIS","north","Rent","Commercial","2026-03-24T13:44:22.497215","new","","","25"
"269","century21_55e26d9bdc16","century21","","","","Ain Zaghouan","TUNIS","north","Rent","Apartment","2026-03-24T13:10:55.029780","new","","","25"
"270","century21_5636634e4b21","century21","","","","Les Berges Du Lac","TUNIS","north","Rent","Commercial","2026-03-24T13:29:37.290002","new","","","25"
"271","century21_565a48977ba5","century21","","","","La Soukra","ARIANA","north","Sale","Commercial","2026-03-24T13:02:06.064557","new","","","25"
"272","century21_55f3b1f1fcf3","century21","","","","Jardins De Carthage","TUNIS","north","Rent","Commercial","2026-03-24T13:28:23.864375","new","","","25"
"273","century21_539749d7e32e","century21","","","","La Soukra","ARIANA","north","Sale","Apartment","2026-03-24T13:06:33.204117","new","","","25"
"274","century21_5f9bfd649618","century21","","","","La Soukra","ARIANA","north","Rent","Commercial","2026-03-24T13:43:33.234372","new","","","25"
"275","century21_5ce2cc2b2a07","century21","","","","Jardins De Carthage","TUNIS","north","Rent","Apartment","2026-03-24T13:15:36.620155","new","","","25"
"276","century21_59cde04c053e","century21","","","","Ain Zaghouan","TUNIS","north","Sale","Apartment","2026-03-24T13:01:46.811435","new","","","25"
"277","century21_5bd2ca303bbf","century21","","","","Jardins De Carthage","TUNIS","north","Sale","Apartment","2026-03-24T12:31:09.928142","new","","","25"
"278","century21_5b4b94141d15","century21","","","","El Menzah","TUNIS","north","Sale","Villa","2026-03-24T12:48:43.222526","new","","","25"
"279","century21_58d5e550d7ab","century21","","","","La Marsa","TUNIS","north","Rent","Apartment","2026-03-24T13:40:17.441528","new","","","25"
"280","century21_5f6930bea10f","century21","","","","La Soukra","ARIANA","north","Sale","Land","2026-03-24T12:49:33.127933","new","","","25"
"281","century21_5b6afc354884","century21","","","","La Marsa","TUNIS","north","Rent","Apartment","2026-03-24T13:27:20.780137","new","","","25"
"282","century21_5a375f842354","century21","","","","La Soukra","ARIANA","north","Sale","Villa","2026-03-24T12:56:20.071204","new","","","25"
"283","century21_592c386e050b","century21","","","","Aouina","TUNIS","north","Rent","Apartment","2026-03-24T13:31:42.932197","new","","","25"
"284","century21_634063f0598a","century21","","","","El Menzah","ARIANA","north","Sale","Villa","2026-03-24T12:39:28.763397","new","","","25"
"285","century21_60e51c18fffa","century21","","","","El Menzah","TUNIS","north","Sale","Villa","2026-03-24T13:00:47.331640","new","","","20"
"286","century21_6265d73de2d9","century21","","","","El Menzah","TUNIS","north","Rent","Commercial","2026-03-24T13:39:24.772095","new","","","25"
"287","century21_605a11c9849c","century21","","","","El Menzah","TUNIS","north","Rent","Apartment","2026-03-24T13:21:49.668338","new","","","20"
"288","century21_6164bf018247","century21","","","","El Menzah","TUNIS","north","Sale","Villa","2026-03-24T13:08:38.358497","new","","","25"
"289","century21_640f193bf6cb","century21","","","","La Marsa","TUNIS","north","Rent","Villa","2026-03-24T13:41:05.800435","new","","","25"
"290","century21_627a3854a9b4","century21","","","","El Menzah","TUNIS","north","Sale","Land","2026-03-24T13:05:05.821751","new","","","25"
"291","century21_64c62b5c0537","century21","","","","Ain Zaghouan","TUNIS","north","Rent","Villa","2026-03-24T13:13:29.140238","new","","","20"
"292","century21_616d0dc6d4f0","century21","","","","El Menzah","ARIANA","north","Sale","Land","2026-03-24T13:06:03.371902","new","","","25"
"293","century21_61962845b5e5","century21","","","","El Menzah","ARIANA","north","Sale","Apartment","2026-03-24T12:55:58.061428","new","","","20"
"294","century21_66561502f479","century21","","","","Les Berges Du Lac","TUNIS","north","Sale","Villa","2026-03-24T12:48:04.483891","new","","","25"
"295","century21_683bdd2cc312","century21","","","","Jardins De Carthage","TUNIS","north","Sale","Land","2026-03-24T12:37:11.410821","new","","","25"
"296","century21_6c697f88f16a","century21","","","","La Soukra","ARIANA","north","Sale","Apartment","2026-03-24T12:40:23.965724","new","","","25"
"297","century21_68c028a02771","century21","","","","La Soukra","ARIANA","north","Sale","Villa","2026-03-24T12:47:16.634515","new","","","25"
"298","century21_692ec1ce27af","century21","","","","Aouina","TUNIS","north","Rent","Commercial","2026-03-24T13:40:41.649683","new","","","25"
"299","century21_67d2a22be7ae","century21","","","","Cite El Khadra","TUNIS","north","Sale","Apartment","2026-03-24T12:49:02.110205","new","","","25"
"300","century21_6c682d1ed2b3","century21","","","","La Marsa","TUNIS","north","Rent","Commercial","2026-03-24T13:23:32.467229","new","","","20"
"301","century21_6835a1029b1e","century21","","","","Ennasr","ARIANA","north","Sale","Apartment","2026-03-24T12:32:35.368126","new","","","20"
"302","century21_6b303403443a","century21","","","","Les Berges Du Lac","TUNIS","north","Rent","Apartment","2026-03-24T13:37:32.320611","new","","","25"
"303","century21_66ed816f387a","century21","","","","La Soukra","ARIANA","north","Sale","Apartment","2026-03-24T12:24:49.135934","new","","","25"
"304","century21_6e5906eef22c","century21","","","","Ennasr","ARIANA","north","Rent","Apartment","2026-03-24T13:13:59.403988","new","","","25"
"305","century21_6ddd941d84b6","century21","","","","Jardins De Carthage","TUNIS","north","Sale","Apartment","2026-03-24T12:42:27.300675","new","","","25"
"306","century21_71418f16d6b7","century21","","","","Jardins De Carthage","TUNIS","north","Sale","Apartment","2026-03-24T13:09:41.094716","new","","","25"
"307","century21_6e681489a461","century21","","","","El Kram","TUNIS","north","Sale","Land","2026-03-24T12:38:32.651111","new","","","25"
"308","century21_7147c15d2ec4","century21","","","","El Menzah","ARIANA","north","Rent","Apartment","2026-03-24T13:24:19.336551","new","","","20"
"309","century21_7142a9e06b2b","century21","","","","Jardins De Carthage","TUNIS","north","Rent","Commercial","2026-03-24T13:37:39.849561","new","","","25"
"310","century21_6f8a0f16ae24","century21","","","","El Menzah","TUNIS","north","Rent","Commercial","2026-03-24T13:39:32.000003","new","","","25"
"311","century21_6d854c28ccad","century21","","","","Mnihla","ARIANA","north","Sale","Apartment","2026-03-24T12:32:28.234646","new","","","25"
"312","century21_6d514e90d630","century21","","","","El Menzah","TUNIS","north","Rent","Commercial","2026-03-24T13:15:20.989791","new","","","25"
"313","century21_6fd33c2263ab","century21","","","","Jardins D'El Menzah","ARIANA","north","Sale","Apartment","2026-03-24T12:36:21.331834","new","","","25"
"314","century21_72da86bac748","century21","","","","Cite El Khadra","TUNIS","north","Rent","Commercial","2026-03-24T13:30:29.012753","new","","","25"
"315","century21_74ad3c248c3a","century21","","","","Jardins De Carthage","TUNIS","north","Sale","Villa","2026-03-24T13:08:54.253594","new","","","25"
"316","century21_755a4e572bd1","century21","","","","Gammarth","TUNIS","north","Rent","Villa","2026-03-24T13:34:28.398914","new","","","25"
"317","century21_757cc4888649","century21","","","","Les Berges Du Lac","TUNIS","north","Rent","Commercial","2026-03-24T13:22:24.828050","new","","","25"
"318","century21_754ff3689da4","century21","","","","La Marsa","TUNIS","north","Rent","Apartment","2026-03-24T13:22:37.979459","new","","","25"
"319","century21_715f4f05e1a8","century21","","","","Bab Bhar","TUNIS","north","Rent","Commercial","2026-03-24T13:11:21.375859","new","","","25"
"320","century21_76c858e7fd9f","century21","","","","Cite El Khadra","TUNIS","north","Rent","Commercial","2026-03-24T13:29:19.338517","new","","","25"
"321","century21_738a55465c2e","century21","","","","La Soukra","ARIANA","north","Rent","Villa","2026-03-24T13:16:32.916618","new","","","25"
"322","century21_75ab39b53f3f","century21","","","","La Soukra","ARIANA","north","Sale","Villa","2026-03-24T13:07:08.984694","new","","","25"
"323","century21_756e82d9bb3b","century21","","","","Raoued","ARIANA","north","Sale","Apartment","2026-03-24T12:29:00.119092","new","","","25"
"324","century21_78ae1edde1b1","century21","","","","El Menzah","TUNIS","north","Rent","Commercial","2026-03-24T13:11:00.719862","new","","","25"
"325","century21_781d74614b9f","century21","","","","Les Berges Du Lac","TUNIS","north","Sale","Commercial","2026-03-24T12:29:58.144943","new","","","25"
"326","century21_76f0d31fb910","century21","","","","Menzel Temime","NABEUL","north","Sale","Land","2026-03-24T13:08:26.486142","new","","","20"
"327","century21_789146430df3","century21","","","","Nabeul","NABEUL","north","Sale","Apartment","2026-03-24T12:38:25.024811","new","","","20"
"328","century21_79c05035778c","century21","","","","Les Berges Du Lac","TUNIS","north","Sale","Apartment","2026-03-24T12:33:40.229647","new","","","25"
"329","century21_797d3289a1bd","century21","","","","Bab Bhar","TUNIS","north","Rent","Commercial","2026-03-24T13:29:05.186822","new","","","20"
"330","century21_787c22963e1a","century21","","","","La Soukra","ARIANA","north","Sale","Land","2026-03-24T12:47:08.421621","new","","","25"
"331","century21_778bb258cbd3","century21","","","","Mannouba","MANNOUBA","","Sale","Villa","2026-03-24T12:52:56.121986","new","","","25"
"332","century21_796a61586351","century21","","","","La Soukra","ARIANA","north","Sale","Villa","2026-03-24T12:57:27.367486","new","","","25"
"333","century21_7935bd52e199","century21","","","","La Soukra","ARIANA","north","Rent","Commercial","2026-03-24T13:23:13.997449","new","","","20"
"334","century21_7a3cb91b277d","century21","","","","La Soukra","ARIANA","north","Sale","Land","2026-03-24T12:35:35.272105","new","","","25"
"335","century21_7c7f2091cc8a","century21","","","","Gammarth","TUNIS","north","Rent","Villa","2026-03-24T13:30:56.909564","new","","","25"
"336","century21_7a688ba5a493","century21","","","","La Marsa","TUNIS","north","Rent","Villa","2026-03-24T13:36:02.224900","new","","","25"
"337","century21_7d00b3666184","century21","","","","Nabeul","NABEUL","north","Sale","Apartment","2026-03-24T13:09:47.365699","new","","","25"
"338","century21_7cd1268382a3","century21","","","","Les Berges Du Lac","TUNIS","north","Rent","Commercial","2026-03-24T13:34:56.253558","new","","","25"
"339","century21_7c20e31eae96","century21","","","","Jardins De Carthage","TUNIS","north","Sale","Apartment","2026-03-24T12:25:47.779319","new","","","25"
"340","century21_7d9fd3df44af","century21","","","","Cite El Khadra","TUNIS","north","Rent","Commercial","2026-03-24T13:24:12.947471","new","","","25"
"341","century21_7cc3b9e29c06","century21","","","","La Soukra","ARIANA","north","Sale","Apartment","2026-03-24T13:09:09.895065","new","","","25"
"342","century21_7cbe93a685ef","century21","","","","Jardins De Carthage","TUNIS","north","Rent","Villa","2026-03-24T13:30:44.190753","new","","","25"
"343","century21_7ae50c871d49","century21","","","","El Menzah","ARIANA","north","Sale","Land","2026-03-24T12:58:20.679196","new","","","20"
"344","century21_7ec361936ec1","century21","","","","Ariana Ville","ARIANA","north","Sale","Apartment","2026-03-24T12:35:05.249770","new","","","25"
"345","century21_80abfd0d2296","century21","","","","Carthage","TUNIS","north","Rent","Commercial","2026-03-24T13:18:05.244196","new","","","25"
"346","century21_7f914016776d","century21","","","","Korba","NABEUL","north","Sale","Land","2026-03-24T13:05:51.027643","new","","","20"
"347","century21_817792fa4c7e","century21","","","","Cité Mahrajène","TUNIS","north","Rent","Villa","2026-03-24T13:20:24.997926","new","","","25"
"348","century21_8031726f1280","century21","","","","El Menzah","TUNIS","north","Rent","Commercial","2026-03-24T13:33:40.390909","new","","","20"
"349","century21_7de5971479c9","century21","","","","Nabeul","NABEUL","north","Sale","Apartment","2026-03-24T12:58:00.399890","new","","","25"
"350","century21_7dd43c0df833","century21","","","","Ennasr","ARIANA","north","Rent","Commercial","2026-03-24T13:46:44.758457","new","","","20"
"351","century21_7f0a5399e2b4","century21","","","","Ain Zaghouan","TUNIS","north","Sale","Villa","2026-03-24T12:42:33.788175","new","","","30"
"352","century21_7f9b6500d0f0","century21","","","","El Menzah","ARIANA","north","Rent","Commercial","2026-03-24T13:41:44.053389","new","","","25"
"353","century21_815677f09b1d","century21","","","","La Marsa","TUNIS","north","Rent","Apartment","2026-03-24T13:42:30.037648","new","","","25"
"354","century21_82b6456a563a","century21","","","","Menzel Temime","NABEUL","north","Sale","Land","2026-03-24T13:08:31.771823","new","","","20"
"355","century21_81bf62316cc6","century21","","","","Sidi Thabet","ARIANA","north","Sale","Land","2026-03-24T12:57:34.318529","new","","","25"
"356","century21_82d0cde74c9a","century21","","","","Jardins De Carthage","TUNIS","north","Sale","Apartment","2026-03-24T12:46:41.186498","new","","","25"
"357","century21_83af5afe2ea1","century21","","","","Jardins De Carthage","TUNIS","north","Rent","Apartment","2026-03-24T13:27:06.561019","new","","","25"
"358","century21_85675cfd030e","century21","","","","La Marsa","TUNIS","north","Rent","Villa","2026-03-24T13:26:12.661552","new","","","25"
"359","century21_8631fc65b90e","century21","","","","El Menzah","ARIANA","north","Rent","Apartment","2026-03-24T13:28:16.740478","new","","","25"
"360","century21_839d3b3c6d14","century21","","","","La Marsa","TUNIS","north","Rent","Commercial","2026-03-24T13:28:42.791793","new","","","25"
"361","century21_8489febc2177","century21","","","","La Soukra","ARIANA","north","Sale","Land","2026-03-24T13:02:23.615026","new","","","25"
"362","century21_834d120ea15d","century21","","","","La Soukra","ARIANA","north","Sale","Land","2026-03-24T13:08:12.523632","new","","","20"
"363","century21_86396b55ebe2","century21","","","","El Menzah","TUNIS","north","Rent","Commercial","2026-03-24T13:20:42.706834","new","","","25"
"364","century21_86942b73fbcf","century21","","","","Mnihla","ARIANA","north","Sale","Apartment","2026-03-24T12:40:16.391804","new","","","25"
"365","century21_8b582faccb74","century21","","","","Nabeul","NABEUL","north","Sale","Apartment","2026-03-24T12:45:26.192253","new","","","25"
"366","century21_89b010eb2368","century21","","","","Sousse Ville","SOUSSE","east","Rent","Commercial","2026-03-24T13:38:12.907854","new","","","25"
"367","century21_8a90b246d2de","century21","","","","Nabeul","NABEUL","north","Rent","Villa","2026-03-24T13:33:21.937306","new","","","25"
"368","century21_8aa08f52aae1","century21","","","","El Menzah","ARIANA","north","Rent","Commercial","2026-03-24T13:42:16.048127","new","","","25"
"369","century21_87563288e275","century21","","","","Jardins De Carthage","TUNIS","north","Rent","Apartment","2026-03-24T13:17:18.459777","new","","","25"
"370","century21_87de32be35fe","century21","","","","El Menzah","ARIANA","north","Sale","Apartment","2026-03-24T12:57:07.517734","new","","","25"
"371","century21_8876bac772a4","century21","","","","Jardins De Carthage","TUNIS","north","Rent","Apartment","2026-03-24T13:15:48.772781","new","","","25"
"372","century21_863cb3c3f707","century21","","","","Ain Zaghouan","TUNIS","north","Rent","Commercial","2026-03-24T13:22:18.399906","new","","","20"
"373","century21_8717e34abd61","century21","","","","Jardins De Carthage","TUNIS","north","Rent","Villa","2026-03-24T13:30:05.780490","new","","","25"
"374","century21_8f341ed5e892","century21","","","","La Soukra","ARIANA","north","Sale","Land","2026-03-24T12:53:02.272957","new","","","25"
"375","century21_8ca1d302691c","century21","","","","Les Berges Du Lac","TUNIS","north","Rent","Commercial","2026-03-24T13:15:42.445118","new","","","20"
"376","century21_946f90390547","century21","","","","Nabeul","NABEUL","north","Sale","Commercial","2026-03-24T13:08:59.150180","new","","","25"
"377","century21_91da7da468e0","century21","","","","Les Berges Du Lac","TUNIS","north","Rent","Commercial","2026-03-24T13:37:51.247124","new","","","25"
"378","century21_8f3d937612a6","century21","","","","La Soukra","ARIANA","north","Rent","Villa","2026-03-24T13:45:53.083936","new","","","25"
"379","century21_8c94c982120f","century21","","","","La Soukra","ARIANA","north","Sale","Apartment","2026-03-24T12:35:28.046806","new","","","25"
"380","century21_92e6ed659740","century21","","","","Ariana Ville","ARIANA","north","Sale","Apartment","2026-03-24T12:47:23.873816","new","","","25"
"381","century21_94da036c3ec1","century21","","","","La Marsa","TUNIS","north","Rent","Villa","2026-03-24T13:21:27.859026","new","","","20"
"382","century21_904e83b8948a","century21","","","","Gammarth","TUNIS","north","Sale","Apartment","2026-03-24T12:48:12.130193","new","","","25"
"383","century21_8b99df5e2408","century21","","","","La Marsa","TUNIS","north","Rent","Villa","2026-03-24T13:43:27.804467","new","","","25"
"384","century21_99717a3e0ca6","century21","","","","Les Berges Du Lac","TUNIS","north","Rent","Commercial","2026-03-24T13:31:25.047619","new","","","25"
"385","century21_95273a01f9ee","century21","","","","La Soukra","ARIANA","north","Sale","Land","2026-03-24T13:01:53.017891","new","","","25"
"386","century21_954fd78ff3d7","century21","","","","Jardins De Carthage","TUNIS","north","Rent","Apartment","2026-03-24T13:14:32.675080","new","","","25"
"387","century21_96d230cd3f3a","century21","","","","El Menzah","TUNIS","north","Sale","Land","2026-03-24T12:35:15.035677","new","","","25"
"388","century21_958abcf541a6","century21","","","","Jardins De Carthage","TUNIS","north","Rent","Apartment","2026-03-24T13:29:30.678525","new","","","25"
"389","century21_972f52ed789f","century21","","","","El Menzah","ARIANA","north","Rent","Commercial","2026-03-24T13:42:10.322450","new","","","20"
"390","century21_992cedccc482","century21","","","","La Soukra","ARIANA","north","Sale","Commercial","2026-03-24T12:50:06.754812","new","","","20"
"391","century21_963d778f6aac","century21","","","","Cite El Khadra","TUNIS","north","Rent","Commercial","2026-03-24T13:22:31.538827","new","","","25"
"392","century21_98a67292a7cd","century21","","","","Aouina","TUNIS","north","Sale","Apartment","2026-03-24T12:28:47.277074","new","","","25"
"393","century21_96acb2681314","century21","","","","Jardins De Carthage","TUNIS","north","Sale","Apartment","2026-03-24T12:57:55.186330","new","","","25"
"394","century21_9c63963d046c","century21","","","","Nabeul","NABEUL","north","Sale","Apartment","2026-03-24T12:59:56.320804","new","","","25"
"395","century21_9bd71bf6fbb7","century21","","","","Bab Bhar","TUNIS","north","Rent","Commercial","2026-03-24T13:27:12.673415","new","","","25"
"396","century21_9d34722db65a","century21","","","","Jardins D'El Menzah","ARIANA","north","Sale","Villa","2026-03-24T12:42:40.161314","new","","","25"
"397","century21_9af68797b295","century21","","","","El Menzah","TUNIS","north","Rent","Commercial","2026-03-24T13:39:54.930761","new","","","25"
"398","century21_99958910d407","century21","","","","La Marsa","TUNIS","north","Rent","Apartment","2026-03-24T13:25:26.841698","new","","","25"
"399","century21_9b8b71718aec","century21","","","","Hammamet","NABEUL","north","Rent","Villa","2026-03-24T13:26:46.114657","new","","","25"
"400","century21_9b5af356af02","century21","","","","Nabeul","NABEUL","north","Sale","Apartment","2026-03-24T12:41:19.923409","new","","","25"
"401","century21_9a1bc93ebfc2","century21","","","","Ain Zaghouan","TUNIS","north","Sale","Apartment","2026-03-24T12:59:08.939397","new","","","25"
"402","century21_9bbc7470bfb3","century21","","","","Nabeul","NABEUL","north","Sale","Apartment","2026-03-24T12:40:45.821154","new","","","25"
"403","century21_99beb569ad38","century21","","","","Jardins De Carthage","TUNIS","north","Rent","Apartment","2026-03-24T13:41:00.671092","new","","","25"
"404","century21_9d6f9eaf4122","century21","","","","Megrine","BEN AROUS","north","Sale","Villa","2026-03-24T12:45:01.376212","new","","","25"
"405","century21_a31b48686fd2","century21","","","","El Menzah","ARIANA","north","Sale","Land","2026-03-24T12:54:56.173181","new","","","25"
"406","century21_a07191c60838","century21","","","","El Menzah","ARIANA","north","Rent","Apartment","2026-03-24T13:19:16.482872","new","","","20"
"407","century21_a1a09a825273","century21","","","","Jardins De Carthage","TUNIS","north","Sale","Apartment","2026-03-24T13:01:29.041284","new","","","25"
"408","century21_a06a868f83c9","century21","","","","El Menzah","ARIANA","north","Sale","Apartment","2026-03-24T13:04:19.204827","new","","","25"
"409","century21_a1c179145a7d","century21","","","","Mnihla","ARIANA","north","Sale","Apartment","2026-03-24T12:30:35.068647","new","","","25"
"410","century21_9ea4d1e31d61","century21","","","","Hammamet","NABEUL","north","Sale","Villa","2026-03-24T12:27:20.745153","new","","","25"
"411","century21_a23998b12c08","century21","","","","La Marsa","TUNIS","north","Rent","Apartment","2026-03-24T13:45:24.581325","new","","","25"
"412","century21_a374c68a9bde","century21","","","","Les Berges Du Lac","TUNIS","north","Rent","Apartment","2026-03-24T13:42:36.039800","new","","","25"
"413","century21_a009a6e3ead9","century21","","","","Nabeul","NABEUL","north","Sale","Apartment","2026-03-24T13:02:47.794181","new","","","25"
"414","century21_a4fafc08c751","century21","","","","Hammam Sousse","SOUSSE","east","Rent","Apartment","2026-03-24T13:39:43.600918","new","","","25"
"415","century21_a980f894b5a4","century21","","","","La Marsa","TUNIS","north","Rent","Apartment","2026-03-24T13:38:05.426618","new","","","25"
"416","century21_a52669764594","century21","","","","Ariana Ville","ARIANA","north","Rent","Commercial","2026-03-24T13:25:19.297969","new","","","20"
"417","century21_a4cd98821e4d","century21","","","","Ain Zaghouan","TUNIS","north","Sale","Villa","2026-03-24T12:35:48.844961","new","","","25"
"418","century21_a57cf79f7989","century21","","","","Ennasr","ARIANA","north","Rent","Commercial","2026-03-24T13:44:54.934449","new","","","25"
"419","century21_ab6cd2a478c7","century21","","","","El Menzah","ARIANA","north","Sale","Land","2026-03-24T13:07:45.874505","new","","","25"
"420","century21_a7e8f40ae690","century21","","","","Ain Zaghouan","TUNIS","north","Rent","Commercial","2026-03-24T13:16:40.556042","new","","","20"
"421","century21_a5b93b9d14bf","century21","","","","Ain Zaghouan","TUNIS","north","Sale","Apartment","2026-03-24T13:03:48.990864","new","","","25"
"422","century21_a9d04213f7a8","century21","","","","Gammarth","TUNIS","north","Rent","Villa","2026-03-24T13:10:15.460249","new","","","25"
"423","century21_a8b0eb51e79f","century21","","","","Bab Bhar","TUNIS","north","Rent","Commercial","2026-03-24T13:26:39.019455","new","","","25"
"424","century21_ad5a47137725","century21","","","","La Soukra","ARIANA","north","Rent","Apartment","2026-03-24T13:26:01.123251","new","","","25"
"425","century21_ab82ea90c784","century21","","","","La Soukra","ARIANA","north","Sale","Villa","2026-03-24T12:58:32.572137","new","","","25"
"426","century21_ae1bc8fb8a13","century21","","","","Jardins De Carthage","TUNIS","north","Rent","Apartment","2026-03-24T13:18:43.784385","new","","","25"
"427","century21_addf8c287b09","century21","","","","La Marsa","TUNIS","north","Rent","Apartment","2026-03-24T13:24:44.566158","new","","","25"
"428","century21_afb0b252cb12","century21","","","","La Soukra","ARIANA","north","Sale","Villa","2026-03-24T13:03:55.869547","new","","","25"
"429","century21_afbba0d454ff","century21","","","","La Marsa","TUNIS","north","Sale","Villa","2026-03-24T12:37:19.156938","new","","","25"
"430","century21_af1b7b12d9fc","century21","","","","El Menzah","TUNIS","north","Rent","Commercial","2026-03-24T13:33:16.765192","new","","","20"
"431","century21_ae400a4c8edd","century21","","","","Ain Zaghouan","TUNIS","north","Sale","Apartment","2026-03-24T12:48:19.822809","new","","","25"
"432","century21_ae954f4eb4cc","century21","","","","Jardins De Carthage","TUNIS","north","Rent","Apartment","2026-03-24T13:23:56.839423","new","","","25"
"433","century21_ac31f05e19b3","century21","","","","El Menzah","TUNIS","north","Sale","Commercial","2026-03-24T12:53:49.807573","new","","","20"
"434","century21_b15db367220b","century21","","","","Jardins De Carthage","TUNIS","north","Rent","Apartment","2026-03-24T13:36:20.336922","new","","","25"
"435","century21_b09359734e9a","century21","","","","El Menzah","TUNIS","north","Sale","Apartment","2026-03-24T12:55:51.587819","new","","","25"
"436","century21_b193ec1b84d6","century21","","","","La Marsa","TUNIS","north","Sale","Villa","2026-03-24T12:57:19.427422","new","","","25"
"437","century21_b37375d81cc4","century21","","","","El Menzah","ARIANA","north","Sale","Commercial","2026-03-24T13:07:02.310217","new","","","20"
"438","century21_b36d9194b10a","century21","","","","Les Berges Du Lac","TUNIS","north","Rent","Apartment","2026-03-24T13:32:07.348176","new","","","25"
"439","century21_b45fd5a9d3f4","century21","","","","Jardins De Carthage","TUNIS","north","Rent","Apartment","2026-03-24T13:20:11.759634","new","","","25"
"440","century21_b1676b1d46e9","century21","","","","El Menzah","ARIANA","north","Rent","Apartment","2026-03-24T13:46:04.362187","new","","","25"
"441","century21_b0eb189339f8","century21","","","","Nabeul","NABEUL","north","Sale","Villa","2026-03-24T12:40:53.422624","new","","","25"
"442","century21_b3643df3f7b0","century21","","","","El Menzah","ARIANA","north","Rent","Commercial","2026-03-24T13:10:09.587758","new","","","25"
"443","century21_b03de67292c5","century21","","","","Bab Bhar","TUNIS","north","Rent","Commercial","2026-03-24T13:32:14.907501","new","","","25"
"444","century21_b9546f8655f7","century21","","","","Aouina","TUNIS","north","Rent","Apartment","2026-03-24T13:31:36.070454","new","","","25"
"445","century21_b6f8fced0fd5","century21","","","","Menzel Temime","NABEUL","north","Sale","Land","2026-03-24T12:46:48.022854","new","","","20"
"446","century21_b4960182fc3f","century21","","","","Bab Bhar","TUNIS","north","Rent","Commercial","2026-03-24T13:17:30.521774","new","","","25"
"447","century21_b92f0a6641b9","century21","","","","La Soukra","ARIANA","north","Rent","Commercial","2026-03-24T13:28:04.192312","new","","","20"
"448","century21_b9e77cf616bb","century21","","","","El Menzah","ARIANA","north","Rent","Commercial","2026-03-24T13:18:50.524720","new","","","25"
"449","century21_b72f877d814c","century21","","","","Gammarth","TUNIS","north","Sale","Apartment","2026-03-24T12:29:11.940323","new","","","20"
"450","century21_b9da3a56c371","century21","","","","La Soukra","ARIANA","north","Sale","Land","2026-03-24T12:34:38.231129","new","","","20"
"451","century21_b6babd94baa1","century21","","","","Cite El Khadra","TUNIS","north","Rent","Commercial","2026-03-24T13:26:05.872150","new","","","25"
"452","century21_b71bfd12715b","century21","","","","Ain Zaghouan","TUNIS","north","Rent","Apartment","2026-03-24T13:32:51.680587","new","","","25"
"453","century21_b48f2079acdb","century21","","","","Ennasr","ARIANA","north","Sale","Apartment","2026-03-24T12:31:38.109431","new","","","25"
"454","century21_bac3293f441b","century21","","","","La Soukra","ARIANA","north","Rent","Apartment","2026-03-24T13:16:16.997279","new","","","25"
"455","century21_bd8d4e1f9c91","century21","","","","Cite El Khadra","TUNIS","north","Rent","Apartment","2026-03-24T13:16:47.780253","new","","","25"
"456","century21_ba2192d89882","century21","","","","Charguia","TUNIS","north","Rent","Commercial","2026-03-24T13:23:19.501634","new","","","25"
"457","century21_bd89dbaf14b8","century21","","","","Jardins De Carthage","TUNIS","north","Sale","Villa","2026-03-24T12:47:01.827665","new","","","25"
"458","century21_bd763bd2bef0","century21","","","","Aouina","TUNIS","north","Sale","Apartment","2026-03-24T12:28:33.716983","new","","","20"
"459","century21_be5ecde39864","century21","","","","La Marsa","TUNIS","north","Rent","Apartment","2026-03-24T13:27:57.448828","new","","","25"
"460","century21_bc69bf86fbce","century21","","","","La Marsa","TUNIS","north","Rent","Commercial","2026-03-24T13:37:44.442537","new","","","25"
"461","century21_bb1421336558","century21","","","","Jardins De Carthage","TUNIS","north","Rent","Apartment","2026-03-24T13:30:39.636313","new","","","25"
"462","century21_bb9e7d54a5c5","century21","","","","La Marsa","TUNIS","north","Sale","Apartment","2026-03-24T12:31:26.445073","new","","","25"
"463","century21_bdc45546d4a9","century21","","","","Korba","NABEUL","north","Sale","Villa","2026-03-24T13:00:28.158882","new","","","20"
"464","century21_c0ecaf174a23","century21","","","","Ain Zaghouan","TUNIS","north","Sale","Apartment","2026-03-24T12:59:38.443786","new","","","25"
"465","century21_c78c5c8758e5","century21","","","","El Menzah","ARIANA","north","Rent","Land","2026-03-24T13:45:59.055754","new","","","25"
"466","century21_c7841bfe5cda","century21","","","","Ain Zaghouan","TUNIS","north","Sale","Villa","2026-03-24T12:50:21.613555","new","","","25"
"467","century21_c028c312677e","century21","","","","Les Berges Du Lac","TUNIS","north","Rent","Commercial","2026-03-24T13:14:53.042246","new","","","25"
"468","century21_c6474a5a2456","century21","","","","Nabeul","NABEUL","north","Sale","Land","2026-03-24T12:43:39.205401","new","","","20"
"469","century21_c440acfc52c4","century21","","","","Ain Zaghouan","TUNIS","north","Rent","Villa","2026-03-24T13:24:39.688064","new","","","20"
"470","century21_c346b130c69d","century21","","","","Aouina","TUNIS","north","Sale","Apartment","2026-03-24T12:37:32.958784","new","","","25"
"471","century21_c1e96ebf30af","century21","","","","Ain Zaghouan","TUNIS","north","Rent","Apartment","2026-03-24T13:24:26.444669","new","","","25"
"472","century21_bf926b86995c","century21","","","","Mnihla","ARIANA","north","Sale","Land","2026-03-24T12:40:39.579724","new","","","25"
"473","century21_c1433851a314","century21","","","","La Soukra","ARIANA","north","Sale","Apartment","2026-03-24T13:04:57.913815","new","","","25"
"474","century21_c950a51fcde5","century21","","","","El Menzah","ARIANA","north","Rent","Commercial","2026-03-24T13:14:06.955325","new","","","20"
"475","century21_c82cde1ea907","century21","","","","Kalaa Essghira","SOUSSE","east","Sale","Land","2026-03-24T12:34:01.087073","new","","","20"
"476","century21_cb8c891a2bca","century21","","","","Nabeul","NABEUL","north","Rent","Villa","2026-03-24T13:13:37.192704","new","","","25"
"477","century21_ca5fa10c92e9","century21","","","","Jardins De Carthage","TUNIS","north","Sale","Apartment","2026-03-24T13:03:16.009805","new","","","25"
"478","century21_c84363db80db","century21","","","","Les Berges Du Lac","TUNIS","north","Rent","Commercial","2026-03-24T13:43:01.816642","new","","","25"
"479","century21_c7f2e04b01c0","century21","","","","El Menzah","ARIANA","north","Sale","Commercial","2026-03-24T12:25:02.031427","new","","","25"
"480","century21_c8192a5084e2","century21","","","","Nabeul","NABEUL","north","Rent","Commercial","2026-03-24T13:25:53.556579","new","","","25"
"481","century21_cb78373dde1f","century21","","","","Bab Bhar","TUNIS","north","Rent","Commercial","2026-03-24T13:14:26.417630","new","","","25"
"482","century21_ca7bc5d51627","century21","","","","Les Berges Du Lac","TUNIS","north","Rent","Land","2026-03-24T13:46:51.520321","new","","","25"
"483","century21_c9eb00e242d1","century21","","","","El Menzah","TUNIS","north","Rent","Other","2026-03-24T13:37:57.667484","new","","","25"
"484","century21_ce6017c1d8e2","century21","","","","La Soukra","ARIANA","north","Rent","Villa","2026-03-24T13:11:14.960752","new","","","25"
"485","century21_ce3abdba551e","century21","","","","Jardins De Carthage","TUNIS","north","Rent","Apartment","2026-03-24T13:35:17.472365","new","","","25"
"486","century21_cf3aeb00f20e","century21","","","","La Soukra","ARIANA","north","Rent","Apartment","2026-03-24T13:13:21.935111","new","","","25"
"487","century21_cd12e7997d8f","century21","","","","Les Berges Du Lac","TUNIS","north","Sale","Apartment","2026-03-24T13:09:17.166691","new","","","20"
"488","century21_cfda44cb008d","century21","","","","La Soukra","ARIANA","north","Rent","Apartment","2026-03-24T13:27:33.793630","new","","","10"
"489","century21_ce552746b95c","century21","","","","El Menzah","TUNIS","north","Sale","Villa","2026-03-24T12:53:07.606001","new","","","25"
"490","century21_cd93db8d518d","century21","","","","La Soukra","ARIANA","north","Sale","Apartment","2026-03-24T13:07:52.236512","new","","","25"
"491","century21_ce386f5348f2","century21","","","","El Menzah","TUNIS","north","Sale","Commercial","2026-03-24T12:42:02.926042","new","","","20"
"492","century21_cca8c541d68c","century21","","","","La Marsa","TUNIS","north","Rent","Villa","2026-03-24T13:24:52.945439","new","","","25"
"493","century21_ce80a2267e67","century21","","","","La Soukra","ARIANA","north","Rent","Land","2026-03-24T13:27:01.159560","new","","","25"
"494","century21_d25c29886d12","century21","","","","Cite El Khadra","TUNIS","north","Rent","Commercial","2026-03-24T13:21:02.348308","new","","","25"
"495","century21_d3ff95e77da6","century21","","","","Bab Bhar","TUNIS","north","Rent","Commercial","2026-03-24T13:23:38.449003","new","","","25"
"496","century21_d189a1535ad2","century21","","","","Les Berges Du Lac","TUNIS","north","Sale","Apartment","2026-03-24T12:56:47.050526","new","","","25"
"497","century21_d27879a5b5fd","century21","","","","El Kram","TUNIS","north","Rent","Commercial","2026-03-24T13:36:51.486042","new","","","25"
"498","century21_d0f8c36f15ec","century21","","","","Les Berges Du Lac","TUNIS","north","Rent","Commercial","2026-03-24T13:37:20.628456","new","","","20"
"499","century21_d49cb8372f83","century21","","","","La Soukra","ARIANA","north","Sale","Commercial","2026-03-24T13:03:28.066417","new","","","20"
"500","century21_d270a2e827e9","century21","","","","Ennasr","ARIANA","north","Sale","Land","2026-03-24T12:51:05.665161","new","","","20"
"501","century21_d0e37f7227e3","century21","","","","Carthage","TUNIS","north","Rent","Villa","2026-03-24T13:43:08.445972","new","","","25"
"502","century21_d17f97134ee2","century21","","","","La Soukra","ARIANA","north","Rent","Apartment","2026-03-24T13:19:22.603552","new","","","25"
"503","century21_d02abd4d8288","century21","","","","Cite El Khadra","TUNIS","north","Sale","Apartment","2026-03-24T12:45:43.087529","new","","","25"
"504","century21_d56a438d4c46","century21","","","","Les Berges Du Lac","TUNIS","north","Sale","Commercial","2026-03-24T12:32:42.435121","new","","","20"
"505","century21_d699f484a5b5","century21","","","","La Soukra","ARIANA","north","Sale","Apartment","2026-03-24T13:05:12.001376","new","","","25"
"506","century21_d6c48fc8e491","century21","","","","La Soukra","ARIANA","north","Sale","Apartment","2026-03-24T12:59:51.333835","new","","","25"
"507","century21_d635b16cce35","century21","","","","Ain Zaghouan","TUNIS","north","Sale","Apartment","2026-03-24T13:02:41.259873","new","","","25"
"508","century21_d7af84ba82b0","century21","","","","Nabeul","NABEUL","north","Sale","Apartment","2026-03-24T12:56:41.143885","new","","","25"
"509","century21_d66e9462eb06","century21","","","","Beni Khiar","NABEUL","north","Sale","Villa","2026-03-24T13:06:39.671386","new","","","25"
"510","century21_d4d2b10ba32f","century21","","","","Nabeul","NABEUL","north","Rent","Villa","2026-03-24T13:44:48.389958","new","","","20"
"511","century21_d6fe38968a3a","century21","","","","Ariana Ville","ARIANA","north","Rent","Commercial","2026-03-24T13:39:04.469685","new","","","25"
"512","century21_d7b2cb858f73","century21","","","","Cité Mahrajène","TUNIS","north","Rent","Commercial","2026-03-24T13:20:48.635019","new","","","25"
"513","century21_d7dd31824e1a","century21","","","","La Soukra","ARIANA","north","Sale","Land","2026-03-24T12:57:13.649252","new","","","25"
"514","century21_de42e2c2f37f","century21","","","","El Menzah","ARIANA","north","Sale","Land","2026-03-24T12:27:47.663980","new","","","25"
"515","century21_d8c2802b3d58","century21","","","","Jardins De Carthage","TUNIS","north","Sale","Apartment","2026-03-24T12:33:11.833640","new","","","25"
"516","century21_d9d470de6c57","century21","","","","El Menzah","ARIANA","north","Rent","Commercial","2026-03-24T13:35:25.636785","new","","","25"
"517","century21_d996c5e1e837","century21","","","","Nabeul","NABEUL","north","Sale","Apartment","2026-03-24T12:28:08.799159","new","","","25"
"518","century21_d8c647b5d0ad","century21","","","","Les Berges Du Lac","TUNIS","north","Rent","Commercial","2026-03-24T13:36:25.241184","new","","","25"
"519","century21_d85f9e931995","century21","","","","El Menzah","TUNIS","north","Rent","Commercial","2026-03-24T13:33:54.548591","new","","","20"
"520","century21_dc0c7c392e3c","century21","","","","Kalaa Essghira","SOUSSE","east","Sale","Land","2026-03-24T12:34:14.682786","new","","","20"
"521","century21_d9ea7c81a744","century21","","","","Les Berges Du Lac","TUNIS","north","Rent","Commercial","2026-03-24T13:36:08.427251","new","","","25"
"522","century21_da37c81b476d","century21","","","","Gammarth","TUNIS","north","Rent","Villa","2026-03-24T13:40:55.282611","new","","","25"
"523","century21_dacec5400299","century21","","","","Ennasr","ARIANA","north","Rent","Commercial","2026-03-24T13:24:58.829746","new","","","25"
"524","century21_e06d150dc5b6","century21","","","","La Marsa","TUNIS","north","Rent","Apartment","2026-03-24T13:40:01.421791","new","","","25"
"525","century21_e33875de7021","century21","","","","El Menzah","ARIANA","north","Rent","Commercial","2026-03-24T13:33:09.513478","new","","","25"
"526","century21_e3276bb58790","century21","","","","Jardins De Carthage","TUNIS","north","Sale","Apartment","2026-03-24T12:27:09.190028","new","","","25"
"527","century21_e42d589dc7a6","century21","","","","Jardins De Carthage","TUNIS","north","Rent","Apartment","2026-03-24T13:23:51.799137","new","","","25"
"528","century21_de98fd3409e0","century21","","","","Les Berges Du Lac","TUNIS","north","Rent","Commercial","2026-03-24T13:34:48.943757","new","","","25"
"529","century21_e32244c8782b","century21","","","","Jardins De Carthage","TUNIS","north","Sale","Commercial","2026-03-24T12:53:25.498533","new","","","25"
"530","century21_e04ebbd76d06","century21","","","","La Marsa","TUNIS","north","Rent","Commercial","2026-03-24T13:40:48.158193","new","","","20"
"531","century21_e31d794eae2c","century21","","","","Jardins De Carthage","TUNIS","north","Rent","Apartment","2026-03-24T13:18:57.532060","new","","","25"
"532","century21_e285bce4335a","century21","","","","Jardins De Carthage","TUNIS","north","Rent","Other","2026-03-24T13:25:04.757166","new","","","25"
"533","century21_de6f012cd678","century21","","","","El Menzah","TUNIS","north","Sale","Commercial","2026-03-24T12:39:07.998372","new","","","25"
"534","century21_e50add041b7b","century21","","","","Jardins De Carthage","TUNIS","north","Rent","Apartment","2026-03-24T13:46:09.451771","new","","","25"
"535","century21_e5b823de522f","century21","","","","La Marsa","TUNIS","north","Sale","Land","2026-03-24T12:42:12.422670","new","","","25"
"536","century21_e4ad7c239f0a","century21","","","","Jardins De Carthage","TUNIS","north","Rent","Commercial","2026-03-24T13:28:35.760115","new","","","25"
"537","century21_ea76f2296611","century21","","","","Bab Bhar","TUNIS","north","Rent","Commercial","2026-03-24T13:10:42.000966","new","","","25"
"538","century21_e7e617b55788","century21","","","","Ain Zaghouan","TUNIS","north","Rent","Apartment","2026-03-24T13:34:21.190142","new","","","20"
"539","century21_e5ce5177865c","century21","","","","Charguia","TUNIS","north","Rent","Commercial","2026-03-24T13:41:56.447220","new","","","25"
"540","century21_e6c219155011","century21","","","","Nabeul","NABEUL","north","Sale","Apartment","2026-03-24T12:32:48.714965","new","","","25"
"541","century21_e733e70b6acc","century21","","","","Ain Zaghouan","TUNIS","north","Rent","Apartment","2026-03-24T13:26:19.020377","new","","","25"
"542","century21_e5d010f4154f","century21","","","","Nabeul","NABEUL","north","Sale","Apartment","2026-03-24T12:51:12.572450","new","","","25"
"543","century21_e54a56853009","century21","","","","Les Berges Du Lac","TUNIS","north","Rent","Apartment","2026-03-24T13:42:21.578072","new","","","25"
"544","century21_eefb363b8221","century21","","","","La Soukra","ARIANA","north","Rent","Apartment","2026-03-24T13:20:36.251696","new","","","25"
"545","century21_ec133e434570","century21","","","","El Menzah","ARIANA","north","Sale","Commercial","2026-03-24T12:30:29.616807","new","","","20"
"546","century21_ee6fba88ebb9","century21","","","","Bab Bhar","TUNIS","north","Rent","Commercial","2026-03-24T13:29:44.105739","new","","","25"
"547","century21_eca19f1958e3","century21","","","","Hammamet","NABEUL","north","Sale","Land","2026-03-24T12:39:46.323248","new","","","20"
"548","century21_ee655936e47d","century21","","","","Carthage","TUNIS","north","Rent","Villa","2026-03-24T13:46:26.226680","new","","","25"
"549","century21_ec2eaed7327d","century21","","","","Nabeul","NABEUL","north","Sale","Villa","2026-03-24T12:49:38.334539","new","","","25"
"550","century21_ef697770a6d0","century21","","","","Nabeul","NABEUL","north","Rent","Commercial","2026-03-24T13:20:00.324881","new","","","20"
"551","century21_eeb35d57da96","century21","","","","La Soukra","ARIANA","north","Sale","Land","2026-03-24T13:00:20.105456","new","","","20"
"552","century21_ee14e1d53036","century21","","","","El Kram","TUNIS","north","Rent","Commercial","2026-03-24T13:18:35.657875","new","","","25"
"553","century21_efcf24789982","century21","","","","Les Berges Du Lac","TUNIS","north","Rent","Land","2026-03-24T13:32:35.979678","new","","","25"
"554","century21_f3f351c44e45","century21","","","","Ain Zaghouan","TUNIS","north","Rent","Apartment","2026-03-24T13:47:19.071982","new","","","25"
"555","century21_f0b56f9b6e22","century21","","","","Ain Zaghouan","TUNIS","north","Rent","Apartment","2026-03-24T13:19:30.107386","new","","","25"
"556","century21_f50ed763a489","century21","","","","La Marsa","TUNIS","north","Sale","Commercial","2026-03-24T13:05:25.752690","new","","","25"
"557","century21_f43cdccfad46","century21","","","","La Marsa","TUNIS","north","Rent","Apartment","2026-03-24T13:35:57.001974","new","","","25"
"558","century21_f26c77d6cb87","century21","","","","Gammarth","TUNIS","north","Sale","Villa","2026-03-24T13:06:20.498857","new","","","25"
"559","century21_f33bd8ade83f","century21","","","","La Marsa","TUNIS","north","Sale","Apartment","2026-03-24T12:36:54.918328","new","","","25"
"560","century21_f1b93aa37f70","century21","","","","El Menzah","ARIANA","north","Rent","Villa","2026-03-24T13:33:02.565847","new","","","25"
"561","century21_f20c4c7342bc","century21","","","","La Soukra","ARIANA","north","Sale","Villa","2026-03-24T12:59:03.388744","new","","","25"
"562","century21_f3163877fa3b","century21","","","","El Menzah","TUNIS","north","Sale","Land","2026-03-24T12:49:52.604564","new","","","20"
"563","century21_f2f9f55ada5f","century21","","","","La Soukra","ARIANA","north","Rent","Apartment","2026-03-24T13:35:42.473985","new","","","25"
"564","century21_f70dffb8e157","century21","","","","La Soukra","ARIANA","north","Sale","Land","2026-03-24T12:46:07.272339","new","","","20"
"565","century21_f9dee0ee3ac8","century21","","","","Ennasr","ARIANA","north","Sale","Villa","2026-03-24T12:26:49.789562","new","","","25"
"566","century21_f6410663afd1","century21","","","","La Marsa","TUNIS","north","Rent","Villa","2026-03-24T13:43:39.069744","new","","","25"
"567","century21_f521ab4e9e21","century21","","","","Cite El Khadra","TUNIS","north","Sale","Apartment","2026-03-24T12:26:14.584620","new","","","25"
"568","century21_f77de57bee4f","century21","","","","Gammarth","TUNIS","north","Sale","Villa","2026-03-24T12:49:45.495454","new","","","25"
"569","century21_f57f4f3d961a","century21","","","","La Marsa","TUNIS","north","Rent","Villa","2026-03-24T13:25:48.597036","new","","","20"
"570","century21_f89731b27d03","century21","","","","Bab Bhar","TUNIS","north","Rent","Commercial","2026-03-24T13:21:21.932048","new","","","25"
"571","century21_f9b3765f720c","century21","","","","Jardins De Carthage","TUNIS","north","Rent","Apartment","2026-03-24T13:11:45.708341","new","","","25"
"572","century21_f755abe65a02","century21","","","","La Soukra","ARIANA","north","Sale","Villa","2026-03-24T12:56:11.030800","new","","","25"
"573","century21_f592300fa491","century21","","","","La Marsa","TUNIS","north","Rent","Apartment","2026-03-24T13:27:51.937371","new","","","25"
"574","century21_fb379b24c81d","century21","","","","La Soukra","ARIANA","north","Sale","Apartment","2026-03-24T12:50:12.847146","new","","","25"
"575","century21_fb0f27a49c45","century21","","","","Jardins De Carthage","TUNIS","north","Rent","Commercial","2026-03-24T13:12:10.430631","new","","","25"
"576","century21_ff6dfb5d20ac","century21","","","","Ariana Ville","ARIANA","north","Rent","Commercial","2026-03-24T13:39:19.279600","new","","","25"
"577","century21_fcfea98f929e","century21","","","","Les Berges Du Lac","TUNIS","north","Sale","Commercial","2026-03-24T12:33:54.741759","new","","","25"
"578","century21_fa2f398d3d4a","century21","","","","Ariana Ville","ARIANA","north","Rent","Commercial","2026-03-24T13:39:13.903433","new","","","25"
"579","century21_fad542b26bd9","century21","","","","Les Berges Du Lac","TUNIS","north","Rent","Apartment","2026-03-24T13:41:37.716749","new","","","25"
"580","century21_fc7f9af2fe34","century21","","","","Les Berges Du Lac","TUNIS","north","Sale","Apartment","2026-03-24T12:49:28.091774","new","","","25"
"581","century21_fda2ab4a7a15","century21","","","","Ain Zaghouan","TUNIS","north","Rent","Apartment","2026-03-24T13:20:57.531366","new","","","25"
"582","century21_ffd642e8de7d","century21","","","","Gammarth","TUNIS","north","Sale","Villa","2026-03-24T13:05:36.682664","new","","","20"
"583","darcom_130422","darcom","","1086.0","","","","","Sale","Land","2026-03-24T13:48:51.773117","new","","","10"
"584","darcom_76700","darcom","720.0","1354.0","","Ariana","","","Sale","Land","2026-03-24T13:48:24.912434","new","","","50"
"585","newkey_101421","newkey","540000.0","","","Appartement","","","Sale","Apartment","2026-03-24T14:02:47.846540","new","","","35"
"586","darcom_47067","darcom","680.0","808.0","","Ariana","","","Sale","Land","2026-03-24T13:48:35.916780","new","","","50"
"587","darcom_130423","darcom","1100.0","190.0","","","","","Sale","Land","2026-03-24T13:48:46.709000","new","","","15"
"588","darcom_78287","darcom","2500.0","500.0","","Ariana","","","Rent","Land","2026-03-24T13:52:55.717031","new","","","65"
"589","darcom_40201","darcom","560000.0","808.0","","Ariana","","","Sale","Land","2026-03-24T13:48:41.119072","new","","","70"
"590","darcom_79359","darcom","1080.0","1350.0","","Ariana","","","Rent","Land","2026-03-24T13:52:48.700657","new","","","50"
"591","darcom_90062","darcom","","","","","","","Rent","Other","2026-03-24T13:52:41.215941","new","","","0"
"592","darcom_66895","darcom","1250.0","3697.0","","Ariana","","","Sale","Land","2026-03-24T13:48:30.199062","new","","","50"
"593","newkey_103023","newkey","2350.0","","","Appartement","","","Rent","Apartment","2026-03-24T14:39:42.415421","new","","","35"
"594","newkey_112688","newkey","","","","Maison / Villa","","","Sale","Villa","2026-03-24T14:23:27.707945","new","","","15"
"595","newkey_112277","newkey","740000.0","","","Terrain","","","Sale","Land","2026-03-24T14:24:49.038370","new","","","25"
"596","newkey_103478","newkey","1400.0","","","Maison / Villa","","","Sale","Villa","2026-03-24T14:09:33.622839","new","","","15"
"597","newkey_112673","newkey","325000.0","","","Appartement","","","Sale","Apartment","2026-03-24T14:23:35.515209","new","","","30"
"598","newkey_112596","newkey","","","","Maison / Villa","","","Sale","Land","2026-03-24T14:24:22.488878","new","","","15"
"599","newkey_112425","newkey","1300.0","","","Appartement","","","Sale","Commercial","2026-03-24T14:24:36.193869","new","","","0"
"600","newkey_112334","newkey","","","","Terrain","","","Sale","Land","2026-03-24T14:24:42.761829","new","","","10"
"601","newkey_112566","newkey","","","","Appartement","","","Sale","Apartment","2026-03-24T14:24:29.010006","new","","","15"
"602","newkey_105144","newkey","","","","Appartement","","","Sale","Apartment","2026-03-24T14:14:12.044460","new","","","15"
"603","newkey_106974","newkey","540000.0","","","Maison / Villa","","","Sale","Villa","2026-03-24T14:13:22.689507","new","","","20"
"604","newkey_113642","newkey","2200.0","","","Maison / Villa","","","Sale","Villa","2026-03-24T14:22:31.862817","new","","","15"
"605","newkey_112696","newkey","1700.0","","","Bureau Et Local...","","","Sale","Commercial","2026-03-24T14:24:14.796459","new","","","0"
"606","newkey_113248","newkey","","","","Bureau Et Local...","","","Sale","Commercial","2026-03-24T14:22:52.521124","new","","","0"
"607","newkey_113506","newkey","360000.0","","","Appartement","","","Sale","Apartment","2026-03-24T14:22:46.167414","new","","","35"
"608","newkey_113170","newkey","","","","Terrain","","","Sale","Land","2026-03-24T14:23:20.752060","new","","","5"
"609","newkey_112699","newkey","","","","Terrain","","","Sale","Land","2026-03-24T14:23:57.447449","new","","","5"
"610","newkey_113192","newkey","","","","Terrain","","","Sale","Land","2026-03-24T14:22:59.658426","new","","","5"
"611","newkey_113637","newkey","1000.0","","","Terrain","","","Sale","Land","2026-03-24T14:22:39.114162","new","","","5"
"612","newkey_113194","newkey","","","","Terrain","","","Sale","Land","2026-03-24T14:23:08.266646","new","","","5"
"613","newkey_112712","newkey","620000.0","","","Appartement","","","Sale","Apartment","2026-03-24T14:23:43.865280","new","","","35"
"614","newkey_114413","newkey","583275.0","","","Appartement","","","Sale","Apartment","2026-03-24T14:21:39.226287","new","","","35"
"615","newkey_114365","newkey","1850.0","","","Maison / Villa","","","Sale","Villa","2026-03-24T14:03:01.919687","new","","","15"
"616","newkey_114441","newkey","1600.0","","","Appartement","","","Rent","Apartment","2026-03-24T14:33:15.590860","new","","","35"
"617","newkey_114373","newkey","290000.0","","","Appartement","","","Sale","Apartment","2026-03-24T14:21:53.428263","new","","","35"
"618","newkey_114343","newkey","1950.0","","","Maison / Villa","","","Sale","Villa","2026-03-24T14:22:01.061535","new","","","15"
"619","newkey_114374","newkey","180000.0","","","Bureau Et Local...","","","Sale","Commercial","2026-03-24T14:21:46.428647","new","","","20"
"620","newkey_114284","newkey","380000.0","","","Appartement","","","Sale","Apartment","2026-03-24T14:22:08.671487","new","","","35"
"621","newkey_114426","newkey","80000.0","","","Bureau Et Local...","","","Sale","Commercial","2026-03-24T14:21:17.779144","new","","","15"
"622","newkey_114452","newkey","720000.0","","","Appartement","","","Sale","Apartment","2026-03-24T14:04:24.392462","new","","","35"
"623","newkey_114164","newkey","533100.0","","","Bureau Et Local...","","","Sale","Commercial","2026-03-24T14:22:16.626743","new","","","20"
"624","newkey_115151","newkey","582700.0","","","Appartement","","","Sale","Apartment","2026-03-24T14:20:25.908031","new","","","35"
"625","newkey_115365","newkey","703000.0","","","Appartement","","","Sale","Apartment","2026-03-24T14:05:16.035490","new","","","35"
"626","newkey_115184","newkey","421500.0","","","Appartement","","","Sale","Apartment","2026-03-24T14:01:12.775029","new","","","35"
"627","newkey_114754","newkey","388800.0","","","Appartement","","","Sale","Apartment","2026-03-24T14:20:56.798101","new","","","35"
"628","newkey_115067","newkey","799000.0","","","Appartement","","","Sale","Apartment","2026-03-24T14:20:48.801922","new","","","35"
"629","newkey_115146","newkey","232200.0","","","Appartement","","","Sale","Apartment","2026-03-24T14:20:33.902948","new","","","35"
"630","newkey_114586","newkey","360000.0","","","Appartement","","","Sale","Apartment","2026-03-24T14:21:03.429139","new","","","35"
"631","newkey_115396","newkey","800000.0","","","Appartement","","","Sale","Apartment","2026-03-24T14:20:12.669784","new","","","35"
"632","newkey_114592","newkey","547800.0","","","Appartement","","","Sale","Apartment","2026-03-24T14:21:10.173687","new","","","35"
"633","newkey_115599","newkey","","","","Terrain","","","Sale","Land","2026-03-24T14:20:04.840127","new","","","5"
"634","newkey_116510","newkey","390000.0","","","Appartement","","","Sale","Villa","2026-03-24T14:19:22.215271","new","","","20"
"635","newkey_116449","newkey","","","","Maison / Villa","","","Rent","Villa","2026-03-24T14:33:22.626530","new","","","0"
"636","newkey_116356","newkey","145000.0","","","Bureau Et Local...","","","Sale","Commercial","2026-03-24T14:19:35.898790","new","","","20"
"637","newkey_116282","newkey","1850.0","","","Maison / Villa","","","Sale","Villa","2026-03-24T14:19:42.520821","new","","","15"
"638","newkey_116335","newkey","750000.0","","","Maison / Villa","","","Sale","Villa","2026-03-24T14:02:34.805450","new","","","20"
"639","newkey_116350","newkey","860000.0","","","Maison / Villa","","","Sale","Villa","2026-03-24T14:19:29.582127","new","","","20"
"640","newkey_115928","newkey","","","","Maison / Villa","","","Sale","Villa","2026-03-24T14:02:19.026876","new","","","15"
"641","newkey_116436","newkey","1480.0","","","Appartement","","","Rent","Apartment","2026-03-24T14:30:00.827476","new","","","35"
"642","newkey_116112","newkey","1150.0","","","Maison / Villa","","","Sale","Villa","2026-03-24T14:19:57.270387","new","","","15"
"643","newkey_116679","newkey","","","","Maison / Villa","","","Rent","Villa","2026-03-24T14:49:13.173382","new","","","0"
"644","newkey_118534","newkey","","","","Appartement","","","Sale","Apartment","2026-03-24T14:03:07.648180","new","","","15"
"645","newkey_117970","newkey","450000.0","","","Appartement","","","Sale","Apartment","2026-03-24T14:18:43.911830","new","","","35"
"646","newkey_117418","newkey","1700.0","","","Appartement","","","Sale","Apartment","2026-03-24T14:19:06.998626","new","","","15"
"647","newkey_117480","newkey","575000.0","","","Appartement","","","Sale","Apartment","2026-03-24T14:18:52.449119","new","","","35"
"648","newkey_118038","newkey","900000.0","","","Bureau Et Local...","","","Sale","Commercial","2026-03-24T14:18:32.386125","new","","","20"
"649","newkey_118880","newkey","1820.0","","","Maison / Villa","","","Sale","Villa","2026-03-24T14:02:54.549318","new","","","0"
"650","newkey_118549","newkey","560000.0","","","Appartement","","","Sale","Apartment","2026-03-24T14:18:21.272795","new","","","35"
"651","newkey_117917","newkey","1090.0","","","Appartement","","","Sale","Apartment","2026-03-24T14:21:24.806743","new","","","15"
"652","newkey_118531","newkey","","","","Appartement","","","Sale","Apartment","2026-03-24T14:03:26.028318","new","","","15"
"653","newkey_117484","newkey","990000.0","","","Maison / Villa","","","Sale","Villa","2026-03-24T14:04:05.457128","new","","","35"
"654","newkey_119886","newkey","1574.0","","","Terrain","","","Sale","Land","2026-03-24T14:16:33.534078","new","","","5"
"655","newkey_119602","newkey","730000.0","","","Appartement","","","Sale","Apartment","2026-03-24T14:17:07.441728","new","","","35"
"656","newkey_119230","newkey","","","","Appartement","","","Sale","Apartment","2026-03-24T14:17:57.714959","new","","","15"
"657","newkey_120172","newkey","315000.0","","","Bureau Et Local...","","","Sale","Commercial","2026-03-24T14:16:04.476884","new","","","5"
"658","newkey_119629","newkey","290000.0","","","Appartement","","","Sale","Apartment","2026-03-24T14:16:47.414036","new","","","35"
"659","newkey_120100","newkey","580000.0","","","Appartement","","","Sale","Apartment","2026-03-24T14:16:16.908301","new","","","35"
"660","newkey_120186","newkey","","","","Maison / Villa","","","Sale","Land","2026-03-24T14:15:57.708342","new","","","15"
"661","newkey_119690","newkey","300000.0","","","Appartement","","","Sale","Apartment","2026-03-24T14:17:33.783072","new","","","35"
"662","newkey_120147","newkey","260000.0","","","Appartement","","","Sale","Apartment","2026-03-24T14:16:10.824437","new","","","30"
"663","newkey_119867","newkey","320000.0","","","Appartement","","","Sale","Apartment","2026-03-24T14:16:41.533523","new","","","35"
"664","newkey_120857","newkey","1320.0","","","Appartement","","","Sale","Villa","2026-03-24T14:15:17.536009","new","","","15"
"665","newkey_121127","newkey","1800.0","","","Bureau Et Local...","","","Rent","Commercial","2026-03-24T14:28:55.618151","new","","","20"
"666","newkey_120349","newkey","1580.0","","","Maison / Villa","","","Sale","Villa","2026-03-24T14:19:14.634809","new","","","0"
"667","newkey_120889","newkey","1250.0","","","Maison / Villa","","","Sale","Villa","2026-03-24T14:15:11.003382","new","","","15"
"668","newkey_120410","newkey","385000.0","","","Bureau Et Local...","","","Sale","Commercial","2026-03-24T14:15:40.514391","new","","","15"
"669","newkey_120899","newkey","350000.0","","","Bureau Et Local...","","","Sale","Commercial","2026-03-24T14:15:04.025966","new","","","15"
"670","newkey_120480","newkey","","","","Terrain","","","Sale","Land","2026-03-24T14:15:24.187951","new","","","5"
"671","newkey_120230","newkey","","","","Maison / Villa","","","Sale","Land","2026-03-24T14:15:49.743294","new","","","15"
"672","newkey_120905","newkey","","","","Terrain","","","Sale","Land","2026-03-24T14:14:56.654643","new","","","5"
"673","newkey_120486","newkey","1250.0","","","Maison / Villa","","","Sale","Villa","2026-03-24T14:02:41.333574","new","","","15"
"674","newkey_121438","newkey","465000.0","","","Appartement","","","Sale","Apartment","2026-03-24T14:14:35.811037","new","","","35"
"675","newkey_121769","newkey","650000.0","","","Appartement","","","Sale","Villa","2026-03-24T14:13:43.095496","new","","","35"
"676","newkey_121593","newkey","215000.0","","","Appartement","","","Sale","Villa","2026-03-24T14:14:06.382877","new","","","30"
"677","newkey_121819","newkey","340000.0","","","Appartement","","","Sale","Apartment","2026-03-24T14:13:36.690478","new","","","30"
"678","newkey_121527","newkey","2200.0","","","Bureau Et Local...","","","Sale","Land","2026-03-24T14:14:19.902252","new","","","0"
"679","newkey_121561","newkey","620000.0","","","Appartement","","","Sale","Villa","2026-03-24T14:14:27.807152","new","","","20"
"680","newkey_121821","newkey","330000.0","","","Appartement","","","Sale","Villa","2026-03-24T14:13:29.642560","new","","","30"
"681","newkey_121130","newkey","1800.0","","","Bureau Et Local...","","","Rent","Commercial","2026-03-24T14:28:47.936263","new","","","20"
"682","newkey_121656","newkey","","","","Terrain","","","Sale","Land","2026-03-24T14:13:58.900901","new","","","5"
"683","newkey_121132","newkey","975000.0","","","Appartement","","","Sale","Apartment","2026-03-24T14:14:49.785046","new","","","35"
"684","newkey_122278","newkey","534000.0","","","Appartement","","","Sale","Apartment","2026-03-24T14:12:16.549092","new","","","35"
"685","newkey_121980","newkey","1400.0","","","Immeuble","","","Sale","Apartment","2026-03-24T14:13:10.025523","new","","","15"
"686","newkey_122018","newkey","530000.0","","","Appartement","","","Sale","Apartment","2026-03-24T14:05:22.177060","new","","","35"
"687","newkey_122229","newkey","1000.0","","","Bureau Et Local...","","","Sale","Other","2026-03-24T14:12:31.654525","new","","","0"
"688","newkey_122217","newkey","270000.0","","","Appartement","","","Sale","Apartment","2026-03-24T14:12:40.502388","new","","","35"
"689","newkey_122481","newkey","2500.0","","","Appartement","","","Rent","Apartment","2026-03-24T14:51:00.441307","new","","","35"
"690","newkey_122027","newkey","","","","Appartement","","","Sale","Apartment","2026-03-24T14:13:02.773592","new","","","15"
"691","newkey_122030","newkey","430000.0","","","Appartement","","","Sale","Apartment","2026-03-24T14:12:47.964221","new","","","35"
"692","newkey_122398","newkey","980000.0","","","Appartement","","","Sale","Villa","2026-03-24T14:12:10.160930","new","","","20"
"693","newkey_122277","newkey","328000.0","","","Appartement","","","Sale","Apartment","2026-03-24T14:12:25.174834","new","","","35"
"694","newkey_122561","newkey","427000.0","","","Appartement","","","Sale","Apartment","2026-03-24T14:11:54.925106","new","","","35"
"695","newkey_122823","newkey","1600.0","","","Bureau Et Local...","","","Rent","Commercial","2026-03-24T14:50:11.979186","new","","","15"
"696","newkey_122624","newkey","1900.0","","","Appartement","","","Rent","Apartment","2026-03-24T14:50:39.408654","new","","","35"
"697","newkey_122697","newkey","3700.0","","","Appartement","","","Rent","Villa","2026-03-24T14:50:53.189848","new","","","20"
"698","newkey_122821","newkey","4000.0","","","Maison / Villa","","","Rent","Villa","2026-03-24T14:50:26.388754","new","","","35"
"699","newkey_122694","newkey","750000.0","","","Maison / Villa","","","Sale","Villa","2026-03-24T14:11:38.731436","new","","","35"
"700","newkey_122740","newkey","2600.0","","","Appartement","","","Rent","Apartment","2026-03-24T14:50:33.481224","new","","","35"
"701","newkey_122564","newkey","545000.0","","","Appartement","","","Sale","Apartment","2026-03-24T14:11:48.074535","new","","","35"
"702","newkey_122701","newkey","4100.0","","","Appartement","","","Rent","Villa","2026-03-24T14:50:46.682764","new","","","20"
"703","newkey_122799","newkey","2700.0","","","Appartement","","","Rent","Apartment","2026-03-24T14:31:14.157251","new","","","35"
"704","newkey_123040","newkey","3500.0","","","Maison / Villa","","","Rent","Villa","2026-03-24T14:49:35.950951","new","","","35"
"705","newkey_122850","newkey","215000.0","","","Appartement","","","Sale","Land","2026-03-24T14:11:23.591711","new","","","30"
"706","newkey_122905","newkey","5800.0","","","Maison / Villa","","","Rent","Villa","2026-03-24T14:49:43.160786","new","","","35"
"707","newkey_122835","newkey","685000.0","","","Appartement","","","Sale","Apartment","2026-03-24T14:17:19.929501","new","","","35"
"708","newkey_122978","newkey","","","","Appartement","","","Sale","Apartment","2026-03-24T14:11:15.871753","new","","","15"
"709","newkey_122982","newkey","","","","Appartement","","","Sale","Apartment","2026-03-24T14:11:00.365615","new","","","15"
"710","newkey_122909","newkey","320000.0","","","Appartement","","","Sale","Apartment","2026-03-24T14:11:31.645072","new","","","35"
"711","newkey_122903","newkey","1050.0","","","Appartement","","","Rent","Apartment","2026-03-24T14:49:50.927260","new","","","35"
"712","newkey_122897","newkey","1800.0","","","Bureau Et Local...","","","Rent","Commercial","2026-03-24T14:49:57.027999","new","","","20"
"713","newkey_122831","newkey","1100.0","","","Appartement","","","Rent","Apartment","2026-03-24T14:50:04.708164","new","","","30"
"714","newkey_123115","newkey","1500.0","","","Bureau Et Local...","","","Rent","Commercial","2026-03-24T14:48:49.472347","new","","","15"
"715","newkey_123044","newkey","1800.0","","","Appartement","","","Rent","Apartment","2026-03-24T14:49:20.165193","new","","","35"
"716","newkey_123138","newkey","2500.0","","","Appartement","","","Rent","Apartment","2026-03-24T14:48:41.051280","new","","","35"
"717","newkey_123191","newkey","850000.0","","","Bureau Et Local...","","","Sale","Commercial","2026-03-24T14:10:30.525566","new","","","20"
"718","newkey_123113","newkey","1500.0","","","Bureau Et Local...","","","Rent","Commercial","2026-03-24T14:48:57.226742","new","","","15"
"719","newkey_123092","newkey","830000.0","","","Appartement","","","Sale","Apartment","2026-03-24T14:10:50.387739","new","","","35"
"720","newkey_123111","newkey","900.0","","","Bureau Et Local...","","","Rent","Commercial","2026-03-24T14:49:05.414636","new","","","15"
"721","newkey_123127","newkey","1273.0","","","Maison / Villa","","","Sale","Villa","2026-03-24T14:10:37.175240","new","","","0"
"722","newkey_123134","newkey","1300.0","","","Appartement","","","Rent","Apartment","2026-03-24T14:48:25.462856","new","","","35"
"723","newkey_123100","newkey","3050.0","","","Maison / Villa","","","Sale","Villa","2026-03-24T14:10:43.747343","new","","","15"
"724","newkey_123398","newkey","4500.0","","","Maison / Villa","","","Rent","Commercial","2026-03-24T14:47:46.272640","new","","","35"
"725","newkey_123269","newkey","1300.0","","","Maison / Villa","","","Sale","Villa","2026-03-24T14:10:03.902831","new","","","15"
"726","newkey_123384","newkey","1500.0","","","Appartement","","","Rent","Apartment","2026-03-24T14:47:55.415730","new","","","35"
"727","newkey_123220","newkey","211000.0","","","Appartement","","","Sale","Apartment","2026-03-24T14:10:09.778641","new","","","35"
"728","newkey_123208","newkey","790000.0","","","Appartement","","","Sale","Apartment","2026-03-24T14:10:24.054220","new","","","35"
"729","newkey_123342","newkey","5500.0","","","Maison / Villa","","","Rent","Commercial","2026-03-24T14:48:19.419448","new","","","20"
"730","newkey_123423","newkey","2500.0","","","Appartement","","","Rent","Apartment","2026-03-24T14:48:03.045692","new","","","35"
"731","newkey_123408","newkey","3500.0","","","Appartement","","","Rent","Commercial","2026-03-24T14:48:10.958794","new","","","20"
"732","newkey_123445","newkey","2600.0","","","Maison / Villa","","","Rent","Villa","2026-03-24T14:47:21.389321","new","","","35"
"733","newkey_123403","newkey","1700.0","","","Appartement","","","Rent","Apartment","2026-03-24T14:47:28.887974","new","","","35"
"734","newkey_123564","newkey","1500.0","","","Bureau Et Local...","","","Rent","Commercial","2026-03-24T14:46:57.812940","new","","","15"
"735","newkey_123461","newkey","5000.0","","","Maison / Villa","","","Rent","Villa","2026-03-24T14:47:14.519399","new","","","35"
"736","newkey_123524","newkey","3200.0","","","Appartement","","","Rent","Apartment","2026-03-24T14:46:34.770083","new","","","35"
"737","newkey_123530","newkey","2400.0","","","Appartement","","","Rent","Apartment","2026-03-24T14:47:08.105039","new","","","35"
"738","newkey_123621","newkey","5000.0","","","Maison / Villa","","","Rent","Villa","2026-03-24T14:46:27.542220","new","","","20"
"739","newkey_123632","newkey","1200.0","","","Appartement","","","Rent","Apartment","2026-03-24T14:46:13.259592","new","","","35"
"740","newkey_123626","newkey","1350.0","","","Appartement","","","Rent","Villa","2026-03-24T14:46:20.677784","new","","","35"
"741","newkey_123529","newkey","1600.0","","","Appartement","","","Sale","Apartment","2026-03-24T14:09:47.902260","new","","","15"
"742","newkey_123567","newkey","1100.0","","","Terrain","","","Sale","Land","2026-03-24T14:09:40.102616","new","","","0"
"743","newkey_123566","newkey","2500.0","","","Bureau Et Local...","","","Rent","Commercial","2026-03-24T14:46:50.497599","new","","","15"
"744","newkey_123862","newkey","95000.0","","","Bureau Et Local...","","","Sale","Commercial","2026-03-24T14:09:08.946239","new","","","20"
"745","newkey_123639","newkey","1700.0","","","Maison / Villa","","","Rent","Villa","2026-03-24T14:46:05.155672","new","","","35"
"746","newkey_123804","newkey","900000.0","","","Terrain","","","Sale","Land","2026-03-24T14:09:15.621129","new","","","25"
"747","newkey_123953","newkey","3000.0","","","Appartement","","","Rent","Apartment","2026-03-24T14:45:31.491421","new","","","35"
"748","newkey_123672","newkey","1350.0","","","Appartement","","","Rent","Apartment","2026-03-24T14:45:59.127750","new","","","35"
"749","newkey_123992","newkey","3200.0","","","Appartement","","","Rent","Apartment","2026-03-24T14:45:23.778013","new","","","35"
"750","newkey_123954","newkey","900000.0","","","Terrain","","","Sale","Land","2026-03-24T14:09:01.864196","new","","","25"
"751","newkey_123794","newkey","1450.0","","","Appartement","","","Rent","Apartment","2026-03-24T14:45:45.344419","new","","","35"
"752","newkey_123960","newkey","235000.0","","","Appartement","","","Sale","Apartment","2026-03-24T14:08:55.100476","new","","","30"
"753","newkey_123800","newkey","2500.0","","","Bureau Et Local...","","","Rent","Commercial","2026-03-24T14:45:39.005839","new","","","20"
"754","newkey_124029","newkey","1200.0","","","Maison / Villa","","","Rent","Villa","2026-03-24T14:44:47.390385","new","","","30"
"755","newkey_124015","newkey","1600.0","","","Appartement","","","Rent","Apartment","2026-03-24T14:45:17.376169","new","","","35"
"756","newkey_124031","newkey","277000.0","","","Appartement","","","Sale","Villa","2026-03-24T14:08:13.528238","new","","","35"
"757","newkey_124047","newkey","700000.0","","","Terrain","","","Sale","Land","2026-03-24T14:08:48.131091","new","","","25"
"758","newkey_124048","newkey","835000.0","","","Appartement","","","Sale","Villa","2026-03-24T14:08:42.041106","new","","","20"
"759","newkey_124071","newkey","1400.0","","","Bureau Et Local...","","","Rent","Commercial","2026-03-24T14:44:54.272734","new","","","20"
"760","newkey_124059","newkey","250000.0","","","Appartement","","","Sale","Apartment","2026-03-24T14:08:25.897232","new","","","35"
"761","newkey_124049","newkey","820000.0","","","Appartement","","","Sale","Villa","2026-03-24T14:02:00.171372","new","","","20"
"762","newkey_124027","newkey","330000.0","","","Appartement","","","Sale","Apartment","2026-03-24T14:08:19.134814","new","","","35"
"763","newkey_124051","newkey","1200.0","","","Bureau Et Local...","","","Rent","Commercial","2026-03-24T14:45:09.571922","new","","","20"
"764","newkey_124117","newkey","258000.0","","","Appartement","","","Sale","Apartment","2026-03-24T14:07:57.429116","new","","","35"
"765","newkey_124356","newkey","1800.0","","","Appartement","","","Rent","Apartment","2026-03-24T14:43:45.189738","new","","","35"
"766","newkey_124158","newkey","5000.0","","","Maison / Villa","","","Rent","Villa","2026-03-24T14:43:32.683553","new","","","20"
"767","newkey_124355","newkey","2400.0","","","Appartement","","","Rent","Apartment","2026-03-24T14:43:51.669751","new","","","35"
"768","newkey_124112","newkey","1100.0","","","Appartement","","","Rent","Apartment","2026-03-24T14:44:32.282879","new","","","30"
"769","newkey_124109","newkey","1300.0","","","Appartement","","","Sale","Apartment","2026-03-24T14:08:04.867539","new","","","15"
"770","newkey_124172","newkey","1400.0","","","Maison / Villa","","","Rent","Villa","2026-03-24T14:44:00.121409","new","","","15"
"771","newkey_124108","newkey","3800.0","","","Appartement","","","Rent","Apartment","2026-03-24T14:44:40.190938","new","","","35"
"772","newkey_124149","newkey","1900.0","","","Appartement","","","Rent","Apartment","2026-03-24T14:44:17.424703","new","","","35"
"773","newkey_124138","newkey","7000.0","","","Maison / Villa","","","Rent","Villa","2026-03-24T14:44:24.182283","new","","","20"
"774","newkey_124562","newkey","295000.0","","","Terrain","","","Sale","Land","2026-03-24T14:07:49.640927","new","","","25"
"775","newkey_124523","newkey","2600.0","","","Appartement","","","Rent","Apartment","2026-03-24T14:43:04.713908","new","","","35"
"776","newkey_124448","newkey","1300.0","","","Maison / Villa","","","Rent","Villa","2026-03-24T14:43:10.916650","new","","","15"
"777","newkey_124373","newkey","7000.0","","","Maison / Villa","","","Rent","Villa","2026-03-24T14:43:26.065196","new","","","20"
"778","newkey_124544","newkey","4500.0","","","Appartement","","","Rent","Apartment","2026-03-24T14:42:50.900172","new","","","35"
"779","newkey_124359","newkey","2500.0","","","Maison / Villa","","","Rent","Villa","2026-03-24T14:43:39.002245","new","","","20"
"780","newkey_124545","newkey","3200.0","","","Appartement","","","Rent","Apartment","2026-03-24T14:42:43.349614","new","","","35"
"781","newkey_124570","newkey","3000.0","","","Appartement","","","Rent","Apartment","2026-03-24T14:42:36.053474","new","","","35"
"782","newkey_124559","newkey","2800.0","","","Maison / Villa","","","Rent","Villa","2026-03-24T14:42:22.731255","new","","","20"
"783","newkey_124542","newkey","1950.0","","","Appartement","","","Rent","Apartment","2026-03-24T14:42:58.997950","new","","","35"
"784","newkey_124735","newkey","1120.0","","","Terrain","","","Sale","Land","2026-03-24T14:07:23.913951","new","","","0"
"785","newkey_124702","newkey","980000.0","","","Maison / Villa","","","Sale","Villa","2026-03-24T13:57:47.227606","new","","","35"
"786","newkey_124730","newkey","3200.0","","","Maison / Villa","","","Rent","Villa","2026-03-24T14:41:43.177102","new","","","20"
"787","newkey_124657","newkey","2200.0","","","Appartement","","","Rent","Apartment","2026-03-24T14:41:49.858086","new","","","35"
"788","newkey_124665","newkey","5000.0","","","Maison / Villa","","","Rent","Villa","2026-03-24T14:42:07.126622","new","","","35"
"789","newkey_124587","newkey","2300.0","","","Appartement","","","Rent","Villa","2026-03-24T14:42:14.740250","new","","","35"
"790","newkey_124742","newkey","2800.0","","","Maison / Villa","","","Rent","Villa","2026-03-24T14:41:23.591045","new","","","35"
"791","newkey_124741","newkey","","","","Terrain","","","Sale","Land","2026-03-24T14:07:16.386128","new","","","0"
"792","newkey_124683","newkey","2000.0","","","Appartement","","","Rent","Apartment","2026-03-24T14:41:59.681172","new","","","35"
"793","newkey_124623","newkey","920000.0","","","Maison / Villa","","","Sale","Villa","2026-03-24T14:07:32.751261","new","","","35"
"794","newkey_124890","newkey","1500.0","","","Appartement","","","Rent","Commercial","2026-03-24T14:40:26.972464","new","","","35"
"795","newkey_124905","newkey","1400.0","","","Appartement","","","Rent","Apartment","2026-03-24T14:32:01.677100","new","","","35"
"796","newkey_124757","newkey","3500.0","","","Appartement","","","Rent","Apartment","2026-03-24T14:41:11.422280","new","","","35"
"797","newkey_124851","newkey","3500.0","","","Appartement","","","Rent","Apartment","2026-03-24T14:41:04.318239","new","","","35"
"798","newkey_124766","newkey","3500.0","","","Appartement","","","Rent","Apartment","2026-03-24T14:41:17.556208","new","","","35"
"799","newkey_124918","newkey","1950.0","","","Appartement","","","Rent","Apartment","2026-03-24T14:40:32.658118","new","","","35"
"800","newkey_124743","newkey","370000.0","","","Appartement","","","Sale","Commercial","2026-03-24T14:07:10.131221","new","","","35"
"801","newkey_124907","newkey","2100.0","","","Appartement","","","Rent","Apartment","2026-03-24T14:40:48.812453","new","","","35"
"802","newkey_124863","newkey","7000.0","","","Maison / Villa","","","Rent","Villa","2026-03-24T14:40:56.136509","new","","","35"
"803","newkey_124768","newkey","220000.0","","","Appartement","","","Sale","Apartment","2026-03-24T14:07:01.911999","new","","","35"
"804","newkey_124970","newkey","3600.0","","","Appartement","","","Rent","Apartment","2026-03-24T14:40:18.878751","new","","","35"
"805","newkey_124936","newkey","355000.0","","","Appartement","","","Sale","Apartment","2026-03-24T14:06:57.008904","new","","","35"
"806","newkey_125037","newkey","800000.0","","","Bureau Et Local...","","","Sale","Commercial","2026-03-24T14:06:39.359625","new","","","20"
"807","newkey_124968","newkey","3900.0","","","Maison / Villa","","","Sale","Villa","2026-03-24T14:20:19.651039","new","","","15"
"808","newkey_125026","newkey","1650.0","","","Appartement","","","Rent","Apartment","2026-03-24T14:39:57.566792","new","","","35"
"809","newkey_125025","newkey","2800.0","","","Appartement","","","Rent","Apartment","2026-03-24T14:40:03.837524","new","","","35"
"810","newkey_125012","newkey","3000.0","","","Maison / Villa","","","Rent","Villa","2026-03-24T14:39:34.796978","new","","","35"
"811","newkey_125093","newkey","1550.0","","","Appartement","","","Rent","Apartment","2026-03-24T14:39:27.608649","new","","","35"
"812","newkey_125117","newkey","","","","Maison / Villa","","","Rent","Villa","2026-03-24T14:32:45.133825","new","","","0"
"813","newkey_124951","newkey","1200.0","","","Appartement","","","Rent","Apartment","2026-03-24T14:40:10.890782","new","","","35"
"814","newkey_127778","newkey","7000.0","","","Appartement","","","Rent","Apartment","2026-03-24T14:38:24.765447","new","","","15"
"815","newkey_127779","newkey","5000.0","","","Bureau Et Local...","","","Rent","Commercial","2026-03-24T14:38:17.358450","new","","","15"
"816","newkey_127704","newkey","700000.0","","","Appartement","","","Sale","Apartment","2026-03-24T14:06:34.104937","new","","","35"
"817","newkey_127700","newkey","1500.0","","","Appartement","","","Rent","Apartment","2026-03-24T14:38:51.258288","new","","","35"
"818","newkey_127728","newkey","2200.0","","","Appartement","","","Rent","Apartment","2026-03-24T14:39:15.427602","new","","","35"
"819","newkey_127752","newkey","5000.0","","","Appartement","","","Rent","Apartment","2026-03-24T14:39:07.622695","new","","","35"
"820","newkey_127707","newkey","5000.0","","","Bureau Et Local...","","","Rent","Commercial","2026-03-24T14:38:38.372784","new","","","15"
"821","newkey_127722","newkey","3000.0","","","Appartement","","","Rent","Apartment","2026-03-24T14:39:20.937227","new","","","35"
"822","newkey_127771","newkey","4700.0","","","Maison / Villa","","","Rent","Villa","2026-03-24T14:38:30.597535","new","","","35"
"823","newkey_127781","newkey","1600.0","","","Appartement","","","Rent","Apartment","2026-03-24T14:38:02.427488","new","","","35"
"824","newkey_127952","newkey","800.0","","","Bureau Et Local...","","","Rent","Commercial","2026-03-24T14:37:35.650275","new","","","15"
"825","newkey_128037","newkey","325000.0","","","Appartement","","","Sale","Apartment","2026-03-24T14:05:50.344053","new","","","35"
"826","newkey_127870","newkey","1225.0","","","Terrain","","","Sale","Land","2026-03-24T14:06:27.601048","new","","","5"
"827","newkey_127895","newkey","1800.0","","","Appartement","","","Rent","Apartment","2026-03-24T14:37:57.316854","new","","","35"
"828","newkey_127866","newkey","398000.0","","","Terrain","","","Sale","Land","2026-03-24T14:06:20.033227","new","","","25"
"829","newkey_127868","newkey","425000.0","","","Terrain","","","Sale","Land","2026-03-24T14:06:12.674009","new","","","25"
"830","newkey_127869","newkey","397000.0","","","Terrain","","","Sale","Land","2026-03-24T14:06:05.025079","new","","","25"
"831","newkey_128096","newkey","4500.0","","","Bureau Et Local...","","","Rent","Commercial","2026-03-24T14:37:28.883387","new","","","15"
"832","newkey_128002","newkey","2000.0","","","Bureau Et Local...","","","Rent","Commercial","2026-03-24T14:37:42.261632","new","","","20"
"833","newkey_127981","newkey","6800.0","","","Appartement","","","Rent","Apartment","2026-03-24T14:37:49.583316","new","","","15"
"834","newkey_128134","newkey","2300.0","","","Appartement","","","Rent","Apartment","2026-03-24T14:36:49.286427","new","","","35"
"835","newkey_128203","newkey","","","","Maison / Villa","","","Rent","Villa","2026-03-24T14:36:42.428082","new","","","15"
"836","newkey_128206","newkey","1900.0","","","Bureau Et Local...","","","Rent","Commercial","2026-03-24T14:36:18.175210","new","","","20"
"837","newkey_128097","newkey","1500.0","","","Bureau Et Local...","","","Rent","Commercial","2026-03-24T14:37:12.383258","new","","","20"
"838","newkey_128253","newkey","3500.0","","","Appartement","","","Rent","Apartment","2026-03-24T14:38:45.164887","new","","","35"
"839","newkey_128098","newkey","1500.0","","","Appartement","","","Rent","Apartment","2026-03-24T14:37:04.431283","new","","","35"
"840","newkey_128187","newkey","8000.0","","","Maison / Villa","","","Rent","Villa","2026-03-24T14:36:11.537158","new","","","35"
"841","newkey_128133","newkey","1650.0","","","Bureau Et Local...","","","Rent","Commercial","2026-03-24T14:36:56.040409","new","","","15"
"842","newkey_128307","newkey","1800.0","","","Bureau Et Local...","","","Rent","Commercial","2026-03-24T14:36:05.254830","new","","","15"
"843","newkey_128204","newkey","2200.0","","","Bureau Et Local...","","","Rent","Commercial","2026-03-24T14:36:34.671745","new","","","20"
"844","newkey_128479","newkey","1700.0","","","Appartement","","","Rent","Apartment","2026-03-24T14:35:30.726468","new","","","35"
"845","newkey_128377","newkey","4500.0","","","Appartement","","","Rent","Apartment","2026-03-24T14:35:51.919018","new","","","35"
"846","newkey_128542","newkey","750000.0","","","Appartement","","","Sale","Apartment","2026-03-24T14:09:55.667599","new","","","35"
"847","newkey_128486","newkey","35000.0","","","Bureau Et Local...","","","Sale","Commercial","2026-03-24T14:05:43.283624","new","","","15"
"848","newkey_128624","newkey","2300.0","","","Appartement","","","Rent","Villa","2026-03-24T14:35:00.717312","new","","","35"
"849","newkey_128545","newkey","3000.0","","","Appartement","","","Rent","Apartment","2026-03-24T14:35:07.804072","new","","","35"
"850","newkey_128530","newkey","1700.0","","","Appartement","","","Rent","Villa","2026-03-24T14:35:15.157283","new","","","35"
"851","newkey_128424","newkey","3200.0","","","Bureau Et Local...","","","Rent","Commercial","2026-03-24T14:35:45.175484","new","","","20"
"852","newkey_128324","newkey","7000.0","","","Bureau Et Local...","","","Rent","Commercial","2026-03-24T14:35:58.773683","new","","","0"
"853","newkey_128521","newkey","1200.0","","","Appartement","","","Rent","Apartment","2026-03-24T14:35:23.012033","new","","","35"
"854","newkey_128666","newkey","1850.0","","","Appartement","","","Rent","Apartment","2026-03-24T14:34:52.886207","new","","","35"
"855","newkey_128906","newkey","2300.0","","","Appartement","","","Rent","Commercial","2026-03-24T14:34:15.146470","new","","","35"
"856","newkey_128669","newkey","1500.0","","","Appartement","","","Sale","Apartment","2026-03-24T14:05:36.650390","new","","","0"
"857","newkey_128925","newkey","440000.0","","","Appartement","","","Sale","Apartment","2026-03-24T14:05:00.278233","new","","","35"
"858","newkey_128646","newkey","330000.0","","","Appartement","","","Sale","Villa","2026-03-24T14:05:28.287165","new","","","35"
"859","newkey_128919","newkey","1400.0","","","Appartement","","","Rent","Villa","2026-03-24T14:34:06.522725","new","","","35"
"860","newkey_128670","newkey","950.0","","","Maison / Villa","","","Rent","Apartment","2026-03-24T14:34:38.077056","new","","","35"
"861","newkey_128921","newkey","1300.0","","","Appartement","","","Rent","Apartment","2026-03-24T14:33:59.214697","new","","","35"
"862","newkey_128689","newkey","","","","Maison / Villa","","","Rent","Villa","2026-03-24T14:34:31.409301","new","","","15"
"863","newkey_128697","newkey","1400.0","","","Appartement","","","Rent","Apartment","2026-03-24T14:34:23.518302","new","","","35"
"864","newkey_129173","newkey","3000.0","","","Maison / Villa","","","Rent","Villa","2026-03-24T14:33:06.908773","new","","","20"
"865","newkey_129182","newkey","3700.0","","","Bureau Et Local...","","","Rent","Commercial","2026-03-24T14:32:15.535871","new","","","20"
"866","newkey_128978","newkey","2800.0","","","Appartement","","","Rent","Apartment","2026-03-24T14:33:36.789960","new","","","35"
"867","newkey_128984","newkey","6500.0","","","Appartement","","","Rent","Apartment","2026-03-24T14:33:30.363163","new","","","15"
"868","newkey_129011","newkey","250000.0","","","Appartement","","","Sale","Apartment","2026-03-24T14:04:46.728842","new","","","30"
"869","newkey_129207","newkey","2500.0","","","Appartement","","","Rent","Apartment","2026-03-24T14:32:37.896454","new","","","35"
"870","newkey_129055","newkey","375000.0","","","Appartement","","","Sale","Apartment","2026-03-24T14:04:53.661682","new","","","35"
"871","newkey_128977","newkey","2800.0","","","Appartement","","","Rent","Apartment","2026-03-24T14:33:43.838639","new","","","35"
"872","newkey_129152","newkey","672000.0","","","Terrain","","","Sale","Land","2026-03-24T14:04:31.626638","new","","","25"
"873","newkey_129123","newkey","1400.0","","","Appartement","","","Rent","Apartment","2026-03-24T14:32:51.936121","new","","","35"
"874","newkey_129223","newkey","1300.0","","","Maison / Villa","TUNIS","north","Sale","Land","2026-03-24T14:03:58.700284","new","","","50"
"875","newkey_129231","newkey","290000.0","","","Appartement","","","Sale","Apartment","2026-03-24T14:03:50.550112","new","","","35"
"876","newkey_129221","newkey","4500.0","","","Appartement","","","Rent","Apartment","2026-03-24T14:32:22.902349","new","","","35"
"877","newkey_129301","newkey","2000.0","","","Bureau Et Local...","","","Rent","Commercial","2026-03-24T14:31:56.664642","new","","","20"
"878","newkey_129337","newkey","2500.0","","","Appartement","","","Rent","Apartment","2026-03-24T14:31:43.413066","new","","","35"
"879","newkey_129211","newkey","2700.0","","","Appartement","","","Rent","Apartment","2026-03-24T14:32:30.783223","new","","","35"
"880","newkey_129334","newkey","406000.0","","","Appartement","","","Sale","Apartment","2026-03-24T14:02:14.177168","new","","","35"
"881","newkey_129246","newkey","1450.0","","","Appartement","","","Rent","Apartment","2026-03-24T14:31:50.657830","new","","","35"
"882","newkey_129232","newkey","975000.0","","","Terrain","","","Sale","Land","2026-03-24T14:03:43.413624","new","","","15"
"883","newkey_129335","newkey","","","","Appartement","","","Sale","Apartment","2026-03-24T14:02:08.151605","new","","","15"
"884","newkey_129408","newkey","1100.0","","","Bureau Et Local...","","","Rent","Commercial","2026-03-24T14:31:07.792955","new","","","20"
"885","newkey_129608","newkey","3500.0","","","Appartement","","","Rent","Apartment","2026-03-24T14:30:23.293262","new","","","35"
"886","newkey_129647","newkey","353000.0","","","Appartement","","","Sale","Apartment","2026-03-24T14:01:18.654437","new","","","35"
"887","newkey_129349","newkey","2400.0","","","Appartement","","","Rent","Apartment","2026-03-24T14:31:29.477669","new","","","35"
"888","newkey_129409","newkey","453000.0","","","Appartement","","","Sale","Apartment","2026-03-24T14:01:46.741686","new","","","35"
"889","newkey_129493","newkey","370000.0","","","Appartement","","","Sale","Apartment","2026-03-24T14:01:31.403018","new","","","35"
"890","newkey_129383","newkey","325000.0","","","Appartement","","","Sale","Apartment","2026-03-24T14:01:53.901153","new","","","35"
"891","newkey_129377","newkey","3000.0","","","Bureau Et Local...","","","Rent","Commercial","2026-03-24T14:31:37.015336","new","","","15"
"892","newkey_129571","newkey","275000.0","","","Appartement","","","Sale","Apartment","2026-03-24T14:01:24.645873","new","","","35"
"893","newkey_129576","newkey","2200.0","","","Appartement","","","Rent","Apartment","2026-03-24T14:30:46.177106","new","","","35"
"894","newkey_129741","newkey","2500.0","","","Appartement","","","Rent","Apartment","2026-03-24T14:29:30.541935","new","","","35"
"895","newkey_129686","newkey","2500.0","","","Appartement","","","Rent","Apartment","2026-03-24T14:30:08.558830","new","","","35"
"896","newkey_129730","newkey","7500.0","","","Maison / Villa","","","Rent","Commercial","2026-03-24T14:29:46.753393","new","","","15"
"897","newkey_129726","newkey","550000.0","","","Appartement","","","Sale","Apartment","2026-03-24T14:01:06.529469","new","","","35"
"898","newkey_129734","newkey","1400.0","","","Appartement","","","Rent","Apartment","2026-03-24T14:29:37.890367","new","","","20"
"899","newkey_129704","newkey","2300.0","","","Bureau Et Local...","","","Rent","Commercial","2026-03-24T14:29:13.295509","new","","","20"
"900","newkey_129656","newkey","1600.0","","","Appartement","","","Rent","Apartment","2026-03-24T14:30:30.215303","new","","","35"
"901","newkey_129739","newkey","550000.0","","","Appartement","","","Sale","Apartment","2026-03-24T14:00:58.420262","new","","","35"
"902","newkey_129729","newkey","2000.0","","","Bureau Et Local...","","","Rent","Commercial","2026-03-24T14:29:54.416941","new","","","20"
"903","newkey_129651","newkey","2700.0","","","Appartement","","","Rent","Apartment","2026-03-24T14:30:38.427783","new","","","35"
"904","newkey_129791","newkey","550000.0","","","Appartement","","","Sale","Apartment","2026-03-24T14:00:29.389784","new","","","35"
"905","newkey_129818","newkey","","","","Appartement","","","Sale","Villa","2026-03-24T14:00:37.112382","new","","","0"
"906","newkey_129869","newkey","700000.0","","","Appartement","","","Sale","Apartment","2026-03-24T14:00:09.039816","new","","","35"
"907","newkey_129867","newkey","433000.0","","","Appartement","","","Sale","Apartment","2026-03-24T14:00:14.903731","new","","","35"
"908","newkey_129917","newkey","1200.0","","","Appartement","","","Rent","Apartment","2026-03-24T14:28:32.436567","new","","","35"
"909","newkey_129766","newkey","650000.0","","","Appartement","","","Sale","Apartment","2026-03-24T14:00:43.791884","new","","","35"
"910","newkey_129767","newkey","2200.0","","","Appartement","","","Rent","Apartment","2026-03-24T14:29:03.950348","new","","","35"
"911","newkey_129872","newkey","1800.0","","","Bureau Et Local...","","","Rent","Commercial","2026-03-24T14:28:40.991743","new","","","20"
"912","newkey_129849","newkey","","","","Maison / Villa","","","Sale","Villa","2026-03-24T13:59:52.282137","new","","","15"
"913","newkey_129864","newkey","1050.0","","","Appartement","","","Sale","Commercial","2026-03-24T14:00:22.762315","new","","","0"
"914","newkey_130027","newkey","2300.0","","","Appartement","","","Rent","Apartment","2026-03-24T14:27:53.508460","new","","","35"
"915","newkey_130077","newkey","1750.0","","","Maison / Villa","","","Sale","Land","2026-03-24T13:59:31.632772","new","","","10"
"916","newkey_130153","newkey","2250.0","","","Appartement","","","Rent","Apartment","2026-03-24T14:27:22.792028","new","","","35"
"917","newkey_130098","newkey","54330.0","","","Immeuble","","","Rent","Other","2026-03-24T14:27:43.397410","new","","","15"
"918","newkey_130136","newkey","3500.0","","","Maison / Villa","","","Rent","Villa","2026-03-24T14:27:36.980219","new","","","20"
"919","newkey_129977","newkey","395000.0","","","Appartement","","","Sale","Villa","2026-03-24T13:59:45.269501","new","","","35"
"920","newkey_129924","newkey","2000.0","","","Appartement","","","Rent","Apartment","2026-03-24T14:28:16.185053","new","","","35"
"921","newkey_129926","newkey","1800.0","","","Bureau Et Local...","","","Rent","Commercial","2026-03-24T14:28:09.684356","new","","","20"
"922","newkey_130028","newkey","450000.0","","","Maison / Villa","","","Sale","Apartment","2026-03-24T13:59:37.554877","new","","","35"
"923","newkey_129987","newkey","","","","Maison / Villa","","","Rent","Land","2026-03-24T14:28:01.533175","new","","","15"
"924","newkey_130174","newkey","1600.0","","","Appartement","","","Rent","Apartment","2026-03-24T14:26:48.504691","new","","","35"
"925","newkey_130160","newkey","7000.0","","","Maison / Villa","","","Sale","Apartment","2026-03-24T13:59:15.889496","new","","","35"
"926","newkey_130189","newkey","1260.0","","","Appartement","","","Rent","Apartment","2026-03-24T14:26:55.049601","new","","","35"
"927","newkey_130157","newkey","2700.0","","","Appartement","","","Rent","Apartment","2026-03-24T14:27:15.189872","new","","","35"
"928","newkey_130171","newkey","790000.0","","","Bureau Et Local...","","","Sale","Commercial","2026-03-24T13:58:12.147176","new","","","20"
"929","newkey_130159","newkey","1550.0","","","Appartement","","","Rent","Villa","2026-03-24T14:27:07.974618","new","","","30"
"930","newkey_130191","newkey","410000.0","","","Appartement","","","Sale","Apartment","2026-03-24T13:58:20.745517","new","","","35"
"931","newkey_130161","newkey","370000.0","","","Appartement","","","Sale","Apartment","2026-03-24T13:58:26.920870","new","","","35"
"932","newkey_130181","newkey","3200.0","","","Appartement","","","Rent","Apartment","2026-03-24T14:27:01.598116","new","","","35"
"933","newkey_130156","newkey","440000.0","","","Appartement","","","Sale","Apartment","2026-03-24T13:59:23.585156","new","","","35"
"934","newkey_130380","newkey","2500.0","","","Appartement","","","Rent","Apartment","2026-03-24T14:26:09.663335","new","","","35"
"935","newkey_130222","newkey","270000.0","","","Appartement","","","Sale","Apartment","2026-03-24T13:58:02.820275","new","","","35"
"936","newkey_130439","newkey","2200.0","","","Appartement","","","Rent","Apartment","2026-03-24T14:25:12.230765","new","","","35"
"937","newkey_130399","newkey","1350.0","","","Appartement","","","Rent","Villa","2026-03-24T14:26:16.979766","new","","","15"
"938","newkey_130442","newkey","1700.0","","","Appartement","","","Rent","Apartment","2026-03-24T14:25:04.551124","new","","","35"
"939","newkey_130362","newkey","1500.0","","","Appartement","","","Rent","Apartment","2026-03-24T14:26:24.906987","new","","","35"
"940","newkey_130435","newkey","3400.0","","","Appartement","","","Rent","Apartment","2026-03-24T14:25:20.423020","new","","","35"
"941","newkey_130430","newkey","2300.0","","","Appartement","","","Rent","Apartment","2026-03-24T14:25:32.925375","new","","","35"
"942","newkey_130433","newkey","1700.0","","","Appartement","","","Rent","Apartment","2026-03-24T14:25:26.940428","new","","","35"
"943","newkey_130322","newkey","2500.0","","","Appartement","","","Rent","Apartment","2026-03-24T14:26:31.473694","new","","","35"
"944","newkey_130447","newkey","3000.0","","","Bureau Et Local...","","","Rent","Commercial","2026-03-24T14:26:02.048208","new","","","15"
"945","newkey_130466","newkey","2300.0","","","Maison / Villa","","","Rent","Commercial","2026-03-24T14:25:40.450268","new","","","20"
"946","newkey_97511","newkey","385000.0","","","Appartement","","","Sale","Apartment","2026-03-24T14:04:17.876313","new","","","35"
"947","newkey_130454","newkey","3600.0","","","Appartement","","","Rent","Apartment","2026-03-24T14:25:55.353514","new","","","35"
"948","newkey_130467","newkey","350000.0","","","Appartement","","","Sale","Apartment","2026-03-24T13:57:30.892015","new","","","35"
"949","newkey_78799","newkey","850000.0","","","Maison / Villa","","","Sale","Villa","2026-03-24T14:18:09.922203","new","","","20"
"950","newkey_95276","newkey","","","","Maison / Villa","","","Sale","Villa","2026-03-24T14:03:36.960579","new","","","15"
"951","newkey_70942","newkey","410000.0","","","Appartement","","","Sale","Apartment","2026-03-24T14:23:50.885313","new","","","35"
"952","verdar_124713","verdar","3000.0","1000.0","","","","","Rent","Land","2026-03-24T14:56:49.515566","price_down","-2997400.0","-99.9","20"
"953","zitouna_immo_5775","zitouna_immo","","","","La Marsa","TUNIS","north","Rent","Villa","2026-03-24T15:06:08.543075","new","","","25"
"954","zitouna_immo_6434","zitouna_immo","970000.0","","","La Soukra","ARIANA","north","Sale","Commercial","2026-03-24T15:01:41.184169","new","","","70"
"955","zitouna_immo_2973","zitouna_immo","3500.0","","","La Marsa","TUNIS","north","Rent","Villa","2026-03-24T15:06:42.987635","new","","","70"
"956","zitouna_immo_6535","zitouna_immo","1250.0","","","La Goulette","TUNIS","north","Sale","Villa","2026-03-24T15:02:00.805071","new","","","50"
"957","zitouna_immo_5804","zitouna_immo","","","","Sousse Ville","SOUSSE","east","Sale","Land","2026-03-24T15:01:35.536605","new","","","25"
"958","zitouna_immo_6534","zitouna_immo","","","","Soliman","NABEUL","north","Sale","Land","2026-03-24T15:02:10.478446","new","","","10"
"959","zitouna_immo_5518","zitouna_immo","4500.0","","","La Marsa","TUNIS","north","Rent","Apartment","2026-03-24T15:06:02.260579","new","","","70"
"960","zitouna_immo_6536","zitouna_immo","410000.0","","","La Marsa","TUNIS","north","Sale","Commercial","2026-03-24T15:01:55.145430","new","","","65"
"961","zitouna_immo_5707","zitouna_immo","15000.0","","","La Marsa","TUNIS","north","Rent","Villa","2026-03-24T15:06:13.928027","new","","","70"
"962","zitouna_immo_5557","zitouna_immo","","","","Carthage","TUNIS","north","Rent","Land","2026-03-24T15:06:19.952834","new","","","25"
"963","zitouna_immo_6544","zitouna_immo","5000.0","","","La Soukra","ARIANA","north","Rent","Other","2026-03-24T15:06:54.262426","new","","","65"
"964","zitouna_immo_6538","zitouna_immo","890000.0","","","La Marsa","TUNIS","north","Sale","Villa","2026-03-24T15:01:30.509803","new","","","70"
"965","zitouna_immo_6545","zitouna_immo","4000.0","","","La Marsa","TUNIS","north","Rent","Apartment","2026-03-24T15:06:26.131205","new","","","70"
"966","zitouna_immo_6543","zitouna_immo","3700.0","","","La Marsa","TUNIS","north","Rent","Commercial","2026-03-24T15:06:37.119915","new","","","70"
"967","zitouna_immo_6546","zitouna_immo","1800.0","","","La Marsa","TUNIS","north","Rent","Villa","2026-03-24T15:06:30.498534","new","","","70"
"968","zitouna_immo_6541","zitouna_immo","3500.0","","","La Marsa","TUNIS","north","Rent","Apartment","2026-03-24T15:06:47.996714","new","","","70"
"969","mubawab_7582027","mubawab","","219.0","4","","","","Sale","Apartment","2026-03-24T15:29:23.360942","new","","","15"
"970","mubawab_7477759","mubawab","","555.0","9","","","","Sale","Commercial","2026-03-24T15:30:05.250014","new","","","15"
"971","mubawab_8320290","mubawab","","124.0","","","TUNIS","north","Sale","Commercial","2026-03-24T15:30:15.276474","new","","","20"
"972","mubawab_7907095","mubawab","","52.0","1","","","","Sale","Apartment","2026-03-24T15:29:17.470378","new","","","15"
"973","mubawab_7928563","mubawab","","99.0","1","","","","Sale","Apartment","2026-03-24T15:29:08.782939","new","","","15"
"974","mubawab_7670672","mubawab","","","3","El Kantaoui","SOUSSE","east","Sale","Apartment","2026-03-24T15:28:41.567172","new","","","50"
"975","mubawab_8130939","mubawab","","130.0","1","","","","Sale","Apartment","2026-03-24T15:29:04.301627","new","","","15"
"976","mubawab_7845704","mubawab","","123.0","7","","","","Sale","Apartment","2026-03-24T15:29:29.551140","new","","","15"
"977","mubawab_7851012","mubawab","","130.0","10","","","","Sale","Commercial","2026-03-24T15:30:00.209051","new","","","15"
"978","mubawab_8253811","mubawab","","129.0","4","","TUNIS","north","Sale","Apartment","2026-03-24T15:29:34.794516","new","","","55"
"979","mubawab_8301360","mubawab","","73.0","1","","TUNIS","north","Sale","Apartment","2026-03-24T15:29:13.079313","new","","","60"
"980","mubawab_8166867","mubawab","","123.0","9","","","","Sale","Commercial","2026-03-24T15:29:55.457944","new","","","15"
"981","mubawab_8320299","mubawab","","82.0","10","","","","Sale","Commercial","2026-03-24T15:30:10.325143","new","","","15"
"982","affare_2170","affare","90000.0","2170.0","","Sidi Bou Ali","SOUSSE","east","Sale","Land","2026-03-24T16:16:52.316469","new","","","65"
"983","affare_257145","affare","2000.0","90.0","2","Mahdia","MAHDIA","east","Rent","Apartment","2026-03-24T16:17:32.303042","new","","","90"
"984","affare_245170","affare","2900.0","252.0","3","Mahdia","MAHDIA","east","Sale","Villa","2026-03-24T16:16:10.976891","new","","","80"
"985","affare_256890","affare","650.0","102.0","2","Mahdia","MAHDIA","east","Sale","Apartment","2026-03-24T16:17:20.508985","new","","","80"
"986","affare_245171","affare","3800.0","109.0","2","Mahdia","MAHDIA","east","Sale","Apartment","2026-03-24T16:16:31.902445","new","","","80"
"987","affare_257202","affare","550.0","80.0","2","Mahdia","MAHDIA","east","Rent","Apartment","2026-03-24T16:17:44.003285","new","","","90"
"988","affare_257147","affare","1500.0","66.0","1","Mahdia","MAHDIA","east","Rent","Apartment","2026-03-24T16:17:50.807931","new","","","90"
"989","affare_259063","affare","975000.0","550.0","8","Hammamet","NABEUL","north","Sale","Land","2026-03-24T16:18:16.572973","new","","","100"
"990","affare_259065","affare","870000.0","","4","Hammamet Sud","NABEUL","north","Sale","Villa","2026-03-24T16:17:58.086732","new","","","85"
"991","affare_259064","affare","1600.0","90.0","2","Sahloul","SOUSSE","east","Rent","Apartment","2026-03-24T16:18:12.050594","new","","","90"
"992","affare_259066","affare","1350.0","650.0","5","Hammamet Sud","NABEUL","north","Sale","Villa","2026-03-24T16:18:06.168014","new","","","80"
"993","affare_259069","affare","1250.0","320.0","4","Hammamet","NABEUL","north","Sale","Land","2026-03-24T16:17:05.916184","new","","","80"
"994","affare_259067","affare","100.0","100.0","2","Centre Ville - Lafayette","TUNIS","north","Sale","Other","2026-03-24T16:16:42.625548","new","","","75"
"995","affare_259068","affare","850000.0","500.0","3","Hammamet","NABEUL","north","Sale","Villa","2026-03-24T16:17:10.567211","new","","","100"
"996","century21_c06ff58b0763","century21","","","","Hammamet","NABEUL","north","Sale","Apartment","2026-03-24T16:22:23.887290","new","","","20"
"997","newkey_130515","newkey","2300.0","","","Appartement","","","Rent","Apartment","2026-03-24T17:06:43.979976","new","","","35"
"998","zitouna_immo_6547","zitouna_immo","2200.0","","","Ariana Ville","ARIANA","north","Rent","Commercial","2026-03-24T17:48:22.180280","new","","","40"
"999","century21_9ba44f991d99","century21","","","","Ain Zaghouan","TUNIS","north","Rent","Villa","2026-03-24T19:41:37.791275","new","","","25"
"1000","century21_d56c9a65e2f8","century21","","","","Ariana Ville","ARIANA","north","Rent","Apartment","2026-03-24T19:41:45.052180","new","","","25"
"1001","century21_ebc7ed0ab918","century21","","","","La Marsa","TUNIS","north","Rent","Villa","2026-03-24T19:41:30.837566","new","","","25"
"1002","56970","tecnocasa","","920.0","","","","","Sale","Other","2026-03-24T23:15:32.839570","new","","","0"
"1003","47002","tecnocasa","","275.0","","","","","Sale","Other","2026-03-24T23:11:02.275433","new","","","0"
"1004","58927","tecnocasa","","100.0","2","","","","Sale","Other","2026-03-24T23:05:59.680238","new","","","10"
"1005","57767","tecnocasa","","410.0","","","","","Sale","Other","2026-03-24T23:11:08.789593","new","","","0"
"1006","58766","tecnocasa","","488.0","","","","","Sale","Other","2026-03-24T23:11:14.391119","new","","","0"
"1007","36522","tecnocasa","","341.0","","","","","Sale","Other","2026-03-24T23:00:55.342848","new","","","0"
"1008","55702","tecnocasa","","123.0","2","","","","Sale","Other","2026-03-24T23:10:49.572913","new","","","10"
"1009","58550","tecnocasa","","405.0","","","","","Sale","Other","2026-03-24T23:14:55.398609","new","","","0"
"1010","59143","tecnocasa","","561.0","","","","","Sale","Other","2026-03-24T23:15:14.293820","new","","","0"
"1011","57451","tecnocasa","","603.0","","","","","Sale","Other","2026-03-24T23:00:49.282918","new","","","0"
"1012","61948","tecnocasa","","187.0","3","","","","Sale","Other","2026-03-24T23:05:54.139257","new","","","10"
"1013","60392","tecnocasa","","150.0","3","","","","Sale","Other","2026-03-24T23:05:33.338995","new","","","10"
"1014","61461","tecnocasa","","145.0","3","","","","Sale","Other","2026-03-24T23:05:46.881251","new","","","10"
"1015","61407","tecnocasa","","147.0","3","","","","Sale","Other","2026-03-24T23:14:41.357449","new","","","10"
"1016","61795","tecnocasa","","220.0","","","","","Sale","Other","2026-03-24T23:14:48.385824","new","","","0"
"1017","61923","tecnocasa","","203.0","","","","","Sale","Other","2026-03-24T23:01:34.059789","new","","","0"
"1018","60004","tecnocasa","","145.0","3","","","","Sale","Other","2026-03-24T23:05:20.763649","new","","","10"
"1019","61942","tecnocasa","","90.0","2","","","","Sale","Other","2026-03-24T23:06:06.325161","new","","","10"
"1020","61572","tecnocasa","","661.0","","","","","Sale","Other","2026-03-24T23:14:29.079471","new","","","0"
"1021","60282","tecnocasa","","100.0","2","","","","Sale","Other","2026-03-24T23:06:31.077141","new","","","10"
"1022","62260","tecnocasa","","157.0","","","","","Sale","Other","2026-03-24T23:01:16.724344","new","","","0"
"1023","62463","tecnocasa","","130.0","3","","","","Sale","Other","2026-03-24T23:01:09.840963","new","","","10"
"1024","62150","tecnocasa","","200.0","","","","","Sale","Other","2026-03-24T23:01:02.925219","new","","","0"
"1025","62155","tecnocasa","","534.0","","","","","Sale","Other","2026-03-24T23:01:24.828937","new","","","0"
"1026","62625","tecnocasa","","130.0","2","","","","Sale","Other","2026-03-24T23:00:36.233769","new","","","10"
"1027","62630","tecnocasa","","134.0","3","","","","Sale","Other","2026-03-24T23:05:26.480050","new","","","10"
"1028","62316","tecnocasa","","77.0","2","","","","Sale","Other","2026-03-24T23:14:16.539188","new","","","10"
"1029","62221","tecnocasa","","232.0","","","","","Sale","Other","2026-03-24T23:14:03.325871","new","","","0"
"1030","62005","tecnocasa","","117.0","3","","","","Sale","Other","2026-03-24T23:06:36.999578","new","","","10"
"1031","62152","tecnocasa","","230.0","","","","","Sale","Other","2026-03-24T22:59:44.375004","new","","","0"
"1032","63066","tecnocasa","","53.0","1","","","","Sale","Other","2026-03-24T23:14:09.208401","new","","","10"
"1033","63418","tecnocasa","","534.0","","","","","Sale","Other","2026-03-24T23:15:21.312251","new","","","0"
"1034","63375","tecnocasa","","60.0","","","","","Sale","Other","2026-03-24T23:10:56.486305","new","","","0"
"1035","63844","tecnocasa","","222.0","","","","","Sale","Other","2026-03-24T23:15:00.583136","new","","","0"
"1036","63842","tecnocasa","","350.0","","","","","Sale","Other","2026-03-24T23:09:48.510801","new","","","0"
"1037","63739","tecnocasa","","96.0","3","","","","Sale","Other","2026-03-24T23:15:07.823724","new","","","10"
"1038","63643","tecnocasa","","100.0","2","","","","Sale","Other","2026-03-24T23:06:24.245381","new","","","10"
"1039","63087","tecnocasa","","427.0","","","","","Sale","Other","2026-03-24T23:05:14.227423","new","","","0"
"1040","62859","tecnocasa","","147.0","3","","","","Sale","Other","2026-03-24T23:15:27.589667","new","","","10"
"1041","63180","tecnocasa","","150.0","2","","","","Sale","Other","2026-03-24T23:11:21.999960","new","","","10"
"1042","63965","tecnocasa","","74.0","1","","","","Sale","Other","2026-03-24T23:06:10.854216","new","","","10"
"1043","63958","tecnocasa","","354.0","","","","","Sale","Other","2026-03-24T23:00:43.666592","new","","","0"
"1044","64017","tecnocasa","","114.0","","","","","Sale","Other","2026-03-24T23:10:06.569819","new","","","0"
"1045","63943","tecnocasa","","95.0","2","","","","Sale","Other","2026-03-24T23:06:18.225705","new","","","10"
"1046","64090","tecnocasa","","186.0","","","","","Sale","Other","2026-03-24T23:00:29.985449","new","","","0"
"1047","64372","tecnocasa","","119.0","","","","","Sale","Other","2026-03-24T23:10:25.153626","new","","","0"
"1048","64369","tecnocasa","","94.0","","","","","Sale","Other","2026-03-24T23:09:56.706343","new","","","0"
"1049","63876","tecnocasa","","93.0","2","","","","Sale","Other","2026-03-24T23:10:11.798235","new","","","10"
"1050","63983","tecnocasa","","191.0","4","","","","Sale","Other","2026-03-24T23:14:35.521462","new","","","10"
"1051","64204","tecnocasa","","150.0","","","","","Sale","Other","2026-03-24T23:10:43.272956","new","","","0"
"1052","64421","tecnocasa","","200.0","","","","","Sale","Other","2026-03-24T23:00:23.394836","new","","","0"
"1053","64617","tecnocasa","","436.0","","","","","Sale","Other","2026-03-24T22:59:53.907424","new","","","0"
"1054","64615","tecnocasa","","320.0","","","","","Sale","Other","2026-03-24T23:00:04.536143","new","","","0"
"1055","64604","tecnocasa","","300.0","","","","","Sale","Other","2026-03-24T23:14:22.304636","new","","","0"
"1056","64581","tecnocasa","","423.0","","","","","Sale","Other","2026-03-24T23:10:30.792937","new","","","0"
"1057","64580","tecnocasa","","390.0","","","","","Sale","Other","2026-03-24T23:10:37.749299","new","","","0"
"1058","64743","tecnocasa","","146.0","2","","","","Sale","Other","2026-03-24T23:06:43.206368","new","","","10"
"1059","64606","tecnocasa","","78.0","1","","","","Sale","Other","2026-03-24T23:00:12.383322","new","","","10"
"1060","64582","tecnocasa","","389.0","","","","","Sale","Other","2026-03-24T23:10:18.152056","new","","","0"
"1061","64702","tecnocasa","","125.0","2","","","","Sale","Other","2026-03-24T23:05:38.755561","new","","","10"
"1062","agareb","tecnocasa","","","","","","","Sale","Other","2026-03-24T23:16:01.772844","new","","","0"
"1063","agence-hammamet-2","tecnocasa","","","","","","","Sale","Other","2026-03-24T23:02:08.862723","new","","","0"
"1064","agence-hammamet","tecnocasa","","","","","","","Sale","Other","2026-03-24T23:02:02.791362","new","","","0"
"1065","bembla","tecnocasa","","","","","","","Sale","Other","2026-03-24T23:12:26.792786","new","","","0"
"1066","agence-nabeul","tecnocasa","","","","","","","Sale","Other","2026-03-24T23:02:17.863968","new","","","0"
"1067","bir-ali-ben-khalifa","tecnocasa","","","","","","","Sale","Other","2026-03-24T23:16:07.838962","new","","","0"
"1068","beni-hassen","tecnocasa","","","","","","","Sale","Other","2026-03-24T23:12:33.710088","new","","","0"
"1069","akouda","tecnocasa","","","","","","","Sale","Other","2026-03-24T23:07:36.941013","new","","","0"
"1070","bekalta","tecnocasa","","","","","","","Sale","Other","2026-03-24T23:12:21.067882","new","","","0"
"1071","barreket-essahel","tecnocasa","","","","","","","Sale","Other","2026-03-24T23:02:25.215837","new","","","0"
"1072","chott-meriam","tecnocasa","","","","","","","Sale","Other","2026-03-24T23:07:48.182601","new","","","0"
"1073","bouficha","tecnocasa","","","","","","","Sale","Other","2026-03-24T23:07:42.351545","new","","","0"
"1074","bir-bou-regba","tecnocasa","","","","","","","Sale","Other","2026-03-24T23:02:54.343431","new","","","0"
"1075","el-hencha","tecnocasa","","","","","","","Sale","Other","2026-03-24T23:16:18.978204","new","","","0"
"1076","cite-ennassim","tecnocasa","","","","","","","Sale","Other","2026-03-24T23:03:05.601133","new","","","0"
"1077","cite-el-wafa-afh","tecnocasa","","","","","","","Sale","Other","2026-03-24T23:03:00.368127","new","","","0"
"1078","el-amra","tecnocasa","","","","","","","Sale","Other","2026-03-24T23:16:12.334985","new","","","0"
"1079","cote-craxi","tecnocasa","","","","","","","Sale","Other","2026-03-24T23:03:11.462832","new","","","0"
"1080","cote-fourati","tecnocasa","","","","","","","Sale","Other","2026-03-24T23:03:18.077203","new","","","0"
"1081","cap-bon","tecnocasa","","","","","","","Sale","Other","2026-03-24T22:59:38.155364","new","","","0"
"1082","jebiniana","tecnocasa","","","","","","","Sale","Other","2026-03-24T23:16:31.168486","new","","","0"
"1083","hammam-sousse","tecnocasa","","","","","","","Sale","Other","2026-03-24T23:08:06.386360","new","","","0"
"1084","enfida","tecnocasa","","","","","","","Sale","Other","2026-03-24T23:08:00.021508","new","","","0"
"1085","hammamet-sud","tecnocasa","","","","","","","Sale","Other","2026-03-24T23:02:48.683229","new","","","0"
"1086","el-kantaoui","tecnocasa","","","","","","","Sale","Other","2026-03-24T23:07:53.679938","new","","","0"
"1087","hergla","tecnocasa","","","","","","","Sale","Other","2026-03-24T23:08:12.438739","new","","","0"
"1088","hammamet-nord","tecnocasa","","","","","","","Sale","Other","2026-03-24T23:02:41.670622","new","","","0"
"1089","fouchana","tecnocasa","","","","","","","Sale","Other","2026-03-24T22:59:05.679713","new","","","0"
"1090","graiba","tecnocasa","","","","","","","Sale","Other","2026-03-24T23:16:24.570259","new","","","0"
"1091","hammamet-centre","tecnocasa","","","","","","","Sale","Other","2026-03-24T23:02:34.202675","new","","","0"
"1092","kharrouba","tecnocasa","","","","","","","Sale","Other","2026-03-24T23:03:24.809341","new","","","0"
"1093","kondar","tecnocasa","","","","","","","Sale","Other","2026-03-24T23:08:35.104429","new","","","0"
"1094","kerkennah","tecnocasa","","","","","","","Sale","Other","2026-03-24T23:16:37.797996","new","","","0"
"1095","kalaa-seghira","tecnocasa","","","","","","","Sale","Other","2026-03-24T23:08:23.980605","new","","","0"
"1096","kalaat-el-andalous","tecnocasa","","","","","","","Sale","Other","2026-03-24T22:58:22.771672","new","","","0"
"1097","ksar-hellal","tecnocasa","","","","","","","Sale","Other","2026-03-24T23:12:47.098131","new","","","0"
"1098","khezama","tecnocasa","","","","","","","Sale","Other","2026-03-24T23:08:29.210665","new","","","0"
"1099","jemmal","tecnocasa","","","","","","","Sale","Other","2026-03-24T23:12:40.369488","new","","","0"
"1100","ksibet-el-mediouni","tecnocasa","","","","","","","Sale","Other","2026-03-24T23:12:52.229323","new","","","0"
"1101","kalaa-kebira","tecnocasa","","","","","","","Sale","Other","2026-03-24T23:08:18.395029","new","","","0"
"1102","monastir","tecnocasa","","","","","","","Sale","Other","2026-03-24T23:13:05.022716","new","","","0"
"1103","le-fort","tecnocasa","","","","","","","Sale","Other","2026-03-24T23:03:47.840696","new","","","0"
"1104","manara","tecnocasa","","","","","","","Sale","Other","2026-03-24T23:03:54.632374","new","","","0"
"1105","la-gare","tecnocasa","","","","","","","Sale","Other","2026-03-24T23:03:39.478725","new","","","0"
"1106","la-corniche-2","tecnocasa","","","","","","","Sale","Other","2026-03-24T23:03:32.011769","new","","","0"
"1107","moknine","tecnocasa","","","","","","","Sale","Other","2026-03-24T23:12:58.175443","new","","","0"
"1108","m-saken","tecnocasa","","","","","","","Sale","Other","2026-03-24T23:08:42.612783","new","","","0"
"1109","menzel-chaker","tecnocasa","","","","","","","Sale","Other","2026-03-24T23:16:50.782316","new","","","0"
"1110","mohamedia","tecnocasa","","","","","","","Sale","Other","2026-03-24T22:59:12.748980","new","","","0"
"1111","mahres","tecnocasa","","","","","","","Sale","Other","2026-03-24T23:16:44.993509","new","","","0"
"1112","moncef-bey","tecnocasa","","","","","","","Sale","Other","2026-03-24T23:04:00.997740","new","","","0"
"1113","sidi-bou-ali","tecnocasa","","","","","","","Sale","Other","2026-03-24T23:08:53.136164","new","","","0"
"1114","sfax","tecnocasa","","","","","","","Sale","Other","2026-03-24T23:16:57.874488","new","","","0"
"1115","route-de-nabeul","tecnocasa","","","","","","","Sale","Other","2026-03-24T23:04:13.895335","new","","","0"
"1116","sayeda","tecnocasa","","","","","","","Sale","Other","2026-03-24T23:13:27.735817","new","","","0"
"1117","mrezga","tecnocasa","","","","","","","Sale","Other","2026-03-24T23:04:07.989296","new","","","0"
"1118","ouerdanine","tecnocasa","","","","","","","Sale","Other","2026-03-24T23:13:12.370154","new","","","0"
"1119","sahloul","tecnocasa","","","","","","","Sale","Other","2026-03-24T23:08:47.093459","new","","","0"
"1120","sahline","tecnocasa","","","","","","","Sale","Other","2026-03-24T23:13:18.393013","new","","","0"
"1121","sayada-lamta-bouhjar","tecnocasa","","","","","","","Sale","Other","2026-03-24T23:13:23.078793","new","","","0"
"1122","sousse-jawhara","tecnocasa","","","","","","","Sale","Other","2026-03-24T23:09:12.826995","new","","","0"
"1123","skhira","tecnocasa","","","","","","","Sale","Other","2026-03-24T23:17:04.092028","new","","","0"
"1124","sousse-zone-industrielle","tecnocasa","","","","","","","Sale","Other","2026-03-24T23:09:24.809585","new","","","0"
"1125","teboulba","tecnocasa","","","","","","","Sale","Other","2026-03-24T23:13:33.091941","new","","","0"
"1126","sousse-centre-ville","tecnocasa","","","","","","","Sale","Other","2026-03-24T23:09:05.410468","new","","","0"
"1127","sousse","tecnocasa","","","","","","","Sale","Other","2026-03-24T23:06:48.427427","new","","","0"
"1128","sidi-el-hani","tecnocasa","","","","","","","Sale","Other","2026-03-24T23:08:59.504705","new","","","0"
"1129","sousse-riadh","tecnocasa","","","","","","","Sale","Other","2026-03-24T23:09:19.354165","new","","","0"
"1130","sidi-maherzi","tecnocasa","","","","","","","Sale","Other","2026-03-24T23:04:20.068952","new","","","0"
"1131","tecnocasa_0fa731f62320","tecnocasa","","","","","","","Sale","Other","2026-03-24T23:12:01.292173","new","","","0"
"1132","tecnocasa_42ad67b93bec","tecnocasa","","","","","","","Sale","Other","2026-03-24T23:12:14.230130","new","","","0"
"1133","tecnocasa_7a592e92e148","tecnocasa","","","","","","","Sale","Other","2026-03-24T23:01:41.183514","new","","","0"
"1134","tecnocasa_2da971d66a33","tecnocasa","","","","","","","Sale","Other","2026-03-24T23:07:06.173056","new","","","0"
"1135","tecnocasa_340d7b5e3d18","tecnocasa","","","","","","","Sale","Other","2026-03-24T23:11:38.461314","new","","","0"
"1136","tecnocasa_1893bb1c6aa3","tecnocasa","","","","","","","Sale","Other","2026-03-24T23:12:08.515535","new","","","0"
"1137","tecnocasa_66bf931e90bd","tecnocasa","","","","","","","Sale","Other","2026-03-24T23:15:47.938594","new","","","0"
"1138","tecnocasa_63a8703e6037","tecnocasa","","","","","","","Sale","Other","2026-03-24T23:15:54.833109","new","","","0"
"1139","tecnocasa_4391f247ae81","tecnocasa","","","","","","","Sale","Other","2026-03-24T23:06:59.117382","new","","","0"
"1140","tecnocasa_14233070837e","tecnocasa","","","","","","","Sale","Other","2026-03-24T23:01:48.489403","new","","","0"
"1141","tecnocasa_19608b2d86e5","tecnocasa","","","","","","","Sale","Other","2026-03-24T23:07:30.500173","new","","","0"
"1142","tecnocasa_e67a93723187","tecnocasa","","","","","","","Sale","Other","2026-03-24T23:11:32.051296","new","","","0"
"1143","tecnocasa_d10c1fb4ebff","tecnocasa","","","","","","","Sale","Other","2026-03-24T23:07:24.231235","new","","","0"
"1144","tecnocasa_e0553444f3cd","tecnocasa","","","","","","","Sale","Other","2026-03-24T23:11:54.681831","new","","","0"
"1145","tecnocasa_817fc8af6a1a","tecnocasa","","","","","","","Sale","Other","2026-03-24T23:11:45.146011","new","","","0"
"1146","tecnocasa_cb5e4bd44d82","tecnocasa","","","","","","","Sale","Other","2026-03-24T23:07:17.935271","new","","","0"
"1147","tecnocasa_891ae163d6bd","tecnocasa","","","","","","","Sale","Other","2026-03-24T23:06:54.611574","new","","","0"
"1148","zeramdine","tecnocasa","","","","","","","Sale","Other","2026-03-24T23:13:39.284770","new","","","0"
"1149","zone-hoteliere","tecnocasa","","","","","","","Sale","Other","2026-03-24T23:04:24.829910","new","","","0"
"1150","tecnocasa_8e7da343fe8d","tecnocasa","","","","","","","Sale","Other","2026-03-24T23:07:11.748533","new","","","0"
"1151","tecnocasa_a7c71fdb8b46","tecnocasa","","","","","","","Sale","Other","2026-03-24T23:01:54.584462","new","","","0"
"1152","zone-theatre","tecnocasa","","","","","","","Sale","Other","2026-03-24T23:04:31.779646","new","","","0"
"1153","tunisieannonce_4696fc8bc3a7","tunisieannonce","850000.0","400.0","2","Cite El Ghazala 1","","","Sale","Land","2026-03-24T22:24:56.507857","new","","","75"
"1154","zone-touristique-2","tecnocasa","","","","","","","Sale","Other","2026-03-24T23:04:43.935421","new","","","0"
"1155","tunisieannonce_15217bbad0ec","tunisieannonce","400000.0","71.0","2","Hammamet","","","Sale","Apartment","2026-03-24T22:25:21.098639","new","","","90"
"1156","tunisieannonce_ce8f258a8951","tunisieannonce","360000.0","300.0","","Rades Plage","","","Sale","Land","2026-03-24T22:24:28.697762","new","","","75"
"1157","zone-touristique-1","tecnocasa","","","","","","","Sale","Other","2026-03-24T23:04:38.101585","new","","","0"
"1158","tunisieannonce_8252f461115f","tunisieannonce","220000.0","140.0","","Hedi Chaker","","","Sale","Commercial","2026-03-24T22:25:35.733525","new","","","80"
"1159","tunisieannonce_16fd3d5fd8d2","tunisieannonce","2500.0","500.0","2","Cite Ennasr 2","","","Sale","Land","2026-03-24T22:25:02.411678","new","","","70"
"1160","tunisieannonce_712254797322","tunisieannonce","1250.0","120.0","2","Riadh Landlous","","","Sale","Villa","2026-03-24T22:25:15.136576","new","","","55"
"1161","affare_1000","affare","700000.0","1000.0","","Sousse Riadh","SOUSSE","east","Sale","Land","2026-03-25T00:25:24.655846","new","","","90"
"1162","affare_259079","affare","1200.0","124.0","2","Mahdia","MAHDIA","east","Sale","Other","2026-03-25T00:26:50.365655","new","","","80"
"1163","affare_259081","affare","450000.0","300.0","4","Hammamet","NABEUL","north","Sale","Villa","2026-03-25T00:26:16.035250","new","","","100"
"1164","affare_259082","affare","850000.0","","4","Hammamet Sud","NABEUL","north","Sale","Villa","2026-03-25T00:26:25.968526","new","","","85"
"1165","affare_259078","affare","600.0","95.0","2","Mahdia","MAHDIA","east","Rent","Apartment","2026-03-25T00:26:37.856688","new","","","90"
"1166","affare_259076","affare","6000.0","","4","Hammamet Sud","NABEUL","north","Sale","Land","2026-03-25T00:25:13.474981","new","","","85"
"1167","affare_259074","affare","74000.0","29.0","","Sousse Riadh","SOUSSE","east","Sale","Commercial","2026-03-25T00:25:36.647870","new","","","90"
"1168","affare_259090","affare","950.0","","","Manar","ARIANA","north","Sale","Commercial","2026-03-25T00:24:47.292860","new","","","55"
"1169","affare_259088","affare","600000.0","147.0","2","Mahdia","MAHDIA","east","Sale","Apartment","2026-03-25T00:24:22.141261","new","","","100"
"1170","affare_259084","affare","1020.0","560.0","7","Hammamet","NABEUL","north","Sale","Villa","2026-03-25T00:23:57.027212","new","","","80"
"1171","affare_259089","affare","444000.0","121.0","2","Mahdia","MAHDIA","east","Sale","Apartment","2026-03-25T00:24:27.857045","new","","","100"
"1172","affare_259092","affare","402000.0","106.0","2","Mahdia","MAHDIA","east","Sale","Apartment","2026-03-25T00:26:02.940570","new","","","100"
"1173","affare_259091","affare","309000.0","103.0","","Mahdia","MAHDIA","east","Sale","Commercial","2026-03-25T00:25:52.793099","new","","","90"
"1174","affare_259087","affare","1050.0","440.0","4","Hammamet","NABEUL","north","Sale","Villa","2026-03-25T00:24:36.985333","new","","","80"
"1175","affare_259086","affare","550.0","35.0","1","Mahdia","MAHDIA","east","Sale","Villa","2026-03-25T00:25:09.440865","new","","","80"
"1176","affare_259093","affare","850.0","","","Manar","ARIANA","north","Rent","Commercial","2026-03-25T00:23:46.652202","new","","","75"
"1177","affare_259085","affare","580.0","50.0","1","Mahdia","MAHDIA","east","Sale","Apartment","2026-03-25T00:24:32.769098","new","","","80"
"1178","affare_259099","affare","2000.0","160.0","2","Hammamet","NABEUL","north","Sale","Commercial","2026-03-25T00:22:44.013932","new","","","80"
"1179","affare_259109","affare","498000.0","82.0","2","Mahdia","MAHDIA","east","Sale","Villa","2026-03-25T00:23:07.048874","new","","","100"
"1180","affare_259108","affare","430000.0","200.0","3","Mahdia","MAHDIA","east","Sale","Villa","2026-03-25T00:23:19.091419","new","","","100"
"1181","affare_259095","affare","1500.0","714.0","","Sousse Médina","SOUSSE","east","Sale","Land","2026-03-25T00:24:58.116006","new","","","70"
"1182","affare_259094","affare","240000.0","166.0","2","Mahdia","MAHDIA","east","Sale","Villa","2026-03-25T00:25:46.709753","new","","","100"
"1183","affare_259098","affare","616000.0","137.0","2","Mahdia","MAHDIA","east","Sale","Apartment","2026-03-25T00:22:39.603949","new","","","100"
"1184","affare_259097","affare","230000.0","90.0","2","Mahdia","MAHDIA","east","Sale","Apartment","2026-03-25T00:24:07.927676","new","","","95"
"1185","affare_259105","affare","680000.0","124.0","2","Mahdia","MAHDIA","east","Sale","Apartment","2026-03-25T00:22:49.874303","new","","","100"
"1186","affare_259096","affare","400000.0","83.0","1","Mahdia","MAHDIA","east","Sale","Apartment","2026-03-25T00:26:10.443096","new","","","100"
"1187","affare_259100","affare","168000.0","90.0","2","Mahdia","MAHDIA","east","Sale","Apartment","2026-03-25T00:22:18.205523","new","","","100"
"1188","affare_259110","affare","230000.0","77.0","3","Sousse Riadh","SOUSSE","east","Sale","Apartment","2026-03-25T00:22:55.313846","new","","","100"
"1189","affare_259111","affare","235000.0","105.0","2","Mahdia","MAHDIA","east","Sale","Villa","2026-03-25T00:23:36.475554","new","","","100"
"1190","affare_259113","affare","450.0","100.0","2","Hammam Chott","BEN AROUS","north","Sale","Commercial","2026-03-25T00:23:30.319519","new","","","80"
"1191","mubawab_7828788","mubawab","","1631.0","","","","","Sale","Land","2026-03-25T03:26:30.977417","new","","","5"
"1192","mubawab_7942064","mubawab","","159.0","","","TUNIS","north","Sale","Land","2026-03-25T03:26:35.760829","new","","","25"
"1193","mubawab_7976802","mubawab","","664.0","","","","","Sale","Land","2026-03-25T03:27:00.626959","new","","","5"
"1194","mubawab_8164140","mubawab","","1004.0","1","","","","Sale","Land","2026-03-25T03:26:24.639321","new","","","15"
"1195","mubawab_7981263","mubawab","","148.0","","","TUNIS","north","Sale","Land","2026-03-25T03:27:10.871507","new","","","25"
"1196","mubawab_7936878","mubawab","","117.0","","","","","Sale","Land","2026-03-25T03:27:04.838002","new","","","5"
"1197","mubawab_8164224","mubawab","","622.0","","","TUNIS","north","Sale","Land","2026-03-25T03:26:50.808235","new","","","25"
"1198","affare_238113","affare","70000.0","4800.0","","Le Kram","TUNIS","north","Sale","Commercial","2026-03-25T13:35:25.058275","new","","","70"
"1199","affare_140219","affare","85.0","120.0","3","Ariana Ville","ARIANA","north","Sale","Apartment","2026-03-25T13:31:20.473983","new","","","80"
"1200","affare_248686","affare","127875.0","6750.0","","Ghazela","ARIANA","north","Sale","Commercial","2026-03-25T13:34:53.718439","new","","","60"
"1201","affare_253784","affare","147000.0","196.0","","Hammamet Nord","NABEUL","north","Sale","Land","2026-03-25T13:30:58.579561","new","","","90"
"1202","affare_256532","affare","8000.0","3370.0","","Centre Ville - Lafayette","TUNIS","north","Sale","Commercial","2026-03-25T13:35:08.789827","new","","","70"
"1203","affare_256580","affare","1800.0","200.0","2","Hammamet Centre","NABEUL","north","Sale","Commercial","2026-03-25T13:29:54.767017","new","","","80"
"1204","affare_258876","affare","3500.0","80.0","1","Hammamet Nord","NABEUL","north","Rent","Apartment","2026-03-25T13:31:57.898812","new","","","80"
"1205","affare_258784","affare","5500.0","160.0","4","Sidi Daoud","TUNIS","north","Sale","Apartment","2026-03-25T13:35:39.362480","new","","","80"
"1206","affare_257660","affare","11.0","1000.0","4","Hammamet Nord","NABEUL","north","Sale","Villa","2026-03-25T13:30:44.160451","new","","","80"
"1207","affare_257524","affare","1500.0","90.0","1","Hammamet","NABEUL","north","Rent","Apartment","2026-03-25T13:31:12.096155","new","","","90"
"1208","affare_259120","affare","860000.0","310.0","3","Sahloul","SOUSSE","east","Sale","Land","2026-03-25T13:35:47.784004","new","","","100"
"1209","affare_259125","affare","291000.0","485.0","","Akouda","SOUSSE","east","Sale","Land","2026-03-25T13:34:27.340306","new","","","90"
"1210","affare_259122","affare","11.0","50.0","1","Hammamet Nord","NABEUL","north","Rent","Apartment","2026-03-25T13:36:05.821901","new","","","80"
"1211","affare_259123","affare","420000.0","146.0","2","Akouda","SOUSSE","east","Sale","Apartment","2026-03-25T13:36:22.850031","new","","","100"
"1212","affare_259127","affare","1600.0","500.0","4","Hammamet Nord","NABEUL","north","Sale","Villa","2026-03-25T13:34:12.251609","new","","","80"
"1213","affare_259124","affare","1100.0","60.0","1","Mrezga","NABEUL","north","Rent","Apartment","2026-03-25T13:36:15.195969","new","","","90"
"1214","affare_259126","affare","80000.0","80.0","3","Sousse Jawhara","SOUSSE","east","Sale","Apartment","2026-03-25T13:34:40.764981","new","","","100"
"1215","affare_259128","affare","780000.0","240.0","3","Hammamet Nord","NABEUL","north","Sale","Villa","2026-03-25T13:33:47.850232","new","","","100"
"1216","affare_259129","affare","350000.0","172.0","6","Nabeul","NABEUL","north","Sale","Land","2026-03-25T13:34:02.066368","new","","","100"
"1217","affare_259134","affare","760000.0","350.0","4","Hammamet Nord","NABEUL","north","Sale","Villa","2026-03-25T13:32:32.438837","new","","","100"
"1218","affare_259137","affare","800000.0","1015.0","4","Bouficha","SOUSSE","east","Sale","Villa","2026-03-25T13:32:10.236306","new","","","100"
"1219","affare_259135","affare","3900.0","900.0","4","Béni Khiar","NABEUL","north","Sale","Villa","2026-03-25T13:32:44.217129","new","","","80"
"1220","affare_259132","affare","1200.0","60.0","1","Mrezga","NABEUL","north","Rent","Apartment","2026-03-25T13:33:20.328215","new","","","90"
"1221","affare_259133","affare","1030.0","1000.0","5","Hammamet Sud","NABEUL","north","Sale","Villa","2026-03-25T13:32:20.954673","new","","","80"
"1222","affare_259136","affare","","400.0","4","Béni Khiar","NABEUL","north","Rent","Villa","2026-03-25T13:33:05.222097","new","","","80"
"1223","affare_259130","affare","2000.0","870.0","5","Nabeul","NABEUL","north","Sale","Villa","2026-03-25T13:33:24.965386","new","","","80"
"1224","affare_259131","affare","219000.0","219.0","","Akouda","SOUSSE","east","Sale","Land","2026-03-25T13:33:36.797400","new","","","90"
"1225","affare_55616","affare","90.0","120.0","3","La Soukra","ARIANA","north","Sale","Apartment","2026-03-25T13:31:35.026265","new","","","80"
"1226","affare_57372","affare","450.0","70.0","2","La Soukra","ARIANA","north","Sale","Apartment","2026-03-25T13:31:50.163319","new","","","80"
"1227","affare_57374","affare","500.0","70.0","1","La Soukra","ARIANA","north","Sale","Apartment","2026-03-25T13:31:42.751065","new","","","80"
"1228","century21_5b3849c4f5b0","century21","","","","La Marsa","TUNIS","north","Rent","Apartment","2026-03-25T14:38:28.137220","new","","","25"
"1229","century21_7a5662f7d123","century21","","","","Sousse Jaouhara","SOUSSE","east","Rent","Apartment","2026-03-25T14:38:40.768756","new","","","25"
"1230","century21_79562dda3aca","century21","","","","La Soukra","ARIANA","north","Rent","Apartment","2026-03-25T14:39:28.923754","new","","","25"
"1231","century21_7950adacbbdc","century21","","","","Cite El Khadra","TUNIS","north","Rent","Commercial","2026-03-25T14:39:18.359291","new","","","25"
"1232","century21_d9f20e028159","century21","","","","Jardins De Carthage","TUNIS","north","Sale","Commercial","2026-03-25T13:40:31.491649","new","","","25"
"1233","century21_e52f2140f570","century21","","","","Les Berges Du Lac","TUNIS","north","Rent","Commercial","2026-03-25T14:38:04.982488","new","","","25"
"1234","century21_fdae97213e1a","century21","","","","Cité Mahrajène","TUNIS","north","Rent","Commercial","2026-03-25T14:39:41.814199","new","","","25"
"1235","mubawab_7809702","mubawab","","61.0","1","","TUNIS","north","Sale","Apartment","2026-03-25T15:32:40.007502","new","","","55"
"1236","mubawab_7660108","mubawab","","260.0","19","","","","Rent","Apartment","2026-03-25T15:34:13.259894","new","","","15"
"1237","mubawab_7582018","mubawab","","61.0","1","","TUNIS","north","Sale","Apartment","2026-03-25T15:32:57.857345","new","","","60"
"1238","mubawab_8034635","mubawab","","68.0","1","","","","Sale","Apartment","2026-03-25T15:33:17.481552","new","","","15"
"1239","mubawab_7925557","mubawab","","140.0","13","","","","Rent","Apartment","2026-03-25T15:34:18.329273","new","","","15"
"1240","mubawab_8276597","mubawab","","95.0","1","","","","Sale","Apartment","2026-03-25T15:33:53.081044","new","","","15"
"1241","mubawab_8189593","mubawab","","143.0","3","","TUNIS","north","Sale","Apartment","2026-03-25T15:33:37.382218","new","","","60"
"1242","mubawab_8253718","mubawab","","44.0","1","","","","Rent","Apartment","2026-03-25T15:34:09.016311","new","","","15"
"1243","newkey_104163","newkey","3500.0","","","Maison / Villa","","","Sale","Villa","2026-03-25T15:35:49.688054","new","","","15"
"1244","newkey_130525","newkey","2500.0","","","Appartement","","","Sale","Apartment","2026-03-25T15:35:56.896403","new","","","15"
"1245","newkey_130526","newkey","1200.0","","","Appartement","","","Sale","Apartment","2026-03-25T15:34:48.416350","new","","","15"
"1246","59841","tecnocasa","","80.0","1","","","","Sale","Other","2026-03-25T15:51:48.156350","new","","","10"
"1247","64726","tecnocasa","","234.0","","","","","Sale","Other","2026-03-25T15:46:08.216281","new","","","0"
"1248","newkey_130577","newkey","2000.0","","","Maison / Villa","Tunis","","Sale","Villa","2026-03-26T15:22:29.405824","new","","","30"
"1249","newkey_130600","newkey","790000.0","","","Maison / Villa","Tunis","","Sale","Villa","2026-03-26T15:21:47.351343","new","","","50"
"1250","newkey_130627","newkey","6500.0","","","Maison / Villa","Tunis","","Sale","Commercial","2026-03-26T15:23:39.465814","new","","","50"
"1251","tunisieannonce_00b5d39933da","tunisieannonce","170000.0","200.0","","Denden","TUNIS","north","Sale","Land","2026-03-26T14:26:11.377646","new","","","80"
"1252","newkey_130604","newkey","1000.0","","","Appartement","Tunis","","Sale","Villa","2026-03-26T15:24:07.045285","new","","","30"
"1253","tunisieannonce_01bbd5782b56","tunisieannonce","1000.0","2026.0","2","El Menzah 9","TUNIS","north","Rent","Apartment","2026-03-26T14:58:19.178149","new","","","80"
"1254","tunisieannonce_01cf564d2b12","tunisieannonce","291000.0","485.0","","Chatt Meriem","TUNIS","north","Sale","Land","2026-03-26T14:48:31.905878","new","","","90"
"1255","tunisieannonce_0551a4c56a15","tunisieannonce","700.0","","","Oued Ellil","TUNIS","north","Sale","Other","2026-03-26T14:19:02.870609","new","","","55"
"1256","tunisieannonce_03f04c96da22","tunisieannonce","28000.0","290.0","","Residence Ellissa","TUNIS","north","Sale","Land","2026-03-26T14:28:19.569106","new","","","80"
"1257","newkey_130603","newkey","2300.0","","","Maison / Villa","Tunis","","Sale","Villa","2026-03-26T15:23:30.414846","new","","","30"
"1258","tunisieannonce_061503a8a58b","tunisieannonce","290000.0","80.0","","Jardins D'El Menzah","TUNIS","north","Sale","Commercial","2026-03-26T14:43:58.548534","new","","","80"
"1259","tunisieannonce_049bf41cd95f","tunisieannonce","144760.0","658.0","","Hergla","TUNIS","north","Sale","Land","2026-03-26T14:10:57.951394","new","","","90"
"1260","tunisieannonce_0a325feecb2c","tunisieannonce","3700.0","150.0","2","Marsa Ennassim","TUNIS","north","Rent","Apartment","2026-03-26T14:52:38.146584","new","","","90"
"1261","tunisieannonce_096bdeceadb3","tunisieannonce","55000.0","500.0","","Borj Ennour","TUNIS","north","Sale","Land","2026-03-26T15:22:47.774498","new","","","90"
"1262","tunisieannonce_0b901f8d21f3","tunisieannonce","2400.0","2026.0","3","Cite Ennasr 2","TUNIS","north","Rent","Apartment","2026-03-26T14:32:15.679708","new","","","90"
"1263","tunisieannonce_075a905d57da","tunisieannonce","90000.0","100.0","1","Bab El Jazira","TUNIS","north","Sale","Apartment","2026-03-26T14:18:13.948437","new","","","95"
"1264","tunisieannonce_0b2f19989bcf","tunisieannonce","100580.0","214.0","","Akouda","TUNIS","north","Sale","Land","2026-03-26T14:11:13.372697","new","","","90"
"1265","tunisieannonce_09b1bae71919","tunisieannonce","1100.0","65.0","1","Cite Ennasr","TUNIS","north","Rent","Apartment","2026-03-26T14:51:47.184746","new","","","90"
"1266","tunisieannonce_08fa04fdd058","tunisieannonce","900.0","60.0","1","Riadh Landlous","TUNIS","north","Rent","Commercial","2026-03-26T14:33:48.185079","new","","","90"
"1267","tunisieannonce_0832fb265089","tunisieannonce","2500.0","120.0","2","Ezzahra","TUNIS","north","Rent","Apartment","2026-03-26T15:12:35.970708","new","","","90"
"1268","tunisieannonce_0c4ddb8a49d7","tunisieannonce","235000.0","105.0","3","El Aouina","TUNIS","north","Sale","Apartment","2026-03-26T14:56:35.361631","new","","","100"
"1269","tunisieannonce_067e0d0fa300","tunisieannonce","340000.0","275.0","2","Cite Touristique","TUNIS","north","Sale","Land","2026-03-26T15:01:38.850563","new","","","100"
"1270","tunisieannonce_10834ecd53ad","tunisieannonce","5000.0","801.0","1","El Menzah 5","TUNIS","north","Rent","Commercial","2026-03-26T14:35:31.412717","new","","","90"
"1271","tunisieannonce_0e90bb491bab","tunisieannonce","1700.0","70.0","2","Cite Ennasr 1","TUNIS","north","Rent","Apartment","2026-03-26T15:11:31.175332","new","","","90"
"1272","tunisieannonce_0e87dba4f25d","tunisieannonce","980000.0","530.0","","Cite Ennasr 2","TUNIS","north","Sale","Land","2026-03-26T15:14:57.252353","new","","","90"
"1273","tunisieannonce_0c9aeddd5593","tunisieannonce","3800.0","2026.0","2","Marsa Ennassim","TUNIS","north","Rent","Apartment","2026-03-26T14:14:08.378624","new","","","90"
"1274","tunisieannonce_0e4757926032","tunisieannonce","519000.0","154.0","","Chatt Meriem","TUNIS","north","Sale","Land","2026-03-26T14:15:55.954953","new","","","90"
"1275","tunisieannonce_0d9eb160d7ca","tunisieannonce","110000.0","500.0","2","Sidi Hmed","TUNIS","north","Sale","Land","2026-03-26T14:16:14.000069","new","","","95"
"1276","tunisieannonce_0c7abdcdf32c","tunisieannonce","2000.0","","1","Marsa Safsaf","TUNIS","north","Rent","Villa","2026-03-26T14:12:40.451780","new","","","85"
"1277","tunisieannonce_1003dc04cad5","tunisieannonce","1650.0","630.0","","Gammart","TUNIS","north","Sale","Land","2026-03-26T14:52:30.179054","new","","","70"
"1278","tunisieannonce_0d3023a540db","tunisieannonce","550000.0","365.0","2","El Mourouj","TUNIS","north","Sale","Villa","2026-03-26T15:18:46.477568","new","","","95"
"1279","tunisieannonce_105c1d87f56d","tunisieannonce","620000.0","500.0","3","Ben Arous","TUNIS","north","Sale","Villa","2026-03-26T14:17:21.944062","new","","","95"
"1280","tunisieannonce_1484c3f3a0b2","tunisieannonce","850.0","48.0","1","Riadh Landlous","TUNIS","north","Rent","Villa","2026-03-26T15:27:51.367409","new","","","90"
"1281","tunisieannonce_145178a3ccfa","tunisieannonce","800000.0","753.0","","Raoued","TUNIS","north","Sale","Land","2026-03-26T14:49:36.172795","new","","","90"
"1282","tunisieannonce_10df09937a99","tunisieannonce","1700.0","89.0","1","Zone Urbaine Nord","TUNIS","north","Sale","Commercial","2026-03-26T14:44:30.989547","new","","","80"
"1283","tunisieannonce_1194d95765ea","tunisieannonce","90000.0","70.0","3","Cite Ennasr 2","TUNIS","north","Sale","Commercial","2026-03-26T15:26:02.961253","new","","","100"
"1284","tunisieannonce_12eb0752259c","tunisieannonce","570000.0","379.0","","Riadh Landlous","TUNIS","north","Sale","Land","2026-03-26T14:54:12.804894","new","","","90"
"1285","tunisieannonce_1422707687ca","tunisieannonce","240000.0","75.0","1","El Aouina","TUNIS","north","Sale","Apartment","2026-03-26T14:29:00.636615","new","","","100"
"1286","tunisieannonce_16839c856c97","tunisieannonce","3000.0","380.0","2","Hammam Sousse","TUNIS","north","Rent","Commercial","2026-03-26T15:13:55.505484","new","","","90"
"1287","tunisieannonce_139042b721fa","tunisieannonce","1300.0","200.0","3","El Mourouj","TUNIS","north","Rent","Villa","2026-03-26T14:50:31.485308","new","","","90"
"1288","tunisieannonce_196bd89b912e","tunisieannonce","1550.0","160.0","3","Cite Ennasr 2","TUNIS","north","Rent","Apartment","2026-03-26T14:21:53.413286","new","","","90"
"1289","tunisieannonce_15873f382255","tunisieannonce","900.0","75.0","1","Ain Zaghouan","TUNIS","north","Rent","Apartment","2026-03-26T14:30:49.600435","new","","","90"
"1290","tunisieannonce_1d10d87d86c8","tunisieannonce","1400.0","60.0","1","Jardins De Carthage","TUNIS","north","Rent","Apartment","2026-03-26T14:24:58.986209","new","","","90"
"1291","tunisieannonce_1c10a52cfba0","tunisieannonce","1700.0","65.0","2","Cite Ennasr 2","TUNIS","north","Rent","Villa","2026-03-26T15:08:36.879242","new","","","90"
"1292","tunisieannonce_1d5e0645adbf","tunisieannonce","500.0","70.0","1","La Soukra","TUNIS","north","Rent","Apartment","2026-03-26T15:09:04.276931","new","","","90"
"1293","tunisieannonce_19d4182318c6","tunisieannonce","2100.0","70.0","2","Cite Ennasr 1","TUNIS","north","Rent","Apartment","2026-03-26T15:11:12.292776","new","","","90"
"1294","tunisieannonce_1b59765b0764","tunisieannonce","2000.0","","1","Cite Ennasr 2","TUNIS","north","Rent","Apartment","2026-03-26T15:05:43.541180","new","","","85"
"1295","tunisieannonce_1a2e69c32212","tunisieannonce","2100.0","300.0","4","El Menzah 9","TUNIS","north","Rent","Villa","2026-03-26T14:35:21.664298","new","","","90"
"1296","tunisieannonce_1a591338b79a","tunisieannonce","650000.0","325.0","3","Cite Ennasr 1","TUNIS","north","Sale","Land","2026-03-26T14:05:33.251378","new","","","100"
"1297","tunisieannonce_1d87c0451393","tunisieannonce","1200.0","","1","Cite Ennasr 2","TUNIS","north","Rent","Apartment","2026-03-26T14:32:58.610204","new","","","85"
"1298","tunisieannonce_1ec739739319","tunisieannonce","800000.0","140.0","1","Marsa Safsaf","TUNIS","north","Sale","Commercial","2026-03-26T15:14:48.846473","new","","","80"
"1299","tunisieannonce_1b1065d27ddd","tunisieannonce","1700.0","800.0","","Sidi Daoud","TUNIS","north","Sale","Land","2026-03-26T14:49:09.789056","new","","","70"
"1300","tunisieannonce_204f1325be7c","tunisieannonce","600.0","80.0","2","La Mannouba","TUNIS","north","Rent","Villa","2026-03-26T14:27:06.208102","new","","","75"
"1301","tunisieannonce_1fdf4710fc27","tunisieannonce","8500.0","350.0","4","Berge Du Lac","TUNIS","north","Rent","Villa","2026-03-26T14:57:36.869192","new","","","80"
"1302","tunisieannonce_21151b08bf87","tunisieannonce","1250.0","110.0","2","El Aouina","TUNIS","north","Rent","Apartment","2026-03-26T14:25:32.812054","new","","","90"
"1303","tunisieannonce_22443521e2c1","tunisieannonce","1400.0","70.0","2","Cite Des Juges 2","TUNIS","north","Rent","Apartment","2026-03-26T14:53:17.484041","new","","","90"
"1304","tunisieannonce_251de01c5c48","tunisieannonce","165000.0","140.0","2","El Yasminette","TUNIS","north","Sale","Villa","2026-03-26T15:28:31.241125","new","","","100"
"1305","tunisieannonce_24e6961d6bbd","tunisieannonce","135000.0","300.0","1","Bou Mhel","TUNIS","north","Sale","Other","2026-03-26T15:17:07.095407","new","","","95"
"1306","tunisieannonce_20b9dd39bfaf","tunisieannonce","730.0","75.0","1","Jardins D'El Menzah","TUNIS","north","Rent","Land","2026-03-26T14:36:53.122369","new","","","90"
"1307","tunisieannonce_205474692b7f","tunisieannonce","900000.0","500.0","","Chatt Meriem","TUNIS","north","Sale","Land","2026-03-26T15:11:48.830075","new","","","90"
"1308","tunisieannonce_24778fd25bad","tunisieannonce","850.0","75.0","1","Cite Ennasr 2","TUNIS","north","Rent","Other","2026-03-26T15:13:10.085294","new","","","90"
"1309","tunisieannonce_211d1037152f","tunisieannonce","1300.0","400.0","1","La Soukra","TUNIS","north","Rent","Commercial","2026-03-26T15:16:01.661647","new","","","90"
"1310","tunisieannonce_2953ab95139c","tunisieannonce","1800.0","65.0","3","Bab Bhar","TUNIS","north","Sale","Commercial","2026-03-26T14:16:32.417833","new","","","80"
"1311","tunisieannonce_26d7b8c2d99e","tunisieannonce","600.0","85.0","2","Ezzahra El Habib","TUNIS","north","Rent","Apartment","2026-03-26T15:19:27.673541","new","","","75"
"1312","tunisieannonce_285af69f2076","tunisieannonce","150.0","2026.0","1","El Menzah 5","TUNIS","north","Rent","Villa","2026-03-26T14:28:26.951159","new","","","75"
"1313","tunisieannonce_293ac0f53432","tunisieannonce","430000.0","448.0","2","El Mourouj","TUNIS","north","Sale","Commercial","2026-03-26T15:08:44.935740","new","","","80"
"1314","tunisieannonce_2a7a3e99f07e","tunisieannonce","1900.0","150.0","3","El Menzah 6","TUNIS","north","Rent","Apartment","2026-03-26T15:17:26.843304","new","","","90"
"1315","tunisieannonce_254e683e6a6f","tunisieannonce","6000.0","450.0","6","Marsa Ennassim","TUNIS","north","Rent","Commercial","2026-03-26T15:20:34.018112","new","","","90"
"1316","tunisieannonce_28c8ef73a11a","tunisieannonce","240000.0","100.0","3","Ezzahra","TUNIS","north","Sale","Apartment","2026-03-26T14:12:21.071404","new","","","100"
"1317","tunisieannonce_28b9e383da44","tunisieannonce","328000.0","595.0","","Cite Chaker","TUNIS","north","Sale","Land","2026-03-26T14:40:47.983139","new","","","90"
"1318","tunisieannonce_26ac0a6b9e4d","tunisieannonce","115000.0","680.0","","Hammamet","TUNIS","north","Sale","Land","2026-03-26T15:01:56.462515","new","","","90"
"1319","tunisieannonce_2594aa9a5098","tunisieannonce","3300.0","400.0","2","El Manar 1","TUNIS","north","Rent","Villa","2026-03-26T14:30:23.814915","new","","","90"
"1320","tunisieannonce_2bbdafd0cd98","tunisieannonce","550.0","2026.0","1","Cite Ennasr 2","TUNIS","north","Rent","Commercial","2026-03-26T15:26:15.281444","new","","","80"
"1321","tunisieannonce_2f57b0ccb302","tunisieannonce","123000.0","410.0","","Raoued","TUNIS","north","Sale","Land","2026-03-26T14:18:43.657709","new","","","85"
"1322","tunisieannonce_303785b68428","tunisieannonce","155000.0","57.0","1","Bou Mhel","TUNIS","north","Sale","Apartment","2026-03-26T15:06:30.312442","new","","","95"
"1323","tunisieannonce_308e5098a710","tunisieannonce","550.0","2026.0","1","El Manar 2","TUNIS","north","Rent","Apartment","2026-03-26T14:42:40.627834","new","","","80"
"1324","tunisieannonce_2b2bcb8277dd","tunisieannonce","195000.0","290.0","","Hammamet","TUNIS","north","Sale","Other","2026-03-26T15:02:15.285304","new","","","90"
"1325","tunisieannonce_2dbdbed11011","tunisieannonce","277000.0","631.0","","Borj Touil","TUNIS","north","Sale","Land","2026-03-26T14:31:18.932183","new","","","90"
"1326","tunisieannonce_2fadf3e06544","tunisieannonce","3500.0","200.0","6","Mutuelle Ville","TUNIS","north","Sale","Commercial","2026-03-26T14:36:25.689306","new","","","80"
"1327","tunisieannonce_2fbb272e7eeb","tunisieannonce","250000.0","130.0","1","Sousse","TUNIS","north","Sale","Commercial","2026-03-26T14:17:13.139905","new","","","100"
"1328","tunisieannonce_2c6e42e55188","tunisieannonce","8500.0","","3","Gammart","TUNIS","north","Rent","Villa","2026-03-26T15:03:02.206941","new","","","65"
"1329","tunisieannonce_2ba0f59cff79","tunisieannonce","3800.0","455.0","2","Mutuelle Ville","TUNIS","north","Rent","Villa","2026-03-26T14:11:31.137373","new","","","90"
"1330","tunisieannonce_31f1737f5415","tunisieannonce","3500.0","250.0","","Sidi Daoud","TUNIS","north","Sale","Commercial","2026-03-26T14:29:53.661848","new","","","70"
"1331","tunisieannonce_391e60776983","tunisieannonce","1500.0","70.0","1","Chotrana 1","TUNIS","north","Rent","Villa","2026-03-26T15:06:03.282472","new","","","90"
"1332","tunisieannonce_3648f1b67ee8","tunisieannonce","450.0","40.0","4","El Manar 1","TUNIS","north","Rent","Villa","2026-03-26T14:50:59.004543","new","","","90"
"1333","tunisieannonce_3947d02e31c5","tunisieannonce","1550.0","663.0","3","El Menzah 4","TUNIS","north","Sale","Land","2026-03-26T14:13:04.331514","new","","","80"
"1334","tunisieannonce_3460372b56ef","tunisieannonce","1990.0","711.0","2","Cite Ennasr 2","TUNIS","north","Sale","Villa","2026-03-26T15:19:17.608601","new","","","80"
"1335","tunisieannonce_312923c4d7dd","tunisieannonce","2500.0","400.0","2","Marsa Safsaf","TUNIS","north","Rent","Other","2026-03-26T14:52:47.351273","new","","","90"
"1336","tunisieannonce_37d4ceb50547","tunisieannonce","1200.0","505.0","3","Hammam Chatt","TUNIS","north","Sale","Land","2026-03-26T15:16:10.030758","new","","","80"
"1337","tunisieannonce_33b824baf06c","tunisieannonce","550.0","2026.0","1","El Manar 1","TUNIS","north","Rent","Apartment","2026-03-26T14:44:49.564160","new","","","80"
"1338","tunisieannonce_397b762133fe","tunisieannonce","840000.0","269.0","","La Goulette","TUNIS","north","Sale","Land","2026-03-26T14:12:49.681337","new","","","90"
"1339","tunisieannonce_31ae222e9443","tunisieannonce","17000.0","2026.0","3","Cite Ennasr 1","TUNIS","north","Sale","Other","2026-03-26T14:23:22.711852","new","","","80"
"1340","tunisieannonce_3cd9263973b9","tunisieannonce","205000.0","120.0","3","El Manar 2","TUNIS","north","Sale","Apartment","2026-03-26T15:26:51.807340","new","","","95"
"1341","tunisieannonce_4132e8c81af4","tunisieannonce","1500.0","2026.0","2","Cite Ennasr 2","TUNIS","north","Rent","Villa","2026-03-26T14:34:25.148906","new","","","80"
"1342","tunisieannonce_39c8ffbfbff8","tunisieannonce","1500.0","130.0","2","Ain Zaghouan","TUNIS","north","Rent","Apartment","2026-03-26T14:40:56.538266","new","","","90"
"1343","tunisieannonce_3fde87e84d4c","tunisieannonce","920000.0","2026.0","5","Gammart","TUNIS","north","Sale","Villa","2026-03-26T15:16:46.057119","new","","","100"
"1344","tunisieannonce_3e0c80de0ea8","tunisieannonce","320000.0","105.0","2","Nouvelle Medina","TUNIS","north","Sale","Land","2026-03-26T15:25:05.873589","new","","","100"
"1345","tunisieannonce_3b7f0e9a0e4b","tunisieannonce","2500.0","100.0","2","Marsa Ennassim","TUNIS","north","Rent","Other","2026-03-26T14:53:08.241814","new","","","90"
"1346","tunisieannonce_39f994465fe1","tunisieannonce","300000.0","300.0","3","Raoued","TUNIS","north","Sale","Villa","2026-03-26T14:18:53.630412","new","","","95"
"1347","tunisieannonce_3c372976aced","tunisieannonce","3935.0","870.0","","Cite Borj Louzir","TUNIS","north","Sale","Land","2026-03-26T14:42:11.409713","new","","","70"
"1348","tunisieannonce_3ab7872ce32a","tunisieannonce","70000.0","50.0","2","El Mourouj","TUNIS","north","Sale","Commercial","2026-03-26T15:06:43.671984","new","","","100"
"1349","tunisieannonce_405d0fa2c7b8","tunisieannonce","1200.0","70.0","2","Ariana Essoughra","TUNIS","north","Rent","Apartment","2026-03-26T14:25:11.787991","new","","","90"
"1350","tunisieannonce_42b8bccf0a2c","tunisieannonce","4500.0","900.0","9","Utique","TUNIS","north","Sale","Apartment","2026-03-26T14:21:37.214554","new","","","85"
"1351","tunisieannonce_4417efe7fe6a","tunisieannonce","6100.0","200.0","","Berge Du Lac","TUNIS","north","Sale","Commercial","2026-03-26T15:05:54.226874","new","","","70"
"1352","tunisieannonce_414aceef600b","tunisieannonce","265000.0","80.0","1","Zone Urbaine Nord","TUNIS","north","Sale","Apartment","2026-03-26T14:29:30.519409","new","","","100"
"1353","tunisieannonce_45ec628b0bbe","tunisieannonce","800.0","70.0","3","El Menzah 9","TUNIS","north","Rent","Villa","2026-03-26T14:50:50.369734","new","","","90"
"1354","tunisieannonce_425031fbca4a","tunisieannonce","1070.0","250.0","2","Chotrana 2","TUNIS","north","Sale","Villa","2026-03-26T14:54:22.281110","new","","","80"
"1355","tunisieannonce_4522eeea31dc","tunisieannonce","800.0","92.0","","Montplaisir","TUNIS","north","Sale","Commercial","2026-03-26T15:19:53.049758","new","","","70"
"1356","tunisieannonce_462d48929e57","tunisieannonce","650.0","85.0","2","Hammam Sousse","TUNIS","north","Rent","Commercial","2026-03-26T14:14:52.735106","new","","","85"
"1357","tunisieannonce_4550d80a1b71","tunisieannonce","1900.0","2026.0","1","El Menzah 8","TUNIS","north","Rent","Villa","2026-03-26T14:31:48.040538","new","","","80"
"1358","tunisieannonce_44c06c1651d9","tunisieannonce","2500.0","170.0","1","El Omrane Superieur","TUNIS","north","Rent","Villa","2026-03-26T14:39:56.926694","new","","","90"
"1359","tunisieannonce_42140cc3ca8d","tunisieannonce","650000.0","160.0","","Tazarka","TUNIS","north","Sale","Land","2026-03-26T15:11:02.050355","new","","","90"
"1360","tunisieannonce_4a4e4225abce","tunisieannonce","2700.0","250.0","1","El Menzah 6","TUNIS","north","Rent","Villa","2026-03-26T14:57:14.547395","new","","","90"
"1361","tunisieannonce_482ae3b9f843","tunisieannonce","2500.0","410.0","2","El Menzah 4","TUNIS","north","Rent","Villa","2026-03-26T14:11:42.390176","new","","","90"
"1362","tunisieannonce_46a15f55b03d","tunisieannonce","520000.0","175.0","2","Rades Plage","TUNIS","north","Sale","Villa","2026-03-26T15:13:46.022710","new","","","100"
"1363","tunisieannonce_496a6bc4560a","tunisieannonce","1800.0","80.0","2","Cite Ennasr 1","TUNIS","north","Rent","Apartment","2026-03-26T15:08:55.572103","new","","","90"
"1364","tunisieannonce_4974eed63a03","tunisieannonce","1462.0","590.0","","La Soukra","TUNIS","north","Sale","Land","2026-03-26T14:45:32.141174","new","","","70"
"1365","tunisieannonce_4ad81e76324b","tunisieannonce","438000.0","438.0","2","Cite Boussouffara","TUNIS","north","Sale","Other","2026-03-26T15:16:34.523256","new","","","95"
"1366","tunisieannonce_46439113e909","tunisieannonce","263000.0","203.0","","Cite Bhar Lazreg","TUNIS","north","Sale","Land","2026-03-26T14:28:44.551322","new","","","90"
"1367","tunisieannonce_4aa9f70866d5","tunisieannonce","2200.0","80.0","2","Riadh Landlous","TUNIS","north","Rent","Apartment","2026-03-26T15:10:18.695674","new","","","90"
"1368","tunisieannonce_47b827820da7","tunisieannonce","600.0","70.0","4","El Manar 1","TUNIS","north","Rent","Villa","2026-03-26T15:27:42.464146","new","","","90"
"1369","tunisieannonce_4b2f4e5affa2","tunisieannonce","3350.0","","","Marsa Ennassim","TUNIS","north","Sale","Land","2026-03-26T14:52:10.498572","new","","","50"
"1370","tunisieannonce_5116dfcf32a1","tunisieannonce","135000.0","80.0","2","El Mourouj","TUNIS","north","Sale","Apartment","2026-03-26T14:40:39.499510","new","","","95"
"1371","tunisieannonce_516bdd96995b","tunisieannonce","380000.0","140.0","2","Cite Ennasr 2","TUNIS","north","Sale","Apartment","2026-03-26T15:25:48.177880","new","","","100"
"1372","tunisieannonce_4c3b2c7a13ce","tunisieannonce","4900.0","150.0","","Berge Du Lac","TUNIS","north","Sale","Commercial","2026-03-26T14:58:07.083867","new","","","70"
"1373","tunisieannonce_51e98d48a7df","tunisieannonce","900.0","90.0","1","El Menzah 7","TUNIS","north","Rent","Villa","2026-03-26T14:36:16.879657","new","","","90"
"1374","tunisieannonce_4b4e08c1d365","tunisieannonce","330000.0","300.0","","Chatt Meriem","TUNIS","north","Sale","Land","2026-03-26T14:48:09.500611","new","","","90"
"1375","tunisieannonce_4e0fc993f6d4","tunisieannonce","1600.0","100.0","1","Chotrana 1","TUNIS","north","Rent","Apartment","2026-03-26T15:27:34.418499","new","","","90"
"1376","tunisieannonce_4ebd8ecc70d1","tunisieannonce","1300.0","500.0","1","Gammart","TUNIS","north","Sale","Land","2026-03-26T14:37:20.150689","new","","","80"
"1377","tunisieannonce_521ed5e019b5","tunisieannonce","150000.0","1000.0","","Hammamet","TUNIS","north","Sale","Land","2026-03-26T14:27:39.609175","new","","","90"
"1378","tunisieannonce_4f48c892c061","tunisieannonce","2400.0","200.0","3","Montplaisir","TUNIS","north","Sale","Commercial","2026-03-26T14:39:33.231600","new","","","75"
"1379","tunisieannonce_4e1400f292f9","tunisieannonce","2200.0","","1","Sidi Daoud","TUNIS","north","Rent","Apartment","2026-03-26T15:14:39.447099","new","","","85"
"1380","tunisieannonce_55180a40e0bd","tunisieannonce","150000.0","140.0","3","Soliman","TUNIS","north","Sale","Villa","2026-03-26T15:07:44.908253","new","","","100"
"1381","tunisieannonce_551533a16425","tunisieannonce","1700.0","2025.0","","Tunis Belvedere","TUNIS","north","Sale","Commercial","2026-03-26T15:00:25.262211","new","","","70"
"1382","tunisieannonce_53573f16af08","tunisieannonce","950000.0","710.0","5","Le Bardo","TUNIS","north","Sale","Land","2026-03-26T15:07:34.068658","new","","","100"
"1383","tunisieannonce_562f9d4bbf81","tunisieannonce","400000.0","85.0","","Berge Du Lac","TUNIS","north","Sale","Commercial","2026-03-26T14:46:40.586985","new","","","70"
"1384","tunisieannonce_55da4f6366d4","tunisieannonce","1700.0","65.0","2","Cite Ennasr 1","TUNIS","north","Rent","Apartment","2026-03-26T15:09:13.082962","new","","","90"
"1385","tunisieannonce_53d23b47f885","tunisieannonce","200000.0","160.0","2","Cite Touristique","TUNIS","north","Sale","Apartment","2026-03-26T15:00:50.724433","new","","","100"
"1386","tunisieannonce_54d678079b4e","tunisieannonce","2500.0","111.0","2","Ezzahra","TUNIS","north","Rent","Apartment","2026-03-26T15:10:08.698641","new","","","90"
"1387","tunisieannonce_5590226144e3","tunisieannonce","7500.0","2800.0","3","Cite Industrielle","TUNIS","north","Sale","Land","2026-03-26T15:18:56.959705","new","","","85"
"1388","tunisieannonce_544deda4a052","tunisieannonce","3500.0","120.0","3","Cite Du Stade","TUNIS","north","Rent","Villa","2026-03-26T14:53:45.374489","new","","","90"
"1389","tunisieannonce_53ee41576ff9","tunisieannonce","850.0","66.0","2","El Aouina","TUNIS","north","Rent","Apartment","2026-03-26T15:27:59.272373","new","","","90"
"1390","tunisieannonce_5afc91fb99e2","tunisieannonce","85000.0","14.0","","El Manar 1","TUNIS","north","Sale","Commercial","2026-03-26T14:45:50.453169","new","","","70"
"1391","tunisieannonce_5c1df78124cf","tunisieannonce","850.0","160.0","1","Cite De L'Aeroport","TUNIS","north","Rent","Commercial","2026-03-26T15:15:51.670610","new","","","85"
"1392","tunisieannonce_5b5dda85f4c2","tunisieannonce","2500.0","600.0","3","Mutuelle Ville","TUNIS","north","Sale","Land","2026-03-26T15:02:36.413524","new","","","80"
"1393","tunisieannonce_59510db33c91","tunisieannonce","1500.0","110.0","1","Ain Zaghouan","TUNIS","north","Rent","Commercial","2026-03-26T14:57:05.477939","new","","","90"
"1394","tunisieannonce_5a7302b0fbf0","tunisieannonce","75000.0","276.0","2","Menzel Bouzelfa","TUNIS","north","Sale","Land","2026-03-26T15:07:10.686127","new","","","95"
"1395","tunisieannonce_59e32351de9e","tunisieannonce","630.0","75.0","1","Cite Ennasr 2","TUNIS","north","Rent","Apartment","2026-03-26T15:00:41.469078","new","","","90"
"1396","tunisieannonce_5c1dd1f96980","tunisieannonce","280000.0","135.0","2","El Menzah 8","TUNIS","north","Sale","Land","2026-03-26T15:27:16.976528","new","","","100"
"1397","tunisieannonce_5805f5c12bd5","tunisieannonce","3500.0","145.0","","Berge Du Lac","TUNIS","north","Sale","Commercial","2026-03-26T14:16:43.131438","new","","","70"
"1398","tunisieannonce_5917f71dfded","tunisieannonce","700.0","20.0","2","El Omrane","TUNIS","north","Rent","Apartment","2026-03-26T14:50:05.907934","new","","","90"
"1399","tunisieannonce_5d7ec9790685","tunisieannonce","1800.0","180.0","3","Ariana Essoughra","TUNIS","north","Rent","Villa","2026-03-26T15:17:58.276454","new","","","90"
"1400","tunisieannonce_63c9f7e63a26","tunisieannonce","65000.0","250.0","","Hammamet","TUNIS","north","Sale","Land","2026-03-26T14:27:48.251931","new","","","90"
"1401","tunisieannonce_5ec9fc20bb53","tunisieannonce","750.0","90.0","2","Bab Bhar","TUNIS","north","Rent","Commercial","2026-03-26T14:25:23.815253","new","","","90"
"1402","tunisieannonce_5ee2f7b51653","tunisieannonce","1100.0","20.0","2","El Menzah 5","TUNIS","north","Rent","Apartment","2026-03-26T15:11:39.840622","new","","","85"
"1403","tunisieannonce_5fd454342f74","tunisieannonce","285000.0","105.0","3","Borj El Baccouche","TUNIS","north","Sale","Apartment","2026-03-26T14:05:11.578513","new","","","100"
"1404","tunisieannonce_62457a68e532","tunisieannonce","950000.0","400.0","","Naassen","TUNIS","north","Sale","Land","2026-03-26T14:46:30.344323","new","","","90"
"1405","tunisieannonce_644131056625","tunisieannonce","850.0","2026.0","1","El Menzah 5","TUNIS","north","Rent","Apartment","2026-03-26T14:52:00.592619","new","","","80"
"1406","tunisieannonce_62ccafc798c3","tunisieannonce","720000.0","477.0","4","Cite El Ghazala 1","TUNIS","north","Sale","Land","2026-03-26T14:49:45.207292","new","","","100"
"1407","tunisieannonce_5d7fcf2a91b7","tunisieannonce","280000.0","110.0","3","Hammam Sousse Gharbi","TUNIS","north","Sale","Apartment","2026-03-26T14:16:03.883495","new","","","100"
"1408","tunisieannonce_6102956dae70","tunisieannonce","2000.0","2025.0","1","Zone Urbaine Nord","TUNIS","north","Sale","Commercial","2026-03-26T14:59:23.215845","new","","","80"
"1409","tunisieannonce_5d862408d9d3","tunisieannonce","1538.0","538.0","","La Soukra","TUNIS","north","Sale","Land","2026-03-26T14:49:18.356889","new","","","70"
"1410","tunisieannonce_656d089619e1","tunisieannonce","1800.0","70.0","2","Cite Ennasr 1","TUNIS","north","Rent","Apartment","2026-03-26T15:13:01.892676","new","","","90"
"1411","tunisieannonce_65699e1f079c","tunisieannonce","800.0","100.0","1","Chaabet El Mrezga","TUNIS","north","Rent","Villa","2026-03-26T14:41:08.923391","new","","","85"
"1412","tunisieannonce_65d300141020","tunisieannonce","315000.0","250.0","","Hammam Sousse","TUNIS","north","Sale","Other","2026-03-26T14:14:34.072606","new","","","85"
"1413","tunisieannonce_6795ca027198","tunisieannonce","7500.0","750.0","2","Berge Du Lac","TUNIS","north","Rent","Land","2026-03-26T14:15:29.140247","new","","","90"
"1414","tunisieannonce_679d184cab87","tunisieannonce","526900.0","479.0","","Sahloul","TUNIS","north","Sale","Land","2026-03-26T14:16:54.967296","new","","","90"
"1415","tunisieannonce_66cfe12b6402","tunisieannonce","880000.0","200.0","1","Berge Du Lac","TUNIS","north","Sale","Villa","2026-03-26T14:46:08.458353","new","","","100"
"1416","tunisieannonce_652de7231c61","tunisieannonce","1800.0","70.0","2","Cite Ennasr 2","TUNIS","north","Rent","Apartment","2026-03-26T15:12:28.191083","new","","","85"
"1417","tunisieannonce_66238c2adbeb","tunisieannonce","260000.0","372.0","","Borj Cedria","TUNIS","north","Sale","Land","2026-03-26T14:50:23.838338","new","","","90"
"1418","tunisieannonce_66f054c331ba","tunisieannonce","850.0","2026.0","2","El Menzah 5","TUNIS","north","Rent","Apartment","2026-03-26T14:33:39.493450","new","","","75"
"1419","tunisieannonce_6676a89468f7","tunisieannonce","160000.0","39.0","40","Jardins D'El Menzah","TUNIS","north","Sale","Apartment","2026-03-26T15:15:31.248436","new","","","85"
"1420","tunisieannonce_6a13a8d62860","tunisieannonce","550000.0","614.0","3","Hammam Chatt","TUNIS","north","Sale","Villa","2026-03-26T15:20:22.339571","new","","","100"
"1421","tunisieannonce_69fd8d95d749","tunisieannonce","3400.0","120.0","4","Cite Ennasr 2","TUNIS","north","Rent","Apartment","2026-03-26T14:32:27.995201","new","","","90"
"1422","tunisieannonce_680577eb789f","tunisieannonce","2200.0","60.0","1","Jardins De Carthage","TUNIS","north","Rent","Apartment","2026-03-26T14:40:29.529128","new","","","90"
"1423","tunisieannonce_6e7d924fc2b0","tunisieannonce","1600.0","180.0","3","El Menzah 5","TUNIS","north","Rent","Commercial","2026-03-26T14:34:05.400103","new","","","90"
"1424","tunisieannonce_6e7f4ea59028","tunisieannonce","1850.0","80.0","1","Marsa Safsaf","TUNIS","north","Rent","Villa","2026-03-26T14:53:54.378541","new","","","90"
"1425","tunisieannonce_6dd02084dcad","tunisieannonce","4500.0","250.0","3","Montplaisir","TUNIS","north","Sale","Commercial","2026-03-26T14:25:47.780376","new","","","80"
"1426","tunisieannonce_679f7f12873d","tunisieannonce","1100.0","110.0","2","El Menzah 1","TUNIS","north","Rent","Apartment","2026-03-26T14:31:27.631690","new","","","90"
"1427","tunisieannonce_6a7451578109","tunisieannonce","1700.0","1000.0","","Sidi Daoud","TUNIS","north","Sale","Land","2026-03-26T15:14:26.590352","new","","","75"
"1428","tunisieannonce_6a7913068938","tunisieannonce","41666.0","2000.0","","Berge Du Lac","TUNIS","north","Sale","Commercial","2026-03-26T14:30:01.834666","new","","","75"
"1429","tunisieannonce_6d6f0f7609ae","tunisieannonce","247000.0","66.0","1","Ain Zaghouan","TUNIS","north","Sale","Apartment","2026-03-26T14:54:42.208963","new","","","100"
"1430","tunisieannonce_75cf896dcfe7","tunisieannonce","1650.0","100.0","2","Cite Ennasr 2","TUNIS","north","Rent","Villa","2026-03-26T14:24:48.331585","new","","","90"
"1431","tunisieannonce_72e382cd0c3f","tunisieannonce","2600.0","110.0","1","La Soukra","TUNIS","north","Rent","Apartment","2026-03-26T14:37:01.258511","new","","","90"
"1432","tunisieannonce_747f5c867050","tunisieannonce","660.0","90.0","2","Denden","TUNIS","north","Rent","Villa","2026-03-26T14:10:04.148248","new","","","85"
"1433","tunisieannonce_726c41a65c2a","tunisieannonce","950.0","100.0","2","Chatt Meriem","TUNIS","north","Rent","Apartment","2026-03-26T14:24:22.980859","new","","","90"
"1434","tunisieannonce_751e7a0e3bbe","tunisieannonce","314550.0","233.0","","Hammam Sousse","TUNIS","north","Sale","Land","2026-03-26T14:48:40.018494","new","","","90"
"1435","tunisieannonce_6fd9e6ad0c6e","tunisieannonce","116000.0","50.0","1","Denden","TUNIS","north","Sale","Apartment","2026-03-26T15:24:52.891562","new","","","100"
"1436","tunisieannonce_760b08a8d412","tunisieannonce","2200.0","250.0","4","Nouvelle Ariana","TUNIS","north","Rent","Commercial","2026-03-26T14:24:01.967598","new","","","90"
"1437","tunisieannonce_734cea8dd245","tunisieannonce","1300.0","2026.0","3","Ain Zaghouan","TUNIS","north","Rent","Apartment","2026-03-26T14:44:01.765276","new","","","75"
"1438","tunisieannonce_75205b1f6b0e","tunisieannonce","4000.0","160.0","1","Cite Jardins","TUNIS","north","Sale","Commercial","2026-03-26T14:31:56.844895","new","","","80"
"1439","tunisieannonce_717dc5223ebd","tunisieannonce","2000.0","100.0","2","Republique","TUNIS","north","Rent","Apartment","2026-03-26T15:16:56.131273","new","","","85"
"1440","tunisieannonce_76fec8e4ed83","tunisieannonce","150.0","2025.0","1","Cite Ennasr 1","TUNIS","north","Rent","Villa","2026-03-26T14:28:35.479625","new","","","75"
"1441","tunisieannonce_7d421bf4e2e0","tunisieannonce","2950.0","355.0","4","El Menzah 9","TUNIS","north","Rent","Villa","2026-03-26T14:55:23.497633","new","","","90"
"1442","tunisieannonce_7adcdeffb9a8","tunisieannonce","1350.0","100.0","1","Ain Zaghouan","TUNIS","north","Rent","Apartment","2026-03-26T14:37:35.302906","new","","","90"
"1443","tunisieannonce_7713978df36c","tunisieannonce","2100.0","80.0","1","El Aouina","TUNIS","north","Rent","Apartment","2026-03-26T15:12:00.479906","new","","","90"
"1444","tunisieannonce_7a8d02abe76b","tunisieannonce","950.0","38.0","1","Cite Ennasr 1","TUNIS","north","Rent","Other","2026-03-26T15:12:53.005780","new","","","90"
"1445","tunisieannonce_7d6a1a2c4853","tunisieannonce","7000.0","190.0","2","El Menzah 5","TUNIS","north","Sale","Commercial","2026-03-26T14:42:52.330680","new","","","80"
"1446","tunisieannonce_7893564b2e7b","tunisieannonce","10500.0","340.0","","Berge Du Lac","TUNIS","north","Sale","Commercial","2026-03-26T14:30:14.444783","new","","","70"
"1447","tunisieannonce_7b89280925ae","tunisieannonce","1600.0","112.0","2","Cite Jardins","TUNIS","north","Rent","Apartment","2026-03-26T15:04:59.333179","new","","","90"
"1448","tunisieannonce_7b3ca2e23885","tunisieannonce","290000.0","160.0","3","Tunis Belvedere","TUNIS","north","Sale","Commercial","2026-03-26T15:19:07.439469","new","","","100"
"1449","tunisieannonce_7dae5e008bde","tunisieannonce","1050.0","127.0","4","El Manar 1","TUNIS","north","Rent","Villa","2026-03-26T14:27:08.807365","new","","","90"
"1450","tunisieannonce_7e9ca4440610","tunisieannonce","245000.0","400.0","2","Hammamet","TUNIS","north","Sale","Villa","2026-03-26T15:02:05.027867","new","","","100"
"1451","tunisieannonce_7de1c174bf45","tunisieannonce","3005.0","768.0","","Charguia 1","TUNIS","north","Sale","Land","2026-03-26T14:45:11.955545","new","","","70"
"1452","tunisieannonce_7fa50165fa09","tunisieannonce","4000.0","156.0","","Marsa Safsaf","TUNIS","north","Sale","Commercial","2026-03-26T14:44:11.830155","new","","","70"
"1453","tunisieannonce_81c43847aa3a","tunisieannonce","1400.0","","2","Ariana Essoughra","TUNIS","north","Rent","Villa","2026-03-26T14:57:56.529638","new","","","85"
"1454","tunisieannonce_8169c45ca872","tunisieannonce","5000.0","","4","Berge Du Lac","TUNIS","north","Rent","Apartment","2026-03-26T15:05:11.213942","new","","","65"
"1455","tunisieannonce_7eeb99db1213","tunisieannonce","900.0","2026.0","3","El Menzah 9","TUNIS","north","Rent","Apartment","2026-03-26T15:01:29.748532","new","","","80"
"1456","tunisieannonce_812b0109affa","tunisieannonce","3500.0","145.0","","Berge Du Lac","TUNIS","north","Sale","Commercial","2026-03-26T14:18:22.903064","new","","","70"
"1457","tunisieannonce_81116f7aa8cb","tunisieannonce","210000.0","270.0","","Gammart","TUNIS","north","Sale","Land","2026-03-26T14:10:11.948977","new","","","90"
"1458","tunisieannonce_7decb3699308","tunisieannonce","1200.0","110.0","4","Montplaisir","TUNIS","north","Sale","Commercial","2026-03-26T15:20:13.006049","new","","","80"
"1459","tunisieannonce_80cd418b6825","tunisieannonce","1950.0","912.0","","El Menzah 1","TUNIS","north","Sale","Land","2026-03-26T14:36:42.452772","new","","","70"
"1460","tunisieannonce_86bcea137980","tunisieannonce","980000.0","164.0","","Jardins De Carthage","TUNIS","north","Sale","Commercial","2026-03-26T14:55:04.752976","new","","","70"
"1461","tunisieannonce_826db0a31866","tunisieannonce","670000.0","300.0","2","Hammamet","TUNIS","north","Sale","Land","2026-03-26T15:27:00.073261","new","","","100"
"1462","tunisieannonce_8637c6490098","tunisieannonce","3500.0","650.0","1","Cite Jardins","TUNIS","north","Sale","Land","2026-03-26T14:42:03.326015","new","","","80"
"1463","tunisieannonce_84922976c493","tunisieannonce","1500.0","","","Hammamet","TUNIS","north","Sale","Land","2026-03-26T14:52:19.268487","new","","","50"
"1464","tunisieannonce_831c1aa086ef","tunisieannonce","630.0","","1","Cite Ennasr 2","TUNIS","north","Rent","Apartment","2026-03-26T15:00:32.996643","new","","","85"
"1465","tunisieannonce_8569ed483c9e","tunisieannonce","3500.0","400.0","4","El Menzah 9","TUNIS","north","Rent","Villa","2026-03-26T14:23:11.629533","new","","","90"
"1466","tunisieannonce_86458a4f1c52","tunisieannonce","941620.0","58.0","","La Soukra","TUNIS","north","Sale","Land","2026-03-26T14:30:58.957388","new","","","70"
"1467","tunisieannonce_85ec01a8ade0","tunisieannonce","6250.0","250.0","","Jardins De Carthage","TUNIS","north","Sale","Commercial","2026-03-26T14:54:04.383940","new","","","70"
"1468","tunisieannonce_8564f181f131","tunisieannonce","250000.0","200.0","2","Kelibia","TUNIS","north","Sale","Apartment","2026-03-26T14:10:30.895151","new","","","100"
"1469","tunisieannonce_8468ee84213e","tunisieannonce","159960.0","","3","Oued Ellil","TUNIS","north","Sale","Apartment","2026-03-26T14:23:32.548805","new","","","85"
"1470","tunisieannonce_877f06003777","tunisieannonce","290000.0","110.0","3","Hedi Chaker","TUNIS","north","Sale","Commercial","2026-03-26T15:02:25.494237","new","","","100"
"1471","tunisieannonce_88ce9fb538cc","tunisieannonce","850000.0","","","Sidi Messaoud","TUNIS","north","Sale","Land","2026-03-26T14:41:53.897295","new","","","70"
"1472","tunisieannonce_8716f14162d6","tunisieannonce","1400.0","46.0","3","Le Kram","TUNIS","north","Sale","Commercial","2026-03-26T14:44:20.706611","new","","","80"
"1473","tunisieannonce_88193dcf4800","tunisieannonce","1200.0","130.0","2","Sahloul","TUNIS","north","Rent","Commercial","2026-03-26T14:47:10.421378","new","","","90"
"1474","tunisieannonce_89c4db936c72","tunisieannonce","2100.0","250.0","","Bab El Assel","TUNIS","north","Sale","Other","2026-03-26T15:21:30.521497","new","","","70"
"1475","tunisieannonce_89e1e9033938","tunisieannonce","105500.0","52.0","3","Bab Bhar","TUNIS","north","Sale","Commercial","2026-03-26T14:10:20.798615","new","","","100"
"1476","tunisieannonce_87e4874badf0","tunisieannonce","11000.0","800.0","6","Tunis Belvedere","TUNIS","north","Sale","Commercial","2026-03-26T14:40:07.941592","new","","","80"
"1477","tunisieannonce_87ea4fe80ec3","tunisieannonce","930000.0","380.0","3","Borj Cedria","TUNIS","north","Sale","Villa","2026-03-26T15:19:30.081310","new","","","100"
"1478","tunisieannonce_86c4041f4eaf","tunisieannonce","1400.0","145.0","1","El Menzah 7","TUNIS","north","Rent","Apartment","2026-03-26T14:56:55.527669","new","","","90"
"1479","tunisieannonce_89f0ddba6e21","tunisieannonce","1200.0","110.0","2","El Manar 1","TUNIS","north","Rent","Other","2026-03-26T14:15:38.449112","new","","","90"
"1480","tunisieannonce_914475bca569","tunisieannonce","1400.0","130.0","3","Cite Ennasr 2","TUNIS","north","Sale","Commercial","2026-03-26T14:28:52.558830","new","","","85"
"1481","tunisieannonce_8cc7cd94e0ea","tunisieannonce","18000.0","850.0","1","Cite Jardins","TUNIS","north","Sale","Commercial","2026-03-26T14:49:25.929378","new","","","80"
"1482","tunisieannonce_920097b0c386","tunisieannonce","900.0","100.0","2","Hergla","TUNIS","north","Rent","Apartment","2026-03-26T15:25:33.695545","new","","","90"
"1483","tunisieannonce_9177503ea620","tunisieannonce","2000.0","107.0","","Berge Du Lac","TUNIS","north","Sale","Commercial","2026-03-26T14:59:00.625999","new","","","70"
"1484","tunisieannonce_9298561954e2","tunisieannonce","480000.0","200.0","4","Riadh Landlous","TUNIS","north","Sale","Apartment","2026-03-26T14:56:07.789840","new","","","100"
"1485","tunisieannonce_8ce056272e95","tunisieannonce","190000.0","110.0","2","Borj Louzir","TUNIS","north","Sale","Apartment","2026-03-26T15:16:24.453034","new","","","100"
"1486","tunisieannonce_8a121017c312","tunisieannonce","2200.0","2026.0","2","Cite Ennasr 1","TUNIS","north","Rent","Apartment","2026-03-26T14:35:44.469173","new","","","85"
"1487","tunisieannonce_8b76362661dc","tunisieannonce","4000.0","2026.0","4","Gammart","TUNIS","north","Rent","Villa","2026-03-26T14:36:07.120464","new","","","90"
"1488","tunisieannonce_8fdd4ccb710a","tunisieannonce","2300.0","160.0","3","Jardins De Carthage","TUNIS","north","Rent","Apartment","2026-03-26T15:28:08.066616","new","","","90"
"1489","tunisieannonce_8ec99f8d132d","tunisieannonce","550000.0","530.0","2","Kerkouane","TUNIS","north","Sale","Land","2026-03-26T14:09:54.351171","new","","","100"
"1490","tunisieannonce_94c742af6d30","tunisieannonce","180000.0","88.0","2","El Mourouj","TUNIS","north","Sale","Apartment","2026-03-26T15:20:50.206410","new","","","95"
"1491","tunisieannonce_941f91443ba9","tunisieannonce","3500.0","810.0","2","El Menzah 9","TUNIS","north","Rent","Commercial","2026-03-26T14:11:52.472470","new","","","90"
"1492","tunisieannonce_93e4cc665ddb","tunisieannonce","1750.0","140.0","4","Borj El Baccouche","TUNIS","north","Sale","Commercial","2026-03-26T14:20:18.184632","new","","","85"
"1493","tunisieannonce_941353d49dd2","tunisieannonce","150000.0","166.0","","Berge Du Lac","TUNIS","north","Sale","Commercial","2026-03-26T14:45:59.569418","new","","","90"
"1494","tunisieannonce_9b3058140ca6","tunisieannonce","600.0","80.0","2","Denden","TUNIS","north","Rent","Villa","2026-03-26T14:27:36.229950","new","","","70"
"1495","tunisieannonce_9a7ad5646695","tunisieannonce","900.0","50.0","1","Ain Zaghouan","TUNIS","north","Rent","Other","2026-03-26T14:59:32.927225","new","","","90"
"1496","tunisieannonce_9a335748b0fb","tunisieannonce","3500.0","700.0","4","Mutuelle Ville","TUNIS","north","Rent","Commercial","2026-03-26T15:22:25.555024","new","","","90"
"1497","tunisieannonce_9ba3760e13ee","tunisieannonce","1150.0","135.0","2","El Aouina","TUNIS","north","Rent","Apartment","2026-03-26T14:39:44.043640","new","","","90"
"1498","tunisieannonce_96c9a5b1f8de","tunisieannonce","240000.0","70.0","2","El Aouina","TUNIS","north","Sale","Apartment","2026-03-26T14:50:40.026635","new","","","100"
"1499","tunisieannonce_98e4a46a88d7","tunisieannonce","55000.0","63.0","1","Khelidia","TUNIS","north","Sale","Other","2026-03-26T15:28:42.272271","new","","","100"
"1500","tunisieannonce_9ee51a7d7eae","tunisieannonce","500000.0","840.0","2","Kalaa Essghira","TUNIS","north","Sale","Land","2026-03-26T14:14:43.438513","new","","","95"
"1501","tunisieannonce_9ed2c6e82a31","tunisieannonce","950.0","80.0","1","Riadh Landlous","TUNIS","north","Rent","Villa","2026-03-26T14:19:27.061445","new","","","90"
"1502","tunisieannonce_9f596c59f6f7","tunisieannonce","2200.0","180.0","1","Zone Urbaine Nord","TUNIS","north","Sale","Commercial","2026-03-26T14:34:14.387931","new","","","80"
"1503","tunisieannonce_9c2deae1aed2","tunisieannonce","160000.0","400.0","","Sidi Saad","TUNIS","north","Sale","Land","2026-03-26T15:17:37.261209","new","","","90"
"1504","tunisieannonce_9f190783b36c","tunisieannonce","11000.0","280.0","2","Cite El Moustakbel (La Marsa)","TUNIS","north","Rent","Villa","2026-03-26T14:47:00.727871","new","","","80"
"1505","tunisieannonce_9d0decc4eb99","tunisieannonce","7700.0","278.0","1","Zone Urbaine Nord","TUNIS","north","Sale","Commercial","2026-03-26T14:20:59.157858","new","","","80"
"1506","tunisieannonce_9bf77edccea1","tunisieannonce","156000.0","200.0","","Chatt Meriem","TUNIS","north","Sale","Land","2026-03-26T14:19:47.645830","new","","","85"
"1507","tunisieannonce_9e35c5041d19","tunisieannonce","650.0","","2","Bab Bhar","TUNIS","north","Rent","Apartment","2026-03-26T14:23:44.512751","new","","","85"
"1508","tunisieannonce_9f286dc309ad","tunisieannonce","462000.0","850.0","","Chatt Meriem","TUNIS","north","Sale","Land","2026-03-26T15:13:35.843669","new","","","85"
"1509","tunisieannonce_a13de41c6a12","tunisieannonce","1000.0","80.0","2","El Manar 2","TUNIS","north","Rent","Apartment","2026-03-26T14:32:49.541078","new","","","90"
"1510","tunisieannonce_a82e0f47bb2a","tunisieannonce","60000.0","2000.0","1","Cite Jardins","TUNIS","north","Sale","Commercial","2026-03-26T14:25:59.345231","new","","","80"
"1511","tunisieannonce_a290ac09c90c","tunisieannonce","840560.0","532.0","","Jardins D'El Menzah","TUNIS","north","Sale","Land","2026-03-26T14:31:08.162108","new","","","90"
"1512","tunisieannonce_a3677120afe9","tunisieannonce","900.0","110.0","2","El Menzah 9","TUNIS","north","Rent","Other","2026-03-26T14:16:23.936160","new","","","90"
"1513","tunisieannonce_a3b50604b73c","tunisieannonce","280000.0","308.0","2","El Haouaria","TUNIS","north","Sale","Villa","2026-03-26T15:01:20.596680","new","","","100"
"1514","tunisieannonce_a7e6bd050dc0","tunisieannonce","195000.0","77.0","1","Ain Zaghouan","TUNIS","north","Sale","Apartment","2026-03-26T14:55:14.463157","new","","","100"
"1515","tunisieannonce_a50641300e48","tunisieannonce","8000.0","521.0","3","El Kantaoui","TUNIS","north","Sale","Land","2026-03-26T14:15:46.883738","new","","","80"
"1516","tunisieannonce_a787788c24c8","tunisieannonce","8000.0","2026.0","1","El Menzah 5","TUNIS","north","Rent","Commercial","2026-03-26T14:56:17.303171","new","","","90"
"1517","tunisieannonce_a7f91fe28a06","tunisieannonce","5500.0","340.0","4","Montplaisir","TUNIS","north","Sale","Commercial","2026-03-26T14:23:52.832806","new","","","80"
"1518","tunisieannonce_a1f2a494b77b","tunisieannonce","6000.0","810.0","4","Mutuelle Ville","TUNIS","north","Rent","Villa","2026-03-26T14:56:45.939811","new","","","90"
"1519","tunisieannonce_a520b9c9eb33","tunisieannonce","1200.0","70.0","1","Zone Urbaine Nord","TUNIS","north","Sale","Commercial","2026-03-26T14:29:10.212807","new","","","80"
"1520","tunisieannonce_aa1a8762bf7c","tunisieannonce","2400.0","180.0","2","Cite El Mhiri","TUNIS","north","Rent","Villa","2026-03-26T14:53:26.626004","new","","","85"
"1521","tunisieannonce_aab55fb84e34","tunisieannonce","1000.0","100.0","","Cite El Moez","TUNIS","north","Sale","Commercial","2026-03-26T14:53:36.440683","new","","","65"
"1522","tunisieannonce_ab41d48fef4f","tunisieannonce","2300.0","145.0","6","El Manar 2","TUNIS","north","Sale","Commercial","2026-03-26T14:57:27.375365","new","","","80"
"1523","tunisieannonce_aaa2b1d126e5","tunisieannonce","695000.0","203.0","3","Cite Ennasr 2","TUNIS","north","Sale","Apartment","2026-03-26T15:02:49.916022","new","","","100"
"1524","tunisieannonce_ab20b6858e59","tunisieannonce","120000.0","50.0","3","Hammam Sousse","TUNIS","north","Sale","Apartment","2026-03-26T14:20:09.153962","new","","","95"
"1525","tunisieannonce_a8a42effbd49","tunisieannonce","350000.0","180.0","3","Ezzahra","TUNIS","north","Sale","Commercial","2026-03-26T14:50:14.099021","new","","","80"
"1526","tunisieannonce_a8effa05df7f","tunisieannonce","240000.0","90.0","3","El Manar 1","TUNIS","north","Sale","Apartment","2026-03-26T15:27:08.629566","new","","","100"
"1527","tunisieannonce_a8cab1c92337","tunisieannonce","650.0","70.0","1","La Mannouba","TUNIS","north","Rent","Villa","2026-03-26T14:29:40.691937","new","","","70"
"1528","tunisieannonce_abb491fb0cc5","tunisieannonce","6000.0","800.0","6","El Menzah 1","TUNIS","north","Rent","Villa","2026-03-26T14:35:55.234450","new","","","90"
"1529","tunisieannonce_aa4ba8ff6033","tunisieannonce","750000.0","600.0","5","Le Bardo","TUNIS","north","Sale","Villa","2026-03-26T15:06:59.675508","new","","","95"
"1530","tunisieannonce_ac35ac5fafe3","tunisieannonce","750000.0","600.0","2","Kerkouane","TUNIS","north","Sale","Villa","2026-03-26T14:11:21.599995","new","","","100"
"1531","tunisieannonce_afe797293ad7","tunisieannonce","85000.0","70.0","2","Hammam El Ghezaz","TUNIS","north","Sale","Apartment","2026-03-26T14:06:06.262365","new","","","100"
"1532","tunisieannonce_ae2edd28503b","tunisieannonce","1000.0","90.0","2","Le Bardo","TUNIS","north","Rent","Other","2026-03-26T14:41:29.540892","new","","","85"
"1533","tunisieannonce_ae4c91996539","tunisieannonce","85000.0","4000.0","","El Haouaria","TUNIS","north","Sale","Land","2026-03-26T14:12:32.356690","new","","","70"
"1534","tunisieannonce_ac8f8fab5dc8","tunisieannonce","3600.0","310.0","4","El Menzah 9","TUNIS","north","Rent","Apartment","2026-03-26T14:33:08.854771","new","","","90"
"1535","tunisieannonce_afae778c298e","tunisieannonce","355000.0","450.0","3","Soliman","TUNIS","north","Sale","Land","2026-03-26T15:21:04.806887","new","","","100"
"1536","tunisieannonce_b02fb3dcc63f","tunisieannonce","2000.0","300.0","3","Nabeul","TUNIS","north","Rent","Land","2026-03-26T15:26:40.445158","new","","","90"
"1537","tunisieannonce_af806344657f","tunisieannonce","145000.0","99.0","4","Jaafar 1","TUNIS","north","Sale","Apartment","2026-03-26T14:56:27.278668","new","","","100"
"1538","tunisieannonce_af8b0d586bfc","tunisieannonce","1950.0","45.0","","El Manar 2","TUNIS","north","Sale","Other","2026-03-26T15:27:25.677030","new","","","70"
"1539","tunisieannonce_acc9d9df19ed","tunisieannonce","1100.0","2026.0","2","El Menzah 9","TUNIS","north","Rent","Apartment","2026-03-26T15:01:02.086913","new","","","80"
"1540","tunisieannonce_b0d9a56126b5","tunisieannonce","900.0","120.0","1","El Menzah 7","TUNIS","north","Rent","Villa","2026-03-26T14:36:34.593947","new","","","90"
"1541","tunisieannonce_b4a812131e46","tunisieannonce","786500.0","210.0","","Cite Bhar Lazreg","TUNIS","north","Sale","Land","2026-03-26T14:45:22.277936","new","","","90"
"1542","tunisieannonce_b2307bb32ae6","tunisieannonce","790000.0","313.0","3","Nouvelle Ariana","TUNIS","north","Sale","Land","2026-03-26T14:20:27.090416","new","","","100"
"1543","tunisieannonce_b449e3268dea","tunisieannonce","1500.0","142.0","1","El Menzah 7","TUNIS","north","Rent","Other","2026-03-26T14:15:21.546087","new","","","90"
"1544","tunisieannonce_b0ff7d7d1e05","tunisieannonce","80000.0","33.0","3","El Manar 2","TUNIS","north","Sale","Other","2026-03-26T14:51:38.492143","new","","","100"
"1545","tunisieannonce_b22981c607cc","tunisieannonce","220000.0","85.0","","Fouchana","TUNIS","north","Sale","Villa","2026-03-26T14:40:17.866615","new","","","90"
"1546","tunisieannonce_b1258897286b","tunisieannonce","900.0","2025.0","1","Cite Ennasr 2","TUNIS","north","Rent","Other","2026-03-26T14:33:57.337712","new","","","80"
"1547","tunisieannonce_b18ab18132fb","tunisieannonce","1700.0","100.0","3","Montplaisir","TUNIS","north","Sale","Commercial","2026-03-26T14:34:59.547793","new","","","80"
"1548","tunisieannonce_b4751c11f7d3","tunisieannonce","120000.0","250.0","","La Mannouba","TUNIS","north","Sale","Land","2026-03-26T14:25:44.219743","new","","","80"
"1549","tunisieannonce_b0b8f3a38ff7","tunisieannonce","123000.0","410.0","","Raoued","TUNIS","north","Sale","Land","2026-03-26T14:18:32.904602","new","","","90"
"1550","tunisieannonce_b7450e2435b1","tunisieannonce","546000.0","453.0","","Khezama Ouest","TUNIS","north","Sale","Land","2026-03-26T14:10:49.103051","new","","","90"
"1551","tunisieannonce_b92e362ba16f","tunisieannonce","3700.0","2026.0","2","Sidi Daoud","TUNIS","north","Rent","Other","2026-03-26T14:33:21.497019","new","","","80"
"1552","tunisieannonce_b9daf9c3a84c","tunisieannonce","1200.0","75.0","2","Cite El Khalil","TUNIS","north","Rent","Other","2026-03-26T15:26:28.540204","new","","","90"
"1553","tunisieannonce_b9c0cca6a6d0","tunisieannonce","219000.0","219.0","","Chatt Meriem","TUNIS","north","Sale","Land","2026-03-26T14:17:03.773566","new","","","90"
"1554","tunisieannonce_b51a4e2ccc0b","tunisieannonce","2000.0","90.0","1","Hergla","TUNIS","north","Rent","Other","2026-03-26T14:14:18.692163","new","","","85"
"1555","tunisieannonce_b9a30b7d42b1","tunisieannonce","400000.0","50.0","3","Chatt Meriem","TUNIS","north","Sale","Apartment","2026-03-26T14:24:32.816741","new","","","80"
"1556","tunisieannonce_b7e51664b0a4","tunisieannonce","2000.0","209.0","4","El Aouina","TUNIS","north","Rent","Apartment","2026-03-26T14:48:19.499596","new","","","90"
"1557","tunisieannonce_ba2326f25f90","tunisieannonce","370000.0","143.0","2","La Soukra","TUNIS","north","Sale","Apartment","2026-03-26T15:22:35.741651","new","","","100"
"1558","tunisieannonce_bae4cc19facb","tunisieannonce","3400.0","404.0","1","Marsa Safsaf","TUNIS","north","Sale","Land","2026-03-26T14:51:29.669718","new","","","80"
"1559","tunisieannonce_b9a535693b32","tunisieannonce","672000.0","120.0","1","Jardins De Carthage","TUNIS","north","Sale","Villa","2026-03-26T14:15:10.017878","new","","","100"
"1560","tunisieannonce_be53e3c4ff68","tunisieannonce","1000.0","13.0","2","Le Bardo","TUNIS","north","Sale","Commercial","2026-03-26T14:41:17.981676","new","","","75"
"1561","tunisieannonce_c4dde0f704c2","tunisieannonce","850.0","70.0","1","Cite Ennasr 2","TUNIS","north","Rent","Apartment","2026-03-26T14:57:47.430973","new","","","90"
"1562","tunisieannonce_c0be8ccfa51c","tunisieannonce","450000.0","461.0","2","El Haouaria","TUNIS","north","Sale","Land","2026-03-26T15:28:18.361605","new","","","95"
"1563","tunisieannonce_c2eaf56c260a","tunisieannonce","3500.0","150.0","1","Zone Urbaine Nord","TUNIS","north","Sale","Commercial","2026-03-26T14:20:47.451842","new","","","80"
"1564","tunisieannonce_c385995c38c0","tunisieannonce","395000.0","190.0","3","El Menzah 7","TUNIS","north","Sale","Apartment","2026-03-26T14:54:52.033989","new","","","100"
"1565","tunisieannonce_c3734a31cd52","tunisieannonce","1600.0","170.0","3","Borj El Baccouche","TUNIS","north","Rent","Apartment","2026-03-26T14:35:10.101667","new","","","90"
"1566","tunisieannonce_c48a90847bda","tunisieannonce","2000.0","2025.0","3","Cite Ennasr 2","TUNIS","north","Rent","Apartment","2026-03-26T15:05:26.138576","new","","","80"
"1567","tunisieannonce_be5540b47f5b","tunisieannonce","569000.0","125.0","2","Chotrana 1","TUNIS","north","Sale","Villa","2026-03-26T14:52:58.284159","new","","","100"
"1568","tunisieannonce_c402cdc93f98","tunisieannonce","1700.0","70.0","2","Cite Ennasr 1","TUNIS","north","Rent","Apartment","2026-03-26T15:12:45.368461","new","","","90"
"1569","tunisieannonce_bf3fd0cd97af","tunisieannonce","1600.0","110.0","1","Cite Ennasr 2","TUNIS","north","Rent","Apartment","2026-03-26T14:31:38.024134","new","","","90"
"1570","tunisieannonce_c8f2fe0903cc","tunisieannonce","656400.0","188.0","","Ghar El Melh","TUNIS","north","Sale","Land","2026-03-26T14:46:18.459085","new","","","90"
"1571","tunisieannonce_c65f566e263a","tunisieannonce","700000.0","320.0","3","Hammam Sousse Gharbi","TUNIS","north","Sale","Land","2026-03-26T14:48:49.949777","new","","","100"
"1572","tunisieannonce_c8e14a401452","tunisieannonce","950.0","2026.0","1","El Menzah 6","TUNIS","north","Rent","Apartment","2026-03-26T14:32:06.391792","new","","","80"
"1573","tunisieannonce_ca66e7516eee","tunisieannonce","3000.0","130.0","2","Berge Du Lac","TUNIS","north","Rent","Apartment","2026-03-26T14:15:00.535506","new","","","90"
"1574","tunisieannonce_ce4347710539","tunisieannonce","388000.0","70.0","1","Jardins De Carthage","TUNIS","north","Sale","Apartment","2026-03-26T14:54:32.974317","new","","","100"
"1575","tunisieannonce_ce4b5f1a3199","tunisieannonce","1650.0","","3","Cite Ennasr 2","TUNIS","north","Rent","Apartment","2026-03-26T14:58:50.407241","new","","","85"
"1576","tunisieannonce_c7e06ee51130","tunisieannonce","7000.0","320.0","","Mutuelle Ville","TUNIS","north","Sale","Commercial","2026-03-26T14:21:25.511570","new","","","70"
"1577","tunisieannonce_cb63d2cb41d6","tunisieannonce","560.0","101.0","1","Cite Ennasr 2","TUNIS","north","Rent","Apartment","2026-03-26T14:12:02.532938","new","","","90"
"1578","tunisieannonce_c796fe40bf98","tunisieannonce","2700.0","200.0","3","El Aouina","TUNIS","north","Rent","Villa","2026-03-26T14:29:44.261669","new","","","90"
"1579","tunisieannonce_c62914893ead","tunisieannonce","1700.0","180.0","3","Borj El Baccouche","TUNIS","north","Rent","Villa","2026-03-26T14:10:40.604172","new","","","90"
"1580","tunisieannonce_d8f60d8a881c","tunisieannonce","3500.0","300.0","6","Mutuelle Ville","TUNIS","north","Sale","Commercial","2026-03-26T14:20:38.450670","new","","","80"
"1581","tunisieannonce_cf104f053646","tunisieannonce","230000.0","378.0","","Dar Fadhal","TUNIS","north","Sale","Land","2026-03-26T15:15:22.975889","new","","","90"
"1582","tunisieannonce_d57ef64a9b76","tunisieannonce","1240.0","32.0","","Sidi Daoud","TUNIS","north","Sale","Land","2026-03-26T14:49:56.523725","new","","","70"
"1583","tunisieannonce_cf7f8185fc2d","tunisieannonce","650000.0","500.0","3","Hammam Sousse","TUNIS","north","Sale","Apartment","2026-03-26T14:19:57.049606","new","","","95"
"1584","tunisieannonce_d5324447ff0e","tunisieannonce","2900.0","750.0","1","Cite Jardins","TUNIS","north","Sale","Land","2026-03-26T14:32:40.056976","new","","","80"
"1585","tunisieannonce_d2c0829fd5ee","tunisieannonce","538118.0","113.0","3","El Kantaoui","TUNIS","north","Sale","Apartment","2026-03-26T15:13:19.346719","new","","","100"
"1586","tunisieannonce_d307a3e2c840","tunisieannonce","1200.0","200.0","1","Sidi Frej","TUNIS","north","Rent","Commercial","2026-03-26T15:15:15.135220","new","","","90"
"1587","tunisieannonce_d08332be323b","tunisieannonce","244120.0","300.0","","Borj Louzir","TUNIS","north","Sale","Land","2026-03-26T14:51:08.023141","new","","","90"
"1588","tunisieannonce_cee9b6baebf6","tunisieannonce","4000.0","172.0","2","Ezzahra","TUNIS","north","Rent","Commercial","2026-03-26T15:10:26.809422","new","","","90"
"1589","tunisieannonce_d225bdf0c130","tunisieannonce","1800.0","160.0","4","Mutuelle Ville","TUNIS","north","Sale","Commercial","2026-03-26T15:01:11.577483","new","","","80"
"1590","tunisieannonce_defd3b4e739b","tunisieannonce","650.0","120.0","1","La Soukra","TUNIS","north","Rent","Other","2026-03-26T15:08:25.805102","new","","","90"
"1591","tunisieannonce_dc789e1e9e7d","tunisieannonce","1350.0","622.0","3","El Menzah 9","TUNIS","north","Sale","Land","2026-03-26T14:55:32.513934","new","","","80"
"1592","tunisieannonce_dcb8638c32c6","tunisieannonce","2500.0","140.0","","El Menzah 5","TUNIS","north","Sale","Commercial","2026-03-26T14:42:30.514099","new","","","70"
"1593","tunisieannonce_db359af98363","tunisieannonce","410000.0","570.0","","Raoued","TUNIS","north","Sale","Land","2026-03-26T15:15:42.910551","new","","","90"
"1594","tunisieannonce_d9192c45c09c","tunisieannonce","1600.0","125.0","1","Cite Ennasr 2","TUNIS","north","Rent","Apartment","2026-03-26T14:47:55.957939","new","","","90"
"1595","tunisieannonce_de00dc07a4fe","tunisieannonce","1200.0","80.0","1","El Menzah 9","TUNIS","north","Rent","Apartment","2026-03-26T14:59:10.944335","new","","","90"
"1596","tunisieannonce_db1d2a04b66a","tunisieannonce","1600.0","65.0","2","Cite Ennasr 1","TUNIS","north","Rent","Apartment","2026-03-26T15:08:14.154530","new","","","90"
"1597","tunisieannonce_de61e4d077e3","tunisieannonce","155000.0","54.0","2","El Aouina","TUNIS","north","Sale","Apartment","2026-03-26T14:37:10.537046","new","","","100"
"1598","tunisieannonce_d98b113d42b4","tunisieannonce","900.0","100.0","2","Nouvelle Medina","TUNIS","north","Rent","Apartment","2026-03-26T15:11:20.335686","new","","","90"
"1599","tunisieannonce_dc9ea37d008e","tunisieannonce","530000.0","100.0","2","Marsa Safsaf","TUNIS","north","Sale","Commercial","2026-03-26T15:19:43.086660","new","","","80"
"1600","tunisieannonce_df6153f5ffbe","tunisieannonce","144000.0","659.0","","Beni Khalled","TUNIS","north","Sale","Land","2026-03-26T14:28:05.120092","new","","","90"
"1601","tunisieannonce_e37f46c82ad4","tunisieannonce","150.0","2024.0","2","El Manar 2","TUNIS","north","Rent","Villa","2026-03-26T14:44:40.546259","new","","","75"
"1602","tunisieannonce_e2548228f2b5","tunisieannonce","950.0","30.0","2","Sahloul","TUNIS","north","Rent","Other","2026-03-26T14:12:12.460309","new","","","90"
"1603","tunisieannonce_ed4aa773981e","tunisieannonce","2000.0","400.0","2","Hammam Sousse","TUNIS","north","Rent","Land","2026-03-26T14:46:49.933961","new","","","90"
"1604","tunisieannonce_e8789bc0530d","tunisieannonce","1200.0","74.0","1","Cite Ennasr 2","TUNIS","north","Rent","Apartment","2026-03-26T14:47:20.431147","new","","","90"
"1605","tunisieannonce_e75cd1d34069","tunisieannonce","2400.0","150.0","3","Cite Ennasr 2","TUNIS","north","Rent","Apartment","2026-03-26T15:17:16.114098","new","","","90"
"1606","tunisieannonce_e95e031c9316","tunisieannonce","268000.0","67.0","1","Cite Jardins","TUNIS","north","Sale","Apartment","2026-03-26T14:49:00.165915","new","","","100"
"1607","tunisieannonce_dfad4edd7316","tunisieannonce","350000.0","180.0","3","Khezama Ouest","TUNIS","north","Sale","Apartment","2026-03-26T14:24:13.402982","new","","","100"
"1608","tunisieannonce_e1ca89dec6b8","tunisieannonce","210000.0","75.0","2","Nouvelle Medina","TUNIS","north","Sale","Apartment","2026-03-26T15:10:38.273180","new","","","100"
"1609","tunisieannonce_e66e81621225","tunisieannonce","720.0","70.0","2","Cite El Khadra","TUNIS","north","Rent","Other","2026-03-26T14:27:19.709003","new","","","90"
"1610","tunisieannonce_f0329e503e7d","tunisieannonce","930000.0","450.0","","Rohia","TUNIS","north","Sale","Land","2026-03-26T14:21:09.857247","new","","","85"
"1611","tunisieannonce_ed992e1b8d24","tunisieannonce","750.0","75.0","1","El Menzah 7","TUNIS","north","Rent","Villa","2026-03-26T14:27:28.364803","new","","","90"
"1612","tunisieannonce_ee2ba601707b","tunisieannonce","1500.0","150.0","2","Republique","TUNIS","north","Rent","Commercial","2026-03-26T15:17:47.940007","new","","","85"
"1613","tunisieannonce_efca12570f55","tunisieannonce","850.0","119.0","2","El Menzah 5","TUNIS","north","Rent","Villa","2026-03-26T14:33:30.383493","new","","","90"
"1614","tunisieannonce_f05b2ce18084","tunisieannonce","800.0","65.0","2","La Mannouba","TUNIS","north","Rent","Other","2026-03-26T14:19:16.820765","new","","","90"
"1615","tunisieannonce_ef4832b7076c","tunisieannonce","1900.0","","2","Cite Ennasr 2","TUNIS","north","Rent","Apartment","2026-03-26T14:58:31.831024","new","","","85"
"1616","tunisieannonce_efe28348bbe8","tunisieannonce","4500.0","400.0","4","Mutuelle Ville","TUNIS","north","Rent","Commercial","2026-03-26T14:29:20.053794","new","","","90"
"1617","tunisieannonce_ef3117b1baf9","tunisieannonce","7000.0","280.0","3","Berge Du Lac","TUNIS","north","Rent","Commercial","2026-03-26T14:51:17.060509","new","","","90"
"1618","tunisieannonce_eed2f2c8148b","tunisieannonce","800.0","18.0","2","El Omrane","TUNIS","north","Rent","Villa","2026-03-26T14:19:35.517659","new","","","80"
"1619","tunisieannonce_ef4ca97853b5","tunisieannonce","250000.0","125.0","","Tataouine","TUNIS","north","Sale","Commercial","2026-03-26T14:06:16.371208","new","","","90"
"1620","tunisieannonce_f2316dd1e4c9","tunisieannonce","900000.0","263.0","3","Cite Ennasr 2","TUNIS","north","Sale","Villa","2026-03-26T14:05:46.015376","new","","","100"
"1621","tunisieannonce_f51e47af7462","tunisieannonce","550.0","2026.0","1","El Manar 1","TUNIS","north","Rent","Apartment","2026-03-26T14:45:01.143633","new","","","80"
"1622","tunisieannonce_f8d191fbcb77","tunisieannonce","1600.0","65.0","2","Cite Ennasr 1","TUNIS","north","Rent","Villa","2026-03-26T15:12:16.707147","new","","","90"
"1623","tunisieannonce_f3e80d950386","tunisieannonce","1450.0","160.0","3","El Menzah 7","TUNIS","north","Rent","Apartment","2026-03-26T14:22:57.327757","new","","","90"
"1624","tunisieannonce_fc0e79d69c78","tunisieannonce","650.0","35.0","4","El Manar 1","TUNIS","north","Rent","Villa","2026-03-26T15:13:28.157382","new","","","90"
"1625","tunisieannonce_f68f2b674750","tunisieannonce","300000.0","500.0","2","Dar Fadhal","TUNIS","north","Sale","Land","2026-03-26T14:43:48.437982","new","","","100"
"1626","tunisieannonce_f383ad3e8647","tunisieannonce","330000.0","300.0","2","Kelibia","TUNIS","north","Sale","Villa","2026-03-26T14:04:30.722045","new","","","100"
"1627","tunisieannonce_f867f4a1d70b","tunisieannonce","46000.0","200.0","2","Dar Allouche","TUNIS","north","Sale","Land","2026-03-26T14:45:42.557773","new","","","100"
"1628","tunisieannonce_f2500fa81d42","tunisieannonce","200000.0","100.0","2","Hammam Lif","TUNIS","north","Sale","Villa","2026-03-26T14:41:40.805771","new","","","100"
"1629","tunisieannonce_f4443b088c7a","tunisieannonce","1650.0","100.0","2","Cite Ennasr 2","TUNIS","north","Rent","Apartment","2026-03-26T14:58:41.141406","new","","","90"
"1630","tunisieannonce_ff229d9cfb03","tunisieannonce","280.0","40.0","","La Mannouba","TUNIS","north","Rent","Villa","2026-03-26T14:27:57.543620","new","","","75"
"1631","tunisieannonce_feb90d3e6137","tunisieannonce","1200.0","120.0","2","Cite Ennasr 2","TUNIS","north","Rent","Apartment","2026-03-26T14:42:20.415421","new","","","90"
"1632","tunisieannonce_fc4e1e43cc06","tunisieannonce","1200.0","180.0","1","Sidi Frej","TUNIS","north","Rent","Commercial","2026-03-26T15:15:06.384990","new","","","90"
"1633","tunisieannonce_fc42ac955de3","tunisieannonce","750000.0","720.0","3","Bou Mhel","TUNIS","north","Sale","Land","2026-03-26T14:05:22.195355","new","","","100"
"1634","tunisieannonce_ffd74fab3458","tunisieannonce","1250.0","100.0","2","El Aouina","TUNIS","north","Rent","Apartment","2026-03-26T15:06:13.311471","new","","","90"
"1635","tunisieannonce_fc2bcfb04129","tunisieannonce","450.0","70.0","1","La Soukra","TUNIS","north","Rent","Villa","2026-03-26T15:07:25.158656","new","","","90"
"1636","verdar_130541","verdar","450000.0","450.0","","Boumhel Belair","null","","Sale","Land","2026-03-26T15:19:37.015163","new","","","85"
"1637","mubawab_7942062","mubawab","","159.0","","","","","Sale","Land","2026-03-26T16:37:47.581797","new","","","5"
"1638","newkey_125024","newkey","2000.0","","","Appartement","","","Rent","Apartment","2026-03-26T16:29:21.941839","new","","","30"
"1639","newkey_128669","newkey","1350.0","","","Appartement","","","Sale","Apartment","2026-03-26T15:36:15.544940","price_down","-150.0","-10.0","0"
"1640","newkey_130395","newkey","500.0","","","Bureau Et Local...","","","Rent","Commercial","2026-03-26T16:09:08.124954","new","","","20"
"1641","tunisieannonce_05590d78d04b","tunisieannonce","157500.0","328.0","","Borj Cedria","TUNIS","north","Sale","Land","2026-03-26T15:49:09.761100","new","","","90"
"1642","tunisieannonce_02869ae2f422","tunisieannonce","13000.0","200.0","","Ezzahra","TUNIS","north","Sale","Commercial","2026-03-26T16:06:54.871382","new","","","80"
"1643","tunisieannonce_0102efdce75b","tunisieannonce","750.0","40.0","1","El Manar 1","TUNIS","north","Rent","Other","2026-03-26T15:48:08.300657","new","","","90"
"1644","tunisieannonce_0aec81343423","tunisieannonce","650000.0","741.0","","Hergla","TUNIS","north","Sale","Land","2026-03-26T16:08:29.326648","new","","","90"
"1645","tunisieannonce_076d584afc2e","tunisieannonce","157000.0","231.0","","Hammam Lif","TUNIS","north","Sale","Land","2026-03-26T16:18:31.941647","new","","","90"
"1646","tunisieannonce_08a0f3a06940","tunisieannonce","175000.0","400.0","","Bir Mcherga","TUNIS","north","Sale","Land","2026-03-26T16:31:48.159695","new","","","90"
"1647","tunisieannonce_0ba75e2afce2","tunisieannonce","1900.0","140.0","","Montplaisir","TUNIS","north","Sale","Commercial","2026-03-26T16:05:41.476431","new","","","70"
"1648","tunisieannonce_0e022635418c","tunisieannonce","650000.0","156.0","3","Chotrana 2","TUNIS","north","Sale","Apartment","2026-03-26T16:06:21.579086","new","","","100"
"1649","tunisieannonce_0dd925d98dfa","tunisieannonce","218000.0","190.0","","Cite Bhar Lazreg","TUNIS","north","Sale","Land","2026-03-26T16:32:51.960813","new","","","90"
"1650","tunisieannonce_0c3e1beb1853","tunisieannonce","175000.0","700.0","","Cebalet Ben Ammar","TUNIS","north","Sale","Land","2026-03-26T16:34:00.518382","new","","","85"
"1651","tunisieannonce_0ef318211d40","tunisieannonce","11000.0","50.0","","Berge Du Lac","TUNIS","north","Sale","Commercial","2026-03-26T15:59:51.485347","new","","","90"
"1652","tunisieannonce_0f947c03a4fb","tunisieannonce","900.0","90.0","1","El Menzah 7","TUNIS","north","Rent","Apartment","2026-03-26T16:21:14.500930","new","","","90"
"1653","tunisieannonce_109da333cf6b","tunisieannonce","750000.0","450.0","3","Cite El Ghazala 1","TUNIS","north","Sale","Land","2026-03-26T16:10:17.196508","new","","","100"
"1654","tunisieannonce_0ee5e6352934","tunisieannonce","750.0","110.0","3","El Mourouj","TUNIS","north","Rent","Villa","2026-03-26T15:41:19.304258","new","","","90"
"1655","tunisieannonce_10ec510df311","tunisieannonce","299500.0","521.0","","Borj Cedria","TUNIS","north","Sale","Land","2026-03-26T15:33:50.939507","new","","","90"
"1656","tunisieannonce_10e04a58eaa3","tunisieannonce","390000.0","123.0","3","Riadh Landlous","TUNIS","north","Sale","Apartment","2026-03-26T16:01:33.624421","new","","","100"
"1657","tunisieannonce_13f838802223","tunisieannonce","227000.0","454.0","","Raoued","TUNIS","north","Sale","Land","2026-03-26T16:29:54.339725","new","","","90"
"1658","tunisieannonce_11c03bef8b23","tunisieannonce","1450.0","1000.0","","La Soukra","TUNIS","north","Sale","Land","2026-03-26T16:34:46.413192","new","","","70"
"1659","tunisieannonce_141f8daddc30","tunisieannonce","1320.0","120.0","1","Cite Ennasr 2","TUNIS","north","Rent","Apartment","2026-03-26T16:26:00.198955","new","","","90"
"1660","tunisieannonce_14f241a5ffda","tunisieannonce","250000.0","100.0","","Zone Industrielle Saint Gobin","TUNIS","north","Sale","Land","2026-03-26T16:10:08.950741","new","","","90"
"1661","tunisieannonce_1692bf567567","tunisieannonce","1150.0","66.0","1","La Soukra","TUNIS","north","Rent","Apartment","2026-03-26T16:21:33.532230","new","","","90"
"1662","tunisieannonce_1612e325c5b7","tunisieannonce","2100.0","120.0","1","Ain Zaghouan","TUNIS","north","Rent","Apartment","2026-03-26T15:58:50.747104","new","","","90"
"1663","tunisieannonce_1537155e73d2","tunisieannonce","1950.0","5000.0","","Bir Mcherga","TUNIS","north","Sale","Land","2026-03-26T16:16:36.116141","new","","","70"
"1664","tunisieannonce_158cc6dcf625","tunisieannonce","1675.0","","","El Fahs","TUNIS","north","Sale","Land","2026-03-26T16:30:21.262092","new","","","55"
"1665","tunisieannonce_183b4e37c833","tunisieannonce","1200.0","74.0","1","Cite Ennasr 2","TUNIS","north","Rent","Apartment","2026-03-26T16:31:39.173990","new","","","90"
"1666","tunisieannonce_1b06447354ae","tunisieannonce","3500.0","500.0","1","Bir Bouregba","TUNIS","north","Rent","Land","2026-03-26T16:11:42.716271","new","","","90"
"1667","tunisieannonce_1c04e4cd0494","tunisieannonce","450000.0","","","Kairouan Sud","TUNIS","north","Sale","Land","2026-03-26T16:38:43.259986","new","","","70"
"1668","tunisieannonce_1b4105b95f75","tunisieannonce","530000.0","100.0","2","Chotrana 1","TUNIS","north","Sale","Villa","2026-03-26T15:44:53.016856","new","","","100"
"1669","tunisieannonce_19404c7572ab","tunisieannonce","490000.0","","","El Amaiem","TUNIS","north","Sale","Land","2026-03-26T16:30:53.264238","new","","","75"
"1670","tunisieannonce_1d224a1f6aca","tunisieannonce","2400.0","80.0","","Jardins De Carthage","TUNIS","north","Sale","Commercial","2026-03-26T15:44:10.728150","new","","","70"
"1671","tunisieannonce_1e18206c3c16","tunisieannonce","2999.0","150.0","1","Chotrana 3","TUNIS","north","Rent","Villa","2026-03-26T15:41:07.290476","new","","","90"
"1672","tunisieannonce_1de5f54fc5f2","tunisieannonce","192000.0","400.0","","Soliman","TUNIS","north","Sale","Land","2026-03-26T15:42:03.849826","new","","","90"
"1673","tunisieannonce_1e70f780bee1","tunisieannonce","500000.0","","","Ain El Asker","TUNIS","north","Sale","Land","2026-03-26T16:30:13.523245","new","","","75"
"1674","tunisieannonce_21f132bb3b93","tunisieannonce","1700.0","800.0","","Sidi Daoud","TUNIS","north","Sale","Land","2026-03-26T16:13:57.247641","new","","","70"
"1675","tunisieannonce_237015c5442e","tunisieannonce","6500.0","280.0","3","Gammart","TUNIS","north","Rent","Apartment","2026-03-26T15:55:02.412632","new","","","80"
"1676","tunisieannonce_23cb610ae33c","tunisieannonce","1200.0","","","Sidi Daoud","TUNIS","north","Sale","Land","2026-03-26T16:02:05.703940","new","","","55"
"1677","tunisieannonce_206a0f6d3c38","tunisieannonce","4300.0","400.0","1","Chotrana 1","TUNIS","north","Rent","Villa","2026-03-26T16:00:16.741436","new","","","90"
"1678","tunisieannonce_2592ac8b6838","tunisieannonce","3000.0","150.0","2","Marsa Safsaf","TUNIS","north","Rent","Apartment","2026-03-26T15:47:18.735020","new","","","90"
"1679","tunisieannonce_250b89ec7525","tunisieannonce","2800.0","","3","Hammamet","TUNIS","north","Rent","Villa","2026-03-26T15:48:26.318532","new","","","85"
"1680","tunisieannonce_254c4a889414","tunisieannonce","1300.0","100.0","3","Berge Du Lac","TUNIS","north","Sale","Commercial","2026-03-26T15:59:43.392383","new","","","80"
"1681","tunisieannonce_26fbfd4252b3","tunisieannonce","150000.0","3000.0","","Bir Mcherga","TUNIS","north","Sale","Land","2026-03-26T16:28:21.184176","new","","","80"
"1682","tunisieannonce_296c03b9e55d","tunisieannonce","2300.0","714.0","4","Grombalia","TUNIS","north","Sale","Land","2026-03-26T16:02:53.686489","new","","","80"
"1683","tunisieannonce_28ab2626be83","tunisieannonce","650000.0","","","Bir Mcherga","TUNIS","north","Sale","Land","2026-03-26T16:28:12.135701","new","","","75"
"1684","tunisieannonce_279a906eae74","tunisieannonce","6460.0","310.0","","Berge Du Lac","TUNIS","north","Sale","Commercial","2026-03-26T15:57:28.253416","new","","","70"
"1685","tunisieannonce_2c8c50023f98","tunisieannonce","900.0","90.0","3","Sidi Daoud","TUNIS","north","Rent","Apartment","2026-03-26T16:21:25.267480","new","","","90"
"1686","tunisieannonce_2ec88ce3f168","tunisieannonce","231000.0","420.0","","Soliman","TUNIS","north","Sale","Land","2026-03-26T15:50:25.750181","new","","","90"
"1687","tunisieannonce_2c48776a456c","tunisieannonce","290000.0","265.0","","El Menzah 9","TUNIS","north","Sale","Land","2026-03-26T15:49:27.064386","new","","","90"
"1688","tunisieannonce_302bf775ffd6","tunisieannonce","500000.0","210.0","4","Cite El Ghazala 1","TUNIS","north","Sale","Villa","2026-03-26T16:10:28.217677","new","","","100"
"1689","tunisieannonce_32395bd4ca56","tunisieannonce","3800.0","259.0","3","Mutuelle Ville","TUNIS","north","Rent","Villa","2026-03-26T16:25:40.185857","new","","","90"
"1690","tunisieannonce_3097699b393e","tunisieannonce","260000.0","7000.0","","Ain El Asker","TUNIS","north","Sale","Land","2026-03-26T16:33:24.160224","new","","","60"
"1691","tunisieannonce_305e2eb89baf","tunisieannonce","2500.0","100.0","","Berge Du Lac","TUNIS","north","Sale","Commercial","2026-03-26T15:55:13.628475","new","","","70"
"1692","tunisieannonce_383fbcf28efb","tunisieannonce","700.0","50.0","4","El Menzah 9","TUNIS","north","Rent","Villa","2026-03-26T15:47:48.451966","new","","","90"
"1693","tunisieannonce_351dbe69fad1","tunisieannonce","210000.0","50.0","3","Cite Ennasr 2","TUNIS","north","Sale","Apartment","2026-03-26T16:29:27.952914","new","","","100"
"1694","tunisieannonce_38ff3225010d","tunisieannonce","485000.0","320.0","2","Rades Plage","TUNIS","north","Sale","Land","2026-03-26T16:28:47.343951","new","","","100"
"1695","tunisieannonce_323d39bd4f90","tunisieannonce","3900.0","130.0","2","Gammart","TUNIS","north","Rent","Villa","2026-03-26T15:44:18.952417","new","","","90"
"1696","tunisieannonce_3c2692a82cf8","tunisieannonce","4500.0","200.0","","Berge Du Lac","TUNIS","north","Sale","Commercial","2026-03-26T16:00:00.381518","new","","","70"
"1697","tunisieannonce_3c99b5c8d35e","tunisieannonce","1220.0","100.0","2","Ras Tabia","TUNIS","north","Rent","Commercial","2026-03-26T16:24:18.616257","new","","","85"
"1698","tunisieannonce_3c6dd4490686","tunisieannonce","170000.0","1000.0","","Sidi Thabet","TUNIS","north","Sale","Land","2026-03-26T16:21:43.599914","new","","","90"
"1699","tunisieannonce_4032ada95e7c","tunisieannonce","217000.0","98.0","2","Monastir","TUNIS","north","Sale","Other","2026-03-26T16:29:04.200064","new","","","100"
"1700","tunisieannonce_3ed93a216620","tunisieannonce","2500.0","","2","Sidi Daoud","TUNIS","north","Rent","Apartment","2026-03-26T15:34:19.523290","new","","","85"
"1701","tunisieannonce_3eb06934c530","tunisieannonce","700000.0","","","Boucha","TUNIS","north","Sale","Land","2026-03-26T16:28:00.087614","new","","","75"
"1702","tunisieannonce_3e209c670b48","tunisieannonce","40000.0","115.0","","Menzel Abderrahman","TUNIS","north","Sale","Land","2026-03-26T15:42:16.625209","new","","","90"
"1703","tunisieannonce_41061e733d81","tunisieannonce","3500.0","80.0","1","Gammart","TUNIS","north","Rent","Apartment","2026-03-26T16:24:02.043447","new","","","90"
"1704","tunisieannonce_3e314a411cc5","tunisieannonce","2300.0","90.0","2","Gammart","TUNIS","north","Rent","Villa","2026-03-26T16:00:44.260300","new","","","90"
"1705","tunisieannonce_43b4e2f32df4","tunisieannonce","280000.0","","","Zaghouan","TUNIS","north","Sale","Land","2026-03-26T16:30:04.363074","new","","","75"
"1706","tunisieannonce_4498a9608f1c","tunisieannonce","360000.0","","","Bir Mcherga","TUNIS","north","Sale","Land","2026-03-26T16:24:57.805194","new","","","75"
"1707","tunisieannonce_429b6294f997","tunisieannonce","595000.0","148.0","3","Berge Du Lac","TUNIS","north","Sale","Commercial","2026-03-26T16:25:27.442310","new","","","80"
"1708","tunisieannonce_449e4fff3127","tunisieannonce","1050.0","120.0","3","Ariana","TUNIS","north","Rent","Commercial","2026-03-26T16:13:47.084323","new","","","90"
"1709","tunisieannonce_446935f3cf13","tunisieannonce","410000.0","125.0","2","La Soukra","TUNIS","north","Sale","Apartment","2026-03-26T16:25:07.855719","new","","","100"
"1710","tunisieannonce_45d96702556c","tunisieannonce","6000.0","300.0","","Berge Du Lac","TUNIS","north","Sale","Commercial","2026-03-26T15:55:21.383100","new","","","70"
"1711","tunisieannonce_460dbad7b5a9","tunisieannonce","9000.0","155.0","","El Manar 1","TUNIS","north","Sale","Commercial","2026-03-26T16:37:55.415308","new","","","80"
"1712","tunisieannonce_451517acfa75","tunisieannonce","26000.0","186.0","","Dar Allouche","TUNIS","north","Sale","Land","2026-03-26T15:49:19.934110","new","","","90"
"1713","tunisieannonce_496ce2192c3a","tunisieannonce","1300.0","55.0","1","Zone Urbaine Nord","TUNIS","north","Sale","Commercial","2026-03-26T16:14:15.803082","new","","","80"
"1714","tunisieannonce_48a858817e94","tunisieannonce","850.0","32.0","1","Cite El Intissar 2","TUNIS","north","Rent","Apartment","2026-03-26T16:12:12.557617","new","","","85"
"1715","tunisieannonce_47b7c4ed7f79","tunisieannonce","2200.0","300.0","2","Cite De La Plage 1","TUNIS","north","Rent","Other","2026-03-26T16:39:03.989177","new","","","85"
"1716","tunisieannonce_4b0d137fe835","tunisieannonce","70000.0","350.0","","Hedi Chaker","TUNIS","north","Sale","Commercial","2026-03-26T16:14:33.279912","new","","","90"
"1717","tunisieannonce_4ca2cd696555","tunisieannonce","1300.0","70.0","1","Chotrana 1","TUNIS","north","Rent","Apartment","2026-03-26T15:45:23.936399","new","","","90"
"1718","tunisieannonce_4b410a4f2bd8","tunisieannonce","1300.0","60.0","1","El Mourouj","TUNIS","north","Rent","Apartment","2026-03-26T15:53:44.907651","new","","","90"
"1719","tunisieannonce_4e02ec455b18","tunisieannonce","750.0","80.0","2","Republique","TUNIS","north","Rent","Commercial","2026-03-26T16:15:04.796908","new","","","85"
"1720","tunisieannonce_4c35a8220b9f","tunisieannonce","6000.0","170.0","2","Gammart","TUNIS","north","Rent","Villa","2026-03-26T15:43:05.031834","new","","","90"
"1721","tunisieannonce_5158fc05d3ec","tunisieannonce","1100.0","150.0","3","Rades","TUNIS","north","Rent","Villa","2026-03-26T15:54:02.302310","new","","","90"
"1722","tunisieannonce_4e3ad9b9a55e","tunisieannonce","1500.0","","2","Jebel El Oust","TUNIS","north","Sale","Land","2026-03-26T16:06:42.144876","new","","","65"
"1723","tunisieannonce_4fc6022a38d1","tunisieannonce","4800.0","400.0","1","Ain Zaghouan","TUNIS","north","Rent","Villa","2026-03-26T15:50:17.875391","new","","","90"
"1724","tunisieannonce_507c64f0fb06","tunisieannonce","2400.0","71.0","","Jardins De Carthage","TUNIS","north","Sale","Commercial","2026-03-26T16:37:26.340884","new","","","65"
"1725","tunisieannonce_5090be80d8f4","tunisieannonce","228000.0","317.0","","Borj Cedria","TUNIS","north","Sale","Land","2026-03-26T15:48:54.863565","new","","","90"
"1726","tunisieannonce_52624283208d","tunisieannonce","900.0","60.0","2","El Manar 1","TUNIS","north","Rent","Other","2026-03-26T15:47:59.043584","new","","","90"
"1727","tunisieannonce_527c30d5da6c","tunisieannonce","650.0","38.0","1","Cite Ennasr 1","TUNIS","north","Rent","Other","2026-03-26T16:03:28.197601","new","","","90"
"1728","tunisieannonce_53b9c72eaf50","tunisieannonce","400.0","90.0","2","Borj Cedria","TUNIS","north","Rent","Apartment","2026-03-26T16:38:05.549090","new","","","90"
"1729","tunisieannonce_51ffe3ee4a22","tunisieannonce","268000.0","400.0","","Borj Cedria","TUNIS","north","Sale","Land","2026-03-26T16:19:23.734623","new","","","85"
"1730","tunisieannonce_51fec7e3a164","tunisieannonce","1650.0","65.0","1","Chotrana 3","TUNIS","north","Rent","Villa","2026-03-26T15:49:35.072739","new","","","90"
"1731","tunisieannonce_55558e23e3b3","tunisieannonce","530000.0","328.0","3","Hammam Sousse","TUNIS","north","Sale","Land","2026-03-26T16:08:38.060389","new","","","100"
"1732","tunisieannonce_55e17dc82f18","tunisieannonce","230000.0","60.0","3","Cite Ennasr 2","TUNIS","north","Sale","Apartment","2026-03-26T16:34:37.299095","new","","","100"
"1733","tunisieannonce_54895dc31081","tunisieannonce","1150.0","70.0","1","Ain Zaghouan","TUNIS","north","Rent","Apartment","2026-03-26T16:02:24.504020","new","","","90"
"1734","tunisieannonce_551b4408ae44","tunisieannonce","535000.0","115.0","2","Ain Zaghouan","TUNIS","north","Sale","Apartment","2026-03-26T15:32:12.277826","new","","","100"
"1735","tunisieannonce_57c480b17be8","tunisieannonce","355000.0","147.0","","Cite El Ghazala 1","TUNIS","north","Sale","Apartment","2026-03-26T16:12:21.099164","new","","","90"
"1736","tunisieannonce_564d0dbfa6ed","tunisieannonce","470000.0","126.0","2","El Kantaoui","TUNIS","north","Sale","Apartment","2026-03-26T15:43:17.107517","new","","","100"
"1737","tunisieannonce_5a4e43e40982","tunisieannonce","175900.0","359.0","","Soliman","TUNIS","north","Sale","Land","2026-03-26T15:41:42.061919","new","","","90"
"1738","tunisieannonce_567e0907bc20","tunisieannonce","700.0","100.0","2","Borj Cedria","TUNIS","north","Rent","Apartment","2026-03-26T15:51:04.276743","new","","","90"
"1739","tunisieannonce_59a1f9f344db","tunisieannonce","700000.0","","","Boucha","TUNIS","north","Sale","Land","2026-03-26T16:30:43.906616","new","","","75"
"1740","tunisieannonce_5bf834a40145","tunisieannonce","480000.0","480.0","3","Hammam Sousse","TUNIS","north","Sale","Villa","2026-03-26T15:30:38.633144","new","","","95"
"1741","tunisieannonce_5ceb2e601b87","tunisieannonce","11111.0","200.0","3","Bizerte","TUNIS","north","Sale","Land","2026-03-26T16:05:32.888064","new","","","80"
"1742","tunisieannonce_5c199cba4d0e","tunisieannonce","270000.0","170.0","4","Cite De La Plage 1","TUNIS","north","Sale","Apartment","2026-03-26T16:07:57.986004","new","","","100"
"1743","tunisieannonce_5ced761bfb5d","tunisieannonce","450.0","40.0","4","Chatt Meriem","TUNIS","north","Rent","Apartment","2026-03-26T16:27:31.262064","new","","","90"
"1744","tunisieannonce_60f3686d9a7a","tunisieannonce","3600.0","180.0","3","Sidi Daoud","TUNIS","north","Rent","Villa","2026-03-26T15:48:16.626220","new","","","90"
"1745","tunisieannonce_5f30655797c7","tunisieannonce","2500.0","90.0","1","Marsa Safsaf","TUNIS","north","Rent","Apartment","2026-03-26T16:20:57.860767","new","","","90"
"1746","tunisieannonce_5f3ce9f78a25","tunisieannonce","1750.0","80.0","1","Jardins De Carthage","TUNIS","north","Rent","Apartment","2026-03-26T16:22:13.577894","new","","","90"
"1747","tunisieannonce_5dc9962ca673","tunisieannonce","1100.0","60.0","2","Bab Bhar","TUNIS","north","Rent","Apartment","2026-03-26T16:15:53.475872","new","","","85"
"1748","tunisieannonce_61032c320014","tunisieannonce","700.0","50.0","1","Riadh Landlous","TUNIS","north","Rent","Apartment","2026-03-26T16:33:43.515208","new","","","85"
"1749","tunisieannonce_6233a4e093c7","tunisieannonce","220.0","2026.0","2","Bab Bhar","TUNIS","north","Rent","Apartment","2026-03-26T16:29:19.296449","new","","","75"
"1750","tunisieannonce_64e56244c30c","tunisieannonce","134000.0","244.0","","Soliman","TUNIS","north","Sale","Land","2026-03-26T16:16:53.472206","new","","","90"
"1751","tunisieannonce_6141794b26f7","tunisieannonce","330000.0","290.0","3","El Brarja","TUNIS","north","Sale","Villa","2026-03-26T15:46:52.775928","new","","","100"
"1752","tunisieannonce_616623a7aac3","tunisieannonce","1450.0","","","Boucha","TUNIS","north","Sale","Land","2026-03-26T16:33:12.117330","new","","","55"
"1753","tunisieannonce_618309e073a3","tunisieannonce","1800.0","90.0","2","Cite Ennasr 2","TUNIS","north","Rent","Apartment","2026-03-26T16:24:10.323495","new","","","90"
"1754","tunisieannonce_62dcd39d88bf","tunisieannonce","2200.0","110.0","1","Ain Zaghouan","TUNIS","north","Rent","Apartment","2026-03-26T16:02:14.116672","new","","","90"
"1755","tunisieannonce_6508073142bd","tunisieannonce","65000.0","15.0","3","El Manar 1","TUNIS","north","Sale","Commercial","2026-03-26T16:28:56.932737","new","","","80"
"1756","tunisieannonce_657ce3bd0021","tunisieannonce","10000.0","600.0","4","Mutuelle Ville","TUNIS","north","Rent","Villa","2026-03-26T15:54:21.481427","new","","","90"
"1757","tunisieannonce_64fb37638889","tunisieannonce","2600.0","110.0","2","Marsa Safsaf","TUNIS","north","Rent","Apartment","2026-03-26T15:58:05.697300","new","","","90"
"1758","tunisieannonce_6653a3479e9f","tunisieannonce","3500.0","175.0","3","Marsa Safsaf","TUNIS","north","Rent","Apartment","2026-03-26T15:42:24.154068","new","","","90"
"1759","tunisieannonce_6854fffb3956","tunisieannonce","860000.0","500.0","","Bent Saidane","TUNIS","north","Sale","Land","2026-03-26T16:17:06.407096","new","","","90"
"1760","tunisieannonce_69a3507e2f9e","tunisieannonce","400000.0","520.0","","Cite El Bokri","TUNIS","north","Sale","Land","2026-03-26T16:11:33.534576","new","","","85"
"1761","tunisieannonce_677236f55e96","tunisieannonce","6000.0","170.0","2","Gammart","TUNIS","north","Rent","Villa","2026-03-26T15:53:28.116439","new","","","90"
"1762","tunisieannonce_6935f9cc3ef1","tunisieannonce","150000.0","150.0","3","Borj Cedria","TUNIS","north","Sale","Land","2026-03-26T16:06:30.885832","new","","","100"
"1763","tunisieannonce_6a4f988da241","tunisieannonce","181000.0","377.0","","Borj Cedria","TUNIS","north","Sale","Land","2026-03-26T16:07:15.707076","new","","","90"
"1764","tunisieannonce_6c71b2e3caf6","tunisieannonce","650.0","120.0","2","La Soukra","TUNIS","north","Rent","Villa","2026-03-26T16:35:46.881978","new","","","90"
"1765","tunisieannonce_6db5b083253c","tunisieannonce","1700.0","","","Sidi Daoud","TUNIS","north","Sale","Land","2026-03-26T16:15:33.886459","new","","","55"
"1766","tunisieannonce_6a7a97b07d62","tunisieannonce","240.0","65.0","1","Ain Zaghouan","TUNIS","north","Rent","Apartment","2026-03-26T15:46:24.502783","new","","","90"
"1767","tunisieannonce_70265f0f9cb7","tunisieannonce","355000.0","265.0","3","Borj Cedria","TUNIS","north","Sale","Villa","2026-03-26T16:13:32.983249","new","","","100"
"1768","tunisieannonce_6e912f3a29b3","tunisieannonce","650.0","170.0","2","Hammam Chatt","TUNIS","north","Rent","Other","2026-03-26T16:36:50.493692","new","","","90"
"1769","tunisieannonce_70722bbef1ab","tunisieannonce","600000.0","120.0","","Mnihla","TUNIS","north","Sale","Land","2026-03-26T16:33:52.148220","new","","","65"
"1770","tunisieannonce_6e7d256193ee","tunisieannonce","1800.0","90.0","1","Jardins De Carthage","TUNIS","north","Rent","Apartment","2026-03-26T15:57:46.775748","new","","","90"
"1771","tunisieannonce_6f8c9ac88dc5","tunisieannonce","900.0","80.0","1","Bizerte","TUNIS","north","Rent","Apartment","2026-03-26T15:47:40.671332","new","","","90"
"1772","tunisieannonce_6ead0b19cddc","tunisieannonce","2100.0","110.0","1","Jardins De Carthage","TUNIS","north","Rent","Apartment","2026-03-26T16:19:53.351730","new","","","90"
"1773","tunisieannonce_6e74ef504b06","tunisieannonce","450.0","40.0","2","Chatt Meriem","TUNIS","north","Rent","Apartment","2026-03-26T16:27:49.926077","new","","","90"
"1774","tunisieannonce_721c5e93fdb8","tunisieannonce","1008.0","840.0","","Hammam Chatt","TUNIS","north","Sale","Land","2026-03-26T16:10:47.499218","new","","","70"
"1775","tunisieannonce_734d597c8381","tunisieannonce","470.0","15.0","4","El Manar 1","TUNIS","north","Rent","Villa","2026-03-26T16:02:34.635661","new","","","90"
"1776","tunisieannonce_7469e1fcaf0a","tunisieannonce","110000.0","339.0","3","Bizerte","TUNIS","north","Sale","Land","2026-03-26T16:03:19.810984","new","","","100"
"1777","tunisieannonce_746e8ed4cfd0","tunisieannonce","5000.0","300.0","","Charguia 1","TUNIS","north","Sale","Commercial","2026-03-26T15:43:38.031250","new","","","70"
"1778","tunisieannonce_7601bf5318e2","tunisieannonce","250000.0","269.0","3","Ezzouhour 4","TUNIS","north","Sale","Villa","2026-03-26T16:25:18.140052","new","","","100"
"1779","tunisieannonce_774439851962","tunisieannonce","900.0","70.0","1","Nouvelle Ariana","TUNIS","north","Rent","Villa","2026-03-26T16:36:25.273805","new","","","90"
"1780","tunisieannonce_75e4f1b73c61","tunisieannonce","1300.0","85.0","2","Sidi Daoud","TUNIS","north","Rent","Apartment","2026-03-26T16:20:03.556957","new","","","90"
"1781","tunisieannonce_7717eb2ec0c3","tunisieannonce","565000.0","680.0","5","Bou Mhel","TUNIS","north","Sale","Land","2026-03-26T16:28:30.225101","new","","","100"
"1782","tunisieannonce_7980e59739b9","tunisieannonce","1200.0","120.0","1","Sidi Daoud","TUNIS","north","Rent","Villa","2026-03-26T16:00:08.763400","new","","","90"
"1783","tunisieannonce_7b84bd1ab71f","tunisieannonce","1200.0","100.0","2","Borj El Baccouche","TUNIS","north","Rent","Other","2026-03-26T16:26:22.193105","new","","","85"
"1784","tunisieannonce_797fd6c9d053","tunisieannonce","1240.0","32.0","","Sidi Daoud","TUNIS","north","Sale","Land","2026-03-26T15:58:32.564883","new","","","70"
"1785","tunisieannonce_788f2fdc68c1","tunisieannonce","750000.0","935.0","","Kalaat Landlous","TUNIS","north","Sale","Land","2026-03-26T16:03:03.255751","new","","","90"
"1786","tunisieannonce_7b80f613901f","tunisieannonce","370000.0","154.0","5","Bou Mhel","TUNIS","north","Sale","Villa","2026-03-26T16:09:34.654075","new","","","95"
"1787","tunisieannonce_7cd4df13678a","tunisieannonce","240000.0","488.0","","Raoued","TUNIS","north","Sale","Land","2026-03-26T16:28:39.406097","new","","","90"
"1788","tunisieannonce_7cb17619ce84","tunisieannonce","3700.0","870.0","3","Cite Ennasr 2","TUNIS","north","Sale","Villa","2026-03-26T16:35:56.105616","new","","","80"
"1789","tunisieannonce_7e47adee27c8","tunisieannonce","1250.0","110.0","2","Sidi Daoud","TUNIS","north","Rent","Apartment","2026-03-26T15:58:41.257023","new","","","90"
"1790","tunisieannonce_7d79ddad196f","tunisieannonce","1192.0","400.0","","Borj Cedria","TUNIS","north","Sale","Land","2026-03-26T15:50:51.049421","new","","","70"
"1791","tunisieannonce_7d0c08c38ff6","tunisieannonce","175900.0","359.0","","Borj Cedria","TUNIS","north","Sale","Land","2026-03-26T15:50:38.965302","new","","","90"
"1792","tunisieannonce_7f34ad91b134","tunisieannonce","80000.0","54.0","","Riadh Landlous","TUNIS","north","Sale","Commercial","2026-03-26T16:12:57.162946","new","","","70"
"1793","tunisieannonce_7f4b9561e3f5","tunisieannonce","3500.0","120.0","","Berge Du Lac","TUNIS","north","Sale","Commercial","2026-03-26T15:57:57.289074","new","","","70"
"1794","tunisieannonce_7fe9ef5fde5a","tunisieannonce","1600.0","120.0","2","Cite Ennasr 2","TUNIS","north","Rent","Apartment","2026-03-26T16:15:14.416961","new","","","90"
"1795","tunisieannonce_7e694f8fbc52","tunisieannonce","268000.0","400.0","","Soliman","TUNIS","north","Sale","Land","2026-03-26T16:18:43.334630","new","","","85"
"1796","tunisieannonce_7f16b0f254bd","tunisieannonce","820000.0","629.0","3","Borj Cedria","TUNIS","north","Sale","Villa","2026-03-26T16:13:06.238591","new","","","100"
"1797","tunisieannonce_8093ec5f19ec","tunisieannonce","90000.0","300.0","","Cite Chebil","TUNIS","north","Sale","Land","2026-03-26T16:23:53.635154","new","","","90"
"1798","tunisieannonce_824afcef2e1e","tunisieannonce","800.0","114.0","2","Kelibia","TUNIS","north","Rent","Commercial","2026-03-26T16:30:32.637824","new","","","85"
"1799","tunisieannonce_827cbe0e65a8","tunisieannonce","448000.0","592.0","2","Hammamet","TUNIS","north","Sale","Land","2026-03-26T15:45:59.406804","new","","","100"
"1800","tunisieannonce_819b33037b31","tunisieannonce","370000.0","100.0","2","El Mourouj","TUNIS","north","Sale","Villa","2026-03-26T16:01:23.797959","new","","","100"
"1801","tunisieannonce_82feae374ea3","tunisieannonce","198365.0","409.0","","Borj Cedria","TUNIS","north","Sale","Land","2026-03-26T16:19:39.409971","new","","","90"
"1802","tunisieannonce_828618fc4ee0","tunisieannonce","1650.0","100.0","2","Jardins De Carthage","TUNIS","north","Rent","Land","2026-03-26T16:01:14.985758","new","","","90"
"1803","tunisieannonce_83db409cce41","tunisieannonce","11111.0","920.0","","Bir Bouregba","TUNIS","north","Sale","Land","2026-03-26T16:11:53.280337","new","","","70"
"1804","tunisieannonce_85d8baa246f9","tunisieannonce","980000.0","","","Bou Jerida","TUNIS","north","Sale","Land","2026-03-26T15:42:34.184312","new","","","75"
"1805","tunisieannonce_85495587462c","tunisieannonce","750000.0","","","El Fahs","TUNIS","north","Sale","Land","2026-03-26T16:17:19.589880","new","","","75"
"1806","tunisieannonce_842040c9ad68","tunisieannonce","4000.0","160.0","2","Berge Du Lac","TUNIS","north","Rent","Commercial","2026-03-26T15:45:14.863918","new","","","90"
"1807","tunisieannonce_871e0dbe9345","tunisieannonce","11111.0","630.0","3","Ben Arous","TUNIS","north","Sale","Land","2026-03-26T16:01:43.124595","new","","","80"
"1808","tunisieannonce_8b47f89f4ad6","tunisieannonce","1700.0","150.0","","Borj El Baccouche","TUNIS","north","Sale","Commercial","2026-03-26T16:14:04.954068","new","","","70"
"1809","tunisieannonce_8a0db430c52f","tunisieannonce","200.0","75.0","4","Chatt Meriem","TUNIS","north","Rent","Villa","2026-03-26T16:23:20.920908","new","","","90"
"1810","tunisieannonce_8c132be7aa2e","tunisieannonce","24000.0","200.0","","Kelibia","TUNIS","north","Sale","Land","2026-03-26T15:53:21.036498","new","","","90"
"1811","tunisieannonce_8ce9d73294cb","tunisieannonce","500.0","","1","Bir Bouregba","TUNIS","north","Rent","Land","2026-03-26T16:11:23.296297","new","","","85"
"1812","tunisieannonce_9010e9829052","tunisieannonce","7000.0","324.0","","Berge Du Lac","TUNIS","north","Sale","Commercial","2026-03-26T15:58:59.811834","new","","","70"
"1813","tunisieannonce_8d7c8d60f747","tunisieannonce","1400.0","60.0","1","Jardins De Carthage","TUNIS","north","Rent","Apartment","2026-03-26T16:22:23.001049","new","","","90"
"1814","tunisieannonce_8d31f9bfd885","tunisieannonce","3800.0","500.0","3","El Manar 1","TUNIS","north","Rent","Villa","2026-03-26T15:47:27.388069","new","","","90"
"1815","tunisieannonce_908554ae27b5","tunisieannonce","7700.0","650.0","","Charguia 1","TUNIS","north","Sale","Commercial","2026-03-26T15:43:46.251807","new","","","70"
"1816","tunisieannonce_8e3939fa0296","tunisieannonce","231500.0","421.0","","Borj Cedria","TUNIS","north","Sale","Land","2026-03-26T15:41:29.190000","new","","","90"
"1817","tunisieannonce_8dd8c17c5a98","tunisieannonce","11000.0","450.0","2","Berge Du Lac","TUNIS","north","Rent","Villa","2026-03-26T15:54:42.678890","new","","","80"
"1818","tunisieannonce_90bb7826d89b","tunisieannonce","225000.0","65.0","1","Cite Ennasr 2","TUNIS","north","Sale","Apartment","2026-03-26T16:01:56.137676","new","","","100"
"1819","tunisieannonce_95525d2f452e","tunisieannonce","100000.0","500.0","","Dhahri","TUNIS","north","Sale","Land","2026-03-26T16:06:12.134719","new","","","90"
"1820","tunisieannonce_96fbb5eb5ee4","tunisieannonce","1600.0","125.0","1","Cite Ennasr 2","TUNIS","north","Rent","Apartment","2026-03-26T16:31:56.754388","new","","","90"
"1821","tunisieannonce_95d97f5d7d8f","tunisieannonce","400000.0","","","Bir Mcherga","TUNIS","north","Sale","Land","2026-03-26T16:32:40.548660","new","","","75"
"1822","tunisieannonce_998cd1ae88cb","tunisieannonce","337000.0","160.0","2","Bir Bouregba","TUNIS","north","Sale","Land","2026-03-26T15:46:33.654061","new","","","100"
"1823","tunisieannonce_9d674a9d3691","tunisieannonce","167000.0","257.0","","Soliman","TUNIS","north","Sale","Land","2026-03-26T16:19:10.830902","new","","","90"
"1824","tunisieannonce_9c52cb0186b0","tunisieannonce","900.0","60.0","2","Cite De La Plage 2","TUNIS","north","Rent","Apartment","2026-03-26T15:43:28.290394","new","","","90"
"1825","tunisieannonce_9e516aa30a30","tunisieannonce","245000.0","400.0","2","Hammamet","TUNIS","north","Sale","Villa","2026-03-26T15:43:53.885739","new","","","100"
"1826","tunisieannonce_9d79bf024488","tunisieannonce","3100.0","120.0","2","Marsa Safsaf","TUNIS","north","Rent","Land","2026-03-26T15:47:10.046982","new","","","90"
"1827","tunisieannonce_9fe74a37dea3","tunisieannonce","2200.0","500.0","1","Cite Ennasr 2","TUNIS","north","Rent","Villa","2026-03-26T15:54:10.116714","new","","","90"
"1828","tunisieannonce_9f395802e784","tunisieannonce","620.0","70.0","1","Ariana","TUNIS","north","Rent","Other","2026-03-26T15:46:07.596724","new","","","90"
"1829","tunisieannonce_a0c5706e3e71","tunisieannonce","900000.0","827.0","","Cite Ennouzha","TUNIS","north","Sale","Land","2026-03-26T16:27:41.696611","new","","","85"
"1830","tunisieannonce_9f56bc6336b5","tunisieannonce","1350.0","125.0","3","Sidi Daoud","TUNIS","north","Rent","Apartment","2026-03-26T16:20:12.945587","new","","","90"
"1831","tunisieannonce_a14e71dbfb12","tunisieannonce","155000.0","500.0","","Bir Mcherga","TUNIS","north","Sale","Land","2026-03-26T16:26:12.659787","new","","","90"
"1832","tunisieannonce_a0b13beed0cd","tunisieannonce","500000.0","385.0","2","Borj Louzir","TUNIS","north","Sale","Land","2026-03-26T16:33:35.700536","new","","","95"
"1833","tunisieannonce_a74a875bc533","tunisieannonce","2000.0","208.0","4","El Aouina","TUNIS","north","Rent","Apartment","2026-03-26T16:32:08.726010","new","","","90"
"1834","tunisieannonce_a2d9a97c93e7","tunisieannonce","450.0","40.0","2","Chatt Meriem","TUNIS","north","Rent","Apartment","2026-03-26T16:26:31.639000","new","","","90"
"1835","tunisieannonce_a45e8d5bad6d","tunisieannonce","1230.0","948.0","","Sidi Daoud","TUNIS","north","Sale","Land","2026-03-26T15:48:35.888336","new","","","70"
"1836","tunisieannonce_a28e9dd150f0","tunisieannonce","540000.0","170.0","4","Cite Ennasr 2","TUNIS","north","Sale","Apartment","2026-03-26T16:38:12.711238","new","","","95"
"1837","tunisieannonce_a77853c45490","tunisieannonce","400.0","50.0","1","Hammam Lif","TUNIS","north","Rent","Villa","2026-03-26T16:38:55.103902","new","","","90"
"1838","tunisieannonce_a7c027deeac9","tunisieannonce","470000.0","400.0","3","Cite Ennkhilet","TUNIS","north","Sale","Land","2026-03-26T16:09:43.823604","new","","","100"
"1839","tunisieannonce_aa0cb2735f60","tunisieannonce","693494.0","162.0","3","Chotrana 3","TUNIS","north","Sale","Apartment","2026-03-26T15:45:33.326745","new","","","100"
"1840","tunisieannonce_a90ca4cd3525","tunisieannonce","650.0","90.0","2","Bou Mhel","TUNIS","north","Rent","Villa","2026-03-26T16:08:47.784163","new","","","85"
"1841","tunisieannonce_ac22ebd138cb","tunisieannonce","1700.0","2026.0","3","El Manar 2","TUNIS","north","Rent","Commercial","2026-03-26T16:07:25.045120","new","","","80"
"1842","tunisieannonce_aa73f1175e48","tunisieannonce","1200.0","","2","Menzel Bouzelfa","TUNIS","north","Sale","Land","2026-03-26T16:16:15.535194","new","","","65"
"1843","tunisieannonce_aae66fc88da9","tunisieannonce","1500.0","500.0","4","El Menzah 5","TUNIS","north","Sale","Land","2026-03-26T16:37:45.166784","new","","","75"
"1844","tunisieannonce_ac3d9dc6c510","tunisieannonce","20000.0","","","Testour","TUNIS","north","Sale","Land","2026-03-26T16:36:59.122022","new","","","70"
"1845","tunisieannonce_adae9d2ca665","tunisieannonce","480000.0","300.0","","Dar Allouche","TUNIS","north","Sale","Land","2026-03-26T16:12:40.065709","new","","","85"
"1846","tunisieannonce_ae161fd127d2","tunisieannonce","280000.0","444.0","","Soliman","TUNIS","north","Sale","Land","2026-03-26T15:50:04.069560","new","","","90"
"1847","tunisieannonce_ad16ea448b7b","tunisieannonce","550000.0","494.0","","Chatt Meriem","TUNIS","north","Sale","Land","2026-03-26T15:33:27.610971","new","","","85"
"1848","tunisieannonce_ad2a86adc9e2","tunisieannonce","2800.0","700.0","","Le Kram","TUNIS","north","Sale","Land","2026-03-26T15:59:35.333537","new","","","70"
"1849","tunisieannonce_b028112fdbd7","tunisieannonce","500000.0","","","Hammamet","TUNIS","north","Sale","Land","2026-03-26T16:11:04.190954","new","","","70"
"1850","tunisieannonce_afb67cff80c0","tunisieannonce","260000.0","144.0","3","Soliman","TUNIS","north","Sale","Land","2026-03-26T16:07:03.813019","new","","","100"
"1851","tunisieannonce_ae604b5e2997","tunisieannonce","13000.0","460.0","","Berge Du Lac","TUNIS","north","Sale","Commercial","2026-03-26T16:00:26.085990","new","","","70"
"1852","tunisieannonce_b0279b58752d","tunisieannonce","2100.0","160.0","1","Ain Zaghouan","TUNIS","north","Rent","Apartment","2026-03-26T15:49:55.412686","new","","","90"
"1853","tunisieannonce_af79ee3148f0","tunisieannonce","1250.0","80.0","2","Bab Bhar","TUNIS","north","Rent","Commercial","2026-03-26T16:14:54.918532","new","","","85"
"1854","tunisieannonce_b0fad9915891","tunisieannonce","320000.0","409.0","","Sidi Thabet","TUNIS","north","Sale","Land","2026-03-26T16:21:56.070545","new","","","90"
"1855","tunisieannonce_b153bc8dd957","tunisieannonce","217000.0","362.0","","Oued Ellil","TUNIS","north","Sale","Land","2026-03-26T16:34:08.370075","new","","","85"
"1856","tunisieannonce_b0ebe56a4687","tunisieannonce","1300.0","100.0","2","Le Bardo","TUNIS","north","Sale","Commercial","2026-03-26T15:46:14.744412","new","","","80"
"1857","tunisieannonce_b174f9c1b6ec","tunisieannonce","280000.0","680.0","","El Araydhia","TUNIS","north","Sale","Land","2026-03-26T15:32:38.461174","new","","","85"
"1858","tunisieannonce_b33291abb6fd","tunisieannonce","510000.0","149.0","3","La Soukra","TUNIS","north","Sale","Apartment","2026-03-26T16:36:05.557524","new","","","100"
"1859","tunisieannonce_b3edb2e04319","tunisieannonce","388000.0","388.0","","Bellevue","TUNIS","north","Sale","Land","2026-03-26T16:38:22.638797","new","","","85"
"1860","tunisieannonce_b40d365cb299","tunisieannonce","280000.0","100.0","3","Ezzahra","TUNIS","north","Sale","Commercial","2026-03-26T15:40:46.754061","new","","","80"
"1861","tunisieannonce_b2611112ecb7","tunisieannonce","300.0","150.0","4","Chatt Meriem","TUNIS","north","Rent","Villa","2026-03-26T16:22:32.846188","new","","","90"
"1862","tunisieannonce_b3d62b5e0c8e","tunisieannonce","100000.0","170.0","","Rades Plage","TUNIS","north","Sale","Land","2026-03-26T16:10:54.987370","new","","","90"
"1863","tunisieannonce_b949cbb58cb0","tunisieannonce","866000.0","827.0","","Cite Ennouzha","TUNIS","north","Sale","Land","2026-03-26T16:26:40.635695","new","","","85"
"1864","tunisieannonce_b8145b1758a4","tunisieannonce","820000.0","140.0","2","Gammart","TUNIS","north","Sale","Villa","2026-03-26T15:53:36.798143","new","","","100"
"1865","tunisieannonce_b55877236cab","tunisieannonce","1250.0","550.0","5","Bou Mhel","TUNIS","north","Sale","Land","2026-03-26T16:09:27.013670","new","","","75"
"1866","tunisieannonce_b67c2d9dde59","tunisieannonce","3000.0","167.0","3","Jardins De Carthage","TUNIS","north","Rent","Apartment","2026-03-26T16:01:06.076114","new","","","90"
"1867","tunisieannonce_b7aeea25854e","tunisieannonce","430000.0","203.0","3","Bab Menara","TUNIS","north","Sale","Villa","2026-03-26T16:15:43.470844","new","","","95"
"1868","tunisieannonce_b7603e60767d","tunisieannonce","900.0","","3","Bizerte","TUNIS","north","Rent","Villa","2026-03-26T15:44:28.775457","new","","","85"
"1869","tunisieannonce_b69206f8f799","tunisieannonce","860000.0","","3","Le Bardo","TUNIS","north","Sale","Commercial","2026-03-26T16:34:55.462080","new","","","65"
"1870","tunisieannonce_b96792813927","tunisieannonce","2200.0","120.0","2","El Menzah 1","TUNIS","north","Rent","Commercial","2026-03-26T15:44:41.040028","new","","","90"
"1871","tunisieannonce_bab963606a82","tunisieannonce","5000.0","200.0","2","Berge Du Lac","TUNIS","north","Rent","Commercial","2026-03-26T16:03:45.014901","new","","","90"
"1872","tunisieannonce_bb7774a57fb9","tunisieannonce","1750.0","180.0","2","Hedi Chaker","TUNIS","north","Rent","Apartment","2026-03-26T16:00:35.969767","new","","","90"
"1873","tunisieannonce_bbd3f3d62188","tunisieannonce","1500.0","60.0","1","Zone Hoteliere","TUNIS","north","Rent","Apartment","2026-03-26T15:47:01.530411","new","","","90"
"1874","tunisieannonce_be666b43701b","tunisieannonce","1460.0","120.0","2","El Menzah 9","TUNIS","north","Rent","Apartment","2026-03-26T16:05:22.962048","new","","","90"
"1875","tunisieannonce_bd7082879374","tunisieannonce","520000.0","374.0","","Ben Arous","TUNIS","north","Sale","Villa","2026-03-26T16:23:44.759491","new","","","90"
"1876","tunisieannonce_bccf783b8b4f","tunisieannonce","630.0","100.0","3","El Mourouj","TUNIS","north","Rent","Villa","2026-03-26T15:41:54.706036","new","","","90"
"1877","tunisieannonce_be26e4cf7851","tunisieannonce","650000.0","5000.0","","Bir Mcherga","TUNIS","north","Sale","Land","2026-03-26T16:24:48.072492","new","","","90"
"1878","tunisieannonce_bdabf3d1438b","tunisieannonce","700000.0","","4","El Hamayem","TUNIS","north","Sale","Land","2026-03-26T16:21:07.117462","new","","","85"
"1879","tunisieannonce_be6bde8cb453","tunisieannonce","1300.0","110.0","2","Ain Zaghouan","TUNIS","north","Rent","Apartment","2026-03-26T15:59:25.997008","new","","","90"
"1880","tunisieannonce_c48836fad02e","tunisieannonce","9500.0","300.0","2","Berge Du Lac","TUNIS","north","Rent","Villa","2026-03-26T16:05:14.608838","new","","","90"
"1881","tunisieannonce_c25f2d2052cd","tunisieannonce","250000.0","560.0","","Kairouan Sud","TUNIS","north","Sale","Land","2026-03-26T16:09:53.637156","new","","","90"
"1882","tunisieannonce_c3ff2df16712","tunisieannonce","750.0","140.0","2","Midoun","TUNIS","north","Rent","Apartment","2026-03-26T16:34:17.581311","new","","","90"
"1883","tunisieannonce_c3ca9a82d430","tunisieannonce","3300.0","160.0","","Berge Du Lac","TUNIS","north","Sale","Commercial","2026-03-26T15:57:36.984271","new","","","70"
"1884","tunisieannonce_c5baf517a92b","tunisieannonce","1300.0","80.0","2","El Aouina","TUNIS","north","Rent","Apartment","2026-03-26T16:02:43.492325","new","","","90"
"1885","tunisieannonce_c948ca368b03","tunisieannonce","3500.0","125.0","1","Ain Zaghouan","TUNIS","north","Rent","Apartment","2026-03-26T15:58:14.204022","new","","","90"
"1886","tunisieannonce_c5654b64ed75","tunisieannonce","1200.0","425.0","","Hedi Chaker","TUNIS","north","Sale","Land","2026-03-26T15:53:53.985821","new","","","65"
"1887","tunisieannonce_c7c2e37cc652","tunisieannonce","3800.0","150.0","3","Berge Du Lac","TUNIS","north","Rent","Villa","2026-03-26T15:31:25.364118","new","","","90"
"1888","tunisieannonce_cbf4319fcfbd","tunisieannonce","1220.0","100.0","2","Le Bardo","TUNIS","north","Rent","Commercial","2026-03-26T16:24:34.017697","new","","","85"
"1889","tunisieannonce_ca68e5119aab","tunisieannonce","3800.0","400.0","3","Chotrana 2","TUNIS","north","Rent","Villa","2026-03-26T16:29:36.904573","new","","","90"
"1890","tunisieannonce_c9a47cb156ad","tunisieannonce","182500.0","146.0","1","La Mannouba","TUNIS","north","Sale","Land","2026-03-26T16:08:07.288026","new","","","100"
"1891","tunisieannonce_cc4579f3bd79","tunisieannonce","1150.0","150.0","1","Ariana","TUNIS","north","Rent","Villa","2026-03-26T15:45:51.515304","new","","","90"
"1892","tunisieannonce_cbb3a3a15424","tunisieannonce","13500.0","640.0","","Berge Du Lac","TUNIS","north","Sale","Commercial","2026-03-26T15:57:17.006521","new","","","70"
"1893","tunisieannonce_cc294ef4374e","tunisieannonce","2100.0","100.0","2","Jardins De Carthage","TUNIS","north","Rent","Apartment","2026-03-26T16:37:08.076211","new","","","85"
"1894","tunisieannonce_ca56f17f4b55","tunisieannonce","850.0","50.0","","Ariana","TUNIS","north","Sale","Commercial","2026-03-26T16:37:18.036224","new","","","65"
"1895","tunisieannonce_cf3b344010cf","tunisieannonce","220000.0","88.0","2","El Mourouj","TUNIS","north","Sale","Apartment","2026-03-26T15:33:01.474897","new","","","100"
"1896","tunisieannonce_cf55eededf0c","tunisieannonce","7000.0","2026.0","3","Marsa Safsaf","TUNIS","north","Rent","Apartment","2026-03-26T15:46:43.956716","new","","","80"
"1897","tunisieannonce_d00b0538fade","tunisieannonce","1800.0","90.0","2","Cite Ennasr 1","TUNIS","north","Rent","Apartment","2026-03-26T16:23:13.546051","new","","","90"
"1898","tunisieannonce_cee19a119575","tunisieannonce","231000.0","420.0","","Borj Cedria","TUNIS","north","Sale","Land","2026-03-26T16:08:17.333443","new","","","90"
"1899","tunisieannonce_d5062918e147","tunisieannonce","900000.0","410.0","3","Ezzahra","TUNIS","north","Sale","Land","2026-03-26T15:59:08.227673","new","","","100"
"1900","tunisieannonce_d7dcf13a2f6a","tunisieannonce","1000.0","100.0","2","Mimosas Villas Et Bungalows","TUNIS","north","Rent","Apartment","2026-03-26T16:36:14.532900","new","","","90"
"1901","tunisieannonce_d5f5f14b3389","tunisieannonce","1000.0","133.0","2","Bab Bhar","TUNIS","north","Rent","Apartment","2026-03-26T16:15:24.368055","new","","","85"
"1902","tunisieannonce_d773249bfd01","tunisieannonce","2300.0","","","Bir Mcherga Gare","TUNIS","north","Sale","Land","2026-03-26T16:32:30.543629","new","","","55"
"1903","tunisieannonce_d5cf927c3a14","tunisieannonce","120000.0","80.0","2","El Mourouj","TUNIS","north","Sale","Apartment","2026-03-26T15:28:49.450730","new","","","100"
"1904","tunisieannonce_dc4d1b378189","tunisieannonce","120000.0","600.0","","Hammamet","TUNIS","north","Sale","Land","2026-03-26T15:34:42.587649","new","","","90"
"1905","tunisieannonce_dc0f123ebfed","tunisieannonce","3500.0","300.0","2","Gammart","TUNIS","north","Rent","Apartment","2026-03-26T15:42:44.334520","new","","","90"
"1906","tunisieannonce_d9e5f908e148","tunisieannonce","170000.0","100.0","2","El Mourouj","TUNIS","north","Sale","Apartment","2026-03-26T16:05:53.499304","new","","","95"
"1907","tunisieannonce_da3a9a7b80b9","tunisieannonce","4500.0","300.0","","El Menzah 6","TUNIS","north","Sale","Land","2026-03-26T15:44:01.529537","new","","","70"
"1908","tunisieannonce_de201c7178b0","tunisieannonce","2500.0","123.0","2","Jardins De Carthage","TUNIS","north","Rent","Apartment","2026-03-26T16:12:48.016990","new","","","90"
"1909","tunisieannonce_df29b5c0b146","tunisieannonce","170000.0","225.0","","Sidi Salah","TUNIS","north","Sale","Land","2026-03-26T16:12:30.736644","new","","","90"
"1910","tunisieannonce_de928394dda1","tunisieannonce","170000.0","55.0","1","Republique","TUNIS","north","Sale","Apartment","2026-03-26T16:14:45.186645","new","","","95"
"1911","tunisieannonce_de25cf25f347","tunisieannonce","1150.0","69.0","1","Ain Zaghouan","TUNIS","north","Rent","Apartment","2026-03-26T16:22:04.559121","new","","","90"
"1912","tunisieannonce_e1a2c34f4968","tunisieannonce","1350.0","140.0","2","Cite Ennasr 2","TUNIS","north","Rent","Villa","2026-03-26T16:25:50.634679","new","","","90"
"1913","tunisieannonce_e30603668937","tunisieannonce","60000.0","170.0","","Berge Du Lac","TUNIS","north","Sale","Commercial","2026-03-26T16:38:30.443025","new","","","90"
"1914","tunisieannonce_e32d2b29a308","tunisieannonce","4000.0","120.0","1","Jardins De Carthage","TUNIS","north","Rent","Apartment","2026-03-26T16:20:37.306075","new","","","90"
"1915","tunisieannonce_e162b8600fa8","tunisieannonce","181000.0","377.0","","Soliman","TUNIS","north","Sale","Land","2026-03-26T15:49:45.192504","new","","","90"
"1916","tunisieannonce_e0eeeb56bbfd","tunisieannonce","75000.0","230.0","2","Dar Allouche","TUNIS","north","Sale","Villa","2026-03-26T15:54:33.958511","new","","","100"
"1917","tunisieannonce_e29f963afe37","tunisieannonce","198365.0","409.0","","Soliman","TUNIS","north","Sale","Land","2026-03-26T16:18:58.239775","new","","","90"
"1918","tunisieannonce_e435486a26a2","tunisieannonce","215000.0","105.0","5","Le Bardo","TUNIS","north","Sale","Apartment","2026-03-26T16:12:02.477070","new","","","100"
"1919","tunisieannonce_e45ae7a2b7a3","tunisieannonce","2000.0","107.0","","Berge Du Lac","TUNIS","north","Sale","Commercial","2026-03-26T16:14:24.616324","new","","","70"
"1920","tunisieannonce_e52afc362e98","tunisieannonce","1150.0","110.0","2","Montplaisir","TUNIS","north","Rent","Commercial","2026-03-26T15:45:43.296725","new","","","85"
"1921","tunisieannonce_e6c5fe83727e","tunisieannonce","1300.0","180.0","4","Cite El Ghazala 1","TUNIS","north","Rent","Apartment","2026-03-26T16:10:37.461453","new","","","90"
"1922","tunisieannonce_e520f9dd8766","tunisieannonce","1800.0","180.0","1","Zone Urbaine Nord","TUNIS","north","Sale","Commercial","2026-03-26T15:58:24.074725","new","","","80"
"1923","tunisieannonce_e59391f11f17","tunisieannonce","2500.0","180.0","","La Soukra","TUNIS","north","Sale","Commercial","2026-03-26T15:31:48.921338","new","","","70"
"1924","tunisieannonce_e78196ee21b7","tunisieannonce","700.0","100.0","2","Bizerte","TUNIS","north","Rent","Apartment","2026-03-26T16:03:54.444596","new","","","90"
"1925","tunisieannonce_e4d8ddd03710","tunisieannonce","600000.0","","","Chorfech","TUNIS","north","Sale","Land","2026-03-26T16:34:28.357454","new","","","70"
"1926","tunisieannonce_ec09939ebcf0","tunisieannonce","280000.0","444.0","","Borj Cedria","TUNIS","north","Sale","Land","2026-03-26T16:07:43.838475","new","","","90"
"1927","tunisieannonce_eeb3637fe705","tunisieannonce","5000.0","180.0","3","Marsa Safsaf","TUNIS","north","Rent","Apartment","2026-03-26T15:31:03.531481","new","","","80"
"1928","tunisieannonce_ef01d0b781d3","tunisieannonce","350000.0","149.0","3","Cite Ennasr 2","TUNIS","north","Sale","Commercial","2026-03-26T16:35:04.622880","new","","","80"
"1929","tunisieannonce_ee2531eeb12c","tunisieannonce","1400.0","65.0","3","Sidi Daoud","TUNIS","north","Rent","Apartment","2026-03-26T16:20:47.723254","new","","","90"
"1930","tunisieannonce_eed126aba97f","tunisieannonce","270.0","25.0","","Hammam Chatt","TUNIS","north","Rent","Apartment","2026-03-26T16:36:41.561188","new","","","80"
"1931","tunisieannonce_f027154ab45a","tunisieannonce","6500.0","580.0","","El Menzah 8","TUNIS","north","Sale","Commercial","2026-03-26T16:06:02.914977","new","","","70"
"1932","tunisieannonce_f1b07c331fc1","tunisieannonce","520.0","32.0","1","Cite Ennasr 1","TUNIS","north","Rent","Other","2026-03-26T16:03:35.995570","new","","","90"
"1933","tunisieannonce_f559e089d0e4","tunisieannonce","420000.0","","","Ain El Asker","TUNIS","north","Sale","Land","2026-03-26T16:33:01.971197","new","","","75"
"1934","tunisieannonce_f588707c2758","tunisieannonce","559000.0","119.0","2","Chotrana 2","TUNIS","north","Sale","Villa","2026-03-26T15:59:16.513407","new","","","100"
"1935","tunisieannonce_f541e96b4c9b","tunisieannonce","1000.0","100.0","5","Montplaisir","TUNIS","north","Sale","Commercial","2026-03-26T15:54:54.150741","new","","","75"
"1936","tunisieannonce_f32e4d912c4c","tunisieannonce","2900.0","830.0","1","El Kantaoui","TUNIS","north","Sale","Land","2026-03-26T15:42:53.331386","new","","","80"
"1937","tunisieannonce_f2f4b7f76ff1","tunisieannonce","400.0","50.0","1","Bou Kornine","TUNIS","north","Rent","Villa","2026-03-26T16:36:33.031048","new","","","90"
"1938","tunisieannonce_f7b4beeaa00f","tunisieannonce","950000.0","600.0","","Cite Ennasr 2","TUNIS","north","Sale","Land","2026-03-26T16:37:36.951952","new","","","85"
"1939","tunisieannonce_fa5ebd3e1f9b","tunisieannonce","285000.0","","","Bent Saidane","TUNIS","north","Sale","Land","2026-03-26T16:32:21.117285","new","","","75"
"1940","tunisieannonce_f6510b18e137","tunisieannonce","900.0","2026.0","3","El Menzah 9","TUNIS","north","Rent","Apartment","2026-03-26T16:07:35.415789","new","","","80"
"1941","tunisieannonce_f6bea70ecb92","tunisieannonce","231000.0","420.0","","Borj Cedria","TUNIS","north","Sale","Land","2026-03-26T15:48:44.425157","new","","","90"
"1942","tunisieannonce_fb10781018c7","tunisieannonce","850.0","50.0","2","El Manar 1","TUNIS","north","Rent","Other","2026-03-26T15:30:17.426304","new","","","90"
"1943","tunisieannonce_fa2abe49f6b4","tunisieannonce","537000.0","600.0","","Utique","TUNIS","north","Sale","Land","2026-03-26T16:11:12.237358","new","","","90"
"1944","tunisieannonce_f7037af8ccbb","tunisieannonce","1000.0","100.0","3","El Manar 1","TUNIS","north","Rent","Apartment","2026-03-26T16:29:46.053360","new","","","90"
"1945","tunisieannonce_ffc2540309b2","tunisieannonce","167000.0","257.0","","Borj Cedria","TUNIS","north","Sale","Land","2026-03-26T16:20:22.714780","new","","","90"
"1946","tunisieannonce_fc16c9b5817c","tunisieannonce","360000.0","300.0","2","Hammam Lif","TUNIS","north","Sale","Land","2026-03-26T16:23:35.056452","new","","","100"
"1947","affare_254271","affare","1100.0","","1","Menzah","ARIANA","north","Rent","Apartment","2026-03-26T16:48:45.145946","new","","","85"
"1948","affare_241003","affare","165000.0","","","Bir Mchergua","ZAGHOUAN","north","Sale","Land","2026-03-26T16:50:09.354183","new","","","75"
"1949","affare_241022","affare","1500.0","","","Bir Mchergua","ZAGHOUAN","north","Sale","Land","2026-03-26T16:49:37.731465","new","","","55"
"1950","affare_257543","affare","315000.0","122.0","2","Ennasr","ARIANA","north","Sale","Apartment","2026-03-26T16:49:11.240974","new","","","100"
"1951","affare_241651","affare","960000.0","","","Bir Mchergua","ZAGHOUAN","north","Sale","Land","2026-03-26T16:50:20.808204","new","","","75"
"1952","affare_256894","affare","1600.0","","1","Menzah","ARIANA","north","Rent","Apartment","2026-03-26T16:48:30.750872","new","","","85"
"1953","affare_248366","affare","320000.0","","","Bir Mchergua","ZAGHOUAN","north","Sale","Land","2026-03-26T16:50:47.073392","new","","","75"
"1954","affare_164918","affare","1500.0","","","Bir Mchergua","ZAGHOUAN","north","Sale","Land","2026-03-26T16:49:54.509142","new","","","55"
"1955","affare_220450","affare","155000.0","","","Bir Mchergua","ZAGHOUAN","north","Sale","Land","2026-03-26T16:50:34.732546","new","","","75"
"1956","affare_258612","affare","","140.0","2","Ennasr","ARIANA","north","Sale","Apartment","2026-03-26T16:49:04.947858","new","","","80"
"1957","affare_259179","affare","269000.0","85.0","3","Sousse Jawhara","SOUSSE","east","Sale","Apartment","2026-03-26T16:48:16.220202","new","","","100"
"1958","affare_259178","affare","298000.0","67.0","2","Kantaoui","SOUSSE","east","Sale","Apartment","2026-03-26T16:47:37.546185","new","","","100"
"1959","affare_259175","affare","450000.0","150.0","4","Sahloul","SOUSSE","east","Sale","Apartment","2026-03-26T16:47:55.859746","new","","","100"
"1960","affare_259177","affare","174000.0","92.0","3","Sousse Riadh","SOUSSE","east","Sale","Apartment","2026-03-26T16:48:01.377858","new","","","100"
"1961","affare_259176","affare","69000.0","85.0","3","Sousse Riadh","SOUSSE","east","Sale","Apartment","2026-03-26T16:47:42.950491","new","","","100"
"1962","affare_258941","affare","1000.0","","1","Ennasr","ARIANA","north","Rent","Apartment","2026-03-26T16:49:18.721463","new","","","85"
"1963","affare_259174","affare","366000.0","140.0","4","Sousse Jawhara","SOUSSE","east","Sale","Apartment","2026-03-26T16:51:00.198133","new","","","100"
"1964","affare_258700","affare","550.0","","","Ennasr","ARIANA","north","Rent","Commercial","2026-03-26T16:48:52.885065","new","","","75"
"1965","affare_259181","affare","150000.0","5500.0","","Bou Argoub","NABEUL","north","Sale","Land","2026-03-26T16:46:57.577040","new","","","60"
"1966","affare_259180","affare","420000.0","106.0","3","Hammam Sousse","SOUSSE","east","Sale","Apartment","2026-03-26T16:47:30.716481","new","","","100"
"1967","affare_259187","affare","145000.0","35.0","1","Akouda","SOUSSE","east","Sale","Apartment","2026-03-26T16:46:03.096689","new","","","100"
"1968","affare_259193","affare","3600.0","","6","Aïn Zaghouan","TUNIS","north","Sale","Commercial","2026-03-26T16:51:10.115763","new","","","65"
"1969","affare_259184","affare","250000.0","240.0","3","Béni Khiar","NABEUL","north","Sale","Land","2026-03-26T16:46:42.507660","new","","","100"
"1970","affare_259189","affare","248000.0","90.0","2","Akouda","SOUSSE","east","Sale","Apartment","2026-03-26T16:44:41.865806","new","","","100"
"1971","affare_259185","affare","2500.0","1200.0","4","Hammamet","NABEUL","north","Sale","Land","2026-03-26T16:45:50.871266","new","","","80"
"1972","affare_259182","affare","5000.0","350.0","5","Nabeul","NABEUL","north","Rent","Villa","2026-03-26T16:47:16.304310","new","","","90"
"1973","affare_259192","affare","685000.0","200.0","4","Kélibia","NABEUL","north","Sale","Land","2026-03-26T16:45:11.005187","new","","","100"
"1974","affare_259183","affare","1500.0","482.0","","Akouda","SOUSSE","east","Sale","Land","2026-03-26T16:46:29.911803","new","","","70"
"1975","affare_259186","affare","6.0","","","Sousse Jawhara","SOUSSE","east","Sale","Villa","2026-03-26T16:46:16.966901","new","","","55"
"1976","affare_3770","affare","603200.0","3770.0","","Akouda","SOUSSE","east","Sale","Land","2026-03-26T16:45:25.884652","new","","","90"
"1977","century21_420cd5529767","century21","900000.0","238.0","3","Nabeul","NABEUL","north","Sale","Land","2026-03-26T16:45:53.867773","new","","","100"
"1978","affare_8200","affare","700000.0","8200.0","","Hammamet Sud","NABEUL","north","Sale","Land","2026-03-26T16:45:38.234091","new","","","60"
"1979","century21_0bdd5100d556","century21","430000.0","73.0","","Jardins De Carthage","TUNIS","north","Sale","Apartment","2026-03-26T16:45:42.707830","new","","","90"
"1980","century21_26f19bea40c4","century21","140000.0","32.0","","El Menzah","TUNIS","north","Sale","Commercial","2026-03-26T16:46:45.777961","new","","","70"
"1981","century21_60a7a39355a7","century21","355000.0","130.0","3","Aouina","TUNIS","north","Sale","Apartment","2026-03-26T16:48:03.659178","new","","","100"
"1982","century21_bbd80e1c67a8","century21","290000.0","63.0","","Nabeul","NABEUL","north","Sale","Apartment","2026-03-26T16:46:57.060798","new","","","90"
"1983","century21_cdeb60875dd1","century21","450000.0","168.0","3","Cité Mahrajène","TUNIS","north","Sale","Apartment","2026-03-26T16:47:07.737731","new","","","100"
"1984","century21_bfef1c49c331","century21","280000.0","128.0","3","Aouina","TUNIS","north","Sale","Apartment","2026-03-26T16:46:20.660223","new","","","100"
"1985","century21_ecd48149e43a","century21","85000.0","60.0","","El Menzah","ARIANA","north","Sale","Commercial","2026-03-26T16:46:34.158198","new","","","90"
"1986","45572","tecnocasa","320000.0","120.0","","Hammamet","Cap Bon","","Sale","Apartment","2026-03-26T16:49:04.342699","new","","","90"
"1987","44855","tecnocasa","2300000.0","2200.0","","Hammamet","Cap Bon","","Sale","Land","2026-03-26T16:52:21.932808","new","","","70"
"1988","41327","tecnocasa","295000.0","85.0","","Hammamet","Cap Bon","","Sale","Commercial","2026-03-26T16:48:15.117243","new","","","90"
"1989","39464","tecnocasa","390000.0","116.0","","Hammamet","Cap Bon","","Sale","Apartment","2026-03-26T16:48:05.598582","new","","","90"
"1990","45473","tecnocasa","320000.0","100.0","","Hammamet","Cap Bon","","Sale","Apartment","2026-03-26T16:48:26.254367","new","","","90"
"1991","44766","tecnocasa","475000.0","130.0","","Hammamet","Cap Bon","","Sale","Apartment","2026-03-26T16:49:15.859814","new","","","90"
"1992","44683","tecnocasa","210000.0","350.0","","Hammamet","Cap Bon","","Sale","Land","2026-03-26T16:45:52.578253","new","","","90"
"1993","48225","tecnocasa","640000.0","180.0","","Hammamet","Cap Bon","","Sale","Apartment","2026-03-26T16:49:23.101552","new","","","90"
"1994","48424","tecnocasa","450000.0","116.0","","Hammamet","Cap Bon","","Sale","Apartment","2026-03-26T16:48:55.164452","new","","","90"
"1995","50621","tecnocasa","805000.0","236.0","","Hammamet","Cap Bon","","Sale","Villa","2026-03-26T16:51:28.253841","new","","","90"
"1996","50956","tecnocasa","540000.0","137.0","","Hammamet","Cap Bon","","Sale","Commercial","2026-03-26T16:47:29.916356","new","","","90"
"1997","52712","tecnocasa","620000.0","215.0","","Hammamet","Cap Bon","","Sale","Land","2026-03-26T16:51:17.482137","new","","","90"
"1998","51182","tecnocasa","1200000.0","659.0","","Hammamet","Cap Bon","","Sale","Land","2026-03-26T16:52:14.879413","new","","","90"
"1999","49149","tecnocasa","151740.0","281.0","","Hammamet","Cap Bon","","Sale","Land","2026-03-26T16:46:10.312276","new","","","90"
"2000","51464","tecnocasa","320000.0","77.0","","Hammamet","Cap Bon","","Sale","Apartment","2026-03-26T16:48:36.538657","new","","","90"
"2001","47114","tecnocasa","820000.0","337.0","","Hammamet","Cap Bon","","Sale","Villa","2026-03-26T16:51:48.051145","new","","","90"
"2002","52899","tecnocasa","146000.0","248.0","","Hammamet","Cap Bon","","Sale","Land","2026-03-26T16:45:42.585726","new","","","90"
"2003","60194","tecnocasa","1050000.0","440.0","","Hammamet","Cap Bon","","Sale","Villa","2026-03-26T16:50:46.968396","new","","","90"
"2004","58265","tecnocasa","858000.0","858.0","","Hammamet","Cap Bon","","Sale","Land","2026-03-26T16:45:18.789433","new","","","90"
"2005","56075","tecnocasa","540000.0","270.0","","Hammamet","Cap Bon","","Sale","Land","2026-03-26T16:51:35.807224","new","","","90"
"2006","57915","tecnocasa","460000.0","120.0","","Hammamet","Cap Bon","","Sale","Apartment","2026-03-26T16:47:50.615152","new","","","90"
"2007","55494","tecnocasa","435000.0","131.0","","Hammamet","Cap Bon","","Sale","Apartment","2026-03-26T16:47:38.410716","new","","","90"
"2008","54655","tecnocasa","440000.0","367.0","","Hammamet","Cap Bon","","Sale","Villa","2026-03-26T16:52:03.519005","new","","","90"
"2009","53911","tecnocasa","730000.0","410.0","","Hammamet","Cap Bon","","Sale","Land","2026-03-26T16:45:31.991535","new","","","90"
"2010","56466","tecnocasa","1050000.0","280.0","","Hammamet","Cap Bon","","Sale","Land","2026-03-26T16:51:04.577037","new","","","70"
"2011","55512","tecnocasa","600000.0","165.0","","Hammamet","Cap Bon","","Sale","Apartment","2026-03-26T16:48:42.976009","new","","","90"
"2012","61496","tecnocasa","152000.0","152.0","","Hammamet","Cap Bon","","Sale","Land","2026-03-26T16:45:07.308532","new","","","90"
"2013","61034","tecnocasa","225000.0","340.0","","Hammamet","Cap Bon","","Sale","Land","2026-03-26T16:46:24.292335","new","","","90"
"2014","tunisieannonce_018a3fc4f286","tunisieannonce","1100.0","170.0","3","El Manar 2","TUNIS","north","Rent","Apartment","2026-03-26T16:53:16.306702","new","","","90"
"2015","tunisieannonce_0307b3044753","tunisieannonce","630000.0","383.0","","Hammam Sousse","TUNIS","north","Sale","Land","2026-03-26T16:48:24.566594","new","","","90"
"2016","tunisieannonce_0a57727d2877","tunisieannonce","2100.0","","3","Cite Du Stade","TUNIS","north","Rent","Apartment","2026-03-26T16:46:00.800133","new","","","85"
"2017","tunisieannonce_0cb5f0564ed4","tunisieannonce","1500.0","70.0","1","Ain Zaghouan","TUNIS","north","Rent","Apartment","2026-03-26T16:48:53.542993","new","","","90"
"2018","tunisieannonce_0de6d4dfd3fe","tunisieannonce","430000.0","280.0","3","Ksar Said","TUNIS","north","Sale","Villa","2026-03-26T16:52:08.940400","new","","","95"
"2019","tunisieannonce_0f4aea7aa51e","tunisieannonce","520000.0","420.0","1","La Mannouba","TUNIS","north","Sale","Villa","2026-03-26T16:45:36.784204","new","","","100"
"2020","tunisieannonce_15177a34f2e2","tunisieannonce","690000.0","210.0","2","Hammamet","TUNIS","north","Sale","Villa","2026-03-26T16:52:18.760813","new","","","100"
"2021","tunisieannonce_15166db1e935","tunisieannonce","2200.0","120.0","2","Sidi Daoud","TUNIS","north","Rent","Apartment","2026-03-26T16:49:15.465561","new","","","90"
"2022","tunisieannonce_15d2458ccf03","tunisieannonce","430000.0","137.0","3","Riadh Landlous","TUNIS","north","Sale","Apartment","2026-03-26T16:44:41.334576","new","","","100"
"2023","tunisieannonce_1c6ea13c1edc","tunisieannonce","400000.0","2025.0","3","Cite Ennasr 2","TUNIS","north","Sale","Apartment","2026-03-26T16:51:13.561360","new","","","100"
"2024","tunisieannonce_1c52da4a4f70","tunisieannonce","650000.0","468.0","","Sousse Riadh","TUNIS","north","Sale","Land","2026-03-26T16:48:02.483864","new","","","90"
"2025","tunisieannonce_27646b9bca13","tunisieannonce","2800.0","2026.0","3","Gammart","TUNIS","north","Rent","Villa","2026-03-26T16:47:43.749515","new","","","90"
"2026","tunisieannonce_2abffe744fb3","tunisieannonce","3000.0","150.0","3","Cite Du Stade","TUNIS","north","Rent","Apartment","2026-03-26T16:48:33.753891","new","","","90"
"2027","tunisieannonce_2cdcec61d586","tunisieannonce","9500.0","700.0","3","Berge Du Lac","TUNIS","north","Rent","Villa","2026-03-26T16:49:04.106698","new","","","90"
"2028","tunisieannonce_3c76d2e866ea","tunisieannonce","900.0","80.0","","Republique","TUNIS","north","Sale","Commercial","2026-03-26T16:44:02.656476","new","","","70"
"2029","tunisieannonce_435589163746","tunisieannonce","750.0","65.0","2","Ariana","TUNIS","north","Sale","Commercial","2026-03-26T16:51:59.954780","new","","","80"
"2030","tunisieannonce_47af029cd8cc","tunisieannonce","78000.0","295.0","2","El Brarja","TUNIS","north","Sale","Land","2026-03-26T16:45:45.605858","new","","","95"
"2031","tunisieannonce_475d44c6d8db","tunisieannonce","2700.0","300.0","3","Gammart","TUNIS","north","Rent","Villa","2026-03-26T16:50:11.044687","new","","","90"
"2032","tunisieannonce_524dc859bb7c","tunisieannonce","9000.0","","3","Marsa Ennassim","TUNIS","north","Rent","Villa","2026-03-26T16:44:53.893753","new","","","85"
"2033","tunisieannonce_5464eef70801","tunisieannonce","388800.0","432.0","2","Hammamet","TUNIS","north","Sale","Land","2026-03-26T16:53:36.956298","new","","","100"
"2034","tunisieannonce_5660467f774f","tunisieannonce","2800.0","190.0","4","Cite Ennasr 2","TUNIS","north","Rent","Apartment","2026-03-26T16:46:17.904351","new","","","90"
"2035","tunisieannonce_561641cca499","tunisieannonce","1050.0","70.0","1","Cite Ennasr 2","TUNIS","north","Rent","Apartment","2026-03-26T16:46:28.084517","new","","","90"
"2036","tunisieannonce_5af4e3e82f53","tunisieannonce","520000.0","400.0","","Chotrana 3","TUNIS","north","Sale","Land","2026-03-26T16:46:36.986381","new","","","90"
"2037","tunisieannonce_5d2cd6279e32","tunisieannonce","450000.0","180.0","2","Zone Hoteliere","TUNIS","north","Sale","Commercial","2026-03-26T16:53:00.457799","new","","","80"
"2038","tunisieannonce_601b5f58c701","tunisieannonce","1200.0","70.0","1","Borj El Baccouche","TUNIS","north","Rent","Apartment","2026-03-26T16:46:08.493796","new","","","90"
"2039","tunisieannonce_643bd90d2479","tunisieannonce","1400.0","120.0","","El Manar 1","TUNIS","north","Sale","Commercial","2026-03-26T16:43:27.510702","new","","","70"
"2040","tunisieannonce_649adb8b252a","tunisieannonce","1200.0","160.0","3","La Soukra","TUNIS","north","Rent","Apartment","2026-03-26T16:50:19.498280","new","","","90"
"2041","tunisieannonce_6578e39caf9e","tunisieannonce","105000.0","110.0","3","Oued Ellil","TUNIS","north","Sale","Villa","2026-03-26T16:48:16.143199","new","","","95"
"2042","tunisieannonce_6d9aae4d211a","tunisieannonce","435000.0","165.0","4","Riadh Landlous","TUNIS","north","Sale","Apartment","2026-03-26T16:51:31.251312","new","","","100"
"2043","tunisieannonce_6cd39d0393f1","tunisieannonce","40000.0","140.0","","El Mourouj","TUNIS","north","Sale","Land","2026-03-26T16:44:10.249693","new","","","85"
"2044","tunisieannonce_71af7678cfae","tunisieannonce","280000.0","200.0","","La Mannouba","TUNIS","north","Sale","Land","2026-03-26T16:44:16.117273","new","","","80"
"2045","tunisieannonce_724a23c7f09e","tunisieannonce","1600.0","40.0","4","Sidi Bousaid","TUNIS","north","Rent","Villa","2026-03-26T16:45:28.628721","new","","","80"
"2046","tunisieannonce_788d450d1375","tunisieannonce","3000.0","300.0","3","Cite Du Stade","TUNIS","north","Rent","Villa","2026-03-26T16:50:37.886424","new","","","90"
"2047","tunisieannonce_7c2711b16493","tunisieannonce","6900.0","450.0","3","Sidi Daoud","TUNIS","north","Rent","Villa","2026-03-26T16:51:03.861771","new","","","90"
"2048","tunisieannonce_809daed0e783","tunisieannonce","850.0","85.0","","El Manar 2","TUNIS","north","Sale","Commercial","2026-03-26T16:50:45.608487","new","","","70"
"2049","tunisieannonce_8609c17d67eb","tunisieannonce","4000.0","250.0","4","Berge Du Lac","TUNIS","north","Rent","Villa","2026-03-26T16:53:56.739319","new","","","85"
"2050","tunisieannonce_87ec946d8e04","tunisieannonce","390000.0","153.0","3","El Aouina","TUNIS","north","Sale","Villa","2026-03-26T16:45:19.290917","new","","","100"
"2051","tunisieannonce_88bf6579e464","tunisieannonce","8000.0","2026.0","4","Sidi Bousaid","TUNIS","north","Rent","Villa","2026-03-26T16:52:35.479889","new","","","90"
"2052","tunisieannonce_9511ef5bbe30","tunisieannonce","200000.0","115.0","2","Sousse Khezama","TUNIS","north","Sale","Villa","2026-03-26T16:47:53.922427","new","","","100"
"2053","tunisieannonce_9c6872bd438e","tunisieannonce","850.0","75.0","","Republique","TUNIS","north","Sale","Commercial","2026-03-26T16:43:56.022545","new","","","70"
"2054","tunisieannonce_9db87f6a4784","tunisieannonce","280000.0","210.0","2","Ezzahrouni","TUNIS","north","Sale","Villa","2026-03-26T16:53:46.300545","new","","","95"
"2055","tunisieannonce_a9663fbbebfa","tunisieannonce","220000.0","115.0","4","La Mannouba","TUNIS","north","Sale","Apartment","2026-03-26T16:44:27.387296","new","","","95"
"2056","tunisieannonce_abe6a9fafcd1","tunisieannonce","3000.0","200.0","3","Marsa Ennassim","TUNIS","north","Rent","Villa","2026-03-26T16:50:28.090907","new","","","90"
"2057","tunisieannonce_b1442df73b74","tunisieannonce","550.0","70.0","1","Le Kram","TUNIS","north","Rent","Apartment","2026-03-26T16:52:43.660561","new","","","85"
"2058","tunisieannonce_b0c6a43aa5b6","tunisieannonce","7000.0","2026.0","4","Gammart","TUNIS","north","Rent","Villa","2026-03-26T16:52:27.206190","new","","","90"
"2059","tunisieannonce_b2c3ff67f368","tunisieannonce","80000.0","70.0","1","Khelidia","TUNIS","north","Sale","Apartment","2026-03-26T16:47:28.652776","new","","","100"
"2060","tunisieannonce_b5315fe24c8b","tunisieannonce","1900.0","124.0","2","Ain Zaghouan","TUNIS","north","Rent","Apartment","2026-03-26T16:49:28.276818","new","","","90"
"2061","tunisieannonce_b9dbfc8ba171","tunisieannonce","1700.0","180.0","2","El Mourouj","TUNIS","north","Rent","Villa","2026-03-26T16:52:50.701206","new","","","90"
"2062","tunisieannonce_bda595972c5c","tunisieannonce","500000.0","800.0","","Riadh Landlous","TUNIS","north","Sale","Land","2026-03-26T16:51:43.766645","new","","","90"
"2063","tunisieannonce_bae8f9e80dc3","tunisieannonce","3500.0","200.0","3","Marsa Ennassim","TUNIS","north","Rent","Apartment","2026-03-26T16:50:52.526882","new","","","90"
"2064","tunisieannonce_c8bc3901a02b","tunisieannonce","430000.0","280.0","3","La Mannouba","TUNIS","north","Sale","Villa","2026-03-26T16:53:26.006343","new","","","95"
"2065","tunisieannonce_cd38b5a8dfe1","tunisieannonce","620000.0","250.0","3","El Menzah 5","TUNIS","north","Sale","Land","2026-03-26T16:44:47.772738","new","","","100"
"2066","tunisieannonce_cb61c13e97ec","tunisieannonce","200000.0","114.0","3","Monfleury","TUNIS","north","Sale","Villa","2026-03-26T16:47:17.299781","new","","","100"
"2067","tunisieannonce_d63e28d0f029","tunisieannonce","510000.0","176.0","3","Cite Ennasr 2","TUNIS","north","Sale","Apartment","2026-03-26T16:44:34.751573","new","","","100"
"2068","tunisieannonce_d641804f6def","tunisieannonce","2700.0","220.0","3","Sidi Daoud","TUNIS","north","Rent","Apartment","2026-03-26T16:48:45.423570","new","","","90"
"2069","tunisieannonce_dcc4a7a67cba","tunisieannonce","15000.0","1350.0","2","El Charguia","TUNIS","north","Rent","Other","2026-03-26T16:49:39.005259","new","","","80"
"2070","tunisieannonce_e1f187c9bab9","tunisieannonce","900.0","100.0","","El Manar 2","TUNIS","north","Sale","Commercial","2026-03-26T16:45:53.153782","new","","","70"
"2071","tunisieannonce_e5272ca1fbc2","tunisieannonce","1200.0","60.0","","El Menzah 6","TUNIS","north","Sale","Commercial","2026-03-26T16:43:48.446790","new","","","70"
"2072","tunisieannonce_f654f18dd65b","tunisieannonce","4000.0","2025.0","3","Mutuelle Ville","TUNIS","north","Rent","Villa","2026-03-26T16:49:51.937815","new","","","90"
"2073","tunisieannonce_f8dfae0723d6","tunisieannonce","950.0","65.0","","Tunis Belvedere","TUNIS","north","Sale","Commercial","2026-03-26T16:50:01.466002","new","","","70"
"2074","tunisieannonce_ff749665e943","tunisieannonce","110000.0","90.0","3","El Mourouj 2","TUNIS","north","Sale","Apartment","2026-03-26T16:47:36.310062","new","","","95"
"2075","tunisieannonce_fcc381bc8951","tunisieannonce","20000.0","200.0","3","Berge Du Lac","TUNIS","north","Rent","Land","2026-03-26T16:45:00.699456","new","","","80"
"2076","zitouna_immo_5442","zitouna_immo","1800.0","","","La Marsa","TUNIS","north","Rent","Apartment","2026-03-26T16:51:49.909229","new","","","70"
"2077","zitouna_immo_6548","zitouna_immo","1350.0","","","La Marsa","TUNIS","north","Rent","Apartment","2026-03-26T16:52:03.632004","new","","","70"
"2078","tunisieannonce_03fb719ffd85","tunisieannonce","1600.0","140.0","2","La Soukra","TUNIS","north","Rent","Apartment","2026-03-26T16:55:58.508401","new","","","90"
"2079","tunisieannonce_166ad0db3c18","tunisieannonce","600.0","200.0","3","Ariana","TUNIS","north","Rent","Apartment","2026-03-26T16:55:38.537517","new","","","90"
"2080","tunisieannonce_49cfeb388e4a","tunisieannonce","650.0","150.0","3","La Soukra","TUNIS","north","Rent","Other","2026-03-26T16:56:38.679505","new","","","90"
"2081","tunisieannonce_4e013835e8ff","tunisieannonce","950000.0","738.0","","Jardins D'El Menzah","TUNIS","north","Sale","Land","2026-03-26T16:55:49.924623","new","","","85"
"2082","tunisieannonce_4de473512b1b","tunisieannonce","500.0","70.0","1","La Soukra","TUNIS","north","Rent","Apartment","2026-03-26T16:56:46.773246","new","","","90"
"2083","tunisieannonce_4dd0db8567e5","tunisieannonce","3000.0","2026.0","3","Marsa Safsaf","TUNIS","north","Rent","Villa","2026-03-26T16:54:21.676809","new","","","90"
"2084","tunisieannonce_4fe500f36765","tunisieannonce","204000.0","300.0","","Jaafar 1","TUNIS","north","Sale","Land","2026-03-26T16:56:17.933996","new","","","90"
"2085","tunisieannonce_9da11b04aae2","tunisieannonce","115000.0","98.0","3","Denden","TUNIS","north","Sale","Apartment","2026-03-26T16:54:54.874620","new","","","95"
"2086","tunisieannonce_dd3ecd383596","tunisieannonce","2500.0","","2","Ain Zaghouan","TUNIS","north","Rent","Apartment","2026-03-26T16:55:29.455259","new","","","85"
"2087","tunisieannonce_f2af9a2da096","tunisieannonce","450.0","70.0","1","La Soukra","TUNIS","north","Rent","Apartment","2026-03-26T16:56:27.751621","new","","","90"
"2088","affare_226648","affare","","90.0","2","Monastir","MONASTIR","east","Rent","Apartment","2026-03-27T11:13:31.652495","new","","","80"
"2089","affare_235663","affare","950000.0","730.0","","Bizerte Nord","BIZERTE","north","Sale","Land","2026-03-27T11:15:29.676543","new","","","90"
"2090","affare_146110","affare","2500.0","660.0","","Sfax Ville","SFAX","east","Sale","Land","2026-03-27T11:14:40.395781","new","","","70"
"2091","affare_239822","affare","","","1","Monastir","MONASTIR","east","Rent","Apartment","2026-03-27T11:15:17.439528","new","","","40"
"2092","affare_1000","affare","550.0","1000.0","","Bizerte Nord","BIZERTE","north","Sale","Land","2026-03-27T11:16:21.832237","price_down","-699450.0","-99.92","75"
"2093","affare_136985","affare","2500.0","661.0","7","Sfax Ville","SFAX","east","Sale","Land","2026-03-27T11:14:57.776841","new","","","80"
"2094","affare_249844","affare","","254.0","","Bizerte Nord","BIZERTE","north","Sale","Land","2026-03-27T11:15:45.353837","new","","","45"
"2095","affare_243813","affare","","","3","Monastir","MONASTIR","east","Sale","Apartment","2026-03-27T11:13:07.858269","new","","","40"
"2096","affare_241047","affare","","","1","Monastir","MONASTIR","east","Sale","Apartment","2026-03-27T11:13:19.687510","new","","","40"
"2097","affare_253769","affare","","","2","Monastir","MONASTIR","east","Rent","Apartment","2026-03-27T11:12:56.633123","new","","","40"
"2098","affare_247794","affare","600000.0","212.0","3","Ennasr","ARIANA","north","Sale","Villa","2026-03-27T11:13:49.925649","new","","","100"
"2099","affare_256673","affare","395000.0","155.0","3","Ennasr","ARIANA","north","Sale","Apartment","2026-03-27T11:14:18.755457","new","","","100"
"2100","affare_255449","affare","","100.0","2","Zarzouna","BIZERTE","north","Sale","Land","2026-03-27T11:15:57.280981","new","","","80"
"2101","affare_256520","affare","80000.0","54.0","","Ghazela","ARIANA","north","Sale","Commercial","2026-03-27T11:11:39.821843","new","","","90"
"2102","affare_257444","affare","140000.0","96.0","","Ennasr","ARIANA","north","Sale","Commercial","2026-03-27T11:11:55.548159","new","","","90"
"2103","affare_258248","affare","","2359.0","","Centre Ville - Lafayette","TUNIS","north","Rent","Commercial","2026-03-27T11:12:08.667931","new","","","45"
"2104","affare_257791","affare","","","4","Ennasr","ARIANA","north","Rent","Commercial","2026-03-27T11:13:55.203794","new","","","40"
"2105","affare_257942","affare","1200.0","70.0","1","Ennasr","ARIANA","north","Rent","Apartment","2026-03-27T11:11:15.063661","new","","","90"
"2106","affare_258727","affare","1400.0","","2","Ennasr","ARIANA","north","Rent","Apartment","2026-03-27T11:14:08.249280","new","","","85"
"2107","affare_258751","affare","2000.0","160.0","3","Ennasr","ARIANA","north","Rent","Apartment","2026-03-27T11:12:21.357013","new","","","90"
"2108","affare_258672","affare","","","","Mutuelleville","TUNIS","north","Rent","Land","2026-03-27T11:14:23.044850","new","","","30"
"2109","affare_258966","affare","600.0","400.0","","Bizerte Nord","BIZERTE","north","Sale","Land","2026-03-27T11:16:09.196925","new","","","75"
"2110","affare_259199","affare","100.0","100.0","2","Centre Ville - Lafayette","TUNIS","north","Sale","Other","2026-03-27T11:12:39.163915","new","","","80"
"2111","affare_259196","affare","480000.0","","4","Sousse Jawhara","SOUSSE","east","Sale","Apartment","2026-03-27T11:14:34.308583","new","","","85"
"2112","affare_259198","affare","","","3","Monastir","MONASTIR","east","Rent","Villa","2026-03-27T11:12:49.755255","new","","","40"
"2113","affare_259200","affare","2500.0","","6","Mutuelleville","TUNIS","north","Sale","Commercial","2026-03-27T11:17:15.582830","new","","","65"
"2114","affare_259194","affare","2300.0","","3","La Marsa","TUNIS","north","Rent","Villa","2026-03-27T11:16:43.933655","new","","","55"
"2115","affare_4000","affare","450.0","4000.0","","Bizerte Nord","BIZERTE","north","Sale","Land","2026-03-27T11:16:32.858692","new","","","75"
"2116","century21_168b60e86574","century21","3000.0","80.0","","La Marsa","TUNIS","north","Rent","Commercial","2026-03-26T20:01:32.312926","new","","","80"
"2117","century21_2404060b7813","century21","1100.0","112.0","2","Ain Zaghouan","TUNIS","north","Rent","Villa","2026-03-26T20:01:08.553016","new","","","90"
"2118","century21_3f205d16f592","century21","490000.0","174.0","4","Ariana Ville","ARIANA","north","Sale","Villa","2026-03-27T11:20:03.086405","new","","","100"
"2119","century21_4a0465f26015","century21","11000.0","450.0","13","Les Berges Du Lac","TUNIS","north","Rent","Commercial","2026-03-26T20:00:39.303202","new","","","90"
"2120","century21_d938af6345b7","century21","1800.0","120.0","3","La Soukra","ARIANA","north","Rent","Apartment","2026-03-26T20:00:24.451984","new","","","90"
"2121","darcom_130676","darcom","1200.0","776.0","","Ariana","ARIANA","north","Sale","Land","2026-03-27T16:09:04.365025","new","","","70"
"2122","darcom_130681","darcom","1200.0","993.0","","Ariana","ARIANA","north","Sale","Land","2026-03-27T16:08:51.781436","new","","","70"
"2123","mubawab_7830273","mubawab","","241.0","3","Ain Zaghouan Nord","TUNIS","north","Sale","Villa","2026-03-27T12:48:40.207601","new","","","75"
"2124","mubawab_7296630","mubawab","","160.0","9","","","","Rent","Commercial","2026-03-27T09:08:31.744818","new","","","15"
"2125","mubawab_7793714","mubawab","","909.0","20","","","","Sale","Villa","2026-03-27T12:47:58.103238","new","","","15"
"2126","mubawab_7691984","mubawab","","150.0","4","Marsa Plage","TUNIS","north","Rent","Apartment","2026-03-27T12:58:43.497867","new","","","75"
"2127","mubawab_7531072","mubawab","","160.0","4","","TUNIS","north","Rent","Apartment","2026-03-27T12:59:20.424549","new","","","35"
"2128","mubawab_7594008","mubawab","","160.0","3","","TUNIS","north","Rent","Commercial","2026-03-27T09:08:52.610604","new","","","35"
"2129","mubawab_7925569","mubawab","","500.0","3","","","","Sale","Villa","2026-03-27T12:48:07.892995","new","","","15"
"2130","mubawab_7846475","mubawab","","292.0","10","","","","Sale","Villa","2026-03-27T08:14:00.065419","new","","","15"
"2131","mubawab_7857008","mubawab","","240.0","4","","","","Rent","Commercial","2026-03-27T09:07:40.506608","new","","","15"
"2132","mubawab_7966179","mubawab","","189.0","","","","","Sale","Villa","2026-03-27T12:47:25.294478","new","","","5"
"2133","mubawab_7925546","mubawab","","140.0","10","","","","Rent","Vacation","2026-03-26T21:20:43.158950","new","","","15"
"2134","mubawab_7846820","mubawab","","113.0","10","","","","Rent","Villa","2026-03-27T09:04:34.944446","new","","","15"
"2135","mubawab_8021942","mubawab","","400.0","5","","","","Sale","Villa","2026-03-27T12:48:02.913291","new","","","15"
"2136","mubawab_8016259","mubawab","","62.0","4","","","","Sale","Commercial","2026-03-27T12:53:53.390974","new","","","15"
"2137","mubawab_8048872","mubawab","","180.0","8","","","","Rent","Villa","2026-03-27T09:03:23.081273","new","","","15"
"2138","mubawab_7983456","mubawab","","106.0","5","","","","Sale","Commercial","2026-03-27T12:53:37.668188","new","","","15"
"2139","mubawab_7999581","mubawab","","2128.0","","","TUNIS","north","Sale","Commercial","2026-03-27T12:54:04.370907","new","","","25"
"2140","mubawab_8042065","mubawab","","152.0","6","","","","Sale","Apartment","2026-03-27T05:40:39.030913","new","","","15"
"2141","mubawab_7996452","mubawab","","200.0","12","","","","Sale","Villa","2026-03-27T12:47:54.017595","new","","","15"
"2142","mubawab_8003051","mubawab","","100.0","10","","","","Rent","Villa","2026-03-27T09:02:57.981774","new","","","15"
"2143","mubawab_8097608","mubawab","","4000.0","","","","","Sale","Land","2026-03-27T12:51:32.193889","new","","","5"
"2144","mubawab_8092362","mubawab","","","6","","","","Rent","Commercial","2026-03-27T09:07:15.318127","new","","","0"
"2145","mubawab_8078124","mubawab","","200.0","3","","TUNIS","north","Sale","Villa","2026-03-27T12:47:01.711250","new","","","35"
"2146","mubawab_8077321","mubawab","","10.0","","","TUNIS","north","Rent","Commercial","2026-03-27T09:08:06.750766","new","","","20"
"2147","mubawab_8106603","mubawab","","2900.0","","","","","Sale","Land","2026-03-27T12:52:49.654725","new","","","5"
"2148","mubawab_8078082","mubawab","","10.0","6","","","","Rent","Commercial","2026-03-27T09:07:06.394491","new","","","15"
"2149","mubawab_8077591","mubawab","","550.0","4","","","","Rent","Commercial","2026-03-27T09:06:20.502394","new","","","15"
"2150","mubawab_8080990","mubawab","","2400.0","10","","TUNIS","north","Rent","Commercial","2026-03-27T09:06:10.091383","new","","","35"
"2151","mubawab_8100525","mubawab","","300.0","15","","TUNIS","north","Sale","Villa","2026-03-27T12:48:58.337706","new","","","35"
"2152","mubawab_8105627","mubawab","","3840.0","6","","","","Sale","Commercial","2026-03-27T12:56:20.675262","new","","","15"
"2153","mubawab_8134835","mubawab","","90.0","","","TUNIS","north","Rent","Commercial","2026-03-27T09:09:03.027842","new","","","25"
"2154","mubawab_8126691","mubawab","","","7","","","","Rent","Villa","2026-03-27T09:04:40.276082","new","","","0"
"2155","mubawab_8120904","mubawab","","400.0","13","","","","Sale","Villa","2026-03-27T12:47:35.577533","new","","","15"
"2156","mubawab_8127986","mubawab","","500.0","","","","","Sale","Land","2026-03-27T12:50:56.684016","new","","","5"
"2157","mubawab_8114014","mubawab","","600.0","3","","","","Sale","Villa","2026-03-27T12:49:06.611487","new","","","15"
"2158","mubawab_8127680","mubawab","","250.0","","","","","Rent","Commercial","2026-03-27T09:07:35.680723","new","","","5"
"2159","mubawab_8134846","mubawab","","250.0","","","","","Sale","Land","2026-03-27T12:51:40.916335","new","","","5"
"2160","mubawab_8130955","mubawab","","360.0","9","","","","Sale","Villa","2026-03-27T12:49:43.244991","new","","","15"
"2161","mubawab_8127117","mubawab","","2500.0","3","","","","Sale","Commercial","2026-03-27T12:56:15.775508","new","","","15"
"2162","mubawab_8127940","mubawab","","","4","","","","Sale","Apartment","2026-03-27T05:39:50.499674","new","","","0"
"2163","mubawab_8161889","mubawab","","367.0","20","","","","Sale","Villa","2026-03-27T12:46:45.784037","new","","","15"
"2164","mubawab_8163675","mubawab","","300.0","9","","","","Sale","Villa","2026-03-27T12:47:39.393456","new","","","15"
"2165","mubawab_8140632","mubawab","","3150.0","","","","","Sale","Commercial","2026-03-27T12:54:40.812620","new","","","5"
"2166","mubawab_8155025","mubawab","","116.0","6","","","","Sale","Villa","2026-03-27T08:56:51.969893","new","","","15"
"2167","mubawab_8164228","mubawab","","900.0","","","TUNIS","north","Sale","Land","2026-03-27T12:50:37.537102","new","","","25"
"2168","mubawab_8149121","mubawab","","1975.0","4","","","","Sale","Villa","2026-03-27T08:14:12.296139","new","","","15"
"2169","mubawab_8148309","mubawab","","","10","","","","Rent","Villa","2026-03-27T09:04:19.995798","new","","","0"
"2170","mubawab_8198766","mubawab","","156.0","4","","TUNIS","north","Sale","Apartment","2026-03-27T05:38:56.268150","new","","","30"
"2171","mubawab_8189465","mubawab","","80.0","","","","","Sale","Commercial","2026-03-27T12:56:24.902384","new","","","5"
"2172","mubawab_8189475","mubawab","","125.0","","","TUNIS","north","Sale","Commercial","2026-03-27T12:56:30.398877","new","","","25"
"2173","mubawab_8175380","mubawab","","","2","","TUNIS","north","Rent","Apartment","2026-03-27T12:58:08.764221","new","","","20"
"2174","mubawab_8194985","mubawab","","105.0","4","","","","Sale","Apartment","2026-03-27T05:40:48.499978","new","","","15"
"2175","mubawab_8181524","mubawab","","","7","","","","Rent","Apartment","2026-03-27T12:58:02.885832","new","","","0"
"2176","mubawab_8189013","mubawab","","3634.0","","","","","Sale","Land","2026-03-27T12:52:33.670190","new","","","5"
"2177","mubawab_8189506","mubawab","","154.0","3","","","","Sale","Apartment","2026-03-27T05:40:06.055775","new","","","15"
"2178","mubawab_8177919","mubawab","","180.0","4","","TUNIS","north","Rent","Apartment","2026-03-27T13:00:17.624019","new","","","35"
"2179","mubawab_8185172","mubawab","","120.0","2","","","","Sale","Apartment","2026-03-27T05:38:51.535852","new","","","15"
"2180","mubawab_8214838","mubawab","","214.0","","","","","Sale","Villa","2026-03-27T08:57:53.365370","new","","","5"
"2181","mubawab_8218911","mubawab","","24.0","1","","","","Sale","Commercial","2026-03-27T12:56:39.389784","new","","","15"
"2182","mubawab_8217405","mubawab","","145.0","9","","","","Sale","Apartment","2026-03-27T05:41:29.409210","new","","","15"
"2183","mubawab_8210272","mubawab","","400.0","4","","TUNIS","north","Sale","Villa","2026-03-27T12:46:51.567019","new","","","35"
"2184","mubawab_8228807","mubawab","","200.0","20","","","","Rent","Villa","2026-03-27T09:05:32.581193","new","","","15"
"2185","mubawab_8226515","mubawab","","203.0","6","","","","Sale","Villa","2026-03-27T08:56:01.819926","new","","","15"
"2186","mubawab_8223097","mubawab","","320.0","4","","TUNIS","north","Sale","Villa","2026-03-27T12:48:30.265539","new","","","35"
"2187","mubawab_8219101","mubawab","","156.0","3","","TUNIS","north","Sale","Villa","2026-03-27T08:58:40.826524","new","","","35"
"2188","mubawab_8212588","mubawab","","245.0","9","","","","Sale","Villa","2026-03-27T08:58:30.955600","new","","","15"
"2189","mubawab_8211968","mubawab","","254.0","6","","","","Sale","Villa","2026-03-27T08:14:17.155977","new","","","15"
"2190","mubawab_8239703","mubawab","","1277.0","","","","","Sale","Land","2026-03-27T12:50:09.020601","new","","","5"
"2191","mubawab_8240197","mubawab","","117.0","15","","","","Sale","Apartment","2026-03-27T05:41:19.541204","new","","","15"
"2192","mubawab_8234831","mubawab","","500.0","19","","","","Sale","Villa","2026-03-27T08:58:34.704456","new","","","15"
"2193","mubawab_8230344","mubawab","","208.0","3","","TUNIS","north","Rent","Villa","2026-03-27T09:02:49.255569","new","","","35"
"2194","mubawab_8236731","mubawab","","160.0","3","","","","Rent","Apartment","2026-03-27T12:58:38.734413","new","","","15"
"2195","mubawab_8234718","mubawab","","66.0","","","TUNIS","north","Rent","Commercial","2026-03-27T09:06:50.786626","new","","","25"
"2196","mubawab_8240198","mubawab","","100.0","10","","","","Sale","Apartment","2026-03-27T05:41:24.038302","new","","","15"
"2197","mubawab_8234719","mubawab","","66.0","13","","","","Rent","Commercial","2026-03-27T09:07:01.446192","new","","","15"
"2198","mubawab_8229849","mubawab","","15.0","7","","","","Rent","Commercial","2026-03-27T09:08:00.752895","new","","","15"
"2199","mubawab_8234976","mubawab","","102.0","","","TUNIS","north","Sale","Commercial","2026-03-27T12:56:43.939201","new","","","25"
"2200","mubawab_8244666","mubawab","","550.0","","","","","Rent","Commercial","2026-03-27T09:06:45.663026","new","","","5"
"2201","mubawab_8243638","mubawab","","80.0","3","","","","Sale","Commercial","2026-03-27T12:54:25.910847","new","","","15"
"2202","mubawab_8240199","mubawab","","90.0","3","","","","Sale","Apartment","2026-03-27T05:41:08.919466","new","","","15"
"2203","mubawab_8242179","mubawab","","266.0","","","","","Sale","Land","2026-03-27T12:51:21.539413","new","","","5"
"2204","mubawab_8240827","mubawab","","902.0","5","","","","Sale","Villa","2026-03-27T08:56:56.433965","new","","","15"
"2205","mubawab_8240435","mubawab","","304.0","","","","","Sale","Land","2026-03-27T12:51:36.246489","new","","","5"
"2206","mubawab_8243905","mubawab","","120.0","7","","","","Rent","Apartment","2026-03-27T12:59:14.107632","new","","","15"
"2207","mubawab_8244846","mubawab","","300.0","10","","","","Sale","Villa","2026-03-27T08:57:33.613114","new","","","15"
"2208","mubawab_8242327","mubawab","","150.0","2","","TUNIS","north","Rent","Villa","2026-03-27T09:03:59.572332","new","","","35"
"2209","mubawab_8241301","mubawab","","150.0","12","","","","Sale","Apartment","2026-03-27T05:41:14.652850","new","","","15"
"2210","mubawab_8251237","mubawab","","","5","","TUNIS","north","Rent","Villa","2026-03-27T09:04:10.205597","new","","","20"
"2211","mubawab_8251203","mubawab","","180.0","2","","TUNIS","north","Rent","Commercial","2026-03-27T09:07:50.891936","new","","","30"
"2212","mubawab_8246599","mubawab","","514.0","","","TUNIS","north","Sale","Land","2026-03-27T12:51:45.595694","new","","","25"
"2213","mubawab_8245872","mubawab","","500.0","6","","","","Sale","Villa","2026-03-27T12:47:43.434210","new","","","15"
"2214","mubawab_8251002","mubawab","","150.0","5","","","","Rent","Apartment","2026-03-27T12:57:03.390127","new","","","15"
"2215","mubawab_8257777","mubawab","","158.0","10","","","","Sale","Apartment","2026-03-27T05:40:00.745432","new","","","15"
"2216","mubawab_8251845","mubawab","","2400.0","5","","","","Rent","Commercial","2026-03-27T09:08:43.088256","new","","","15"
"2217","mubawab_8246532","mubawab","","113.0","11","","","","Sale","Apartment","2026-03-27T05:40:44.815460","new","","","15"
"2218","mubawab_8263584","mubawab","","1000.0","2","","","","Sale","Land","2026-03-27T12:52:27.471480","new","","","15"
"2219","mubawab_8266226","mubawab","","262.0","15","","","","Sale","Villa","2026-03-27T12:47:30.908348","new","","","15"
"2220","mubawab_8269216","mubawab","","360.0","","","","","Sale","Land","2026-03-27T12:51:16.337597","new","","","5"
"2221","mubawab_8268954","mubawab","","47.0","3","","","","Sale","Commercial","2026-03-27T12:56:10.306550","new","","","15"
"2222","mubawab_8259445","mubawab","","160.0","","","TUNIS","north","Rent","Commercial","2026-03-27T09:06:35.527094","new","","","25"
"2223","mubawab_8266388","mubawab","","900.0","","","","","Sale","Commercial","2026-03-27T12:55:55.260975","new","","","5"
"2224","mubawab_8267431","mubawab","","350.0","5","","","","Sale","Villa","2026-03-27T12:49:28.631368","new","","","15"
"2225","mubawab_8268309","mubawab","","117.0","1","","","","Sale","Villa","2026-03-27T08:14:22.048984","new","","","15"
"2226","mubawab_8266350","mubawab","","200.0","5","","","","Sale","Villa","2026-03-27T12:47:48.821661","new","","","15"
"2227","mubawab_8261527","mubawab","","607.0","5","","","","Sale","Villa","2026-03-27T08:56:12.386592","new","","","15"
"2228","mubawab_8278425","mubawab","","","1","","","","Rent","Apartment","2026-03-27T12:59:29.763463","new","","","0"
"2229","mubawab_8278630","mubawab","","1115.0","","","","","Sale","Land","2026-03-27T12:50:03.685772","new","","","5"
"2230","mubawab_8276279","mubawab","","418.0","2","","","","Rent","Commercial","2026-03-27T09:09:27.406466","new","","","15"
"2231","mubawab_8276869","mubawab","","201.5","20","","","","Sale","Apartment","2026-03-27T05:39:55.318610","new","","","15"
"2232","mubawab_8276629","mubawab","","440.0","5","","","","Sale","Villa","2026-03-27T08:55:57.229406","new","","","15"
"2233","mubawab_8274100","mubawab","","","12","","","","Sale","Villa","2026-03-27T12:49:38.179708","new","","","0"
"2234","mubawab_8276074","mubawab","","","2","","","","Sale","Land","2026-03-27T12:52:22.571603","new","","","0"
"2235","mubawab_8280475","mubawab","","382.0","","","","","Sale","Land","2026-03-27T12:51:11.812296","new","","","5"
"2236","mubawab_8280515","mubawab","","284.0","","","TUNIS","north","Sale","Land","2026-03-27T12:51:02.308733","new","","","25"
"2237","mubawab_8281300","mubawab","","840.0","","","","","Sale","Land","2026-03-27T12:52:17.814935","new","","","5"
"2238","mubawab_8285053","mubawab","","150.0","2","","TUNIS","north","Rent","Villa","2026-03-27T09:03:28.013578","new","","","35"
"2239","mubawab_8287932","mubawab","","100.0","5","","","","Sale","Apartment","2026-03-27T05:41:33.734329","new","","","15"
"2240","mubawab_8287385","mubawab","","380.0","6","","TUNIS","north","Sale","Villa","2026-03-27T08:56:31.759639","new","","","35"
"2241","mubawab_8287934","mubawab","","95.0","4","","","","Sale","Apartment","2026-03-27T05:41:04.180511","new","","","15"
"2242","mubawab_8287747","mubawab","","130.0","2","","","","Sale","Villa","2026-03-27T08:56:16.811696","new","","","15"
"2243","mubawab_8284291","mubawab","","120.0","10","","","","Rent","Villa","2026-03-27T09:05:05.100206","new","","","15"
"2244","mubawab_8288452","mubawab","","50.0","7","","","","Rent","Commercial","2026-03-27T09:07:10.274968","new","","","15"
"2245","mubawab_8282249","mubawab","","145.0","11","","","","Rent","Villa","2026-03-27T09:03:43.120745","new","","","15"
"2246","mubawab_8281539","mubawab","","538.0","8","","","","Sale","Villa","2026-03-27T08:57:57.572444","new","","","15"
"2247","mubawab_8286234","mubawab","","360.0","4","","TUNIS","north","Rent","Villa","2026-03-27T09:05:48.230473","new","","","35"
"2248","mubawab_8296227","mubawab","","535.0","","","","","Rent","Commercial","2026-03-27T09:08:37.973802","new","","","5"
"2249","mubawab_8296565","mubawab","","2750.0","","","TUNIS","north","Sale","Commercial","2026-03-27T12:55:42.172883","new","","","25"
"2250","mubawab_8293385","mubawab","","750.0","8","","","","Sale","Villa","2026-03-27T12:48:12.662583","new","","","15"
"2251","mubawab_8293337","mubawab","","508.0","","","TUNIS","north","Sale","Land","2026-03-27T12:50:17.900567","new","","","25"
"2252","mubawab_8293135","mubawab","","300.0","4","","TUNIS","north","Sale","Villa","2026-03-27T12:48:26.073944","new","","","30"
"2253","mubawab_8295232","mubawab","","490.0","6","","","","Sale","Villa","2026-03-27T08:56:47.874095","new","","","15"
"2254","mubawab_8297277","mubawab","","","5","","","","Rent","Apartment","2026-03-27T12:58:58.524946","new","","","0"
"2255","mubawab_8292175","mubawab","","550.0","6","","","","Sale","Villa","2026-03-27T08:55:37.608028","new","","","15"
"2256","mubawab_8293014","mubawab","","90.0","6","","","","Rent","Apartment","2026-03-27T12:57:07.754726","new","","","15"
"2257","mubawab_8296374","mubawab","","","3","","TUNIS","north","Rent","Apartment","2026-03-27T12:57:23.970064","new","","","20"
"2258","mubawab_8298148","mubawab","","64.0","2","","","","Rent","Apartment","2026-03-27T12:57:18.838589","new","","","15"
"2259","mubawab_8299021","mubawab","","420.0","4","","","","Sale","Villa","2026-03-27T12:47:20.796051","new","","","15"
"2260","mubawab_8300185","mubawab","","616.0","","","TUNIS","north","Sale","Land","2026-03-27T12:53:09.184615","new","","","25"
"2261","mubawab_8298590","mubawab","","275.0","5","","TUNIS","north","Sale","Villa","2026-03-27T12:49:18.659953","new","","","35"
"2262","mubawab_8300418","mubawab","","116.0","2","","TUNIS","north","Sale","Apartment","2026-03-27T05:39:17.346866","new","","","35"
"2263","mubawab_8301345","mubawab","","73.0","1","","TUNIS","north","Sale","Apartment","2026-03-27T05:39:40.021198","new","","","35"
"2264","mubawab_8297701","mubawab","","43.0","","","TUNIS","north","Sale","Commercial","2026-03-27T12:54:16.453332","new","","","25"
"2265","mubawab_8300448","mubawab","","400.0","4","","TUNIS","north","Rent","Villa","2026-03-27T09:02:11.488900","new","","","30"
"2266","mubawab_8300844","mubawab","","141.0","8","","","","Sale","Commercial","2026-03-27T12:53:58.551011","new","","","15"
"2267","mubawab_8302491","mubawab","","68.0","3","","","","Sale","Apartment","2026-03-27T05:39:07.100389","new","","","15"
"2268","mubawab_8302394","mubawab","","700.0","1","","","","Rent","Commercial","2026-03-27T09:09:22.748714","new","","","15"
"2269","mubawab_8301411","mubawab","","225.0","8","","","","Sale","Commercial","2026-03-27T12:55:19.714293","new","","","15"
"2270","mubawab_8303273","mubawab","","900.0","8","","","","Sale","Villa","2026-03-27T05:41:46.566917","new","","","15"
"2271","mubawab_8302707","mubawab","","138.0","11","","","","Sale","Apartment","2026-03-27T05:40:28.814693","new","","","15"
"2272","mubawab_8304052","mubawab","","250.0","13","","","","Rent","Villa","2026-03-27T09:03:48.189750","new","","","15"
"2273","mubawab_8304873","mubawab","","140.0","3","","TUNIS","north","Rent","Apartment","2026-03-27T12:57:52.962370","new","","","35"
"2274","mubawab_8302514","mubawab","","220.0","8","","","","Sale","Villa","2026-03-27T12:47:15.177957","new","","","15"
"2275","mubawab_8301707","mubawab","","","5","","","","Rent","Apartment","2026-03-27T12:58:23.491147","new","","","0"
"2276","mubawab_8301780","mubawab","","70.0","1","","TUNIS","north","Rent","Apartment","2026-03-27T12:58:28.716716","new","","","35"
"2277","mubawab_8306211","mubawab","","300.0","4","","","","Sale","Villa","2026-03-27T08:57:01.893734","new","","","15"
"2278","mubawab_8305342","mubawab","","74.0","3","","TUNIS","north","Rent","Commercial","2026-03-27T09:06:01.472664","new","","","35"
"2279","mubawab_8307443","mubawab","","320.0","18","","","","Sale","Villa","2026-03-27T12:48:21.206634","new","","","15"
"2280","mubawab_8304928","mubawab","","704.0","6","","","","Sale","Villa","2026-03-27T08:57:38.047153","new","","","15"
"2281","mubawab_8305633","mubawab","","119.0","7","","","","Rent","Apartment","2026-03-27T12:59:40.863425","new","","","15"
"2282","mubawab_8306166","mubawab","","1100.0","4","","","","Sale","Commercial","2026-03-27T12:54:45.357798","new","","","15"
"2283","mubawab_8306626","mubawab","","1450.0","","","","","Rent","Commercial","2026-03-27T09:06:25.130391","new","","","5"
"2284","mubawab_8304959","mubawab","","115.0","","","","","Sale","Commercial","2026-03-27T12:55:02.845712","new","","","5"
"2285","mubawab_8305537","mubawab","","60.0","2","","","","Rent","Apartment","2026-03-27T12:59:03.539120","new","","","15"
"2286","mubawab_8305946","mubawab","","121.0","3","","","","Sale","Villa","2026-03-27T08:56:25.875999","new","","","15"
"2287","mubawab_8308827","mubawab","","140.0","1","","","","Sale","Villa","2026-03-27T12:48:17.726844","new","","","15"
"2288","mubawab_8309594","mubawab","","270.0","3","","TUNIS","north","Sale","Villa","2026-03-27T08:58:05.135131","new","","","30"
"2289","mubawab_8307794","mubawab","","1369.0","","","","","Sale","Land","2026-03-27T12:50:13.353525","new","","","5"
"2290","mubawab_8308249","mubawab","","150.0","2","","TUNIS","north","Rent","Villa","2026-03-27T09:04:45.093593","new","","","35"
"2291","mubawab_8308831","mubawab","","125.0","1","","","","Sale","Apartment","2026-03-27T05:39:35.692271","new","","","15"
"2292","mubawab_8310540","mubawab","","","6","","","","Rent","Apartment","2026-03-27T12:57:13.602015","new","","","0"
"2293","mubawab_8308365","mubawab","","287.0","1","","","","Sale","Apartment","2026-03-27T05:38:41.427480","new","","","15"
"2294","mubawab_8307944","mubawab","","73.0","4","","","","Sale","Commercial","2026-03-27T12:53:43.932993","new","","","15"
"2295","mubawab_8307736","mubawab","","856.0","11","","","","Sale","Villa","2026-03-27T12:49:32.364837","new","","","15"
"2296","mubawab_8309582","mubawab","","350.0","4","","TUNIS","north","Sale","Villa","2026-03-27T08:58:16.513228","new","","","35"
"2297","mubawab_8311870","mubawab","","300.0","15","","","","Rent","Villa","2026-03-27T09:03:12.685378","new","","","15"
"2298","mubawab_8311658","mubawab","","180.0","3","","TUNIS","north","Rent","Villa","2026-03-27T09:04:54.910116","new","","","35"
"2299","mubawab_8311576","mubawab","","117.0","2","","","","Sale","Villa","2026-03-27T12:48:49.152135","new","","","15"
"2300","mubawab_8312771","mubawab","","670.0","5","","","","Sale","Villa","2026-03-27T08:57:47.715059","new","","","15"
"2301","mubawab_8312748","mubawab","","150.0","11","","","","Rent","Villa","2026-03-27T09:05:37.353764","new","","","15"
"2302","mubawab_8314566","mubawab","","125.0","3","","","","Sale","Villa","2026-03-27T08:58:26.132579","new","","","15"
"2303","mubawab_8312698","mubawab","","300.0","6","","","","Rent","Commercial","2026-03-27T09:06:30.460292","new","","","15"
"2304","mubawab_8311823","mubawab","","128.0","4","","","","Sale","Apartment","2026-03-27T05:40:10.292995","new","","","15"
"2305","mubawab_8312162","mubawab","","400.0","3","","","","Sale","Villa","2026-03-27T08:57:42.854403","new","","","15"
"2306","mubawab_8311350","mubawab","","200.0","3","","TUNIS","north","Rent","Villa","2026-03-27T09:03:03.353523","new","","","35"
"2307","mubawab_8316549","mubawab","","330.0","","","TUNIS","north","Sale","Land","2026-03-27T12:52:55.169922","new","","","25"
"2308","mubawab_8316018","mubawab","","","7","","","","Rent","Apartment","2026-03-27T12:56:58.328029","new","","","0"
"2309","mubawab_8316039","mubawab","","74.0","2","","TUNIS","north","Sale","Apartment","2026-03-27T05:40:34.637713","new","","","30"
"2310","mubawab_8315352","mubawab","","45.0","","","TUNIS","north","Sale","Commercial","2026-03-27T12:54:30.347746","new","","","20"
"2311","mubawab_8317546","mubawab","","160.0","3","","","","Rent","Villa","2026-03-27T09:03:37.606395","new","","","15"
"2312","mubawab_8315694","mubawab","","300.0","3","","TUNIS","north","Rent","Villa","2026-03-27T09:02:39.192234","new","","","35"
"2313","mubawab_8317120","mubawab","","70.0","1","","","","Rent","Apartment","2026-03-27T13:00:12.025460","new","","","15"
"2314","mubawab_8314567","mubawab","","446.0","5","","","","Sale","Villa","2026-03-27T08:14:07.138208","new","","","15"
"2315","mubawab_8316856","mubawab","","324.0","","","","","Sale","Land","2026-03-27T12:49:58.020568","new","","","5"
"2316","mubawab_8316525","mubawab","","270.0","2","","","","Rent","Commercial","2026-03-27T09:07:46.034195","new","","","15"
"2317","mubawab_8319823","mubawab","","150.0","5","","","","Sale","Villa","2026-03-27T08:55:42.245418","new","","","15"
"2318","mubawab_8318361","mubawab","","680.0","","","TUNIS","north","Sale","Commercial","2026-03-27T12:54:50.242021","new","","","25"
"2319","mubawab_8318072","mubawab","","801.0","","","","","Sale","Commercial","2026-03-27T09:01:58.690461","new","","","5"
"2320","mubawab_8319917","mubawab","","164.0","7","","","","Sale","Commercial","2026-03-27T12:56:04.912209","new","","","15"
"2321","mubawab_8318365","mubawab","","180.0","3","","ARIANA","north","Rent","Villa","2026-03-27T09:04:24.885475","new","","","35"
"2322","mubawab_8319826","mubawab","","1086.0","","","","","Sale","Land","2026-03-27T12:51:27.362752","new","","","5"
"2323","mubawab_8319907","mubawab","","20.0","","","","","Rent","Commercial","2026-03-27T09:07:31.740944","new","","","5"
"2324","mubawab_8317786","mubawab","","117.0","","","","","Sale","Commercial","2026-03-27T09:02:02.355229","new","","","5"
"2325","mubawab_8317905","mubawab","","200.0","7","","","","Sale","Villa","2026-03-27T12:47:10.715461","new","","","15"
"2326","mubawab_8319548","mubawab","","400.0","8","","","","Sale","Villa","2026-03-27T12:48:52.959644","new","","","15"
"2327","mubawab_8320235","mubawab","","63.0","2","","","","Sale","Apartment","2026-03-27T05:40:53.629506","new","","","15"
"2328","mubawab_8320303","mubawab","","170.0","7","","","","Rent","Apartment","2026-03-27T12:58:53.981099","new","","","15"
"2329","mubawab_8320004","mubawab","","150.0","10","","","","Rent","Villa","2026-03-27T09:03:53.740071","new","","","15"
"2330","mubawab_8319924","mubawab","","145.0","","","TUNIS","north","Sale","Commercial","2026-03-27T12:56:00.506723","new","","","20"
"2331","mubawab_8320813","mubawab","","430.0","3","","TUNIS","north","Rent","Villa","2026-03-27T09:03:17.984485","new","","","30"
"2332","mubawab_8320001","mubawab","","50.0","","","ARIANA","north","Rent","Commercial","2026-03-27T09:08:19.591738","new","","","20"
"2333","mubawab_8320802","mubawab","","273.0","3","","","","Sale","Apartment","2026-03-27T05:39:11.458753","new","","","15"
"2334","mubawab_8320569","mubawab","","2670.0","","","","","Sale","Commercial","2026-03-27T12:55:36.449785","new","","","5"
"2335","mubawab_8320769","mubawab","","170.0","3","","TUNIS","north","Sale","Villa","2026-03-27T08:57:17.562906","new","","","35"
"2336","mubawab_8320365","mubawab","","160.0","12","","","","Sale","Villa","2026-03-27T08:56:22.052585","new","","","15"
"2337","mubawab_8321173","mubawab","","80.0","","","","","Sale","Commercial","2026-03-27T12:55:13.426272","new","","","5"
"2338","mubawab_8321040","mubawab","","300.0","","","","","Sale","Commercial","2026-03-27T12:55:24.502652","new","","","5"
"2339","mubawab_8320871","mubawab","","129.0","5","","","","Sale","Commercial","2026-03-27T12:55:29.958067","new","","","15"
"2340","mubawab_8320973","mubawab","","80.0","3","","TUNIS","north","Rent","Commercial","2026-03-27T09:07:20.990074","new","","","30"
"2341","mubawab_8321011","mubawab","","145.0","9","","","","Sale","Apartment","2026-03-27T05:40:23.548569","new","","","15"
"2342","mubawab_8320839","mubawab","","107.0","4","","","","Rent","Commercial","2026-03-27T09:07:55.739399","new","","","15"
"2343","mubawab_8321344","mubawab","","310.0","","","","","Sale","Villa","2026-03-27T08:56:07.279573","new","","","5"
"2344","mubawab_8321192","mubawab","","260.0","7","","","","Sale","Villa","2026-03-27T08:57:28.090621","new","","","15"
"2345","mubawab_8321375","mubawab","","91.0","","","TUNIS","north","Sale","Commercial","2026-03-27T12:53:48.429075","new","","","20"
"2346","mubawab_8320921","mubawab","","532.0","","","","","Sale","Land","2026-03-27T12:53:03.631370","new","","","5"
"2347","mubawab_8321735","mubawab","","300.0","3","","","","Rent","Villa","2026-03-27T09:02:33.813740","new","","","15"
"2348","mubawab_8321473","mubawab","","2200.0","","","","","Sale","Land","2026-03-27T12:51:55.592377","new","","","5"
"2349","mubawab_8321732","mubawab","","200.0","2","","TUNIS","north","Rent","Villa","2026-03-27T09:05:24.099798","new","","","35"
"2350","mubawab_8321666","mubawab","","1150.0","6","","","","Rent","Villa","2026-03-27T09:05:43.637640","new","","","15"
"2351","mubawab_8321738","mubawab","","350.0","4","","TUNIS","north","Rent","Villa","2026-03-27T09:02:24.642018","new","","","35"
"2352","mubawab_8321747","mubawab","","120.0","7","","","","Rent","Villa","2026-03-27T09:05:19.908672","new","","","15"
"2353","mubawab_8321593","mubawab","","193.0","13","","","","Sale","Villa","2026-03-27T08:55:52.269559","new","","","15"
"2354","mubawab_8321631","mubawab","","90.0","","","","","Sale","Commercial","2026-03-27T12:55:07.465228","new","","","5"
"2355","mubawab_8321523","mubawab","","439.0","","","","","Sale","Villa","2026-03-27T08:55:47.016651","new","","","5"
"2356","mubawab_8321713","mubawab","","100.0","7","","","","Rent","Apartment","2026-03-27T12:59:35.582463","new","","","15"
"2357","mubawab_8321802","mubawab","","159.0","6","","TUNIS","north","Sale","Apartment","2026-03-27T05:39:26.080322","new","","","30"
"2358","mubawab_8321936","mubawab","","500.0","5","","TUNIS","north","Sale","Villa","2026-03-27T08:57:07.442298","new","","","30"
"2359","mubawab_8321871","mubawab","","100.0","2","","","","Rent","Commercial","2026-03-27T09:09:12.370317","new","","","15"
"2360","mubawab_8321845","mubawab","","95.0","","","","","Sale","Apartment","2026-03-27T05:40:58.998827","new","","","5"
"2361","mubawab_8322004","mubawab","","240.0","4","","","","Sale","Villa","2026-03-27T12:49:12.996017","new","","","15"
"2362","mubawab_8321821","mubawab","","59.0","","","","","Rent","Commercial","2026-03-27T09:09:18.358996","new","","","5"
"2363","mubawab_8321930","mubawab","","500.0","7","","","","Rent","Villa","2026-03-27T09:05:10.377252","new","","","15"
"2364","mubawab_8321787","mubawab","","250.0","16","","","","Rent","Villa","2026-03-27T09:05:15.322483","new","","","15"
"2365","mubawab_8321758","mubawab","","119.0","","","","","Rent","Apartment","2026-03-27T12:59:09.544073","new","","","5"
"2366","mubawab_8321993","mubawab","","350.0","","","","","Rent","Commercial","2026-03-27T09:08:47.662203","new","","","5"
"2367","mubawab_8322128","mubawab","","100.0","10","","","","Rent","Apartment","2026-03-27T13:00:06.383455","new","","","15"
"2368","mubawab_8322130","mubawab","","210.0","","","TUNIS","north","Sale","Land","2026-03-27T12:52:38.746465","new","","","25"
"2369","mubawab_8322156","mubawab","","100.0","3","La Soukra","ARIANA","north","Rent","Apartment","2026-03-27T12:59:46.159910","new","","","75"
"2370","mubawab_8322113","mubawab","","","8","","","","Rent","Apartment","2026-03-27T13:00:26.245048","new","","","0"
"2371","mubawab_8322135","mubawab","","100.0","3","","","","Rent","Apartment","2026-03-27T12:59:56.978007","new","","","15"
"2372","mubawab_8322134","mubawab","","","5","","","","Rent","Apartment","2026-03-27T13:00:01.403919","new","","","0"
"2373","newkey_130640","newkey","1150.0","","","Immeuble","BEN AROUS","north","Rent","Villa","2026-03-27T13:39:20.796871","new","","","45"
"2374","tunisieannonce_020b8df56b3a","tunisieannonce","300000.0","7000.0","","Diar Ben Salem","TUNIS","north","Sale","Land","2026-03-27T15:38:43.778844","new","","","65"
"2375","tunisieannonce_00f93567485c","tunisieannonce","1700.0","70.0","2","Cite Ennasr 1","TUNIS","north","Rent","Apartment","2026-03-27T15:21:23.268582","new","","","90"
"2376","tunisieannonce_01872a2d0cba","tunisieannonce","52000.0","3000.0","","Montplaisir","TUNIS","north","Rent","Commercial","2026-03-27T14:53:57.290896","new","","","75"
"2377","tunisieannonce_01454f26106a","tunisieannonce","2700.0","140.0","1","Zone Urbaine Nord","TUNIS","north","Sale","Commercial","2026-03-27T14:36:51.121376","new","","","80"
"2378","tunisieannonce_050aa74957c5","tunisieannonce","1400.0","60.0","1","Chotrana 1","TUNIS","north","Rent","Apartment","2026-03-27T14:53:40.403246","new","","","90"
"2379","tunisieannonce_0468be769d64","tunisieannonce","860.0","120.0","4","El Mourouj","TUNIS","north","Rent","Apartment","2026-03-26T23:22:29.826371","new","","","85"
"2380","tunisieannonce_0464164d707f","tunisieannonce","65000.0","500.0","","Mornaguia","TUNIS","north","Sale","Land","2026-03-27T16:07:47.650617","new","","","90"
"2381","tunisieannonce_0451ce3c3af2","tunisieannonce","170000.0","100.0","2","El Mourouj","TUNIS","north","Sale","Apartment","2026-03-27T15:39:09.354261","new","","","100"
"2382","tunisieannonce_05abb1207076","tunisieannonce","1230.0","948.0","","Sidi Daoud","TUNIS","north","Sale","Land","2026-03-27T15:45:20.945168","new","","","70"
"2383","tunisieannonce_06afe10695cb","tunisieannonce","255000.0","88.0","3","Cite Ennasr 1","TUNIS","north","Sale","Apartment","2026-03-27T15:37:46.718097","new","","","100"
"2384","tunisieannonce_085b1b09cab7","tunisieannonce","980.0","85.0","1","El Aouina","TUNIS","north","Rent","Apartment","2026-03-27T16:01:49.439560","new","","","90"
"2385","tunisieannonce_06916d8a19c1","tunisieannonce","1800.0","70.0","2","Cite Ennasr 2","TUNIS","north","Rent","Apartment","2026-03-27T15:21:55.226658","new","","","85"
"2386","tunisieannonce_099577accd09","tunisieannonce","650000.0","170.0","3","Jardins De Carthage","TUNIS","north","Sale","Apartment","2026-03-27T15:17:18.362489","new","","","100"
"2387","tunisieannonce_08e2b11e60a7","tunisieannonce","62500.0","700.0","2","El Charguia","TUNIS","north","Rent","Commercial","2026-03-27T14:33:21.239039","new","","","75"
"2388","tunisieannonce_0935bc5caeae","tunisieannonce","700.0","70.0","2","El Mourouj","TUNIS","north","Rent","Apartment","2026-03-27T16:19:23.035338","new","","","90"
"2389","tunisieannonce_094c6596b3bd","tunisieannonce","400000.0","200.0","3","El Kantaoui","TUNIS","north","Sale","Apartment","2026-03-27T16:16:12.443217","new","","","95"
"2390","tunisieannonce_0914a8decb29","tunisieannonce","1280.0","140.0","1","Ariana","TUNIS","north","Rent","Apartment","2026-03-26T23:25:30.049522","new","","","90"
"2391","tunisieannonce_088e727d9b40","tunisieannonce","950000.0","350.0","1","Kheireddine Pacha","TUNIS","north","Sale","Other","2026-03-27T15:52:12.607598","new","","","80"
"2392","tunisieannonce_0ac6c48c3159","tunisieannonce","1000.0","100.0","2","Borj El Baccouche","TUNIS","north","Rent","Other","2026-03-27T16:00:15.099764","new","","","85"
"2393","tunisieannonce_0a9a62902297","tunisieannonce","12000.0","700.0","7","El Menzah 1","TUNIS","north","Rent","Commercial","2026-03-26T23:06:59.872346","new","","","90"
"2394","tunisieannonce_0b29a922f73c","tunisieannonce","420000.0","200.0","5","Marsa Erriadh","TUNIS","north","Sale","Villa","2026-03-27T15:34:26.189730","new","","","100"
"2395","tunisieannonce_0aa186455012","tunisieannonce","3100.0","180.0","3","Berge Du Lac","TUNIS","north","Rent","Apartment","2026-03-27T16:17:16.203377","new","","","90"
"2396","tunisieannonce_0bd0d4593dbf","tunisieannonce","692250.0","65.0","","Cebalet Ben Ammar","TUNIS","north","Sale","Land","2026-03-27T16:06:48.091905","new","","","65"
"2397","tunisieannonce_0c0c6db28f6c","tunisieannonce","690000.0","345.0","3","Riadh Landlous","TUNIS","north","Sale","Land","2026-03-27T16:19:58.188351","new","","","100"
"2398","tunisieannonce_0d2a534e8c8f","tunisieannonce","1400.0","800.0","3","Hammam Sousse","TUNIS","north","Sale","Land","2026-03-27T14:43:16.224871","new","","","80"
"2399","tunisieannonce_0bc260983e98","tunisieannonce","2500.0","660.0","1","Caid Mhamed","TUNIS","north","Rent","Land","2026-03-27T15:58:45.365278","new","","","90"
"2400","tunisieannonce_0ce10763a4f8","tunisieannonce","145000.0","170.0","2","Hammamet","TUNIS","north","Sale","Other","2026-03-27T14:25:38.671889","new","","","100"
"2401","tunisieannonce_0eaf86ad1fa5","tunisieannonce","750.0","90.0","2","Zone Urbaine Nord","TUNIS","north","Sale","Apartment","2026-03-27T15:19:16.369963","new","","","75"
"2402","tunisieannonce_0e4dd3b183be","tunisieannonce","230.0","6000.0","1","Charguia 2","TUNIS","north","Rent","Commercial","2026-03-27T15:41:29.867109","new","","","70"
"2403","tunisieannonce_10099aacf90d","tunisieannonce","1240.0","32.0","","Sidi Daoud","TUNIS","north","Sale","Land","2026-03-27T15:57:05.574407","new","","","70"
"2404","tunisieannonce_0ff72381b8cd","tunisieannonce","2500.0","107.0","2","Riadh Landlous","TUNIS","north","Rent","Apartment","2026-03-27T15:32:29.815993","new","","","90"
"2405","tunisieannonce_0ec6330c6548","tunisieannonce","210000.0","185.0","3","Cite Touristique","TUNIS","north","Sale","Land","2026-03-27T15:25:29.185028","new","","","100"
"2406","tunisieannonce_0f72d51de091","tunisieannonce","750.0","30.0","2","Cite Oplympique","TUNIS","north","Rent","Apartment","2026-03-27T14:40:54.914650","new","","","85"
"2407","tunisieannonce_0f5c4f2ab6c4","tunisieannonce","460000.0","356.0","2","El Mourouj","TUNIS","north","Sale","Land","2026-03-27T14:22:21.575083","new","","","100"
"2408","tunisieannonce_10ca50d82497","tunisieannonce","2300.0","140.0","1","Cite Ennasr 2","TUNIS","north","Rent","Other","2026-03-26T23:27:45.229161","new","","","90"
"2409","tunisieannonce_10117993de70","tunisieannonce","1800.0","120.0","2","Berge Du Lac","TUNIS","north","Rent","Apartment","2026-03-26T23:28:46.881229","new","","","90"
"2410","tunisieannonce_10d7dc8f26ea","tunisieannonce","986000.0","158.0","3","Chotrana 1","TUNIS","north","Sale","Villa","2026-03-27T15:02:28.882413","new","","","100"
"2411","tunisieannonce_1025f07c4d95","tunisieannonce","5000.0","600.0","8","Mutuelle Ville","TUNIS","north","Rent","Commercial","2026-03-27T16:16:20.286033","new","","","90"
"2412","tunisieannonce_110f7f440743","tunisieannonce","1200.0","20.0","2","El Menzah 6","TUNIS","north","Rent","Apartment","2026-03-27T15:33:58.161568","new","","","80"
"2413","tunisieannonce_128547791feb","tunisieannonce","1468.0","632.0","","Ghar El Melh","TUNIS","north","Sale","Land","2026-03-27T16:10:10.308798","new","","","70"
"2414","tunisieannonce_13211e33b977","tunisieannonce","500.0","","3","Oued Ellil","TUNIS","north","Rent","Apartment","2026-03-27T15:18:08.497508","new","","","85"
"2415","tunisieannonce_12cb38d0f798","tunisieannonce","1300.0","2024.0","3","El Manar 1","TUNIS","north","Sale","Villa","2026-03-26T22:50:50.325575","new","","","80"
"2416","tunisieannonce_1335b659aa60","tunisieannonce","1150.0","100.0","","Cite Ennasr 2","TUNIS","north","Sale","Commercial","2026-03-26T23:06:52.125174","new","","","70"
"2417","tunisieannonce_12d6de481375","tunisieannonce","115000.0","680.0","","Hammamet","TUNIS","north","Sale","Land","2026-03-27T15:28:34.020121","new","","","90"
"2418","tunisieannonce_151ea568d922","tunisieannonce","400000.0","200.0","","Mornag","TUNIS","north","Sale","Land","2026-03-27T15:22:12.142508","new","","","85"
"2419","tunisieannonce_153563eb13f9","tunisieannonce","900.0","","1","El Manar 1","TUNIS","north","Rent","Apartment","2026-03-27T14:48:34.366277","new","","","85"
"2420","tunisieannonce_15a312582d6d","tunisieannonce","600.0","60.0","1","Bou Mhel","TUNIS","north","Rent","Apartment","2026-03-27T14:56:41.817561","new","","","90"
"2421","tunisieannonce_16332bc2660b","tunisieannonce","1150.0","80.0","1","Jardins D'El Menzah","TUNIS","north","Rent","Apartment","2026-03-26T23:22:52.690292","new","","","90"
"2422","tunisieannonce_16489211cab2","tunisieannonce","3800.0","400.0","3","Mutuelle Ville","TUNIS","north","Rent","Villa","2026-03-26T23:20:16.406361","new","","","90"
"2423","tunisieannonce_187aa99c9ddb","tunisieannonce","325000.0","100.0","2","Sahloul","TUNIS","north","Sale","Apartment","2026-03-27T16:15:33.791313","new","","","95"
"2424","tunisieannonce_1965bab2dcc8","tunisieannonce","260000.0","40.0","","El Fejja","TUNIS","north","Sale","Land","2026-03-27T16:15:14.631435","new","","","70"
"2425","tunisieannonce_169a10994f45","tunisieannonce","1800.0","70.0","2","Cite Ennasr 2","TUNIS","north","Rent","Apartment","2026-03-27T15:32:39.496841","new","","","90"
"2426","tunisieannonce_1745ab6fe193","tunisieannonce","140000.0","90.0","2","El Mourouj","TUNIS","north","Sale","Apartment","2026-03-27T16:18:24.621611","new","","","100"
"2427","tunisieannonce_19f81fe03c1d","tunisieannonce","1.0","220.0","2","Berge Du Lac","TUNIS","north","Sale","Commercial","2026-03-27T15:04:15.788899","new","","","80"
"2428","tunisieannonce_19fac143e823","tunisieannonce","1500.0","100.0","3","Le Bardo","TUNIS","north","Rent","Villa","2026-03-26T23:29:37.347150","new","","","85"
"2429","tunisieannonce_1bcad1fbed6f","tunisieannonce","350.0","30.0","1","Nabeul","TUNIS","north","Rent","Villa","2026-03-27T16:17:43.202364","new","","","90"
"2430","tunisieannonce_1a7bfdd83711","tunisieannonce","1600.0","125.0","1","Cite Ennasr 2","TUNIS","north","Rent","Apartment","2026-03-27T16:02:38.150456","new","","","90"
"2431","tunisieannonce_1d332ed78a3a","tunisieannonce","175000.0","105.0","2","Ariana","TUNIS","north","Sale","Apartment","2026-03-27T14:42:43.485730","new","","","95"
"2432","tunisieannonce_1d3b8d5467a6","tunisieannonce","700.0","2026.0","1","Gammart","TUNIS","north","Rent","Commercial","2026-03-26T23:29:19.793312","new","","","80"
"2433","tunisieannonce_1d47ccb22dde","tunisieannonce","1500.0","125.0","1","La Soukra","TUNIS","north","Rent","Apartment","2026-03-26T23:25:47.558278","new","","","85"
"2434","tunisieannonce_1d537d2bbebf","tunisieannonce","280000.0","230.0","3","Cite De La Plage 2","TUNIS","north","Sale","Apartment","2026-03-27T16:13:20.368927","new","","","95"
"2435","tunisieannonce_1e49ff1c6b53","tunisieannonce","560000.0","135.0","3","El Menzah 6","TUNIS","north","Sale","Commercial","2026-03-27T16:06:13.761200","new","","","80"
"2436","tunisieannonce_1dacda7de231","tunisieannonce","240000.0","400.0","","El Kantaoui","TUNIS","north","Sale","Land","2026-03-27T14:41:11.718910","new","","","90"
"2437","tunisieannonce_1d844da68565","tunisieannonce","700.0","40.0","2","Ezzahra","TUNIS","north","Rent","Commercial","2026-03-27T16:10:51.357490","new","","","85"
"2438","tunisieannonce_1ebcf166d6d9","tunisieannonce","250000.0","140.0","2","El Mourouj","TUNIS","north","Sale","Apartment","2026-03-27T16:14:46.944694","new","","","100"
"2439","tunisieannonce_1ebef9329f55","tunisieannonce","145000.0","160.0","","Hammamet","TUNIS","north","Sale","Other","2026-03-27T15:07:05.084880","new","","","90"
"2440","tunisieannonce_204c53062245","tunisieannonce","420.0","60.0","1","Ain Zaghouan","TUNIS","north","Rent","Villa","2026-03-27T14:29:20.829349","new","","","90"
"2441","tunisieannonce_1f37519a89e6","tunisieannonce","1500.0","750.0","3","Jardins De Carthage","TUNIS","north","Sale","Land","2026-03-27T16:14:56.084648","new","","","80"
"2442","tunisieannonce_1fda1700362b","tunisieannonce","150000.0","95.0","4","Cite Oplympique","TUNIS","north","Sale","Other","2026-03-27T15:22:53.602066","new","","","100"
"2443","tunisieannonce_2064e0d11027","tunisieannonce","1100.0","60.0","1","Chotrana 1","TUNIS","north","Rent","Apartment","2026-03-27T14:23:35.107071","new","","","90"
"2444","tunisieannonce_1f6687c3a8e0","tunisieannonce","5500.0","230.0","4","Montplaisir","TUNIS","north","Rent","Commercial","2026-03-27T14:31:45.519108","new","","","90"
"2445","tunisieannonce_1ff37ccbab86","tunisieannonce","150000.0","70.0","4","Bab Bhar","TUNIS","north","Sale","Apartment","2026-03-27T15:40:06.169767","new","","","95"
"2446","tunisieannonce_2266ec683b77","tunisieannonce","1200.0","450.0","3","Cite Ennasr 2","TUNIS","north","Sale","Land","2026-03-27T16:09:13.348608","new","","","80"
"2447","tunisieannonce_225687ad3f48","tunisieannonce","600000.0","630.0","3","Borj Touil","TUNIS","north","Sale","Villa","2026-03-27T16:08:02.691045","new","","","95"
"2448","tunisieannonce_20a33d20e091","tunisieannonce","1246.0","400.0","3","Borj Louzir","TUNIS","north","Sale","Land","2026-03-27T14:54:06.650710","new","","","80"
"2449","tunisieannonce_20ac74ff6bb6","tunisieannonce","600.0","30.0","1","El Menzah 6","TUNIS","north","Rent","Villa","2026-03-27T15:20:08.311390","new","","","90"
"2450","tunisieannonce_23bb32ae5379","tunisieannonce","950000.0","600.0","2","Hergla","TUNIS","north","Sale","Land","2026-03-27T15:18:24.403130","new","","","100"
"2451","tunisieannonce_22911a35b148","tunisieannonce","1200.0","280.0","3","Bou Mhel","TUNIS","north","Rent","Commercial","2026-03-27T14:54:15.286937","new","","","90"
"2452","tunisieannonce_23a69b74d64c","tunisieannonce","632000.0","166.0","1","Ain Zaghouan","TUNIS","north","Sale","Apartment","2026-03-27T14:33:48.438723","new","","","70"
"2453","tunisieannonce_25119f836bbd","tunisieannonce","440000.0","113.0","1","Bou Mhel","TUNIS","north","Sale","Land","2026-03-27T15:24:30.720780","new","","","100"
"2454","tunisieannonce_233dbc2d1cce","tunisieannonce","1500.0","120.0","1","Cite Essaada (Riadh Andalous)","TUNIS","north","Rent","Apartment","2026-03-27T16:06:03.850458","new","","","85"
"2455","tunisieannonce_26d2b20ece46","tunisieannonce","500.0","","3","Habib Thameur","TUNIS","north","Sale","Commercial","2026-03-27T15:15:03.788173","new","","","65"
"2456","tunisieannonce_25d411608b25","tunisieannonce","8000.0","","3","Sidi Bousaid","TUNIS","north","Rent","Commercial","2026-03-27T14:39:29.800456","new","","","85"
"2457","tunisieannonce_2899313f6200","tunisieannonce","198000.0","600.0","","Chotrana 1","TUNIS","north","Sale","Land","2026-03-27T15:52:53.681644","new","","","90"
"2458","tunisieannonce_280e4af72865","tunisieannonce","1300.0","140.0","3","El Mourouj","TUNIS","north","Rent","Villa","2026-03-27T16:08:34.897223","new","","","85"
"2459","tunisieannonce_289396c5a2d9","tunisieannonce","850.0","2026.0","1","El Menzah 9","TUNIS","north","Rent","Villa","2026-03-27T14:22:49.301670","new","","","80"
"2460","tunisieannonce_2782799597be","tunisieannonce","300000.0","170.0","3","Cite El Ghazala 1","TUNIS","north","Sale","Land","2026-03-27T16:09:04.139890","new","","","100"
"2461","tunisieannonce_2746f71fce56","tunisieannonce","131.0","60.0","1","Ezzahra","TUNIS","north","Rent","Apartment","2026-03-27T15:54:27.760296","new","","","90"
"2462","tunisieannonce_28bfe44070ca","tunisieannonce","160000.0","914.0","","Jabbes","TUNIS","north","Sale","Land","2026-03-27T16:05:47.199766","new","","","85"
"2463","tunisieannonce_2a016b563e80","tunisieannonce","930000.0","380.0","3","Borj Cedria","TUNIS","north","Sale","Villa","2026-03-27T14:47:52.229702","new","","","100"
"2464","tunisieannonce_2a043ebc423a","tunisieannonce","1800.0","20.0","2","El Menzah 6","TUNIS","north","Rent","Apartment","2026-03-27T15:22:19.542288","new","","","80"
"2465","tunisieannonce_29bebb7c34c2","tunisieannonce","110000.0","80.0","3","Cite Ennouzha","TUNIS","north","Sale","Other","2026-03-27T14:22:58.735892","new","","","100"
"2466","tunisieannonce_2a2c2895ebbd","tunisieannonce","3500.0","150.0","4","Cite El Hana","TUNIS","north","Rent","Villa","2026-03-26T23:24:30.097512","new","","","90"
"2467","tunisieannonce_2a7d825c835b","tunisieannonce","1300.0","120.0","2","El Aouina","TUNIS","north","Rent","Apartment","2026-03-27T15:19:08.190236","new","","","90"
"2468","tunisieannonce_2b4be0228e1d","tunisieannonce","1800.0","65.0","2","Cite Ennasr 2","TUNIS","north","Rent","Apartment","2026-03-27T15:33:14.880863","new","","","90"
"2469","tunisieannonce_2a8a9b13d0e8","tunisieannonce","4500.0","500.0","7","El Menzah 9","TUNIS","north","Rent","Villa","2026-03-27T16:13:27.462736","new","","","90"
"2470","tunisieannonce_2c30b584efa7","tunisieannonce","220000.0","100.0","2","El Mourouj","TUNIS","north","Sale","Villa","2026-03-27T16:14:29.970972","new","","","100"
"2471","tunisieannonce_2ab3cdce6860","tunisieannonce","250000.0","120.0","4","Cite Oplympique","TUNIS","north","Sale","Other","2026-03-27T14:24:09.187563","new","","","100"
"2472","tunisieannonce_2ed67fd520a3","tunisieannonce","680000.0","600.0","","Sidi Bou Ali","TUNIS","north","Sale","Land","2026-03-27T15:29:27.783545","new","","","90"
"2473","tunisieannonce_2c93a34a2c86","tunisieannonce","280000.0","120.0","2","El Aouina","TUNIS","north","Sale","Commercial","2026-03-27T14:26:12.707571","new","","","100"
"2474","tunisieannonce_2e593fd4ba10","tunisieannonce","25500.0","800.0","5","Tunis Belvedere","TUNIS","north","Sale","Commercial","2026-03-27T15:11:18.497183","new","","","80"
"2475","tunisieannonce_2ea4acb7a101","tunisieannonce","275000.0","210.0","","Sahloul","TUNIS","north","Sale","Land","2026-03-27T16:15:24.498113","new","","","85"
"2476","tunisieannonce_2cd9f4474d25","tunisieannonce","550000.0","330.0","2","Mornaguia","TUNIS","north","Sale","Land","2026-03-27T16:20:17.574574","new","","","100"
"2477","tunisieannonce_2f48e42708d9","tunisieannonce","150.0","60.0","1","El Manar 1","TUNIS","north","Rent","Apartment","2026-03-27T15:02:35.690369","new","","","85"
"2478","tunisieannonce_3038f28f5a0c","tunisieannonce","7500.0","370.0","2","Republique","TUNIS","north","Sale","Land","2026-03-27T14:33:31.582505","new","","","80"
"2479","tunisieannonce_2fda92328987","tunisieannonce","650000.0","270.0","2","Cite El Bochra","TUNIS","north","Sale","Land","2026-03-26T23:21:00.821978","new","","","100"
"2480","tunisieannonce_3324c774bc68","tunisieannonce","1000.0","100.0","2","Jardins D'El Menzah","TUNIS","north","Rent","Apartment","2026-03-27T16:03:14.254270","new","","","90"
"2481","tunisieannonce_328e00ee69b7","tunisieannonce","900.0","90.0","1","El Aouina","TUNIS","north","Rent","Apartment","2026-03-27T14:48:09.153018","new","","","90"
"2482","tunisieannonce_332e4a5a67cc","tunisieannonce","1000.0","65.0","1","Cite Afh","TUNIS","north","Rent","Commercial","2026-03-27T15:59:31.011074","new","","","90"
"2483","tunisieannonce_323d9a4c0f3a","tunisieannonce","1950.0","60.0","1","Sidi Daoud","TUNIS","north","Rent","Villa","2026-03-27T14:37:31.722244","new","","","90"
"2484","tunisieannonce_33c44ec763a8","tunisieannonce","850.0","100.0","4","Cite Ennasr 2","TUNIS","north","Rent","Apartment","2026-03-27T14:42:59.142461","new","","","85"
"2485","tunisieannonce_362b9c7463d6","tunisieannonce","1450.0","124.0","1","La Soukra","TUNIS","north","Rent","Apartment","2026-03-27T16:17:08.359813","new","","","90"
"2486","tunisieannonce_36edf357b72f","tunisieannonce","2000.0","80.0","2","Cite Ennasr 2","TUNIS","north","Rent","Apartment","2026-03-27T15:21:46.318768","new","","","90"
"2487","tunisieannonce_362761486af8","tunisieannonce","190000.0","107.0","3","El Menzah 7","TUNIS","north","Sale","Other","2026-03-27T15:25:58.425079","new","","","100"
"2488","tunisieannonce_3511b9f00dac","tunisieannonce","350000.0","160.0","","El Menzah 5","TUNIS","north","Sale","Commercial","2026-03-26T23:07:09.266216","new","","","90"
"2489","tunisieannonce_35056cd3ee2e","tunisieannonce","115000.0","680.0","","Hammamet","TUNIS","north","Sale","Land","2026-03-27T14:51:41.585851","new","","","90"
"2490","tunisieannonce_38a97fb01111","tunisieannonce","1800.0","223.0","3","Jardins De Carthage","TUNIS","north","Sale","Villa","2026-03-27T14:23:06.171214","new","","","80"
"2491","tunisieannonce_38eaa3af3806","tunisieannonce","11000.0","545.0","1","Berge Du Lac","TUNIS","north","Rent","Commercial","2026-03-27T15:04:25.622446","new","","","90"
"2492","tunisieannonce_370e89d38223","tunisieannonce","165000.0","100.0","","Hammamet","TUNIS","north","Sale","Land","2026-03-27T14:34:51.171577","new","","","90"
"2493","tunisieannonce_3787fa89424f","tunisieannonce","12000.0","600.0","1","Berge Du Lac","TUNIS","north","Rent","Commercial","2026-03-27T14:32:45.605880","new","","","90"
"2494","tunisieannonce_373eb5068f00","tunisieannonce","130000.0","50.0","1","Bou Mhel","TUNIS","north","Sale","Commercial","2026-03-27T14:48:01.245633","new","","","100"
"2495","tunisieannonce_392d2ee885be","tunisieannonce","85000.0","725.0","","Jemna","TUNIS","north","Sale","Land","2026-03-27T16:07:28.877256","new","","","90"
"2496","tunisieannonce_3ac5a76ce7ea","tunisieannonce","11000.0","470.0","1","Le Kram","TUNIS","north","Rent","Commercial","2026-03-27T15:10:49.732215","new","","","90"
"2497","tunisieannonce_3bcc8d26ccf9","tunisieannonce","150000.0","80.0","3","Cite El Khadra","TUNIS","north","Sale","Other","2026-03-27T14:42:01.081251","new","","","100"
"2498","tunisieannonce_3ae74b6e3cce","tunisieannonce","900.0","50.0","1","El Aouina","TUNIS","north","Rent","Apartment","2026-03-27T14:45:16.955468","new","","","90"
"2499","tunisieannonce_3a0ff469cd96","tunisieannonce","2300.0","160.0","3","Carthage","TUNIS","north","Rent","Villa","2026-03-27T16:16:48.281653","new","","","90"
"2500","tunisieannonce_3c6ad23b4193","tunisieannonce","2300.0","","2","Jardins De Carthage","TUNIS","north","Rent","Apartment","2026-03-27T15:30:30.742163","new","","","55"
"2501","tunisieannonce_3bdb70651d9b","tunisieannonce","750.0","30.0","","El Manar 2","TUNIS","north","Rent","Commercial","2026-03-27T14:51:50.257694","new","","","80"
"2502","tunisieannonce_3cc185a692e7","tunisieannonce","315000.0","143.0","2","El Mourouj","TUNIS","north","Sale","Other","2026-03-27T14:22:40.227081","new","","","100"
"2503","tunisieannonce_3d3f501765cb","tunisieannonce","5000.0","400.0","6","Mutuelle Ville","TUNIS","north","Sale","Commercial","2026-03-27T15:29:36.200575","new","","","80"
"2504","tunisieannonce_3e0dd355f64a","tunisieannonce","320000.0","290.0","","Merkez Chihya","TUNIS","north","Sale","Land","2026-03-27T15:02:02.078683","new","","","90"
"2505","tunisieannonce_3e11a80c6c37","tunisieannonce","2037.0","79.0","1","Berge Du Lac","TUNIS","north","Rent","Commercial","2026-03-27T15:03:52.266288","new","","","90"
"2506","tunisieannonce_3e07726b1f39","tunisieannonce","150.0","69.0","1","Berge Du Lac","TUNIS","north","Rent","Apartment","2026-03-27T14:31:01.003122","new","","","90"
"2507","tunisieannonce_3e52fec83fd8","tunisieannonce","506000.0","158.0","1","Ain Zaghouan","TUNIS","north","Sale","Apartment","2026-03-27T14:34:04.960510","new","","","100"
"2508","tunisieannonce_41ce4d3d2fd6","tunisieannonce","147000.0","210.0","","Ariana","TUNIS","north","Sale","Land","2026-03-27T16:00:08.590436","new","","","85"
"2509","tunisieannonce_411fd40bf3ee","tunisieannonce","1500.0","700.0","5","Berge Du Lac","TUNIS","north","Sale","Land","2026-03-27T15:12:38.198031","new","","","80"
"2510","tunisieannonce_405e734d0681","tunisieannonce","1450.0","55.0","1","Kheireddine Pacha","TUNIS","north","Sale","Commercial","2026-03-27T16:14:13.986458","new","","","80"
"2511","tunisieannonce_41fa3f6ac913","tunisieannonce","700.0","76.0","2","Ezzahra","TUNIS","north","Rent","Apartment","2026-03-27T15:46:13.102299","new","","","90"
"2512","tunisieannonce_4072d5bb68bc","tunisieannonce","35000.0","200.0","","Cite Des Juges","TUNIS","north","Sale","Land","2026-03-27T15:59:41.431315","new","","","70"
"2513","tunisieannonce_431ec0b30e06","tunisieannonce","258000.0","430.0","","Hammamet","TUNIS","north","Sale","Land","2026-03-27T15:38:52.445564","new","","","90"
"2514","tunisieannonce_4330117f5b20","tunisieannonce","150.0","69.0","1","Zone Urbaine Nord","TUNIS","north","Rent","Other","2026-03-27T16:06:22.972027","new","","","90"
"2515","tunisieannonce_4203e87eda94","tunisieannonce","1300.0","80.0","2","Sousse Khezama","TUNIS","north","Sale","Commercial","2026-03-27T15:17:35.528866","new","","","80"
"2516","tunisieannonce_430d62475abb","tunisieannonce","470.0","2026.0","","El Mourouj","TUNIS","north","Sale","Commercial","2026-03-27T15:02:51.218881","new","","","70"
"2517","tunisieannonce_41fb6b468054","tunisieannonce","40000.0","373.0","9","Tunis Belvedere","TUNIS","north","Sale","Commercial","2026-03-27T15:49:26.534357","new","","","100"
"2518","tunisieannonce_44332b065e9e","tunisieannonce","320000.0","261.0","","Cite Chragui","TUNIS","north","Sale","Land","2026-03-27T15:11:40.106169","new","","","90"
"2519","tunisieannonce_448a1d77b44d","tunisieannonce","143150.0","409.0","","Chatt Meriem","TUNIS","north","Sale","Land","2026-03-27T14:37:58.902131","new","","","90"
"2520","tunisieannonce_4446da4e426f","tunisieannonce","11111.0","654.0","","Cite Eddyr","TUNIS","north","Sale","Land","2026-03-26T23:07:36.185512","new","","","65"
"2521","tunisieannonce_4663cb15acf6","tunisieannonce","190000.0","270.0","3","Hammam Sousse","TUNIS","north","Sale","Land","2026-03-27T15:01:44.834726","new","","","100"
"2522","tunisieannonce_45d4cd751bb9","tunisieannonce","520000.0","300.0","2","Ariana","TUNIS","north","Sale","Villa","2026-03-27T14:42:51.607354","new","","","95"
"2523","tunisieannonce_45865d7ead9b","tunisieannonce","2300.0","144.0","6","El Manar 2","TUNIS","north","Sale","Commercial","2026-03-26T23:19:11.426818","new","","","85"
"2524","tunisieannonce_4678076f3ab6","tunisieannonce","600.0","40.0","3","Bab Bhar","TUNIS","north","Rent","Commercial","2026-03-27T16:10:03.360425","new","","","85"
"2525","tunisieannonce_4770d9d9daf7","tunisieannonce","1900.0","70.0","2","Cite Ennasr 1","TUNIS","north","Rent","Apartment","2026-03-27T15:34:17.381131","new","","","90"
"2526","tunisieannonce_477acc5ca8b0","tunisieannonce","1500.0","70.0","7","El Menzah 9","TUNIS","north","Rent","Apartment","2026-03-26T23:07:17.753191","new","","","90"
"2527","tunisieannonce_476d15418301","tunisieannonce","460000.0","180.0","3","El Menzah 6","TUNIS","north","Sale","Commercial","2026-03-27T16:08:55.633021","new","","","100"
"2528","tunisieannonce_499e85b9a277","tunisieannonce","463200.0","386.0","","Hammam Sousse","TUNIS","north","Sale","Land","2026-03-27T15:11:58.389536","new","","","90"
"2529","tunisieannonce_47d3eb785d83","tunisieannonce","1200.0","100.0","2","Cite Ennasr 2","TUNIS","north","Rent","Apartment","2026-03-27T15:37:54.377389","new","","","85"
"2530","tunisieannonce_4976ed62cab5","tunisieannonce","350000.0","562.0","3","Jaafar 2","TUNIS","north","Sale","Villa","2026-03-26T23:23:57.653713","new","","","100"
"2531","tunisieannonce_495c99c1b892","tunisieannonce","110000.0","50.0","2","Hammamet","TUNIS","north","Sale","Villa","2026-03-27T15:57:26.960415","new","","","100"
"2532","tunisieannonce_47cc07d163fc","tunisieannonce","2230.0","590.0","2","Mornag","TUNIS","north","Sale","Land","2026-03-27T15:41:15.084496","new","","","80"
"2533","tunisieannonce_4a9528b81049","tunisieannonce","65000.0","250.0","","Hammamet","TUNIS","north","Sale","Land","2026-03-27T14:34:59.315039","new","","","90"
"2534","tunisieannonce_4a28e57506f7","tunisieannonce","1800.0","200.0","","Le Bardo","TUNIS","north","Sale","Land","2026-03-26T23:29:44.688693","new","","","70"
"2535","tunisieannonce_4a1013d6939b","tunisieannonce","1050.0","350.0","3","Cite Ennasr 2","TUNIS","north","Sale","Villa","2026-03-27T16:01:32.949180","new","","","80"
"2536","tunisieannonce_49e469f46e87","tunisieannonce","5000.0","10.0","4","Marsa Ennassim","TUNIS","north","Rent","Commercial","2026-03-27T14:48:50.742731","new","","","80"
"2537","tunisieannonce_4ba5788d720f","tunisieannonce","2000.0","180.0","1","El Menzah 8","TUNIS","north","Rent","Villa","2026-03-26T23:22:36.881369","new","","","90"
"2538","tunisieannonce_4c9be0ee6fd7","tunisieannonce","1250.0","70.0","","Cite Ennouzha","TUNIS","north","Sale","Commercial","2026-03-26T23:07:53.417356","new","","","70"
"2539","tunisieannonce_4c111753c0d7","tunisieannonce","145000.0","100.0","3","Cite Ennouzha","TUNIS","north","Sale","Other","2026-03-27T14:40:27.079805","new","","","100"
"2540","tunisieannonce_4b486182d298","tunisieannonce","2000.0","200.0","5","Hedi Chaker","TUNIS","north","Rent","Commercial","2026-03-27T14:35:23.469214","new","","","90"
"2541","tunisieannonce_4cc79b77ed18","tunisieannonce","3000.0","40.0","","Cite Ennasr 2","TUNIS","north","Sale","Commercial","2026-03-27T16:13:02.691759","new","","","70"
"2542","tunisieannonce_4cea5f3a1927","tunisieannonce","75000.0","238.0","","Raoued","TUNIS","north","Sale","Land","2026-03-27T16:07:12.124656","new","","","85"
"2543","tunisieannonce_4d6ba6ac8abf","tunisieannonce","320000.0","49.0","2","El Mourouj","TUNIS","north","Sale","Commercial","2026-03-27T11:03:25.824308","new","","","95"
"2544","tunisieannonce_4d6e3b2d689d","tunisieannonce","750000.0","508.0","","Chotrana 3","TUNIS","north","Sale","Land","2026-03-27T16:00:47.946898","new","","","90"
"2545","tunisieannonce_4e4097eafd8d","tunisieannonce","950000.0","200.0","2","Berge Du Lac","TUNIS","north","Sale","Apartment","2026-03-27T14:46:19.641704","new","","","100"
"2546","tunisieannonce_4eb698aecec2","tunisieannonce","5000.0","150.0","1","Berge Du Lac","TUNIS","north","Rent","Villa","2026-03-27T15:08:40.170246","new","","","90"
"2547","tunisieannonce_4fe0bc0cefdd","tunisieannonce","280000.0","356.0","","Nabeul","TUNIS","north","Sale","Land","2026-03-27T16:03:21.831559","new","","","90"
"2548","tunisieannonce_4f4b82644743","tunisieannonce","3200.0","65.0","","Ain Zaghouan","TUNIS","north","Sale","Commercial","2026-03-26T23:28:00.941760","new","","","70"
"2549","tunisieannonce_4f2d21232197","tunisieannonce","2700.0","130.0","","Berge Du Lac","TUNIS","north","Sale","Commercial","2026-03-27T14:37:07.353465","new","","","70"
"2550","tunisieannonce_4ebf363ab32a","tunisieannonce","45000.0","84.0","1","Bou Mhel","TUNIS","north","Sale","Land","2026-03-27T14:41:44.748364","new","","","100"
"2551","tunisieannonce_51d98e2852e2","tunisieannonce","170000.0","170.0","2","Jaafar 2","TUNIS","north","Sale","Villa","2026-03-27T14:49:39.976087","new","","","95"
"2552","tunisieannonce_50e1ce0c7857","tunisieannonce","5200.0","","4","Sidi Daoud","TUNIS","north","Rent","Apartment","2026-03-27T16:20:08.522513","new","","","85"
"2553","tunisieannonce_515483f8ea84","tunisieannonce","450000.0","710.0","","Merkez Sebai","TUNIS","north","Sale","Land","2026-03-27T15:12:47.686948","new","","","85"
"2554","tunisieannonce_523a5950ac30","tunisieannonce","800.0","","1","El Manar 2","TUNIS","north","Rent","Apartment","2026-03-27T14:48:26.408776","new","","","90"
"2555","tunisieannonce_52d767c04d43","tunisieannonce","1500.0","110.0","","Montplaisir","TUNIS","north","Sale","Commercial","2026-03-26T23:21:18.262660","new","","","65"
"2556","tunisieannonce_521375910b7b","tunisieannonce","800.0","50.0","1","El Medina","TUNIS","north","Rent","Apartment","2026-03-27T15:39:49.989852","new","","","85"
"2557","tunisieannonce_530ef15a269e","tunisieannonce","230000.0","300.0","2","Mnihla","TUNIS","north","Sale","Villa","2026-03-26T23:18:45.864134","new","","","95"
"2558","tunisieannonce_520a61996c59","tunisieannonce","820000.0","822.0","","El Omrane Superieur","TUNIS","north","Sale","Land","2026-03-27T16:10:34.227767","new","","","85"
"2559","tunisieannonce_5471924b4943","tunisieannonce","1700.0","80.0","2","Cite Ennasr 2","TUNIS","north","Rent","Apartment","2026-03-27T15:33:33.023733","new","","","90"
"2560","tunisieannonce_542b23859f52","tunisieannonce","66000.0","180.0","","Cite El Bassatine Ancien","TUNIS","north","Sale","Land","2026-03-26T23:21:41.765142","new","","","85"
"2561","tunisieannonce_54283de97970","tunisieannonce","420000.0","100.0","2","El Mourouj","TUNIS","north","Sale","Land","2026-03-27T14:40:44.236285","new","","","80"
"2562","tunisieannonce_5352ce839203","tunisieannonce","1800.0","150.0","2","Ain Zaghouan","TUNIS","north","Rent","Apartment","2026-03-27T14:30:43.502343","new","","","90"
"2563","tunisieannonce_54a65ff069a0","tunisieannonce","1800.0","","","Akouda","TUNIS","north","Sale","Land","2026-03-27T15:01:53.376791","new","","","30"
"2564","tunisieannonce_554a063eaab6","tunisieannonce","350000.0","250.0","2","Kelibia","TUNIS","north","Sale","Villa","2026-03-26T23:28:40.080224","new","","","100"
"2565","tunisieannonce_54aec977472e","tunisieannonce","150.0","60.0","","El Manar 2","TUNIS","north","Rent","Apartment","2026-03-27T15:02:09.673012","new","","","80"
"2566","tunisieannonce_5504e7a4fcbe","tunisieannonce","1800.0","150.0","2","La Soukra","TUNIS","north","Rent","Apartment","2026-03-27T14:31:27.605083","new","","","90"
"2567","tunisieannonce_56a660f30695","tunisieannonce","45000.0","157.0","3","El Menzah 9","TUNIS","north","Sale","Commercial","2026-03-27T16:15:05.437800","new","","","100"
"2568","tunisieannonce_561565786eef","tunisieannonce","1200.0","100.0","7","Mutuelle Ville","TUNIS","north","Rent","Commercial","2026-03-26T23:19:59.499715","new","","","90"
"2569","tunisieannonce_56fda5e89195","tunisieannonce","576000.0","18.0","","El Battan","TUNIS","north","Sale","Land","2026-03-26T23:26:06.055472","new","","","70"
"2570","tunisieannonce_570e8481e166","tunisieannonce","1300.0","64.0","1","Chotrana 1","TUNIS","north","Rent","Apartment","2026-03-27T14:52:14.793123","new","","","90"
"2571","tunisieannonce_57677c4c8a99","tunisieannonce","1100.0","600.0","5","Cite Bou Mhel","TUNIS","north","Sale","Land","2026-03-26T23:25:39.085839","new","","","75"
"2572","tunisieannonce_58e67753af03","tunisieannonce","150.0","70.0","1","Zone Urbaine Nord","TUNIS","north","Rent","Apartment","2026-03-27T16:06:30.033875","new","","","75"
"2573","tunisieannonce_57a2b2c721bc","tunisieannonce","131.0","55.0","1","Bou Mhel","TUNIS","north","Rent","Apartment","2026-03-27T14:55:18.563367","new","","","90"
"2574","tunisieannonce_57d92016df48","tunisieannonce","1400.0","2026.0","2","Cite Ennasr 2","TUNIS","north","Rent","Apartment","2026-03-27T15:07:56.965171","new","","","80"
"2575","tunisieannonce_576e6e7bc307","tunisieannonce","250000.0","200.0","2","Chaabet El Mrezga","TUNIS","north","Sale","Villa","2026-03-27T15:51:40.577610","new","","","100"
"2576","tunisieannonce_597248aa25a4","tunisieannonce","255000.0","155.0","4","Republique","TUNIS","north","Sale","Apartment","2026-03-27T16:19:30.820224","new","","","100"
"2577","tunisieannonce_592391f89f1e","tunisieannonce","2300.0","150.0","3","Cite Du Stade","TUNIS","north","Rent","Villa","2026-03-27T15:03:34.080087","new","","","90"
"2578","tunisieannonce_5a1ff94e77da","tunisieannonce","2500.0","150.0","1","Berge Du Lac","TUNIS","north","Rent","Commercial","2026-03-27T15:01:17.817883","new","","","90"
"2579","tunisieannonce_5c5ae00c88fa","tunisieannonce","1450.0","130.0","1","Ain Zaghouan","TUNIS","north","Rent","Apartment","2026-03-27T14:44:43.561847","new","","","90"
"2580","tunisieannonce_5c6e70ce8ada","tunisieannonce","2000.0","209.0","4","Ain Zaghouan","TUNIS","north","Rent","Apartment","2026-03-27T16:02:16.802778","new","","","90"
"2581","tunisieannonce_5ca23e25b75a","tunisieannonce","335000.0","122.0","1","Ain Zaghouan","TUNIS","north","Sale","Apartment","2026-03-26T23:29:04.869249","new","","","100"
"2582","tunisieannonce_5b58fa15edd1","tunisieannonce","1500.0","90.0","7","Mutuelle Ville","TUNIS","north","Rent","Commercial","2026-03-27T15:40:57.284443","new","","","90"
"2583","tunisieannonce_5b336a1e3d70","tunisieannonce","6500.0","600.0","1","El Charguia","TUNIS","north","Sale","Commercial","2026-03-27T16:10:42.432461","new","","","75"
"2584","tunisieannonce_5d47bd4710d8","tunisieannonce","625000.0","500.0","","Oued Ellil","TUNIS","north","Sale","Land","2026-03-27T14:51:24.141847","new","","","85"
"2585","tunisieannonce_5cf4eeb88d30","tunisieannonce","30000.0","500.0","","Saint Gobin","TUNIS","north","Sale","Commercial","2026-03-27T15:51:56.695359","new","","","80"
"2586","tunisieannonce_5ca41dc6bbe0","tunisieannonce","330000.0","122.0","3","Ezzahra","TUNIS","north","Sale","Apartment","2026-03-27T15:37:01.079271","new","","","100"
"2587","tunisieannonce_5ef13d394259","tunisieannonce","170000.0","500.0","","Hammamet","TUNIS","north","Sale","Land","2026-03-27T14:52:07.703347","new","","","90"
"2588","tunisieannonce_5e9d0a56c7cf","tunisieannonce","530.0","80.0","2","Hammam Lif","TUNIS","north","Rent","Villa","2026-03-27T16:03:04.824627","new","","","90"
"2589","tunisieannonce_6006dd2640e9","tunisieannonce","1100.0","90.0","2","Ezzahra","TUNIS","north","Rent","Apartment","2026-03-27T15:52:38.267454","new","","","90"
"2590","tunisieannonce_5f9133b9f807","tunisieannonce","1300.0","180.0","3","Cite Ennasr 2","TUNIS","north","Rent","Villa","2026-03-27T14:41:28.762978","new","","","85"
"2591","tunisieannonce_60080a95f6dd","tunisieannonce","131.0","100.0","2","Ezzahra","TUNIS","north","Rent","Apartment","2026-03-27T15:46:05.530875","new","","","90"
"2592","tunisieannonce_60b6c99d6e32","tunisieannonce","2000.0","200.0","2","Nouvelle Medina","TUNIS","north","Rent","Commercial","2026-03-26T22:51:00.239903","new","","","90"
"2593","tunisieannonce_616c1aba1369","tunisieannonce","145000.0","280.0","3","Sakiet Ezzit","TUNIS","north","Sale","Villa","2026-03-27T15:18:59.827165","new","","","100"
"2594","tunisieannonce_60c7476f7d62","tunisieannonce","2200.0","120.0","1","La Soukra","TUNIS","north","Rent","Villa","2026-03-27T14:57:44.463730","new","","","90"
"2595","tunisieannonce_613543899e83","tunisieannonce","8055.0","537.0","2","Cite Rous El Harayek","TUNIS","north","Sale","Land","2026-03-27T14:49:32.374879","new","","","75"
"2596","tunisieannonce_62f78d758d7c","tunisieannonce","550000.0","614.0","3","Hammam Chatt","TUNIS","north","Sale","Villa","2026-03-27T15:19:51.790218","new","","","100"
"2597","tunisieannonce_633dff6c169d","tunisieannonce","200.0","80.0","1","Ain Zaghouan","TUNIS","north","Rent","Commercial","2026-03-27T14:26:21.659437","new","","","90"
"2598","tunisieannonce_61c896d2d0cc","tunisieannonce","300000.0","600.0","","Chotrana 1","TUNIS","north","Sale","Land","2026-03-27T15:52:03.863269","new","","","95"
"2599","tunisieannonce_62a15b2b41f6","tunisieannonce","675000.0","177.0","2","Ain Zaghouan","TUNIS","north","Sale","Apartment","2026-03-27T14:23:24.828500","new","","","100"
"2600","tunisieannonce_623b7e4859f4","tunisieannonce","120000.0","90.0","3","Nabeul","TUNIS","north","Sale","Other","2026-03-27T15:51:31.094859","new","","","100"
"2601","tunisieannonce_6377e54d21aa","tunisieannonce","180000.0","2.0","","Mornag","TUNIS","north","Sale","Land","2026-03-27T14:38:35.109880","new","","","75"
"2602","tunisieannonce_63a085c50b29","tunisieannonce","740000.0","505.0","","El Omrane","TUNIS","north","Sale","Land","2026-03-27T14:48:17.847540","new","","","90"
"2603","tunisieannonce_668d3c990f77","tunisieannonce","150000.0","435.0","","Borj Touil","TUNIS","north","Sale","Land","2026-03-27T16:13:12.230194","new","","","90"
"2604","tunisieannonce_652f062cc334","tunisieannonce","175000.0","502.0","2","Mornag","TUNIS","north","Sale","Land","2026-03-27T15:10:32.543391","new","","","100"
"2605","tunisieannonce_67122044b7ff","tunisieannonce","185000.0","82.0","3","Cite Oplympique","TUNIS","north","Sale","Other","2026-03-27T14:30:25.235981","new","","","100"
"2606","tunisieannonce_66ad08a1a2dd","tunisieannonce","1500.0","70.0","3","Marsa Safsaf","TUNIS","north","Rent","Other","2026-03-27T16:16:30.446985","new","","","90"
"2607","tunisieannonce_66e020c62c08","tunisieannonce","5000.0","450.0","1","La Soukra","TUNIS","north","Rent","Commercial","2026-03-26T23:20:43.047331","new","","","90"
"2608","tunisieannonce_69a9726ec148","tunisieannonce","2500.0","150.0","1","Jardins De Carthage","TUNIS","north","Rent","Villa","2026-03-27T15:08:30.142018","new","","","90"
"2609","tunisieannonce_6889ded8a8bc","tunisieannonce","4500.0","220.0","","Mutuelle Ville","TUNIS","north","Rent","Commercial","2026-03-27T14:52:32.976429","new","","","80"
"2610","tunisieannonce_6b5b235edee9","tunisieannonce","7500.0","","3","Gammart","TUNIS","north","Rent","Villa","2026-03-27T16:11:47.315413","new","","","85"
"2611","tunisieannonce_6b54acf9dba6","tunisieannonce","750000.0","400.0","5","El Aouina","TUNIS","north","Sale","Land","2026-03-27T15:29:46.810624","new","","","95"
"2612","tunisieannonce_6baa4a29e926","tunisieannonce","306000.0","510.0","","El Kantaoui","TUNIS","north","Sale","Land","2026-03-27T15:31:55.264139","new","","","90"
"2613","tunisieannonce_6e62789d5800","tunisieannonce","1200.0","110.0","1","Cite Universitaire","TUNIS","north","Rent","Apartment","2026-03-26T23:25:56.743718","new","","","90"
"2614","tunisieannonce_6df068363682","tunisieannonce","210000.0","220.0","3","El Haouaria","TUNIS","north","Sale","Villa","2026-03-26T23:27:27.387527","new","","","100"
"2615","tunisieannonce_6eb7877c122f","tunisieannonce","3400.0","200.0","3","Berge Du Lac","TUNIS","north","Rent","Villa","2026-03-27T16:11:38.199319","new","","","90"
"2616","tunisieannonce_6e33243a359c","tunisieannonce","1300.0","70.0","1","Chotrana 1","TUNIS","north","Rent","Apartment","2026-03-27T15:23:29.104874","new","","","90"
"2617","tunisieannonce_70d254671d91","tunisieannonce","550000.0","50.0","","Caid Mhamed","TUNIS","north","Sale","Land","2026-03-27T16:09:30.988600","new","","","70"
"2618","tunisieannonce_6f65f492a732","tunisieannonce","1100.0","200.0","3","Rades","TUNIS","north","Rent","Villa","2026-03-27T14:36:06.072158","new","","","90"
"2619","tunisieannonce_6ee80a364e37","tunisieannonce","1600.0","90.0","2","Zone Urbaine Nord","TUNIS","north","Rent","Other","2026-03-26T23:22:45.057036","new","","","90"
"2620","tunisieannonce_6efab3b3e20e","tunisieannonce","350000.0","160.0","3","Ezzahra","TUNIS","north","Sale","Commercial","2026-03-27T14:46:11.198491","new","","","100"
"2621","tunisieannonce_6fd03e0ec019","tunisieannonce","1700.0","65.0","2","Cite Ennasr 1","TUNIS","north","Rent","Apartment","2026-03-27T15:21:08.345259","new","","","90"
"2622","tunisieannonce_704a9aa99e44","tunisieannonce","308000.0","72.0","1","El Aouina","TUNIS","north","Sale","Apartment","2026-03-27T14:30:06.338998","new","","","100"
"2623","tunisieannonce_71d0b889f599","tunisieannonce","107000.0","75.0","2","El Mourouj","TUNIS","north","Sale","Apartment","2026-03-27T16:18:33.190546","new","","","100"
"2624","tunisieannonce_71ba59ef471a","tunisieannonce","8000.0","5000.0","2","Mornaguia","TUNIS","north","Rent","Land","2026-03-27T14:24:39.252575","new","","","90"
"2625","tunisieannonce_71f1326ded8d","tunisieannonce","23700.0","180.0","3","Berge Du Lac","TUNIS","north","Rent","Commercial","2026-03-27T15:41:22.279117","new","","","80"
"2626","tunisieannonce_7424f3276e72","tunisieannonce","340000.0","984.0","3","Cite Touristique","TUNIS","north","Sale","Land","2026-03-26T22:51:17.830265","new","","","100"
"2627","tunisieannonce_74eee9721bf2","tunisieannonce","600000.0","900.0","","Sedghiane","TUNIS","north","Sale","Land","2026-03-26T23:20:27.055128","new","","","90"
"2628","tunisieannonce_732c73bbb962","tunisieannonce","4500.0","5000.0","","El Aouina","TUNIS","north","Sale","Land","2026-03-26T23:26:25.015759","new","","","65"
"2629","tunisieannonce_7451938a31f5","tunisieannonce","740000.0","648.0","","Chatt Meriem","TUNIS","north","Sale","Land","2026-03-26T23:18:55.209729","new","","","90"
"2630","tunisieannonce_752f9c889aa9","tunisieannonce","220000.0","90.0","2","El Mourouj","TUNIS","north","Sale","Apartment","2026-03-27T15:41:06.421473","new","","","100"
"2631","tunisieannonce_75d5311f5a49","tunisieannonce","6000.0","500.0","6","Gammart","TUNIS","north","Rent","Villa","2026-03-26T23:24:21.881340","new","","","90"
"2632","tunisieannonce_76779bcb42ae","tunisieannonce","1700.0","1000.0","","Sidi Daoud","TUNIS","north","Sale","Land","2026-03-27T15:39:17.282327","new","","","70"
"2633","tunisieannonce_75c69583caea","tunisieannonce","2300.0","2026.0","3","Marsa Ennassim","TUNIS","north","Rent","Villa","2026-03-27T15:32:20.923431","new","","","90"
"2634","tunisieannonce_7681c41f8106","tunisieannonce","6000.0","2026.0","3","Marsa Safsaf","TUNIS","north","Rent","Apartment","2026-03-27T15:38:03.466919","new","","","80"
"2635","tunisieannonce_77d3f8adda96","tunisieannonce","999.0","70.0","1","Cite Ennasr 2","TUNIS","north","Rent","Apartment","2026-03-27T15:34:44.146126","new","","","90"
"2636","tunisieannonce_781a1505120d","tunisieannonce","150000.0","342.0","","Bir El Jedey","TUNIS","north","Sale","Land","2026-03-27T15:18:34.129882","new","","","90"
"2637","tunisieannonce_77d6797dfecd","tunisieannonce","4900.0","","","Riadh Landlous","TUNIS","north","Sale","Land","2026-03-27T15:42:21.021284","new","","","30"
"2638","tunisieannonce_7695291b4dfc","tunisieannonce","24000.0","130.0","5","Cite Jardins","TUNIS","north","Rent","Commercial","2026-03-27T15:48:41.240547","new","","","80"
"2639","tunisieannonce_7ab9396ade75","tunisieannonce","180000.0","161.0","2","Kelibia","TUNIS","north","Sale","Land","2026-03-27T15:43:26.073783","new","","","100"
"2640","tunisieannonce_78992835ae97","tunisieannonce","13805.0","510.0","2","Berge Du Lac","TUNIS","north","Sale","Land","2026-03-27T14:32:37.490381","new","","","80"
"2641","tunisieannonce_79ef314bece1","tunisieannonce","4000.0","170.0","1","Berge Du Lac","TUNIS","north","Rent","Villa","2026-03-26T23:27:35.369794","new","","","90"
"2642","tunisieannonce_78fa608ad33c","tunisieannonce","470000.0","990.0","","Khazroun","TUNIS","north","Sale","Land","2026-03-26T23:22:06.140940","new","","","85"
"2643","tunisieannonce_7a06d1bd650a","tunisieannonce","150000.0","60.0","2","Hammamet","TUNIS","north","Sale","Other","2026-03-27T15:57:13.127660","new","","","100"
"2644","tunisieannonce_7cc16dde4f17","tunisieannonce","661000.0","575.0","2","La Soukra","TUNIS","north","Sale","Land","2026-03-26T23:25:04.986668","new","","","100"
"2645","tunisieannonce_7cf0ceca918f","tunisieannonce","7000.0","400.0","3","Gammart","TUNIS","north","Rent","Villa","2026-03-27T16:11:21.456976","new","","","90"
"2646","tunisieannonce_7ae6427a91da","tunisieannonce","85000.0","216.0","3","El Haouaria","TUNIS","north","Sale","Villa","2026-03-26T22:51:09.387315","new","","","100"
"2647","tunisieannonce_7d8c0ebd1fe8","tunisieannonce","201000.0","60.0","1","El Aouina","TUNIS","north","Sale","Commercial","2026-03-27T14:29:57.938327","new","","","100"
"2648","tunisieannonce_7d246cc1a881","tunisieannonce","5000.0","100.0","4","Kheireddine Pacha","TUNIS","north","Sale","Land","2026-03-27T15:49:00.995611","new","","","90"
"2649","tunisieannonce_7ea4be7ff5a3","tunisieannonce","3500.0","70.0","1","Marsa Safsaf","TUNIS","north","Rent","Apartment","2026-03-26T23:23:12.964026","new","","","80"
"2650","tunisieannonce_7ec8ca7712bc","tunisieannonce","1250.0","100.0","1","Ezzahra","TUNIS","north","Rent","Apartment","2026-03-27T15:48:24.246771","new","","","90"
"2651","tunisieannonce_8129b0d64191","tunisieannonce","800.0","75.0","75","Hammamet","TUNIS","north","Rent","Villa","2026-03-27T16:18:58.891251","new","","","85"
"2652","tunisieannonce_815de63384c1","tunisieannonce","190000.0","417.0","","Sfax","TUNIS","north","Sale","Land","2026-03-27T16:09:21.687022","new","","","90"
"2653","tunisieannonce_80a729254ea2","tunisieannonce","140000.0","125.0","6","Naassen","TUNIS","north","Sale","Commercial","2026-03-26T23:26:54.373883","new","","","95"
"2654","tunisieannonce_805d6f2b8515","tunisieannonce","4500.0","700.0","8","El Menzah 9","TUNIS","north","Rent","Land","2026-03-27T16:13:37.934203","new","","","90"
"2655","tunisieannonce_82a862572c4c","tunisieannonce","250000.0","170.0","2","Hammamet","TUNIS","north","Sale","Villa","2026-03-27T15:38:18.472840","new","","","100"
"2656","tunisieannonce_823a11ebee81","tunisieannonce","48000.0","300.0","","Raoued","TUNIS","north","Sale","Land","2026-03-26T22:50:13.004316","new","","","90"
"2657","tunisieannonce_81ac39c222f9","tunisieannonce","131.0","65.0","1","Ezzahra","TUNIS","north","Rent","Apartment","2026-03-27T15:46:21.121631","new","","","90"
"2658","tunisieannonce_8223f049a047","tunisieannonce","1200.0","75.0","1","El Menzah 9","TUNIS","north","Rent","Apartment","2026-03-27T16:02:27.746442","new","","","90"
"2659","tunisieannonce_8475bcb09134","tunisieannonce","750.0","","","El Manar 1","TUNIS","north","Rent","Apartment","2026-03-27T14:44:51.655098","new","","","50"
"2660","tunisieannonce_84211b99923c","tunisieannonce","1200.0","","1","Chotrana 2","TUNIS","north","Rent","Apartment","2026-03-27T16:20:28.357686","new","","","85"
"2661","tunisieannonce_841fd55b3173","tunisieannonce","140000.0","1000.0","","Hammamet","TUNIS","north","Sale","Land","2026-03-27T15:07:47.806002","new","","","90"
"2662","tunisieannonce_82e40191ff9b","tunisieannonce","1000.0","20.0","1","El Menzah 5","TUNIS","north","Rent","Apartment","2026-03-27T15:21:16.009770","new","","","80"
"2663","tunisieannonce_82d192a2c02c","tunisieannonce","3600.0","130.0","3","Marsa Ennassim","TUNIS","north","Rent","Apartment","2026-03-27T16:08:26.552481","new","","","90"
"2664","tunisieannonce_8481f6d5b02a","tunisieannonce","340000.0","96.0","3","La Soukra","TUNIS","north","Sale","Other","2026-03-27T15:01:02.082145","new","","","100"
"2665","tunisieannonce_860b0b30da10","tunisieannonce","550.0","234.0","2","El Mourouj","TUNIS","north","Rent","Apartment","2026-03-27T15:03:08.944158","new","","","90"
"2666","tunisieannonce_84793424cd7f","tunisieannonce","131.0","100.0","2","Ezzahra","TUNIS","north","Rent","Apartment","2026-03-27T15:53:37.182570","new","","","90"
"2667","tunisieannonce_86392d0502e8","tunisieannonce","95000.0","50.0","2","El Haouaria","TUNIS","north","Sale","Villa","2026-03-26T22:51:28.032915","new","","","100"
"2668","tunisieannonce_868e60465a7f","tunisieannonce","180000.0","102.0","2","Hammamet","TUNIS","north","Sale","Villa","2026-03-27T15:51:22.297672","new","","","100"
"2669","tunisieannonce_86e510028915","tunisieannonce","150000.0","386.0","3","Cite Sprols","TUNIS","north","Sale","Land","2026-03-26T23:23:48.988105","new","","","100"
"2670","tunisieannonce_869be450ed80","tunisieannonce","1000.0","110.0","3","El Menzah 7","TUNIS","north","Rent","Other","2026-03-26T23:28:32.746511","new","","","90"
"2671","tunisieannonce_8788f40efe29","tunisieannonce","790000.0","375.0","3","Le Bardo","TUNIS","north","Sale","Land","2026-03-27T16:03:29.459484","new","","","100"
"2672","tunisieannonce_881f1953cd75","tunisieannonce","3700.0","66.0","1","Marsa Ennassim","TUNIS","north","Rent","Other","2026-03-26T23:23:01.864311","new","","","80"
"2673","tunisieannonce_87acbbb2c2e9","tunisieannonce","230000.0","826.0","","Borj Touil","TUNIS","north","Sale","Land","2026-03-27T16:13:56.523921","new","","","90"
"2674","tunisieannonce_8904093ee250","tunisieannonce","350000.0","","4","El Messaidine","TUNIS","north","Sale","Land","2026-03-27T16:05:54.671463","new","","","80"
"2675","tunisieannonce_8a79dcecdfc2","tunisieannonce","450000.0","194.0","3","Cite Ennasr 2","TUNIS","north","Sale","Apartment","2026-03-27T15:08:13.839541","new","","","100"
"2676","tunisieannonce_8a07ad8e0de4","tunisieannonce","150000.0","476.0","","Raoued","TUNIS","north","Sale","Land","2026-03-27T16:07:03.622126","new","","","85"
"2677","tunisieannonce_89d01f10e845","tunisieannonce","530000.0","104.0","2","Chotrana 1","TUNIS","north","Sale","Villa","2026-03-27T15:03:17.910838","new","","","100"
"2678","tunisieannonce_89d6c97077d4","tunisieannonce","12350.0","900.0","","Ben Arous","TUNIS","north","Sale","Land","2026-03-26T23:26:52.550096","new","","","65"
"2679","tunisieannonce_8b168c85598c","tunisieannonce","130000.0","117.0","3","Ksar Said","TUNIS","north","Sale","Villa","2026-03-27T15:10:06.815448","new","","","100"
"2680","tunisieannonce_8aa7f094c458","tunisieannonce","3800.0","160.0","1","Berge Du Lac","TUNIS","north","Rent","Villa","2026-03-27T14:41:03.112366","new","","","90"
"2681","tunisieannonce_8c20cf8eeb71","tunisieannonce","1800.0","90.0","2","Riadh Landlous","TUNIS","north","Rent","Apartment","2026-03-27T15:22:45.862910","new","","","90"
"2682","tunisieannonce_8baad15ab910","tunisieannonce","2600.0","","1","Ain Zaghouan","TUNIS","north","Rent","Apartment","2026-03-27T14:39:10.911452","new","","","55"
"2683","tunisieannonce_8bd751145455","tunisieannonce","2200.0","160.0","3","Cite Du Stade","TUNIS","north","Rent","Apartment","2026-03-27T16:12:46.592483","new","","","90"
"2684","tunisieannonce_8c247d43e0cb","tunisieannonce","2700.0","180.0","3","Cite Du Stade","TUNIS","north","Rent","Villa","2026-03-27T16:17:24.408804","new","","","90"
"2685","tunisieannonce_8c8226292ad2","tunisieannonce","186000.0","310.0","","Cite Sidi Abdelhamid","TUNIS","north","Sale","Land","2026-03-27T14:21:37.148819","new","","","90"
"2686","tunisieannonce_8c8e7e1d9e79","tunisieannonce","700.0","40.0","2","Ezzahra","TUNIS","north","Rent","Commercial","2026-03-27T15:08:22.240720","new","","","85"
"2687","tunisieannonce_8e3edd4a8576","tunisieannonce","1300.0","2026.0","2","Cite Du Stade","TUNIS","north","Rent","Villa","2026-03-26T23:06:44.123627","new","","","80"
"2688","tunisieannonce_8ecbfa533b2e","tunisieannonce","242000.0","242.0","","Riadh Landlous","TUNIS","north","Sale","Land","2026-03-26T23:19:20.252907","new","","","85"
"2689","tunisieannonce_9143024237e6","tunisieannonce","150.0","80.0","1","Marsa Erriadh","TUNIS","north","Rent","Commercial","2026-03-27T14:25:27.420036","new","","","90"
"2690","tunisieannonce_90f61c240531","tunisieannonce","480000.0","480.0","3","Sousse Khezama","TUNIS","north","Sale","Apartment","2026-03-27T15:35:01.351621","new","","","100"
"2691","tunisieannonce_8f0aeabc6001","tunisieannonce","4000.0","280.0","1","Berge Du Lac","TUNIS","north","Rent","Villa","2026-03-26T23:27:11.046608","new","","","90"
"2692","tunisieannonce_91c91ac06a9f","tunisieannonce","450000.0","150.0","1","Ain Zaghouan","TUNIS","north","Sale","Apartment","2026-03-26T23:28:56.555416","new","","","100"
"2693","tunisieannonce_93492f3bc17e","tunisieannonce","265000.0","93.0","2","Habib Thameur","TUNIS","north","Sale","Apartment","2026-03-27T15:13:38.128658","new","","","95"
"2694","tunisieannonce_91ea892e9eb0","tunisieannonce","700000.0","375.0","3","Cite Touristique","TUNIS","north","Sale","Land","2026-03-27T15:25:19.380055","new","","","100"
"2695","tunisieannonce_9341566120c5","tunisieannonce","1900.0","100.0","2","Jardins De Carthage","TUNIS","north","Rent","Apartment","2026-03-27T16:12:28.849131","new","","","90"
"2696","tunisieannonce_91a2b2a2bc0d","tunisieannonce","650000.0","237.0","3","El Medina","TUNIS","north","Sale","Land","2026-03-26T22:50:40.902800","new","","","100"
"2697","tunisieannonce_928c86653c41","tunisieannonce","5000.0","60.0","3","Carthage","TUNIS","north","Rent","Other","2026-03-27T15:46:28.729540","new","","","80"
"2698","tunisieannonce_918c17c891ea","tunisieannonce","350000.0","382.0","3","Raoued","TUNIS","north","Sale","Land","2026-03-26T23:23:39.354800","new","","","100"
"2699","tunisieannonce_935f124b51d8","tunisieannonce","550.0","70.0","2","Ezzahra","TUNIS","north","Rent","Apartment","2026-03-27T16:10:58.721578","new","","","85"
"2700","tunisieannonce_944b9fcac884","tunisieannonce","600.0","76.0","2","Bou Mhel","TUNIS","north","Rent","Villa","2026-03-27T14:56:33.923457","new","","","90"
"2701","tunisieannonce_938eaf5b8b77","tunisieannonce","600.0","50.0","1","Bou Mhel","TUNIS","north","Rent","Apartment","2026-03-26T23:27:53.211866","new","","","90"
"2702","tunisieannonce_94b6932130e8","tunisieannonce","1000.0","120.0","3","Cite Bhar Lazreg","TUNIS","north","Rent","Villa","2026-03-27T15:18:43.407845","new","","","90"
"2703","tunisieannonce_93f79628b803","tunisieannonce","2450.0","120.0","1","Berge Du Lac","TUNIS","north","Rent","Apartment","2026-03-27T14:23:15.841279","new","","","90"
"2704","tunisieannonce_937d47d58866","tunisieannonce","110000.0","1000.0","","Hammamet","TUNIS","north","Sale","Land","2026-03-27T14:44:59.671373","new","","","90"
"2705","tunisieannonce_96e7329a6c19","tunisieannonce","1499.0","160.0","3","Cite Ennasr 2","TUNIS","north","Rent","Villa","2026-03-27T14:43:34.327936","new","","","90"
"2706","tunisieannonce_95a1fe1aadf1","tunisieannonce","270000.0","540.0","2","Hammamet","TUNIS","north","Sale","Commercial","2026-03-27T15:07:40.091552","new","","","100"
"2707","tunisieannonce_9671435fb249","tunisieannonce","280000.0","130.0","5","Bou Mhel","TUNIS","north","Sale","Land","2026-03-26T23:29:12.243935","new","","","100"
"2708","tunisieannonce_951b82a40c32","tunisieannonce","1700.0","800.0","","Sidi Daoud","TUNIS","north","Sale","Land","2026-03-27T15:29:19.024971","new","","","70"
"2709","tunisieannonce_972ab2ab32ec","tunisieannonce","300000.0","800.0","","Bou Argoub","TUNIS","north","Sale","Land","2026-03-27T15:10:40.140593","new","","","90"
"2710","tunisieannonce_9684cbb6ab54","tunisieannonce","375000.0","450.0","3","Soliman","TUNIS","north","Sale","Villa","2026-03-27T15:29:54.896545","new","","","100"
"2711","tunisieannonce_97e422c9eb87","tunisieannonce","1100.0","54.0","1","Ain Zaghouan","TUNIS","north","Rent","Apartment","2026-03-27T14:37:42.069926","new","","","90"
"2712","tunisieannonce_976de0d4b1d7","tunisieannonce","230000.0","66.0","2","Monastir","TUNIS","north","Sale","Apartment","2026-03-27T15:57:35.172001","new","","","100"
"2713","tunisieannonce_986d0391606d","tunisieannonce","2000.0","70.0","2","Cite Ennasr 2","TUNIS","north","Rent","Apartment","2026-03-27T15:22:36.077460","new","","","90"
"2714","tunisieannonce_9866d99d803c","tunisieannonce","1300.0","137.0","1","La Soukra","TUNIS","north","Rent","Apartment","2026-03-26T23:25:13.489372","new","","","85"
"2715","tunisieannonce_98d9c7283939","tunisieannonce","150.0","70.0","2","El Manar 1","TUNIS","north","Rent","Apartment","2026-03-27T16:06:32.887275","new","","","90"
"2716","tunisieannonce_97d9795d50ca","tunisieannonce","1800.0","","1","Ain Zaghouan","TUNIS","north","Rent","Apartment","2026-03-27T14:38:52.697454","new","","","55"
"2717","tunisieannonce_98251557e424","tunisieannonce","1150.0","100.0","2","Ain Zaghouan","TUNIS","north","Rent","Apartment","2026-03-27T14:49:47.681806","new","","","90"
"2718","tunisieannonce_98e0b6b6a43c","tunisieannonce","1750.0","120.0","2","Bab Bhar","TUNIS","north","Rent","Apartment","2026-03-26T23:21:34.234654","new","","","85"
"2719","tunisieannonce_9862880b5324","tunisieannonce","1100.0","88.0","2","Cite Ennasr 1","TUNIS","north","Rent","Commercial","2026-03-27T15:37:37.906018","new","","","90"
"2720","tunisieannonce_975951b88f64","tunisieannonce","1450.0","55.0","2","Cite Jardins","TUNIS","north","Rent","Commercial","2026-03-27T16:14:05.502345","new","","","90"
"2721","tunisieannonce_9a118a618cc5","tunisieannonce","300000.0","340.0","2","Dar Allouche","TUNIS","north","Sale","Land","2026-03-27T14:31:36.461260","new","","","100"
"2722","tunisieannonce_99678ae517f3","tunisieannonce","1250.0","200.0","3","El Menzah 6","TUNIS","north","Rent","Villa","2026-03-27T15:21:30.847394","new","","","85"
"2723","tunisieannonce_9a24a9db9bcd","tunisieannonce","1700.0","14000.0","","Zouaouine","TUNIS","north","Sale","Land","2026-03-27T16:08:17.810856","new","","","60"
"2724","tunisieannonce_9ad177b82858","tunisieannonce","1000.0","20.0","2","El Menzah 5","TUNIS","north","Rent","Apartment","2026-03-27T15:33:40.561029","new","","","75"
"2725","tunisieannonce_9c6c79f666a9","tunisieannonce","2001.0","230.0","1","Cite Ennasr 2","TUNIS","north","Rent","Apartment","2026-03-27T15:52:29.039071","new","","","90"
"2726","tunisieannonce_9e0bd18a13f4","tunisieannonce","1800.0","2026.0","3","El Menzah 9","TUNIS","north","Rent","Apartment","2026-03-27T15:45:11.443567","new","","","80"
"2727","tunisieannonce_9ee8385709cc","tunisieannonce","1100.0","100.0","3","Cite Ennasr 2","TUNIS","north","Sale","Commercial","2026-03-27T15:52:46.309159","new","","","80"
"2728","tunisieannonce_9ff6561e7ea2","tunisieannonce","54700.0","700.0","4","Bab Bhar","TUNIS","north","Sale","Commercial","2026-03-27T14:52:56.977124","new","","","90"
"2729","tunisieannonce_a17e9bc8aaab","tunisieannonce","2500.0","250.0","5","Montplaisir","TUNIS","north","Rent","Commercial","2026-03-27T14:58:11.910082","new","","","90"
"2730","tunisieannonce_a14bbafa4826","tunisieannonce","30000.0","250.0","","Tazarka","TUNIS","north","Sale","Land","2026-03-27T15:10:24.114573","new","","","90"
"2731","tunisieannonce_9fda6f504e60","tunisieannonce","1900.0","","1","Sidi Daoud","TUNIS","north","Rent","Apartment","2026-03-27T14:39:20.356252","new","","","85"
"2732","tunisieannonce_a1c5e555a24a","tunisieannonce","4115.0","500.0","3","Cite Jardins","TUNIS","north","Sale","Land","2026-03-27T14:32:10.960463","new","","","80"
"2733","tunisieannonce_a259059ade47","tunisieannonce","180000.0","35.0","1","El Menzah 1","TUNIS","north","Sale","Apartment","2026-03-27T14:37:23.937631","new","","","100"
"2734","tunisieannonce_a2c2f61bcefc","tunisieannonce","272040.0","267.0","","Ghar El Melh","TUNIS","north","Sale","Land","2026-03-27T16:10:19.158019","new","","","90"
"2735","tunisieannonce_a4ef2c9d8c53","tunisieannonce","245000.0","124.0","4","Hedi Chaker","TUNIS","north","Sale","Apartment","2026-03-26T23:21:10.405905","new","","","95"
"2736","tunisieannonce_a5fc98869edc","tunisieannonce","300000.0","400.0","3","Hergla","TUNIS","north","Sale","Villa","2026-03-27T15:31:07.857864","new","","","100"
"2737","tunisieannonce_a7e7521df88c","tunisieannonce","1600.0","125.0","1","Cite Ennasr 2","TUNIS","north","Rent","Apartment","2026-03-27T15:40:15.231079","new","","","90"
"2738","tunisieannonce_a8fd79ad8a0f","tunisieannonce","6000.0","700.0","3","Marsa Ennassim","TUNIS","north","Rent","Villa","2026-03-27T16:17:33.454004","new","","","90"
"2739","tunisieannonce_a93300d95374","tunisieannonce","2500.0","95.0","1","Ain Zaghouan","TUNIS","north","Rent","Apartment","2026-03-27T14:45:44.636575","new","","","90"
"2740","tunisieannonce_a907fa710f6c","tunisieannonce","1250.0","110.0","2","Jardins D'El Menzah","TUNIS","north","Rent","Apartment","2026-03-27T16:09:55.515637","new","","","90"
"2741","tunisieannonce_aa781fc4dfae","tunisieannonce","7000.0","500.0","8","Mutuelle Ville","TUNIS","north","Rent","Villa","2026-03-27T15:50:13.967192","new","","","90"
"2742","tunisieannonce_a9ab719cdcfb","tunisieannonce","1500.0","50.0","1","Berge Du Lac","TUNIS","north","Rent","Commercial","2026-03-27T14:46:02.720634","new","","","90"
"2743","tunisieannonce_aa50382e7fa0","tunisieannonce","1900.0","200.0","3","Marsa Ennassim","TUNIS","north","Rent","Villa","2026-03-27T16:12:54.776254","new","","","90"
"2744","tunisieannonce_a9ec96c52fda","tunisieannonce","235000.0","85.0","3","Ezzahra","TUNIS","north","Sale","Apartment","2026-03-26T23:29:28.555414","new","","","100"
"2745","tunisieannonce_a9eae3f5f183","tunisieannonce","450.0","90.0","2","El Ouerdia","TUNIS","north","Rent","Villa","2026-03-26T23:24:14.616612","new","","","85"
"2746","tunisieannonce_aacb70db2f17","tunisieannonce","1800.0","","1","Sidi Daoud","TUNIS","north","Rent","Apartment","2026-03-27T15:46:57.767197","new","","","85"
"2747","tunisieannonce_adb18b5dfefb","tunisieannonce","150000.0","80.0","","Nouvelle Medina","TUNIS","north","Sale","Commercial","2026-03-27T14:36:59.546012","new","","","90"
"2748","tunisieannonce_acb53faca082","tunisieannonce","50000.0","200.0","","Hammamet","TUNIS","north","Sale","Land","2026-03-27T15:30:13.779016","new","","","90"
"2749","tunisieannonce_ace5a0a3796a","tunisieannonce","1500.0","200.0","2","Ezzahra","TUNIS","north","Rent","Other","2026-03-27T15:54:19.670520","new","","","90"
"2750","tunisieannonce_ad306a75fe58","tunisieannonce","65650.0","150.0","3","Berge Du Lac","TUNIS","north","Rent","Commercial","2026-03-27T15:40:36.077789","new","","","80"
"2751","tunisieannonce_acc05b086bcd","tunisieannonce","700.0","70.0","1","Cite Ennasr 2","TUNIS","north","Rent","Apartment","2026-03-26T23:07:27.243048","new","","","90"
"2752","tunisieannonce_ae99b681ede0","tunisieannonce","200.0","179.0","1","Berge Du Lac","TUNIS","north","Rent","Apartment","2026-03-27T15:02:42.535015","new","","","90"
"2753","tunisieannonce_adf47ccc06c1","tunisieannonce","1299.0","180.0","5","Cite Ennasr 2","TUNIS","north","Rent","Apartment","2026-03-27T14:44:11.674877","new","","","90"
"2754","tunisieannonce_ae40235d83de","tunisieannonce","13000.0","150.0","5","Tunis Belvedere","TUNIS","north","Sale","Commercial","2026-03-27T15:49:09.613808","new","","","90"
"2755","tunisieannonce_ae5e74440619","tunisieannonce","550000.0","527.0","","Chotrana 1","TUNIS","north","Sale","Land","2026-03-27T15:53:02.060923","new","","","90"
"2756","tunisieannonce_add5dcb7ee1c","tunisieannonce","1150.0","100.0","2","El Aouina","TUNIS","north","Rent","Apartment","2026-03-27T14:34:25.526221","new","","","90"
"2757","tunisieannonce_ae71712b4c56","tunisieannonce","2200.0","120.0","2","El Mourouj 2","TUNIS","north","Rent","Commercial","2026-03-26T23:26:32.212331","new","","","90"
"2758","tunisieannonce_b0015c8bcdc5","tunisieannonce","230.0","700.0","1","Le Kram","TUNIS","north","Rent","Commercial","2026-03-27T14:33:11.901273","new","","","80"
"2759","tunisieannonce_af013ac69614","tunisieannonce","1750.0","70.0","3","Berge Du Lac","TUNIS","north","Rent","Villa","2026-03-27T15:11:00.452635","new","","","90"
"2760","tunisieannonce_b116de36f9a7","tunisieannonce","1150.0","110.0","6","Tunis Belvedere","TUNIS","north","Sale","Commercial","2026-03-27T16:13:47.559733","new","","","80"
"2761","tunisieannonce_b04b05227913","tunisieannonce","400.0","20.0","3","Bou Mhel","TUNIS","north","Rent","Commercial","2026-03-27T14:55:42.945958","new","","","90"
"2762","tunisieannonce_b0672323c19f","tunisieannonce","280000.0","127.0","2","Rades","TUNIS","north","Sale","Apartment","2026-03-27T15:37:20.642626","new","","","100"
"2763","tunisieannonce_b3de11a60d0e","tunisieannonce","150000.0","78.0","3","Cite El Khadra","TUNIS","north","Sale","Other","2026-03-27T15:01:10.771778","new","","","100"
"2764","tunisieannonce_b4f89ae3032b","tunisieannonce","382000.0","670.0","","Raoued","TUNIS","north","Sale","Land","2026-03-27T15:17:27.236402","new","","","90"
"2765","tunisieannonce_b3e5f0028c52","tunisieannonce","1100.0","2026.0","1","La Soukra","TUNIS","north","Rent","Other","2026-03-26T23:22:13.173436","new","","","80"
"2766","tunisieannonce_b449be6c5342","tunisieannonce","550.0","70.0","2","Hammam Lif","TUNIS","north","Rent","Apartment","2026-03-27T16:11:05.643892","new","","","85"
"2767","tunisieannonce_b67c00d538e4","tunisieannonce","2300.0","170.0","7","El Menzah 4","TUNIS","north","Rent","Other","2026-03-26T23:24:56.932812","new","","","90"
"2768","tunisieannonce_b6254fdbedf9","tunisieannonce","2100.0","160.0","1","Jardins De Carthage","TUNIS","north","Rent","Apartment","2026-03-27T14:39:37.840096","new","","","90"
"2769","tunisieannonce_b875d916c176","tunisieannonce","500000.0","300.0","","Sidi Thabet","TUNIS","north","Sale","Villa","2026-03-27T16:05:31.122731","new","","","85"
"2770","tunisieannonce_b9063ad23687","tunisieannonce","1350.0","500.0","3","Ezzahra","TUNIS","north","Sale","Land","2026-03-27T14:41:20.784420","new","","","80"
"2771","tunisieannonce_b964213632ec","tunisieannonce","650.0","90.0","2","Bou Mhel","TUNIS","north","Rent","Villa","2026-03-26T23:28:08.430709","new","","","90"
"2772","tunisieannonce_b8cfde7bfc60","tunisieannonce","420.0","50.0","1","La Soukra","TUNIS","north","Rent","Apartment","2026-03-26T23:02:05.284018","new","","","85"
"2773","tunisieannonce_b7b1e9f18179","tunisieannonce","760000.0","900.0","","Cite Ennacim 1","TUNIS","north","Sale","Land","2026-03-27T16:18:48.882458","new","","","90"
"2774","tunisieannonce_b9b93dbde4fb","tunisieannonce","1200.0","1000.0","","Sidi Daoud","TUNIS","north","Sale","Land","2026-03-27T15:24:22.375543","new","","","70"
"2775","tunisieannonce_bb0a01144f78","tunisieannonce","1295.0","","","Sidi Aich","TUNIS","north","Sale","Land","2026-03-27T15:43:41.624884","new","","","30"
"2776","tunisieannonce_bcfae60dcdc2","tunisieannonce","2100.0","100.0","1","Jardins De Carthage","TUNIS","north","Rent","Villa","2026-03-27T14:52:41.159235","new","","","90"
"2777","tunisieannonce_bb08906b6e5f","tunisieannonce","229000.0","2025.0","3","Cite Ennasr 2","TUNIS","north","Sale","Commercial","2026-03-27T16:19:50.769483","new","","","100"
"2778","tunisieannonce_bbfaf4480f90","tunisieannonce","1350.0","78.0","1","La Soukra","TUNIS","north","Rent","Commercial","2026-03-27T15:45:29.934797","new","","","90"
"2779","tunisieannonce_bb86f131a14c","tunisieannonce","1666.0","150.0","1","Cite Ennasr 2","TUNIS","north","Rent","Apartment","2026-03-27T15:34:52.852890","new","","","90"
"2780","tunisieannonce_bbc24f0ba468","tunisieannonce","600000.0","270.0","3","Sidi Frej","TUNIS","north","Sale","Land","2026-03-27T14:29:41.783454","new","","","100"
"2781","tunisieannonce_bde39a53b63d","tunisieannonce","370000.0","170.0","4","El Ouerdia","TUNIS","north","Sale","Commercial","2026-03-27T16:07:55.275069","new","","","100"
"2782","tunisieannonce_be647a409cd8","tunisieannonce","190000.0","50.0","3","Cite Ennasr 2","TUNIS","north","Sale","Other","2026-03-27T14:41:53.641317","new","","","100"
"2783","tunisieannonce_bdb0ae4322f3","tunisieannonce","80000.0","39.0","2","El Medina","TUNIS","north","Sale","Apartment","2026-03-27T16:01:24.790843","new","","","100"
"2784","tunisieannonce_bdafb92047ef","tunisieannonce","235000.0","150.0","5","El Manar 2","TUNIS","north","Sale","Other","2026-03-27T14:30:52.436972","new","","","100"
"2785","tunisieannonce_bdf1b4af19ba","tunisieannonce","1700.0","1000.0","","Sidi Daoud","TUNIS","north","Sale","Land","2026-03-27T15:52:20.123611","new","","","75"
"2786","tunisieannonce_beb1bc493c7c","tunisieannonce","420000.0","951.0","","Chorfech","TUNIS","north","Sale","Land","2026-03-27T16:05:39.906389","new","","","85"
"2787","tunisieannonce_c00963c34ca5","tunisieannonce","21000.0","270.0","","Ouled Abdallah","TUNIS","north","Sale","Land","2026-03-27T14:22:14.028790","new","","","80"
"2788","tunisieannonce_c08b1815a59c","tunisieannonce","115000.0","680.0","","Hammamet","TUNIS","north","Sale","Land","2026-03-27T15:43:33.914734","new","","","90"
"2789","tunisieannonce_bee433ebe4cf","tunisieannonce","78000.0","312.0","","Zone Hoteliere","TUNIS","north","Sale","Land","2026-03-26T22:51:37.744919","new","","","90"
"2790","tunisieannonce_be96d32f74ef","tunisieannonce","900.0","285.0","1","Ain Zaghouan","TUNIS","north","Rent","Commercial","2026-03-27T14:25:59.580758","new","","","90"
"2791","tunisieannonce_bf51024c6ad3","tunisieannonce","250.0","800.0","3","Metline","TUNIS","north","Rent","Apartment","2026-03-27T15:33:05.455413","new","","","80"
"2792","tunisieannonce_bfdb8c005f69","tunisieannonce","180000.0","35.0","1","Hammamet","TUNIS","north","Sale","Other","2026-03-27T15:57:20.110627","new","","","100"
"2793","tunisieannonce_c120cedfd17a","tunisieannonce","130000.0","301.0","","Cite Touristique","TUNIS","north","Sale","Land","2026-03-27T15:25:47.980457","new","","","90"
"2794","tunisieannonce_c1ee2a76764c","tunisieannonce","147000.0","210.0","","Ariana","TUNIS","north","Sale","Land","2026-03-27T15:59:59.444654","new","","","85"
"2795","tunisieannonce_c197cb104034","tunisieannonce","150000.0","57.0","1","Bou Mhel","TUNIS","north","Sale","Apartment","2026-03-26T23:28:17.463544","new","","","100"
"2796","tunisieannonce_c1751ae81b28","tunisieannonce","2100.0","70.0","2","Cite Ennasr 2","TUNIS","north","Rent","Apartment","2026-03-27T15:20:59.572649","new","","","90"
"2797","tunisieannonce_c0c7f505ab80","tunisieannonce","21000.0","","8","Mutuelle Ville","TUNIS","north","Rent","Land","2026-03-27T15:28:23.774179","new","","","85"
"2798","tunisieannonce_c19f24f3cd53","tunisieannonce","250000.0","1000.0","2","Mornag","TUNIS","north","Sale","Land","2026-03-27T15:24:38.233915","new","","","100"
"2799","tunisieannonce_c1feafe38471","tunisieannonce","2100.0","65.0","2","Cite Ennasr 2","TUNIS","north","Rent","Apartment","2026-03-27T15:20:17.249128","new","","","90"
"2800","tunisieannonce_c46def614d2f","tunisieannonce","50000.0","","2","Zone Hoteliere","TUNIS","north","Sale","Other","2026-03-26T23:21:58.815792","new","","","80"
"2801","tunisieannonce_c3f9603cfb1b","tunisieannonce","1999.0","200.0","5","Cite Ennasr 2","TUNIS","north","Rent","Apartment","2026-03-27T14:44:02.520371","new","","","90"
"2802","tunisieannonce_c38eff4e107f","tunisieannonce","1600.0","120.0","2","Zone Urbaine Nord","TUNIS","north","Rent","Apartment","2026-03-26T23:20:07.817131","new","","","90"
"2803","tunisieannonce_c46c59dae716","tunisieannonce","150000.0","1000.0","","Mnihla","TUNIS","north","Sale","Land","2026-03-27T15:43:17.867458","new","","","95"
"2804","tunisieannonce_c3254b84a17d","tunisieannonce","2200.0","200.0","7","El Menzah 9","TUNIS","north","Rent","Villa","2026-03-26T23:28:25.149625","new","","","90"
"2805","tunisieannonce_c6158b92b889","tunisieannonce","10000.0","250.0","6","Zone Industrielle El Meghira","TUNIS","north","Sale","Other","2026-03-27T14:40:35.053490","new","","","80"
"2806","tunisieannonce_c51618c988c3","tunisieannonce","150.0","2025.0","1","Ain Zaghouan","TUNIS","north","Rent","Villa","2026-03-27T14:24:48.899181","new","","","75"
"2807","tunisieannonce_c584d1dd4cd5","tunisieannonce","525000.0","156.0","1","Ain Zaghouan","TUNIS","north","Sale","Apartment","2026-03-27T14:35:40.708588","new","","","100"
"2808","tunisieannonce_c64f78463188","tunisieannonce","56000.0","400.0","8","Mutuelle Ville","TUNIS","north","Rent","Commercial","2026-03-27T15:40:47.138874","new","","","80"
"2809","tunisieannonce_c75298b85d9e","tunisieannonce","70000.0","100.0","5","Fondouk Jedid","TUNIS","north","Sale","Land","2026-03-27T14:35:57.106559","new","","","100"
"2810","tunisieannonce_c687ab7ccb24","tunisieannonce","600.0","60.0","1","Bou Mhel","TUNIS","north","Rent","Apartment","2026-03-27T14:53:06.508720","new","","","90"
"2811","tunisieannonce_c7466d13a606","tunisieannonce","603200.0","770.0","","Akouda","TUNIS","north","Sale","Land","2026-03-26T23:19:27.844489","new","","","90"
"2812","tunisieannonce_c7f2e2a33326","tunisieannonce","3900.0","400.0","8","Mutuelle Ville","TUNIS","north","Rent","Commercial","2026-03-27T15:48:32.925303","new","","","90"
"2813","tunisieannonce_c7c15f866d62","tunisieannonce","15750.0","700.0","1","Berge Du Lac","TUNIS","north","Rent","Commercial","2026-03-27T14:55:02.405662","new","","","80"
"2814","tunisieannonce_c7571d8e7be3","tunisieannonce","44444.0","860.0","","Ben Arous","TUNIS","north","Sale","Land","2026-03-27T14:24:28.188655","new","","","75"
"2815","tunisieannonce_c8e54a86f8c9","tunisieannonce","300000.0","300.0","3","Cite De La Plage 1","TUNIS","north","Sale","Apartment","2026-03-27T14:38:06.281745","new","","","100"
"2816","tunisieannonce_c896b75ba739","tunisieannonce","1500.0","77.0","3","Cite Erriadh","TUNIS","north","Rent","Commercial","2026-03-27T15:34:36.030852","new","","","90"
"2817","tunisieannonce_c8da6d26e7f0","tunisieannonce","5400.0","792.0","","Carthage","TUNIS","north","Sale","Land","2026-03-27T14:30:15.165278","new","","","70"
"2818","tunisieannonce_c8764eea5d99","tunisieannonce","6800.0","400.0","4","Carthage","TUNIS","north","Rent","Villa","2026-03-27T16:16:57.417877","new","","","90"
"2819","tunisieannonce_c875be591ac6","tunisieannonce","380000.0","156.0","4","Nabeul","TUNIS","north","Sale","Land","2026-03-27T15:38:26.272118","new","","","100"
"2820","tunisieannonce_c80df33751c3","tunisieannonce","800.0","2025.0","2","El Mourouj","TUNIS","north","Rent","Apartment","2026-03-27T15:02:59.716118","new","","","80"
"2821","tunisieannonce_c84adc4aafef","tunisieannonce","2500.0","100.0","","Bab Bhar","TUNIS","north","Sale","Commercial","2026-03-26T23:29:53.131733","new","","","65"
"2822","tunisieannonce_c9ad145e05e6","tunisieannonce","370000.0","150.0","3","Cite Ennasr 2","TUNIS","north","Sale","Apartment","2026-03-27T14:36:42.175771","new","","","100"
"2823","tunisieannonce_c90638612ae4","tunisieannonce","150.0","150.0","1","Marsa Erriadh","TUNIS","north","Rent","Apartment","2026-03-27T14:25:17.698452","new","","","90"
"2824","tunisieannonce_ca6a84cbdd2e","tunisieannonce","5500.0","420.0","4","Cite Ennasr 2","TUNIS","north","Rent","Villa","2026-03-27T15:28:15.805985","new","","","90"
"2825","tunisieannonce_c93ce59804d3","tunisieannonce","390000.0","135.0","3","El Aouina","TUNIS","north","Sale","Apartment","2026-03-26T23:27:01.786712","new","","","100"
"2826","tunisieannonce_ca41d418ad4a","tunisieannonce","850.0","70.0","1","Cite Ennasr 1","TUNIS","north","Rent","Apartment","2026-03-26T23:07:44.760477","new","","","90"
"2827","tunisieannonce_cacced1be0e8","tunisieannonce","3500.0","","1","Chotrana 2","TUNIS","north","Rent","Land","2026-03-27T15:30:02.759012","new","","","85"
"2828","tunisieannonce_cb7717bfc45d","tunisieannonce","1600.0","100.0","1","El Menzah 5","TUNIS","north","Rent","Commercial","2026-03-26T23:19:50.545421","new","","","90"
"2829","tunisieannonce_caaa5937bf81","tunisieannonce","3200.0","80.0","2","Chatt Meriem","TUNIS","north","Rent","Apartment","2026-03-27T15:18:16.399206","new","","","90"
"2830","tunisieannonce_cc52ad1147ba","tunisieannonce","3500.0","500.0","4","Gammart","TUNIS","north","Rent","Villa","2026-03-27T15:46:37.022617","new","","","90"
"2831","tunisieannonce_cd1dedc2c148","tunisieannonce","1200.0","100.0","3","Le Bardo","TUNIS","north","Rent","Villa","2026-03-26T23:30:14.052105","new","","","85"
"2832","tunisieannonce_ce69745f4c8d","tunisieannonce","1800.0","150.0","2","El Aouina","TUNIS","north","Rent","Apartment","2026-03-27T14:30:33.913894","new","","","90"
"2833","tunisieannonce_cc5316314755","tunisieannonce","1000.0","150.0","2","Ezzahra","TUNIS","north","Rent","Apartment","2026-03-27T15:45:40.004393","new","","","90"
"2834","tunisieannonce_cf1ca85c26d7","tunisieannonce","900000.0","328.0","2","Kelibia","TUNIS","north","Sale","Villa","2026-03-26T23:27:19.965292","new","","","100"
"2835","tunisieannonce_d027ed840a4a","tunisieannonce","2500.0","660.0","1","Caid Mhamed","TUNIS","north","Rent","Land","2026-03-27T15:58:19.819171","new","","","90"
"2836","tunisieannonce_cfa89707e361","tunisieannonce","360000.0","142.0","3","Maakel Ezza¤M","TUNIS","north","Sale","Villa","2026-03-27T15:23:09.792074","new","","","100"
"2837","tunisieannonce_cf56e6e49700","tunisieannonce","250000.0","120.0","3","Ezzahra","TUNIS","north","Sale","Apartment","2026-03-27T15:08:05.699947","new","","","95"
"2838","tunisieannonce_d038a14a2360","tunisieannonce","2300.0","70.0","3","Berge Du Lac","TUNIS","north","Rent","Apartment","2026-03-27T15:09:42.213701","new","","","90"
"2839","tunisieannonce_cf30dfb96af1","tunisieannonce","823200.0","784.0","","Ariana","TUNIS","north","Sale","Land","2026-03-26T23:23:21.044048","new","","","90"
"2840","tunisieannonce_d3ceaad8328e","tunisieannonce","270000.0","132.0","3","El Manar 2","TUNIS","north","Sale","Other","2026-03-27T15:23:02.279422","new","","","100"
"2841","tunisieannonce_d2424087c9f7","tunisieannonce","13420.0","732.0","4","Le Kram","TUNIS","north","Rent","Commercial","2026-03-27T15:12:08.150816","new","","","90"
"2842","tunisieannonce_d3c19b04635d","tunisieannonce","300000.0","252.0","","Sidi Bou Ali","TUNIS","north","Sale","Land","2026-03-27T14:33:39.441339","new","","","90"
"2843","tunisieannonce_d26120a0b294","tunisieannonce","2550.0","200.0","3","Berge Du Lac","TUNIS","north","Rent","Apartment","2026-03-27T16:11:13.140751","new","","","90"
"2844","tunisieannonce_d31fb8f5bb01","tunisieannonce","1150.0","60.0","1","Ain Zaghouan","TUNIS","north","Rent","Apartment","2026-03-27T14:38:44.116941","new","","","90"
"2845","tunisieannonce_d3b54964c1cb","tunisieannonce","7200.0","80.0","","Raoued","TUNIS","north","Sale","Land","2026-03-26T23:26:16.859732","new","","","80"
"2846","tunisieannonce_d3b769365efa","tunisieannonce","2250.0","1000.0","","Chotrana 1","TUNIS","north","Sale","Land","2026-03-27T15:43:10.577334","new","","","75"
"2847","tunisieannonce_d506fad0fc56","tunisieannonce","540000.0","186.0","5","El Aouina","TUNIS","north","Sale","Villa","2026-03-27T15:18:50.790169","new","","","100"
"2848","tunisieannonce_d5f8cc2ce1b8","tunisieannonce","131.0","120.0","1","Ezzahra","TUNIS","north","Rent","Apartment","2026-03-27T15:53:44.635975","new","","","90"
"2849","tunisieannonce_d4130b77c452","tunisieannonce","1400.0","140.0","1","Ariana","TUNIS","north","Rent","Commercial","2026-03-26T23:25:22.430237","new","","","90"
"2850","tunisieannonce_d46da00ddae0","tunisieannonce","65000.0","50.0","3","Republique","TUNIS","north","Rent","Commercial","2026-03-27T15:50:04.663063","new","","","80"
"2851","tunisieannonce_d7c07dc3a6cd","tunisieannonce","600.0","76.0","2","Bou Mhel","TUNIS","north","Rent","Villa","2026-03-27T14:52:49.756859","new","","","90"
"2852","tunisieannonce_d7068e9d57ed","tunisieannonce","65000.0","400.0","","Hammamet","TUNIS","north","Sale","Land","2026-03-27T14:49:07.579353","new","","","90"
"2853","tunisieannonce_d67684422ae9","tunisieannonce","260000.0","100.0","3","El Menzah 9","TUNIS","north","Sale","Other","2026-03-27T15:03:59.973965","new","","","100"
"2854","tunisieannonce_d6ebc778c5e1","tunisieannonce","240000.0","92.0","3","Ezzahra","TUNIS","north","Sale","Apartment","2026-03-27T14:35:31.919356","new","","","100"
"2855","tunisieannonce_d643c7701da2","tunisieannonce","2750.0","150.0","1","Berge Du Lac","TUNIS","north","Rent","Commercial","2026-03-27T14:31:18.978658","new","","","90"
"2856","tunisieannonce_d67ac8436b5a","tunisieannonce","395000.0","155.0","3","Cite Ennasr 2","TUNIS","north","Sale","Apartment","2026-03-27T15:28:06.578360","new","","","100"
"2857","tunisieannonce_d7333a5f57cb","tunisieannonce","265500.0","590.0","","El Kantaoui","TUNIS","north","Sale","Land","2026-03-27T14:37:51.133951","new","","","90"
"2858","tunisieannonce_d9161954dd61","tunisieannonce","150.0","60.0","2","Zone Urbaine Nord","TUNIS","north","Rent","Apartment","2026-03-27T15:01:36.149067","new","","","90"
"2859","tunisieannonce_d8cb02881935","tunisieannonce","290.0","25.0","2","Borj Cedria","TUNIS","north","Rent","Apartment","2026-03-27T16:01:59.044151","new","","","90"
"2860","tunisieannonce_d8ea40350ec5","tunisieannonce","215000.0","300.0","","Mornaguia","TUNIS","north","Sale","Land","2026-03-27T14:34:16.359499","new","","","90"
"2861","tunisieannonce_d8443be2bbe3","tunisieannonce","9420.0","417.0","","Le Kram","TUNIS","north","Rent","Commercial","2026-03-27T15:49:46.169496","new","","","80"
"2862","tunisieannonce_d92329ab20f0","tunisieannonce","270000.0","160.0","4","Tunis Belvedere","TUNIS","north","Sale","Other","2026-03-27T14:31:10.330982","new","","","100"
"2863","tunisieannonce_d847ed510f0d","tunisieannonce","240000.0","60.0","3","El Menzah 6","TUNIS","north","Sale","Commercial","2026-03-27T15:09:59.400014","new","","","100"
"2864","tunisieannonce_da94e139395d","tunisieannonce","498000.0","118.0","4","Mahdia Hiboun","TUNIS","north","Sale","Villa","2026-03-27T15:19:33.459311","new","","","100"
"2865","tunisieannonce_dc0ca9717a3a","tunisieannonce","410000.0","125.0","3","Dar Fadhal","TUNIS","north","Sale","Other","2026-03-27T14:49:23.377954","new","","","100"
"2866","tunisieannonce_dad3cf08a511","tunisieannonce","260000.0","56.0","1","Chotrana 1","TUNIS","north","Sale","Apartment","2026-03-27T14:51:58.086963","new","","","100"
"2867","tunisieannonce_da2cb99e600d","tunisieannonce","29200.0","350.0","1","Ain Zaghouan","TUNIS","north","Rent","Commercial","2026-03-27T15:11:27.640573","new","","","80"
"2868","tunisieannonce_db5f4652e111","tunisieannonce","1300.0","60.0","1","El Mourouj","TUNIS","north","Rent","Apartment","2026-03-27T15:36:22.432209","new","","","90"
"2869","tunisieannonce_db2bae061fae","tunisieannonce","750.0","70.0","2","Monfleury","TUNIS","north","Rent","Apartment","2026-03-27T15:49:56.268854","new","","","85"
"2870","tunisieannonce_dc1e390cc57e","tunisieannonce","370000.0","100.0","2","El Mourouj","TUNIS","north","Sale","Villa","2026-03-27T15:40:25.942737","new","","","100"
"2871","tunisieannonce_dd0145ba7850","tunisieannonce","1500.0","150.0","3","Republique","TUNIS","north","Sale","Commercial","2026-03-27T15:49:37.337658","new","","","75"
"2872","tunisieannonce_dc7056ed1195","tunisieannonce","2500.0","200.0","3","Marsa Ennassim","TUNIS","north","Rent","Villa","2026-03-27T16:16:39.266479","new","","","90"
"2873","tunisieannonce_dc4fd21dd5f6","tunisieannonce","2100.0","80.0","2","Cite Ennasr 2","TUNIS","north","Rent","Apartment","2026-03-27T15:32:46.991361","new","","","90"
"2874","tunisieannonce_dd485185e789","tunisieannonce","460000.0","200.0","","Douar Hicher","TUNIS","north","Sale","Land","2026-03-27T16:06:40.449961","new","","","85"
"2875","tunisieannonce_ddd95273f93e","tunisieannonce","1700.0","70.0","2","Cite Ennasr 1","TUNIS","north","Rent","Apartment","2026-03-27T15:33:24.452748","new","","","85"
"2876","tunisieannonce_de0fc46e0895","tunisieannonce","4500.0","140.0","2","Berge Du Lac","TUNIS","north","Rent","Apartment","2026-03-27T15:45:57.037078","new","","","90"
"2877","tunisieannonce_de7b89f31f6f","tunisieannonce","130000.0","430.0","1","Sfax","TUNIS","north","Sale","Villa","2026-03-27T15:55:01.063472","new","","","95"
"2878","tunisieannonce_dd4c0ef97e62","tunisieannonce","1500.0","170.0","3","Ain Zaghouan","TUNIS","north","Rent","Villa","2026-03-27T14:51:32.753560","new","","","90"
"2879","tunisieannonce_dee741a67962","tunisieannonce","135000.0","150.0","2","Ben Arous","TUNIS","north","Sale","Villa","2026-03-26T23:26:40.342040","new","","","100"
"2880","tunisieannonce_e15bc3b8ade9","tunisieannonce","580000.0","139.0","2","El Kantaoui","TUNIS","north","Sale","Apartment","2026-03-27T15:38:34.493695","new","","","100"
"2881","tunisieannonce_df62c79d6569","tunisieannonce","420.0","60.0","1","Marsa Erriadh","TUNIS","north","Rent","Commercial","2026-03-27T14:25:47.994433","new","","","90"
"2882","tunisieannonce_ded729bc311d","tunisieannonce","2000.0","400000.0","","Naassen","TUNIS","north","Sale","Land","2026-03-27T15:39:58.084328","new","","","60"
"2883","tunisieannonce_e05518a34705","tunisieannonce","280000.0","428.0","6","Ariana","TUNIS","north","Sale","Land","2026-03-27T16:07:20.506356","new","","","100"
"2884","tunisieannonce_e2748c688636","tunisieannonce","2100.0","65.0","2","Cite Ennasr 1","TUNIS","north","Rent","Apartment","2026-03-27T15:32:55.993746","new","","","90"
"2885","tunisieannonce_e30f4d75a162","tunisieannonce","235000.0","101.0","2","El Mourouj","TUNIS","north","Sale","Villa","2026-03-27T16:18:40.661810","new","","","100"
"2886","tunisieannonce_e2e186d39c86","tunisieannonce","99840.0","312.0","","Bou Mhel","TUNIS","north","Sale","Land","2026-03-27T14:22:31.255445","new","","","85"
"2887","tunisieannonce_e40c70e05642","tunisieannonce","297000.0","118.0","2","El Aouina","TUNIS","north","Sale","Apartment","2026-03-27T14:45:54.026293","new","","","70"
"2888","tunisieannonce_e46c9ed31853","tunisieannonce","1500.0","80.0","1","Kheireddine Pacha","TUNIS","north","Sale","Commercial","2026-03-27T15:42:28.737409","new","","","80"
"2889","tunisieannonce_e422ecd46b86","tunisieannonce","1500.0","70.0","2","Cite Ennasr 1","TUNIS","north","Rent","Apartment","2026-03-27T15:20:51.162680","new","","","90"
"2890","tunisieannonce_e49805507a61","tunisieannonce","2200.0","200.0","5","Montplaisir","TUNIS","north","Rent","Commercial","2026-03-27T14:42:19.944771","new","","","90"
"2891","tunisieannonce_e4cd69214cb2","tunisieannonce","400000.0","110.0","4","Nabeul","TUNIS","north","Sale","Other","2026-03-27T15:38:10.382724","new","","","100"
"2892","tunisieannonce_e5be8124bba9","tunisieannonce","350000.0","109.0","5","El Aouina","TUNIS","north","Sale","Apartment","2026-03-27T15:41:48.431026","new","","","100"
"2893","tunisieannonce_e6f8e001c994","tunisieannonce","1400.0","70.0","1","Chotrana 1","TUNIS","north","Rent","Apartment","2026-03-27T15:23:19.236658","new","","","90"
"2894","tunisieannonce_e7b5ca9c6858","tunisieannonce","226000.0","377.0","","Oued Ellil","TUNIS","north","Sale","Land","2026-03-27T16:06:56.759410","new","","","85"
"2895","tunisieannonce_e83856777643","tunisieannonce","3300.0","200.0","3","Sidi Bousaid","TUNIS","north","Rent","Villa","2026-03-27T16:11:29.519942","new","","","90"
"2896","tunisieannonce_e823ceb05f62","tunisieannonce","646800.0","539.0","","Chatt Meriem","TUNIS","north","Sale","Land","2026-03-27T15:01:26.813752","new","","","90"
"2897","tunisieannonce_e8096311e0e5","tunisieannonce","2500.0","","3","Sidi Daoud","TUNIS","north","Rent","Apartment","2026-03-27T15:32:03.351451","new","","","85"
"2898","tunisieannonce_e89946323c5f","tunisieannonce","1800.0","80.0","2","Cite Ennasr 1","TUNIS","north","Rent","Apartment","2026-03-27T15:33:49.501018","new","","","90"
"2899","tunisieannonce_e7a3e60bfc3d","tunisieannonce","550000.0","156.0","5","Bou Mhel","TUNIS","north","Sale","Land","2026-03-26T23:21:49.358353","new","","","100"
"2900","tunisieannonce_e863a63ba0f5","tunisieannonce","430000.0","2025.0","2","El Aouina","TUNIS","north","Sale","Apartment","2026-03-27T14:58:51.632500","new","","","100"
"2901","tunisieannonce_e810298f3d7c","tunisieannonce","8800.0","350.0","","Berge Du Lac","TUNIS","north","Sale","Commercial","2026-03-27T15:14:20.981180","new","","","70"
"2902","tunisieannonce_e86814e2785e","tunisieannonce","641400.0","150.0","2","Chotrana 3","TUNIS","north","Sale","Apartment","2026-03-27T14:38:15.438438","new","","","100"
"2903","tunisieannonce_ead846eb49ca","tunisieannonce","5400.0","400.0","3","Berge Du Lac","TUNIS","north","Rent","Commercial","2026-03-27T15:12:27.570405","new","","","90"
"2904","tunisieannonce_ea3e129377bf","tunisieannonce","205000.0","290.0","","Hammamet","TUNIS","north","Sale","Other","2026-03-27T14:35:14.437593","new","","","90"
"2905","tunisieannonce_ea5a68a423c0","tunisieannonce","1900.0","120.0","3","La Soukra","TUNIS","north","Rent","Villa","2026-03-27T14:57:52.734429","new","","","90"
"2906","tunisieannonce_e8fdd15fd04e","tunisieannonce","6000.0","800.0","3","Gammart","TUNIS","north","Rent","Villa","2026-03-27T16:12:38.131002","new","","","90"
"2907","tunisieannonce_eaf6ccec4db6","tunisieannonce","250000.0","109.0","2","El Aouina","TUNIS","north","Sale","Apartment","2026-03-27T14:29:49.757465","new","","","100"
"2908","tunisieannonce_eaf4c2dfe8f9","tunisieannonce","5000.0","2026.0","3","Marsa Ennassim","TUNIS","north","Rent","Villa","2026-03-27T16:20:37.998732","new","","","90"
"2909","tunisieannonce_e8ea844c656c","tunisieannonce","450000.0","175.0","5","El Manar 1","TUNIS","north","Sale","Other","2026-03-27T14:37:15.656387","new","","","100"
"2910","tunisieannonce_eb4e4fe154c7","tunisieannonce","111680.0","349.0","","Chatt Meriem","TUNIS","north","Sale","Land","2026-03-27T14:43:25.668149","new","","","90"
"2911","tunisieannonce_ea6be3bd6a5a","tunisieannonce","140000.0","362.0","3","El Haouaria","TUNIS","north","Sale","Land","2026-03-26T23:23:29.780150","new","","","100"
"2912","tunisieannonce_eda577b02d2d","tunisieannonce","240000.0","60.0","3","Naassen","TUNIS","north","Sale","Villa","2026-03-27T15:39:30.218528","new","","","100"
"2913","tunisieannonce_ec5f69207939","tunisieannonce","7200.0","400.0","5","Montplaisir","TUNIS","north","Rent","Commercial","2026-03-27T14:32:02.240886","new","","","90"
"2914","tunisieannonce_edf59f2be237","tunisieannonce","550.0","70.0","2","Ezzahra","TUNIS","north","Rent","Apartment","2026-03-27T15:09:51.134087","new","","","85"
"2915","tunisieannonce_edcd8730922a","tunisieannonce","3800.0","150.0","2","Gammart","TUNIS","north","Rent","Villa","2026-03-26T23:24:38.697503","new","","","90"
"2916","tunisieannonce_edb1fabc5462","tunisieannonce","6400.0","336.0","5","Berge Du Lac","TUNIS","north","Sale","Land","2026-03-27T15:48:14.915088","new","","","80"
"2917","tunisieannonce_ee896a0f72fe","tunisieannonce","250000.0","372.0","3","Borj Cedria","TUNIS","north","Sale","Land","2026-03-27T14:41:37.869273","new","","","100"
"2918","tunisieannonce_ee32c25e4380","tunisieannonce","580000.0","385.0","3","Chatt Meriem","TUNIS","north","Sale","Land","2026-03-27T15:12:18.155886","new","","","100"
"2919","tunisieannonce_ef2279ad76c8","tunisieannonce","500000.0","176.0","2","El Mourouj","TUNIS","north","Sale","Villa","2026-03-27T14:21:54.757745","new","","","100"
"2920","tunisieannonce_ef7ae81cb8f7","tunisieannonce","9999.0","120.0","","Rafraf","TUNIS","north","Sale","Land","2026-03-27T15:32:11.990328","new","","","80"
"2921","tunisieannonce_ef7697c9101f","tunisieannonce","185000.0","424.0","","Ghar El Melh","TUNIS","north","Sale","Land","2026-03-27T16:10:26.267440","new","","","90"
"2922","tunisieannonce_efe9ef91f6dc","tunisieannonce","950.0","","1","Ain Zaghouan","TUNIS","north","Rent","Apartment","2026-03-26T23:20:51.474033","new","","","85"
"2923","tunisieannonce_f02ad6311155","tunisieannonce","2700.0","","3","Sidi Daoud","TUNIS","north","Rent","Apartment","2026-03-26T23:24:47.718666","new","","","85"
"2924","tunisieannonce_efa827dd20a9","tunisieannonce","3500.0","200.0","4","Mutuelle Ville","TUNIS","north","Rent","Villa","2026-03-27T15:11:48.594066","new","","","90"
"2925","tunisieannonce_f20450df4095","tunisieannonce","2500.0","150.0","","La Soukra","TUNIS","north","Sale","Commercial","2026-03-26T23:20:34.724673","new","","","70"
"2926","tunisieannonce_f18abc632ff8","tunisieannonce","1800.0","1000.0","3","Khelidia","TUNIS","north","Rent","Commercial","2026-03-27T14:34:33.111015","new","","","90"
"2927","tunisieannonce_f10715cdc6b9","tunisieannonce","90000.0","40.0","","Ain Zaghouan","TUNIS","north","Sale","Commercial","2026-03-27T14:49:55.255956","new","","","90"
"2928","tunisieannonce_f11f0a049d1a","tunisieannonce","2000.0","120.0","1","Berge Du Lac","TUNIS","north","Rent","Commercial","2026-03-27T14:42:28.246430","new","","","90"
"2929","tunisieannonce_f089d4b5782c","tunisieannonce","195000.0","340.0","","Borj Louzir","TUNIS","north","Sale","Land","2026-03-27T14:42:36.188068","new","","","85"
"2930","tunisieannonce_f236f6880fa8","tunisieannonce","3100.0","726.0","3","La Goulette","TUNIS","north","Sale","Commercial","2026-03-27T14:24:18.465032","new","","","80"
"2931","tunisieannonce_f05e67cfbe5a","tunisieannonce","210000.0","54.0","3","Ain Zaghouan","TUNIS","north","Sale","Other","2026-03-27T15:28:41.821375","new","","","100"
"2932","tunisieannonce_f38d12183bda","tunisieannonce","1500.0","130.0","2","Jardins D'El Menzah","TUNIS","north","Rent","Apartment","2026-03-27T16:09:45.976844","new","","","90"
"2933","tunisieannonce_f32d33736980","tunisieannonce","4600.0","400.0","3","Gammart","TUNIS","north","Rent","Villa","2026-03-27T16:11:57.669843","new","","","90"
"2934","tunisieannonce_f3d77a4f7e05","tunisieannonce","3300.0","125.0","3","Berge Du Lac","TUNIS","north","Rent","Apartment","2026-03-27T15:45:48.402621","new","","","90"
"2935","tunisieannonce_f292dc7e465a","tunisieannonce","1800.0","70.0","2","Cite Ennasr 2","TUNIS","north","Rent","Apartment","2026-03-27T15:20:24.481243","new","","","90"
"2936","tunisieannonce_f32b70a1c306","tunisieannonce","150000.0","121.0","4","Mohamadia","TUNIS","north","Sale","Other","2026-03-27T14:42:10.178162","new","","","100"
"2937","tunisieannonce_f495bcd23ec4","tunisieannonce","850000.0","220.0","2","Bab Bhar","TUNIS","north","Sale","Land","2026-03-27T14:33:04.370457","new","","","100"
"2938","tunisieannonce_f550d5671ac3","tunisieannonce","420000.0","170.0","3","El Menzah 8","TUNIS","north","Sale","Villa","2026-03-27T15:00:52.722762","new","","","100"
"2939","tunisieannonce_f55dd760ec92","tunisieannonce","56000.0","700.0","1","Le Kram","TUNIS","north","Rent","Commercial","2026-03-27T14:52:22.768870","new","","","80"
"2940","tunisieannonce_f5ae73edd696","tunisieannonce","700.0","100.0","2","Bou Mhel","TUNIS","north","Rent","Villa","2026-03-27T14:53:23.084581","new","","","90"
"2941","tunisieannonce_f56db4a192b6","tunisieannonce","2557.0","341.0","","La Mannouba","TUNIS","north","Sale","Land","2026-03-27T16:08:09.529259","new","","","65"
"2942","tunisieannonce_f6e47b617f4e","tunisieannonce","150000.0","740.0","","Cite Touristique","TUNIS","north","Sale","Land","2026-03-26T23:24:06.210915","new","","","90"
"2943","tunisieannonce_f70733d5ca8a","tunisieannonce","2800.0","350.0","2","El Mourouj","TUNIS","north","Rent","Commercial","2026-03-27T16:14:38.546066","new","","","90"
"2944","tunisieannonce_f68e2cbe9c6e","tunisieannonce","1200.0","100.0","2","El Kantaoui","TUNIS","north","Rent","Apartment","2026-03-27T15:42:04.017336","new","","","90"
"2945","tunisieannonce_f705ce4fd65d","tunisieannonce","560000.0","120.0","2","Berge Du Lac","TUNIS","north","Sale","Apartment","2026-03-27T14:33:56.441291","new","","","100"
"2946","tunisieannonce_f6235bcded80","tunisieannonce","750.0","120.0","3","Bou Mhel","TUNIS","north","Rent","Villa","2026-03-27T14:55:59.490564","new","","","90"
"2947","tunisieannonce_f7b1492787a9","tunisieannonce","233160.0","804.0","","Cite 7 Novembre","TUNIS","north","Sale","Land","2026-03-27T16:09:38.579508","new","","","90"
"2948","tunisieannonce_f92c05bbac3e","tunisieannonce","1500.0","160.0","3","Cite Ennasr 1","TUNIS","north","Rent","Apartment","2026-03-26T23:19:40.615055","new","","","90"
"2949","tunisieannonce_f8753e837204","tunisieannonce","2500.0","660.0","","Caid Mhamed","TUNIS","north","Sale","Land","2026-03-27T15:58:37.523638","new","","","70"
"2950","tunisieannonce_fa2c6e26efce","tunisieannonce","345000.0","290.0","3","Ezzahra","TUNIS","north","Sale","Land","2026-03-27T15:42:12.941495","new","","","95"
"2951","tunisieannonce_f886a7622052","tunisieannonce","5500.0","800.0","","Sidi Thabet","TUNIS","north","Sale","Land","2026-03-27T14:32:27.058764","new","","","70"
"2952","tunisieannonce_fca723f4431d","tunisieannonce","1200.0","90.0","1","El Menzah 5","TUNIS","north","Rent","Villa","2026-03-27T15:11:09.169749","new","","","90"
"2953","tunisieannonce_fcb00a92fa5b","tunisieannonce","550.0","55.0","1","Ariana","TUNIS","north","Rent","Villa","2026-03-27T15:24:44.989090","new","","","85"
"2954","tunisieannonce_fc21e19086f8","tunisieannonce","150.0","75.0","1","Marsa Erriadh","TUNIS","north","Rent","Apartment","2026-03-27T14:29:31.663157","new","","","90"
"2955","tunisieannonce_fe6dbe96201a","tunisieannonce","700.0","100.0","2","Bou Mhel","TUNIS","north","Rent","Villa","2026-03-27T14:56:50.417978","new","","","90"
"2956","tunisieannonce_fe6681195043","tunisieannonce","180.0","50.0","2","Hammamet","TUNIS","north","Rent","Other","2026-03-27T16:17:52.207018","new","","","90"
"2957","tunisieannonce_feff2669533b","tunisieannonce","740000.0","178.0","3","Chotrana 2","TUNIS","north","Sale","Apartment","2026-03-27T14:38:24.255805","new","","","100"
"2958","tunisieannonce_fe641bcc05bb","tunisieannonce","550.0","40.0","1","Sfax El Jadida","TUNIS","north","Rent","Commercial","2026-03-27T14:50:03.913293","new","","","90"
"2959","tunisieannonce_feceeb068418","tunisieannonce","1100.0","659.0","","Riadh Landlous","TUNIS","north","Sale","Land","2026-03-27T16:14:21.974379","new","","","70"
"2960","tunisieannonce_fdc3dfac9ac7","tunisieannonce","553000.0","138.0","3","Chotrana 1","TUNIS","north","Sale","Apartment","2026-03-27T14:23:43.901152","new","","","100"
"2961","tunisieannonce_fed169b110cd","tunisieannonce","6000.0","1000.0","","Menzel Bouzelfa","TUNIS","north","Rent","Commercial","2026-03-27T14:35:48.784259","new","","","85"
"2962","tunisieannonce_feb7a32ba646","tunisieannonce","210000.0","100.0","3","Tunis Belvedere","TUNIS","north","Sale","Other","2026-03-27T15:10:15.380732","new","","","100"
"2963","affare_195701","affare","890000.0","430.0","3","Menzah","ARIANA","north","Sale","Villa","2026-03-28T23:52:42.726001","new","","","100"
"2964","affare_1700","affare","34000.0","1700.0","","Le Kram","TUNIS","north","Sale","Commercial","2026-03-28T23:50:21.960394","new","","","70"
"2965","affare_246565","affare","3750.0","160.0","1","Menzah","ARIANA","north","Rent","Land","2026-03-28T23:52:30.330740","new","","","90"
"2966","affare_247788","affare","","194.0","3","Ennasr","ARIANA","north","Sale","Apartment","2026-03-28T23:51:29.470384","new","","","80"
"2967","affare_256408","affare","1000.0","","1","Ennasr","ARIANA","north","Rent","Apartment","2026-03-28T23:51:35.963445","new","","","85"
"2968","affare_254124","affare","5245.0","286.0","","Le Kram","TUNIS","north","Sale","Commercial","2026-03-28T23:50:07.197167","new","","","70"
"2969","affare_254506","affare","5500.0","180.0","2","Les Berges Du Lac","TUNIS","north","Sale","Villa","2026-03-28T23:49:34.694292","new","","","80"
"2970","affare_256888","affare","17850.0","858.0","","Les Berges Du Lac","TUNIS","north","Sale","Commercial","2026-03-28T23:49:41.039400","new","","","70"
"2971","affare_258480","affare","","842.0","5","Menzah","ARIANA","north","Sale","Land","2026-03-28T23:52:16.236359","new","","","80"
"2972","affare_257667","affare","78250.0","3354.0","","Les Berges Du Lac","TUNIS","north","Sale","Commercial","2026-03-28T23:50:36.485090","new","","","70"
"2973","affare_257932","affare","","","","Ennasr","ARIANA","north","Sale","Commercial","2026-03-28T23:52:02.208971","new","","","30"
"2974","affare_258481","affare","","","4","Ennasr","ARIANA","north","Rent","Villa","2026-03-28T23:51:48.742508","new","","","65"
"2975","affare_259239","affare","324000.0","450.0","","Hergla","SOUSSE","east","Sale","Land","2026-03-28T23:49:00.357620","new","","","90"
"2976","affare_259234","affare","950.0","","2","Manar","ARIANA","north","Sale","Villa","2026-03-28T23:51:15.489147","new","","","65"
"2977","affare_259235","affare","900.0","","1","Manar","ARIANA","north","Sale","Apartment","2026-03-28T23:51:02.998377","new","","","65"
"2978","affare_259238","affare","162000.0","","2","Sousse Jawhara","SOUSSE","east","Sale","Apartment","2026-03-28T23:48:48.258455","new","","","85"
"2979","affare_259233","affare","750.0","","1","Menzah","ARIANA","north","Sale","Apartment","2026-03-28T23:50:50.752014","new","","","65"
"2980","affare_259236","affare","550.0","","1","Manar","ARIANA","north","Rent","Apartment","2026-03-28T23:49:23.001133","new","","","85"
"2981","affare_259240","affare","130000.0","100.0","2","Dar Châabane El Fehri","NABEUL","north","Sale","Apartment","2026-03-28T23:48:35.398210","new","","","100"
"2982","affare_259241","affare","57000.0","152.0","","Sousse Sidi Abdelhamid","SOUSSE","east","Sale","Land","2026-03-28T23:48:24.687221","new","","","90"
"2983","affare_259242","affare","420000.0","149.0","5","Sahloul","SOUSSE","east","Sale","Villa","2026-03-28T23:47:59.029200","new","","","100"
"2984","affare_259237","affare","850.0","","","Manar","ARIANA","north","Sale","Commercial","2026-03-28T23:49:12.380677","new","","","55"
"2985","affare_259243","affare","210000.0","90.0","3","Sousse Riadh","SOUSSE","east","Sale","Apartment","2026-03-28T23:48:11.694521","new","","","100"
"2986","affare_259245","affare","860000.0","400.0","4","Akouda","SOUSSE","east","Sale","Land","2026-03-28T23:47:33.536136","new","","","100"
"2987","affare_259249","affare","","","","Kasserine Nord","KASSERINE","west","Sale","Land","2026-03-28T23:46:46.989717","new","","","30"
"2988","affare_259246","affare","369000.0","250.0","4","Sousse Médina","SOUSSE","east","Sale","Land","2026-03-28T23:47:20.310213","new","","","100"
"2989","affare_2600","affare","65000.0","2600.0","","Mutuelleville","TUNIS","north","Sale","Commercial","2026-03-28T23:49:54.159106","new","","","70"
"2990","affare_259244","affare","150000.0","314.0","","Akouda","SOUSSE","east","Sale","Land","2026-03-28T23:47:46.928529","new","","","90"
"2991","affare_259247","affare","60000.0","26.0","","Sousse Riadh","SOUSSE","east","Sale","Commercial","2026-03-28T23:47:07.730541","new","","","90"
"2992","affare_259250","affare","5000.0","500.0","","Ezzahra","BEN AROUS","north","Rent","Commercial","2026-03-28T23:46:08.716997","new","","","80"
"2993","century21_4cf331615c12","century21","210000.0","120.0","2","El Menzah","ARIANA","north","Sale","Apartment","2026-03-28T23:56:41.230918","new","","","100"
"2994","mubawab_7120194","mubawab","","990.0","8","","","","Sale","Villa","2026-03-29T06:05:50.699482","new","","","15"
"2995","mubawab_7901510","mubawab","","550.0","11","","","","Sale","Villa","2026-03-29T06:04:21.654043","new","","","15"
"2996","mubawab_7811154","mubawab","","391.0","7","","","","Sale","Villa","2026-03-29T09:03:08.880730","new","","","15"
"2997","mubawab_7901519","mubawab","","600.0","5","","TUNIS","north","Sale","Villa","2026-03-29T09:03:42.516063","new","","","60"
"2998","mubawab_7951202","mubawab","","100.0","2","","ARIANA","north","Sale","Apartment","2026-03-29T05:36:38.161512","new","","","60"
"2999","mubawab_8029899","mubawab","","600.0","3","","TUNIS","north","Sale","Villa","2026-03-29T09:03:25.131301","new","","","60"
"3000","mubawab_8035210","mubawab","","118.0","1","","","","Sale","Apartment","2026-03-29T05:50:21.573654","new","","","15"
"3001","mubawab_8025531","mubawab","","131.0","2","","TUNIS","north","Sale","Apartment","2026-03-29T05:34:13.142731","new","","","60"
"3002","mubawab_8034640","mubawab","","120.0","1","","","","Sale","Apartment","2026-03-29T05:51:06.786863","new","","","15"
"3003","mubawab_8011728","mubawab","","780.0","14","","","","Sale","Villa","2026-03-29T09:03:13.414414","new","","","15"
"3004","mubawab_8035209","mubawab","","81.0","1","","","","Sale","Apartment","2026-03-29T05:49:37.862433","new","","","15"
"3005","mubawab_8087122","mubawab","","270.0","","","","","Sale","Villa","2026-03-29T05:58:02.195201","new","","","5"
"3006","mubawab_8102336","mubawab","","140.0","3","","","","Sale","Apartment","2026-03-29T05:47:06.230450","new","","","15"
"3007","mubawab_8114326","mubawab","","312.0","5","","","","Sale","Villa","2026-03-29T05:57:02.269675","new","","","15"
"3008","mubawab_8103162","mubawab","","132.0","4","","","","Sale","Commercial","2026-03-29T09:05:12.301991","new","","","15"
"3009","mubawab_8124657","mubawab","","40.5","4","","","","Sale","Apartment","2026-03-29T05:39:12.247086","new","","","15"
"3010","mubawab_8130938","mubawab","","102.0","3","","TUNIS","north","Sale","Apartment","2026-03-29T05:40:41.641358","new","","","55"
"3011","mubawab_8171622","mubawab","","196.0","18","","","","Sale","Villa","2026-03-29T06:05:05.811775","new","","","15"
"3012","mubawab_8167245","mubawab","","100.0","16","","","","Sale","Apartment","2026-03-29T05:43:57.212785","new","","","15"
"3013","mubawab_8235414","mubawab","","145.0","2","Hammam Sousse","SOUSSE","east","Sale","Apartment","2026-03-29T05:51:52.128239","new","","","65"
"3014","mubawab_8242807","mubawab","","280.0","3","","","","Sale","Villa","2026-03-29T09:03:18.789841","new","","","15"
"3015","mubawab_8260592","mubawab","","","","","","","Sale","Villa","2026-03-29T05:54:19.766637","new","","","0"
"3016","mubawab_8255178","mubawab","","105.0","2","","","","Sale","Apartment","2026-03-29T05:40:55.159296","new","","","15"
"3017","mubawab_8268829","mubawab","","390.0","4","","","","Sale","Villa","2026-03-29T06:00:18.536548","new","","","15"
"3018","mubawab_8267307","mubawab","","250.0","","","","","Sale","Villa","2026-03-29T06:01:57.496961","new","","","5"
"3019","mubawab_8270682","mubawab","","500.0","8","","","","Sale","Villa","2026-03-29T09:03:52.103940","new","","","15"
"3020","mubawab_8273443","mubawab","","105.0","","","TUNIS","north","Sale","Commercial","2026-03-29T09:04:07.258887","new","","","25"
"3021","mubawab_8269526","mubawab","","915.0","3","","TUNIS","north","Sale","Villa","2026-03-29T06:01:02.294608","new","","","60"
"3022","mubawab_8276594","mubawab","","112.0","1","","","","Sale","Apartment","2026-03-29T05:48:53.243054","new","","","15"
"3023","mubawab_8278029","mubawab","","102.0","5","","","","Sale","Apartment","2026-03-29T05:42:26.562422","new","","","15"
"3024","mubawab_8283549","mubawab","","110.0","7","","","","Sale","Apartment","2026-03-29T05:35:08.779152","new","","","15"
"3025","mubawab_8283565","mubawab","","39.0","4","","","","Sale","Apartment","2026-03-29T05:44:43.224601","new","","","15"
"3026","mubawab_8291063","mubawab","","300.0","4","","TUNIS","north","Sale","Villa","2026-03-29T05:57:47.483732","new","","","60"
"3027","mubawab_8289614","mubawab","","136.0","10","","","","Sale","Apartment","2026-03-29T05:39:57.697450","new","","","15"
"3028","mubawab_8287930","mubawab","","480.0","3","","","","Sale","Villa","2026-03-29T09:03:04.994187","new","","","15"
"3029","mubawab_8296977","mubawab","","70.0","3","","","","Sale","Apartment","2026-03-29T05:46:22.119692","new","","","15"
"3030","mubawab_8297021","mubawab","","575.0","4","","TUNIS","north","Sale","Villa","2026-03-29T06:03:27.051582","new","","","60"
"3031","mubawab_8301346","mubawab","","73.0","1","","","","Sale","Apartment","2026-03-29T05:38:28.006652","new","","","15"
"3032","mubawab_8299140","mubawab","","109.0","8","","","","Sale","Apartment","2026-03-29T05:35:53.942672","new","","","15"
"3033","mubawab_8299323","mubawab","","230.0","6","","","","Sale","Villa","2026-03-29T05:59:32.678341","new","","","15"
"3034","mubawab_8302433","mubawab","","134.0","7","","","","Sale","Apartment","2026-03-29T05:52:01.767003","new","","","15"
"3035","mubawab_8307885","mubawab","","60.0","4","","","","Sale","Apartment","2026-03-29T05:36:57.994207","new","","","15"
"3036","mubawab_8308446","mubawab","","74.0","1","Hammam Sousse","SOUSSE","east","Sale","Apartment","2026-03-29T05:51:56.799280","new","","","65"
"3037","mubawab_8311825","mubawab","","81.0","2","","TUNIS","north","Sale","Apartment","2026-03-29T05:45:28.992776","new","","","60"
"3038","mubawab_8312759","mubawab","","300.0","7","","","","Sale","Villa","2026-03-29T05:58:47.998842","new","","","15"
"3039","mubawab_8312666","mubawab","","117.0","1","","","","Sale","Apartment","2026-03-29T05:45:37.493201","new","","","15"
"3040","mubawab_8316021","mubawab","","147.0","5","","","","Sale","Apartment","2026-03-29T05:43:11.654305","new","","","15"
"3041","mubawab_8322635","mubawab","","137.0","3","","","","Sale","Apartment","2026-03-29T05:41:41.130081","new","","","15"
"3042","mubawab_8322193","mubawab","","380.0","3","","","","Sale","Villa","2026-03-29T06:03:37.523616","new","","","15"
"3043","mubawab_8322888","mubawab","","90.0","6","","","","Sale","Apartment","2026-03-29T05:48:06.740443","new","","","15"
"3044","mubawab_8322557","mubawab","","60.0","2","","TUNIS","north","Sale","Apartment","2026-03-29T05:36:48.147195","new","","","60"
"3045","newkey_129653","newkey","290000.0","","","Appartement","","","Sale","Apartment","2026-03-29T09:12:57.386052","new","","","30"
"3046","newkey_130690","newkey","1750.0","","","Appartement","","","Sale","Apartment","2026-03-29T09:09:05.002540","new","","","10"
"3047","newkey_130692","newkey","1550.0","","","Appartement","","","Sale","Apartment","2026-03-29T09:08:57.946795","new","","","10"
"3048","64891","tecnocasa","680000.0","210.0","","Hammamet","Cap Bon","","Sale","Villa","2026-03-29T09:40:39.747585","new","","","90"
"3049","tunisieannonce_00f2852cdaa4","tunisieannonce","2496.0","126.0","4","Berge Du Lac","TUNIS","north","Rent","Commercial","2026-03-29T10:55:39.694829","new","","","90"
"3050","tunisieannonce_0288217ea7e8","tunisieannonce","1600.0","90.0","2","Cite Jardins","TUNIS","north","Rent","Villa","2026-03-29T11:31:41.662303","new","","","90"
"3051","tunisieannonce_02fc987a8abb","tunisieannonce","1200.0","20.0","1","El Menzah 6","TUNIS","north","Rent","Apartment","2026-03-29T11:04:51.137344","new","","","75"
"3052","tunisieannonce_03262d41acb4","tunisieannonce","208000.0","58.0","2","Ain Zaghouan","TUNIS","north","Sale","Apartment","2026-03-29T11:27:16.537320","new","","","100"
"3053","tunisieannonce_0317e5929a3e","tunisieannonce","550000.0","373.0","2","Akouda","TUNIS","north","Sale","Villa","2026-03-29T10:42:07.514523","new","","","100"
"3054","tunisieannonce_037880e6e507","tunisieannonce","600.0","40.0","3","Bab Bhar","TUNIS","north","Rent","Commercial","2026-03-29T11:06:21.893362","new","","","85"
"3055","tunisieannonce_03d85d888e67","tunisieannonce","395000.0","87.0","1","El Kantaoui","TUNIS","north","Sale","Apartment","2026-03-29T10:20:12.826340","new","","","100"
"3056","tunisieannonce_03b6a0a40864","tunisieannonce","225000.0","150.0","","Raoued","TUNIS","north","Sale","Villa","2026-03-29T09:46:26.466353","new","","","85"
"3057","tunisieannonce_04693ec5cfbd","tunisieannonce","350000.0","","","Mateur","TUNIS","north","Sale","Land","2026-03-29T10:17:56.599568","new","","","70"
"3058","tunisieannonce_073b0c8b8dc5","tunisieannonce","500.0","2025.0","2","Hammamet","TUNIS","north","Rent","Villa","2026-03-29T11:39:10.390816","new","","","80"
"3059","tunisieannonce_0773a2e5a552","tunisieannonce","550.0","70.0","2","Ezzahra","TUNIS","north","Rent","Apartment","2026-03-29T11:09:31.592096","new","","","85"
"3060","tunisieannonce_08c69987e354","tunisieannonce","2200.0","129.0","2","Jardins De Carthage","TUNIS","north","Rent","Apartment","2026-03-29T10:25:54.082746","new","","","60"
"3061","tunisieannonce_0a1ce4665261","tunisieannonce","2200.0","70.0","1","El Aouina","TUNIS","north","Rent","Apartment","2026-03-29T10:43:50.453475","new","","","90"
"3062","tunisieannonce_08ec64f3f2e1","tunisieannonce","2933.0","170.0","","Le Kram","TUNIS","north","Rent","Commercial","2026-03-29T11:35:14.472868","new","","","80"
"3063","tunisieannonce_0b120cd33729","tunisieannonce","1600.0","45.0","1","Cite Ennasr 2","TUNIS","north","Rent","Apartment","2026-03-29T11:12:44.353359","new","","","90"
"3064","tunisieannonce_0b5ceabe48b0","tunisieannonce","570000.0","1000.0","","Bou Mhel","TUNIS","north","Sale","Land","2026-03-29T10:02:44.217995","new","","","85"
"3065","tunisieannonce_0c070504db86","tunisieannonce","16000.0","","4","Soliman","TUNIS","north","Sale","Commercial","2026-03-29T10:08:42.321193","new","","","85"
"3066","tunisieannonce_0b97934ec6c4","tunisieannonce","6500.0","245.0","2","Hammamet","TUNIS","north","Rent","Villa","2026-03-29T11:30:18.000788","new","","","90"
"3067","tunisieannonce_0d34a1ef0e60","tunisieannonce","200000.0","182.0","2","Sousse Khezama","TUNIS","north","Sale","Commercial","2026-03-29T10:18:21.102487","new","","","100"
"3068","tunisieannonce_0cac0f203518","tunisieannonce","50000.0","300.0","","Charaf","TUNIS","north","Sale","Land","2026-03-29T10:09:54.254007","new","","","90"
"3069","tunisieannonce_0d242aa4306f","tunisieannonce","630000.0","210.0","3","Marsa Erriadh","TUNIS","north","Sale","Land","2026-03-29T11:19:52.494470","new","","","100"
"3070","tunisieannonce_0de93a11a9d4","tunisieannonce","220000.0","200.0","3","Raoued","TUNIS","north","Sale","Commercial","2026-03-29T11:38:35.280666","new","","","100"
"3071","tunisieannonce_0e897ded0f62","tunisieannonce","1100.0","2026.0","2","Ain Zaghouan","TUNIS","north","Rent","Apartment","2026-03-29T10:03:35.037706","new","","","80"
"3072","tunisieannonce_0f34ccae32a6","tunisieannonce","1500.0","130.0","3","Jardins D'El Menzah","TUNIS","north","Rent","Apartment","2026-03-29T11:11:18.130152","new","","","90"
"3073","tunisieannonce_0edfe060db84","tunisieannonce","500.0","100.0","1","Sfax","TUNIS","north","Rent","Apartment","2026-03-29T10:07:48.815437","new","","","90"
"3074","tunisieannonce_10caa8390bb7","tunisieannonce","150000.0","1000.0","","Hammamet","TUNIS","north","Sale","Land","2026-03-29T10:30:07.192204","new","","","90"
"3075","tunisieannonce_10cfca54a849","tunisieannonce","450000.0","400.0","4","Akouda","TUNIS","north","Sale","Land","2026-03-29T10:48:38.928767","new","","","100"
"3076","tunisieannonce_128ed2c9c37f","tunisieannonce","550.0","75.0","2","Rades","TUNIS","north","Rent","Apartment","2026-03-29T11:09:06.873595","new","","","85"
"3077","tunisieannonce_11c447a1074a","tunisieannonce","135000.0","80.0","2","Village Mediterranee","TUNIS","north","Sale","Apartment","2026-03-29T11:25:20.906828","new","","","100"
"3078","tunisieannonce_1117f5038cd1","tunisieannonce","540.0","110.0","2","Hammam Chatt","TUNIS","north","Rent","Other","2026-03-29T10:11:45.050864","new","","","85"
"3079","tunisieannonce_1316acbb0b98","tunisieannonce","4500.0","500.0","2","La Soukra","TUNIS","north","Rent","Other","2026-03-29T10:19:17.188965","new","","","90"
"3080","tunisieannonce_14d3d6c34813","tunisieannonce","1800.0","180.0","4","Cite Bhar Lazreg","TUNIS","north","Rent","Commercial","2026-03-29T11:00:04.296239","new","","","90"
"3081","tunisieannonce_14c17f2dd17e","tunisieannonce","206400.0","344.0","","Oued Ellil","TUNIS","north","Sale","Land","2026-03-29T10:33:47.508043","new","","","85"
"3082","tunisieannonce_1603b46f7c94","tunisieannonce","7500.0","275.0","","Berge Du Lac","TUNIS","north","Sale","Commercial","2026-03-29T10:46:44.948177","new","","","70"
"3083","tunisieannonce_162f78214c71","tunisieannonce","650.0","104.0","1","Mtorrech","TUNIS","north","Rent","Apartment","2026-03-29T09:56:26.553945","new","","","90"
"3084","tunisieannonce_1629b9730ca9","tunisieannonce","1600.0","125.0","2","Cite Ennasr 2","TUNIS","north","Rent","Apartment","2026-03-29T09:55:23.845482","new","","","90"
"3085","tunisieannonce_15a707cce854","tunisieannonce","2500.0","110.0","1","Riadh Landlous","TUNIS","north","Rent","Apartment","2026-03-29T11:13:02.350278","new","","","90"
"3086","tunisieannonce_174019a4d537","tunisieannonce","1800.0","120.0","4","Berge Du Lac","TUNIS","north","Rent","Apartment","2026-03-29T10:19:54.560989","new","","","90"
"3087","tunisieannonce_17a8a68ade94","tunisieannonce","3300.0","155.0","4","Berge Du Lac","TUNIS","north","Rent","Apartment","2026-03-29T10:19:45.208796","new","","","90"
"3088","tunisieannonce_19be7fb7db0b","tunisieannonce","140000.0","60.0","2","El Mourouj","TUNIS","north","Sale","Apartment","2026-03-29T11:29:16.575641","new","","","100"
"3089","tunisieannonce_18a225d64af2","tunisieannonce","980000.0","529.0","4","Borj Cedria","TUNIS","north","Sale","Land","2026-03-29T11:33:26.375973","new","","","100"
"3090","tunisieannonce_1915bc7428c9","tunisieannonce","4000.0","800.0","4","Cite Ennasr 2","TUNIS","north","Sale","Land","2026-03-29T11:22:33.789095","new","","","75"
"3091","tunisieannonce_18e266a3c2be","tunisieannonce","145000.0","90.0","2","Sahloul","TUNIS","north","Sale","Apartment","2026-03-29T11:46:59.540876","new","","","100"
"3092","tunisieannonce_1b9a59418cd2","tunisieannonce","1500.0","623.0","","Cite Oplympique","TUNIS","north","Sale","Land","2026-03-29T11:18:26.727236","new","","","65"
"3093","tunisieannonce_1d249a67951f","tunisieannonce","1500.0","60.0","1","Zone Hoteliere","TUNIS","north","Rent","Apartment","2026-03-29T10:48:30.343076","new","","","90"
"3094","tunisieannonce_1d1c108e8b99","tunisieannonce","150000.0","928.0","","Ain El Mayel","TUNIS","north","Sale","Land","2026-03-29T10:57:34.701189","new","","","90"
"3095","tunisieannonce_1cc51d6d4dbe","tunisieannonce","1300.0","120.0","4","Cartage Byrsa","TUNIS","north","Rent","Apartment","2026-03-29T09:49:11.468973","new","","","90"
"3096","tunisieannonce_1d34c13c32f8","tunisieannonce","1800.0","70.0","1","Cite Ennasr 1","TUNIS","north","Rent","Apartment","2026-03-29T11:13:24.892262","new","","","90"
"3097","tunisieannonce_1e315a1ede3f","tunisieannonce","362000.0","425.0","","El Kantaoui","TUNIS","north","Sale","Land","2026-03-29T11:24:12.689364","new","","","85"
"3098","tunisieannonce_1e5bf7fc9559","tunisieannonce","3500.0","80.0","1","Gammart","TUNIS","north","Rent","Apartment","2026-03-29T11:16:42.604783","new","","","90"
"3099","tunisieannonce_2091e416c9b6","tunisieannonce","1200.0","110.0","1","Cite Ennasr 2","TUNIS","north","Rent","Apartment","2026-03-29T10:36:11.196536","new","","","90"
"3100","tunisieannonce_1fef47a75618","tunisieannonce","65000.0","75.0","3","El Aouina","TUNIS","north","Sale","Commercial","2026-03-29T11:39:52.441910","new","","","100"
"3101","tunisieannonce_205bfc0f493b","tunisieannonce","68000.0","600.0","","Hammamet","TUNIS","north","Sale","Land","2026-03-29T10:50:58.137542","new","","","90"
"3102","tunisieannonce_219f48bfcfe8","tunisieannonce","30000.0","13.0","1","Sfax","TUNIS","north","Sale","Other","2026-03-29T11:23:37.964960","new","","","95"
"3103","tunisieannonce_21ca4adade13","tunisieannonce","300.0","307.0","3","Tunis Belvedere","TUNIS","north","Rent","Commercial","2026-03-29T11:43:59.061571","new","","","80"
"3104","tunisieannonce_2093df6a1351","tunisieannonce","4000.0","90.0","","Gammart","TUNIS","north","Rent","Apartment","2026-03-29T11:32:02.921772","new","","","80"
"3105","tunisieannonce_22132d25a9ef","tunisieannonce","920000.0","585.0","","Cite Ennasr 2","TUNIS","north","Sale","Land","2026-03-29T10:52:55.604310","new","","","90"
"3106","tunisieannonce_230119f58d4e","tunisieannonce","850.0","2026.0","3","El Manar 2","TUNIS","north","Rent","Commercial","2026-03-29T10:37:27.157930","new","","","80"
"3107","tunisieannonce_234dbc7019b5","tunisieannonce","1200.0","50.0","1","Cite Du Stade","TUNIS","north","Rent","Apartment","2026-03-29T11:08:09.307591","new","","","85"
"3108","tunisieannonce_23a791f1d38f","tunisieannonce","720.0","80.0","2","Cite El Khadra","TUNIS","north","Rent","Apartment","2026-03-29T10:25:27.184074","new","","","85"
"3109","tunisieannonce_244cb47f2aa7","tunisieannonce","1200.0","60.0","1","Residence Zahret El Mourouj","TUNIS","north","Rent","Apartment","2026-03-29T10:16:55.114181","new","","","85"
"3110","tunisieannonce_23b17e6d24f0","tunisieannonce","11111.0","70.0","3","Ezzahra","TUNIS","north","Sale","Apartment","2026-03-29T11:12:01.547230","new","","","75"
"3111","tunisieannonce_25f29899dcdb","tunisieannonce","677500.0","271.0","","Cite Sahloul","TUNIS","north","Sale","Land","2026-03-29T10:18:40.046845","new","","","90"
"3112","tunisieannonce_2685ef7abe7d","tunisieannonce","1500.0","350.0","2","Sfax","TUNIS","north","Rent","Apartment","2026-03-29T11:23:21.818937","new","","","85"
"3113","tunisieannonce_25d97fdc9ec6","tunisieannonce","23600.0","832.0","","Republique","TUNIS","north","Rent","Commercial","2026-03-29T11:33:45.750784","new","","","70"
"3114","tunisieannonce_261cd45aceee","tunisieannonce","480000.0","310.0","4","El Menzah 8","TUNIS","north","Sale","Villa","2026-03-29T11:41:21.053461","new","","","100"
"3115","tunisieannonce_2811f064217e","tunisieannonce","5900.0","450.0","8","El Menzah 1","TUNIS","north","Rent","Land","2026-03-29T11:43:06.548177","new","","","90"
"3116","tunisieannonce_2768007c2e90","tunisieannonce","1850.0","110.0","2","Jardins De Carthage","TUNIS","north","Rent","Apartment","2026-03-29T10:28:57.261849","new","","","90"
"3117","tunisieannonce_27f2fefff5d1","tunisieannonce","638000.0","168.0","2","La Soukra","TUNIS","north","Sale","Villa","2026-03-29T11:32:54.977910","new","","","100"
"3118","tunisieannonce_295bb01c8a62","tunisieannonce","1200.0","110.0","2","Chaabet El Mrezga","TUNIS","north","Rent","Apartment","2026-03-29T10:14:41.919500","new","","","90"
"3119","tunisieannonce_296d7dd924a2","tunisieannonce","165000.0","46.0","1","Chatt Meriem","TUNIS","north","Sale","Apartment","2026-03-29T10:26:12.864085","new","","","100"
"3120","tunisieannonce_29b86daaa44d","tunisieannonce","900.0","80.0","3","El Manar 2","TUNIS","north","Sale","Commercial","2026-03-29T10:52:46.065188","new","","","75"
"3121","tunisieannonce_2b240f97fa50","tunisieannonce","350.0","100.0","2","Cite Hedi Nouira","TUNIS","north","Rent","Apartment","2026-03-29T10:05:30.283187","new","","","85"
"3122","tunisieannonce_2aa9b549c42c","tunisieannonce","180000.0","110.0","3","Cite El Mourouj 3 Bis","TUNIS","north","Sale","Apartment","2026-03-29T09:43:51.352123","new","","","100"
"3123","tunisieannonce_2be4ea76d55c","tunisieannonce","1150.0","","","Cite Sahloul","TUNIS","north","Sale","Land","2026-03-29T10:52:35.990525","new","","","55"
"3124","tunisieannonce_2b134503ad3b","tunisieannonce","950.0","36.0","2","El Kantaoui","TUNIS","north","Rent","Apartment","2026-03-29T10:41:48.743548","new","","","90"
"3125","tunisieannonce_2caa6e036de6","tunisieannonce","1800.0","70.0","1","Cite Ennasr 2","TUNIS","north","Rent","Apartment","2026-03-29T11:12:35.511492","new","","","90"
"3126","tunisieannonce_2fa470c21bf3","tunisieannonce","77500.0","115.0","","Kelibia","TUNIS","north","Sale","Land","2026-03-29T10:11:37.932982","new","","","90"
"3127","tunisieannonce_2f3b3d5bc278","tunisieannonce","140000.0","172.0","3","Cite Moez 4","TUNIS","north","Sale","Villa","2026-03-29T10:10:19.466450","new","","","95"
"3128","tunisieannonce_2f78eeabe70e","tunisieannonce","2000.0","115.0","2","Ezzahra","TUNIS","north","Rent","Apartment","2026-03-29T11:04:18.667694","new","","","90"
"3129","tunisieannonce_2f4de7295a5a","tunisieannonce","2100.0","70.0","1","Cite Ennasr 2","TUNIS","north","Rent","Other","2026-03-29T11:05:30.238145","new","","","90"
"3130","tunisieannonce_2ecafbf607c0","tunisieannonce","3400.0","152.0","4","Berge Du Lac","TUNIS","north","Rent","Commercial","2026-03-29T10:25:45.679375","new","","","90"
"3131","tunisieannonce_2fb781415683","tunisieannonce","900.0","130.0","1","Ariana","TUNIS","north","Rent","Apartment","2026-03-29T11:15:26.328820","new","","","85"
"3132","tunisieannonce_30ba0e46a952","tunisieannonce","3450.0","970.0","1","El Kantaoui","TUNIS","north","Sale","Land","2026-03-29T10:23:29.935963","new","","","80"
"3133","tunisieannonce_32c9f04fe454","tunisieannonce","9000.0","890.0","2","Akouda","TUNIS","north","Rent","Land","2026-03-29T10:27:20.352850","new","","","90"
"3134","tunisieannonce_323d87f1f9a7","tunisieannonce","1700.0","1000.0","","Sidi Daoud","TUNIS","north","Sale","Land","2026-03-29T11:10:36.422868","new","","","70"
"3135","tunisieannonce_33757df96ed8","tunisieannonce","1190.0","","5","El Frinine","TUNIS","north","Sale","Land","2026-03-29T09:59:54.743040","new","","","60"
"3136","tunisieannonce_34c118147160","tunisieannonce","18700.0","700.0","3","Mutuelle Ville","TUNIS","north","Rent","Villa","2026-03-29T10:55:17.229748","new","","","80"
"3137","tunisieannonce_34a773a6c668","tunisieannonce","900.0","","1","El Manar 1","TUNIS","north","Rent","Apartment","2026-03-29T10:50:11.693128","new","","","85"
"3138","tunisieannonce_3628475c999a","tunisieannonce","260000.0","470.0","","Cite Chaker","TUNIS","north","Sale","Land","2026-03-29T11:39:44.150649","new","","","90"
"3139","tunisieannonce_359464efac1e","tunisieannonce","35000.0","700.0","4","Berge Du Lac","TUNIS","north","Rent","Commercial","2026-03-29T11:44:08.916588","new","","","80"
"3140","tunisieannonce_36a82c80a74a","tunisieannonce","25730.0","235.0","3","Tunis Belvedere","TUNIS","north","Rent","Commercial","2026-03-29T11:46:19.635914","new","","","80"
"3141","tunisieannonce_364fdf328ffa","tunisieannonce","700000.0","65.0","2","Marsa Safsaf","TUNIS","north","Sale","Apartment","2026-03-29T11:07:50.418076","new","","","75"
"3142","tunisieannonce_352ffd48c84c","tunisieannonce","150.0","75.0","1","Ain Zaghouan","TUNIS","north","Rent","Commercial","2026-03-29T11:52:35.243795","new","","","90"
"3143","tunisieannonce_351aeaf65d09","tunisieannonce","1500.0","130.0","2","Cite Ennasr 2","TUNIS","north","Rent","Apartment","2026-03-29T11:17:28.125567","new","","","90"
"3144","tunisieannonce_36e3954244b5","tunisieannonce","155000.0","103.0","","Bab Bhar","TUNIS","north","Sale","Commercial","2026-03-29T10:54:34.357092","new","","","90"
"3145","tunisieannonce_37cf5e34568f","tunisieannonce","75000.0","500.0","","Borj Youssef","TUNIS","north","Sale","Land","2026-03-29T10:23:49.662484","new","","","85"
"3146","tunisieannonce_3924c1fce5bb","tunisieannonce","950.0","2026.0","2","El Manar 1","TUNIS","north","Rent","Villa","2026-03-29T10:54:42.218711","new","","","80"
"3147","tunisieannonce_39208223e449","tunisieannonce","1700.0","150.0","3","El Menzah 6","TUNIS","north","Rent","Apartment","2026-03-29T09:42:58.548809","new","","","90"
"3148","tunisieannonce_39dfa06f8ae7","tunisieannonce","75000.0","100.0","","Bou Achir","TUNIS","north","Sale","Land","2026-03-29T10:48:58.057187","new","","","90"
"3149","tunisieannonce_3ab6cf5178b7","tunisieannonce","1600.0","200.0","","Hammam Sousse","TUNIS","north","Sale","Land","2026-03-29T11:24:03.986648","new","","","65"
"3150","tunisieannonce_3af71ada6b3d","tunisieannonce","900000.0","","","El Kharrouba","TUNIS","north","Sale","Land","2026-03-29T10:02:10.637568","new","","","70"
"3151","tunisieannonce_3b084eff09ba","tunisieannonce","750000.0","375.0","4","Cite Touristique","TUNIS","north","Sale","Villa","2026-03-29T10:04:59.148030","new","","","100"
"3152","tunisieannonce_3b14bc9cd72a","tunisieannonce","700.0","200.0","1","Ariana","TUNIS","north","Rent","Other","2026-03-29T11:15:02.249625","new","","","85"
"3153","tunisieannonce_3a2aef5b7c0f","tunisieannonce","680000.0","890.0","","Borj Touil","TUNIS","north","Sale","Land","2026-03-29T11:10:45.548595","new","","","85"
"3154","tunisieannonce_3c23f05a1e88","tunisieannonce","1650.0","400.0","3","Tunis Belvedere","TUNIS","north","Sale","Commercial","2026-03-29T09:54:45.161781","new","","","75"
"3155","tunisieannonce_3d4752c24e53","tunisieannonce","300000.0","387.0","2","Kalaa Essghira","TUNIS","north","Sale","Land","2026-03-29T10:22:16.167509","new","","","100"
"3156","tunisieannonce_3cd8f1b429cd","tunisieannonce","2200.0","38.0","4","El Aouina","TUNIS","north","Rent","Commercial","2026-03-29T10:48:12.748399","new","","","75"
"3157","tunisieannonce_3dfa7ff36410","tunisieannonce","750.0","100.0","1","Riadh Landlous","TUNIS","north","Rent","Villa","2026-03-29T11:27:41.628066","new","","","90"
"3158","tunisieannonce_3d6802865453","tunisieannonce","1100.0","50.0","2","Ain Zaghouan","TUNIS","north","Rent","Apartment","2026-03-29T10:49:53.946269","new","","","90"
"3159","tunisieannonce_3f0e3508c949","tunisieannonce","680.0","70.0","2","Cite El Khadra","TUNIS","north","Rent","Apartment","2026-03-29T10:28:13.340664","new","","","85"
"3160","tunisieannonce_3e6c885e145e","tunisieannonce","2200.0","150.0","1","Kelibia","TUNIS","north","Rent","Apartment","2026-03-29T10:17:03.555770","new","","","90"
"3161","tunisieannonce_3e1c50ff0464","tunisieannonce","1200.0","20.0","1","El Menzah 5","TUNIS","north","Rent","Apartment","2026-03-29T10:45:28.620786","new","","","80"
"3162","tunisieannonce_3fc151489f3d","tunisieannonce","1150.0","624.0","4","Cite Oplympique","TUNIS","north","Sale","Villa","2026-03-29T11:26:09.934517","new","","","75"
"3163","tunisieannonce_3e3fe08a6079","tunisieannonce","700.0","60.0","1","Riadh Landlous","TUNIS","north","Rent","Apartment","2026-03-29T11:23:13.061531","new","","","90"
"3164","tunisieannonce_40a08d801f42","tunisieannonce","1200.0","1000.0","","Sidi Daoud","TUNIS","north","Sale","Land","2026-03-29T11:03:01.268689","new","","","70"
"3165","tunisieannonce_412fdf2445ef","tunisieannonce","1200.0","100.0","3","Megrine","TUNIS","north","Rent","Villa","2026-03-29T09:49:19.322813","new","","","85"
"3166","tunisieannonce_40df5cc5b776","tunisieannonce","325000.0","325.0","2","Borj Louzir","TUNIS","north","Sale","Land","2026-03-29T10:21:34.087486","new","","","95"
"3167","tunisieannonce_434f7ebe8537","tunisieannonce","1890.0","81.0","4","Berge Du Lac","TUNIS","north","Rent","Commercial","2026-03-29T11:43:48.915383","new","","","90"
"3168","tunisieannonce_43316239f019","tunisieannonce","2200.0","120.0","2","Ezzahra","TUNIS","north","Rent","Apartment","2026-03-29T11:04:09.977794","new","","","90"
"3169","tunisieannonce_433caab68a02","tunisieannonce","245000.0","104.0","2","El Aouina","TUNIS","north","Sale","Apartment","2026-03-29T11:11:25.973336","new","","","100"
"3170","tunisieannonce_42e61e94c0e9","tunisieannonce","230000.0","41.0","1","Chaabet El Mrezga","TUNIS","north","Sale","Apartment","2026-03-29T09:59:44.110899","new","","","95"
"3171","tunisieannonce_430b226dd4be","tunisieannonce","870000.0","220.0","4","Cite De La Plage 1","TUNIS","north","Sale","Apartment","2026-03-29T10:23:18.821154","new","","","100"
"3172","tunisieannonce_438cb74e4f5a","tunisieannonce","5500.0","230.0","3","El Menzah 9","TUNIS","north","Rent","Commercial","2026-03-29T11:34:46.840400","new","","","90"
"3173","tunisieannonce_449711d5a332","tunisieannonce","3000.0","40.0","","Berge Du Lac","TUNIS","north","Sale","Commercial","2026-03-29T11:16:26.685108","new","","","70"
"3174","tunisieannonce_43ecf99ff26a","tunisieannonce","110000.0","90.0","2","Bou Kornine","TUNIS","north","Sale","Apartment","2026-03-29T11:10:12.209293","new","","","100"
"3175","tunisieannonce_43e4d8cddfd7","tunisieannonce","770000.0","150.0","3","Marsa Safsaf","TUNIS","north","Sale","Villa","2026-03-29T11:07:59.314714","new","","","95"
"3176","tunisieannonce_45357056027a","tunisieannonce","25730.0","235.0","3","Tunis Belvedere","TUNIS","north","Rent","Commercial","2026-03-29T11:34:32.780946","new","","","80"
"3177","tunisieannonce_44d5963c25a2","tunisieannonce","448000.0","592.0","2","Hammamet","TUNIS","north","Sale","Land","2026-03-29T10:49:16.221175","new","","","100"
"3178","tunisieannonce_4619c2a0144f","tunisieannonce","1150.0","70.0","1","El Aouina","TUNIS","north","Rent","Apartment","2026-03-29T10:38:11.935029","new","","","90"
"3179","tunisieannonce_46d75b2b6d92","tunisieannonce","3600.0","220.0","4","Berge Du Lac","TUNIS","north","Rent","Commercial","2026-03-29T11:31:52.540267","new","","","90"
"3180","tunisieannonce_46df34f9a422","tunisieannonce","450.0","70.0","2","El Mourouj","TUNIS","north","Rent","Apartment","2026-03-29T09:47:30.922322","new","","","85"
"3181","tunisieannonce_46dbb3404304","tunisieannonce","1050.0","826.0","","Chotrana 3","TUNIS","north","Sale","Land","2026-03-29T11:30:11.000932","new","","","70"
"3182","tunisieannonce_4751752e932b","tunisieannonce","250000.0","120.0","3","Ezzahra","TUNIS","north","Sale","Apartment","2026-03-29T11:11:35.203387","new","","","95"
"3183","tunisieannonce_48e747c683a2","tunisieannonce","2100.0","209.0","4","El Aouina","TUNIS","north","Rent","Apartment","2026-03-29T09:55:03.235724","new","","","90"
"3184","tunisieannonce_49360c23f013","tunisieannonce","8500.0","600.0","10","Mutuelle Ville","TUNIS","north","Rent","Commercial","2026-03-29T11:43:19.014060","new","","","90"
"3185","tunisieannonce_4a5048a817fa","tunisieannonce","850.0","160.0","2","Nabeul","TUNIS","north","Rent","Apartment","2026-03-29T10:10:04.759274","new","","","90"
"3186","tunisieannonce_4995e9817213","tunisieannonce","3900.0","280.0","2","Mutuelle Ville","TUNIS","north","Rent","Villa","2026-03-29T11:24:54.216495","new","","","85"
"3187","tunisieannonce_4b9669f7873e","tunisieannonce","320000.0","395.0","2","Marsa Ennassim","TUNIS","north","Sale","Land","2026-03-29T10:08:14.473281","new","","","95"
"3188","tunisieannonce_4aafb8643b54","tunisieannonce","350000.0","342.0","","La Soukra","TUNIS","north","Sale","Land","2026-03-29T11:12:25.411205","new","","","90"
"3189","tunisieannonce_4bf364c460b9","tunisieannonce","3500.0","957.0","3","Cartage Byrsa","TUNIS","north","Sale","Land","2026-03-29T11:29:46.099548","new","","","80"
"3190","tunisieannonce_4bd7b4952bc9","tunisieannonce","840000.0","576.0","","Midoun","TUNIS","north","Sale","Land","2026-03-29T10:21:42.167618","new","","","90"
"3191","tunisieannonce_4c801f7e601a","tunisieannonce","2400.0","80.0","","Berge Du Lac","TUNIS","north","Sale","Commercial","2026-03-29T10:53:50.960497","new","","","70"
"3192","tunisieannonce_4d287749044b","tunisieannonce","120000.0","250.0","","Oued Ellil","TUNIS","north","Sale","Land","2026-03-29T11:21:19.083343","new","","","90"
"3193","tunisieannonce_5071422f36de","tunisieannonce","3500.0","300.0","4","Sidi Bousaid","TUNIS","north","Rent","Villa","2026-03-29T11:21:09.172661","new","","","85"
"3194","tunisieannonce_50225084d665","tunisieannonce","1100.0","80.0","2","El Menzah 1","TUNIS","north","Rent","Commercial","2026-03-29T10:57:52.255545","new","","","85"
"3195","tunisieannonce_533ad629ffc6","tunisieannonce","4000.0","200.0","4","Berge Du Lac","TUNIS","north","Rent","Villa","2026-03-29T11:32:44.748611","new","","","90"
"3196","tunisieannonce_5352ce839203","tunisieannonce","1850.0","150.0","2","Ain Zaghouan","TUNIS","north","Rent","Apartment","2026-03-29T11:55:39.780545","price_up","50.0","2.78","90"
"3197","tunisieannonce_5488c6d40650","tunisieannonce","410.0","80.0","1","Cite El Hidhab","TUNIS","north","Rent","Apartment","2026-03-29T09:59:16.325218","new","","","85"
"3198","tunisieannonce_5464e1f30426","tunisieannonce","550.0","70.0","1","Hammam Lif","TUNIS","north","Rent","Apartment","2026-03-29T09:48:04.631999","new","","","85"
"3199","tunisieannonce_548fcda38c55","tunisieannonce","324000.0","450.0","","Hergla","TUNIS","north","Sale","Land","2026-03-29T10:30:16.070670","new","","","90"
"3200","tunisieannonce_550f5d5d54b9","tunisieannonce","8400.0","","4","Chatt Meriem","TUNIS","north","Rent","Villa","2026-03-29T10:27:31.384932","new","","","85"
"3201","tunisieannonce_5504e7a4fcbe","tunisieannonce","1850.0","150.0","2","La Soukra","TUNIS","north","Rent","Apartment","2026-03-29T11:56:25.887024","price_up","50.0","2.78","90"
"3202","tunisieannonce_55337763f80b","tunisieannonce","5000.0","120.0","","Berge Du Lac","TUNIS","north","Sale","Commercial","2026-03-29T11:16:01.331225","new","","","70"
"3203","tunisieannonce_55ce3994a836","tunisieannonce","700000.0","300.0","4","Cite Touristique","TUNIS","north","Sale","Land","2026-03-29T11:19:11.943918","new","","","100"
"3204","tunisieannonce_56169ddc5600","tunisieannonce","1050.0","60.0","1","El Aouina","TUNIS","north","Rent","Apartment","2026-03-29T11:40:18.847237","new","","","90"
"3205","tunisieannonce_5630049a3963","tunisieannonce","1100.0","50.0","1","Cite Ennasr 2","TUNIS","north","Rent","Other","2026-03-29T10:35:46.176260","new","","","90"
"3206","tunisieannonce_565726eff083","tunisieannonce","6400.0","550.0","","Kheireddine Pacha","TUNIS","north","Sale","Commercial","2026-03-29T09:57:22.748593","new","","","70"
"3207","tunisieannonce_571e1a9b86e1","tunisieannonce","85000.0","104.0","2","Douar Hicher","TUNIS","north","Sale","Apartment","2026-03-29T11:15:19.004795","new","","","100"
"3208","tunisieannonce_5687cbdc6279","tunisieannonce","695000.0","695.0","","Chotrana 2","TUNIS","north","Sale","Land","2026-03-29T09:50:40.795858","new","","","85"
"3209","tunisieannonce_57bc1c175471","tunisieannonce","1080.0","70.0","1","Borj El Baccouche","TUNIS","north","Rent","Apartment","2026-03-29T10:46:10.528788","new","","","90"
"3210","tunisieannonce_57ea86679c29","tunisieannonce","190000.0","117.0","3","Bab Bhar","TUNIS","north","Sale","Commercial","2026-03-29T09:47:09.995783","new","","","100"
"3211","tunisieannonce_581bc214a6c4","tunisieannonce","1700.0","70.0","1","Cite Ennasr 1","TUNIS","north","Rent","Apartment","2026-03-29T11:14:53.569552","new","","","90"
"3212","tunisieannonce_590f4f5090b8","tunisieannonce","2200.0","215.0","1","El Kantaoui","TUNIS","north","Sale","Land","2026-03-29T10:33:55.969184","new","","","80"
"3213","tunisieannonce_57d9ff225b4e","tunisieannonce","1900.0","75.0","2","Jardins De Carthage","TUNIS","north","Rent","Apartment","2026-03-29T11:28:21.118338","new","","","90"
"3214","tunisieannonce_5a0f10861994","tunisieannonce","185000.0","150.0","3","Rades Foret","TUNIS","north","Sale","Apartment","2026-03-29T11:11:52.591224","new","","","100"
"3215","tunisieannonce_59e38df76aad","tunisieannonce","600.0","120.0","2","Sfax","TUNIS","north","Rent","Apartment","2026-03-29T10:07:57.860364","new","","","90"
"3216","tunisieannonce_5a7020f9b898","tunisieannonce","900.0","100.0","1","El Mourouj","TUNIS","north","Rent","Apartment","2026-03-29T11:10:19.825169","new","","","85"
"3217","tunisieannonce_593f3b99ccaa","tunisieannonce","1600.0","65.0","1","Cite Ennasr 1","TUNIS","north","Rent","Villa","2026-03-29T11:13:50.036934","new","","","90"
"3218","tunisieannonce_5b675fd0170b","tunisieannonce","247000.0","75.0","1","Nabeul","TUNIS","north","Sale","Apartment","2026-03-29T11:42:45.556554","new","","","100"
"3219","tunisieannonce_5b4c78981f30","tunisieannonce","800.0","","2","Hammamet","TUNIS","north","Rent","Villa","2026-03-29T11:38:44.003993","new","","","85"
"3220","tunisieannonce_5b6822b854d2","tunisieannonce","3000.0","102.0","4","Berge Du Lac","TUNIS","north","Rent","Commercial","2026-03-29T11:27:50.090469","new","","","90"
"3221","tunisieannonce_5a95fdfda2b5","tunisieannonce","2500.0","117.0","2","Ezzahra","TUNIS","north","Rent","Other","2026-03-29T10:45:21.275907","new","","","90"
"3222","tunisieannonce_5b8954aee4e7","tunisieannonce","680000.0","230.0","4","Riadh Landlous","TUNIS","north","Sale","Villa","2026-03-29T09:47:38.778299","new","","","100"
"3223","tunisieannonce_5ba9589a2fe0","tunisieannonce","65650.0","150.0","4","Berge Du Lac","TUNIS","north","Rent","Commercial","2026-03-29T10:57:19.476259","new","","","80"
"3224","tunisieannonce_5da78bc089ce","tunisieannonce","2000.0","80.0","1","Cite Ennasr 2","TUNIS","north","Rent","Apartment","2026-03-29T11:12:08.336921","new","","","90"
"3225","tunisieannonce_5d972ecb60c1","tunisieannonce","35000.0","40.0","","Jaafar 2","TUNIS","north","Sale","Commercial","2026-03-29T11:25:30.401224","new","","","90"
"3226","tunisieannonce_5e3df743fed7","tunisieannonce","630000.0","150.0","2","Beni Khiar","TUNIS","north","Sale","Villa","2026-03-29T09:59:33.659096","new","","","100"
"3227","tunisieannonce_5eb02283623f","tunisieannonce","450000.0","615.0","","Kalaa El Kebira","TUNIS","north","Sale","Land","2026-03-29T11:02:07.704116","new","","","90"
"3228","tunisieannonce_5f440b7f897f","tunisieannonce","900.0","90.0","2","El Menzah 7","TUNIS","north","Rent","Apartment","2026-03-29T10:50:02.383867","new","","","85"
"3229","tunisieannonce_6020520c5a5e","tunisieannonce","200000.0","75.0","3","El Omrane","TUNIS","north","Sale","Villa","2026-03-29T10:34:33.899206","new","","","100"
"3230","tunisieannonce_5ff88f282fe9","tunisieannonce","1650.0","740.0","3","El Menzah 9","TUNIS","north","Sale","Villa","2026-03-29T10:07:03.368367","new","","","80"
"3231","tunisieannonce_60ef0648c0ee","tunisieannonce","360000.0","300.0","4","El Haouaria","TUNIS","north","Sale","Land","2026-03-29T11:18:45.591294","new","","","100"
"3232","tunisieannonce_61d77e3cbd40","tunisieannonce","1200.0","100.0","2","Cite Sahloul","TUNIS","north","Rent","Apartment","2026-03-29T10:20:26.791231","new","","","90"
"3233","tunisieannonce_620967e772a1","tunisieannonce","115000.0","316.0","","Rades","TUNIS","north","Sale","Land","2026-03-29T11:25:11.925773","new","","","85"
"3234","tunisieannonce_62c90b699023","tunisieannonce","4000.0","180.0","3","Berge Du Lac","TUNIS","north","Rent","Villa","2026-03-29T11:14:16.345654","new","","","90"
"3235","tunisieannonce_62c8ff8a21bc","tunisieannonce","750000.0","420.0","3","El Mourouj","TUNIS","north","Sale","Villa","2026-03-29T11:40:50.074461","new","","","100"
"3236","tunisieannonce_6379f21abca3","tunisieannonce","1800.0","70.0","1","Cite Ennasr 2","TUNIS","north","Rent","Apartment","2026-03-29T11:04:42.665954","new","","","90"
"3237","tunisieannonce_6438b1c4be18","tunisieannonce","2500.0","150.0","3","Republique","TUNIS","north","Rent","Commercial","2026-03-29T11:35:05.204420","new","","","90"
"3238","tunisieannonce_65969b9b2b05","tunisieannonce","220000.0","323.0","","Hammam Sousse Gharbi","TUNIS","north","Sale","Land","2026-03-29T10:13:15.030034","new","","","85"
"3239","tunisieannonce_665d74b730a6","tunisieannonce","1500.0","90.0","2","Sahloul","TUNIS","north","Rent","Apartment","2026-03-29T10:23:09.287084","new","","","90"
"3240","tunisieannonce_669fddac78bd","tunisieannonce","2400.0","800.0","2","Cite Du Stade","TUNIS","north","Sale","Land","2026-03-29T10:53:41.299900","new","","","80"
"3241","tunisieannonce_678ff5712a76","tunisieannonce","2600.0","150.0","4","Berge Du Lac","TUNIS","north","Rent","Apartment","2026-03-29T11:37:44.490399","new","","","90"
"3242","tunisieannonce_6888ccbf6790","tunisieannonce","135000.0","100.0","4","Residence El Ouns","TUNIS","north","Sale","Villa","2026-03-29T10:17:29.910900","new","","","95"
"3243","tunisieannonce_69ffe7759d4a","tunisieannonce","35000.0","","3","El Ansarine","TUNIS","north","Sale","Land","2026-03-29T11:16:18.124371","new","","","85"
"3244","tunisieannonce_69b900069876","tunisieannonce","1200.0","75.0","1","Cite Ennasr 2","TUNIS","north","Rent","Apartment","2026-03-29T11:31:23.884814","new","","","90"
"3245","tunisieannonce_6b3a9766048c","tunisieannonce","2000.0","777.0","2","Hammamet","TUNIS","north","Sale","Villa","2026-03-29T11:37:08.849130","new","","","80"
"3246","tunisieannonce_6b26f8a8f6b4","tunisieannonce","1200.0","75.0","1","Cite Ennasr 2","TUNIS","north","Rent","Apartment","2026-03-29T11:19:30.940828","new","","","90"
"3247","tunisieannonce_6c268f0bcb99","tunisieannonce","68000.0","800.0","","Hammamet","TUNIS","north","Sale","Land","2026-03-29T10:49:45.959808","new","","","80"
"3248","tunisieannonce_6ab79e61127f","tunisieannonce","11111.0","","2","Ben Arous","TUNIS","north","Rent","Other","2026-03-29T11:17:49.666887","new","","","60"
"3249","tunisieannonce_6e14100ae997","tunisieannonce","250000.0","300.0","","Raoued","TUNIS","north","Sale","Villa","2026-03-29T09:44:29.168688","new","","","85"
"3250","tunisieannonce_6e92a01a52b3","tunisieannonce","450.0","120.0","2","Cite Des Infirmiers","TUNIS","north","Rent","Villa","2026-03-29T09:43:07.986300","new","","","90"
"3251","tunisieannonce_6ecbe65f8512","tunisieannonce","503200.0","592.0","","Chotrana 3","TUNIS","north","Sale","Land","2026-03-29T09:50:32.188710","new","","","85"
"3252","tunisieannonce_6fac1f769c30","tunisieannonce","251580.0","193.0","","Sidi Bou Ali","TUNIS","north","Sale","Land","2026-03-29T10:19:25.742570","new","","","90"
"3253","tunisieannonce_6fca8072cc72","tunisieannonce","300000.0","110.0","2","Hammam Sousse","TUNIS","north","Sale","Apartment","2026-03-29T10:28:20.750899","new","","","100"
"3254","tunisieannonce_7088ab0702f9","tunisieannonce","2000.0","35.0","","Berge Du Lac","TUNIS","north","Sale","Commercial","2026-03-29T10:42:18.783513","new","","","70"
"3255","tunisieannonce_7212aa40c6e8","tunisieannonce","260000.0","100.0","3","El Mourouj","TUNIS","north","Sale","Apartment","2026-03-29T10:20:55.292111","new","","","95"
"3256","tunisieannonce_71ea2303fc4e","tunisieannonce","600000.0","470.0","","Jardins D'El Menzah","TUNIS","north","Sale","Villa","2026-03-29T10:47:26.531011","new","","","85"
"3257","tunisieannonce_723775c494f6","tunisieannonce","200000.0","92.0","1","Hammam Sousse","TUNIS","north","Sale","Apartment","2026-03-29T10:21:57.863015","new","","","100"
"3258","tunisieannonce_72a0c47361ce","tunisieannonce","470000.0","600.0","4","Cite Ennkhilet","TUNIS","north","Sale","Land","2026-03-29T11:33:57.488561","new","","","100"
"3259","tunisieannonce_72795fd7594f","tunisieannonce","600.0","75.0","3","Hammam Lif","TUNIS","north","Rent","Apartment","2026-03-29T11:14:08.912979","new","","","85"
"3260","tunisieannonce_73978a636162","tunisieannonce","2300.0","250.0","2","La Soukra","TUNIS","north","Sale","Land","2026-03-29T11:01:56.090760","new","","","80"
"3261","tunisieannonce_73373a8583a6","tunisieannonce","1700.0","1000.0","","Sidi Daoud","TUNIS","north","Sale","Land","2026-03-29T10:38:31.730069","new","","","70"
"3262","tunisieannonce_7470bdeb24c5","tunisieannonce","750.0","80.0","1","Riadh Landlous","TUNIS","north","Rent","Villa","2026-03-29T10:34:25.515348","new","","","90"
"3263","tunisieannonce_75749c49a955","tunisieannonce","450.0","50.0","1","Ariana","TUNIS","north","Rent","Commercial","2026-03-29T11:18:35.870540","new","","","85"
"3264","tunisieannonce_7610cb972a8e","tunisieannonce","165000.0","90.0","3","Hedi Chaker","TUNIS","north","Sale","Apartment","2026-03-29T09:47:20.799684","new","","","100"
"3265","tunisieannonce_7795c5f3eac1","tunisieannonce","1700.0","160.0","4","El Menzah 6","TUNIS","north","Rent","Apartment","2026-03-29T10:52:27.797999","new","","","85"
"3266","tunisieannonce_780c217c7b38","tunisieannonce","1800.0","70.0","1","Cite Ennasr 2","TUNIS","north","Rent","Apartment","2026-03-29T11:14:38.265519","new","","","90"
"3267","tunisieannonce_77f3e222bd16","tunisieannonce","700.0","60.0","1","Cite Ennasr 2","TUNIS","north","Rent","Apartment","2026-03-29T11:23:54.649999","new","","","90"
"3268","tunisieannonce_78d80a1e4abe","tunisieannonce","5435.0","233.0","4","Berge Du Lac","TUNIS","north","Rent","Commercial","2026-03-29T11:34:22.817914","new","","","90"
"3269","tunisieannonce_7abfb2fb8f20","tunisieannonce","2300.0","140.0","4","Berge Du Lac","TUNIS","north","Rent","Apartment","2026-03-29T10:50:41.156453","new","","","90"
"3270","tunisieannonce_7a775a0c30b5","tunisieannonce","2600.0","720.0","","Jardins D'El Menzah","TUNIS","north","Sale","Land","2026-03-29T09:51:14.032766","new","","","65"
"3271","tunisieannonce_7a228c70aba6","tunisieannonce","221000.0","340.0","","La Mannouba","TUNIS","north","Sale","Land","2026-03-29T10:47:44.504344","new","","","85"
"3272","tunisieannonce_7a78f2f1a0ac","tunisieannonce","430000.0","400.0","4","Borj El Amri","TUNIS","north","Sale","Villa","2026-03-29T11:41:09.532682","new","","","100"
"3273","tunisieannonce_7a762aed8f6c","tunisieannonce","2200.0","177.0","2","La Soukra","TUNIS","north","Rent","Villa","2026-03-29T11:31:14.071623","new","","","90"
"3274","tunisieannonce_7aa095e6319a","tunisieannonce","130000.0","77.0","2","El Mourouj","TUNIS","north","Sale","Apartment","2026-03-29T10:20:45.212432","new","","","95"
"3275","tunisieannonce_7c0c47530a05","tunisieannonce","900.0","80.0","3","El Manar 2","TUNIS","north","Rent","Commercial","2026-03-29T10:29:30.322362","new","","","85"
"3276","tunisieannonce_7c2d70a3b0bf","tunisieannonce","1900.0","65.0","","Cite Mongi Slim","TUNIS","north","Sale","Commercial","2026-03-29T09:49:04.051423","new","","","70"
"3277","tunisieannonce_7d7f9ab4f738","tunisieannonce","275000.0","170.0","2","Hammam Sousse","TUNIS","north","Sale","Villa","2026-03-29T11:02:19.536370","new","","","100"
"3278","tunisieannonce_7d4456811678","tunisieannonce","1300.0","500.0","","La Soukra","TUNIS","north","Sale","Land","2026-03-29T11:36:31.959641","new","","","70"
"3279","tunisieannonce_7dfbf73883be","tunisieannonce","721600.0","200.0","","Sidi Jedidi","TUNIS","north","Sale","Land","2026-03-29T10:27:09.444090","new","","","90"
"3280","tunisieannonce_7eaf1e9c724c","tunisieannonce","1900.0","150.0","3","Cite Ennasr 2","TUNIS","north","Rent","Apartment","2026-03-29T11:17:18.248251","new","","","90"
"3281","tunisieannonce_7dbd23376097","tunisieannonce","3000.0","","","Zaghouan","TUNIS","north","Sale","Land","2026-03-29T10:09:35.564326","new","","","55"
"3282","tunisieannonce_81a8512d229c","tunisieannonce","550.0","75.0","2","Rades","TUNIS","north","Rent","Apartment","2026-03-29T09:48:54.911018","new","","","85"
"3283","tunisieannonce_8296d82b539b","tunisieannonce","11111.0","416.0","","Medenine","TUNIS","north","Sale","Villa","2026-03-29T11:22:52.280874","new","","","70"
"3284","tunisieannonce_8223a6539294","tunisieannonce","850.0","70.0","2","Ain Zaghouan","TUNIS","north","Rent","Apartment","2026-03-29T10:46:54.357443","new","","","90"
"3285","tunisieannonce_83b23204a682","tunisieannonce","260000.0","400.0","","Raoued","TUNIS","north","Sale","Land","2026-03-29T11:39:34.679962","new","","","90"
"3286","tunisieannonce_837057e4cd47","tunisieannonce","370000.0","","","Chiab","TUNIS","north","Sale","Land","2026-03-29T10:28:30.116239","new","","","75"
"3287","tunisieannonce_83450115053d","tunisieannonce","1600.0","136.0","2","Chotrana 1","TUNIS","north","Rent","Land","2026-03-29T09:47:55.799230","new","","","90"
"3288","tunisieannonce_85319bd7d697","tunisieannonce","220000.0","80.0","2","Chatt Meriem","TUNIS","north","Sale","Apartment","2026-03-29T11:02:31.001977","new","","","100"
"3289","tunisieannonce_84d0d122bd71","tunisieannonce","325000.0","85.0","3","Bab Bhar","TUNIS","north","Sale","Land","2026-03-29T10:57:42.770356","new","","","100"
"3290","tunisieannonce_84cf412a14a4","tunisieannonce","1400.0","140.0","2","Cite El Khadra","TUNIS","north","Rent","Commercial","2026-03-29T10:11:30.480621","new","","","90"
"3291","tunisieannonce_86013a22675c","tunisieannonce","1242.0","633.0","","El Menzah 9","TUNIS","north","Sale","Land","2026-03-29T11:18:18.980234","new","","","65"
"3292","tunisieannonce_8880941cfe46","tunisieannonce","3500.0","250.0","4","Gammart","TUNIS","north","Rent","Apartment","2026-03-29T11:23:04.016964","new","","","85"
"3293","tunisieannonce_87d39534c936","tunisieannonce","140000.0","450.0","","Borj Touil","TUNIS","north","Sale","Land","2026-03-29T10:36:39.794162","new","","","90"
"3294","tunisieannonce_883c1565cc68","tunisieannonce","130000.0","","","Chorfech","TUNIS","north","Sale","Land","2026-03-29T11:10:28.001293","new","","","70"
"3295","tunisieannonce_89c93c933e1b","tunisieannonce","1200.0","920.0","","Chouchet Rades","TUNIS","north","Sale","Land","2026-03-29T10:29:40.467031","new","","","65"
"3296","tunisieannonce_890ba8f5bb3b","tunisieannonce","1000.0","25.0","1","El Menzah 5","TUNIS","north","Rent","Apartment","2026-03-29T11:05:14.621090","new","","","85"
"3297","tunisieannonce_8b7cc2f6f8e2","tunisieannonce","850.0","100.0","2","Ain Zaghouan","TUNIS","north","Rent","Villa","2026-03-29T11:19:22.069265","new","","","90"
"3298","tunisieannonce_8a59981e3dbf","tunisieannonce","420000.0","","2","Ouriemma","TUNIS","north","Sale","Land","2026-03-29T10:13:06.530958","new","","","80"
"3299","tunisieannonce_8ce4efbdcfc0","tunisieannonce","850000.0","400.0","","Oued Ellil","TUNIS","north","Sale","Land","2026-03-29T10:48:04.166900","new","","","85"
"3300","tunisieannonce_8d07f2dd30fc","tunisieannonce","4000.0","285.0","4","El Aouina","TUNIS","north","Rent","Commercial","2026-03-29T10:48:49.264325","new","","","90"
"3301","tunisieannonce_8e5ae426d5b1","tunisieannonce","450.0","70.0","1","El Mourouj","TUNIS","north","Rent","Apartment","2026-03-29T11:09:38.846156","new","","","85"
"3302","tunisieannonce_8ea808a8efa0","tunisieannonce","1500.0","420.0","2","Hammamet","TUNIS","north","Sale","Villa","2026-03-29T11:36:57.900734","new","","","80"
"3303","tunisieannonce_8e0e394ea5d0","tunisieannonce","225000.0","90.0","2","Ain Zaghouan","TUNIS","north","Sale","Apartment","2026-03-29T10:49:36.421569","new","","","100"
"3304","tunisieannonce_8d7bca4b6548","tunisieannonce","2000.0","190.0","4","El Aouina","TUNIS","north","Rent","Commercial","2026-03-29T10:51:14.951763","new","","","90"
"3305","tunisieannonce_8dcab4e101dc","tunisieannonce","1400.0","500.0","2","Chatt Meriem","TUNIS","north","Rent","Villa","2026-03-29T10:13:23.447424","new","","","85"
"3306","tunisieannonce_8fbb9cb55cfd","tunisieannonce","1000.0","100.0","2","Borj El Baccouche","TUNIS","north","Rent","Other","2026-03-29T09:54:54.343885","new","","","85"
"3307","tunisieannonce_8ecbefd5aded","tunisieannonce","895000.0","430.0","3","Nouvelle Ariana","TUNIS","north","Sale","Land","2026-03-29T11:22:24.500938","new","","","100"
"3308","tunisieannonce_91787b327f3c","tunisieannonce","6672.0","344.0","","Mosque Erraoudha","TUNIS","north","Sale","Land","2026-03-29T10:00:29.636415","new","","","70"
"3309","tunisieannonce_930b6882da33","tunisieannonce","650000.0","","","Borj El Amri","TUNIS","north","Sale","Land","2026-03-29T10:17:46.983507","new","","","70"
"3310","tunisieannonce_929960d0e382","tunisieannonce","550.0","70.0","2","Ezzahra","TUNIS","north","Rent","Apartment","2026-03-29T09:48:39.140990","new","","","85"
"3311","tunisieannonce_93128ae2ece0","tunisieannonce","1400.0","200.0","1","Kelibia","TUNIS","north","Rent","Villa","2026-03-29T10:17:39.511882","new","","","90"
"3312","tunisieannonce_92bbb6754dd1","tunisieannonce","1100.0","300.0","2","Hammamet","TUNIS","north","Sale","Land","2026-03-29T10:07:31.026281","new","","","75"
"3313","tunisieannonce_94eaf40c9c4c","tunisieannonce","700.0","86.0","1","Zone Skanes","TUNIS","north","Rent","Apartment","2026-03-29T11:22:11.214160","new","","","90"
"3314","tunisieannonce_94c9a4ce7722","tunisieannonce","13800.0","40.0","","Montplaisir","TUNIS","north","Rent","Villa","2026-03-29T10:39:09.790963","new","","","70"
"3315","tunisieannonce_957cc89bd7b7","tunisieannonce","1200.0","74.0","1","Cite Ennasr 2","TUNIS","north","Rent","Other","2026-03-29T10:16:46.728559","new","","","90"
"3316","tunisieannonce_964306bf6327","tunisieannonce","750.0","130.0","3","Cite Hedi Nouira","TUNIS","north","Rent","Apartment","2026-03-29T10:00:21.698657","new","","","85"
"3317","tunisieannonce_97626e7096a3","tunisieannonce","700.0","40.0","2","Ezzahra","TUNIS","north","Rent","Commercial","2026-03-29T11:11:09.631413","new","","","85"
"3318","tunisieannonce_99d8041b9ce2","tunisieannonce","550000.0","365.0","","Borj Touil","TUNIS","north","Sale","Villa","2026-03-29T10:33:37.100623","new","","","85"
"3319","tunisieannonce_98c32f824d4d","tunisieannonce","1050.0","580.0","2","Hammamet","TUNIS","north","Sale","Land","2026-03-29T11:32:20.164239","new","","","80"
"3320","tunisieannonce_9c42b3e56fb6","tunisieannonce","130000.0","100.0","2","Bayoub","TUNIS","north","Sale","Apartment","2026-03-29T10:18:58.151568","new","","","100"
"3321","tunisieannonce_9ad67b998427","tunisieannonce","1126.0","170.0","3","Ain Zaghouan","TUNIS","north","Sale","Villa","2026-03-29T11:37:53.146776","new","","","80"
"3322","tunisieannonce_9c4c7ea49485","tunisieannonce","550.0","70.0","2","Hammam Lif","TUNIS","north","Rent","Apartment","2026-03-29T11:09:22.582382","new","","","85"
"3323","tunisieannonce_9d397848ac6d","tunisieannonce","750.0","120.0","2","Rades Meliane","TUNIS","north","Rent","Villa","2026-03-29T10:02:58.934970","new","","","90"
"3324","tunisieannonce_9f3a2819d99d","tunisieannonce","150000.0","2000.0","","El Haouaria","TUNIS","north","Sale","Land","2026-03-29T10:05:09.704472","new","","","80"
"3325","tunisieannonce_a09269c0f956","tunisieannonce","125000.0","76.0","2","El Mourouj","TUNIS","north","Sale","Apartment","2026-03-29T11:33:36.371301","new","","","100"
"3326","tunisieannonce_a0f40f4ab338","tunisieannonce","520.0","80.0","3","Cite El Korniche 1","TUNIS","north","Rent","Commercial","2026-03-29T10:51:05.854697","new","","","90"
"3327","tunisieannonce_9f889b988d55","tunisieannonce","600.0","70.0","3","Ariana Essoughra","TUNIS","north","Rent","Apartment","2026-03-29T11:31:03.920078","new","","","90"
"3328","tunisieannonce_a13f5ae591b8","tunisieannonce","520000.0","434.0","","Chotrana 2","TUNIS","north","Sale","Land","2026-03-29T09:50:48.746893","new","","","85"
"3329","tunisieannonce_a1e595c29df2","tunisieannonce","140000.0","362.0","4","El Haouaria","TUNIS","north","Sale","Land","2026-03-29T10:05:18.926930","new","","","100"
"3330","tunisieannonce_a285ce91302f","tunisieannonce","14000.0","581.0","4","Berge Du Lac","TUNIS","north","Rent","Land","2026-03-29T11:01:15.053859","new","","","90"
"3331","tunisieannonce_a452ea233d98","tunisieannonce","800.0","100.0","3","Nouvelle Medina","TUNIS","north","Rent","Apartment","2026-03-29T11:16:10.645320","new","","","85"
"3332","tunisieannonce_a2dc7aae84e1","tunisieannonce","300000.0","120.0","1","Chatt Meriem","TUNIS","north","Sale","Land","2026-03-29T10:53:04.508726","new","","","100"
"3333","tunisieannonce_a730ffb30323","tunisieannonce","41000.0","750.0","","Montplaisir","TUNIS","north","Rent","Commercial","2026-03-29T10:55:58.189756","new","","","70"
"3334","tunisieannonce_a576baf4fed6","tunisieannonce","500000.0","","","Borj Youssef","TUNIS","north","Sale","Land","2026-03-29T10:28:48.571054","new","","","70"
"3335","tunisieannonce_a739c1f49732","tunisieannonce","950.0","58.0","1","El Aouina","TUNIS","north","Rent","Apartment","2026-03-29T10:50:50.188423","new","","","90"
"3336","tunisieannonce_a594db9e20d5","tunisieannonce","1480.0","350.0","2","La Soukra","TUNIS","north","Sale","Land","2026-03-29T10:17:21.487516","new","","","75"
"3337","tunisieannonce_a63768a6519c","tunisieannonce","395000.0","395.0","","Raoued","TUNIS","north","Sale","Land","2026-03-29T10:10:27.254181","new","","","85"
"3338","tunisieannonce_a82caf022500","tunisieannonce","3500.0","200.0","3","Sidi Bousaid","TUNIS","north","Sale","Villa","2026-03-29T11:35:22.695529","new","","","80"
"3339","tunisieannonce_a87d6a7d133d","tunisieannonce","5000.0","500.0","2","Akouda","TUNIS","north","Rent","Commercial","2026-03-29T10:53:21.956415","new","","","90"
"3340","tunisieannonce_a7e9b3fbcfbd","tunisieannonce","900.0","75.0","2","Ain Zaghouan","TUNIS","north","Rent","Apartment","2026-03-29T10:41:39.980890","new","","","90"
"3341","tunisieannonce_a85c3bc0d892","tunisieannonce","1200.0","20.0","1","El Menzah 6","TUNIS","north","Rent","Apartment","2026-03-29T11:05:49.290878","new","","","80"
"3342","tunisieannonce_a7cab14c012b","tunisieannonce","2800.0","170.0","3","Marsa Safsaf","TUNIS","north","Rent","Apartment","2026-03-29T10:47:35.495107","new","","","85"
"3343","tunisieannonce_a8f235fb76a9","tunisieannonce","600.0","70.0","3","Megrine","TUNIS","north","Rent","Apartment","2026-03-29T11:07:32.642176","new","","","85"
"3344","tunisieannonce_a897ee4acfc1","tunisieannonce","2155.0","155.0","","El Manar 2","TUNIS","north","Sale","Land","2026-03-29T10:53:14.791657","new","","","65"
"3345","tunisieannonce_a9688acef7d3","tunisieannonce","42000.0","2300.0","","Le Kram","TUNIS","north","Rent","Land","2026-03-29T11:43:27.509712","new","","","70"
"3346","tunisieannonce_abac8365b90f","tunisieannonce","400000.0","60.0","","El Kantaoui","TUNIS","north","Sale","Other","2026-03-29T10:20:37.126325","new","","","70"
"3347","tunisieannonce_ab86120c26fc","tunisieannonce","700.0","","2","Hammamet","TUNIS","north","Rent","Villa","2026-03-29T11:39:27.158166","new","","","85"
"3348","tunisieannonce_acbd0ecb3990","tunisieannonce","8000.0","","","La Mannouba","TUNIS","north","Sale","Land","2026-03-29T11:21:25.916701","new","","","70"
"3349","tunisieannonce_ac859983a318","tunisieannonce","130000.0","80.0","2","Ben Arous","TUNIS","north","Sale","Apartment","2026-03-29T11:16:34.293775","new","","","95"
"3350","tunisieannonce_ad73f23b3b8e","tunisieannonce","140000.0","9000.0","","Bou Achir","TUNIS","north","Sale","Land","2026-03-29T10:44:40.074630","new","","","60"
"3351","tunisieannonce_ad13997d98ce","tunisieannonce","5000.0","340.0","2","Cite Sahloul","TUNIS","north","Rent","Land","2026-03-29T10:37:36.590503","new","","","90"
"3352","tunisieannonce_ad7578c18454","tunisieannonce","3200.0","800.0","4","El Menzah 1","TUNIS","north","Rent","Villa","2026-03-29T09:50:57.597758","new","","","85"
"3353","tunisieannonce_ad5710dfd2cb","tunisieannonce","3800.0","300.0","4","Berge Du Lac","TUNIS","north","Rent","Villa","2026-03-29T10:50:31.332710","new","","","90"
"3354","tunisieannonce_ae879996cd3f","tunisieannonce","1230.0","32.0","","Sidi Daoud","TUNIS","north","Sale","Land","2026-03-29T11:00:37.616458","new","","","70"
"3355","tunisieannonce_afa99144d968","tunisieannonce","3000.0","250.0","4","Sidi Bousaid","TUNIS","north","Rent","Villa","2026-03-29T10:37:45.475923","new","","","90"
"3356","tunisieannonce_afd6885873e4","tunisieannonce","750.0","100.0","3","Bab El Jazira","TUNIS","north","Rent","Apartment","2026-03-29T11:41:48.951179","new","","","90"
"3357","tunisieannonce_b08fa5f07f97","tunisieannonce","5000.0","150.0","2","Jardins De Carthage","TUNIS","north","Rent","Villa","2026-03-29T11:32:28.668905","new","","","85"
"3358","tunisieannonce_b18508697e46","tunisieannonce","160000.0","150.0","","Raoued","TUNIS","north","Sale","Land","2026-03-29T09:44:17.635898","new","","","90"
"3359","tunisieannonce_b23237e555f4","tunisieannonce","720000.0","500.0","2","Hammamet","TUNIS","north","Sale","Villa","2026-03-29T11:33:06.623075","new","","","100"
"3360","tunisieannonce_b2319bf8a90d","tunisieannonce","570000.0","100.0","2","Jardins De Carthage","TUNIS","north","Sale","Apartment","2026-03-29T10:53:59.767476","new","","","70"
"3361","tunisieannonce_b25fb5308912","tunisieannonce","4000.0","200.0","4","Berge Du Lac","TUNIS","north","Rent","Apartment","2026-03-29T11:27:59.324203","new","","","90"
"3362","tunisieannonce_b4b62617e354","tunisieannonce","600.0","40.0","3","Bab Bhar","TUNIS","north","Rent","Commercial","2026-03-29T09:50:25.164521","new","","","85"
"3363","tunisieannonce_b4aeaf982187","tunisieannonce","1350.0","","2","El Manar 2","TUNIS","north","Rent","Apartment","2026-03-29T10:59:54.934550","new","","","80"
"3364","tunisieannonce_b404338cf2c6","tunisieannonce","280000.0","100.0","4","Ariana","TUNIS","north","Sale","Apartment","2026-03-29T11:15:09.754391","new","","","95"
"3365","tunisieannonce_b6329a1a87e8","tunisieannonce","8750.0","300.0","","Berge Du Lac","TUNIS","north","Sale","Commercial","2026-03-29T10:47:02.795225","new","","","70"
"3366","tunisieannonce_b5a480e2cbd8","tunisieannonce","220000.0","150.0","3","Marsa Ennassim","TUNIS","north","Sale","Land","2026-03-29T10:59:24.143998","new","","","100"
"3367","tunisieannonce_b533c076d978","tunisieannonce","1400.0","120.0","2","Le Bardo","TUNIS","north","Rent","Villa","2026-03-29T10:15:54.303416","new","","","85"
"3368","tunisieannonce_b57fb4317295","tunisieannonce","330000.0","165.0","2","El Aouina","TUNIS","north","Sale","Apartment","2026-03-29T10:29:09.285703","new","","","100"
"3369","tunisieannonce_b64fec55d374","tunisieannonce","648000.0","135.0","3","Ain Zaghouan","TUNIS","north","Sale","Apartment","2026-03-29T11:28:08.600561","new","","","100"
"3370","tunisieannonce_b80d1abbdfa9","tunisieannonce","600000.0","896.0","2","Kalaat Landlous","TUNIS","north","Sale","Land","2026-03-29T10:58:55.754782","new","","","100"
"3371","tunisieannonce_b84e2934cda6","tunisieannonce","1170.0","442.0","5","Cite De La Plage 2","TUNIS","north","Sale","Villa","2026-03-29T10:41:57.939206","new","","","80"
"3372","tunisieannonce_b893c2e92139","tunisieannonce","1350.0","732.0","2","Hammamet","TUNIS","north","Sale","Villa","2026-03-29T11:38:25.239442","new","","","80"
"3373","tunisieannonce_b8abb6a805e1","tunisieannonce","550000.0","300.0","2","Rades Mongil","TUNIS","north","Sale","Villa","2026-03-29T10:02:20.696204","new","","","95"
"3374","tunisieannonce_b9a3bab8143d","tunisieannonce","1150.0","72.0","2","Ain Zaghouan","TUNIS","north","Rent","Apartment","2026-03-29T11:46:50.485359","new","","","90"
"3375","tunisieannonce_ba15f36dd97d","tunisieannonce","3500.0","957.0","3","Cartage Byrsa","TUNIS","north","Sale","Land","2026-03-29T11:29:34.060528","new","","","80"
"3376","tunisieannonce_ba2ed486b646","tunisieannonce","400000.0","80.0","2","Zone Hoteliere","TUNIS","north","Sale","Apartment","2026-03-29T09:59:24.731301","new","","","95"
"3377","tunisieannonce_b9ad3aed4f63","tunisieannonce","208000.0","320.0","","Akouda","TUNIS","north","Sale","Land","2026-03-29T10:34:17.836019","new","","","90"
"3378","tunisieannonce_bb37955c6db6","tunisieannonce","1700.0","800.0","","Sidi Daoud","TUNIS","north","Sale","Land","2026-03-29T11:07:41.619904","new","","","70"
"3379","tunisieannonce_baf74652c7a0","tunisieannonce","5000.0","500.0","","Ezzahra","TUNIS","north","Sale","Commercial","2026-03-29T10:00:13.151684","new","","","70"
"3380","tunisieannonce_baede9316909","tunisieannonce","800.0","80.0","2","Hammamet","TUNIS","north","Rent","Apartment","2026-03-29T10:07:13.321049","new","","","90"
"3381","tunisieannonce_bc13d3852208","tunisieannonce","1200.0","140.0","4","El Menzah 9","TUNIS","north","Rent","Villa","2026-03-29T09:51:06.504555","new","","","85"
"3382","tunisieannonce_bd6fced40db5","tunisieannonce","350000.0","","","Cebalet Ben Ammar","TUNIS","north","Sale","Land","2026-03-29T10:47:56.831729","new","","","70"
"3383","tunisieannonce_bc9fa0218254","tunisieannonce","7500.0","740.0","","Monfleury","TUNIS","north","Sale","Land","2026-03-29T10:53:32.639607","new","","","70"
"3384","tunisieannonce_bdc26f44286d","tunisieannonce","1150.0","","","La Soukra","TUNIS","north","Sale","Commercial","2026-03-29T11:09:46.846715","new","","","55"
"3385","tunisieannonce_bdc5bfd2276b","tunisieannonce","270000.0","886.0","","El Fejja","TUNIS","north","Sale","Land","2026-03-29T10:06:55.777939","new","","","90"
"3386","tunisieannonce_bea57c3e182a","tunisieannonce","595000.0","","","Mateur","TUNIS","north","Sale","Land","2026-03-29T11:21:42.934784","new","","","70"
"3387","tunisieannonce_be6409751c52","tunisieannonce","800.0","75.0","2","Cite Sahloul","TUNIS","north","Rent","Apartment","2026-03-29T10:10:35.300198","new","","","90"
"3388","tunisieannonce_c038767f0ac7","tunisieannonce","20000.0","219.0","","Dar Allouche","TUNIS","north","Sale","Land","2026-03-29T11:06:04.782599","new","","","80"
"3389","tunisieannonce_c04e07755fdd","tunisieannonce","360000.0","1000.0","","Borj Youssef","TUNIS","north","Sale","Land","2026-03-29T11:36:22.315330","new","","","90"
"3390","tunisieannonce_c18a6b03510c","tunisieannonce","2600.0","180.0","5","Jardins D'El Menzah","TUNIS","north","Rent","Villa","2026-03-29T11:10:56.955738","new","","","90"
"3391","tunisieannonce_c291e19f598e","tunisieannonce","2500.0","107.0","2","Cite Ennasr 2","TUNIS","north","Rent","Apartment","2026-03-29T11:04:26.671316","new","","","85"
"3392","tunisieannonce_c32e7d59f818","tunisieannonce","1255.0","46.0","","Riadh Landlous","TUNIS","north","Sale","Land","2026-03-29T10:55:09.170973","new","","","65"
"3393","tunisieannonce_c2d800afa96c","tunisieannonce","920000.0","","3","Naassen","TUNIS","north","Sale","Villa","2026-03-29T11:40:59.359493","new","","","85"
"3394","tunisieannonce_c3ff2e0ecb8c","tunisieannonce","1800.0","70.0","1","Cite Ennasr 2","TUNIS","north","Rent","Apartment","2026-03-29T11:13:10.203702","new","","","90"
"3395","tunisieannonce_c434c1b7fee8","tunisieannonce","5500.0","400.0","4","Cite Du Stade","TUNIS","north","Rent","Commercial","2026-03-29T11:20:59.672775","new","","","85"
"3396","tunisieannonce_c494584a7b6a","tunisieannonce","2600.0","70.0","4","Berge Du Lac","TUNIS","north","Rent","Other","2026-03-29T10:42:26.922341","new","","","90"
"3397","tunisieannonce_c4c72e60befd","tunisieannonce","320000.0","247.0","2","Ben Arous","TUNIS","north","Sale","Land","2026-03-29T10:28:39.460113","new","","","100"
"3398","tunisieannonce_c4f4bb2e6b03","tunisieannonce","1400.0","230.0","1","El Menzah 6","TUNIS","north","Rent","Villa","2026-03-29T11:26:18.537999","new","","","90"
"3399","tunisieannonce_c4da413bfd7d","tunisieannonce","1240.0","230.0","3","Berge Du Lac","TUNIS","north","Sale","Villa","2026-03-29T10:57:06.263690","new","","","80"
"3400","tunisieannonce_c5f63bff8db3","tunisieannonce","3000.0","150.0","3","Mutuelle Ville","TUNIS","north","Rent","Commercial","2026-03-29T11:43:39.709710","new","","","90"
"3401","tunisieannonce_c6c568dbb6d4","tunisieannonce","320000.0","395.0","2","El Aouina","TUNIS","north","Sale","Land","2026-03-29T10:08:25.453983","new","","","95"
"3402","tunisieannonce_c886afdadfab","tunisieannonce","1700.0","800.0","","Sidi Daoud","TUNIS","north","Sale","Land","2026-03-29T10:33:03.589543","new","","","70"
"3403","tunisieannonce_c8b4c86a8214","tunisieannonce","800.0","98.0","3","Sidi Hassine","TUNIS","north","Rent","Apartment","2026-03-29T11:17:39.111753","new","","","90"
"3404","tunisieannonce_c90f17cc1517","tunisieannonce","399.0","130.0","1","Marsa Erriadh","TUNIS","north","Rent","Commercial","2026-03-29T11:52:47.780973","new","","","90"
"3405","tunisieannonce_c96e0e302a5a","tunisieannonce","3400.0","160.0","3","Berge Du Lac","TUNIS","north","Rent","Apartment","2026-03-29T10:47:13.690529","new","","","90"
"3406","tunisieannonce_c96308696bfe","tunisieannonce","870000.0","2026.0","2","Hammamet","TUNIS","north","Sale","Villa","2026-03-29T11:33:16.059490","new","","","100"
"3407","tunisieannonce_cba37ec37944","tunisieannonce","5000.0","800.0","2","Chotrana 1","TUNIS","north","Rent","Commercial","2026-03-29T10:55:27.130526","new","","","90"
"3408","tunisieannonce_cba130ad6cc9","tunisieannonce","225000.0","217.0","4","Ariana","TUNIS","north","Sale","Land","2026-03-29T11:42:27.215301","new","","","100"
"3409","tunisieannonce_cbf251aa77a0","tunisieannonce","900.0","50.0","2","Ain Zaghouan","TUNIS","north","Rent","Apartment","2026-03-29T11:27:05.909800","new","","","90"
"3410","tunisieannonce_cd3d1164d787","tunisieannonce","128000.0","596.0","","Chatt Meriem","TUNIS","north","Sale","Land","2026-03-29T10:15:00.223334","new","","","90"
"3411","tunisieannonce_ceb718bca8e8","tunisieannonce","150000.0","140.0","3","El Mourouj","TUNIS","north","Sale","Other","2026-03-29T11:46:42.029179","new","","","100"
"3412","tunisieannonce_ce69745f4c8d","tunisieannonce","1850.0","150.0","2","El Aouina","TUNIS","north","Rent","Apartment","2026-03-29T11:55:28.942397","price_up","50.0","2.78","90"
"3413","tunisieannonce_cef2ba1fe9d1","tunisieannonce","750.0","300.0","2","Hergla","TUNIS","north","Rent","Villa","2026-03-29T11:02:41.424168","new","","","90"
"3414","tunisieannonce_ce5e17b5c70c","tunisieannonce","320000.0","","","Dar Allouche","TUNIS","north","Sale","Land","2026-03-29T11:05:57.668812","new","","","75"
"3415","tunisieannonce_d072354bc8d2","tunisieannonce","1250.0","68.0","1","Grombalia","TUNIS","north","Rent","Commercial","2026-03-29T10:34:54.595634","new","","","90"
"3416","tunisieannonce_d2725f40e2bc","tunisieannonce","1600.0","2026.0","4","El Manar 1","TUNIS","north","Rent","Villa","2026-03-29T11:06:12.040076","new","","","80"
"3417","tunisieannonce_d353cf441dd1","tunisieannonce","33750.0","350.0","3","Mutuelle Ville","TUNIS","north","Rent","Villa","2026-03-29T10:39:28.941764","new","","","80"
"3418","tunisieannonce_d2f31688a329","tunisieannonce","850.0","70.0","1","El Menzah 7","TUNIS","north","Rent","Apartment","2026-03-29T09:42:35.848291","new","","","90"
"3419","tunisieannonce_d1808b51bf08","tunisieannonce","3200.0","125.0","4","Sidi Daoud","TUNIS","north","Rent","Apartment","2026-03-29T10:43:41.642510","new","","","90"
"3420","tunisieannonce_d40d7d7f1e00","tunisieannonce","1500.0","120.0","2","Chatt Meriem","TUNIS","north","Rent","Apartment","2026-03-29T10:34:06.883282","new","","","90"
"3421","tunisieannonce_d5d784a4024e","tunisieannonce","1300.0","55.0","","Zone Urbaine Nord","TUNIS","north","Sale","Commercial","2026-03-29T11:36:40.283089","new","","","70"
"3422","tunisieannonce_d61fd05d7195","tunisieannonce","800.0","100.0","1","Riadh Landlous","TUNIS","north","Rent","Villa","2026-03-29T11:27:25.222610","new","","","90"
"3423","tunisieannonce_d56ff8fc3ecc","tunisieannonce","735500.0","685.0","2","La Soukra","TUNIS","north","Sale","Land","2026-03-29T11:32:35.937248","new","","","100"
"3424","tunisieannonce_d71c7dc2083c","tunisieannonce","140000.0","200.0","","Moknine","TUNIS","north","Sale","Villa","2026-03-29T11:22:00.316816","new","","","90"
"3425","tunisieannonce_d6f96933e8e4","tunisieannonce","2600.0","160.0","4","Berge Du Lac","TUNIS","north","Rent","Apartment","2026-03-29T10:42:35.412871","new","","","90"
"3426","tunisieannonce_d742b35978bc","tunisieannonce","180.0","89.0","2","Cite Afh","TUNIS","north","Rent","Apartment","2026-03-29T10:54:50.161070","new","","","90"
"3427","tunisieannonce_d775feac8da7","tunisieannonce","550.0","90.0","2","Rades Medina","TUNIS","north","Rent","Apartment","2026-03-29T11:20:51.318063","new","","","90"
"3428","tunisieannonce_d7cbb4968424","tunisieannonce","1250.0","110.0","5","Jardins D'El Menzah","TUNIS","north","Rent","Apartment","2026-03-29T10:01:22.805744","new","","","90"
"3429","tunisieannonce_d8cbc646dc3c","tunisieannonce","170000.0","10.0","","Soliman","TUNIS","north","Sale","Land","2026-03-29T10:22:51.293715","new","","","65"
"3430","tunisieannonce_d7786fa23358","tunisieannonce","1500.0","90.0","2","Sahloul","TUNIS","north","Rent","Apartment","2026-03-29T10:23:00.610328","new","","","90"
"3431","tunisieannonce_d90b8ef2cdc8","tunisieannonce","95000.0","40.0","","El Aouina","TUNIS","north","Sale","Commercial","2026-03-29T11:41:38.672930","new","","","90"
"3432","tunisieannonce_d9190797412f","tunisieannonce","500.0","66.0","2","Cite El Behi Ladghem","TUNIS","north","Rent","Apartment","2026-03-29T11:17:57.748088","new","","","90"
"3433","tunisieannonce_dbc4d9a65414","tunisieannonce","3000.0","380.0","2","Hammam Sousse","TUNIS","north","Rent","Commercial","2026-03-29T10:29:20.908466","new","","","90"
"3434","tunisieannonce_dabc1eb2d660","tunisieannonce","473000.0","132.0","2","Ain Zaghouan","TUNIS","north","Sale","Apartment","2026-03-29T10:19:34.134024","new","","","100"
"3435","tunisieannonce_dc213a1c06b1","tunisieannonce","2500.0","117.0","2","Riadh Landlous","TUNIS","north","Rent","Apartment","2026-03-29T11:12:52.872326","new","","","90"
"3436","tunisieannonce_dd65c2b82a0b","tunisieannonce","550.0","100.0","2","Rades Meliane","TUNIS","north","Rent","Apartment","2026-03-29T11:25:03.939507","new","","","85"
"3437","tunisieannonce_debdac03fcb0","tunisieannonce","750.0","","","El Menzah 9","TUNIS","north","Rent","Villa","2026-03-29T11:00:20.169241","new","","","75"
"3438","tunisieannonce_df13b744c84f","tunisieannonce","90000.0","","","Mejez El Bab","TUNIS","north","Sale","Land","2026-03-29T11:21:51.029107","new","","","70"
"3439","tunisieannonce_dfb5d74718a3","tunisieannonce","500.0","2026.0","4","Cite El Khalil","TUNIS","north","Rent","Other","2026-03-29T11:23:30.437551","new","","","80"
"3440","tunisieannonce_e052768ca911","tunisieannonce","1200.0","20.0","1","El Menzah 6","TUNIS","north","Rent","Apartment","2026-03-29T11:14:45.083750","new","","","80"
"3441","tunisieannonce_e0538f77fe3c","tunisieannonce","1400.0","125.0","3","El Aouina","TUNIS","north","Rent","Apartment","2026-03-29T11:40:09.380891","new","","","90"
"3442","tunisieannonce_e11b8f9cc8d0","tunisieannonce","1600.0","45.0","1","Cite Ennasr 2","TUNIS","north","Rent","Apartment","2026-03-29T11:05:21.696751","new","","","90"
"3443","tunisieannonce_e3154f7cb07e","tunisieannonce","350000.0","154.0","4","El Aouina","TUNIS","north","Sale","Apartment","2026-03-29T11:11:44.127938","new","","","100"
"3444","tunisieannonce_e2b0dcdf9dd0","tunisieannonce","400000.0","220.0","2","Rades Meliane","TUNIS","north","Sale","Land","2026-03-29T10:46:35.779774","new","","","100"
"3445","tunisieannonce_e2edd43f3c8d","tunisieannonce","350000.0","260.0","3","Cite Touristique","TUNIS","north","Sale","Land","2026-03-29T11:18:58.699387","new","","","100"
"3446","tunisieannonce_e400817e88bf","tunisieannonce","170000.0","63.0","2","El Mourouj","TUNIS","north","Sale","Apartment","2026-03-29T10:18:04.903964","new","","","95"
"3447","tunisieannonce_e485529ed3bb","tunisieannonce","1800.0","200.0","4","Cite Bhar Lazreg","TUNIS","north","Rent","Commercial","2026-03-29T10:54:17.824815","new","","","85"
"3448","tunisieannonce_e40a5ba8a325","tunisieannonce","3700.0","200.0","4","Marsa Ennassim","TUNIS","north","Rent","Villa","2026-03-29T09:58:37.638718","new","","","90"
"3449","tunisieannonce_e592d2a68928","tunisieannonce","1700.0","1000.0","","Sidi Daoud","TUNIS","north","Sale","Land","2026-03-29T11:30:54.435880","new","","","70"
"3450","tunisieannonce_e520c053a7f9","tunisieannonce","295000.0","104.0","1","Cite Universitaire","TUNIS","north","Sale","Apartment","2026-03-29T10:23:58.325385","new","","","100"
"3451","tunisieannonce_e6b76bb87f50","tunisieannonce","160000.0","","","Testour","TUNIS","north","Sale","Land","2026-03-29T11:21:34.462385","new","","","70"
"3452","tunisieannonce_e6e40ad60c38","tunisieannonce","590000.0","480.0","2","El Mourouj","TUNIS","north","Sale","Land","2026-03-29T10:20:03.365371","new","","","95"
"3453","tunisieannonce_e71d57abe04d","tunisieannonce","300000.0","84.0","1","Chotrana 1","TUNIS","north","Sale","Apartment","2026-03-29T10:43:31.929361","new","","","100"
"3454","tunisieannonce_e7aa2189ef88","tunisieannonce","2721.0","186.0","2","Chotrana 3","TUNIS","north","Sale","Land","2026-03-29T11:01:25.624399","new","","","80"
"3455","tunisieannonce_e819ebaf9bf3","tunisieannonce","55000.0","","","Kalaa El Kebira","TUNIS","north","Sale","Land","2026-03-29T11:24:21.122432","new","","","70"
"3456","tunisieannonce_e818b9747621","tunisieannonce","600.0","120.0","2","Sfax","TUNIS","north","Rent","Apartment","2026-03-29T10:07:39.498787","new","","","90"
"3457","tunisieannonce_e7bc47deafb9","tunisieannonce","900.0","84.0","2","Cite Sahloul","TUNIS","north","Rent","Apartment","2026-03-29T11:13:58.861113","new","","","90"
"3458","tunisieannonce_e7e59dbe18d9","tunisieannonce","730000.0","410.0","4","Grombalia","TUNIS","north","Sale","Villa","2026-03-29T10:36:29.152711","new","","","100"
"3459","tunisieannonce_e86e9a70251f","tunisieannonce","2100.0","117.0","2","Ezzahra","TUNIS","north","Rent","Apartment","2026-03-29T11:12:16.976002","new","","","90"
"3460","tunisieannonce_e8be24594462","tunisieannonce","1230.0","948.0","","Sidi Daoud","TUNIS","north","Sale","Land","2026-03-29T10:26:22.300391","new","","","70"
"3461","tunisieannonce_e996ee11f842","tunisieannonce","850.0","70.0","2","Ain Zaghouan","TUNIS","north","Rent","Apartment","2026-03-29T11:26:55.579949","new","","","90"
"3462","tunisieannonce_ea1d4ab322bd","tunisieannonce","18500.0","300.0","","Maknassy","TUNIS","north","Sale","Land","2026-03-29T11:23:45.331830","new","","","80"
"3463","tunisieannonce_ea58ff2ab777","tunisieannonce","161850.0","257.0","","Mnihla","TUNIS","north","Sale","Land","2026-03-29T10:17:11.214660","new","","","85"
"3464","tunisieannonce_ecc1901bbbe4","tunisieannonce","298230.0","67.0","1","El Kantaoui","TUNIS","north","Sale","Apartment","2026-03-29T11:05:39.439022","new","","","100"
"3465","tunisieannonce_ed77801afb3e","tunisieannonce","2000.0","","1","Cite Du Stade","TUNIS","north","Rent","Apartment","2026-03-29T11:52:26.370394","new","","","85"
"3466","tunisieannonce_f0060b2bd2d5","tunisieannonce","1400.0","873.0","3","Bizerte","TUNIS","north","Sale","Land","2026-03-29T10:25:34.662729","new","","","80"
"3467","tunisieannonce_f14d01e5cd35","tunisieannonce","1800.0","70.0","1","Cite Ennasr 2","TUNIS","north","Rent","Apartment","2026-03-29T11:13:17.877227","new","","","90"
"3468","tunisieannonce_f03739bba189","tunisieannonce","1500.0","48.0","2","La Soukra","TUNIS","north","Rent","Commercial","2026-03-29T10:43:15.544807","new","","","90"
"3469","tunisieannonce_f0b47ba8aea4","tunisieannonce","1080.0","450.0","4","El Menzah 6","TUNIS","north","Sale","Land","2026-03-29T10:58:47.039881","new","","","80"
"3470","tunisieannonce_f0dd6205dc59","tunisieannonce","1200.0","176.0","3","Kelibia","TUNIS","north","Rent","Commercial","2026-03-29T10:35:54.791455","new","","","90"
"3471","tunisieannonce_f26a9eb45525","tunisieannonce","1500.0","45.0","","Berge Du Lac","TUNIS","north","Sale","Commercial","2026-03-29T11:41:29.662404","new","","","70"
"3472","tunisieannonce_f1b453f7a6a8","tunisieannonce","1600.0","125.0","1","Cite Ennasr 2","TUNIS","north","Rent","Apartment","2026-03-29T11:19:41.140128","new","","","90"
"3473","tunisieannonce_f439df6765e0","tunisieannonce","20000.0","600.0","2","Cite El Khadra","TUNIS","north","Rent","Commercial","2026-03-29T11:34:10.268088","new","","","80"
"3474","tunisieannonce_f5a8a59d21bd","tunisieannonce","5200.0","200.0","","Le Kram","TUNIS","north","Rent","Commercial","2026-03-29T11:34:56.520777","new","","","80"
"3475","tunisieannonce_f515245144ea","tunisieannonce","1800.0","130.0","3","Ain Zaghouan","TUNIS","north","Rent","Villa","2026-03-29T10:26:04.065043","new","","","90"
"3476","tunisieannonce_f5b0961887d5","tunisieannonce","1100.0","90.0","2","Hammam Sousse","TUNIS","north","Rent","Apartment","2026-03-29T10:18:29.418870","new","","","90"
"3477","tunisieannonce_f7313e0710b1","tunisieannonce","2700.0","","2","Jardins De Carthage","TUNIS","north","Rent","Apartment","2026-03-29T11:42:15.748063","new","","","55"
"3478","tunisieannonce_f85054e263e3","tunisieannonce","5700.0","400.0","3","Mutuelle Ville","TUNIS","north","Rent","Commercial","2026-03-29T11:42:54.275240","new","","","90"
"3479","tunisieannonce_fa311696db20","tunisieannonce","850000.0","300.0","1","Chatt Meriem","TUNIS","north","Sale","Land","2026-03-29T10:23:39.571300","new","","","100"
"3480","tunisieannonce_f9408f0e54a6","tunisieannonce","130000.0","40.0","","Monfleury","TUNIS","north","Sale","Commercial","2026-03-29T10:00:05.468558","new","","","90"
"3481","tunisieannonce_fa61059878f5","tunisieannonce","1250.0","120.0","2","Jardins D'El Menzah","TUNIS","north","Rent","Apartment","2026-03-29T09:42:50.512961","new","","","90"
"3482","tunisieannonce_f9ae64495239","tunisieannonce","750.0","75.0","2","Merkez Chihya","TUNIS","north","Rent","Apartment","2026-03-29T10:02:02.181760","new","","","90"
"3483","tunisieannonce_fa8661d90e0a","tunisieannonce","750.0","","2","Cite Bhar Lazreg","TUNIS","north","Rent","Villa","2026-03-29T09:57:12.796453","new","","","80"
"3484","tunisieannonce_fbca2c33df75","tunisieannonce","1200.0","100.0","3","Megrine","TUNIS","north","Rent","Villa","2026-03-29T11:06:28.888931","new","","","85"
"3485","tunisieannonce_fb98ee861dd3","tunisieannonce","6000.0","250.0","4","Berge Du Lac","TUNIS","north","Rent","Commercial","2026-03-29T11:38:03.584746","new","","","90"
"3486","tunisieannonce_fc00e23bbc90","tunisieannonce","337000.0","160.0","4","Bir Bouregba","TUNIS","north","Sale","Land","2026-03-29T10:50:20.644266","new","","","100"
"3487","tunisieannonce_fc99568983af","tunisieannonce","600.0","30.0","2","Cite El Mourouj","TUNIS","north","Rent","Other","2026-03-29T10:08:07.476504","new","","","85"
"3488","tunisieannonce_fca7fd99f9f4","tunisieannonce","150.0","250.0","1","Kelibia","TUNIS","north","Rent","Villa","2026-03-29T11:36:50.176261","new","","","80"
"3489","tunisieannonce_fe88d51390d9","tunisieannonce","600.0","70.0","3","Megrine","TUNIS","north","Rent","Apartment","2026-03-29T09:50:15.730995","new","","","85"
"3490","tunisieannonce_ff97cdf117d8","tunisieannonce","2500.0","660.0","","Caid Mhamed","TUNIS","north","Sale","Land","2026-03-29T09:55:36.418974","new","","","70"
"3491","tunisieannonce_ff4626f2eba0","tunisieannonce","550.0","","","El Manar 1","TUNIS","north","Rent","Apartment","2026-03-29T10:41:31.851401","new","","","75"
"3492","tunisieannonce_ffa581a3f0e1","tunisieannonce","228480.0","544.0","","Kalaa Essghira","TUNIS","north","Sale","Land","2026-03-29T10:22:08.256532","new","","","90"
"3493","zitouna_immo_5825","zitouna_immo","970000.0","","","Raoued","ARIANA","north","Sale","Villa","2026-03-29T15:03:54.066168","new","","","70"
"3494","affare_246809","affare","2000.0","208.0","4","L'Aouina","TUNIS","north","Sale","Apartment","2026-03-31T08:10:51.761866","new","","","80"
"3495","affare_252013","affare","406000.0","129.0","3","Ghazela","ARIANA","north","Sale","Apartment","2026-03-31T08:11:57.385476","new","","","100"
"3496","affare_254459","affare","1150.0","70.0","","Ariana Ville","ARIANA","north","Rent","Commercial","2026-03-31T08:11:40.460621","new","","","80"
"3497","affare_253269","affare","380000.0","190.0","3","Menzah","ARIANA","north","Sale","Apartment","2026-03-31T08:11:51.850426","new","","","100"
"3498","affare_250291","affare","","621.0","","Menzah","ARIANA","north","Sale","Land","2026-03-31T08:11:15.092778","new","","","70"
"3499","affare_255746","affare","48000.0","300.0","","Raoued","ARIANA","north","Sale","Land","2026-03-31T08:10:12.446600","new","","","90"
"3500","affare_257357","affare","1200.0","74.0","1","Ennasr","ARIANA","north","Sale","Apartment","2026-03-31T08:11:03.055994","new","","","80"
"3501","affare_257898","affare","1600.0","125.0","2","Ennasr","ARIANA","north","Sale","Apartment","2026-03-31T08:10:57.538893","new","","","80"
"3502","affare_258435","affare","750000.0","935.0","4","Kalâat El Andalous","ARIANA","north","Sale","Land","2026-03-31T08:11:27.415449","new","","","100"
"3503","affare_259279","affare","1100.0","70.0","1","Sousse Jawhara","SOUSSE","east","Rent","Apartment","2026-03-31T08:15:20.278022","new","","","90"
"3504","affare_259293","affare","275000.0","","3","Manar","ARIANA","north","Sale","Apartment","2026-03-31T08:15:14.662196","new","","","85"
"3505","affare_259296","affare","1100.0","70.0","2","Hammamet","NABEUL","north","Sale","Apartment","2026-03-31T08:13:28.135765","new","","","80"
"3506","affare_259295","affare","220000.0","400.0","","Mornaguia","Manouba","north","Sale","Other","2026-03-31T08:15:04.071631","new","","","90"
"3507","affare_259306","affare","830.0","250.0","3","Kantaoui","SOUSSE","east","Sale","Land","2026-03-31T08:12:27.802342","new","","","80"
"3508","affare_259308","affare","538000.0","133.0","4","Kantaoui","SOUSSE","east","Sale","Apartment","2026-03-31T08:12:21.473448","new","","","100"
"3509","affare_259305","affare","215000.0","250.0","","Kantaoui","SOUSSE","east","Sale","Land","2026-03-31T08:12:41.039023","new","","","90"
"3510","affare_259298","affare","400000.0","164.0","3","Djerba-Houmt Souk","MEDENINE","","Sale","Land","2026-03-31T08:14:50.460139","new","","","100"
"3511","affare_259307","affare","6000.0","","4","Carthage","TUNIS","north","Sale","Villa","2026-03-31T08:14:25.777765","new","","","85"
"3512","affare_259299","affare","4500.0","","2","Jardin De Carthage","TUNIS","north","Sale","Apartment","2026-03-31T08:13:40.821788","new","","","65"
"3513","affare_259304","affare","720000.0","482.0","","Akouda","SOUSSE","east","Sale","Land","2026-03-31T08:14:04.417989","new","","","90"
"3514","affare_259301","affare","1500.0","115.0","2","Mrezga","NABEUL","north","Sale","Apartment","2026-03-31T08:12:16.683600","new","","","80"
"3515","affare_259300","affare","1600.0","1884.0","","La Soukra","ARIANA","north","Sale","Land","2026-03-31T08:14:15.781959","new","","","70"
"3516","affare_259302","affare","247000.0","","2","Kantaoui","SOUSSE","east","Sale","Apartment","2026-03-31T08:13:21.724698","new","","","85"
"3517","affare_4000","affare","2800.0","4000.0","4","Kantaoui","SOUSSE","east","Sale","Land","2026-03-31T08:13:52.296481","price_up","2350.0","522.22","80"
"3518","affare_259311","affare","145000.0","35.0","1","Kantaoui","SOUSSE","east","Sale","Apartment","2026-03-31T08:13:09.941988","new","","","100"
"3519","affare_259309","affare","115000.0","88.0","2","Sousse Riadh","SOUSSE","east","Sale","Apartment","2026-03-31T08:14:36.900728","new","","","100"
"3520","affare_259310","affare","1300.0","98.0","2","Kantaoui","SOUSSE","east","Sale","Apartment","2026-03-31T08:12:52.430105","new","","","80"
"3521","affare_259315","affare","580.0","90.0","2","Kantaoui","SOUSSE","east","Sale","Apartment","2026-03-31T08:11:08.530539","new","","","80"
"3522","affare_259314","affare","340000.0","128.0","5","Sousse Riadh","SOUSSE","east","Sale","Land","2026-03-31T08:12:57.394099","new","","","100"
"3523","century21_05842bee20be","century21","690000.0","160.0","3","Aouina","TUNIS","north","Sale","Apartment","2026-03-31T08:17:51.470058","new","","","100"
"3524","century21_0607f8069d8d","century21","1400.0","65.0","","Jardins De Carthage","TUNIS","north","Rent","Apartment","2026-03-31T09:23:46.231098","new","","","80"
"3525","century21_07e70b8f7269","century21","1100.0","70.0","","Aouina","TUNIS","north","Rent","Apartment","2026-03-31T09:25:41.101860","new","","","80"
"3526","century21_13e835f2d465","century21","4000.0","200.0","","Les Berges Du Lac","TUNIS","north","Rent","Other","2026-03-31T09:23:35.443366","new","","","80"
"3527","century21_25c2b58dd678","century21","1100.0","80.0","","La Marsa","TUNIS","north","Rent","Apartment","2026-03-31T09:25:18.299335","new","","","80"
"3528","century21_454a67412dcd","century21","340000.0","154.0","2","Gammarth","TUNIS","north","Sale","Apartment","2026-03-31T08:18:28.794970","new","","","100"
"3529","century21_4aa9be163c13","century21","4000.0","300.0","6","El Menzah","ARIANA","north","Rent","Commercial","2026-03-31T09:26:28.743805","new","","","90"
"3530","century21_4b72034b97c7","century21","1200.0","65.0","","Nabeul","NABEUL","north","Rent","Commercial","2026-03-31T09:26:17.133775","new","","","80"
"3531","century21_4e35e4522601","century21","3100.0","160.0","3","Jardins De Carthage","TUNIS","north","Rent","Apartment","2026-03-31T09:26:40.227455","new","","","90"
"3532","century21_55557437e201","century21","650000.0","155.0","3","La Soukra","ARIANA","north","Sale","Apartment","2026-03-31T08:18:16.192591","new","","","100"
"3533","century21_5cb5319c57d3","century21","1100.0","62.0","","Nabeul","NABEUL","north","Rent","Commercial","2026-03-31T09:25:53.941033","new","","","80"
"3534","century21_67a436262ac3","century21","2400000.0","450.0","3","Jardins De Carthage","TUNIS","north","Sale","Land","2026-03-31T08:19:17.857275","new","","","80"
"3535","century21_7b93cd6012fd","century21","35000.0","45.0","","Aouina","TUNIS","north","Sale","Commercial","2026-03-31T08:18:05.051659","new","","","90"
"3536","century21_982efa4d847c","century21","2000.0","130.0","2","Cite El Khadra","TUNIS","north","Rent","Commercial","2026-03-31T09:25:06.787965","new","","","90"
"3537","century21_9dae1ef4f96e","century21","3500.0","250.0","4","Cité Mahrajène","TUNIS","north","Rent","Apartment","2026-03-31T09:24:09.618116","new","","","90"
"3538","century21_a02b604995b4","century21","7080.0","108.0","","El Menzah","ARIANA","north","Rent","Commercial","2026-03-31T09:23:13.474222","new","","","70"
"3539","century21_adce1546722c","century21","450000.0","63.0","2","Les Berges Du Lac","TUNIS","north","Sale","Commercial","2026-03-31T08:19:06.819925","new","","","80"
"3540","century21_b001da9cc091","century21","1670000.0","200.0","5","El Menzah","ARIANA","north","Sale","Land","2026-03-31T08:20:05.667893","new","","","100"
"3541","century21_d8c6b1b77dfd","century21","450000.0","160.0","5","Bab Bhar","TUNIS","north","Sale","Commercial","2026-03-31T08:18:55.029215","new","","","80"
"3542","century21_febfa21d0547","century21","1500.0","78.0","2","El Menzah","TUNIS","north","Rent","Commercial","2026-03-31T09:24:33.226955","new","","","90"
"3543","mubawab_7453632","mubawab","","130.0","17","","","","Rent","Vacation","2026-03-31T10:35:46.208112","new","","","15"
"3544","mubawab_7451290","mubawab","","140.0","12","","","","Rent","Vacation","2026-03-31T10:33:53.114391","new","","","15"
"3545","mubawab_7600872","mubawab","","90.0","9","","","","Rent","Vacation","2026-03-31T10:34:42.238887","new","","","15"
"3546","mubawab_7711139","mubawab","","80.0","7","","","","Rent","Vacation","2026-03-31T10:34:47.535489","new","","","15"
"3547","mubawab_7861550","mubawab","","200.0","4","","TUNIS","north","Rent","Vacation","2026-03-31T10:34:07.980120","new","","","60"
"3548","mubawab_7922102","mubawab","","","2","","TUNIS","north","Rent","Vacation","2026-03-31T10:36:21.122988","new","","","20"
"3549","mubawab_7916891","mubawab","","90.0","10","","","","Rent","Vacation","2026-03-31T10:34:28.735274","new","","","15"
"3550","mubawab_7886402","mubawab","","200.0","16","","","","Rent","Vacation","2026-03-31T10:34:01.739340","new","","","15"
"3551","mubawab_7937182","mubawab","","100.0","5","","","","Rent","Vacation","2026-03-31T10:35:31.135508","new","","","15"
"3552","mubawab_8010030","mubawab","","65.0","9","","","","Rent","Vacation","2026-03-31T10:34:59.877968","new","","","15"
"3553","mubawab_8013854","mubawab","","55.0","10","","","","Rent","Vacation","2026-03-31T10:35:08.860968","new","","","15"
"3554","mubawab_8113018","mubawab","","61.0","5","","","","Rent","Vacation","2026-03-31T10:34:17.642194","new","","","15"
"3555","mubawab_8113870","mubawab","","80.0","6","","","","Rent","Vacation","2026-03-31T10:33:56.664319","new","","","15"
"3556","mubawab_8147187","mubawab","","95.0","19","","","","Rent","Vacation","2026-03-31T10:33:48.801898","new","","","15"
"3557","mubawab_8162141","mubawab","","120.0","10","","","","Rent","Vacation","2026-03-31T10:34:37.056392","new","","","15"
"3558","mubawab_8164513","mubawab","","90.0","4","","TUNIS","north","Rent","Vacation","2026-03-31T10:35:20.459695","new","","","60"
"3559","mubawab_8168321","mubawab","","80.0","7","","","","Rent","Vacation","2026-03-31T10:34:22.547733","new","","","15"
"3560","mubawab_8179736","mubawab","","50.0","1","","TUNIS","north","Rent","Vacation","2026-03-31T10:34:51.496189","new","","","60"
"3561","mubawab_8267884","mubawab","","61.0","15","","","","Rent","Vacation","2026-03-31T10:35:04.943986","new","","","15"
"3562","mubawab_8271033","mubawab","","","4","","TUNIS","north","Rent","Vacation","2026-03-31T10:33:34.027261","new","","","20"
"3563","mubawab_8305431","mubawab","","100.0","13","","","","Rent","Vacation","2026-03-31T10:34:32.722747","new","","","15"
"3564","mubawab_8307439","mubawab","","","14","","","","Rent","Vacation","2026-03-31T10:33:43.362797","new","","","0"
"3565","mubawab_8317100","mubawab","","60.0","6","","","","Rent","Vacation","2026-03-31T10:36:31.456114","new","","","15"
"3566","mubawab_8320349","mubawab","","150.0","6","","","","Rent","Vacation","2026-03-31T10:36:11.973524","new","","","15"
"3567","mubawab_8320358","mubawab","","130.0","1","","TUNIS","north","Rent","Vacation","2026-03-31T10:36:03.332587","new","","","60"
"3568","mubawab_8320338","mubawab","","150.0","11","","","","Rent","Vacation","2026-03-31T10:36:16.179771","new","","","15"
"3569","mubawab_8320359","mubawab","","130.0","1","","","","Rent","Vacation","2026-03-31T10:35:59.162153","new","","","15"
"3570","mubawab_8320363","mubawab","","150.0","1","","","","Rent","Vacation","2026-03-31T10:35:54.725467","new","","","15"
"3571","mubawab_8320730","mubawab","","50.0","8","","","","Rent","Vacation","2026-03-31T10:35:41.481223","new","","","15"
"3572","mubawab_8320379","mubawab","","150.0","9","","","","Rent","Vacation","2026-03-31T10:35:50.494078","new","","","15"
"3573","mubawab_8320856","mubawab","","100.0","8","","","","Rent","Vacation","2026-03-31T10:35:36.613433","new","","","15"
"3574","mubawab_8321541","mubawab","","110.0","8","","","","Rent","Vacation","2026-03-31T10:35:14.919404","new","","","15"
"3575","newkey_130603","newkey","2200.0","","","Maison / Villa","","","Rent","Villa","2026-03-31T11:28:28.333568","price_down","-100.0","-4.35","35"
"3576","newkey_130815","newkey","350000.0","","","Appartement","","","Rent","Villa","2026-03-31T11:33:02.234837","new","","","10"
"3577","61496","tecnocasa","349000.0","349.0","","Hammamet","Cap Bon","","Sale","Land","2026-03-31T12:17:56.130298","price_up","197000.0","129.61","90"
"3578","tunisieannonce_008b23cb6a21","tunisieannonce","7500.0","","2","Gammart","TUNIS","north","Rent","Commercial","2026-03-31T12:54:32.968518","new","","","85"
"3579","tunisieannonce_01649ca226e2","tunisieannonce","150.0","2025.0","2","Gammart","TUNIS","north","Rent","Apartment","2026-03-31T15:40:22.031979","new","","","80"
"3580","tunisieannonce_00fd1abfa402","tunisieannonce","355000.0","78.0","2","La Soukra","TUNIS","north","Sale","Commercial","2026-03-31T14:29:34.245276","new","","","80"
"3581","tunisieannonce_0287d2e9090c","tunisieannonce","600.0","120.0","2","Jardins D'El Menzah","TUNIS","north","Rent","Land","2026-03-31T15:40:03.995968","new","","","90"
"3582","tunisieannonce_02a3ab07da20","tunisieannonce","500.0","40.0","1","Ezzahra","TUNIS","north","Rent","Apartment","2026-03-31T15:31:04.712334","new","","","90"
"3583","tunisieannonce_0259675a899d","tunisieannonce","7000.0","2023.0","2","Gammart","TUNIS","north","Rent","Villa","2026-03-31T16:01:29.489154","new","","","90"
"3584","tunisieannonce_03da0f1df399","tunisieannonce","1200.0","","1","Cite Ennasr 2","TUNIS","north","Rent","Apartment","2026-03-31T15:55:29.237136","new","","","85"
"3585","tunisieannonce_03749bb94200","tunisieannonce","1000.0","67.0","1","Cite Ennasr 2","TUNIS","north","Rent","Apartment","2026-03-31T12:37:51.914445","new","","","90"
"3586","tunisieannonce_045bde8a30f5","tunisieannonce","4500.0","2023.0","4","Sidi Bousaid","TUNIS","north","Rent","Other","2026-03-31T15:47:04.262208","new","","","90"
"3587","tunisieannonce_03cbbfc39e22","tunisieannonce","6500.0","","2","Gammart","TUNIS","north","Rent","Apartment","2026-03-31T13:58:15.659401","new","","","65"
"3588","tunisieannonce_052f1660b10b","tunisieannonce","4500.0","350.0","2","Marsa Ennassim","TUNIS","north","Rent","Villa","2026-03-31T13:13:16.593488","new","","","90"
"3589","tunisieannonce_053c84536e7c","tunisieannonce","287000.0","82.0","2","Sousse","TUNIS","north","Sale","Commercial","2026-03-31T13:09:26.556790","new","","","100"
"3590","tunisieannonce_075fed7f87a6","tunisieannonce","56000.0","140.0","","Zaouiet Sousse","TUNIS","north","Sale","Land","2026-03-31T14:20:15.761925","new","","","90"
"3591","tunisieannonce_094a54878c8b","tunisieannonce","2500.0","2025.0","4","Sidi Bousaid","TUNIS","north","Rent","Apartment","2026-03-31T15:44:40.418218","new","","","90"
"3592","tunisieannonce_09fd514f05cb","tunisieannonce","750.0","100.0","2","Cite Bhar Lazreg","TUNIS","north","Rent","Villa","2026-03-31T12:57:40.094285","new","","","90"
"3593","tunisieannonce_09628e12a6c0","tunisieannonce","900000.0","345.0","3","Sidi Daoud","TUNIS","north","Sale","Land","2026-03-31T14:04:38.974528","new","","","100"
"3594","tunisieannonce_09ac64171363","tunisieannonce","850.0","110.0","3","Bab Bhar","TUNIS","north","Sale","Commercial","2026-03-31T13:55:40.989904","new","","","75"
"3595","tunisieannonce_09848afcdda0","tunisieannonce","300000.0","35.0","2","El Kantaoui","TUNIS","north","Sale","Apartment","2026-03-31T12:56:17.498183","new","","","100"
"3596","tunisieannonce_09a96ed88562","tunisieannonce","1400.0","","2","Jardins De Carthage","TUNIS","north","Rent","Apartment","2026-03-31T15:07:08.242099","new","","","55"
"3597","tunisieannonce_0ae246cd60e4","tunisieannonce","750.0","","","El Manar 1","TUNIS","north","Rent","Apartment","2026-03-31T12:28:52.489332","new","","","75"
"3598","tunisieannonce_0a939fa08934","tunisieannonce","720000.0","822.0","","El Omrane Superieur","TUNIS","north","Sale","Land","2026-03-31T15:39:19.985790","new","","","90"
"3599","tunisieannonce_0aa1dd089128","tunisieannonce","3800.0","350.0","1","Hammamet","TUNIS","north","Rent","Villa","2026-03-31T12:25:26.388296","new","","","90"
"3600","tunisieannonce_0be4bb434987","tunisieannonce","1150.0","2026.0","3","El Manar 2","TUNIS","north","Rent","Apartment","2026-03-31T14:53:16.567808","new","","","80"
"3601","tunisieannonce_0c3d2ae1d817","tunisieannonce","4800.0","2025.0","3","Marsa Ennassim","TUNIS","north","Rent","Commercial","2026-03-31T15:46:55.023427","new","","","90"
"3602","tunisieannonce_0c226ed4006a","tunisieannonce","13500.0","60.0","10","Republique","TUNIS","north","Rent","Villa","2026-03-31T13:56:33.358172","new","","","80"
"3603","tunisieannonce_0d109c555e9d","tunisieannonce","6000.0","450.0","3","Marsa Ennassim","TUNIS","north","Rent","Villa","2026-03-31T15:27:36.476907","new","","","90"
"3604","tunisieannonce_0cf2492edd95","tunisieannonce","950.0","80.0","1","El Menzah 9","TUNIS","north","Rent","Apartment","2026-03-31T14:42:52.879821","new","","","90"
"3605","tunisieannonce_0df52d78b889","tunisieannonce","550.0","90.0","2","La Mannouba","TUNIS","north","Rent","Apartment","2026-03-31T13:11:25.052057","new","","","90"
"3606","tunisieannonce_0e4481dad55d","tunisieannonce","7790.0","116.0","","Kelibia","TUNIS","north","Sale","Land","2026-03-31T15:08:06.297848","new","","","65"
"3607","tunisieannonce_0df019faa686","tunisieannonce","460000.0","162.0","3","El Menzah 7","TUNIS","north","Sale","Villa","2026-03-31T14:52:16.090086","new","","","100"
"3608","tunisieannonce_0df7b61c664f","tunisieannonce","7500.0","2024.0","3","Gammart","TUNIS","north","Rent","Villa","2026-03-31T16:00:01.044148","new","","","90"
"3609","tunisieannonce_0ee16d0d2595","tunisieannonce","2200.0","200.0","3","El Menzah 4","TUNIS","north","Sale","Land","2026-03-31T13:56:07.453814","new","","","80"
"3610","tunisieannonce_0eaa52929d43","tunisieannonce","138150.0","307.0","","Zaouiet Sousse","TUNIS","north","Sale","Land","2026-03-31T14:19:55.725050","new","","","90"
"3611","tunisieannonce_0ff9a830ac93","tunisieannonce","275000.0","550.0","","Ariana","TUNIS","north","Sale","Land","2026-03-31T13:24:00.553586","new","","","90"
"3612","tunisieannonce_0ff7ae1b5e1e","tunisieannonce","6500.0","2023.0","3","Marsa Safsaf","TUNIS","north","Rent","Villa","2026-03-31T15:45:44.787284","new","","","90"
"3613","tunisieannonce_1057803f323a","tunisieannonce","400000.0","125.0","2","La Soukra","TUNIS","north","Sale","Apartment","2026-03-31T13:51:15.423565","new","","","100"
"3614","tunisieannonce_1089b6168c79","tunisieannonce","2300.0","130.0","2","Ain Zaghouan","TUNIS","north","Rent","Apartment","2026-03-31T12:40:29.436815","new","","","90"
"3615","tunisieannonce_10da5f231851","tunisieannonce","2300.0","2025.0","2","Jardins De Carthage","TUNIS","north","Rent","Apartment","2026-03-31T15:43:59.693818","new","","","90"
"3616","tunisieannonce_10b0ed26f13b","tunisieannonce","6500.0","600.0","2","Marsa Ennassim","TUNIS","north","Rent","Villa","2026-03-31T12:30:15.958192","new","","","90"
"3617","tunisieannonce_11839c09fd25","tunisieannonce","1200.0","","2","Jardins De Carthage","TUNIS","north","Rent","Apartment","2026-03-31T14:02:51.648977","new","","","85"
"3618","tunisieannonce_126eb8547b09","tunisieannonce","2500.0","2023.0","2","Gammart","TUNIS","north","Rent","Apartment","2026-03-31T15:43:32.119247","new","","","90"
"3619","tunisieannonce_130b5f496613","tunisieannonce","591000.0","473.0","","Cite Hached","TUNIS","north","Sale","Land","2026-03-31T15:51:00.797370","new","","","90"
"3620","tunisieannonce_12a9fc7a542b","tunisieannonce","5500.0","2023.0","2","Marsa Ennassim","TUNIS","north","Rent","Commercial","2026-03-31T15:57:18.911122","new","","","90"
"3621","tunisieannonce_13a25a9d7183","tunisieannonce","170000.0","1000.0","","Chatt Meriem","TUNIS","north","Sale","Land","2026-03-31T15:31:34.839419","new","","","90"
"3622","tunisieannonce_14b5bfb71690","tunisieannonce","2300.0","157.0","3","La Soukra","TUNIS","north","Rent","Villa","2026-03-31T14:17:00.065196","new","","","90"
"3623","tunisieannonce_1563ad69b76c","tunisieannonce","1700.0","750.0","","El Menzah 1","TUNIS","north","Sale","Land","2026-03-31T13:40:57.029702","new","","","65"
"3624","tunisieannonce_166425aeeabb","tunisieannonce","150.0","2024.0","","El Menzah 7","TUNIS","north","Rent","Villa","2026-03-31T15:56:21.209260","new","","","65"
"3625","tunisieannonce_16fe2d9b12ad","tunisieannonce","1300.0","2026.0","1","Cite Ennasr 2","TUNIS","north","Rent","Apartment","2026-03-31T14:54:50.434901","new","","","75"
"3626","tunisieannonce_1723ac816f4d","tunisieannonce","1200.0","62.0","1","Cite Ennasr 2","TUNIS","north","Rent","Apartment","2026-03-31T14:16:25.509568","new","","","90"
"3627","tunisieannonce_17090bdc8a12","tunisieannonce","520000.0","76.0","2","Chatt Meriem","TUNIS","north","Sale","Apartment","2026-03-31T13:09:02.481801","new","","","95"
"3628","tunisieannonce_1724d18a05d8","tunisieannonce","300000.0","420.0","","Hergla","TUNIS","north","Sale","Land","2026-03-31T12:47:07.843378","new","","","90"
"3629","tunisieannonce_167c7d7cc654","tunisieannonce","160000.0","400.0","","Cite Ennasr 2","TUNIS","north","Sale","Land","2026-03-31T13:36:01.282065","new","","","90"
"3630","tunisieannonce_18d9d0ad9b91","tunisieannonce","245000.0","400.0","2","Hammamet","TUNIS","north","Sale","Villa","2026-03-31T12:28:43.421209","new","","","100"
"3631","tunisieannonce_17ba8a3cd592","tunisieannonce","170000.0","120.0","2","Hammamet","TUNIS","north","Sale","Villa","2026-03-31T12:53:46.908390","new","","","100"
"3632","tunisieannonce_1742ab409998","tunisieannonce","5000.0","300.0","5","Montplaisir","TUNIS","north","Rent","Commercial","2026-03-31T15:59:51.497953","new","","","90"
"3633","tunisieannonce_1766a8636cdc","tunisieannonce","345000.0","160.0","2","Residence Jinene El Mourouj","TUNIS","north","Sale","Apartment","2026-03-31T14:31:30.746675","new","","","100"
"3634","tunisieannonce_186619cca042","tunisieannonce","280000.0","350.0","2","Hammam Sousse","TUNIS","north","Sale","Villa","2026-03-31T15:52:58.220584","new","","","95"
"3635","tunisieannonce_18feefc312a9","tunisieannonce","1200.0","1000.0","","Sidi Daoud","TUNIS","north","Sale","Land","2026-03-31T14:55:41.924964","new","","","70"
"3636","tunisieannonce_18f90e379b8b","tunisieannonce","4000.0","2025.0","2","Jardins De Carthage","TUNIS","north","Rent","Apartment","2026-03-31T15:46:44.339793","new","","","90"
"3637","tunisieannonce_1903b90db69f","tunisieannonce","6000.0","","4","Carthage","TUNIS","north","Rent","Villa","2026-03-31T15:06:08.182869","new","","","85"
"3638","tunisieannonce_193d31aa695e","tunisieannonce","6000.0","","2","Gammart","TUNIS","north","Rent","Villa","2026-03-31T12:45:06.072064","new","","","85"
"3639","tunisieannonce_1a5c96024997","tunisieannonce","1800.0","95.0","1","Marsa Safsaf","TUNIS","north","Rent","Apartment","2026-03-31T13:16:10.283319","new","","","90"
"3640","tunisieannonce_1a56a16d264a","tunisieannonce","1000.0","","","Kelibia","TUNIS","north","Sale","Land","2026-03-31T13:26:28.450580","new","","","55"
"3641","tunisieannonce_1a5745f075e1","tunisieannonce","2050.0","2025.0","1","Marsa Safsaf","TUNIS","north","Rent","Commercial","2026-03-31T15:47:13.959010","new","","","90"
"3642","tunisieannonce_1a5a46681781","tunisieannonce","450.0","70.0","1","El Mourouj","TUNIS","north","Rent","Villa","2026-03-31T12:47:39.406394","new","","","85"
"3643","tunisieannonce_1aa9070ed366","tunisieannonce","200000.0","90.0","","Riadh Landlous","TUNIS","north","Sale","Other","2026-03-31T14:14:23.133801","new","","","85"
"3644","tunisieannonce_1cd9763991ec","tunisieannonce","11111.0","70.0","1","El Mourouj","TUNIS","north","Rent","Apartment","2026-03-31T12:33:46.410840","new","","","75"
"3645","tunisieannonce_1ce28a9b2797","tunisieannonce","2500.0","","2","Ain Zaghouan","TUNIS","north","Rent","Apartment","2026-03-31T13:12:15.159706","new","","","85"
"3646","tunisieannonce_1c89ac8a7304","tunisieannonce","50000.0","50.0","","El Menzah 5","TUNIS","north","Sale","Commercial","2026-03-31T13:56:15.558464","new","","","90"
"3647","tunisieannonce_1d2f5bc45ddf","tunisieannonce","252000.0","280.0","","Ettahrir 1","TUNIS","north","Sale","Land","2026-03-31T14:29:07.120840","new","","","85"
"3648","tunisieannonce_1e4e76a0db3a","tunisieannonce","3200.0","130.0","4","Marsa Ennassim","TUNIS","north","Rent","Apartment","2026-03-31T15:37:52.374866","new","","","90"
"3649","tunisieannonce_1effb02fa507","tunisieannonce","1000.0","624.0","3","Ezzahra","TUNIS","north","Sale","Villa","2026-03-31T12:58:01.866136","new","","","75"
"3650","tunisieannonce_2003bc1c5d34","tunisieannonce","1650.0","158.0","1","La Soukra","TUNIS","north","Rent","Apartment","2026-03-31T12:48:10.277137","new","","","90"
"3651","tunisieannonce_1f17a17e3366","tunisieannonce","1500.0","350.0","1","Jardins D'El Menzah","TUNIS","north","Rent","Commercial","2026-03-31T15:43:11.986963","new","","","90"
"3652","tunisieannonce_2010f499a828","tunisieannonce","1300.0","2026.0","","El Manar 2","TUNIS","north","Rent","Villa","2026-03-31T12:40:49.655475","new","","","70"
"3653","tunisieannonce_1ffa4eeb121d","tunisieannonce","2000.0","120.0","3","Gammart","TUNIS","north","Rent","Villa","2026-03-31T15:02:57.132993","new","","","90"
"3654","tunisieannonce_202f43d784ea","tunisieannonce","1200.0","70.0","1","Chotrana 1","TUNIS","north","Rent","Apartment","2026-03-31T14:15:47.382134","new","","","90"
"3655","tunisieannonce_218ef1f51dad","tunisieannonce","1380.0","125.0","1","La Soukra","TUNIS","north","Rent","Apartment","2026-03-31T12:45:59.785279","new","","","90"
"3656","tunisieannonce_21a24afa28c7","tunisieannonce","460000.0","180.0","2","El Mourouj","TUNIS","north","Sale","Land","2026-03-31T14:06:03.799932","new","","","100"
"3657","tunisieannonce_213e0501ee0f","tunisieannonce","5000.0","","2","Gammart","TUNIS","north","Rent","Other","2026-03-31T13:57:56.363427","new","","","85"
"3658","tunisieannonce_226eb217d1e7","tunisieannonce","8000.0","521.0","2","El Kantaoui","TUNIS","north","Sale","Land","2026-03-31T15:51:31.163316","new","","","80"
"3659","tunisieannonce_22920bd6fc77","tunisieannonce","350000.0","460.0","2","Hammam Sousse","TUNIS","north","Sale","Villa","2026-03-31T13:31:09.972580","new","","","95"
"3660","tunisieannonce_22ceaded67eb","tunisieannonce","6500.0","300.0","","La Soukra","TUNIS","north","Sale","Commercial","2026-03-31T13:07:17.191342","new","","","70"
"3661","tunisieannonce_239e571fcdc5","tunisieannonce","4000.0","500.0","2","Sidi Daoud","TUNIS","north","Rent","Villa","2026-03-31T12:25:38.695379","new","","","90"
"3662","tunisieannonce_234642c767e4","tunisieannonce","355000.0","90.0","3","La Soukra","TUNIS","north","Sale","Apartment","2026-03-31T12:40:37.627107","new","","","100"
"3663","tunisieannonce_250e60b9098e","tunisieannonce","700.0","50.0","5","El Manar 1","TUNIS","north","Rent","Villa","2026-03-31T15:12:49.445503","new","","","90"
"3664","tunisieannonce_24566b6d4d65","tunisieannonce","2300.0","44.0","","Chotrana 2","TUNIS","north","Sale","Commercial","2026-03-31T14:58:28.281772","new","","","70"
"3665","tunisieannonce_2457931bf6db","tunisieannonce","800.0","70.0","5","El Manar 1","TUNIS","north","Rent","Villa","2026-03-31T15:13:29.617962","new","","","90"
"3666","tunisieannonce_25bef0412b0d","tunisieannonce","154000.0","590.0","","Djerba","TUNIS","north","Sale","Land","2026-03-31T12:52:36.430085","new","","","90"
"3667","tunisieannonce_25a8914c5bc1","tunisieannonce","2700.0","104.0","","Berge Du Lac","TUNIS","north","Sale","Commercial","2026-03-31T14:51:32.160792","new","","","70"
"3668","tunisieannonce_2592917e3776","tunisieannonce","1500.0","120.0","3","El Menzah 4","TUNIS","north","Rent","Apartment","2026-03-31T15:07:18.902365","new","","","90"
"3669","tunisieannonce_25e967c08624","tunisieannonce","900.0","80.0","2","Ariana","TUNIS","north","Rent","Villa","2026-03-31T14:16:16.314945","new","","","90"
"3670","tunisieannonce_26e7547cc7ff","tunisieannonce","570000.0","240.0","4","Beni Khiar","TUNIS","north","Sale","Villa","2026-03-31T12:55:01.385450","new","","","100"
"3671","tunisieannonce_2825a5075b52","tunisieannonce","607000.0","113.0","3","Chotrana 1","TUNIS","north","Sale","Apartment","2026-03-31T12:45:40.696247","new","","","100"
"3672","tunisieannonce_27ec8c04fb30","tunisieannonce","1600.0","2026.0","2","El Menzah 7","TUNIS","north","Rent","Apartment","2026-03-31T15:52:47.181853","new","","","80"
"3673","tunisieannonce_28376d78bfd5","tunisieannonce","565000.0","665.0","3","La Soukra","TUNIS","north","Sale","Land","2026-03-31T12:25:48.521239","new","","","100"
"3674","tunisieannonce_288b30af0dd1","tunisieannonce","760000.0","220.0","2","Hammamet","TUNIS","north","Sale","Villa","2026-03-31T13:20:01.463578","new","","","100"
"3675","tunisieannonce_28bf682bfd5f","tunisieannonce","1000.0","60.0","1","Jardins D'El Menzah","TUNIS","north","Rent","Apartment","2026-03-31T15:06:57.195620","new","","","85"
"3676","tunisieannonce_28d636c7fa4b","tunisieannonce","4000.0","2024.0","4","Sidi Bousaid","TUNIS","north","Rent","Commercial","2026-03-31T15:42:33.851604","new","","","90"
"3677","tunisieannonce_29ee88df00c8","tunisieannonce","5300.0","","1","Chotrana 1","TUNIS","north","Rent","Land","2026-03-31T12:23:57.220654","new","","","85"
"3678","tunisieannonce_2a6bd6f563a7","tunisieannonce","4000.0","350.0","3","Marsa Ennassim","TUNIS","north","Rent","Villa","2026-03-31T15:35:07.907083","new","","","90"
"3679","tunisieannonce_299ddbf31fdc","tunisieannonce","100000.0","","","Testour","TUNIS","north","Sale","Land","2026-03-31T14:25:31.928133","new","","","70"
"3680","tunisieannonce_2ae0f5c06ae6","tunisieannonce","3900.0","100.0","2","Marsa Safsaf","TUNIS","north","Rent","Apartment","2026-03-31T13:12:56.681744","new","","","90"
"3681","tunisieannonce_2ac22186d716","tunisieannonce","230000.0","100.0","1","La Mannouba","TUNIS","north","Sale","Villa","2026-03-31T14:05:52.577511","new","","","100"
"3682","tunisieannonce_2af68d2f30ff","tunisieannonce","600.0","142.0","4","Menzel Bourguiba","TUNIS","north","Rent","Villa","2026-03-31T15:17:43.540637","new","","","90"
"3683","tunisieannonce_2aa275ee265e","tunisieannonce","800.0","2026.0","1","Cite Ennasr 2","TUNIS","north","Rent","Apartment","2026-03-31T15:49:58.674863","new","","","80"
"3684","tunisieannonce_2b94c86c6496","tunisieannonce","745000.0","158.0","1","Berge Du Lac","TUNIS","north","Sale","Apartment","2026-03-31T14:45:07.122794","new","","","100"
"3685","tunisieannonce_2c2a7588a1e9","tunisieannonce","740000.0","400.0","2","Hammamet","TUNIS","north","Sale","Land","2026-03-31T13:50:17.215762","new","","","100"
"3686","tunisieannonce_2bf3296e2ff5","tunisieannonce","4500.0","2024.0","3","Marsa Ennassim","TUNIS","north","Rent","Villa","2026-03-31T15:49:47.496261","new","","","90"
"3687","tunisieannonce_2c3955746c45","tunisieannonce","150.0","100.0","2","Chatt Meriem","TUNIS","north","Rent","Apartment","2026-03-31T14:54:16.899465","new","","","90"
"3688","tunisieannonce_2c49fbcbc845","tunisieannonce","270000.0","150.0","1","La Mannouba","TUNIS","north","Sale","Villa","2026-03-31T14:00:20.654411","new","","","95"
"3689","tunisieannonce_2c4291705f3e","tunisieannonce","150.0","100.0","2","Chatt Meriem","TUNIS","north","Rent","Apartment","2026-03-31T14:54:28.549133","new","","","90"
"3690","tunisieannonce_2cdc19527eb1","tunisieannonce","350.0","45.0","","Gafsa Aeroport","TUNIS","north","Rent","Commercial","2026-03-31T13:49:49.779667","new","","","60"
"3691","tunisieannonce_2ce57115435c","tunisieannonce","5000.0","2023.0","3","Gammart","TUNIS","north","Rent","Villa","2026-03-31T15:51:23.459718","new","","","90"
"3692","tunisieannonce_2cf1fd9dc485","tunisieannonce","175000.0","420.0","","Sidi Thabet","TUNIS","north","Sale","Land","2026-03-31T15:39:28.841387","new","","","90"
"3693","tunisieannonce_2e1c52dbeeaf","tunisieannonce","150.0","2025.0","3","El Aouina","TUNIS","north","Rent","Villa","2026-03-31T15:56:49.547056","new","","","75"
"3694","tunisieannonce_2f734aa7a7e5","tunisieannonce","2500.0","100.0","2","Sidi Daoud","TUNIS","north","Rent","Apartment","2026-03-31T13:16:33.250309","new","","","90"
"3695","tunisieannonce_2fb6014ed9fe","tunisieannonce","2350.0","200.0","3","Gammart","TUNIS","north","Rent","Villa","2026-03-31T12:23:30.341466","new","","","90"
"3696","tunisieannonce_30407dcd9318","tunisieannonce","4500.0","","3","Berge Du Lac","TUNIS","north","Rent","Apartment","2026-03-31T15:45:55.451432","new","","","85"
"3697","tunisieannonce_3024b54c8646","tunisieannonce","6500.0","2025.0","2","Gammart","TUNIS","north","Rent","Villa","2026-03-31T16:02:31.577638","new","","","90"
"3698","tunisieannonce_31595d929680","tunisieannonce","395000.0","150.0","3","La Soukra","TUNIS","north","Sale","Apartment","2026-03-31T14:18:17.527022","new","","","100"
"3699","tunisieannonce_30ad2e2320ec","tunisieannonce","7500.0","500.0","5","La Soukra","TUNIS","north","Rent","Villa","2026-03-31T13:15:41.924013","new","","","90"
"3700","tunisieannonce_31bca9b4fba6","tunisieannonce","1385.0","205.0","","Cite El Ghazala 1","TUNIS","north","Sale","Land","2026-03-31T15:19:11.036544","new","","","70"
"3701","tunisieannonce_325ab4eb2eff","tunisieannonce","1800.0","180.0","3","Denden","TUNIS","north","Rent","Commercial","2026-03-31T14:16:34.765606","new","","","90"
"3702","tunisieannonce_32c4a2e84b86","tunisieannonce","125000.0","92.0","3","El Ouerdia","TUNIS","north","Sale","Apartment","2026-03-31T15:44:28.745626","new","","","100"
"3703","tunisieannonce_339854e8e4b6","tunisieannonce","750000.0","587.0","2","Hammamet","TUNIS","north","Sale","Land","2026-03-31T13:24:52.991562","new","","","100"
"3704","tunisieannonce_34b5103319c5","tunisieannonce","2000.0","100.0","","Sousse Riadh","TUNIS","north","Sale","Land","2026-03-31T14:31:18.701166","new","","","70"
"3705","tunisieannonce_35fcac4a6215","tunisieannonce","5700.0","2024.0","2","Marsa Safsaf","TUNIS","north","Rent","Villa","2026-03-31T15:46:14.848200","new","","","90"
"3706","tunisieannonce_3584b3df6961","tunisieannonce","8000.0","650.0","4","Carthage","TUNIS","north","Rent","Commercial","2026-03-31T15:37:35.481432","new","","","90"
"3707","tunisieannonce_357d9d2c733c","tunisieannonce","3000.0","200.0","3","Sidi Bousaid","TUNIS","north","Rent","Villa","2026-03-31T13:12:46.294494","new","","","90"
"3708","tunisieannonce_36aa7f083ed6","tunisieannonce","1800.0","340.0","","Hammamet","TUNIS","north","Rent","Villa","2026-03-31T15:48:10.255250","new","","","80"
"3709","tunisieannonce_372e502b5423","tunisieannonce","","2026.0","1","Bab Bhar","TUNIS","north","Rent","Apartment","2026-03-31T14:19:48.369866","new","","","75"
"3710","tunisieannonce_36a9a39871b1","tunisieannonce","4000.0","","2","Jardins De Carthage","TUNIS","north","Rent","Apartment","2026-03-31T12:54:24.363656","new","","","85"
"3711","tunisieannonce_38164cf26e2f","tunisieannonce","890000.0","500.0","2","Hammamet","TUNIS","north","Sale","Villa","2026-03-31T13:11:16.077006","new","","","100"
"3712","tunisieannonce_37d990ac1b09","tunisieannonce","798100.0","694.0","","Khezama Ouest","TUNIS","north","Sale","Land","2026-03-31T14:07:06.911853","new","","","90"
"3713","tunisieannonce_387c6cb1abef","tunisieannonce","3014.0","884.0","","Dar Fadhal","TUNIS","north","Sale","Land","2026-03-31T15:21:58.588624","new","","","70"
"3714","tunisieannonce_384160d4f8e9","tunisieannonce","750.0","","","El Menzah 9","TUNIS","north","Rent","Apartment","2026-03-31T15:05:14.410005","new","","","75"
"3715","tunisieannonce_3a0a1defc5dc","tunisieannonce","560000.0","452.0","2","El Mourouj","TUNIS","north","Sale","Villa","2026-03-31T14:06:15.832149","new","","","100"
"3716","tunisieannonce_3986f5f63996","tunisieannonce","350.0","40.0","2","La Mannouba","TUNIS","north","Rent","Apartment","2026-03-31T14:43:50.164798","new","","","90"
"3717","tunisieannonce_3b3b6bb8b2a2","tunisieannonce","1100.0","78.0","1","Chotrana 1","TUNIS","north","Rent","Apartment","2026-03-31T15:51:39.461044","new","","","90"
"3718","tunisieannonce_3bb8f2950b00","tunisieannonce","4500.0","","2","Jardins De Carthage","TUNIS","north","Rent","Apartment","2026-03-31T15:22:17.199708","new","","","85"
"3719","tunisieannonce_3d48b7ac3756","tunisieannonce","145000.0","150.0","","Hammamet","TUNIS","north","Sale","Other","2026-03-31T13:28:33.527977","new","","","90"
"3720","tunisieannonce_3dc00a81d9f0","tunisieannonce","1500.0","2026.0","2","El Menzah 8","TUNIS","north","Rent","Villa","2026-03-31T14:27:34.281108","new","","","80"
"3721","tunisieannonce_3e4165c83f86","tunisieannonce","950.0","60.0","1","La Soukra","TUNIS","north","Rent","Apartment","2026-03-31T14:15:38.788025","new","","","90"
"3722","tunisieannonce_3f6c7b56050c","tunisieannonce","1580.0","155.0","3","Gammart","TUNIS","north","Sale","Villa","2026-03-31T12:25:02.836153","new","","","80"
"3723","tunisieannonce_3e6f3ed004c0","tunisieannonce","350000.0","100.0","2","Hammam Sousse","TUNIS","north","Sale","Apartment","2026-03-31T12:47:16.343329","new","","","100"
"3724","tunisieannonce_3f78cdbd8e30","tunisieannonce","1300.0","500.0","","Gammart","TUNIS","north","Sale","Land","2026-03-31T13:30:48.449012","new","","","70"
"3725","tunisieannonce_3f61b1f153d9","tunisieannonce","1800.0","500.0","","Borj El Amri","TUNIS","north","Sale","Land","2026-03-31T13:29:34.310634","new","","","70"
"3726","tunisieannonce_3f4d43ae4f92","tunisieannonce","3100.0","140.0","3","Marsa Safsaf","TUNIS","north","Rent","Apartment","2026-03-31T12:29:39.408002","new","","","90"
"3727","tunisieannonce_3e7abf575811","tunisieannonce","1250.0","80.0","1","Ain Zaghouan","TUNIS","north","Rent","Apartment","2026-03-31T13:32:51.091366","new","","","90"
"3728","tunisieannonce_40906099fe3b","tunisieannonce","1300.0","2026.0","3","El Aouina","TUNIS","north","Rent","Apartment","2026-03-31T14:56:18.524530","new","","","75"
"3729","tunisieannonce_3f9984df6e1e","tunisieannonce","2000.0","820.0","","Montplaisir","TUNIS","north","Sale","Land","2026-03-31T13:40:47.809980","new","","","65"
"3730","tunisieannonce_405abd530100","tunisieannonce","160000.0","400.0","","Cite Ennasr 1","TUNIS","north","Sale","Land","2026-03-31T13:36:08.655980","new","","","90"
"3731","tunisieannonce_400ec7d5c687","tunisieannonce","970000.0","932.0","2","Sousse Corniche","TUNIS","north","Sale","Other","2026-03-31T14:54:02.462315","new","","","80"
"3732","tunisieannonce_41bf23ada899","tunisieannonce","3000.0","","4","El Aouina","TUNIS","north","Rent","Commercial","2026-03-31T15:32:23.905325","new","","","85"
"3733","tunisieannonce_421fdb7b6a0c","tunisieannonce","650.0","50.0","5","El Manar 1","TUNIS","north","Rent","Apartment","2026-03-31T15:55:47.109056","new","","","90"
"3734","tunisieannonce_4272da4e662b","tunisieannonce","1650.0","100.0","1","Berge Du Lac","TUNIS","north","Rent","Apartment","2026-03-31T12:29:28.727134","new","","","90"
"3735","tunisieannonce_43f0ba794abc","tunisieannonce","4500.0","400.0","3","Gammart","TUNIS","north","Rent","Villa","2026-03-31T12:30:27.202628","new","","","90"
"3736","tunisieannonce_442e522606f3","tunisieannonce","900.0","100.0","2","El Menzah 7","TUNIS","north","Rent","Apartment","2026-03-31T15:56:10.616225","new","","","90"
"3737","tunisieannonce_44c77263872c","tunisieannonce","150000.0","100.0","2","El Mourouj","TUNIS","north","Sale","Apartment","2026-03-31T14:33:38.217194","new","","","95"
"3738","tunisieannonce_453c4a29a3bd","tunisieannonce","7500.0","600.0","4","Gammart","TUNIS","north","Rent","Villa","2026-03-31T15:29:22.694020","new","","","90"
"3739","tunisieannonce_44ce64e8e633","tunisieannonce","580000.0","373.0","2","Akouda","TUNIS","north","Sale","Land","2026-03-31T12:46:36.564673","new","","","100"
"3740","tunisieannonce_45bcf539cafb","tunisieannonce","6500.0","2024.0","3","Gammart","TUNIS","north","Rent","Other","2026-03-31T15:43:02.260753","new","","","80"
"3741","tunisieannonce_45d35c32842c","tunisieannonce","420000.0","210.0","2","Nouvelle Medina","TUNIS","north","Sale","Land","2026-03-31T12:23:40.665237","new","","","100"
"3742","tunisieannonce_46c67c05bb5e","tunisieannonce","3000.0","2025.0","2","Jardins De Carthage","TUNIS","north","Rent","Apartment","2026-03-31T15:42:50.875793","new","","","90"
"3743","tunisieannonce_476e56b5f158","tunisieannonce","2500.0","","2","Jardins De Carthage","TUNIS","north","Rent","Apartment","2026-03-31T15:37:05.911078","new","","","55"
"3744","tunisieannonce_4775ac6dfd79","tunisieannonce","270000.0","225.0","","Raoued","TUNIS","north","Sale","Land","2026-03-31T14:13:50.572926","new","","","90"
"3745","tunisieannonce_4817fbcdff69","tunisieannonce","3600.0","180.0","2","Berge Du Lac","TUNIS","north","Rent","Commercial","2026-03-31T13:46:35.823555","new","","","90"
"3746","tunisieannonce_48dc982d6bbc","tunisieannonce","9000.0","","2","Marsa Safsaf","TUNIS","north","Rent","Villa","2026-03-31T13:50:06.610863","new","","","85"
"3747","tunisieannonce_4a20ecbf958e","tunisieannonce","2100.0","170.0","3","Sidi Daoud","TUNIS","north","Rent","Apartment","2026-03-31T13:21:03.257284","new","","","90"
"3748","tunisieannonce_49ce4adfde98","tunisieannonce","4000.0","140.0","3","Marsa Safsaf","TUNIS","north","Rent","Apartment","2026-03-31T14:03:54.063834","new","","","90"
"3749","tunisieannonce_498683e0bb79","tunisieannonce","400000.0","402.0","","Zaouiet Sousse","TUNIS","north","Sale","Land","2026-03-31T14:20:04.886671","new","","","90"
"3750","tunisieannonce_4a5ab8ac2c44","tunisieannonce","1200.0","2026.0","2","Cite Ennasr 2","TUNIS","north","Rent","Apartment","2026-03-31T15:40:12.145175","new","","","80"
"3751","tunisieannonce_4a7e622f4b20","tunisieannonce","285000.0","100.0","3","El Menzah 7","TUNIS","north","Sale","Commercial","2026-03-31T13:24:36.082427","new","","","100"
"3752","tunisieannonce_4b046b39f92e","tunisieannonce","8000.0","500.0","4","Carthage","TUNIS","north","Rent","Villa","2026-03-31T15:35:41.587757","new","","","90"
"3753","tunisieannonce_4b2b2a20a5c7","tunisieannonce","1350.0","80.0","1","La Soukra","TUNIS","north","Rent","Commercial","2026-03-31T14:15:56.004390","new","","","90"
"3754","tunisieannonce_4ba5b6e90ac1","tunisieannonce","920000.0","530.0","3","Cite Sahloul","TUNIS","north","Sale","Land","2026-03-31T12:24:18.195082","new","","","100"
"3755","tunisieannonce_4b65e116d566","tunisieannonce","1900.0","140.0","","Cite Ennasr 2","TUNIS","north","Rent","Apartment","2026-03-31T14:48:05.755173","new","","","80"
"3756","tunisieannonce_4bdfd519e8b0","tunisieannonce","630000.0","600.0","3","Riadh Landlous","TUNIS","north","Sale","Villa","2026-03-31T15:33:37.585309","new","","","100"
"3757","tunisieannonce_4c6f04ae6982","tunisieannonce","3500.0","140.0","3","Jardins De Carthage","TUNIS","north","Rent","Apartment","2026-03-31T15:35:20.299291","new","","","90"
"3758","tunisieannonce_4c9e88880152","tunisieannonce","335000.0","122.0","3","Ezzahra","TUNIS","north","Sale","Apartment","2026-03-31T13:11:33.970982","new","","","100"
"3759","tunisieannonce_4dc3468cd72b","tunisieannonce","2800.0","120.0","2","Marsa Safsaf","TUNIS","north","Rent","Apartment","2026-03-31T12:29:18.664112","new","","","90"
"3760","tunisieannonce_4ca380371056","tunisieannonce","3500.0","230.0","2","Cite Du Stade","TUNIS","north","Rent","Apartment","2026-03-31T12:48:21.534354","new","","","90"
"3761","tunisieannonce_4e3897a7add8","tunisieannonce","5000.0","400.0","2","Cite El Hana","TUNIS","north","Rent","Villa","2026-03-31T13:13:29.612574","new","","","90"
"3762","tunisieannonce_4e7fb6286b92","tunisieannonce","350000.0","780.0","2","Hammam Sousse","TUNIS","north","Sale","Apartment","2026-03-31T15:53:16.380920","new","","","95"
"3763","tunisieannonce_4e8018f9c6d5","tunisieannonce","641900.0","","2","Jardins De Carthage","TUNIS","north","Sale","Apartment","2026-03-31T12:44:53.282735","new","","","55"
"3764","tunisieannonce_4e7b32de1597","tunisieannonce","245000.0","400.0","2","Hammamet","TUNIS","north","Sale","Villa","2026-03-31T13:07:27.102145","new","","","100"
"3765","tunisieannonce_4e296666ad75","tunisieannonce","2000.0","2025.0","3","Marsa Safsaf","TUNIS","north","Rent","Commercial","2026-03-31T15:46:33.709121","new","","","80"
"3766","tunisieannonce_4fbd5dfc3931","tunisieannonce","680000.0","402.0","","El Menzah 9","TUNIS","north","Sale","Land","2026-03-31T14:37:16.532322","new","","","90"
"3767","tunisieannonce_4f944b8718ce","tunisieannonce","1000.0","","","Hammam Jebli","TUNIS","north","Sale","Land","2026-03-31T13:30:08.283389","new","","","55"
"3768","tunisieannonce_4f304f484185","tunisieannonce","2200.0","702.0","4","Nabeul","TUNIS","north","Sale","Villa","2026-03-31T15:48:29.730165","new","","","80"
"3769","tunisieannonce_50b3c92f9f06","tunisieannonce","275000.0","120.0","2","El Omrane Superieur","TUNIS","north","Sale","Apartment","2026-03-31T13:42:37.842807","new","","","100"
"3770","tunisieannonce_50df4d91a336","tunisieannonce","3500.0","250.0","4","Cite Du Stade","TUNIS","north","Rent","Apartment","2026-03-31T15:23:38.084111","new","","","90"
"3771","tunisieannonce_50df99e5a1fd","tunisieannonce","5000.0","336.0","","Zone Urbaine Nord","TUNIS","north","Sale","Commercial","2026-03-31T15:27:25.832451","new","","","70"
"3772","tunisieannonce_4ff45d140a5f","tunisieannonce","800.0","180.0","2","Gammart","TUNIS","north","Rent","Commercial","2026-03-31T13:30:27.633619","new","","","90"
"3773","tunisieannonce_51bb1234d987","tunisieannonce","520.0","75.0","1","Ariana","TUNIS","north","Rent","Commercial","2026-03-31T13:59:30.282874","new","","","90"
"3774","tunisieannonce_5278300c0edf","tunisieannonce","1320.0","300.0","1","Berge Du Lac","TUNIS","north","Sale","Land","2026-03-31T12:23:20.499942","new","","","80"
"3775","tunisieannonce_5286c327deed","tunisieannonce","790.0","35.0","","El Menzah 9","TUNIS","north","Sale","Commercial","2026-03-31T13:08:52.588483","new","","","70"
"3776","tunisieannonce_52624a874cf2","tunisieannonce","425000.0","387.0","","Chatt Meriem","TUNIS","north","Sale","Land","2026-03-31T12:33:13.647415","new","","","90"
"3777","tunisieannonce_52cecde36365","tunisieannonce","600.0","70.0","2","Megrine","TUNIS","north","Rent","Apartment","2026-03-31T12:54:15.833537","new","","","85"
"3778","tunisieannonce_5390a23ee838","tunisieannonce","3800.0","2025.0","3","Marsa Safsaf","TUNIS","north","Rent","Apartment","2026-03-31T15:41:32.606148","new","","","90"
"3779","tunisieannonce_538611def430","tunisieannonce","115000.0","250.0","","La Mannouba","TUNIS","north","Sale","Land","2026-03-31T15:05:06.608356","new","","","85"
"3780","tunisieannonce_54097741deae","tunisieannonce","2800.0","2024.0","3","Cite Du Stade","TUNIS","north","Rent","Commercial","2026-03-31T15:45:33.537218","new","","","90"
"3781","tunisieannonce_5502ceb816f1","tunisieannonce","100000.0","49.0","","Mornaguia","TUNIS","north","Sale","Land","2026-03-31T15:04:58.969746","new","","","90"
"3782","tunisieannonce_54cb4a9d55b9","tunisieannonce","190000.0","257.0","","Mnihla","TUNIS","north","Sale","Land","2026-03-31T13:44:37.981618","new","","","90"
"3783","tunisieannonce_55e0d3b92416","tunisieannonce","7000.0","400.0","1","Berge Du Lac","TUNIS","north","Rent","Villa","2026-03-31T15:09:34.871564","new","","","90"
"3784","tunisieannonce_569dbccd3e54","tunisieannonce","220000.0","190.0","2","Hammam Sousse","TUNIS","north","Sale","Apartment","2026-03-31T13:08:13.952590","new","","","95"
"3785","tunisieannonce_56e3db2a6407","tunisieannonce","233000.0","465.0","","Chatt Meriem","TUNIS","north","Sale","Land","2026-03-31T13:42:27.879052","new","","","85"
"3786","tunisieannonce_5866975d79f2","tunisieannonce","1220.0","598.0","3","Cite Ennasr 2","TUNIS","north","Sale","Villa","2026-03-31T14:14:40.141000","new","","","65"
"3787","tunisieannonce_580331a4c8af","tunisieannonce","1100.0","80.0","1","Cite Ennasr 2","TUNIS","north","Rent","Apartment","2026-03-31T14:36:02.343920","new","","","90"
"3788","tunisieannonce_5a00742213d1","tunisieannonce","700.0","80.0","2","Ben Arous","TUNIS","north","Rent","Apartment","2026-03-31T12:46:09.735131","new","","","85"
"3789","tunisieannonce_591c5dcda566","tunisieannonce","67000.0","200.0","3","Le Kram","TUNIS","north","Sale","Commercial","2026-03-31T15:21:01.522664","new","","","100"
"3790","tunisieannonce_5938f5830b3b","tunisieannonce","280000.0","130.0","3","Riadh Landlous","TUNIS","north","Sale","Apartment","2026-03-31T14:49:32.636350","new","","","100"
"3791","tunisieannonce_5af98a86e181","tunisieannonce","2700.0","190.0","","Merkez Sebai","TUNIS","north","Sale","Land","2026-03-31T13:40:28.558969","new","","","65"
"3792","tunisieannonce_5aa1e65b855d","tunisieannonce","1000.0","80.0","2","Hammam Sousse Gharbi","TUNIS","north","Rent","Apartment","2026-03-31T12:33:03.962148","new","","","90"
"3793","tunisieannonce_5b1f9dc148aa","tunisieannonce","1265.0","","","Mateur","TUNIS","north","Sale","Land","2026-03-31T14:46:44.580101","new","","","50"
"3794","tunisieannonce_5b99edd27ee8","tunisieannonce","625000.0","382.0","2","Hammam Sousse","TUNIS","north","Sale","Land","2026-03-31T13:41:29.557993","new","","","100"
"3795","tunisieannonce_5c4608708085","tunisieannonce","3900.0","400.0","3","Marsa Ennassim","TUNIS","north","Rent","Villa","2026-03-31T12:30:37.431871","new","","","90"
"3796","tunisieannonce_5c81e4469cb8","tunisieannonce","232000.0","290.0","","Ariana","TUNIS","north","Sale","Land","2026-03-31T15:33:57.075196","new","","","90"
"3797","tunisieannonce_5d668495d9c8","tunisieannonce","720000.0","500.0","2","Hammamet","TUNIS","north","Sale","Villa","2026-03-31T13:54:08.438057","new","","","100"
"3798","tunisieannonce_5d67bf66c895","tunisieannonce","90000.0","96.0","3","Cite Taieb Mhiri","TUNIS","north","Sale","Apartment","2026-03-31T13:45:09.339020","new","","","100"
"3799","tunisieannonce_5d1a9a42d30b","tunisieannonce","4000.0","250.0","5","Gammart","TUNIS","north","Rent","Villa","2026-03-31T14:44:08.190510","new","","","90"
"3800","tunisieannonce_5d62c3f96fe3","tunisieannonce","150000.0","85.0","2","El Mourouj","TUNIS","north","Sale","Apartment","2026-03-31T12:33:55.434380","new","","","100"
"3801","tunisieannonce_5e4573a2d95a","tunisieannonce","50000.0","200.0","","Hammamet","TUNIS","north","Sale","Land","2026-03-31T13:32:42.855745","new","","","90"
"3802","tunisieannonce_5ddf8d26b61e","tunisieannonce","600.0","45.0","1","Ariana","TUNIS","north","Rent","Commercial","2026-03-31T15:29:35.033755","new","","","90"
"3803","tunisieannonce_5ddf5ef268c1","tunisieannonce","6000.0","2025.0","3","Marsa Safsaf","TUNIS","north","Rent","Apartment","2026-03-31T15:41:21.399740","new","","","80"
"3804","tunisieannonce_5e2dbe3ec2d1","tunisieannonce","334000.0","658.0","","El May","TUNIS","north","Sale","Land","2026-03-31T12:59:00.956422","new","","","90"
"3805","tunisieannonce_5fa710492df4","tunisieannonce","1600.0","120.0","3","Jardins De Carthage","TUNIS","north","Rent","Apartment","2026-03-31T12:57:50.912992","new","","","90"
"3806","tunisieannonce_60548cf803e9","tunisieannonce","3500.0","","2","Jardins De Carthage","TUNIS","north","Rent","Apartment","2026-03-31T14:02:59.858307","new","","","55"
"3807","tunisieannonce_609b606a6129","tunisieannonce","900.0","2026.0","1","El Menzah 6","TUNIS","north","Rent","Apartment","2026-03-31T14:57:36.992465","new","","","75"
"3808","tunisieannonce_616e41100a90","tunisieannonce","4500.0","","2","Sidi Daoud","TUNIS","north","Rent","Villa","2026-03-31T13:30:58.142462","new","","","85"
"3809","tunisieannonce_6253c76b7e92","tunisieannonce","2700.0","400.0","","Raoued","TUNIS","north","Sale","Other","2026-03-31T15:35:57.602512","new","","","65"
"3810","tunisieannonce_6396ac5ec633","tunisieannonce","1300.0","2026.0","1","El Menzah 8","TUNIS","north","Rent","Apartment","2026-03-31T16:01:51.164317","new","","","75"
"3811","tunisieannonce_63ac110ddb25","tunisieannonce","294150.0","961.0","","Chatt Meriem","TUNIS","north","Sale","Land","2026-03-31T14:04:30.805687","new","","","90"
"3812","tunisieannonce_651c5a0b1a76","tunisieannonce","133000.0","822.0","","El May","TUNIS","north","Sale","Land","2026-03-31T12:58:51.231928","new","","","90"
"3813","tunisieannonce_658d141a4e37","tunisieannonce","1200.0","76.0","1","Cite Ennasr 2","TUNIS","north","Rent","Apartment","2026-03-31T14:24:42.533769","new","","","90"
"3814","tunisieannonce_67522c568828","tunisieannonce","853200.0","711.0","","Khezama Ouest","TUNIS","north","Sale","Land","2026-03-31T12:39:17.872627","new","","","90"
"3815","tunisieannonce_67ebe1caa5b8","tunisieannonce","140000.0","9000.0","","Bou Achir","TUNIS","north","Sale","Land","2026-03-31T13:33:27.378342","new","","","60"
"3816","tunisieannonce_68576b2cc9a0","tunisieannonce","3100.0","2024.0","3","Gammart","TUNIS","north","Rent","Apartment","2026-03-31T15:41:41.199117","new","","","90"
"3817","tunisieannonce_67c704980676","tunisieannonce","2500.0","156.0","3","Gammart","TUNIS","north","Rent","Villa","2026-03-31T12:24:51.654953","new","","","90"
"3818","tunisieannonce_692824197c10","tunisieannonce","351000.0","101.0","2","El Aouina","TUNIS","north","Sale","Apartment","2026-03-31T14:45:20.098700","new","","","100"
"3819","tunisieannonce_68ebc52c6746","tunisieannonce","180000.0","1000.0","1","Ennagr","TUNIS","north","Sale","Land","2026-03-31T12:24:30.782458","new","","","100"
"3820","tunisieannonce_693b0128fef3","tunisieannonce","8000.0","","2","Gammart","TUNIS","north","Rent","Villa","2026-03-31T13:58:05.855845","new","","","55"
"3821","tunisieannonce_6b3fe491e4c0","tunisieannonce","1000.0","200.0","","Ezzahra","TUNIS","north","Sale","Land","2026-03-31T14:52:05.876106","new","","","70"
"3822","tunisieannonce_6aa75085bdb1","tunisieannonce","1050.0","580.0","2","Hammamet","TUNIS","north","Sale","Land","2026-03-31T13:41:51.976551","new","","","80"
"3823","tunisieannonce_6b5e74df515b","tunisieannonce","900.0","130.0","1","Chatt Meriem","TUNIS","north","Rent","Villa","2026-03-31T13:08:42.999741","new","","","90"
"3824","tunisieannonce_6cc98b8e1ed4","tunisieannonce","300000.0","149.0","2","El Mourouj","TUNIS","north","Sale","Apartment","2026-03-31T14:33:45.393632","new","","","95"
"3825","tunisieannonce_6c87cde9e2fa","tunisieannonce","150000.0","85.0","2","El Mourouj","TUNIS","north","Sale","Apartment","2026-03-31T13:09:36.995569","new","","","100"
"3826","tunisieannonce_6da1fdfb4561","tunisieannonce","218000.0","600.0","","Kalaa El Kebira","TUNIS","north","Sale","Land","2026-03-31T13:08:24.809678","new","","","85"
"3827","tunisieannonce_6e402c52cecf","tunisieannonce","230000.0","230.0","2","Hammam Sousse","TUNIS","north","Sale","Apartment","2026-03-31T14:47:20.531450","new","","","100"
"3828","tunisieannonce_6edaf827b784","tunisieannonce","240000.0","95.0","4","Bab Bhar","TUNIS","north","Sale","Apartment","2026-03-31T12:32:50.909947","new","","","100"
"3829","tunisieannonce_70df6f20ac2d","tunisieannonce","25000.0","16.0","","El Hrairia","TUNIS","north","Sale","Commercial","2026-03-31T15:12:39.997018","new","","","85"
"3830","tunisieannonce_70cad5f767ee","tunisieannonce","150.0","2025.0","5","El Manar 2","TUNIS","north","Rent","Villa","2026-03-31T15:11:27.387912","new","","","75"
"3831","tunisieannonce_7320f937cdc7","tunisieannonce","270000.0","115.0","3","El Manar 2","TUNIS","north","Sale","Apartment","2026-03-31T12:28:12.048155","new","","","95"
"3832","tunisieannonce_73624e6e4d89","tunisieannonce","3600.0","300.0","1","Hammamet","TUNIS","north","Rent","Villa","2026-03-31T14:51:56.083787","new","","","90"
"3833","tunisieannonce_7511fbd498a4","tunisieannonce","2200.0","150.0","3","Carthage","TUNIS","north","Rent","Villa","2026-03-31T12:30:05.389507","new","","","90"
"3834","tunisieannonce_74d090929fc4","tunisieannonce","5500.0","250.0","3","Gammart","TUNIS","north","Rent","Apartment","2026-03-31T15:23:09.627467","new","","","80"
"3835","tunisieannonce_75f4d021bc6e","tunisieannonce","1250.0","118.0","3","Zone Hoteliere","TUNIS","north","Sale","Apartment","2026-03-31T15:10:48.802674","new","","","80"
"3836","tunisieannonce_77a0d605d3de","tunisieannonce","1500.0","140.0","3","Cite Plein Air","TUNIS","north","Rent","Apartment","2026-03-31T14:16:42.331678","new","","","90"
"3837","tunisieannonce_78bc2bc50481","tunisieannonce","1035.0","300.0","","Chatt Meriem","TUNIS","north","Sale","Land","2026-03-31T12:24:42.546716","new","","","70"
"3838","tunisieannonce_7a66cd9fc5a3","tunisieannonce","850.0","2026.0","3","El Manar 2","TUNIS","north","Rent","Commercial","2026-03-31T12:36:47.537739","new","","","80"
"3839","tunisieannonce_7adda5861dd2","tunisieannonce","5000.0","250.0","2","Gammart","TUNIS","north","Rent","Commercial","2026-03-31T12:52:23.083843","new","","","90"
"3840","tunisieannonce_7b0ca0c9c254","tunisieannonce","3900.0","400.0","","Mutuelle Ville","TUNIS","north","Rent","Villa","2026-03-31T13:08:03.644810","new","","","75"
"3841","tunisieannonce_7abccc02c846","tunisieannonce","7000.0","2023.0","4","Carthage","TUNIS","north","Rent","Villa","2026-03-31T16:02:21.855631","new","","","90"
"3842","tunisieannonce_7c09f06428df","tunisieannonce","3000.0","110.0","2","Marsa Safsaf","TUNIS","north","Rent","Villa","2026-03-31T14:01:50.104661","new","","","90"
"3843","tunisieannonce_7c11adaffe36","tunisieannonce","8000.0","700.0","4","Marsa Safsaf","TUNIS","north","Rent","Villa","2026-03-31T15:27:49.295719","new","","","90"
"3844","tunisieannonce_7c8da9611189","tunisieannonce","2400.0","80.0","1","Berge Du Lac","TUNIS","north","Rent","Apartment","2026-03-31T14:03:20.037971","new","","","90"
"3845","tunisieannonce_7cd1e27c14e9","tunisieannonce","6000.0","200.0","2","Marsa Ennassim","TUNIS","north","Rent","Villa","2026-03-31T13:13:43.817318","new","","","90"
"3846","tunisieannonce_7d7784d1a686","tunisieannonce","170000.0","125.0","2","El Hrairia","TUNIS","north","Sale","Villa","2026-03-31T12:50:59.583730","new","","","100"
"3847","tunisieannonce_7d51cf844b1f","tunisieannonce","850.0","2026.0","1","El Menzah 1","TUNIS","north","Rent","Apartment","2026-03-31T14:27:54.284891","new","","","80"
"3848","tunisieannonce_7e09d5397342","tunisieannonce","750.0","80.0","2","Ben Arous","TUNIS","north","Rent","Apartment","2026-03-31T13:56:24.930253","new","","","85"
"3849","tunisieannonce_7d9f14caf0df","tunisieannonce","6000.0","400.0","3","Marsa Ennassim","TUNIS","north","Rent","Villa","2026-03-31T15:36:17.096812","new","","","90"
"3850","tunisieannonce_7e0c304d26f5","tunisieannonce","1600.0","97.0","2","El Kantaoui","TUNIS","north","Rent","Apartment","2026-03-31T14:42:17.453585","new","","","90"
"3851","tunisieannonce_7de79e11ab6b","tunisieannonce","5000.0","175.0","4","Kheireddine Pacha","TUNIS","north","Sale","Commercial","2026-03-31T14:18:36.646870","new","","","80"
"3852","tunisieannonce_7e93d024fbe4","tunisieannonce","3000.0","","4","El Aouina","TUNIS","north","Rent","Villa","2026-03-31T15:38:12.135242","new","","","85"
"3853","tunisieannonce_7f2a3a50c5b7","tunisieannonce","10000.0","600.0","","El Menzah 5","TUNIS","north","Sale","Villa","2026-03-31T12:54:08.351017","new","","","65"
"3854","tunisieannonce_7f5e9ee8a7ed","tunisieannonce","1200.0","452.0","2","Khezama Ouest","TUNIS","north","Sale","Land","2026-03-31T12:32:28.662953","new","","","80"
"3855","tunisieannonce_80432ccca63f","tunisieannonce","10000.0","727.0","2","Cite Touristique","TUNIS","north","Sale","Villa","2026-03-31T13:20:11.256660","new","","","80"
"3856","tunisieannonce_7fd2337dec78","tunisieannonce","1500.0","90.0","3","Cite Hached","TUNIS","north","Rent","Commercial","2026-03-31T12:24:08.523324","new","","","90"
"3857","tunisieannonce_8048591bcb8e","tunisieannonce","2400.0","","2","Jardins De Carthage","TUNIS","north","Rent","Villa","2026-03-31T12:54:41.656977","new","","","55"
"3858","tunisieannonce_803f9990c073","tunisieannonce","520000.0","468.0","3","Ariana","TUNIS","north","Sale","Villa","2026-03-31T15:04:48.179024","new","","","100"
"3859","tunisieannonce_80fea7b4c739","tunisieannonce","1000.0","420.0","2","Khezama Ouest","TUNIS","north","Sale","Land","2026-03-31T13:04:26.024564","new","","","80"
"3860","tunisieannonce_81335960e149","tunisieannonce","250000.0","","","Chorfech","TUNIS","north","Sale","Land","2026-03-31T15:15:59.568832","new","","","70"
"3861","tunisieannonce_81b1504d787c","tunisieannonce","1500.0","460.0","2","Cite De La Plage 2","TUNIS","north","Sale","Land","2026-03-31T12:47:26.037738","new","","","80"
"3862","tunisieannonce_8229c53c7302","tunisieannonce","2000.0","2024.0","1","Cite Du Stade","TUNIS","north","Rent","Apartment","2026-03-31T15:42:24.000712","new","","","80"
"3863","tunisieannonce_84e1f13b050d","tunisieannonce","900.0","60.0","1","El Aouina","TUNIS","north","Rent","Apartment","2026-03-31T13:33:34.942473","new","","","90"
"3864","tunisieannonce_84a748d7cdc2","tunisieannonce","47000.0","62.0","3","Sidi Daoud","TUNIS","north","Sale","Commercial","2026-03-31T13:46:17.431560","new","","","100"
"3865","tunisieannonce_853885c0452f","tunisieannonce","1400.0","80.0","1","El Menzah 9","TUNIS","north","Rent","Apartment","2026-03-31T14:36:23.878909","new","","","90"
"3866","tunisieannonce_861db9688a1f","tunisieannonce","7000.0","500.0","4","Gammart","TUNIS","north","Rent","Villa","2026-03-31T15:02:47.688503","new","","","90"
"3867","tunisieannonce_8629b28d0355","tunisieannonce","185000.0","2025.0","2","El Mourouj","TUNIS","north","Sale","Apartment","2026-03-31T15:13:11.288194","new","","","90"
"3868","tunisieannonce_86ea8c1cb641","tunisieannonce","2100.0","331.0","1","Gammart","TUNIS","north","Sale","Land","2026-03-31T15:38:21.984714","new","","","80"
"3869","tunisieannonce_86f69a861aa0","tunisieannonce","3500.0","400.0","1","Chotrana 1","TUNIS","north","Rent","Commercial","2026-03-31T13:29:17.558913","new","","","85"
"3870","tunisieannonce_87662a983eb3","tunisieannonce","360000.0","120.0","2","Sousse Khezama","TUNIS","north","Sale","Apartment","2026-03-31T13:29:56.691615","new","","","100"
"3871","tunisieannonce_877b557a870b","tunisieannonce","","300.0","5","Ghar El Melh","TUNIS","north","Rent","Villa","2026-03-31T12:54:52.071149","new","","","80"
"3872","tunisieannonce_88d2a74e3671","tunisieannonce","360000.0","130.0","3","Cite Ennasr 2","TUNIS","north","Sale","Apartment","2026-03-31T12:40:08.287763","new","","","100"
"3873","tunisieannonce_88ed4f59c425","tunisieannonce","9350.0","","","Zaghouan","TUNIS","north","Sale","Land","2026-03-31T14:33:30.336315","new","","","70"
"3874","tunisieannonce_884f571e59e7","tunisieannonce","8000.0","250.0","4","Marsa Safsaf","TUNIS","north","Rent","Villa","2026-03-31T14:00:01.580940","new","","","90"
"3875","tunisieannonce_892d42cceb5e","tunisieannonce","470000.0","400.0","3","Cite Ennkhilet","TUNIS","north","Sale","Land","2026-03-31T14:17:58.052493","new","","","100"
"3876","tunisieannonce_8937f5642c0c","tunisieannonce","220000.0","630.0","","Cite Touristique","TUNIS","north","Sale","Land","2026-03-31T15:59:40.838705","new","","","90"
"3877","tunisieannonce_893db027f0c5","tunisieannonce","13000.0","2025.0","4","Gammart","TUNIS","north","Rent","Villa","2026-03-31T15:47:55.637376","new","","","90"
"3878","tunisieannonce_8b60994e8e5d","tunisieannonce","1700.0","111.0","1","El Mourouj","TUNIS","north","Rent","Villa","2026-03-31T12:29:48.232088","new","","","90"
"3879","tunisieannonce_8afde2712cd6","tunisieannonce","1000.0","100.0","3","Hammamet","TUNIS","north","Rent","Villa","2026-03-31T15:47:24.795621","new","","","90"
"3880","tunisieannonce_8bbaaa3a3f4e","tunisieannonce","4500.0","500.0","4","La Mannouba","TUNIS","north","Sale","Commercial","2026-03-31T12:39:57.123413","new","","","80"
"3881","tunisieannonce_8ba2d8c8f7d3","tunisieannonce","390.0","18.0","","El Manar 1","TUNIS","north","Rent","Commercial","2026-03-31T12:55:11.989436","new","","","80"
"3882","tunisieannonce_8be318ae414f","tunisieannonce","354000.0","62.0","2","Jardins De Carthage","TUNIS","north","Sale","Apartment","2026-03-31T15:57:09.634413","new","","","100"
"3883","tunisieannonce_8ca413ec8108","tunisieannonce","5250.0","","","Mateur","TUNIS","north","Sale","Land","2026-03-31T14:48:26.754629","new","","","70"
"3884","tunisieannonce_8cdfaedd158c","tunisieannonce","6000.0","","3","Bizerte","TUNIS","north","Sale","Land","2026-03-31T14:49:01.560261","new","","","80"
"3885","tunisieannonce_8cf13bd34c9e","tunisieannonce","1500.0","45.0","4","Berge Du Lac","TUNIS","north","Rent","Commercial","2026-03-31T15:34:31.900940","new","","","90"
"3886","tunisieannonce_8cbb2a111668","tunisieannonce","820000.0","540.0","2","Hammamet","TUNIS","north","Sale","Land","2026-03-31T13:40:08.186243","new","","","100"
"3887","tunisieannonce_8d8cab88b6e1","tunisieannonce","1500.0","200.0","3","Khezama Ouest","TUNIS","north","Sale","Villa","2026-03-31T15:50:42.502763","new","","","75"
"3888","tunisieannonce_8d8a88d6777c","tunisieannonce","6500.0","500.0","3","Gammart","TUNIS","north","Rent","Villa","2026-03-31T15:29:09.095378","new","","","90"
"3889","tunisieannonce_8d7e1fc8e14b","tunisieannonce","165000.0","","3","El Manar 1","TUNIS","north","Sale","Other","2026-03-31T12:55:49.397670","new","","","85"
"3890","tunisieannonce_8f1481905024","tunisieannonce","10000.0","2023.0","2","Gammart","TUNIS","north","Rent","Villa","2026-03-31T15:49:37.235946","new","","","90"
"3891","tunisieannonce_8ea0c356781a","tunisieannonce","950.0","50.0","1","Jardins D'El Menzah","TUNIS","north","Rent","Apartment","2026-03-31T14:58:16.738055","new","","","85"
"3892","tunisieannonce_8f43f19e07ed","tunisieannonce","2500.0","130.0","2","Berge Du Lac","TUNIS","north","Rent","Commercial","2026-03-31T13:24:27.782208","new","","","90"
"3893","tunisieannonce_910fbfbaa7c9","tunisieannonce","2100.0","60.0","3","El Kantaoui","TUNIS","north","Rent","Apartment","2026-03-31T16:00:33.722945","new","","","90"
"3894","tunisieannonce_91dde6132682","tunisieannonce","750000.0","","3","Berge Du Lac","TUNIS","north","Sale","Apartment","2026-03-31T12:37:41.523646","new","","","85"
"3895","tunisieannonce_91bd532fe109","tunisieannonce","500000.0","480.0","2","Hammam Sousse Gharbi","TUNIS","north","Sale","Land","2026-03-31T13:30:17.904035","new","","","95"
"3896","tunisieannonce_917fd52d7f1b","tunisieannonce","450000.0","175.0","4","El Menzah 5","TUNIS","north","Sale","Villa","2026-03-31T14:37:27.738088","new","","","100"
"3897","tunisieannonce_930ee5285e41","tunisieannonce","1000.0","400.0","3","Ain Zaghouan","TUNIS","north","Sale","Land","2026-03-31T15:35:31.896985","new","","","80"
"3898","tunisieannonce_932d2374ac34","tunisieannonce","360.0","70.0","2","La Mannouba","TUNIS","north","Rent","Other","2026-03-31T14:43:33.910820","new","","","90"
"3899","tunisieannonce_933ce3074ea0","tunisieannonce","145000.0","315.0","","Soliman","TUNIS","north","Sale","Land","2026-03-31T15:30:55.608096","new","","","90"
"3900","tunisieannonce_9305d75c4883","tunisieannonce","1700.0","32.0","","Sidi Daoud","TUNIS","north","Sale","Land","2026-03-31T15:11:37.596149","new","","","70"
"3901","tunisieannonce_942462b0a25b","tunisieannonce","450000.0","114.0","2","Cite Afh","TUNIS","north","Sale","Apartment","2026-03-31T14:03:09.100621","new","","","100"
"3902","tunisieannonce_943ec82b6f1b","tunisieannonce","8500.0","","2","Gammart","TUNIS","north","Rent","Villa","2026-03-31T14:00:30.738147","new","","","85"
"3903","tunisieannonce_949690f8bc9a","tunisieannonce","24000.0","126.0","2","Borj Louzir","TUNIS","north","Sale","Commercial","2026-03-31T15:00:21.886717","new","","","100"
"3904","tunisieannonce_948042d1340d","tunisieannonce","600000.0","860.0","","Hammam Sousse Gharbi","TUNIS","north","Sale","Land","2026-03-31T13:08:33.474916","new","","","85"
"3905","tunisieannonce_96aa7aafa167","tunisieannonce","350000.0","450.0","","Hammamet","TUNIS","north","Sale","Land","2026-03-31T13:43:08.232197","new","","","85"
"3906","tunisieannonce_95e9c52af6fa","tunisieannonce","50000.0","","","Testour","TUNIS","north","Sale","Land","2026-03-31T14:46:29.569883","new","","","70"
"3907","tunisieannonce_980a5264c7ed","tunisieannonce","1100.0","","1","Cite Ennasr 2","TUNIS","north","Rent","Apartment","2026-03-31T15:41:52.539177","new","","","85"
"3908","tunisieannonce_97fb17c6c0f3","tunisieannonce","3000.0","200.0","2","Cite Du Stade","TUNIS","north","Rent","Apartment","2026-03-31T12:49:29.233623","new","","","90"
"3909","tunisieannonce_98ded1559ae0","tunisieannonce","95000.0","200.0","2","Hammamet","TUNIS","north","Sale","Villa","2026-03-31T12:29:01.730848","new","","","100"
"3910","tunisieannonce_9ae4b8143502","tunisieannonce","8000.0","","4","Marsa Ennassim","TUNIS","north","Rent","Villa","2026-03-31T14:58:36.518894","new","","","85"
"3911","tunisieannonce_9aa1afbb096f","tunisieannonce","1300.0","2026.0","1","Jardins D'El Menzah","TUNIS","north","Rent","Villa","2026-03-31T13:31:52.084927","new","","","80"
"3912","tunisieannonce_9a36fc1af0ef","tunisieannonce","350000.0","400.0","","Cebalet Ben Ammar","TUNIS","north","Sale","Land","2026-03-31T14:33:02.100644","new","","","85"
"3913","tunisieannonce_9b64e12cd89a","tunisieannonce","1400.0","70.0","1","Chatt Meriem","TUNIS","north","Rent","Apartment","2026-03-31T13:42:58.786433","new","","","85"
"3914","tunisieannonce_9e990f2d3b36","tunisieannonce","350000.0","","","El Aroussa","TUNIS","north","Sale","Land","2026-03-31T14:33:16.830525","new","","","70"
"3915","tunisieannonce_9e99eda3b1be","tunisieannonce","1000.0","","","Ezzahra","TUNIS","north","Sale","Land","2026-03-31T13:50:48.334059","new","","","55"
"3916","tunisieannonce_9fc226a74f7f","tunisieannonce","700.0","","","El Menzah 9","TUNIS","north","Rent","Apartment","2026-03-31T12:48:31.966076","new","","","75"
"3917","tunisieannonce_9f9510d34d21","tunisieannonce","110000.0","","","El Fejja","TUNIS","north","Sale","Land","2026-03-31T13:32:58.954969","new","","","75"
"3918","tunisieannonce_9f911ed75b00","tunisieannonce","100000.0","80.0","1","Berge Du Lac","TUNIS","north","Sale","Commercial","2026-03-31T15:10:18.046865","new","","","100"
"3919","tunisieannonce_9f612bab523f","tunisieannonce","1000.0","45.0","1","Takelsa","TUNIS","north","Rent","Villa","2026-03-31T13:07:36.966768","new","","","90"
"3920","tunisieannonce_9f630403a889","tunisieannonce","5000.0","400.0","4","Marsa Ennassim","TUNIS","north","Rent","Villa","2026-03-31T15:36:52.504372","new","","","90"
"3921","tunisieannonce_a0a7f300cf0c","tunisieannonce","1500.0","600.0","3","Berge Du Lac","TUNIS","north","Sale","Land","2026-03-31T13:54:30.065954","new","","","80"
"3922","tunisieannonce_a14d2a9ef8c4","tunisieannonce","900.0","2026.0","2","El Menzah 7","TUNIS","north","Rent","Villa","2026-03-31T14:50:52.238310","new","","","80"
"3923","tunisieannonce_a0a35bba84f7","tunisieannonce","280000.0","88.0","2","Chatt Meriem","TUNIS","north","Sale","Apartment","2026-03-31T13:41:18.080433","new","","","100"
"3924","tunisieannonce_a1e5bc01b10d","tunisieannonce","700000.0","","","Borj Youssef","TUNIS","north","Sale","Land","2026-03-31T13:42:09.314386","new","","","75"
"3925","tunisieannonce_a1b01372793d","tunisieannonce","1400.0","","1","El Menzah 9","TUNIS","north","Rent","Apartment","2026-03-31T15:36:06.988421","new","","","55"
"3926","tunisieannonce_a2bd6be7684d","tunisieannonce","2100.0","130.0","2","Ain Zaghouan","TUNIS","north","Rent","Apartment","2026-03-31T15:28:42.106869","new","","","90"
"3927","tunisieannonce_a4231a25a745","tunisieannonce","1200.0","130.0","3","Gammart","TUNIS","north","Rent","Apartment","2026-03-31T13:33:07.623150","new","","","90"
"3928","tunisieannonce_a3ab28ec4cfe","tunisieannonce","900.0","70.0","","El Manar 1","TUNIS","north","Rent","Apartment","2026-03-31T12:55:40.393951","new","","","80"
"3929","tunisieannonce_a3e40cb1e576","tunisieannonce","3000.0","2024.0","3","Marsa Safsaf","TUNIS","north","Rent","Commercial","2026-03-31T15:42:14.110731","new","","","90"
"3930","tunisieannonce_a542327c004a","tunisieannonce","500.0","50.0","1","Ariana","TUNIS","north","Rent","Other","2026-03-31T12:48:42.617736","new","","","85"
"3931","tunisieannonce_a5e5d5ca5c53","tunisieannonce","900.0","90.0","2","Sidi Bahri","TUNIS","north","Rent","Apartment","2026-03-31T13:55:49.294773","new","","","85"
"3932","tunisieannonce_a4b07497a9cf","tunisieannonce","1500.0","78.0","1","La Soukra","TUNIS","north","Rent","Commercial","2026-03-31T13:12:36.697352","new","","","90"
"3933","tunisieannonce_a747b25778e9","tunisieannonce","2800.0","54.0","1","Chotrana 2","TUNIS","north","Rent","Commercial","2026-03-31T14:58:46.919233","new","","","90"
"3934","tunisieannonce_a6ee7d8c3e9f","tunisieannonce","3000.0","2023.0","3","Berge Du Lac","TUNIS","north","Rent","Apartment","2026-03-31T15:46:06.254670","new","","","90"
"3935","tunisieannonce_a739766d50e2","tunisieannonce","580000.0","780.0","3","Ghannouche","TUNIS","north","Sale","Apartment","2026-03-31T14:31:44.332511","new","","","100"
"3936","tunisieannonce_a6945f0c8c82","tunisieannonce","620000.0","604.0","3","Cite Ennouzha","TUNIS","north","Sale","Land","2026-03-31T14:14:09.299275","new","","","100"
"3937","tunisieannonce_a6872469f2d2","tunisieannonce","600.0","70.0","2","Rades","TUNIS","north","Rent","Apartment","2026-03-31T12:49:40.467176","new","","","85"
"3938","tunisieannonce_a699ac96f0d0","tunisieannonce","850.0","85.0","2","Cite Ibn Khaldoun Vi","TUNIS","north","Rent","Apartment","2026-03-31T15:21:26.264336","new","","","90"
"3939","tunisieannonce_a77d7c8d748a","tunisieannonce","320000.0","300.0","","Hammam Sousse","TUNIS","north","Sale","Land","2026-03-31T13:42:01.159366","new","","","85"
"3940","tunisieannonce_a7aaecb4e2c0","tunisieannonce","620000.0","740.0","2","Sidi Salah","TUNIS","north","Sale","Villa","2026-03-31T15:57:26.837842","new","","","100"
"3941","tunisieannonce_a88830aa21c1","tunisieannonce","105000.0","77.0","2","El Mourouj","TUNIS","north","Sale","Apartment","2026-03-31T12:23:03.587158","new","","","95"
"3942","tunisieannonce_a84136c0a519","tunisieannonce","1000.0","400.0","3","El Aouina","TUNIS","north","Sale","Land","2026-03-31T15:34:22.184844","new","","","80"
"3943","tunisieannonce_a945ffcdd76c","tunisieannonce","40000.0","","","Testour","TUNIS","north","Sale","Land","2026-03-31T14:46:21.179107","new","","","70"
"3944","tunisieannonce_a912eee8b5cd","tunisieannonce","5000.0","900.0","","Mornaguia","TUNIS","north","Sale","Land","2026-03-31T14:11:46.189082","new","","","70"
"3945","tunisieannonce_a9e3dc065c33","tunisieannonce","500000.0","137.0","1","Le Bardo","TUNIS","north","Sale","Villa","2026-03-31T14:37:39.983740","new","","","100"
"3946","tunisieannonce_aa489ed457af","tunisieannonce","500.0","85.0","2","Borj Louzir","TUNIS","north","Rent","Villa","2026-03-31T13:03:02.966409","new","","","90"
"3947","tunisieannonce_aaa33171b956","tunisieannonce","1550.0","2026.0","2","Zone Urbaine Nord","TUNIS","north","Rent","Apartment","2026-03-31T15:38:34.907052","new","","","80"
"3948","tunisieannonce_abbac6481942","tunisieannonce","950.0","2026.0","3","Mutuelle Ville","TUNIS","north","Rent","Apartment","2026-03-31T16:00:24.339564","new","","","80"
"3949","tunisieannonce_abc073fc113f","tunisieannonce","850000.0","500.0","2","La Mannouba","TUNIS","north","Sale","Land","2026-03-31T14:29:20.890634","new","","","100"
"3950","tunisieannonce_acc5e91a24d7","tunisieannonce","1500.0","500.0","2","Hammam Sousse","TUNIS","north","Sale","Land","2026-03-31T13:41:42.044306","new","","","80"
"3951","tunisieannonce_acf8977f777b","tunisieannonce","7000.0","2024.0","3","Gammart","TUNIS","north","Rent","Villa","2026-03-31T15:51:10.172538","new","","","90"
"3952","tunisieannonce_ad0c61f6a93c","tunisieannonce","700000.0","140.0","2","Ain Zaghouan","TUNIS","north","Sale","Villa","2026-03-31T14:51:15.488010","new","","","100"
"3953","tunisieannonce_ad34b2762cd9","tunisieannonce","1150.0","170.0","3","El Manar 2","TUNIS","north","Rent","Apartment","2026-03-31T15:54:34.110973","new","","","90"
"3954","tunisieannonce_ad76a8db225c","tunisieannonce","350000.0","500.0","","La Mannouba","TUNIS","north","Sale","Land","2026-03-31T13:57:37.811588","new","","","85"
"3955","tunisieannonce_adf323152d28","tunisieannonce","3600.0","160.0","","Berge Du Lac","TUNIS","north","Sale","Commercial","2026-03-31T15:33:47.252012","new","","","70"
"3956","tunisieannonce_ae827ad8524e","tunisieannonce","260000.0","250.0","2","Kerkouane","TUNIS","north","Sale","Villa","2026-03-31T15:54:45.328493","new","","","100"
"3957","tunisieannonce_ae2c6f8a950c","tunisieannonce","2750.0","130.0","1","Montplaisir","TUNIS","north","Rent","Commercial","2026-03-31T12:31:59.594111","new","","","90"
"3958","tunisieannonce_af7a266d1b6a","tunisieannonce","110000.0","","","La Mannouba","TUNIS","north","Sale","Land","2026-03-31T13:29:25.325234","new","","","75"
"3959","tunisieannonce_b022d79232d3","tunisieannonce","620000.0","132.0","2","Jardins De Carthage","TUNIS","north","Sale","Apartment","2026-03-31T15:29:58.558629","new","","","100"
"3960","tunisieannonce_afe994372718","tunisieannonce","2500.0","","","Testour","TUNIS","north","Sale","Land","2026-03-31T14:26:12.514493","new","","","50"
"3961","tunisieannonce_b0119fac7cfe","tunisieannonce","4300.0","2023.0","2","Marsa Ennassim","TUNIS","north","Rent","Villa","2026-03-31T15:50:07.884877","new","","","90"
"3962","tunisieannonce_b0c90398bcc8","tunisieannonce","110000.0","420.0","","Hammam Bourguiba","TUNIS","north","Sale","Villa","2026-03-31T14:53:39.912637","new","","","85"
"3963","tunisieannonce_b117ac1347b2","tunisieannonce","2800.0","160.0","2","Ain Zaghouan","TUNIS","north","Rent","Apartment","2026-03-31T13:11:53.231654","new","","","90"
"3964","tunisieannonce_b2c4d88b3d64","tunisieannonce","2500.0","301.0","3","Berge Du Lac","TUNIS","north","Sale","Commercial","2026-03-31T13:40:19.630069","new","","","80"
"3965","tunisieannonce_b27181019bda","tunisieannonce","6500.0","","2","Gammart","TUNIS","north","Rent","Villa","2026-03-31T14:00:12.790879","new","","","85"
"3966","tunisieannonce_b2c4a30d657e","tunisieannonce","1700.0","1000.0","","Sidi Daoud","TUNIS","north","Sale","Land","2026-03-31T15:20:13.876756","new","","","70"
"3967","tunisieannonce_b34ffb604913","tunisieannonce","1200.0","55.0","1","Mahdia","TUNIS","north","Rent","Apartment","2026-03-31T15:10:08.383974","new","","","90"
"3968","tunisieannonce_b37c7228f4ad","tunisieannonce","150000.0","600.0","","La Mannouba","TUNIS","north","Sale","Land","2026-03-31T14:28:59.402692","new","","","85"
"3969","tunisieannonce_b56921a7a22f","tunisieannonce","3400.0","186.0","2","Berge Du Lac","TUNIS","north","Rent","Commercial","2026-03-31T13:39:05.440416","new","","","90"
"3970","tunisieannonce_b706d42e085c","tunisieannonce","2500.0","200.0","3","Sousse Khezama","TUNIS","north","Rent","Apartment","2026-03-31T12:38:01.741856","new","","","90"
"3971","tunisieannonce_b65a971be8d4","tunisieannonce","6500.0","922.0","3","Sousse","TUNIS","north","Rent","Land","2026-03-31T12:58:38.722894","new","","","90"
"3972","tunisieannonce_b6dc2129976f","tunisieannonce","50000.0","25.0","2","Khezama Ouest","TUNIS","north","Sale","Commercial","2026-03-31T12:32:18.610316","new","","","100"
"3973","tunisieannonce_b7ead478b019","tunisieannonce","1400.0","110.0","2","Cite Mongi Slim","TUNIS","north","Rent","Apartment","2026-03-31T12:28:02.515419","new","","","90"
"3974","tunisieannonce_b77c81642685","tunisieannonce","300.0","35.0","2","La Mannouba","TUNIS","north","Rent","Apartment","2026-03-31T14:03:46.142933","new","","","85"
"3975","tunisieannonce_ba1b6ac3f7a7","tunisieannonce","1290.0","220.0","5","Hammamet","TUNIS","north","Sale","Villa","2026-03-31T15:09:12.492917","new","","","80"
"3976","tunisieannonce_ba009db074ff","tunisieannonce","7500.0","600.0","4","Marsa Safsaf","TUNIS","north","Rent","Commercial","2026-03-31T15:23:25.498507","new","","","90"
"3977","tunisieannonce_b9a69916262b","tunisieannonce","600.0","70.0","2","Ariana Essoughra","TUNIS","north","Rent","Apartment","2026-03-31T12:34:23.630113","new","","","90"
"3978","tunisieannonce_bad1ed80c9d5","tunisieannonce","335000.0","156.0","3","El Aouina","TUNIS","north","Sale","Apartment","2026-03-31T13:16:42.986087","new","","","100"
"3979","tunisieannonce_bb7cbf02a8c4","tunisieannonce","238000.0","850.0","","Cite Des Juges","TUNIS","north","Sale","Land","2026-03-31T15:36:34.626402","new","","","90"
"3980","tunisieannonce_bb60ae92cc53","tunisieannonce","329550.0","535.0","","Kalaa El Kebira","TUNIS","north","Sale","Land","2026-03-31T15:34:51.700867","new","","","90"
"3981","tunisieannonce_bb94af359273","tunisieannonce","500.0","90.0","2","Cite Ennasr 1","TUNIS","north","Rent","Apartment","2026-03-31T14:19:40.285752","new","","","90"
"3982","tunisieannonce_bc2240795d60","tunisieannonce","3000.0","190.0","","Zone Urbaine Nord","TUNIS","north","Sale","Commercial","2026-03-31T15:22:08.445489","new","","","70"
"3983","tunisieannonce_bc685c9fdb76","tunisieannonce","920000.0","565.0","1","Sousse Khezama","TUNIS","north","Sale","Land","2026-03-31T15:29:45.858620","new","","","100"
"3984","tunisieannonce_be4ec2cd6195","tunisieannonce","205000.0","188.0","2","Jedaida","TUNIS","north","Sale","Villa","2026-03-31T15:58:23.088890","new","","","100"
"3985","tunisieannonce_c002191db237","tunisieannonce","850.0","2026.0","1","El Menzah 5","TUNIS","north","Rent","Apartment","2026-03-31T12:32:09.201272","new","","","80"
"3986","tunisieannonce_c0d2ecee14a0","tunisieannonce","9000.0","","","Beja","TUNIS","north","Sale","Land","2026-03-31T14:33:09.445050","new","","","70"
"3987","tunisieannonce_c08195746e5c","tunisieannonce","2700.0","2025.0","3","Cite Du Stade","TUNIS","north","Rent","Apartment","2026-03-31T15:45:02.800064","new","","","90"
"3988","tunisieannonce_c14688eb54e4","tunisieannonce","700.0","90.0","2","Denden","TUNIS","north","Rent","Other","2026-03-31T14:53:29.794737","new","","","90"
"3989","tunisieannonce_c1d01f244f0e","tunisieannonce","860000.0","800.0","2","Hammamet","TUNIS","north","Sale","Villa","2026-03-31T13:13:57.547404","new","","","100"
"3990","tunisieannonce_c1c0354dbc00","tunisieannonce","632000.0","","4","Jardins De Carthage","TUNIS","north","Sale","Apartment","2026-03-31T12:36:16.317556","new","","","55"
"3991","tunisieannonce_c249e4c94009","tunisieannonce","320000.0","320.0","2","Enfidha","TUNIS","north","Sale","Villa","2026-03-31T12:28:22.210739","new","","","95"
"3992","tunisieannonce_c17c381a103f","tunisieannonce","3000.0","250.0","4","Cite El Hana","TUNIS","north","Rent","Villa","2026-03-31T14:44:29.234997","new","","","90"
"3993","tunisieannonce_c38325ce8c41","tunisieannonce","1800.0","80.0","1","Marsa Safsaf","TUNIS","north","Rent","Commercial","2026-03-31T15:42:02.206196","new","","","90"
"3994","tunisieannonce_c2975a45b8f0","tunisieannonce","550.0","75.0","3","Rades","TUNIS","north","Rent","Apartment","2026-03-31T12:52:13.992157","new","","","85"
"3995","tunisieannonce_c2d9e0bc09bb","tunisieannonce","13500.0","720.0","4","Jardins De Carthage","TUNIS","north","Rent","Villa","2026-03-31T14:42:26.643429","new","","","90"
"3996","tunisieannonce_c3a3d24eec4d","tunisieannonce","790.0","100.0","1","El Mourouj","TUNIS","north","Rent","Apartment","2026-03-31T13:10:21.448217","new","","","85"
"3997","tunisieannonce_c3d1f62674e7","tunisieannonce","3300.0","400.0","3","Carthage","TUNIS","north","Rent","Villa","2026-03-31T12:29:56.464104","new","","","90"
"3998","tunisieannonce_c4b78e56bcda","tunisieannonce","572000.0","103.0","2","Jardins De Carthage","TUNIS","north","Sale","Apartment","2026-03-31T15:39:45.987069","new","","","100"
"3999","tunisieannonce_c5676ea2d586","tunisieannonce","1.0","69.0","2","El Mourouj","TUNIS","north","Sale","Apartment","2026-03-31T14:34:28.606963","new","","","80"
"4000","tunisieannonce_c6564e44fd71","tunisieannonce","475000.0","98.0","2","Cite El Moustakbel (La Marsa)","TUNIS","north","Sale","Apartment","2026-03-31T12:28:33.523383","new","","","100"
"4001","tunisieannonce_c67de2d12a40","tunisieannonce","6500.0","2023.0","3","Gammart","TUNIS","north","Rent","Apartment","2026-03-31T15:44:09.240112","new","","","80"
"4002","tunisieannonce_c729d370c670","tunisieannonce","1000.0","100.0","1","Jardins D'El Menzah","TUNIS","north","Rent","Apartment","2026-03-31T14:33:54.451619","new","","","90"
"4003","tunisieannonce_c667def3eb46","tunisieannonce","4000.0","600.0","2","Cite Bhar Lazreg","TUNIS","north","Rent","Commercial","2026-03-31T13:29:01.434290","new","","","85"
"4004","tunisieannonce_c7e1bd9319d4","tunisieannonce","5000.0","2024.0","4","Carthage","TUNIS","north","Rent","Villa","2026-03-31T15:47:44.416199","new","","","90"
"4005","tunisieannonce_c85ae82eacce","tunisieannonce","410000.0","115.0","3","Sousse","TUNIS","north","Sale","Land","2026-03-31T14:06:53.423847","new","","","100"
"4006","tunisieannonce_c7af7d438b73","tunisieannonce","4000.0","130.0","2","Sidi Bousaid","TUNIS","north","Rent","Apartment","2026-03-31T13:17:22.597855","new","","","90"
"4007","tunisieannonce_c79a3c410892","tunisieannonce","1700.0","940.0","","Le Bardo","TUNIS","north","Sale","Land","2026-03-31T15:07:59.464666","new","","","65"
"4008","tunisieannonce_c8f87bc50092","tunisieannonce","750.0","100.0","1","Le Bardo","TUNIS","north","Rent","Apartment","2026-03-31T14:54:38.655340","new","","","90"
"4009","tunisieannonce_c92b0df59597","tunisieannonce","5000.0","2023.0","2","Cite El Hana","TUNIS","north","Rent","Villa","2026-03-31T15:48:40.128623","new","","","90"
"4010","tunisieannonce_c9299471c5e0","tunisieannonce","1800.0","120.0","3","Cite Sahloul","TUNIS","north","Rent","Apartment","2026-03-31T13:30:37.450902","new","","","90"
"4011","tunisieannonce_c98857297873","tunisieannonce","2000.0","2026.0","5","Cite Ennasr 2","TUNIS","north","Sale","Commercial","2026-03-31T14:28:03.238508","new","","","80"
"4012","tunisieannonce_c9ebb6f7e2d9","tunisieannonce","3000.0","155.0","4","Jardins De Carthage","TUNIS","north","Rent","Apartment","2026-03-31T13:05:11.595006","new","","","90"
"4013","tunisieannonce_ca4b458fe306","tunisieannonce","950.0","60.0","1","La Soukra","TUNIS","north","Rent","Apartment","2026-03-31T12:40:20.270229","new","","","90"
"4014","tunisieannonce_ca089202e44a","tunisieannonce","125000.0","600.0","2","Hammamet","TUNIS","north","Sale","Apartment","2026-03-31T12:30:48.525605","new","","","100"
"4015","tunisieannonce_cae4fb0e8a1e","tunisieannonce","3500.0","2025.0","3","Cite Du Stade","TUNIS","north","Rent","Commercial","2026-03-31T15:45:11.577051","new","","","90"
"4016","tunisieannonce_cabf21a075b6","tunisieannonce","5500.0","2025.0","3","Berge Du Lac","TUNIS","north","Rent","Villa","2026-03-31T15:50:30.246534","new","","","90"
"4017","tunisieannonce_cb9a5043af52","tunisieannonce","2700.0","2025.0","2","Gammart","TUNIS","north","Rent","Apartment","2026-03-31T15:43:41.480524","new","","","90"
"4018","tunisieannonce_caaffe1a6f8d","tunisieannonce","300.0","100.0","3","El Kantaoui","TUNIS","north","Rent","Villa","2026-03-31T15:34:59.662224","new","","","90"
"4019","tunisieannonce_cc2d3ed92ee7","tunisieannonce","4000.0","300.0","3","Montplaisir","TUNIS","north","Sale","Commercial","2026-03-31T13:40:38.486556","new","","","75"
"4020","tunisieannonce_ccee8068d3a5","tunisieannonce","2200.0","2025.0","4","Sidi Bousaid","TUNIS","north","Rent","Commercial","2026-03-31T15:41:11.252685","new","","","90"
"4021","tunisieannonce_cd1381c3e291","tunisieannonce","8000.0","","2","Berge Du Lac","TUNIS","north","Rent","Villa","2026-03-31T14:02:23.735760","new","","","85"
"4022","tunisieannonce_ce80579c8d98","tunisieannonce","2300.0","","2","Berge Du Lac","TUNIS","north","Rent","Apartment","2026-03-31T14:02:01.185841","new","","","85"
"4023","tunisieannonce_cf3741bf77f2","tunisieannonce","3700.0","161.0","","Berge Du Lac","TUNIS","north","Sale","Commercial","2026-03-31T13:46:26.017261","new","","","70"
"4024","tunisieannonce_cffb93775ca9","tunisieannonce","405000.0","93.0","2","La Soukra","TUNIS","north","Sale","Villa","2026-03-31T15:30:20.251082","new","","","100"
"4025","tunisieannonce_d05031f6d9dd","tunisieannonce","440.0","","2","Ben Arous","TUNIS","north","Rent","Apartment","2026-03-31T15:56:40.057206","new","","","85"
"4026","tunisieannonce_cf9455c75a33","tunisieannonce","420000.0","350.0","","Hammam Sousse","TUNIS","north","Sale","Land","2026-03-31T15:53:07.919323","new","","","85"
"4027","tunisieannonce_d02ba1045133","tunisieannonce","6000.0","400.0","2","Marsa Ennassim","TUNIS","north","Rent","Villa","2026-03-31T12:29:10.104262","new","","","90"
"4028","tunisieannonce_d169429fab3e","tunisieannonce","340000.0","154.0","1","El Aouina","TUNIS","north","Sale","Apartment","2026-03-31T15:09:02.304496","new","","","100"
"4029","tunisieannonce_d1987d53c08b","tunisieannonce","160000.0","400.0","","Ariana","TUNIS","north","Sale","Land","2026-03-31T13:35:52.674963","new","","","90"
"4030","tunisieannonce_d0bb58c8ae4b","tunisieannonce","3300.0","","2","Jardins De Carthage","TUNIS","north","Rent","Apartment","2026-03-31T14:02:42.727195","new","","","85"
"4031","tunisieannonce_d22f8d99482a","tunisieannonce","1500.0","170.0","3","El Aouina","TUNIS","north","Rent","Villa","2026-03-31T12:51:12.548735","new","","","90"
"4032","tunisieannonce_d2ed16290867","tunisieannonce","8700.0","250.0","2","Hammamet","TUNIS","north","Rent","Villa","2026-03-31T14:51:03.945410","new","","","90"
"4033","tunisieannonce_d31d8ce95a85","tunisieannonce","1350.0","500.0","","Gammart","TUNIS","north","Sale","Land","2026-03-31T12:34:15.749421","new","","","70"
"4034","tunisieannonce_d38daa049260","tunisieannonce","2300.0","2023.0","3","Berge Du Lac","TUNIS","north","Rent","Apartment","2026-03-31T15:43:49.781989","new","","","90"
"4035","tunisieannonce_d3e62cd12fc2","tunisieannonce","7000.0","500.0","3","Amilcar","TUNIS","north","Rent","Villa","2026-03-31T14:02:13.445785","new","","","90"
"4036","tunisieannonce_d43b669b41a8","tunisieannonce","257600.0","644.0","","Cite El Ghazala 1","TUNIS","north","Sale","Land","2026-03-31T14:34:20.229439","new","","","85"
"4037","tunisieannonce_d60634c5ef5d","tunisieannonce","330000.0","220.0","2","La Soukra","TUNIS","north","Sale","Land","2026-03-31T13:33:16.897180","new","","","100"
"4038","tunisieannonce_d5e99cbfe737","tunisieannonce","550.0","2026.0","","El Manar 1","TUNIS","north","Rent","Apartment","2026-03-31T15:07:47.295509","new","","","65"
"4039","tunisieannonce_d77376259aa8","tunisieannonce","1600.0","728.0","","Sousse Riadh","TUNIS","north","Sale","Land","2026-03-31T16:00:44.276726","new","","","70"
"4040","tunisieannonce_d7ae28d32e89","tunisieannonce","6500.0","2024.0","2","Gammart","TUNIS","north","Rent","Villa","2026-03-31T16:02:11.720265","new","","","90"
"4041","tunisieannonce_d812e8a03d1d","tunisieannonce","290000.0","604.0","","Chatt Meriem","TUNIS","north","Sale","Land","2026-03-31T15:34:41.954761","new","","","90"
"4042","tunisieannonce_da03e7286e64","tunisieannonce","1240.0","32.0","","Sidi Daoud","TUNIS","north","Sale","Land","2026-03-31T14:56:29.463517","new","","","70"
"4043","tunisieannonce_d93fe0030d86","tunisieannonce","7000.0","300.0","2","Berge Du Lac","TUNIS","north","Rent","Villa","2026-03-31T12:31:07.099262","new","","","90"
"4044","tunisieannonce_da2745dc2f0a","tunisieannonce","6200.0","183.0","","Berge Du Lac","TUNIS","north","Sale","Commercial","2026-03-31T14:45:30.225201","new","","","70"
"4045","tunisieannonce_dcf63aaba4b4","tunisieannonce","1550.0","2026.0","2","Cite Ennasr 2","TUNIS","north","Rent","Apartment","2026-03-31T15:58:42.871446","new","","","80"
"4046","tunisieannonce_dc5009485d76","tunisieannonce","3500.0","2024.0","3","Cite Du Stade","TUNIS","north","Rent","Apartment","2026-03-31T15:44:19.649002","new","","","90"
"4047","tunisieannonce_dc73964beb79","tunisieannonce","1111.0","2026.0","","El Mourouj","TUNIS","north","Rent","Villa","2026-03-31T12:34:05.812592","new","","","70"
"4048","tunisieannonce_dcf9cd7dea90","tunisieannonce","78000.0","500.0","","Hammamet","TUNIS","north","Sale","Land","2026-03-31T13:07:09.007168","new","","","90"
"4049","tunisieannonce_dde91a616e46","tunisieannonce","350000.0","160.0","2","Kalaa El Kebira","TUNIS","north","Sale","Land","2026-03-31T13:29:44.785993","new","","","100"
"4050","tunisieannonce_dd80263a4d56","tunisieannonce","180000.0","133.0","3","Ariana","TUNIS","north","Sale","Apartment","2026-03-31T15:32:13.818933","new","","","100"
"4051","tunisieannonce_dda2ad61515f","tunisieannonce","700000.0","315.0","2","Kalaa El Kebira","TUNIS","north","Sale","Land","2026-03-31T12:25:13.819950","new","","","100"
"4052","tunisieannonce_de747a3f5382","tunisieannonce","700.0","60.0","1","Ariana","TUNIS","north","Rent","Other","2026-03-31T14:03:37.647463","new","","","90"
"4053","tunisieannonce_dfb1cbcca9d9","tunisieannonce","6500.0","2026.0","4","Marsa Safsaf","TUNIS","north","Rent","Commercial","2026-03-31T15:45:22.658519","new","","","90"
"4054","tunisieannonce_dfd83c3518ff","tunisieannonce","1250.0","90.0","1","Jardins D'El Menzah","TUNIS","north","Rent","Apartment","2026-03-31T15:19:42.174562","new","","","90"
"4055","tunisieannonce_e02be31bd499","tunisieannonce","450.0","2026.0","2","Hammam Chatt","TUNIS","north","Rent","Commercial","2026-03-31T13:31:27.293155","new","","","80"
"4056","tunisieannonce_e105ffc41498","tunisieannonce","4300.0","2024.0","2","Gammart","TUNIS","north","Rent","Apartment","2026-03-31T15:43:21.090557","new","","","90"
"4057","tunisieannonce_e15a63fc850f","tunisieannonce","290000.0","905.0","","Ouled Amor","TUNIS","north","Sale","Land","2026-03-31T14:52:56.967190","new","","","90"
"4058","tunisieannonce_e20b876cc3e7","tunisieannonce","2500.0","600.0","2","Cite Bhar Lazreg","TUNIS","north","Rent","Commercial","2026-03-31T13:28:43.480160","new","","","90"
"4059","tunisieannonce_e2969e723cdc","tunisieannonce","3500.0","143.0","","Berge Du Lac","TUNIS","north","Sale","Commercial","2026-03-31T12:53:57.071669","new","","","70"
"4060","tunisieannonce_e251eb00a43c","tunisieannonce","350000.0","110.0","3","Ariana","TUNIS","north","Sale","Commercial","2026-03-31T15:34:08.881762","new","","","80"
"4061","tunisieannonce_e449b764b070","tunisieannonce","1700.0","","2","Jardins De Carthage","TUNIS","north","Rent","Apartment","2026-03-31T13:48:59.441512","new","","","55"
"4062","tunisieannonce_e463bc0c3ede","tunisieannonce","1000.0","2026.0","","Ariana","TUNIS","north","Rent","Commercial","2026-03-31T15:51:50.391845","new","","","65"
"4063","tunisieannonce_e43b069a084a","tunisieannonce","230000.0","200.0","3","Ariana","TUNIS","north","Sale","Land","2026-03-31T13:57:28.552418","new","","","100"
"4064","tunisieannonce_e62945d40c8e","tunisieannonce","15000.0","200.0","4","Gammart","TUNIS","north","Rent","Land","2026-03-31T14:43:57.717624","new","","","80"
"4065","tunisieannonce_e608e29ec9ea","tunisieannonce","750.0","90.0","1","Kalaat Landlous","TUNIS","north","Rent","Apartment","2026-03-31T14:08:08.619895","new","","","90"
"4066","tunisieannonce_e53fafc6c333","tunisieannonce","480.0","70.0","1","Hammam Lif","TUNIS","north","Rent","Apartment","2026-03-31T14:16:52.256253","new","","","90"
"4067","tunisieannonce_e73d83b82d24","tunisieannonce","175000.0","150.0","4","Akouda","TUNIS","north","Sale","Land","2026-03-31T14:47:09.724849","new","","","100"
"4068","tunisieannonce_e6dcd3315615","tunisieannonce","2286.0","80.0","","Borj Chakir","TUNIS","north","Sale","Land","2026-03-31T14:46:36.497485","new","","","65"
"4069","tunisieannonce_e65e4edcfc9f","tunisieannonce","350000.0","42.0","2","El Kantaoui","TUNIS","north","Sale","Apartment","2026-03-31T12:32:41.352032","new","","","100"
"4070","tunisieannonce_e79300cf035c","tunisieannonce","5500.0","2025.0","3","Berge Du Lac","TUNIS","north","Rent","Villa","2026-03-31T15:40:58.818719","new","","","90"
"4071","tunisieannonce_e8e6c9757d83","tunisieannonce","280000.0","127.0","4","Ain Zaghouan","TUNIS","north","Sale","Other","2026-03-31T13:33:44.251807","new","","","100"
"4072","tunisieannonce_e9f173c6a21c","tunisieannonce","6500.0","2025.0","4","Gammart","TUNIS","north","Rent","Villa","2026-03-31T15:40:45.633685","new","","","90"
"4073","tunisieannonce_e993c2e71992","tunisieannonce","285000.0","66.0","1","Cite Afh","TUNIS","north","Sale","Apartment","2026-03-31T13:57:46.157864","new","","","100"
"4074","tunisieannonce_eaaf95715eb6","tunisieannonce","8000.0","2023.0","2","Gammart","TUNIS","north","Rent","Villa","2026-03-31T15:50:17.636527","new","","","90"
"4075","tunisieannonce_eb4a1e362773","tunisieannonce","5500.0","2024.0","4","Carthage","TUNIS","north","Rent","Villa","2026-03-31T16:02:02.285569","new","","","90"
"4076","tunisieannonce_eaed88dc36ca","tunisieannonce","1800.0","2025.0","3","Cite Des Juges 2","TUNIS","north","Rent","Villa","2026-03-31T15:46:25.394884","new","","","80"
"4077","tunisieannonce_ed0487b1e26c","tunisieannonce","3700.0","181.0","2","Gammart","TUNIS","north","Rent","Villa","2026-03-31T12:58:11.005157","new","","","90"
"4078","tunisieannonce_ed6c74c651af","tunisieannonce","5700.0","","2","Gammart","TUNIS","north","Rent","Villa","2026-03-31T13:58:59.485787","new","","","85"
"4079","tunisieannonce_eeac308d78b6","tunisieannonce","1000.0","80.0","5","El Manar 1","TUNIS","north","Rent","Apartment","2026-03-31T15:12:30.890586","new","","","90"
"4080","tunisieannonce_eec1f544795c","tunisieannonce","1600.0","2026.0","3","Cite Ennasr 2","TUNIS","north","Rent","Commercial","2026-03-31T14:27:43.356832","new","","","80"
"4081","tunisieannonce_ee675ac3d1ff","tunisieannonce","275400.0","324.0","","Hergla","TUNIS","north","Sale","Land","2026-03-31T12:34:44.909289","new","","","90"
"4082","tunisieannonce_ee8aa9960716","tunisieannonce","360000.0","130.0","3","Cite Ennasr 2","TUNIS","north","Sale","Apartment","2026-03-31T14:15:30.645688","new","","","100"
"4083","tunisieannonce_ef6459fc02d7","tunisieannonce","1000.0","","","Ezzahra","TUNIS","north","Sale","Land","2026-03-31T14:49:45.127453","new","","","55"
"4084","tunisieannonce_ef28b458322a","tunisieannonce","240000.0","","","Testour","TUNIS","north","Sale","Land","2026-03-31T14:25:50.735528","new","","","70"
"4085","tunisieannonce_f00a0a5a03c9","tunisieannonce","12000.0","2023.0","4","Carthage","TUNIS","north","Rent","Villa","2026-03-31T16:00:15.514344","new","","","90"
"4086","tunisieannonce_efb8484d8329","tunisieannonce","390000.0","120.0","2","El Aouina","TUNIS","north","Sale","Apartment","2026-03-31T12:25:55.341009","new","","","100"
"4087","tunisieannonce_f007d810dc3d","tunisieannonce","290000.0","","","Bir Mcherga","TUNIS","north","Sale","Land","2026-03-31T14:26:29.741202","new","","","70"
"4088","tunisieannonce_f05f2939bba9","tunisieannonce","500.0","30.0","1","Bab Saadoun","TUNIS","north","Rent","Apartment","2026-03-31T12:36:57.791878","new","","","85"
"4089","tunisieannonce_f093a48d7b31","tunisieannonce","4000.0","400.0","2","Sidi Daoud","TUNIS","north","Rent","Villa","2026-03-31T13:13:06.104216","new","","","90"
"4090","tunisieannonce_f06f7df4498c","tunisieannonce","7500.0","2023.0","4","Carthage","TUNIS","north","Rent","Villa","2026-03-31T15:49:28.758377","new","","","90"
"4091","tunisieannonce_f0c344bc7fa7","tunisieannonce","1000.0","","","Dar Allouche","TUNIS","north","Sale","Land","2026-03-31T12:55:31.158256","new","","","55"
"4092","tunisieannonce_f0e74a3a157c","tunisieannonce","8500.0","","5","Gammart","TUNIS","north","Rent","Land","2026-03-31T15:03:06.117708","new","","","85"
"4093","tunisieannonce_f1507b456e30","tunisieannonce","150.0","2025.0","","El Menzah 8","TUNIS","north","Rent","Villa","2026-03-31T15:56:31.360652","new","","","65"
"4094","tunisieannonce_f2d516c5cb62","tunisieannonce","3000.0","150.0","2","La Soukra","TUNIS","north","Rent","Apartment","2026-03-31T13:24:18.166306","new","","","90"
"4095","tunisieannonce_f28bc81d55e0","tunisieannonce","730000.0","160.0","2","La Soukra","TUNIS","north","Sale","Villa","2026-03-31T14:51:43.274734","new","","","100"
"4096","tunisieannonce_f23bf7a61676","tunisieannonce","350000.0","504.0","","Borj Touil","TUNIS","north","Sale","Land","2026-03-31T14:38:13.553532","new","","","85"
"4097","tunisieannonce_f3b1952e652c","tunisieannonce","4500.0","300.0","2","Marsa Ennassim","TUNIS","north","Rent","Villa","2026-03-31T13:16:00.801904","new","","","90"
"4098","tunisieannonce_f400bd16c156","tunisieannonce","280000.0","130.0","3","Riadh Landlous","TUNIS","north","Sale","Apartment","2026-03-31T14:52:29.122600","new","","","100"
"4099","tunisieannonce_f306d842aab4","tunisieannonce","6800.0","600.0","4","Carthage","TUNIS","north","Rent","Commercial","2026-03-31T15:37:24.004814","new","","","90"
"4100","tunisieannonce_f425e46a1df6","tunisieannonce","195000.0","290.0","","Hammamet","TUNIS","north","Sale","Other","2026-03-31T13:11:43.102260","new","","","90"
"4101","tunisieannonce_f4f1189de9e9","tunisieannonce","7000.0","2025.0","2","Gammart","TUNIS","north","Rent","Villa","2026-03-31T16:01:20.663223","new","","","90"
"4102","tunisieannonce_f50cf29bcfe6","tunisieannonce","5550.0","","2","Berge Du Lac","TUNIS","north","Rent","Apartment","2026-03-31T14:02:34.108081","new","","","65"
"4103","tunisieannonce_f4314256fc42","tunisieannonce","1300.0","","1","Marsa Ennassim","TUNIS","north","Rent","Apartment","2026-03-31T12:45:19.659633","new","","","85"
"4104","tunisieannonce_f4aa1189224c","tunisieannonce","5000.0","2024.0","2","Gammart","TUNIS","north","Rent","Apartment","2026-03-31T15:42:42.143749","new","","","90"
"4105","tunisieannonce_f558305251fd","tunisieannonce","900.0","80.0","1","La Soukra","TUNIS","north","Rent","Apartment","2026-03-31T14:13:59.040209","new","","","90"
"4106","tunisieannonce_f520b793092c","tunisieannonce","3900.0","180.0","4","Marsa Safsaf","TUNIS","north","Rent","Apartment","2026-03-31T15:27:15.201875","new","","","90"
"4107","tunisieannonce_f5e99260feef","tunisieannonce","600.0","90.0","2","Hammam Sousse","TUNIS","north","Rent","Apartment","2026-03-31T13:31:18.019968","new","","","85"
"4108","tunisieannonce_f841d3f8a8f0","tunisieannonce","385000.0","","","Bou Achir","TUNIS","north","Sale","Land","2026-03-31T12:53:38.692604","new","","","75"
"4109","tunisieannonce_f95ffd43fe4e","tunisieannonce","7000.0","2024.0","2","Gammart","TUNIS","north","Rent","Villa","2026-03-31T15:47:33.281789","new","","","90"
"4110","tunisieannonce_fa2abe49f6b4","tunisieannonce","504000.0","600.0","","Utique","TUNIS","north","Sale","Land","2026-03-31T15:08:41.969137","price_down","-33000.0","-6.15","90"
"4111","tunisieannonce_fa1a7d5eacaa","tunisieannonce","140.0","600.0","2","La Soukra","TUNIS","north","Rent","Apartment","2026-03-31T13:32:00.738050","new","","","75"
"4112","tunisieannonce_f95ca3532983","tunisieannonce","5500.0","2023.0","4","Gammart","TUNIS","north","Rent","Villa","2026-03-31T16:01:40.422103","new","","","90"
"4113","tunisieannonce_fba4854ee68e","tunisieannonce","850.0","2026.0","3","El Manar 2","TUNIS","north","Rent","Commercial","2026-03-31T15:48:19.225604","new","","","80"
"4114","tunisieannonce_fa398caa86e9","tunisieannonce","150.0","2026.0","5","El Manar 1","TUNIS","north","Rent","Villa","2026-03-31T14:57:15.530093","new","","","75"
"4115","tunisieannonce_fc0614781c35","tunisieannonce","1900.0","650.0","2","Cite Sidi Abdelhamid","TUNIS","north","Sale","Villa","2026-03-31T12:46:50.940273","new","","","80"
"4116","tunisieannonce_fd55b0425d7d","tunisieannonce","270000.0","91.0","2","El Kantaoui","TUNIS","north","Sale","Other","2026-03-31T16:01:11.764604","new","","","100"
"4117","tunisieannonce_fccc87a8b4a4","tunisieannonce","99999.0","820.0","2","El Mourouj","TUNIS","north","Sale","Land","2026-03-31T13:44:57.582867","new","","","100"
"4118","tunisieannonce_fce4319dfbdc","tunisieannonce","2000.0","209.0","4","Ain Zaghouan","TUNIS","north","Rent","Apartment","2026-03-31T14:24:53.678626","new","","","90"
"4119","tunisieannonce_feb77d950a39","tunisieannonce","1000.0","70.0","1","Ezzahra","TUNIS","north","Rent","Apartment","2026-03-31T13:26:18.611149","new","","","90"
"4120","tunisieannonce_ff132a23305a","tunisieannonce","1000.0","60.0","","Sakiet Ezzit","TUNIS","north","Sale","Commercial","2026-03-31T14:19:23.613978","new","","","65"
"4121","tunisieannonce_ff91b0a4a576","tunisieannonce","330000.0","333.0","2","El Mourouj","TUNIS","north","Sale","Other","2026-03-31T15:13:38.969047","new","","","100"
"4122","verdar_113788","verdar","700.0","","","","","","Rent","Apartment","2026-03-31T16:09:23.735355","new","","","0"
"4123","verdar_130764","verdar","385000.0","","","","","","Sale","Apartment","2026-03-31T16:02:57.322723","new","","","0"
"4124","verdar_130820","verdar","3800.0","","","","","","Rent","Commercial","2026-03-31T16:09:50.610886","new","","","0"
"4125","zitouna_immo_6349","zitouna_immo","1500.0","","","Raoued","ARIANA","north","Sale","Villa","2026-03-31T16:16:44.718161","new","","","50"
"4126","zitouna_immo_3316","zitouna_immo","","","","La Marsa","TUNIS","north","Rent","Apartment","2026-03-31T16:21:44.323093","new","","","25"
"4127","zitouna_immo_5320","zitouna_immo","3000.0","","","La Marsa","TUNIS","north","Rent","Apartment","2026-03-31T16:22:02.986746","new","","","70"
"4128","zitouna_immo_6458","zitouna_immo","1200.0","","","La Marsa","TUNIS","north","Rent","Commercial","2026-03-31T16:21:49.152640","new","","","70"
"4129","zitouna_immo_6550","zitouna_immo","","","","La Soukra","ARIANA","north","Sale","Land","2026-03-31T16:16:40.412084","new","","","25"
"4130","zitouna_immo_6549","zitouna_immo","2500.0","","","La Medina","TUNIS","north","Rent","Villa","2026-03-31T16:21:33.000777","new","","","70"
"4131","affare_2400","affare","1000.0","2400.0","","Sousse Jawhara","SOUSSE","east","Sale","Land","2026-04-01T16:46:47.722434","new","","","70"
"4132","affare_249009","affare","100000.0","75.0","2","Radès","BEN AROUS","north","Sale","Apartment","2026-04-01T16:47:02.791189","new","","","100"
"4133","affare_257803","affare","830000.0","400.0","4","Hammamet","NABEUL","north","Sale","Land","2026-04-01T16:49:36.843819","new","","","100"
"4134","affare_257282","affare","","737.0","4","Hammamet","NABEUL","north","Sale","Land","2026-04-01T16:49:19.729142","new","","","80"
"4135","affare_259279","affare","1050.0","70.0","1","Sousse Jawhara","SOUSSE","east","Rent","Apartment","2026-04-01T16:47:38.293729","price_down","-50.0","-4.55","90"
"4136","affare_259403","affare","","100.0","2","Sousse Jawhara","SOUSSE","east","Sale","Apartment","2026-04-01T16:47:16.251097","new","","","80"
"4137","affare_259411","affare","4200.0","257.0","","Les Berges Du Lac","TUNIS","north","Sale","Commercial","2026-04-01T16:48:04.201437","new","","","70"
"4138","affare_259412","affare","700000.0","","","Sidi Bou Ali","SOUSSE","east","Sale","Land","2026-04-01T16:46:33.523952","new","","","75"
"4139","affare_259414","affare","275000.0","","3","Manar","ARIANA","north","Sale","Apartment","2026-04-01T16:47:30.682436","new","","","85"
"4140","affare_259405","affare","1200.0","320.0","5","Hammamet","NABEUL","north","Sale","Villa","2026-04-01T16:48:51.320285","new","","","80"
"4141","affare_259416","affare","1250.0","","4","Hammamet Nord","NABEUL","north","Sale","Villa","2026-04-01T16:44:04.692210","new","","","65"
"4142","affare_259415","affare","700.0","","4","Hammamet Sud","NABEUL","north","Sale","Villa","2026-04-01T16:44:29.821200","new","","","65"
"4143","affare_259409","affare","980000.0","241.0","3","Hammamet","NABEUL","north","Sale","Villa","2026-04-01T16:48:19.678663","new","","","100"
"4144","affare_259406","affare","895000.0","275.0","4","Djerba-Houmt Souk","MEDENINE","","Sale","Land","2026-04-01T16:48:34.461141","new","","","100"
"4145","affare_259417","affare","159000.0","60.0","2","Hergla","SOUSSE","east","Sale","Apartment","2026-04-01T16:43:52.342974","new","","","100"
"4146","affare_259418","affare","240000.0","200.0","","Hammamet","NABEUL","north","Sale","Land","2026-04-01T16:45:52.562237","new","","","90"
"4147","affare_259425","affare","2600.0","","2","Les Berges Du Lac","TUNIS","north","Sale","Villa","2026-04-01T16:45:47.246144","new","","","65"
"4148","affare_259429","affare","488000.0","488.0","","Sousse Jawhara","SOUSSE","east","Sale","Land","2026-04-01T16:43:27.453301","new","","","90"
"4149","affare_259419","affare","1800.0","","1","Jardin De Carthage","TUNIS","north","Sale","Apartment","2026-04-01T16:46:17.477505","new","","","65"
"4150","affare_259420","affare","400.0","","2","Hammamet Nord","NABEUL","north","Sale","Other","2026-04-01T16:44:15.927633","new","","","65"
"4151","affare_259424","affare","3500.0","170.0","","La Soukra","ARIANA","north","Sale","Commercial","2026-04-01T16:45:22.045593","new","","","70"
"4152","affare_259423","affare","1000.0","","3","Hammamet Sud","NABEUL","north","Sale","Villa","2026-04-01T16:45:36.119309","new","","","65"
"4153","affare_259428","affare","60000.0","506.0","","Akouda","SOUSSE","east","Sale","Land","2026-04-01T16:44:55.785205","new","","","90"
"4154","affare_259427","affare","169000.0","94.0","3","Hergla","SOUSSE","east","Sale","Apartment","2026-04-01T16:44:40.798073","new","","","100"
"4155","affare_259426","affare","240000.0","200.0","","Hammamet","NABEUL","north","Sale","Land","2026-04-01T16:46:06.115790","new","","","90"
"4156","affare_259422","affare","1200.0","","4","Hammamet","NABEUL","north","Sale","Villa","2026-04-01T16:45:08.808186","new","","","65"
"4157","affare_259430","affare","370000.0","138.0","","Sahloul","SOUSSE","east","Sale","Commercial","2026-04-01T16:43:40.038749","new","","","90"
"4158","affare_7000","affare","2600.0","","","Sousse Sidi Abdelhamid","SOUSSE","east","Sale","Land","2026-04-01T16:49:04.579290","new","","","55"
"4159","century21_1f35a181ef40","century21","300000.0","80.0","","Jardins De Carthage","TUNIS","north","Sale","Apartment","2026-04-01T16:57:29.713192","new","","","90"
"4160","century21_32a517cc816c","century21","1400000.0","389.0","4","Ain Zaghouan","TUNIS","north","Sale","Villa","2026-04-01T16:56:28.041009","new","","","100"
"4161","century21_4196db6434b8","century21","800000.0","199.0","4","Ennasr","ARIANA","north","Sale","Apartment","2026-04-01T16:57:17.152203","new","","","100"
"4162","century21_4c89b42fd0c2","century21","700000.0","382.0","","Aouina","TUNIS","north","Sale","Land","2026-04-01T16:54:17.068966","new","","","90"
"4163","century21_554f6b93c12d","century21","720000.0","184.0","3","La Soukra","ARIANA","north","Sale","Apartment","2026-04-01T16:59:15.191324","new","","","100"
"4164","century21_555940efb1b7","century21","615000.0","160.0","4","Jardins De Carthage","TUNIS","north","Sale","Apartment","2026-04-01T16:55:13.211777","new","","","70"
"4165","century21_57d83ad63794","century21","245000.0","131.0","3","Ariana Ville","ARIANA","north","Sale","Commercial","2026-04-01T16:59:40.236757","new","","","100"
"4166","century21_6bcf54d6f21d","century21","245000.0","90.0","2","Bab Bhar","TUNIS","north","Sale","Commercial","2026-04-01T16:55:27.981792","new","","","100"
"4167","century21_88a20d51f82b","century21","650000.0","183.0","3","Jardins De Carthage","TUNIS","north","Sale","Apartment","2026-04-01T16:53:35.553754","new","","","70"
"4168","century21_8a292d382327","century21","530000.0","193.0","3","Ennasr","ARIANA","north","Sale","Apartment","2026-04-01T16:56:40.568250","new","","","100"
"4169","century21_8f8ad4aac843","century21","580000.0","129.0","","Cite El Khadra","TUNIS","north","Sale","Commercial","2026-04-01T16:55:53.587058","new","","","70"
"4170","century21_90093f2b1bc6","century21","350000.0","96.0","2","Aouina","TUNIS","north","Sale","Apartment","2026-04-01T16:58:08.707694","new","","","100"
"4171","century21_9cceaf175769","century21","400000.0","142.0","3","Soliman","NABEUL","north","Sale","Land","2026-04-01T16:56:54.677090","new","","","100"
"4172","century21_b001da9cc091","century21","1580000.0","200.0","5","El Menzah","ARIANA","north","Sale","Land","2026-04-01T16:54:42.375124","price_down","-90000.0","-5.39","100"
"4173","century21_af15de6e5bca","century21","720000.0","184.0","3","La Soukra","ARIANA","north","Sale","Apartment","2026-04-01T16:54:03.803465","new","","","100"
"4174","century21_b20f401cc684","century21","215000.0","69.0","3","El Menzah","ARIANA","north","Sale","Commercial","2026-04-01T16:56:16.286361","new","","","100"
"4175","century21_d49b75e2cdea","century21","89000.0","39.0","","Bab Souika","TUNIS","north","Sale","Commercial","2026-04-01T16:57:40.691404","new","","","90"
"4176","century21_d94b092f37ed","century21","1500000.0","575.0","6","Ennasr","ARIANA","north","Sale","Land","2026-04-01T16:54:57.273744","new","","","100"
"4177","century21_f409707d38d3","century21","375000.0","460.0","","La Soukra","ARIANA","north","Sale","Commercial","2026-04-01T16:54:29.688552","new","","","90"
"4178","century21_f3fcc5331e9d","century21","800000.0","241.0","3","El Menzah","TUNIS","north","Sale","Villa","2026-04-01T16:58:51.702605","new","","","100"
"4179","mubawab_7925509","mubawab","","200.0","4","","TUNIS","north","Rent","Vacation","2026-04-01T19:15:02.367926","new","","","55"
"4180","mubawab_8142188","mubawab","","90.0","12","","","","Rent","Vacation","2026-04-01T19:14:11.410269","new","","","15"
"4181","mubawab_8162885","mubawab","","","2","","TUNIS","north","Rent","Vacation","2026-04-01T19:13:50.249240","new","","","20"
"4182","mubawab_8165236","mubawab","","140.0","","","","","Rent","Vacation","2026-04-01T19:13:59.842020","new","","","5"
"4183","mubawab_8240024","mubawab","","120.0","","","","","Rent","Vacation","2026-04-01T19:13:34.878744","new","","","5"
"4184","mubawab_8248661","mubawab","","100.0","12","","","","Rent","Vacation","2026-04-01T19:14:06.113055","new","","","15"
"4185","mubawab_8281298","mubawab","","250.0","17","","","","Rent","Villa","2026-04-01T19:11:46.886877","new","","","15"
"4186","mubawab_8292099","mubawab","","400.0","8","","","","Rent","Villa","2026-04-01T19:09:46.552023","new","","","15"
"4187","mubawab_8298903","mubawab","","400.0","5","","TUNIS","north","Rent","Villa","2026-04-01T19:09:52.425774","new","","","60"
"4188","mubawab_8306292","mubawab","","250.0","4","","TUNIS","north","Rent","Villa","2026-04-01T19:11:52.756928","new","","","60"
"4189","mubawab_8307853","mubawab","","115.0","2","","TUNIS","north","Rent","Villa","2026-04-01T19:12:04.681229","new","","","60"
"4190","mubawab_8308913","mubawab","","300.0","17","","","","Rent","Villa","2026-04-01T19:12:38.530731","new","","","15"
"4191","mubawab_8311716","mubawab","","700.0","19","","","","Rent","Villa","2026-04-01T19:10:26.550745","new","","","15"
"4192","mubawab_8312841","mubawab","","150.0","10","","","","Rent","Villa","2026-04-01T19:11:42.042644","new","","","15"
"4193","mubawab_8317559","mubawab","","1200.0","12","","","","Rent","Villa","2026-04-01T19:12:26.736543","new","","","15"
"4194","mubawab_8320966","mubawab","","400.0","16","","","","Rent","Villa","2026-04-01T19:10:14.952699","new","","","15"
"4195","mubawab_8320963","mubawab","","300.0","2","","","","Rent","Villa","2026-04-01T19:12:32.830605","new","","","15"
"4196","mubawab_8321730","mubawab","","280.0","4","","TUNIS","north","Rent","Villa","2026-04-01T19:10:44.342607","new","","","60"
"4197","mubawab_8321634","mubawab","","180.0","9","","","","Rent","Villa","2026-04-01T19:11:11.849693","new","","","15"
"4198","mubawab_8323844","mubawab","","170.0","3","","TUNIS","north","Rent","Villa","2026-04-01T19:10:08.645585","new","","","55"
"4199","mubawab_8322544","mubawab","","50.0","3","","","","Rent","Villa","2026-04-01T19:10:19.774373","new","","","15"
"4200","mubawab_8325044","mubawab","","130.0","3","","TUNIS","north","Rent","Villa","2026-04-01T19:08:49.105864","new","","","60"
"4201","mubawab_8325117","mubawab","","120.0","19","","","","Rent","Villa","2026-04-01T19:08:43.266151","new","","","15"
"4202","mubawab_8324856","mubawab","","","16","","","","Rent","Villa","2026-04-01T19:09:12.315906","new","","","0"
"4203","mubawab_8322256","mubawab","","200.0","10","","","","Rent","Villa","2026-04-01T19:11:06.069835","new","","","15"
"4204","mubawab_8325135","mubawab","","500.0","17","","","","Rent","Villa","2026-04-01T19:11:35.460274","new","","","15"
"4205","mubawab_8325137","mubawab","","100.0","6","","","","Rent","Villa","2026-04-01T19:11:28.449104","new","","","15"
"4206","newkey_123699","newkey","2300.0","","","Appartement","","","Rent","Apartment","2026-04-01T20:35:44.660302","new","","","30"
"4207","newkey_130627","newkey","5300.0","","","Maison / Villa","","","Rent","Commercial","2026-04-01T19:59:55.276878","price_down","-1200.0","-18.46","35"
"4208","newkey_130868","newkey","270000.0","","","Appartement","","","Sale","Apartment","2026-04-01T19:29:43.670360","new","","","35"
"4209","tunisieannonce_00ba1cecdaee","tunisieannonce","240000.0","92.0","2","Ezzahra","TUNIS","north","Sale","Apartment","2026-04-02T08:48:33.135580","new","","","100"
"4210","tunisieannonce_01a591b48bc9","tunisieannonce","1600.0","135.0","3","El Manar 1","TUNIS","north","Rent","Apartment","2026-04-01T21:43:18.949421","new","","","90"
"4211","tunisieannonce_024ee790f4dd","tunisieannonce","1850.0","150.0","2","Ain Zaghouan","TUNIS","north","Rent","Apartment","2026-04-01T21:51:03.366451","new","","","90"
"4212","tunisieannonce_031253e6609c","tunisieannonce","2500.0","150.0","2","La Soukra","TUNIS","north","Rent","Commercial","2026-04-02T08:33:49.799291","new","","","90"
"4213","tunisieannonce_0290cbea1104","tunisieannonce","443840.0","387.0","","Kalaa El Kebira","TUNIS","north","Sale","Land","2026-04-01T21:39:23.423661","new","","","90"
"4214","tunisieannonce_02d567d77144","tunisieannonce","4000.0","","","Cite El Ghazala 1","TUNIS","north","Sale","Land","2026-04-02T09:25:11.136479","new","","","50"
"4215","tunisieannonce_03156a384774","tunisieannonce","500.0","80.0","2","Hammam Sousse","TUNIS","north","Rent","Other","2026-04-01T22:05:08.389503","new","","","90"
"4216","tunisieannonce_0368c14fdbf0","tunisieannonce","2100.0","","2","Jardins De Carthage","TUNIS","north","Rent","Apartment","2026-04-02T09:05:27.089018","new","","","55"
"4217","tunisieannonce_033135da23fa","tunisieannonce","3750.0","230.0","","Berge Du Lac","TUNIS","north","Sale","Commercial","2026-04-02T08:24:21.998547","new","","","70"
"4218","tunisieannonce_0430a4509366","tunisieannonce","2000.0","","","Mejez El Bab","TUNIS","north","Sale","Land","2026-04-01T20:53:38.226693","new","","","50"
"4219","tunisieannonce_04267a454063","tunisieannonce","2280.0","900.0","","Chotrana 3","TUNIS","north","Sale","Land","2026-04-01T20:49:59.497719","new","","","70"
"4220","tunisieannonce_0406fb6ac205","tunisieannonce","145000.0","","","Mejez El Bab","TUNIS","north","Sale","Land","2026-04-01T20:55:59.238203","new","","","75"
"4221","tunisieannonce_053de6813d3b","tunisieannonce","150000.0","100.0","4","Hammamet","TUNIS","north","Sale","Other","2026-04-02T08:25:00.832822","new","","","100"
"4222","tunisieannonce_04d647055e17","tunisieannonce","3600.0","200.0","4","Ain Zaghouan","TUNIS","north","Rent","Villa","2026-04-01T21:58:15.094315","new","","","90"
"4223","tunisieannonce_05c72801126e","tunisieannonce","880000.0","300.0","","Hammamet","TUNIS","north","Sale","Land","2026-04-01T21:04:12.063957","new","","","90"
"4224","tunisieannonce_0727e65110e8","tunisieannonce","460000.0","496.0","1","Akouda","TUNIS","north","Sale","Land","2026-04-01T22:18:10.644038","new","","","100"
"4225","tunisieannonce_06847063124b","tunisieannonce","3500.0","","4","Mnihla","TUNIS","north","Rent","Commercial","2026-04-01T22:35:20.411810","new","","","85"
"4226","tunisieannonce_069b832aa66d","tunisieannonce","2550.0","150.0","2","Zone Urbaine Nord","TUNIS","north","Rent","Commercial","2026-04-01T20:58:34.697230","new","","","90"
"4227","tunisieannonce_078d6b6f1d1a","tunisieannonce","490000.0","155.0","2","Cite Ennasr 1","TUNIS","north","Sale","Apartment","2026-04-02T09:16:45.890534","new","","","100"
"4228","tunisieannonce_077490ff5aa3","tunisieannonce","580000.0","250.0","2","El Omrane Superieur","TUNIS","north","Sale","Villa","2026-04-02T08:48:03.689928","new","","","100"
"4229","tunisieannonce_07e5d0bd45ff","tunisieannonce","222300.0","390.0","","Chatt Meriem","TUNIS","north","Sale","Land","2026-04-02T08:28:46.399422","new","","","90"
"4230","tunisieannonce_08e78c2214de","tunisieannonce","1050.0","","","Mejez El Bab","TUNIS","north","Sale","Land","2026-04-01T20:53:29.473462","new","","","50"
"4231","tunisieannonce_08a41cd2fa7c","tunisieannonce","2200.0","200.0","4","El Menzah 9","TUNIS","north","Rent","Villa","2026-04-01T22:11:37.398990","new","","","85"
"4232","tunisieannonce_0a75553baa42","tunisieannonce","2000.0","35.0","","Berge Du Lac","TUNIS","north","Sale","Commercial","2026-04-01T22:50:21.042672","new","","","70"
"4233","tunisieannonce_0bbb5b8bee3a","tunisieannonce","1500.0","","3","Cite Bhar Lazreg","TUNIS","north","Rent","Apartment","2026-04-02T09:07:31.168417","new","","","85"
"4234","tunisieannonce_0b3c2fe64281","tunisieannonce","165000.0","115.0","3","Ariana","TUNIS","north","Sale","Villa","2026-04-01T22:23:52.892612","new","","","95"
"4235","tunisieannonce_0b8304ef4963","tunisieannonce","1150.0","110.0","","Montplaisir","TUNIS","north","Sale","Commercial","2026-04-02T09:16:30.682747","new","","","65"
"4236","tunisieannonce_0dbc92d27a1e","tunisieannonce","8000.0","600.0","1","La Soukra","TUNIS","north","Rent","Land","2026-04-01T21:17:42.743153","new","","","90"
"4237","tunisieannonce_0e00fd23a870","tunisieannonce","1500.0","2026.0","2","Ain Zaghouan","TUNIS","north","Rent","Commercial","2026-04-02T09:46:24.143625","new","","","80"
"4238","tunisieannonce_0f4aea7aa51e","tunisieannonce","650000.0","420.0","3","La Mannouba","TUNIS","north","Sale","Villa","2026-04-01T22:14:51.438610","price_up","130000.0","25.0","100"
"4239","tunisieannonce_0f264139420f","tunisieannonce","500.0","70.0","2","Rades","TUNIS","north","Rent","Apartment","2026-04-01T21:34:53.665252","new","","","85"
"4240","tunisieannonce_0f6ea9ea0ffa","tunisieannonce","850000.0","636.0","","Sidi Daoud","TUNIS","north","Sale","Land","2026-04-01T22:13:02.812713","new","","","90"
"4241","tunisieannonce_0f1b30afce1d","tunisieannonce","1800.0","110.0","2","Cartage Byrsa","TUNIS","north","Rent","Villa","2026-04-02T09:34:03.182711","new","","","90"
"4242","tunisieannonce_104b143e6900","tunisieannonce","35000.0","300.0","","Jemna","TUNIS","north","Sale","Land","2026-04-01T20:50:23.211936","new","","","90"
"4243","tunisieannonce_10a924a36ad8","tunisieannonce","36000.0","300.0","","Essalloum","TUNIS","north","Sale","Land","2026-04-01T21:47:57.580929","new","","","90"
"4244","tunisieannonce_1107c586a7ac","tunisieannonce","550.0","80.0","2","La Mannouba","TUNIS","north","Rent","Apartment","2026-04-01T22:46:50.701598","new","","","90"
"4245","tunisieannonce_1129d908500e","tunisieannonce","6500.0","700.0","","Cite Bhar Lazreg","TUNIS","north","Sale","Commercial","2026-04-01T23:01:11.113515","new","","","70"
"4246","tunisieannonce_1169b2a65e52","tunisieannonce","1150.0","289.0","","Sousse Riadh","TUNIS","north","Sale","Land","2026-04-01T22:35:04.461719","new","","","70"
"4247","tunisieannonce_12944bc25951","tunisieannonce","6400.0","600.0","2","Kheireddine Pacha","TUNIS","north","Rent","Commercial","2026-04-01T22:33:37.674876","new","","","90"
"4248","tunisieannonce_1205996060f2","tunisieannonce","270000.0","","","Boucha","TUNIS","north","Sale","Land","2026-04-01T20:56:07.698894","new","","","75"
"4249","tunisieannonce_14c2014cf693","tunisieannonce","216000.0","482.0","","Sidi Thabet","TUNIS","north","Sale","Land","2026-04-01T22:37:28.236953","new","","","90"
"4250","tunisieannonce_1540ef867535","tunisieannonce","1000.0","200.0","2","La Soukra","TUNIS","north","Rent","Commercial","2026-04-02T08:26:18.602388","new","","","85"
"4251","tunisieannonce_15a51926da91","tunisieannonce","950.0","70.0","1","El Aouina","TUNIS","north","Rent","Apartment","2026-04-01T22:57:12.175524","new","","","90"
"4252","tunisieannonce_16456a8ce2f4","tunisieannonce","980000.0","750.0","","Hammamet","TUNIS","north","Sale","Villa","2026-04-01T22:04:58.578569","new","","","90"
"4253","tunisieannonce_16d3a4eb710a","tunisieannonce","1700.0","65.0","4","Berge Du Lac","TUNIS","north","Sale","Commercial","2026-04-02T09:10:45.597361","new","","","80"
"4254","tunisieannonce_186c5471b7e0","tunisieannonce","150000.0","325.0","","Kalaa Essghira","TUNIS","north","Sale","Land","2026-04-01T21:22:56.905187","new","","","90"
"4255","tunisieannonce_18893e6d4628","tunisieannonce","3700.0","167.0","3","Berge Du Lac","TUNIS","north","Rent","Commercial","2026-04-02T09:51:55.509737","new","","","90"
"4256","tunisieannonce_18a8fef8c13b","tunisieannonce","980000.0","635.0","","Sidi Jedidi","TUNIS","north","Sale","Land","2026-04-01T21:16:12.746623","new","","","90"
"4257","tunisieannonce_19024dc4ec3d","tunisieannonce","8200.0","298.0","","Berge Du Lac","TUNIS","north","Sale","Commercial","2026-04-02T08:19:51.631948","new","","","70"
"4258","tunisieannonce_18bb84f107a6","tunisieannonce","4800.0","180.0","1","Berge Du Lac","TUNIS","north","Rent","Villa","2026-04-01T22:09:27.366217","new","","","90"
"4259","tunisieannonce_1ae4b6cc5c8c","tunisieannonce","950.0","144.0","","Bir El Kassaa","TUNIS","north","Sale","Other","2026-04-01T22:12:20.103878","new","","","70"
"4260","tunisieannonce_1a57134492b6","tunisieannonce","250000.0","","","Khelidia","TUNIS","north","Sale","Land","2026-04-02T08:41:52.605618","new","","","70"
"4261","tunisieannonce_1b944dc7ab05","tunisieannonce","715000.0","193.0","3","El Aouina","TUNIS","north","Sale","Villa","2026-04-02T09:11:04.790158","new","","","100"
"4262","tunisieannonce_1b6f5aa489a0","tunisieannonce","520000.0","800.0","","El Kantaoui","TUNIS","north","Sale","Land","2026-04-01T22:34:33.322789","new","","","90"
"4263","tunisieannonce_1c07a2a40006","tunisieannonce","2300.0","","1","Berge Du Lac","TUNIS","north","Rent","Apartment","2026-04-02T09:02:29.682077","new","","","85"
"4264","tunisieannonce_1b487054cc67","tunisieannonce","1800.0","160.0","3","Cite Ennasr 2","TUNIS","north","Rent","Apartment","2026-04-02T09:49:32.949578","new","","","90"
"4265","tunisieannonce_1c235342b7aa","tunisieannonce","4000.0","","","Mejez El Bab","TUNIS","north","Sale","Land","2026-04-01T20:53:21.680739","new","","","50"
"4266","tunisieannonce_1d2cba7f8d0c","tunisieannonce","490.0","100.0","3","Djerba","TUNIS","north","Rent","Commercial","2026-04-02T08:56:45.124275","new","","","90"
"4267","tunisieannonce_1d9c6d635652","tunisieannonce","1600.0","150.0","","Cite Ennasr 2","TUNIS","north","Rent","Apartment","2026-04-01T21:00:12.067221","new","","","80"
"4268","tunisieannonce_1df66c27c00e","tunisieannonce","127875.0","750.0","","Cite El Ghazala 2","TUNIS","north","Sale","Commercial","2026-04-01T22:37:38.613969","new","","","90"
"4269","tunisieannonce_1e133d6f7688","tunisieannonce","3600.0","200.0","2","Marsa Ennassim","TUNIS","north","Rent","Apartment","2026-04-01T22:20:03.596864","new","","","90"
"4270","tunisieannonce_1ecc16626706","tunisieannonce","285000.0","52.0","1","Tantana","TUNIS","north","Sale","Apartment","2026-04-02T08:42:34.206542","new","","","100"
"4271","tunisieannonce_201f06a6c722","tunisieannonce","4000.0","","","Douar El Houch","TUNIS","north","Sale","Land","2026-04-01T21:00:03.296605","new","","","50"
"4272","tunisieannonce_1f87239c449f","tunisieannonce","154000.0","45.0","4","Zone Urbaine Nord","TUNIS","north","Sale","Commercial","2026-04-01T22:23:42.158677","new","","","100"
"4273","tunisieannonce_219618f44562","tunisieannonce","7500.0","300.0","4","Berge Du Lac","TUNIS","north","Sale","Commercial","2026-04-02T09:13:18.055718","new","","","80"
"4274","tunisieannonce_20ffd424a5f8","tunisieannonce","1119.0","772.0","","Riadh Landlous","TUNIS","north","Sale","Land","2026-04-01T22:59:21.184161","new","","","70"
"4275","tunisieannonce_21240771d2e1","tunisieannonce","4000.0","340.0","2","Marsa Safsaf","TUNIS","north","Rent","Villa","2026-04-01T22:19:24.728971","new","","","90"
"4276","tunisieannonce_2202608feaa6","tunisieannonce","650.0","70.0","2","El Mourouj","TUNIS","north","Rent","Apartment","2026-04-01T22:08:44.804577","new","","","85"
"4277","tunisieannonce_224fdd8b6e77","tunisieannonce","1150.0","80.0","2","Jardins D'El Menzah","TUNIS","north","Rent","Apartment","2026-04-01T22:12:29.955332","new","","","85"
"4278","tunisieannonce_239a4b9bbb5d","tunisieannonce","220000.0","359.0","","Borj Louzir","TUNIS","north","Sale","Land","2026-04-01T20:54:18.417870","new","","","90"
"4279","tunisieannonce_2333a4f3da14","tunisieannonce","1200.0","1000.0","","Chotrana 3","TUNIS","north","Sale","Land","2026-04-01T20:53:46.760423","new","","","70"
"4280","tunisieannonce_238cf3377752","tunisieannonce","271000.0","271.0","","Hammam Sousse Gharbi","TUNIS","north","Sale","Land","2026-04-01T21:43:57.942112","new","","","90"
"4281","tunisieannonce_23ec3ed60bb6","tunisieannonce","600000.0","500.0","","Chotrana 3","TUNIS","north","Sale","Land","2026-04-01T22:08:31.536282","new","","","90"
"4282","tunisieannonce_23cdcdcd0781","tunisieannonce","1300.0","200.0","4","Cite El Ghazala 1","TUNIS","north","Rent","Apartment","2026-04-01T21:02:55.875871","new","","","90"
"4283","tunisieannonce_24dbe2fbb920","tunisieannonce","10000.0","500.0","4","El Charguia","TUNIS","north","Sale","Commercial","2026-04-01T22:58:17.422003","new","","","80"
"4284","tunisieannonce_25cec9e29f28","tunisieannonce","650.0","50.0","3","El Menzah 9","TUNIS","north","Rent","Villa","2026-04-02T08:48:58.848130","new","","","90"
"4285","tunisieannonce_271148340112","tunisieannonce","1000.0","120.0","4","Jardins D'El Menzah","TUNIS","north","Rent","Apartment","2026-04-01T22:38:45.738354","new","","","90"
"4286","tunisieannonce_2765b150f5b7","tunisieannonce","1850.0","150.0","2","El Aouina","TUNIS","north","Rent","Apartment","2026-04-01T21:50:14.031010","new","","","90"
"4287","tunisieannonce_27f38440a64b","tunisieannonce","1250.0","500.0","1","Kheireddine","TUNIS","north","Sale","Villa","2026-04-01T22:38:21.709510","new","","","80"
"4288","tunisieannonce_2787eb36396b","tunisieannonce","2000.0","174.0","4","Cite Bhar Lazreg","TUNIS","north","Rent","Commercial","2026-04-01T21:09:05.009390","new","","","90"
"4289","tunisieannonce_27ddc7b28d62","tunisieannonce","3400.0","2026.0","2","Hammamet","TUNIS","north","Rent","Apartment","2026-04-02T08:42:24.248891","new","","","90"
"4290","tunisieannonce_2985f18af07c","tunisieannonce","1100.0","100.0","2","Denden","TUNIS","north","Rent","Apartment","2026-04-01T20:51:47.101980","new","","","90"
"4291","tunisieannonce_295b6df824e2","tunisieannonce","1450.0","130.0","","Cite Ennasr 2","TUNIS","north","Rent","Villa","2026-04-01T21:06:03.521101","new","","","80"
"4292","tunisieannonce_29ee014c17d1","tunisieannonce","280000.0","295.0","1","Hammam Sousse","TUNIS","north","Sale","Land","2026-04-01T21:38:59.318127","new","","","100"
"4293","tunisieannonce_2af11613c4e7","tunisieannonce","2500.0","120.0","4","Berge Du Lac","TUNIS","north","Sale","Commercial","2026-04-02T09:18:33.257072","new","","","80"
"4294","tunisieannonce_2b3527ebdd0f","tunisieannonce","7500.0","160.0","1","La Soukra","TUNIS","north","Rent","Commercial","2026-04-01T20:49:50.816933","new","","","90"
"4295","tunisieannonce_2b18598b7101","tunisieannonce","157000.0","82.0","2","Borj Cedria","TUNIS","north","Sale","Apartment","2026-04-01T22:21:48.874601","new","","","100"
"4296","tunisieannonce_2affe687a9c1","tunisieannonce","1000.0","25.0","4","Raoued","TUNIS","north","Rent","Commercial","2026-04-02T09:26:58.813028","new","","","85"
"4297","tunisieannonce_2bf33c9c3ca1","tunisieannonce","350.0","80.0","3","Cite Ain Meriem","TUNIS","north","Rent","Apartment","2026-04-01T21:15:50.617106","new","","","75"
"4298","tunisieannonce_2dd5388b8409","tunisieannonce","240000.0","60.0","2","El Aouina","TUNIS","north","Sale","Apartment","2026-04-01T22:07:56.159574","new","","","100"
"4299","tunisieannonce_2e3bc8ce8ebb","tunisieannonce","1350.0","100.0","1","Hammamet","TUNIS","north","Rent","Villa","2026-04-01T22:23:31.533290","new","","","90"
"4300","tunisieannonce_2e7a078000ea","tunisieannonce","3500.0","170.0","","La Soukra","TUNIS","north","Sale","Commercial","2026-04-01T21:09:43.441872","new","","","70"
"4301","tunisieannonce_2ec705d24e88","tunisieannonce","450000.0","104.0","3","Ezzahra","TUNIS","north","Sale","Villa","2026-04-02T08:41:19.934201","new","","","100"
"4302","tunisieannonce_2e9e1f846fb8","tunisieannonce","1300.0","375.0","3","Menzel Temime","TUNIS","north","Sale","Villa","2026-04-01T20:59:05.789383","new","","","80"
"4303","tunisieannonce_2f30e2f5bafd","tunisieannonce","370000.0","154.0","3","Bou Mhel","TUNIS","north","Sale","Villa","2026-04-01T21:07:06.426852","new","","","100"
"4304","tunisieannonce_2fcf9bec8c25","tunisieannonce","2300.0","200.0","5","Carthage","TUNIS","north","Rent","Villa","2026-04-01T22:43:08.176166","new","","","90"
"4305","tunisieannonce_310e9320ded0","tunisieannonce","320000.0","206.0","","Chouchet Rades","TUNIS","north","Sale","Land","2026-04-01T21:18:55.729221","new","","","85"
"4306","tunisieannonce_3412a1258c0b","tunisieannonce","1280.0","513.0","3","Cite El Khadra","TUNIS","north","Sale","Land","2026-04-01T21:01:30.106965","new","","","80"
"4307","tunisieannonce_3451ecdb5a16","tunisieannonce","135000.0","90.0","3","Cite Ennouzha","TUNIS","north","Sale","Apartment","2026-04-02T09:11:44.169871","new","","","100"
"4308","tunisieannonce_33f05c669ec4","tunisieannonce","220000.0","110.0","2","Cite El Hidhab","TUNIS","north","Sale","Apartment","2026-04-01T20:49:28.838606","new","","","100"
"4309","tunisieannonce_35462656addd","tunisieannonce","410000.0","115.0","3","Sousse","TUNIS","north","Sale","Apartment","2026-04-01T22:28:15.524523","new","","","100"
"4310","tunisieannonce_34f5967623f6","tunisieannonce","1300.0","120.0","4","Jardins D'El Menzah","TUNIS","north","Rent","Villa","2026-04-01T21:58:44.034845","new","","","90"
"4311","tunisieannonce_36145fbed1ac","tunisieannonce","420000.0","500.0","","Jabbes","TUNIS","north","Sale","Land","2026-04-02T09:25:03.506837","new","","","85"
"4312","tunisieannonce_36df1f2893bf","tunisieannonce","1500.0","330.0","3","Marsa Safsaf","TUNIS","north","Sale","Land","2026-04-02T08:41:10.350206","new","","","80"
"4313","tunisieannonce_370e89f168f0","tunisieannonce","880.0","2026.0","2","El Menzah 7","TUNIS","north","Rent","Apartment","2026-04-01T21:55:45.723008","new","","","80"
"4314","tunisieannonce_36c54e2dccdd","tunisieannonce","20000.0","300.0","","Cite Ellouata","TUNIS","north","Sale","Land","2026-04-01T20:59:55.775877","new","","","75"
"4315","tunisieannonce_37db4b8ee7b2","tunisieannonce","1200.0","2026.0","2","Hammamet","TUNIS","north","Rent","Villa","2026-04-01T21:23:17.716750","new","","","80"
"4316","tunisieannonce_394a652f8db6","tunisieannonce","900.0","126.0","2","El Mourouj","TUNIS","north","Rent","Other","2026-04-01T22:37:19.209419","new","","","85"
"4317","tunisieannonce_39fccdb6b2fd","tunisieannonce","2700.0","120.0","4","Berge Du Lac","TUNIS","north","Sale","Commercial","2026-04-02T09:20:14.989598","new","","","80"
"4318","tunisieannonce_3a9f4f094009","tunisieannonce","500000.0","600.0","","Chatt Meriem","TUNIS","north","Sale","Land","2026-04-01T21:48:45.450600","new","","","90"
"4319","tunisieannonce_39eb24d0cb91","tunisieannonce","1200.0","500.0","","Chotrana 3","TUNIS","north","Sale","Land","2026-04-01T22:13:12.284039","new","","","70"
"4320","tunisieannonce_3b4e7c45598f","tunisieannonce","120000.0","100.0","3","Kelibia","TUNIS","north","Sale","Other","2026-04-01T21:48:10.347815","new","","","100"
"4321","tunisieannonce_3c4d57a231ad","tunisieannonce","920000.0","400.0","5","Gammart","TUNIS","north","Sale","Villa","2026-04-01T21:23:28.164928","new","","","100"
"4322","tunisieannonce_3c3a09a2341b","tunisieannonce","780000.0","500.0","","Hammamet","TUNIS","north","Sale","Villa","2026-04-02T08:27:24.176937","new","","","90"
"4323","tunisieannonce_3d5c267c61a1","tunisieannonce","800.0","100.0","2","Bou Mhel","TUNIS","north","Rent","Villa","2026-04-01T21:38:23.812119","new","","","90"
"4324","tunisieannonce_3d148c7a29da","tunisieannonce","1200.0","650.0","","Sidi Hmed","TUNIS","north","Sale","Land","2026-04-01T21:03:59.563009","new","","","70"
"4325","tunisieannonce_3d89f38da69e","tunisieannonce","1600.0","84.0","","Bab Saadoun","TUNIS","north","Sale","Land","2026-04-02T08:41:30.184386","new","","","70"
"4326","tunisieannonce_3e351e9017c6","tunisieannonce","390000.0","995.0","","Kalaa El Kebira","TUNIS","north","Sale","Land","2026-04-01T22:28:40.035043","new","","","90"
"4327","tunisieannonce_402db9dca218","tunisieannonce","1150.0","105.0","4","Jardins D'El Menzah","TUNIS","north","Rent","Apartment","2026-04-01T22:25:23.266931","new","","","85"
"4328","tunisieannonce_3f768c3d7534","tunisieannonce","9000.0","700.0","1","La Soukra","TUNIS","north","Rent","Land","2026-04-01T22:52:11.723919","new","","","90"
"4329","tunisieannonce_40fd169a12d5","tunisieannonce","115000.0","100.0","3","Khaznadar","TUNIS","north","Sale","Commercial","2026-04-01T20:52:29.733414","new","","","100"
"4330","tunisieannonce_40e57f9a8ec9","tunisieannonce","11700.0","437.0","","Berge Du Lac","TUNIS","north","Sale","Commercial","2026-04-02T08:24:12.562350","new","","","70"
"4331","tunisieannonce_41095e7ba91a","tunisieannonce","2000.0","","3","Gammart","TUNIS","north","Rent","Apartment","2026-04-02T09:00:36.872973","new","","","85"
"4332","tunisieannonce_41b99a3a8101","tunisieannonce","2200.0","","2","Jardins De Carthage","TUNIS","north","Rent","Apartment","2026-04-02T09:03:00.002445","new","","","55"
"4333","tunisieannonce_41f46228cad0","tunisieannonce","1100.0","60.0","3","Hedi Chaker","TUNIS","north","Rent","Commercial","2026-04-01T22:34:54.952191","new","","","90"
"4334","tunisieannonce_41d850a026b5","tunisieannonce","1000.0","80.0","2","Cite De La Plage 1","TUNIS","north","Rent","Commercial","2026-04-02T08:32:23.713633","new","","","90"
"4335","tunisieannonce_428def87d6fd","tunisieannonce","12500.0","500.0","4","Berge Du Lac","TUNIS","north","Sale","Commercial","2026-04-02T09:19:43.740074","new","","","80"
"4336","tunisieannonce_42e314f998d7","tunisieannonce","1700.0","170.0","1","Meghira Centre","TUNIS","north","Rent","Commercial","2026-04-01T21:03:21.196758","new","","","90"
"4337","tunisieannonce_43359b97e9c9","tunisieannonce","768300.0","591.0","","Hammam Sousse Gharbi","TUNIS","north","Sale","Land","2026-04-01T22:04:22.081964","new","","","90"
"4338","tunisieannonce_439514783af4","tunisieannonce","400000.0","","","Mornaguia","TUNIS","north","Sale","Land","2026-04-01T21:04:47.569954","new","","","75"
"4339","tunisieannonce_43592128fa7a","tunisieannonce","6800.0","","5","Sidi Bousaid","TUNIS","north","Rent","Villa","2026-04-02T09:00:26.549520","new","","","85"
"4340","tunisieannonce_445431929246","tunisieannonce","3100.0","","","Jardins De Carthage","TUNIS","north","Rent","Villa","2026-04-01T21:18:23.484248","new","","","75"
"4341","tunisieannonce_4494b8bdaca9","tunisieannonce","798000.0","665.0","","Chotrana 3","TUNIS","north","Sale","Land","2026-04-01T22:08:22.095469","new","","","90"
"4342","tunisieannonce_44cc78f07353","tunisieannonce","1500.0","170.0","3","Ain Zaghouan","TUNIS","north","Rent","Villa","2026-04-01T22:08:08.098054","new","","","90"
"4343","tunisieannonce_45f397ba1938","tunisieannonce","2200.0","140.0","3","Marsa Ennassim","TUNIS","north","Rent","Villa","2026-04-01T21:28:04.896422","new","","","90"
"4344","tunisieannonce_4693673e5466","tunisieannonce","550000.0","350.0","2","Rades Plage","TUNIS","north","Sale","Land","2026-04-01T20:56:18.082860","new","","","100"
"4345","tunisieannonce_48020958fb75","tunisieannonce","402500.0","150.0","","El Kantaoui","TUNIS","north","Sale","Land","2026-04-01T21:54:32.503613","new","","","90"
"4346","tunisieannonce_481986253bdd","tunisieannonce","220000.0","88.0","2","Cite El Ghazala 1","TUNIS","north","Sale","Apartment","2026-04-01T21:17:07.117647","new","","","100"
"4347","tunisieannonce_48139e6aa5f3","tunisieannonce","8500.0","570.0","2","Ariana","TUNIS","north","Sale","Commercial","2026-04-01T21:05:11.107953","new","","","80"
"4348","tunisieannonce_483e5fb3877c","tunisieannonce","200900.0","287.0","","Mnihla","TUNIS","north","Sale","Land","2026-04-01T21:48:33.772796","new","","","90"
"4349","tunisieannonce_49c1bb8888ff","tunisieannonce","680000.0","613.0","","Menzel Bouzelfa","TUNIS","north","Sale","Land","2026-04-02T09:05:39.650164","new","","","90"
"4350","tunisieannonce_49f6812c26ce","tunisieannonce","157000.0","82.0","2","Borj Cedria","TUNIS","north","Sale","Apartment","2026-04-01T22:47:47.855630","new","","","100"
"4351","tunisieannonce_4a38c6c391f5","tunisieannonce","900.0","2026.0","2","Hammamet","TUNIS","north","Rent","Villa","2026-04-01T22:33:27.407223","new","","","80"
"4352","tunisieannonce_4a61d055d8dc","tunisieannonce","1780.0","2026.0","3","Cite Ennasr 2","TUNIS","north","Rent","Apartment","2026-04-01T21:45:31.564133","new","","","80"
"4353","tunisieannonce_4a98ea345a99","tunisieannonce","360000.0","616.0","","Kalaa Essghira","TUNIS","north","Sale","Land","2026-04-01T22:34:42.972433","new","","","90"
"4354","tunisieannonce_4b7deb7bbe1d","tunisieannonce","7500.0","400.0","5","Carthage","TUNIS","north","Rent","Villa","2026-04-01T21:21:38.077295","new","","","90"
"4355","tunisieannonce_4b47e800a887","tunisieannonce","520.0","30.0","","Borj El Baccouche","TUNIS","north","Rent","Apartment","2026-04-01T20:58:04.999680","new","","","80"
"4356","tunisieannonce_4bb4a40a63fc","tunisieannonce","1200.0","76.0","1","El Aouina","TUNIS","north","Rent","Land","2026-04-01T22:03:14.899767","new","","","90"
"4357","tunisieannonce_4d060837db01","tunisieannonce","240000.0","82.0","2","Cite El Ghazala 1","TUNIS","north","Sale","Villa","2026-04-01T22:56:04.754112","new","","","100"
"4358","tunisieannonce_4cc0a1ea7dfb","tunisieannonce","340000.0","125.0","3","Cite Ennasr 2","TUNIS","north","Sale","Apartment","2026-04-01T22:57:31.274357","new","","","100"
"4359","tunisieannonce_4d617a4c7315","tunisieannonce","2600.0","260.0","4","Jardins D'El Menzah","TUNIS","north","Rent","Villa","2026-04-01T21:33:00.310539","new","","","90"
"4360","tunisieannonce_4da69fa9b53c","tunisieannonce","5000.0","160.0","1","Berge Du Lac","TUNIS","north","Rent","Villa","2026-04-01T22:49:41.317352","new","","","90"
"4361","tunisieannonce_4daa6005a586","tunisieannonce","2300.0","","1","Berge Du Lac","TUNIS","north","Rent","Apartment","2026-04-02T09:02:38.517947","new","","","85"
"4362","tunisieannonce_4e512e0ef131","tunisieannonce","2000.0","209.0","4","El Aouina","TUNIS","north","Rent","Apartment","2026-04-02T09:34:46.944323","new","","","90"
"4363","tunisieannonce_4f3b1ed901d9","tunisieannonce","665000.0","117.0","2","Jardins De Carthage","TUNIS","north","Sale","Apartment","2026-04-01T21:19:12.387568","new","","","70"
"4364","tunisieannonce_4ebe09e5354f","tunisieannonce","4200.0","257.0","","Berge Du Lac","TUNIS","north","Sale","Commercial","2026-04-01T22:10:15.456424","new","","","70"
"4365","tunisieannonce_4ebc8e1bfb77","tunisieannonce","400.0","","2","Hammamet","TUNIS","north","Rent","Villa","2026-04-01T21:25:46.195629","new","","","85"
"4366","tunisieannonce_4f12fc91c1d9","tunisieannonce","643000.0","360.0","","Kalaa El Kebira","TUNIS","north","Sale","Land","2026-04-01T21:46:49.126067","new","","","90"
"4367","tunisieannonce_505d29472b2a","tunisieannonce","670000.0","500.0","","Hammamet","TUNIS","north","Sale","Villa","2026-04-01T22:04:51.096967","new","","","90"
"4368","tunisieannonce_51326fdd3c13","tunisieannonce","290000.0","80.0","4","Cite El Khadra","TUNIS","north","Sale","Villa","2026-04-01T20:54:37.006565","new","","","80"
"4369","tunisieannonce_508c2ba97cd5","tunisieannonce","1300.0","130.0","3","Bizerte","TUNIS","north","Rent","Apartment","2026-04-01T22:46:59.186720","new","","","90"
"4370","tunisieannonce_51c1cbc37ccc","tunisieannonce","240000.0","200.0","","Hammamet","TUNIS","north","Sale","Land","2026-04-01T21:18:43.929555","new","","","90"
"4371","tunisieannonce_52a568671688","tunisieannonce","632000.0","157.0","4","Jardins De Carthage","TUNIS","north","Sale","Apartment","2026-04-02T09:07:42.966808","new","","","70"
"4372","tunisieannonce_534840dc3aea","tunisieannonce","2400.0","300.0","5","Carthage","TUNIS","north","Rent","Other","2026-04-01T21:20:49.033652","new","","","90"
"4373","tunisieannonce_52f135bea356","tunisieannonce","218000.0","82.0","4","Bab Bhar","TUNIS","north","Sale","Commercial","2026-04-01T22:32:54.492024","new","","","100"
"4374","tunisieannonce_54d37a846ce8","tunisieannonce","1100.0","80.0","1","Ain Zaghouan","TUNIS","north","Rent","Apartment","2026-04-01T23:00:42.461260","new","","","90"
"4375","tunisieannonce_54ae05d89e78","tunisieannonce","600.0","75.0","2","Megrine","TUNIS","north","Rent","Apartment","2026-04-02T08:45:48.530903","new","","","85"
"4376","tunisieannonce_556f4df44690","tunisieannonce","853400.0","502.0","2","El Kantaoui","TUNIS","north","Sale","Land","2026-04-02T08:32:42.019713","new","","","100"
"4377","tunisieannonce_57c755d50dde","tunisieannonce","300.0","2026.0","1","Hammamet","TUNIS","north","Rent","Apartment","2026-04-01T23:00:51.573413","new","","","80"
"4378","tunisieannonce_58894e6e0a4a","tunisieannonce","1800.0","120.0","3","Berge Du Lac","TUNIS","north","Rent","Apartment","2026-04-02T09:16:03.141521","new","","","90"
"4379","tunisieannonce_58b59e0a41e2","tunisieannonce","680000.0","","4","El Hamayem","TUNIS","north","Sale","Land","2026-04-01T22:16:34.489002","new","","","80"
"4380","tunisieannonce_59671fea113f","tunisieannonce","700000.0","","","Sidi Bou Ali","TUNIS","north","Sale","Land","2026-04-02T09:40:32.894609","new","","","75"
"4381","tunisieannonce_5b0dd0c68676","tunisieannonce","1540.0","90.0","","Jardins D'El Menzah","TUNIS","north","Sale","Commercial","2026-04-01T22:59:56.479301","new","","","70"
"4382","tunisieannonce_5b73e503aab2","tunisieannonce","55000.0","28.0","","Ariana","TUNIS","north","Rent","Commercial","2026-04-01T22:36:45.700777","new","","","70"
"4383","tunisieannonce_5cac3b0bb5c7","tunisieannonce","5000.0","500.0","2","Gammart","TUNIS","north","Rent","Villa","2026-04-01T21:20:59.799967","new","","","90"
"4384","tunisieannonce_5f146e619bfc","tunisieannonce","1800.0","","2","Jardins De Carthage","TUNIS","north","Rent","Apartment","2026-04-01T21:25:36.055047","new","","","55"
"4385","tunisieannonce_60691cd45381","tunisieannonce","80000.0","180.0","","Chotrana 3","TUNIS","north","Sale","Commercial","2026-04-02T09:34:58.415592","new","","","90"
"4386","tunisieannonce_60a832cc2035","tunisieannonce","130000.0","2024.0","2","El Mourouj","TUNIS","north","Sale","Apartment","2026-04-01T22:38:01.463306","new","","","90"
"4387","tunisieannonce_60a0ef251ef4","tunisieannonce","2500.0","","2","Jardins De Carthage","TUNIS","north","Rent","Apartment","2026-04-02T09:05:16.377484","new","","","55"
"4388","tunisieannonce_61992ac1f893","tunisieannonce","870000.0","530.0","","Hammamet","TUNIS","north","Sale","Villa","2026-04-01T22:04:43.561851","new","","","90"
"4389","tunisieannonce_6224b1781179","tunisieannonce","1600.0","97.0","2","El Kantaoui","TUNIS","north","Rent","Apartment","2026-04-02T06:58:06.008373","new","","","90"
"4390","tunisieannonce_631aafe5ff8d","tunisieannonce","1000.0","","","Kelibia","TUNIS","north","Sale","Land","2026-04-01T22:57:56.818482","new","","","55"
"4391","tunisieannonce_63a89046e15f","tunisieannonce","400.0","40.0","2","Ariana","TUNIS","north","Rent","Apartment","2026-04-02T09:49:28.290879","new","","","70"
"4392","tunisieannonce_6336ae21c5b2","tunisieannonce","1900.0","200.0","4","El Manar 1","TUNIS","north","Rent","Apartment","2026-04-01T21:39:45.819184","new","","","90"
"4393","tunisieannonce_648527a93d9c","tunisieannonce","3700.0","","3","El Aouina","TUNIS","north","Sale","Land","2026-04-02T09:11:31.988106","new","","","65"
"4394","tunisieannonce_6589be389409","tunisieannonce","6500.0","700.0","5","Cartage Byrsa","TUNIS","north","Rent","Villa","2026-04-01T21:30:47.187332","new","","","90"
"4395","tunisieannonce_65e0578513b2","tunisieannonce","380000.0","107.0","2","El Aouina","TUNIS","north","Sale","Villa","2026-04-01T21:03:48.708641","new","","","100"
"4396","tunisieannonce_65bea0abce4d","tunisieannonce","85000.0","725.0","","Jemna","TUNIS","north","Sale","Land","2026-04-01T20:50:33.328909","new","","","90"
"4397","tunisieannonce_6747015d61f4","tunisieannonce","4000.0","500.0","5","Mutuelle Ville","TUNIS","north","Rent","Villa","2026-04-01T22:11:24.002656","new","","","85"
"4398","tunisieannonce_674cf89e6934","tunisieannonce","800.0","90.0","4","Cite El Ghazala 2","TUNIS","north","Rent","Villa","2026-04-01T21:40:17.158177","new","","","90"
"4399","tunisieannonce_6765406a6f62","tunisieannonce","219000.0","313.0","","Hammam Sousse Gharbi","TUNIS","north","Sale","Land","2026-04-02T08:32:33.044112","new","","","90"
"4400","tunisieannonce_68267cdf6998","tunisieannonce","350.0","50.0","1","Bou Mhel","TUNIS","north","Rent","Apartment","2026-04-02T09:44:40.876130","new","","","85"
"4401","tunisieannonce_69bc4cf92933","tunisieannonce","800.0","100.0","3","Sidi El Bechir","TUNIS","north","Rent","Villa","2026-04-02T09:51:13.227802","new","","","85"
"4402","tunisieannonce_6a6e4f5b75da","tunisieannonce","320000.0","120.0","","El Manar 1","TUNIS","north","Sale","Commercial","2026-04-01T22:58:49.941347","new","","","90"
"4403","tunisieannonce_6b276eb98483","tunisieannonce","8500.0","400.0","6","Marsa Safsaf","TUNIS","north","Rent","Villa","2026-04-01T22:18:34.357656","new","","","90"
"4404","tunisieannonce_6bf167abc4f5","tunisieannonce","550000.0","156.0","4","Cite El Khadra","TUNIS","north","Sale","Commercial","2026-04-01T20:54:50.991307","new","","","80"
"4405","tunisieannonce_6bb26a47790e","tunisieannonce","200000.0","115.0","3","El Menzah 7","TUNIS","north","Sale","Apartment","2026-04-01T22:35:39.976887","new","","","95"
"4406","tunisieannonce_6c284c1af08e","tunisieannonce","13920.0","257.0","","Berge Du Lac","TUNIS","north","Sale","Commercial","2026-04-01T22:25:54.548974","new","","","80"
"4407","tunisieannonce_6cb4c6475a5c","tunisieannonce","221000.0","340.0","","La Mannouba","TUNIS","north","Sale","Land","2026-04-02T09:25:19.586814","new","","","85"
"4408","tunisieannonce_6cc8819cfa02","tunisieannonce","3500.0","160.0","3","Sidi Daoud","TUNIS","north","Rent","Apartment","2026-04-02T08:34:06.831287","new","","","90"
"4409","tunisieannonce_6e70b226fe99","tunisieannonce","290000.0","148.0","4","Cite Oplympique","TUNIS","north","Sale","Other","2026-04-01T20:58:47.186500","new","","","100"
"4410","tunisieannonce_6f872d90d533","tunisieannonce","1100.0","100.0","","Cite Ennasr 2","TUNIS","north","Rent","Villa","2026-04-01T21:35:01.339621","new","","","80"
"4411","tunisieannonce_6f01fb0facc3","tunisieannonce","930000.0","510.0","","Hammamet","TUNIS","north","Sale","Land","2026-04-01T21:16:23.958350","new","","","90"
"4412","tunisieannonce_7008da957198","tunisieannonce","1000.0","","","Ezzahra","TUNIS","north","Sale","Land","2026-04-01T21:17:54.024462","new","","","55"
"4413","tunisieannonce_705617c18b31","tunisieannonce","3000.0","150.0","2","Berge Du Lac","TUNIS","north","Rent","Villa","2026-04-01T22:52:45.740725","new","","","90"
"4414","tunisieannonce_6f898db3583d","tunisieannonce","500.0","80.0","1","Hammamet","TUNIS","north","Rent","Apartment","2026-04-02T09:38:42.783461","new","","","90"
"4415","tunisieannonce_707d89c2e283","tunisieannonce","700.0","80.0","3","El Mourouj","TUNIS","north","Rent","Apartment","2026-04-01T22:10:48.617091","new","","","85"
"4416","tunisieannonce_70c41828b2b0","tunisieannonce","500.0","30.0","2","Ezzahra","TUNIS","north","Rent","Apartment","2026-04-01T20:55:56.587075","new","","","80"
"4417","tunisieannonce_709de1179081","tunisieannonce","750000.0","259.0","3","Cite Ennakhil 1","TUNIS","north","Sale","Land","2026-04-01T21:15:54.185064","new","","","100"
"4418","tunisieannonce_71e8006851c0","tunisieannonce","400000.0","","","Sidi Mediene","TUNIS","north","Sale","Land","2026-04-01T21:04:38.551740","new","","","75"
"4419","tunisieannonce_71a343c3b054","tunisieannonce","1000.0","110.0","","El Menzah 7","TUNIS","north","Rent","Apartment","2026-04-01T22:44:06.533757","new","","","75"
"4420","tunisieannonce_721d65dcfbfa","tunisieannonce","6000.0","130.0","4","Cite El Khalil","TUNIS","north","Rent","Commercial","2026-04-01T20:54:05.700704","new","","","90"
"4421","tunisieannonce_72e7c5196b07","tunisieannonce","2200.0","","2","Jardins De Carthage","TUNIS","north","Rent","Apartment","2026-04-01T21:22:23.982522","new","","","55"
"4422","tunisieannonce_74606f928dcb","tunisieannonce","230000.0","52.0","","Riadh Landlous","TUNIS","north","Sale","Commercial","2026-04-02T09:19:02.628964","new","","","90"
"4423","tunisieannonce_734874d3caa5","tunisieannonce","1000.0","140.0","2","Chatt Meriem","TUNIS","north","Rent","Villa","2026-04-01T22:17:22.829142","new","","","90"
"4424","tunisieannonce_751dc868c870","tunisieannonce","600.0","140.0","3","Cite Bougatfa 2","TUNIS","north","Rent","Apartment","2026-04-01T20:49:14.604916","new","","","85"
"4425","tunisieannonce_7506900ddf07","tunisieannonce","1000.0","100.0","2","Hammam Sousse","TUNIS","north","Rent","Apartment","2026-04-01T22:49:51.989727","new","","","90"
"4426","tunisieannonce_74ec786c3cec","tunisieannonce","1500.0","120.0","3","Bou Mhel","TUNIS","north","Rent","Apartment","2026-04-01T22:53:49.017949","new","","","90"
"4427","tunisieannonce_75259710c0a3","tunisieannonce","110000.0","300.0","","Oued Laya","TUNIS","north","Sale","Land","2026-04-01T21:22:46.848510","new","","","90"
"4428","tunisieannonce_762661a4a3a3","tunisieannonce","1250.0","260.0","3","La Soukra","TUNIS","north","Sale","Land","2026-04-01T21:31:09.844076","new","","","80"
"4429","tunisieannonce_771c205639b7","tunisieannonce","560000.0","75.0","2","Berge Du Lac","TUNIS","north","Sale","Apartment","2026-04-01T22:49:19.464870","new","","","100"
"4430","tunisieannonce_770f87d38025","tunisieannonce","800000.0","1000.0","1","Akouda","TUNIS","north","Sale","Land","2026-04-02T08:42:12.423665","new","","","100"
"4431","tunisieannonce_77e7c57b43fa","tunisieannonce","650000.0","300.0","3","Hammam Sousse Gharbi","TUNIS","north","Sale","Land","2026-04-02T06:57:54.377766","new","","","100"
"4432","tunisieannonce_77f985ac0a54","tunisieannonce","1300.0","140.0","4","Jardins D'El Menzah","TUNIS","north","Rent","Villa","2026-04-01T20:52:52.251111","new","","","90"
"4433","tunisieannonce_7780cb75c9e2","tunisieannonce","3750.0","","","Mejez El Bab","TUNIS","north","Sale","Land","2026-04-01T20:50:51.339991","new","","","50"
"4434","tunisieannonce_78cd5b4c1d31","tunisieannonce","1200.0","90.0","2","Le Bardo","TUNIS","north","Sale","Commercial","2026-04-02T09:38:28.375717","new","","","75"
"4435","tunisieannonce_78f0e9cb237d","tunisieannonce","800000.0","264.0","3","El Manar 2","TUNIS","north","Sale","Villa","2026-04-01T23:00:29.279116","new","","","100"
"4436","tunisieannonce_788c1a5538de","tunisieannonce","85000.0","","","Mejez El Bab","TUNIS","north","Sale","Land","2026-04-02T09:43:48.443780","new","","","70"
"4437","tunisieannonce_79cc9ccd4519","tunisieannonce","700.0","2026.0","2","Hammamet","TUNIS","north","Rent","Villa","2026-04-01T21:38:14.757960","new","","","80"
"4438","tunisieannonce_79ea68ea9d71","tunisieannonce","380000.0","200.0","","Chorfech","TUNIS","north","Sale","Villa","2026-04-01T22:09:41.118321","new","","","85"
"4439","tunisieannonce_7a3dde8d885a","tunisieannonce","180000.0","120.0","3","El Haouaria","TUNIS","north","Sale","Land","2026-04-02T09:40:22.011238","new","","","100"
"4440","tunisieannonce_79fcebcbed5f","tunisieannonce","1800.0","170.0","","El Manar 2","TUNIS","north","Sale","Commercial","2026-04-01T22:59:10.488164","new","","","70"
"4441","tunisieannonce_7a538b426c54","tunisieannonce","230000.0","64.0","3","Cite Ennasr 2","TUNIS","north","Sale","Apartment","2026-04-01T22:54:19.404605","new","","","100"
"4442","tunisieannonce_7c9ee6699fda","tunisieannonce","1200.0","101.0","2","Cite Du Stade","TUNIS","north","Rent","Apartment","2026-04-01T21:20:08.192784","new","","","90"
"4443","tunisieannonce_7c4a902acb27","tunisieannonce","550.0","75.0","2","Rades","TUNIS","north","Rent","Apartment","2026-04-01T21:34:43.989668","new","","","85"
"4444","tunisieannonce_7c5912db7d14","tunisieannonce","450000.0","420.0","3","Cite Azaiez","TUNIS","north","Sale","Villa","2026-04-01T21:52:55.775087","new","","","95"
"4445","tunisieannonce_7d0ebff84e0d","tunisieannonce","1700.0","65.0","4","Berge Du Lac","TUNIS","north","Sale","Commercial","2026-04-02T09:12:08.116417","new","","","80"
"4446","tunisieannonce_7d7d0ed8a93e","tunisieannonce","800000.0","","3","Fayedh","TUNIS","north","Sale","Land","2026-04-01T21:51:43.255917","new","","","85"
"4447","tunisieannonce_7e6879a856b4","tunisieannonce","850000.0","975.0","2","Zrig","TUNIS","north","Sale","Land","2026-04-01T21:50:51.457231","new","","","100"
"4448","tunisieannonce_7e3b8550b946","tunisieannonce","1350.0","788.0","4","Habib Thameur","TUNIS","north","Sale","Commercial","2026-04-01T22:36:29.529675","new","","","80"
"4449","tunisieannonce_7eb36f18e808","tunisieannonce","630000.0","153.0","4","Jardins De Carthage","TUNIS","north","Sale","Apartment","2026-04-01T20:52:40.113036","new","","","70"
"4450","tunisieannonce_7ec2f003ab9b","tunisieannonce","4300.0","","4","Ain Zaghouan","TUNIS","north","Rent","Villa","2026-04-01T21:04:57.363321","new","","","85"
"4451","tunisieannonce_7fb16a1d4ab8","tunisieannonce","3250.0","90.0","","Sidi Bou Ali","TUNIS","north","Sale","Land","2026-04-02T08:46:08.881675","new","","","70"
"4452","tunisieannonce_80c799c735fd","tunisieannonce","680.0","60.0","2","Ain Zaghouan","TUNIS","north","Rent","Villa","2026-04-02T09:26:28.076057","new","","","90"
"4453","tunisieannonce_817dfcfbc2d7","tunisieannonce","380000.0","150.0","4","El Menzah 5","TUNIS","north","Sale","Villa","2026-04-02T09:07:20.731277","new","","","95"
"4454","tunisieannonce_816be171d360","tunisieannonce","2900.0","180.0","2","Jardins De Carthage","TUNIS","north","Rent","Apartment","2026-04-01T22:20:30.565426","new","","","60"
"4455","tunisieannonce_81d279a00d73","tunisieannonce","950.0","200.0","2","Kelibia","TUNIS","north","Rent","Villa","2026-04-01T20:55:47.213581","new","","","90"
"4456","tunisieannonce_822a15f7a6c6","tunisieannonce","7000.0","300.0","1","Berge Du Lac","TUNIS","north","Rent","Commercial","2026-04-01T22:26:02.920114","new","","","90"
"4457","tunisieannonce_83257c9dd49c","tunisieannonce","1850.0","150.0","2","La Soukra","TUNIS","north","Rent","Apartment","2026-04-01T21:49:44.757310","new","","","90"
"4458","tunisieannonce_83613355b3d4","tunisieannonce","900.0","85.0","2","Ezzahra","TUNIS","north","Rent","Other","2026-04-01T20:58:55.283918","new","","","90"
"4459","tunisieannonce_849b836f1cc5","tunisieannonce","600000.0","444.0","3","Ezzahra","TUNIS","north","Sale","Land","2026-04-02T09:48:56.116388","new","","","100"
"4460","tunisieannonce_8515bff1c3c4","tunisieannonce","3700.0","400.0","2","Gammart","TUNIS","north","Rent","Villa","2026-04-01T22:20:54.416097","new","","","90"
"4461","tunisieannonce_85313dc902ee","tunisieannonce","285000.0","44.0","4","Ain Zaghouan","TUNIS","north","Sale","Commercial","2026-04-01T23:00:59.986561","new","","","80"
"4462","tunisieannonce_8546e79d524b","tunisieannonce","350000.0","","","El Aroussa","TUNIS","north","Sale","Land","2026-04-01T21:04:26.354004","new","","","75"
"4463","tunisieannonce_85203899d2ba","tunisieannonce","700.0","70.0","1","Ain Zaghouan","TUNIS","north","Rent","Commercial","2026-04-02T08:55:56.727942","new","","","90"
"4464","tunisieannonce_85a94198be85","tunisieannonce","900.0","90.0","2","El Menzah 7","TUNIS","north","Rent","Apartment","2026-04-02T09:00:58.426404","new","","","85"
"4465","tunisieannonce_859dd19be4f3","tunisieannonce","7000.0","550.0","4","Gammart","TUNIS","north","Rent","Villa","2026-04-01T21:08:30.340756","new","","","90"
"4466","tunisieannonce_861772258b9e","tunisieannonce","1250.0","2026.0","2","Hammamet","TUNIS","north","Rent","Villa","2026-04-01T21:36:20.152250","new","","","80"
"4467","tunisieannonce_86e3cb5ddd19","tunisieannonce","100000.0","95.0","1","Takelsa","TUNIS","north","Sale","Land","2026-04-02T09:49:44.813888","new","","","95"
"4468","tunisieannonce_864fe7ac01c0","tunisieannonce","500.0","","3","Oued Ellil","TUNIS","north","Rent","Apartment","2026-04-01T21:11:43.633343","new","","","80"
"4469","tunisieannonce_87330f525e0a","tunisieannonce","5500.0","80.0","","Berge Du Lac","TUNIS","north","Sale","Commercial","2026-04-01T22:24:02.975564","new","","","80"
"4470","tunisieannonce_88093a67568f","tunisieannonce","2000.0","","","Mejez El Bab","TUNIS","north","Sale","Land","2026-04-01T22:01:46.207161","new","","","55"
"4471","tunisieannonce_88e516c4a18b","tunisieannonce","6500.0","","3","Gammart","TUNIS","north","Rent","Villa","2026-04-02T09:00:48.618020","new","","","85"
"4472","tunisieannonce_89bf7c780375","tunisieannonce","850.0","100.0","2","Residence Type","TUNIS","north","Rent","Apartment","2026-04-01T21:00:37.104662","new","","","85"
"4473","tunisieannonce_898c3c8189af","tunisieannonce","270000.0","300.0","","Bou Mhel","TUNIS","north","Sale","Land","2026-04-02T09:51:45.611017","new","","","85"
"4474","tunisieannonce_89cac1f25bd5","tunisieannonce","6500.0","500.0","5","Salambo","TUNIS","north","Rent","Villa","2026-04-01T22:21:12.556843","new","","","90"
"4475","tunisieannonce_8a45f7645162","tunisieannonce","190000.0","350.0","","Mnihla","TUNIS","north","Sale","Commercial","2026-04-01T22:32:25.262892","new","","","90"
"4476","tunisieannonce_8ae134bc6106","tunisieannonce","380000.0","45.0","3","Merkez Chihya","TUNIS","north","Sale","Other","2026-04-02T09:46:15.626561","new","","","80"
"4477","tunisieannonce_8a5ca8028c2c","tunisieannonce","400000.0","100.0","2","El Menzah 6","TUNIS","north","Sale","Commercial","2026-04-01T22:56:17.554771","new","","","100"
"4478","tunisieannonce_8ae77316d3e7","tunisieannonce","320000.0","","","El Ksibi","TUNIS","north","Sale","Land","2026-04-01T22:43:19.473439","new","","","75"
"4479","tunisieannonce_8a0db430c52f","tunisieannonce","240.0","75.0","3","Chatt Meriem","TUNIS","north","Rent","Villa","2026-04-02T09:04:48.664741","price_up","40.0","20.0","90"
"4480","tunisieannonce_8c76ec7e9c5b","tunisieannonce","2600.0","108.0","3","Berge Du Lac","TUNIS","north","Rent","Commercial","2026-04-02T08:24:50.296841","new","","","90"
"4481","tunisieannonce_8cb1891a2309","tunisieannonce","300000.0","370.0","","Mnihla","TUNIS","north","Sale","Land","2026-04-02T09:44:11.490799","new","","","85"
"4482","tunisieannonce_8ccfd5708583","tunisieannonce","700.0","50.0","2","Cite Essaada (Riadh Andalous)","TUNIS","north","Rent","Villa","2026-04-02T09:51:33.621537","new","","","90"
"4483","tunisieannonce_8dbe5220ae12","tunisieannonce","150000.0","100.0","2","Hammam Lif","TUNIS","north","Sale","Land","2026-04-01T22:29:02.582918","new","","","100"
"4484","tunisieannonce_8ea448746671","tunisieannonce","4900.0","65.0","","Jardins De Carthage","TUNIS","north","Sale","Commercial","2026-04-02T08:41:41.966386","new","","","70"
"4485","tunisieannonce_8e700834de77","tunisieannonce","1207.0","671.0","","Nouvelle Ariana","TUNIS","north","Sale","Land","2026-04-01T21:16:46.218838","new","","","70"
"4486","tunisieannonce_9011524dfd50","tunisieannonce","1500.0","170.0","3","El Aouina","TUNIS","north","Rent","Villa","2026-04-01T22:07:26.955263","new","","","90"
"4487","tunisieannonce_9161b7fb8933","tunisieannonce","650.0","","1","Borj Louzir","TUNIS","north","Rent","Apartment","2026-04-01T21:23:41.277903","new","","","85"
"4488","tunisieannonce_91975d0559a8","tunisieannonce","329550.0","535.0","","Kalaa El Kebira","TUNIS","north","Sale","Land","2026-04-02T08:46:21.002767","new","","","90"
"4489","tunisieannonce_91b6757e8d50","tunisieannonce","101010.0","614.0","","Hammamet","TUNIS","north","Sale","Land","2026-04-01T21:53:21.427213","new","","","90"
"4490","tunisieannonce_918f79289c5d","tunisieannonce","350000.0","350.0","","Cite Jaouhara","TUNIS","north","Sale","Villa","2026-04-01T22:17:59.520112","new","","","90"
"4491","tunisieannonce_91ccd4bbc38a","tunisieannonce","840000.0","840.0","","Cite Ennasr 2","TUNIS","north","Sale","Land","2026-04-01T22:58:39.839404","new","","","90"
"4492","tunisieannonce_93281af11bc3","tunisieannonce","1200.0","70.0","2","Rades","TUNIS","north","Rent","Commercial","2026-04-01T22:29:12.871405","new","","","85"
"4493","tunisieannonce_95690480fe5b","tunisieannonce","700.0","","3","Oued Ellil","TUNIS","north","Rent","Other","2026-04-01T22:25:33.222089","new","","","85"
"4494","tunisieannonce_94f504e48f71","tunisieannonce","750000.0","600.0","","Borj Youssef","TUNIS","north","Sale","Land","2026-04-02T09:39:32.867870","new","","","90"
"4495","tunisieannonce_956ee6e52f69","tunisieannonce","1700.0","90.0","2","El Kantaoui","TUNIS","north","Rent","Apartment","2026-04-01T22:27:53.870669","new","","","90"
"4496","tunisieannonce_95a66afec265","tunisieannonce","392000.0","113.0","1","El Kantaoui","TUNIS","north","Sale","Apartment","2026-04-01T21:45:47.041359","new","","","100"
"4497","tunisieannonce_965766297491","tunisieannonce","350.0","42.0","3","El Kantaoui","TUNIS","north","Rent","Villa","2026-04-01T20:54:40.729102","new","","","90"
"4498","tunisieannonce_962fcf8ba4b3","tunisieannonce","1100.0","2026.0","2","Hammamet","TUNIS","north","Rent","Villa","2026-04-02T08:24:41.220790","new","","","80"
"4499","tunisieannonce_967614d9a485","tunisieannonce","1600.0","430.0","3","Cite Sahloul","TUNIS","north","Sale","Land","2026-04-01T22:51:01.324894","new","","","80"
"4500","tunisieannonce_96e5c4495c4c","tunisieannonce","16000.0","50.0","4","Berge Du Lac","TUNIS","north","Sale","Commercial","2026-04-02T09:12:51.748585","new","","","100"
"4501","tunisieannonce_98a05e04e781","tunisieannonce","4500.0","270.0","8","El Menzah 6","TUNIS","north","Sale","Commercial","2026-04-01T21:52:30.073756","new","","","80"
"4502","tunisieannonce_99b3a885a5e7","tunisieannonce","4300.0","350.0","3","Marsa Ennassim","TUNIS","north","Rent","Villa","2026-04-01T21:30:32.666157","new","","","90"
"4503","tunisieannonce_997b69288e6e","tunisieannonce","1350.0","60.0","1","Ain Zaghouan","TUNIS","north","Rent","Apartment","2026-04-02T09:06:20.060805","new","","","90"
"4504","tunisieannonce_999e0dc955eb","tunisieannonce","165000.0","70.0","3","Hammamet","TUNIS","north","Sale","Apartment","2026-04-01T21:58:54.918414","new","","","100"
"4505","tunisieannonce_99b3b37fb907","tunisieannonce","750000.0","250.0","3","Hammamet","TUNIS","north","Sale","Land","2026-04-01T21:53:08.806396","new","","","100"
"4506","tunisieannonce_9a1513cde85a","tunisieannonce","500000.0","146.0","3","Sousse Khezama","TUNIS","north","Sale","Commercial","2026-04-02T08:29:00.902644","new","","","80"
"4507","tunisieannonce_9d7b5144de6f","tunisieannonce","450.0","60.0","2","Kairouan Sud","TUNIS","north","Rent","Apartment","2026-04-02T08:33:58.120862","new","","","90"
"4508","tunisieannonce_9d6eb25426b4","tunisieannonce","8500.0","350.0","","Berge Du Lac","TUNIS","north","Sale","Commercial","2026-04-01T22:28:28.445651","new","","","70"
"4509","tunisieannonce_9c674a2196a5","tunisieannonce","2600.0","120.0","2","Berge Du Lac","TUNIS","north","Rent","Villa","2026-04-01T21:08:42.406119","new","","","90"
"4510","tunisieannonce_9df6a1cb6837","tunisieannonce","322800.0","269.0","","Chatt Meriem","TUNIS","north","Sale","Land","2026-04-01T22:11:48.512594","new","","","90"
"4511","tunisieannonce_9dd96d885459","tunisieannonce","25850.0","410.0","3","Le Kram","TUNIS","north","Sale","Commercial","2026-04-01T22:38:33.401685","new","","","90"
"4512","tunisieannonce_a038d6725d95","tunisieannonce","1100.0","120.0","","Bab Bhar","TUNIS","north","Sale","Commercial","2026-04-02T09:17:06.138373","new","","","65"
"4513","tunisieannonce_a08bc3b9de9a","tunisieannonce","1000.0","50.0","2","Borj Louzir","TUNIS","north","Rent","Other","2026-04-02T09:23:12.005324","new","","","85"
"4514","tunisieannonce_a045bc36a251","tunisieannonce","1000.0","2026.0","2","Hammamet","TUNIS","north","Rent","Villa","2026-04-01T22:47:27.629909","new","","","80"
"4515","tunisieannonce_9fcc54f9406d","tunisieannonce","6500.0","","3","Berge Du Lac","TUNIS","north","Rent","Villa","2026-04-02T09:02:08.424572","new","","","85"
"4516","tunisieannonce_a226264e52b5","tunisieannonce","1400.0","35.0","2","Charguia 2","TUNIS","north","Rent","Commercial","2026-04-02T09:23:04.363250","new","","","70"
"4517","tunisieannonce_a1ee30f7a7db","tunisieannonce","115000.0","","","Mejez El Bab","TUNIS","north","Sale","Land","2026-04-02T09:44:19.802735","new","","","70"
"4518","tunisieannonce_a1a2d8f28267","tunisieannonce","220000.0","74.0","2","La Soukra","TUNIS","north","Sale","Commercial","2026-04-01T21:15:37.467820","new","","","100"
"4519","tunisieannonce_a2e15b3bb831","tunisieannonce","1100.0","2026.0","2","Cite Ennasr 2","TUNIS","north","Rent","Apartment","2026-04-01T21:53:48.163064","new","","","80"
"4520","tunisieannonce_a31247f8ce76","tunisieannonce","2800.0","150.0","2","Ain Zaghouan","TUNIS","north","Rent","Apartment","2026-04-01T22:45:57.338711","new","","","90"
"4521","tunisieannonce_a452a0d2bbd0","tunisieannonce","415000.0","151.0","3","Riadh Landlous","TUNIS","north","Sale","Apartment","2026-04-01T20:50:09.575449","new","","","100"
"4522","tunisieannonce_a330797fc8d3","tunisieannonce","470000.0","","2","Menzel Bouzelfa","TUNIS","north","Sale","Land","2026-04-01T22:22:13.397366","new","","","85"
"4523","tunisieannonce_a50a1757a9d5","tunisieannonce","170000.0","50.0","4","Bab Bhar","TUNIS","north","Sale","Apartment","2026-04-02T09:16:18.366706","new","","","95"
"4524","tunisieannonce_a5954dca440b","tunisieannonce","900.0","","2","Ain Zaghouan","TUNIS","north","Rent","Apartment","2026-04-01T22:45:47.695988","new","","","85"
"4525","tunisieannonce_a530ad5f7a1d","tunisieannonce","750.0","70.0","1","Riadh Landlous","TUNIS","north","Rent","Villa","2026-04-01T22:22:48.029184","new","","","90"
"4526","tunisieannonce_a4d717482c57","tunisieannonce","1600.0","125.0","2","Cite Ennasr 2","TUNIS","north","Rent","Apartment","2026-04-02T09:34:19.734997","new","","","90"
"4527","tunisieannonce_a5b4dcf41ba8","tunisieannonce","5000.0","","3","Gammart","TUNIS","north","Rent","Villa","2026-04-02T08:59:58.755745","new","","","85"
"4528","tunisieannonce_a65e2099ce06","tunisieannonce","450.0","70.0","3","Nouvelle Medina","TUNIS","north","Rent","Apartment","2026-04-01T22:36:09.940625","new","","","85"
"4529","tunisieannonce_a66e5b721abc","tunisieannonce","820000.0","500.0","","Sidi Hmed","TUNIS","north","Sale","Land","2026-04-01T21:53:34.545845","new","","","90"
"4530","tunisieannonce_a59de41e91d3","tunisieannonce","235400.0","70.0","","Hergla","TUNIS","north","Sale","Land","2026-04-02T08:56:57.814594","new","","","90"
"4531","tunisieannonce_a858f4e89e3e","tunisieannonce","1800.0","100.0","2","Jardins De Carthage","TUNIS","north","Rent","Apartment","2026-04-01T22:52:22.590237","new","","","60"
"4532","tunisieannonce_a9d7b39d537e","tunisieannonce","400000.0","","3","Kalaa El Kebira","TUNIS","north","Sale","Land","2026-04-02T08:59:06.317595","new","","","85"
"4533","tunisieannonce_a986774116b8","tunisieannonce","500.0","60.0","1","Ezzahra","TUNIS","north","Rent","Apartment","2026-04-01T21:47:36.330534","new","","","85"
"4534","tunisieannonce_a91a3298af52","tunisieannonce","6000.0","600.0","4","Gammart","TUNIS","north","Rent","Villa","2026-04-01T21:29:48.021393","new","","","90"
"4535","tunisieannonce_aa8a14214fb3","tunisieannonce","950.0","90.0","4","Sidi Daoud","TUNIS","north","Rent","Villa","2026-04-01T20:56:38.815483","new","","","90"
"4536","tunisieannonce_aaa30730fa00","tunisieannonce","2500.0","140.0","5","Zone Urbaine Nord","TUNIS","north","Sale","Commercial","2026-04-01T21:32:26.783676","new","","","80"
"4537","tunisieannonce_aae437c55f11","tunisieannonce","1020.0","680.0","3","Megrine","TUNIS","north","Sale","Land","2026-04-01T22:42:20.579121","new","","","75"
"4538","tunisieannonce_aab3822e8c1c","tunisieannonce","38250.0","425.0","","Ennagr","TUNIS","north","Sale","Land","2026-04-01T21:23:08.065037","new","","","80"
"4539","tunisieannonce_ab70814c8177","tunisieannonce","4750.0","612.0","","Bab El Jazira","TUNIS","north","Sale","Land","2026-04-01T22:43:53.792201","new","","","70"
"4540","tunisieannonce_acd42ac8ab18","tunisieannonce","680000.0","650.0","","Jardins D'El Menzah","TUNIS","north","Sale","Land","2026-04-01T22:55:05.190164","new","","","90"
"4541","tunisieannonce_ad28bf220b34","tunisieannonce","7000.0","550.0","5","Gammart","TUNIS","north","Rent","Villa","2026-04-01T21:28:28.845321","new","","","90"
"4542","tunisieannonce_ae0f81f4a8b5","tunisieannonce","220000.0","130.0","3","Borj Louzir","TUNIS","north","Sale","Commercial","2026-04-02T09:20:25.614562","new","","","100"
"4543","tunisieannonce_af966db0bf46","tunisieannonce","599000.0","550.0","2","Hammamet","TUNIS","north","Sale","Villa","2026-04-02T08:27:35.570954","new","","","100"
"4544","tunisieannonce_afbc3ccb856d","tunisieannonce","6500.0","500.0","4","El Menzah 4","TUNIS","north","Rent","Land","2026-04-01T22:58:06.366328","new","","","90"
"4545","tunisieannonce_af42611dc701","tunisieannonce","1200.0","417.0","1","Chatt Meriem","TUNIS","north","Sale","Land","2026-04-02T08:45:57.176940","new","","","80"
"4546","tunisieannonce_b0c5eaa17aa3","tunisieannonce","800.0","100.0","2","Bou Mhel","TUNIS","north","Rent","Villa","2026-04-01T21:34:08.262001","new","","","90"
"4547","tunisieannonce_b104314f1e43","tunisieannonce","780000.0","500.0","3","Hammamet","TUNIS","north","Sale","Villa","2026-04-02T08:25:55.700425","new","","","100"
"4548","tunisieannonce_b15d3b866a82","tunisieannonce","1200.0","100.0","1","Cite Ennasr 2","TUNIS","north","Rent","Villa","2026-04-01T21:58:31.269069","new","","","90"
"4549","tunisieannonce_b2611112ecb7","tunisieannonce","400.0","150.0","3","Chatt Meriem","TUNIS","north","Rent","Villa","2026-04-02T09:04:21.158865","price_up","100.0","33.33","90"
"4550","tunisieannonce_b1f0251e727d","tunisieannonce","1300.0","2026.0","2","Hammamet","TUNIS","north","Rent","Villa","2026-04-02T08:28:37.483598","new","","","80"
"4551","tunisieannonce_b2406f6c4f2e","tunisieannonce","1100.0","100.0","2","Khezama Ouest","TUNIS","north","Rent","Other","2026-04-02T09:40:45.080908","new","","","90"
"4552","tunisieannonce_b38b463f8f1e","tunisieannonce","1200.0","75.0","2","La Soukra","TUNIS","north","Rent","Apartment","2026-04-02T08:33:40.577341","new","","","90"
"4553","tunisieannonce_b3254aedc9ac","tunisieannonce","1100.0","105.0","","Cite Ennasr 2","TUNIS","north","Rent","Apartment","2026-04-01T21:00:24.679839","new","","","80"
"4554","tunisieannonce_b44866176e1c","tunisieannonce","1750.0","100.0","3","Cite Ennasr 2","TUNIS","north","Rent","Apartment","2026-04-01T21:30:20.084497","new","","","90"
"4555","tunisieannonce_b4838e34110b","tunisieannonce","1450.0","133.0","3","El Menzah 7","TUNIS","north","Rent","Apartment","2026-04-02T09:06:59.930699","new","","","85"
"4556","tunisieannonce_b486612efec4","tunisieannonce","2000.0","869.0","4","Sousse Riadh","TUNIS","north","Sale","Land","2026-04-01T22:27:14.407088","new","","","80"
"4557","tunisieannonce_b4ec04f7c9c7","tunisieannonce","1420.0","110.0","2","Cite Ennasr 2","TUNIS","north","Rent","Apartment","2026-04-01T21:31:19.630555","new","","","90"
"4558","tunisieannonce_b6128969994a","tunisieannonce","6000.0","250.0","2","Marsa Ennassim","TUNIS","north","Rent","Villa","2026-04-01T21:57:02.391939","new","","","90"
"4559","tunisieannonce_b62139de86f2","tunisieannonce","1800.0","400.0","3","Riadh Landlous","TUNIS","north","Sale","Land","2026-04-01T22:35:51.512247","new","","","80"
"4560","tunisieannonce_b642204fae10","tunisieannonce","1000.0","566.0","2","Hammamet","TUNIS","north","Rent","Villa","2026-04-01T21:22:36.398176","new","","","90"
"4561","tunisieannonce_b6811306383f","tunisieannonce","280000.0","88.0","2","El Kantaoui","TUNIS","north","Sale","Apartment","2026-04-01T22:05:18.943662","new","","","100"
"4562","tunisieannonce_b70f2718f1bd","tunisieannonce","370.0","80.0","1","Soliman","TUNIS","north","Rent","Apartment","2026-04-01T21:16:57.145253","new","","","90"
"4563","tunisieannonce_b84cb4c3f4fb","tunisieannonce","1800.0","75.0","1","Sidi Daoud","TUNIS","north","Rent","Apartment","2026-04-01T21:19:55.811222","new","","","90"
"4564","tunisieannonce_b81b9d8c8ba6","tunisieannonce","1200.0","100.0","2","Ain Zaghouan","TUNIS","north","Rent","Apartment","2026-04-01T22:18:59.161759","new","","","90"
"4565","tunisieannonce_b93550753cf2","tunisieannonce","150.0","100.0","2","Chatt Meriem","TUNIS","north","Rent","Other","2026-04-02T09:23:48.449006","new","","","90"
"4566","tunisieannonce_ba24549afa8f","tunisieannonce","750.0","80.0","2","Le Bardo","TUNIS","north","Rent","Apartment","2026-04-01T20:51:57.270514","new","","","90"
"4567","tunisieannonce_bb4f5c97bedb","tunisieannonce","420.0","60.0","2","Ben Arous","TUNIS","north","Rent","Apartment","2026-04-01T21:44:38.726915","new","","","85"
"4568","tunisieannonce_bb9613b25b67","tunisieannonce","795000.0","150.0","3","Jardins De Carthage","TUNIS","north","Sale","Villa","2026-04-01T21:19:24.914325","new","","","100"
"4569","tunisieannonce_bcb8642adfb8","tunisieannonce","154000.0","45.0","4","Zone Urbaine Nord","TUNIS","north","Sale","Commercial","2026-04-01T22:31:32.309849","new","","","100"
"4570","tunisieannonce_bcf2660d1d76","tunisieannonce","480.0","70.0","2","Rades","TUNIS","north","Rent","Apartment","2026-04-02T09:10:54.545735","new","","","85"
"4571","tunisieannonce_bd880a7b7baa","tunisieannonce","850.0","2026.0","1","Riadh Landlous","TUNIS","north","Rent","Apartment","2026-04-01T21:45:07.253104","new","","","80"
"4572","tunisieannonce_bde64b05195c","tunisieannonce","2100.0","200.0","3","El Menzah 6","TUNIS","north","Rent","Apartment","2026-04-01T21:20:37.081125","new","","","90"
"4573","tunisieannonce_bfd06f1a9049","tunisieannonce","306000.0","361.0","","Bou Mhel","TUNIS","north","Sale","Land","2026-04-02T08:59:35.615801","new","","","90"
"4574","tunisieannonce_bf6e4f628475","tunisieannonce","3000.0","200.0","4","Marsa Ennassim","TUNIS","north","Rent","Apartment","2026-04-01T21:57:43.033491","new","","","90"
"4575","tunisieannonce_bf40234cdae0","tunisieannonce","1900.0","130.0","3","Marsa Ennassim","TUNIS","north","Rent","Other","2026-04-01T21:56:22.373965","new","","","90"
"4576","tunisieannonce_bed97384fc98","tunisieannonce","1500.0","","2","Jardins De Carthage","TUNIS","north","Rent","Apartment","2026-04-01T20:57:16.960943","new","","","55"
"4577","tunisieannonce_bf62490bab22","tunisieannonce","1800.0","124.0","3","Sidi Daoud","TUNIS","north","Rent","Villa","2026-04-01T21:20:24.140926","new","","","90"
"4578","tunisieannonce_c0431e9fbefe","tunisieannonce","30000.0","350.0","","El Aouina","TUNIS","north","Sale","Other","2026-04-01T22:28:50.903790","new","","","80"
"4579","tunisieannonce_c1b4cec19f80","tunisieannonce","730.0","100.0","2","Cite Ennouzha","TUNIS","north","Rent","Apartment","2026-04-02T09:26:43.755780","new","","","90"
"4580","tunisieannonce_c163b33fca04","tunisieannonce","450000.0","270.0","3","Moknine","TUNIS","north","Sale","Villa","2026-04-01T22:43:30.257255","new","","","100"
"4581","tunisieannonce_c32234da694e","tunisieannonce","165000.0","88.0","2","Hammam Sousse","TUNIS","north","Sale","Apartment","2026-04-01T22:18:23.301955","new","","","100"
"4582","tunisieannonce_c32addb218b6","tunisieannonce","121600.0","304.0","","Akouda","TUNIS","north","Sale","Land","2026-04-01T22:46:41.200229","new","","","90"
"4583","tunisieannonce_c5cd980e85af","tunisieannonce","1800.0","65.0","3","Bab Bhar","TUNIS","north","Rent","Commercial","2026-04-01T21:27:44.169397","new","","","90"
"4584","tunisieannonce_c6c4a612ad06","tunisieannonce","760000.0","2000.0","","Borj Youssef","TUNIS","north","Sale","Land","2026-04-01T21:03:10.401197","new","","","90"
"4585","tunisieannonce_c704b4986809","tunisieannonce","3000.0","120.0","1","Berge Du Lac","TUNIS","north","Rent","Apartment","2026-04-01T22:25:42.073814","new","","","90"
"4586","tunisieannonce_c70d943ec3d5","tunisieannonce","800.0","120.0","5","El Mourouj","TUNIS","north","Rent","Villa","2026-04-01T22:06:39.468164","new","","","85"
"4587","tunisieannonce_c8c34db22f52","tunisieannonce","180000.0","170.0","","Hammamet","TUNIS","north","Sale","Land","2026-04-01T22:05:59.862025","new","","","90"
"4588","tunisieannonce_c8f5ce0aad1f","tunisieannonce","164520.0","914.0","","Jabbes","TUNIS","north","Sale","Land","2026-04-01T22:09:17.895904","new","","","85"
"4589","tunisieannonce_c9212afed157","tunisieannonce","650.0","70.0","1","El Mourouj","TUNIS","north","Rent","Apartment","2026-04-02T09:48:47.070109","new","","","85"
"4590","tunisieannonce_c9982fea1b30","tunisieannonce","2800.0","150.0","1","Berge Du Lac","TUNIS","north","Rent","Villa","2026-04-01T22:08:53.973646","new","","","90"
"4591","tunisieannonce_ca597a4f2e87","tunisieannonce","9000.0","","2","Jardins De Carthage","TUNIS","north","Rent","Villa","2026-04-02T09:01:10.771712","new","","","85"
"4592","tunisieannonce_ca5842042a5b","tunisieannonce","115000.0","70.0","2","Rades","TUNIS","north","Sale","Villa","2026-04-02T09:52:25.340471","new","","","95"
"4593","tunisieannonce_cb4e743d784f","tunisieannonce","3800.0","250.0","5","Marsa Safsaf","TUNIS","north","Rent","Apartment","2026-04-01T21:29:27.091360","new","","","90"
"4594","tunisieannonce_cca84071882d","tunisieannonce","80000.0","22.0","3","Tunis Belvedere","TUNIS","north","Sale","Other","2026-04-01T22:36:18.832037","new","","","100"
"4595","tunisieannonce_cce26098f218","tunisieannonce","7000.0","900.0","2","Gammart","TUNIS","north","Rent","Land","2026-04-01T22:09:07.461362","new","","","90"
"4596","tunisieannonce_cc5b9822c8c7","tunisieannonce","6750.0","","","Mejez El Bab","TUNIS","north","Sale","Land","2026-04-01T20:59:47.410630","new","","","70"
"4597","tunisieannonce_cde49c11b916","tunisieannonce","1900.0","120.0","2","Jardins De Carthage","TUNIS","north","Rent","Apartment","2026-04-01T22:21:23.610395","new","","","90"
"4598","tunisieannonce_cd811699453f","tunisieannonce","125000.0","500.0","","Chatt Meriem","TUNIS","north","Sale","Land","2026-04-01T22:04:32.750198","new","","","90"
"4599","tunisieannonce_cf2d70233d5d","tunisieannonce","1500.0","150.0","4","El Aouina","TUNIS","north","Sale","Commercial","2026-04-02T09:17:31.530640","new","","","80"
"4600","tunisieannonce_ce70805a17dd","tunisieannonce","5300.0","","3","Gammart","TUNIS","north","Rent","Commercial","2026-04-02T09:00:14.694599","new","","","85"
"4601","tunisieannonce_cfc8bce5fa5b","tunisieannonce","2000.0","120.0","5","Carthage","TUNIS","north","Rent","Villa","2026-04-01T22:43:43.859823","new","","","90"
"4602","tunisieannonce_cf584c21a69e","tunisieannonce","255000.0","81.0","2","Chouchet Rades","TUNIS","north","Sale","Apartment","2026-04-01T21:16:35.613957","new","","","100"
"4603","tunisieannonce_d0b6abc66c02","tunisieannonce","7332.0","","","Cite Ennasr 2","TUNIS","north","Sale","Land","2026-04-01T22:33:06.364556","new","","","75"
"4604","tunisieannonce_d14dc9623bd9","tunisieannonce","1450.0","2026.0","3","Cite Ennasr 2","TUNIS","north","Rent","Apartment","2026-04-01T21:42:35.792093","new","","","80"
"4605","tunisieannonce_d1297cf1a24c","tunisieannonce","9000.0","800.0","1","Zone Hoteliere","TUNIS","north","Rent","Villa","2026-04-02T09:52:48.996457","new","","","90"
"4606","tunisieannonce_d1ae283d6ea3","tunisieannonce","2500.0","130.0","2","Jardins De Carthage","TUNIS","north","Rent","Apartment","2026-04-01T20:57:32.643223","new","","","60"
"4607","tunisieannonce_d309dc69cec0","tunisieannonce","100000.0","211.0","","Chatt Meriem","TUNIS","north","Sale","Land","2026-04-01T22:17:48.892394","new","","","90"
"4608","tunisieannonce_d2ae34950763","tunisieannonce","500.0","100.0","2","Khaznadar","TUNIS","north","Rent","Apartment","2026-04-01T21:36:47.438217","new","","","90"
"4609","tunisieannonce_d3d1a35487fe","tunisieannonce","4375.0","150.0","","Berge Du Lac","TUNIS","north","Sale","Commercial","2026-04-02T08:20:10.733853","new","","","70"
"4610","tunisieannonce_d41a262f02a2","tunisieannonce","835000.0","810.0","2","Chotrana 1","TUNIS","north","Sale","Land","2026-04-01T21:19:37.540754","new","","","100"
"4611","tunisieannonce_d5904fde4f46","tunisieannonce","547000.0","365.0","","El Menzah 9","TUNIS","north","Sale","Land","2026-04-01T22:38:11.447987","new","","","90"
"4612","tunisieannonce_d4666176a974","tunisieannonce","800.0","95.0","3","Bab El Jazira","TUNIS","north","Rent","Villa","2026-04-01T22:19:52.351648","new","","","85"
"4613","tunisieannonce_d66152602b4c","tunisieannonce","5000.0","500.0","3","Marsa Ennassim","TUNIS","north","Rent","Villa","2026-04-01T21:29:02.003174","new","","","90"
"4614","tunisieannonce_d70f7f1e15ca","tunisieannonce","78250.0","354.0","","Berge Du Lac","TUNIS","north","Sale","Commercial","2026-04-02T08:19:30.625980","new","","","90"
"4615","tunisieannonce_d7f1b500cdae","tunisieannonce","135000.0","80.0","2","Village Mediterranee","TUNIS","north","Sale","Apartment","2026-04-02T09:52:15.877464","new","","","95"
"4616","tunisieannonce_d7cbb482f5ea","tunisieannonce","3500.0","200.0","1","La Soukra","TUNIS","north","Rent","Villa","2026-04-01T20:56:50.060487","new","","","90"
"4617","tunisieannonce_d7ed8783ecbe","tunisieannonce","3000.0","1000.0","1","El Kantaoui","TUNIS","north","Sale","Land","2026-04-01T21:54:07.898146","new","","","80"
"4618","tunisieannonce_d89cd5b5007d","tunisieannonce","5000.0","260.0","2","Hammamet","TUNIS","north","Rent","Villa","2026-04-01T21:07:21.967724","new","","","90"
"4619","tunisieannonce_d81cd9dfdf75","tunisieannonce","636000.0","684.0","","Ariana","TUNIS","north","Sale","Land","2026-04-01T22:34:21.979045","new","","","90"
"4620","tunisieannonce_d87639cb1be8","tunisieannonce","15000.0","","","Mejez El Bab","TUNIS","north","Sale","Land","2026-04-01T20:50:43.476814","new","","","70"
"4621","tunisieannonce_d82f1a97da72","tunisieannonce","870000.0","2026.0","","Hammamet","TUNIS","north","Sale","Villa","2026-04-02T08:48:12.738671","new","","","90"
"4622","tunisieannonce_d83ea51c8d09","tunisieannonce","164700.0","353.0","","Chatt Meriem","TUNIS","north","Sale","Land","2026-04-01T22:50:31.097089","new","","","90"
"4623","tunisieannonce_d8d3f2b412ab","tunisieannonce","738500.0","211.0","","Borj Touil","TUNIS","north","Sale","Land","2026-04-01T22:09:50.508264","new","","","85"
"4624","tunisieannonce_da2b07839c8c","tunisieannonce","1000.0","200.0","4","Borj Touil","TUNIS","north","Rent","Villa","2026-04-02T09:13:49.015457","new","","","90"
"4625","tunisieannonce_da5288e146f7","tunisieannonce","1900.0","160.0","3","Cite Ennasr 2","TUNIS","north","Rent","Apartment","2026-04-01T22:10:35.698397","new","","","90"
"4626","tunisieannonce_dbbe6933dcb4","tunisieannonce","4000.0","250.0","2","Charguia 2","TUNIS","north","Rent","Other","2026-04-02T09:23:40.652099","new","","","85"
"4627","tunisieannonce_dbe7f384c87a","tunisieannonce","1600.0","120.0","2","Zone Urbaine Nord","TUNIS","north","Rent","Apartment","2026-04-01T22:13:23.093014","new","","","90"
"4628","tunisieannonce_dde374b82344","tunisieannonce","90000.0","905.0","","Chatt Meriem","TUNIS","north","Sale","Land","2026-04-01T22:34:12.860164","new","","","80"
"4629","tunisieannonce_de29fa30e289","tunisieannonce","1891.0","609.0","","Cite Jardins","TUNIS","north","Sale","Land","2026-04-01T22:28:04.867974","new","","","70"
"4630","tunisieannonce_de0b414db052","tunisieannonce","400000.0","","","Bou Arada","TUNIS","north","Sale","Land","2026-04-02T09:44:32.279544","new","","","70"
"4631","tunisieannonce_e18f9e150e22","tunisieannonce","250.0","2026.0","1","Hammamet","TUNIS","north","Rent","Apartment","2026-04-02T08:34:16.377571","new","","","80"
"4632","tunisieannonce_e1674e039c5c","tunisieannonce","4000.0","200.0","1","Chotrana 1","TUNIS","north","Rent","Villa","2026-04-01T21:08:16.748638","new","","","90"
"4633","tunisieannonce_e24c775a4e42","tunisieannonce","1300.0","","3","Berge Du Lac","TUNIS","north","Sale","Apartment","2026-04-02T09:02:18.041689","new","","","65"
"4634","tunisieannonce_e3b4e621074e","tunisieannonce","227600.0","569.0","","Chatt Meriem","TUNIS","north","Sale","Land","2026-04-02T08:42:01.207423","new","","","90"
"4635","tunisieannonce_e3d278e74558","tunisieannonce","1500.0","65.0","4","Cite El Ouns","TUNIS","north","Rent","Commercial","2026-04-01T20:53:55.818041","new","","","90"
"4636","tunisieannonce_e307d451eeb5","tunisieannonce","250000.0","129.0","2","Hammam Chatt","TUNIS","north","Sale","Apartment","2026-04-02T09:13:28.288410","new","","","100"
"4637","tunisieannonce_e5600eb695dd","tunisieannonce","469000.0","335.0","","Cite Sahloul","TUNIS","north","Sale","Land","2026-04-01T22:21:59.521123","new","","","90"
"4638","tunisieannonce_e553314d3395","tunisieannonce","300000.0","150.0","4","Cite De La Sante","TUNIS","north","Sale","Villa","2026-04-01T22:31:58.043236","new","","","100"
"4639","tunisieannonce_e509a468ab82","tunisieannonce","1050.0","170.0","1","Ain Zaghouan","TUNIS","north","Rent","Commercial","2026-04-02T08:59:25.737653","new","","","90"
"4640","tunisieannonce_e4d7665c42bd","tunisieannonce","1000.0","200.0","","Ezzahra","TUNIS","north","Sale","Land","2026-04-02T06:57:15.289252","new","","","70"
"4641","tunisieannonce_e59203957fd6","tunisieannonce","45000.0","11.0","3","El Menzah 9","TUNIS","north","Sale","Other","2026-04-02T09:43:56.649196","new","","","100"
"4642","tunisieannonce_e5896d727484","tunisieannonce","4700.0","100.0","4","Berge Du Lac","TUNIS","north","Rent","Villa","2026-04-01T20:59:20.606951","new","","","80"
"4643","tunisieannonce_e5827ccfddd3","tunisieannonce","1000.0","","","Kerkouane","TUNIS","north","Sale","Land","2026-04-02T09:16:56.207628","new","","","55"
"4644","tunisieannonce_e70b86171d25","tunisieannonce","42000.0","420.0","","Chatt Meriem","TUNIS","north","Sale","Land","2026-04-01T21:18:34.392383","new","","","90"
"4645","tunisieannonce_e716f877cb88","tunisieannonce","4000.0","170.0","3","Gammart","TUNIS","north","Rent","Villa","2026-04-01T22:24:12.454594","new","","","90"
"4646","tunisieannonce_e84c61bee54d","tunisieannonce","500000.0","505.0","","Cite El Khalil","TUNIS","north","Sale","Land","2026-04-01T22:12:42.850048","new","","","90"
"4647","tunisieannonce_e849ba4d9e35","tunisieannonce","1000.0","","","Hammam El Ghezaz","TUNIS","north","Sale","Land","2026-04-01T21:33:51.707563","new","","","55"
"4648","tunisieannonce_e886728330ae","tunisieannonce","102650.0","400.0","","Berge Du Lac","TUNIS","north","Sale","Commercial","2026-04-01T22:59:36.435966","new","","","90"
"4649","tunisieannonce_eae1dff35db6","tunisieannonce","8000.0","300.0","3","Carthage","TUNIS","north","Rent","Villa","2026-04-01T21:27:27.369566","new","","","90"
"4650","tunisieannonce_eaac0ad2cfa5","tunisieannonce","3900.0","320.0","4","Sidi Daoud","TUNIS","north","Rent","Villa","2026-04-01T21:57:58.740794","new","","","90"
"4651","tunisieannonce_eb60ac9017c1","tunisieannonce","1251.0","250.0","1","Jardins De Carthage","TUNIS","north","Rent","Apartment","2026-04-02T09:20:01.746307","new","","","90"
"4652","tunisieannonce_ebaea63a490b","tunisieannonce","2600.0","160.0","3","Berge Du Lac","TUNIS","north","Rent","Villa","2026-04-02T08:27:12.529347","new","","","90"
"4653","tunisieannonce_ebf1a2781425","tunisieannonce","5000.0","","2","Marsa Ennassim","TUNIS","north","Rent","Villa","2026-04-01T21:44:47.070614","new","","","85"
"4654","tunisieannonce_ecb76998f479","tunisieannonce","330000.0","118.0","2","El Aouina","TUNIS","north","Sale","Commercial","2026-04-01T22:58:27.603285","new","","","100"
"4655","tunisieannonce_edf94b8f7a4c","tunisieannonce","105000.0","300.0","","Chatt Meriem","TUNIS","north","Sale","Land","2026-04-01T22:54:55.434463","new","","","90"
"4656","tunisieannonce_ee7ce7755fa6","tunisieannonce","2800.0","200.0","4","Sidi Daoud","TUNIS","north","Rent","Apartment","2026-04-01T21:21:10.355072","new","","","90"
"4657","tunisieannonce_ee112ace7485","tunisieannonce","52000.0","100.0","","Berge Du Lac","TUNIS","north","Sale","Commercial","2026-04-02T06:56:40.430852","new","","","90"
"4658","tunisieannonce_ee9382b8bd65","tunisieannonce","1100.0","100.0","3","El Menzah 1","TUNIS","north","Rent","Apartment","2026-04-01T22:23:09.433730","new","","","85"
"4659","tunisieannonce_eedf6fbb3c75","tunisieannonce","4133.0","758.0","","Hammam Sousse","TUNIS","north","Sale","Land","2026-04-02T06:58:16.727481","new","","","70"
"4660","tunisieannonce_ef245867a363","tunisieannonce","220000.0","65.0","4","Denden","TUNIS","north","Sale","Commercial","2026-04-01T22:16:51.828554","new","","","95"
"4661","tunisieannonce_f06e43dc2230","tunisieannonce","1200.0","636.0","3","Sousse Corniche","TUNIS","north","Sale","Land","2026-04-01T22:09:58.666100","new","","","80"
"4662","tunisieannonce_f27be118202f","tunisieannonce","500000.0","6000.0","","El Kraria","TUNIS","north","Sale","Land","2026-04-02T08:57:07.992441","new","","","70"
"4663","tunisieannonce_f3cae25d67b5","tunisieannonce","420000.0","93.0","2","La Soukra","TUNIS","north","Sale","Apartment","2026-04-01T20:57:43.939991","new","","","100"
"4664","tunisieannonce_f3b6e57d5ac8","tunisieannonce","1300.0","243.0","2","Berge Du Lac","TUNIS","north","Sale","Villa","2026-04-01T21:39:32.471896","new","","","80"
"4665","tunisieannonce_f462739e3843","tunisieannonce","5500.0","400.0","2","Gammart","TUNIS","north","Rent","Commercial","2026-04-01T21:57:17.997577","new","","","90"
"4666","tunisieannonce_f49905c6737c","tunisieannonce","1000.0","60.0","2","Ain Zaghouan","TUNIS","north","Rent","Apartment","2026-04-01T21:56:51.011158","new","","","90"
"4667","tunisieannonce_f56aa1594451","tunisieannonce","898000.0","423.0","3","Nouvelle Ariana","TUNIS","north","Sale","Villa","2026-04-01T22:32:10.071908","new","","","100"
"4668","tunisieannonce_f53d5ebc4439","tunisieannonce","2500.0","200.0","4","Marsa Ennassim","TUNIS","north","Rent","Apartment","2026-04-01T21:56:10.414561","new","","","90"
"4669","tunisieannonce_f5a4ca1a78c0","tunisieannonce","95000.0","74.0","3","Ksar Said","TUNIS","north","Sale","Apartment","2026-04-01T20:56:29.896175","new","","","100"
"4670","tunisieannonce_f62dbb95e1c1","tunisieannonce","1090.0","680.0","","Jardins D'El Menzah","TUNIS","north","Sale","Land","2026-04-01T22:59:47.608800","new","","","70"
"4671","tunisieannonce_f81c0240673f","tunisieannonce","1700.0","2026.0","2","Nabeul","TUNIS","north","Rent","Villa","2026-04-01T22:42:58.545103","new","","","80"
"4672","tunisieannonce_f8012fcb13a0","tunisieannonce","275000.0","275.0","3","El Manar 2","TUNIS","north","Sale","Apartment","2026-04-01T21:47:02.230838","new","","","100"
"4673","tunisieannonce_f7bef9551ab6","tunisieannonce","5500.0","150.0","4","El Aouina","TUNIS","north","Rent","Commercial","2026-04-01T20:49:42.174406","new","","","90"
"4674","tunisieannonce_f7c5a2c38288","tunisieannonce","2000.0","120.0","3","Gammart","TUNIS","north","Rent","Apartment","2026-04-01T22:20:19.203682","new","","","90"
"4675","tunisieannonce_f8f88ba7dffe","tunisieannonce","275000.0","65.0","1","La Soukra","TUNIS","north","Sale","Apartment","2026-04-01T22:45:36.498193","new","","","100"
"4676","tunisieannonce_fa5143a2fc20","tunisieannonce","2500.0","200.0","2","Marsa Ennassim","TUNIS","north","Rent","Villa","2026-04-01T21:55:58.209377","new","","","90"
"4677","tunisieannonce_fa462d4cca04","tunisieannonce","1900.0","124.0","2","Ain Zaghouan","TUNIS","north","Rent","Apartment","2026-04-01T21:21:25.151690","new","","","90"
"4678","tunisieannonce_fb514d268c86","tunisieannonce","5000.0","200.0","4","Sidi Daoud","TUNIS","north","Rent","Villa","2026-04-01T22:19:11.649371","new","","","90"
"4679","tunisieannonce_fb72ccbe0b92","tunisieannonce","1700.0","2026.0","2","Zone Urbaine Nord","TUNIS","north","Rent","Commercial","2026-04-01T21:44:57.139566","new","","","80"
"4680","tunisieannonce_fc5cfc21d25c","tunisieannonce","1000.0","","","Hammam El Ghezaz","TUNIS","north","Sale","Land","2026-04-02T08:48:23.971439","new","","","55"
"4681","tunisieannonce_fc8b1f1314dc","tunisieannonce","750.0","90.0","2","Cite Des Oliviers","TUNIS","north","Rent","Villa","2026-04-01T22:41:43.572123","new","","","85"
"4682","tunisieannonce_fd375e9c4bfe","tunisieannonce","150000.0","500.0","","Bir Bouregba","TUNIS","north","Sale","Land","2026-04-02T09:40:57.076003","new","","","90"
"4683","tunisieannonce_fd4dc52eaf72","tunisieannonce","2400.0","","","Mejez El Bab","TUNIS","north","Sale","Land","2026-04-01T20:51:30.652563","new","","","50"
"4684","tunisieannonce_fe61949c4712","tunisieannonce","700.0","100.0","2","Sousse Riadh","TUNIS","north","Rent","Apartment","2026-04-01T21:45:19.406269","new","","","90"
"4685","tunisieannonce_fec88f005da2","tunisieannonce","3500.0","80.0","","El Menzah 7","TUNIS","north","Rent","Commercial","2026-04-01T22:22:38.559391","new","","","80"
"4686","tunisieannonce_fef3bcb11d26","tunisieannonce","1100.0","90.0","2","La Soukra","TUNIS","north","Rent","Apartment","2026-04-01T21:55:35.694389","new","","","90"
"4687","affare_226855","affare","430.0","202.0","","","","","Sale","Land","2026-04-06T08:20:06.964392","new","","","20"
"4688","affare_228981","affare","","2500.0","10","","","","Sale","Villa","2026-04-06T18:11:05.580332","new","","","30"
"4689","affare_237007","affare","1350.0","100.0","","","","","Sale","Commercial","2026-04-06T08:18:52.305083","new","","","0"
"4690","affare_236234","affare","580000.0","300.0","4","","","","Sale","Land","2026-04-06T18:11:26.554994","new","","","45"
"4691","affare_236238","affare","2600.0","","","","","","Sale","Land","2026-04-06T18:11:15.868606","new","","","0"
"4692","affare_237154","affare","2400.0","150.0","2","","","","Rent","Apartment","2026-04-06T18:11:39.241852","new","","","35"
"4693","affare_2300","affare","55580.0","2300.0","","","","","Sale","Commercial","2026-04-06T08:16:32.860362","new","","","20"
"4694","affare_243701","affare","450.0","430.0","","","","","Sale","Land","2026-04-06T08:20:20.108309","new","","","20"
"4695","affare_248967","affare","1600.0","130.0","2","","","","Rent","Villa","2026-04-06T18:10:54.608438","new","","","65"
"4696","affare_248970","affare","1350.0","875.0","3","","","","Sale","Land","2026-04-06T18:10:43.468907","new","","","25"
"4697","affare_255524","affare","1500.0","180.0","3","","","","Sale","Villa","2026-04-06T08:20:42.675012","new","","","55"
"4698","affare_256388","affare","80000.0","100.0","","","","","Sale","Commercial","2026-04-06T08:18:37.287666","new","","","10"
"4699","affare_254550","affare","245000.0","269.0","3","","","","Sale","Villa","2026-04-06T08:18:15.857834","new","","","45"
"4700","affare_255747","affare","595000.0","148.0","3","","","","Sale","Commercial","2026-04-06T08:21:01.802186","price_up","35000.0","6.25","25"
"4701","affare_254877","affare","380000.0","139.0","3","","","","Sale","Villa","2026-04-06T08:21:49.881436","new","","","75"
"4702","affare_257369","affare","3000.0","1200.0","","","","","Sale","Land","2026-04-06T08:16:15.825442","new","","","0"
"4703","affare_257799","affare","255000.0","81.0","2","","","","Sale","Apartment","2026-04-06T08:16:10.399345","new","","","45"
"4704","affare_257455","affare","300000.0","500.0","2","","","","Sale","Land","2026-04-06T08:15:03.460521","new","","","45"
"4705","affare_257460","affare","750000.0","250.0","4","","","","Sale","Land","2026-04-06T08:14:20.567521","new","","","45"
"4706","affare_257453","affare","930000.0","510.0","4","","","","Sale","Land","2026-04-06T08:15:20.946826","new","","","75"
"4707","affare_257399","affare","1200.0","70.0","1","","","","Rent","Apartment","2026-04-06T08:22:06.397753","price_down","-120.0","-9.09","35"
"4708","affare_257805","affare","1400.0","650.0","4","","","","Sale","Land","2026-04-06T08:15:39.663042","new","","","55"
"4709","affare_257950","affare","","75.0","3","","","","Sale","Villa","2026-04-06T08:19:54.779549","new","","","30"
"4710","affare_257804","affare","580000.0","170.0","4","","","","Sale","Land","2026-04-06T08:15:57.016074","new","","","45"
"4711","affare_257892","affare","850.0","70.0","1","","","","Rent","Apartment","2026-04-06T08:20:36.488999","new","","","35"
"4712","affare_257940","affare","1050.0","70.0","1","","","","Rent","Apartment","2026-04-06T08:21:40.846097","new","","","35"
"4713","affare_258568","affare","1700.0","130.0","3","","","","Rent","Apartment","2026-04-06T08:18:32.077912","new","","","35"
"4714","affare_258985","affare","1750.0","149.0","","","","","Rent","Commercial","2026-04-06T08:18:01.073891","new","","","0"
"4715","affare_259485","affare","870000.0","600.0","4","","","","Sale","Villa","2026-04-03T18:38:59.659652","new","","","75"
"4716","affare_259480","affare","1111.0","","7","","","","Sale","Land","2026-04-03T18:39:14.861448","new","","","0"
"4717","affare_259489","affare","114800.0","328.0","","","","","Sale","Land","2026-04-03T18:37:48.562172","new","","","10"
"4718","affare_259491","affare","730000.0","350.0","4","","","","Sale","Villa","2026-04-03T18:35:30.708130","new","","","75"
"4719","affare_259481","affare","7900.0","800.0","","","","","Rent","Commercial","2026-04-03T18:39:36.363096","new","","","0"
"4720","affare_259488","affare","1350.0","650.0","4","","","","Sale","Villa","2026-04-03T18:38:45.775736","new","","","55"
"4721","affare_259483","affare","440000.0","362.0","","","","","Sale","Land","2026-04-03T18:37:32.808332","new","","","10"
"4722","affare_259490","affare","650000.0","500.0","3","","","","Sale","Villa","2026-04-03T18:38:03.060060","new","","","45"
"4723","affare_259482","affare","6000.0","","4","","","","Sale","Land","2026-04-03T18:38:19.338614","new","","","5"
"4724","affare_259498","affare","680000.0","8750.0","","","","","Sale","Villa","2026-04-03T18:36:45.352300","new","","","10"
"4725","affare_259503","affare","420000.0","156.0","2","","","","Sale","Land","2026-04-03T18:35:12.796253","new","","","45"
"4726","affare_259502","affare","850.0","70.0","2","","","","Rent","Apartment","2026-04-03T18:35:48.178736","new","","","35"
"4727","affare_259494","affare","1750.0","490.0","","","","","Sale","Land","2026-04-03T18:37:19.125725","new","","","0"
"4728","affare_259493","affare","760000.0","750.0","4","","","","Sale","Land","2026-04-03T18:37:02.409851","new","","","75"
"4729","affare_259499","affare","269000.0","85.0","3","","","","Sale","Apartment","2026-04-03T18:36:05.396550","new","","","75"
"4730","affare_259501","affare","950000.0","427.0","3","","","","Sale","Apartment","2026-04-03T18:36:24.158442","new","","","75"
"4731","affare_259496","affare","298000.0","67.0","2","","","","Sale","Apartment","2026-04-03T18:34:39.401207","new","","","45"
"4732","affare_259492","affare","1250.0","50.0","","","","","Sale","Commercial","2026-04-03T18:33:30.267807","new","","","20"
"4733","affare_259497","affare","320000.0","103.0","3","","","","Sale","Apartment","2026-04-03T18:34:07.296044","new","","","45"
"4734","affare_259507","affare","159000.0","60.0","2","","","","Sale","Land","2026-04-03T18:33:50.591694","new","","","45"
"4735","affare_259513","affare","237000.0","364.0","","","","","Sale","Land","2026-04-03T18:32:55.821396","new","","","10"
"4736","affare_259508","affare","290000.0","100.0","3","","","","Sale","Apartment","2026-04-03T18:32:35.986207","new","","","45"
"4737","affare_259514","affare","2000.0","","2","","","","Sale","Apartment","2026-04-03T18:30:45.092666","new","","","15"
"4738","affare_259511","affare","260000.0","76.0","","","","","Sale","Commercial","2026-04-03T18:32:20.415081","new","","","20"
"4739","affare_259509","affare","349000.0","144.0","4","","","","Sale","Apartment","2026-04-03T18:31:38.901872","new","","","45"
"4740","affare_259506","affare","330000.0","297.0","4","","","","Sale","Villa","2026-04-03T18:34:21.821743","new","","","45"
"4741","affare_259504","affare","65000.0","70.0","3","","","","Sale","Apartment","2026-04-03T18:34:55.914814","new","","","75"
"4742","affare_259510","affare","2300.0","","","","","","Sale","Land","2026-04-03T18:32:02.348575","new","","","0"
"4743","affare_259512","affare","57000.0","152.0","","","","","Sale","Land","2026-04-03T18:33:13.971990","new","","","40"
"4744","affare_259551","affare","255000.0","365.0","","","","","Sale","Land","2026-04-06T18:10:34.640383","new","","","5"
"4745","affare_259557","affare","530000.0","95.0","3","","","","Sale","Apartment","2026-04-06T18:09:55.010560","new","","","25"
"4746","affare_259547","affare","","65.0","1","","","","Sale","Apartment","2026-04-06T18:12:01.259684","new","","","30"
"4747","affare_259555","affare","420000.0","150.0","4","","","","Sale","Apartment","2026-04-06T18:10:12.228166","new","","","45"
"4748","affare_259554","affare","369000.0","250.0","4","","","","Sale","Land","2026-04-06T18:10:01.641973","new","","","45"
"4749","affare_259552","affare","","76.0","3","","","","Sale","Apartment","2026-04-06T18:10:28.597614","new","","","30"
"4750","affare_259515","affare","2500.0","1200.0","4","","","","Sale","Land","2026-04-03T18:29:55.563913","new","","","25"
"4751","affare_259558","affare","325000.0","170.0","4","","","","Sale","Villa","2026-04-06T18:09:33.465226","new","","","45"
"4752","affare_259550","affare","18750.0","150.0","","","","","Sale","Land","2026-04-06T18:11:51.188475","new","","","35"
"4753","affare_259553","affare","","178.0","","","","","Sale","Commercial","2026-04-06T18:10:20.002498","new","","","20"
"4754","affare_259562","affare","1100.0","","4","","","","Sale","Villa","2026-04-06T18:09:04.631858","new","","","0"
"4755","affare_259564","affare","1000.0","","4","","","","Sale","Villa","2026-04-06T18:08:44.872651","new","","","0"
"4756","affare_259567","affare","4000.0","","3","","","","Sale","Villa","2026-04-06T18:08:17.217184","new","","","0"
"4757","affare_259561","affare","950.0","","3","","","","Sale","Villa","2026-04-06T18:09:13.953477","new","","","15"
"4758","affare_259560","affare","300.0","","1","","","","Sale","Apartment","2026-04-06T18:09:24.462035","new","","","15"
"4759","affare_259563","affare","1200.0","","6","","","","Sale","Land","2026-04-06T18:08:53.061085","new","","","0"
"4760","affare_259568","affare","1900.0","","2","","","","Sale","Villa","2026-04-06T18:07:04.794432","new","","","0"
"4761","affare_259566","affare","700.0","","4","","","","Sale","Villa","2026-04-06T18:08:35.204253","new","","","15"
"4762","affare_259559","affare","490000.0","499.0","4","","","","Sale","Land","2026-04-06T18:09:44.115037","new","","","45"
"4763","affare_259565","affare","1200.0","","2","","","","Sale","Apartment","2026-04-06T18:08:28.083179","new","","","15"
"4764","affare_259569","affare","27000.0","","","","","","Sale","Land","2026-04-06T18:07:34.903026","new","","","20"
"4765","affare_259571","affare","400.0","","2","","","","Sale","Other","2026-04-06T18:07:45.378888","new","","","15"
"4766","affare_259570","affare","1050.0","206.0","3","","","","Sale","Other","2026-04-06T18:08:05.925583","new","","","55"
"4767","affare_259573","affare","300.0","30.0","1","","","","Sale","Apartment","2026-04-06T18:07:54.889019","new","","","50"
"4768","affare_259572","affare","27000.0","","","","","","Sale","Land","2026-04-06T18:07:24.143324","new","","","20"
"4769","affare_4400","affare","102650.0","4400.0","","","","","Sale","Commercial","2026-04-06T08:16:48.083920","new","","","20"
"4770","century21_06fe8c9d3a64","century21","370000.0","96.0","","Aouina","TUNIS","north","Sale","Commercial","2026-04-06T18:14:56.209625","new","","","90"
"4771","century21_0a1b0e2764eb","century21","1000.0","100.0","2","Nabeul","NABEUL","north","Rent","Villa","2026-04-03T20:02:35.390093","new","","","90"
"4772","century21_18028b0069cf","century21","2500.0","180.0","7","Charguia","TUNIS","north","Rent","Commercial","2026-04-03T20:03:07.997235","new","","","90"
"4773","century21_2df47e285e43","century21","320000.0","124.0","3","La Soukra","ARIANA","north","Sale","Apartment","2026-04-06T08:29:20.329279","new","","","100"
"4774","century21_2d4299a3b59d","century21","2500.0","130.0","4","Cite El Khadra","TUNIS","north","Rent","Commercial","2026-04-03T20:02:50.697539","new","","","90"
"4775","century21_319852d318ad","century21","1150.0","80.0","2","El Menzah","ARIANA","north","Rent","Commercial","2026-04-03T20:00:12.638238","new","","","90"
"4776","century21_3b3a0294fbe0","century21","800000.0","200.0","3","Raoued","ARIANA","north","Sale","Apartment","2026-04-06T08:29:37.089517","new","","","100"
"4777","century21_41362ad9c8bf","century21","830000.0","183.0","3","Les Berges Du Lac","TUNIS","north","Sale","Apartment","2026-04-03T18:46:41.693511","new","","","100"
"4778","century21_42fb7038d453","century21","1800000.0","925.0","12","El Menzah","ARIANA","north","Sale","Land","2026-04-03T18:46:22.591883","new","","","100"
"4779","century21_4932612e76ef","century21","135000.0","120.0","2","Ariana Ville","ARIANA","north","Sale","Apartment","2026-04-06T18:15:16.512013","new","","","95"
"4780","century21_4acfa28aca98","century21","1400.0","85.0","","El Menzah","TUNIS","north","Rent","Commercial","2026-04-03T19:59:44.583161","new","","","80"
"4781","century21_4d1586b241c3","century21","1300.0","120.0","2","Aouina","TUNIS","north","Rent","Apartment","2026-04-03T20:02:22.459337","new","","","60"
"4782","century21_56990915eb9c","century21","2500.0","125.0","","Jardins De Carthage","TUNIS","north","Rent","Apartment","2026-04-03T19:59:58.735990","new","","","50"
"4783","century21_56323e22b752","century21","3500000.0","550.0","8","Carthage","TUNIS","north","Sale","Land","2026-04-06T08:28:12.545311","new","","","80"
"4784","century21_69433dc68bd9","century21","1550.0","90.0","","Jardins De Carthage","TUNIS","north","Rent","Commercial","2026-04-03T20:01:53.955535","new","","","80"
"4785","century21_77a87c9b22ca","century21","1040000.0","175.0","3","Jardins De Carthage","TUNIS","north","Sale","Apartment","2026-04-03T18:46:03.839327","new","","","100"
"4786","century21_7f852209cff0","century21","300000.0","134.0","3","Ennasr","ARIANA","north","Sale","Apartment","2026-04-06T18:15:07.150751","new","","","100"
"4787","century21_9369dff19f87","century21","1400.0","113.0","2","Ain Zaghouan","TUNIS","north","Rent","Apartment","2026-04-03T20:00:39.531711","new","","","90"
"4788","century21_9d724b6fc2dc","century21","255000.0","87.0","","Ennasr","ARIANA","north","Sale","Apartment","2026-04-03T18:47:07.407301","new","","","90"
"4789","century21_9cf3fdfda16c","century21","1010.0","100.0","3","Sidi El Bechir","TUNIS","north","Rent","Commercial","2026-04-03T20:00:26.339210","new","","","90"
"4790","century21_9d3e71647225","century21","","530.0","","La Soukra","ARIANA","north","Rent","Commercial","2026-04-03T20:00:53.168311","new","","","45"
"4791","century21_b5c0f1ddb8d2","century21","2400000.0","450.0","4","La Marsa","TUNIS","north","Sale","Land","2026-04-03T18:48:49.644023","new","","","80"
"4792","century21_ccc4b9753bc8","century21","1350.0","61.0","","El Menzah","TUNIS","north","Rent","Commercial","2026-04-03T19:59:32.584590","new","","","80"
"4793","century21_e7c32a92a29e","century21","1800.0","126.0","2","El Menzah","TUNIS","north","Rent","Commercial","2026-04-03T20:01:40.174013","new","","","90"
"4794","century21_fa23a476f621","century21","690000.0","14.0","3","Les Berges Du Lac","TUNIS","north","Sale","Apartment","2026-04-06T08:31:39.163103","new","","","80"
"4795","mubawab_7333882","mubawab","","368.0","3","","","","Rent","Commercial","2026-04-06T09:08:17.372437","new","","","15"
"4796","mubawab_7334380","mubawab","","160.0","13","","","","Rent","Commercial","2026-04-06T09:10:58.674624","new","","","15"
"4797","mubawab_7731750","mubawab","","175.0","4","","TUNIS","north","Sale","Apartment","2026-04-06T08:56:36.249612","new","","","35"
"4798","mubawab_7851268","mubawab","","440.0","4","","","","Rent","Commercial","2026-04-06T09:09:50.994009","new","","","15"
"4799","mubawab_7887859","mubawab","","153.0","1","","","","Sale","Commercial","2026-04-06T09:05:14.209034","new","","","15"
"4800","mubawab_7901634","mubawab","","195.0","2","","TUNIS","north","Sale","Apartment","2026-04-06T08:56:47.382654","new","","","30"
"4801","mubawab_7905866","mubawab","","120.0","3","","TUNIS","north","Rent","Commercial","2026-04-06T09:07:44.763430","new","","","35"
"4802","mubawab_7904047","mubawab","","5098.0","10","","","","Rent","Commercial","2026-04-06T09:08:22.383018","new","","","5"
"4803","mubawab_7966175","mubawab","","90.0","1","","","","Sale","Apartment","2026-04-06T09:02:02.269853","new","","","15"
"4804","mubawab_8035205","mubawab","","81.0","1","","TUNIS","north","Sale","Apartment","2026-04-06T09:01:20.243066","new","","","35"
"4805","mubawab_8034639","mubawab","","120.0","1","","","","Sale","Apartment","2026-04-06T08:58:40.265110","new","","","15"
"4806","mubawab_8035208","mubawab","","90.0","1","","TUNIS","north","Sale","Apartment","2026-04-06T09:01:00.556296","new","","","30"
"4807","mubawab_8043789","mubawab","","120.0","2","","TUNIS","north","Sale","Apartment","2026-04-06T08:56:19.337632","new","","","35"
"4808","mubawab_8040538","mubawab","","2500.0","","","TUNIS","north","Sale","Commercial","2026-04-06T09:05:20.325548","new","","","25"
"4809","mubawab_8047871","mubawab","","288.0","7","","","","Sale","Apartment","2026-04-06T08:59:52.565036","new","","","15"
"4810","mubawab_8052909","mubawab","","63.0","4","","","","Sale","Commercial","2026-04-06T09:02:59.056674","new","","","15"
"4811","mubawab_8047864","mubawab","","283.0","4","","TUNIS","north","Sale","Commercial","2026-04-06T09:03:46.282273","new","","","35"
"4812","mubawab_8035987","mubawab","","78.0","13","","","","Sale","Apartment","2026-04-06T08:58:33.124848","new","","","15"
"4813","mubawab_8050040","mubawab","","471.0","3","","","","Rent","Commercial","2026-04-06T09:07:37.971289","new","","","15"
"4814","mubawab_8053642","mubawab","","123.0","","","","","Sale","Apartment","2026-04-06T08:56:28.873057","new","","","5"
"4815","mubawab_8070745","mubawab","","90.0","4","","","","Sale","Commercial","2026-04-06T09:03:57.270181","new","","","15"
"4816","mubawab_8080232","mubawab","","131.0","2","","","","Sale","Commercial","2026-04-06T09:05:09.450331","new","","","15"
"4817","mubawab_8084600","mubawab","","40.0","","","","","Rent","Commercial","2026-04-06T09:09:38.517307","new","","","5"
"4818","mubawab_8078453","mubawab","","62.0","2","","TUNIS","north","Sale","Apartment","2026-04-06T08:57:50.286081","new","","","35"
"4819","mubawab_8102030","mubawab","","100.0","3","","","","Rent","Commercial","2026-04-06T09:11:23.809752","new","","","15"
"4820","mubawab_8102727","mubawab","","620.0","","","","","Rent","Commercial","2026-04-06T09:08:46.058128","new","","","5"
"4821","mubawab_8169129","mubawab","","","3","","ARIANA","north","Sale","Apartment","2026-04-06T08:57:11.148863","new","","","20"
"4822","mubawab_8167149","mubawab","","580.0","7","","","","Sale","Apartment","2026-04-06T09:02:26.620901","new","","","15"
"4823","mubawab_8176158","mubawab","","230.0","6","","TUNIS","north","Sale","Apartment","2026-04-06T09:00:04.332421","new","","","35"
"4824","mubawab_8169406","mubawab","","175.0","7","","","","Sale","Apartment","2026-04-06T09:00:14.380759","new","","","15"
"4825","mubawab_8183364","mubawab","","80.0","5","","","","Sale","Apartment","2026-04-06T08:57:43.476115","new","","","15"
"4826","mubawab_8221236","mubawab","","470.0","7","","","","Rent","Commercial","2026-04-06T09:10:53.477915","new","","","15"
"4827","mubawab_8227631","mubawab","","85.0","3","","TUNIS","north","Sale","Apartment","2026-04-06T08:58:01.259613","new","","","30"
"4828","mubawab_8238617","mubawab","","2150.0","5","","","","Rent","Commercial","2026-04-06T09:07:31.448194","new","","","15"
"4829","mubawab_8240411","mubawab","","230.0","7","","","","Rent","Commercial","2026-04-06T09:09:58.084152","new","","","15"
"4830","mubawab_8252989","mubawab","","205.0","3","","TUNIS","north","Sale","Apartment","2026-04-06T08:59:29.727116","new","","","35"
"4831","mubawab_8252918","mubawab","","55.0","1","","","","Sale","Commercial","2026-04-06T09:03:20.976258","new","","","15"
"4832","mubawab_8248301","mubawab","","55.0","","","TUNIS","north","Sale","Commercial","2026-04-06T09:04:52.657561","new","","","25"
"4833","mubawab_8248300","mubawab","","53.0","","","","","Sale","Commercial","2026-04-06T09:05:04.189412","new","","","5"
"4834","mubawab_8254026","mubawab","","93.0","3","","TUNIS","north","Sale","Apartment","2026-04-06T08:57:21.135734","new","","","35"
"4835","mubawab_8275424","mubawab","","288.0","13","","","","Sale","Apartment","2026-04-06T09:01:14.168363","new","","","15"
"4836","mubawab_8292094","mubawab","","45.0","6","","","","Rent","Vacation","2026-04-06T09:13:20.152066","new","","","15"
"4837","mubawab_8291059","mubawab","","107.0","","","TUNIS","north","Sale","Commercial","2026-04-06T09:04:30.411974","new","","","25"
"4838","mubawab_8300153","mubawab","","419.0","","","","","Rent","Commercial","2026-04-06T09:11:16.979208","new","","","5"
"4839","mubawab_8301141","mubawab","","220.0","","","TUNIS","north","Rent","Commercial","2026-04-06T09:09:06.043606","new","","","25"
"4840","mubawab_8301610","mubawab","","286.0","5","","","","Rent","Commercial","2026-04-06T09:08:28.030538","new","","","15"
"4841","mubawab_8303025","mubawab","","70.0","1","","","","Rent","Commercial","2026-04-06T09:09:22.177234","new","","","15"
"4842","mubawab_8304623","mubawab","","200.0","8","","","","Rent","Commercial","2026-04-06T09:10:37.585472","new","","","15"
"4843","mubawab_8306337","mubawab","","168.0","9","","","","Sale","Apartment","2026-04-06T09:00:36.074313","new","","","15"
"4844","mubawab_8311356","mubawab","","86.0","3","","","","Sale","Apartment","2026-04-06T08:59:58.044277","new","","","15"
"4845","mubawab_8311728","mubawab","","136.0","16","","","","Sale","Apartment","2026-04-06T09:01:55.830253","new","","","15"
"4846","mubawab_8311862","mubawab","","144.0","4","","TUNIS","north","Sale","Apartment","2026-04-06T09:02:08.221665","new","","","30"
"4847","mubawab_8312682","mubawab","","200.0","","","","","Rent","Commercial","2026-04-06T09:11:10.300285","new","","","5"
"4848","mubawab_8312039","mubawab","","3250.0","2","","","","Sale","Commercial","2026-04-06T09:03:10.920186","new","","","15"
"4849","mubawab_8312549","mubawab","","38.0","","","","","Rent","Commercial","2026-04-06T09:08:39.606595","new","","","5"
"4850","mubawab_8312659","mubawab","","63.0","1","","TUNIS","north","Sale","Apartment","2026-04-06T09:01:40.908960","new","","","30"
"4851","mubawab_8314868","mubawab","","36.0","","","ARIANA","north","Rent","Commercial","2026-04-06T09:10:27.343203","new","","","25"
"4852","mubawab_8316877","mubawab","","120.0","2","","","","Rent","Commercial","2026-04-06T09:08:59.148304","new","","","15"
"4853","mubawab_8316180","mubawab","","115.0","5","","","","Sale","Apartment","2026-04-06T08:58:48.045067","new","","","15"
"4854","mubawab_8321620","mubawab","","190.0","5","","","","Sale","Apartment","2026-04-06T08:57:04.810888","new","","","15"
"4855","mubawab_8321682","mubawab","","85.0","3","","","","Rent","Commercial","2026-04-06T09:08:00.612943","new","","","15"
"4856","mubawab_8322178","mubawab","","50.0","4","","TUNIS","north","Rent","Commercial","2026-04-06T09:10:16.650678","new","","","35"
"4857","mubawab_8323815","mubawab","","","2","","","","Sale","Commercial","2026-04-06T09:03:39.317730","new","","","0"
"4858","mubawab_8323438","mubawab","","126.0","4","","TUNIS","north","Sale","Apartment","2026-04-06T09:00:19.458613","new","","","35"
"4859","mubawab_8324974","mubawab","","74.0","","","TUNIS","north","Sale","Commercial","2026-04-06T09:04:41.427440","new","","","25"
"4860","mubawab_8325105","mubawab","","85.0","2","","TUNIS","north","Rent","Vacation","2026-04-06T09:16:54.956125","new","","","35"
"4861","mubawab_8326104","mubawab","","193.0","6","","","","Sale","Commercial","2026-04-06T09:04:18.007618","new","","","15"
"4862","mubawab_8325546","mubawab","","160.0","","","","","Sale","Apartment","2026-04-06T08:57:33.010418","new","","","5"
"4863","mubawab_8325464","mubawab","","80.0","5","","","","Rent","Vacation","2026-04-06T09:17:39.622367","new","","","15"
"4864","mubawab_8326059","mubawab","","100.0","4","","","","Rent","Commercial","2026-04-06T09:10:05.564445","new","","","15"
"4865","mubawab_8326245","mubawab","","88.0","4","","","","Rent","Vacation","2026-04-06T09:14:55.529881","new","","","15"
"4866","mubawab_8325641","mubawab","","2000.0","","","","","Sale","Commercial","2026-04-06T09:04:24.299350","new","","","5"
"4867","mubawab_8326669","mubawab","","80.0","3","","TUNIS","north","Rent","Vacation","2026-04-06T09:13:52.945191","new","","","35"
"4868","mubawab_8325449","mubawab","","85.0","2","","","","Rent","Vacation","2026-04-06T09:17:47.950484","new","","","15"
"4869","mubawab_8326574","mubawab","","100.0","","","","","Rent","Vacation","2026-04-06T09:14:09.382581","new","","","5"
"4870","mubawab_8326264","mubawab","","80.0","7","","","","Rent","Vacation","2026-04-06T09:14:22.291289","new","","","15"
"4871","mubawab_8327272","mubawab","","106.0","1","","","","Sale","Apartment","2026-04-06T09:00:52.520096","new","","","15"
"4872","mubawab_8327402","mubawab","","95.0","5","","","","Sale","Apartment","2026-04-06T09:00:31.132962","new","","","15"
"4873","mubawab_8327250","mubawab","","90.0","3","","","","Rent","Commercial","2026-04-06T09:11:04.887836","new","","","15"
"4874","mubawab_8327297","mubawab","","88.0","3","","TUNIS","north","Sale","Apartment","2026-04-06T09:00:42.000563","new","","","35"
"4875","newkey_113083","newkey","3500.0","","","Maison / Villa","","","Sale","Villa","2026-04-06T09:21:29.971884","new","","","15"
"4876","newkey_130985","newkey","2000.0","","","Appartement","","","Sale","Apartment","2026-04-06T09:21:57.803593","new","","","0"
"4877","newkey_131038","newkey","2500.0","","","Appartement","","","Sale","Apartment","2026-04-06T09:21:50.209923","new","","","10"
"4878","newkey_131067","newkey","703000.0","","","Appartement","","","Sale","Apartment","2026-04-06T09:20:12.084489","new","","","30"
"4879","41327","tecnocasa","320000.0","85.0","","Hammamet","Cap Bon","","Sale","Commercial","2026-04-06T10:04:36.681699","price_up","25000.0","8.47","90"
"4880","newkey_131042","newkey","2000.0","","","Bureau Et Local...","","","Sale","Commercial","2026-04-06T09:21:41.413771","new","","","0"
"4881","tunisieannonce_00a2cd419a10","tunisieannonce","7000.0","310.0","","Berge Du Lac","TUNIS","north","Sale","Commercial","2026-04-06T14:50:14.066186","new","","","70"
"4882","tunisieannonce_01a68d2cfaff","tunisieannonce","150000.0","525.0","","Cite El Mbarka","TUNIS","north","Sale","Land","2026-04-06T14:23:07.730640","new","","","85"
"4883","tunisieannonce_014944fc82c3","tunisieannonce","1000.0","90.0","1","Cite Ennasr 2","TUNIS","north","Rent","Apartment","2026-04-06T17:29:33.777834","new","","","85"
"4884","tunisieannonce_06dc53b94980","tunisieannonce","950000.0","400.0","3","Merkez Sahnoun","TUNIS","north","Sale","Land","2026-04-06T14:13:39.832182","new","","","100"
"4885","tunisieannonce_05f3c0431ce2","tunisieannonce","1000.0","","","Kerkouane","TUNIS","north","Sale","Land","2026-04-06T12:00:32.960444","new","","","30"
"4886","tunisieannonce_0720e717e71d","tunisieannonce","245000.0","400.0","2","Hammamet","TUNIS","north","Sale","Villa","2026-04-06T10:31:28.519500","new","","","100"
"4887","tunisieannonce_072385f98195","tunisieannonce","1214.0","48.0","","Hammam Sousse","TUNIS","north","Sale","Land","2026-04-06T15:08:32.053414","new","","","40"
"4888","tunisieannonce_07d21c505e6e","tunisieannonce","330000.0","366.0","","Hammamet","TUNIS","north","Sale","Land","2026-04-06T17:49:11.931354","new","","","90"
"4889","tunisieannonce_0938c485f8d2","tunisieannonce","875000.0","400.0","3","Ezzahra","TUNIS","north","Sale","Land","2026-04-06T15:06:22.253826","new","","","100"
"4890","tunisieannonce_0a38957d113e","tunisieannonce","1300.0","130.0","1","Cite Ennasr 1","TUNIS","north","Rent","Villa","2026-04-06T12:21:36.551610","new","","","90"
"4891","tunisieannonce_0acde6a2ca42","tunisieannonce","85000.0","1000.0","","Hammamet","TUNIS","north","Sale","Land","2026-04-06T10:40:45.522243","new","","","80"
"4892","tunisieannonce_0ae8847b67f5","tunisieannonce","2400.0","820.0","","Raoued","TUNIS","north","Sale","Land","2026-04-06T12:19:08.844828","new","","","70"
"4893","tunisieannonce_0b22a3129925","tunisieannonce","3500.0","600.0","3","Cite Afh","TUNIS","north","Rent","Villa","2026-04-06T14:12:41.759855","new","","","90"
"4894","tunisieannonce_0d4c5de07bf8","tunisieannonce","920000.0","500.0","2","Hammamet","TUNIS","north","Sale","Villa","2026-04-06T12:07:22.674981","new","","","100"
"4895","tunisieannonce_0d701ea516e2","tunisieannonce","4800.0","500.0","3","Le Kram","TUNIS","north","Sale","Land","2026-04-06T14:42:37.110958","new","","","80"
"4896","tunisieannonce_0e99f9eab281","tunisieannonce","1300.0","100.0","2","La Soukra","TUNIS","north","Rent","Apartment","2026-04-06T15:10:02.697797","new","","","85"
"4897","tunisieannonce_122dd65aae5e","tunisieannonce","3500.0","400.0","1","Chotrana 1","TUNIS","north","Rent","Commercial","2026-04-06T17:25:35.437380","new","","","90"
"4898","tunisieannonce_1291aae5fc9f","tunisieannonce","315000.0","122.0","2","Cite Ennasr 2","TUNIS","north","Sale","Apartment","2026-04-06T11:36:18.863520","new","","","100"
"4899","tunisieannonce_146df09152c4","tunisieannonce","950.0","126.0","3","El Ain","TUNIS","north","Rent","Apartment","2026-04-06T15:06:06.452773","new","","","90"
"4900","tunisieannonce_153feb2a0744","tunisieannonce","600.0","50.0","3","El Manar 1","TUNIS","north","Rent","Apartment","2026-04-06T11:02:03.603326","new","","","90"
"4901","tunisieannonce_182ffa9a5ef8","tunisieannonce","1600.0","97.0","2","El Kantaoui","TUNIS","north","Rent","Apartment","2026-04-06T10:51:15.096797","new","","","90"
"4902","tunisieannonce_18147f746ed5","tunisieannonce","1350.0","400.0","2","Chatt Meriem","TUNIS","north","Rent","Commercial","2026-04-06T17:28:37.145443","new","","","90"
"4903","tunisieannonce_182df7f13060","tunisieannonce","520.0","70.0","2","Ben Arous","TUNIS","north","Rent","Apartment","2026-04-06T17:26:27.233413","new","","","85"
"4904","tunisieannonce_179d9ae759f3","tunisieannonce","830000.0","400.0","3","Hammamet","TUNIS","north","Sale","Land","2026-04-06T15:18:11.795697","new","","","100"
"4905","tunisieannonce_187bf62b6cd6","tunisieannonce","1700.0","367.0","3","Hammam Sousse","TUNIS","north","Sale","Land","2026-04-06T17:48:36.765432","new","","","80"
"4906","tunisieannonce_199d93586d12","tunisieannonce","5445.0","300.0","3","Riadh Landlous","TUNIS","north","Sale","Land","2026-04-06T12:24:57.241238","new","","","75"
"4907","tunisieannonce_1a7b6aa919fa","tunisieannonce","95000.0","200.0","2","Hammamet","TUNIS","north","Sale","Villa","2026-04-06T10:43:26.208330","new","","","100"
"4908","tunisieannonce_1a5007b6454a","tunisieannonce","360000.0","330.0","3","Le Bardo","TUNIS","north","Sale","Commercial","2026-04-06T14:14:50.170858","new","","","100"
"4909","tunisieannonce_1a8dd39a27ee","tunisieannonce","2300.0","","3","Ain Zaghouan","TUNIS","north","Rent","Apartment","2026-04-06T12:11:10.068366","new","","","85"
"4910","tunisieannonce_1ae68320546e","tunisieannonce","320.0","60.0","2","El Omrane Superieur","TUNIS","north","Rent","Villa","2026-04-06T14:12:31.867142","new","","","90"
"4911","tunisieannonce_1b95ef6efcad","tunisieannonce","4000.0","219.0","1","Khezama Ouest","TUNIS","north","Rent","Other","2026-04-06T17:28:57.733745","new","","","90"
"4912","tunisieannonce_1db89dbf3a61","tunisieannonce","1700.0","2026.0","3","El Menzah 6","TUNIS","north","Rent","Apartment","2026-04-06T11:11:01.603406","new","","","80"
"4913","tunisieannonce_1f627bb0f4c0","tunisieannonce","217000.0","560.0","","El Araydhia","TUNIS","north","Sale","Land","2026-04-06T14:56:49.157334","new","","","90"
"4914","tunisieannonce_1ecc552551c3","tunisieannonce","1083.0","722.0","","La Soukra","TUNIS","north","Sale","Land","2026-04-06T10:45:57.986225","new","","","70"
"4915","tunisieannonce_20455b704dfb","tunisieannonce","257000.0","681.0","","Chatt Meriem","TUNIS","north","Sale","Land","2026-04-06T15:03:19.455140","new","","","90"
"4916","tunisieannonce_209a8cf64789","tunisieannonce","1650.0","120.0","2","El Aouina","TUNIS","north","Rent","Apartment","2026-04-06T10:25:21.193336","new","","","90"
"4917","tunisieannonce_20e4f49fe5f9","tunisieannonce","1100.0","90.0","1","Cite Sahloul","TUNIS","north","Rent","Commercial","2026-04-06T15:01:28.408951","new","","","90"
"4918","tunisieannonce_212e0a512ddd","tunisieannonce","900.0","90.0","2","El Menzah 7","TUNIS","north","Rent","Apartment","2026-04-06T17:23:39.120336","new","","","85"
"4919","tunisieannonce_21b91bbc4782","tunisieannonce","370000.0","","","Tazarka","TUNIS","north","Sale","Land","2026-04-06T11:08:31.827786","new","","","50"
"4920","tunisieannonce_22fd0c6117fd","tunisieannonce","850.0","2026.0","2","Ben Arous","TUNIS","north","Rent","Villa","2026-04-06T17:29:49.061355","new","","","75"
"4921","tunisieannonce_24e1fa8bb351","tunisieannonce","600.0","70.0","1","Rades","TUNIS","north","Rent","Apartment","2026-04-06T15:10:46.843088","new","","","85"
"4922","tunisieannonce_261cd45aceee","tunisieannonce","900000.0","310.0","3","El Menzah 8","TUNIS","north","Sale","Villa","2026-04-06T12:33:23.978069","price_up","420000.0","87.5","100"
"4923","tunisieannonce_27d80ca716fe","tunisieannonce","115000.0","184.0","3","Khezama Ouest","TUNIS","north","Sale","Land","2026-04-06T17:47:59.005000","new","","","100"
"4924","tunisieannonce_27a63288ee51","tunisieannonce","700.0","70.0","1","Cite Ibn Khaldoun I","TUNIS","north","Rent","Apartment","2026-04-06T14:14:10.891926","new","","","90"
"4925","tunisieannonce_28eafb8c801b","tunisieannonce","1000.0","70.0","3","Jardins D'El Menzah","TUNIS","north","Rent","Other","2026-04-06T14:34:56.476464","new","","","90"
"4926","tunisieannonce_299133f48ee8","tunisieannonce","1400.0","140.0","2","Hammam Sousse","TUNIS","north","Sale","Villa","2026-04-06T11:35:50.502917","new","","","75"
"4927","tunisieannonce_29bd0ce5368c","tunisieannonce","800.0","70.0","2","Bouchoucha","TUNIS","north","Rent","Apartment","2026-04-06T14:33:34.332118","new","","","85"
"4928","tunisieannonce_2b28d9e49cf2","tunisieannonce","1120.0","","","Henchir Gort","TUNIS","north","Sale","Land","2026-04-06T14:29:30.783946","new","","","30"
"4929","tunisieannonce_2ac46e0683e6","tunisieannonce","28000.0","","","Mejez El Bab","TUNIS","north","Sale","Land","2026-04-06T17:19:02.295134","new","","","75"
"4930","tunisieannonce_2b2c082e79b7","tunisieannonce","240000.0","200.0","5","Bab Bhar","TUNIS","north","Sale","Land","2026-04-06T11:31:42.104834","new","","","100"
"4931","tunisieannonce_2e14c2ee40c3","tunisieannonce","259000.0","700.0","","Djerba","TUNIS","north","Sale","Land","2026-04-06T14:11:33.914653","new","","","85"
"4932","tunisieannonce_2f26015b23e6","tunisieannonce","1250.0","40.0","1","Chotrana 3","TUNIS","north","Rent","Apartment","2026-04-06T17:38:06.916296","new","","","90"
"4933","tunisieannonce_30ea16790b42","tunisieannonce","","2026.0","1","Cite Ennasr 2","TUNIS","north","Sale","Apartment","2026-04-06T17:38:21.643938","new","","","75"
"4934","tunisieannonce_330806f58127","tunisieannonce","1100.0","85.0","2","Ain Zaghouan","TUNIS","north","Rent","Commercial","2026-04-06T15:21:07.199707","new","","","90"
"4935","tunisieannonce_353900532643","tunisieannonce","660000.0","429.0","3","Hammam Sousse","TUNIS","north","Sale","Land","2026-04-06T17:39:42.488291","new","","","100"
"4936","tunisieannonce_34e136333672","tunisieannonce","400.0","38.0","3","El Mourouj","TUNIS","north","Rent","Commercial","2026-04-06T12:29:24.226432","new","","","90"
"4937","tunisieannonce_363f88529048","tunisieannonce","2000.0","80.0","1","Jardins De Carthage","TUNIS","north","Rent","Apartment","2026-04-06T12:11:38.685495","new","","","90"
"4938","tunisieannonce_355ea5dc9b5b","tunisieannonce","11111.0","336.0","","Oudhref","TUNIS","north","Sale","Land","2026-04-06T15:16:43.406841","new","","","70"
"4939","tunisieannonce_37c1329b46e3","tunisieannonce","400000.0","115.0","3","El Kantaoui","TUNIS","north","Sale","Apartment","2026-04-06T10:24:34.286096","new","","","100"
"4940","tunisieannonce_37f5d734cc8f","tunisieannonce","11500.0","650.0","9","Charguia 2","TUNIS","north","Sale","Commercial","2026-04-06T14:43:03.638935","new","","","80"
"4941","tunisieannonce_3914bcc606bf","tunisieannonce","4000.0","","4","Seltene","TUNIS","north","Sale","Land","2026-04-06T14:35:44.437559","new","","","65"
"4942","tunisieannonce_39ad5a5484f2","tunisieannonce","1100.0","100.0","3","Borj El Baccouche","TUNIS","north","Rent","Other","2026-04-06T15:17:07.492846","new","","","85"
"4943","tunisieannonce_3ba876696f85","tunisieannonce","800000.0","220.0","3","Berge Du Lac","TUNIS","north","Sale","Apartment","2026-04-06T11:39:48.635219","new","","","95"
"4944","tunisieannonce_3c21581f909f","tunisieannonce","1710.0","368.0","","La Soukra","TUNIS","north","Sale","Land","2026-04-06T10:14:43.131063","new","","","70"
"4945","tunisieannonce_3cd14d625969","tunisieannonce","1300.0","50.0","2","Zone Urbaine Nord","TUNIS","north","Rent","Commercial","2026-04-06T15:13:44.523671","new","","","90"
"4946","tunisieannonce_3f5bc29c51e3","tunisieannonce","250.0","135.0","3","Rejiche","TUNIS","north","Rent","Apartment","2026-04-06T10:30:54.434089","new","","","90"
"4947","tunisieannonce_407d75362a9a","tunisieannonce","900.0","70.0","1","Cite Ennasr 1","TUNIS","north","Rent","Apartment","2026-04-06T14:09:28.751459","new","","","90"
"4948","tunisieannonce_404de3e2560f","tunisieannonce","150.0","45.0","1","El Aouina","TUNIS","north","Rent","Commercial","2026-04-06T11:21:07.819514","new","","","90"
"4949","tunisieannonce_4233082bee5b","tunisieannonce","110000.0","265.0","","Borj Cedria","TUNIS","north","Sale","Villa","2026-04-06T10:30:01.609616","new","","","85"
"4950","tunisieannonce_44d0c051b305","tunisieannonce","900.0","70.0","2","El Aouina","TUNIS","north","Rent","Apartment","2026-04-06T17:19:29.121624","new","","","90"
"4951","tunisieannonce_46f60057a6e7","tunisieannonce","1200.0","400.0","2","Hammamet","TUNIS","north","Sale","Villa","2026-04-06T11:49:22.320269","new","","","80"
"4952","tunisieannonce_46bf20a98f20","tunisieannonce","370000.0","251.0","","Borj Hafaiedh","TUNIS","north","Sale","Land","2026-04-06T14:29:49.925404","new","","","90"
"4953","tunisieannonce_47139cbc172a","tunisieannonce","370000.0","150.0","2","Ariana","TUNIS","north","Sale","Apartment","2026-04-06T11:09:33.437490","new","","","95"
"4954","tunisieannonce_47d0e9f832d4","tunisieannonce","1400.0","140.0","3","El Menzah 6","TUNIS","north","Rent","Commercial","2026-04-06T15:05:42.702674","new","","","90"
"4955","tunisieannonce_48166e7a952f","tunisieannonce","890000.0","500.0","2","Hammamet","TUNIS","north","Sale","Land","2026-04-06T10:14:53.279254","new","","","100"
"4956","tunisieannonce_496a39dfdbce","tunisieannonce","300000.0","500.0","2","Borj Cedria","TUNIS","north","Sale","Land","2026-04-06T14:35:57.394923","new","","","95"
"4957","tunisieannonce_4b3e1a31f1ec","tunisieannonce","950.0","70.0","2","El Manar 1","TUNIS","north","Rent","Apartment","2026-04-06T17:48:56.521148","new","","","85"
"4958","tunisieannonce_4b17f5b305b5","tunisieannonce","450000.0","136.0","2","Sousse","TUNIS","north","Sale","Apartment","2026-04-06T10:53:46.335598","new","","","95"
"4959","tunisieannonce_4efd6cf929c7","tunisieannonce","600.0","70.0","2","Megrine","TUNIS","north","Rent","Apartment","2026-04-06T15:11:20.470275","new","","","85"
"4960","tunisieannonce_4fe78cfa75e7","tunisieannonce","1450.0","400.0","2","Cite Jardins","TUNIS","north","Sale","Villa","2026-04-06T12:19:57.001282","new","","","80"
"4961","tunisieannonce_50f6507b9477","tunisieannonce","1750.0","","3","Jardins De Carthage","TUNIS","north","Rent","Apartment","2026-04-06T12:11:51.957161","new","","","55"
"4962","tunisieannonce_51daf570db18","tunisieannonce","1100.0","111.0","","El Mourouj","TUNIS","north","Sale","Commercial","2026-04-06T11:41:38.381749","new","","","70"
"4963","tunisieannonce_526ad3c5f0cb","tunisieannonce","680.0","87.0","2","Bouchoucha","TUNIS","north","Rent","Apartment","2026-04-06T14:33:46.085727","new","","","85"
"4964","tunisieannonce_5328b2ba2ba5","tunisieannonce","445000.0","155.0","2","Cite Ennasr 2","TUNIS","north","Sale","Commercial","2026-04-06T10:15:16.812259","new","","","80"
"4965","tunisieannonce_53be4ead104e","tunisieannonce","240000.0","110.0","3","Hammam Sousse Gharbi","TUNIS","north","Sale","Apartment","2026-04-06T15:05:05.623685","new","","","100"
"4966","tunisieannonce_53f15882bb3b","tunisieannonce","380000.0","100.0","3","El Kantaoui","TUNIS","north","Sale","Other","2026-04-06T15:08:21.041955","new","","","100"
"4967","tunisieannonce_54814fac5dd7","tunisieannonce","470000.0","222.0","5","Bab Djedid","TUNIS","north","Sale","Villa","2026-04-06T17:23:58.854446","new","","","100"
"4968","tunisieannonce_5621efb3408b","tunisieannonce","442000.0","850.0","","Riadh Landlous","TUNIS","north","Sale","Land","2026-04-06T12:25:33.706198","new","","","85"
"4969","tunisieannonce_57b377fe3dca","tunisieannonce","1800.0","2026.0","3","Cite Ennasr 2","TUNIS","north","Rent","Apartment","2026-04-06T11:15:48.554818","new","","","80"
"4970","tunisieannonce_57a4e4ac4950","tunisieannonce","880000.0","400.0","3","Kalaa Essghira","TUNIS","north","Sale","Land","2026-04-06T15:08:08.286839","new","","","100"
"4971","tunisieannonce_5c0d1b784fec","tunisieannonce","3000.0","600.0","2","Hammam Sousse","TUNIS","north","Rent","Villa","2026-04-06T15:05:15.582504","new","","","90"
"4972","tunisieannonce_5cce8a35bfac","tunisieannonce","590000.0","146.0","2","El Kantaoui","TUNIS","north","Sale","Apartment","2026-04-06T10:40:08.284532","new","","","100"
"4973","tunisieannonce_5c7fc7c7e024","tunisieannonce","2500.0","330.0","1","La Soukra","TUNIS","north","Rent","Commercial","2026-04-06T15:07:58.101825","new","","","90"
"4974","tunisieannonce_5dce420d4d5a","tunisieannonce","400000.0","301.0","2","Ben Arous","TUNIS","north","Sale","Land","2026-04-06T11:09:22.085924","new","","","100"
"4975","tunisieannonce_617ced251bef","tunisieannonce","234000.0","426.0","","Borj Cedria","TUNIS","north","Sale","Land","2026-04-06T11:51:09.000676","new","","","85"
"4976","tunisieannonce_62f9cd4a351f","tunisieannonce","10000.0","250.0","6","El Menzah 9","TUNIS","north","Sale","Other","2026-04-06T14:44:42.328791","new","","","75"
"4977","tunisieannonce_637358fa89a7","tunisieannonce","230000.0","150.0","3","Hammam Sousse","TUNIS","north","Sale","Villa","2026-04-06T15:04:54.959259","new","","","95"
"4978","tunisieannonce_63ced28dc4df","tunisieannonce","1350.0","580.0","2","Hammamet","TUNIS","north","Sale","Land","2026-04-06T12:26:01.183234","new","","","80"
"4979","tunisieannonce_64037c77de14","tunisieannonce","650000.0","148.0","3","Jardins De Carthage","TUNIS","north","Sale","Apartment","2026-04-06T10:23:45.428980","new","","","70"
"4980","tunisieannonce_6458b5e402e0","tunisieannonce","1500.0","","3","Jardins De Carthage","TUNIS","north","Rent","Apartment","2026-04-06T12:05:25.532417","new","","","55"
"4981","tunisieannonce_646bd6967684","tunisieannonce","500000.0","500.0","","Nabeul","TUNIS","north","Sale","Land","2026-04-06T10:52:57.045253","new","","","90"
"4982","tunisieannonce_6623f0fd8289","tunisieannonce","1480.0","","","Zaghouan","TUNIS","north","Sale","Land","2026-04-06T17:30:37.163868","new","","","55"
"4983","tunisieannonce_6604a5fa2e49","tunisieannonce","224000.0","270.0","","Borj Cedria","TUNIS","north","Sale","Land","2026-04-06T11:49:57.140705","new","","","90"
"4984","tunisieannonce_665384643274","tunisieannonce","320000.0","409.0","","Sidi Thabet","TUNIS","north","Sale","Land","2026-04-06T17:25:49.827472","new","","","90"
"4985","tunisieannonce_66f1fed5cf02","tunisieannonce","111111.0","63.0","1","Cite Ennasr 1","TUNIS","north","Sale","Apartment","2026-04-06T12:21:21.216905","new","","","100"
"4986","tunisieannonce_67d0d07d6287","tunisieannonce","1050.0","65.0","3","Cite Ennasr 2","TUNIS","north","Rent","Apartment","2026-04-06T11:03:06.725586","new","","","90"
"4987","tunisieannonce_679fa71cc4f4","tunisieannonce","1550.0","105.0","1","El Aouina","TUNIS","north","Rent","Villa","2026-04-06T15:00:31.106933","new","","","85"
"4988","tunisieannonce_6a219aa522a7","tunisieannonce","160000.0","60.0","2","Chotrana 1","TUNIS","north","Sale","Other","2026-04-06T10:23:59.481596","new","","","100"
"4989","tunisieannonce_6b90e5f03002","tunisieannonce","280000.0","280.0","","Mornaguia","TUNIS","north","Sale","Land","2026-04-06T17:18:48.074729","new","","","90"
"4990","tunisieannonce_6cd5a6d9f327","tunisieannonce","300000.0","35.0","3","El Kantaoui","TUNIS","north","Sale","Apartment","2026-04-06T14:54:39.826270","new","","","100"
"4991","tunisieannonce_6edbaaafbd21","tunisieannonce","400000.0","200.0","","Hammamet","TUNIS","north","Sale","Land","2026-04-06T17:32:57.692771","new","","","90"
"4992","tunisieannonce_6ff89170966a","tunisieannonce","1500.0","90.0","2","El Menzah 8","TUNIS","north","Rent","Apartment","2026-04-06T17:21:42.713012","new","","","90"
"4993","tunisieannonce_719ebf6433a5","tunisieannonce","450000.0","100.0","3","Mutuelle Ville","TUNIS","north","Sale","Apartment","2026-04-06T15:10:14.681913","new","","","100"
"4994","tunisieannonce_71038cd51427","tunisieannonce","1200.0","90.0","2","Khezama Ouest","TUNIS","north","Rent","Villa","2026-04-06T15:03:41.909099","new","","","90"
"4995","tunisieannonce_72f4f2a09c4f","tunisieannonce","60000.0","300.0","","Borj Youssef","TUNIS","north","Sale","Land","2026-04-06T17:33:44.769753","new","","","85"
"4996","tunisieannonce_72d66eb44f21","tunisieannonce","540000.0","167.0","3","Chatt Meriem","TUNIS","north","Sale","Apartment","2026-04-06T14:54:26.454998","new","","","100"
"4997","tunisieannonce_7322cf3ffb6e","tunisieannonce","4500.0","","2","Cite Ennarjes 1","TUNIS","north","Rent","Villa","2026-04-06T14:59:50.367230","new","","","85"
"4998","tunisieannonce_7574c129aef7","tunisieannonce","1500.0","160.0","2","Residence Type","TUNIS","north","Rent","Apartment","2026-04-06T15:12:54.107701","new","","","85"
"4999","tunisieannonce_752f673b30fc","tunisieannonce","3000.0","2026.0","2","El Menzah 9","TUNIS","north","Rent","Villa","2026-04-06T11:28:03.366437","new","","","90"
"5000","tunisieannonce_75a5db96ca2b","tunisieannonce","105000.0","287.0","","Akouda","TUNIS","north","Sale","Land","2026-04-06T11:35:37.325218","new","","","85"
"5001","tunisieannonce_76352ff9d4a8","tunisieannonce","380000.0","110.0","2","Cite Ennasr 1","TUNIS","north","Sale","Other","2026-04-06T14:55:47.378996","new","","","100"
"5002","tunisieannonce_7612f7fbfe5a","tunisieannonce","3000.0","110.0","","Bizerte","TUNIS","north","Sale","Commercial","2026-04-06T10:53:56.897984","new","","","70"
"5003","tunisieannonce_771745d19615","tunisieannonce","1650.0","200.0","4","Jardins D'El Menzah","TUNIS","north","Rent","Commercial","2026-04-06T14:10:09.309669","new","","","90"
"5004","tunisieannonce_7647a4849805","tunisieannonce","450000.0","500.0","","Touza","TUNIS","north","Sale","Land","2026-04-06T14:50:56.890562","new","","","85"
"5005","tunisieannonce_77761a1ead59","tunisieannonce","1500.0","216.0","1","Cite Ennouzha","TUNIS","north","Rent","Land","2026-04-06T12:20:51.971973","new","","","90"
"5006","tunisieannonce_79e69a17c84d","tunisieannonce","2300.0","510.0","2","Borj Cedria","TUNIS","north","Rent","Commercial","2026-04-06T14:35:20.632801","new","","","85"
"5007","tunisieannonce_798c505047d2","tunisieannonce","1000.0","95.0","2","Jardins D'El Menzah","TUNIS","north","Rent","Villa","2026-04-06T14:21:11.727123","new","","","90"
"5008","tunisieannonce_791139101f69","tunisieannonce","96000.0","240.0","","Sidi Saad","TUNIS","north","Sale","Land","2026-04-06T12:31:37.596238","new","","","90"
"5009","tunisieannonce_79fb3130ad55","tunisieannonce","1000.0","36.0","3","El Kantaoui","TUNIS","north","Rent","Apartment","2026-04-06T14:51:50.804021","new","","","90"
"5010","tunisieannonce_7bf989f82969","tunisieannonce","420.0","80.0","1","Marsa Erriadh","TUNIS","north","Rent","Apartment","2026-04-06T11:20:36.326049","new","","","90"
"5011","tunisieannonce_7bf6fe61a509","tunisieannonce","2800.0","","3","Ain Zaghouan","TUNIS","north","Rent","Apartment","2026-04-06T11:42:07.879945","new","","","55"
"5012","tunisieannonce_7beb81cb3304","tunisieannonce","2300.0","450.0","1","Cite Bhar Lazreg","TUNIS","north","Rent","Commercial","2026-04-06T15:02:43.239732","new","","","90"
"5013","tunisieannonce_7dc4205032dd","tunisieannonce","850000.0","300.0","2","Hammamet","TUNIS","north","Sale","Land","2026-04-06T11:30:26.592339","new","","","100"
"5014","tunisieannonce_7ebaf3d69904","tunisieannonce","3300.0","120.0","2","Berge Du Lac","TUNIS","north","Rent","Apartment","2026-04-06T11:41:50.341244","new","","","90"
"5015","tunisieannonce_80363653634f","tunisieannonce","1600.0","220.0","2","Mnihla","TUNIS","north","Rent","Commercial","2026-04-06T10:46:37.312784","new","","","90"
"5016","tunisieannonce_800c00dfef47","tunisieannonce","271200.0","452.0","","Hergla","TUNIS","north","Sale","Land","2026-04-06T10:53:07.278115","new","","","90"
"5017","tunisieannonce_8037dc0bb4ee","tunisieannonce","300.0","25.0","2","Ettahrir 3","TUNIS","north","Rent","Apartment","2026-04-06T12:30:28.248937","new","","","85"
"5018","tunisieannonce_8459381bd3a2","tunisieannonce","550000.0","200.0","4","Hammamet","TUNIS","north","Sale","Villa","2026-04-06T17:36:54.940750","new","","","100"
"5019","tunisieannonce_84d6f28ea298","tunisieannonce","260000.0","67.0","2","Chatt Meriem","TUNIS","north","Sale","Apartment","2026-04-06T15:01:41.031551","new","","","100"
"5020","tunisieannonce_848847620f7b","tunisieannonce","5800.0","500.0","","Sidi Bou Ali","TUNIS","north","Sale","Land","2026-04-06T15:00:04.889604","new","","","70"
"5021","tunisieannonce_85adb0e0516c","tunisieannonce","470000.0","470.0","","Cite Hached","TUNIS","north","Sale","Land","2026-04-06T17:50:20.045233","new","","","90"
"5022","tunisieannonce_86bd92e2fc11","tunisieannonce","1800.0","180.0","2","Cite Bhar Lazreg","TUNIS","north","Rent","Commercial","2026-04-06T17:23:22.980765","new","","","85"
"5023","tunisieannonce_8757ed6fac95","tunisieannonce","1200.0","2026.0","2","Republique","TUNIS","north","Rent","Apartment","2026-04-06T11:15:35.884340","new","","","80"
"5024","tunisieannonce_88088d9994eb","tunisieannonce","7000.0","100.0","","Jardins De Carthage","TUNIS","north","Sale","Commercial","2026-04-06T15:10:38.586389","new","","","80"
"5025","tunisieannonce_87ee5f5f7d46","tunisieannonce","90000.0","100.0","3","Khaznadar","TUNIS","north","Sale","Commercial","2026-04-06T17:22:05.255348","new","","","100"
"5026","tunisieannonce_88565c3fcfcc","tunisieannonce","1500.0","650.0","3","Hammamet","TUNIS","north","Sale","Land","2026-04-06T14:55:58.239241","new","","","80"
"5027","tunisieannonce_89106cc7c06a","tunisieannonce","320000.0","300.0","3","Hammam Sousse","TUNIS","north","Sale","Land","2026-04-06T15:03:29.639954","new","","","100"
"5028","tunisieannonce_891fe49a143e","tunisieannonce","1000.0","","","Kelibia","TUNIS","north","Sale","Land","2026-04-06T11:43:15.816433","new","","","30"
"5029","tunisieannonce_89e803673868","tunisieannonce","2500.0","200.0","5","Hammamet","TUNIS","north","Rent","Villa","2026-04-06T11:48:59.361940","new","","","90"
"5030","tunisieannonce_89f410a7a757","tunisieannonce","1300.0","126.0","3","Hammam Sousse","TUNIS","north","Sale","Land","2026-04-06T14:52:17.389738","new","","","80"
"5031","tunisieannonce_8b3ab9b7633e","tunisieannonce","101010.0","737.0","3","Hammamet","TUNIS","north","Sale","Land","2026-04-06T15:15:33.853413","new","","","100"
"5032","tunisieannonce_8bc9ae9e2261","tunisieannonce","650.0","60.0","1","Khaznadar","TUNIS","north","Rent","Apartment","2026-04-06T12:29:47.198865","new","","","85"
"5033","tunisieannonce_8ba64f73bb87","tunisieannonce","300000.0","700.0","2","Kalaa El Kebira","TUNIS","north","Sale","Villa","2026-04-06T15:04:43.491477","new","","","95"
"5034","tunisieannonce_8cb4c774edbf","tunisieannonce","750000.0","183.0","","Mornaguia","TUNIS","north","Sale","Land","2026-04-06T15:16:31.338005","new","","","70"
"5035","tunisieannonce_8d9cbec39b84","tunisieannonce","245000.0","977.0","","Bou Ali","TUNIS","north","Sale","Land","2026-04-06T14:29:12.111273","new","","","90"
"5036","tunisieannonce_8f0982a54795","tunisieannonce","240000.0","200.0","","Sidi Ali El Hattab","TUNIS","north","Sale","Land","2026-04-06T17:19:15.502036","new","","","90"
"5037","tunisieannonce_8fd94d9d2bad","tunisieannonce","1000.0","100.0","1","Cite Afh","TUNIS","north","Rent","Other","2026-04-06T15:11:31.319769","new","","","90"
"5038","tunisieannonce_913f955e6d72","tunisieannonce","950.0","90.0","2","Chatt Meriem","TUNIS","north","Rent","Apartment","2026-04-06T17:39:17.762620","new","","","90"
"5039","tunisieannonce_926b62ae3e42","tunisieannonce","980000.0","120.0","1","Chatt Meriem","TUNIS","north","Sale","Apartment","2026-04-06T17:38:41.142660","new","","","100"
"5040","tunisieannonce_92c971ee2d2f","tunisieannonce","570.0","50.0","3","Cite Afh","TUNIS","north","Rent","Villa","2026-04-06T14:12:52.432157","new","","","85"
"5041","tunisieannonce_926f1effc2ce","tunisieannonce","2000.0","300.0","4","Essanhaji","TUNIS","north","Rent","Commercial","2026-04-06T11:38:16.245265","new","","","90"
"5042","tunisieannonce_9456b816f5ef","tunisieannonce","350000.0","330.0","3","Cite Ezzouhour","TUNIS","north","Sale","Villa","2026-04-06T14:12:17.991162","new","","","95"
"5043","tunisieannonce_96067e648b08","tunisieannonce","290000.0","800.0","1","Borj Touil","TUNIS","north","Sale","Land","2026-04-06T10:57:23.130840","new","","","95"
"5044","tunisieannonce_966d4ab15e12","tunisieannonce","2800.0","150.0","3","Jardins De Carthage","TUNIS","north","Rent","Apartment","2026-04-06T12:12:26.486123","new","","","90"
"5045","tunisieannonce_96cff3fe0da5","tunisieannonce","5000.0","200.0","2","Berge Du Lac","TUNIS","north","Rent","Commercial","2026-04-06T10:43:48.234576","new","","","90"
"5046","tunisieannonce_967acf662a0a","tunisieannonce","1600.0","960.0","3","Ain Zaghouan","TUNIS","north","Sale","Apartment","2026-04-06T15:21:22.009108","new","","","80"
"5047","tunisieannonce_972b12c29b09","tunisieannonce","1000.0","","","Chatt Meriem","TUNIS","north","Sale","Land","2026-04-06T14:57:00.604286","new","","","55"
"5048","tunisieannonce_98c11558e072","tunisieannonce","238800.0","199.0","3","Bizerte","TUNIS","north","Sale","Land","2026-04-06T17:49:59.674504","new","","","100"
"5049","tunisieannonce_98ee86b59df1","tunisieannonce","750000.0","203.0","2","Hammamet","TUNIS","north","Sale","Land","2026-04-06T12:25:45.177315","new","","","100"
"5050","tunisieannonce_99e1cb3a99f7","tunisieannonce","120000.0","190.0","","Borj Cedria","TUNIS","north","Sale","Villa","2026-04-06T10:25:58.305600","new","","","85"
"5051","tunisieannonce_9a0e6767f5a8","tunisieannonce","500.0","70.0","1","La Mannouba","TUNIS","north","Rent","Villa","2026-04-06T15:07:26.409073","new","","","90"
"5052","tunisieannonce_99553297ac15","tunisieannonce","1500.0","700.0","3","Hammam Sousse","TUNIS","north","Sale","Land","2026-04-06T15:03:07.770970","new","","","75"
"5053","tunisieannonce_9a5fb26392f1","tunisieannonce","99000.0","209.0","","Raoued","TUNIS","north","Sale","Land","2026-04-06T14:34:43.385488","new","","","90"
"5054","tunisieannonce_9a116859da77","tunisieannonce","750000.0","270.0","4","Raoued","TUNIS","north","Sale","Villa","2026-04-06T15:21:48.041509","new","","","100"
"5055","tunisieannonce_9c2107573054","tunisieannonce","580000.0","303.0","4","El Menzah 6","TUNIS","north","Sale","Land","2026-04-06T17:48:20.471895","new","","","70"
"5056","tunisieannonce_9be1f2c4a07d","tunisieannonce","5700.0","800.0","1","Chotrana 1","TUNIS","north","Rent","Commercial","2026-04-06T17:23:07.997840","new","","","90"
"5057","tunisieannonce_9d4e9085dfa3","tunisieannonce","500.0","65.0","2","Le Bardo","TUNIS","north","Rent","Villa","2026-04-06T14:32:18.989823","new","","","85"
"5058","tunisieannonce_9d4432a0911f","tunisieannonce","170000.0","131.0","3","Sidi Frej","TUNIS","north","Sale","Villa","2026-04-06T12:20:35.789041","new","","","100"
"5059","tunisieannonce_9db56089d6cd","tunisieannonce","1600.0","65.0","3","Mutuelle Ville","TUNIS","north","Rent","Apartment","2026-04-06T14:14:41.202264","new","","","90"
"5060","tunisieannonce_9df24712f1c5","tunisieannonce","1000.0","","","Ezzahra","TUNIS","north","Sale","Land","2026-04-06T10:52:46.912558","new","","","30"
"5061","tunisieannonce_9df58d9d9bb8","tunisieannonce","5000.0","850.0","2","Cite Ennarjes 2","TUNIS","north","Rent","Land","2026-04-06T10:53:28.693140","new","","","90"
"5062","tunisieannonce_9ee8385709cc","tunisieannonce","250000.0","100.0","3","Cite Ennasr 2","TUNIS","north","Sale","Commercial","2026-04-06T12:47:25.588724","price_up","248900.0","22627.27","100"
"5063","tunisieannonce_9e2024d7f64c","tunisieannonce","950.0","140.0","3","Cite Essalem","TUNIS","north","Rent","Apartment","2026-04-06T17:21:00.235163","new","","","85"
"5064","tunisieannonce_9ed4eaea31ae","tunisieannonce","12000.0","2026.0","2","Marsa Safsaf","TUNIS","north","Rent","Villa","2026-04-06T11:02:13.342447","new","","","90"
"5065","tunisieannonce_9f75e90b9eb4","tunisieannonce","1111.0","65.0","2","Hammamet","TUNIS","north","Rent","Apartment","2026-04-06T11:07:51.749850","new","","","90"
"5066","tunisieannonce_a101a28aff9d","tunisieannonce","140000.0","100.0","2","Cite Brim","TUNIS","north","Sale","Villa","2026-04-06T10:25:47.447884","new","","","95"
"5067","tunisieannonce_a171db5307f3","tunisieannonce","1200.0","90.0","2","Cite De La Plage 1","TUNIS","north","Rent","Apartment","2026-04-06T17:45:20.629053","new","","","90"
"5068","tunisieannonce_a152c7a31f67","tunisieannonce","750.0","90.0","1","Rades","TUNIS","north","Rent","Villa","2026-04-06T15:11:09.357195","new","","","85"
"5069","tunisieannonce_a1615617b877","tunisieannonce","150000.0","100.0","1","Borj Cedria","TUNIS","north","Sale","Villa","2026-04-06T11:10:20.770773","new","","","100"
"5070","tunisieannonce_a2b7cd077e57","tunisieannonce","151000.0","318.0","","Riadh Landlous","TUNIS","north","Sale","Land","2026-04-06T12:26:16.845460","new","","","85"
"5071","tunisieannonce_a201987dd890","tunisieannonce","750.0","60.0","2","Ariana","TUNIS","north","Rent","Apartment","2026-04-06T11:14:24.904428","new","","","90"
"5072","tunisieannonce_a4a16ff32a71","tunisieannonce","150.0","80.0","2","Ain Zaghouan","TUNIS","north","Rent","Apartment","2026-04-06T11:16:08.516940","new","","","90"
"5073","tunisieannonce_a47a6df1f030","tunisieannonce","234000.0","650.0","","Bou Jerdga","TUNIS","north","Sale","Land","2026-04-06T10:43:36.188529","new","","","90"
"5074","tunisieannonce_a55cb3db0dfe","tunisieannonce","850.0","60.0","1","Hergla","TUNIS","north","Rent","Apartment","2026-04-06T17:29:14.824409","new","","","90"
"5075","tunisieannonce_a65f66b70bb1","tunisieannonce","1250.0","471.0","5","Cite Jasmins Simpar","TUNIS","north","Sale","Land","2026-04-06T14:22:21.927743","new","","","75"
"5076","tunisieannonce_a747feb952a1","tunisieannonce","21000.0","600.0","","Ezzahra","TUNIS","north","Sale","Land","2026-04-06T14:48:06.533438","new","","","70"
"5077","tunisieannonce_a6af27a16a00","tunisieannonce","1150.0","120.0","2","Cite Ennkhilet","TUNIS","north","Rent","Apartment","2026-04-06T14:09:03.928013","new","","","90"
"5078","tunisieannonce_a726b255639b","tunisieannonce","200000.0","335.0","","Hammam Sousse Gharbi","TUNIS","north","Sale","Land","2026-04-06T17:45:37.649523","new","","","90"
"5079","tunisieannonce_a6dc6be93140","tunisieannonce","195000.0","45.0","3","El Kantaoui","TUNIS","north","Sale","Apartment","2026-04-06T15:01:56.252991","new","","","100"
"5080","tunisieannonce_a6b67244b115","tunisieannonce","750000.0","500.0","2","Hammamet","TUNIS","north","Sale","Commercial","2026-04-06T12:01:36.039384","new","","","80"
"5081","tunisieannonce_a7672321d98e","tunisieannonce","248000.0","621.0","","Borj Cedria","TUNIS","north","Sale","Land","2026-04-06T15:22:03.978687","new","","","85"
"5082","tunisieannonce_aaaea14b275b","tunisieannonce","300000.0","300.0","","Kalaa El Kebira","TUNIS","north","Sale","Land","2026-04-06T10:24:49.451804","new","","","90"
"5083","tunisieannonce_ac2cf4a18f1d","tunisieannonce","550.0","75.0","2","Borj Cedria","TUNIS","north","Rent","Commercial","2026-04-06T14:47:01.123940","new","","","90"
"5084","tunisieannonce_ab9d358ca651","tunisieannonce","1500.0","2026.0","3","Jardins D'El Menzah","TUNIS","north","Rent","Apartment","2026-04-06T14:19:58.938249","new","","","80"
"5085","tunisieannonce_aec090b5e31a","tunisieannonce","900.0","80.0","2","Bou Mhel","TUNIS","north","Rent","Apartment","2026-04-06T11:37:49.026705","new","","","85"
"5086","tunisieannonce_affa7b785fae","tunisieannonce","1800.0","150.0","","El Menzah 7","TUNIS","north","Sale","Commercial","2026-04-06T14:09:54.145537","new","","","70"
"5087","tunisieannonce_b02b5f1808c8","tunisieannonce","666666.0","930.0","","Cite Jardins","TUNIS","north","Sale","Land","2026-04-06T15:13:32.874031","new","","","90"
"5088","tunisieannonce_b04b2e214bd5","tunisieannonce","1100.0","100.0","3","Borj El Baccouche","TUNIS","north","Rent","Other","2026-04-06T14:19:47.904679","new","","","85"
"5089","tunisieannonce_b377bf9a63f9","tunisieannonce","350.0","50.0","2","Bab Bhar","TUNIS","north","Rent","Apartment","2026-04-06T15:08:53.118936","new","","","90"
"5090","tunisieannonce_b595769e4fb6","tunisieannonce","135000.0","100.0","2","Ariana","TUNIS","north","Sale","Villa","2026-04-06T10:57:10.719538","new","","","100"
"5091","tunisieannonce_b5eeb3561ff2","tunisieannonce","812000.0","140.0","2","Berge Du Lac","TUNIS","north","Sale","Apartment","2026-04-06T10:46:16.713752","new","","","100"
"5092","tunisieannonce_b598452723ff","tunisieannonce","1111.0","54.0","1","Ezzahra","TUNIS","north","Rent","Commercial","2026-04-06T15:12:17.962813","new","","","85"
"5093","tunisieannonce_b67b6478e819","tunisieannonce","1300.0","","3","Ain Zaghouan","TUNIS","north","Rent","Apartment","2026-04-06T12:01:23.456420","new","","","55"
"5094","tunisieannonce_b7b67d236e75","tunisieannonce","1450.0","460.0","","Bab Bhar","TUNIS","north","Sale","Land","2026-04-06T10:58:01.651801","new","","","70"
"5095","tunisieannonce_b7a5febb1362","tunisieannonce","2800.0","130.0","","Hammam Sousse","TUNIS","north","Sale","Other","2026-04-06T15:05:56.105476","new","","","70"
"5096","tunisieannonce_b7c8627a88fc","tunisieannonce","650.0","50.0","1","Ain Zaghouan","TUNIS","north","Rent","Villa","2026-04-06T15:17:21.406094","new","","","90"
"5097","tunisieannonce_b7d03b24d997","tunisieannonce","500.0","80.0","1","Dar Chaabane Plage","TUNIS","north","Rent","Apartment","2026-04-06T17:22:40.893325","new","","","90"
"5098","tunisieannonce_b88c8bf9ce17","tunisieannonce","380.0","80.0","2","El Omrane Superieur","TUNIS","north","Rent","Apartment","2026-04-06T14:11:44.007006","new","","","90"
"5099","tunisieannonce_b91ee3b67881","tunisieannonce","700.0","65.0","2","Sidi Rezig","TUNIS","north","Rent","Commercial","2026-04-06T14:22:45.419396","new","","","85"
"5100","tunisieannonce_b91e0636dc89","tunisieannonce","85000.0","13.0","3","Cite De La Plage 1","TUNIS","north","Sale","Other","2026-04-06T15:08:43.052076","new","","","100"
"5101","tunisieannonce_ba526f92afa9","tunisieannonce","900.0","60.0","3","Ain Zaghouan","TUNIS","north","Rent","Apartment","2026-04-06T11:37:13.079233","new","","","90"
"5102","tunisieannonce_bb36b6f1feef","tunisieannonce","105000.0","59.0","1","Hammam Sousse","TUNIS","north","Sale","Apartment","2026-04-06T15:05:29.703397","new","","","100"
"5103","tunisieannonce_bc176c1143ae","tunisieannonce","1100.0","150.0","4","Borj Touil","TUNIS","north","Rent","Commercial","2026-04-06T14:59:40.389685","new","","","90"
"5104","tunisieannonce_be5f2a5504e4","tunisieannonce","800000.0","","","Kalaa El Kebira","TUNIS","north","Sale","Land","2026-04-06T14:57:12.105693","new","","","45"
"5105","tunisieannonce_bf53f6998370","tunisieannonce","1500.0","130.0","1","El Aouina","TUNIS","north","Rent","Apartment","2026-04-06T14:52:30.201244","new","","","90"
"5106","tunisieannonce_bf6d96f96ddd","tunisieannonce","1650.0","598.0","4","El Menzah 4","TUNIS","north","Sale","Land","2026-04-06T10:15:39.064692","new","","","80"
"5107","tunisieannonce_bec7f1d31bb9","tunisieannonce","400.0","75.0","2","El Omrane Superieur","TUNIS","north","Rent","Villa","2026-04-06T17:27:29.353178","new","","","90"
"5108","tunisieannonce_bfdc853f3822","tunisieannonce","350.0","60.0","2","El Omrane Superieur","TUNIS","north","Rent","Apartment","2026-04-06T17:27:42.536336","new","","","90"
"5109","tunisieannonce_c0278887cb61","tunisieannonce","790000.0","300.0","","Hammamet","TUNIS","north","Sale","Villa","2026-04-06T17:37:45.459198","new","","","90"
"5110","tunisieannonce_c137504f574e","tunisieannonce","650.0","34.0","2","Sidi Boulbaba","TUNIS","north","Rent","Commercial","2026-04-06T10:23:36.387386","new","","","90"
"5111","tunisieannonce_c15fa88161e2","tunisieannonce","350.0","100.0","4","Cite El Bassatine1","TUNIS","north","Rent","Villa","2026-04-06T12:26:28.025539","new","","","90"
"5112","tunisieannonce_c1e705a70abf","tunisieannonce","140000.0","450.0","","Borj Touil","TUNIS","north","Sale","Land","2026-04-06T15:02:07.425949","new","","","90"
"5113","tunisieannonce_c19ddfc90149","tunisieannonce","1200.0","200.0","2","Mtorrech","TUNIS","north","Rent","Villa","2026-04-06T17:35:23.395792","new","","","90"
"5114","tunisieannonce_c2dde2ab88e7","tunisieannonce","1100.0","303.0","2","Sahloul","TUNIS","north","Sale","Land","2026-04-06T10:25:02.573621","new","","","80"
"5115","tunisieannonce_c1f9dae2f848","tunisieannonce","","2026.0","","Hammamet","TUNIS","north","Rent","Villa","2026-04-06T14:57:24.397430","new","","","65"
"5116","tunisieannonce_c3cfa392e2e2","tunisieannonce","400.0","25.0","1","Borj Cedria","TUNIS","north","Rent","Apartment","2026-04-06T11:15:03.509730","new","","","90"
"5117","tunisieannonce_c51f09e4e6fc","tunisieannonce","1200.0","104.0","3","Jardins D'El Menzah","TUNIS","north","Rent","Apartment","2026-04-06T14:53:16.718836","new","","","90"
"5118","tunisieannonce_c524df88b6b0","tunisieannonce","1500.0","220.0","3","El Kantaoui","TUNIS","north","Sale","Apartment","2026-04-06T17:36:15.755165","new","","","80"
"5119","tunisieannonce_c5c57264984e","tunisieannonce","600.0","60.0","1","El Charguia","TUNIS","north","Sale","Commercial","2026-04-06T17:18:36.558389","new","","","75"
"5120","tunisieannonce_c62c652d0976","tunisieannonce","8600.0","650.0","9","Charguia 2","TUNIS","north","Sale","Commercial","2026-04-06T14:47:50.203183","new","","","80"
"5121","tunisieannonce_c69e13f270d4","tunisieannonce","200000.0","63.0","1","Cite Ennasr 2","TUNIS","north","Sale","Apartment","2026-04-06T15:07:03.320221","new","","","100"
"5122","tunisieannonce_c786d9b20328","tunisieannonce","1100.0","296.0","3","El Kantaoui","TUNIS","north","Sale","Apartment","2026-04-06T17:45:57.600082","new","","","80"
"5123","tunisieannonce_c70691ebe7f0","tunisieannonce","800.0","120.0","1","Hammam Sousse","TUNIS","north","Rent","Apartment","2026-04-06T14:53:27.293468","new","","","90"
"5124","tunisieannonce_c8b6d20fdb6e","tunisieannonce","1500.0","150.0","3","Cite Ennkhilet","TUNIS","north","Rent","Apartment","2026-04-06T14:09:16.851160","new","","","90"
"5125","tunisieannonce_c8b1831c4afe","tunisieannonce","2100.0","160.0","3","El Menzah 4","TUNIS","north","Rent","Apartment","2026-04-06T11:02:42.313495","new","","","90"
"5126","tunisieannonce_c9c8d9abc72f","tunisieannonce","600.0","130.0","2","Sidi Boulbaba","TUNIS","north","Rent","Villa","2026-04-06T10:24:07.591586","new","","","90"
"5127","tunisieannonce_cb156f1e4869","tunisieannonce","30000.0","25.0","4","La Mannouba","TUNIS","north","Sale","Commercial","2026-04-06T14:12:05.974105","new","","","95"
"5128","tunisieannonce_cbee5feea895","tunisieannonce","2000.0","154.0","3","El Aouina","TUNIS","north","Rent","Apartment","2026-04-06T15:16:13.591377","new","","","85"
"5129","tunisieannonce_cee2df0ea2de","tunisieannonce","780000.0","204.0","3","Chaabet El Mrezga","TUNIS","north","Sale","Land","2026-04-06T14:19:05.959930","new","","","95"
"5130","tunisieannonce_cf5c1d3a77bb","tunisieannonce","1600.0","134.0","1","Sahloul","TUNIS","north","Rent","Apartment","2026-04-06T15:02:52.086601","new","","","90"
"5131","tunisieannonce_d0fd8086fdeb","tunisieannonce","135000.0","115.0","3","Cite Ettaamir","TUNIS","north","Sale","Apartment","2026-04-06T17:30:18.671149","new","","","100"
"5132","tunisieannonce_d0ebe66a1b58","tunisieannonce","1790.0","568.0","3","Mutuelle Ville","TUNIS","north","Sale","Villa","2026-04-06T12:21:08.601740","new","","","80"
"5133","tunisieannonce_d17d710bdd39","tunisieannonce","240000.0","300.0","","Raoued","TUNIS","north","Sale","Villa","2026-04-06T12:18:50.050989","new","","","85"
"5134","tunisieannonce_d23b38f36e34","tunisieannonce","950000.0","184.0","1","Jardins De Carthage","TUNIS","north","Sale","Apartment","2026-04-06T15:20:47.679403","new","","","100"
"5135","tunisieannonce_d293424f2d34","tunisieannonce","750000.0","500.0","","Hammamet","TUNIS","north","Sale","Land","2026-04-06T17:27:55.119628","new","","","60"
"5136","tunisieannonce_d39793b33a2d","tunisieannonce","1200.0","80.0","2","Le Bardo","TUNIS","north","Sale","Commercial","2026-04-06T17:43:39.079607","new","","","75"
"5137","tunisieannonce_d5f7bba52ebb","tunisieannonce","1300.0","130.0","1","Cite Ennasr 2","TUNIS","north","Rent","Villa","2026-04-06T12:23:47.593304","new","","","90"
"5138","tunisieannonce_d791f5dbc32e","tunisieannonce","1400.0","2026.0","3","El Menzah 9","TUNIS","north","Rent","Apartment","2026-04-06T17:47:40.542542","new","","","80"
"5139","tunisieannonce_d83938bf9429","tunisieannonce","800.0","75.0","","Ariana","TUNIS","north","Sale","Commercial","2026-04-06T15:01:16.919803","new","","","70"
"5140","tunisieannonce_d9111200f681","tunisieannonce","156000.0","82.0","2","Borj Cedria","TUNIS","north","Sale","Apartment","2026-04-06T15:22:14.144430","new","","","100"
"5141","tunisieannonce_d9b68400c595","tunisieannonce","9500.0","","","Cite Industrielle","TUNIS","north","Sale","Commercial","2026-04-06T12:12:08.234019","new","","","50"
"5142","tunisieannonce_da4a06fe9b76","tunisieannonce","1200.0","2026.0","2","Cite Ennasr 2","TUNIS","north","Rent","Apartment","2026-04-06T11:10:48.794435","new","","","80"
"5143","tunisieannonce_dd85b97b9214","tunisieannonce","500000.0","350.0","","Ezzahra","TUNIS","north","Sale","Other","2026-04-06T15:13:11.813932","new","","","90"
"5144","tunisieannonce_dd073c31419d","tunisieannonce","350000.0","100.0","2","Hammamet","TUNIS","north","Sale","Apartment","2026-04-06T11:31:11.889516","new","","","100"
"5145","tunisieannonce_de0fd9f6879f","tunisieannonce","800.0","90.0","2","Bab Bhar","TUNIS","north","Rent","Villa","2026-04-06T15:12:42.169436","new","","","85"
"5146","tunisieannonce_de0b20b93a19","tunisieannonce","350000.0","450.0","3","Kalaa Essghira","TUNIS","north","Sale","Other","2026-04-06T14:59:31.596564","new","","","95"
"5147","tunisieannonce_de48fa944175","tunisieannonce","750000.0","300.0","2","Hammamet","TUNIS","north","Sale","Land","2026-04-06T11:30:08.711932","new","","","100"
"5148","tunisieannonce_deec0506b07b","tunisieannonce","500.0","64.0","2","Le Kram Ouest","TUNIS","north","Rent","Villa","2026-04-06T17:26:40.313521","new","","","85"
"5149","tunisieannonce_dffdbd36eee9","tunisieannonce","2200.0","","3","Jardins De Carthage","TUNIS","north","Rent","Apartment","2026-04-06T12:05:36.361044","new","","","55"
"5150","tunisieannonce_e0fb69e107ca","tunisieannonce","1111.0","350.0","5","Hammamet","TUNIS","north","Rent","Villa","2026-04-06T10:41:40.551804","new","","","90"
"5151","tunisieannonce_e24a38ad6539","tunisieannonce","84000.0","38.0","3","El Mourouj","TUNIS","north","Sale","Commercial","2026-04-06T12:28:41.593608","new","","","100"
"5152","tunisieannonce_e2d4bb6364c1","tunisieannonce","468000.0","468.0","","Hammamet","TUNIS","north","Sale","Land","2026-04-06T14:56:12.746124","new","","","90"
"5153","tunisieannonce_e307d7b03cdc","tunisieannonce","700.0","100.0","3","Cite Mezriou","TUNIS","north","Rent","Apartment","2026-04-06T12:23:37.004139","new","","","85"
"5154","tunisieannonce_e3e6f8ce6a68","tunisieannonce","1111.0","65.0","2","Nouvelle Medina","TUNIS","north","Rent","Apartment","2026-04-06T15:12:08.081234","new","","","85"
"5155","tunisieannonce_e43816d9935c","tunisieannonce","650000.0","220.0","2","Hammamet","TUNIS","north","Sale","Land","2026-04-06T12:25:15.758649","new","","","100"
"5156","tunisieannonce_e96d6bf3cde0","tunisieannonce","1212.0","60.0","1","Tabarka","TUNIS","north","Rent","Apartment","2026-04-06T14:19:37.331601","new","","","85"
"5157","tunisieannonce_e9361eb18ef5","tunisieannonce","650.0","80.0","2","Bizerte","TUNIS","north","Rent","Apartment","2026-04-06T10:23:26.425646","new","","","90"
"5158","tunisieannonce_e8924c3c4efa","tunisieannonce","850.0","65.0","3","El Menzah 7","TUNIS","north","Rent","Apartment","2026-04-06T14:24:23.748478","new","","","90"
"5159","tunisieannonce_ebefe1bf8f05","tunisieannonce","180.0","50.0","1","El Omrane Superieur","TUNIS","north","Rent","Apartment","2026-04-06T17:27:17.123032","new","","","90"
"5160","tunisieannonce_edfe2b386555","tunisieannonce","55580.0","300.0","","Berge Du Lac","TUNIS","north","Sale","Commercial","2026-04-06T13:00:34.554211","new","","","90"
"5161","tunisieannonce_edc46e693ac5","tunisieannonce","1000.0","90.0","3","El Manar 2","TUNIS","north","Sale","Commercial","2026-04-06T17:43:22.612726","new","","","75"
"5162","tunisieannonce_edbbcda9cf7b","tunisieannonce","18000.0","59.0","","El Menzah 7","TUNIS","north","Sale","Commercial","2026-04-06T13:00:01.753954","new","","","90"
"5163","tunisieannonce_eeb5c1af37e1","tunisieannonce","450.0","48.0","2","Hammamet","TUNIS","north","Rent","Other","2026-04-06T14:22:09.986495","new","","","90"
"5164","tunisieannonce_eeac308d78b6","tunisieannonce","950.0","80.0","3","El Manar 1","TUNIS","north","Rent","Apartment","2026-04-06T10:57:38.016260","price_down","-50.0","-5.0","90"
"5165","tunisieannonce_ee746b3e455d","tunisieannonce","120000.0","75.0","1","Cite Sidi Nasser","TUNIS","north","Sale","Villa","2026-04-06T12:17:59.465569","new","","","100"
"5166","tunisieannonce_ef21bb23683c","tunisieannonce","620.0","90.0","2","Ben Arous","TUNIS","north","Rent","Commercial","2026-04-06T14:55:37.498213","new","","","90"
"5167","tunisieannonce_ef905fb69fe1","tunisieannonce","950.0","75.0","3","Cite Ennasr 2","TUNIS","north","Rent","Apartment","2026-04-06T11:02:55.342361","new","","","90"
"5168","tunisieannonce_ef33373b1809","tunisieannonce","1900.0","68.0","1","Cite Jardins","TUNIS","north","Sale","Commercial","2026-04-06T12:11:24.717798","new","","","80"
"5169","tunisieannonce_f0428dd133c9","tunisieannonce","1180.0","446.0","3","Zone Hoteliere","TUNIS","north","Sale","Land","2026-04-06T15:15:46.183761","new","","","50"
"5170","tunisieannonce_f0fe6de79eef","tunisieannonce","700.0","89.0","2","Khaznadar","TUNIS","north","Rent","Apartment","2026-04-06T14:32:28.378228","new","","","85"
"5171","tunisieannonce_f102e7831f5e","tunisieannonce","600000.0","185.0","3","Chotrana 1","TUNIS","north","Sale","Apartment","2026-04-06T10:29:25.894066","new","","","100"
"5172","tunisieannonce_f1730039d570","tunisieannonce","1050.0","60.0","1","Cite Ennasr 2","TUNIS","north","Rent","Apartment","2026-04-06T14:08:52.335095","new","","","90"
"5173","tunisieannonce_f1ba5d16910c","tunisieannonce","6500.0","","3","El Kantaoui","TUNIS","north","Sale","Land","2026-04-06T14:52:05.060381","new","","","85"
"5174","tunisieannonce_f33897979d9a","tunisieannonce","550.0","76.0","1","Ariana","TUNIS","north","Rent","Villa","2026-04-06T12:33:02.747628","new","","","90"
"5175","tunisieannonce_f511a11da1ea","tunisieannonce","2600.0","300.0","","El Kantaoui","TUNIS","north","Sale","Land","2026-04-06T10:53:18.217500","new","","","70"
"5176","tunisieannonce_f49634729007","tunisieannonce","450.0","45.0","1","Ariana","TUNIS","north","Rent","Apartment","2026-04-06T12:33:13.800488","new","","","90"
"5177","tunisieannonce_f44d75b4d2a7","tunisieannonce","80000.0","60.0","2","Cite Touristique","TUNIS","north","Sale","Apartment","2026-04-06T15:00:44.876305","new","","","100"
"5178","tunisieannonce_f53f2182cf6c","tunisieannonce","450.0","80.0","2","El Mourouj","TUNIS","north","Rent","Apartment","2026-04-06T15:10:27.878921","new","","","85"
"5179","tunisieannonce_f71cc7c96823","tunisieannonce","800.0","80.0","2","Hammam Sousse","TUNIS","north","Rent","Apartment","2026-04-06T15:03:54.757097","new","","","85"
"5180","tunisieannonce_f758f038ec33","tunisieannonce","2000.0","","3","Jardins De Carthage","TUNIS","north","Rent","Apartment","2026-04-06T12:05:14.738934","new","","","85"
"5181","tunisieannonce_f77e32a9f2ad","tunisieannonce","950.0","64.0","3","Cite Ennasr 2","TUNIS","north","Rent","Other","2026-04-06T15:07:15.575657","new","","","90"
"5182","tunisieannonce_f76a2d4aaf1b","tunisieannonce","1200.0","980.0","2","Cite De La Plage 2","TUNIS","north","Sale","Villa","2026-04-06T11:36:05.560527","new","","","75"
"5183","tunisieannonce_f91511d7b3df","tunisieannonce","170000.0","1000.0","","Sidi Thabet","TUNIS","north","Sale","Land","2026-04-06T17:26:07.867859","new","","","90"
"5184","tunisieannonce_fa457f6c9b3c","tunisieannonce","1200.0","35.0","2","Borj Cedria","TUNIS","north","Rent","Commercial","2026-04-06T11:53:42.590731","new","","","90"
"5185","tunisieannonce_fd9ac8135b58","tunisieannonce","1050.0","420.0","3","Hammamet","TUNIS","north","Sale","Land","2026-04-06T14:56:25.525549","new","","","80"
"5186","tunisieannonce_fdcc67e74fca","tunisieannonce","1000.0","100.0","3","Borj El Baccouche","TUNIS","north","Rent","Other","2026-04-06T12:27:48.493401","new","","","85"
"5187","verdar_131071","verdar","552000.0","460.0","","","","","Sale","Land","2026-04-06T17:51:20.982502","new","","","5"
"5188","verdar_40687","verdar","335000.0","5000.0","","","","","Sale","Land","2026-04-06T17:51:45.118542","new","","","25"
